// Created by Crowbar 0.74
version 1
nodes
  0 "root" -1
  1 "Bone01" 0
  2 "Bone_Lefthand" 1
  3 "Bone13" 2
  4 "Bone14" 3
  5 "Bone15" 4
  6 "ValveBiped.Bip01_L_Finger32" 5
  7 "ValveBiped.Bip01_L_Finger31" 4
  8 "ValveBiped.Bip01_L_Finger3" 3
  9 "Bone17" 2
  10 "Bone18" 9
  11 "Bone19" 10
  12 "ValveBiped.Bip01_L_Finger22" 11
  13 "ValveBiped.Bip01_L_Finger21" 10
  14 "ValveBiped.Bip01_L_Finger2" 9
  15 "Bone21" 2
  16 "Bone22" 15
  17 "Bone23" 16
  18 "ValveBiped.Bip01_L_Finger12" 17
  19 "ValveBiped.Bip01_L_Finger11" 16
  20 "ValveBiped.Bip01_L_Finger1" 15
  21 "Bone09" 2
  22 "Bone10" 21
  23 "Bone11" 22
  24 "ValveBiped.Bip01_L_Finger42" 23
  25 "ValveBiped.Bip01_L_Finger41" 22
  26 "ValveBiped.Bip01_L_Finger4" 21
  27 "Bone05" 2
  28 "Bone06" 27
  29 "Bone07" 28
  30 "ValveBiped.Bip01_L_Finger02" 29
  31 "ValveBiped.Bip01_L_Finger01" 28
  32 "ValveBiped.Bip01_L_Finger0" 27
  33 "ValveBiped.Bip01_L_Hand" 2
  34 "Bone_L_Upper" 1
  35 "ValveBiped.Bip01_L_UpperArm" 34
  36 "ValveBiped.Bip01_L_Forearm" 1
  37 "Bone04" 0
  38 "Bone_Righthand" 37
  39 "Bone39" 38
  40 "Bone40" 39
  41 "Bone41" 40
  42 "ValveBiped.Bip01_R_Finger32" 41
  43 "ValveBiped.Bip01_R_Finger31" 40
  44 "ValveBiped.Bip01_R_Finger3" 39
  45 "Bone35" 38
  46 "Bone36" 45
  47 "Bone37" 46
  48 "ValveBiped.Bip01_R_Finger22" 47
  49 "ValveBiped.Bip01_R_Finger21" 46
  50 "ValveBiped.Bip01_R_Finger2" 45
  51 "Bone31" 38
  52 "Bone32" 51
  53 "Bone33" 52
  54 "ValveBiped.Bip01_R_Finger12" 53
  55 "ValveBiped.Bip01_R_Finger11" 52
  56 "ValveBiped.Bip01_R_Finger1" 51
  57 "Bone43" 38
  58 "Bone44" 57
  59 "Bone45" 58
  60 "ValveBiped.Bip01_R_Finger42" 59
  61 "ValveBiped.Bip01_R_Finger41" 58
  62 "ValveBiped.Bip01_R_Finger4" 57
  63 "Bone27" 38
  64 "Bone28" 63
  65 "Bone29" 64
  66 "ValveBiped.Bip01_R_Finger02" 65
  67 "ValveBiped.Bip01_R_Finger01" 64
  68 "ValveBiped.Bip01_R_Finger0" 63
  69 "ValveBiped.Bip01_R_Hand" 38
  70 "Bone_R_Upper" 37
  71 "ValveBiped.Bip01_R_UpperArm" 70
  72 "ValveBiped.Bip01_R_Forearm" 37
  73 "Bone_Se_Hand-L" 2
  74 "Bone_Se_Hand-R" 38
  75 "Bone25" 2
  76 "Bone48" 2
  77 "Bone50" 2
  78 "Bone52" 2
end
skeleton
  time 0
    0 1.629157 0.000000 0.541027 0.000000 0.000000 -1.570796
    1 -4.205934 9.125465 -10.411911 5.508798 -1.331341 -4.145005
    2 -0.005512 -10.701926 -0.006478 0.347483 -0.125232 -0.169447
    3 -0.648679 -3.626730 -0.341545 -1.003497 0.000001 -0.122197
    4 -0.006990 -1.503230 0.002508 -1.090800 -0.000001 -0.000002
    5 0.001444 -0.954641 -0.003577 -1.343863 0.000000 0.000000
    6 0.007988 0.172184 -0.118553 -1.598091 -0.216549 -1.570593
    7 0.080660 0.135929 -0.203919 -1.506824 -0.066185 -1.662786
    8 0.117288 -0.155554 -0.604544 -1.412988 -0.374558 -1.569222
    9 0.132836 -3.762102 -0.343868 -0.890119 -0.000021 -0.148339
    10 -0.006790 -1.563353 0.002820 -1.212966 0.000000 -0.000003
    11 -0.002891 -1.160038 0.002748 -1.483442 0.000000 0.000000
    12 -0.018589 0.129953 -0.123721 -1.294580 0.001302 -1.635383
    13 -0.006160 0.170065 -0.110169 -1.280084 -0.068681 -1.597215
    14 0.047100 -0.104074 -0.352264 -1.243368 -0.257298 -1.694346
    15 0.953860 -3.617903 -0.344216 -0.235603 -0.000017 0.130915
    16 -0.017794 -1.596358 -0.003443 -0.349016 0.000000 0.000000
    17 -0.006735 -0.941812 0.003159 -0.593394 0.000000 -0.000001
    18 -0.022325 0.045424 -0.038284 -1.125544 -0.129230 -1.681412
    19 -0.042900 -0.061274 -0.071212 -1.124462 -0.060454 -1.586099
    20 0.063741 -0.109104 -0.248158 -1.142813 -0.125805 -1.693583
    21 -1.407251 -3.245525 -0.346207 -0.933748 0.000004 -0.087274
    22 0.006279 -1.202057 0.005877 -0.610840 -0.000003 -0.000007
    23 -0.020050 -0.793311 0.006185 -1.212969 0.000001 0.000004
    24 -0.011721 0.093267 0.017949 -1.687855 -0.079155 -1.575164
    25 0.048863 -0.085541 0.028626 -1.715605 -0.034569 -1.653190
    26 0.173918 -0.198416 -0.336163 -1.668104 -0.422317 -1.710956
    27 0.442881 -0.490226 0.392416 0.342061 -0.443503 -1.083940
    28 2.352359 0.010252 0.001103 -0.305419 -0.000013 -0.401395
    29 1.249212 0.004522 -0.002867 -0.000016 0.000022 -0.488658
    30 -0.267709 0.037512 -0.093907 2.913812 -0.143386 0.078467
    31 -0.029266 0.205408 -0.329287 2.788574 -0.255486 -0.188917
    32 0.204373 0.521055 -0.268577 2.886669 0.042206 -0.230367
    33 0.195697 -0.010059 -0.293538 -1.333586 0.150863 -1.672749
    34 1.257181 8.762590 -0.153713 -1.570562 0.002683 -1.566808
    35 -0.093500 -0.114213 -0.738866 -1.570842 0.061811 0.002096
    36 0.010843 0.093624 -0.081439 -3.141462 0.041719 -1.568236
    37 12.717909 -1.414736 -12.888395 -0.555015 0.255044 2.219472
    38 0.104748 -10.673144 -0.005453 0.512925 0.031451 0.240376
    39 0.549521 -3.646670 -0.341066 -1.727203 -0.046218 -0.024594
    40 0.021778 -1.503640 0.001039 -0.427585 0.000001 -0.000004
    41 0.008139 -0.932386 -0.000677 -0.453755 -0.000002 -0.000001
    42 0.006928 0.005329 -0.181358 -1.528500 -0.248579 -1.611362
    43 -0.052313 0.038589 -0.230757 -1.592493 -0.043415 -1.528515
    44 -0.232600 -0.209656 -0.420669 -1.713790 -0.167173 -1.438930
    45 -0.218280 -3.737618 -0.346082 -1.692968 -0.000005 -0.000020
    46 0.019801 -1.582373 0.006170 -0.253062 0.000020 -0.000009
    47 0.000478 -1.172547 0.000249 -0.532289 0.000021 0.000018
    48 -0.038065 0.069166 -0.159883 -1.816986 0.066178 -1.575392
    49 -0.025151 0.088762 -0.068837 -1.817843 0.044510 -1.568287
    50 -0.102916 -0.186983 -0.272246 -1.833683 -0.232962 -1.472375
    51 -1.034178 -3.578138 -0.343160 -1.396234 0.000019 -0.000003
    52 0.001133 -1.610108 0.002370 -0.445015 0.000003 -0.000002
    53 0.005787 -0.946060 0.000512 -0.445017 0.000001 0.000001
    54 -0.004241 0.043707 -0.080203 -2.014997 -0.186996 -1.460723
    55 0.015383 -0.089136 -0.030010 -2.006083 0.036346 -1.568629
    56 -0.022610 -0.212357 -0.177905 -1.933161 -0.118801 -1.518895
    57 1.305107 -3.227548 -0.342207 -1.508108 -0.078965 -0.038578
    58 0.004502 -1.242324 0.006085 -0.863887 0.000004 0.000009
    59 0.003175 -0.774607 -0.004222 -0.523567 -0.000006 -0.000004
    60 -0.067138 0.063251 -0.010961 -0.899214 -0.014515 -1.600326
    61 -0.151180 -0.007395 -0.070065 -0.913061 -0.118819 -1.408558
    62 -0.178164 -0.244680 -0.357067 -1.159916 -0.384260 -1.556110
    63 -0.391451 -0.459759 0.383766 -0.145127 -0.159881 -2.467089
    64 2.472082 0.027425 0.001225 -0.085507 -0.129465 -0.019897
    65 1.227325 0.009356 -0.005766 -0.000003 -0.000006 0.418880
    66 -0.263409 -0.117640 -0.015659 0.000036 -0.082210 -0.026800
    67 0.007707 -0.334360 -0.191575 0.070788 -0.181563 0.282364
    68 0.225562 -0.567923 -0.420715 0.119895 -0.183798 0.223460
    69 -0.203683 -0.095654 -0.328305 -1.745077 0.075142 -1.515382
    70 -1.393460 8.839182 -0.239439 1.580804 -0.005024 -1.566848
    71 0.036020 0.082815 -0.692656 -1.570769 0.065989 0.001276
    72 -0.088586 0.054020 -0.088594 0.010231 0.033800 -1.560851
    73 0.120153 -0.050270 -0.054489 -2.854024 0.030688 -1.580508
    74 -0.139399 -0.111694 0.014400 0.285395 -0.031353 1.580313
    75 2.295096 -5.257324 0.968839 -1.247039 1.437608 -1.233844
    76 0.738178 -7.079689 1.130307 -1.247039 1.437608 -1.233844
    77 2.398058 -8.977903 1.443857 -1.247039 1.437608 -1.233844
    78 3.923708 -8.234629 1.417453 -1.247039 1.437608 -1.233844
  time 1
    0 1.629157 0.000000 0.541027 0.000000 0.000000 -1.570796
    1 -4.198121 9.129371 -10.419724 5.540712 -1.307739 -4.167341
    2 -0.001605 -10.701926 -0.006478 0.339982 -0.120902 -0.188005
    3 -0.648679 -3.626730 -0.341545 -1.003497 0.000001 -0.122197
    4 -0.006990 -1.507136 0.006415 -1.090800 -0.000001 -0.000002
    5 0.001444 -0.954641 -0.003577 -1.343863 0.000000 0.000000
    6 0.007988 0.172184 -0.118553 -1.598091 -0.216549 -1.570593
    7 0.080660 0.135929 -0.203919 -1.506824 -0.066185 -1.662786
    8 0.117288 -0.155554 -0.604544 -1.412988 -0.374558 -1.569222
    9 0.128930 -3.758196 -0.347774 -0.890091 -0.000021 -0.148339
    10 -0.006790 -1.567259 0.006726 -1.212966 0.000000 -0.000003
    11 -0.006797 -1.160038 0.006655 -1.483442 0.000000 0.000000
    12 -0.018589 0.129953 -0.123721 -1.294580 0.001302 -1.635383
    13 -0.006160 0.170065 -0.110169 -1.280084 -0.068681 -1.597215
    14 0.047100 -0.104074 -0.352264 -1.243368 -0.257298 -1.694346
    15 0.949953 -3.617903 -0.344216 -0.216392 -0.004380 0.139436
    16 -0.021700 -1.596358 -0.007350 -0.368530 0.006604 -0.006424
    17 -0.006735 -0.941812 0.007065 -0.570009 -0.010163 0.005704
    18 -0.022325 0.045424 -0.038284 -1.125544 -0.129230 -1.681412
    19 -0.042900 -0.061274 -0.071212 -1.124462 -0.060454 -1.586099
    20 0.063741 -0.109104 -0.248158 -1.142813 -0.125805 -1.693583
    21 -1.403345 -3.245525 -0.342301 -0.991736 0.000316 -0.113329
    22 0.010185 -1.202057 0.005877 -0.614316 0.001256 -0.000858
    23 -0.020050 -0.797217 0.002278 -1.212969 0.000001 0.000004
    24 -0.011721 0.093267 0.017949 -1.687855 -0.079155 -1.575164
    25 0.048863 -0.085541 0.028626 -1.715605 -0.034569 -1.653190
    26 0.173918 -0.198416 -0.336163 -1.668104 -0.422317 -1.710956
    27 0.442881 -0.486320 0.396323 0.345848 -0.440987 -1.094119
    28 2.352359 0.010252 0.005009 -0.305203 -0.000576 -0.406807
    29 1.249212 0.004522 -0.002867 0.000871 -0.001477 -0.476450
    30 -0.267709 0.037512 -0.093907 2.913812 -0.143386 0.078467
    31 -0.029266 0.205408 -0.329287 2.788574 -0.255486 -0.188917
    32 0.204373 0.521055 -0.268577 2.886669 0.042206 -0.230367
    33 0.195697 -0.010059 -0.293538 -1.333586 0.150863 -1.672749
    34 1.257181 8.762590 -0.153713 -1.570562 0.002683 -1.566808
    35 -0.093500 -0.114213 -0.738866 -1.570842 0.061811 0.002096
    36 0.010843 0.093624 -0.081439 -3.141462 0.041719 -1.568236
    37 12.678845 -1.453800 -12.978242 -0.629366 0.404012 2.122358
    38 0.104748 -10.673144 -0.001547 0.520958 0.015544 0.248745
    39 0.549521 -3.646670 -0.341066 -1.624991 -0.046218 -0.024594
    40 0.021778 -1.507546 0.001039 -0.452701 0.000001 -0.000004
    41 0.012045 -0.928479 -0.004583 -0.461600 -0.000002 -0.000001
    42 0.006928 0.005329 -0.181358 -1.528500 -0.248579 -1.611362
    43 -0.052313 0.038589 -0.230757 -1.592493 -0.043415 -1.528515
    44 -0.232600 -0.209656 -0.420669 -1.713790 -0.167173 -1.438930
    45 -0.218280 -3.737618 -0.346082 -1.592596 -0.000005 -0.000020
    46 0.019801 -1.582373 0.002264 -0.254865 0.000020 -0.000009
    47 0.000478 -1.172547 0.000249 -0.546110 0.000021 0.000018
    48 -0.038065 0.069166 -0.159883 -1.816986 0.066178 -1.575392
    49 -0.025151 0.088762 -0.068837 -1.817843 0.044510 -1.568287
    50 -0.102916 -0.186983 -0.272246 -1.833683 -0.232962 -1.472375
    51 -1.034178 -3.582044 -0.343160 -1.312566 0.000019 -0.000003
    52 0.001133 -1.610108 0.006276 -0.429477 0.000003 -0.000002
    53 0.005787 -0.946060 0.000512 -0.473651 0.000001 0.000001
    54 -0.004241 0.043707 -0.080203 -2.014997 -0.186996 -1.460723
    55 0.015383 -0.089136 -0.030010 -2.006083 0.036346 -1.568629
    56 -0.022610 -0.212357 -0.177905 -1.933161 -0.118801 -1.518895
    57 1.309013 -3.227548 -0.342207 -1.412418 -0.078965 -0.038578
    58 0.000595 -1.242324 0.002179 -0.820944 0.000004 0.000009
    59 0.003175 -0.774607 -0.000316 -0.507047 -0.000006 -0.000004
    60 -0.067138 0.063251 -0.010961 -0.899214 -0.014515 -1.600326
    61 -0.151180 -0.007395 -0.070065 -0.913061 -0.118819 -1.408558
    62 -0.178164 -0.244680 -0.357067 -1.159916 -0.384260 -1.556110
    63 -0.387544 -0.463665 0.383766 -0.139974 -0.156442 -2.492495
    64 2.472082 0.027425 0.001225 -0.083769 -0.125438 -0.041257
    65 1.223419 0.009356 -0.005766 -0.000003 -0.000006 0.383505
    66 -0.263409 -0.117640 -0.015659 0.000036 -0.082210 -0.026800
    67 0.007707 -0.334360 -0.191575 0.070788 -0.181563 0.282364
    68 0.225562 -0.567923 -0.420715 0.119895 -0.183798 0.223460
    69 -0.203683 -0.095654 -0.328305 -1.745077 0.075142 -1.515382
    70 -1.393460 8.839182 -0.239439 1.580804 -0.005024 -1.566848
    71 0.036020 0.082815 -0.692656 -1.570769 0.065989 0.001276
    72 -0.088586 0.054020 -0.088594 0.010231 0.033800 -1.560851
    73 0.120153 -0.050270 -0.054489 -2.854024 0.030688 -1.580508
    74 -0.139399 -0.111694 0.014400 0.285395 -0.031353 1.580313
    75 2.295096 -5.257324 0.968839 -1.247039 1.437608 -1.233844
    76 0.738178 -7.079689 1.130307 -1.243304 1.437608 -1.233844
    77 2.398058 -8.977903 1.443857 -1.247252 1.437608 -1.233844
    78 3.923708 -8.234629 1.417453 -1.247039 1.437608 -1.233844
  time 2
    0 1.629157 0.000000 0.541027 0.000000 0.000000 -1.570796
    1 -4.170777 9.148903 -10.454881 5.573580 -1.278815 -4.188727
    2 -0.001605 -10.698019 -0.002571 0.329967 -0.115735 -0.213647
    3 -0.652586 -3.626730 -0.341545 -1.003497 0.000001 -0.122197
    4 -0.010896 -1.507136 0.006415 -1.090800 -0.000001 -0.000002
    5 0.001444 -0.954641 -0.003577 -1.343863 0.000000 0.000000
    6 0.007988 0.172184 -0.118553 -1.598091 -0.216549 -1.570593
    7 0.080660 0.135929 -0.203919 -1.506824 -0.066185 -1.662786
    8 0.117288 -0.155554 -0.604544 -1.412988 -0.374558 -1.569222
    9 0.128930 -3.758196 -0.343868 -0.890091 -0.000021 -0.148339
    10 -0.006790 -1.567259 0.006726 -1.212966 0.000000 -0.000003
    11 -0.002891 -1.160038 0.002748 -1.483442 0.000000 0.000000
    12 -0.018589 0.129953 -0.123721 -1.294580 0.001302 -1.635383
    13 -0.006160 0.170065 -0.110169 -1.280084 -0.068681 -1.597215
    14 0.047100 -0.104074 -0.352264 -1.243368 -0.257298 -1.694346
    15 0.949953 -3.617903 -0.348122 -0.194292 -0.009593 0.149155
    16 -0.021700 -1.596358 -0.007350 -0.394135 0.015017 -0.015113
    17 -0.006735 -0.937906 0.007065 -0.543981 -0.021656 0.011804
    18 -0.022325 0.045424 -0.038284 -1.125544 -0.129230 -1.681412
    19 -0.042900 -0.061274 -0.071212 -1.124462 -0.060454 -1.586099
    20 0.063741 -0.109104 -0.248158 -1.142813 -0.125805 -1.693583
    21 -1.407251 -3.249431 -0.342301 -1.064234 -0.001422 -0.145783
    22 0.010185 -1.202057 0.005877 -0.618409 0.002790 -0.001900
    23 -0.020050 -0.797217 0.006185 -1.212969 0.000001 0.000004
    24 -0.011721 0.093267 0.017949 -1.687855 -0.079155 -1.575164
    25 0.048863 -0.085541 0.028626 -1.715605 -0.034569 -1.653190
    26 0.173918 -0.198416 -0.336163 -1.668104 -0.422317 -1.710956
    27 0.438974 -0.490226 0.396323 0.349827 -0.437200 -1.105414
    28 2.352359 0.010252 0.005009 -0.304868 -0.001055 -0.412871
    29 1.245306 0.004522 -0.002867 0.002166 -0.003370 -0.457824
    30 -0.267709 0.037512 -0.093907 2.913812 -0.143386 0.078467
    31 -0.029266 0.205408 -0.329287 2.788574 -0.255486 -0.188917
    32 0.204373 0.521055 -0.268577 2.886669 0.042206 -0.230367
    33 0.195697 -0.010059 -0.293538 -1.333586 0.150863 -1.672749
    34 1.257181 8.762590 -0.153713 -1.570562 0.002683 -1.566808
    35 -0.093500 -0.114213 -0.738866 -1.570842 0.061811 0.002096
    36 0.010843 0.093624 -0.081439 -3.141462 0.041719 -1.568236
    37 12.612437 -1.539740 -13.138403 -0.737155 0.556287 1.993854
    38 0.104748 -10.673144 -0.001547 0.532111 -0.002769 0.260247
    39 0.553428 -3.646670 -0.344972 -1.509890 -0.046218 -0.024594
    40 0.025684 -1.503640 0.001039 -0.482788 0.000001 -0.000004
    41 0.012045 -0.928479 -0.004583 -0.470956 -0.000002 -0.000001
    42 0.006928 0.005329 -0.181358 -1.528500 -0.248579 -1.611362
    43 -0.052313 0.038589 -0.230757 -1.592493 -0.043415 -1.528515
    44 -0.232600 -0.209656 -0.420669 -1.713790 -0.167173 -1.438930
    45 -0.218280 -3.741524 -0.346082 -1.480204 -0.000005 -0.000020
    46 0.019801 -1.582373 0.006170 -0.251027 0.000020 -0.000009
    47 0.004384 -1.172547 0.000249 -0.560680 0.000021 0.000018
    48 -0.038065 0.069166 -0.159883 -1.816986 0.066178 -1.575392
    49 -0.025151 0.088762 -0.068837 -1.817843 0.044510 -1.568287
    50 -0.102916 -0.186983 -0.272246 -1.833683 -0.232962 -1.472375
    51 -1.034178 -3.582044 -0.343160 -1.219043 0.000019 -0.000003
    52 0.001133 -1.610108 0.006276 -0.403415 0.000003 -0.000002
    53 0.005787 -0.946060 0.000512 -0.503808 0.000001 0.000001
    54 -0.004241 0.043707 -0.080203 -2.014997 -0.186996 -1.460723
    55 0.015383 -0.089136 -0.030010 -2.006083 0.036346 -1.568629
    56 -0.022610 -0.212357 -0.177905 -1.933161 -0.118801 -1.518895
    57 1.305107 -3.227548 -0.342207 -1.302738 -0.078965 -0.038578
    58 0.004502 -1.242324 0.002179 -0.758681 0.000004 0.000009
    59 0.003175 -0.774607 -0.004222 -0.482602 -0.000006 -0.000004
    60 -0.067138 0.063251 -0.010961 -0.899214 -0.014515 -1.600326
    61 -0.151180 -0.007395 -0.070065 -0.913061 -0.118819 -1.408558
    62 -0.178164 -0.244680 -0.357067 -1.159916 -0.384260 -1.556110
    63 -0.391451 -0.463665 0.379860 -0.134664 -0.152295 -2.518395
    64 2.472082 0.027425 0.001225 -0.081409 -0.121579 -0.070761
    65 1.223419 0.009356 -0.001860 -0.000003 -0.000006 0.348079
    66 -0.263409 -0.117640 -0.015659 0.000036 -0.082210 -0.026800
    67 0.007707 -0.334360 -0.191575 0.070788 -0.181563 0.282364
    68 0.225562 -0.567923 -0.420715 0.119895 -0.183798 0.223460
    69 -0.203683 -0.095654 -0.328305 -1.745077 0.075142 -1.515382
    70 -1.393460 8.839182 -0.239439 1.580804 -0.005024 -1.566848
    71 0.036020 0.082815 -0.692656 -1.570769 0.065989 0.001276
    72 -0.088586 0.054020 -0.088594 0.010231 0.033800 -1.560851
    73 0.120153 -0.050270 -0.054489 -2.854024 0.030688 -1.580508
    74 -0.139399 -0.111694 0.014400 0.285395 -0.031353 1.580313
    75 2.295096 -5.257324 0.968839 -1.247113 1.437608 -1.233844
    76 0.738178 -7.079689 1.130307 -1.233264 1.437608 -1.233844
    77 2.398058 -8.977903 1.443857 -1.248102 1.437608 -1.233844
    78 3.923708 -8.234629 1.417453 -1.247039 1.437608 -1.233844
  time 3
    0 1.629157 0.000000 0.541027 0.000000 0.000000 -1.570796
    1 -4.151245 9.164528 -10.497851 5.603685 -1.247453 -4.206311
    2 -0.001605 -10.701926 -0.002571 0.320685 -0.110120 -0.233098
    3 -0.652586 -3.626730 -0.341545 -1.003497 0.000001 -0.122197
    4 -0.010896 -1.503230 0.002508 -1.090800 -0.000001 -0.000002
    5 0.005351 -0.954641 -0.003577 -1.343863 0.000000 0.000000
    6 0.007988 0.172184 -0.118553 -1.598091 -0.216549 -1.570593
    7 0.080660 0.135929 -0.203919 -1.506824 -0.066185 -1.662786
    8 0.117288 -0.155554 -0.604544 -1.412988 -0.374558 -1.569222
    9 0.128930 -3.762102 -0.347774 -0.890091 -0.000021 -0.148339
    10 -0.006790 -1.567259 0.006726 -1.212966 0.000000 -0.000003
    11 -0.006797 -1.160038 0.002748 -1.483486 0.000000 0.000000
    12 -0.018589 0.129953 -0.123721 -1.294580 0.001302 -1.635383
    13 -0.006160 0.170065 -0.110169 -1.280084 -0.068681 -1.597215
    14 0.047100 -0.104074 -0.352264 -1.243368 -0.257298 -1.694346
    15 0.949953 -3.617903 -0.348122 -0.170083 -0.015597 0.159726
    16 -0.021700 -1.596358 -0.003443 -0.423236 0.024269 -0.025240
    17 -0.002829 -0.937906 0.007065 -0.515748 -0.034360 0.018084
    18 -0.022325 0.045424 -0.038284 -1.125544 -0.129230 -1.681412
    19 -0.042900 -0.061274 -0.071212 -1.124462 -0.060454 -1.586099
    20 0.063741 -0.109104 -0.248158 -1.142813 -0.125805 -1.693583
    21 -1.407251 -3.249431 -0.346207 -1.144191 -0.006060 -0.181401
    22 0.010185 -1.202057 0.005877 -0.622966 0.004467 -0.003075
    23 -0.020050 -0.797217 0.002278 -1.212969 0.000001 0.000004
    24 -0.011721 0.093267 0.017949 -1.687855 -0.079155 -1.575164
    25 0.048863 -0.085541 0.028626 -1.715605 -0.034569 -1.653190
    26 0.173918 -0.198416 -0.336163 -1.668104 -0.422317 -1.710956
    27 0.442881 -0.486320 0.396323 0.353938 -0.432609 -1.117480
    28 2.352359 0.010252 0.005009 -0.304400 -0.001535 -0.419757
    29 1.249212 0.004522 -0.002867 0.003736 -0.005635 -0.434220
    30 -0.267709 0.037512 -0.093907 2.913812 -0.143386 0.078467
    31 -0.029266 0.205408 -0.329287 2.788574 -0.255486 -0.188917
    32 0.204373 0.521055 -0.268577 2.886669 0.042206 -0.230367
    33 0.195697 -0.010059 -0.293538 -1.333586 0.150863 -1.672749
    34 1.257181 8.762590 -0.153713 -1.570562 0.002683 -1.566808
    35 -0.093500 -0.114213 -0.738866 -1.570842 0.061811 0.002096
    36 0.010843 0.093624 -0.081439 -3.141462 0.041719 -1.568236
    37 12.518684 -1.656931 -13.368879 -0.891937 0.700860 1.819601
    38 0.104748 -10.673144 -0.005453 0.545233 -0.022880 0.273611
    39 0.553428 -3.646670 -0.341066 -1.385607 -0.046218 -0.024594
    40 0.021778 -1.503640 0.004946 -0.517277 0.000001 -0.000004
    41 0.008139 -0.928479 -0.004583 -0.481641 -0.000002 -0.000001
    42 0.006928 0.005329 -0.181358 -1.528500 -0.248579 -1.611362
    43 -0.052313 0.038589 -0.230757 -1.592493 -0.043415 -1.528515
    44 -0.232600 -0.209656 -0.420669 -1.713790 -0.167173 -1.438930
    45 -0.218280 -3.737618 -0.346082 -1.359319 -0.000005 -0.000020
    46 0.019801 -1.578467 0.002264 -0.244108 0.000020 -0.000009
    47 0.000478 -1.176453 0.000249 -0.575914 0.000021 0.000018
    48 -0.038065 0.069166 -0.159883 -1.816986 0.066178 -1.575392
    49 -0.025151 0.088762 -0.068837 -1.817843 0.044510 -1.568287
    50 -0.102916 -0.186983 -0.272246 -1.833683 -0.232962 -1.472375
    51 -1.030272 -3.578138 -0.343160 -1.118434 0.000019 -0.000003
    52 0.001133 -1.610108 0.006276 -0.370036 0.000003 -0.000002
    53 0.005787 -0.946060 0.004418 -0.535368 0.000001 0.000001
    54 -0.004241 0.043707 -0.080203 -2.014997 -0.186996 -1.460723
    55 0.015383 -0.089136 -0.030010 -2.006083 0.036346 -1.568629
    56 -0.022610 -0.212357 -0.177905 -1.933161 -0.118801 -1.518895
    57 1.309013 -3.227548 -0.346114 -1.183286 -0.078965 -0.038578
    58 0.004502 -1.242324 0.006085 -0.682314 0.000004 0.000009
    59 0.003175 -0.774607 -0.004222 -0.452421 -0.000006 -0.000004
    60 -0.067138 0.063251 -0.010961 -0.899214 -0.014515 -1.600326
    61 -0.151180 -0.007395 -0.070065 -0.913061 -0.118819 -1.408558
    62 -0.178164 -0.244680 -0.357067 -1.159916 -0.384260 -1.556110
    63 -0.387544 -0.463665 0.383766 -0.129271 -0.147669 -2.544898
    64 2.472082 0.027425 0.001225 -0.078724 -0.117696 -0.105597
    65 1.223419 0.009356 -0.005766 -0.000003 -0.000006 0.312446
    66 -0.263409 -0.117640 -0.015659 0.000036 -0.082210 -0.026800
    67 0.007707 -0.334360 -0.191575 0.070788 -0.181563 0.282364
    68 0.225562 -0.567923 -0.420715 0.119895 -0.183798 0.223460
    69 -0.203683 -0.095654 -0.328305 -1.745077 0.075142 -1.515382
    70 -1.393460 8.839182 -0.239439 1.580804 -0.005024 -1.566848
    71 0.036020 0.082815 -0.692656 -1.570769 0.065989 0.001276
    72 -0.088586 0.054020 -0.088594 0.010231 0.033800 -1.560851
    73 0.120153 -0.050270 -0.054489 -2.854024 0.030688 -1.580508
    74 -0.139399 -0.111694 0.014400 0.285395 -0.031353 1.580313
    75 2.295096 -5.261231 0.968839 -1.247249 1.437608 -1.233844
    76 0.738178 -7.079689 1.130307 -1.219159 1.437608 -1.233844
    77 2.398058 -8.977903 1.443857 -1.249334 1.437608 -1.233844
    78 3.923708 -8.234629 1.417453 -1.247039 1.437608 -1.233844
  time 4
    0 1.629157 0.000000 0.541027 0.000000 0.000000 -1.570796
    1 -4.151245 9.164528 -10.548634 5.629121 -1.216661 -4.219428
    2 -0.001605 -10.701926 -0.002571 0.315488 -0.104132 -0.233066
    3 -0.652586 -3.626730 -0.341545 -1.003497 0.000001 -0.122197
    4 -0.010896 -1.507136 0.002508 -1.090800 -0.000001 -0.000002
    5 0.001444 -0.954641 -0.003577 -1.343863 0.000000 0.000000
    6 0.007988 0.172184 -0.118553 -1.598091 -0.216549 -1.570593
    7 0.080660 0.135929 -0.203919 -1.506824 -0.066185 -1.662786
    8 0.117288 -0.155554 -0.604544 -1.412988 -0.374558 -1.569222
    9 0.132836 -3.762102 -0.343868 -0.890091 -0.000021 -0.148339
    10 -0.002884 -1.567259 0.002820 -1.212966 0.000000 -0.000003
    11 -0.006797 -1.160038 0.006655 -1.483442 0.000000 0.000000
    12 -0.018589 0.129953 -0.123721 -1.294580 0.001302 -1.635383
    13 -0.006160 0.170065 -0.110169 -1.280084 -0.068681 -1.597215
    14 0.047100 -0.104074 -0.352264 -1.243368 -0.257298 -1.694346
    15 0.949953 -3.617903 -0.344216 -0.144424 -0.022225 0.170764
    16 -0.017794 -1.596358 -0.003443 -0.453241 0.033437 -0.035918
    17 -0.006735 -0.937906 0.007065 -0.485819 -0.047998 0.024352
    18 -0.022325 0.045424 -0.038284 -1.125544 -0.129230 -1.681412
    19 -0.042900 -0.061274 -0.071212 -1.124462 -0.060454 -1.586099
    20 0.063741 -0.109104 -0.248158 -1.142813 -0.125805 -1.693583
    21 -1.407251 -3.249431 -0.342301 -1.224652 -0.013622 -0.216864
    22 0.010185 -1.202057 0.005877 -0.627793 0.006241 -0.004297
    23 -0.020050 -0.797217 0.006185 -1.212969 0.000001 0.000004
    24 -0.011721 0.093267 0.017949 -1.687855 -0.079155 -1.575164
    25 0.048863 -0.085541 0.028626 -1.715605 -0.034569 -1.653190
    26 0.173918 -0.198416 -0.336163 -1.668104 -0.422317 -1.710956
    27 0.442881 -0.490226 0.396323 0.358133 -0.427768 -1.130051
    28 2.352359 0.010252 0.001103 -0.303873 -0.002038 -0.427391
    29 1.249212 0.004522 -0.002867 0.005461 -0.008248 -0.406780
    30 -0.267709 0.037512 -0.093907 2.913812 -0.143386 0.078467
    31 -0.029266 0.205408 -0.329287 2.788574 -0.255486 -0.188917
    32 0.204373 0.521055 -0.268577 2.886669 0.042206 -0.230367
    33 0.195697 -0.010059 -0.293538 -1.333586 0.150863 -1.672749
    34 1.257181 8.762590 -0.153713 -1.570562 0.002683 -1.566808
    35 -0.093500 -0.114213 -0.738866 -1.570842 0.061811 0.002096
    36 0.010843 0.093624 -0.081439 -3.141462 0.041719 -1.568236
    37 12.401493 -1.793654 -13.642325 -1.110637 0.821317 1.582293
    38 0.108654 -10.673144 -0.005453 0.559240 -0.044280 0.287920
    39 0.549521 -3.646670 -0.344972 -1.255791 -0.046218 -0.024594
    40 0.021778 -1.503640 0.004946 -0.555701 0.000001 -0.000004
    41 0.008139 -0.928479 -0.004583 -0.493630 -0.000002 -0.000001
    42 0.006928 0.005329 -0.181358 -1.528500 -0.248579 -1.611362
    43 -0.052313 0.038589 -0.230757 -1.592493 -0.043415 -1.528515
    44 -0.232600 -0.209656 -0.420669 -1.713790 -0.167173 -1.438930
    45 -0.214374 -3.737618 -0.346082 -1.233175 -0.000005 -0.000020
    46 0.019801 -1.582373 0.002264 -0.236316 0.000020 -0.000009
    47 0.000478 -1.172547 0.000249 -0.591812 0.000021 0.000018
    48 -0.038065 0.069166 -0.159883 -1.816986 0.066178 -1.575392
    49 -0.025151 0.088762 -0.068837 -1.817843 0.044510 -1.568287
    50 -0.102916 -0.186983 -0.272246 -1.833683 -0.232962 -1.472375
    51 -1.030272 -3.578138 -0.343160 -1.013367 0.000019 -0.000003
    52 0.001133 -1.610108 0.006276 -0.332863 0.000003 -0.000002
    53 0.005787 -0.946060 0.000512 -0.568132 0.000001 0.000001
    54 -0.004241 0.043707 -0.080203 -2.014997 -0.186996 -1.460723
    55 0.015383 -0.089136 -0.030010 -2.006083 0.036346 -1.568629
    56 -0.022610 -0.212357 -0.177905 -1.933161 -0.118801 -1.518895
    57 1.305107 -3.227548 -0.342207 -1.058067 -0.078965 -0.038578
    58 0.000595 -1.242324 0.006085 -0.596812 0.000004 0.000009
    59 0.003175 -0.774607 -0.004222 -0.418674 -0.000006 -0.000004
    60 -0.067138 0.063251 -0.010961 -0.899214 -0.014515 -1.600326
    61 -0.151180 -0.007395 -0.070065 -0.913061 -0.118819 -1.408558
    62 -0.178164 -0.244680 -0.357067 -1.159916 -0.384260 -1.556110
    63 -0.387544 -0.463665 0.383766 -0.123830 -0.142696 -2.572143
    64 2.472082 0.027425 0.001225 -0.075968 -0.113645 -0.142792
    65 1.223419 0.009356 -0.005766 -0.000003 -0.000006 0.276399
    66 -0.263409 -0.117640 -0.015659 0.000036 -0.082210 -0.026800
    67 0.007707 -0.334360 -0.191575 0.070788 -0.181563 0.282364
    68 0.225562 -0.567923 -0.420715 0.119895 -0.183798 0.223460
    69 -0.203683 -0.095654 -0.328305 -1.745077 0.075142 -1.515382
    70 -1.393460 8.839182 -0.239439 1.580804 -0.005024 -1.566848
    71 0.036020 0.082815 -0.692656 -1.570769 0.065989 0.001276
    72 -0.088586 0.054020 -0.088594 0.010231 0.033800 -1.560851
    73 0.120153 -0.050270 -0.054489 -2.854024 0.030688 -1.580508
    74 -0.139399 -0.111694 0.014400 0.285395 -0.031353 1.580313
    75 2.295096 -5.261231 0.968839 -1.247409 1.437608 -1.233844
    76 0.738178 -7.079689 1.130307 -1.202963 1.437608 -1.233844
    77 2.398058 -8.977903 1.443857 -1.250907 1.437608 -1.233844
    78 3.923708 -8.234629 1.417453 -1.247039 1.437608 -1.233844
  time 5
    0 1.629157 0.000000 0.541027 0.000000 0.000000 -1.570796
    1 -4.190309 9.129371 -10.630668 5.648937 -1.189362 -4.228458
    2 -0.001605 -10.698019 -0.002571 0.314977 -0.097457 -0.210025
    3 -0.648679 -3.626730 -0.341545 -1.003497 0.000001 -0.122197
    4 -0.006990 -1.507136 0.006415 -1.090800 -0.000001 -0.000002
    5 0.001444 -0.954641 -0.003577 -1.343863 0.000000 0.000000
    6 0.007988 0.172184 -0.118553 -1.598091 -0.216549 -1.570593
    7 0.080660 0.135929 -0.203919 -1.506824 -0.066185 -1.662786
    8 0.117288 -0.155554 -0.604544 -1.412988 -0.374558 -1.569222
    9 0.128930 -3.758196 -0.343868 -0.890091 -0.000021 -0.148339
    10 -0.002884 -1.563353 0.006726 -1.212966 0.000000 -0.000003
    11 -0.002891 -1.160038 0.002748 -1.483442 0.000000 0.000000
    12 -0.018589 0.129953 -0.123721 -1.294580 0.001302 -1.635383
    13 -0.006160 0.170065 -0.110169 -1.280084 -0.068681 -1.597215
    14 0.047100 -0.104074 -0.352264 -1.243368 -0.257298 -1.694346
    15 0.949953 -3.617903 -0.344216 -0.118034 -0.029368 0.181969
    16 -0.017794 -1.596358 -0.007350 -0.481402 0.041766 -0.046129
    17 -0.006735 -0.941812 0.007065 -0.454779 -0.062440 0.030464
    18 -0.022325 0.045424 -0.038284 -1.125544 -0.129230 -1.681412
    19 -0.042900 -0.061274 -0.071212 -1.124462 -0.060454 -1.586099
    20 0.063741 -0.109104 -0.248158 -1.142813 -0.125805 -1.693583
    21 -1.407251 -3.245525 -0.342301 -1.298797 -0.023138 -0.249018
    22 0.010185 -1.202057 0.001971 -0.632620 0.008003 -0.005556
    23 -0.020050 -0.793311 0.006185 -1.212969 0.000001 0.000004
    24 -0.011721 0.093267 0.017949 -1.687855 -0.079155 -1.575164
    25 0.048863 -0.085541 0.028626 -1.715605 -0.034569 -1.653190
    26 0.173918 -0.198416 -0.336163 -1.668104 -0.422317 -1.710956
    27 0.442881 -0.490226 0.396323 0.362351 -0.423118 -1.142675
    28 2.352359 0.010252 0.001103 -0.303334 -0.002649 -0.435920
    29 1.249212 0.004522 -0.002867 0.007283 -0.011124 -0.376942
    30 -0.267709 0.037512 -0.093907 2.913812 -0.143386 0.078467
    31 -0.029266 0.205408 -0.329287 2.788574 -0.255486 -0.188917
    32 0.204373 0.521055 -0.268577 2.886669 0.042206 -0.230367
    33 0.195697 -0.010059 -0.293538 -1.333586 0.150863 -1.672749
    34 1.257181 8.762590 -0.153713 -1.570562 0.002683 -1.566808
    35 -0.093500 -0.114213 -0.738866 -1.570842 0.061811 0.002096
    36 0.010843 0.093624 -0.081439 -3.141462 0.041719 -1.568236
    37 12.264770 -1.957721 -13.962647 -1.399334 0.896648 1.274842
    38 0.104748 -10.673144 -0.005453 0.573137 -0.066285 0.302122
    39 0.553428 -3.646670 -0.341066 -1.123907 -0.046218 -0.024594
    40 0.021778 -1.503640 0.001039 -0.597803 0.000001 -0.000004
    41 0.012045 -0.928479 -0.000677 -0.506739 -0.000002 -0.000001
    42 0.006928 0.005329 -0.181358 -1.528500 -0.248579 -1.611362
    43 -0.052313 0.038589 -0.230757 -1.592493 -0.043415 -1.528515
    44 -0.232600 -0.209656 -0.420669 -1.713790 -0.167173 -1.438930
    45 -0.214374 -3.737618 -0.346082 -1.105066 -0.000005 -0.000020
    46 0.015894 -1.582373 0.006170 -0.230502 0.000020 -0.000009
    47 0.004384 -1.172547 0.000249 -0.608113 0.000021 0.000018
    48 -0.038065 0.069166 -0.159883 -1.816986 0.066178 -1.575392
    49 -0.025151 0.088762 -0.068837 -1.817843 0.044510 -1.568287
    50 -0.102916 -0.186983 -0.272246 -1.833683 -0.232962 -1.472375
    51 -1.030272 -3.582044 -0.347066 -0.906705 0.000019 -0.000003
    52 0.001133 -1.610108 0.002370 -0.295057 0.000003 -0.000002
    53 0.005787 -0.946060 0.000512 -0.602019 0.000001 0.000001
    54 -0.004241 0.043707 -0.080203 -2.014997 -0.186996 -1.460723
    55 0.015383 -0.089136 -0.030010 -2.006083 0.036346 -1.568629
    56 -0.022610 -0.212357 -0.177905 -1.933161 -0.118801 -1.518895
    57 1.309013 -3.227548 -0.342207 -0.931460 -0.078965 -0.038578
    58 0.000595 -1.242324 0.002179 -0.507286 0.000004 0.000009
    59 0.003175 -0.774607 -0.000316 -0.383445 -0.000006 -0.000004
    60 -0.067138 0.063251 -0.010961 -0.899214 -0.014515 -1.600326
    61 -0.151180 -0.007395 -0.070065 -0.913061 -0.118819 -1.408558
    62 -0.178164 -0.244680 -0.357067 -1.159916 -0.384260 -1.556110
    63 -0.387544 -0.463665 0.379860 -0.118401 -0.137482 -2.600176
    64 2.468175 0.027425 0.001225 -0.073427 -0.109319 -0.179534
    65 1.227325 0.009356 -0.001860 -0.000003 -0.000006 0.239783
    66 -0.263409 -0.117640 -0.015659 0.000036 -0.082210 -0.026800
    67 0.007707 -0.334360 -0.191575 0.070788 -0.181563 0.282364
    68 0.225562 -0.567923 -0.420715 0.119895 -0.183798 0.223460
    69 -0.203683 -0.095654 -0.328305 -1.745077 0.075142 -1.515382
    70 -1.393460 8.839182 -0.239439 1.580804 -0.005024 -1.566848
    71 0.036020 0.082815 -0.692656 -1.570769 0.065989 0.001276
    72 -0.088586 0.054020 -0.088594 0.010231 0.033800 -1.560851
    73 0.120153 -0.050270 -0.054489 -2.854024 0.030688 -1.580508
    74 -0.139399 -0.111694 0.014400 0.285395 -0.031353 1.580313
    75 2.295096 -5.265137 0.968839 -1.247619 1.437608 -1.233844
    76 0.738178 -7.079689 1.130307 -1.186767 1.437608 -1.233844
    77 2.398058 -8.977903 1.443857 -1.252649 1.437608 -1.233844
    78 3.923708 -8.234629 1.417453 -1.247039 1.437608 -1.233844
  time 6
    0 1.629157 0.000000 0.541027 0.000000 0.000000 -1.570796
    1 -4.280155 9.062963 -10.740046 5.665323 -1.164744 -4.234921
    2 -0.001605 -10.698019 -0.002571 0.316914 -0.090140 -0.173724
    3 -0.652586 -3.626730 -0.345451 -1.003497 0.000001 -0.122197
    4 -0.006990 -1.503230 0.002508 -1.090800 -0.000001 -0.000002
    5 0.001444 -0.954641 -0.003577 -1.343863 0.000000 0.000000
    6 0.007988 0.172184 -0.118553 -1.598091 -0.216549 -1.570593
    7 0.080660 0.135929 -0.203919 -1.506824 -0.066185 -1.662786
    8 0.117288 -0.155554 -0.604544 -1.412988 -0.374558 -1.569222
    9 0.128930 -3.758196 -0.347774 -0.890091 -0.000021 -0.148339
    10 -0.006790 -1.563353 0.002820 -1.212966 0.000000 -0.000003
    11 -0.006797 -1.160038 0.006655 -1.483442 0.000000 0.000000
    12 -0.018589 0.129953 -0.123721 -1.294580 0.001302 -1.635383
    13 -0.006160 0.170065 -0.110169 -1.280084 -0.068681 -1.597215
    14 0.047100 -0.104074 -0.352264 -1.243368 -0.257298 -1.694346
    15 0.949953 -3.617903 -0.348122 -0.091584 -0.036834 0.193031
    16 -0.021700 -1.596358 -0.003443 -0.505203 0.048610 -0.054818
    17 -0.006735 -0.941812 0.007065 -0.422973 -0.077372 0.036240
    18 -0.022325 0.045424 -0.038284 -1.125544 -0.129230 -1.681412
    19 -0.042900 -0.061274 -0.071212 -1.124462 -0.060454 -1.586099
    20 0.063741 -0.109104 -0.248158 -1.142813 -0.125805 -1.693583
    21 -1.403345 -3.245525 -0.346207 -1.359898 -0.032774 -0.275061
    22 0.010185 -1.202057 0.005877 -0.637273 0.009705 -0.006766
    23 -0.020050 -0.797217 0.006185 -1.212969 0.000001 0.000004
    24 -0.011721 0.093267 0.017949 -1.687855 -0.079155 -1.575164
    25 0.048863 -0.085541 0.028626 -1.715605 -0.034569 -1.653190
    26 0.173918 -0.198416 -0.336163 -1.668104 -0.422317 -1.710956
    27 0.438974 -0.490226 0.392416 0.366642 -0.419175 -1.155113
    28 2.352359 0.010252 0.005009 -0.302795 -0.003416 -0.445294
    29 1.245306 0.004522 -0.006774 0.009069 -0.014240 -0.345924
    30 -0.267709 0.037512 -0.093907 2.913812 -0.143386 0.078467
    31 -0.029266 0.205408 -0.329287 2.788574 -0.255486 -0.188917
    32 0.204373 0.521055 -0.268577 2.886669 0.042206 -0.230367
    33 0.195697 -0.010059 -0.293538 -1.333586 0.150863 -1.672749
    34 1.257181 8.762590 -0.153713 -1.570562 0.002683 -1.566808
    35 -0.093500 -0.114213 -0.738866 -1.570842 0.061811 0.002096
    36 0.010843 0.093624 -0.081439 -3.141462 0.041719 -1.568236
    37 12.112422 -2.121789 -14.298595 -1.726726 0.907254 0.928268
    38 0.104748 -10.673144 -0.001547 0.585883 -0.088195 0.315189
    39 0.553428 -3.650577 -0.344972 -0.993970 -0.046218 -0.024594
    40 0.025684 -1.507546 0.004946 -0.643115 0.000001 -0.000004
    41 0.008139 -0.928479 -0.004583 -0.520839 -0.000002 -0.000001
    42 0.006928 0.005329 -0.181358 -1.528500 -0.248579 -1.611362
    43 -0.052313 0.038589 -0.230757 -1.592493 -0.043415 -1.528515
    44 -0.232600 -0.209656 -0.420669 -1.713790 -0.167173 -1.438930
    45 -0.214374 -3.737618 -0.346082 -0.978113 -0.000005 -0.000020
    46 0.015894 -1.578467 0.006170 -0.229048 0.000020 -0.000009
    47 0.000478 -1.176453 0.000249 -0.624877 0.000021 0.000018
    48 -0.038065 0.069166 -0.159883 -1.816986 0.066178 -1.575392
    49 -0.025151 0.088762 -0.068837 -1.817843 0.044510 -1.568287
    50 -0.102916 -0.186983 -0.272246 -1.833683 -0.232962 -1.472375
    51 -1.030272 -3.578138 -0.343160 -0.801122 0.000019 -0.000003
    52 0.001133 -1.610108 0.002370 -0.260097 0.000003 -0.000002
    53 0.005787 -0.946060 0.000512 -0.636627 0.000001 0.000001
    54 -0.004241 0.043707 -0.080203 -2.014997 -0.186996 -1.460723
    55 0.015383 -0.089136 -0.030010 -2.006083 0.036346 -1.568629
    56 -0.022610 -0.212357 -0.177905 -1.933161 -0.118801 -1.518895
    57 1.309013 -3.227548 -0.342207 -0.807469 -0.078965 -0.038578
    58 0.004502 -1.242324 0.002179 -0.418599 0.000004 0.000009
    59 0.003175 -0.774607 -0.000316 -0.348903 -0.000006 -0.000004
    60 -0.067138 0.063251 -0.010961 -0.899214 -0.014515 -1.600326
    61 -0.151180 -0.007395 -0.070065 -0.913061 -0.118819 -1.408558
    62 -0.178164 -0.244680 -0.357067 -1.159916 -0.384260 -1.556110
    63 -0.387544 -0.459759 0.379860 -0.112996 -0.132197 -2.629136
    64 2.472082 0.027425 0.001225 -0.071329 -0.104645 -0.213045
    65 1.223419 0.009356 -0.001860 -0.000003 -0.000006 0.202314
    66 -0.263409 -0.117640 -0.015659 0.000036 -0.082210 -0.026800
    67 0.007707 -0.334360 -0.191575 0.070788 -0.181563 0.282364
    68 0.225562 -0.567923 -0.420715 0.119895 -0.183798 0.223460
    69 -0.203683 -0.095654 -0.328305 -1.745077 0.075142 -1.515382
    70 -1.393460 8.839182 -0.239439 1.580804 -0.005024 -1.566848
    71 0.036020 0.082815 -0.692656 -1.570769 0.065989 0.001276
    72 -0.088586 0.054020 -0.088594 0.010231 0.033800 -1.560851
    73 0.120153 -0.050270 -0.054489 -2.854024 0.030688 -1.580508
    74 -0.139399 -0.111694 0.014400 0.285395 -0.031353 1.580313
    75 2.295096 -5.272950 0.968839 -1.247866 1.437608 -1.233844
    76 0.738178 -7.079689 1.130307 -1.172603 1.437608 -1.233844
    77 2.398058 -8.977903 1.443857 -1.254519 1.437608 -1.233844
    78 3.923708 -8.234629 1.417453 -1.247039 1.437608 -1.233844
  time 7
    0 1.629157 0.000000 0.541027 0.000000 0.000000 -1.570796
    1 -4.420784 8.961397 -10.888488 5.679899 -1.140776 -4.239768
    2 -0.001605 -10.698019 -0.002571 0.320567 -0.082748 -0.130689
    3 -0.652586 -3.626730 -0.345451 -1.003497 0.000001 -0.122197
    4 -0.010896 -1.503230 0.002508 -1.090800 -0.000001 -0.000002
    5 0.001444 -0.954641 -0.003577 -1.343863 0.000000 0.000000
    6 0.007988 0.172184 -0.118553 -1.598091 -0.216549 -1.570593
    7 0.080660 0.135929 -0.203919 -1.506824 -0.066185 -1.662786
    8 0.117288 -0.155554 -0.604544 -1.412988 -0.374558 -1.569222
    9 0.128930 -3.758196 -0.347774 -0.890091 -0.000021 -0.148339
    10 -0.006790 -1.567259 0.006726 -1.212966 0.000000 -0.000003
    11 -0.006797 -1.160038 0.006655 -1.483442 0.000000 0.000000
    12 -0.018589 0.129953 -0.123721 -1.294580 0.001302 -1.635383
    13 -0.006160 0.170065 -0.110169 -1.280084 -0.068681 -1.597215
    14 0.047100 -0.104074 -0.352264 -1.243368 -0.257298 -1.694346
    15 0.949953 -3.617903 -0.344216 -0.065794 -0.044432 0.203685
    16 -0.021700 -1.596358 -0.007350 -0.521822 0.053308 -0.060834
    17 -0.006735 -0.941812 0.003159 -0.390967 -0.092653 0.041609
    18 -0.022325 0.045424 -0.038284 -1.125544 -0.129230 -1.681412
    19 -0.042900 -0.061274 -0.071212 -1.124462 -0.060454 -1.586099
    20 0.063741 -0.109104 -0.248158 -1.142813 -0.125805 -1.693583
    21 -1.407251 -3.249431 -0.346207 -1.401410 -0.040228 -0.292426
    22 0.010185 -1.202057 0.005877 -0.641579 0.011263 -0.007893
    23 -0.020050 -0.797217 0.006185 -1.212969 0.000001 0.000004
    24 -0.011721 0.093267 0.017949 -1.687855 -0.079155 -1.575164
    25 0.048863 -0.085541 0.028626 -1.715605 -0.034569 -1.653190
    26 0.173918 -0.198416 -0.336163 -1.668104 -0.422317 -1.710956
    27 0.438974 -0.490226 0.396323 0.370968 -0.416418 -1.166966
    28 2.356266 0.010252 0.005009 -0.302267 -0.004423 -0.455586
    29 1.245306 0.004522 -0.006774 0.010771 -0.017548 -0.315128
    30 -0.267709 0.037512 -0.093907 2.913812 -0.143386 0.078467
    31 -0.029266 0.205408 -0.329287 2.788574 -0.255486 -0.188917
    32 0.204373 0.521055 -0.268577 2.886669 0.042206 -0.230367
    33 0.195697 -0.010059 -0.293538 -1.333586 0.150863 -1.672749
    34 1.257181 8.762590 -0.153713 -1.570562 0.002683 -1.566808
    35 -0.093500 -0.114213 -0.738866 -1.570842 0.061811 0.002096
    36 0.010843 0.093624 -0.081439 -3.141462 0.041719 -1.568236
    37 11.948354 -2.289763 -14.650168 -2.027747 0.851764 0.606825
    38 0.104748 -10.673144 -0.001547 0.596593 -0.109311 0.326367
    39 0.549521 -3.650577 -0.341066 -0.869200 -0.046218 -0.024594
    40 0.021778 -1.507546 0.001039 -0.691275 0.000001 -0.000004
    41 0.008139 -0.928479 -0.004583 -0.535772 -0.000002 -0.000001
    42 0.006928 0.005329 -0.181358 -1.528500 -0.248579 -1.611362
    43 -0.052313 0.038589 -0.230757 -1.592493 -0.043415 -1.528515
    44 -0.232600 -0.209656 -0.420669 -1.713790 -0.167173 -1.438930
    45 -0.218280 -3.741524 -0.346082 -0.855956 -0.000005 -0.000020
    46 0.019801 -1.582373 0.006170 -0.234339 0.000020 -0.000009
    47 0.004384 -1.176453 0.000249 -0.641928 0.000021 0.000018
    48 -0.038065 0.069166 -0.159883 -1.816986 0.066178 -1.575392
    49 -0.025151 0.088762 -0.068837 -1.817843 0.044510 -1.568287
    50 -0.102916 -0.186983 -0.272246 -1.833683 -0.232962 -1.472375
    51 -1.030272 -3.582044 -0.343160 -0.699246 0.000019 -0.000003
    52 0.001133 -1.610108 0.006276 -0.231280 0.000003 -0.000002
    53 0.005787 -0.946060 0.004418 -0.672038 0.000001 0.000001
    54 -0.004241 0.043707 -0.080203 -2.014997 -0.186996 -1.460723
    55 0.015383 -0.089136 -0.030010 -2.006083 0.036346 -1.568629
    56 -0.022610 -0.212357 -0.177905 -1.933161 -0.118801 -1.518895
    57 1.305107 -3.227548 -0.346114 -0.690313 -0.078965 -0.038578
    58 0.000595 -1.242324 0.006085 -0.335932 0.000004 0.000009
    59 0.003175 -0.774607 -0.004222 -0.317240 -0.000006 -0.000004
    60 -0.067138 0.063251 -0.010961 -0.899214 -0.014515 -1.600326
    61 -0.151180 -0.007395 -0.070065 -0.913061 -0.118819 -1.408558
    62 -0.178164 -0.244680 -0.357067 -1.159916 -0.384260 -1.556110
    63 -0.391451 -0.463665 0.383766 -0.107663 -0.127008 -2.659147
    64 2.472082 0.027425 0.001225 -0.069927 -0.099552 -0.240416
    65 1.227325 0.009356 -0.005766 -0.000003 -0.000006 0.163939
    66 -0.263409 -0.117640 -0.015659 0.000036 -0.082210 -0.026800
    67 0.007707 -0.334360 -0.191575 0.070788 -0.181563 0.282364
    68 0.225562 -0.567923 -0.420715 0.119895 -0.183798 0.223460
    69 -0.203683 -0.095654 -0.328305 -1.745077 0.075142 -1.515382
    70 -1.393460 8.839182 -0.239439 1.580804 -0.005024 -1.566848
    71 0.036020 0.082815 -0.692656 -1.570769 0.065989 0.001276
    72 -0.088586 0.054020 -0.088594 0.010231 0.033800 -1.560851
    73 0.120153 -0.050270 -0.054489 -2.854024 0.030688 -1.580508
    74 -0.139399 -0.111694 0.014400 0.285395 -0.031353 1.580313
    75 2.295096 -5.280762 0.968839 -1.248174 1.437608 -1.233844
    76 0.738178 -7.079689 1.130307 -1.162652 1.437608 -1.233844
    77 2.398058 -8.977903 1.443857 -1.256389 1.437608 -1.233844
    78 3.923708 -8.234629 1.417453 -1.247039 1.437608 -1.233844
  time 8
    0 1.629157 0.000000 0.541027 0.000000 0.000000 -1.570796
    1 -4.573133 8.852019 -11.040836 5.692379 -1.118920 -4.243475
    2 -0.005512 -10.698019 -0.002571 0.325097 -0.075699 -0.087543
    3 -0.652586 -3.626730 -0.345451 -1.003497 0.000001 -0.122197
    4 -0.006990 -1.503230 0.002508 -1.090800 -0.000001 -0.000002
    5 0.001444 -0.954641 -0.003577 -1.343863 0.000000 0.000000
    6 0.007988 0.172184 -0.118553 -1.598091 -0.216549 -1.570593
    7 0.080660 0.135929 -0.203919 -1.506824 -0.066185 -1.662786
    8 0.117288 -0.155554 -0.604544 -1.412988 -0.374558 -1.569222
    9 0.128930 -3.758196 -0.347774 -0.890091 -0.000021 -0.148339
    10 -0.006790 -1.567259 0.002820 -1.212966 0.000000 -0.000003
    11 -0.006797 -1.160038 0.002748 -1.483442 0.000000 0.000000
    12 -0.018589 0.129953 -0.123721 -1.294580 0.001302 -1.635383
    13 -0.006160 0.170065 -0.110169 -1.280084 -0.068681 -1.597215
    14 0.047100 -0.104074 -0.352264 -1.243368 -0.257298 -1.694346
    15 0.949953 -3.613996 -0.344216 -0.041261 -0.051935 0.213657
    16 -0.017794 -1.596358 -0.003443 -0.528552 0.055321 -0.063027
    17 -0.006735 -0.941812 0.007065 -0.359252 -0.107945 0.046451
    18 -0.022325 0.045424 -0.038284 -1.125544 -0.129230 -1.681412
    19 -0.042900 -0.061274 -0.071212 -1.124462 -0.060454 -1.586099
    20 0.063741 -0.109104 -0.248158 -1.142813 -0.125805 -1.693583
    21 -1.407251 -3.245525 -0.346207 -1.416742 -0.043176 -0.298754
    22 0.010185 -1.202057 0.005877 -0.645247 0.012605 -0.008863
    23 -0.020050 -0.797217 0.006185 -1.212969 0.000001 0.000004
    24 -0.011721 0.093267 0.017949 -1.687855 -0.079155 -1.575164
    25 0.048863 -0.085541 0.028626 -1.715605 -0.034569 -1.653190
    26 0.173918 -0.198416 -0.336163 -1.668104 -0.422317 -1.710956
    27 0.438974 -0.486320 0.396323 0.375390 -0.415388 -1.177969
    28 2.352359 0.010252 0.005009 -0.301848 -0.005669 -0.466893
    29 1.245306 0.004522 -0.002867 0.012293 -0.020952 -0.285770
    30 -0.267709 0.037512 -0.093907 2.913812 -0.143386 0.078467
    31 -0.029266 0.205408 -0.329287 2.788574 -0.255486 -0.188917
    32 0.204373 0.521055 -0.268577 2.886669 0.042206 -0.230367
    33 0.195697 -0.010059 -0.293538 -1.333586 0.150863 -1.672749
    34 1.257181 8.762590 -0.153713 -1.570562 0.002683 -1.566808
    35 -0.093500 -0.114213 -0.738866 -1.570842 0.061811 0.002096
    36 0.010843 0.093624 -0.081439 -3.141462 0.041719 -1.568236
    37 11.776474 -2.449924 -14.997835 -2.260495 0.748446 0.351935
    38 0.104748 -10.673144 -0.001547 0.604360 -0.128797 0.334628
    39 0.553428 -3.650577 -0.344972 -0.753552 -0.046218 -0.024594
    40 0.021778 -1.503640 0.001039 -0.741714 0.000001 -0.000004
    41 0.012045 -0.928479 -0.004583 -0.551540 -0.000002 -0.000001
    42 0.006928 0.005329 -0.181358 -1.528500 -0.248579 -1.611362
    43 -0.052313 0.038589 -0.230757 -1.592493 -0.043415 -1.528515
    44 -0.232600 -0.209656 -0.420669 -1.713790 -0.167173 -1.438930
    45 -0.218280 -3.737618 -0.346082 -0.741715 -0.000005 -0.000020
    46 0.019801 -1.578467 0.006170 -0.249283 0.000020 -0.000009
    47 0.004384 -1.176453 0.000249 -0.659269 0.000021 0.000018
    48 -0.038065 0.069166 -0.159883 -1.816986 0.066178 -1.575392
    49 -0.025151 0.088762 -0.068837 -1.817843 0.044510 -1.568287
    50 -0.102916 -0.186983 -0.272246 -1.833683 -0.232962 -1.472375
    51 -1.030272 -3.578138 -0.347066 -0.603893 0.000019 -0.000003
    52 0.001133 -1.610108 0.006276 -0.211948 0.000003 -0.000002
    53 0.005787 -0.946060 0.004418 -0.707769 0.000001 0.000001
    54 -0.004241 0.043707 -0.080203 -2.014997 -0.186996 -1.460723
    55 0.015383 -0.089136 -0.030010 -2.006083 0.036346 -1.568629
    56 -0.022610 -0.212357 -0.177905 -1.933161 -0.118801 -1.518895
    57 1.309013 -3.227548 -0.342207 -0.584211 -0.078965 -0.038578
    58 0.000595 -1.242324 0.006085 -0.264325 0.000004 0.000009
    59 0.003175 -0.774607 -0.000316 -0.290517 -0.000006 -0.000004
    60 -0.067138 0.063251 -0.010961 -0.899214 -0.014515 -1.600326
    61 -0.151180 -0.007395 -0.070065 -0.913061 -0.118819 -1.408558
    62 -0.178164 -0.244680 -0.357067 -1.159916 -0.384260 -1.556110
    63 -0.387544 -0.463665 0.379860 -0.102426 -0.122022 -2.690317
    64 2.472082 0.027425 0.001225 -0.069388 -0.093991 -0.258900
    65 1.223419 0.009356 -0.001860 -0.000003 -0.000006 0.124376
    66 -0.263409 -0.117640 -0.015659 0.000036 -0.082210 -0.026800
    67 0.007707 -0.334360 -0.191575 0.070788 -0.181563 0.282364
    68 0.225562 -0.567923 -0.420715 0.119895 -0.183798 0.223460
    69 -0.203683 -0.095654 -0.328305 -1.745077 0.075142 -1.515382
    70 -1.393460 8.839182 -0.239439 1.580804 -0.005024 -1.566848
    71 0.036020 0.082815 -0.692656 -1.570769 0.065989 0.001276
    72 -0.088586 0.054020 -0.088594 0.010231 0.033800 -1.560851
    73 0.120153 -0.050270 -0.054489 -2.854024 0.030688 -1.580508
    74 -0.139399 -0.111694 0.014400 0.285395 -0.031353 1.580313
    75 2.295096 -5.284669 0.968839 -1.248508 1.437608 -1.233844
    76 0.738178 -7.079689 1.130307 -1.158857 1.437608 -1.233844
    77 2.398058 -8.977903 1.443857 -1.258173 1.437608 -1.233844
    78 3.923708 -8.234629 1.417453 -1.247039 1.437608 -1.233844
  time 9
    0 1.629157 0.000000 0.541027 0.000000 0.000000 -1.570796
    1 -4.705949 8.750453 -11.181466 5.702287 -1.100639 -4.245947
    2 -0.001605 -10.698019 -0.002571 0.329469 -0.069427 -0.050827
    3 -0.652586 -3.626730 -0.341545 -1.003497 0.000001 -0.122197
    4 -0.006990 -1.503230 0.002508 -1.090800 -0.000001 -0.000002
    5 0.001444 -0.954641 -0.003577 -1.343863 0.000000 0.000000
    6 0.007988 0.172184 -0.118553 -1.598091 -0.216549 -1.570593
    7 0.080660 0.135929 -0.203919 -1.506824 -0.066185 -1.662786
    8 0.117288 -0.155554 -0.604544 -1.412988 -0.374558 -1.569222
    9 0.128930 -3.758196 -0.343868 -0.890091 -0.000021 -0.148339
    10 -0.002884 -1.567259 0.006726 -1.212966 0.000000 -0.000003
    11 -0.006797 -1.160038 0.006655 -1.483442 0.000000 0.000000
    12 -0.018589 0.129953 -0.123721 -1.294580 0.001302 -1.635383
    13 -0.006160 0.170065 -0.110169 -1.280084 -0.068681 -1.597215
    14 0.047100 -0.104074 -0.352264 -1.243368 -0.257298 -1.694346
    15 0.949953 -3.617903 -0.344216 -0.018718 -0.059042 0.222681
    16 -0.021700 -1.596358 -0.003443 -0.522762 0.054027 -0.060294
    17 -0.006735 -0.941812 0.007065 -0.328230 -0.123082 0.050730
    18 -0.022325 0.045424 -0.038284 -1.125544 -0.129230 -1.681412
    19 -0.042900 -0.061274 -0.071212 -1.124462 -0.060454 -1.586099
    20 0.063741 -0.109104 -0.248158 -1.142813 -0.125805 -1.693583
    21 -1.403345 -3.249431 -0.346207 -1.416559 -0.043140 -0.298694
    22 0.010185 -1.202057 0.005877 -0.648163 0.013648 -0.009631
    23 -0.020050 -0.793311 0.006185 -1.212969 0.000001 0.000004
    24 -0.011721 0.093267 0.017949 -1.687855 -0.079155 -1.575164
    25 0.048863 -0.085541 0.028626 -1.715605 -0.034569 -1.653190
    26 0.173918 -0.198416 -0.336163 -1.668104 -0.422317 -1.710956
    27 0.438974 -0.490226 0.396323 0.379945 -0.416538 -1.187882
    28 2.352359 0.010252 0.001103 -0.301488 -0.007287 -0.479190
    29 1.245306 0.004522 -0.002867 0.013587 -0.024367 -0.259104
    30 -0.267709 0.037512 -0.093907 2.913812 -0.143386 0.078467
    31 -0.029266 0.205408 -0.329287 2.788574 -0.255486 -0.188917
    32 0.204373 0.521055 -0.268577 2.886669 0.042206 -0.230367
    33 0.195697 -0.010059 -0.293538 -1.333586 0.150863 -1.672749
    34 1.257181 8.762590 -0.153713 -1.570562 0.002683 -1.566808
    35 -0.093500 -0.114213 -0.738866 -1.570842 0.061811 0.002096
    36 0.010843 0.093624 -0.081439 -3.141462 0.041719 -1.568236
    37 11.604594 -2.586647 -15.325970 -2.425547 0.620125 0.162586
    38 0.104748 -10.673144 -0.005453 0.608321 -0.145955 0.339299
    39 0.553428 -3.646670 -0.341066 -0.650428 -0.046218 -0.024594
    40 0.025684 -1.507546 0.001039 -0.794276 0.000001 -0.000004
    41 0.008139 -0.928479 -0.004583 -0.567881 -0.000002 -0.000001
    42 0.006928 0.005329 -0.181358 -1.528500 -0.248579 -1.611362
    43 -0.052313 0.038589 -0.230757 -1.592493 -0.043415 -1.528515
    44 -0.232600 -0.209656 -0.420669 -1.713790 -0.167173 -1.438930
    45 -0.214374 -3.737618 -0.346082 -0.638743 -0.000005 -0.000020
    46 0.019801 -1.578467 0.006170 -0.275855 0.000020 -0.000009
    47 0.000478 -1.172547 0.000249 -0.676667 0.000021 0.000018
    48 -0.038065 0.069166 -0.159883 -1.816986 0.066178 -1.575392
    49 -0.025151 0.088762 -0.068837 -1.817843 0.044510 -1.568287
    50 -0.102916 -0.186983 -0.272246 -1.833683 -0.232962 -1.472375
    51 -1.030272 -3.578138 -0.343160 -0.517785 0.000019 -0.000003
    52 0.001133 -1.610108 0.002370 -0.205444 0.000003 -0.000002
    53 0.005787 -0.946060 0.004418 -0.743861 0.000001 0.000001
    54 -0.004241 0.043707 -0.080203 -2.014997 -0.186996 -1.460723
    55 0.015383 -0.089136 -0.030010 -2.006083 0.036346 -1.568629
    56 -0.022610 -0.212357 -0.177905 -1.933161 -0.118801 -1.518895
    57 1.309013 -3.227548 -0.342207 -0.493220 -0.078965 -0.038578
    58 0.000595 -1.242324 0.006085 -0.208712 0.000004 0.000009
    59 0.003175 -0.774607 -0.000316 -0.270969 -0.000006 -0.000004
    60 -0.067138 0.063251 -0.010961 -0.899214 -0.014515 -1.600326
    61 -0.151180 -0.007395 -0.070065 -0.913061 -0.118819 -1.408558
    62 -0.178164 -0.244680 -0.357067 -1.159916 -0.384260 -1.556110
    63 -0.387544 -0.463665 0.383766 -0.097260 -0.117408 -2.722739
    64 2.468175 0.027425 0.001225 -0.069855 -0.087926 -0.265654
    65 1.223419 0.009356 -0.005766 -0.000003 -0.000006 0.083415
    66 -0.263409 -0.117640 -0.015659 0.000036 -0.082210 -0.026800
    67 0.007707 -0.334360 -0.191575 0.070788 -0.181563 0.282364
    68 0.225562 -0.567923 -0.420715 0.119895 -0.183798 0.223460
    69 -0.203683 -0.095654 -0.328305 -1.745077 0.075142 -1.515382
    70 -1.393460 8.839182 -0.239439 1.580804 -0.005024 -1.566848
    71 0.036020 0.082815 -0.692656 -1.570769 0.065989 0.001276
    72 -0.088586 0.054020 -0.088594 0.010231 0.033800 -1.560851
    73 0.120153 -0.050270 -0.054489 -2.854024 0.030688 -1.580508
    74 -0.139399 -0.111694 0.014400 0.285395 -0.031353 1.580313
    75 2.295096 -5.296388 0.968839 -1.248878 1.437608 -1.233844
    76 0.738178 -7.079689 1.130307 -1.163339 1.437608 -1.233844
    77 2.398058 -8.977903 1.443857 -1.259703 1.437608 -1.233844
    78 3.923708 -8.234629 1.417453 -1.247039 1.437608 -1.233844
  time 10
    0 1.629157 0.000000 0.541027 0.000000 0.000000 -1.570796
    1 -4.791889 8.684045 -11.290844 5.709051 -1.087437 -4.247372
    2 -0.005512 -10.701926 -0.002571 0.332624 -0.064126 -0.027147
    3 -0.652586 -3.626730 -0.341545 -1.003497 0.000001 -0.122197
    4 -0.010896 -1.507136 0.002508 -1.090800 -0.000001 -0.000002
    5 0.001444 -0.954641 -0.003577 -1.343863 0.000000 0.000000
    6 0.007988 0.172184 -0.118553 -1.598091 -0.216549 -1.570593
    7 0.080660 0.135929 -0.203919 -1.506824 -0.066185 -1.662786
    8 0.117288 -0.155554 -0.604544 -1.412988 -0.374558 -1.569222
    9 0.128930 -3.758196 -0.343868 -0.890091 -0.000021 -0.148339
    10 -0.006790 -1.567259 0.006726 -1.212966 0.000000 -0.000003
    11 -0.006797 -1.160038 0.002748 -1.483442 0.000000 0.000000
    12 -0.018589 0.129953 -0.123721 -1.294580 0.001302 -1.635383
    13 -0.006160 0.170065 -0.110169 -1.280084 -0.068681 -1.597215
    14 0.047100 -0.104074 -0.352264 -1.243368 -0.257298 -1.694346
    15 0.949953 -3.617903 -0.344216 0.001164 -0.065501 0.230531
    16 -0.021700 -1.596358 -0.003443 -0.492344 0.045973 -0.047962
    17 -0.006735 -0.937906 0.007065 -0.298411 -0.137739 0.054397
    18 -0.022325 0.045424 -0.038284 -1.125544 -0.129230 -1.681412
    19 -0.042900 -0.061274 -0.071212 -1.124462 -0.060454 -1.586099
    20 0.063741 -0.109104 -0.248158 -1.142813 -0.125805 -1.693583
    21 -1.407251 -3.249431 -0.346207 -1.416101 -0.043056 -0.298539
    22 0.006279 -1.202057 0.005877 -0.650036 0.014331 -0.010134
    23 -0.020050 -0.797217 0.002278 -1.212969 0.000001 0.000004
    24 -0.011721 0.093267 0.017949 -1.687855 -0.079155 -1.575164
    25 0.048863 -0.085541 0.028626 -1.715605 -0.034569 -1.653190
    26 0.173918 -0.198416 -0.336163 -1.668104 -0.422317 -1.710956
    27 0.438974 -0.490226 0.396323 0.384643 -0.420409 -1.196333
    28 2.352359 0.010252 0.005009 -0.301272 -0.009313 -0.492575
    29 1.245306 0.004522 -0.002867 0.014606 -0.027735 -0.236643
    30 -0.267709 0.037512 -0.093907 2.913812 -0.143386 0.078467
    31 -0.029266 0.205408 -0.329287 2.788574 -0.255486 -0.188917
    32 0.204373 0.521055 -0.268577 2.886669 0.042206 -0.230367
    33 0.195697 -0.010059 -0.293538 -1.333586 0.150863 -1.672749
    34 1.257181 8.762590 -0.153713 -1.570562 0.002683 -1.566808
    35 -0.093500 -0.114213 -0.738866 -1.570842 0.061811 0.002096
    36 0.010843 0.093624 -0.081439 -3.141462 0.041719 -1.568236
    37 11.428807 -2.703838 -15.622854 -2.539415 0.484505 0.022024
    38 0.104748 -10.673144 -0.001547 0.607657 -0.159950 0.339542
    39 0.549521 -3.646670 -0.341066 -0.563661 -0.046218 -0.024594
    40 0.025684 -1.507546 0.001039 -0.848495 0.000001 -0.000004
    41 0.008139 -0.928479 -0.004583 -0.584717 -0.000002 -0.000001
    42 0.006928 0.005329 -0.181358 -1.528500 -0.248579 -1.611362
    43 -0.052313 0.038589 -0.230757 -1.592493 -0.043415 -1.528515
    44 -0.232600 -0.209656 -0.420669 -1.713790 -0.167173 -1.438930
    45 -0.218280 -3.737618 -0.346082 -0.550448 -0.000005 -0.000020
    46 0.015894 -1.582373 0.006170 -0.317022 0.000020 -0.000009
    47 0.000478 -1.172547 0.000249 -0.694209 0.000021 0.000018
    48 -0.038065 0.069166 -0.159883 -1.816986 0.066178 -1.575392
    49 -0.025151 0.088762 -0.068837 -1.817843 0.044510 -1.568287
    50 -0.102916 -0.186983 -0.272246 -1.833683 -0.232962 -1.472375
    51 -1.030272 -3.578138 -0.343160 -0.443501 0.000019 -0.000003
    52 0.001133 -1.610108 0.002370 -0.215155 0.000003 -0.000002
    53 0.005787 -0.946060 0.000512 -0.780114 0.000001 0.000001
    54 -0.004241 0.043707 -0.080203 -2.014997 -0.186996 -1.460723
    55 0.015383 -0.089136 -0.030010 -2.006083 0.036346 -1.568629
    56 -0.022610 -0.212357 -0.177905 -1.933161 -0.118801 -1.518895
    57 1.305107 -3.227548 -0.342207 -0.421720 -0.078965 -0.038578
    58 0.000595 -1.242324 0.002179 -0.174168 0.000004 0.000009
    59 0.003175 -0.774607 -0.004222 -0.260680 -0.000006 -0.000004
    60 -0.067138 0.063251 -0.010961 -0.899214 -0.014515 -1.600326
    61 -0.151180 -0.007395 -0.070065 -0.913061 -0.118819 -1.408558
    62 -0.178164 -0.244680 -0.357067 -1.159916 -0.384260 -1.556110
    63 -0.391451 -0.463665 0.383766 -0.092203 -0.113321 -2.756567
    64 2.472082 0.027425 0.005131 -0.071437 -0.081299 -0.257963
    65 1.223419 0.009356 -0.005766 -0.000003 -0.000006 0.041007
    66 -0.263409 -0.117640 -0.015659 0.000036 -0.082210 -0.026800
    67 0.007707 -0.334360 -0.191575 0.070788 -0.181563 0.282364
    68 0.225562 -0.567923 -0.420715 0.119895 -0.183798 0.223460
    69 -0.203683 -0.095654 -0.328305 -1.745077 0.075142 -1.515382
    70 -1.393460 8.839182 -0.239439 1.580804 -0.005024 -1.566848
    71 0.036020 0.082815 -0.692656 -1.570769 0.065989 0.001276
    72 -0.088586 0.054020 -0.088594 0.010231 0.033800 -1.560851
    73 0.120153 -0.050270 -0.054489 -2.854024 0.030688 -1.580508
    74 -0.139399 -0.111694 0.014400 0.285395 -0.031353 1.580313
    75 2.295096 -5.304201 0.968839 -1.249297 1.437608 -1.233844
    76 0.738178 -7.079689 1.130307 -1.178161 1.437608 -1.233844
    77 2.398058 -8.977903 1.443857 -1.260978 1.437608 -1.233844
    78 3.923708 -8.234629 1.417453 -1.247039 1.437608 -1.233844
  time 11
    0 1.629157 0.000000 0.541027 0.000000 0.000000 -1.570796
    1 -4.823140 8.656700 -11.349440 5.712576 -1.079515 -4.247848
    2 -0.005512 -10.701926 -0.002571 0.334221 -0.059512 -0.019536
    3 -0.648679 -3.626730 -0.345451 -1.003497 0.000001 -0.122197
    4 -0.006990 -1.507136 0.002508 -1.090800 -0.000001 -0.000002
    5 0.001444 -0.954641 -0.007484 -1.343863 0.000000 0.000000
    6 0.007988 0.172184 -0.118553 -1.598091 -0.216549 -1.570593
    7 0.080660 0.135929 -0.203919 -1.506824 -0.066185 -1.662786
    8 0.117288 -0.155554 -0.604544 -1.412988 -0.374558 -1.569222
    9 0.128930 -3.758196 -0.347774 -0.890091 -0.000021 -0.148339
    10 -0.006790 -1.563353 0.006726 -1.212966 0.000000 -0.000003
    11 -0.002891 -1.160038 0.002748 -1.483442 0.000000 0.000000
    12 -0.018589 0.129953 -0.123721 -1.294580 0.001302 -1.635383
    13 -0.006160 0.170065 -0.110169 -1.280084 -0.068681 -1.597215
    14 0.047100 -0.104074 -0.352264 -1.243368 -0.257298 -1.694346
    15 0.949953 -3.617903 -0.344216 0.017799 -0.071038 0.237003
    16 -0.017794 -1.596358 -0.003443 -0.434967 0.029530 -0.025683
    17 -0.006735 -0.937906 0.003159 -0.270250 -0.151653 0.057441
    18 -0.022325 0.045424 -0.038284 -1.125544 -0.129230 -1.681412
    19 -0.042900 -0.061274 -0.071212 -1.124462 -0.060454 -1.586099
    20 0.063741 -0.109104 -0.248158 -1.142813 -0.125805 -1.693583
    21 -1.407251 -3.245525 -0.342301 -1.415415 -0.042937 -0.298227
    22 0.010185 -1.202057 0.005877 -0.650750 0.014558 -0.010314
    23 -0.020050 -0.797217 0.002278 -1.212969 0.000001 0.000004
    24 -0.011721 0.093267 0.017949 -1.687855 -0.079155 -1.575164
    25 0.048863 -0.085541 0.028626 -1.715605 -0.034569 -1.653190
    26 0.173918 -0.198416 -0.336163 -1.668104 -0.422317 -1.710956
    27 0.442881 -0.490226 0.392416 0.390179 -0.428882 -1.203668
    28 2.352359 0.010252 0.001103 -0.301201 -0.011805 -0.506998
    29 1.249212 0.004522 -0.002867 0.015337 -0.030947 -0.219493
    30 -0.267709 0.037512 -0.093907 2.913812 -0.143386 0.078467
    31 -0.029266 0.205408 -0.329287 2.788574 -0.255486 -0.188917
    32 0.204373 0.521055 -0.268577 2.886669 0.042206 -0.230367
    33 0.195697 -0.010059 -0.293538 -1.333586 0.150863 -1.672749
    34 1.257181 8.762590 -0.153713 -1.570562 0.002683 -1.566808
    35 -0.093500 -0.114213 -0.738866 -1.570842 0.061811 0.002096
    36 0.010843 0.093624 -0.081439 -3.141462 0.041719 -1.568236
    37 11.256927 -2.789778 -15.876768 -2.616724 0.354087 -0.084848
    38 0.108654 -10.673144 -0.005453 0.601506 -0.170081 0.334439
    39 0.549521 -3.650577 -0.341066 -0.496777 -0.046218 -0.024594
    40 0.021778 -1.503640 0.001039 -0.903853 0.000001 -0.000004
    41 0.008139 -0.928479 -0.004583 -0.601944 -0.000002 -0.000001
    42 0.006928 0.005329 -0.181358 -1.528500 -0.248579 -1.611362
    43 -0.052313 0.038589 -0.230757 -1.592493 -0.043415 -1.528515
    44 -0.232600 -0.209656 -0.420669 -1.713790 -0.167173 -1.438930
    45 -0.218280 -3.737618 -0.342176 -0.479892 -0.000005 -0.000020
    46 0.019801 -1.582373 0.006170 -0.375168 0.000020 -0.000009
    47 0.000478 -1.176453 0.000249 -0.711636 0.000021 0.000018
    48 -0.038065 0.069166 -0.159883 -1.816986 0.066178 -1.575392
    49 -0.025151 0.088762 -0.068837 -1.817843 0.044510 -1.568287
    50 -0.102916 -0.186983 -0.272246 -1.833683 -0.232962 -1.472375
    51 -1.030272 -3.578138 -0.343160 -0.383952 0.000019 -0.000003
    52 0.001133 -1.610108 0.002370 -0.244334 0.000003 -0.000002
    53 0.005787 -0.946060 0.004418 -0.816166 0.000001 0.000001
    54 -0.004241 0.043707 -0.080203 -2.014997 -0.186996 -1.460723
    55 0.015383 -0.089136 -0.030010 -2.006083 0.036346 -1.568629
    56 -0.022610 -0.212357 -0.177905 -1.933161 -0.118801 -1.518895
    57 1.305107 -3.227548 -0.342207 -0.373608 -0.078965 -0.038578
    58 0.000595 -1.242324 0.006085 -0.165768 0.000004 0.000009
    59 0.003175 -0.774607 -0.000316 -0.261797 -0.000006 -0.000004
    60 -0.067138 0.063251 -0.010961 -0.899214 -0.014515 -1.600326
    61 -0.151180 -0.007395 -0.070065 -0.913061 -0.118819 -1.408558
    62 -0.178164 -0.244680 -0.357067 -1.159916 -0.384260 -1.556110
    63 -0.391451 -0.463665 0.383766 -0.087217 -0.109882 -2.791925
    64 2.472082 0.027425 0.001225 -0.074182 -0.073964 -0.232822
    65 1.227325 0.009356 -0.005766 -0.000003 -0.000006 -0.003237
    66 -0.263409 -0.117640 -0.015659 0.000036 -0.082210 -0.026800
    67 0.007707 -0.334360 -0.191575 0.070788 -0.181563 0.282364
    68 0.225562 -0.567923 -0.420715 0.119895 -0.183798 0.223460
    69 -0.203683 -0.095654 -0.328305 -1.745077 0.075142 -1.515382
    70 -1.393460 8.839182 -0.239439 1.580804 -0.005024 -1.566848
    71 0.036020 0.082815 -0.692656 -1.570769 0.065989 0.001276
    72 -0.088586 0.054020 -0.088594 0.010231 0.033800 -1.560851
    73 0.120153 -0.050270 -0.054489 -2.854024 0.030688 -1.580508
    74 -0.139399 -0.111694 0.014400 0.285395 -0.031353 1.580313
    75 2.295096 -5.319826 0.972745 -1.249729 1.437608 -1.233844
    76 0.738178 -7.079689 1.130307 -1.205354 1.437608 -1.233844
    77 2.398058 -8.977903 1.443857 -1.261786 1.437608 -1.233844
    78 3.923708 -8.234629 1.417453 -1.247039 1.437608 -1.233844
  time 12
    0 1.629157 0.000000 0.541027 0.000000 0.000000 -1.570796
    1 -4.811421 8.648888 -11.376784 5.713148 -1.075899 -4.247562
    2 -0.005512 -10.698019 -0.002571 0.334876 -0.055376 -0.023972
    3 -0.652586 -3.626730 -0.345451 -1.003497 0.000001 -0.122197
    4 -0.010896 -1.507136 0.002508 -1.090800 -0.000001 -0.000002
    5 0.001444 -0.954641 -0.003577 -1.343863 0.000000 0.000000
    6 0.007988 0.172184 -0.118553 -1.598091 -0.216549 -1.570593
    7 0.080660 0.135929 -0.203919 -1.506824 -0.066185 -1.662786
    8 0.117288 -0.155554 -0.604544 -1.412988 -0.374558 -1.569222
    9 0.128930 -3.758196 -0.347774 -0.890091 -0.000021 -0.148339
    10 -0.006790 -1.567259 0.006726 -1.212966 0.000000 -0.000003
    11 -0.002891 -1.160038 0.006655 -1.483442 0.000000 0.000000
    12 -0.018589 0.129953 -0.123721 -1.294580 0.001302 -1.635383
    13 -0.006160 0.170065 -0.110169 -1.280084 -0.068681 -1.597215
    14 0.047100 -0.104074 -0.352264 -1.243368 -0.257298 -1.694346
    15 0.949953 -3.617903 -0.348122 0.030503 -0.075353 0.241892
    16 -0.021700 -1.596358 -0.003443 -0.362514 0.006771 0.001091
    17 -0.002829 -0.937906 0.007065 -0.244277 -0.164536 0.059934
    18 -0.022325 0.045424 -0.038284 -1.125544 -0.129230 -1.681412
    19 -0.042900 -0.061274 -0.071212 -1.124462 -0.060454 -1.586099
    20 0.063741 -0.109104 -0.248158 -1.142813 -0.125805 -1.693583
    21 -1.407251 -3.245525 -0.346207 -1.414454 -0.042745 -0.297832
    22 0.010185 -1.202057 0.001971 -0.650731 0.014546 -0.010314
    23 -0.020050 -0.793311 0.006185 -1.212969 0.000001 0.000004
    24 -0.011721 0.093267 0.017949 -1.687855 -0.079155 -1.575164
    25 0.048863 -0.085541 0.028626 -1.715605 -0.034569 -1.653190
    26 0.173918 -0.198416 -0.336163 -1.668104 -0.422317 -1.710956
    27 0.438974 -0.490226 0.392416 0.397011 -0.442485 -1.210366
    28 2.352359 0.010252 0.005009 -0.301284 -0.014802 -0.522630
    29 1.245306 0.004522 -0.006774 0.015732 -0.033931 -0.208981
    30 -0.267709 0.037512 -0.093907 2.913812 -0.143386 0.078467
    31 -0.029266 0.205408 -0.329287 2.788574 -0.255486 -0.188917
    32 0.204373 0.521055 -0.268577 2.886669 0.042206 -0.230367
    33 0.195697 -0.010059 -0.293538 -1.333586 0.150863 -1.672749
    34 1.257181 8.762590 -0.153713 -1.570562 0.002683 -1.566808
    35 -0.093500 -0.114213 -0.738866 -1.570842 0.061811 0.002096
    36 0.010843 0.093624 -0.081439 -3.141462 0.041719 -1.568236
    37 11.092859 -2.863999 -16.079899 -2.652462 0.272304 -0.157661
    38 0.104748 -10.673144 -0.001547 0.589003 -0.175762 0.323262
    39 0.549521 -3.650577 -0.341066 -0.445702 -0.046218 -0.024594
    40 0.025684 -1.507546 0.001039 -0.960040 0.000001 -0.000004
    41 0.008139 -0.928479 -0.000677 -0.619431 -0.000002 -0.000001
    42 0.006928 0.005329 -0.181358 -1.528500 -0.248579 -1.611362
    43 -0.052313 0.038589 -0.230757 -1.592493 -0.043415 -1.528515
    44 -0.232600 -0.209656 -0.420669 -1.713790 -0.167173 -1.438930
    45 -0.218280 -3.737618 -0.346082 -0.423148 -0.000005 -0.000020
    46 0.019801 -1.582373 0.006170 -0.432732 0.000020 -0.000009
    47 0.000478 -1.172547 0.000249 -0.728947 0.000021 0.000018
    48 -0.038065 0.069166 -0.159883 -1.816986 0.066178 -1.575392
    49 -0.025151 0.088762 -0.068837 -1.817843 0.044510 -1.568287
    50 -0.102916 -0.186983 -0.272246 -1.833683 -0.232962 -1.472375
    51 -1.030272 -3.578138 -0.347066 -0.335431 0.000019 -0.000003
    52 0.001133 -1.610108 0.002370 -0.281462 0.000003 -0.000002
    53 0.001880 -0.942153 0.004418 -0.852058 0.000001 0.000001
    54 -0.004241 0.043707 -0.080203 -2.014997 -0.186996 -1.460723
    55 0.015383 -0.089136 -0.030010 -2.006083 0.036346 -1.568629
    56 -0.022610 -0.212357 -0.177905 -1.933161 -0.118801 -1.518895
    57 1.305107 -3.227548 -0.346114 -0.345574 -0.078965 -0.038578
    58 0.000595 -1.242324 0.002179 -0.178473 0.000004 0.000009
    59 0.007082 -0.774607 -0.000316 -0.271055 -0.000006 -0.000004
    60 -0.067138 0.063251 -0.010961 -0.899214 -0.014515 -1.600326
    61 -0.151180 -0.007395 -0.070065 -0.913061 -0.118819 -1.408558
    62 -0.178164 -0.244680 -0.357067 -1.159916 -0.384260 -1.556110
    63 -0.391451 -0.463665 0.379860 -0.079847 -0.112339 -2.854590
    64 2.468175 0.027425 0.001225 -0.085351 -0.058540 -0.069533
    65 1.223419 0.009356 -0.005766 -0.000003 -0.000006 -0.049369
    66 -0.263409 -0.117640 -0.015659 0.000036 -0.082210 -0.026800
    67 0.007707 -0.334360 -0.191575 0.070788 -0.181563 0.282364
    68 0.225562 -0.567923 -0.420715 0.119895 -0.183798 0.223460
    69 -0.203683 -0.095654 -0.328305 -1.745077 0.075142 -1.515382
    70 -1.393460 8.839182 -0.239439 1.580804 -0.005024 -1.566848
    71 0.036020 0.082815 -0.692656 -1.570769 0.065989 0.001276
    72 -0.088586 0.054020 -0.088594 0.010231 0.033800 -1.560851
    73 0.120153 -0.050270 -0.054489 -2.854024 0.030688 -1.580508
    74 -0.139399 -0.111694 0.014400 0.285395 -0.031353 1.580313
    75 2.295096 -5.327639 0.972745 -1.250198 1.437608 -1.233844
    76 0.738178 -7.079689 1.130307 -1.247039 1.437608 -1.233844
    77 2.398058 -8.977903 1.443857 -1.262083 1.437608 -1.233844
    78 3.923708 -8.234629 1.417453 -1.247039 1.437608 -1.233844
  time 13
    0 1.629157 0.000000 0.541027 0.000000 0.000000 -1.570796
    1 -4.784077 8.660607 -11.400222 5.712195 -1.076265 -4.246992
    2 -0.001605 -10.698019 -0.002571 0.334928 -0.052120 -0.036306
    3 -0.648679 -3.626730 -0.341545 -1.003531 0.000001 -0.122197
    4 -0.010896 -1.503230 0.006415 -1.090800 -0.000001 -0.000002
    5 0.001444 -0.954641 -0.003577 -1.343863 0.000000 0.000000
    6 0.007988 0.172184 -0.118553 -1.598091 -0.216549 -1.570593
    7 0.080660 0.135929 -0.203919 -1.506824 -0.066185 -1.662786
    8 0.117288 -0.155554 -0.604544 -1.412988 -0.374558 -1.569222
    9 0.128930 -3.758196 -0.343868 -0.890091 -0.000021 -0.148339
    10 -0.006790 -1.563353 0.002820 -1.212966 0.000000 -0.000003
    11 -0.002891 -1.160038 0.006655 -1.483442 0.000000 0.000000
    12 -0.018589 0.129953 -0.123721 -1.294580 0.001302 -1.635383
    13 -0.006160 0.170065 -0.110169 -1.280084 -0.068681 -1.597215
    14 0.047100 -0.104074 -0.352264 -1.243368 -0.257298 -1.694346
    15 0.949953 -3.613996 -0.344216 0.038592 -0.078121 0.244984
    16 -0.017794 -1.596358 -0.007350 -0.286601 -0.019295 0.027481
    17 -0.002829 -0.937906 0.003159 -0.220947 -0.176185 0.061851
    18 -0.022325 0.045424 -0.038284 -1.125544 -0.129230 -1.681412
    19 -0.042900 -0.061274 -0.071212 -1.124462 -0.060454 -1.586099
    20 0.063741 -0.109104 -0.248158 -1.142813 -0.125805 -1.693583
    21 -1.403345 -3.245525 -0.342301 -1.413172 -0.042481 -0.297304
    22 0.010185 -1.202057 0.005877 -0.650673 0.014534 -0.010302
    23 -0.020050 -0.797217 0.006185 -1.212969 0.000001 0.000004
    24 -0.011721 0.093267 0.017949 -1.687855 -0.079155 -1.575164
    25 0.048863 -0.085541 0.028626 -1.715605 -0.034569 -1.653190
    26 0.173918 -0.198416 -0.336163 -1.668104 -0.422317 -1.710956
    27 0.442881 -0.490226 0.396323 0.404669 -0.459563 -1.216532
    28 2.352359 0.010252 0.005009 -0.301620 -0.019715 -0.545606
    29 1.245306 0.004522 -0.006774 0.015804 -0.036579 -0.206510
    30 -0.267709 0.037512 -0.093907 2.913812 -0.143386 0.078467
    31 -0.029266 0.205408 -0.329287 2.788574 -0.255486 -0.188917
    32 0.204373 0.521055 -0.268577 2.886669 0.042206 -0.230367
    33 0.195697 -0.010059 -0.293538 -1.333586 0.150863 -1.672749
    34 1.257181 8.762590 -0.153713 -1.570562 0.002683 -1.566808
    35 -0.093500 -0.114213 -0.738866 -1.570842 0.061811 0.002096
    36 0.010843 0.093624 -0.081439 -3.141462 0.041719 -1.568236
    37 10.924885 -2.938220 -16.267405 -2.652873 0.258391 -0.203134
    38 0.104748 -10.673144 -0.005453 0.567162 -0.174531 0.300529
    39 0.549521 -3.650577 -0.341066 -0.403383 -0.046218 -0.024594
    40 0.025684 -1.507546 0.001039 -1.016537 0.000001 -0.000004
    41 0.008139 -0.928479 -0.004583 -0.636997 -0.000002 -0.000001
    42 0.006928 0.005329 -0.181358 -1.528500 -0.248579 -1.611362
    43 -0.052313 0.038589 -0.230757 -1.592493 -0.043415 -1.528515
    44 -0.232600 -0.209656 -0.420669 -1.713790 -0.167173 -1.438930
    45 -0.218280 -3.741524 -0.342176 -0.373222 -0.000005 -0.000020
    46 0.019801 -1.582373 0.002264 -0.505065 0.000020 -0.000009
    47 0.004384 -1.176453 0.000249 -0.746057 0.000021 0.000018
    48 -0.038065 0.069166 -0.159883 -1.816986 0.066178 -1.575392
    49 -0.025151 0.088762 -0.068837 -1.817843 0.044510 -1.568287
    50 -0.102916 -0.186983 -0.272246 -1.833683 -0.232962 -1.472375
    51 -1.034178 -3.582044 -0.343160 -0.292353 0.000019 -0.000003
    52 0.001133 -1.610108 0.002370 -0.332682 0.000003 -0.000002
    53 0.005787 -0.946060 0.004418 -0.887388 0.000001 0.000001
    54 -0.004241 0.043707 -0.080203 -2.014997 -0.186996 -1.460723
    55 0.015383 -0.089136 -0.030010 -2.006083 0.036346 -1.568629
    56 -0.022610 -0.212357 -0.177905 -1.933161 -0.118801 -1.518895
    57 1.305107 -3.227548 -0.342207 -0.330302 -0.078965 -0.038578
    58 0.000595 -1.242324 0.002179 -0.205842 0.000004 0.000009
    59 0.003175 -0.774607 -0.000316 -0.287123 -0.000006 -0.000004
    60 -0.067138 0.063251 -0.010961 -0.899214 -0.014515 -1.600326
    61 -0.151180 -0.007395 -0.070065 -0.913061 -0.118819 -1.408558
    62 -0.178164 -0.244680 -0.357067 -1.159916 -0.384260 -1.556110
    63 -0.391451 -0.463665 0.383766 -0.070691 -0.119685 -2.934176
    64 2.472082 0.027425 0.001225 -0.099110 -0.032330 0.224891
    65 1.227325 0.009356 -0.005766 -0.000003 -0.000006 -0.097673
    66 -0.263409 -0.117640 -0.015659 0.000036 -0.082210 -0.026800
    67 0.007707 -0.334360 -0.191575 0.070788 -0.181563 0.282364
    68 0.225562 -0.567923 -0.420715 0.119895 -0.183798 0.223460
    69 -0.203683 -0.095654 -0.328305 -1.745077 0.075142 -1.515382
    70 -1.393460 8.839182 -0.239439 1.580804 -0.005024 -1.566848
    71 0.036020 0.082815 -0.692656 -1.570769 0.065989 0.001276
    72 -0.088586 0.054020 -0.088594 0.010231 0.033800 -1.560851
    73 0.120153 -0.050270 -0.054489 -2.854024 0.030688 -1.580508
    74 -0.139399 -0.111694 0.014400 0.285395 -0.031353 1.580313
    75 2.295096 -5.343264 0.976652 -1.250704 1.437608 -1.233844
    76 0.738178 -7.079689 1.130307 -1.396092 1.437608 -1.233844
    77 2.398058 -8.977903 1.443857 -1.261743 1.437608 -1.233844
    78 3.923708 -8.234629 1.417453 -1.247039 1.437608 -1.233844
  time 14
    0 1.629157 0.000000 0.541027 0.000000 0.000000 -1.570796
    1 -4.748919 8.676232 -11.411941 5.710480 -1.080246 -4.246802
    2 -0.001605 -10.698019 -0.006478 0.334837 -0.050164 -0.052486
    3 -0.652586 -3.626730 -0.341545 -1.003497 0.000001 -0.122197
    4 -0.010896 -1.503230 0.002508 -1.090800 -0.000001 -0.000002
    5 0.001444 -0.954641 -0.003577 -1.343863 0.000000 0.000000
    6 0.007988 0.172184 -0.118553 -1.598091 -0.216549 -1.570593
    7 0.080660 0.135929 -0.203919 -1.506824 -0.066185 -1.662786
    8 0.117288 -0.155554 -0.604544 -1.412988 -0.374558 -1.569222
    9 0.128930 -3.758196 -0.343868 -0.890091 -0.000021 -0.148339
    10 -0.006790 -1.563353 0.002820 -1.212966 0.000000 -0.000003
    11 -0.002891 -1.160038 0.006655 -1.483442 0.000000 0.000000
    12 -0.018589 0.129953 -0.123721 -1.294580 0.001302 -1.635383
    13 -0.006160 0.170065 -0.110169 -1.280084 -0.068681 -1.597215
    14 0.047100 -0.104074 -0.352264 -1.243368 -0.257298 -1.694346
    15 0.949953 -3.617903 -0.344216 0.041445 -0.079116 0.246087
    16 -0.017794 -1.596358 -0.003443 -0.218396 -0.044654 0.049556
    17 -0.006735 -0.937906 0.007065 -0.200715 -0.186288 0.063326
    18 -0.022325 0.045424 -0.038284 -1.125544 -0.129230 -1.681412
    19 -0.042900 -0.061274 -0.071212 -1.124462 -0.060454 -1.586099
    20 0.063741 -0.109104 -0.248158 -1.142813 -0.125805 -1.693583
    21 -1.407251 -3.249431 -0.342301 -1.411662 -0.042206 -0.296669
    22 0.006279 -1.202057 0.005877 -0.650615 0.014510 -0.010278
    23 -0.020050 -0.797217 0.002278 -1.212969 0.000001 0.000004
    24 -0.011721 0.093267 0.017949 -1.687855 -0.079155 -1.575164
    25 0.048863 -0.085541 0.028626 -1.715605 -0.034569 -1.653190
    26 0.173918 -0.198416 -0.336163 -1.668104 -0.422317 -1.710956
    27 0.442881 -0.490226 0.396323 0.412699 -0.478570 -1.222060
    28 2.352359 0.010252 0.001103 -0.302099 -0.026271 -0.574356
    29 1.249212 0.004522 -0.006774 0.015516 -0.038845 -0.213334
    30 -0.267709 0.037512 -0.093907 2.913812 -0.143386 0.078467
    31 -0.029266 0.205408 -0.329287 2.788574 -0.255486 -0.188917
    32 0.204373 0.521055 -0.268577 2.886669 0.042206 -0.230367
    33 0.195697 -0.010059 -0.293538 -1.333586 0.150863 -1.672749
    34 1.257181 8.762590 -0.153713 -1.570562 0.002683 -1.566808
    35 -0.093500 -0.114213 -0.738866 -1.570842 0.061811 0.002096
    36 0.010843 0.093624 -0.081439 -3.141462 0.041719 -1.568236
    37 10.745192 -2.977284 -16.458817 -2.636606 0.281337 -0.233327
    38 0.108654 -10.673144 -0.005453 0.534987 -0.166256 0.263838
    39 0.549521 -3.650577 -0.341066 -0.368968 -0.046218 -0.024594
    40 0.025684 -1.503640 0.001039 -1.073139 0.000001 -0.000004
    41 0.012045 -0.928479 -0.004583 -0.654641 -0.000002 -0.000001
    42 0.006928 0.005329 -0.181358 -1.528500 -0.248579 -1.611362
    43 -0.052313 0.038589 -0.230757 -1.592493 -0.043415 -1.528515
    44 -0.232600 -0.209656 -0.420669 -1.713790 -0.167173 -1.438930
    45 -0.218280 -3.741524 -0.346082 -0.329652 -0.000005 -0.000020
    46 0.015894 -1.582373 0.006170 -0.589958 0.000020 -0.000009
    47 0.000478 -1.172547 0.000249 -0.762849 0.000021 0.000018
    48 -0.038065 0.069166 -0.159883 -1.816986 0.066178 -1.575392
    49 -0.025151 0.088762 -0.068837 -1.817843 0.044510 -1.568287
    50 -0.102916 -0.186983 -0.272246 -1.833683 -0.232962 -1.472375
    51 -1.034178 -3.582044 -0.343160 -0.254438 0.000019 -0.000003
    52 0.001133 -1.610108 0.002370 -0.395963 0.000003 -0.000002
    53 0.001880 -0.946060 0.004418 -0.922157 0.000001 0.000001
    54 -0.004241 0.043707 -0.080203 -2.014997 -0.186996 -1.460723
    55 0.015383 -0.089136 -0.030010 -2.006083 0.036346 -1.568629
    56 -0.022610 -0.212357 -0.177905 -1.933161 -0.118801 -1.518895
    57 1.305107 -3.227548 -0.342207 -0.326137 -0.078965 -0.038578
    58 0.004502 -1.242324 0.006085 -0.245880 0.000004 0.000009
    59 0.007082 -0.774607 -0.004222 -0.309120 -0.000006 -0.000004
    60 -0.067138 0.063251 -0.010961 -0.899214 -0.014515 -1.600326
    61 -0.151180 -0.007395 -0.070065 -0.913061 -0.118819 -1.408558
    62 -0.178164 -0.244680 -0.357067 -1.159916 -0.384260 -1.556110
    63 -0.391451 -0.463665 0.383766 -0.065705 -0.123916 -2.975854
    64 2.468175 0.027425 0.001225 -0.104299 -0.009116 0.462957
    65 1.223419 0.009356 -0.005766 -0.000003 -0.000006 -0.148330
    66 -0.263409 -0.117640 -0.015659 0.000036 -0.082210 -0.026800
    67 0.007707 -0.334360 -0.191575 0.070788 -0.181563 0.282364
    68 0.225562 -0.567923 -0.420715 0.119895 -0.183798 0.223460
    69 -0.203683 -0.095654 -0.328305 -1.745077 0.075142 -1.515382
    70 -1.393460 8.839182 -0.239439 1.580804 -0.005024 -1.566848
    71 0.036020 0.082815 -0.692656 -1.570769 0.065989 0.001276
    72 -0.088586 0.054020 -0.088594 0.010231 0.033800 -1.560851
    73 0.120153 -0.050270 -0.054489 -2.854024 0.030688 -1.580508
    74 -0.139399 -0.111694 0.014400 0.285395 -0.031353 1.580313
    75 2.295096 -5.354983 0.980558 -1.251234 1.437608 -1.233844
    76 0.738178 -7.079689 1.130307 -1.661237 1.437608 -1.233844
    77 2.398058 -8.977903 1.443857 -1.260681 1.437608 -1.233844
    78 3.923708 -8.234629 1.417453 -1.247039 1.437608 -1.233844
  time 15
    0 1.629157 0.000000 0.541027 0.000000 0.000000 -1.570796
    1 -4.725481 8.684045 -11.423661 5.709051 -1.087437 -4.247372
    2 -0.005512 -10.701926 -0.006478 0.334994 -0.049850 -0.068443
    3 -0.652586 -3.626730 -0.345451 -1.003497 0.000001 -0.122197
    4 -0.010896 -1.507136 0.002508 -1.090800 -0.000001 -0.000002
    5 0.001444 -0.954641 -0.003577 -1.343863 0.000000 0.000000
    6 0.007988 0.172184 -0.118553 -1.598091 -0.216549 -1.570593
    7 0.080660 0.135929 -0.203919 -1.506824 -0.066185 -1.662786
    8 0.117288 -0.155554 -0.604544 -1.412988 -0.374558 -1.569222
    9 0.128930 -3.758196 -0.343868 -0.890091 -0.000021 -0.148339
    10 -0.002884 -1.563353 0.002820 -1.212966 0.000000 -0.000003
    11 -0.002891 -1.160038 0.006655 -1.483442 0.000000 0.000000
    12 -0.018589 0.129953 -0.123721 -1.294580 0.001302 -1.635383
    13 -0.006160 0.170065 -0.110169 -1.280084 -0.068681 -1.597215
    14 0.047100 -0.104074 -0.352264 -1.243368 -0.257298 -1.694346
    15 0.953860 -3.613996 -0.348122 0.041349 -0.079080 0.246051
    16 -0.021700 -1.596358 -0.003443 -0.168690 -0.064141 0.064633
    17 -0.006735 -0.941812 0.007065 -0.184092 -0.194618 0.064344
    18 -0.022325 0.045424 -0.038284 -1.125544 -0.129230 -1.681412
    19 -0.042900 -0.061274 -0.071212 -1.124462 -0.060454 -1.586099
    20 0.063741 -0.109104 -0.248158 -1.142813 -0.125805 -1.693583
    21 -1.407251 -3.249431 -0.346207 -1.409877 -0.041858 -0.295938
    22 0.006279 -1.202057 0.001971 -0.650538 0.014487 -0.010266
    23 -0.020050 -0.793311 0.002278 -1.212969 0.000001 0.000004
    24 -0.011721 0.093267 0.017949 -1.687855 -0.079155 -1.575164
    25 0.048863 -0.085541 0.028626 -1.715605 -0.034569 -1.653190
    26 0.173918 -0.198416 -0.336163 -1.668104 -0.422317 -1.710956
    27 0.438974 -0.490226 0.392416 0.420584 -0.497926 -1.226843
    28 2.352359 0.010252 0.001103 -0.302555 -0.033977 -0.607093
    29 1.249212 0.004522 -0.002867 0.014845 -0.040630 -0.230779
    30 -0.267709 0.037512 -0.093907 2.913812 -0.143386 0.078467
    31 -0.029266 0.205408 -0.329287 2.788574 -0.255486 -0.188917
    32 0.204373 0.521055 -0.268577 2.886669 0.042206 -0.230367
    33 0.195697 -0.010059 -0.293538 -1.333586 0.150863 -1.672749
    34 1.257181 8.762590 -0.153713 -1.570562 0.002683 -1.566808
    35 -0.093500 -0.114213 -0.738866 -1.570842 0.061811 0.002096
    36 0.010843 0.093624 -0.081439 -3.141462 0.041719 -1.568236
    37 10.542061 -2.957752 -16.708824 -2.617792 0.308074 -0.257260
    38 0.104748 -10.673144 -0.005453 0.494227 -0.153833 0.216671
    39 0.553428 -3.650577 -0.341066 -0.341606 -0.046218 -0.024594
    40 0.021778 -1.503640 0.001039 -1.129326 0.000001 -0.000004
    41 0.008139 -0.928479 -0.000677 -0.672076 -0.000002 -0.000001
    42 0.006928 0.005329 -0.181358 -1.528500 -0.248579 -1.611362
    43 -0.052313 0.038589 -0.230757 -1.592493 -0.043415 -1.528515
    44 -0.232600 -0.209656 -0.420669 -1.713790 -0.167173 -1.438930
    45 -0.214374 -3.737618 -0.346082 -0.291919 -0.000005 -0.000020
    46 0.019801 -1.582373 0.006170 -0.684793 0.000020 -0.000009
    47 0.000478 -1.172547 0.000249 -0.779208 0.000021 0.000018
    48 -0.038065 0.069166 -0.159883 -1.816986 0.066178 -1.575392
    49 -0.025151 0.088762 -0.068837 -1.817843 0.044510 -1.568287
    50 -0.102916 -0.186983 -0.272246 -1.833683 -0.232962 -1.472375
    51 -1.034178 -3.578138 -0.343160 -0.221120 0.000019 -0.000003
    52 0.001133 -1.610108 0.002370 -0.469090 0.000003 -0.000002
    53 0.005787 -0.946060 0.004418 -0.956124 0.000001 0.000001
    54 -0.004241 0.043707 -0.080203 -2.014997 -0.186996 -1.460723
    55 0.015383 -0.089136 -0.030010 -2.006083 0.036346 -1.568629
    56 -0.022610 -0.212357 -0.177905 -1.933161 -0.118801 -1.518895
    57 1.305107 -3.227548 -0.342207 -0.331744 -0.078965 -0.038578
    58 0.000595 -1.242324 0.006085 -0.296769 0.000004 0.000009
    59 0.003175 -0.774607 -0.004222 -0.336036 -0.000006 -0.000004
    60 -0.067138 0.063251 -0.010961 -0.899214 -0.014515 -1.600326
    61 -0.151180 -0.007395 -0.070065 -0.913061 -0.118819 -1.408558
    62 -0.178164 -0.244680 -0.357067 -1.159916 -0.384260 -1.556110
    63 -0.387544 -0.463665 0.379860 -0.071458 -0.115023 -2.942490
    64 2.472082 0.027425 0.001225 -0.109153 0.002533 0.570696
    65 1.227325 0.009356 -0.005766 -0.000003 -0.000006 -0.268779
    66 -0.263409 -0.117640 -0.015659 0.000036 -0.082210 -0.026800
    67 0.007707 -0.334360 -0.191575 0.070788 -0.181563 0.282364
    68 0.225562 -0.567923 -0.420715 0.119895 -0.183798 0.223460
    69 -0.203683 -0.095654 -0.328305 -1.745077 0.075142 -1.515382
    70 -1.393460 8.839182 -0.239439 1.580804 -0.005024 -1.566848
    71 0.036020 0.082815 -0.692656 -1.570769 0.065989 0.001276
    72 -0.088586 0.054020 -0.088594 0.010231 0.033800 -1.560851
    73 0.120153 -0.050270 -0.054489 -2.854024 0.030688 -1.580508
    74 -0.139399 -0.111694 0.014400 0.285395 -0.031353 1.580313
    75 2.295096 -5.366703 0.976652 -1.251802 1.437608 -1.233844
    76 0.738178 -7.079689 1.130307 -1.917717 1.437608 -1.233844
    77 2.398058 -8.977903 1.443857 -1.258811 1.437608 -1.233844
    78 3.923708 -8.234629 1.417453 -1.247039 1.437608 -1.233844
  time 16
    0 1.629157 0.000000 0.541027 0.000000 0.000000 -1.570796
    1 -4.709856 8.684045 -11.447099 5.708861 -1.100599 -4.250224
    2 -0.005512 -10.698019 -0.002571 0.335544 -0.049955 -0.084287
    3 -0.652586 -3.626730 -0.345451 -1.003497 0.000001 -0.122197
    4 -0.006990 -1.503230 0.002508 -1.090800 -0.000001 -0.000002
    5 0.005351 -0.954641 -0.003577 -1.343863 0.000000 0.000000
    6 0.007988 0.172184 -0.118553 -1.598091 -0.216549 -1.570593
    7 0.080660 0.135929 -0.203919 -1.506824 -0.066185 -1.662786
    8 0.117288 -0.155554 -0.604544 -1.412988 -0.374558 -1.569222
    9 0.128930 -3.758196 -0.347774 -0.890091 -0.000021 -0.148339
    10 -0.006790 -1.567259 0.006726 -1.212966 0.000000 -0.000003
    11 -0.006797 -1.160038 0.006655 -1.483442 0.000000 0.000000
    12 -0.018589 0.129953 -0.123721 -1.294580 0.001302 -1.635383
    13 -0.006160 0.170065 -0.110169 -1.280084 -0.068681 -1.597215
    14 0.047100 -0.104074 -0.352264 -1.243368 -0.257298 -1.694346
    15 0.953860 -3.617903 -0.348122 0.041049 -0.078984 0.245931
    16 -0.021700 -1.596358 -0.003443 -0.148311 -0.072411 0.070457
    17 -0.002829 -0.937906 0.007065 -0.171625 -0.200862 0.065039
    18 -0.022325 0.045424 -0.038284 -1.125544 -0.129230 -1.681412
    19 -0.042900 -0.061274 -0.071212 -1.124462 -0.060454 -1.586099
    20 0.063741 -0.109104 -0.248158 -1.142813 -0.125805 -1.693583
    21 -1.407251 -3.245525 -0.346207 -1.407771 -0.041450 -0.295087
    22 0.010185 -1.202057 0.001971 -0.650422 0.014451 -0.010230
    23 -0.020050 -0.797217 0.002278 -1.212969 0.000001 0.000004
    24 -0.011721 0.093267 0.017949 -1.687855 -0.079155 -1.575164
    25 0.048863 -0.085541 0.028626 -1.715605 -0.034569 -1.653190
    26 0.173918 -0.198416 -0.336163 -1.668104 -0.422317 -1.710956
    27 0.438974 -0.486320 0.392416 0.427799 -0.516034 -1.230803
    28 2.352359 0.010252 0.001103 -0.302830 -0.042342 -0.641907
    29 1.245306 0.004522 -0.002867 0.012700 -0.043027 -0.290380
    30 -0.267709 0.037512 -0.093907 2.913812 -0.143386 0.078467
    31 -0.029266 0.205408 -0.329287 2.788574 -0.255486 -0.188917
    32 0.204373 0.521055 -0.268577 2.886669 0.042206 -0.230367
    33 0.195697 -0.010059 -0.293538 -1.333586 0.150863 -1.672749
    34 1.257181 8.762590 -0.153713 -1.570562 0.002683 -1.566808
    35 -0.093500 -0.114213 -0.738866 -1.570842 0.061811 0.002096
    36 0.010843 0.093624 -0.081439 -3.141462 0.041719 -1.568236
    37 10.249083 -2.832748 -17.060398 -2.597993 0.338803 -0.279168
    38 0.104748 -10.673144 -0.005453 0.446695 -0.140103 0.162538
    39 0.549521 -3.646670 -0.341066 -0.320568 -0.046218 -0.024594
    40 0.025684 -1.503640 0.001039 -1.184736 0.000001 -0.000004
    41 0.012045 -0.928479 -0.004583 -0.689303 -0.000002 -0.000001
    42 0.006928 0.005329 -0.181358 -1.528500 -0.248579 -1.611362
    43 -0.052313 0.038589 -0.230757 -1.592493 -0.043415 -1.528515
    44 -0.232600 -0.209656 -0.420669 -1.713790 -0.167173 -1.438930
    45 -0.218280 -3.737618 -0.342176 -0.259675 -0.000005 -0.000020
    46 0.015894 -1.578467 0.006170 -0.787653 0.000020 -0.000009
    47 0.000478 -1.176453 0.000249 -0.795106 0.000021 0.000018
    48 -0.038065 0.069166 -0.159883 -1.816986 0.066178 -1.575392
    49 -0.025151 0.088762 -0.068837 -1.817843 0.044510 -1.568287
    50 -0.102916 -0.186983 -0.272246 -1.833683 -0.232962 -1.472375
    51 -1.034178 -3.578138 -0.343160 -0.192214 0.000019 -0.000003
    52 0.001133 -1.610108 0.002370 -0.550031 0.000003 -0.000002
    53 0.005787 -0.946060 0.000512 -0.989048 0.000001 0.000001
    54 -0.004241 0.043707 -0.080203 -2.014997 -0.186996 -1.460723
    55 0.015383 -0.089136 -0.030010 -2.006083 0.036346 -1.568629
    56 -0.022610 -0.212357 -0.177905 -1.933161 -0.118801 -1.518895
    57 1.305107 -3.227548 -0.342207 -0.345467 -0.078965 -0.038578
    58 0.000595 -1.242324 0.006085 -0.356441 0.000004 0.000009
    59 0.003175 -0.774607 -0.004222 -0.367012 -0.000006 -0.000004
    60 -0.067138 0.063251 -0.010961 -0.899214 -0.014515 -1.600326
    61 -0.151180 -0.007395 -0.070065 -0.913061 -0.118819 -1.408558
    62 -0.178164 -0.244680 -0.357067 -1.159916 -0.384260 -1.556110
    63 -0.391451 -0.463665 0.383766 -0.081093 -0.103039 -2.871295
    64 2.472082 0.027425 0.001225 -0.113323 0.008549 0.622400
    65 1.223419 0.009356 -0.005766 -0.000003 -0.000006 -0.424552
    66 -0.263409 -0.117640 -0.015659 0.000036 -0.082210 -0.026800
    67 0.007707 -0.334360 -0.191575 0.070788 -0.181563 0.282364
    68 0.225562 -0.567923 -0.420715 0.119895 -0.183798 0.223460
    69 -0.203683 -0.095654 -0.328305 -1.745077 0.075142 -1.515382
    70 -1.393460 8.839182 -0.239439 1.580804 -0.005024 -1.566848
    71 0.036020 0.082815 -0.692656 -1.570769 0.065989 0.001276
    72 -0.088586 0.054020 -0.088594 0.010231 0.033800 -1.560851
    73 0.120153 -0.050270 -0.054489 -2.854024 0.030688 -1.580508
    74 -0.139399 -0.111694 0.014400 0.285395 -0.031353 1.580313
    75 2.295096 -5.382328 0.980558 -1.252394 1.437608 -1.233844
    76 0.738178 -7.079689 1.130307 -2.041101 1.437608 -1.233844
    77 2.398058 -8.977903 1.443857 -1.255921 1.437608 -1.233844
    78 3.923708 -8.234629 1.417453 -1.247039 1.437608 -1.233844
  time 17
    0 1.629157 0.000000 0.541027 0.000000 0.000000 -1.570796
    1 -4.709856 8.684045 -11.466631 5.709242 -1.119895 -4.254786
    2 -0.001605 -10.701926 -0.006478 0.336185 -0.049402 -0.102430
    3 -0.652586 -3.626730 -0.345451 -1.003497 0.000001 -0.122197
    4 -0.006990 -1.503230 0.006415 -1.090800 -0.000001 -0.000002
    5 0.005351 -0.954641 -0.003577 -1.343863 0.000000 0.000000
    6 0.007988 0.172184 -0.118553 -1.598091 -0.216549 -1.570593
    7 0.080660 0.135929 -0.203919 -1.506824 -0.066185 -1.662786
    8 0.117288 -0.155554 -0.604544 -1.412988 -0.374558 -1.569222
    9 0.128930 -3.762102 -0.343868 -0.890091 -0.000021 -0.148339
    10 -0.006790 -1.563353 0.006726 -1.213004 0.000000 -0.000003
    11 -0.006797 -1.160038 0.006655 -1.483442 0.000000 0.000000
    12 -0.018589 0.129953 -0.123721 -1.294580 0.001302 -1.635383
    13 -0.006160 0.170065 -0.110169 -1.280084 -0.068681 -1.597215
    14 0.047100 -0.104074 -0.352264 -1.243368 -0.257298 -1.694346
    15 0.949953 -3.617903 -0.348122 0.040594 -0.078804 0.245751
    16 -0.021700 -1.596358 -0.003443 -0.146280 -0.073226 0.070973
    17 -0.006735 -0.941812 0.007065 -0.163787 -0.204793 0.065447
    18 -0.022325 0.045424 -0.038284 -1.125544 -0.129230 -1.681412
    19 -0.042900 -0.061274 -0.071212 -1.124462 -0.060454 -1.586099
    20 0.063741 -0.109104 -0.248158 -1.142813 -0.125805 -1.693583
    21 -1.407251 -3.245525 -0.346207 -1.405529 -0.041019 -0.294140
    22 0.010185 -1.202057 0.005877 -0.650287 0.014403 -0.010194
    23 -0.020050 -0.797217 0.006185 -1.212969 0.000001 0.000004
    24 -0.011721 0.093267 0.017949 -1.687855 -0.079155 -1.575164
    25 0.048863 -0.085541 0.028626 -1.715605 -0.034569 -1.653190
    26 0.173918 -0.198416 -0.336163 -1.668104 -0.422317 -1.710956
    27 0.438974 -0.490226 0.396323 0.433708 -0.531339 -1.233621
    28 2.352359 0.010252 0.001103 -0.302902 -0.050923 -0.676939
    29 1.249212 0.004522 -0.002867 0.009452 -0.045244 -0.385351
    30 -0.267709 0.037512 -0.093907 2.913812 -0.143386 0.078467
    31 -0.029266 0.205408 -0.329287 2.788574 -0.255486 -0.188917
    32 0.204373 0.521055 -0.268577 2.886669 0.042206 -0.230367
    33 0.195697 -0.010059 -0.293538 -1.333586 0.150863 -1.672749
    34 1.257181 8.762590 -0.153713 -1.570562 0.002683 -1.566808
    35 -0.093500 -0.114213 -0.738866 -1.570842 0.061811 0.002096
    36 0.010843 0.093624 -0.081439 -3.141462 0.041719 -1.568236
    37 9.870166 -2.629617 -17.494005 -2.572114 0.387599 -0.295093
    38 0.104748 -10.673144 -0.005453 0.394516 -0.127585 0.105193
    39 0.549521 -3.650577 -0.341066 -0.305063 -0.046218 -0.024594
    40 0.025684 -1.503640 0.001039 -1.238903 0.000001 -0.000004
    41 0.008139 -0.928479 -0.004583 -0.706165 -0.000002 -0.000001
    42 0.006928 0.005329 -0.181358 -1.528500 -0.248579 -1.611362
    43 -0.052313 0.038589 -0.230757 -1.592493 -0.043415 -1.528515
    44 -0.232600 -0.209656 -0.420669 -1.713790 -0.167173 -1.438930
    45 -0.218280 -3.737618 -0.346082 -0.232285 -0.000005 -0.000020
    46 0.015894 -1.582373 0.002264 -0.895862 0.000020 -0.000009
    47 0.000478 -1.176453 0.000249 -0.810426 0.000021 0.000018
    48 -0.038065 0.069166 -0.159883 -1.816986 0.066178 -1.575392
    49 -0.025151 0.088762 -0.068837 -1.817843 0.044510 -1.568287
    50 -0.102916 -0.186983 -0.272246 -1.833683 -0.232962 -1.472375
    51 -1.030272 -3.582044 -0.343160 -0.167250 0.000019 -0.000003
    52 0.005039 -1.610108 0.002370 -0.636708 0.000003 -0.000002
    53 0.005787 -0.946060 0.004418 -1.020729 0.000001 0.000001
    54 -0.004241 0.043707 -0.080203 -2.014997 -0.186996 -1.460723
    55 0.015383 -0.089136 -0.030010 -2.006083 0.036346 -1.568629
    56 -0.022610 -0.212357 -0.177905 -1.933161 -0.118801 -1.518895
    57 1.305107 -3.227548 -0.342207 -0.365812 -0.078965 -0.038578
    58 0.000595 -1.242324 0.006085 -0.422974 0.000004 0.000009
    59 0.003175 -0.774607 -0.000316 -0.400995 -0.000006 -0.000004
    60 -0.067138 0.063251 -0.010961 -0.899214 -0.014515 -1.600326
    61 -0.151180 -0.007395 -0.070065 -0.913061 -0.118819 -1.408558
    62 -0.178164 -0.244680 -0.357067 -1.159916 -0.384260 -1.556110
    63 -0.391451 -0.463665 0.383766 -0.084317 -0.112123 -2.818119
    64 2.472082 0.027425 0.001225 -0.104131 0.010898 0.653875
    65 1.227325 0.009356 -0.005766 -0.000003 -0.000006 -0.462461
    66 -0.263409 -0.117640 -0.015659 0.000036 -0.082210 -0.026800
    67 0.007707 -0.334360 -0.191575 0.070788 -0.181563 0.282364
    68 0.225562 -0.567923 -0.420715 0.119895 -0.183798 0.223460
    69 -0.203683 -0.095654 -0.328305 -1.745077 0.075142 -1.515382
    70 -1.393460 8.839182 -0.239439 1.580804 -0.005024 -1.566848
    71 0.036020 0.082815 -0.692656 -1.570769 0.065989 0.001276
    72 -0.088586 0.054020 -0.088594 0.010231 0.033800 -1.560851
    73 0.120153 -0.050270 -0.054489 -2.854024 0.030688 -1.580508
    74 -0.139399 -0.111694 0.014400 0.285395 -0.031353 1.580313
    75 2.295096 -5.397954 0.984464 -1.252999 1.437608 -1.233844
    76 0.738178 -7.079689 1.130307 -2.056042 1.437608 -1.233844
    77 2.398058 -8.977903 1.443857 -1.252011 1.437608 -1.233844
    78 3.923708 -8.234629 1.417453 -1.247039 1.437608 -1.233844
  time 18
    0 1.629157 0.000000 0.541027 0.000000 0.000000 -1.570796
    1 -4.705949 8.684045 -11.474443 5.709051 -1.141304 -4.259539
    2 -0.001605 -10.701926 -0.002571 0.336905 -0.048924 -0.122041
    3 -0.652586 -3.626730 -0.345451 -1.003497 0.000001 -0.122197
    4 -0.006990 -1.503230 0.002508 -1.090800 -0.000001 -0.000002
    5 0.005351 -0.954641 -0.007484 -1.343863 0.000000 0.000000
    6 0.007988 0.172184 -0.118553 -1.598091 -0.216549 -1.570593
    7 0.080660 0.135929 -0.203919 -1.506824 -0.066185 -1.662786
    8 0.117288 -0.155554 -0.604544 -1.412988 -0.374558 -1.569222
    9 0.128930 -3.758196 -0.347774 -0.890091 -0.000021 -0.148339
    10 -0.006790 -1.563353 0.002820 -1.212966 0.000000 -0.000003
    11 -0.006797 -1.160038 0.006655 -1.483486 0.000000 0.000000
    12 -0.018589 0.129953 -0.123721 -1.294580 0.001302 -1.635383
    13 -0.006160 0.170065 -0.110169 -1.280084 -0.068681 -1.597215
    14 0.047100 -0.104074 -0.352264 -1.243368 -0.257298 -1.694346
    15 0.949953 -3.617903 -0.344216 0.039935 -0.078588 0.245512
    16 -0.017794 -1.596358 -0.007350 -0.144363 -0.073945 0.071356
    17 -0.002829 -0.937906 0.007065 -0.161053 -0.206159 0.065579
    18 -0.022325 0.045424 -0.038284 -1.125544 -0.129230 -1.681412
    19 -0.042900 -0.061274 -0.071212 -1.124462 -0.060454 -1.586099
    20 0.063741 -0.109104 -0.248158 -1.142813 -0.125805 -1.693583
    21 -1.403345 -3.249431 -0.342301 -1.403012 -0.040552 -0.293098
    22 0.010185 -1.202057 0.005877 -0.650113 0.014343 -0.010146
    23 -0.020050 -0.793311 0.006185 -1.212969 0.000001 0.000004
    24 -0.011721 0.093267 0.017949 -1.687855 -0.079155 -1.575164
    25 0.048863 -0.085541 0.028626 -1.715605 -0.034569 -1.653190
    26 0.173918 -0.198416 -0.336163 -1.668104 -0.422317 -1.710956
    27 0.442881 -0.490226 0.396323 0.437686 -0.542257 -1.235162
    28 2.352359 0.010252 0.005009 -0.302771 -0.059240 -0.710377
    29 1.249212 0.004522 -0.002867 0.005521 -0.047485 -0.505439
    30 -0.267709 0.037512 -0.093907 2.913812 -0.143386 0.078467
    31 -0.029266 0.205408 -0.329287 2.788574 -0.255486 -0.188917
    32 0.204373 0.521055 -0.268577 2.886669 0.042206 -0.230367
    33 0.195697 -0.010059 -0.293538 -1.333586 0.150863 -1.672749
    34 1.257181 8.762590 -0.153713 -1.570562 0.002683 -1.566808
    35 -0.093500 -0.114213 -0.738866 -1.570842 0.061811 0.002096
    36 0.010843 0.093624 -0.081439 -3.141462 0.041719 -1.568236
    37 9.506873 -2.375703 -17.939331 -2.541880 0.441839 -0.303010
    38 0.108654 -10.673144 -0.005453 0.340102 -0.118136 0.048523
    39 0.553428 -3.650577 -0.344972 -0.294057 -0.046218 -0.024594
    40 0.025684 -1.507546 0.001039 -1.291465 0.000001 -0.000004
    41 0.008139 -0.928479 -0.000677 -0.722506 -0.000002 -0.000001
    42 0.006928 0.005329 -0.181358 -1.528500 -0.248579 -1.611362
    43 -0.052313 0.038589 -0.230757 -1.592493 -0.043415 -1.528515
    44 -0.232600 -0.209656 -0.420669 -1.713790 -0.167173 -1.438930
    45 -0.214374 -3.741524 -0.342176 -0.209229 -0.000005 -0.000020
    46 0.015894 -1.578467 0.006170 -1.007269 0.000020 -0.000009
    47 0.004384 -1.176453 0.000249 -0.825083 0.000021 0.000018
    48 -0.038065 0.069166 -0.159883 -1.816986 0.066178 -1.575392
    49 -0.025151 0.088762 -0.068837 -1.817843 0.044510 -1.568287
    50 -0.102916 -0.186983 -0.272246 -1.833683 -0.232962 -1.472375
    51 -1.030272 -3.582044 -0.347066 -0.145851 0.000019 -0.000003
    52 0.001133 -1.610108 0.002370 -0.726954 0.000003 -0.000002
    53 0.005787 -0.946060 0.004418 -1.051087 0.000001 0.000001
    54 -0.004241 0.043707 -0.080203 -2.014997 -0.186996 -1.460723
    55 0.015383 -0.089136 -0.030010 -2.006083 0.036346 -1.568629
    56 -0.022610 -0.212357 -0.177905 -1.933161 -0.118801 -1.518895
    57 1.309013 -3.227548 -0.342207 -0.391443 -0.078965 -0.038578
    58 0.004502 -1.242324 0.006085 -0.494301 0.000004 0.000009
    59 0.003175 -0.774607 -0.004222 -0.437105 -0.000006 -0.000004
    60 -0.067138 0.063251 -0.010961 -0.899214 -0.014515 -1.600326
    61 -0.151180 -0.007395 -0.070065 -0.913061 -0.118819 -1.408558
    62 -0.178164 -0.244680 -0.357067 -1.159916 -0.384260 -1.556110
    63 -0.391451 -0.463665 0.383766 -0.080961 -0.145692 -2.792976
    64 2.472082 0.027425 0.001225 -0.080198 0.011162 0.686901
    65 1.227325 0.009356 -0.005766 -0.000003 -0.000006 -0.367352
    66 -0.263409 -0.117640 -0.015659 0.000036 -0.082210 -0.026800
    67 0.007707 -0.334360 -0.191575 0.070788 -0.181563 0.282364
    68 0.225562 -0.567923 -0.420715 0.119895 -0.183798 0.223460
    69 -0.203683 -0.095654 -0.328305 -1.745077 0.075142 -1.515382
    70 -1.393460 8.839182 -0.239439 1.580804 -0.005024 -1.566848
    71 0.036020 0.082815 -0.692656 -1.570769 0.065989 0.001276
    72 -0.088586 0.054020 -0.088594 0.010231 0.033800 -1.560851
    73 0.120153 -0.050270 -0.054489 -2.854024 0.030688 -1.580508
    74 -0.139399 -0.111694 0.014400 0.285395 -0.031353 1.580313
    75 2.295096 -5.413579 0.988371 -1.253628 1.437608 -1.233844
    76 0.738178 -7.079689 1.130307 -2.070415 1.437608 -1.233844
    77 2.398058 -8.977903 1.443857 -1.247039 1.437608 -1.233844
    78 3.923708 -8.234629 1.417453 -1.247039 1.437608 -1.233844
  time 19
    0 1.629157 0.000000 0.541027 0.000000 0.000000 -1.570796
    1 -4.698137 8.684045 -11.482256 5.706955 -1.160884 -4.261820
    2 -0.001605 -10.701926 -0.002571 0.337612 -0.049238 -0.142385
    3 -0.652586 -3.626730 -0.341545 -1.003497 0.000001 -0.122197
    4 -0.006990 -1.503230 0.002508 -1.090800 -0.000001 -0.000002
    5 0.001444 -0.954641 -0.003577 -1.343863 0.000000 0.000000
    6 0.007988 0.172184 -0.118553 -1.598091 -0.216549 -1.570593
    7 0.080660 0.135929 -0.203919 -1.506824 -0.066185 -1.662786
    8 0.117288 -0.155554 -0.604544 -1.412988 -0.374558 -1.569222
    9 0.128930 -3.758196 -0.343868 -0.890091 -0.000021 -0.148339
    10 -0.002884 -1.567259 0.006726 -1.212966 0.000000 -0.000003
    11 -0.002891 -1.160038 0.006655 -1.483486 0.000000 0.000000
    12 -0.018589 0.129953 -0.123721 -1.294580 0.001302 -1.635383
    13 -0.006160 0.170065 -0.110169 -1.280084 -0.068681 -1.597215
    14 0.047100 -0.104074 -0.352264 -1.243368 -0.257298 -1.694346
    15 0.953860 -3.617903 -0.344216 0.039096 -0.078301 0.245176
    16 -0.021700 -1.596358 -0.007350 -0.142483 -0.074544 0.071704
    17 -0.006735 -0.941812 0.007065 -0.161126 -0.206075 0.065555
    18 -0.022325 0.045424 -0.038284 -1.125544 -0.129230 -1.681412
    19 -0.042900 -0.061274 -0.071212 -1.124462 -0.060454 -1.586099
    20 0.063741 -0.109104 -0.248158 -1.142813 -0.125805 -1.693583
    21 -1.403345 -3.249431 -0.342301 -1.400220 -0.040012 -0.291935
    22 0.010185 -1.202057 0.005877 -0.649920 0.014283 -0.010098
    23 -0.020050 -0.797217 0.006185 -1.212969 0.000001 0.000004
    24 -0.011721 0.093267 0.017949 -1.687855 -0.079155 -1.575164
    25 0.048863 -0.085541 0.028626 -1.715605 -0.034569 -1.653190
    26 0.173918 -0.198416 -0.336163 -1.668104 -0.422317 -1.710956
    27 0.438974 -0.490226 0.396323 0.439137 -0.547194 -1.235056
    28 2.352359 0.010252 0.005009 -0.302471 -0.066779 -0.740287
    29 1.249212 0.004522 -0.002867 0.001351 -0.049894 -0.640501
    30 -0.267709 0.037512 -0.093907 2.913812 -0.143386 0.078467
    31 -0.029266 0.205408 -0.329287 2.788574 -0.255486 -0.188917
    32 0.204373 0.521055 -0.268577 2.886669 0.042206 -0.230367
    33 0.195697 -0.010059 -0.293538 -1.333586 0.150863 -1.672749
    34 1.257181 8.762590 -0.153713 -1.570562 0.002683 -1.566808
    35 -0.093500 -0.114213 -0.738866 -1.570842 0.061811 0.002096
    36 0.010843 0.093624 -0.081439 -3.141462 0.041719 -1.568236
    37 9.256866 -2.125695 -18.322155 -2.509264 0.488215 -0.301076
    38 0.104748 -10.673144 -0.005453 0.286108 -0.112909 -0.003396
    39 0.549521 -3.646670 -0.341066 -0.287126 -0.046218 -0.024594
    40 0.025684 -1.503640 0.001039 -1.341904 0.000001 -0.000004
    41 0.008139 -0.928479 -0.000677 -0.738248 -0.000002 -0.000001
    42 0.006928 0.005329 -0.181358 -1.528500 -0.248579 -1.611362
    43 -0.052313 0.038589 -0.230757 -1.592493 -0.043415 -1.528515
    44 -0.232600 -0.209656 -0.420669 -1.713790 -0.167173 -1.438930
    45 -0.218280 -3.741524 -0.346082 -0.189986 -0.000005 -0.000020
    46 0.015894 -1.582373 0.006170 -1.119548 0.000020 -0.000009
    47 0.000478 -1.172547 0.000249 -0.838990 0.000021 0.000018
    48 -0.038065 0.069166 -0.159883 -1.816986 0.066178 -1.575392
    49 -0.025151 0.088762 -0.068837 -1.817843 0.044510 -1.568287
    50 -0.102916 -0.186983 -0.272246 -1.833683 -0.232962 -1.472375
    51 -1.034178 -3.582044 -0.347066 -0.127785 0.000019 -0.000003
    52 0.001133 -1.610108 0.002370 -0.818690 0.000003 -0.000002
    53 0.005787 -0.946060 0.004418 -1.079840 0.000001 0.000001
    54 -0.004241 0.043707 -0.080203 -2.014997 -0.186996 -1.460723
    55 0.015383 -0.089136 -0.030010 -2.006083 0.036346 -1.568629
    56 -0.022610 -0.212357 -0.177905 -1.933161 -0.118801 -1.518895
    57 1.305107 -3.227548 -0.342207 -0.420652 -0.078965 -0.038578
    58 0.000595 -1.242324 0.002179 -0.568533 0.000004 0.000009
    59 0.003175 -0.774607 -0.000316 -0.474439 -0.000006 -0.000004
    60 -0.067138 0.063251 -0.010961 -0.899214 -0.014515 -1.600326
    61 -0.151180 -0.007395 -0.070065 -0.913061 -0.118819 -1.408558
    62 -0.178164 -0.244680 -0.357067 -1.159916 -0.384260 -1.556110
    63 -0.391451 -0.463665 0.383766 -0.076887 -0.188117 -2.769069
    64 2.472082 0.027425 0.001225 -0.050548 0.009700 0.718958
    65 1.227325 0.009356 -0.005766 -0.000003 -0.000006 -0.234361
    66 -0.263409 -0.117640 -0.015659 0.000036 -0.082210 -0.026800
    67 0.007707 -0.334360 -0.191575 0.070788 -0.181563 0.282364
    68 0.225562 -0.567923 -0.420715 0.119895 -0.183798 0.223460
    69 -0.203683 -0.095654 -0.328305 -1.745077 0.075142 -1.515382
    70 -1.393460 8.839182 -0.239439 1.580804 -0.005024 -1.566848
    71 0.036020 0.082815 -0.692656 -1.570769 0.065989 0.001276
    72 -0.088586 0.054020 -0.088594 0.010231 0.033800 -1.560851
    73 0.120153 -0.050270 -0.054489 -2.854024 0.030688 -1.580508
    74 -0.139399 -0.111694 0.014400 0.285395 -0.031353 1.580313
    75 2.295096 -5.429204 0.988371 -1.254282 1.437608 -1.233844
    76 0.738178 -7.079689 1.130307 -2.084131 1.437608 -1.233844
    77 2.398058 -8.977903 1.443857 -1.224134 1.438447 -1.242471
    78 3.923708 -8.234629 1.417453 -1.247039 1.437608 -1.233844
  time 20
    0 1.629157 0.000000 0.541027 0.000000 0.000000 -1.570796
    1 -4.694230 8.684045 -11.490069 5.701049 -1.174574 -4.258968
    2 -0.001605 -10.698019 -0.002571 0.338332 -0.051000 -0.162650
    3 -0.648679 -3.626730 -0.341545 -1.003497 0.000001 -0.122197
    4 -0.010896 -1.507136 0.002508 -1.090800 -0.000001 -0.000002
    5 0.001444 -0.954641 -0.003577 -1.343863 0.000000 0.000000
    6 0.007988 0.172184 -0.118553 -1.598091 -0.216549 -1.570593
    7 0.080660 0.135929 -0.203919 -1.506824 -0.066185 -1.662786
    8 0.117288 -0.155554 -0.604544 -1.412988 -0.374558 -1.569222
    9 0.128930 -3.762102 -0.343868 -0.890091 -0.000021 -0.148339
    10 -0.006790 -1.567259 0.002820 -1.212966 0.000000 -0.000003
    11 -0.002891 -1.160038 0.006655 -1.483442 0.000000 0.000000
    12 -0.018589 0.129953 -0.123721 -1.294580 0.001302 -1.635383
    13 -0.006160 0.170065 -0.110169 -1.280084 -0.068681 -1.597215
    14 0.047100 -0.104074 -0.352264 -1.243368 -0.257298 -1.694346
    15 0.949953 -3.613996 -0.344216 0.038077 -0.077941 0.244793
    16 -0.017794 -1.596358 -0.003443 -0.140641 -0.075071 0.071920
    17 -0.002829 -0.941812 0.007065 -0.161345 -0.205799 0.065495
    18 -0.022325 0.045424 -0.038284 -1.125544 -0.129230 -1.681412
    19 -0.042900 -0.061274 -0.071212 -1.124462 -0.060454 -1.586099
    20 0.063741 -0.109104 -0.248158 -1.142813 -0.125805 -1.693583
    21 -1.407251 -3.245525 -0.342301 -1.397245 -0.039449 -0.290701
    22 0.010185 -1.202057 0.005877 -0.649727 0.014211 -0.010038
    23 -0.020050 -0.797217 0.006185 -1.212969 0.000001 0.000004
    24 -0.011721 0.093267 0.017949 -1.687855 -0.079155 -1.575164
    25 0.048863 -0.085541 0.028626 -1.715605 -0.034569 -1.653190
    26 0.173918 -0.198416 -0.336163 -1.668104 -0.422317 -1.710956
    27 0.438974 -0.490226 0.396323 0.438981 -0.548489 -1.234046
    28 2.352359 0.014158 0.005009 -0.302099 -0.073095 -0.764809
    29 1.249212 0.004522 -0.002867 -0.002736 -0.052471 -0.780358
    30 -0.267709 0.037512 -0.093907 2.913812 -0.143386 0.078467
    31 -0.029266 0.205408 -0.329287 2.788574 -0.255486 -0.188917
    32 0.204373 0.521055 -0.268577 2.886669 0.042206 -0.230367
    33 0.195697 -0.010059 -0.293538 -1.333586 0.150863 -1.672749
    34 1.257181 8.762590 -0.153713 -1.570562 0.002683 -1.566808
    35 -0.093500 -0.114213 -0.738866 -1.570842 0.061811 0.002096
    36 0.010843 0.093624 -0.081439 -3.141462 0.041719 -1.568236
    37 9.217802 -1.910845 -18.572163 -2.476237 0.513702 -0.289110
    38 0.108654 -10.673144 -0.005453 0.235301 -0.112417 -0.046270
    39 0.553428 -3.650577 -0.341066 -0.283174 -0.046218 -0.024594
    40 0.025684 -1.503640 0.001039 -1.390064 0.000001 -0.000004
    41 0.008139 -0.928479 -0.000677 -0.753207 -0.000002 -0.000001
    42 0.006928 0.005329 -0.181358 -1.528500 -0.248579 -1.611362
    43 -0.052313 0.038589 -0.230757 -1.592493 -0.043415 -1.528515
    44 -0.232600 -0.209656 -0.420669 -1.713790 -0.167173 -1.438930
    45 -0.214374 -3.741524 -0.346082 -0.174153 -0.000005 -0.000020
    46 0.015894 -1.578467 0.006170 -1.230548 0.000020 -0.000009
    47 0.000478 -1.176453 0.000249 -0.852032 0.000021 0.000018
    48 -0.038065 0.069166 -0.159883 -1.816986 0.066178 -1.575392
    49 -0.025151 0.088762 -0.068837 -1.817843 0.044510 -1.568287
    50 -0.102916 -0.186983 -0.272246 -1.833683 -0.232962 -1.472375
    51 -1.030272 -3.578138 -0.343160 -0.112534 0.000019 -0.000003
    52 0.001133 -1.610108 0.002370 -0.909884 0.000003 -0.000002
    53 0.005787 -0.946060 0.004418 -1.106829 0.000001 0.000001
    54 -0.004241 0.043707 -0.080203 -2.014997 -0.186996 -1.460723
    55 0.015383 -0.089136 -0.030010 -2.006083 0.036346 -1.568629
    56 -0.022610 -0.212357 -0.177905 -1.933161 -0.118801 -1.518895
    57 1.309013 -3.227548 -0.342207 -0.452050 -0.078965 -0.038593
    58 0.000595 -1.242324 0.002179 -0.643676 0.000004 0.000009
    59 0.003175 -0.774607 -0.000316 -0.511967 -0.000006 -0.000004
    60 -0.067138 0.063251 -0.010961 -0.899214 -0.014515 -1.600326
    61 -0.151180 -0.007395 -0.070065 -0.913061 -0.118819 -1.408558
    62 -0.178164 -0.244680 -0.357067 -1.159916 -0.384260 -1.556110
    63 -0.387544 -0.463665 0.383766 -0.072692 -0.236283 -2.746831
    64 2.472082 0.027425 0.001225 -0.017411 0.006608 0.749399
    65 1.223419 0.009356 -0.005766 -0.000003 -0.000006 -0.075874
    66 -0.263409 -0.117640 -0.015659 0.000036 -0.082210 -0.026800
    67 0.007707 -0.334360 -0.191575 0.070788 -0.181563 0.282364
    68 0.225562 -0.567923 -0.420715 0.119895 -0.183798 0.223460
    69 -0.203683 -0.095654 -0.328305 -1.745077 0.075142 -1.515382
    70 -1.393460 8.839182 -0.239439 1.580804 -0.005024 -1.566848
    71 0.036020 0.082815 -0.692656 -1.570769 0.065989 0.001276
    72 -0.088586 0.054020 -0.088594 0.010231 0.033800 -1.560851
    73 0.120153 -0.050270 -0.054489 -2.854024 0.030688 -1.580508
    74 -0.139399 -0.111694 0.014400 0.285395 -0.031353 1.580313
    75 2.295096 -5.444830 0.992277 -1.254961 1.437608 -1.233844
    76 0.738178 -7.079689 1.130307 -2.097190 1.437608 -1.233844
    77 2.398058 -8.977903 1.443857 -1.178152 1.439358 -1.250726
    78 3.923708 -8.234629 1.417453 -1.247039 1.437608 -1.233844
  time 21
    0 1.629157 0.000000 0.541027 0.000000 0.000000 -1.570796
    1 -4.690324 8.684045 -11.505694 5.680757 -1.170431 -4.238438
    2 -0.001605 -10.701926 -0.002571 0.339039 -0.054972 -0.182053
    3 -0.648679 -3.626730 -0.341545 -1.003497 0.000001 -0.122197
    4 -0.010896 -1.507136 0.002508 -1.090800 -0.000001 -0.000002
    5 0.001444 -0.954641 -0.003577 -1.343863 0.000000 0.000000
    6 0.007988 0.172184 -0.118553 -1.598091 -0.216549 -1.570593
    7 0.080660 0.135929 -0.203919 -1.506824 -0.066185 -1.662786
    8 0.117288 -0.155554 -0.604544 -1.412988 -0.374558 -1.569222
    9 0.128930 -3.758196 -0.343868 -0.890091 -0.000021 -0.148339
    10 -0.006790 -1.567259 0.002820 -1.212966 0.000000 -0.000003
    11 -0.002891 -1.160038 0.002748 -1.483442 0.000000 0.000000
    12 -0.018589 0.129953 -0.123721 -1.294580 0.001302 -1.635383
    13 -0.006160 0.170065 -0.110169 -1.280084 -0.068681 -1.597215
    14 0.047100 -0.104074 -0.352264 -1.243368 -0.257298 -1.694346
    15 0.949953 -3.617903 -0.348122 0.036890 -0.077546 0.244337
    16 -0.017794 -1.596358 -0.003443 -0.138949 -0.075527 0.072087
    17 -0.002829 -0.937906 0.007065 -0.161673 -0.205416 0.065399
    18 -0.022325 0.045424 -0.038284 -1.125544 -0.129230 -1.681412
    19 -0.042900 -0.061274 -0.071212 -1.124462 -0.060454 -1.586099
    20 0.063741 -0.109104 -0.248158 -1.142813 -0.125805 -1.693583
    21 -1.407251 -3.245525 -0.346207 -1.394041 -0.038862 -0.289346
    22 0.010185 -1.202057 0.005877 -0.649495 0.014127 -0.009990
    23 -0.020050 -0.797217 0.006185 -1.212969 0.000001 0.000004
    24 -0.011721 0.093267 0.017949 -1.687855 -0.079155 -1.575164
    25 0.048863 -0.085541 0.028626 -1.715605 -0.034569 -1.653190
    26 0.173918 -0.198416 -0.336163 -1.668104 -0.422317 -1.710956
    27 0.438974 -0.490226 0.396323 0.438609 -0.549483 -1.232876
    28 2.352359 0.010252 0.001103 -0.301836 -0.077709 -0.782132
    29 1.249212 0.004522 -0.002867 -0.006415 -0.055036 -0.914682
    30 -0.267709 0.037512 -0.093907 2.913812 -0.143386 0.078467
    31 -0.029266 0.205408 -0.329287 2.788574 -0.255486 -0.188917
    32 0.204373 0.521055 -0.268577 2.886669 0.042206 -0.230367
    33 0.195697 -0.010059 -0.293538 -1.333586 0.150863 -1.672749
    34 1.257181 8.762590 -0.153713 -1.570562 0.002683 -1.566808
    35 -0.093500 -0.114213 -0.738866 -1.570842 0.061811 0.002096
    36 0.010843 0.093624 -0.081439 -3.141462 0.041719 -1.568236
    37 9.631877 -1.719433 -18.779200 -2.438446 0.502168 -0.257812
    38 0.104748 -10.673144 -0.005453 0.190380 -0.116526 -0.076023
    39 0.549521 -3.646670 -0.344972 -0.281532 -0.046218 -0.024594
    40 0.025684 -1.503640 0.001039 -1.435376 0.000001 -0.000004
    41 0.012045 -0.928479 -0.004583 -0.767307 -0.000002 -0.000001
    42 0.006928 0.005329 -0.181358 -1.528500 -0.248579 -1.611362
    43 -0.052313 0.038589 -0.230757 -1.592493 -0.043415 -1.528515
    44 -0.232600 -0.209656 -0.420669 -1.713790 -0.167173 -1.438930
    45 -0.218280 -3.737618 -0.346082 -0.161209 -0.000005 -0.000020
    46 0.015894 -1.578467 0.006170 -1.337710 0.000020 -0.000009
    47 0.000478 -1.172547 0.000249 -0.864150 0.000021 0.000018
    48 -0.038065 0.069166 -0.159883 -1.816986 0.066178 -1.575392
    49 -0.025151 0.088762 -0.068837 -1.817843 0.044510 -1.568287
    50 -0.102916 -0.186983 -0.272246 -1.833683 -0.232962 -1.472375
    51 -1.034178 -3.578138 -0.347066 -0.099864 0.000019 -0.000003
    52 0.001133 -1.610108 0.002370 -0.998323 0.000003 -0.000002
    53 0.005787 -0.946060 0.000512 -1.131893 0.000001 0.000001
    54 -0.004241 0.043707 -0.080203 -2.014997 -0.186996 -1.460723
    55 0.015383 -0.089136 -0.030010 -2.006083 0.036346 -1.568629
    56 -0.022610 -0.212357 -0.177905 -1.933161 -0.118801 -1.518895
    57 1.305107 -3.227548 -0.342207 -0.483982 -0.078965 -0.038578
    58 0.000595 -1.238418 0.002179 -0.717838 0.000004 0.000009
    59 0.003175 -0.774607 -0.000316 -0.548807 -0.000006 -0.000004
    60 -0.067138 0.063251 -0.010961 -0.899214 -0.014515 -1.600326
    61 -0.151180 -0.007395 -0.070065 -0.913061 -0.118819 -1.408558
    62 -0.178164 -0.244680 -0.357067 -1.159916 -0.384260 -1.556110
    63 -0.391451 -0.463665 0.379860 -0.068845 -0.286990 -2.726633
    64 2.472082 0.027425 0.001225 0.017057 0.002114 0.777384
    65 1.227325 0.009356 -0.005766 -0.000003 -0.000006 0.095672
    66 -0.263409 -0.117640 -0.015659 0.000036 -0.082210 -0.026800
    67 0.007707 -0.334360 -0.191575 0.070788 -0.181563 0.282364
    68 0.225562 -0.567923 -0.420715 0.119895 -0.183798 0.223460
    69 -0.203683 -0.095654 -0.328305 -1.745077 0.075142 -1.515382
    70 -1.393460 8.839182 -0.239439 1.580804 -0.005024 -1.566848
    71 0.036020 0.082815 -0.692656 -1.570769 0.065989 0.001276
    72 -0.088586 0.054020 -0.088594 0.010231 0.033800 -1.560851
    73 0.120153 -0.050270 -0.054489 -2.854024 0.030688 -1.580508
    74 -0.139399 -0.111694 0.014400 0.285395 -0.031353 1.580313
    75 2.295096 -5.464362 0.992277 -1.255639 1.437608 -1.233844
    76 0.738178 -7.079689 1.130307 -2.109621 1.437608 -1.233844
    77 2.398058 -8.977903 1.443857 -1.128091 1.437608 -1.233844
    78 3.923708 -8.234629 1.417453 -1.247039 1.437608 -1.233844
  time 22
    0 1.629157 0.000000 0.541027 0.000000 0.000000 -1.570796
    1 -4.690324 8.684045 -11.497882 5.651890 -1.152597 -4.206311
    2 -0.001605 -10.698019 -0.002571 0.339785 -0.061842 -0.199844
    3 -0.652586 -3.626730 -0.345451 -1.003497 0.000001 -0.122197
    4 -0.010896 -1.503230 0.002508 -1.090832 -0.000001 -0.000002
    5 0.001444 -0.954641 -0.003577 -1.343863 0.000000 0.000000
    6 0.007988 0.172184 -0.118553 -1.598091 -0.216549 -1.570593
    7 0.080660 0.135929 -0.203919 -1.506824 -0.066185 -1.662786
    8 0.117288 -0.155554 -0.604544 -1.412988 -0.374558 -1.569222
    9 0.128930 -3.758196 -0.347774 -0.890091 -0.000021 -0.148339
    10 -0.006790 -1.563353 0.002820 -1.212966 0.000000 -0.000003
    11 -0.002891 -1.160038 0.006655 -1.483442 0.000000 0.000000
    12 -0.018589 0.129953 -0.123721 -1.294580 0.001302 -1.635383
    13 -0.006160 0.170065 -0.110169 -1.280084 -0.068681 -1.597215
    14 0.047100 -0.104074 -0.352264 -1.243368 -0.257298 -1.694346
    15 0.949953 -3.613996 -0.348122 0.035536 -0.077066 0.243834
    16 -0.017794 -1.596358 -0.003443 -0.137257 -0.075850 0.072183
    17 -0.006735 -0.941812 0.003159 -0.162147 -0.204840 0.065267
    18 -0.022325 0.045424 -0.038284 -1.125544 -0.129230 -1.681412
    19 -0.042900 -0.061274 -0.071212 -1.124462 -0.060454 -1.586099
    20 0.063741 -0.109104 -0.248158 -1.142813 -0.125805 -1.693583
    21 -1.407251 -3.245525 -0.346207 -1.390563 -0.038227 -0.287908
    22 0.006279 -1.202057 0.005877 -0.649244 0.014019 -0.009906
    23 -0.020050 -0.797217 0.002278 -1.212969 0.000001 0.000004
    24 -0.011721 0.093267 0.017949 -1.687855 -0.079155 -1.575164
    25 0.048863 -0.085541 0.028626 -1.715605 -0.034569 -1.653190
    26 0.173918 -0.198416 -0.336163 -1.668104 -0.422317 -1.710956
    27 0.438974 -0.490226 0.392416 0.438082 -0.550202 -1.231548
    28 2.352359 0.010252 0.001103 -0.301800 -0.080154 -0.790322
    29 1.245306 0.004522 -0.002867 -0.009555 -0.057301 -1.033295
    30 -0.267709 0.037512 -0.093907 2.913812 -0.143386 0.078467
    31 -0.029266 0.205408 -0.329287 2.788574 -0.255486 -0.188917
    32 0.204373 0.521055 -0.268577 2.886669 0.042206 -0.230367
    33 0.195697 -0.010059 -0.293538 -1.333586 0.150863 -1.672749
    34 1.257181 8.762590 -0.153713 -1.570562 0.002683 -1.566808
    35 -0.093500 -0.114213 -0.738866 -1.570842 0.061811 0.002096
    36 0.010843 0.093624 -0.081439 -3.141462 0.041719 -1.568236
    37 10.362368 -1.528021 -18.974519 -2.398107 0.461720 -0.210774
    38 0.104748 -10.673144 -0.005453 0.154089 -0.124783 -0.088388
    39 0.553428 -3.650577 -0.344972 -0.281289 -0.046218 -0.024594
    40 0.025684 -1.507546 0.001039 -1.477425 0.000001 -0.000004
    41 0.008139 -0.928479 -0.000677 -0.780416 -0.000002 -0.000001
    42 0.006928 0.005329 -0.181358 -1.528500 -0.248579 -1.611362
    43 -0.052313 0.038589 -0.230757 -1.592493 -0.043415 -1.528515
    44 -0.232600 -0.209656 -0.420669 -1.713790 -0.167173 -1.438930
    45 -0.218280 -3.741524 -0.346082 -0.150693 -0.000005 -0.000020
    46 0.019801 -1.578467 0.006170 -1.438767 0.000020 -0.000009
    47 0.004384 -1.172547 0.004155 -0.875258 0.000021 0.000018
    48 -0.038065 0.069166 -0.159883 -1.816986 0.066178 -1.575392
    49 -0.025151 0.088762 -0.068837 -1.817843 0.044510 -1.568287
    50 -0.102916 -0.186983 -0.272246 -1.833683 -0.232962 -1.472375
    51 -1.030272 -3.582044 -0.343160 -0.089306 0.000019 -0.000003
    52 0.001133 -1.610108 0.002370 -1.081929 0.000003 -0.000002
    53 0.005787 -0.946060 0.004418 -1.154872 0.000001 0.000001
    54 -0.004241 0.043707 -0.080203 -2.014997 -0.186996 -1.460723
    55 0.015383 -0.089136 -0.030010 -2.006083 0.036346 -1.568629
    56 -0.022610 -0.212357 -0.177905 -1.933161 -0.118801 -1.518895
    57 1.305107 -3.227548 -0.346114 -0.515167 -0.078965 -0.038578
    58 0.000595 -1.242324 0.002179 -0.788850 0.000004 0.000009
    59 0.003175 -0.774607 -0.004222 -0.583972 -0.000006 -0.000004
    60 -0.067138 0.063251 -0.010961 -0.899214 -0.014515 -1.600326
    61 -0.151180 -0.007395 -0.070065 -0.913061 -0.118819 -1.408558
    62 -0.178164 -0.244680 -0.357067 -1.159916 -0.384260 -1.556110
    63 -0.391451 -0.463665 0.383766 -0.065609 -0.336918 -2.708738
    64 2.472082 0.027425 0.001225 0.050734 -0.003279 0.802266
    65 1.227325 0.009356 -0.005766 -0.000003 -0.000006 0.267969
    66 -0.263409 -0.117640 -0.015659 0.000036 -0.082210 -0.026800
    67 0.007707 -0.334360 -0.191575 0.070788 -0.181563 0.282364
    68 0.225562 -0.567923 -0.420715 0.119895 -0.183798 0.223460
    69 -0.203683 -0.095654 -0.328305 -1.745077 0.075142 -1.515382
    70 -1.393460 8.839182 -0.239439 1.580804 -0.005024 -1.566848
    71 0.036020 0.082815 -0.692656 -1.570769 0.065989 0.001276
    72 -0.088586 0.054020 -0.088594 0.010231 0.033800 -1.560851
    73 0.120153 -0.050270 -0.054489 -2.854024 0.030688 -1.580508
    74 -0.139399 -0.111694 0.014400 0.285395 -0.031353 1.580313
    75 2.295096 -5.479987 0.992277 -1.256355 1.437608 -1.233844
    76 0.738178 -7.079689 1.130307 -2.121484 1.437608 -1.233844
    77 2.398058 -8.977903 1.443857 -1.056612 1.425060 -1.124174
    78 3.923708 -8.234629 1.417453 -1.247039 1.437608 -1.233844
  time 23
    0 1.629157 0.000000 0.541027 0.000000 0.000000 -1.570796
    1 -4.690324 8.684045 -11.454911 5.621786 -1.130457 -4.172474
    2 -0.001605 -10.701926 -0.006478 0.340610 -0.072339 -0.215274
    3 -0.652586 -3.626730 -0.345451 -1.003497 0.000001 -0.122197
    4 -0.006990 -1.503230 0.002508 -1.090800 -0.000001 -0.000002
    5 0.001444 -0.954641 -0.007484 -1.343863 0.000000 0.000000
    6 0.007988 0.172184 -0.118553 -1.598091 -0.216549 -1.570593
    7 0.080660 0.135929 -0.203919 -1.506824 -0.066185 -1.662786
    8 0.117288 -0.155554 -0.604544 -1.412988 -0.374558 -1.569222
    9 0.128930 -3.758196 -0.347774 -0.890091 -0.000021 -0.148339
    10 -0.002884 -1.567259 0.006726 -1.212966 0.000000 -0.000003
    11 -0.002891 -1.160038 0.006655 -1.483442 0.000000 0.000000
    12 -0.018589 0.129953 -0.123721 -1.294580 0.001302 -1.635383
    13 -0.006160 0.170065 -0.110169 -1.280084 -0.068681 -1.597215
    14 0.047100 -0.104074 -0.352264 -1.243368 -0.257298 -1.694346
    15 0.949953 -3.617903 -0.348122 0.034026 -0.076551 0.243247
    16 -0.017794 -1.596358 -0.003443 -0.135677 -0.076114 0.072207
    17 -0.006735 -0.941812 0.003159 -0.162767 -0.204109 0.065099
    18 -0.022325 0.045424 -0.038284 -1.125544 -0.129230 -1.681412
    19 -0.042900 -0.061274 -0.071212 -1.124462 -0.060454 -1.586099
    20 0.063741 -0.109104 -0.248158 -1.142813 -0.125805 -1.693583
    21 -1.407251 -3.245525 -0.342301 -1.386855 -0.037556 -0.286374
    22 0.006279 -1.202057 0.001971 -0.648993 0.013923 -0.009834
    23 -0.020050 -0.797217 0.002278 -1.212969 0.000001 0.000004
    24 -0.011721 0.093267 0.017949 -1.687855 -0.079155 -1.575164
    25 0.048863 -0.085541 0.028626 -1.715605 -0.034569 -1.653190
    26 0.173918 -0.198416 -0.336163 -1.668104 -0.422317 -1.710956
    27 0.438974 -0.486320 0.392416 0.437339 -0.550658 -1.230139
    28 2.352359 0.010252 0.005009 -0.301836 -0.080369 -0.790781
    29 1.245306 0.004522 -0.002867 -0.012000 -0.058895 -1.126053
    30 -0.267709 0.037512 -0.093907 2.913812 -0.143386 0.078467
    31 -0.029266 0.205408 -0.329287 2.788574 -0.255486 -0.188917
    32 0.204373 0.521055 -0.268577 2.886669 0.042206 -0.230367
    33 0.195697 -0.010059 -0.293538 -1.333586 0.150863 -1.672749
    34 1.257181 8.762590 -0.153713 -1.570562 0.002683 -1.566808
    35 -0.093500 -0.114213 -0.738866 -1.570842 0.061811 0.002096
    36 0.010843 0.093624 -0.081439 -3.141462 0.041719 -1.568236
    37 10.913166 -1.360047 -18.954987 -2.365819 0.416675 -0.165761
    38 0.104748 -10.673144 -0.005453 0.132846 -0.151788 -0.029045
    39 0.549521 -3.650577 -0.341066 -0.281654 -0.046218 -0.024594
    40 0.025684 -1.503640 0.001039 -1.515902 0.000001 -0.000004
    41 0.008139 -0.928479 -0.004583 -0.792352 -0.000002 -0.000001
    42 0.006928 0.005329 -0.181358 -1.528500 -0.248579 -1.611362
    43 -0.052313 0.038589 -0.230757 -1.592493 -0.043415 -1.528515
    44 -0.232600 -0.209656 -0.420669 -1.713790 -0.167173 -1.438930
    45 -0.218280 -3.737618 -0.346082 -0.142025 -0.000005 -0.000020
    46 0.015894 -1.578467 0.006170 -1.531626 0.000020 -0.000009
    47 0.004384 -1.176453 0.000249 -0.885212 0.000021 0.000018
    48 -0.038065 0.069166 -0.159883 -1.816986 0.066178 -1.575392
    49 -0.025151 0.088762 -0.068837 -1.817843 0.044510 -1.568287
    50 -0.102916 -0.186983 -0.272246 -1.833683 -0.232962 -1.472375
    51 -1.034178 -3.582044 -0.347066 -0.080531 0.000019 -0.000003
    52 0.001133 -1.610108 0.002370 -1.158669 0.000003 -0.000002
    53 0.005787 -0.946060 0.004418 -1.175484 0.000001 0.000001
    54 -0.004241 0.043707 -0.080203 -2.014997 -0.186996 -1.460723
    55 0.015383 -0.089136 -0.030010 -2.006083 0.036346 -1.568629
    56 -0.022610 -0.212357 -0.177905 -1.933161 -0.118801 -1.518895
    57 1.305107 -3.227548 -0.342207 -0.543788 -0.078965 -0.038578
    58 0.000595 -1.242324 0.006085 -0.854963 0.000004 0.000009
    59 0.003175 -0.774607 -0.000316 -0.616559 -0.000006 -0.000004
    60 -0.067138 0.063251 -0.010961 -0.899214 -0.014515 -1.600326
    61 -0.151180 -0.007395 -0.070065 -0.913061 -0.118819 -1.408558
    62 -0.178164 -0.244680 -0.357067 -1.159916 -0.384260 -1.556110
    63 -0.391451 -0.463665 0.383766 -0.063104 -0.382903 -2.693516
    64 2.472082 0.027425 0.005131 0.081486 -0.008996 0.823368
    65 1.227325 0.009356 -0.005766 -0.000003 -0.000006 0.428473
    66 -0.263409 -0.117640 -0.015659 0.000036 -0.082210 -0.026800
    67 0.007707 -0.334360 -0.191575 0.070788 -0.181563 0.282364
    68 0.225562 -0.567923 -0.420715 0.119895 -0.183798 0.223460
    69 -0.203683 -0.095654 -0.328305 -1.745077 0.075142 -1.515382
    70 -1.393460 8.839182 -0.239439 1.580804 -0.005024 -1.566848
    71 0.036020 0.082815 -0.692656 -1.570769 0.065989 0.001276
    72 -0.088586 0.054020 -0.088594 0.010231 0.033800 -1.560851
    73 0.120153 -0.050270 -0.054489 -2.854024 0.030688 -1.580508
    74 -0.139399 -0.111694 0.014400 0.285395 -0.031353 1.580313
    75 2.295096 -5.495613 0.992277 -1.257058 1.437608 -1.233844
    76 0.738178 -7.079689 1.130307 -2.132660 1.437608 -1.233844
    77 2.398058 -8.977903 1.443857 -1.040888 1.416096 -1.067632
    78 3.923708 -8.234629 1.417453 -1.247039 1.437608 -1.233844
  time 24
    0 1.629157 0.000000 0.541027 0.000000 0.000000 -1.570796
    1 -4.690324 8.695764 -11.376784 5.591776 -1.104052 -4.137591
    2 -0.001605 -10.698019 -0.002571 0.342076 -0.110135 -0.226635
    3 -0.652586 -3.626730 -0.345451 -1.003497 0.000001 -0.122197
    4 -0.006990 -1.503230 0.002508 -1.090800 -0.000001 -0.000002
    5 0.001444 -0.954641 -0.003577 -1.343863 0.000000 0.000000
    6 0.007988 0.172184 -0.118553 -1.598091 -0.216549 -1.570593
    7 0.080660 0.135929 -0.203919 -1.506824 -0.066185 -1.662786
    8 0.117288 -0.155554 -0.604544 -1.412988 -0.374558 -1.569222
    9 0.128930 -3.758196 -0.343868 -0.890091 -0.000021 -0.148339
    10 -0.006790 -1.567259 0.006726 -1.212966 0.000000 -0.000003
    11 -0.002891 -1.160038 0.002748 -1.483442 0.000000 0.000000
    12 -0.018589 0.129953 -0.123721 -1.294580 0.001302 -1.635383
    13 -0.006160 0.170065 -0.110169 -1.280084 -0.068681 -1.597215
    14 0.047100 -0.104074 -0.352264 -1.243368 -0.257298 -1.694346
    15 0.949953 -3.617903 -0.348122 0.032348 -0.075988 0.242611
    16 -0.017794 -1.596358 -0.003443 -0.134249 -0.076306 0.072159
    17 -0.002829 -0.941812 0.007065 -0.163514 -0.203247 0.064919
    18 -0.022325 0.045424 -0.038284 -1.125544 -0.129230 -1.681412
    19 -0.042900 -0.061274 -0.071212 -1.124462 -0.060454 -1.586099
    20 0.063741 -0.109104 -0.248158 -1.142813 -0.125805 -1.693583
    21 -1.407251 -3.245525 -0.346207 -1.383057 -0.036836 -0.284756
    22 0.010185 -1.202057 0.001971 -0.648684 0.013827 -0.009762
    23 -0.020050 -0.793311 0.002278 -1.212969 0.000001 0.000004
    24 -0.011721 0.093267 0.017949 -1.687855 -0.079155 -1.575164
    25 0.048863 -0.085541 0.028626 -1.715605 -0.034569 -1.653190
    26 0.173918 -0.198416 -0.336163 -1.668104 -0.422317 -1.710956
    27 0.438974 -0.490226 0.396323 0.436440 -0.550826 -1.228598
    28 2.352359 0.010252 0.005009 -0.301908 -0.080501 -0.790684
    29 1.249212 0.004522 -0.006774 -0.013714 -0.059410 -1.182667
    30 -0.267709 0.037512 -0.093907 2.913812 -0.143386 0.078467
    31 -0.029266 0.205408 -0.329287 2.788574 -0.255486 -0.188917
    32 0.204373 0.521055 -0.268577 2.886669 0.042206 -0.230367
    33 0.195697 -0.010059 -0.293538 -1.333586 0.150863 -1.672749
    34 1.257181 8.762590 -0.153713 -1.570562 0.002683 -1.566808
    35 -0.093500 -0.114213 -0.738866 -1.570842 0.061811 0.002096
    36 0.010843 0.093624 -0.081439 -3.141462 0.041719 -1.568236
    37 10.776443 -1.242856 -18.521380 -2.347416 0.393124 -0.135568
    38 0.104748 -10.673144 -0.005453 0.124238 -0.194113 0.105058
    39 0.549521 -3.646670 -0.344972 -0.281897 -0.046218 -0.024594
    40 0.025684 -1.503640 0.001039 -1.550391 0.000001 -0.000004
    41 0.008139 -0.932386 -0.004583 -0.803090 -0.000002 -0.000001
    42 0.006928 0.005329 -0.181358 -1.528500 -0.248579 -1.611362
    43 -0.052313 0.038589 -0.230757 -1.592493 -0.043415 -1.528515
    44 -0.232600 -0.209656 -0.420669 -1.713790 -0.167173 -1.438930
    45 -0.218280 -3.737618 -0.346082 -0.134628 -0.000005 -0.000020
    46 0.015894 -1.578467 0.006170 -1.613669 0.000020 -0.000009
    47 0.004384 -1.176453 0.000249 -0.894012 0.000021 0.000018
    48 -0.038065 0.069166 -0.159883 -1.816986 0.066178 -1.575392
    49 -0.025151 0.088762 -0.068837 -1.817843 0.044510 -1.568287
    50 -0.102916 -0.186983 -0.272246 -1.833683 -0.232962 -1.472375
    51 -1.030272 -3.582044 -0.343160 -0.073117 0.000019 -0.000003
    52 0.001133 -1.610108 0.002370 -1.226421 0.000003 -0.000002
    53 0.005787 -0.946060 0.004418 -1.193651 0.000001 0.000001
    54 -0.004241 0.043707 -0.080203 -2.014997 -0.186996 -1.460723
    55 0.015383 -0.089136 -0.030010 -2.006083 0.036346 -1.568629
    56 -0.022610 -0.212357 -0.177905 -1.933161 -0.118801 -1.518895
    57 1.305107 -3.227548 -0.342207 -0.568672 -0.078965 -0.038578
    58 0.004502 -1.242324 0.006085 -0.914041 0.000004 0.000009
    59 0.003175 -0.774607 -0.000316 -0.645623 -0.000006 -0.000004
    60 -0.067138 0.063251 -0.010961 -0.899214 -0.014515 -1.600326
    61 -0.151180 -0.007395 -0.070065 -0.913061 -0.118819 -1.408558
    62 -0.178164 -0.244680 -0.357067 -1.159916 -0.384260 -1.556110
    63 -0.391451 -0.463665 0.379860 -0.061379 -0.421649 -2.681323
    64 2.472082 0.027425 0.001225 0.107289 -0.014281 0.840237
    65 1.227325 0.009356 -0.005766 -0.000003 -0.000006 0.564878
    66 -0.263409 -0.117640 -0.015659 0.000036 -0.082210 -0.026800
    67 0.007707 -0.334360 -0.191575 0.070788 -0.181563 0.282364
    68 0.225562 -0.567923 -0.420715 0.119895 -0.183798 0.223460
    69 -0.203683 -0.095654 -0.328305 -1.745077 0.075142 -1.515382
    70 -1.393460 8.839182 -0.239439 1.580804 -0.005024 -1.566848
    71 0.036020 0.082815 -0.692656 -1.570769 0.065989 0.001276
    72 -0.088586 0.054020 -0.088594 0.010231 0.033800 -1.560851
    73 0.120153 -0.050270 -0.054489 -2.854024 0.030688 -1.580508
    74 -0.139399 -0.111694 0.014400 0.285395 -0.031353 1.580313
    75 2.295096 -5.511238 0.996183 -1.257799 1.437608 -1.233844
    76 0.738178 -7.079689 1.130307 -2.143238 1.437608 -1.233844
    77 2.441028 -8.977903 1.447763 -1.121589 1.424760 -1.166068
    78 3.923708 -8.234629 1.417453 -1.247039 1.437608 -1.233844
  time 25
    0 1.629157 0.000000 0.541027 0.000000 0.000000 -1.570796
    1 -4.690324 8.707483 -11.298657 5.568912 -1.080002 -4.110692
    2 -0.005512 -10.701926 -0.002571 0.343752 -0.165283 -0.230289
    3 -0.652586 -3.626730 -0.341545 -1.003497 0.000001 -0.122197
    4 -0.010896 -1.507136 0.002508 -1.090800 -0.000001 -0.000002
    5 0.001444 -0.954641 -0.007484 -1.343863 0.000000 0.000000
    6 0.007988 0.172184 -0.118553 -1.598091 -0.216549 -1.570593
    7 0.080660 0.135929 -0.203919 -1.506824 -0.066185 -1.662786
    8 0.117288 -0.155554 -0.604544 -1.412988 -0.374558 -1.569222
    9 0.128930 -3.758196 -0.343868 -0.890091 -0.000021 -0.148339
    10 -0.006790 -1.567259 0.006726 -1.212966 0.000000 -0.000003
    11 -0.006797 -1.160038 0.002748 -1.483442 0.000000 0.000000
    12 -0.018589 0.129953 -0.123721 -1.294580 0.001302 -1.635383
    13 -0.006160 0.170065 -0.110169 -1.280084 -0.068681 -1.597215
    14 0.047100 -0.104074 -0.352264 -1.243368 -0.257298 -1.694346
    15 0.949953 -3.617903 -0.344216 0.030527 -0.075365 0.241904
    16 -0.021700 -1.596358 -0.003443 -0.132857 -0.076390 0.072039
    17 -0.006735 -0.941812 0.007065 -0.164407 -0.202228 0.064680
    18 -0.022325 0.045424 -0.038284 -1.125544 -0.129230 -1.681412
    19 -0.042900 -0.061274 -0.071212 -1.124462 -0.060454 -1.586099
    20 0.063741 -0.109104 -0.248158 -1.142813 -0.125805 -1.693583
    21 -1.407251 -3.245525 -0.342301 -1.378892 -0.036093 -0.283067
    22 0.010185 -1.202057 0.001971 -0.648375 0.013708 -0.009678
    23 -0.020050 -0.797217 0.002278 -1.212969 0.000001 0.000004
    24 -0.011721 0.093267 0.017949 -1.687855 -0.079155 -1.575164
    25 0.048863 -0.085541 0.028626 -1.715605 -0.034569 -1.653190
    26 0.173918 -0.198416 -0.336163 -1.668104 -0.422317 -1.710956
    27 0.438974 -0.490226 0.396323 0.435349 -0.550778 -1.226950
    28 2.352359 0.010252 0.005009 -0.302004 -0.080537 -0.790129
    29 1.249212 0.004522 -0.002867 -0.013966 -0.059362 -1.189084
    30 -0.267709 0.037512 -0.093907 2.913812 -0.143386 0.078467
    31 -0.029266 0.205408 -0.329287 2.788574 -0.255486 -0.188917
    32 0.204373 0.521055 -0.268577 2.886669 0.042206 -0.230367
    33 0.195697 -0.010059 -0.293538 -1.333586 0.150863 -1.672749
    34 1.257181 8.762590 -0.153713 -1.570562 0.002683 -1.566808
    35 -0.093500 -0.114213 -0.738866 -1.570842 0.061811 0.002096
    36 0.010843 0.093624 -0.081439 -3.141462 0.041719 -1.568236
    37 9.670941 -1.129571 -17.372907 -2.363683 0.429176 -0.140355
    38 0.104748 -10.673144 -0.005453 0.123618 -0.226742 0.239485
    39 0.553428 -3.650577 -0.341066 -0.281228 -0.046218 -0.024594
    40 0.025684 -1.507546 0.001039 -1.580478 0.000001 -0.000004
    41 0.008139 -0.932386 -0.004583 -0.812420 -0.000002 -0.000001
    42 0.006928 0.005329 -0.181358 -1.528500 -0.248579 -1.611362
    43 -0.052313 0.038589 -0.230757 -1.592493 -0.043415 -1.528515
    44 -0.232600 -0.209656 -0.420669 -1.713790 -0.167173 -1.438930
    45 -0.218280 -3.741524 -0.346082 -0.128157 -0.000005 -0.000020
    46 0.019801 -1.578467 0.006170 -1.682746 0.000020 -0.000009
    47 0.000478 -1.176453 0.000249 -0.901456 0.000021 0.000018
    48 -0.038065 0.069166 -0.159883 -1.816986 0.066178 -1.575392
    49 -0.025151 0.088762 -0.068837 -1.817843 0.044510 -1.568287
    50 -0.102916 -0.186983 -0.272246 -1.833683 -0.232962 -1.472375
    51 -1.030272 -3.582044 -0.347066 -0.066782 0.000019 -0.000003
    52 0.001133 -1.610108 0.006276 -1.283017 0.000003 -0.000002
    53 0.005787 -0.946060 0.004418 -1.209130 0.000001 0.000001
    54 -0.004241 0.043707 -0.080203 -2.014997 -0.186996 -1.460723
    55 0.015383 -0.089136 -0.030010 -2.006083 0.036346 -1.568629
    56 -0.022610 -0.212357 -0.177905 -1.933161 -0.118801 -1.518895
    57 1.305107 -3.227548 -0.342207 -0.588109 -0.078965 -0.038578
    58 0.000595 -1.242324 0.006085 -0.964229 0.000004 0.000009
    59 0.003175 -0.774607 -0.000316 -0.670219 -0.000006 -0.000004
    60 -0.067138 0.063251 -0.010961 -0.899214 -0.014515 -1.600326
    61 -0.151180 -0.007395 -0.070065 -0.913061 -0.118819 -1.408558
    62 -0.178164 -0.244680 -0.357067 -1.159916 -0.384260 -1.556110
    63 -0.391451 -0.463665 0.383766 -0.060372 -0.449933 -2.672499
    64 2.472082 0.027425 0.001225 0.126057 -0.018428 0.852161
    65 1.223419 0.009356 -0.005766 -0.000003 -0.000006 0.664718
    66 -0.263409 -0.117640 -0.015659 0.000036 -0.082210 -0.026800
    67 0.007707 -0.334360 -0.191575 0.070788 -0.181563 0.282364
    68 0.225562 -0.567923 -0.420715 0.119895 -0.183798 0.223460
    69 -0.203683 -0.095654 -0.328305 -1.745077 0.075142 -1.515382
    70 -1.393460 8.839182 -0.239439 1.580804 -0.005024 -1.566848
    71 0.036020 0.082815 -0.692656 -1.570769 0.065989 0.001276
    72 -0.088586 0.054020 -0.088594 0.010231 0.033800 -1.560851
    73 0.120153 -0.050270 -0.054489 -2.854024 0.030688 -1.580508
    74 -0.139399 -0.111694 0.014400 0.285395 -0.031353 1.580313
    75 2.295096 -5.534676 1.003996 -1.258551 1.437608 -1.233844
    76 0.738178 -7.079689 1.130307 -2.153189 1.437608 -1.233844
    77 2.483998 -8.977903 1.455576 -1.265185 1.437248 -1.346369
    78 3.923708 -8.234629 1.417453 -1.247039 1.437608 -1.233844
  time 26
    0 1.629157 0.000000 0.541027 0.000000 0.000000 -1.570796
    1 -4.690324 8.719202 -11.232248 5.557765 -1.065337 -4.097100
    2 -0.001605 -10.698019 -0.002571 0.343372 -0.188249 -0.222199
    3 -0.652586 -3.626730 -0.341545 -1.003497 0.000001 -0.122197
    4 -0.006990 -1.507136 0.002508 -1.090800 -0.000001 -0.000002
    5 0.001444 -0.954641 -0.003577 -1.343863 0.000000 0.000000
    6 0.007988 0.172184 -0.118553 -1.598091 -0.216549 -1.570593
    7 0.080660 0.135929 -0.203919 -1.506824 -0.066185 -1.662786
    8 0.117288 -0.155554 -0.604544 -1.412988 -0.374558 -1.569222
    9 0.128930 -3.758196 -0.343868 -0.890091 -0.000021 -0.148339
    10 -0.006790 -1.563353 0.006726 -1.212966 0.000000 -0.000003
    11 -0.002891 -1.160038 0.002748 -1.483442 0.000000 0.000000
    12 -0.018589 0.129953 -0.123721 -1.294580 0.001302 -1.635383
    13 -0.006160 0.170065 -0.110169 -1.280084 -0.068681 -1.597215
    14 0.047100 -0.104074 -0.352264 -1.243368 -0.257298 -1.694346
    15 0.949953 -3.613996 -0.344216 0.028537 -0.074681 0.241149
    16 -0.021700 -1.596358 -0.003443 -0.131617 -0.076390 0.071884
    17 -0.006735 -0.941812 0.007065 -0.165446 -0.201029 0.064416
    18 -0.022325 0.045424 -0.038284 -1.125544 -0.129230 -1.681412
    19 -0.042900 -0.061274 -0.071212 -1.124462 -0.060454 -1.586099
    20 0.063741 -0.109104 -0.248158 -1.142813 -0.125805 -1.693583
    21 -1.407251 -3.245525 -0.342301 -1.374681 -0.035338 -0.281269
    22 0.006279 -1.202057 0.001971 -0.648047 0.013600 -0.009607
    23 -0.020050 -0.797217 0.002278 -1.212969 0.000001 0.000004
    24 -0.011721 0.093267 0.017949 -1.687855 -0.079155 -1.575164
    25 0.048863 -0.085541 0.028626 -1.715605 -0.034569 -1.653190
    26 0.173918 -0.198416 -0.336163 -1.668104 -0.422317 -1.710956
    27 0.438974 -0.486320 0.392416 0.434139 -0.550478 -1.225196
    28 2.352359 0.010252 0.005009 -0.302099 -0.080477 -0.789090
    29 1.249212 0.004522 -0.002867 -0.014205 -0.059266 -1.194395
    30 -0.267709 0.037512 -0.093907 2.913812 -0.143386 0.078467
    31 -0.029266 0.205408 -0.329287 2.788574 -0.255486 -0.188917
    32 0.204373 0.521055 -0.268577 2.886669 0.042206 -0.230367
    33 0.195697 -0.010059 -0.293538 -1.333586 0.150863 -1.672749
    34 1.257181 8.762590 -0.153713 -1.570562 0.002683 -1.566808
    35 -0.093500 -0.114213 -0.738866 -1.570842 0.061811 0.002096
    36 0.010843 0.093624 -0.081439 -3.141462 0.041719 -1.568236
    37 8.471685 -1.149103 -16.454910 -2.402872 0.497490 -0.166221
    38 0.108654 -10.673144 -0.005453 0.136364 -0.225757 0.297667
    39 0.549521 -3.650577 -0.341066 -0.278613 -0.046218 -0.024594
    40 0.025684 -1.507546 0.001039 -1.605594 0.000001 -0.000004
    41 0.008139 -0.932386 -0.000677 -0.820291 -0.000002 -0.000001
    42 0.006928 0.005329 -0.181358 -1.528500 -0.248579 -1.611362
    43 -0.052313 0.038589 -0.230757 -1.592493 -0.043415 -1.528515
    44 -0.232600 -0.209656 -0.420669 -1.713790 -0.167173 -1.438930
    45 -0.218280 -3.741524 -0.346082 -0.122147 -0.000005 -0.000020
    46 0.019801 -1.582373 0.006170 -1.736589 0.000020 -0.000009
    47 0.000478 -1.176453 0.000249 -0.907515 0.000021 0.000018
    48 -0.038065 0.069166 -0.159883 -1.816986 0.066178 -1.575392
    49 -0.025151 0.088762 -0.068837 -1.817843 0.044510 -1.568287
    50 -0.102916 -0.186983 -0.272246 -1.833683 -0.232962 -1.472375
    51 -1.034178 -3.578138 -0.347066 -0.061104 0.000019 -0.000003
    52 0.001133 -1.610108 0.002370 -1.326378 0.000003 -0.000002
    53 0.005787 -0.946060 0.000512 -1.221723 0.000001 0.000001
    54 -0.004241 0.043707 -0.080203 -2.014997 -0.186996 -1.460723
    55 0.015383 -0.089136 -0.030010 -2.006083 0.036346 -1.568629
    56 -0.022610 -0.212357 -0.177905 -1.933161 -0.118801 -1.518895
    57 1.305107 -3.227548 -0.342207 -0.600497 -0.078965 -0.038578
    58 0.000595 -1.242324 0.006085 -1.003532 0.000004 0.000009
    59 0.003175 -0.774607 -0.000316 -0.689358 -0.000006 -0.000004
    60 -0.067138 0.063251 -0.010961 -0.899214 -0.014515 -1.600326
    61 -0.151180 -0.007395 -0.070065 -0.913061 -0.118819 -1.408558
    62 -0.178164 -0.244680 -0.357067 -1.159916 -0.384260 -1.556110
    63 -0.391451 -0.463665 0.379860 -0.060060 -0.464542 -2.667492
    64 2.472082 0.027425 0.001225 0.135716 -0.020669 0.858818
    65 1.223419 0.009356 -0.005766 -0.000003 -0.000006 0.715556
    66 -0.263409 -0.117640 -0.015659 0.000036 -0.082210 -0.026800
    67 0.007707 -0.334360 -0.191575 0.070788 -0.181563 0.282364
    68 0.225562 -0.567923 -0.420715 0.119895 -0.183798 0.223460
    69 -0.203683 -0.095654 -0.328305 -1.745077 0.075142 -1.515382
    70 -1.393460 8.839182 -0.239439 1.580804 -0.005024 -1.566848
    71 0.036020 0.082815 -0.692656 -1.570769 0.065989 0.001276
    72 -0.088586 0.054020 -0.088594 0.010231 0.033800 -1.560851
    73 0.120153 -0.050270 -0.054489 -2.854024 0.030688 -1.580508
    74 -0.139399 -0.111694 0.014400 0.285395 -0.031353 1.580313
    75 2.295096 -5.550302 1.000090 -1.259279 1.437608 -1.233844
    76 0.738178 -7.079689 1.130307 -2.162512 1.437608 -1.233844
    77 2.398058 -8.977903 1.443857 -1.450683 1.446249 -1.572412
    78 3.923708 -8.234629 1.417453 -1.247039 1.437608 -1.233844
  time 27
    0 1.629157 0.000000 0.541027 0.000000 0.000000 -1.570796
    1 -4.690324 8.723109 -11.185372 5.555955 -1.059772 -4.094819
    2 -0.001605 -10.698019 -0.002571 0.340414 -0.163550 -0.199366
    3 -0.652586 -3.626730 -0.341545 -1.003497 0.000001 -0.122197
    4 -0.006990 -1.503230 0.002508 -1.090800 -0.000001 -0.000002
    5 0.001444 -0.954641 -0.003577 -1.343863 0.000000 0.000000
    6 0.007988 0.172184 -0.118553 -1.598091 -0.216549 -1.570593
    7 0.080660 0.135929 -0.203919 -1.506824 -0.066185 -1.662786
    8 0.117288 -0.155554 -0.604544 -1.412988 -0.374558 -1.569222
    9 0.128930 -3.762102 -0.347774 -0.890091 -0.000021 -0.148339
    10 -0.006790 -1.563353 0.006726 -1.212966 0.000000 -0.000003
    11 -0.006797 -1.160038 0.002748 -1.483442 0.000000 0.000000
    12 -0.018589 0.129953 -0.123721 -1.294580 0.001302 -1.635383
    13 -0.006160 0.170065 -0.110169 -1.280084 -0.068681 -1.597215
    14 0.047100 -0.104074 -0.352264 -1.243368 -0.257298 -1.694346
    15 0.949953 -3.617903 -0.348122 0.026416 -0.073950 0.240322
    16 -0.017794 -1.596358 -0.007350 -0.130376 -0.076306 0.071644
    17 -0.002829 -0.941812 0.007065 -0.166631 -0.199735 0.064129
    18 -0.022325 0.045424 -0.038284 -1.125544 -0.129230 -1.681412
    19 -0.042900 -0.061274 -0.071212 -1.124462 -0.060454 -1.586099
    20 0.063741 -0.109104 -0.248158 -1.142813 -0.125805 -1.693583
    21 -1.407251 -3.245525 -0.346207 -1.370196 -0.034547 -0.279375
    22 0.010185 -1.202057 0.001971 -0.647680 0.013480 -0.009511
    23 -0.020050 -0.797217 0.002278 -1.212969 0.000001 0.000004
    24 -0.011721 0.093267 0.017949 -1.687855 -0.079155 -1.575164
    25 0.048863 -0.085541 0.028626 -1.715605 -0.034569 -1.653190
    26 0.173918 -0.198416 -0.336163 -1.668104 -0.422317 -1.710956
    27 0.442881 -0.490226 0.396323 0.432797 -0.549963 -1.223362
    28 2.352359 0.010252 0.001103 -0.302231 -0.080333 -0.787616
    29 1.245306 0.004522 -0.006774 -0.014445 -0.059110 -1.198637
    30 -0.267709 0.037512 -0.093907 2.913812 -0.143386 0.078467
    31 -0.029266 0.205408 -0.329287 2.788574 -0.255486 -0.188917
    32 0.204373 0.521055 -0.268577 2.886669 0.042206 -0.230367
    33 0.195697 -0.010059 -0.293538 -1.333586 0.150863 -1.672749
    34 1.257181 8.762590 -0.153713 -1.570562 0.002683 -1.566808
    35 -0.093500 -0.114213 -0.738866 -1.570842 0.061811 0.002096
    36 0.010843 0.093624 -0.081439 -3.141462 0.041719 -1.568236
    37 7.850573 -1.434268 -16.904143 -2.441321 0.563425 -0.191627
    38 0.104748 -10.673144 -0.001547 0.160263 -0.192711 0.284924
    39 0.549521 -3.650577 -0.341066 -0.275087 -0.046218 -0.024594
    40 0.025684 -1.507546 0.001039 -1.618747 0.000001 -0.000004
    41 0.012045 -0.928479 -0.004583 -0.824252 -0.000002 -0.000001
    42 0.006928 0.005329 -0.181358 -1.528500 -0.248579 -1.611362
    43 -0.052313 0.038589 -0.230757 -1.592493 -0.043415 -1.528515
    44 -0.232600 -0.209656 -0.420669 -1.713790 -0.167173 -1.438930
    45 -0.218280 -3.741524 -0.346082 -0.116311 -0.000005 -0.000020
    46 0.019801 -1.582373 0.002264 -1.751474 0.000020 -0.000009
    47 0.004384 -1.176453 0.000249 -0.912852 0.000021 0.000018
    48 -0.038065 0.069166 -0.159883 -1.816986 0.066178 -1.575392
    49 -0.025151 0.088762 -0.068837 -1.817843 0.044510 -1.568287
    50 -0.102916 -0.186983 -0.272246 -1.833683 -0.232962 -1.472375
    51 -1.034178 -3.582044 -0.347066 -0.055848 0.000019 -0.000003
    52 0.001133 -1.610108 0.006276 -1.338438 0.000003 -0.000002
    53 0.005787 -0.946060 0.000512 -1.232390 0.000001 0.000001
    54 -0.004241 0.043707 -0.080203 -2.014997 -0.186996 -1.460723
    55 0.015383 -0.089136 -0.030010 -2.006083 0.036346 -1.568629
    56 -0.022610 -0.212357 -0.177905 -1.933161 -0.118801 -1.518895
    57 1.305107 -3.227548 -0.342207 -0.609842 -0.078965 -0.038578
    58 0.000595 -1.242324 0.006085 -1.032721 0.000004 0.000009
    59 0.003175 -0.774607 -0.004222 -0.703214 -0.000006 -0.000004
    60 -0.067138 0.063251 -0.010961 -0.899214 -0.014515 -1.600326
    61 -0.151180 -0.007395 -0.070065 -0.913061 -0.118819 -1.408558
    62 -0.178164 -0.244680 -0.357067 -1.159916 -0.384260 -1.556110
    63 -0.391451 -0.463665 0.383766 -0.060168 -0.470858 -2.664726
    64 2.472082 0.027425 0.001225 0.139995 -0.021700 0.862631
    65 1.227325 0.009356 -0.005766 0.000033 -0.000006 0.737045
    66 -0.263409 -0.117640 -0.015659 0.000036 -0.082210 -0.026800
    67 0.007707 -0.334360 -0.191575 0.070788 -0.181563 0.282364
    68 0.225562 -0.567923 -0.420715 0.119895 -0.183798 0.223460
    69 -0.203683 -0.095654 -0.328305 -1.745077 0.075142 -1.515382
    70 -1.393460 8.839182 -0.239439 1.580804 -0.005024 -1.566848
    71 0.036020 0.082815 -0.692656 -1.570769 0.065989 0.001276
    72 -0.088586 0.054020 -0.088594 0.010231 0.033800 -1.560851
    73 0.120153 -0.050270 -0.054489 -2.854024 0.030688 -1.580508
    74 -0.139399 -0.111694 0.014400 0.285395 -0.031353 1.580313
    75 2.295096 -5.569834 1.007903 -1.260044 1.437608 -1.233844
    76 0.738178 -7.079689 1.130307 -2.171178 1.437608 -1.233844
    77 1.995702 -8.977903 1.381355 -1.651097 1.449257 -1.811178
    78 3.923708 -8.234629 1.417453 -1.247039 1.437608 -1.233844
  time 28
    0 1.629157 0.000000 0.541027 0.000000 0.000000 -1.570796
    1 -4.690324 8.727015 -11.142402 5.558147 -1.057741 -4.097100
    2 -0.005512 -10.701926 -0.002571 0.337285 -0.117960 -0.167134
    3 -0.652586 -3.626730 -0.345451 -1.003497 0.000001 -0.122197
    4 -0.006990 -1.507136 0.002508 -1.090800 -0.000001 -0.000002
    5 0.001444 -0.954641 -0.003577 -1.343863 0.000000 0.000000
    6 0.007988 0.172184 -0.118553 -1.598091 -0.216549 -1.570593
    7 0.080660 0.135929 -0.203919 -1.506824 -0.066185 -1.662786
    8 0.117288 -0.155554 -0.604544 -1.412988 -0.374558 -1.569222
    9 0.128930 -3.758196 -0.347774 -0.890091 -0.000021 -0.148339
    10 -0.006790 -1.567259 0.006726 -1.212966 0.000000 -0.000003
    11 -0.002891 -1.160038 0.002748 -1.483442 0.000000 0.000000
    12 -0.018589 0.129953 -0.123721 -1.294580 0.001302 -1.635383
    13 -0.006160 0.170065 -0.110169 -1.280084 -0.068681 -1.597215
    14 0.047100 -0.104074 -0.352264 -1.243368 -0.257298 -1.694346
    15 0.949953 -3.617903 -0.348122 0.024151 -0.073171 0.239447
    16 -0.021700 -1.596358 -0.003443 -0.129286 -0.076150 0.071308
    17 -0.006735 -0.937906 0.003159 -0.167943 -0.198309 0.063805
    18 -0.022325 0.045424 -0.038284 -1.125544 -0.129230 -1.681412
    19 -0.042900 -0.061274 -0.071212 -1.124462 -0.060454 -1.586099
    20 0.063741 -0.109104 -0.248158 -1.142813 -0.125805 -1.693583
    21 -1.407251 -3.245525 -0.346207 -1.365481 -0.033732 -0.277422
    22 0.010185 -1.202057 0.005877 -0.647352 0.013336 -0.009415
    23 -0.020050 -0.797217 0.002278 -1.212969 0.000001 0.000004
    24 -0.011721 0.093267 0.017949 -1.687855 -0.079155 -1.575164
    25 0.048863 -0.085541 0.028626 -1.715605 -0.034569 -1.653190
    26 0.173918 -0.198416 -0.336163 -1.668104 -0.422317 -1.710956
    27 0.438974 -0.486320 0.392416 0.431311 -0.549244 -1.221422
    28 2.356266 0.010252 0.005009 -0.302399 -0.080106 -0.785659
    29 1.245306 0.004522 -0.006774 -0.014673 -0.058931 -1.201735
    30 -0.267709 0.037512 -0.093907 2.913812 -0.143386 0.078467
    31 -0.029266 0.205408 -0.329287 2.788574 -0.255486 -0.188917
    32 0.204373 0.521055 -0.268577 2.886669 0.042206 -0.230367
    33 0.195697 -0.010059 -0.293538 -1.333586 0.150863 -1.672749
    34 1.257181 8.762590 -0.153713 -1.570562 0.002683 -1.566808
    35 -0.093500 -0.114213 -0.738866 -1.570842 0.061811 0.002096
    36 0.010843 0.093624 -0.081439 -3.141462 0.041719 -1.568236
    37 7.428685 -1.910845 -17.677604 -2.488479 0.634522 -0.225963
    38 0.104748 -10.673144 -0.005453 0.187083 -0.147735 0.259761
    39 0.549521 -3.650577 -0.344972 -0.271743 -0.046218 -0.024594
    40 0.025684 -1.503640 0.001039 -1.631124 0.000001 -0.000004
    41 0.008139 -0.928479 -0.004583 -0.827979 -0.000002 -0.000001
    42 0.006928 0.005329 -0.181358 -1.528500 -0.248579 -1.611362
    43 -0.052313 0.038589 -0.230757 -1.592493 -0.043415 -1.528515
    44 -0.232600 -0.209656 -0.420669 -1.713790 -0.167173 -1.438930
    45 -0.214374 -3.741524 -0.346082 -0.111052 -0.000005 -0.000020
    46 0.015894 -1.582373 0.006170 -1.765778 0.000020 -0.000009
    47 0.000478 -1.176453 0.004155 -0.918046 0.000021 0.000018
    48 -0.038065 0.069166 -0.159883 -1.816986 0.066178 -1.575392
    49 -0.025151 0.088762 -0.068837 -1.817843 0.044510 -1.568287
    50 -0.102916 -0.186983 -0.272246 -1.833683 -0.232962 -1.472375
    51 -1.034178 -3.582044 -0.343160 -0.051108 0.000019 -0.000003
    52 0.001133 -1.610108 0.002370 -1.349956 0.000003 -0.000002
    53 0.005787 -0.946060 0.004418 -1.242255 0.000001 0.000001
    54 -0.004241 0.043707 -0.080203 -2.014997 -0.186996 -1.460723
    55 0.015383 -0.089136 -0.030010 -2.006083 0.036346 -1.568629
    56 -0.022610 -0.212357 -0.177905 -1.933161 -0.118801 -1.518895
    57 1.305107 -3.227548 -0.342207 -0.620415 -0.078965 -0.038578
    58 0.000595 -1.242324 0.006085 -1.058375 0.000004 0.000009
    59 0.003175 -0.774607 -0.000316 -0.714599 -0.000006 -0.000004
    60 -0.067138 0.063251 -0.010961 -0.899214 -0.014515 -1.600326
    61 -0.151180 -0.007395 -0.070065 -0.913061 -0.118819 -1.408558
    62 -0.178164 -0.244680 -0.357067 -1.159916 -0.384260 -1.556110
    63 -0.391451 -0.463665 0.379860 -0.060360 -0.476478 -2.662284
    64 2.468175 0.027425 0.001225 0.143890 -0.022694 0.866606
    65 1.223419 0.009356 -0.005766 0.000129 0.000018 0.757163
    66 -0.263409 -0.117640 -0.015659 0.000036 -0.082210 -0.026800
    67 0.007707 -0.334360 -0.191575 0.070788 -0.181563 0.282364
    68 0.225562 -0.567923 -0.420715 0.119895 -0.183798 0.223460
    69 -0.203683 -0.095654 -0.328305 -1.745077 0.075142 -1.515382
    70 -1.393460 8.839182 -0.239439 1.580804 -0.005024 -1.566848
    71 0.036020 0.082815 -0.692656 -1.570769 0.065989 0.001276
    72 -0.088586 0.054020 -0.088594 0.010231 0.033800 -1.560851
    73 0.120153 -0.050270 -0.054489 -2.854024 0.030688 -1.580508
    74 -0.139399 -0.111694 0.014400 0.285395 -0.031353 1.580313
    75 2.295096 -5.585459 1.003996 -1.260797 1.437608 -1.233844
    76 0.738178 -7.079689 1.130307 -2.179216 1.437608 -1.233844
    77 1.226147 -8.966184 1.248538 -1.858905 1.446129 -2.058634
    78 3.923708 -8.234629 1.417453 -1.247039 1.437608 -1.233844
  time 29
    0 1.629157 0.000000 0.541027 0.000000 0.000000 -1.570796
    1 -4.690324 8.734828 -11.099432 5.563005 -1.058350 -4.102803
    2 -0.001605 -10.698019 -0.006478 0.335727 -0.065261 -0.133784
    3 -0.652586 -3.626730 -0.345451 -1.003497 0.000001 -0.122197
    4 -0.006990 -1.503230 0.002508 -1.090800 -0.000001 -0.000002
    5 0.005351 -0.954641 -0.003577 -1.343863 0.000000 0.000000
    6 0.007988 0.172184 -0.118553 -1.598091 -0.216549 -1.570593
    7 0.080660 0.135929 -0.203919 -1.506824 -0.066185 -1.662786
    8 0.117288 -0.155554 -0.604544 -1.412988 -0.374558 -1.569222
    9 0.128930 -3.758196 -0.347774 -0.890091 -0.000021 -0.148339
    10 -0.006790 -1.567259 0.006726 -1.212966 0.000000 -0.000003
    11 -0.006797 -1.160038 0.002748 -1.483442 0.000000 0.000000
    12 -0.018589 0.129953 -0.123721 -1.294580 0.001302 -1.635383
    13 -0.006160 0.170065 -0.110169 -1.280084 -0.068681 -1.597215
    14 0.047100 -0.104074 -0.352264 -1.243368 -0.257298 -1.694346
    15 0.949953 -3.617903 -0.348122 0.021730 -0.072368 0.238537
    16 -0.021700 -1.596358 -0.003443 -0.128346 -0.075886 0.070973
    17 -0.002829 -0.937906 0.007065 -0.169438 -0.196727 0.063457
    18 -0.022325 0.045424 -0.038284 -1.125544 -0.129230 -1.681412
    19 -0.042900 -0.061274 -0.071212 -1.124462 -0.060454 -1.586099
    20 0.063741 -0.109104 -0.248158 -1.142813 -0.125805 -1.693583
    21 -1.407251 -3.245525 -0.346207 -1.360676 -0.032893 -0.275372
    22 0.010185 -1.202057 0.005877 -0.646966 0.013204 -0.009319
    23 -0.020050 -0.797217 0.006185 -1.212969 0.000001 0.000004
    24 -0.011721 0.093267 0.017949 -1.687855 -0.079155 -1.575164
    25 0.048863 -0.085541 0.028626 -1.715605 -0.034569 -1.653190
    26 0.173918 -0.198416 -0.336163 -1.668104 -0.422317 -1.710956
    27 0.438974 -0.490226 0.392416 0.429705 -0.548321 -1.219349
    28 2.352359 0.010252 0.001103 -0.302579 -0.079770 -0.783340
    29 1.245306 0.004522 -0.006774 -0.014888 -0.058667 -1.203837
    30 -0.267709 0.037512 -0.093907 2.913812 -0.143386 0.078467
    31 -0.029266 0.205408 -0.329287 2.788574 -0.255486 -0.188917
    32 0.204373 0.521055 -0.268577 2.886669 0.042206 -0.230367
    33 0.195697 -0.010059 -0.293538 -1.333586 0.150863 -1.672749
    34 1.257181 8.762590 -0.153713 -1.570562 0.002683 -1.566808
    35 -0.093500 -0.114213 -0.738866 -1.570842 0.061811 0.002096
    36 0.010843 0.093624 -0.081439 -3.141462 0.041719 -1.568236
    37 7.026329 -2.610085 -17.997926 -2.546481 0.707514 -0.271344
    38 0.104748 -10.673144 -0.005453 0.214921 -0.093309 0.225310
    39 0.553428 -3.646670 -0.344972 -0.268581 -0.046218 -0.024594
    40 0.025684 -1.503640 0.001039 -1.643034 0.000001 -0.000004
    41 0.008139 -0.932386 -0.004583 -0.831341 -0.000002 -0.000001
    42 0.006928 0.005329 -0.181358 -1.528500 -0.248579 -1.611362
    43 -0.052313 0.038589 -0.230757 -1.592493 -0.043415 -1.528515
    44 -0.232600 -0.209656 -0.420669 -1.713790 -0.167173 -1.438930
    45 -0.214374 -3.737618 -0.346082 -0.106314 -0.000005 -0.000020
    46 0.015894 -1.578467 0.006170 -1.778977 0.000020 -0.000009
    47 0.004384 -1.176453 0.000249 -0.923153 0.000021 0.000018
    48 -0.038065 0.069166 -0.159883 -1.816986 0.066178 -1.575392
    49 -0.025151 0.088762 -0.068837 -1.817843 0.044510 -1.568287
    50 -0.102916 -0.186983 -0.272246 -1.833683 -0.232962 -1.472375
    51 -1.030272 -3.578138 -0.343160 -0.046979 0.000019 -0.000003
    52 0.001133 -1.610108 0.002370 -1.360932 0.000003 -0.000002
    53 0.005787 -0.946060 0.000512 -1.251399 0.000001 0.000001
    54 -0.004241 0.043707 -0.080203 -2.014997 -0.186996 -1.460723
    55 0.015383 -0.089136 -0.030010 -2.006083 0.036346 -1.568629
    56 -0.022610 -0.212357 -0.177905 -1.933161 -0.118801 -1.518895
    57 1.309013 -3.227548 -0.342207 -0.631735 -0.078965 -0.038578
    58 0.000595 -1.242324 0.002179 -1.080599 0.000004 0.000009
    59 0.003175 -0.774607 -0.004222 -0.723750 -0.000006 -0.000004
    60 -0.067138 0.063251 -0.010961 -0.899214 -0.014515 -1.600326
    61 -0.151180 -0.007395 -0.070065 -0.913061 -0.118819 -1.408558
    62 -0.178164 -0.244680 -0.357067 -1.159916 -0.384260 -1.556110
    63 -0.387544 -0.463665 0.383766 -0.060612 -0.481464 -2.660167
    64 2.472082 0.027425 0.001225 0.147425 -0.023665 0.870613
    65 1.223419 0.009356 -0.005766 0.000272 0.000053 0.775936
    66 -0.263409 -0.117640 -0.015659 0.000036 -0.082210 -0.026800
    67 0.007707 -0.334360 -0.191575 0.070788 -0.181563 0.282364
    68 0.225562 -0.567923 -0.420715 0.119895 -0.183798 0.223460
    69 -0.203683 -0.095654 -0.328305 -1.745077 0.075142 -1.515382
    70 -1.393460 8.839182 -0.239439 1.580804 -0.005024 -1.566848
    71 0.036020 0.082815 -0.692656 -1.570769 0.065989 0.001276
    72 -0.088586 0.054020 -0.088594 0.010231 0.033800 -1.560851
    73 0.120153 -0.050270 -0.054489 -2.854024 0.030688 -1.580508
    74 -0.139399 -0.111694 0.014400 0.285395 -0.031353 1.580313
    75 2.295096 -5.608897 1.007903 -1.261562 1.437608 -1.233844
    76 0.738178 -7.079689 1.130307 -2.186687 1.437608 -1.233844
    77 0.175334 -8.958372 1.076658 -2.049885 1.436841 -2.290387
    78 3.923708 -8.234629 1.417453 -1.247039 1.437608 -1.233844
  time 30
    0 1.629157 0.000000 0.541027 0.000000 0.000000 -1.570796
    1 -4.690324 8.734828 -11.068181 5.569674 -1.060828 -4.110407
    2 -0.001605 -10.698019 -0.002571 0.335871 -0.019417 -0.107217
    3 -0.652586 -3.626730 -0.345451 -1.003497 0.000001 -0.122197
    4 -0.010896 -1.503230 0.002508 -1.090800 -0.000001 -0.000002
    5 0.001444 -0.954641 -0.003577 -1.343863 0.000000 0.000000
    6 0.007988 0.172184 -0.118553 -1.598091 -0.216549 -1.570593
    7 0.080660 0.135929 -0.203919 -1.506824 -0.066185 -1.662786
    8 0.117288 -0.155554 -0.604544 -1.412988 -0.374558 -1.569222
    9 0.128930 -3.758196 -0.343868 -0.890091 -0.000021 -0.148339
    10 -0.006790 -1.567259 0.006726 -1.212966 0.000000 -0.000003
    11 -0.002891 -1.160038 0.002748 -1.483442 0.000000 0.000000
    12 -0.018589 0.129953 -0.123721 -1.294580 0.001302 -1.635383
    13 -0.006160 0.170065 -0.110169 -1.280084 -0.068681 -1.597215
    14 0.047100 -0.104074 -0.352264 -1.243368 -0.257298 -1.694346
    15 0.949953 -3.617903 -0.348122 0.019165 -0.071518 0.237542
    16 -0.021700 -1.596358 -0.003443 -0.127406 -0.075599 0.070529
    17 -0.002829 -0.937906 0.007065 -0.171060 -0.195001 0.063086
    18 -0.022325 0.045424 -0.038284 -1.125544 -0.129230 -1.681412
    19 -0.042900 -0.061274 -0.071212 -1.124462 -0.060454 -1.586099
    20 0.063741 -0.109104 -0.248158 -1.142813 -0.125805 -1.693583
    21 -1.407251 -3.245525 -0.346207 -1.355595 -0.032055 -0.273251
    22 0.010185 -1.202057 0.001971 -0.646541 0.013048 -0.009199
    23 -0.020050 -0.797217 0.002278 -1.212969 0.000001 0.000004
    24 -0.011721 0.093267 0.017949 -1.687855 -0.079155 -1.575164
    25 0.048863 -0.085541 0.028626 -1.715605 -0.034569 -1.653190
    26 0.173918 -0.198416 -0.336163 -1.668104 -0.422317 -1.710956
    27 0.438974 -0.486320 0.392416 0.428003 -0.547206 -1.217249
    28 2.352359 0.010252 0.001103 -0.302771 -0.079387 -0.780561
    29 1.245306 0.004522 -0.002867 -0.015092 -0.058379 -1.204870
    30 -0.267709 0.037512 -0.093907 2.913812 -0.143386 0.078467
    31 -0.029266 0.205408 -0.329287 2.788574 -0.255486 -0.188917
    32 0.204373 0.521055 -0.268577 2.886669 0.042206 -0.230367
    33 0.195697 -0.010059 -0.293538 -1.333586 0.150863 -1.672749
    34 1.257181 8.762590 -0.153713 -1.570562 0.002683 -1.566808
    35 -0.093500 -0.114213 -0.738866 -1.570842 0.061811 0.002096
    36 0.010843 0.093624 -0.081439 -3.141462 0.041719 -1.568236
    37 6.678662 -3.371827 -18.173713 -2.617053 0.778893 -0.329796
    38 0.104748 -10.673144 -0.005453 0.242183 -0.032160 0.184542
    39 0.553428 -3.650577 -0.344972 -0.265784 -0.046218 -0.024594
    40 0.025684 -1.503640 0.001039 -1.654272 0.000001 -0.000004
    41 0.008139 -0.928479 -0.004583 -0.834469 -0.000002 -0.000001
    42 0.006928 0.005329 -0.181358 -1.528500 -0.248579 -1.611362
    43 -0.052313 0.038589 -0.230757 -1.592493 -0.043415 -1.528515
    44 -0.232600 -0.209656 -0.420669 -1.713790 -0.167173 -1.438930
    45 -0.214374 -3.737618 -0.346082 -0.102038 -0.000005 -0.000020
    46 0.019801 -1.582373 0.006170 -1.791420 0.000020 -0.000009
    47 0.000478 -1.172547 0.000249 -0.928086 0.000021 0.000018
    48 -0.038065 0.069166 -0.159883 -1.816986 0.066178 -1.575392
    49 -0.025151 0.088762 -0.068837 -1.817843 0.044510 -1.568287
    50 -0.102916 -0.186983 -0.272246 -1.833683 -0.232962 -1.472375
    51 -1.030272 -3.582044 -0.347066 -0.043178 0.000019 -0.000003
    52 0.001133 -1.610108 0.002370 -1.371320 0.000003 -0.000002
    53 0.005787 -0.946060 0.004418 -1.259780 0.000001 0.000001
    54 -0.004241 0.043707 -0.080203 -2.014997 -0.186996 -1.460723
    55 0.015383 -0.089136 -0.030010 -2.006083 0.036346 -1.568629
    56 -0.022610 -0.212357 -0.177905 -1.933161 -0.118801 -1.518895
    57 1.309013 -3.227548 -0.346114 -0.643376 -0.078965 -0.038578
    58 0.000595 -1.242324 0.006085 -1.099674 0.000004 0.000009
    59 0.007082 -0.774607 -0.004222 -0.730925 -0.000006 -0.000004
    60 -0.067138 0.063251 -0.010961 -0.899214 -0.014515 -1.600326
    61 -0.151180 -0.007395 -0.070065 -0.913061 -0.118819 -1.408558
    62 -0.178164 -0.244680 -0.357067 -1.159916 -0.384260 -1.556110
    63 -0.387544 -0.463665 0.383766 -0.060911 -0.485790 -2.658436
    64 2.472082 0.027425 0.001225 0.150637 -0.024612 0.874717
    65 1.223419 0.009356 -0.005766 0.000500 0.000101 0.793339
    66 -0.263409 -0.117640 -0.015659 0.000036 -0.082210 -0.026800
    67 0.007707 -0.334360 -0.191575 0.070788 -0.181563 0.282364
    68 0.225562 -0.567923 -0.420715 0.119895 -0.183798 0.223460
    69 -0.203683 -0.095654 -0.328305 -1.745077 0.075142 -1.515382
    70 -1.393460 8.839182 -0.239439 1.580804 -0.005024 -1.566848
    71 0.036020 0.082815 -0.692656 -1.570769 0.065989 0.001276
    72 -0.088586 0.054020 -0.088594 0.010231 0.033800 -1.560851
    73 0.120153 -0.050270 -0.054489 -2.854024 0.030688 -1.580508
    74 -0.139399 -0.111694 0.014400 0.285395 -0.031353 1.580313
    75 2.295096 -5.624523 1.011809 -1.262339 1.437608 -1.233844
    76 0.738178 -7.079689 1.130307 -2.193410 1.437608 -1.233844
    77 -1.062985 -8.942746 0.869620 -2.208737 1.422304 -2.490611
    78 3.923708 -8.234629 1.417453 -1.247039 1.437608 -1.233844
  time 31
    0 1.629157 0.000000 0.541027 0.000000 0.000000 -1.570796
    1 -4.690324 8.738734 -11.044743 5.577010 -1.064200 -4.118961
    2 -0.001605 -10.701926 -0.006478 0.336539 0.005715 -0.095266
    3 -0.652586 -3.626730 -0.345451 -1.003497 0.000001 -0.122197
    4 -0.006990 -1.507136 0.002508 -1.090800 -0.000001 -0.000002
    5 0.001444 -0.954641 -0.003577 -1.343863 0.000000 0.000000
    6 0.007988 0.172184 -0.118553 -1.598091 -0.216549 -1.570593
    7 0.080660 0.135929 -0.203919 -1.506824 -0.066185 -1.662786
    8 0.117288 -0.155554 -0.604544 -1.412988 -0.374558 -1.569222
    9 0.128930 -3.762102 -0.343868 -0.890091 -0.000021 -0.148339
    10 -0.006790 -1.567259 0.006726 -1.212966 0.000000 -0.000003
    11 -0.006797 -1.160038 0.002748 -1.483442 0.000000 0.000000
    12 -0.018589 0.129953 -0.123721 -1.294580 0.001302 -1.635383
    13 -0.006160 0.170065 -0.110169 -1.280084 -0.068681 -1.597215
    14 0.047100 -0.104074 -0.352264 -1.243368 -0.257298 -1.694346
    15 0.949953 -3.617903 -0.344216 0.016505 -0.070607 0.236499
    16 -0.021700 -1.596358 -0.007350 -0.126654 -0.075179 0.070062
    17 -0.002829 -0.941812 0.007065 -0.172828 -0.193191 0.062666
    18 -0.022325 0.045424 -0.038284 -1.125544 -0.129230 -1.681412
    19 -0.042900 -0.061274 -0.071212 -1.124462 -0.060454 -1.586099
    20 0.063741 -0.109104 -0.248158 -1.142813 -0.125805 -1.693583
    21 -1.407251 -3.249431 -0.342301 -1.350424 -0.031180 -0.271058
    22 0.010185 -1.202057 0.005877 -0.646155 0.012905 -0.009091
    23 -0.020050 -0.797217 0.002278 -1.212969 0.000001 0.000004
    24 -0.011721 0.093267 0.017949 -1.687855 -0.079155 -1.575164
    25 0.048863 -0.085541 0.028626 -1.715605 -0.034569 -1.653190
    26 0.173918 -0.198416 -0.336163 -1.668104 -0.422317 -1.710956
    27 0.442881 -0.490226 0.396323 0.426193 -0.545948 -1.215097
    28 2.356266 0.010252 0.001103 -0.302962 -0.078907 -0.777469
    29 1.249212 0.004522 -0.002867 -0.015296 -0.058056 -1.205091
    30 -0.267709 0.037512 -0.093907 2.913812 -0.143386 0.078467
    31 -0.029266 0.205408 -0.329287 2.788574 -0.255486 -0.188917
    32 0.204373 0.521055 -0.268577 2.886669 0.042206 -0.230367
    33 0.195697 -0.010059 -0.293538 -1.333586 0.150863 -1.672749
    34 1.257181 8.762590 -0.153713 -1.570562 0.002683 -1.566808
    35 -0.093500 -0.114213 -0.738866 -1.570842 0.061811 0.002096
    36 0.010843 0.093624 -0.081439 -3.141462 0.041719 -1.568236
    37 6.370059 -4.032004 -18.240121 -2.702496 0.846078 -0.403714
    38 0.104748 -10.673144 -0.001547 0.267786 0.032739 0.139886
    39 0.549521 -3.650577 -0.344972 -0.263048 -0.046218 -0.024594
    40 0.021778 -1.507546 0.001039 -1.664888 0.000001 -0.000004
    41 0.008139 -0.928479 -0.004583 -0.837231 -0.000002 -0.000001
    42 0.006928 0.005329 -0.181358 -1.528500 -0.248579 -1.611362
    43 -0.052313 0.038589 -0.230757 -1.592493 -0.043415 -1.528515
    44 -0.232600 -0.209656 -0.420669 -1.713790 -0.167173 -1.438930
    45 -0.218280 -3.741524 -0.346082 -0.098166 -0.000005 -0.000020
    46 0.019801 -1.582373 0.006170 -1.803107 0.000020 -0.000009
    47 0.000478 -1.176453 0.000249 -0.932934 0.000021 0.000018
    48 -0.038065 0.069166 -0.159883 -1.816986 0.066178 -1.575392
    49 -0.025151 0.088762 -0.068837 -1.817843 0.044510 -1.568287
    50 -0.102916 -0.186983 -0.272246 -1.833683 -0.232962 -1.472375
    51 -1.034178 -3.582044 -0.343160 -0.039846 0.000019 -0.000003
    52 0.001133 -1.610108 0.006276 -1.381257 0.000003 -0.000002
    53 0.005787 -0.946060 0.000512 -1.267480 0.000001 0.000001
    54 -0.004241 0.043707 -0.080203 -2.014997 -0.186996 -1.460723
    55 0.015383 -0.089136 -0.030010 -2.006083 0.036346 -1.568629
    56 -0.022610 -0.212357 -0.177905 -1.933161 -0.118801 -1.518895
    57 1.305107 -3.227548 -0.342207 -0.654910 -0.078965 -0.038578
    58 0.000595 -1.242324 0.006085 -1.115843 0.000004 0.000009
    59 0.003175 -0.774607 -0.000316 -0.736338 -0.000006 -0.000004
    60 -0.067138 0.063251 -0.010961 -0.899214 -0.014515 -1.600326
    61 -0.151180 -0.007395 -0.070065 -0.913061 -0.118819 -1.408558
    62 -0.178164 -0.244680 -0.357067 -1.159916 -0.384260 -1.556110
    63 -0.391451 -0.463665 0.383766 -0.061271 -0.489542 -2.656953
    64 2.472082 0.027425 0.001225 0.153513 -0.025511 0.878918
    65 1.227325 0.009356 -0.005766 0.000788 0.000149 0.809449
    66 -0.263409 -0.117640 -0.015659 0.000036 -0.082210 -0.026800
    67 0.007707 -0.334360 -0.191575 0.070788 -0.181563 0.282364
    68 0.225562 -0.567923 -0.420715 0.119895 -0.183798 0.223460
    69 -0.203683 -0.095654 -0.328305 -1.745077 0.075142 -1.515382
    70 -1.393460 8.839182 -0.239439 1.580804 -0.005024 -1.566848
    71 0.036020 0.082815 -0.692656 -1.570769 0.065989 0.001276
    72 -0.088586 0.054020 -0.088594 0.010231 0.033800 -1.560851
    73 0.120153 -0.050270 -0.054489 -2.854024 0.030688 -1.580508
    74 -0.139399 -0.111694 0.014400 0.285395 -0.031353 1.580313
    75 2.295096 -5.647961 1.015715 -1.263092 1.437608 -1.233844
    76 0.738178 -7.079689 1.130307 -2.199536 1.437608 -1.233844
    77 -2.406776 -8.931027 0.646957 -2.332104 1.403907 -2.655457
    78 3.923708 -8.234629 1.417453 -1.247039 1.437608 -1.233844
  time 32
    0 1.629157 0.000000 0.541027 0.000000 0.000000 -1.570796
    1 -4.690324 8.738734 -11.040836 5.584155 -1.067653 -4.127041
    2 -0.001605 -10.698019 -0.002571 0.336879 0.013839 -0.095250
    3 -0.652586 -3.626730 -0.345451 -1.003497 0.000001 -0.122197
    4 -0.010896 -1.503230 0.002508 -1.090800 -0.000001 -0.000002
    5 0.001444 -0.954641 -0.003577 -1.343863 0.000000 0.000000
    6 0.007988 0.172184 -0.118553 -1.598091 -0.216549 -1.570593
    7 0.080660 0.135929 -0.203919 -1.506824 -0.066185 -1.662786
    8 0.117288 -0.155554 -0.604544 -1.412988 -0.374558 -1.569222
    9 0.128930 -3.758196 -0.347774 -0.890091 -0.000021 -0.148339
    10 -0.006790 -1.567259 0.006726 -1.212966 0.000000 -0.000003
    11 -0.006797 -1.160038 0.002748 -1.483442 0.000000 0.000000
    12 -0.018589 0.129953 -0.123721 -1.294580 0.001302 -1.635383
    13 -0.006160 0.170065 -0.110169 -1.280084 -0.068681 -1.597215
    14 0.047100 -0.104074 -0.352264 -1.243368 -0.257298 -1.694346
    15 0.949953 -3.617903 -0.348122 0.013676 -0.069672 0.235421
    16 -0.017794 -1.596358 -0.003443 -0.125977 -0.074748 0.069535
    17 -0.006735 -0.937906 0.007065 -0.174760 -0.191250 0.062247
    18 -0.022325 0.045424 -0.038284 -1.125544 -0.129230 -1.681412
    19 -0.042900 -0.061274 -0.071212 -1.124462 -0.060454 -1.586099
    20 0.063741 -0.109104 -0.248158 -1.142813 -0.125805 -1.693583
    21 -1.407251 -3.245525 -0.346207 -1.345069 -0.030281 -0.268781
    22 0.010185 -1.202057 0.005877 -0.645691 0.012761 -0.008971
    23 -0.020050 -0.793311 0.006185 -1.212969 0.000001 0.000004
    24 -0.011721 0.093267 0.017949 -1.687855 -0.079155 -1.575164
    25 0.048863 -0.085541 0.028626 -1.715605 -0.034569 -1.653190
    26 0.173918 -0.198416 -0.336163 -1.668104 -0.422317 -1.710956
    27 0.438974 -0.490226 0.392416 0.424324 -0.544522 -1.212864
    28 2.352359 0.010252 0.001103 -0.303202 -0.078356 -0.773990
    29 1.245306 0.004522 -0.002867 -0.015488 -0.057672 -1.204243
    30 -0.267709 0.037512 -0.093907 2.913812 -0.143386 0.078467
    31 -0.029266 0.205408 -0.329287 2.788574 -0.255486 -0.188917
    32 0.204373 0.521055 -0.268577 2.886669 0.042206 -0.230367
    33 0.195697 -0.010059 -0.293538 -1.333586 0.150863 -1.672749
    34 1.257181 8.762590 -0.153713 -1.570562 0.002683 -1.566808
    35 -0.093500 -0.114213 -0.738866 -1.570842 0.061811 0.002096
    36 0.010843 0.093624 -0.081439 -3.141462 0.041719 -1.568236
    37 6.084894 -4.590614 -18.240121 -2.802726 0.901850 -0.493280
    38 0.104748 -10.673144 -0.005453 0.291021 0.098357 0.093502
    39 0.549521 -3.646670 -0.344972 -0.260615 -0.046218 -0.024594
    40 0.021778 -1.503640 0.001039 -1.674934 0.000001 -0.000004
    41 0.008139 -0.928479 -0.000677 -0.839759 -0.000002 -0.000001
    42 0.006928 0.005329 -0.181358 -1.528500 -0.248579 -1.611362
    43 -0.052313 0.038589 -0.230757 -1.592493 -0.043415 -1.528515
    44 -0.232600 -0.209656 -0.420669 -1.713790 -0.167173 -1.438930
    45 -0.218280 -3.737618 -0.342176 -0.094815 -0.000005 -0.000020
    46 0.015894 -1.582373 0.006170 -1.813864 0.000020 -0.000009
    47 0.000478 -1.176453 0.000249 -0.937637 0.000021 0.000018
    48 -0.038065 0.069166 -0.159883 -1.816986 0.066178 -1.575392
    49 -0.025151 0.088762 -0.068837 -1.817843 0.044510 -1.568287
    50 -0.102916 -0.186983 -0.272246 -1.833683 -0.232962 -1.472375
    51 -1.030272 -3.578138 -0.343160 -0.037031 0.000019 -0.000003
    52 0.001133 -1.610108 0.002370 -1.390652 0.000003 -0.000002
    53 0.005787 -0.946060 0.004418 -1.274377 0.000001 0.000001
    54 -0.004241 0.043707 -0.080203 -2.014997 -0.186996 -1.460723
    55 0.015383 -0.089136 -0.030010 -2.006083 0.036346 -1.568629
    56 -0.022610 -0.212357 -0.177905 -1.933161 -0.118801 -1.518895
    57 1.309013 -3.227548 -0.342207 -0.665857 -0.078965 -0.038578
    58 0.000595 -1.242324 0.006085 -1.129212 0.000004 0.000009
    59 0.007082 -0.774607 -0.000316 -0.740226 -0.000006 -0.000004
    60 -0.067138 0.063251 -0.010961 -0.899214 -0.014515 -1.600326
    61 -0.151180 -0.007395 -0.070065 -0.913061 -0.118819 -1.408558
    62 -0.178164 -0.244680 -0.357067 -1.159916 -0.384260 -1.556110
    63 -0.391451 -0.463665 0.379860 -0.061654 -0.492694 -2.655809
    64 2.468175 0.027425 0.001225 0.156078 -0.026362 0.883087
    65 1.223419 0.009356 -0.005766 0.001087 0.000209 0.824240
    66 -0.263409 -0.117640 -0.015659 0.000036 -0.082210 -0.026800
    67 0.007707 -0.334360 -0.191575 0.070788 -0.181563 0.282364
    68 0.225562 -0.567923 -0.420715 0.119895 -0.183798 0.223460
    69 -0.203683 -0.095654 -0.328305 -1.745077 0.075142 -1.515382
    70 -1.393460 8.839182 -0.239439 1.580804 -0.005024 -1.566848
    71 0.036020 0.082815 -0.692656 -1.570769 0.065989 0.001276
    72 -0.088586 0.054020 -0.088594 0.010231 0.033800 -1.560851
    73 0.120153 -0.050270 -0.054489 -2.854024 0.030688 -1.580508
    74 -0.139399 -0.111694 0.014400 0.285395 -0.031353 1.580313
    75 2.295096 -5.663587 1.019622 -1.263869 1.437608 -1.233844
    76 0.738178 -7.079689 1.130307 -2.205094 1.437608 -1.233844
    77 -3.770099 -8.907589 0.420388 -2.424364 1.383078 -2.789022
    78 3.923708 -8.234629 1.417453 -1.247039 1.437608 -1.233844
  time 33
    0 1.629157 0.000000 0.541027 0.000000 0.000000 -1.570796
    1 -4.690324 8.738734 -11.056462 5.589776 -1.070334 -4.133694
    2 -0.005512 -10.701926 -0.002571 0.337115 0.018229 -0.098744
    3 -0.652586 -3.626730 -0.345451 -1.003497 0.000001 -0.122197
    4 -0.010896 -1.507136 0.002508 -1.090800 -0.000001 -0.000002
    5 0.001444 -0.954641 -0.003577 -1.343863 0.000000 0.000000
    6 0.007988 0.172184 -0.118553 -1.598091 -0.216549 -1.570593
    7 0.080660 0.135929 -0.203919 -1.506824 -0.066185 -1.662786
    8 0.117288 -0.155554 -0.604544 -1.412988 -0.374558 -1.569222
    9 0.128930 -3.758196 -0.347774 -0.890091 -0.000021 -0.148339
    10 -0.002884 -1.567259 0.006726 -1.212966 0.000000 -0.000003
    11 -0.006797 -1.160038 0.006655 -1.483442 0.000000 0.000000
    12 -0.018589 0.129953 -0.123721 -1.294580 0.001302 -1.635383
    13 -0.006160 0.170065 -0.110169 -1.280084 -0.068681 -1.597215
    14 0.047100 -0.104074 -0.352264 -1.243368 -0.257298 -1.694346
    15 0.953860 -3.617903 -0.348122 0.010740 -0.068677 0.234282
    16 -0.021700 -1.596358 -0.003443 -0.125413 -0.074208 0.068923
    17 -0.006735 -0.937906 0.007065 -0.176838 -0.189177 0.061792
    18 -0.022325 0.045424 -0.038284 -1.125544 -0.129230 -1.681412
    19 -0.042900 -0.061274 -0.071212 -1.124462 -0.060454 -1.586099
    20 0.063741 -0.109104 -0.248158 -1.142813 -0.125805 -1.693583
    21 -1.407251 -3.245525 -0.346207 -1.339531 -0.029382 -0.266432
    22 0.010185 -1.202057 0.005877 -0.645247 0.012593 -0.008863
    23 -0.020050 -0.793311 0.006185 -1.212969 0.000001 0.000004
    24 -0.011721 0.093267 0.017949 -1.687855 -0.079155 -1.575164
    25 0.048863 -0.085541 0.028626 -1.715605 -0.034569 -1.653190
    26 0.173918 -0.198416 -0.336163 -1.668104 -0.422317 -1.710956
    27 0.442881 -0.490226 0.396323 0.422358 -0.542952 -1.210552
    28 2.356266 0.010252 0.001103 -0.303430 -0.077733 -0.770197
    29 1.249212 0.004522 -0.002867 -0.015655 -0.057265 -1.202620
    30 -0.267709 0.037512 -0.093907 2.913812 -0.143386 0.078467
    31 -0.029266 0.205408 -0.329287 2.788574 -0.255486 -0.188917
    32 0.204373 0.521055 -0.268577 2.886669 0.042206 -0.230367
    33 0.195697 -0.010059 -0.293538 -1.333586 0.150863 -1.672749
    34 1.257181 8.762590 -0.153713 -1.570562 0.002683 -1.566808
    35 -0.093500 -0.114213 -0.738866 -1.570842 0.061811 0.002096
    36 0.010843 0.093624 -0.081439 -3.141462 0.041719 -1.568236
    37 5.807542 -4.989064 -18.240121 -2.911829 0.944597 -0.592787
    38 0.104748 -10.673144 -0.005453 0.311821 0.161495 0.047470
    39 0.553428 -3.650577 -0.344972 -0.258366 -0.046218 -0.024594
    40 0.025684 -1.507546 0.001039 -1.684359 0.000001 -0.000004
    41 0.008139 -0.932386 -0.000677 -0.842053 -0.000002 -0.000001
    42 0.006928 0.005329 -0.181358 -1.528500 -0.248579 -1.611362
    43 -0.052313 0.038589 -0.230757 -1.592493 -0.043415 -1.528515
    44 -0.232600 -0.209656 -0.420669 -1.713790 -0.167173 -1.438930
    45 -0.214374 -3.741524 -0.346082 -0.091868 -0.000005 -0.000020
    46 0.019801 -1.582373 0.006170 -1.823924 0.000020 -0.000009
    47 0.000478 -1.176453 0.000249 -0.942166 0.000021 0.000018
    48 -0.038065 0.069166 -0.159883 -1.816986 0.066178 -1.575392
    49 -0.025151 0.088762 -0.068837 -1.817843 0.044510 -1.568287
    50 -0.102916 -0.186983 -0.272246 -1.833683 -0.232962 -1.472375
    51 -1.030272 -3.582044 -0.347066 -0.034591 0.000019 -0.000003
    52 0.001133 -1.610108 0.002370 -1.399505 0.000003 -0.000002
    53 0.005787 -0.942153 0.004418 -1.280633 0.000001 0.000001
    54 -0.004241 0.043707 -0.080203 -2.014997 -0.186996 -1.460723
    55 0.015383 -0.089136 -0.030010 -2.006083 0.036346 -1.568629
    56 -0.022610 -0.212357 -0.177905 -1.933161 -0.118801 -1.518895
    57 1.309013 -3.227548 -0.346114 -0.675682 -0.078965 -0.038578
    58 0.000595 -1.242324 0.006085 -1.140097 0.000004 0.000009
    59 0.003175 -0.774607 -0.000316 -0.742868 -0.000006 -0.000004
    60 -0.067138 0.063251 -0.010961 -0.899214 -0.014515 -1.600326
    61 -0.151180 -0.007395 -0.070065 -0.913061 -0.118819 -1.408558
    62 -0.178164 -0.244680 -0.357067 -1.159916 -0.384260 -1.556110
    63 -0.387544 -0.463665 0.383766 -0.062086 -0.495294 -2.654913
    64 2.468175 0.027425 0.001225 0.158331 -0.027177 0.887223
    65 1.227325 0.009356 -0.001860 0.001471 0.000281 0.837816
    66 -0.263409 -0.117640 -0.015659 0.000036 -0.082210 -0.026800
    67 0.007707 -0.334360 -0.191575 0.070788 -0.181563 0.282364
    68 0.225562 -0.567923 -0.420715 0.119895 -0.183798 0.223460
    69 -0.203683 -0.095654 -0.328305 -1.745077 0.075142 -1.515382
    70 -1.393460 8.839182 -0.239439 1.580804 -0.005024 -1.566848
    71 0.036020 0.082815 -0.692656 -1.570769 0.065989 0.001276
    72 -0.088586 0.054020 -0.088594 0.010231 0.033800 -1.560851
    73 0.120153 -0.050270 -0.054489 -2.854024 0.030688 -1.580508
    74 -0.139399 -0.111694 0.014400 0.285395 -0.031353 1.580313
    75 2.299003 -5.679212 1.015715 -1.264609 1.437608 -1.233844
    76 0.738178 -7.079689 1.130307 -2.209995 1.437608 -1.233844
    77 -5.059201 -8.891963 0.205538 -2.492019 1.360918 -2.897389
    78 3.923708 -8.234629 1.417453 -1.247039 1.437608 -1.233844
  time 34
    0 1.629157 0.000000 0.541027 0.000000 0.000000 -1.570796
    1 -4.690324 8.738734 -11.099432 5.594444 -1.073381 -4.139017
    2 -0.001605 -10.701926 -0.002571 0.337219 0.019409 -0.105175
    3 -0.652586 -3.626730 -0.341545 -1.003497 0.000001 -0.122197
    4 -0.010896 -1.507136 0.002508 -1.090800 -0.000001 -0.000002
    5 0.001444 -0.954641 -0.003577 -1.343863 0.000000 0.000000
    6 0.007988 0.172184 -0.118553 -1.598091 -0.216549 -1.570593
    7 0.080660 0.135929 -0.203919 -1.506824 -0.066185 -1.662786
    8 0.117288 -0.155554 -0.604544 -1.412988 -0.374558 -1.569222
    9 0.128930 -3.758196 -0.347774 -0.890091 -0.000021 -0.148339
    10 -0.006790 -1.563353 0.006726 -1.212966 0.000000 -0.000003
    11 -0.006797 -1.160038 0.002748 -1.483486 0.000000 0.000000
    12 -0.018589 0.129953 -0.123721 -1.294580 0.001302 -1.635383
    13 -0.006160 0.170065 -0.110169 -1.280084 -0.068681 -1.597215
    14 0.047100 -0.104074 -0.352264 -1.243368 -0.257298 -1.694346
    15 0.949953 -3.617903 -0.348122 0.007684 -0.067670 0.233084
    16 -0.017794 -1.596358 -0.003443 -0.124962 -0.073597 0.068288
    17 -0.002829 -0.941812 0.007065 -0.179080 -0.186983 0.061288
    18 -0.022325 0.045424 -0.038284 -1.125544 -0.129230 -1.681412
    19 -0.042900 -0.061274 -0.071212 -1.124462 -0.060454 -1.586099
    20 0.063741 -0.109104 -0.248158 -1.142813 -0.125805 -1.693583
    21 -1.407251 -3.245525 -0.346207 -1.333810 -0.028447 -0.264011
    22 0.010185 -1.202057 0.001971 -0.644784 0.012413 -0.008744
    23 -0.020050 -0.797217 0.002278 -1.212969 0.000001 0.000004
    24 -0.011721 0.093267 0.017949 -1.687855 -0.079155 -1.575164
    25 0.048863 -0.085541 0.028626 -1.715605 -0.034569 -1.653190
    26 0.173918 -0.198416 -0.336163 -1.668104 -0.422317 -1.710956
    27 0.438974 -0.490226 0.392416 0.420357 -0.541250 -1.208187
    28 2.352359 0.010252 0.001103 -0.303657 -0.077050 -0.766041
    29 1.249212 0.004522 -0.006774 -0.015835 -0.056785 -1.200075
    30 -0.267709 0.037512 -0.093907 2.913812 -0.143386 0.078467
    31 -0.029266 0.205408 -0.329287 2.788574 -0.255486 -0.188917
    32 0.204373 0.521055 -0.268577 2.886669 0.042206 -0.230367
    33 0.195697 -0.010059 -0.293538 -1.333586 0.150863 -1.672749
    34 1.257181 8.762590 -0.153713 -1.570562 0.002683 -1.566808
    35 -0.093500 -0.114213 -0.738866 -1.570842 0.061811 0.002096
    36 0.010843 0.093624 -0.081439 -3.141462 0.041719 -1.568236
    37 5.549721 -5.231259 -18.197151 -3.031285 0.975649 -0.703249
    38 0.104748 -10.673144 -0.005453 0.330631 0.218781 0.003678
    39 0.549521 -3.650577 -0.344972 -0.256298 -0.046218 -0.024594
    40 0.021778 -1.507546 0.001039 -1.693059 0.000001 -0.000004
    41 0.008139 -0.928479 -0.004583 -0.844033 -0.000002 -0.000001
    42 0.006928 0.005329 -0.181358 -1.528500 -0.248579 -1.611362
    43 -0.052313 0.038589 -0.230757 -1.592493 -0.043415 -1.528515
    44 -0.232600 -0.209656 -0.420669 -1.713790 -0.167173 -1.438930
    45 -0.218280 -3.737618 -0.346082 -0.089267 -0.000005 -0.000020
    46 0.015894 -1.578467 0.006170 -1.833052 0.000020 -0.000009
    47 0.000478 -1.176453 0.000249 -0.946552 0.000021 0.000018
    48 -0.038065 0.069166 -0.159883 -1.816986 0.066178 -1.575392
    49 -0.025151 0.088762 -0.068837 -1.817843 0.044510 -1.568287
    50 -0.102916 -0.186983 -0.272246 -1.833683 -0.232962 -1.472375
    51 -1.034178 -3.578138 -0.343160 -0.032526 0.000019 -0.000003
    52 0.001133 -1.610108 0.006276 -1.407816 0.000003 -0.000002
    53 0.005787 -0.946060 0.000512 -1.286248 0.000001 0.000001
    54 -0.004241 0.043707 -0.080203 -2.014997 -0.186996 -1.460723
    55 0.015383 -0.089136 -0.030010 -2.006083 0.036346 -1.568629
    56 -0.022610 -0.212357 -0.177905 -1.933161 -0.118801 -1.518895
    57 1.309013 -3.227548 -0.342207 -0.683959 -0.078965 -0.038578
    58 0.000595 -1.242324 0.006085 -1.148742 0.000004 0.000009
    59 0.007082 -0.774607 -0.000316 -0.744372 -0.000006 -0.000004
    60 -0.067138 0.063251 -0.010961 -0.899214 -0.014515 -1.600326
    61 -0.151180 -0.007395 -0.070065 -0.913061 -0.118819 -1.408558
    62 -0.178164 -0.244680 -0.357067 -1.159916 -0.384260 -1.556110
    63 -0.391451 -0.463665 0.383766 -0.062517 -0.497391 -2.654310
    64 2.468175 0.027425 0.001225 0.160309 -0.027944 0.891424
    65 1.223419 0.009356 -0.005766 0.001854 0.000353 0.850099
    66 -0.263409 -0.117640 -0.015659 0.000036 -0.082210 -0.026800
    67 0.007707 -0.334360 -0.191575 0.070788 -0.181563 0.282364
    68 0.225562 -0.567923 -0.420715 0.119895 -0.183798 0.223460
    69 -0.203683 -0.095654 -0.328305 -1.745077 0.075142 -1.515382
    70 -1.393460 8.839182 -0.239439 1.580804 -0.005024 -1.566848
    71 0.036020 0.082815 -0.692656 -1.570769 0.065989 0.001276
    72 -0.088586 0.054020 -0.088594 0.010231 0.033800 -1.560851
    73 0.120153 -0.050270 -0.054489 -2.854024 0.030688 -1.580508
    74 -0.139399 -0.111694 0.014400 0.285395 -0.031353 1.580313
    75 2.295096 -5.698744 1.023528 -1.265374 1.437608 -1.233844
    76 0.738178 -7.079689 1.130307 -2.214149 1.437608 -1.233844
    77 -6.207673 -8.876338 0.029751 -2.540975 1.338328 -2.985956
    78 3.923708 -8.234629 1.417453 -1.247039 1.437608 -1.233844
  time 35
    0 1.629157 0.000000 0.541027 0.000000 0.000000 -1.570796
    1 -4.690324 8.738734 -11.161934 5.599398 -1.077849 -4.144530
    2 -0.005512 -10.701926 -0.002571 0.337285 0.017901 -0.113935
    3 -0.652586 -3.626730 -0.341545 -1.003497 0.000001 -0.122197
    4 -0.010896 -1.503230 0.002508 -1.090800 -0.000001 -0.000002
    5 0.001444 -0.954641 -0.003577 -1.343863 0.000000 0.000000
    6 0.007988 0.172184 -0.118553 -1.598091 -0.216549 -1.570593
    7 0.080660 0.135929 -0.203919 -1.506824 -0.066185 -1.662786
    8 0.117288 -0.155554 -0.604544 -1.412988 -0.374558 -1.569222
    9 0.128930 -3.758196 -0.343868 -0.890091 -0.000021 -0.148339
    10 -0.002884 -1.567259 0.006726 -1.212966 0.000000 -0.000003
    11 -0.002891 -1.160038 0.002748 -1.483486 0.000000 0.000000
    12 -0.018589 0.129953 -0.123721 -1.294580 0.001302 -1.635383
    13 -0.006160 0.170065 -0.110169 -1.280084 -0.068681 -1.597215
    14 0.047100 -0.104074 -0.352264 -1.243368 -0.257298 -1.694346
    15 0.953860 -3.617903 -0.344216 0.004508 -0.066616 0.231837
    16 -0.021700 -1.596358 -0.003443 -0.124661 -0.072926 0.067617
    17 -0.006735 -0.941812 0.007065 -0.181449 -0.184694 0.060797
    18 -0.022325 0.045424 -0.038284 -1.125544 -0.129230 -1.681412
    19 -0.042900 -0.061274 -0.071212 -1.124462 -0.060454 -1.586099
    20 0.063741 -0.109104 -0.248158 -1.142813 -0.125805 -1.693583
    21 -1.407251 -3.245525 -0.342301 -1.327951 -0.027524 -0.261518
    22 0.010185 -1.202057 0.005877 -0.644301 0.012245 -0.008624
    23 -0.020050 -0.797217 0.006185 -1.212969 0.000001 0.000004
    24 -0.011721 0.093267 0.017949 -1.687855 -0.079155 -1.575164
    25 0.048863 -0.085541 0.028626 -1.715605 -0.034569 -1.653190
    26 0.173918 -0.198416 -0.336163 -1.668104 -0.422317 -1.710956
    27 0.442881 -0.490226 0.396323 0.418283 -0.539416 -1.205795
    28 2.352359 0.010252 0.005009 -0.303921 -0.076283 -0.761620
    29 1.245306 0.004522 -0.002867 -0.016003 -0.056282 -1.196756
    30 -0.267709 0.037512 -0.093907 2.913812 -0.143386 0.078467
    31 -0.029266 0.205408 -0.329287 2.788574 -0.255486 -0.188917
    32 0.204373 0.521055 -0.268577 2.886669 0.042206 -0.230367
    33 0.195697 -0.010059 -0.293538 -1.333586 0.150863 -1.672749
    34 1.257181 8.762590 -0.153713 -1.570562 0.002683 -1.566808
    35 -0.093500 -0.114213 -0.738866 -1.570842 0.061811 0.002096
    36 0.010843 0.093624 -0.081439 -3.141462 0.041719 -1.568236
    37 5.291901 -5.348450 -17.982301 -3.157230 0.985287 -0.821074
    38 0.108654 -10.673144 -0.005453 0.348289 0.266958 -0.035714
    39 0.553428 -3.646670 -0.341066 -0.254474 -0.046218 -0.024594
    40 0.025684 -1.503640 0.004946 -1.701293 0.000001 -0.000004
    41 0.008139 -0.932386 -0.004583 -0.845779 -0.000002 -0.000001
    42 0.006928 0.005329 -0.181358 -1.528500 -0.248579 -1.611362
    43 -0.052313 0.038589 -0.230757 -1.592493 -0.043415 -1.528515
    44 -0.232600 -0.209656 -0.420669 -1.713790 -0.167173 -1.438930
    45 -0.214374 -3.737618 -0.346082 -0.087129 -0.000005 -0.000020
    46 0.015894 -1.578467 0.006170 -1.841484 0.000020 -0.000009
    47 0.000478 -1.172547 0.000249 -0.950707 0.000021 0.000018
    48 -0.038065 0.069166 -0.159883 -1.816986 0.066178 -1.575392
    49 -0.025151 0.088762 -0.068837 -1.817843 0.044510 -1.568287
    50 -0.102916 -0.186983 -0.272246 -1.833683 -0.232962 -1.472375
    51 -1.030272 -3.578138 -0.343160 -0.030790 0.000019 -0.000003
    52 0.001133 -1.610108 0.002370 -1.415585 0.000003 -0.000002
    53 0.005787 -0.946060 0.000512 -1.291140 0.000001 0.000001
    54 -0.004241 0.043707 -0.080203 -2.014997 -0.186996 -1.460723
    55 0.015383 -0.089136 -0.030010 -2.006083 0.036346 -1.568629
    56 -0.022610 -0.212357 -0.177905 -1.933161 -0.118801 -1.518895
    57 1.305107 -3.227548 -0.346114 -0.690153 -0.078965 -0.038578
    58 0.000595 -1.242324 0.006085 -1.155217 0.000004 0.000009
    59 0.003175 -0.774607 -0.000316 -0.745081 -0.000006 -0.000004
    60 -0.067138 0.063251 -0.010961 -0.899214 -0.014515 -1.600326
    61 -0.151180 -0.007395 -0.070065 -0.913061 -0.118819 -1.408558
    62 -0.178164 -0.244680 -0.357067 -1.159916 -0.384260 -1.556110
    63 -0.387544 -0.463665 0.383766 -0.063009 -0.499009 -2.653924
    64 2.468175 0.027425 0.001225 0.161987 -0.028675 0.895528
    65 1.227325 0.009356 -0.005766 0.002298 0.000437 0.861218
    66 -0.263409 -0.117640 -0.015659 0.000036 -0.082210 -0.026800
    67 0.007707 -0.334360 -0.191575 0.070788 -0.181563 0.282364
    68 0.225562 -0.567923 -0.420715 0.119895 -0.183798 0.223460
    69 -0.203683 -0.095654 -0.328305 -1.745077 0.075142 -1.515382
    70 -1.393460 8.839182 -0.239439 1.580804 -0.005024 -1.566848
    71 0.036020 0.082815 -0.692656 -1.570769 0.065989 0.001276
    72 -0.088586 0.054020 -0.088594 0.010231 0.033800 -1.560851
    73 0.120153 -0.050270 -0.054489 -2.854024 0.030688 -1.580508
    74 -0.139399 -0.111694 0.014400 0.285395 -0.031353 1.580313
    75 2.295096 -5.722182 1.027434 -1.266127 1.437608 -1.233844
    76 0.738178 -7.079689 1.130307 -2.217794 1.437608 -1.233844
    77 -7.110045 -8.864619 -0.110878 -2.576120 1.315952 -3.059256
    78 3.923708 -8.234629 1.417453 -1.247039 1.437608 -1.233844
  time 36
    0 1.629157 0.000000 0.541027 0.000000 0.000000 -1.570796
    1 -4.690324 8.738734 -11.224436 5.603875 -1.082968 -4.149567
    2 -0.001605 -10.701926 -0.002571 0.337311 0.014168 -0.124402
    3 -0.652586 -3.626730 -0.341545 -1.003497 0.000001 -0.122197
    4 -0.006990 -1.503230 0.002508 -1.090800 -0.000001 -0.000002
    5 0.001444 -0.954641 -0.003577 -1.343863 0.000000 0.000000
    6 0.007988 0.172184 -0.118553 -1.598091 -0.216549 -1.570593
    7 0.080660 0.135929 -0.203919 -1.506824 -0.066185 -1.662786
    8 0.117288 -0.155554 -0.604544 -1.412988 -0.374558 -1.569222
    9 0.128930 -3.758196 -0.343868 -0.890091 -0.000021 -0.148339
    10 -0.002884 -1.563353 0.006726 -1.212966 0.000000 -0.000003
    11 -0.002891 -1.160038 0.006655 -1.483486 0.000000 0.000000
    12 -0.018589 0.129953 -0.123721 -1.294580 0.001302 -1.635383
    13 -0.006160 0.170065 -0.110169 -1.280084 -0.068681 -1.597215
    14 0.047100 -0.104074 -0.352264 -1.243368 -0.257298 -1.694346
    15 0.949953 -3.617903 -0.344216 0.001224 -0.065525 0.230555
    16 -0.017794 -1.596358 -0.003443 -0.124398 -0.072207 0.066898
    17 -0.002829 -0.941812 0.007065 -0.184001 -0.182297 0.060245
    18 -0.022325 0.045424 -0.038284 -1.125544 -0.129230 -1.681412
    19 -0.042900 -0.061274 -0.071212 -1.124462 -0.060454 -1.586099
    20 0.063741 -0.109104 -0.248158 -1.142813 -0.125805 -1.693583
    21 -1.407251 -3.249431 -0.346207 -1.321956 -0.026602 -0.258977
    22 0.010185 -1.202057 0.005877 -0.643838 0.012078 -0.008480
    23 -0.020050 -0.793311 0.006185 -1.212969 0.000001 0.000004
    24 -0.011721 0.093267 0.017949 -1.687855 -0.079155 -1.575164
    25 0.048863 -0.085541 0.028626 -1.715605 -0.034569 -1.653190
    26 0.173918 -0.198416 -0.336163 -1.668104 -0.422317 -1.710956
    27 0.438974 -0.490226 0.396323 0.416186 -0.537511 -1.203350
    28 2.352359 0.010252 0.005009 -0.304185 -0.075468 -0.756909
    29 1.245306 0.004522 -0.006774 -0.016159 -0.055755 -1.192625
    30 -0.267709 0.037512 -0.093907 2.913812 -0.143386 0.078467
    31 -0.029266 0.205408 -0.329287 2.788574 -0.255486 -0.188917
    32 0.204373 0.521055 -0.268577 2.886669 0.042206 -0.230367
    33 0.195697 -0.010059 -0.293538 -1.333586 0.150863 -1.672749
    34 1.257181 8.762590 -0.153713 -1.570562 0.002683 -1.566808
    35 -0.093500 -0.114213 -0.738866 -1.570842 0.061811 0.002096
    36 0.010843 0.093624 -0.081439 -3.141462 0.041719 -1.568236
    37 5.061425 -5.336731 -17.587757 -3.274467 0.958792 -0.930799
    38 0.104748 -10.673144 -0.001547 0.366058 0.302674 -0.068436
    39 0.553428 -3.650577 -0.344972 -0.252893 -0.046218 -0.024594
    40 0.025684 -1.507546 0.004946 -1.708853 0.000001 -0.000004
    41 0.008139 -0.932386 -0.000677 -0.847291 -0.000002 -0.000001
    42 0.006928 0.005329 -0.181358 -1.528500 -0.248579 -1.611362
    43 -0.052313 0.038589 -0.230757 -1.592493 -0.043415 -1.528515
    44 -0.232600 -0.209656 -0.420669 -1.713790 -0.167173 -1.438930
    45 -0.218280 -3.741524 -0.346082 -0.085396 -0.000005 -0.000020
    46 0.019801 -1.578467 0.006170 -1.849101 0.000020 -0.000009
    47 0.004384 -1.176453 0.000249 -0.954746 0.000021 0.000018
    48 -0.038065 0.069166 -0.159883 -1.816986 0.066178 -1.575392
    49 -0.025151 0.088762 -0.068837 -1.817843 0.044510 -1.568287
    50 -0.102916 -0.186983 -0.272246 -1.833683 -0.232962 -1.472375
    51 -1.030272 -3.582044 -0.347066 -0.029523 0.000019 -0.000003
    52 0.001133 -1.610108 0.002370 -1.422812 0.000003 -0.000002
    53 0.005787 -0.946060 0.004418 -1.295471 0.000001 0.000001
    54 -0.004241 0.043707 -0.080203 -2.014997 -0.186996 -1.460723
    55 0.015383 -0.089136 -0.030010 -2.006083 0.036346 -1.568629
    56 -0.022610 -0.212357 -0.177905 -1.933161 -0.118801 -1.518895
    57 1.305107 -3.227548 -0.342207 -0.693891 -0.078965 -0.038578
    58 0.000595 -1.242324 0.002179 -1.159871 0.000004 0.000009
    59 0.003175 -0.774607 -0.000316 -0.745167 -0.000006 -0.000004
    60 -0.067138 0.063251 -0.010961 -0.899214 -0.014515 -1.600326
    61 -0.151180 -0.007395 -0.070065 -0.913061 -0.118819 -1.408558
    62 -0.178164 -0.244680 -0.357067 -1.159916 -0.384260 -1.556110
    63 -0.387544 -0.463665 0.383766 -0.063488 -0.500160 -2.653800
    64 2.472082 0.027425 0.005131 0.163389 -0.029346 0.899632
    65 1.227325 0.009356 -0.005766 0.002753 0.000521 0.871147
    66 -0.263409 -0.117640 -0.015659 0.000036 -0.082210 -0.026800
    67 0.007707 -0.334360 -0.191575 0.070788 -0.181563 0.282364
    68 0.225562 -0.567923 -0.420715 0.119895 -0.183798 0.223460
    69 -0.203683 -0.095654 -0.328305 -1.745077 0.075142 -1.515382
    70 -1.393460 8.839182 -0.239439 1.580804 -0.005024 -1.566848
    71 0.036020 0.082815 -0.692656 -1.570769 0.065989 0.001276
    72 -0.088586 0.054020 -0.088594 0.010231 0.033800 -1.560851
    73 0.120153 -0.050270 -0.054489 -2.854024 0.030688 -1.580508
    74 -0.139399 -0.111694 0.014400 0.285395 -0.031353 1.580313
    75 2.295096 -5.737808 1.023528 -1.266855 1.437608 -1.233844
    76 0.738178 -7.079689 1.130307 -2.220723 1.437608 -1.233844
    77 -7.696000 -8.852900 -0.192912 -2.601023 1.294464 -3.120328
    78 3.923708 -8.234629 1.417453 -1.247039 1.437608 -1.233844
  time 37
    0 1.629157 0.000000 0.541027 0.000000 0.000000 -1.570796
    1 -4.690324 8.738734 -11.271312 5.607305 -1.087883 -4.153369
    2 -0.001605 -10.698019 -0.002571 0.337389 0.008717 -0.135986
    3 -0.648679 -3.626730 -0.345451 -1.003497 0.000001 -0.122197
    4 -0.010896 -1.503230 0.006415 -1.090800 -0.000001 -0.000002
    5 0.001444 -0.954641 -0.003577 -1.343822 0.000000 0.000000
    6 0.007988 0.172184 -0.118553 -1.598091 -0.216549 -1.570593
    7 0.080660 0.135929 -0.203919 -1.506824 -0.066185 -1.662786
    8 0.117288 -0.155554 -0.604544 -1.412988 -0.374558 -1.569222
    9 0.128930 -3.758196 -0.343868 -0.890091 -0.000021 -0.148339
    10 -0.006790 -1.567259 0.006726 -1.212966 0.000000 -0.000003
    11 -0.002891 -1.160038 0.002748 -1.483442 0.000000 0.000000
    12 -0.018589 0.129953 -0.123721 -1.294580 0.001302 -1.635383
    13 -0.006160 0.170065 -0.110169 -1.280084 -0.068681 -1.597215
    14 0.047100 -0.104074 -0.352264 -1.243368 -0.257298 -1.694346
    15 0.949953 -3.613996 -0.348122 -0.002167 -0.064423 0.229225
    16 -0.017794 -1.596358 -0.007350 -0.124285 -0.071416 0.066119
    17 -0.006735 -0.937906 0.007065 -0.186717 -0.179793 0.059682
    18 -0.022325 0.045424 -0.038284 -1.125544 -0.129230 -1.681412
    19 -0.042900 -0.061274 -0.071212 -1.124462 -0.060454 -1.586099
    20 0.063741 -0.109104 -0.248158 -1.142813 -0.125805 -1.693583
    21 -1.407251 -3.245525 -0.342301 -1.315823 -0.025667 -0.256353
    22 0.010185 -1.202057 0.005877 -0.643336 0.011898 -0.008348
    23 -0.020050 -0.797217 0.006185 -1.212969 0.000001 0.000004
    24 -0.011721 0.093267 0.017949 -1.687855 -0.079155 -1.575164
    25 0.048863 -0.085541 0.028626 -1.715605 -0.034569 -1.653190
    26 0.173918 -0.198416 -0.336163 -1.668104 -0.422317 -1.710956
    27 0.438974 -0.490226 0.392416 0.414077 -0.535485 -1.200904
    28 2.352359 0.010252 0.005009 -0.304436 -0.074581 -0.751932
    29 1.249212 0.004522 -0.002867 -0.016303 -0.055180 -1.187756
    30 -0.267709 0.037512 -0.093907 2.913812 -0.143386 0.078467
    31 -0.029266 0.205408 -0.329287 2.788574 -0.255486 -0.188917
    32 0.204373 0.521055 -0.268577 2.886669 0.042206 -0.230367
    33 0.195697 -0.010059 -0.293538 -1.333586 0.150863 -1.672749
    34 1.257181 8.762590 -0.153713 -1.570562 0.002683 -1.566808
    35 -0.093500 -0.114213 -0.738866 -1.570842 0.061811 0.002096
    36 0.010843 0.093624 -0.081439 -3.141462 0.041719 -1.568236
    37 4.784073 -5.184382 -17.013521 -3.366810 0.903947 -1.017051
    38 0.108654 -10.673144 -0.005453 0.385288 0.322615 -0.092195
    39 0.553428 -3.650577 -0.341066 -0.251495 -0.046218 -0.024594
    40 0.025684 -1.503640 0.001039 -1.715792 0.000001 -0.000004
    41 0.008139 -0.932386 -0.004583 -0.848594 -0.000002 -0.000001
    42 0.006928 0.005329 -0.181358 -1.528500 -0.248579 -1.611362
    43 -0.052313 0.038589 -0.230757 -1.592493 -0.043415 -1.528515
    44 -0.232600 -0.209656 -0.420669 -1.713790 -0.167173 -1.438930
    45 -0.218280 -3.737618 -0.346082 -0.083951 -0.000005 -0.000020
    46 0.019801 -1.582373 0.006170 -1.855962 0.000020 -0.000009
    47 0.004384 -1.176453 0.004155 -0.958526 0.000021 0.000018
    48 -0.038065 0.069166 -0.159883 -1.816986 0.066178 -1.575392
    49 -0.025151 0.088762 -0.068837 -1.817843 0.044510 -1.568287
    50 -0.102916 -0.186983 -0.272246 -1.833683 -0.232962 -1.472375
    51 -1.030272 -3.582044 -0.343160 -0.028490 0.000019 -0.000003
    52 0.001133 -1.610108 0.002370 -1.429542 0.000003 -0.000002
    53 0.005787 -0.946060 0.000512 -1.299241 0.000001 0.000001
    54 -0.004241 0.043707 -0.080203 -2.014997 -0.186996 -1.460723
    55 0.015383 -0.089136 -0.030010 -2.006083 0.036346 -1.568629
    56 -0.022610 -0.212357 -0.177905 -1.933161 -0.118801 -1.518895
    57 1.305107 -3.227548 -0.342207 -0.694692 -0.078965 -0.038578
    58 0.004502 -1.242324 0.006085 -1.162881 0.000004 0.000009
    59 0.003175 -0.774607 -0.000316 -0.744866 -0.000006 -0.000004
    60 -0.067138 0.063251 -0.010961 -0.899214 -0.014515 -1.600326
    61 -0.151180 -0.007395 -0.070065 -0.913061 -0.118819 -1.408558
    62 -0.178164 -0.244680 -0.357067 -1.159916 -0.384260 -1.556110
    63 -0.391451 -0.463665 0.379860 -0.063979 -0.500855 -2.653893
    64 2.472082 0.027425 0.001225 0.164539 -0.029969 0.903639
    65 1.223419 0.009356 -0.005766 0.003245 0.000593 0.879991
    66 -0.263409 -0.117640 -0.015659 0.000036 -0.082210 -0.026800
    67 0.007707 -0.334360 -0.191575 0.070788 -0.181563 0.282364
    68 0.225562 -0.567923 -0.420715 0.119895 -0.183798 0.223460
    69 -0.203683 -0.095654 -0.328305 -1.745077 0.075142 -1.515382
    70 -1.393460 8.839182 -0.239439 1.580804 -0.005024 -1.566848
    71 0.036020 0.082815 -0.692656 -1.570769 0.065989 0.001276
    72 -0.088586 0.054020 -0.088594 0.010231 0.033800 -1.560851
    73 0.120153 -0.050270 -0.054489 -2.854024 0.030688 -1.580508
    74 -0.139399 -0.111694 0.014400 0.285395 -0.031353 1.580313
    75 2.295096 -5.753433 1.027434 -1.267583 1.437608 -1.233844
    76 0.738178 -7.079689 1.130307 -2.223024 1.437608 -1.233844
    77 -7.871787 -8.845087 -0.200725 -2.618276 1.274282 -3.171408
    78 3.923708 -8.234629 1.417453 -1.247039 1.437608 -1.233844
  time 38
    0 1.629157 0.000000 0.541027 0.000000 0.000000 -1.570796
    1 -4.690324 8.738734 -11.283031 5.607686 -1.092433 -4.153749
    2 -0.001605 -10.701926 -0.002571 0.337533 0.002132 -0.148081
    3 -0.652586 -3.626730 -0.341545 -1.003497 0.000001 -0.122197
    4 -0.010896 -1.503230 0.006415 -1.090832 -0.000001 -0.000002
    5 0.001444 -0.954641 -0.003577 -1.343863 0.000000 0.000000
    6 0.007988 0.172184 -0.118553 -1.598091 -0.216549 -1.570593
    7 0.080660 0.135929 -0.203919 -1.506824 -0.066185 -1.662786
    8 0.117288 -0.155554 -0.604544 -1.412988 -0.374558 -1.569222
    9 0.128930 -3.758196 -0.347774 -0.890091 -0.000021 -0.148339
    10 -0.006790 -1.567259 0.002820 -1.212966 0.000000 -0.000003
    11 -0.006797 -1.160038 0.002748 -1.483442 0.000000 0.000000
    12 -0.018589 0.129953 -0.123721 -1.294580 0.001302 -1.635383
    13 -0.006160 0.170065 -0.110169 -1.280084 -0.068681 -1.597215
    14 0.047100 -0.104074 -0.352264 -1.243368 -0.257298 -1.694346
    15 0.949953 -3.617903 -0.344216 -0.005679 -0.063260 0.227834
    16 -0.021700 -1.596358 -0.003443 -0.124322 -0.070565 0.065268
    17 -0.002829 -0.941812 0.007065 -0.189560 -0.177168 0.059095
    18 -0.022325 0.045424 -0.038284 -1.125544 -0.129230 -1.681412
    19 -0.042900 -0.061274 -0.071212 -1.124462 -0.060454 -1.586099
    20 0.063741 -0.109104 -0.248158 -1.142813 -0.125805 -1.693583
    21 -1.407251 -3.245525 -0.346207 -1.309552 -0.024708 -0.253656
    22 0.010185 -1.202057 0.001971 -0.642795 0.011694 -0.008204
    23 -0.020050 -0.797217 0.002278 -1.212969 0.000001 0.000004
    24 -0.011721 0.093267 0.017949 -1.687855 -0.079155 -1.575164
    25 0.048863 -0.085541 0.028626 -1.715605 -0.034569 -1.653190
    26 0.173918 -0.198416 -0.336163 -1.668104 -0.422317 -1.710956
    27 0.438974 -0.490226 0.396323 0.411920 -0.533412 -1.198433
    28 2.352359 0.010252 0.001103 -0.304700 -0.073646 -0.746689
    29 1.249212 0.004522 -0.002867 -0.016411 -0.054556 -1.182187
    30 -0.267709 0.037512 -0.093907 2.913812 -0.143386 0.078467
    31 -0.029266 0.205408 -0.329287 2.788574 -0.255486 -0.188917
    32 0.204373 0.521055 -0.268577 2.886669 0.042206 -0.230367
    33 0.195697 -0.010059 -0.293538 -1.333586 0.150863 -1.672749
    34 1.257181 8.762590 -0.153713 -1.570562 0.002683 -1.566808
    35 -0.093500 -0.114213 -0.738866 -1.570842 0.061811 0.002096
    36 0.010843 0.093624 -0.081439 -3.141462 0.041719 -1.568236
    37 4.338747 -4.856247 -16.161933 -3.435247 0.826035 -1.080659
    38 0.104748 -10.673144 -0.001547 0.411798 0.304871 -0.101833
    39 0.553428 -3.650577 -0.341066 -0.250218 -0.046218 -0.024594
    40 0.021778 -1.503640 0.004946 -1.722214 0.000001 -0.000004
    41 0.012045 -0.928479 -0.004583 -0.849637 -0.000002 -0.000001
    42 0.006928 0.005329 -0.181358 -1.528500 -0.248579 -1.611362
    43 -0.052313 0.038589 -0.230757 -1.592493 -0.043415 -1.528515
    44 -0.232600 -0.209656 -0.420669 -1.713790 -0.167173 -1.438930
    45 -0.218280 -3.737618 -0.346082 -0.082969 -0.000005 -0.000020
    46 0.019801 -1.582373 0.002264 -1.862009 0.000020 -0.000009
    47 0.000478 -1.176453 0.004155 -0.962161 0.000021 0.000018
    48 -0.038065 0.069166 -0.159883 -1.816986 0.066178 -1.575392
    49 -0.025151 0.088762 -0.068837 -1.817843 0.044510 -1.568287
    50 -0.102916 -0.186983 -0.272246 -1.833683 -0.232962 -1.472375
    51 -1.030272 -3.578138 -0.343160 -0.027786 0.000019 -0.000003
    52 0.001133 -1.610108 0.006276 -1.435594 0.000003 -0.000002
    53 0.005787 -0.946060 0.000512 -1.302409 0.000001 0.000001
    54 -0.004241 0.043707 -0.080203 -2.014997 -0.186996 -1.460723
    55 0.015383 -0.089136 -0.030010 -2.006083 0.036346 -1.568629
    56 -0.022610 -0.212357 -0.177905 -1.933161 -0.118801 -1.518895
    57 1.305107 -3.227548 -0.346114 -0.691915 -0.078965 -0.038578
    58 0.000595 -1.242324 0.006085 -1.164491 0.000004 0.000009
    59 0.007082 -0.774607 -0.000316 -0.744458 -0.000006 -0.000004
    60 -0.067138 0.063251 -0.010961 -0.899214 -0.014515 -1.600326
    61 -0.151180 -0.007395 -0.070065 -0.913061 -0.118819 -1.408558
    62 -0.178164 -0.244680 -0.357067 -1.159916 -0.384260 -1.556110
    63 -0.387544 -0.463665 0.383766 -0.064495 -0.501167 -2.654171
    64 2.472082 0.027425 0.001225 0.165438 -0.030544 0.907549
    65 1.227325 0.009356 -0.005766 0.003748 0.000677 0.887671
    66 -0.263409 -0.117640 -0.015659 0.000036 -0.082210 -0.026800
    67 0.007707 -0.334360 -0.191575 0.070788 -0.181563 0.282364
    68 0.225562 -0.567923 -0.420715 0.119895 -0.183798 0.223460
    69 -0.203683 -0.095654 -0.328305 -1.745077 0.075142 -1.515382
    70 -1.393460 8.839182 -0.239439 1.580804 -0.005024 -1.566848
    71 0.036020 0.082815 -0.692656 -1.570769 0.065989 0.001276
    72 -0.088586 0.054020 -0.088594 0.010231 0.033800 -1.560851
    73 0.120153 -0.050270 -0.054489 -2.854024 0.030688 -1.580508
    74 -0.139399 -0.111694 0.014400 0.285395 -0.031353 1.580313
    75 2.295096 -5.769059 1.027434 -1.268311 1.437608 -1.233844
    76 0.738178 -7.079689 1.130307 -2.224757 1.437608 -1.233844
    77 -7.664749 -8.837274 -0.130410 -2.631535 1.253321 -3.219509
    78 3.923708 -8.234629 1.417453 -1.247039 1.437608 -1.233844
  time 39
    0 1.629157 0.000000 0.541027 0.000000 0.000000 -1.570796
    1 -4.690324 8.738734 -11.290844 5.604923 -1.097430 -4.150708
    2 -0.001605 -10.698019 -0.002571 0.337756 -0.005156 -0.160097
    3 -0.648679 -3.626730 -0.341545 -1.003497 0.000001 -0.122197
    4 -0.006990 -1.507136 0.002508 -1.090800 -0.000001 -0.000002
    5 0.001444 -0.954641 -0.003577 -1.343863 0.000000 0.000000
    6 0.007988 0.172184 -0.118553 -1.598091 -0.216549 -1.570593
    7 0.080660 0.135929 -0.203919 -1.506824 -0.066185 -1.662786
    8 0.117288 -0.155554 -0.604544 -1.412988 -0.374558 -1.569222
    9 0.128930 -3.762102 -0.343868 -0.890091 -0.000021 -0.148339
    10 -0.006790 -1.567259 0.006726 -1.212966 0.000000 -0.000003
    11 -0.006797 -1.160038 0.002748 -1.483442 0.000000 0.000000
    12 -0.018589 0.129953 -0.123721 -1.294580 0.001302 -1.635383
    13 -0.006160 0.170065 -0.110169 -1.280084 -0.068681 -1.597215
    14 0.047100 -0.104074 -0.352264 -1.243368 -0.257298 -1.694346
    15 0.953860 -3.617903 -0.344216 -0.009274 -0.062098 0.226420
    16 -0.021700 -1.596358 -0.003443 -0.124473 -0.069654 0.064405
    17 -0.006735 -0.937906 0.007065 -0.192604 -0.174496 0.058496
    18 -0.022325 0.045424 -0.038284 -1.125544 -0.129230 -1.681412
    19 -0.042900 -0.061274 -0.071212 -1.124462 -0.060454 -1.586099
    20 0.063741 -0.109104 -0.248158 -1.142813 -0.125805 -1.693583
    21 -1.403345 -3.249431 -0.342301 -1.303191 -0.023761 -0.250924
    22 0.010185 -1.202057 0.001971 -0.642274 0.011502 -0.008084
    23 -0.020050 -0.793311 0.006185 -1.212969 0.000001 0.000004
    24 -0.011721 0.093267 0.017949 -1.687855 -0.079155 -1.575164
    25 0.048863 -0.085541 0.028626 -1.715605 -0.034569 -1.653190
    26 0.173918 -0.198416 -0.336163 -1.668104 -0.422317 -1.710956
    27 0.442881 -0.490226 0.396323 0.409774 -0.531255 -1.195935
    28 2.352359 0.010252 0.001103 -0.304976 -0.072639 -0.741229
    29 1.249212 0.004522 -0.002867 -0.016530 -0.053909 -1.176028
    30 -0.267709 0.037512 -0.093907 2.913812 -0.143386 0.078467
    31 -0.029266 0.205408 -0.329287 2.788574 -0.255486 -0.188917
    32 0.204373 0.521055 -0.268577 2.886669 0.042206 -0.230367
    33 0.195697 -0.010059 -0.293538 -1.333586 0.150863 -1.672749
    34 1.257181 8.762590 -0.153713 -1.570562 0.002683 -1.566808
    35 -0.093500 -0.114213 -0.738866 -1.570842 0.061811 0.002096
    36 0.010843 0.093624 -0.081439 -3.141462 0.041719 -1.568236
    37 3.866076 -4.422640 -15.224404 -3.478872 0.748204 -1.121898
    38 0.104748 -10.677050 -0.005453 0.446695 0.242112 -0.099647
    39 0.549521 -3.646670 -0.344972 -0.249063 -0.046218 -0.024594
    40 0.025684 -1.507546 0.004946 -1.727962 0.000001 -0.000004
    41 0.012045 -0.928479 -0.004583 -0.850471 -0.000002 -0.000001
    42 0.006928 0.005329 -0.181358 -1.528500 -0.248579 -1.611362
    43 -0.052313 0.038589 -0.230757 -1.592493 -0.043415 -1.528515
    44 -0.232600 -0.209656 -0.420669 -1.713790 -0.167173 -1.438930
    45 -0.218280 -3.737618 -0.346082 -0.082218 -0.000005 -0.000020
    46 0.019801 -1.582373 0.006170 -1.867416 0.000020 -0.000009
    47 0.000478 -1.176453 0.000249 -0.965537 0.000021 0.000018
    48 -0.038065 0.069166 -0.159883 -1.816986 0.066178 -1.575392
    49 -0.025151 0.088762 -0.068837 -1.817843 0.044510 -1.568287
    50 -0.102916 -0.186983 -0.272246 -1.833683 -0.232962 -1.472375
    51 -1.034178 -3.578138 -0.347066 -0.027458 0.000019 -0.000003
    52 0.001133 -1.610108 0.002370 -1.441150 0.000003 -0.000002
    53 0.005787 -0.946060 0.004418 -1.304895 0.000001 0.000001
    54 -0.004241 0.043707 -0.080203 -2.014997 -0.186996 -1.460723
    55 0.015383 -0.089136 -0.030010 -2.006083 0.036346 -1.568629
    56 -0.022610 -0.212357 -0.177905 -1.933161 -0.118801 -1.518895
    57 1.309013 -3.227548 -0.342207 -0.685347 -0.078965 -0.038578
    58 0.000595 -1.242324 0.006085 -1.164911 0.000004 0.000009
    59 0.003175 -0.774607 -0.000316 -0.744136 -0.000006 -0.000004
    60 -0.067138 0.063251 -0.010961 -0.899214 -0.014515 -1.600326
    61 -0.151180 -0.007395 -0.070065 -0.913061 -0.118819 -1.408558
    62 -0.178164 -0.244680 -0.357067 -1.159916 -0.384260 -1.556110
    63 -0.391451 -0.463665 0.379860 -0.064998 -0.501095 -2.654650
    64 2.472082 0.027425 0.001225 0.166109 -0.031084 0.911330
    65 1.227325 0.009356 -0.005766 0.004263 0.000761 0.894291
    66 -0.263409 -0.117640 -0.015659 0.000036 -0.082210 -0.026800
    67 0.007707 -0.334360 -0.191575 0.070788 -0.181563 0.282364
    68 0.225562 -0.567923 -0.420715 0.119895 -0.183798 0.223460
    69 -0.203683 -0.095654 -0.328305 -1.745077 0.075142 -1.515382
    70 -1.393460 8.839182 -0.239439 1.580804 -0.005024 -1.566848
    71 0.036020 0.082815 -0.692656 -1.570769 0.065989 0.001276
    72 -0.088586 0.054020 -0.088594 0.010231 0.033800 -1.560851
    73 0.120153 -0.050270 -0.054489 -2.854024 0.030688 -1.580508
    74 -0.139399 -0.111694 0.014400 0.285395 -0.031353 1.580313
    75 2.295096 -5.792497 1.031341 -1.269014 1.437608 -1.233844
    76 0.738178 -7.079689 1.130307 -2.225773 1.437608 -1.233844
    77 -7.242861 -8.837274 -0.028844 -2.639227 1.235811 -3.257183
    78 3.923708 -8.234629 1.417453 -1.247039 1.437608 -1.233844
  time 40
    0 1.629157 0.000000 0.541027 0.000000 0.000000 -1.570796
    1 -4.690324 8.738734 -11.310376 5.601303 -1.102914 -4.146431
    2 -0.001605 -10.698019 -0.006478 0.338109 -0.012577 -0.171410
    3 -0.652586 -3.626730 -0.345451 -1.003497 0.000001 -0.122197
    4 -0.010896 -1.507136 0.002508 -1.090800 -0.000001 -0.000002
    5 0.001444 -0.954641 -0.003577 -1.343863 0.000000 0.000000
    6 0.007988 0.172184 -0.118553 -1.598091 -0.216549 -1.570593
    7 0.080660 0.135929 -0.203919 -1.506824 -0.066185 -1.662786
    8 0.117288 -0.155554 -0.604544 -1.412988 -0.374558 -1.569222
    9 0.128930 -3.758196 -0.347774 -0.890091 -0.000021 -0.148339
    10 -0.002884 -1.563353 0.002820 -1.212966 0.000000 -0.000003
    11 -0.006797 -1.160038 0.002748 -1.483486 0.000000 0.000000
    12 -0.018589 0.129953 -0.123721 -1.294580 0.001302 -1.635383
    13 -0.006160 0.170065 -0.110169 -1.280084 -0.068681 -1.597215
    14 0.047100 -0.104074 -0.352264 -1.243368 -0.257298 -1.694346
    15 0.949953 -3.617903 -0.348122 -0.012977 -0.060887 0.224970
    16 -0.017794 -1.596358 -0.003443 -0.124774 -0.068720 0.063506
    17 -0.006735 -0.937906 0.007065 -0.195812 -0.171679 0.057861
    18 -0.022325 0.045424 -0.038284 -1.125544 -0.129230 -1.681412
    19 -0.042900 -0.061274 -0.071212 -1.124462 -0.060454 -1.586099
    20 0.063741 -0.109104 -0.248158 -1.142813 -0.125805 -1.693583
    21 -1.407251 -3.249431 -0.346207 -1.296646 -0.022814 -0.248119
    22 0.010185 -1.202057 0.005877 -0.641714 0.011323 -0.007941
    23 -0.020050 -0.797217 0.002278 -1.212969 0.000001 0.000004
    24 -0.011721 0.093267 0.017949 -1.687855 -0.079155 -1.575164
    25 0.048863 -0.085541 0.028626 -1.715605 -0.034569 -1.653190
    26 0.173918 -0.198416 -0.336163 -1.668104 -0.422317 -1.710956
    27 0.438974 -0.490226 0.392416 0.407641 -0.529038 -1.193410
    28 2.352359 0.010252 0.005009 -0.305239 -0.071609 -0.735600
    29 1.249212 0.004522 -0.002867 -0.016638 -0.053250 -1.169168
    30 -0.267709 0.037512 -0.093907 2.913812 -0.143386 0.078467
    31 -0.029266 0.205408 -0.329287 2.788574 -0.255486 -0.188917
    32 0.204373 0.521055 -0.268577 2.886669 0.042206 -0.230367
    33 0.195697 -0.010059 -0.293538 -1.333586 0.150863 -1.672749
    34 1.257181 8.762590 -0.153713 -1.570562 0.002683 -1.566808
    35 -0.093500 -0.114213 -0.738866 -1.570842 0.061811 0.002096
    36 0.010843 0.093624 -0.081439 -3.141462 0.041719 -1.568236
    37 3.416844 -3.934344 -14.329846 -3.505244 0.689931 -1.148593
    38 0.104748 -10.673144 -0.005453 0.484114 0.153030 -0.093599
    39 0.549521 -3.650577 -0.344972 -0.248151 -0.046218 -0.024594
    40 0.021778 -1.503640 0.001039 -1.733089 0.000001 -0.000004
    41 0.012045 -0.928479 -0.004583 -0.851122 -0.000002 -0.000001
    42 0.006928 0.005329 -0.181358 -1.528500 -0.248579 -1.611362
    43 -0.052313 0.038589 -0.230757 -1.592493 -0.043415 -1.528515
    44 -0.232600 -0.209656 -0.420669 -1.713790 -0.167173 -1.438930
    45 -0.218280 -3.737618 -0.346082 -0.081698 -0.000005 -0.000020
    46 0.019801 -1.578467 0.002264 -1.872068 0.000020 -0.000009
    47 0.000478 -1.172547 0.004155 -0.968682 0.000021 0.000018
    48 -0.038065 0.069166 -0.159883 -1.816986 0.066178 -1.575392
    49 -0.025151 0.088762 -0.068837 -1.817843 0.044510 -1.568287
    50 -0.102916 -0.186983 -0.272246 -1.833683 -0.232962 -1.472375
    51 -1.034178 -3.582044 -0.343160 -0.027317 0.000019 -0.000003
    52 0.001133 -1.610108 0.002370 -1.446164 0.000003 -0.000002
    53 0.005787 -0.946060 0.004418 -1.307021 0.000001 0.000001
    54 -0.004241 0.043707 -0.080203 -2.014997 -0.186996 -1.460723
    55 0.015383 -0.089136 -0.030010 -2.006083 0.036346 -1.568629
    56 -0.022610 -0.212357 -0.177905 -1.933161 -0.118801 -1.518895
    57 1.309013 -3.227548 -0.342207 -0.674347 -0.078965 -0.038578
    58 0.004502 -1.242324 0.006085 -1.164211 0.000004 0.000009
    59 0.003175 -0.774607 -0.000316 -0.744093 -0.000006 -0.000004
    60 -0.067138 0.063251 -0.010961 -0.899214 -0.014515 -1.600326
    61 -0.151180 -0.007395 -0.070065 -0.913061 -0.118819 -1.408558
    62 -0.178164 -0.244680 -0.357067 -1.159916 -0.384260 -1.556110
    63 -0.391451 -0.463665 0.379860 -0.065489 -0.500663 -2.655268
    64 2.472082 0.027425 0.001225 0.166577 -0.031551 0.915014
    65 1.223419 0.009356 -0.005766 0.004791 0.000832 0.899825
    66 -0.263409 -0.117640 -0.015659 0.000036 -0.082210 -0.026800
    67 0.007707 -0.334360 -0.191575 0.070788 -0.181563 0.282364
    68 0.225562 -0.567923 -0.420715 0.119895 -0.183798 0.223460
    69 -0.203683 -0.095654 -0.328305 -1.745077 0.075142 -1.515382
    70 -1.393460 8.839182 -0.239439 1.580804 -0.005024 -1.566848
    71 0.036020 0.082815 -0.692656 -1.570769 0.065989 0.001276
    72 -0.088586 0.054020 -0.088594 0.010231 0.033800 -1.560851
    73 0.120153 -0.050270 -0.054489 -2.854024 0.030688 -1.580508
    74 -0.139399 -0.111694 0.014400 0.285395 -0.031353 1.580313
    75 2.295096 -5.804216 1.031341 -1.269705 1.437608 -1.233844
    76 0.738178 -7.079689 1.130307 -2.226221 1.437608 -1.233844
    77 -6.707689 -8.833368 0.096159 -2.639567 1.231964 -3.267610
    78 3.923708 -8.234629 1.417453 -1.247039 1.437608 -1.233844
  time 41
    0 1.629157 0.000000 0.541027 0.000000 0.000000 -1.570796
    1 -4.690324 8.738734 -11.314282 5.597397 -1.108561 -4.141963
    2 -0.005512 -10.698019 -0.002571 0.338502 -0.019686 -0.181446
    3 -0.652586 -3.626730 -0.345451 -1.003497 0.000001 -0.122185
    4 -0.010896 -1.507136 0.002508 -1.090832 -0.000001 -0.000002
    5 0.001444 -0.954641 -0.003577 -1.343863 0.000000 0.000000
    6 0.007988 0.172184 -0.118553 -1.598091 -0.216549 -1.570593
    7 0.080660 0.135929 -0.203919 -1.506824 -0.066185 -1.662786
    8 0.117288 -0.155554 -0.604544 -1.412988 -0.374558 -1.569222
    9 0.128930 -3.758196 -0.347774 -0.890091 -0.000021 -0.148339
    10 -0.006790 -1.563353 0.006726 -1.212966 0.000000 -0.000003
    11 -0.002891 -1.160038 0.006655 -1.483442 0.000000 0.000000
    12 -0.018589 0.129953 -0.123721 -1.294580 0.001302 -1.635383
    13 -0.006160 0.170065 -0.110169 -1.280084 -0.068681 -1.597215
    14 0.047100 -0.104074 -0.352264 -1.243368 -0.257298 -1.694346
    15 0.949953 -3.613996 -0.348122 -0.016777 -0.059677 0.223460
    16 -0.017794 -1.596358 -0.003443 -0.125150 -0.067701 0.062584
    17 -0.002829 -0.941812 0.007065 -0.199166 -0.168827 0.057201
    18 -0.022325 0.045424 -0.038284 -1.125544 -0.129230 -1.681412
    19 -0.042900 -0.061274 -0.071212 -1.124462 -0.060454 -1.586099
    20 0.063741 -0.109104 -0.248158 -1.142813 -0.125805 -1.693583
    21 -1.407251 -3.249431 -0.346207 -1.290055 -0.021892 -0.245255
    22 0.010185 -1.202057 0.001971 -0.641173 0.011107 -0.007797
    23 -0.020050 -0.797217 0.002278 -1.212969 0.000001 0.000004
    24 -0.011721 0.093267 0.017949 -1.687855 -0.079155 -1.575164
    25 0.048863 -0.085541 0.028626 -1.715605 -0.034569 -1.653190
    26 0.173918 -0.198416 -0.336163 -1.668104 -0.422317 -1.710956
    27 0.438974 -0.490226 0.392416 0.405508 -0.526784 -1.190912
    28 2.352359 0.010252 0.001103 -0.305491 -0.070518 -0.729753
    29 1.245306 0.004522 -0.002867 -0.016734 -0.052531 -1.161755
    30 -0.267709 0.037512 -0.093907 2.913812 -0.143386 0.078467
    31 -0.029266 0.205408 -0.329287 2.788574 -0.255486 -0.188917
    32 0.204373 0.521055 -0.268577 2.886669 0.042206 -0.230367
    33 0.195697 -0.010059 -0.293538 -1.333586 0.150863 -1.672749
    34 1.257181 8.762590 -0.153713 -1.570562 0.002683 -1.566808
    35 -0.093500 -0.114213 -0.738866 -1.570842 0.061811 0.002096
    36 0.010843 0.093624 -0.081439 -3.141462 0.041719 -1.568236
    37 3.061364 -3.434329 -13.626699 -3.514281 0.663396 -1.162861
    38 0.104748 -10.673144 -0.001547 0.519630 0.056752 -0.089765
    39 0.553428 -3.650577 -0.344972 -0.247482 -0.046218 -0.024594
    40 0.025684 -1.507546 0.001039 -1.737646 0.000001 -0.000004
    41 0.008139 -0.928479 -0.004583 -0.851513 -0.000002 -0.000001
    42 0.006928 0.005329 -0.181358 -1.528500 -0.248579 -1.611362
    43 -0.052313 0.038589 -0.230757 -1.592493 -0.043415 -1.528515
    44 -0.232600 -0.209656 -0.420669 -1.713790 -0.167173 -1.438930
    45 -0.214374 -3.737618 -0.346082 -0.081524 -0.000005 -0.000020
    46 0.019801 -1.582373 0.006170 -1.876022 0.000020 -0.000009
    47 0.000478 -1.172547 0.000249 -0.971625 0.000021 0.000018
    48 -0.038065 0.069166 -0.159883 -1.816986 0.066178 -1.575392
    49 -0.025151 0.088762 -0.068837 -1.817843 0.044510 -1.568287
    50 -0.102916 -0.186983 -0.272246 -1.833683 -0.232962 -1.472375
    51 -1.030272 -3.578138 -0.343160 -0.027505 0.000019 -0.000003
    52 0.001133 -1.610108 0.006276 -1.450635 0.000003 -0.000002
    53 0.005787 -0.946060 0.004418 -1.308505 0.000001 0.000001
    54 -0.004241 0.043707 -0.080203 -2.014997 -0.186996 -1.460723
    55 0.015383 -0.089136 -0.030010 -2.006083 0.036346 -1.568629
    56 -0.022610 -0.212357 -0.177905 -1.933161 -0.118801 -1.518895
    57 1.305107 -3.227548 -0.346114 -0.658488 -0.078965 -0.038578
    58 0.000595 -1.242324 0.006085 -1.162846 0.000004 0.000009
    59 0.003175 -0.774607 -0.000316 -0.744630 -0.000006 -0.000004
    60 -0.067138 0.063251 -0.010961 -0.899214 -0.014515 -1.600326
    61 -0.151180 -0.007395 -0.070065 -0.913061 -0.118819 -1.408558
    62 -0.178164 -0.244680 -0.357067 -1.159916 -0.384260 -1.556110
    63 -0.387544 -0.463665 0.379860 -0.065993 -0.499908 -2.656041
    64 2.468175 0.027425 0.001225 0.166804 -0.031958 0.918504
    65 1.223419 0.009356 -0.005766 0.005318 0.000904 0.904350
    66 -0.263409 -0.117640 -0.015659 0.000036 -0.082210 -0.026800
    67 0.007707 -0.334360 -0.191575 0.070788 -0.181563 0.282364
    68 0.225562 -0.567923 -0.420715 0.119895 -0.183798 0.223460
    69 -0.203683 -0.095654 -0.328305 -1.745077 0.075142 -1.515382
    70 -1.393460 8.839182 -0.239439 1.580804 -0.005024 -1.566848
    71 0.036020 0.082815 -0.692656 -1.570769 0.065989 0.001276
    72 -0.088586 0.054020 -0.088594 0.010231 0.033800 -1.560851
    73 0.120153 -0.050270 -0.054489 -2.854024 0.030688 -1.580508
    74 -0.139399 -0.111694 0.014400 0.285395 -0.031353 1.580313
    75 2.295096 -5.823748 1.039154 -1.270372 1.437608 -1.233844
    76 0.738178 -7.079689 1.130307 -2.225952 1.437608 -1.233844
    77 -6.188142 -8.829461 0.225070 -2.628263 1.251823 -3.231922
    78 3.923708 -8.234629 1.417453 -1.247039 1.437608 -1.233844
  time 42
    0 1.629157 0.000000 0.541027 0.000000 0.000000 -1.570796
    1 -4.690324 8.738734 -11.318189 5.593205 -1.114248 -4.137306
    2 -0.001605 -10.701926 -0.002571 0.338987 -0.025898 -0.189584
    3 -0.648679 -3.626730 -0.345451 -1.003497 0.000001 -0.122197
    4 -0.006990 -1.507136 0.002508 -1.090800 -0.000001 -0.000002
    5 0.001444 -0.954641 -0.003577 -1.343863 0.000000 0.000000
    6 0.007988 0.172184 -0.118553 -1.598091 -0.216549 -1.570593
    7 0.080660 0.135929 -0.203919 -1.506824 -0.066185 -1.662786
    8 0.117288 -0.155554 -0.604544 -1.412988 -0.374558 -1.569222
    9 0.128930 -3.758196 -0.347774 -0.890091 -0.000021 -0.148339
    10 -0.006790 -1.567259 0.006726 -1.212966 0.000000 -0.000003
    11 -0.006797 -1.160038 0.006655 -1.483486 0.000000 0.000000
    12 -0.018589 0.129953 -0.123721 -1.294580 0.001302 -1.635383
    13 -0.006160 0.170065 -0.110169 -1.280084 -0.068681 -1.597215
    14 0.047100 -0.104074 -0.352264 -1.243368 -0.257298 -1.694346
    15 0.953860 -3.613996 -0.348122 -0.020648 -0.058418 0.221914
    16 -0.017794 -1.596358 -0.003443 -0.125714 -0.066610 0.061613
    17 -0.006735 -0.941812 0.007065 -0.202665 -0.165867 0.056518
    18 -0.022325 0.045424 -0.038284 -1.125544 -0.129230 -1.681412
    19 -0.042900 -0.061274 -0.071212 -1.124462 -0.060454 -1.586099
    20 0.063741 -0.109104 -0.248158 -1.142813 -0.125805 -1.693583
    21 -1.407251 -3.245525 -0.346207 -1.283236 -0.020945 -0.242355
    22 0.010185 -1.202057 0.005877 -0.640613 0.010903 -0.007629
    23 -0.020050 -0.793311 0.002278 -1.212969 0.000001 0.000004
    24 -0.011721 0.093267 0.017949 -1.687855 -0.079155 -1.575164
    25 0.048863 -0.085541 0.028626 -1.715605 -0.034569 -1.653190
    26 0.173918 -0.198416 -0.336163 -1.668104 -0.422317 -1.710956
    27 0.442881 -0.490226 0.392416 0.403398 -0.524519 -1.188387
    28 2.352359 0.010252 0.001103 -0.305767 -0.069367 -0.723737
    29 1.249212 0.004522 -0.006774 -0.016830 -0.051788 -1.153714
    30 -0.267709 0.037512 -0.093907 2.913812 -0.143386 0.078467
    31 -0.029266 0.205408 -0.329287 2.788574 -0.255486 -0.188917
    32 0.204373 0.521055 -0.268577 2.886669 0.042206 -0.230367
    33 0.195697 -0.010059 -0.293538 -1.333586 0.150863 -1.672749
    34 1.257181 8.762590 -0.153713 -1.570562 0.002683 -1.566808
    35 -0.093500 -0.114213 -0.738866 -1.570842 0.061811 0.002096
    36 0.010843 0.093624 -0.081439 -3.141462 0.041719 -1.568236
    37 2.944173 -2.969471 -13.349347 -3.503518 0.694730 -1.165070
    38 0.104748 -10.673144 -0.005453 0.550256 -0.027236 -0.091925
    39 0.553428 -3.650577 -0.341066 -0.246935 -0.046218 -0.024594
    40 0.021778 -1.507546 0.001039 -1.741530 0.000001 -0.000004
    41 0.008139 -0.932386 -0.004583 -0.851800 -0.000002 -0.000001
    42 0.006928 0.005329 -0.181358 -1.528500 -0.248579 -1.611362
    43 -0.052313 0.038589 -0.230757 -1.592493 -0.043415 -1.528515
    44 -0.232600 -0.209656 -0.420669 -1.713790 -0.167173 -1.438930
    45 -0.214374 -3.741524 -0.346082 -0.081698 -0.000005 -0.000020
    46 0.015894 -1.582373 0.002264 -1.879220 0.000020 -0.000009
    47 0.000478 -1.176453 0.000249 -0.974308 0.000021 0.000018
    48 -0.038065 0.069166 -0.159883 -1.816986 0.066178 -1.575392
    49 -0.025151 0.088762 -0.068837 -1.817843 0.044510 -1.568287
    50 -0.102916 -0.186983 -0.272246 -1.833683 -0.232962 -1.472375
    51 -1.030272 -3.582044 -0.347066 -0.027880 0.000019 -0.000003
    52 0.001133 -1.610108 0.002370 -1.454565 0.000003 -0.000002
    53 0.005787 -0.946060 0.004418 -1.309507 0.000001 0.000001
    54 -0.004241 0.043707 -0.080203 -2.014997 -0.186996 -1.460723
    55 0.015383 -0.089136 -0.030010 -2.006083 0.036346 -1.568629
    56 -0.022610 -0.212357 -0.177905 -1.933161 -0.118801 -1.518895
    57 1.305107 -3.227548 -0.342207 -0.637235 -0.078965 -0.038578
    58 0.000595 -1.242324 0.006085 -1.160886 0.000004 0.000009
    59 0.003175 -0.774607 -0.000316 -0.745940 -0.000006 -0.000004
    60 -0.067138 0.063251 -0.010961 -0.899214 -0.014515 -1.600326
    61 -0.151180 -0.007395 -0.070065 -0.913061 -0.118819 -1.408558
    62 -0.178164 -0.244680 -0.357067 -1.159916 -0.384260 -1.556110
    63 -0.387544 -0.463665 0.383766 -0.066472 -0.498890 -2.656968
    64 2.472082 0.027425 0.001225 0.166852 -0.032318 0.921865
    65 1.223419 0.009356 -0.005766 0.005833 0.000988 0.907867
    66 -0.263409 -0.117640 -0.015659 0.000036 -0.082210 -0.026800
    67 0.007707 -0.334360 -0.191575 0.070788 -0.181563 0.282364
    68 0.225562 -0.567923 -0.420715 0.119895 -0.183798 0.223460
    69 -0.203683 -0.095654 -0.328305 -1.745077 0.075142 -1.515382
    70 -1.393460 8.839182 -0.239439 1.580804 -0.005024 -1.566848
    71 0.036020 0.082815 -0.692656 -1.570769 0.065989 0.001276
    72 -0.088586 0.054020 -0.088594 0.010231 0.033800 -1.560851
    73 0.120153 -0.050270 -0.054489 -2.854024 0.030688 -1.580508
    74 -0.139399 -0.111694 0.014400 0.285395 -0.031353 1.580313
    75 2.295096 -5.839373 1.043060 -1.271026 1.437608 -1.233844
    76 0.738178 -7.079689 1.130307 -2.225026 1.437608 -1.233844
    77 -5.649063 -8.821649 0.365699 -2.595328 1.292546 -3.143603
    78 3.923708 -8.234629 1.417453 -1.247039 1.437608 -1.233844
  time 43
    0 1.629157 0.000000 0.541027 0.000000 0.000000 -1.570796
    1 -4.690324 8.738734 -11.322095 5.588918 -1.120098 -4.132268
    2 -0.001605 -10.698019 -0.002571 0.339484 -0.032035 -0.196509
    3 -0.652586 -3.626730 -0.345451 -1.003497 0.000001 -0.122197
    4 -0.006990 -1.507136 0.002508 -1.090800 -0.000001 -0.000002
    5 0.001444 -0.954641 -0.003577 -1.343863 0.000000 0.000000
    6 0.007988 0.172184 -0.118553 -1.598091 -0.216549 -1.570593
    7 0.080660 0.135929 -0.203919 -1.506824 -0.066185 -1.662786
    8 0.117288 -0.155554 -0.604544 -1.412988 -0.374558 -1.569222
    9 0.128930 -3.758196 -0.343868 -0.890091 -0.000021 -0.148339
    10 -0.006790 -1.567259 0.002820 -1.212966 0.000000 -0.000003
    11 -0.006797 -1.160038 0.006655 -1.483442 0.000000 0.000000
    12 -0.018589 0.129953 -0.123721 -1.294580 0.001302 -1.635383
    13 -0.006160 0.170065 -0.110169 -1.280084 -0.068681 -1.597215
    14 0.047100 -0.104074 -0.352264 -1.243368 -0.257298 -1.694346
    15 0.949953 -3.613996 -0.348122 -0.024602 -0.057160 0.220320
    16 -0.021700 -1.596358 -0.003443 -0.126353 -0.065520 0.060570
    17 -0.006735 -0.941812 0.007065 -0.206365 -0.162823 0.055811
    18 -0.022325 0.045424 -0.038284 -1.125544 -0.129230 -1.681412
    19 -0.042900 -0.061274 -0.071212 -1.124462 -0.060454 -1.586099
    20 0.063741 -0.109104 -0.248158 -1.142813 -0.125805 -1.693583
    21 -1.407251 -3.245525 -0.342301 -1.276370 -0.019998 -0.239383
    22 0.010185 -1.202057 0.001971 -0.640034 0.010699 -0.007485
    23 -0.020050 -0.793311 0.002278 -1.213004 0.000001 0.000004
    24 -0.011721 0.093267 0.017949 -1.687855 -0.079155 -1.575164
    25 0.048863 -0.085541 0.028626 -1.715605 -0.034569 -1.653190
    26 0.173918 -0.198416 -0.336163 -1.668104 -0.422317 -1.710956
    27 0.442881 -0.490226 0.396323 0.401325 -0.522242 -1.185835
    28 2.352359 0.010252 0.005009 -0.306006 -0.068205 -0.717576
    29 1.249212 0.004522 -0.002867 -0.016890 -0.051021 -1.145231
    30 -0.267709 0.037512 -0.093907 2.913812 -0.143386 0.078467
    31 -0.029266 0.205408 -0.329287 2.788574 -0.255486 -0.188917
    32 0.204373 0.521055 -0.268577 2.886669 0.042206 -0.230367
    33 0.195697 -0.010059 -0.293538 -1.333586 0.150863 -1.672749
    34 1.257181 8.762590 -0.153713 -1.570562 0.002683 -1.566808
    35 -0.093500 -0.114213 -0.738866 -1.570842 0.061811 0.002096
    36 0.010843 0.093624 -0.081439 -3.141462 0.041719 -1.568236
    37 2.951986 -2.516332 -13.322002 -3.472874 0.758326 -1.151999
    38 0.104748 -10.673144 -0.001547 0.573292 -0.079219 -0.102373
    39 0.553428 -3.650577 -0.341066 -0.246570 -0.046218 -0.024594
    40 0.025684 -1.507546 0.001039 -1.744844 0.000001 -0.000004
    41 0.008139 -0.932386 -0.004583 -0.851904 -0.000002 -0.000001
    42 0.006928 0.005329 -0.181358 -1.528500 -0.248579 -1.611362
    43 -0.052313 0.038589 -0.230757 -1.592493 -0.043415 -1.528515
    44 -0.232600 -0.209656 -0.420669 -1.713790 -0.167173 -1.438930
    45 -0.214374 -3.741524 -0.346082 -0.082044 -0.000005 -0.000020
    46 0.019801 -1.578467 0.006170 -1.881895 0.000020 -0.000009
    47 0.000478 -1.176453 0.000249 -0.976703 0.000021 0.000018
    48 -0.038065 0.069166 -0.159883 -1.816986 0.066178 -1.575392
    49 -0.025151 0.088762 -0.068837 -1.817843 0.044510 -1.568287
    50 -0.102916 -0.186983 -0.272246 -1.833683 -0.232962 -1.472375
    51 -1.034178 -3.582044 -0.343160 -0.028537 0.000019 -0.000003
    52 0.001133 -1.610108 0.002370 -1.457862 0.000003 -0.000002
    53 0.001880 -0.946060 0.004418 -1.310109 0.000001 0.000001
    54 -0.004241 0.043707 -0.080203 -2.014997 -0.186996 -1.460723
    55 0.015383 -0.089136 -0.030010 -2.006083 0.036346 -1.568629
    56 -0.022610 -0.212357 -0.177905 -1.933161 -0.118801 -1.518895
    57 1.305107 -3.227548 -0.342207 -0.192214 -0.078965 -0.038578
    58 0.000595 -1.242324 0.002179 -0.934515 0.000004 0.000009
    59 0.003175 -0.774607 -0.004222 -0.747014 -0.000006 -0.000004
    60 -0.067138 0.063251 -0.010961 -0.899214 -0.014515 -1.600326
    61 -0.151180 -0.007395 -0.070065 -0.913061 -0.118819 -1.408558
    62 -0.178164 -0.244680 -0.357067 -1.159916 -0.384260 -1.556110
    63 -0.391451 -0.463665 0.383766 -0.066939 -0.497571 -2.658019
    64 2.468175 0.027425 0.001225 0.166708 -0.032630 0.924967
    65 1.227325 0.009356 -0.005766 0.006361 0.001072 0.910427
    66 -0.263409 -0.117640 -0.015659 0.000036 -0.082210 -0.026800
    67 0.007707 -0.334360 -0.191575 0.070788 -0.181563 0.282364
    68 0.225562 -0.567923 -0.420715 0.119895 -0.183798 0.223460
    69 -0.203683 -0.095654 -0.328305 -1.745077 0.075142 -1.515382
    70 -1.393460 8.839182 -0.239439 1.580804 -0.005024 -1.566848
    71 0.036020 0.082815 -0.692656 -1.570769 0.065989 0.001276
    72 -0.088586 0.054020 -0.088594 0.010231 0.033800 -1.560851
    73 0.120153 -0.050270 -0.054489 -2.854024 0.030688 -1.580508
    74 -0.139399 -0.111694 0.014400 0.285395 -0.031353 1.580313
    75 2.299003 -5.851092 1.039154 -1.271667 1.437608 -1.233844
    76 0.738178 -7.079689 1.130307 -2.223502 1.437608 -1.233844
    77 -5.047482 -8.809929 0.541485 -2.524274 1.341803 -3.002218
    78 3.923708 -8.234629 1.417453 -1.247039 1.437608 -1.233844
  time 44
    0 1.629157 0.000000 0.541027 0.000000 0.000000 -1.570796
    1 -4.690324 8.738734 -11.322095 5.584345 -1.125948 -4.127041
    2 -0.001605 -10.698019 -0.002571 0.340086 -0.039099 -0.203307
    3 -0.648679 -3.626730 -0.341545 -1.003497 0.000001 -0.122197
    4 -0.006990 -1.503230 0.006415 -1.090800 -0.000001 -0.000002
    5 0.001444 -0.954641 -0.003577 -1.343863 0.000000 0.000000
    6 0.007988 0.172184 -0.118553 -1.598091 -0.216549 -1.570593
    7 0.080660 0.135929 -0.203919 -1.506824 -0.066185 -1.662786
    8 0.117288 -0.155554 -0.604544 -1.412988 -0.374558 -1.569222
    9 0.128930 -3.758196 -0.347774 -0.890091 -0.000021 -0.148339
    10 -0.006790 -1.563353 0.006726 -1.212966 0.000000 -0.000003
    11 -0.006797 -1.160038 0.002748 -1.483442 0.000000 0.000000
    12 -0.018589 0.129953 -0.123721 -1.294580 0.001302 -1.635383
    13 -0.006160 0.170065 -0.110169 -1.280084 -0.068681 -1.597215
    14 0.047100 -0.104074 -0.352264 -1.243368 -0.257298 -1.694346
    15 0.949953 -3.617903 -0.344216 -0.028653 -0.055878 0.218702
    16 -0.021700 -1.596358 -0.003443 -0.127142 -0.064333 0.059527
    17 -0.006735 -0.941812 0.007065 -0.210211 -0.159707 0.055080
    18 -0.022325 0.045424 -0.038284 -1.125544 -0.129230 -1.681412
    19 -0.042900 -0.061274 -0.071212 -1.124462 -0.060454 -1.586099
    20 0.063741 -0.109104 -0.248158 -1.142813 -0.125805 -1.693583
    21 -1.407251 -3.245525 -0.342301 -1.269414 -0.019075 -0.236375
    22 0.006279 -1.202057 0.005877 -0.639455 0.010496 -0.007341
    23 -0.020050 -0.797217 0.006185 -1.212969 0.000001 0.000004
    24 -0.011721 0.093267 0.017949 -1.687855 -0.079155 -1.575164
    25 0.048863 -0.085541 0.028626 -1.715605 -0.034569 -1.653190
    26 0.173918 -0.198416 -0.336163 -1.668104 -0.422317 -1.710956
    27 0.442881 -0.490226 0.392416 0.399312 -0.519965 -1.183364
    28 2.352359 0.010252 0.005009 -0.306258 -0.066983 -0.711295
    29 1.245306 0.004522 -0.002867 -0.016950 -0.050218 -1.136232
    30 -0.267709 0.037512 -0.093907 2.913812 -0.143386 0.078467
    31 -0.029266 0.205408 -0.329287 2.788574 -0.255486 -0.188917
    32 0.204373 0.521055 -0.268577 2.886669 0.042206 -0.230367
    33 0.195697 -0.010059 -0.293538 -1.333586 0.150863 -1.672749
    34 1.257181 8.762590 -0.153713 -1.570562 0.002683 -1.566808
    35 -0.093500 -0.114213 -0.738866 -1.570842 0.061811 0.002096
    36 0.010843 0.093624 -0.081439 -3.141462 0.041719 -1.568236
    37 3.041832 -2.090538 -13.497789 -3.422266 0.837125 -1.120701
    38 0.108654 -10.673144 -0.005453 0.586923 -0.089218 -0.124215
    39 0.549521 -3.650577 -0.341066 -0.246266 -0.046218 -0.024594
    40 0.025684 -1.503640 0.001039 -1.747537 0.000001 -0.000004
    41 0.008139 -0.928479 -0.004583 -0.851800 -0.000002 -0.000001
    42 0.006928 0.005329 -0.181358 -1.528500 -0.248579 -1.611362
    43 -0.052313 0.038589 -0.230757 -1.592493 -0.043415 -1.528515
    44 -0.232600 -0.209656 -0.420669 -1.713790 -0.167173 -1.438930
    45 -0.218280 -3.741524 -0.346082 -0.082680 -0.000005 -0.000020
    46 0.019801 -1.578467 0.006170 -1.883755 0.000020 -0.000009
    47 0.004384 -1.172547 0.000249 -0.978838 0.000021 0.000018
    48 -0.038065 0.069166 -0.159883 -1.816986 0.066178 -1.575392
    49 -0.025151 0.088762 -0.068837 -1.817843 0.044510 -1.568287
    50 -0.102916 -0.186983 -0.272246 -1.833683 -0.232962 -1.472375
    51 -1.030272 -3.578138 -0.343160 -0.029382 0.000019 -0.000003
    52 0.001133 -1.610108 0.002370 -1.460663 0.000003 -0.000002
    53 0.001880 -0.946060 0.004418 -1.310229 0.000001 0.000001
    54 -0.004241 0.043707 -0.080203 -2.014997 -0.186996 -1.460723
    55 0.015383 -0.089136 -0.030010 -2.006083 0.036346 -1.568629
    56 -0.022610 -0.212357 -0.177905 -1.933161 -0.118801 -1.518895
    57 1.305107 -3.227548 -0.342207 -0.181107 -0.078965 -0.038578
    58 0.000595 -1.242324 0.006085 -0.917995 0.000004 0.000009
    59 0.003175 -0.774607 -0.000316 -0.748196 -0.000006 -0.000004
    60 -0.067138 0.063251 -0.010961 -0.899214 -0.014515 -1.600326
    61 -0.151180 -0.007395 -0.070065 -0.913061 -0.118819 -1.408558
    62 -0.178164 -0.244680 -0.357067 -1.159916 -0.384260 -1.556110
    63 -0.387544 -0.463665 0.379860 -0.067419 -0.496037 -2.659147
    64 2.472082 0.027425 0.001225 0.166409 -0.032857 0.927908
    65 1.223419 0.009356 -0.005766 0.006876 0.001144 0.911978
    66 -0.263409 -0.117640 -0.015659 0.000036 -0.082210 -0.026800
    67 0.007707 -0.334360 -0.191575 0.070788 -0.181563 0.282364
    68 0.225562 -0.567923 -0.420715 0.119895 -0.183798 0.223460
    69 -0.203683 -0.095654 -0.328305 -1.745077 0.075142 -1.515382
    70 -1.393460 8.839182 -0.239439 1.580804 -0.005024 -1.566848
    71 0.036020 0.082815 -0.692656 -1.570769 0.065989 0.001276
    72 -0.088586 0.054020 -0.088594 0.010231 0.033800 -1.560851
    73 0.120153 -0.050270 -0.054489 -2.854024 0.030688 -1.580508
    74 -0.139399 -0.111694 0.014400 0.285395 -0.031353 1.580313
    75 2.295096 -5.866718 1.043060 -1.272259 1.437608 -1.233844
    76 0.738178 -7.079689 1.130307 -2.221291 1.437608 -1.233844
    77 -4.387305 -8.790398 0.740710 -2.373878 1.393277 -2.771706
    78 3.923708 -8.234629 1.417453 -1.247039 1.437608 -1.233844
  time 45
    0 1.629157 0.000000 0.541027 0.000000 0.000000 -1.570796
    1 -4.690324 8.738734 -11.322095 5.579582 -1.131838 -4.121718
    2 -0.001605 -10.698019 -0.006478 0.340780 -0.046938 -0.209929
    3 -0.652586 -3.626730 -0.345451 -1.003497 0.000001 -0.122197
    4 -0.006990 -1.507136 0.002508 -1.090800 -0.000001 -0.000002
    5 0.001444 -0.954641 -0.003577 -1.343863 0.000000 0.000000
    6 0.007988 0.172184 -0.118553 -1.598091 -0.216549 -1.570593
    7 0.080660 0.135929 -0.203919 -1.506824 -0.066185 -1.662786
    8 0.117288 -0.155554 -0.604544 -1.412988 -0.374558 -1.569222
    9 0.128930 -3.762102 -0.347774 -0.890091 -0.000021 -0.148339
    10 -0.006790 -1.567259 0.006726 -1.212966 0.000000 -0.000003
    11 -0.002891 -1.160038 0.006655 -1.483486 0.000000 0.000000
    12 -0.018589 0.129953 -0.123721 -1.294580 0.001302 -1.635383
    13 -0.006160 0.170065 -0.110169 -1.280084 -0.068681 -1.597215
    14 0.047100 -0.104074 -0.352264 -1.243368 -0.257298 -1.694346
    15 0.949953 -3.617903 -0.348122 -0.032800 -0.054571 0.217048
    16 -0.017794 -1.596358 -0.003443 -0.128045 -0.063147 0.058473
    17 -0.002829 -0.941812 0.007065 -0.214239 -0.156519 0.054325
    18 -0.022325 0.045424 -0.038284 -1.125544 -0.129230 -1.681412
    19 -0.042900 -0.061274 -0.071212 -1.124462 -0.060454 -1.586099
    20 0.063741 -0.109104 -0.248158 -1.142813 -0.125805 -1.693583
    21 -1.403345 -3.249431 -0.346207 -1.262411 -0.018152 -0.233306
    22 0.010185 -1.202057 0.005877 -0.638856 0.010280 -0.007186
    23 -0.020050 -0.793311 0.006185 -1.212969 0.000001 0.000004
    24 -0.011721 0.093267 0.017949 -1.687855 -0.079155 -1.575164
    25 0.048863 -0.085541 0.028626 -1.715605 -0.034569 -1.653190
    26 0.173918 -0.198416 -0.336163 -1.668104 -0.422317 -1.710956
    27 0.442881 -0.490226 0.392416 0.397334 -0.517700 -1.180866
    28 2.356266 0.010252 0.005009 -0.306510 -0.065724 -0.704868
    29 1.249212 0.004522 -0.002867 -0.016986 -0.049403 -1.126827
    30 -0.267709 0.037512 -0.093907 2.913812 -0.143386 0.078467
    31 -0.029266 0.205408 -0.329287 2.788574 -0.255486 -0.188917
    32 0.204373 0.521055 -0.268577 2.886669 0.042206 -0.230367
    33 0.195697 -0.010059 -0.293538 -1.333586 0.150863 -1.672749
    34 1.257181 8.762590 -0.153713 -1.570562 0.002683 -1.566808
    35 -0.093500 -0.114213 -0.738866 -1.570842 0.061811 0.002096
    36 0.010843 0.093624 -0.081439 -3.141462 0.041719 -1.568236
    37 3.205900 -1.680369 -13.857175 -3.350872 0.922659 -1.069429
    38 0.104748 -10.673144 -0.005453 0.592190 -0.070754 -0.154211
    39 0.549521 -3.650577 -0.341066 -0.246266 -0.046218 -0.024594
    40 0.021778 -1.503640 0.001039 -1.749660 0.000001 -0.000004
    41 0.008139 -0.928479 -0.000677 -0.851513 -0.000002 -0.000001
    42 0.006928 0.005329 -0.181358 -1.528500 -0.248579 -1.611362
    43 -0.052313 0.038589 -0.230757 -1.592493 -0.043415 -1.528515
    44 -0.232600 -0.209656 -0.420669 -1.713790 -0.167173 -1.438930
    45 -0.214374 -3.741524 -0.346082 -0.083489 -0.000005 -0.000020
    46 0.019801 -1.582373 0.006170 -1.884976 0.000020 -0.000009
    47 0.004384 -1.176453 0.000249 -0.980713 0.000021 0.000018
    48 -0.038065 0.069166 -0.159883 -1.816986 0.066178 -1.575392
    49 -0.025151 0.088762 -0.068837 -1.817843 0.044510 -1.568287
    50 -0.102916 -0.186983 -0.272246 -1.833683 -0.232962 -1.472375
    51 -1.030272 -3.578138 -0.343160 -0.030367 0.000019 -0.000003
    52 0.001133 -1.610108 0.002370 -1.462876 0.000003 -0.000002
    53 0.005787 -0.946060 0.000512 -1.309868 0.000001 0.000001
    54 -0.004241 0.043707 -0.080203 -2.014997 -0.186996 -1.460723
    55 0.015383 -0.089136 -0.030010 -2.006083 0.036346 -1.568629
    56 -0.022610 -0.212357 -0.177905 -1.933161 -0.118801 -1.518895
    57 1.309013 -3.227548 -0.342207 -0.171869 -0.078965 -0.038578
    58 0.000595 -1.242324 0.006085 -0.900006 0.000004 0.000009
    59 0.003175 -0.774607 -0.004222 -0.749506 -0.000006 -0.000004
    60 -0.067138 0.063251 -0.010961 -0.899214 -0.014515 -1.600326
    61 -0.151180 -0.007395 -0.070065 -0.913061 -0.118819 -1.408558
    62 -0.178164 -0.244680 -0.357067 -1.159916 -0.384260 -1.556110
    63 -0.387544 -0.463665 0.379860 -0.067838 -0.494275 -2.660337
    64 2.472082 0.027425 0.001225 0.165917 -0.033061 0.930558
    65 1.223419 0.009356 -0.005766 0.007355 0.001240 0.912728
    66 -0.263409 -0.117640 -0.015659 0.000036 -0.082210 -0.026800
    67 0.007707 -0.334360 -0.191575 0.070788 -0.181563 0.282364
    68 0.225562 -0.567923 -0.420715 0.119895 -0.183798 0.223460
    69 -0.203683 -0.095654 -0.328305 -1.745077 0.075142 -1.515382
    70 -1.393460 8.839182 -0.239439 1.580804 -0.005024 -1.566848
    71 0.036020 0.082815 -0.692656 -1.570769 0.065989 0.001276
    72 -0.088586 0.054020 -0.088594 0.010231 0.033800 -1.560851
    73 0.120153 -0.050270 -0.054489 -2.854024 0.030688 -1.580508
    74 -0.139399 -0.111694 0.014400 0.285395 -0.031353 1.580313
    75 2.295096 -5.886250 1.046966 -1.272852 1.437608 -1.233844
    76 0.738178 -7.079689 1.130307 -2.218482 1.437608 -1.233844
    77 -3.691972 -8.782585 0.951654 -2.066331 1.436014 -2.378458
    78 3.923708 -8.234629 1.417453 -1.247039 1.437608 -1.233844
  time 46
    0 1.629157 0.000000 0.541027 0.000000 0.000000 -1.570796
    1 -4.690324 8.738734 -11.322095 5.574723 -1.137688 -4.116205
    2 -0.001605 -10.698019 -0.002571 0.341566 -0.055376 -0.216343
    3 -0.652586 -3.626730 -0.345451 -1.003531 0.000001 -0.122197
    4 -0.010896 -1.507136 0.006415 -1.090800 -0.000001 -0.000002
    5 0.001444 -0.954641 -0.003577 -1.343822 0.000000 0.000000
    6 0.007988 0.172184 -0.118553 -1.598091 -0.216549 -1.570593
    7 0.080660 0.135929 -0.203919 -1.506824 -0.066185 -1.662786
    8 0.117288 -0.155554 -0.604544 -1.412988 -0.374558 -1.569222
    9 0.128930 -3.758196 -0.347774 -0.890091 -0.000021 -0.148339
    10 -0.006790 -1.563353 0.002820 -1.212966 0.000000 -0.000003
    11 -0.002891 -1.160038 0.006655 -1.483442 0.000000 0.000000
    12 -0.018589 0.129953 -0.123721 -1.294580 0.001302 -1.635383
    13 -0.006160 0.170065 -0.110169 -1.280084 -0.068681 -1.597215
    14 0.047100 -0.104074 -0.352264 -1.243368 -0.257298 -1.694346
    15 0.953860 -3.613996 -0.348122 -0.037007 -0.053241 0.215358
    16 -0.021700 -1.596358 -0.003443 -0.129173 -0.061876 0.057334
    17 -0.006735 -0.937906 0.003159 -0.218450 -0.153259 0.053558
    18 -0.022325 0.045424 -0.038284 -1.125544 -0.129230 -1.681412
    19 -0.042900 -0.061274 -0.071212 -1.124462 -0.060454 -1.586099
    20 0.063741 -0.109104 -0.248158 -1.142813 -0.125805 -1.693583
    21 -1.407251 -3.245525 -0.342301 -1.255180 -0.017254 -0.230202
    22 0.010185 -1.202057 0.005877 -0.638277 0.010052 -0.007030
    23 -0.020050 -0.797217 0.002278 -1.212969 0.000001 0.000004
    24 -0.011721 0.093267 0.017949 -1.687855 -0.079155 -1.575164
    25 0.048863 -0.085541 0.028626 -1.715605 -0.034569 -1.653190
    26 0.173918 -0.198416 -0.336163 -1.668104 -0.422317 -1.710956
    27 0.442881 -0.490226 0.396323 0.395441 -0.515483 -1.178367
    28 2.352359 0.014158 0.005009 -0.306725 -0.064454 -0.698369
    29 1.245306 0.004522 -0.002867 -0.017010 -0.048552 -1.117017
    30 -0.267709 0.037512 -0.093907 2.913812 -0.143386 0.078467
    31 -0.029266 0.205408 -0.329287 2.788574 -0.255486 -0.188917
    32 0.204373 0.521055 -0.268577 2.886669 0.042206 -0.230367
    33 0.195697 -0.010059 -0.293538 -1.333586 0.150863 -1.672749
    34 1.257181 8.762590 -0.153713 -1.570562 0.002683 -1.566808
    35 -0.093500 -0.114213 -0.738866 -1.570842 0.061811 0.002096
    36 0.010843 0.093624 -0.081439 -3.141462 0.041719 -1.568236
    37 3.397312 -1.278013 -14.247812 -3.259350 0.988110 -0.996432
    38 0.108654 -10.673144 -0.005453 0.590530 -0.039753 -0.184882
    39 0.553428 -3.650577 -0.341066 -0.246266 -0.046218 -0.024594
    40 0.021778 -1.503640 0.001039 -1.751162 0.000001 -0.000004
    41 0.008139 -0.928479 -0.000677 -0.851122 -0.000002 -0.000001
    42 0.006928 0.005329 -0.181358 -1.528500 -0.248579 -1.611362
    43 -0.052313 0.038589 -0.230757 -1.592493 -0.043415 -1.528515
    44 -0.232600 -0.209656 -0.420669 -1.713790 -0.167173 -1.438930
    45 -0.214374 -3.737618 -0.346082 -0.084471 -0.000005 -0.000020
    46 0.019801 -1.582373 0.006170 -1.885558 0.000020 -0.000009
    47 0.000478 -1.176453 0.000249 -0.982329 0.000021 0.000018
    48 -0.038065 0.069166 -0.159883 -1.816986 0.066178 -1.575392
    49 -0.025151 0.088762 -0.068837 -1.817843 0.044510 -1.568287
    50 -0.102916 -0.186983 -0.272246 -1.833683 -0.232962 -1.472375
    51 -1.030272 -3.578138 -0.343160 -0.031540 0.000019 -0.000003
    52 0.001133 -1.610108 0.002370 -1.464547 0.000003 -0.000002
    53 0.005787 -0.946060 0.004418 -1.309066 0.000001 0.000001
    54 -0.004241 0.043707 -0.080203 -2.014997 -0.186996 -1.460723
    55 0.015383 -0.089136 -0.030010 -2.006083 0.036346 -1.568629
    56 -0.022610 -0.212357 -0.177905 -1.933161 -0.118801 -1.518895
    57 1.305107 -3.227548 -0.342207 -0.164607 -0.078965 -0.038578
    58 0.004502 -1.242324 0.006085 -0.880582 0.000004 0.000009
    59 0.003175 -0.774607 -0.000316 -0.750838 -0.000006 -0.000004
    60 -0.067138 0.063251 -0.010961 -0.899214 -0.014515 -1.600326
    61 -0.151180 -0.007395 -0.070065 -0.913061 -0.118819 -1.408558
    62 -0.178164 -0.244680 -0.357067 -1.159916 -0.384260 -1.556110
    63 -0.387544 -0.463665 0.383766 -0.068270 -0.492358 -2.661635
    64 2.472082 0.027425 0.001225 0.165294 -0.033181 0.932949
    65 1.223419 0.009356 -0.005766 0.007835 0.001324 0.912470
    66 -0.263409 -0.117640 -0.015659 0.000036 -0.082210 -0.026800
    67 0.007707 -0.334360 -0.191575 0.070788 -0.181563 0.282364
    68 0.225562 -0.567923 -0.420715 0.119895 -0.183798 0.223460
    69 -0.203683 -0.095654 -0.328305 -1.745077 0.075142 -1.515382
    70 -1.393460 8.839182 -0.239439 1.580804 -0.005024 -1.566848
    71 0.036020 0.082815 -0.692656 -1.570769 0.065989 0.001276
    72 -0.088586 0.054020 -0.088594 0.010231 0.033800 -1.560851
    73 0.120153 -0.050270 -0.054489 -2.854024 0.030688 -1.580508
    74 -0.139399 -0.111694 0.014400 0.285395 -0.031353 1.580313
    75 2.295096 -5.894062 1.043060 -1.273419 1.437608 -1.233844
    76 0.738178 -7.079689 1.130307 -2.215015 1.437608 -1.233844
    77 -2.988825 -8.763053 1.150879 -1.565891 1.451594 -1.791566
    78 3.923708 -8.234629 1.417453 -1.247039 1.437608 -1.233844
  time 47
    0 1.629157 0.000000 0.541027 0.000000 0.000000 -1.570796
    1 -4.690324 8.738734 -11.318189 5.569674 -1.143497 -4.110407
    2 -0.001605 -10.698019 -0.006478 0.342430 -0.064201 -0.222582
    3 -0.648679 -3.626730 -0.345451 -1.003497 0.000001 -0.122197
    4 -0.006990 -1.507136 0.002508 -1.090800 -0.000001 -0.000002
    5 0.001444 -0.954641 -0.003577 -1.343863 0.000000 0.000000
    6 0.007988 0.172184 -0.118553 -1.598091 -0.216549 -1.570593
    7 0.080660 0.135929 -0.203919 -1.506824 -0.066185 -1.662786
    8 0.117288 -0.155554 -0.604544 -1.412988 -0.374558 -1.569222
    9 0.128930 -3.758196 -0.347774 -0.890091 -0.000021 -0.148339
    10 -0.006790 -1.563353 0.002820 -1.212966 0.000000 -0.000003
    11 -0.006797 -1.160038 0.002748 -1.483442 0.000000 0.000000
    12 -0.018589 0.129953 -0.123721 -1.294580 0.001302 -1.635383
    13 -0.006160 0.170065 -0.110169 -1.280084 -0.068681 -1.597215
    14 0.047100 -0.104074 -0.352264 -1.243368 -0.257298 -1.694346
    15 0.949953 -3.613996 -0.348122 -0.041273 -0.051923 0.213645
    16 -0.021700 -1.596358 -0.007350 -0.130376 -0.060618 0.056220
    17 -0.006735 -0.937906 0.007065 -0.222806 -0.149915 0.052755
    18 -0.022325 0.045424 -0.038284 -1.125544 -0.129230 -1.681412
    19 -0.042900 -0.061274 -0.071212 -1.124462 -0.060454 -1.586099
    20 0.063741 -0.109104 -0.248158 -1.142813 -0.125805 -1.693583
    21 -1.403345 -3.245525 -0.346207 -1.247994 -0.016355 -0.227051
    22 0.010185 -1.202057 0.001971 -0.637640 0.009824 -0.006862
    23 -0.020050 -0.793311 0.006185 -1.212969 0.000001 0.000004
    24 -0.011721 0.093267 0.017949 -1.687855 -0.079155 -1.575164
    25 0.048863 -0.085541 0.028626 -1.715605 -0.034569 -1.653190
    26 0.173918 -0.198416 -0.336163 -1.668104 -0.422317 -1.710956
    27 0.438974 -0.490226 0.396323 0.393583 -0.513302 -1.175896
    28 2.352359 0.010252 0.001103 -0.306941 -0.063135 -0.691846
    29 1.249212 0.004522 -0.002867 -0.017022 -0.047665 -1.106764
    30 -0.267709 0.037512 -0.093907 2.913812 -0.143386 0.078467
    31 -0.029266 0.205408 -0.329287 2.788574 -0.255486 -0.188917
    32 0.204373 0.521055 -0.268577 2.886669 0.042206 -0.230367
    33 0.195697 -0.010059 -0.293538 -1.333586 0.150863 -1.672749
    34 1.257181 8.762590 -0.153713 -1.570562 0.002683 -1.566808
    35 -0.093500 -0.114213 -0.738866 -1.570842 0.061811 0.002096
    36 0.010843 0.093624 -0.081439 -3.141462 0.041719 -1.568236
    37 3.619975 -0.856125 -14.700951 -3.151808 1.027429 -0.906130
    38 0.104748 -10.677050 -0.005453 0.584577 -0.012010 -0.209127
    39 0.549521 -3.646670 -0.341066 -0.246387 -0.046218 -0.024594
    40 0.021778 -1.503640 0.001039 -1.752042 0.000001 -0.000004
    41 0.008139 -0.932386 -0.004583 -0.850601 -0.000002 -0.000001
    42 0.006928 0.005329 -0.181358 -1.528500 -0.248579 -1.611362
    43 -0.052313 0.038589 -0.230757 -1.592493 -0.043415 -1.528515
    44 -0.232600 -0.209656 -0.420669 -1.713790 -0.167173 -1.438930
    45 -0.214374 -3.741524 -0.346082 -0.085743 -0.000005 -0.000020
    46 0.019801 -1.582373 0.002264 -1.885500 0.000020 -0.000009
    47 0.004384 -1.172547 0.000249 -0.983598 0.000021 0.000018
    48 -0.038065 0.069166 -0.159883 -1.816986 0.066178 -1.575392
    49 -0.025151 0.088762 -0.068837 -1.817843 0.044510 -1.568287
    50 -0.102916 -0.186983 -0.272246 -1.833683 -0.232962 -1.472375
    51 -1.030272 -3.582044 -0.343160 -0.032901 0.000019 -0.000003
    52 0.001133 -1.610108 0.002370 -1.465586 0.000003 -0.000002
    53 0.005787 -0.946060 0.004418 -1.307943 0.000001 0.000001
    54 -0.004241 0.043707 -0.080203 -2.014997 -0.186996 -1.460723
    55 0.015383 -0.089136 -0.030010 -2.006083 0.036346 -1.568629
    56 -0.022610 -0.212357 -0.177905 -1.933161 -0.118801 -1.518895
    57 1.305107 -3.227548 -0.346114 -0.159107 -0.078965 -0.038578
    58 0.000595 -1.242324 0.002179 -0.859863 0.000004 0.000009
    59 0.003175 -0.774607 -0.004222 -0.752234 -0.000006 -0.000004
    60 -0.067138 0.063251 -0.010961 -0.899214 -0.014515 -1.600326
    61 -0.151180 -0.007395 -0.070065 -0.913061 -0.118819 -1.408558
    62 -0.178164 -0.244680 -0.357067 -1.159916 -0.384260 -1.556110
    63 -0.387544 -0.463665 0.383766 -0.068653 -0.490285 -2.662964
    64 2.472082 0.027425 0.001225 0.164539 -0.033253 0.935082
    65 1.223419 0.009356 -0.005766 0.008254 0.001396 0.911461
    66 -0.263409 -0.117640 -0.015659 0.000036 -0.082210 -0.026800
    67 0.007707 -0.334360 -0.191575 0.070788 -0.181563 0.282364
    68 0.225562 -0.567923 -0.420715 0.119895 -0.183798 0.223460
    69 -0.203683 -0.095654 -0.328305 -1.745077 0.075142 -1.515382
    70 -1.393460 8.839182 -0.239439 1.580804 -0.005024 -1.566848
    71 0.036020 0.082815 -0.692656 -1.570769 0.065989 0.001276
    72 -0.088586 0.054020 -0.088594 0.010231 0.033800 -1.560851
    73 0.120153 -0.050270 -0.054489 -2.854024 0.030688 -1.580508
    74 -0.139399 -0.111694 0.014400 0.285395 -0.031353 1.580313
    75 2.295096 -5.909688 1.050873 -1.273962 1.437608 -1.233844
    76 0.738178 -7.079689 1.130307 -2.210891 1.437608 -1.233844
    77 -2.277866 -8.751334 1.334478 -1.106036 1.431100 -1.248678
    78 3.923708 -8.234629 1.417453 -1.247039 1.437608 -1.233844
  time 48
    0 1.629157 0.000000 0.541027 0.000000 0.000000 -1.570796
    1 -4.690324 8.738734 -11.318189 5.564530 -1.149185 -4.104894
    2 -0.001605 -10.701926 -0.006478 0.343346 -0.073250 -0.228662
    3 -0.648679 -3.626730 -0.345451 -1.003497 0.000001 -0.122197
    4 -0.010896 -1.503230 0.002508 -1.090800 -0.000001 -0.000002
    5 0.001444 -0.954641 -0.003577 -1.343863 0.000000 0.000000
    6 0.007988 0.172184 -0.118553 -1.598091 -0.216549 -1.570593
    7 0.080660 0.135929 -0.203919 -1.506824 -0.066185 -1.662786
    8 0.117288 -0.155554 -0.604544 -1.412988 -0.374558 -1.569222
    9 0.128930 -3.762102 -0.343868 -0.890091 -0.000021 -0.148339
    10 -0.006790 -1.567259 0.006726 -1.212966 0.000000 -0.000003
    11 -0.006797 -1.160038 0.002748 -1.483486 0.000000 0.000000
    12 -0.018589 0.129953 -0.123721 -1.294580 0.001302 -1.635383
    13 -0.006160 0.170065 -0.110169 -1.280084 -0.068681 -1.597215
    14 0.047100 -0.104074 -0.352264 -1.243368 -0.257298 -1.694346
    15 0.949953 -3.617903 -0.344216 -0.045623 -0.050580 0.211895
    16 -0.017794 -1.596358 -0.003443 -0.131729 -0.059288 0.055033
    17 -0.002829 -0.937906 0.007065 -0.227344 -0.146535 0.051940
    18 -0.022325 0.045424 -0.038284 -1.125544 -0.129230 -1.681412
    19 -0.042900 -0.061274 -0.071212 -1.124462 -0.060454 -1.586099
    20 0.063741 -0.109104 -0.248158 -1.142813 -0.125805 -1.693583
    21 -1.407251 -3.249431 -0.342301 -1.240671 -0.015480 -0.223863
    22 0.010185 -1.202057 0.005877 -0.637022 0.009621 -0.006694
    23 -0.020050 -0.797217 0.002278 -1.212969 0.000001 0.000004
    24 -0.011721 0.093267 0.017949 -1.687855 -0.079155 -1.575164
    25 0.048863 -0.085541 0.028626 -1.715605 -0.034569 -1.653190
    26 0.173918 -0.198416 -0.336163 -1.668104 -0.422317 -1.710956
    27 0.438974 -0.490226 0.396323 0.391833 -0.511168 -1.173504
    28 2.352359 0.010252 0.005009 -0.307169 -0.061793 -0.685178
    29 1.249212 0.004522 -0.002867 -0.017022 -0.046778 -1.096215
    30 -0.267709 0.037512 -0.093907 2.913812 -0.143386 0.078467
    31 -0.029266 0.205408 -0.329287 2.788574 -0.255486 -0.188917
    32 0.204373 0.521055 -0.268577 2.886669 0.042206 -0.230367
    33 0.195697 -0.010059 -0.293538 -1.333586 0.150863 -1.672749
    34 1.257181 8.762590 -0.153713 -1.570562 0.002683 -1.566808
    35 -0.093500 -0.114213 -0.738866 -1.570842 0.061811 0.002096
    36 0.010843 0.093624 -0.081439 -3.141462 0.041719 -1.568236
    37 3.885608 -0.410799 -15.251749 -3.030052 1.052996 -0.801099
    38 0.104748 -10.673144 -0.001547 0.578116 -0.003109 -0.219521
    39 0.553428 -3.650577 -0.344972 -0.246691 -0.046218 -0.024594
    40 0.025684 -1.503640 0.001039 -1.752301 0.000001 -0.000004
    41 0.008139 -0.928479 -0.000677 -0.849897 -0.000002 -0.000001
    42 0.006928 0.005329 -0.181358 -1.528500 -0.248579 -1.611362
    43 -0.052313 0.038589 -0.230757 -1.592493 -0.043415 -1.528515
    44 -0.232600 -0.209656 -0.420669 -1.713790 -0.167173 -1.438930
    45 -0.214374 -3.741524 -0.346082 -0.087072 -0.000005 -0.000020
    46 0.019801 -1.578467 0.006170 -1.884802 0.000020 -0.000009
    47 0.000478 -1.176453 0.004155 -0.984579 0.000021 0.000018
    48 -0.038065 0.069166 -0.159883 -1.816986 0.066178 -1.575392
    49 -0.025151 0.088762 -0.068837 -1.817843 0.044510 -1.568287
    50 -0.102916 -0.186983 -0.272246 -1.833683 -0.232962 -1.472375
    51 -1.030272 -3.582044 -0.343160 -0.034403 0.000019 -0.000003
    52 0.001133 -1.610108 0.002370 -1.466128 0.000003 -0.000002
    53 0.005787 -0.946060 0.004418 -1.306379 0.000001 0.000001
    54 -0.004241 0.043707 -0.080203 -2.014997 -0.186996 -1.460723
    55 0.015383 -0.089136 -0.030010 -2.006083 0.036346 -1.568629
    56 -0.022610 -0.212357 -0.177905 -1.933161 -0.118801 -1.518895
    57 1.309013 -3.227548 -0.342207 -0.155316 -0.078965 -0.038578
    58 0.004502 -1.242324 0.006085 -0.837953 0.000004 0.000009
    59 0.003175 -0.774607 -0.000316 -0.753695 -0.000006 -0.000004
    60 -0.067138 0.063251 -0.010961 -0.899214 -0.014515 -1.600326
    61 -0.151180 -0.007395 -0.070065 -0.913061 -0.118819 -1.408558
    62 -0.178164 -0.244680 -0.357067 -1.159916 -0.384260 -1.556110
    63 -0.391451 -0.463665 0.379860 -0.069025 -0.488055 -2.664324
    64 2.472082 0.027425 0.001225 0.163652 -0.033265 0.936956
    65 1.227325 0.009356 -0.005766 0.008686 0.001480 0.909548
    66 -0.263409 -0.117640 -0.015659 0.000036 -0.082210 -0.026800
    67 0.007707 -0.334360 -0.191575 0.070788 -0.181563 0.282364
    68 0.225562 -0.567923 -0.420715 0.119895 -0.183798 0.223460
    69 -0.203683 -0.095654 -0.328305 -1.745077 0.075142 -1.515382
    70 -1.393460 8.839182 -0.239439 1.580804 -0.005024 -1.566848
    71 0.036020 0.082815 -0.692656 -1.570769 0.065989 0.001276
    72 -0.088586 0.054020 -0.088594 0.010231 0.033800 -1.560851
    73 0.120153 -0.050270 -0.054489 -2.854024 0.030688 -1.580508
    74 -0.139399 -0.111694 0.014400 0.285395 -0.031353 1.580313
    75 2.295096 -5.925313 1.050873 -1.274456 1.437608 -1.233844
    76 0.738178 -7.079689 1.130307 -2.206110 1.437608 -1.233844
    77 -1.605971 -8.755240 1.482920 -0.847402 1.391743 -0.915323
    78 3.923708 -8.234629 1.417453 -1.247039 1.437608 -1.233844
  time 49
    0 1.629157 0.000000 0.541027 0.000000 0.000000 -1.570796
    1 -4.690324 8.738734 -11.314282 5.559385 -1.154750 -4.098906
    2 -0.001605 -10.701926 -0.002571 0.344315 -0.082389 -0.234486
    3 -0.648679 -3.626730 -0.345451 -1.003497 0.000001 -0.122197
    4 -0.010896 -1.507136 0.002508 -1.090800 -0.000001 -0.000002
    5 0.001444 -0.954641 -0.003577 -1.343863 0.000000 0.000000
    6 0.007988 0.172184 -0.118553 -1.598091 -0.216549 -1.570593
    7 0.080660 0.135929 -0.203919 -1.506824 -0.066185 -1.662786
    8 0.117288 -0.155554 -0.604544 -1.412988 -0.374558 -1.569222
    9 0.128930 -3.762102 -0.347774 -0.890091 -0.000021 -0.148339
    10 -0.006790 -1.567259 0.006726 -1.212966 0.000000 -0.000003
    11 -0.006797 -1.160038 0.006655 -1.483486 0.000000 0.000000
    12 -0.018589 0.129953 -0.123721 -1.294580 0.001302 -1.635383
    13 -0.006160 0.170065 -0.110169 -1.280084 -0.068681 -1.597215
    14 0.047100 -0.104074 -0.352264 -1.243368 -0.257298 -1.694346
    15 0.949953 -3.617903 -0.348122 -0.050046 -0.049214 0.210097
    16 -0.017794 -1.596358 -0.003443 -0.133233 -0.057909 0.053859
    17 -0.002829 -0.941812 0.007065 -0.232065 -0.143108 0.051089
    18 -0.022325 0.045424 -0.038284 -1.125544 -0.129230 -1.681412
    19 -0.042900 -0.061274 -0.071212 -1.124462 -0.060454 -1.586099
    20 0.063741 -0.109104 -0.248158 -1.142813 -0.125805 -1.693583
    21 -1.407251 -3.245525 -0.346207 -1.233211 -0.014593 -0.220627
    22 0.010185 -1.202057 0.001971 -0.636404 0.009393 -0.006550
    23 -0.020050 -0.793311 0.006185 -1.212969 0.000001 0.000004
    24 -0.011721 0.093267 0.017949 -1.687855 -0.079155 -1.575164
    25 0.048863 -0.085541 0.028626 -1.715605 -0.034569 -1.653190
    26 0.173918 -0.198416 -0.336163 -1.668104 -0.422317 -1.710956
    27 0.438974 -0.490226 0.392416 0.390167 -0.509107 -1.171112
    28 2.352359 0.010252 0.001103 -0.307361 -0.060439 -0.678534
    29 1.245306 0.004522 -0.002867 -0.016998 -0.045867 -1.085446
    30 -0.267709 0.037512 -0.093907 2.913812 -0.143386 0.078467
    31 -0.029266 0.205408 -0.329287 2.788574 -0.255486 -0.188917
    32 0.204373 0.521055 -0.268577 2.886669 0.042206 -0.230367
    33 0.195697 -0.010059 -0.293538 -1.333586 0.150863 -1.672749
    34 1.257181 8.762590 -0.153713 -1.570562 0.002683 -1.566808
    35 -0.093500 -0.114213 -0.738866 -1.570842 0.061811 0.002096
    36 0.010843 0.093624 -0.081439 -3.141462 0.041719 -1.568236
    37 4.151241 0.011089 -15.798640 -2.902053 1.066506 -0.689441
    38 0.104748 -10.673144 -0.005453 0.577762 -0.020040 -0.218063
    39 0.553428 -3.646670 -0.344972 -0.247239 -0.046218 -0.024594
    40 0.021778 -1.507546 0.001039 -1.751887 0.000001 -0.000004
    41 0.008139 -0.928479 -0.004583 -0.849115 -0.000002 -0.000001
    42 0.006928 0.005329 -0.181358 -1.528500 -0.248579 -1.611362
    43 -0.052313 0.038589 -0.230757 -1.592493 -0.043415 -1.528515
    44 -0.232600 -0.209656 -0.420669 -1.713790 -0.167173 -1.438930
    45 -0.218280 -3.737618 -0.346082 -0.088516 -0.000005 -0.000020
    46 0.019801 -1.582373 0.006170 -1.883465 0.000020 -0.000009
    47 0.000478 -1.176453 0.000249 -0.985272 0.000021 0.000018
    48 -0.038065 0.069166 -0.159883 -1.816986 0.066178 -1.575392
    49 -0.025151 0.088762 -0.068837 -1.817843 0.044510 -1.568287
    50 -0.102916 -0.186983 -0.272246 -1.833683 -0.232962 -1.472375
    51 -1.030272 -3.578138 -0.343160 -0.035904 0.000019 -0.000003
    52 0.001133 -1.610108 0.002370 -1.465947 0.000003 -0.000002
    53 0.005787 -0.946060 0.004418 -1.304534 0.000001 0.000001
    54 -0.004241 0.043707 -0.080203 -2.014997 -0.186996 -1.460723
    55 0.015383 -0.089136 -0.030010 -2.006083 0.036346 -1.568629
    56 -0.022610 -0.212357 -0.177905 -1.933161 -0.118801 -1.518895
    57 1.305107 -3.227548 -0.342207 -0.153073 -0.078965 -0.038593
    58 0.000595 -1.242324 0.002179 -0.815064 0.000004 0.000009
    59 0.003175 -0.774607 -0.004222 -0.755134 -0.000006 -0.000004
    60 -0.067138 0.063251 -0.010961 -0.899214 -0.014515 -1.600326
    61 -0.151180 -0.007395 -0.070065 -0.913061 -0.118819 -1.408558
    62 -0.178164 -0.244680 -0.357067 -1.159916 -0.384260 -1.556110
    63 -0.391451 -0.463665 0.383766 -0.069336 -0.485742 -2.665684
    64 2.472082 0.027425 0.001225 0.162658 -0.033217 0.938442
    65 1.227325 0.009356 -0.005766 0.009045 0.001552 0.906858
    66 -0.263409 -0.117640 -0.015659 0.000036 -0.082210 -0.026800
    67 0.007707 -0.334360 -0.191575 0.070788 -0.181563 0.282364
    68 0.225562 -0.567923 -0.420715 0.119895 -0.183798 0.223460
    69 -0.203683 -0.095654 -0.328305 -1.745077 0.075142 -1.515382
    70 -1.393460 8.839182 -0.239439 1.580804 -0.005024 -1.566848
    71 0.036020 0.082815 -0.692656 -1.570769 0.065989 0.001276
    72 -0.088586 0.054020 -0.088594 0.010231 0.033800 -1.560851
    73 0.120153 -0.050270 -0.054489 -2.854024 0.030688 -1.580508
    74 -0.139399 -0.111694 0.014400 0.285395 -0.031353 1.580313
    75 2.299003 -5.937032 1.054779 -1.274925 1.437608 -1.233844
    76 0.738178 -7.079689 1.130307 -2.200702 1.437608 -1.233844
    77 -0.973139 -8.763053 1.592299 -0.720464 1.351055 -0.726147
    78 3.923708 -8.234629 1.417453 -1.247039 1.437608 -1.233844
  time 50
    0 1.629157 0.000000 0.541027 0.000000 0.000000 -1.570796
    1 -4.690324 8.738734 -11.310376 5.554241 -1.160153 -4.093203
    2 -0.001605 -10.698019 -0.002571 0.345323 -0.091439 -0.240071
    3 -0.652586 -3.626730 -0.345451 -1.003497 0.000001 -0.122197
    4 -0.006990 -1.503230 0.002508 -1.090800 -0.000001 -0.000002
    5 0.001444 -0.954641 -0.003577 -1.343863 0.000000 0.000000
    6 0.007988 0.172184 -0.118553 -1.598091 -0.216549 -1.570593
    7 0.080660 0.135929 -0.203919 -1.506824 -0.066185 -1.662786
    8 0.117288 -0.155554 -0.604544 -1.412988 -0.374558 -1.569222
    9 0.128930 -3.762102 -0.347774 -0.890091 -0.000021 -0.148339
    10 -0.006790 -1.567259 0.006726 -1.212966 0.000000 -0.000003
    11 -0.002891 -1.160038 0.002748 -1.483442 0.000000 0.000000
    12 -0.018589 0.129953 -0.123721 -1.294580 0.001302 -1.635383
    13 -0.006160 0.170065 -0.110169 -1.280084 -0.068681 -1.597215
    14 0.047100 -0.104074 -0.352264 -1.243368 -0.257298 -1.694346
    15 0.953860 -3.613996 -0.344216 -0.054492 -0.047860 0.208287
    16 -0.021700 -1.596358 -0.007350 -0.134888 -0.056507 0.052624
    17 -0.006735 -0.941812 0.007065 -0.236986 -0.139584 0.050226
    18 -0.022325 0.045424 -0.038284 -1.125544 -0.129230 -1.681412
    19 -0.042900 -0.061274 -0.071212 -1.124462 -0.060454 -1.586099
    20 0.063741 -0.109104 -0.248158 -1.142813 -0.125805 -1.693583
    21 -1.403345 -3.245525 -0.346207 -1.225750 -0.013742 -0.217343
    22 0.010185 -1.202057 0.001971 -0.635767 0.009141 -0.006383
    23 -0.020050 -0.797217 0.006185 -1.212969 0.000001 0.000004
    24 -0.011721 0.093267 0.017949 -1.687855 -0.079155 -1.575164
    25 0.048863 -0.085541 0.028626 -1.715605 -0.034569 -1.653190
    26 0.173918 -0.198416 -0.336163 -1.668104 -0.422317 -1.710956
    27 0.442881 -0.490226 0.396323 0.388598 -0.507154 -1.168746
    28 2.352359 0.010252 0.005009 -0.307528 -0.059061 -0.671866
    29 1.249212 0.004522 -0.006774 -0.016974 -0.044945 -1.074307
    30 -0.267709 0.037512 -0.093907 2.913812 -0.143386 0.078467
    31 -0.029266 0.205408 -0.329287 2.788574 -0.255486 -0.188917
    32 0.204373 0.521055 -0.268577 2.886669 0.042206 -0.230367
    33 0.195697 -0.010059 -0.293538 -1.333586 0.150863 -1.672749
    34 1.257181 8.762590 -0.153713 -1.570562 0.002683 -1.566808
    35 -0.093500 -0.114213 -0.738866 -1.570842 0.061811 0.002096
    36 0.010843 0.093624 -0.081439 -3.141462 0.041719 -1.568236
    37 4.393436 0.343130 -16.240060 -2.776272 1.070861 -0.578703
    38 0.108654 -10.673144 -0.005453 0.581170 -0.052385 -0.209666
    39 0.553428 -3.650577 -0.341066 -0.247847 -0.046218 -0.024594
    40 0.025684 -1.507546 0.001039 -1.750955 0.000001 -0.000004
    41 0.012045 -0.928479 -0.004583 -0.848203 -0.000002 -0.000001
    42 0.006928 0.005329 -0.181358 -1.528500 -0.248579 -1.611362
    43 -0.052313 0.038589 -0.230757 -1.592493 -0.043415 -1.528515
    44 -0.232600 -0.209656 -0.420669 -1.713790 -0.167173 -1.438930
    45 -0.214374 -3.741524 -0.346082 -0.090134 -0.000005 -0.000020
    46 0.019801 -1.582373 0.006170 -1.881604 0.000020 -0.000009
    47 0.000478 -1.172547 0.000249 -0.985618 0.000021 0.000018
    48 -0.038065 0.069166 -0.159883 -1.816986 0.066178 -1.575392
    49 -0.025151 0.088762 -0.068837 -1.817843 0.044510 -1.568287
    50 -0.102916 -0.186983 -0.272246 -1.833683 -0.232962 -1.472375
    51 -1.030272 -3.582044 -0.343160 -0.037641 0.000019 -0.000003
    52 0.001133 -1.610108 0.006276 -1.465315 0.000003 -0.000002
    53 0.005787 -0.946060 0.004418 -1.302369 0.000001 0.000001
    54 -0.004241 0.043707 -0.080203 -2.014997 -0.186996 -1.460723
    55 0.015383 -0.089136 -0.030010 -2.006083 0.036346 -1.568629
    56 -0.022610 -0.212357 -0.177905 -1.933161 -0.118801 -1.518895
    57 1.309013 -3.227548 -0.342207 -0.152379 -0.078965 -0.038578
    58 0.000595 -1.242324 0.006085 -0.791230 0.000004 0.000009
    59 0.003175 -0.774607 -0.000316 -0.756552 -0.000006 -0.000004
    60 -0.067138 0.063251 -0.010961 -0.899214 -0.014515 -1.600326
    61 -0.151180 -0.007395 -0.070065 -0.913061 -0.118819 -1.408558
    62 -0.178164 -0.244680 -0.357067 -1.159916 -0.384260 -1.556110
    63 -0.387544 -0.463665 0.383766 -0.069636 -0.483382 -2.667044
    64 2.472082 0.027425 0.001225 0.161543 -0.033097 0.939638
    65 1.227325 0.009356 -0.005766 0.009381 0.001623 0.903393
    66 -0.263409 -0.117640 -0.015659 0.000036 -0.082210 -0.026800
    67 0.007707 -0.334360 -0.191575 0.070788 -0.181563 0.282364
    68 0.225562 -0.567923 -0.420715 0.119895 -0.183798 0.223460
    69 -0.203683 -0.095654 -0.328305 -1.745077 0.075142 -1.515382
    70 -1.393460 8.839182 -0.239439 1.580804 -0.005024 -1.566848
    71 0.036020 0.082815 -0.692656 -1.570769 0.065989 0.001276
    72 -0.088586 0.054020 -0.088594 0.010231 0.033800 -1.560851
    73 0.120153 -0.050270 -0.054489 -2.854024 0.030688 -1.580508
    74 -0.139399 -0.111694 0.014400 0.285395 -0.031353 1.580313
    75 2.295096 -5.948752 1.050873 -1.275381 1.437608 -1.233844
    76 0.738178 -7.079689 1.130307 -2.194636 1.437608 -1.233844
    77 -0.410622 -8.774772 1.650894 -0.658164 1.318469 -0.618960
    78 3.923708 -8.234629 1.417453 -1.247039 1.437608 -1.233844
  time 51
    0 1.629157 0.000000 0.541027 0.000000 0.000000 -1.570796
    1 -4.690324 8.738734 -11.298657 5.549096 -1.165312 -4.087595
    2 -0.001605 -10.698019 -0.002571 0.346331 -0.100189 -0.245384
    3 -0.652586 -3.626730 -0.345451 -1.003497 0.000001 -0.122197
    4 -0.006990 -1.503230 0.006415 -1.090800 -0.000001 -0.000002
    5 0.001444 -0.954641 -0.007484 -1.343863 0.000000 0.000000
    6 0.007988 0.172184 -0.118553 -1.598091 -0.216549 -1.570593
    7 0.080660 0.135929 -0.203919 -1.506824 -0.066185 -1.662786
    8 0.117288 -0.155554 -0.604544 -1.412988 -0.374558 -1.569222
    9 0.128930 -3.758196 -0.347774 -0.890091 -0.000021 -0.148339
    10 -0.006790 -1.567259 0.006726 -1.212966 0.000000 -0.000003
    11 -0.002891 -1.160038 0.002748 -1.483442 0.000000 0.000000
    12 -0.018589 0.129953 -0.123721 -1.294580 0.001302 -1.635383
    13 -0.006160 0.170065 -0.110169 -1.280084 -0.068681 -1.597215
    14 0.047100 -0.104074 -0.352264 -1.243368 -0.257298 -1.694346
    15 0.953860 -3.617903 -0.348122 -0.059022 -0.046482 0.206454
    16 -0.021700 -1.596358 -0.003443 -0.136693 -0.055081 0.051402
    17 -0.006735 -0.941812 0.007065 -0.242072 -0.136061 0.049352
    18 -0.022325 0.045424 -0.038284 -1.125544 -0.129230 -1.681412
    19 -0.042900 -0.061274 -0.071212 -1.124462 -0.060454 -1.586099
    20 0.063741 -0.109104 -0.248158 -1.142813 -0.125805 -1.693583
    21 -1.407251 -3.245525 -0.346207 -1.218199 -0.012915 -0.214047
    22 0.010185 -1.202057 0.005877 -0.635130 0.008926 -0.006215
    23 -0.020050 -0.797217 0.002278 -1.212969 0.000001 0.000004
    24 -0.011721 0.093267 0.017949 -1.687855 -0.079155 -1.575164
    25 0.048863 -0.085541 0.028626 -1.715605 -0.034569 -1.653190
    26 0.173918 -0.198416 -0.336163 -1.668104 -0.422317 -1.710956
    27 0.442881 -0.490226 0.392416 0.387135 -0.505272 -1.166408
    28 2.352359 0.010252 0.001103 -0.307696 -0.057671 -0.665173
    29 1.249212 0.004522 -0.002867 -0.016926 -0.043998 -1.063021
    30 -0.267709 0.037512 -0.093907 2.913812 -0.143386 0.078467
    31 -0.029266 0.205408 -0.329287 2.788574 -0.255486 -0.188917
    32 0.204373 0.521055 -0.268577 2.886669 0.042206 -0.230367
    33 0.195697 -0.010059 -0.293538 -1.333586 0.150863 -1.672749
    34 1.257181 8.762590 -0.153713 -1.570562 0.002683 -1.566808
    35 -0.093500 -0.114213 -0.738866 -1.570842 0.061811 0.002096
    36 0.010843 0.093624 -0.081439 -3.141462 0.041719 -1.568236
    37 4.569223 0.557980 -16.466630 -2.658460 1.070095 -0.473949
    38 0.104748 -10.673144 -0.005453 0.578514 -0.089521 -0.191199
    39 0.549521 -3.650577 -0.344972 -0.248515 -0.046218 -0.024594
    40 0.025684 -1.507546 0.001039 -1.749453 0.000001 -0.000004
    41 0.008139 -0.928479 -0.004583 -0.847213 -0.000002 -0.000001
    42 0.006928 0.005329 -0.181358 -1.528500 -0.248579 -1.611362
    43 -0.052313 0.038589 -0.230757 -1.592493 -0.043415 -1.528515
    44 -0.232600 -0.209656 -0.420669 -1.713790 -0.167173 -1.438930
    45 -0.218280 -3.737618 -0.346082 -0.091926 -0.000005 -0.000020
    46 0.019801 -1.578467 0.006170 -1.879104 0.000020 -0.000009
    47 0.000478 -1.176453 0.000249 -0.985560 0.000021 0.000018
    48 -0.038065 0.069166 -0.159883 -1.816986 0.066178 -1.575392
    49 -0.025151 0.088762 -0.068837 -1.817843 0.044510 -1.568287
    50 -0.102916 -0.186983 -0.272246 -1.833683 -0.232962 -1.472375
    51 -1.030272 -3.582044 -0.347066 -0.039377 0.000019 -0.000003
    52 0.001133 -1.610108 0.002370 -1.464050 0.000003 -0.000002
    53 0.005787 -0.942153 0.000512 -1.299802 0.000001 0.000001
    54 -0.004241 0.043707 -0.080203 -2.014997 -0.186996 -1.460723
    55 0.015383 -0.089136 -0.030010 -2.006083 0.036346 -1.568629
    56 -0.022610 -0.212357 -0.177905 -1.933161 -0.118801 -1.518895
    57 1.305107 -3.227548 -0.346114 -0.153073 -0.078965 -0.038578
    58 0.000595 -1.242324 0.002179 -0.766626 0.000004 0.000009
    59 0.003175 -0.774607 -0.004222 -0.757927 -0.000006 -0.000004
    60 -0.067138 0.063251 -0.010961 -0.899214 -0.014515 -1.600326
    61 -0.151180 -0.007395 -0.070065 -0.913061 -0.118819 -1.408558
    62 -0.178164 -0.244680 -0.357067 -1.159916 -0.384260 -1.556110
    63 -0.391451 -0.463665 0.383766 -0.069876 -0.480973 -2.668373
    64 2.472082 0.027425 0.001225 0.160369 -0.032941 0.940414
    65 1.223419 0.009356 -0.005766 0.009656 0.001695 0.899152
    66 -0.263409 -0.117640 -0.015659 0.000036 -0.082210 -0.026800
    67 0.007707 -0.334360 -0.191575 0.070788 -0.181563 0.282364
    68 0.225562 -0.567923 -0.420715 0.119895 -0.183798 0.223460
    69 -0.203683 -0.095654 -0.328305 -1.745077 0.075142 -1.515382
    70 -1.393460 8.839182 -0.239439 1.580804 -0.005024 -1.566848
    71 0.036020 0.082815 -0.692656 -1.570769 0.065989 0.001276
    72 -0.088586 0.054020 -0.088594 0.010231 0.033800 -1.560851
    73 0.120153 -0.050270 -0.054489 -2.854024 0.030688 -1.580508
    74 -0.139399 -0.111694 0.014400 0.285395 -0.031353 1.580313
    75 2.295096 -5.952658 1.054779 -1.275776 1.437608 -1.233844
    76 0.738178 -7.079689 1.130307 -2.187942 1.437608 -1.233844
    77 0.124551 -8.813836 1.646988 -0.631646 1.307791 -0.587741
    78 3.923708 -8.234629 1.417453 -1.247039 1.437608 -1.233844
  time 52
    0 1.629157 0.000000 0.541027 0.000000 0.000000 -1.570796
    1 -4.690324 8.738734 -11.298657 5.544047 -1.170268 -4.081987
    2 -0.005512 -10.701926 -0.002571 0.347339 -0.108492 -0.250458
    3 -0.648679 -3.626730 -0.341545 -1.003497 0.000001 -0.122197
    4 -0.010896 -1.507136 0.002508 -1.090800 -0.000001 -0.000002
    5 0.001444 -0.954641 -0.003577 -1.343863 0.000000 0.000000
    6 0.007988 0.172184 -0.118553 -1.598091 -0.216549 -1.570593
    7 0.080660 0.135929 -0.203919 -1.506824 -0.066185 -1.662786
    8 0.117288 -0.155554 -0.604544 -1.412988 -0.374558 -1.569222
    9 0.128930 -3.762102 -0.347774 -0.890091 -0.000021 -0.148339
    10 -0.002884 -1.567259 0.006726 -1.212966 0.000000 -0.000003
    11 -0.002891 -1.160038 0.002748 -1.483486 0.000000 0.000000
    12 -0.018589 0.129953 -0.123721 -1.294580 0.001302 -1.635383
    13 -0.006160 0.170065 -0.110169 -1.280084 -0.068681 -1.597215
    14 0.047100 -0.104074 -0.352264 -1.243368 -0.257298 -1.694346
    15 0.949953 -3.617903 -0.344216 -0.063588 -0.045103 0.204572
    16 -0.021700 -1.596358 -0.003443 -0.138648 -0.053643 0.050132
    17 -0.002829 -0.937906 0.007065 -0.247321 -0.132478 0.048441
    18 -0.022325 0.045424 -0.038284 -1.125544 -0.129230 -1.681412
    19 -0.042900 -0.061274 -0.071212 -1.124462 -0.060454 -1.586099
    20 0.063741 -0.109104 -0.248158 -1.142813 -0.125805 -1.693583
    21 -1.407251 -3.249431 -0.342301 -1.210647 -0.012100 -0.210728
    22 0.010185 -1.202057 0.005877 -0.634493 0.008686 -0.006035
    23 -0.020050 -0.797217 0.006185 -1.212969 0.000001 0.000004
    24 -0.011721 0.093267 0.017949 -1.687855 -0.079155 -1.575164
    25 0.048863 -0.085541 0.028626 -1.715605 -0.034569 -1.653190
    26 0.173918 -0.198416 -0.336163 -1.668104 -0.422317 -1.710956
    27 0.442881 -0.490226 0.396323 0.385793 -0.503510 -1.164149
    28 2.352359 0.010252 0.005009 -0.307852 -0.056244 -0.658554
    29 1.245306 0.004522 -0.002867 -0.016866 -0.043015 -1.051514
    30 -0.267709 0.037512 -0.093907 2.913812 -0.143386 0.078467
    31 -0.029266 0.205408 -0.329287 2.788574 -0.255486 -0.188917
    32 0.204373 0.521055 -0.268577 2.886669 0.042206 -0.230367
    33 0.195697 -0.010059 -0.293538 -1.333586 0.150863 -1.672749
    34 1.257181 8.762590 -0.153713 -1.570562 0.002683 -1.566808
    35 -0.093500 -0.114213 -0.738866 -1.570842 0.061811 0.002096
    36 0.010843 0.093624 -0.081439 -3.141462 0.041719 -1.568236
    37 4.635631 0.600950 -16.415847 -2.540319 1.062917 -0.368918
    38 0.104748 -10.673144 -0.001547 0.559993 -0.120332 -0.158747
    39 0.553428 -3.646670 -0.341066 -0.249367 -0.046218 -0.024594
    40 0.025684 -1.503640 0.001039 -1.747278 0.000001 -0.000004
    41 0.008139 -0.928479 -0.004583 -0.846092 -0.000002 -0.000001
    42 0.006928 0.005329 -0.181358 -1.528500 -0.248579 -1.611362
    43 -0.052313 0.038589 -0.230757 -1.592493 -0.043415 -1.528515
    44 -0.232600 -0.209656 -0.420669 -1.713790 -0.167173 -1.438930
    45 -0.218280 -3.737618 -0.346082 -0.093775 -0.000005 -0.000020
    46 0.019801 -1.582373 0.006170 -1.876022 0.000020 -0.000009
    47 0.004384 -1.172547 0.000249 -0.985214 0.000021 0.000018
    48 -0.038065 0.069166 -0.159883 -1.816986 0.066178 -1.575392
    49 -0.025151 0.088762 -0.068837 -1.817843 0.044510 -1.568287
    50 -0.102916 -0.186983 -0.272246 -1.833683 -0.232962 -1.472375
    51 -1.030272 -3.578138 -0.343160 -0.041160 0.000019 -0.000003
    52 0.001133 -1.610108 0.002370 -1.462198 0.000003 -0.000002
    53 0.005787 -0.946060 0.000512 -1.297035 0.000001 0.000001
    54 -0.004241 0.043707 -0.080203 -2.014997 -0.186996 -1.460723
    55 0.015383 -0.089136 -0.030010 -2.006083 0.036346 -1.568629
    56 -0.022610 -0.212357 -0.177905 -1.933161 -0.118801 -1.518895
    57 1.305107 -3.227548 -0.342207 -0.154942 -0.078965 -0.038578
    58 0.004502 -1.242324 0.006085 -0.741357 0.000004 0.000009
    59 0.003175 -0.774607 -0.000316 -0.759237 -0.000006 -0.000004
    60 -0.067138 0.063251 -0.010961 -0.899214 -0.014515 -1.600326
    61 -0.151180 -0.007395 -0.070065 -0.913061 -0.118819 -1.408558
    62 -0.178164 -0.244680 -0.357067 -1.159916 -0.384260 -1.556110
    63 -0.387544 -0.463665 0.379860 -0.070067 -0.478552 -2.669687
    64 2.472082 0.027425 0.001225 0.159086 -0.032725 0.940834
    65 1.227325 0.009356 -0.001860 0.009908 0.001755 0.894265
    66 -0.263409 -0.117640 -0.015659 0.000036 -0.082210 -0.026800
    67 0.007707 -0.334360 -0.191575 0.070788 -0.181563 0.282364
    68 0.225562 -0.567923 -0.420715 0.119895 -0.183798 0.223460
    69 -0.203683 -0.095654 -0.328305 -1.745077 0.075142 -1.515382
    70 -1.393460 8.839182 -0.239439 1.580804 -0.005024 -1.566848
    71 0.036020 0.082815 -0.692656 -1.570769 0.065989 0.001276
    72 -0.088586 0.054020 -0.088594 0.010231 0.033800 -1.560851
    73 0.120153 -0.050270 -0.054489 -2.854024 0.030688 -1.580508
    74 -0.139399 -0.111694 0.014400 0.285395 -0.031353 1.580313
    75 2.299003 -5.968283 1.058685 -1.276146 1.437608 -1.233844
    76 0.738178 -7.079689 1.130307 -2.180591 1.437608 -1.233844
    77 0.655817 -8.860712 1.600111 -0.628289 1.321981 -0.622932
    78 3.923708 -8.234629 1.417453 -1.247039 1.437608 -1.233844
  time 53
    0 1.629157 0.000000 0.541027 0.000000 0.000000 -1.570796
    1 -4.690324 8.738734 -11.298657 5.539283 -1.174940 -4.076760
    2 -0.005512 -10.701926 -0.002571 0.348321 -0.116198 -0.255213
    3 -0.648679 -3.626730 -0.341545 -1.003497 0.000001 -0.122197
    4 -0.010896 -1.507136 0.002508 -1.090800 -0.000001 -0.000002
    5 0.001444 -0.954641 -0.003577 -1.343863 0.000000 0.000000
    6 0.007988 0.172184 -0.118553 -1.598091 -0.216549 -1.570593
    7 0.080660 0.135929 -0.203919 -1.506824 -0.066185 -1.662786
    8 0.117288 -0.155554 -0.604544 -1.412988 -0.374558 -1.569222
    9 0.128930 -3.762102 -0.347774 -0.890091 -0.000021 -0.148339
    10 -0.002884 -1.567259 0.002820 -1.212966 0.000000 -0.000003
    11 -0.006797 -1.160038 0.002748 -1.483442 0.000000 0.000000
    12 -0.018589 0.129953 -0.123721 -1.294580 0.001302 -1.635383
    13 -0.006160 0.170065 -0.110169 -1.280084 -0.068681 -1.597215
    14 0.047100 -0.104074 -0.352264 -1.243368 -0.257298 -1.694346
    15 0.949953 -3.617903 -0.348122 -0.068214 -0.043701 0.202691
    16 -0.021700 -1.596358 -0.003443 -0.140791 -0.052169 0.048837
    17 -0.006735 -0.941812 0.007065 -0.252771 -0.128822 0.047506
    18 -0.022325 0.045424 -0.038284 -1.125544 -0.129230 -1.681412
    19 -0.042900 -0.061274 -0.071212 -1.124462 -0.060454 -1.586099
    20 0.063741 -0.109104 -0.248158 -1.142813 -0.125805 -1.693583
    21 -1.407251 -3.245525 -0.346207 -1.202958 -0.011297 -0.207372
    22 0.010185 -1.202057 0.001971 -0.633836 0.008446 -0.005867
    23 -0.020050 -0.797217 0.006185 -1.212969 0.000001 0.000004
    24 -0.011721 0.093267 0.017949 -1.687855 -0.079155 -1.575164
    25 0.048863 -0.085541 0.028626 -1.715605 -0.034569 -1.653190
    26 0.173918 -0.198416 -0.336163 -1.668104 -0.422317 -1.710956
    27 0.438974 -0.490226 0.396323 0.384583 -0.501892 -1.161943
    28 2.356266 0.010252 0.001103 -0.307984 -0.054830 -0.651934
    29 1.249212 0.004522 -0.006774 -0.016782 -0.042044 -1.039896
    30 -0.267709 0.037512 -0.093907 2.913812 -0.143386 0.078467
    31 -0.029266 0.205408 -0.329287 2.788574 -0.255486 -0.188917
    32 0.204373 0.521055 -0.268577 2.886669 0.042206 -0.230367
    33 0.195697 -0.010059 -0.293538 -1.333586 0.150863 -1.672749
    34 1.257181 8.762590 -0.153713 -1.570562 0.002683 -1.566808
    35 -0.093500 -0.114213 -0.738866 -1.570842 0.061811 0.002096
    36 0.010843 0.093624 -0.081439 -3.141462 0.041719 -1.568236
    37 4.635631 0.522823 -16.189277 -2.430476 1.048157 -0.271620
    38 0.104748 -10.673144 -0.005453 0.516289 -0.132414 -0.108556
    39 0.553428 -3.650577 -0.344972 -0.250340 -0.046218 -0.024594
    40 0.025684 -1.503640 0.001039 -1.744585 0.000001 -0.000004
    41 0.008139 -0.928479 -0.004583 -0.844893 -0.000002 -0.000001
    42 0.006928 0.005329 -0.181358 -1.528500 -0.248579 -1.611362
    43 -0.052313 0.038589 -0.230757 -1.592493 -0.043415 -1.528515
    44 -0.232600 -0.209656 -0.420669 -1.713790 -0.167173 -1.438930
    45 -0.218280 -3.737618 -0.346082 -0.095682 -0.000005 -0.000020
    46 0.019801 -1.578467 0.006170 -1.872417 0.000020 -0.000009
    47 0.000478 -1.172547 0.000249 -0.984522 0.000021 0.000018
    48 -0.038065 0.069166 -0.159883 -1.816986 0.066178 -1.575392
    49 -0.025151 0.088762 -0.068837 -1.817843 0.044510 -1.568287
    50 -0.102916 -0.186983 -0.272246 -1.833683 -0.232962 -1.472375
    51 -1.034178 -3.578138 -0.347066 -0.042990 0.000019 -0.000003
    52 0.001133 -1.610108 0.002370 -1.459759 0.000003 -0.000002
    53 0.005787 -0.946060 0.004418 -1.294028 0.000001 0.000001
    54 -0.004241 0.043707 -0.080203 -2.014997 -0.186996 -1.460723
    55 0.015383 -0.089136 -0.030010 -2.006083 0.036346 -1.568629
    56 -0.022610 -0.212357 -0.177905 -1.933161 -0.118801 -1.518895
    57 1.305107 -3.227548 -0.342207 -0.158146 -0.078965 -0.038578
    58 0.000595 -1.242324 0.002179 -0.715528 0.000004 0.000009
    59 0.003175 -0.774607 -0.004222 -0.760440 -0.000006 -0.000004
    60 -0.067138 0.063251 -0.010961 -0.899214 -0.014515 -1.600326
    61 -0.151180 -0.007395 -0.070065 -0.913061 -0.118819 -1.408558
    62 -0.178164 -0.244680 -0.357067 -1.159916 -0.384260 -1.556110
    63 -0.391451 -0.463665 0.379860 -0.070211 -0.476131 -2.670938
    64 2.472082 0.027425 0.001225 0.157756 -0.032462 0.940834
    65 1.223419 0.009356 -0.005766 0.010076 0.001815 0.888654
    66 -0.263409 -0.117640 -0.015659 0.000036 -0.082210 -0.026800
    67 0.007707 -0.334360 -0.191575 0.070788 -0.181563 0.282364
    68 0.225562 -0.567923 -0.420715 0.119895 -0.183798 0.223460
    69 -0.203683 -0.095654 -0.328305 -1.745077 0.075142 -1.515382
    70 -1.393460 8.839182 -0.239439 1.580804 -0.005024 -1.566848
    71 0.036020 0.082815 -0.692656 -1.570769 0.065989 0.001276
    72 -0.088586 0.054020 -0.088594 0.010231 0.033800 -1.560851
    73 0.120153 -0.050270 -0.054489 -2.854024 0.030688 -1.580508
    74 -0.139399 -0.111694 0.014400 0.285395 -0.031353 1.580313
    75 2.295096 -5.972190 1.054779 -1.276479 1.437608 -1.233844
    76 0.738178 -7.079689 1.130307 -2.172553 1.437608 -1.233844
    77 1.151926 -8.911495 1.529797 -0.650812 1.349989 -0.702500
    78 3.923708 -8.234629 1.417453 -1.247039 1.437608 -1.233844
  time 54
    0 1.629157 0.000000 0.541027 0.000000 0.000000 -1.570796
    1 -4.690324 8.738734 -11.298657 5.534615 -1.179287 -4.071532
    2 -0.001605 -10.701926 -0.002571 0.349211 -0.123112 -0.259681
    3 -0.652586 -3.626730 -0.341545 -1.003497 0.000001 -0.122197
    4 -0.006990 -1.507136 0.002508 -1.090800 -0.000001 -0.000002
    5 0.001444 -0.954641 -0.003577 -1.343863 0.000000 0.000000
    6 0.007988 0.172184 -0.118553 -1.598091 -0.216549 -1.570593
    7 0.080660 0.135929 -0.203919 -1.506824 -0.066185 -1.662786
    8 0.117288 -0.155554 -0.604544 -1.412988 -0.374558 -1.569222
    9 0.128930 -3.758196 -0.343868 -0.890091 -0.000021 -0.148339
    10 -0.006790 -1.567259 0.006726 -1.212966 0.000000 -0.000003
    11 -0.002891 -1.160038 0.006655 -1.483442 0.000000 0.000000
    12 -0.018589 0.129953 -0.123721 -1.294580 0.001302 -1.635383
    13 -0.006160 0.170065 -0.110169 -1.280084 -0.068681 -1.597215
    14 0.047100 -0.104074 -0.352264 -1.243368 -0.257298 -1.694346
    15 0.949953 -3.617903 -0.348122 -0.072876 -0.042311 0.200761
    16 -0.021700 -1.596358 -0.003443 -0.143084 -0.050659 0.047555
    17 -0.006735 -0.941812 0.007065 -0.258385 -0.125167 0.046535
    18 -0.022325 0.045424 -0.038284 -1.125544 -0.129230 -1.681412
    19 -0.042900 -0.061274 -0.071212 -1.124462 -0.060454 -1.586099
    20 0.063741 -0.109104 -0.248158 -1.142813 -0.125805 -1.693583
    21 -1.407251 -3.245525 -0.346207 -1.195269 -0.010530 -0.203968
    22 0.006279 -1.202057 0.005877 -0.633199 0.008219 -0.005712
    23 -0.020050 -0.797217 0.002278 -1.212969 0.000001 0.000004
    24 -0.011721 0.093267 0.017949 -1.687855 -0.079155 -1.575164
    25 0.048863 -0.085541 0.028626 -1.715605 -0.034569 -1.653190
    26 0.173918 -0.198416 -0.336163 -1.668104 -0.422317 -1.710956
    27 0.438974 -0.490226 0.396323 0.383480 -0.500406 -1.159764
    28 2.356266 0.010252 0.005009 -0.308104 -0.053416 -0.645362
    29 1.245306 0.004522 -0.002867 -0.016686 -0.041062 -1.028168
    30 -0.267709 0.037512 -0.093907 2.913812 -0.143386 0.078467
    31 -0.029266 0.205408 -0.329287 2.788574 -0.255486 -0.188917
    32 0.204373 0.521055 -0.268577 2.886669 0.042206 -0.230367
    33 0.195697 -0.010059 -0.293538 -1.333586 0.150863 -1.672749
    34 1.257181 8.762590 -0.153713 -1.570562 0.002683 -1.566808
    35 -0.093500 -0.114213 -0.738866 -1.570842 0.061811 0.002096
    36 0.010843 0.093624 -0.081439 -3.141462 0.041719 -1.568236
    37 4.635631 0.397819 -15.892393 -2.352264 1.033760 -0.200004
    38 0.104748 -10.673144 -0.001547 0.334370 -0.055623 0.056082
    39 0.553428 -3.646670 -0.341066 -0.251312 -0.046218 -0.024594
    40 0.021778 -1.503640 0.001039 -1.741219 0.000001 -0.000004
    41 0.008139 -0.928479 -0.004583 -0.843616 -0.000002 -0.000001
    42 0.006928 0.005329 -0.181358 -1.528500 -0.248579 -1.611362
    43 -0.052313 0.038589 -0.230757 -1.592493 -0.043415 -1.528515
    44 -0.232600 -0.209656 -0.420669 -1.713790 -0.167173 -1.438930
    45 -0.218280 -3.737618 -0.346082 -0.097588 -0.000005 -0.000020
    46 0.019801 -1.582373 0.006170 -1.868231 0.000020 -0.000009
    47 0.000478 -1.176453 0.000249 -0.983396 0.000021 0.000018
    48 -0.038065 0.069166 -0.159883 -1.816986 0.066178 -1.575392
    49 -0.025151 0.088762 -0.068837 -1.817843 0.044510 -1.568287
    50 -0.102916 -0.186983 -0.272246 -1.833683 -0.232962 -1.472375
    51 -1.030272 -3.578138 -0.343160 -0.044773 0.000019 -0.000003
    52 0.001133 -1.610108 0.006276 -1.456778 0.000003 -0.000002
    53 0.005787 -0.946060 0.004418 -1.290699 0.000001 0.000001
    54 -0.004241 0.043707 -0.080203 -2.014997 -0.186996 -1.460723
    55 0.015383 -0.089136 -0.030010 -2.006083 0.036346 -1.568629
    56 -0.022610 -0.212357 -0.177905 -1.933161 -0.118801 -1.518895
    57 1.305107 -3.227548 -0.342207 -0.162311 -0.078965 -0.038578
    58 0.000595 -1.242324 0.002179 -0.689314 0.000004 0.000009
    59 0.003175 -0.774607 -0.000316 -0.761557 -0.000006 -0.000004
    60 -0.067138 0.063251 -0.010961 -0.899214 -0.014515 -1.600326
    61 -0.151180 -0.007395 -0.070065 -0.913061 -0.118819 -1.408558
    62 -0.178164 -0.244680 -0.357067 -1.159916 -0.384260 -1.556110
    63 -0.391451 -0.463665 0.383766 -0.070295 -0.473770 -2.672097
    64 2.472082 0.027425 0.001225 0.156366 -0.032126 0.940446
    65 1.223419 0.009356 -0.005766 0.010196 0.001875 0.882344
    66 -0.263409 -0.117640 -0.015659 0.000036 -0.082210 -0.026800
    67 0.007707 -0.334360 -0.191575 0.070788 -0.181563 0.282364
    68 0.225562 -0.567923 -0.420715 0.119895 -0.183798 0.223460
    69 -0.203683 -0.095654 -0.328305 -1.745077 0.075142 -1.515382
    70 -1.393460 8.839182 -0.239439 1.580804 -0.005024 -1.566848
    71 0.036020 0.082815 -0.692656 -1.570769 0.065989 0.001276
    72 -0.088586 0.054020 -0.088594 0.010231 0.033800 -1.560851
    73 0.120153 -0.050270 -0.054489 -2.854024 0.030688 -1.580508
    74 -0.139399 -0.111694 0.014400 0.285395 -0.031353 1.580313
    75 2.295096 -5.980003 1.058685 -1.276775 1.437608 -1.233844
    76 0.738178 -7.079689 1.130307 -2.163887 1.437608 -1.233844
    77 1.566001 -8.958372 1.459482 -0.705676 1.380154 -0.808260
    78 3.923708 -8.234629 1.417453 -1.247039 1.437608 -1.233844
  time 55
    0 1.629157 0.000000 0.541027 0.000000 0.000000 -1.570796
    1 -4.690324 8.738734 -11.290844 5.530328 -1.183309 -4.066875
    2 -0.001605 -10.701926 -0.002571 0.350062 -0.129040 -0.263830
    3 -0.652586 -3.626730 -0.341545 -1.003497 0.000001 -0.122197
    4 -0.010896 -1.503230 0.006415 -1.090800 -0.000001 -0.000002
    5 0.005351 -0.954641 -0.003577 -1.343822 0.000000 0.000000
    6 0.007988 0.172184 -0.118553 -1.598091 -0.216549 -1.570593
    7 0.080660 0.135929 -0.203919 -1.506824 -0.066185 -1.662786
    8 0.117288 -0.155554 -0.604544 -1.412988 -0.374558 -1.569222
    9 0.128930 -3.758196 -0.343868 -0.890091 -0.000021 -0.148339
    10 -0.006790 -1.567259 0.002820 -1.212966 0.000000 -0.000003
    11 -0.002891 -1.160038 0.002748 -1.483442 0.000000 0.000000
    12 -0.018589 0.129953 -0.123721 -1.294580 0.001302 -1.635383
    13 -0.006160 0.170065 -0.110169 -1.280084 -0.068681 -1.597215
    14 0.047100 -0.104074 -0.352264 -1.243368 -0.257298 -1.694346
    15 0.949953 -3.617903 -0.344216 -0.077574 -0.040933 0.198844
    16 -0.017794 -1.596358 -0.003443 -0.145491 -0.049137 0.046237
    17 -0.002829 -0.941812 0.007065 -0.264199 -0.121464 0.045552
    18 -0.022325 0.045424 -0.038284 -1.125544 -0.129230 -1.681412
    19 -0.042900 -0.061274 -0.071212 -1.124462 -0.060454 -1.586099
    20 0.063741 -0.109104 -0.248158 -1.142813 -0.125805 -1.693583
    21 -1.407251 -3.245525 -0.342301 -1.187534 -0.009775 -0.200577
    22 0.010185 -1.202057 0.005877 -0.632523 0.007979 -0.005532
    23 -0.020050 -0.797217 0.006185 -1.212969 0.000001 0.000004
    24 -0.011721 0.093267 0.017949 -1.687855 -0.079155 -1.575164
    25 0.048863 -0.085541 0.028626 -1.715605 -0.034569 -1.653190
    26 0.173918 -0.198416 -0.336163 -1.668104 -0.422317 -1.710956
    27 0.438974 -0.490226 0.396323 0.382533 -0.499100 -1.157664
    28 2.352359 0.010252 0.001103 -0.308200 -0.051990 -0.638887
    29 1.245306 0.004522 -0.006774 -0.016578 -0.040067 -1.016329
    30 -0.267709 0.037512 -0.093907 2.913812 -0.143386 0.078467
    31 -0.029266 0.205408 -0.329287 2.788574 -0.255486 -0.188917
    32 0.204373 0.521055 -0.268577 2.886669 0.042206 -0.230367
    33 0.195697 -0.010059 -0.293538 -1.333586 0.150863 -1.672749
    34 1.257181 8.762590 -0.153713 -1.570562 0.002683 -1.566808
    35 -0.093500 -0.114213 -0.738866 -1.570842 0.061811 0.002096
    36 0.010843 0.093624 -0.081439 -3.141462 0.041719 -1.568236
    37 4.709852 0.280628 -15.638479 -2.322687 1.029768 -0.166405
    38 0.104748 -10.673144 -0.005453 0.199807 0.052737 0.165238
    39 0.549521 -3.646670 -0.344972 -0.252468 -0.046218 -0.024594
    40 0.025684 -1.503640 0.001039 -1.737231 0.000001 -0.000004
    41 0.008139 -0.928479 -0.004583 -0.842287 -0.000002 -0.000001
    42 0.006928 0.005329 -0.181358 -1.528500 -0.248579 -1.611362
    43 -0.052313 0.038589 -0.230757 -1.592493 -0.043415 -1.528515
    44 -0.232600 -0.209656 -0.420669 -1.713790 -0.167173 -1.438930
    45 -0.218280 -3.737618 -0.346082 -0.099669 -0.000005 -0.000020
    46 0.019801 -1.578467 0.006170 -1.863521 0.000020 -0.000009
    47 0.000478 -1.176453 0.000249 -0.981983 0.000021 0.000018
    48 -0.038065 0.069166 -0.159883 -1.816986 0.066178 -1.575392
    49 -0.025151 0.088762 -0.068837 -1.817843 0.044510 -1.568287
    50 -0.102916 -0.186983 -0.272246 -1.833683 -0.232962 -1.472375
    51 -1.030272 -3.582044 -0.343160 -0.046650 0.000019 -0.000003
    52 0.001133 -1.610108 0.002370 -1.453210 0.000003 -0.000002
    53 0.005787 -0.946060 0.004418 -1.287170 0.000001 0.000001
    54 -0.004241 0.043707 -0.080203 -2.014997 -0.186996 -1.460723
    55 0.015383 -0.089136 -0.030010 -2.006083 0.036346 -1.568629
    56 -0.022610 -0.212357 -0.177905 -1.933161 -0.118801 -1.518895
    57 1.305107 -3.227548 -0.342207 -0.167544 -0.078965 -0.038578
    58 0.000595 -1.242324 0.006085 -0.662785 0.000004 0.000009
    59 0.007082 -0.770701 -0.004222 -0.762545 -0.000006 -0.000004
    60 -0.067138 0.063251 -0.010961 -0.899214 -0.014515 -1.600326
    61 -0.151180 -0.007395 -0.070065 -0.913061 -0.118819 -1.408558
    62 -0.178164 -0.244680 -0.357067 -1.159916 -0.384260 -1.556110
    63 -0.391451 -0.463665 0.383766 -0.070331 -0.471469 -2.673210
    64 2.472082 0.027425 0.001225 0.154940 -0.031755 0.939606
    65 1.223419 0.009356 -0.005766 0.010244 0.001923 0.875466
    66 -0.263409 -0.117640 -0.015659 0.000036 -0.082210 -0.026800
    67 0.007707 -0.334360 -0.191575 0.070788 -0.181563 0.282364
    68 0.225562 -0.567923 -0.420715 0.119895 -0.183798 0.223460
    69 -0.203683 -0.095654 -0.328305 -1.745077 0.075142 -1.515382
    70 -1.393460 8.839182 -0.239439 1.580804 -0.005024 -1.566848
    71 0.036020 0.082815 -0.692656 -1.570769 0.065989 0.001276
    72 -0.088586 0.054020 -0.088594 0.010231 0.033800 -1.560851
    73 0.120153 -0.050270 -0.054489 -2.854024 0.030688 -1.580508
    74 -0.139399 -0.111694 0.014400 0.285395 -0.031353 1.580313
    75 2.295096 -5.983909 1.058685 -1.277034 1.437608 -1.233844
    76 0.738178 -7.079689 1.130307 -2.154534 1.437608 -1.233844
    77 1.882417 -8.981810 1.428231 -0.781404 1.401331 -0.904276
    78 3.923708 -8.234629 1.417453 -1.247039 1.437608 -1.233844
  time 56
    0 1.629157 0.000000 0.541027 0.000000 0.000000 -1.570796
    1 -4.690324 8.734828 -11.298657 5.526994 -1.185990 -4.063168
    2 -0.001605 -10.701926 -0.006478 0.350428 -0.133102 -0.268106
    3 -0.652586 -3.626730 -0.345451 -1.003497 0.000001 -0.122197
    4 -0.010896 -1.507136 0.002508 -1.090800 -0.000001 -0.000002
    5 0.001444 -0.954641 -0.003577 -1.343863 0.000000 0.000000
    6 0.007988 0.172184 -0.118553 -1.598091 -0.216549 -1.570593
    7 0.080660 0.135929 -0.203919 -1.506824 -0.066185 -1.662786
    8 0.117288 -0.155554 -0.604544 -1.412988 -0.374558 -1.569222
    9 0.132836 -3.758196 -0.343868 -0.890091 -0.000021 -0.148339
    10 -0.002884 -1.563353 0.006726 -1.212966 0.000000 -0.000003
    11 -0.006797 -1.160038 0.006655 -1.483486 0.000000 0.000000
    12 -0.018589 0.129953 -0.123721 -1.294580 0.001302 -1.635383
    13 -0.006160 0.170065 -0.110169 -1.280084 -0.068681 -1.597215
    14 0.047100 -0.104074 -0.352264 -1.243368 -0.257298 -1.694346
    15 0.949953 -3.613996 -0.344216 -0.082320 -0.039543 0.196866
    16 -0.021700 -1.596358 -0.007350 -0.148123 -0.047591 0.044882
    17 -0.002829 -0.941812 0.007065 -0.270159 -0.117725 0.044570
    18 -0.022325 0.045424 -0.038284 -1.125544 -0.129230 -1.681412
    19 -0.042900 -0.061274 -0.071212 -1.124462 -0.060454 -1.586099
    20 0.063741 -0.109104 -0.248158 -1.142813 -0.125805 -1.693583
    21 -1.407251 -3.245525 -0.342301 -1.179707 -0.009044 -0.197137
    22 0.010185 -1.202057 0.005877 -0.631867 0.007715 -0.005364
    23 -0.020050 -0.797217 0.006185 -1.212969 0.000001 0.000004
    24 -0.011721 0.093267 0.017949 -1.687855 -0.079155 -1.575164
    25 0.048863 -0.085541 0.028626 -1.715605 -0.034569 -1.653190
    26 0.173918 -0.198416 -0.336163 -1.668104 -0.422317 -1.710956
    27 0.442881 -0.490226 0.396323 0.381742 -0.497926 -1.155618
    28 2.352359 0.010252 0.005009 -0.308259 -0.050576 -0.632509
    29 1.245306 0.004522 -0.002867 -0.016470 -0.039048 -1.004453
    30 -0.267709 0.037512 -0.093907 2.913812 -0.143386 0.078467
    31 -0.029266 0.205408 -0.329287 2.788574 -0.255486 -0.188917
    32 0.204373 0.521055 -0.268577 2.886669 0.042206 -0.230367
    33 0.195697 -0.010059 -0.293538 -1.333586 0.150863 -1.672749
    34 1.257181 8.762590 -0.153713 -1.570562 0.002683 -1.566808
    35 -0.093500 -0.114213 -0.738866 -1.570842 0.061811 0.002096
    36 0.010843 0.093624 -0.081439 -3.141462 0.041719 -1.568236
    37 4.909077 0.175156 -15.419723 -2.348238 1.042229 -0.175058
    38 0.104748 -10.673144 -0.005453 0.233818 0.072546 0.114453
    39 0.553428 -3.650577 -0.341066 -0.253745 -0.046218 -0.024594
    40 0.025684 -1.507546 0.001039 -1.732674 0.000001 -0.000004
    41 0.012045 -0.928479 -0.000677 -0.840906 -0.000002 -0.000001
    42 0.006928 0.005329 -0.181358 -1.528500 -0.248579 -1.611362
    43 -0.052313 0.038589 -0.230757 -1.592493 -0.043415 -1.528515
    44 -0.232600 -0.209656 -0.420669 -1.713790 -0.167173 -1.438930
    45 -0.214374 -3.741524 -0.346082 -0.101633 -0.000005 -0.000020
    46 0.015894 -1.582373 0.002264 -1.858288 0.000020 -0.000009
    47 0.004384 -1.172547 0.000249 -0.980107 0.000021 0.000018
    48 -0.038065 0.069166 -0.159883 -1.816986 0.066178 -1.575392
    49 -0.025151 0.088762 -0.068837 -1.817843 0.044510 -1.568287
    50 -0.102916 -0.186983 -0.272246 -1.833683 -0.232962 -1.472375
    51 -1.030272 -3.582044 -0.343160 -0.048481 0.000019 -0.000003
    52 0.001133 -1.610108 0.006276 -1.448964 0.000003 -0.000002
    53 0.005787 -0.946060 0.000512 -1.283481 0.000001 0.000001
    54 -0.004241 0.043707 -0.080203 -2.014997 -0.186996 -1.460723
    55 0.015383 -0.089136 -0.030010 -2.006083 0.036346 -1.568629
    56 -0.022610 -0.212357 -0.177905 -1.933161 -0.118801 -1.518895
    57 1.309013 -3.227548 -0.342207 -0.173738 -0.078965 -0.038578
    58 0.000595 -1.242324 0.002179 -0.636116 0.000004 0.000009
    59 0.003175 -0.774607 -0.004222 -0.763340 -0.000006 -0.000004
    60 -0.067138 0.063251 -0.010961 -0.899214 -0.014515 -1.600326
    61 -0.151180 -0.007395 -0.070065 -0.913061 -0.118819 -1.408558
    62 -0.178164 -0.244680 -0.357067 -1.159916 -0.384260 -1.556110
    63 -0.387544 -0.463665 0.383766 -0.070295 -0.469264 -2.674199
    64 2.472082 0.027425 0.001225 0.153454 -0.031311 0.938281
    65 1.223419 0.009356 -0.005766 0.010232 0.001971 0.867967
    66 -0.263409 -0.117640 -0.015659 0.000036 -0.082210 -0.026800
    67 0.007707 -0.334360 -0.191575 0.070788 -0.181563 0.282364
    68 0.225562 -0.567923 -0.420715 0.119895 -0.183798 0.223460
    69 -0.203683 -0.095654 -0.328305 -1.745077 0.075142 -1.515382
    70 -1.393460 8.839182 -0.239439 1.580804 -0.005024 -1.566848
    71 0.036020 0.082815 -0.692656 -1.570769 0.065989 0.001276
    72 -0.088586 0.054020 -0.088594 0.010231 0.033800 -1.560851
    73 0.120153 -0.050270 -0.054489 -2.854024 0.030688 -1.580508
    74 -0.139399 -0.111694 0.014400 0.285395 -0.031353 1.580313
    75 2.295096 -5.991722 1.058685 -1.277244 1.437608 -1.233844
    76 0.738178 -7.079689 1.130307 -2.144583 1.437608 -1.233844
    77 2.054297 -8.993529 1.412606 -0.877872 1.414645 -0.985892
    78 3.923708 -8.234629 1.417453 -1.247039 1.437608 -1.233844
  time 57
    0 1.629157 0.000000 0.541027 0.000000 0.000000 -1.570796
    1 -4.690324 8.719202 -11.329908 5.525184 -1.186883 -4.061267
    2 -0.001605 -10.701926 -0.002571 0.350140 -0.134819 -0.272287
    3 -0.652586 -3.626730 -0.341545 -1.003497 0.000001 -0.122197
    4 -0.006990 -1.507136 0.002508 -1.090800 -0.000001 -0.000002
    5 0.001444 -0.954641 -0.007484 -1.343863 0.000000 0.000000
    6 0.007988 0.172184 -0.118553 -1.598091 -0.216549 -1.570593
    7 0.080660 0.135929 -0.203919 -1.506824 -0.066185 -1.662786
    8 0.117288 -0.155554 -0.604544 -1.412988 -0.374558 -1.569222
    9 0.128930 -3.758196 -0.343868 -0.890091 -0.000021 -0.148339
    10 -0.006790 -1.567259 0.006726 -1.212966 0.000000 -0.000003
    11 -0.002891 -1.160038 0.006655 -1.483486 0.000000 0.000000
    12 -0.018589 0.129953 -0.123721 -1.294580 0.001302 -1.635383
    13 -0.006160 0.170065 -0.110169 -1.280084 -0.068681 -1.597215
    14 0.047100 -0.104074 -0.352264 -1.243368 -0.257298 -1.694346
    15 0.949953 -3.617903 -0.348122 -0.087090 -0.038152 0.194913
    16 -0.017794 -1.596358 -0.007350 -0.150868 -0.046021 0.043528
    17 -0.006735 -0.941812 0.003159 -0.276338 -0.113937 0.043539
    18 -0.022325 0.045424 -0.038284 -1.125544 -0.129230 -1.681412
    19 -0.042900 -0.061274 -0.071212 -1.124462 -0.060454 -1.586099
    20 0.063741 -0.109104 -0.248158 -1.142813 -0.125805 -1.693583
    21 -1.407251 -3.245525 -0.342301 -1.171927 -0.008349 -0.193685
    22 0.010185 -1.202057 0.005877 -0.631191 0.007476 -0.005184
    23 -0.020050 -0.797217 0.006185 -1.212969 0.000001 0.000004
    24 -0.011721 0.093267 0.017949 -1.687855 -0.079155 -1.575164
    25 0.048863 -0.085541 0.028626 -1.715605 -0.034569 -1.653190
    26 0.173918 -0.198416 -0.336163 -1.668104 -0.422317 -1.710956
    27 0.438974 -0.486320 0.396323 0.381095 -0.496955 -1.153598
    28 2.352359 0.010252 0.005009 -0.308319 -0.049149 -0.626252
    29 1.249212 0.004522 -0.002867 -0.016351 -0.038042 -0.992614
    30 -0.267709 0.037512 -0.093907 2.913812 -0.143386 0.078467
    31 -0.029266 0.205408 -0.329287 2.788574 -0.255486 -0.188917
    32 0.204373 0.521055 -0.268577 2.886669 0.042206 -0.230367
    33 0.195697 -0.010059 -0.293538 -1.333586 0.150863 -1.672749
    34 1.257181 8.762590 -0.153713 -1.570562 0.002683 -1.566808
    35 -0.093500 -0.114213 -0.738866 -1.570842 0.061811 0.002096
    36 0.010843 0.093624 -0.081439 -3.141462 0.041719 -1.568236
    37 5.209867 0.034527 -15.169715 -2.414620 1.065175 -0.216021
    38 0.104748 -10.673144 -0.005453 0.300514 0.083113 0.026222
    39 0.549521 -3.646670 -0.341066 -0.255082 -0.046218 -0.024594
    40 0.025684 -1.507546 0.001039 -1.727548 0.000001 -0.000004
    41 0.012045 -0.928479 -0.004583 -0.839446 -0.000002 -0.000001
    42 0.006928 0.005329 -0.181358 -1.528500 -0.248579 -1.611362
    43 -0.052313 0.038589 -0.230757 -1.592493 -0.043415 -1.528515
    44 -0.232600 -0.209656 -0.420669 -1.713790 -0.167173 -1.438930
    45 -0.214374 -3.737618 -0.342176 -0.103714 -0.000005 -0.000020
    46 0.019801 -1.582373 0.006170 -1.852473 0.000020 -0.000009
    47 0.000478 -1.172547 0.000249 -0.977857 0.000021 0.000018
    48 -0.038065 0.069166 -0.159883 -1.816986 0.066178 -1.575392
    49 -0.025151 0.088762 -0.068837 -1.817843 0.044510 -1.568287
    50 -0.102916 -0.186983 -0.272246 -1.833683 -0.232962 -1.472375
    51 -1.030272 -3.578138 -0.343160 -0.050311 0.000019 -0.000003
    52 0.001133 -1.610108 0.002370 -1.444176 0.000003 -0.000002
    53 0.001880 -0.946060 0.004418 -1.279550 0.000001 0.000001
    54 -0.004241 0.043707 -0.080203 -2.014997 -0.186996 -1.460723
    55 0.015383 -0.089136 -0.030010 -2.006083 0.036346 -1.568629
    56 -0.022610 -0.212357 -0.177905 -1.933161 -0.118801 -1.518895
    57 1.305107 -3.227548 -0.342207 -0.180520 -0.078965 -0.038578
    58 0.000595 -1.242324 0.002179 -0.609342 0.000004 0.000009
    59 0.003175 -0.774607 -0.000316 -0.764027 -0.000006 -0.000004
    60 -0.067138 0.063251 -0.010961 -0.899214 -0.014515 -1.600326
    61 -0.151180 -0.007395 -0.070065 -0.913061 -0.118819 -1.408558
    62 -0.178164 -0.244680 -0.357067 -1.159916 -0.384260 -1.556110
    63 -0.391451 -0.463665 0.383766 -0.070187 -0.467178 -2.675049
    64 2.472082 0.027425 0.001225 0.151967 -0.030844 0.936439
    65 1.227325 0.009356 -0.005766 0.010136 0.001995 0.859899
    66 -0.263409 -0.117640 -0.015659 0.000036 -0.082210 -0.026800
    67 0.007707 -0.334360 -0.191575 0.070788 -0.181563 0.282364
    68 0.225562 -0.567923 -0.420715 0.119895 -0.183798 0.223460
    69 -0.203683 -0.095654 -0.328305 -1.745077 0.075142 -1.515382
    70 -1.393460 8.839182 -0.239439 1.580804 -0.005024 -1.566848
    71 0.036020 0.082815 -0.692656 -1.570769 0.065989 0.001276
    72 -0.088586 0.054020 -0.088594 0.010231 0.033800 -1.560851
    73 0.120153 -0.050270 -0.054489 -2.854024 0.030688 -1.580508
    74 -0.139399 -0.111694 0.014400 0.285395 -0.031353 1.580313
    75 2.295096 -5.991722 1.058685 -1.277417 1.437608 -1.233844
    76 0.738178 -7.079689 1.130307 -2.133975 1.437608 -1.233844
    77 2.093361 -9.001342 1.404793 -1.015051 1.426426 -1.090100
    78 3.923708 -8.234629 1.417453 -1.247039 1.437608 -1.233844
  time 58
    0 1.629157 0.000000 0.541027 0.000000 0.000000 -1.570796
    1 -4.690324 8.707483 -11.353346 5.524898 -1.186437 -4.060982
    2 -0.001605 -10.701926 -0.002571 0.349591 -0.134730 -0.275127
    3 -0.652586 -3.626730 -0.341545 -1.003497 0.000001 -0.122197
    4 -0.010896 -1.503230 0.002508 -1.090800 -0.000001 -0.000002
    5 0.001444 -0.954641 -0.007484 -1.343863 0.000000 0.000000
    6 0.007988 0.172184 -0.118553 -1.598091 -0.216549 -1.570593
    7 0.080660 0.135929 -0.203919 -1.506824 -0.066185 -1.662786
    8 0.117288 -0.155554 -0.604544 -1.412988 -0.374558 -1.569222
    9 0.128930 -3.762102 -0.343868 -0.890091 -0.000021 -0.148339
    10 -0.002884 -1.567259 0.006726 -1.212966 0.000000 -0.000003
    11 -0.006797 -1.160038 0.002748 -1.483442 0.000000 0.000000
    12 -0.018589 0.129953 -0.123721 -1.294580 0.001302 -1.635383
    13 -0.006160 0.170065 -0.110169 -1.280084 -0.068681 -1.597215
    14 0.047100 -0.104074 -0.352264 -1.243368 -0.257298 -1.694346
    15 0.949953 -3.617903 -0.344216 -0.091896 -0.036750 0.192899
    16 -0.021700 -1.596358 -0.003443 -0.153838 -0.044439 0.042186
    17 -0.006735 -0.937906 0.007065 -0.282699 -0.110150 0.042484
    18 -0.022325 0.045424 -0.038284 -1.125544 -0.129230 -1.681412
    19 -0.042900 -0.061274 -0.071212 -1.124462 -0.060454 -1.586099
    20 0.063741 -0.109104 -0.248158 -1.142813 -0.125805 -1.693583
    21 -1.407251 -3.249431 -0.346207 -1.164055 -0.007678 -0.190234
    22 0.006279 -1.202057 0.005877 -0.630554 0.007248 -0.005016
    23 -0.020050 -0.797217 0.006185 -1.212969 0.000001 0.000004
    24 -0.011721 0.093267 0.017949 -1.687855 -0.079155 -1.575164
    25 0.048863 -0.085541 0.028626 -1.715605 -0.034569 -1.653190
    26 0.173918 -0.198416 -0.336163 -1.668104 -0.422317 -1.710956
    27 0.438974 -0.490226 0.396323 0.380628 -0.496176 -1.151711
    28 2.352359 0.010252 0.005009 -0.308367 -0.047735 -0.620115
    29 1.245306 0.004522 -0.002867 -0.016219 -0.037023 -0.980738
    30 -0.267709 0.037512 -0.093907 2.913812 -0.143386 0.078467
    31 -0.029266 0.205408 -0.329287 2.788574 -0.255486 -0.188917
    32 0.204373 0.521055 -0.268577 2.886669 0.042206 -0.230367
    33 0.195697 -0.010059 -0.293538 -1.333586 0.150863 -1.672749
    34 1.257181 8.762590 -0.153713 -1.570562 0.002683 -1.566808
    35 -0.093500 -0.114213 -0.738866 -1.570842 0.061811 0.002096
    36 0.010843 0.093624 -0.081439 -3.141462 0.041719 -1.568236
    37 5.569253 -0.110009 -14.927520 -2.505731 1.090178 -0.277972
    38 0.104748 -10.673144 -0.005453 0.384182 0.093377 -0.077643
    39 0.549521 -3.646670 -0.341066 -0.256542 -0.046218 -0.024594
    40 0.021778 -1.507546 0.001039 -1.721748 0.000001 -0.000004
    41 0.008139 -0.928479 -0.004583 -0.837987 -0.000002 -0.000001
    42 0.006928 0.005329 -0.181358 -1.528500 -0.248579 -1.611362
    43 -0.052313 0.038589 -0.230757 -1.592493 -0.043415 -1.528515
    44 -0.232600 -0.209656 -0.420669 -1.713790 -0.167173 -1.438930
    45 -0.214374 -3.737618 -0.346082 -0.105678 -0.000005 -0.000020
    46 0.019801 -1.582373 0.006170 -1.846251 0.000020 -0.000009
    47 0.004384 -1.172547 0.000249 -0.975174 0.000021 0.000018
    48 -0.038065 0.069166 -0.159883 -1.816986 0.066178 -1.575392
    49 -0.025151 0.088762 -0.068837 -1.817843 0.044510 -1.568287
    50 -0.102916 -0.186983 -0.272246 -1.833683 -0.232962 -1.472375
    51 -1.030272 -3.578138 -0.343160 -0.052000 0.000019 -0.000003
    52 0.001133 -1.610108 0.002370 -1.438756 0.000003 -0.000002
    53 0.005787 -0.946060 0.004418 -1.275420 0.000001 0.000001
    54 -0.004241 0.043707 -0.080203 -2.014997 -0.186996 -1.460723
    55 0.015383 -0.089136 -0.030010 -2.006083 0.036346 -1.568629
    56 -0.022610 -0.212357 -0.177905 -1.933161 -0.118801 -1.518895
    57 1.305107 -3.227548 -0.342207 -0.188156 -0.078965 -0.038578
    58 0.004502 -1.242324 0.002179 -0.582708 0.000004 0.000009
    59 0.007082 -0.774607 -0.004222 -0.764457 -0.000006 -0.000004
    60 -0.067138 0.063251 -0.010961 -0.899214 -0.014515 -1.600326
    61 -0.151180 -0.007395 -0.070065 -0.913061 -0.118819 -1.408558
    62 -0.178164 -0.244680 -0.357067 -1.159916 -0.384260 -1.556110
    63 -0.391451 -0.463665 0.383766 -0.070008 -0.465285 -2.675760
    64 2.472082 0.027425 0.001225 0.150469 -0.030317 0.934080
    65 1.227325 0.009356 -0.005766 0.009944 0.001995 0.851236
    66 -0.263409 -0.117640 -0.015659 0.000036 -0.082210 -0.026800
    67 0.007707 -0.334360 -0.191575 0.070788 -0.181563 0.282364
    68 0.225562 -0.567923 -0.420715 0.119895 -0.183798 0.223460
    69 -0.203683 -0.095654 -0.328305 -1.745077 0.075142 -1.515382
    70 -1.393460 8.839182 -0.239439 1.580804 -0.005024 -1.566848
    71 0.036020 0.082815 -0.692656 -1.570769 0.065989 0.001276
    72 -0.088586 0.054020 -0.088594 0.010231 0.033800 -1.560851
    73 0.120153 -0.050270 -0.054489 -2.854024 0.030688 -1.580508
    74 -0.139399 -0.111694 0.014400 0.285395 -0.031353 1.580313
    75 2.302909 -5.999534 1.058685 -1.277528 1.437608 -1.233844
    76 0.738178 -7.079689 1.130307 -2.122649 1.437608 -1.233844
    77 2.042578 -8.997435 1.408699 -1.178280 1.435079 -1.210632
    78 3.923708 -8.234629 1.417453 -1.247039 1.437608 -1.233844
  time 59
    0 1.629157 0.000000 0.541027 0.000000 0.000000 -1.570796
    1 -4.690324 8.703577 -11.361159 5.525755 -1.185299 -4.061932
    2 -0.005512 -10.701926 -0.002571 0.349132 -0.133386 -0.275430
    3 -0.648679 -3.626730 -0.341545 -1.003497 0.000001 -0.122197
    4 -0.010896 -1.507136 0.002508 -1.090800 -0.000001 -0.000002
    5 0.001444 -0.954641 -0.003577 -1.343863 0.000000 0.000000
    6 0.007988 0.172184 -0.118553 -1.598091 -0.216549 -1.570593
    7 0.080660 0.135929 -0.203919 -1.506824 -0.066185 -1.662786
    8 0.117288 -0.155554 -0.604544 -1.412988 -0.374558 -1.569222
    9 0.128930 -3.762102 -0.343868 -0.890091 -0.000021 -0.148339
    10 -0.006790 -1.567259 0.002820 -1.212966 0.000000 -0.000003
    11 -0.006797 -1.160038 0.002748 -1.483486 0.000000 0.000000
    12 -0.018589 0.129953 -0.123721 -1.294580 0.001302 -1.635383
    13 -0.006160 0.170065 -0.110169 -1.280084 -0.068681 -1.597215
    14 0.047100 -0.104074 -0.352264 -1.243368 -0.257298 -1.694346
    15 0.949953 -3.617903 -0.344216 -0.096714 -0.035372 0.190934
    16 -0.017794 -1.596358 -0.003443 -0.156959 -0.042857 0.040808
    17 -0.002829 -0.941812 0.007065 -0.289279 -0.106351 0.041430
    18 -0.022325 0.045424 -0.038284 -1.125544 -0.129230 -1.681412
    19 -0.042900 -0.061274 -0.071212 -1.124462 -0.060454 -1.586099
    20 0.063741 -0.109104 -0.248158 -1.142813 -0.125805 -1.693583
    21 -1.407251 -3.245525 -0.342301 -1.156274 -0.007019 -0.186746
    22 0.010185 -1.202057 0.005877 -0.629859 0.006984 -0.004849
    23 -0.020050 -0.797217 0.002278 -1.212969 0.000001 0.000004
    24 -0.011721 0.093267 0.017949 -1.687855 -0.079155 -1.575164
    25 0.048863 -0.085541 0.028626 -1.715605 -0.034569 -1.653190
    26 0.173918 -0.198416 -0.336163 -1.668104 -0.422317 -1.710956
    27 0.442881 -0.490226 0.396323 0.380316 -0.495601 -1.149824
    28 2.356266 0.010252 0.005009 -0.308391 -0.046333 -0.614148
    29 1.245306 0.004522 -0.002867 -0.016063 -0.035980 -0.968972
    30 -0.267709 0.037512 -0.093907 2.913812 -0.143386 0.078467
    31 -0.029266 0.205408 -0.329287 2.788574 -0.255486 -0.188917
    32 0.204373 0.521055 -0.268577 2.886669 0.042206 -0.230367
    33 0.195697 -0.010059 -0.293538 -1.333586 0.150863 -1.672749
    34 1.257181 8.762590 -0.153713 -1.570562 0.002683 -1.566808
    35 -0.093500 -0.114213 -0.738866 -1.570842 0.061811 0.002096
    36 0.010843 0.093624 -0.081439 -3.141462 0.041719 -1.568236
    37 5.913014 -0.227200 -14.736108 -2.600375 1.110382 -0.343788
    38 0.104748 -10.673144 -0.005453 0.468757 0.107258 -0.175189
    39 0.553428 -3.650577 -0.344972 -0.258062 -0.046218 -0.024594
    40 0.025684 -1.503640 0.001039 -1.715430 0.000001 -0.000004
    41 0.008139 -0.928479 -0.000677 -0.836423 -0.000002 -0.000001
    42 0.006928 0.005329 -0.181358 -1.528500 -0.248579 -1.611362
    43 -0.052313 0.038589 -0.230757 -1.592493 -0.043415 -1.528515
    44 -0.232600 -0.209656 -0.420669 -1.713790 -0.167173 -1.438930
    45 -0.218280 -3.741524 -0.346082 -0.107701 -0.000005 -0.000020
    46 0.019801 -1.582373 0.006170 -1.839565 0.000020 -0.000009
    47 0.004384 -1.176453 0.000249 -0.972086 0.000021 0.000018
    48 -0.038065 0.069166 -0.159883 -1.816986 0.066178 -1.575392
    49 -0.025151 0.088762 -0.068837 -1.817843 0.044510 -1.568287
    50 -0.102916 -0.186983 -0.272246 -1.833683 -0.232962 -1.472375
    51 -1.030272 -3.582044 -0.347066 -0.053595 0.000019 -0.000003
    52 0.001133 -1.610108 0.002370 -1.432794 0.000003 -0.000002
    53 0.001880 -0.946060 0.004418 -1.271209 0.000001 0.000001
    54 -0.004241 0.043707 -0.080203 -2.014997 -0.186996 -1.460723
    55 0.015383 -0.089136 -0.030010 -2.006083 0.036346 -1.568629
    56 -0.022610 -0.212357 -0.177905 -1.933161 -0.118801 -1.518895
    57 1.305107 -3.227548 -0.346114 -0.196219 -0.078965 -0.038593
    58 0.000595 -1.242324 0.002179 -0.556284 0.000004 0.000009
    59 0.003175 -0.774607 -0.000316 -0.764693 -0.000006 -0.000004
    60 -0.067138 0.063251 -0.010961 -0.899214 -0.014515 -1.600326
    61 -0.151180 -0.007395 -0.070065 -0.913061 -0.118819 -1.408558
    62 -0.178164 -0.244680 -0.357067 -1.159916 -0.384260 -1.556110
    63 -0.387544 -0.463665 0.383766 -0.069744 -0.463535 -2.676316
    64 2.472082 0.027425 0.001225 0.148971 -0.029717 0.931236
    65 1.223419 0.009356 -0.005766 0.009680 0.001995 0.842082
    66 -0.263409 -0.117640 -0.015659 0.000036 -0.082210 -0.026800
    67 0.007707 -0.334360 -0.191575 0.070788 -0.181563 0.282364
    68 0.225562 -0.567923 -0.420715 0.119895 -0.183798 0.223460
    69 -0.203683 -0.095654 -0.328305 -1.745077 0.075142 -1.515382
    70 -1.393460 8.839182 -0.239439 1.580804 -0.005024 -1.566848
    71 0.036020 0.082815 -0.692656 -1.570769 0.065989 0.001276
    72 -0.088586 0.054020 -0.088594 0.010231 0.033800 -1.560851
    73 0.120153 -0.050270 -0.054489 -2.854024 0.030688 -1.580508
    74 -0.139399 -0.111694 0.014400 0.285395 -0.031353 1.580313
    75 2.302909 -5.999534 1.062592 -1.277602 1.437608 -1.233844
    76 0.738178 -7.079689 1.130307 -2.110696 1.437608 -1.233844
    77 1.964451 -8.993529 1.416512 -1.343677 1.439945 -1.331784
    78 3.923708 -8.234629 1.417453 -1.247039 1.437608 -1.233844
  time 60
    0 1.629157 0.000000 0.541027 0.000000 0.000000 -1.570796
    1 -4.690324 8.707483 -11.349440 5.527661 -1.184080 -4.063928
    2 -0.001605 -10.698019 -0.002571 0.349172 -0.131325 -0.272063
    3 -0.652586 -3.626730 -0.341545 -1.003497 0.000001 -0.122197
    4 -0.006990 -1.503230 0.002508 -1.090800 -0.000001 -0.000002
    5 0.001444 -0.954641 -0.003577 -1.343863 0.000000 0.000000
    6 0.007988 0.172184 -0.118553 -1.598091 -0.216549 -1.570593
    7 0.080660 0.135929 -0.203919 -1.506824 -0.066185 -1.662786
    8 0.117288 -0.155554 -0.604544 -1.412988 -0.374558 -1.569222
    9 0.128930 -3.758196 -0.343868 -0.890091 -0.000021 -0.148339
    10 -0.006790 -1.563353 0.006726 -1.212966 0.000000 -0.000003
    11 -0.006797 -1.160038 0.002748 -1.483442 0.000000 0.000000
    12 -0.018589 0.129953 -0.123721 -1.294580 0.001302 -1.635383
    13 -0.006160 0.170065 -0.110169 -1.280084 -0.068681 -1.597215
    14 0.047100 -0.104074 -0.352264 -1.243368 -0.257298 -1.694346
    15 0.949953 -3.617903 -0.344216 -0.101556 -0.033994 0.188896
    16 -0.021700 -1.596358 -0.003443 -0.160230 -0.041251 0.039393
    17 -0.002829 -0.941812 0.007065 -0.296023 -0.102540 0.040327
    18 -0.022325 0.045424 -0.038284 -1.125544 -0.129230 -1.681412
    19 -0.042900 -0.061274 -0.071212 -1.124462 -0.060454 -1.586099
    20 0.063741 -0.109104 -0.248158 -1.142813 -0.125805 -1.693583
    21 -1.407251 -3.245525 -0.342301 -1.148402 -0.006396 -0.183271
    22 0.006279 -1.202057 0.005877 -0.629183 0.006744 -0.004669
    23 -0.020050 -0.797217 0.006185 -1.212969 0.000001 0.000004
    24 -0.011721 0.093267 0.017949 -1.687855 -0.079155 -1.575164
    25 0.048863 -0.085541 0.028626 -1.715605 -0.034569 -1.653190
    26 0.173918 -0.198416 -0.336163 -1.668104 -0.422317 -1.710956
    27 0.438974 -0.490226 0.396323 0.380196 -0.495277 -1.148070
    28 2.352359 0.010252 0.005009 -0.308391 -0.044967 -0.608325
    29 1.249212 0.004522 -0.002867 -0.015895 -0.034961 -0.957354
    30 -0.267709 0.037512 -0.093907 2.913812 -0.143386 0.078467
    31 -0.029266 0.205408 -0.329287 2.788574 -0.255486 -0.188917
    32 0.204373 0.521055 -0.268577 2.886669 0.042206 -0.230367
    33 0.195697 -0.010059 -0.293538 -1.333586 0.150863 -1.672749
    34 1.257181 8.762590 -0.153713 -1.570562 0.002683 -1.566808
    35 -0.093500 -0.114213 -0.738866 -1.570842 0.061811 0.002096
    36 0.010843 0.093624 -0.081439 -3.141462 0.041719 -1.568236
    37 6.186459 -0.289702 -14.626730 -2.670126 1.121835 -0.389446
    38 0.104748 -10.673144 -0.001547 0.538484 0.122351 -0.244873
    39 0.553428 -3.650577 -0.344972 -0.259643 -0.046218 -0.024594
    40 0.025684 -1.507546 0.001039 -1.708335 0.000001 -0.000004
    41 0.008139 -0.928479 -0.004583 -0.834912 -0.000002 -0.000001
    42 0.006928 0.005329 -0.181358 -1.528500 -0.248579 -1.611362
    43 -0.052313 0.038589 -0.230757 -1.592493 -0.043415 -1.528515
    44 -0.232600 -0.209656 -0.420669 -1.713790 -0.167173 -1.438930
    45 -0.214374 -3.737618 -0.346082 -0.109608 -0.000005 -0.000020
    46 0.019801 -1.578467 0.002264 -1.832297 0.000020 -0.000009
    47 0.000478 -1.172547 0.000249 -0.968566 0.000021 0.000018
    48 -0.038065 0.069166 -0.159883 -1.816986 0.066178 -1.575392
    49 -0.025151 0.088762 -0.068837 -1.817843 0.044510 -1.568287
    50 -0.102916 -0.186983 -0.272246 -1.833683 -0.232962 -1.472375
    51 -1.030272 -3.582044 -0.343160 -0.055191 0.000019 -0.000003
    52 0.001133 -1.610108 0.002370 -1.426154 0.000003 -0.000002
    53 0.005787 -0.946060 0.004418 -1.266878 0.000001 0.000001
    54 -0.004241 0.043707 -0.080203 -2.014997 -0.186996 -1.460723
    55 0.015383 -0.089136 -0.030010 -2.006083 0.036346 -1.568629
    56 -0.022610 -0.212357 -0.177905 -1.933161 -0.118801 -1.518895
    57 1.309013 -3.227548 -0.342207 -0.204923 -0.078965 -0.038578
    58 0.004502 -1.242324 0.002179 -0.530175 0.000004 0.000009
    59 0.003175 -0.774607 -0.000316 -0.764672 -0.000006 -0.000004
    60 -0.067138 0.063251 -0.010961 -0.899214 -0.014515 -1.600326
    61 -0.151180 -0.007395 -0.070065 -0.913061 -0.118819 -1.408558
    62 -0.178164 -0.244680 -0.357067 -1.159916 -0.384260 -1.556110
    63 -0.391451 -0.463665 0.383766 -0.069384 -0.462001 -2.676718
    64 2.472082 0.027425 0.001225 0.147497 -0.029106 0.927811
    65 1.223419 0.009356 -0.005766 0.009345 0.001959 0.832489
    66 -0.263409 -0.117640 -0.015659 0.000036 -0.082210 -0.026800
    67 0.007707 -0.334360 -0.191575 0.070788 -0.181563 0.282364
    68 0.225562 -0.567923 -0.420715 0.119895 -0.183798 0.223460
    69 -0.203683 -0.095654 -0.328305 -1.745077 0.075142 -1.515382
    70 -1.393460 8.839182 -0.239439 1.580804 -0.005024 -1.566848
    71 0.036020 0.082815 -0.692656 -1.570769 0.065989 0.001276
    72 -0.088586 0.054020 -0.088594 0.010231 0.033800 -1.560851
    73 0.120153 -0.050270 -0.054489 -2.854024 0.030688 -1.580508
    74 -0.139399 -0.111694 0.014400 0.285395 -0.031353 1.580313
    75 2.299003 -5.995628 1.062592 -1.277639 1.437608 -1.233844
    76 0.738178 -7.079689 1.130307 -2.098116 1.437608 -1.233844
    77 1.898043 -8.981810 1.424325 -1.483363 1.441779 -1.433944
    78 3.923708 -8.234629 1.417453 -1.247039 1.437608 -1.233844
  time 61
    0 1.629157 0.000000 0.541027 0.000000 0.000000 -1.570796
    1 -4.690324 8.738734 -11.290844 5.530328 -1.183309 -4.066875
    2 -0.001605 -10.701926 -0.002571 0.350062 -0.129040 -0.263830
    3 -0.652586 -3.626730 -0.341545 -1.003497 0.000001 -0.122197
    4 -0.010896 -1.503230 0.006415 -1.090800 -0.000001 -0.000002
    5 0.005351 -0.954641 -0.003577 -1.343822 0.000000 0.000000
    6 0.007988 0.172184 -0.118553 -1.598091 -0.216549 -1.570593
    7 0.080660 0.135929 -0.203919 -1.506824 -0.066185 -1.662786
    8 0.117288 -0.155554 -0.604544 -1.412988 -0.374558 -1.569222
    9 0.128930 -3.758196 -0.343868 -0.890091 -0.000021 -0.148339
    10 -0.006790 -1.567259 0.002820 -1.212966 0.000000 -0.000003
    11 -0.002891 -1.160038 0.002748 -1.483442 0.000000 0.000000
    12 -0.018589 0.129953 -0.123721 -1.294580 0.001302 -1.635383
    13 -0.006160 0.170065 -0.110169 -1.280084 -0.068681 -1.597215
    14 0.047100 -0.104074 -0.352264 -1.243368 -0.257298 -1.694346
    15 0.949953 -3.617903 -0.344216 -0.106397 -0.032628 0.186883
    16 -0.021700 -1.596358 -0.003443 -0.163689 -0.039645 0.038003
    17 -0.002829 -0.937906 0.007065 -0.302931 -0.098729 0.039225
    18 -0.022325 0.045424 -0.038284 -1.125544 -0.129230 -1.681412
    19 -0.042900 -0.061274 -0.071212 -1.124462 -0.060454 -1.586099
    20 0.063741 -0.109104 -0.248158 -1.142813 -0.125805 -1.693583
    21 -1.407251 -3.245525 -0.342301 -1.140484 -0.005784 -0.179759
    22 0.010185 -1.202057 0.005877 -0.628507 0.006505 -0.004489
    23 -0.020050 -0.797217 0.006185 -1.212969 0.000001 0.000004
    24 -0.011721 0.093267 0.017949 -1.687855 -0.079155 -1.575164
    25 0.048863 -0.085541 0.028626 -1.715605 -0.034569 -1.653190
    26 0.173918 -0.198416 -0.336163 -1.668104 -0.422317 -1.710956
    27 0.438974 -0.490226 0.396323 0.380268 -0.495181 -1.146369
    28 2.352359 0.014158 0.005009 -0.308379 -0.043601 -0.602720
    29 1.249212 0.004522 -0.006774 -0.015727 -0.033931 -0.945847
    30 -0.267709 0.037512 -0.093907 2.913812 -0.143386 0.078467
    31 -0.029266 0.205408 -0.329287 2.788574 -0.255486 -0.188917
    32 0.204373 0.521055 -0.268577 2.886669 0.042206 -0.230367
    33 0.195697 -0.010059 -0.293538 -1.333586 0.150863 -1.672749
    34 1.257181 8.762590 -0.153713 -1.570562 0.002683 -1.566808
    35 -0.093500 -0.114213 -0.738866 -1.570842 0.061811 0.002096
    36 0.010843 0.093624 -0.081439 -3.141462 0.041719 -1.568236
    37 6.330995 -0.262357 -14.642355 -2.683435 1.122480 -0.387513
    38 0.104748 -10.673144 -0.005453 0.578204 0.131953 -0.265743
    39 0.549521 -3.650577 -0.341066 -0.261284 -0.046218 -0.024594
    40 0.025684 -1.507546 0.001039 -1.700775 0.000001 -0.000004
    41 0.012045 -0.928479 -0.004583 -0.833374 -0.000002 -0.000001
    42 0.006928 0.005329 -0.181358 -1.528500 -0.248579 -1.611362
    43 -0.052313 0.038589 -0.230757 -1.592493 -0.043415 -1.528515
    44 -0.232600 -0.209656 -0.420669 -1.713790 -0.167173 -1.438930
    45 -0.218280 -3.737618 -0.346082 -0.111457 -0.000005 -0.000020
    46 0.015894 -1.578467 0.006170 -1.824563 0.000020 -0.000009
    47 0.004384 -1.172547 0.000249 -0.964614 0.000021 0.000018
    48 -0.038065 0.069166 -0.159883 -1.816986 0.066178 -1.575392
    49 -0.025151 0.088762 -0.068837 -1.817843 0.044510 -1.568287
    50 -0.102916 -0.186983 -0.272246 -1.833683 -0.232962 -1.472375
    51 -1.034178 -3.582044 -0.343160 -0.056599 0.000019 -0.000003
    52 0.001133 -1.610108 0.002370 -1.419018 0.000003 -0.000002
    53 0.005787 -0.946060 0.004418 -1.262507 0.000001 0.000001
    54 -0.004241 0.043707 -0.080203 -2.014997 -0.186996 -1.460723
    55 0.015383 -0.089136 -0.030010 -2.006083 0.036346 -1.568629
    56 -0.022610 -0.212357 -0.177905 -1.933161 -0.118801 -1.518895
    57 1.305107 -3.227548 -0.342207 -0.213840 -0.078965 -0.038578
    58 0.000595 -1.242324 0.002179 -0.504521 0.000004 0.000009
    59 0.003175 -0.774607 -0.004222 -0.764371 -0.000006 -0.000004
    60 -0.067138 0.063251 -0.010961 -0.899214 -0.014515 -1.600326
    61 -0.151180 -0.007395 -0.070065 -0.913061 -0.118819 -1.408558
    62 -0.178164 -0.244680 -0.357067 -1.159916 -0.384260 -1.556110
    63 -0.391451 -0.463665 0.383766 -0.068953 -0.460719 -2.676919
    64 2.468175 0.027425 0.001225 0.146035 -0.028435 0.923836
    65 1.227325 0.009356 -0.005766 0.008889 0.001911 0.822378
    66 -0.263409 -0.117640 -0.015659 0.000036 -0.082210 -0.026800
    67 0.007707 -0.334360 -0.191575 0.070788 -0.181563 0.282364
    68 0.225562 -0.567923 -0.420715 0.119895 -0.183798 0.223460
    69 -0.203683 -0.095654 -0.328305 -1.745077 0.075142 -1.515382
    70 -1.393460 8.839182 -0.239439 1.580804 -0.005024 -1.566848
    71 0.036020 0.082815 -0.692656 -1.570769 0.065989 0.001276
    72 -0.088586 0.054020 -0.088594 0.010231 0.033800 -1.560851
    73 0.120153 -0.050270 -0.054489 -2.854024 0.030688 -1.580508
    74 -0.139399 -0.111694 0.014400 0.285395 -0.031353 1.580313
    75 2.299003 -5.995628 1.058685 -1.277602 1.437608 -1.233844
    76 0.738178 -7.079689 1.130307 -2.084818 1.437608 -1.233844
    77 1.901949 -8.981810 1.428231 -1.571713 1.442198 -1.499671
    78 3.923708 -8.234629 1.417453 -1.247039 1.437608 -1.233844
  time 62
    0 1.629157 0.000000 0.541027 0.000000 0.000000 -1.570796
    1 -4.690324 8.797330 -11.193185 5.540808 -1.181968 -4.078376
    2 -0.001605 -10.698019 -0.006478 0.354343 -0.123321 -0.233369
    3 -0.648679 -3.626730 -0.345451 -1.003531 0.000001 -0.122197
    4 -0.006990 -1.503230 0.002508 -1.090800 -0.000001 -0.000002
    5 0.001444 -0.954641 -0.003577 -1.343863 0.000000 0.000000
    6 0.007988 0.172184 -0.118553 -1.598091 -0.216549 -1.570593
    7 0.080660 0.135929 -0.203919 -1.506824 -0.066185 -1.662786
    8 0.117288 -0.155554 -0.604544 -1.412988 -0.374558 -1.569222
    9 0.128930 -3.758196 -0.347774 -0.890091 -0.000021 -0.148339
    10 -0.006790 -1.567259 0.006726 -1.212966 0.000000 -0.000003
    11 -0.006797 -1.160038 0.002748 -1.483442 0.000000 0.000000
    12 -0.018589 0.129953 -0.123721 -1.294580 0.001302 -1.635383
    13 -0.006160 0.170065 -0.110169 -1.280084 -0.068681 -1.597215
    14 0.047100 -0.104074 -0.352264 -1.243368 -0.257298 -1.694346
    15 0.949953 -3.613996 -0.348122 -0.111263 -0.031249 0.184834
    16 -0.017794 -1.596358 -0.007350 -0.167336 -0.038003 0.036625
    17 -0.006735 -0.941812 0.007065 -0.310076 -0.094882 0.038086
    18 -0.022325 0.045424 -0.038284 -1.125544 -0.129230 -1.681412
    19 -0.042900 -0.061274 -0.071212 -1.124462 -0.060454 -1.586099
    20 0.063741 -0.109104 -0.248158 -1.142813 -0.125805 -1.693583
    21 -1.407251 -3.245525 -0.342301 -1.132612 -0.005209 -0.176272
    22 0.010185 -1.202057 0.005877 -0.627851 0.006253 -0.004309
    23 -0.020050 -0.797217 0.002278 -1.212969 0.000001 0.000004
    24 -0.011721 0.093267 0.017949 -1.687855 -0.079155 -1.575164
    25 0.048863 -0.085541 0.028626 -1.715605 -0.034569 -1.653190
    26 0.173918 -0.198416 -0.336163 -1.668104 -0.422317 -1.710956
    27 0.438974 -0.490226 0.392416 0.380556 -0.495337 -1.144801
    28 2.352359 0.010252 0.005009 -0.308343 -0.042246 -0.597308
    29 1.249212 0.004522 -0.006774 -0.015572 -0.032888 -0.934525
    30 -0.267709 0.037512 -0.093907 2.913812 -0.143386 0.078467
    31 -0.029266 0.205408 -0.329287 2.788574 -0.255486 -0.188917
    32 0.204373 0.521055 -0.268577 2.886669 0.042206 -0.230367
    33 0.195697 -0.010059 -0.293538 -1.333586 0.150863 -1.672749
    34 1.257181 8.762590 -0.153713 -1.570562 0.002683 -1.566808
    35 -0.093500 -0.114213 -0.738866 -1.570842 0.061811 0.002096
    36 0.010843 0.093624 -0.081439 -3.141462 0.041719 -1.568236
    37 6.330995 -0.094383 -14.798610 -2.583698 1.099292 -0.287821
    38 0.104748 -10.673144 -0.005453 0.567184 0.118166 -0.187771
    39 0.553428 -3.650577 -0.344972 -0.263048 -0.046218 -0.024594
    40 0.025684 -1.507546 0.001039 -1.692644 0.000001 -0.000004
    41 0.008139 -0.928479 -0.004583 -0.831784 -0.000002 -0.000001
    42 0.006928 0.005329 -0.181358 -1.528500 -0.248579 -1.611362
    43 -0.052313 0.038589 -0.230757 -1.592493 -0.043415 -1.528515
    44 -0.232600 -0.209656 -0.420669 -1.713790 -0.167173 -1.438930
    45 -0.214374 -3.737618 -0.346082 -0.113190 -0.000005 -0.000020
    46 0.019801 -1.582373 0.002264 -1.816481 0.000020 -0.000009
    47 0.004384 -1.172547 0.000249 -0.960257 0.000021 0.000018
    48 -0.038065 0.069166 -0.159883 -1.816986 0.066178 -1.575392
    49 -0.025151 0.088762 -0.068837 -1.817843 0.044510 -1.568287
    50 -0.102916 -0.186983 -0.272246 -1.833683 -0.232962 -1.472375
    51 -1.030272 -3.582044 -0.343160 -0.057913 0.000019 -0.000003
    52 0.001133 -1.610108 0.006276 -1.411204 0.000003 -0.000002
    53 0.005787 -0.946060 0.000512 -1.257935 0.000001 0.000001
    54 -0.004241 0.043707 -0.080203 -2.014997 -0.186996 -1.460723
    55 0.015383 -0.089136 -0.030010 -2.006083 0.036346 -1.568629
    56 -0.022610 -0.212357 -0.177905 -1.933161 -0.118801 -1.518895
    57 1.309013 -3.227548 -0.342207 -0.223185 -0.078965 -0.038578
    58 0.000595 -1.242324 0.006085 -0.479462 0.000004 0.000009
    59 0.003175 -0.774607 -0.000316 -0.763791 -0.000006 -0.000004
    60 -0.067138 0.063251 -0.010961 -0.899214 -0.014515 -1.600326
    61 -0.151180 -0.007395 -0.070065 -0.913061 -0.118819 -1.408558
    62 -0.178164 -0.244680 -0.357067 -1.159916 -0.384260 -1.556110
    63 -0.387544 -0.463665 0.383766 -0.068414 -0.459712 -2.676919
    64 2.472082 0.027425 0.001225 0.144621 -0.027740 0.919280
    65 1.223419 0.009356 -0.001860 0.008350 0.001839 0.811854
    66 -0.263409 -0.117640 -0.015659 0.000036 -0.082210 -0.026800
    67 0.007707 -0.334360 -0.191575 0.070788 -0.181563 0.282364
    68 0.225562 -0.567923 -0.420715 0.119895 -0.183798 0.223460
    69 -0.203683 -0.095654 -0.328305 -1.745077 0.075142 -1.515382
    70 -1.393460 8.839182 -0.239439 1.580804 -0.005024 -1.566848
    71 0.036020 0.082815 -0.692656 -1.570769 0.065989 0.001276
    72 -0.088586 0.054020 -0.088594 0.010231 0.033800 -1.560851
    73 0.120153 -0.050270 -0.054489 -2.854024 0.030688 -1.580508
    74 -0.139399 -0.111694 0.014400 0.285395 -0.031353 1.580313
    75 2.302909 -5.999534 1.058685 -1.277540 1.437608 -1.233844
    76 0.738178 -7.079689 1.130307 -2.070983 1.437608 -1.233844
    77 1.991796 -8.977903 1.428231 -1.574645 1.442522 -1.500478
    78 3.923708 -8.234629 1.417453 -1.247039 1.437608 -1.233844
  time 63
    0 1.629157 0.000000 0.541027 0.000000 0.000000 -1.570796
    1 -4.690324 8.852019 -11.099432 5.553859 -1.180424 -4.092538
    2 -0.001605 -10.698019 -0.002571 0.360941 -0.114943 -0.188100
    3 -0.652586 -3.626730 -0.341545 -1.003497 0.000001 -0.122197
    4 -0.010896 -1.503230 0.002508 -1.090800 -0.000001 -0.000002
    5 0.001444 -0.954641 -0.003577 -1.343863 0.000000 0.000000
    6 0.007988 0.172184 -0.118553 -1.598091 -0.216549 -1.570593
    7 0.080660 0.135929 -0.203919 -1.506824 -0.066185 -1.662786
    8 0.117288 -0.155554 -0.604544 -1.412988 -0.374558 -1.569222
    9 0.128930 -3.762102 -0.343868 -0.890091 -0.000021 -0.148339
    10 -0.006790 -1.567259 0.006726 -1.212966 0.000000 -0.000003
    11 -0.006797 -1.160038 0.002748 -1.483442 0.000000 0.000000
    12 -0.018589 0.129953 -0.123721 -1.294580 0.001302 -1.635383
    13 -0.006160 0.170065 -0.110169 -1.280084 -0.068681 -1.597215
    14 0.047100 -0.104074 -0.352264 -1.243368 -0.257298 -1.694346
    15 0.949953 -3.617903 -0.344216 -0.116153 -0.029883 0.182772
    16 -0.017794 -1.596358 -0.003443 -0.171096 -0.036385 0.035211
    17 -0.006735 -0.937906 0.007065 -0.317385 -0.091047 0.036923
    18 -0.022325 0.045424 -0.038284 -1.125544 -0.129230 -1.681412
    19 -0.042900 -0.061274 -0.071212 -1.124462 -0.060454 -1.586099
    20 0.063741 -0.109104 -0.248158 -1.142813 -0.125805 -1.693583
    21 -1.407251 -3.245525 -0.342301 -1.124694 -0.004682 -0.172760
    22 0.010185 -1.202057 0.005877 -0.627175 0.006001 -0.004154
    23 -0.020050 -0.797217 0.006185 -1.212969 0.000001 0.000004
    24 -0.011721 0.093267 0.017949 -1.687855 -0.079155 -1.575164
    25 0.048863 -0.085541 0.028626 -1.715605 -0.034569 -1.653190
    26 0.173918 -0.198416 -0.336163 -1.668104 -0.422317 -1.710956
    27 0.438974 -0.490226 0.396323 0.381023 -0.495756 -1.143286
    28 2.352359 0.014158 0.005009 -0.308283 -0.040928 -0.592114
    29 1.245306 0.004522 -0.002867 -0.015392 -0.031857 -0.923497
    30 -0.267709 0.037512 -0.093907 2.913812 -0.143386 0.078467
    31 -0.029266 0.205408 -0.329287 2.788574 -0.255486 -0.188917
    32 0.204373 0.521055 -0.268577 2.886669 0.042206 -0.230367
    33 0.195697 -0.010059 -0.293538 -1.333586 0.150863 -1.672749
    34 1.257181 8.762590 -0.153713 -1.570562 0.002683 -1.566808
    35 -0.093500 -0.114213 -0.738866 -1.570842 0.061811 0.002096
    36 0.010843 0.093624 -0.081439 -3.141462 0.041719 -1.568236
    37 6.245055 0.159531 -15.075962 -2.415195 1.044447 -0.132807
    38 0.104748 -10.673144 -0.005453 0.511509 0.087980 -0.024266
    39 0.549521 -3.650577 -0.341066 -0.264811 -0.046218 -0.024594
    40 0.021778 -1.507546 0.004946 -1.683893 0.000001 -0.000004
    41 0.008139 -0.932386 -0.000677 -0.830220 -0.000002 -0.000001
    42 0.006928 0.005329 -0.181358 -1.528500 -0.248579 -1.611362
    43 -0.052313 0.038589 -0.230757 -1.592493 -0.043415 -1.528515
    44 -0.232600 -0.209656 -0.420669 -1.713790 -0.167173 -1.438930
    45 -0.218280 -3.741524 -0.346082 -0.114924 -0.000005 -0.000020
    46 0.015894 -1.578467 0.006170 -1.807934 0.000020 -0.000009
    47 0.004384 -1.176453 0.000249 -0.955381 0.000021 0.000018
    48 -0.038065 0.069166 -0.159883 -1.816986 0.066178 -1.575392
    49 -0.025151 0.088762 -0.068837 -1.817843 0.044510 -1.568287
    50 -0.102916 -0.186983 -0.272246 -1.833683 -0.232962 -1.472375
    51 -1.034178 -3.582044 -0.343160 -0.059039 0.000019 -0.000003
    52 0.001133 -1.610108 0.006276 -1.402712 0.000003 -0.000002
    53 0.001880 -0.946060 0.004418 -1.253444 0.000001 0.000001
    54 -0.004241 0.043707 -0.080203 -2.014997 -0.186996 -1.460723
    55 0.015383 -0.089136 -0.030010 -2.006083 0.036346 -1.568629
    56 -0.022610 -0.212357 -0.177905 -1.933161 -0.118801 -1.518895
    57 1.305107 -3.227548 -0.342207 -0.232583 -0.078965 -0.038578
    58 0.000595 -1.242324 0.002179 -0.455103 0.000004 0.000009
    59 0.003175 -0.774607 -0.000316 -0.762889 -0.000006 -0.000004
    60 -0.067138 0.063251 -0.010961 -0.899214 -0.014515 -1.600326
    61 -0.151180 -0.007395 -0.070065 -0.913061 -0.118819 -1.408558
    62 -0.178164 -0.244680 -0.357067 -1.159916 -0.384260 -1.556110
    63 -0.391451 -0.463665 0.383766 -0.067766 -0.458981 -2.676687
    64 2.472082 0.027425 0.001225 0.143243 -0.026985 0.914077
    65 1.227325 0.009356 -0.005766 0.007715 0.001743 0.800915
    66 -0.263409 -0.117640 -0.015659 0.000036 -0.082210 -0.026800
    67 0.007707 -0.334360 -0.191575 0.070788 -0.181563 0.282364
    68 0.225562 -0.567923 -0.420715 0.119895 -0.183798 0.223460
    69 -0.203683 -0.095654 -0.328305 -1.745077 0.075142 -1.515382
    70 -1.393460 8.839182 -0.239439 1.580804 -0.005024 -1.566848
    71 0.036020 0.082815 -0.692656 -1.570769 0.065989 0.001276
    72 -0.088586 0.054020 -0.088594 0.010231 0.033800 -1.560851
    73 0.120153 -0.050270 -0.054489 -2.854024 0.030688 -1.580508
    74 -0.139399 -0.111694 0.014400 0.285395 -0.031353 1.580313
    75 2.295096 -5.991722 1.062592 -1.277405 1.437608 -1.233844
    76 0.738178 -7.079689 1.130307 -2.056340 1.437608 -1.233844
    77 2.120706 -8.977903 1.432138 -1.500404 1.442534 -1.439281
    78 3.923708 -8.234629 1.417453 -1.247039 1.437608 -1.233844
  time 64
    0 1.629157 0.000000 0.541027 0.000000 0.000000 -1.570796
    1 -4.690324 8.863738 -11.075994 5.554050 -1.181237 -4.092633
    2 -0.001605 -10.701926 -0.002571 0.364292 -0.110060 -0.164054
    3 -0.652586 -3.626730 -0.345451 -1.003497 0.000001 -0.122197
    4 -0.006990 -1.507136 0.002508 -1.090800 -0.000001 -0.000002
    5 0.005351 -0.954641 -0.003577 -1.343863 0.000000 0.000000
    6 0.007988 0.172184 -0.118553 -1.598091 -0.216549 -1.570593
    7 0.080660 0.135929 -0.203919 -1.506824 -0.066185 -1.662786
    8 0.117288 -0.155554 -0.604544 -1.412988 -0.374558 -1.569222
    9 0.128930 -3.758196 -0.347774 -0.890091 -0.000021 -0.148339
    10 -0.006790 -1.567259 0.006726 -1.212966 0.000000 -0.000003
    11 -0.006797 -1.160038 0.002748 -1.483486 0.000000 0.000000
    12 -0.018589 0.129953 -0.123721 -1.294580 0.001302 -1.635383
    13 -0.006160 0.170065 -0.110169 -1.280084 -0.068681 -1.597215
    14 0.047100 -0.104074 -0.352264 -1.243368 -0.257298 -1.694346
    15 0.949953 -3.617903 -0.348122 -0.121030 -0.028553 0.180723
    16 -0.021700 -1.596358 -0.007350 -0.175081 -0.034779 0.033785
    17 -0.006735 -0.937906 0.007065 -0.324931 -0.087200 0.035737
    18 -0.022325 0.045424 -0.038284 -1.125544 -0.129230 -1.681412
    19 -0.042900 -0.061274 -0.071212 -1.124462 -0.060454 -1.586099
    20 0.063741 -0.109104 -0.248158 -1.142813 -0.125805 -1.693583
    21 -1.407251 -3.249431 -0.346207 -1.116822 -0.004154 -0.169273
    22 0.010185 -1.202057 0.005877 -0.626480 0.005774 -0.003974
    23 -0.020050 -0.797217 0.006185 -1.212969 0.000001 0.000004
    24 -0.011721 0.093267 0.017949 -1.687855 -0.079155 -1.575164
    25 0.048863 -0.085541 0.028626 -1.715605 -0.034569 -1.653190
    26 0.173918 -0.198416 -0.336163 -1.668104 -0.422317 -1.710956
    27 0.438974 -0.490226 0.396323 0.385458 -0.500179 -1.143180
    28 2.352359 0.014158 0.001103 -0.308224 -0.039658 -0.587209
    29 1.249212 0.004522 -0.002867 -0.015212 -0.030839 -0.912617
    30 -0.267709 0.037512 -0.093907 2.913812 -0.143386 0.078467
    31 -0.029266 0.205408 -0.329287 2.788574 -0.255486 -0.188917
    32 0.204373 0.521055 -0.268577 2.886669 0.042206 -0.230367
    33 0.195697 -0.010059 -0.293538 -1.333586 0.150863 -1.672749
    34 1.257181 8.762590 -0.153713 -1.570562 0.002683 -1.566808
    35 -0.093500 -0.114213 -0.738866 -1.570842 0.061811 0.002096
    36 0.010843 0.093624 -0.081439 -3.141462 0.041719 -1.568236
    37 6.135677 0.405632 -15.388472 -2.271833 0.976133 -0.007525
    38 0.104748 -10.673144 -0.005453 0.441627 0.067243 0.149255
    39 0.549521 -3.650577 -0.341066 -0.266696 -0.046218 -0.024594
    40 0.025684 -1.507546 0.004946 -1.674520 0.000001 -0.000004
    41 0.008139 -0.928479 -0.000677 -0.828709 -0.000002 -0.000001
    42 0.006928 0.005329 -0.181358 -1.528500 -0.248579 -1.611362
    43 -0.052313 0.038589 -0.230757 -1.592493 -0.043415 -1.528515
    44 -0.232600 -0.209656 -0.420669 -1.713790 -0.167173 -1.438930
    45 -0.214374 -3.741524 -0.346082 -0.116368 -0.000005 -0.000020
    46 0.019801 -1.582373 0.006170 -1.798863 0.000020 -0.000009
    47 0.004384 -1.176453 0.004155 -0.950014 0.000021 0.000018
    48 -0.038065 0.069166 -0.159883 -1.816986 0.066178 -1.575392
    49 -0.025151 0.088762 -0.068837 -1.817843 0.044510 -1.568287
    50 -0.102916 -0.186983 -0.272246 -1.833683 -0.232962 -1.472375
    51 -1.030272 -3.582044 -0.343160 -0.059930 0.000019 -0.000003
    52 0.001133 -1.610108 0.002370 -1.393724 0.000003 -0.000002
    53 0.005787 -0.946060 0.004418 -1.248832 0.000001 0.000001
    54 -0.004241 0.043707 -0.080203 -2.014997 -0.186996 -1.460723
    55 0.015383 -0.089136 -0.030010 -2.006083 0.036346 -1.568629
    56 -0.022610 -0.212357 -0.177905 -1.933161 -0.118801 -1.518895
    57 1.305107 -3.227548 -0.342207 -0.242088 -0.078965 -0.038578
    58 0.004502 -1.242324 0.002179 -0.431549 0.000004 0.000009
    59 0.003175 -0.774607 -0.004222 -0.761643 -0.000006 -0.000004
    60 -0.067138 0.063251 -0.010961 -0.899214 -0.014515 -1.600326
    61 -0.151180 -0.007395 -0.070065 -0.913061 -0.118819 -1.408558
    62 -0.178164 -0.244680 -0.357067 -1.159916 -0.384260 -1.556110
    63 -0.391451 -0.463665 0.383766 -0.067023 -0.458561 -2.676239
    64 2.472082 0.027425 0.001225 0.141900 -0.026194 0.908260
    65 1.227325 0.009356 -0.005766 0.006960 0.001611 0.789641
    66 -0.263409 -0.117640 -0.015659 0.000036 -0.082210 -0.026800
    67 0.007707 -0.334360 -0.191575 0.070788 -0.181563 0.282364
    68 0.225562 -0.567923 -0.420715 0.119895 -0.183798 0.223460
    69 -0.203683 -0.095654 -0.328305 -1.745077 0.075142 -1.515382
    70 -1.393460 8.839182 -0.239439 1.580804 -0.005024 -1.566848
    71 0.036020 0.082815 -0.692656 -1.570769 0.065989 0.001276
    72 -0.088586 0.054020 -0.088594 0.010231 0.033800 -1.560851
    73 0.120153 -0.050270 -0.054489 -2.854024 0.030688 -1.580508
    74 -0.139399 -0.111694 0.014400 0.285395 -0.031353 1.580313
    75 2.295096 -5.991722 1.058685 -1.277207 1.437608 -1.233844
    76 0.738178 -7.079689 1.130307 -2.041101 1.437608 -1.233844
    77 2.253522 -8.977903 1.439950 -1.392420 1.441311 -1.351086
    78 3.923708 -8.234629 1.417453 -1.247039 1.437608 -1.233844
  time 65
    0 1.629157 0.000000 0.541027 0.000000 0.000000 -1.570796
    1 -4.694230 8.863738 -11.079900 5.552049 -1.183024 -4.089877
    2 -0.001605 -10.698019 -0.002571 0.363088 -0.108657 -0.165666
    3 -0.648679 -3.626730 -0.341545 -1.003497 0.000001 -0.122197
    4 -0.010896 -1.507136 0.002508 -1.090800 -0.000001 -0.000002
    5 0.005351 -0.954641 -0.007484 -1.343863 0.000000 0.000000
    6 0.007988 0.172184 -0.118553 -1.598091 -0.216549 -1.570593
    7 0.080660 0.135929 -0.203919 -1.506824 -0.066185 -1.662786
    8 0.117288 -0.155554 -0.604544 -1.412988 -0.374558 -1.569222
    9 0.128930 -3.762102 -0.343868 -0.890091 -0.000021 -0.148339
    10 -0.006790 -1.567259 0.006726 -1.212966 0.000000 -0.000003
    11 -0.006797 -1.160038 0.002748 -1.483442 0.000000 0.000000
    12 -0.018589 0.129953 -0.123721 -1.294580 0.001302 -1.635383
    13 -0.006160 0.170065 -0.110169 -1.280084 -0.068681 -1.597215
    14 0.047100 -0.104074 -0.352264 -1.243368 -0.257298 -1.694346
    15 0.949953 -3.617903 -0.344216 -0.125884 -0.027210 0.178662
    16 -0.021700 -1.596358 -0.003443 -0.179293 -0.033161 0.032346
    17 -0.002829 -0.941812 0.007065 -0.332641 -0.083365 0.034563
    18 -0.022325 0.045424 -0.038284 -1.125544 -0.129230 -1.681412
    19 -0.042900 -0.061274 -0.071212 -1.124462 -0.060454 -1.586099
    20 0.063741 -0.109104 -0.248158 -1.142813 -0.125805 -1.693583
    21 -1.407251 -3.245525 -0.342301 -1.108949 -0.003663 -0.165761
    22 0.010185 -1.202057 0.005877 -0.625843 0.005510 -0.003806
    23 -0.020050 -0.797217 0.002278 -1.212969 0.000001 0.000004
    24 -0.011721 0.093267 0.017949 -1.687855 -0.079155 -1.575164
    25 0.048863 -0.085541 0.028626 -1.715605 -0.034569 -1.653190
    26 0.173918 -0.198416 -0.336163 -1.668104 -0.422317 -1.710956
    27 0.438974 -0.490226 0.396323 0.396148 -0.510773 -1.145359
    28 2.352359 0.010252 0.005009 -0.308140 -0.038387 -0.582522
    29 1.245306 0.004522 -0.006774 -0.015008 -0.029796 -0.902068
    30 -0.267709 0.037512 -0.093907 2.913812 -0.143386 0.078467
    31 -0.029266 0.205408 -0.329287 2.788574 -0.255486 -0.188917
    32 0.204373 0.521055 -0.268577 2.886669 0.042206 -0.230367
    33 0.195697 -0.010059 -0.293538 -1.333586 0.150863 -1.672749
    34 1.257181 8.762590 -0.153713 -1.570562 0.002683 -1.566808
    35 -0.093500 -0.114213 -0.738866 -1.570842 0.061811 0.002096
    36 0.010843 0.093624 -0.081439 -3.141462 0.041719 -1.568236
    37 6.084894 0.554074 -15.673637 -2.195428 0.929515 0.055622
    38 0.104748 -10.677050 -0.005453 0.396352 0.063702 0.255090
    39 0.549521 -3.646670 -0.341066 -0.268581 -0.046218 -0.024594
    40 0.025684 -1.503640 0.001039 -1.664473 0.000001 -0.000004
    41 0.012045 -0.928479 -0.004583 -0.827171 -0.000002 -0.000001
    42 0.006928 0.005329 -0.181358 -1.528500 -0.248579 -1.611362
    43 -0.052313 0.038589 -0.230757 -1.592493 -0.043415 -1.528515
    44 -0.232600 -0.209656 -0.420669 -1.713790 -0.167173 -1.438930
    45 -0.214374 -3.737618 -0.346082 -0.117871 -0.000005 -0.000020
    46 0.015894 -1.582373 0.006170 -1.789443 0.000020 -0.000009
    47 0.000478 -1.172547 0.000249 -0.944186 0.000021 0.000018
    48 -0.038065 0.069166 -0.159883 -1.816986 0.066178 -1.575392
    49 -0.025151 0.088762 -0.068837 -1.817843 0.044510 -1.568287
    50 -0.102916 -0.186983 -0.272246 -1.833683 -0.232962 -1.472375
    51 -1.030272 -3.578138 -0.343160 -0.060775 0.000019 -0.000003
    52 0.001133 -1.610108 0.002370 -1.384058 0.000003 -0.000002
    53 0.005787 -0.946060 0.004418 -1.244180 0.000001 0.000001
    54 -0.004241 0.043707 -0.080203 -2.014997 -0.186996 -1.460723
    55 0.015383 -0.089136 -0.030010 -2.006083 0.036346 -1.568629
    56 -0.022610 -0.212357 -0.177905 -1.933161 -0.118801 -1.518895
    57 1.309013 -3.227548 -0.342207 -0.251646 -0.078965 -0.038578
    58 0.000595 -1.242324 0.002179 -0.408974 0.000004 0.000009
    59 0.003175 -0.770701 -0.004222 -0.760075 -0.000006 -0.000004
    60 -0.067138 0.063251 -0.010961 -0.899214 -0.014515 -1.600326
    61 -0.151180 -0.007395 -0.070065 -0.913061 -0.118819 -1.408558
    62 -0.178164 -0.244680 -0.357067 -1.159916 -0.384260 -1.556110
    63 -0.387544 -0.463665 0.379860 -0.066160 -0.458513 -2.675497
    64 2.472082 0.027425 0.001225 0.140642 -0.025367 0.901797
    65 1.223419 0.009356 -0.005766 0.006109 0.001456 0.777979
    66 -0.263409 -0.117640 -0.015659 0.000036 -0.082210 -0.026800
    67 0.007707 -0.334360 -0.191575 0.070788 -0.181563 0.282364
    68 0.225562 -0.567923 -0.420715 0.119895 -0.183798 0.223460
    69 -0.203683 -0.095654 -0.328305 -1.745077 0.075142 -1.515382
    70 -1.393460 8.839182 -0.239439 1.580804 -0.005024 -1.566848
    71 0.036020 0.082815 -0.692656 -1.570769 0.065989 0.001276
    72 -0.088586 0.054020 -0.088594 0.010231 0.033800 -1.560851
    73 0.120153 -0.050270 -0.054489 -2.854024 0.030688 -1.580508
    74 -0.139399 -0.111694 0.014400 0.285395 -0.031353 1.580313
    75 2.299003 -5.987815 1.058685 -1.276960 1.437608 -1.233844
    76 0.738178 -7.079689 1.130307 -1.835062 1.437608 -1.233844
    77 2.366807 -8.977903 1.443857 -1.294678 1.439082 -1.272139
    78 3.923708 -8.234629 1.417453 -1.247039 1.437608 -1.233844
  time 66
    0 1.629157 0.000000 0.541027 0.000000 0.000000 -1.570796
    1 -4.705949 8.852019 -11.118964 5.549954 -1.184812 -4.086835
    2 -0.001605 -10.698019 -0.002571 0.360352 -0.107163 -0.172479
    3 -0.652586 -3.626730 -0.345451 -1.003497 0.000001 -0.122197
    4 -0.006990 -1.503230 0.002508 -1.090800 -0.000001 -0.000002
    5 0.001444 -0.954641 -0.003577 -1.343863 0.000000 0.000000
    6 0.007988 0.172184 -0.118553 -1.598091 -0.216549 -1.570593
    7 0.080660 0.135929 -0.203919 -1.506824 -0.066185 -1.662786
    8 0.117288 -0.155554 -0.604544 -1.412988 -0.374558 -1.569222
    9 0.128930 -3.758196 -0.343868 -0.890091 -0.000021 -0.148339
    10 -0.006790 -1.563353 0.002820 -1.212966 0.000000 -0.000003
    11 -0.006797 -1.160038 0.002748 -1.483442 0.000000 0.000000
    12 -0.018589 0.129953 -0.123721 -1.294580 0.001302 -1.635383
    13 -0.006160 0.170065 -0.110169 -1.280084 -0.068681 -1.597215
    14 0.047100 -0.104074 -0.352264 -1.243368 -0.257298 -1.694346
    15 0.949953 -3.617903 -0.344216 -0.130762 -0.025880 0.176576
    16 -0.017794 -1.596358 -0.007350 -0.183579 -0.031543 0.030920
    17 -0.002829 -0.937906 0.007065 -0.340551 -0.079542 0.033328
    18 -0.022325 0.045424 -0.038284 -1.125544 -0.129230 -1.681412
    19 -0.042900 -0.061274 -0.071212 -1.124462 -0.060454 -1.586099
    20 0.063741 -0.109104 -0.248158 -1.142813 -0.125805 -1.693583
    21 -1.407251 -3.249431 -0.346207 -1.101169 -0.003220 -0.162286
    22 0.010185 -1.202057 0.001971 -0.625167 0.005258 -0.003614
    23 -0.020050 -0.797217 0.006185 -1.212969 0.000001 0.000004
    24 -0.011721 0.093267 0.017949 -1.687855 -0.079155 -1.575164
    25 0.048863 -0.085541 0.028626 -1.715605 -0.034569 -1.653190
    26 0.173918 -0.198416 -0.336163 -1.668104 -0.422317 -1.710956
    27 0.442881 -0.490226 0.392416 0.411009 -0.525262 -1.149133
    28 2.352359 0.010252 0.005009 -0.303945 -0.015377 -0.513256
    29 1.249212 0.004522 -0.006774 -0.014841 -0.028777 -0.891889
    30 -0.267709 0.037512 -0.093907 2.913812 -0.143386 0.078467
    31 -0.029266 0.205408 -0.329287 2.788574 -0.255486 -0.188917
    32 0.204373 0.521055 -0.268577 2.886669 0.042206 -0.230367
    33 0.195697 -0.010059 -0.293538 -1.333586 0.150863 -1.672749
    34 1.257181 8.762590 -0.153713 -1.570562 0.002683 -1.566808
    35 -0.093500 -0.114213 -0.738866 -1.570842 0.061811 0.002096
    36 0.010843 0.093624 -0.081439 -3.141462 0.041719 -1.568236
    37 6.112238 0.557980 -15.927551 -2.172999 0.916973 0.075597
    38 0.108654 -10.673144 -0.001547 0.394936 0.069800 0.272639
    39 0.553428 -3.650577 -0.341066 -0.270466 -0.046218 -0.024594
    40 0.025684 -1.507546 0.001039 -1.653909 0.000001 -0.000004
    41 0.008139 -0.928479 -0.004583 -0.825712 -0.000002 -0.000001
    42 0.006928 0.005329 -0.181358 -1.528500 -0.248579 -1.611362
    43 -0.052313 0.038589 -0.230757 -1.592493 -0.043415 -1.528515
    44 -0.232600 -0.209656 -0.420669 -1.713790 -0.167173 -1.438930
    45 -0.218280 -3.741524 -0.346082 -0.119084 -0.000005 -0.000020
    46 0.019801 -1.582373 0.006170 -1.779617 0.000020 -0.000009
    47 0.000478 -1.176453 0.000249 -0.937896 0.000021 0.000018
    48 -0.038065 0.069166 -0.159883 -1.816986 0.066178 -1.575392
    49 -0.025151 0.088762 -0.068837 -1.817843 0.044510 -1.568287
    50 -0.102916 -0.186983 -0.272246 -1.833683 -0.232962 -1.472375
    51 -1.030272 -3.582044 -0.343160 -0.061291 0.000019 -0.000003
    52 0.001133 -1.610108 0.006276 -1.373714 0.000003 -0.000002
    53 0.005787 -0.946060 0.004418 -1.239568 0.000001 0.000001
    54 -0.004241 0.043707 -0.080203 -2.014997 -0.186996 -1.460723
    55 0.015383 -0.089136 -0.030010 -2.006083 0.036346 -1.568629
    56 -0.022610 -0.212357 -0.177905 -1.933161 -0.118801 -1.518895
    57 1.309013 -3.227548 -0.342207 -0.260991 -0.078965 -0.038578
    58 0.004502 -1.242324 0.006085 -0.387520 0.000004 0.000009
    59 0.003175 -0.774607 -0.004222 -0.758077 -0.000006 -0.000004
    60 -0.067138 0.063251 -0.010961 -0.899214 -0.014515 -1.600326
    61 -0.151180 -0.007395 -0.070065 -0.913061 -0.118819 -1.408558
    62 -0.178164 -0.244680 -0.357067 -1.159916 -0.384260 -1.556110
    63 -0.391451 -0.463665 0.379860 -0.065202 -0.458861 -2.674508
    64 2.472082 0.027425 0.005131 0.139468 -0.024504 0.894591
    65 1.223419 0.009356 -0.005766 0.005114 0.001252 0.765980
    66 -0.263409 -0.117640 -0.015659 0.000036 -0.082210 -0.026800
    67 0.007707 -0.334360 -0.191575 0.070788 -0.181563 0.282364
    68 0.225562 -0.567923 -0.420715 0.119895 -0.183798 0.223460
    69 -0.203683 -0.095654 -0.328305 -1.745077 0.075142 -1.515382
    70 -1.393460 8.839182 -0.239439 1.580804 -0.005024 -1.566848
    71 0.036020 0.082815 -0.692656 -1.570769 0.065989 0.001276
    72 -0.088586 0.054020 -0.088594 0.010231 0.033800 -1.560851
    73 0.120153 -0.050270 -0.054489 -2.854024 0.030688 -1.580508
    74 -0.139399 -0.111694 0.014400 0.285395 -0.031353 1.580313
    75 2.295096 -5.976096 1.058685 -1.276664 1.437608 -1.233844
    76 0.738178 -7.079689 1.130307 -1.462998 1.437608 -1.233844
    77 2.398058 -8.977903 1.443857 -1.247039 1.437608 -1.233844
    78 3.923708 -8.234629 1.417453 -1.247039 1.437608 -1.233844
  time 67
    0 1.629157 0.000000 0.541027 0.000000 0.000000 -1.570796
    1 -4.709856 8.836393 -11.165840 5.547572 -1.186640 -4.083603
    2 -0.001605 -10.698019 -0.002571 0.356699 -0.105954 -0.183186
    3 -0.652586 -3.626730 -0.345451 -1.003497 0.000001 -0.122197
    4 -0.010896 -1.503230 0.006415 -1.090800 -0.000001 -0.000002
    5 0.001444 -0.954641 -0.003577 -1.343863 0.000000 0.000000
    6 0.007988 0.172184 -0.118553 -1.598091 -0.216549 -1.570593
    7 0.080660 0.135929 -0.203919 -1.506824 -0.066185 -1.662786
    8 0.117288 -0.155554 -0.604544 -1.412988 -0.374558 -1.569222
    9 0.128930 -3.758196 -0.343868 -0.890091 -0.000021 -0.148339
    10 -0.006790 -1.563353 0.006726 -1.212966 0.000000 -0.000003
    11 -0.006797 -1.160038 0.002748 -1.483442 0.000000 0.000000
    12 -0.018589 0.129953 -0.123721 -1.294580 0.001302 -1.635383
    13 -0.006160 0.170065 -0.110169 -1.280084 -0.068681 -1.597215
    14 0.047100 -0.104074 -0.352264 -1.243368 -0.257298 -1.694346
    15 0.949953 -3.617903 -0.348122 -0.135640 -0.024574 0.174527
    16 -0.017794 -1.596358 -0.003443 -0.188204 -0.029949 0.029494
    17 -0.002829 -0.941812 0.003159 -0.348662 -0.075719 0.032094
    18 -0.022325 0.045424 -0.038284 -1.125544 -0.129230 -1.681412
    19 -0.042900 -0.061274 -0.071212 -1.124462 -0.060454 -1.586099
    20 0.063741 -0.109104 -0.248158 -1.142813 -0.125805 -1.693583
    21 -1.407251 -3.245525 -0.346207 -1.093297 -0.002776 -0.158786
    22 0.010185 -1.202057 0.005877 -0.624472 0.005031 -0.003458
    23 -0.020050 -0.797217 0.002278 -1.212969 0.000001 0.000004
    24 -0.011721 0.093267 0.017949 -1.687855 -0.079155 -1.575164
    25 0.048863 -0.085541 0.028626 -1.715605 -0.034569 -1.653190
    26 0.173918 -0.198416 -0.336163 -1.668104 -0.422317 -1.710956
    27 0.438974 -0.486320 0.396323 0.427895 -0.541418 -1.153784
    28 2.352359 0.010252 0.005009 -0.296658 0.009635 -0.446671
    29 1.245306 0.004522 -0.006774 -0.014649 -0.027771 -0.882005
    30 -0.267709 0.037512 -0.093907 2.913812 -0.143386 0.078467
    31 -0.029266 0.205408 -0.329287 2.788574 -0.255486 -0.188917
    32 0.204373 0.521055 -0.268577 2.886669 0.042206 -0.230367
    33 0.195697 -0.010059 -0.293538 -1.333586 0.150863 -1.672749
    34 1.257181 8.762590 -0.153713 -1.570562 0.002683 -1.566808
    35 -0.093500 -0.114213 -0.738866 -1.570842 0.061811 0.002096
    36 0.010843 0.093624 -0.081439 -3.141462 0.041719 -1.568236
    37 6.170834 0.479853 -16.200996 -2.171274 0.920804 0.081120
    38 0.104748 -10.673144 -0.005453 0.416246 0.080121 0.248448
    39 0.549521 -3.650577 -0.341066 -0.272411 -0.046218 -0.024594
    40 0.025684 -1.503640 0.001039 -1.642724 0.000001 -0.000004
    41 0.008139 -0.928479 -0.004583 -0.824252 -0.000002 -0.000001
    42 0.006928 0.005329 -0.181358 -1.528500 -0.248579 -1.611362
    43 -0.052313 0.038589 -0.230757 -1.592493 -0.043415 -1.528515
    44 -0.232600 -0.209656 -0.420669 -1.713790 -0.167173 -1.438930
    45 -0.214374 -3.741524 -0.346082 -0.120124 -0.000005 -0.000020
    46 0.019801 -1.582373 0.006170 -1.769383 0.000020 -0.000009
    47 0.000478 -1.176453 0.000249 -0.931087 0.000021 0.000018
    48 -0.038065 0.069166 -0.159883 -1.816986 0.066178 -1.575392
    49 -0.025151 0.088762 -0.068837 -1.817843 0.044510 -1.568287
    50 -0.102916 -0.186983 -0.272246 -1.833683 -0.232962 -1.472375
    51 -1.030272 -3.578138 -0.343160 -0.061667 0.000019 -0.000003
    52 0.001133 -1.610108 0.002370 -1.362874 0.000003 -0.000002
    53 0.005787 -0.946060 0.004418 -1.235037 0.000001 0.000001
    54 -0.004241 0.043707 -0.080203 -2.014997 -0.186996 -1.460723
    55 0.015383 -0.089136 -0.030010 -2.006083 0.036346 -1.568629
    56 -0.022610 -0.212357 -0.177905 -1.933161 -0.118801 -1.518895
    57 1.309013 -3.227548 -0.342207 -0.270122 -0.078965 -0.038578
    58 0.000595 -1.242324 0.006085 -0.367256 0.000004 0.000009
    59 0.003175 -0.774607 -0.000316 -0.755714 -0.000006 -0.000004
    60 -0.067138 0.063251 -0.010961 -0.899214 -0.014515 -1.600326
    61 -0.151180 -0.007395 -0.070065 -0.913061 -0.118819 -1.408558
    62 -0.178164 -0.244680 -0.357067 -1.159916 -0.384260 -1.556110
    63 -0.387544 -0.463665 0.383766 -0.064099 -0.459580 -2.673241
    64 2.472082 0.027425 0.001225 0.138389 -0.023593 0.886770
    65 1.227325 0.009356 -0.005766 0.004024 0.001000 0.753775
    66 -0.263409 -0.117640 -0.015659 0.000036 -0.082210 -0.026800
    67 0.007707 -0.334360 -0.191575 0.070788 -0.181563 0.282364
    68 0.225562 -0.567923 -0.420715 0.119895 -0.183798 0.223460
    69 -0.203683 -0.095654 -0.328305 -1.745077 0.075142 -1.515382
    70 -1.393460 8.839182 -0.239439 1.580804 -0.005024 -1.566848
    71 0.036020 0.082815 -0.692656 -1.570769 0.065989 0.001276
    72 -0.088586 0.054020 -0.088594 0.010231 0.033800 -1.560851
    73 0.120153 -0.050270 -0.054489 -2.854024 0.030688 -1.580508
    74 -0.139399 -0.111694 0.014400 0.285395 -0.031353 1.580313
    75 2.295096 -5.964377 1.054779 -1.276282 1.437608 -1.233844
    76 0.738178 -7.079689 1.130307 -1.247039 1.437608 -1.233844
    77 2.398058 -8.977903 1.443857 -1.237308 1.437284 -1.226024
    78 3.923708 -8.234629 1.417453 -1.247039 1.437608 -1.233844
  time 68
    0 1.629157 0.000000 0.541027 0.000000 0.000000 -1.570796
    1 -4.713762 8.812955 -11.216623 5.545190 -1.188590 -4.080467
    2 -0.001605 -10.701926 -0.002571 0.352746 -0.105341 -0.196430
    3 -0.652586 -3.626730 -0.345451 -1.003497 0.000001 -0.122197
    4 -0.006990 -1.507136 0.006415 -1.090800 -0.000001 -0.000002
    5 0.001444 -0.954641 -0.007484 -1.343863 0.000000 0.000000
    6 0.007988 0.172184 -0.118553 -1.598091 -0.216549 -1.570593
    7 0.080660 0.135929 -0.203919 -1.506824 -0.066185 -1.662786
    8 0.117288 -0.155554 -0.604544 -1.412988 -0.374558 -1.569222
    9 0.128930 -3.758196 -0.347774 -0.890091 -0.000021 -0.148339
    10 -0.002884 -1.567259 0.002820 -1.212966 0.000000 -0.000003
    11 -0.006797 -1.160038 0.002748 -1.483442 0.000000 0.000000
    12 -0.018589 0.129953 -0.123721 -1.294580 0.001302 -1.635383
    13 -0.006160 0.170065 -0.110169 -1.280084 -0.068681 -1.597215
    14 0.047100 -0.104074 -0.352264 -1.243368 -0.257298 -1.694346
    15 0.949953 -3.613996 -0.348122 -0.140470 -0.023280 0.172454
    16 -0.021700 -1.596358 -0.003443 -0.192866 -0.028355 0.028092
    17 -0.002829 -0.941812 0.007065 -0.357010 -0.071907 0.030823
    18 -0.022325 0.045424 -0.038284 -1.125544 -0.129230 -1.681412
    19 -0.042900 -0.061274 -0.071212 -1.124462 -0.060454 -1.586099
    20 0.063741 -0.109104 -0.248158 -1.142813 -0.125805 -1.693583
    21 -1.407251 -3.245525 -0.342301 -1.085562 -0.002393 -0.155323
    22 0.010185 -1.202057 0.001971 -0.623796 0.004791 -0.003291
    23 -0.020050 -0.797217 0.006185 -1.212969 0.000001 0.000004
    24 -0.011721 0.093267 0.017949 -1.687855 -0.079155 -1.575164
    25 0.048863 -0.085541 0.028626 -1.715605 -0.034569 -1.653190
    26 0.173918 -0.198416 -0.336163 -1.668104 -0.422317 -1.710956
    27 0.442881 -0.490226 0.396323 0.444566 -0.556974 -1.158435
    28 2.352359 0.010252 0.005009 -0.291805 0.024616 -0.400356
    29 1.249212 0.004522 -0.002867 -0.014469 -0.026740 -0.872600
    30 -0.267709 0.037512 -0.093907 2.913812 -0.143386 0.078467
    31 -0.029266 0.205408 -0.329287 2.788574 -0.255486 -0.188917
    32 0.204373 0.521055 -0.268577 2.886669 0.042206 -0.230367
    33 0.195697 -0.010059 -0.293538 -1.333586 0.150863 -1.672749
    34 1.257181 8.762590 -0.153713 -1.570562 0.002683 -1.566808
    35 -0.093500 -0.114213 -0.738866 -1.570842 0.061811 0.002096
    36 0.010843 0.093624 -0.081439 -3.141462 0.041719 -1.568236
    37 6.268493 0.339224 -16.454910 -2.182447 0.934394 0.072560
    38 0.104748 -10.673144 -0.001547 0.439547 0.093206 0.204467
    39 0.549521 -3.646670 -0.344972 -0.274479 -0.046218 -0.024594
    40 0.021778 -1.507546 0.001039 -1.630917 0.000001 -0.000004
    41 0.008139 -0.928479 -0.000677 -0.822871 -0.000002 -0.000001
    42 0.006928 0.005329 -0.181358 -1.528500 -0.248579 -1.611362
    43 -0.052313 0.038589 -0.230757 -1.592493 -0.043415 -1.528515
    44 -0.232600 -0.209656 -0.420669 -1.713790 -0.167173 -1.438930
    45 -0.218280 -3.737618 -0.346082 -0.121049 -0.000005 -0.000020
    46 0.019801 -1.582373 0.006170 -1.758859 0.000020 -0.000009
    47 0.004384 -1.176453 0.000249 -0.923759 0.000021 0.000018
    48 -0.038065 0.069166 -0.159883 -1.816986 0.066178 -1.575392
    49 -0.025151 0.088762 -0.068837 -1.817843 0.044510 -1.568287
    50 -0.102916 -0.186983 -0.272246 -1.833683 -0.232962 -1.472375
    51 -1.030272 -3.578138 -0.343160 -0.061714 0.000019 -0.000003
    52 0.001133 -1.610108 0.002370 -1.351311 0.000003 -0.000002
    53 0.005787 -0.946060 0.004418 -1.230465 0.000001 0.000001
    54 -0.004241 0.043707 -0.080203 -2.014997 -0.186996 -1.460723
    55 0.015383 -0.089136 -0.030010 -2.006083 0.036346 -1.568629
    56 -0.022610 -0.212357 -0.177905 -1.933161 -0.118801 -1.518895
    57 1.309013 -3.227548 -0.342207 -0.278933 -0.078965 -0.038578
    58 0.000595 -1.242324 0.006085 -0.348322 0.000004 0.000009
    59 0.003175 -0.774607 -0.000316 -0.752900 -0.000006 -0.000004
    60 -0.067138 0.063251 -0.010961 -0.899214 -0.014515 -1.600326
    61 -0.151180 -0.007395 -0.070065 -0.913061 -0.118819 -1.408558
    62 -0.178164 -0.244680 -0.357067 -1.159916 -0.384260 -1.556110
    63 -0.387544 -0.463665 0.383766 -0.062889 -0.460767 -2.671649
    64 2.472082 0.027425 0.001225 0.137370 -0.022646 0.878175
    65 1.223419 0.009356 -0.005766 0.002801 0.000725 0.741234
    66 -0.263409 -0.117640 -0.015659 0.000036 -0.082210 -0.026800
    67 0.007707 -0.334360 -0.191575 0.070788 -0.181563 0.282364
    68 0.225562 -0.567923 -0.420715 0.119895 -0.183798 0.223460
    69 -0.203683 -0.095654 -0.328305 -1.745077 0.075142 -1.515382
    70 -1.393460 8.839182 -0.239439 1.580804 -0.005024 -1.566848
    71 0.036020 0.082815 -0.692656 -1.570769 0.065989 0.001276
    72 -0.088586 0.054020 -0.088594 0.010231 0.033800 -1.560851
    73 0.120153 -0.050270 -0.054489 -2.854024 0.030688 -1.580508
    74 -0.139399 -0.111694 0.014400 0.285395 -0.031353 1.580313
    75 2.295096 -5.952658 1.054779 -1.275850 1.437608 -1.233844
    76 0.738178 -7.079689 1.130307 -1.219099 1.437608 -1.233844
    77 2.398058 -8.977903 1.443857 -1.229233 1.437021 -1.219507
    78 3.923708 -8.234629 1.417453 -1.247039 1.437608 -1.233844
  time 69
    0 1.629157 0.000000 0.541027 0.000000 0.000000 -1.570796
    1 -4.709856 8.805142 -11.243968 5.542618 -1.190661 -4.077330
    2 -0.001605 -10.698019 -0.006478 0.349067 -0.105700 -0.210854
    3 -0.652586 -3.626730 -0.345451 -1.003497 0.000001 -0.122197
    4 -0.006990 -1.503230 0.002508 -1.090800 -0.000001 -0.000002
    5 0.001444 -0.954641 -0.003577 -1.343863 0.000000 0.000000
    6 0.007988 0.172184 -0.118553 -1.598091 -0.216549 -1.570593
    7 0.080660 0.135929 -0.203919 -1.506824 -0.066185 -1.662786
    8 0.117288 -0.155554 -0.604544 -1.412988 -0.374558 -1.569222
    9 0.128930 -3.762102 -0.343868 -0.890091 -0.000021 -0.148339
    10 -0.002884 -1.567259 0.002820 -1.212966 0.000000 -0.000003
    11 -0.006797 -1.160038 0.002748 -1.483442 0.000000 0.000000
    12 -0.018589 0.129953 -0.123721 -1.294580 0.001302 -1.635383
    13 -0.006160 0.170065 -0.110169 -1.280084 -0.068681 -1.597215
    14 0.047100 -0.104074 -0.352264 -1.243368 -0.257298 -1.694346
    15 0.953860 -3.617903 -0.344216 -0.145311 -0.021985 0.170380
    16 -0.021700 -1.596358 -0.003443 -0.197829 -0.026773 0.026666
    17 -0.002829 -0.937906 0.007065 -0.365504 -0.068108 0.029565
    18 -0.022325 0.045424 -0.038284 -1.125544 -0.129230 -1.681412
    19 -0.042900 -0.061274 -0.071212 -1.124462 -0.060454 -1.586099
    20 0.063741 -0.109104 -0.248158 -1.142813 -0.125805 -1.693583
    21 -1.403345 -3.245525 -0.342301 -1.077827 -0.001997 -0.151847
    22 0.006279 -1.202057 0.005877 -0.623159 0.004527 -0.003123
    23 -0.020050 -0.793311 0.006185 -1.212969 0.000001 0.000004
    24 -0.011721 0.093267 0.017949 -1.687855 -0.079155 -1.575164
    25 0.048863 -0.085541 0.028626 -1.715605 -0.034569 -1.653190
    26 0.173918 -0.198416 -0.336163 -1.668104 -0.422317 -1.710956
    27 0.442881 -0.490226 0.396323 0.458611 -0.569749 -1.161890
    28 2.356266 0.010252 0.001103 -0.291757 0.025515 -0.393543
    29 1.249212 0.004522 -0.002867 -0.014277 -0.025733 -0.863600
    30 -0.267709 0.037512 -0.093907 2.913812 -0.143386 0.078467
    31 -0.029266 0.205408 -0.329287 2.788574 -0.255486 -0.188917
    32 0.204373 0.521055 -0.268577 2.886669 0.042206 -0.230367
    33 0.195697 -0.010059 -0.293538 -1.333586 0.150863 -1.672749
    34 1.257181 8.762590 -0.153713 -1.570562 0.002683 -1.566808
    35 -0.093500 -0.114213 -0.738866 -1.570842 0.061811 0.002096
    36 0.010843 0.093624 -0.081439 -3.141462 0.041719 -1.568236
    37 6.401310 0.159531 -16.673667 -2.199207 0.951251 0.049087
    38 0.108654 -10.673144 -0.001547 0.444792 0.105932 0.162241
    39 0.549521 -3.650577 -0.341066 -0.276607 -0.046218 -0.024594
    40 0.025684 -1.507546 0.001039 -1.618592 0.000001 -0.000004
    41 0.008139 -0.928479 -0.004583 -0.821542 -0.000002 -0.000001
    42 0.006928 0.005329 -0.181358 -1.528500 -0.248579 -1.611362
    43 -0.052313 0.038589 -0.230757 -1.592493 -0.043415 -1.528515
    44 -0.232600 -0.209656 -0.420669 -1.713790 -0.167173 -1.438930
    45 -0.214374 -3.741524 -0.342176 -0.121685 -0.000005 -0.000020
    46 0.019801 -1.578467 0.006170 -1.747811 0.000020 -0.000009
    47 0.000478 -1.176453 0.000249 -0.915911 0.000021 0.000018
    48 -0.038065 0.069166 -0.159883 -1.816986 0.066178 -1.575392
    49 -0.025151 0.088762 -0.068837 -1.817843 0.044510 -1.568287
    50 -0.102916 -0.186983 -0.272246 -1.833683 -0.232962 -1.472375
    51 -1.030272 -3.582044 -0.343160 -0.061526 0.000019 -0.000003
    52 0.001133 -1.610108 0.002370 -1.339206 0.000003 -0.000002
    53 0.005787 -0.946060 0.004418 -1.226054 0.000001 0.000001
    54 -0.004241 0.043707 -0.080203 -2.014997 -0.186996 -1.460723
    55 0.015383 -0.089136 -0.030010 -2.006083 0.036346 -1.568629
    56 -0.022610 -0.212357 -0.177905 -1.933161 -0.118801 -1.518895
    57 1.309013 -3.227548 -0.342207 -0.287263 -0.078965 -0.038578
    58 0.000595 -1.242324 0.006085 -0.330787 0.000004 0.000009
    59 0.003175 -0.774607 -0.000316 -0.749635 -0.000006 -0.000004
    60 -0.067138 0.063251 -0.010961 -0.899214 -0.014515 -1.600326
    61 -0.151180 -0.007395 -0.070065 -0.913061 -0.118819 -1.408558
    62 -0.178164 -0.244680 -0.357067 -1.159916 -0.384260 -1.556110
    63 -0.391451 -0.463665 0.383766 -0.061534 -0.462396 -2.669733
    64 2.472082 0.027425 0.001225 0.136483 -0.021676 0.868868
    65 1.223419 0.009356 -0.001860 0.001471 0.000365 0.728485
    66 -0.263409 -0.117640 -0.015659 0.000036 -0.082210 -0.026800
    67 0.007707 -0.334360 -0.191575 0.070788 -0.181563 0.282364
    68 0.225562 -0.567923 -0.420715 0.119895 -0.183798 0.223460
    69 -0.203683 -0.095654 -0.328305 -1.745077 0.075142 -1.515382
    70 -1.393460 8.839182 -0.239439 1.580804 -0.005024 -1.566848
    71 0.036020 0.082815 -0.692656 -1.570769 0.065989 0.001276
    72 -0.088586 0.054020 -0.088594 0.010231 0.033800 -1.560851
    73 0.120153 -0.050270 -0.054489 -2.854024 0.030688 -1.580508
    74 -0.139399 -0.111694 0.014400 0.285395 -0.031353 1.580313
    75 2.295096 -5.948752 1.054779 -1.275381 1.437608 -1.233844
    76 0.738178 -7.079689 1.130307 -1.196150 1.437608 -1.233844
    77 2.398058 -8.977903 1.443857 -1.222689 1.436793 -1.214231
    78 3.923708 -8.234629 1.417453 -1.247039 1.437608 -1.233844
  time 70
    0 1.629157 0.000000 0.541027 0.000000 0.000000 -1.570796
    1 -4.690324 8.809049 -11.228342 5.540236 -1.192936 -4.074669
    2 -0.001605 -10.698019 -0.002571 0.346344 -0.107298 -0.225135
    3 -0.652586 -3.626730 -0.345451 -1.003497 0.000001 -0.122197
    4 -0.006990 -1.507136 0.002508 -1.090800 -0.000001 -0.000002
    5 0.001444 -0.954641 -0.003577 -1.343863 0.000000 0.000000
    6 0.007988 0.172184 -0.118553 -1.598091 -0.216549 -1.570593
    7 0.080660 0.135929 -0.203919 -1.506824 -0.066185 -1.662786
    8 0.117288 -0.155554 -0.604544 -1.412988 -0.374558 -1.569222
    9 0.128930 -3.758196 -0.343868 -0.890091 -0.000021 -0.148339
    10 -0.006790 -1.567259 0.006726 -1.212966 0.000000 -0.000003
    11 -0.006797 -1.160038 0.002748 -1.483442 0.000000 0.000000
    12 -0.018589 0.129953 -0.123721 -1.294580 0.001302 -1.635383
    13 -0.006160 0.170065 -0.110169 -1.280084 -0.068681 -1.597215
    14 0.047100 -0.104074 -0.352264 -1.243368 -0.257298 -1.694346
    15 0.949953 -3.617903 -0.348122 -0.150117 -0.020727 0.168331
    16 -0.017794 -1.596358 -0.007350 -0.202942 -0.025203 0.025252
    17 -0.006735 -0.937906 0.007065 -0.374253 -0.064357 0.028259
    18 -0.022325 0.045424 -0.038284 -1.125544 -0.129230 -1.681412
    19 -0.042900 -0.061274 -0.071212 -1.124462 -0.060454 -1.586099
    20 0.063741 -0.109104 -0.248158 -1.142813 -0.125805 -1.693583
    21 -1.407251 -3.245525 -0.342301 -1.070138 -0.001674 -0.148420
    22 0.006279 -1.202057 0.005877 -0.622483 0.004300 -0.002943
    23 -0.020050 -0.797217 0.006185 -1.212969 0.000001 0.000004
    24 -0.011721 0.093267 0.017949 -1.687855 -0.079155 -1.575164
    25 0.048863 -0.085541 0.028626 -1.715605 -0.034569 -1.653190
    26 0.173918 -0.198416 -0.336163 -1.668104 -0.422317 -1.710956
    27 0.438974 -0.490226 0.392416 0.467540 -0.577635 -1.162953
    28 2.352359 0.010252 0.005009 -0.292284 0.025035 -0.389412
    29 1.245306 0.004522 -0.002867 -0.010838 -0.011400 -0.743549
    30 -0.267709 0.037512 -0.093907 2.913812 -0.143386 0.078467
    31 -0.029266 0.205408 -0.329287 2.788574 -0.255486 -0.188917
    32 0.204373 0.521055 -0.268577 2.886669 0.042206 -0.230367
    33 0.195697 -0.010059 -0.293538 -1.333586 0.150863 -1.672749
    34 1.257181 8.762590 -0.153713 -1.570562 0.002683 -1.566808
    35 -0.093500 -0.114213 -0.738866 -1.570842 0.061811 0.002096
    36 0.010843 0.093624 -0.081439 -3.141462 0.041719 -1.568236
    37 6.561471 -0.027975 -16.833828 -2.214323 0.964438 0.010793
    38 0.104748 -10.673144 -0.005453 0.412617 0.113280 0.142991
    39 0.553428 -3.646670 -0.341066 -0.278613 -0.046218 -0.024594
    40 0.025684 -1.503640 0.001039 -1.605594 0.000001 -0.000004
    41 0.008139 -0.928479 -0.000677 -0.820291 -0.000002 -0.000001
    42 0.006928 0.005329 -0.181358 -1.528500 -0.248579 -1.611362
    43 -0.052313 0.038589 -0.230757 -1.592493 -0.043415 -1.528515
    44 -0.232600 -0.209656 -0.420669 -1.713790 -0.167173 -1.438930
    45 -0.218280 -3.737618 -0.346082 -0.122147 -0.000005 -0.000020
    46 0.015894 -1.578467 0.006170 -1.736589 0.000020 -0.000009
    47 0.000478 -1.172547 0.000249 -0.907515 0.000021 0.000018
    48 -0.038065 0.069166 -0.159883 -1.816986 0.066178 -1.575392
    49 -0.025151 0.088762 -0.068837 -1.817843 0.044510 -1.568287
    50 -0.102916 -0.186983 -0.272246 -1.833683 -0.232962 -1.472375
    51 -1.030272 -3.582044 -0.343160 -0.061104 0.000019 -0.000003
    52 0.001133 -1.610108 0.006276 -1.326378 0.000003 -0.000002
    53 0.005787 -0.946060 0.004418 -1.221723 0.000001 0.000001
    54 -0.004241 0.043707 -0.080203 -2.014997 -0.186996 -1.460723
    55 0.015383 -0.089136 -0.030010 -2.006083 0.036346 -1.568629
    56 -0.022610 -0.212357 -0.177905 -1.933161 -0.118801 -1.518895
    57 1.309013 -3.227548 -0.342207 -0.295059 -0.078965 -0.038578
    58 0.000595 -1.242324 0.006085 -0.314933 0.000004 0.000009
    59 0.003175 -0.774607 -0.004222 -0.745940 -0.000006 -0.000004
    60 -0.067138 0.063251 -0.010961 -0.899214 -0.014515 -1.600326
    61 -0.151180 -0.007395 -0.070065 -0.913061 -0.118819 -1.408558
    62 -0.178164 -0.244680 -0.357067 -1.159916 -0.384260 -1.556110
    63 -0.391451 -0.463665 0.383766 -0.060060 -0.464542 -2.667492
    64 2.472082 0.027425 0.001225 0.135716 -0.020669 0.858818
    65 1.223419 0.009356 -0.005766 -0.000003 -0.000006 0.715556
    66 -0.263409 -0.117640 -0.015659 0.000036 -0.082210 -0.026800
    67 0.007707 -0.334360 -0.191575 0.070788 -0.181563 0.282364
    68 0.225562 -0.567923 -0.420715 0.119895 -0.183798 0.223460
    69 -0.203683 -0.095654 -0.328305 -1.745077 0.075142 -1.515382
    70 -1.393460 8.839182 -0.239439 1.580804 -0.005024 -1.566848
    71 0.036020 0.082815 -0.692656 -1.570769 0.065989 0.001276
    72 -0.088586 0.054020 -0.088594 0.010231 0.033800 -1.560851
    73 0.120153 -0.050270 -0.054489 -2.854024 0.030688 -1.580508
    74 -0.139399 -0.111694 0.014400 0.285395 -0.031353 1.580313
    75 2.295096 -5.929220 1.050873 -1.274801 1.437608 -1.233844
    76 0.738178 -7.079689 1.130307 -1.177832 1.437608 -1.233844
    77 2.398058 -8.977903 1.443857 -1.217632 1.436601 -1.210073
    78 3.923708 -8.234629 1.417453 -1.247039 1.437608 -1.233844
  time 71
    0 1.629157 0.000000 0.541027 0.000000 0.000000 -1.570796
    1 -4.655167 8.832487 -11.181466 5.537854 -1.198014 -4.075049
    2 -0.005512 -10.698019 -0.002571 0.345192 -0.110419 -0.237932
    3 -0.652586 -3.626730 -0.345451 -1.003497 0.000001 -0.122197
    4 -0.006990 -1.503230 0.002508 -1.090800 -0.000001 -0.000002
    5 0.001444 -0.954641 -0.007484 -1.343863 0.000000 0.000000
    6 0.007988 0.172184 -0.118553 -1.598091 -0.216549 -1.570593
    7 0.080660 0.135929 -0.203919 -1.506824 -0.066185 -1.662786
    8 0.117288 -0.155554 -0.604544 -1.412988 -0.374558 -1.569222
    9 0.128930 -3.762102 -0.347774 -0.890091 -0.000021 -0.148339
    10 -0.006790 -1.563353 0.002820 -1.212966 0.000000 -0.000003
    11 -0.002891 -1.160038 0.006655 -1.483486 0.000000 0.000000
    12 -0.018589 0.129953 -0.123721 -1.294580 0.001302 -1.635383
    13 -0.006160 0.170065 -0.110169 -1.280084 -0.068681 -1.597215
    14 0.047100 -0.104074 -0.352264 -1.243368 -0.257298 -1.694346
    15 0.949953 -3.617903 -0.348122 -0.154923 -0.019480 0.166257
    16 -0.017794 -1.596358 -0.003443 -0.208282 -0.023645 0.023801
    17 -0.002829 -0.941812 0.007065 -0.383184 -0.060654 0.026940
    18 -0.022325 0.045424 -0.038284 -1.125544 -0.129230 -1.681412
    19 -0.042900 -0.061274 -0.071212 -1.124462 -0.060454 -1.586099
    20 0.063741 -0.109104 -0.248158 -1.142813 -0.125805 -1.693583
    21 -1.403345 -3.245525 -0.346207 -1.062449 -0.001338 -0.144992
    22 0.006279 -1.202057 0.005877 -0.621846 0.004060 -0.002775
    23 -0.020050 -0.797217 0.002278 -1.212969 0.000001 0.000004
    24 -0.011721 0.093267 0.017949 -1.687855 -0.079155 -1.575164
    25 0.048863 -0.085541 0.028626 -1.715605 -0.034569 -1.653190
    26 0.173918 -0.198416 -0.336163 -1.668104 -0.422317 -1.710956
    27 0.438974 -0.490226 0.392416 0.468786 -0.578426 -1.160322
    28 2.352359 0.010252 0.001103 -0.293327 0.023441 -0.387455
    29 1.245306 0.004522 -0.002867 -0.004318 0.005355 -0.602808
    30 -0.267709 0.037512 -0.093907 2.913812 -0.143386 0.078467
    31 -0.029266 0.205408 -0.329287 2.788574 -0.255486 -0.188917
    32 0.204373 0.521055 -0.268577 2.886669 0.042206 -0.230367
    33 0.195697 -0.010059 -0.293538 -1.333586 0.150863 -1.672749
    34 1.257181 8.762590 -0.153713 -1.570562 0.002683 -1.566808
    35 -0.093500 -0.114213 -0.738866 -1.570842 0.061811 0.002096
    36 0.010843 0.093624 -0.081439 -3.141462 0.041719 -1.568236
    37 6.756789 -0.223294 -16.935394 -2.244639 0.973471 -0.083375
    38 0.104748 -10.673144 -0.005453 0.331206 0.115837 0.147338
    39 0.553428 -3.646670 -0.344972 -0.277823 -0.046218 -0.024594
    40 0.025684 -1.503640 0.001039 -1.465100 0.000001 -0.000004
    41 0.008139 -0.932386 -0.000677 -0.810309 -0.000002 -0.000001
    42 0.006928 0.005329 -0.181358 -1.528500 -0.248579 -1.611362
    43 -0.052313 0.038589 -0.230757 -1.592493 -0.043415 -1.528515
    44 -0.232600 -0.209656 -0.420669 -1.713790 -0.167173 -1.438930
    45 -0.218280 -3.737618 -0.346082 -0.112612 -0.000005 -0.000020
    46 0.015894 -1.578467 0.006170 -1.620356 0.000020 -0.000009
    47 0.000478 -1.176453 0.004155 -0.872113 0.000021 0.000018
    48 -0.038065 0.069166 -0.159883 -1.816986 0.066178 -1.575392
    49 -0.025151 0.088762 -0.068837 -1.817843 0.044510 -1.568287
    50 -0.102916 -0.186983 -0.272246 -1.833683 -0.232962 -1.472375
    51 -1.034178 -3.578138 -0.343160 -0.049091 0.000019 -0.000003
    52 0.001133 -1.610108 0.006276 -1.184460 0.000003 -0.000002
    53 0.005787 -0.946060 0.004418 -1.208128 0.000001 0.000001
    54 -0.004241 0.043707 -0.080203 -2.014997 -0.186996 -1.460723
    55 0.015383 -0.089136 -0.030010 -2.006083 0.036346 -1.568629
    56 -0.022610 -0.212357 -0.177905 -1.933161 -0.118801 -1.518895
    57 1.305107 -3.227548 -0.342207 -0.302695 -0.078965 -0.038578
    58 0.000595 -1.242324 0.006085 -0.247035 0.000004 0.000009
    59 0.003175 -0.774607 -0.000316 -0.739045 -0.000006 -0.000004
    60 -0.067138 0.063251 -0.010961 -0.899214 -0.014515 -1.600326
    61 -0.151180 -0.007395 -0.070065 -0.913061 -0.118819 -1.408558
    62 -0.178164 -0.244680 -0.357067 -1.159916 -0.384260 -1.556110
    63 -0.391451 -0.463665 0.383766 -0.052462 -0.477150 -2.658529
    64 2.472082 0.027425 0.001225 0.134290 -0.016103 0.819005
    65 1.223419 0.009356 -0.001860 -0.006727 -0.002056 0.660244
    66 -0.263409 -0.117640 -0.015659 0.000036 -0.082210 -0.026800
    67 0.007707 -0.334360 -0.191575 0.070788 -0.181563 0.282364
    68 0.225562 -0.567923 -0.420715 0.119895 -0.183798 0.223460
    69 -0.203683 -0.095654 -0.328305 -1.745077 0.075142 -1.515382
    70 -1.393460 8.839182 -0.239439 1.580804 -0.005024 -1.566848
    71 0.036020 0.082815 -0.692656 -1.570769 0.065989 0.001276
    72 -0.088586 0.054020 -0.088594 0.010231 0.033800 -1.560851
    73 0.120153 -0.050270 -0.054489 -2.854024 0.030688 -1.580508
    74 -0.139399 -0.111694 0.014400 0.285395 -0.031353 1.580313
    75 2.295096 -5.917501 1.046966 -1.274172 1.437608 -1.233844
    76 0.738178 -7.079689 1.130307 -1.163698 1.437608 -1.233844
    77 2.398058 -8.977903 1.443857 -1.213849 1.436457 -1.207094
    78 3.923708 -8.234629 1.417453 -1.247039 1.437608 -1.233844
  time 72
    0 1.629157 0.000000 0.541027 0.000000 0.000000 -1.570796
    1 -4.627822 8.852019 -11.138496 5.535663 -1.205327 -4.078186
    2 -0.001605 -10.701926 -0.002571 0.346213 -0.115302 -0.247905
    3 -0.648679 -3.626730 -0.345451 -1.003497 0.000001 -0.122197
    4 -0.006990 -1.507136 0.006415 -1.090800 -0.000001 -0.000002
    5 0.005351 -0.954641 -0.007484 -1.343863 0.000000 0.000000
    6 0.007988 0.172184 -0.118553 -1.598091 -0.216549 -1.570593
    7 0.080660 0.135929 -0.203919 -1.506824 -0.066185 -1.662786
    8 0.117288 -0.155554 -0.604544 -1.412988 -0.374558 -1.569222
    9 0.128930 -3.758196 -0.347774 -0.890091 -0.000021 -0.148339
    10 -0.006790 -1.567259 0.002820 -1.212966 0.000000 -0.000003
    11 -0.002891 -1.160038 0.002748 -1.483442 0.000000 0.000000
    12 -0.018589 0.129953 -0.123721 -1.294580 0.001302 -1.635383
    13 -0.006160 0.170065 -0.110169 -1.280084 -0.068681 -1.597215
    14 0.047100 -0.104074 -0.352264 -1.243368 -0.257298 -1.694346
    15 0.949953 -3.617903 -0.348122 -0.159681 -0.018246 0.164208
    16 -0.021700 -1.596358 -0.003443 -0.213733 -0.022111 0.022399
    17 -0.006735 -0.941812 0.007065 -0.392297 -0.056951 0.025610
    18 -0.022325 0.045424 -0.038284 -1.125544 -0.129230 -1.681412
    19 -0.042900 -0.061274 -0.071212 -1.124462 -0.060454 -1.586099
    20 0.063741 -0.109104 -0.248158 -1.142813 -0.125805 -1.693583
    21 -1.407251 -3.249431 -0.346207 -1.054851 -0.001050 -0.141588
    22 0.010185 -1.202057 0.005877 -0.621170 0.003808 -0.002620
    23 -0.020050 -0.797217 0.002278 -1.212969 0.000001 0.000004
    24 -0.011721 0.093267 0.017949 -1.687855 -0.079155 -1.575164
    25 0.048863 -0.085541 0.028626 -1.715605 -0.034569 -1.653190
    26 0.173918 -0.198416 -0.336163 -1.668104 -0.422317 -1.710956
    27 0.438974 -0.486320 0.396323 0.457329 -0.567268 -1.151073
    28 2.352359 0.010252 0.005009 -0.294729 0.020972 -0.387310
    29 1.249212 0.004522 -0.006774 0.003592 0.019293 -0.474975
    30 -0.267709 0.037512 -0.093907 2.913812 -0.143386 0.078467
    31 -0.029266 0.205408 -0.329287 2.788574 -0.255486 -0.188917
    32 0.204373 0.521055 -0.268577 2.886669 0.042206 -0.230367
    33 0.195697 -0.010059 -0.293538 -1.333586 0.150863 -1.672749
    34 1.257181 8.762590 -0.153713 -1.570562 0.002683 -1.566808
    35 -0.093500 -0.114213 -0.738866 -1.570842 0.061811 0.002096
    36 0.010843 0.093624 -0.081439 -3.141462 0.041719 -1.568236
    37 6.975546 -0.449863 -16.993989 -2.285881 0.982061 -0.220624
    38 0.108654 -10.673144 -0.005453 0.213394 0.117958 0.159811
    39 0.553428 -3.646670 -0.344972 -0.275512 -0.046218 -0.024594
    40 0.025684 -1.503640 0.001039 -1.259928 0.000001 -0.000004
    41 0.008139 -0.928479 -0.004583 -0.797930 -0.000002 -0.000001
    42 0.006928 0.005329 -0.181358 -1.528500 -0.248579 -1.611362
    43 -0.052313 0.038589 -0.230757 -1.592493 -0.043415 -1.528515
    44 -0.232600 -0.209656 -0.420669 -1.713790 -0.167173 -1.438930
    45 -0.218280 -3.737618 -0.346082 -0.091637 -0.000005 -0.000020
    46 0.019801 -1.578467 0.006170 -1.454583 0.000020 -0.000009
    47 0.000478 -1.172547 0.000249 -0.796087 0.000021 0.000018
    48 -0.038065 0.069166 -0.159883 -1.816986 0.066178 -1.575392
    49 -0.025151 0.088762 -0.068837 -1.817843 0.044510 -1.568287
    50 -0.102916 -0.186983 -0.272246 -1.833683 -0.232962 -1.472375
    51 -1.030272 -3.582044 -0.347066 -0.022765 0.000019 -0.000003
    52 0.001133 -1.610108 0.002370 -0.974836 0.000003 -0.000002
    53 0.005787 -0.946060 0.000512 -1.179174 0.000001 0.000001
    54 -0.004241 0.043707 -0.080203 -2.014997 -0.186996 -1.460723
    55 0.015383 -0.089136 -0.030010 -2.006083 0.036346 -1.568629
    56 -0.022610 -0.212357 -0.177905 -1.933161 -0.118801 -1.518895
    57 1.309013 -3.227548 -0.342207 -0.312627 -0.078965 -0.038578
    58 0.000595 -1.242324 0.002179 -0.183898 0.000004 0.000009
    59 0.003175 -0.774607 -0.004222 -0.729722 -0.000006 -0.000004
    60 -0.067138 0.063251 -0.010961 -0.899214 -0.014515 -1.600326
    61 -0.151180 -0.007395 -0.070065 -0.913061 -0.118819 -1.408558
    62 -0.178164 -0.244680 -0.357067 -1.159916 -0.384260 -1.556110
    63 -0.387544 -0.463665 0.379860 -0.036367 -0.504558 -2.639459
    64 2.472082 0.027425 0.001225 0.130695 -0.006503 0.733758
    65 1.227325 0.009356 -0.005766 -0.020773 -0.007701 0.541579
    66 -0.263409 -0.117640 -0.015659 0.000036 -0.082210 -0.026800
    67 0.007707 -0.334360 -0.191575 0.070788 -0.181563 0.282364
    68 0.225562 -0.567923 -0.420715 0.119895 -0.183798 0.223460
    69 -0.203683 -0.095654 -0.328305 -1.745077 0.075142 -1.515382
    70 -1.393460 8.839182 -0.239439 1.580804 -0.005024 -1.566848
    71 0.036020 0.082815 -0.692656 -1.570769 0.065989 0.001276
    72 -0.088586 0.054020 -0.088594 0.010231 0.033800 -1.560851
    73 0.120153 -0.050270 -0.054489 -2.854024 0.030688 -1.580508
    74 -0.139399 -0.111694 0.014400 0.285395 -0.031353 1.580313
    75 2.295096 -5.894062 1.043060 -1.273469 1.437608 -1.233844
    76 0.738178 -7.079689 1.130307 -1.153538 1.437608 -1.233844
    77 2.398058 -8.977903 1.443857 -1.211300 1.436373 -1.205046
    78 3.923708 -8.234629 1.417453 -1.247039 1.437608 -1.233844
  time 73
    0 1.629157 0.000000 0.541027 0.000000 0.000000 -1.570796
    1 -4.596571 8.859831 -11.107245 5.533567 -1.212720 -4.081512
    2 -0.005512 -10.701926 -0.006478 0.350428 -0.123485 -0.256617
    3 -0.652586 -3.626730 -0.345451 -1.003497 0.000001 -0.122197
    4 -0.010896 -1.507136 0.002508 -1.090800 -0.000001 -0.000002
    5 0.005351 -0.954641 -0.003577 -1.343863 0.000000 0.000000
    6 0.007988 0.172184 -0.118553 -1.598091 -0.216549 -1.570593
    7 0.080660 0.135929 -0.203919 -1.506824 -0.066185 -1.662786
    8 0.117288 -0.155554 -0.604544 -1.412988 -0.374558 -1.569222
    9 0.132836 -3.762102 -0.347774 -0.890091 -0.000021 -0.148339
    10 -0.002884 -1.567259 0.006726 -1.212966 0.000000 -0.000003
    11 -0.006797 -1.160038 0.002748 -1.483442 0.000000 0.000000
    12 -0.018589 0.129953 -0.123721 -1.294580 0.001302 -1.635383
    13 -0.006160 0.170065 -0.110169 -1.280084 -0.068681 -1.597215
    14 0.047100 -0.104074 -0.352264 -1.243368 -0.257298 -1.694346
    15 0.953860 -3.617903 -0.348122 -0.164403 -0.017036 0.162183
    16 -0.021700 -1.596358 -0.003443 -0.219449 -0.020589 0.021009
    17 -0.006735 -0.941812 0.007065 -0.401648 -0.053259 0.024268
    18 -0.022325 0.045424 -0.038284 -1.125544 -0.129230 -1.681412
    19 -0.042900 -0.061274 -0.071212 -1.124462 -0.060454 -1.586099
    20 0.063741 -0.109104 -0.248158 -1.142813 -0.125805 -1.693583
    21 -1.403345 -3.249431 -0.346207 -1.047345 -0.000811 -0.138221
    22 0.010185 -1.202057 0.005877 -0.620533 0.003569 -0.002452
    23 -0.020050 -0.797217 0.002278 -1.212969 0.000001 0.000004
    24 -0.011721 0.093267 0.017949 -1.687855 -0.079155 -1.575164
    25 0.048863 -0.085541 0.028626 -1.715605 -0.034569 -1.653190
    26 0.173918 -0.198416 -0.336163 -1.668104 -0.422317 -1.710956
    27 0.438974 -0.490226 0.396323 0.434103 -0.544246 -1.135818
    28 2.352359 0.010252 0.001103 -0.296407 0.017868 -0.388518
    29 1.249212 0.004522 -0.006774 0.009272 0.026328 -0.393502
    30 -0.267709 0.037512 -0.093907 2.913812 -0.143386 0.078467
    31 -0.029266 0.205408 -0.329287 2.788574 -0.255486 -0.188917
    32 0.204373 0.521055 -0.268577 2.886669 0.042206 -0.230367
    33 0.195697 -0.010059 -0.293538 -1.333586 0.150863 -1.672749
    34 1.257181 8.762590 -0.153713 -1.570562 0.002683 -1.566808
    35 -0.093500 -0.114213 -0.738866 -1.570842 0.061811 0.002096
    36 0.010843 0.093624 -0.081439 -3.141462 0.041719 -1.568236
    37 7.241179 -0.688151 -17.013521 -2.296151 0.996982 -0.316541
    38 0.104748 -10.673144 -0.005453 0.077392 0.121234 0.177631
    39 0.549521 -3.646670 -0.344972 -0.278309 -0.046218 -0.024594
    40 0.025684 -1.503640 0.001039 -1.022234 0.000001 -0.000004
    41 0.008139 -0.928479 -0.000677 -0.782553 -0.000002 -0.000001
    42 0.006928 0.005329 -0.181358 -1.528500 -0.248579 -1.611362
    43 -0.052313 0.038589 -0.230757 -1.592493 -0.043415 -1.528515
    44 -0.232600 -0.209656 -0.420669 -1.713790 -0.167173 -1.438930
    45 -0.218280 -3.741524 -0.346082 -0.071296 -0.000005 -0.000020
    46 0.019801 -1.578467 0.006170 -1.260667 0.000020 -0.000009
    47 0.000478 -1.172547 0.000249 -0.698912 0.000021 0.000018
    48 -0.038065 0.069166 -0.159883 -1.816986 0.066178 -1.575392
    49 -0.025151 0.088762 -0.068837 -1.817843 0.044510 -1.568287
    50 -0.102916 -0.186983 -0.272246 -1.833683 -0.232962 -1.472375
    51 -1.030272 -3.582044 -0.343160 0.004968 0.000019 -0.000003
    52 0.001133 -1.610108 0.002370 -0.733051 0.000003 -0.000002
    53 0.005787 -0.946060 0.004418 -1.139753 0.000001 0.000001
    54 -0.004241 0.043707 -0.080203 -2.014997 -0.186996 -1.460723
    55 0.015383 -0.089136 -0.030010 -2.006083 0.036346 -1.568629
    56 -0.022610 -0.212357 -0.177905 -1.933161 -0.118801 -1.518895
    57 1.309013 -3.227548 -0.342207 -0.328006 -0.078965 -0.038593
    58 0.000595 -1.242324 0.006085 -0.132555 0.000004 0.000009
    59 0.003175 -0.774607 -0.000316 -0.718251 -0.000006 -0.000004
    60 -0.067138 0.063251 -0.010961 -0.899214 -0.014515 -1.600326
    61 -0.151180 -0.007395 -0.070065 -0.913061 -0.118819 -1.408558
    62 -0.178164 -0.244680 -0.357067 -1.159916 -0.384260 -1.556110
    63 -0.387544 -0.463665 0.383766 -0.017108 -0.538295 -2.614764
    64 2.472082 0.027425 0.001225 0.123947 0.004882 0.622885
    65 1.227325 0.009356 -0.005766 -0.037311 -0.017096 0.391133
    66 -0.263409 -0.117640 -0.015659 0.000036 -0.082210 -0.026800
    67 0.007707 -0.334360 -0.191575 0.070788 -0.181563 0.282364
    68 0.225562 -0.567923 -0.420715 0.119895 -0.183798 0.223460
    69 -0.203683 -0.095654 -0.328305 -1.745077 0.075142 -1.515382
    70 -1.393460 8.839182 -0.239439 1.580804 -0.005024 -1.566848
    71 0.036020 0.082815 -0.692656 -1.570769 0.065989 0.001276
    72 -0.088586 0.054020 -0.088594 0.010231 0.033800 -1.560851
    73 0.120153 -0.050270 -0.054489 -2.854024 0.030688 -1.580508
    74 -0.139399 -0.111694 0.014400 0.285395 -0.031353 1.580313
    75 2.295096 -5.878437 1.046966 -1.272716 1.437608 -1.233844
    76 0.738178 -7.079689 1.130307 -1.146964 1.437608 -1.233844
    77 2.398058 -8.977903 1.443857 -1.209855 1.436326 -1.203866
    78 3.923708 -8.234629 1.417453 -1.247039 1.437608 -1.233844
  time 74
    0 1.629157 0.000000 0.541027 0.000000 0.000000 -1.570796
    1 -4.577039 8.871551 -11.087713 5.531567 -1.220195 -4.085029
    2 -0.001605 -10.701926 -0.002571 0.357655 -0.135297 -0.266064
    3 -0.652586 -3.626730 -0.345451 -1.003497 0.000001 -0.122197
    4 -0.010896 -1.503230 0.006415 -1.090800 -0.000001 -0.000002
    5 0.005351 -0.954641 -0.003577 -1.343863 0.000000 0.000000
    6 0.007988 0.172184 -0.118553 -1.598091 -0.216549 -1.570593
    7 0.080660 0.135929 -0.203919 -1.506824 -0.066185 -1.662786
    8 0.117288 -0.155554 -0.604544 -1.412988 -0.374558 -1.569222
    9 0.128930 -3.758196 -0.343868 -0.890091 -0.000021 -0.148339
    10 -0.006790 -1.563353 0.002820 -1.212966 0.000000 -0.000003
    11 -0.002891 -1.160038 0.002748 -1.483486 0.000000 0.000000
    12 -0.018589 0.129953 -0.123721 -1.294580 0.001302 -1.635383
    13 -0.006160 0.170065 -0.110169 -1.280084 -0.068681 -1.597215
    14 0.047100 -0.104074 -0.352264 -1.243368 -0.257298 -1.694346
    15 0.949953 -3.613996 -0.348122 -0.169089 -0.015837 0.160145
    16 -0.017794 -1.596358 -0.003443 -0.225352 -0.019091 0.019631
    17 -0.006735 -0.941812 0.007065 -0.411217 -0.049652 0.022902
    18 -0.022325 0.045424 -0.038284 -1.125544 -0.129230 -1.681412
    19 -0.042900 -0.061274 -0.071212 -1.124462 -0.060454 -1.586099
    20 0.063741 -0.109104 -0.248158 -1.142813 -0.125805 -1.693583
    21 -1.403345 -3.245525 -0.346207 -1.039839 -0.000559 -0.134865
    22 0.010185 -1.202057 0.001971 -0.619896 0.003341 -0.002272
    23 -0.020050 -0.797217 0.002278 -1.212969 0.000001 0.000004
    24 -0.011721 0.093267 0.017949 -1.687855 -0.079155 -1.575164
    25 0.048863 -0.085541 0.028626 -1.715605 -0.034569 -1.653190
    26 0.173918 -0.198416 -0.336163 -1.668104 -0.422317 -1.710956
    27 0.438974 -0.490226 0.392416 0.405520 -0.514608 -1.118623
    28 2.352359 0.010252 0.001103 -0.298204 0.014405 -0.390692
    29 1.245306 0.004522 -0.002867 0.010063 0.026448 -0.379745
    30 -0.267709 0.037512 -0.093907 2.913812 -0.143386 0.078467
    31 -0.029266 0.205408 -0.329287 2.788574 -0.255486 -0.188917
    32 0.204373 0.521055 -0.268577 2.886669 0.042206 -0.230367
    33 0.195697 -0.010059 -0.293538 -1.333586 0.150863 -1.672749
    34 1.257181 8.762590 -0.153713 -1.570562 0.002683 -1.566808
    35 -0.093500 -0.114213 -0.738866 -1.570842 0.061811 0.002096
    36 0.010843 0.093624 -0.081439 -3.141462 0.041719 -1.568236
    37 7.534157 -0.957691 -16.990083 -2.255894 1.021420 -0.343972
    38 0.104748 -10.673144 -0.005453 -0.058676 0.126233 0.197502
    39 0.553428 -3.650577 -0.341066 -0.292841 -0.046218 -0.024594
    40 0.025684 -1.507546 0.001039 -0.784385 0.000001 -0.000004
    41 0.008139 -0.928479 -0.000677 -0.763580 -0.000002 -0.000001
    42 0.006928 0.005329 -0.181358 -1.528500 -0.248579 -1.611362
    43 -0.052313 0.038589 -0.230757 -1.592493 -0.043415 -1.528515
    44 -0.232600 -0.209656 -0.420669 -1.713790 -0.167173 -1.438930
    45 -0.214374 -3.737618 -0.346082 -0.064073 -0.000005 -0.000020
    46 0.019801 -1.578467 0.006170 -1.060356 0.000020 -0.000009
    47 0.000478 -1.176453 0.004155 -0.600064 0.000021 0.000018
    48 -0.038065 0.069166 -0.159883 -1.816986 0.066178 -1.575392
    49 -0.025151 0.088762 -0.068837 -1.817843 0.044510 -1.568287
    50 -0.102916 -0.186983 -0.272246 -1.833683 -0.232962 -1.472375
    51 -1.030272 -3.578138 -0.343160 0.021533 0.000019 -0.000003
    52 0.001133 -1.610108 0.002370 -0.495106 0.000003 -0.000002
    53 0.005787 -0.946060 0.000512 -1.094598 0.000001 0.000001
    54 -0.004241 0.043707 -0.080203 -2.014997 -0.186996 -1.460723
    55 0.015383 -0.089136 -0.030010 -2.006083 0.036346 -1.568629
    56 -0.022610 -0.212357 -0.177905 -1.933161 -0.118801 -1.518895
    57 1.309013 -3.227548 -0.342207 -0.352409 -0.078965 -0.038578
    58 0.000595 -1.242324 0.002179 -0.100146 0.000004 0.000009
    59 0.003175 -0.774607 -0.004222 -0.704997 -0.000006 -0.000004
    60 -0.067138 0.063251 -0.010961 -0.899214 -0.014515 -1.600326
    61 -0.151180 -0.007395 -0.070065 -0.913061 -0.118819 -1.408558
    62 -0.178164 -0.244680 -0.357067 -1.159916 -0.384260 -1.556110
    63 -0.387544 -0.463665 0.379860 0.000198 -0.569539 -2.588663
    64 2.472082 0.027425 0.001225 0.113952 0.014829 0.506227
    65 1.223419 0.009356 -0.005766 -0.052004 -0.028722 0.240533
    66 -0.263409 -0.117640 -0.015659 0.000036 -0.082210 -0.026800
    67 0.007707 -0.334360 -0.191575 0.070788 -0.181563 0.282364
    68 0.225562 -0.567923 -0.420715 0.119895 -0.183798 0.223460
    69 -0.203683 -0.095654 -0.328305 -1.745077 0.075142 -1.515382
    70 -1.393460 8.839182 -0.239439 1.580804 -0.005024 -1.566848
    71 0.036020 0.082815 -0.692656 -1.570769 0.065989 0.001276
    72 -0.088586 0.054020 -0.088594 0.010231 0.033800 -1.560851
    73 0.120153 -0.050270 -0.054489 -2.854024 0.030688 -1.580508
    74 -0.139399 -0.111694 0.014400 0.285395 -0.031353 1.580313
    75 2.295096 -5.854999 1.039154 -1.271852 1.437608 -1.233844
    76 0.738178 -7.079689 1.130307 -1.143617 1.437608 -1.233844
    77 2.398058 -8.977903 1.443857 -1.209345 1.436302 -1.203370
    78 3.923708 -8.234629 1.417453 -1.247039 1.437608 -1.233844
  time 75
    0 1.629157 0.000000 0.541027 0.000000 0.000000 -1.570796
    1 -4.561414 8.875457 -11.068181 5.529471 -1.227751 -4.088641
    2 -0.005512 -10.698019 -0.002571 0.366871 -0.149259 -0.275558
    3 -0.652586 -3.626730 -0.341545 -1.003531 0.000001 -0.122197
    4 -0.006990 -1.503230 0.002508 -1.090800 -0.000001 -0.000002
    5 0.001444 -0.954641 -0.003577 -1.343863 0.000000 0.000000
    6 0.007988 0.172184 -0.118553 -1.598091 -0.216549 -1.570593
    7 0.080660 0.135929 -0.203919 -1.506824 -0.066185 -1.662786
    8 0.117288 -0.155554 -0.604544 -1.412988 -0.374558 -1.569222
    9 0.128930 -3.758196 -0.343868 -0.890091 -0.000021 -0.148339
    10 -0.006790 -1.567259 0.006726 -1.212966 0.000000 -0.000003
    11 -0.002891 -1.160038 0.002748 -1.483486 0.000000 0.000000
    12 -0.018589 0.129953 -0.123721 -1.294580 0.001302 -1.635383
    13 -0.006160 0.170065 -0.110169 -1.280084 -0.068681 -1.597215
    14 0.047100 -0.104074 -0.352264 -1.243368 -0.257298 -1.694346
    15 0.949953 -3.617903 -0.344216 -0.173739 -0.014675 0.158144
    16 -0.021700 -1.596358 -0.007350 -0.231518 -0.017617 0.018241
    17 -0.002829 -0.941812 0.007065 -0.420968 -0.046081 0.021511
    18 -0.022325 0.045424 -0.038284 -1.125544 -0.129230 -1.681412
    19 -0.042900 -0.061274 -0.071212 -1.124462 -0.060454 -1.586099
    20 0.063741 -0.109104 -0.248158 -1.142813 -0.125805 -1.693583
    21 -1.407251 -3.245525 -0.342301 -1.032425 -0.000355 -0.131545
    22 0.010185 -1.202057 0.005877 -0.619278 0.003101 -0.002116
    23 -0.020050 -0.797217 0.006185 -1.212969 0.000001 0.000004
    24 -0.011721 0.093267 0.017949 -1.687855 -0.079155 -1.575164
    25 0.048863 -0.085541 0.028626 -1.715605 -0.034569 -1.653190
    26 0.173918 -0.198416 -0.336163 -1.668104 -0.422317 -1.710956
    27 0.438974 -0.490226 0.396323 0.377380 -0.484011 -1.102730
    28 2.352359 0.014158 0.005009 -0.300026 0.010773 -0.393398
    29 1.245306 0.004522 -0.002867 0.009824 0.024878 -0.378454
    30 -0.267709 0.037512 -0.093907 2.913812 -0.143386 0.078467
    31 -0.029266 0.205408 -0.329287 2.788574 -0.255486 -0.188917
    32 0.204373 0.521055 -0.268577 2.886669 0.042206 -0.230367
    33 0.195697 -0.010059 -0.293538 -1.333586 0.150863 -1.672749
    34 1.257181 8.762590 -0.153713 -1.570562 0.002683 -1.566808
    35 -0.093500 -0.114213 -0.738866 -1.570842 0.061811 0.002096
    36 0.010843 0.093624 -0.081439 -3.141462 0.041719 -1.568236
    37 7.850573 -1.242856 -16.923675 -2.177025 1.054771 -0.322432
    38 0.104748 -10.673144 -0.005453 -0.176754 0.132161 0.216563
    39 0.549521 -3.650577 -0.341066 -0.325858 -0.046218 -0.024594
    40 0.025684 -1.503640 0.001039 -0.578746 0.000001 -0.000004
    41 0.012045 -0.928479 -0.004583 -0.740411 -0.000002 -0.000001
    42 0.006928 0.005329 -0.181358 -1.528500 -0.248579 -1.611362
    43 -0.052313 0.038589 -0.230757 -1.592493 -0.043415 -1.528515
    44 -0.232600 -0.209656 -0.420669 -1.713790 -0.167173 -1.438930
    45 -0.214374 -3.737618 -0.346082 -0.082218 -0.000005 -0.000020
    46 0.019801 -1.578467 0.006170 -0.874871 0.000020 -0.000009
    47 0.000478 -1.176453 0.000249 -0.518960 0.000021 0.000018
    48 -0.038065 0.069166 -0.159883 -1.816986 0.066178 -1.575392
    49 -0.025151 0.088762 -0.068837 -1.817843 0.044510 -1.568287
    50 -0.102916 -0.186983 -0.272246 -1.833683 -0.232962 -1.472375
    51 -1.034178 -3.582044 -0.347066 0.014025 0.000019 -0.000003
    52 0.001133 -1.610108 0.002370 -0.296774 0.000003 -0.000002
    53 0.005787 -0.946060 0.004418 -1.048440 0.000001 0.000001
    54 -0.004241 0.043707 -0.080203 -2.014997 -0.186996 -1.460723
    55 0.015383 -0.089136 -0.030010 -2.006083 0.036346 -1.568629
    56 -0.022610 -0.212357 -0.177905 -1.933161 -0.118801 -1.518895
    57 1.305107 -3.227548 -0.342207 -0.388933 -0.078965 -0.038578
    58 0.000595 -1.242324 0.006085 -0.093776 0.000004 0.000009
    59 0.003175 -0.774607 -0.000316 -0.690347 -0.000006 -0.000004
    60 -0.067138 0.063251 -0.010961 -0.899214 -0.014515 -1.600326
    61 -0.151180 -0.007395 -0.070065 -0.913061 -0.118819 -1.408558
    62 -0.178164 -0.244680 -0.357067 -1.159916 -0.384260 -1.556110
    63 -0.391451 -0.463665 0.379860 0.010948 -0.589217 -2.564988
    64 2.472082 0.027425 0.001225 0.101656 0.020474 0.403691
    65 1.223419 0.009356 -0.001860 -0.061844 -0.039148 0.121247
    66 -0.263409 -0.117640 -0.015659 0.000036 -0.082210 -0.026800
    67 0.007707 -0.334360 -0.191575 0.070788 -0.181563 0.282364
    68 0.225562 -0.567923 -0.420715 0.119895 -0.183798 0.223460
    69 -0.203683 -0.095654 -0.328305 -1.745077 0.075142 -1.515382
    70 -1.393460 8.839182 -0.239439 1.580804 -0.005024 -1.566848
    71 0.036020 0.082815 -0.692656 -1.570769 0.065989 0.001276
    72 -0.088586 0.054020 -0.088594 0.010231 0.033800 -1.560851
    73 0.120153 -0.050270 -0.054489 -2.854024 0.030688 -1.580508
    74 -0.139399 -0.111694 0.014400 0.285395 -0.031353 1.580313
    75 2.295096 -5.831560 1.039154 -1.270939 1.437608 -1.233844
    76 0.738178 -7.079689 1.130307 -1.143139 1.437608 -1.233844
    77 2.398058 -8.977903 1.443857 -1.209770 1.436326 -1.203742
    78 3.923708 -8.234629 1.417453 -1.247039 1.437608 -1.233844
  time 76
    0 1.629157 0.000000 0.541027 0.000000 0.000000 -1.570796
    1 -4.553601 8.883270 -11.056462 5.527566 -1.235307 -4.092253
    2 -0.005512 -10.698019 -0.006478 0.377043 -0.163939 -0.284414
    3 -0.652586 -3.626730 -0.345451 -1.003497 0.000001 -0.122197
    4 -0.006990 -1.507136 0.006415 -1.090800 -0.000001 -0.000002
    5 0.001444 -0.954641 -0.003577 -1.343863 0.000000 0.000000
    6 0.007988 0.172184 -0.118553 -1.598091 -0.216549 -1.570593
    7 0.080660 0.135929 -0.203919 -1.506824 -0.066185 -1.662786
    8 0.117288 -0.155554 -0.604544 -1.412988 -0.374558 -1.569222
    9 0.128930 -3.758196 -0.347774 -0.890091 -0.000021 -0.148339
    10 -0.006790 -1.563353 0.006726 -1.212966 0.000000 -0.000003
    11 -0.006797 -1.160038 0.006655 -1.483442 0.000000 0.000000
    12 -0.018589 0.129953 -0.123721 -1.294580 0.001302 -1.635383
    13 -0.006160 0.170065 -0.110169 -1.280084 -0.068681 -1.597215
    14 0.047100 -0.104074 -0.352264 -1.243368 -0.257298 -1.694346
    15 0.949953 -3.617903 -0.348122 -0.178329 -0.013512 0.156131
    16 -0.017794 -1.596358 -0.003443 -0.237835 -0.016179 0.016850
    17 -0.006735 -0.941812 0.007065 -0.430920 -0.042521 0.020121
    18 -0.022325 0.045424 -0.038284 -1.125544 -0.129230 -1.681412
    19 -0.042900 -0.061274 -0.071212 -1.124462 -0.060454 -1.586099
    20 0.063741 -0.109104 -0.248158 -1.142813 -0.125805 -1.693583
    21 -1.407251 -3.249431 -0.346207 -1.025102 -0.000200 -0.128274
    22 0.006279 -1.202057 0.005877 -0.618641 0.002861 -0.001948
    23 -0.020050 -0.793311 0.006185 -1.212969 0.000001 0.000004
    24 -0.011721 0.093267 0.017949 -1.687855 -0.079155 -1.575164
    25 0.048863 -0.085541 0.028626 -1.715605 -0.034569 -1.653190
    26 0.173918 -0.198416 -0.336163 -1.668104 -0.422317 -1.710956
    27 0.438974 -0.490226 0.392416 0.354693 -0.458292 -1.090611
    28 2.352359 0.010252 0.005009 -0.301788 0.007286 -0.396249
    29 1.245306 0.004522 -0.006774 0.008757 0.022025 -0.386863
    30 -0.267709 0.037512 -0.093907 2.913812 -0.143386 0.078467
    31 -0.029266 0.205408 -0.329287 2.788574 -0.255486 -0.188917
    32 0.204373 0.521055 -0.268577 2.886669 0.042206 -0.230367
    33 0.195697 -0.010059 -0.293538 -1.333586 0.150863 -1.672749
    34 1.257181 8.762590 -0.153713 -1.570562 0.002683 -1.566808
    35 -0.093500 -0.114213 -0.738866 -1.570842 0.061811 0.002096
    36 0.010843 0.093624 -0.081439 -3.141462 0.041719 -1.568236
    37 8.178708 -1.477238 -16.826015 -2.057241 1.099816 -0.232498
    38 0.104748 -10.677050 -0.005453 -0.258718 0.136876 0.232249
    39 0.549521 -3.650577 -0.341066 -0.383561 -0.046218 -0.024594
    40 0.025684 -1.503640 0.001039 -0.437528 0.000001 -0.000004
    41 0.008139 -0.928479 -0.004583 -0.712446 -0.000002 -0.000001
    42 0.006928 0.005329 -0.181358 -1.528500 -0.248579 -1.611362
    43 -0.052313 0.038589 -0.230757 -1.592493 -0.043415 -1.528515
    44 -0.232600 -0.209656 -0.420669 -1.713790 -0.167173 -1.438930
    45 -0.214374 -3.737618 -0.346082 -0.137864 -0.000005 -0.000020
    46 0.019801 -1.578467 0.006170 -0.725844 0.000020 -0.000009
    47 0.004384 -1.172547 0.004155 -0.475133 0.000021 0.000018
    48 -0.038065 0.069166 -0.159883 -1.816986 0.066178 -1.575392
    49 -0.025151 0.088762 -0.068837 -1.817843 0.044510 -1.568287
    50 -0.102916 -0.186983 -0.272246 -1.833683 -0.232962 -1.472375
    51 -1.030272 -3.582044 -0.343160 -0.029992 0.000019 -0.000003
    52 0.001133 -1.610108 0.002370 -0.173691 0.000003 -0.000002
    53 0.005787 -0.946060 0.004418 -1.006092 0.000001 0.000001
    54 -0.004241 0.043707 -0.080203 -2.014997 -0.186996 -1.460723
    55 0.015383 -0.089136 -0.030010 -2.006083 0.036346 -1.568629
    56 -0.022610 -0.212357 -0.177905 -1.933161 -0.118801 -1.518895
    57 1.305107 -3.227548 -0.342207 -0.440676 -0.078965 -0.038578
    58 0.000595 -1.242324 0.002179 -0.120550 0.000004 0.000009
    59 0.003175 -0.774607 -0.000316 -0.674558 -0.000006 -0.000004
    60 -0.067138 0.063251 -0.010961 -0.899214 -0.014515 -1.600326
    61 -0.151180 -0.007395 -0.070065 -0.913061 -0.118819 -1.408558
    62 -0.178164 -0.244680 -0.357067 -1.159916 -0.384260 -1.556110
    63 -0.391451 -0.463665 0.379860 0.010984 -0.588067 -2.547788
    64 2.472082 0.027425 0.001225 0.088677 0.019719 0.335344
    65 1.227325 0.009356 -0.001860 -0.065140 -0.043870 0.064590
    66 -0.263409 -0.117640 -0.015659 0.000036 -0.082210 -0.026800
    67 0.007707 -0.334360 -0.191575 0.070788 -0.181563 0.282364
    68 0.225562 -0.567923 -0.420715 0.119895 -0.183798 0.223460
    69 -0.203683 -0.095654 -0.328305 -1.745077 0.075142 -1.515382
    70 -1.393460 8.839182 -0.239439 1.580804 -0.005024 -1.566848
    71 0.036020 0.082815 -0.692656 -1.570769 0.065989 0.001276
    72 -0.088586 0.054020 -0.088594 0.010231 0.033800 -1.560851
    73 0.120153 -0.050270 -0.054489 -2.854024 0.030688 -1.580508
    74 -0.139399 -0.111694 0.014400 0.285395 -0.031353 1.580313
    75 2.295096 -5.812029 1.035247 -1.269940 1.437608 -1.233844
    76 0.738178 -7.079689 1.130307 -1.145201 1.437608 -1.233844
    77 2.398058 -8.977903 1.443857 -1.211002 1.436361 -1.204797
    78 3.923708 -8.234629 1.417453 -1.247039 1.437608 -1.233844
  time 77
    0 1.629157 0.000000 0.541027 0.000000 0.000000 -1.570796
    1 -4.541882 8.883270 -11.044743 5.525565 -1.242904 -4.095865
    2 -0.001605 -10.698019 -0.002571 0.387032 -0.177901 -0.291817
    3 -0.652586 -3.626730 -0.345451 -1.003497 0.000001 -0.122197
    4 -0.010896 -1.503230 0.006415 -1.090800 -0.000001 -0.000002
    5 0.005351 -0.954641 -0.003577 -1.343863 0.000000 0.000000
    6 0.007988 0.172184 -0.118553 -1.598091 -0.216549 -1.570593
    7 0.080660 0.135929 -0.203919 -1.506824 -0.066185 -1.662786
    8 0.117288 -0.155554 -0.604544 -1.412988 -0.374558 -1.569222
    9 0.128930 -3.758196 -0.347774 -0.890091 -0.000021 -0.148339
    10 -0.006790 -1.563353 0.006726 -1.212966 0.000000 -0.000003
    11 -0.002891 -1.160038 0.006655 -1.483442 0.000000 0.000000
    12 -0.018589 0.129953 -0.123721 -1.294580 0.001302 -1.635383
    13 -0.006160 0.170065 -0.110169 -1.280084 -0.068681 -1.597215
    14 0.047100 -0.104074 -0.352264 -1.243368 -0.257298 -1.694346
    15 0.953860 -3.617903 -0.348122 -0.182883 -0.012398 0.154153
    16 -0.017794 -1.596358 -0.003443 -0.244377 -0.014789 0.015484
    17 -0.006735 -0.941812 0.007065 -0.441127 -0.039058 0.018731
    18 -0.022325 0.045424 -0.038284 -1.125544 -0.129230 -1.681412
    19 -0.042900 -0.061274 -0.071212 -1.124462 -0.060454 -1.586099
    20 0.063741 -0.109104 -0.248158 -1.142813 -0.125805 -1.693583
    21 -1.403345 -3.245525 -0.342301 -1.017824 -0.000044 -0.125026
    22 0.010185 -1.202057 0.005877 -0.618023 0.002646 -0.001805
    23 -0.020050 -0.797217 0.002278 -1.212969 0.000001 0.000004
    24 -0.011721 0.093267 0.017949 -1.687855 -0.079155 -1.575164
    25 0.048863 -0.085541 0.028626 -1.715605 -0.034569 -1.653190
    26 0.173918 -0.198416 -0.336163 -1.668104 -0.422317 -1.710956
    27 0.442881 -0.490226 0.392416 0.342061 -0.443503 -1.083940
    28 2.352359 0.010252 0.005009 -0.303334 0.004134 -0.398810
    29 1.249212 0.004522 -0.002867 0.007199 0.018286 -0.402280
    30 -0.267709 0.037512 -0.093907 2.913812 -0.143386 0.078467
    31 -0.029266 0.205408 -0.329287 2.788574 -0.255486 -0.188917
    32 0.204373 0.521055 -0.268577 2.886669 0.042206 -0.230367
    33 0.195697 -0.010059 -0.293538 -1.333586 0.150863 -1.672749
    34 1.257181 8.762590 -0.153713 -1.570562 0.002683 -1.566808
    35 -0.093500 -0.114213 -0.738866 -1.570842 0.061811 0.002096
    36 0.010843 0.093624 -0.081439 -3.141462 0.041719 -1.568236
    37 8.499030 -1.633493 -16.701012 -1.875922 1.149257 -0.050789
    38 0.104748 -10.673144 -0.005453 -0.286578 0.137653 0.242293
    39 0.549521 -3.650577 -0.341066 -0.460964 -0.046218 -0.024594
    40 0.025684 -1.503640 0.001039 -0.401123 0.000001 -0.000004
    41 0.008139 -0.928479 -0.000677 -0.695558 -0.000002 -0.000001
    42 0.006928 0.005329 -0.181358 -1.528500 -0.248579 -1.611362
    43 -0.052313 0.038589 -0.230757 -1.592493 -0.043415 -1.528515
    44 -0.232600 -0.209656 -0.420669 -1.713790 -0.167173 -1.438930
    45 -0.218280 -3.741524 -0.346082 -0.222924 -0.000005 -0.000020
    46 0.019801 -1.578467 0.006170 -0.672059 0.000020 -0.000009
    47 0.000478 -1.172547 0.000249 -0.459552 0.000021 0.000018
    48 -0.038065 0.069166 -0.159883 -1.816986 0.066178 -1.575392
    49 -0.025151 0.088762 -0.068837 -1.817843 0.044510 -1.568287
    50 -0.102916 -0.186983 -0.272246 -1.833683 -0.232962 -1.472375
    51 -1.030272 -3.582044 -0.343160 -0.102680 0.000019 -0.000003
    52 0.001133 -1.610108 0.002370 -0.149842 0.000003 -0.000002
    53 0.005787 -0.946060 0.004418 -0.962460 0.000001 0.000001
    54 -0.004241 0.043707 -0.080203 -2.014997 -0.186996 -1.460723
    55 0.015383 -0.089136 -0.030010 -2.006083 0.036346 -1.568629
    56 -0.022610 -0.212357 -0.177905 -1.933161 -0.118801 -1.518895
    57 1.305107 -3.227548 -0.342207 -0.504861 -0.078965 -0.038578
    58 0.000595 -1.242324 0.002179 -0.146519 0.000004 0.000009
    59 0.003175 -0.774607 -0.004222 -0.657974 -0.000006 -0.000004
    60 -0.067138 0.063251 -0.010961 -0.899214 -0.014515 -1.600326
    61 -0.151180 -0.007395 -0.070065 -0.913061 -0.118819 -1.408558
    62 -0.178164 -0.244680 -0.357067 -1.159916 -0.384260 -1.556110
    63 -0.391451 -0.463665 0.383766 0.003302 -0.570665 -2.535657
    64 2.468175 0.027425 0.001225 0.075554 0.014050 0.292850
    65 1.223419 0.009356 -0.005766 -0.059435 -0.044901 0.045610
    66 -0.263409 -0.117640 -0.015659 0.000036 -0.082210 -0.026800
    67 0.007707 -0.334360 -0.191575 0.070788 -0.181563 0.282364
    68 0.225562 -0.567923 -0.420715 0.119895 -0.183798 0.223460
    69 -0.203683 -0.095654 -0.328305 -1.745077 0.075142 -1.515382
    70 -1.393460 8.839182 -0.239439 1.580804 -0.005024 -1.566848
    71 0.036020 0.082815 -0.692656 -1.570769 0.065989 0.001276
    72 -0.088586 0.054020 -0.088594 0.010231 0.033800 -1.560851
    73 0.120153 -0.050270 -0.054489 -2.854024 0.030688 -1.580508
    74 -0.139399 -0.111694 0.014400 0.285395 -0.031353 1.580313
    75 2.295096 -5.784684 1.031341 -1.268866 1.437608 -1.233844
    76 0.738178 -7.079689 1.130307 -1.149504 1.437608 -1.233844
    77 2.398058 -8.977903 1.443857 -1.212830 1.436421 -1.206225
    78 3.923708 -8.234629 1.417453 -1.247039 1.437608 -1.233844
  time 78
    0 1.629157 0.000000 0.541027 0.000000 0.000000 -1.570796
    1 -4.534069 8.887176 -11.040836 5.523755 -1.250500 -4.099572
    2 -0.001605 -10.701926 -0.002571 0.395659 -0.189773 -0.296955
    3 -0.652586 -3.626730 -0.345451 -1.003497 0.000001 -0.122197
    4 -0.010896 -1.503230 0.002508 -1.090800 -0.000001 -0.000002
    5 0.001444 -0.954641 -0.003577 -1.343863 0.000000 0.000000
    6 0.007988 0.172184 -0.118553 -1.598091 -0.216549 -1.570593
    7 0.080660 0.135929 -0.203919 -1.506824 -0.066185 -1.662786
    8 0.117288 -0.155554 -0.604544 -1.412988 -0.374558 -1.569222
    9 0.132836 -3.758196 -0.343868 -0.890091 -0.000021 -0.148339
    10 -0.006790 -1.567259 0.006726 -1.212966 0.000000 -0.000003
    11 -0.006797 -1.160038 0.006655 -1.483442 0.000000 0.000000
    12 -0.018589 0.129953 -0.123721 -1.294580 0.001302 -1.635383
    13 -0.006160 0.170065 -0.110169 -1.280084 -0.068681 -1.597215
    14 0.047100 -0.104074 -0.352264 -1.243368 -0.257298 -1.694346
    15 0.953860 -3.617903 -0.344216 -0.187365 -0.011283 0.152200
    16 -0.021700 -1.596358 -0.007350 -0.251069 -0.013399 0.014178
    17 -0.002829 -0.937906 0.007065 -0.451516 -0.035606 0.017305
    18 -0.022325 0.045424 -0.038284 -1.125544 -0.129230 -1.681412
    19 -0.042900 -0.061274 -0.071212 -1.124462 -0.060454 -1.586099
    20 0.063741 -0.109104 -0.248158 -1.142813 -0.125805 -1.693583
    21 -1.403345 -3.245525 -0.342301 -1.010685 0.000076 -0.121814
    22 0.010185 -1.202057 0.001971 -0.617405 0.002430 -0.001649
    23 -0.020050 -0.793311 0.006185 -1.212969 0.000001 0.000004
    24 -0.011721 0.093267 0.017949 -1.687855 -0.079155 -1.575164
    25 0.048863 -0.085541 0.028626 -1.715605 -0.034569 -1.653190
    26 0.173918 -0.198416 -0.336163 -1.668104 -0.422317 -1.710956
    27 0.442881 -0.486320 0.396323 0.336860 -0.437283 -1.081123
    28 2.352359 0.010252 0.005009 -0.304568 0.001617 -0.400670
    29 1.245306 0.004522 -0.002867 0.005389 0.014055 -0.421901
    30 -0.267709 0.037512 -0.093907 2.913812 -0.143386 0.078467
    31 -0.029266 0.205408 -0.329287 2.788574 -0.255486 -0.188917
    32 0.204373 0.521055 -0.268577 2.886669 0.042206 -0.230367
    33 0.195697 -0.010059 -0.293538 -1.333586 0.150863 -1.672749
    34 1.257181 8.762590 -0.153713 -1.570562 0.002683 -1.566808
    35 -0.093500 -0.114213 -0.738866 -1.570842 0.061811 0.002096
    36 0.010843 0.093624 -0.081439 -3.141462 0.041719 -1.568236
    37 8.831071 -1.750684 -16.544757 -1.618609 1.183414 0.224076
    38 0.104748 -10.673144 -0.005453 -0.271663 0.134433 0.248259
    39 0.549521 -3.646670 -0.341066 -0.547123 -0.046218 -0.024594
    40 0.025684 -1.503640 0.001039 -0.375127 0.000001 -0.000004
    41 0.008139 -0.928479 -0.004583 -0.672076 -0.000002 -0.000001
    42 0.006928 0.005329 -0.181358 -1.528500 -0.248579 -1.611362
    43 -0.052313 0.038589 -0.230757 -1.592493 -0.043415 -1.528515
    44 -0.232600 -0.209656 -0.420669 -1.713790 -0.167173 -1.438930
    45 -0.218280 -3.737618 -0.346082 -0.319424 -0.000005 -0.000020
    46 0.019801 -1.578467 0.006170 -0.617577 0.000020 -0.000009
    47 0.004384 -1.172547 0.000249 -0.449973 0.000021 0.000018
    48 -0.038065 0.069166 -0.159883 -1.816986 0.066178 -1.575392
    49 -0.025151 0.088762 -0.068837 -1.817843 0.044510 -1.568287
    50 -0.102916 -0.186983 -0.272246 -1.833683 -0.232962 -1.472375
    51 -1.034178 -3.582044 -0.347066 -0.186161 0.000019 -0.000003
    52 0.001133 -1.610108 0.002370 -0.140086 0.000003 -0.000002
    53 0.005787 -0.946060 0.004418 -0.910728 0.000001 0.000001
    54 -0.004241 0.043707 -0.080203 -2.014997 -0.186996 -1.460723
    55 0.015383 -0.089136 -0.030010 -2.006083 0.036346 -1.568629
    56 -0.022610 -0.212357 -0.177905 -1.933161 -0.118801 -1.518895
    57 1.309013 -3.227548 -0.346114 -0.575240 -0.078965 -0.038578
    58 0.000595 -1.242324 0.006085 -0.184073 0.000004 0.000009
    59 0.003175 -0.774607 -0.004222 -0.640983 -0.000006 -0.000004
    60 -0.067138 0.063251 -0.010961 -0.899214 -0.014515 -1.600326
    61 -0.151180 -0.007395 -0.070065 -0.913061 -0.118819 -1.408558
    62 -0.178164 -0.244680 -0.357067 -1.159916 -0.384260 -1.556110
    63 -0.387544 -0.459759 0.379860 -0.006249 -0.548398 -2.524515
    64 2.472082 0.027425 0.001225 0.061879 0.006224 0.254330
    65 1.227325 0.009356 -0.005766 -0.044646 -0.046591 0.020476
    66 -0.263409 -0.117640 -0.015659 0.000036 -0.082210 -0.026800
    67 0.007707 -0.334360 -0.191575 0.070788 -0.181563 0.282364
    68 0.225562 -0.567923 -0.420715 0.119895 -0.183798 0.223460
    69 -0.203683 -0.095654 -0.328305 -1.745077 0.075142 -1.515382
    70 -1.393460 8.839182 -0.239439 1.580804 -0.005024 -1.566848
    71 0.036020 0.082815 -0.692656 -1.570769 0.065989 0.001276
    72 -0.088586 0.054020 -0.088594 0.010231 0.033800 -1.560851
    73 0.120153 -0.050270 -0.054489 -2.854024 0.030688 -1.580508
    74 -0.139399 -0.111694 0.014400 0.285395 -0.031353 1.580313
    75 2.295096 -5.757339 1.031341 -1.267719 1.437608 -1.233844
    76 0.738178 -7.079689 1.130307 -1.155600 1.437608 -1.233844
    77 2.398058 -8.977903 1.443857 -1.215209 1.436517 -1.208149
    78 3.923708 -8.234629 1.417453 -1.247039 1.437608 -1.233844
  time 79
    0 1.629157 0.000000 0.541027 0.000000 0.000000 -1.570796
    1 -4.518444 8.894989 -11.029117 5.521945 -1.258016 -4.103373
    2 -0.001605 -10.698019 -0.002571 0.401681 -0.198150 -0.298998
    3 -0.648679 -3.626730 -0.341545 -1.003497 0.000001 -0.122197
    4 -0.010896 -1.507136 0.006415 -1.090800 -0.000001 -0.000002
    5 0.001444 -0.954641 -0.003577 -1.343863 0.000000 0.000000
    6 0.007988 0.172184 -0.118553 -1.598091 -0.216549 -1.570593
    7 0.080660 0.135929 -0.203919 -1.506824 -0.066185 -1.662786
    8 0.117288 -0.155554 -0.604544 -1.412988 -0.374558 -1.569222
    9 0.128930 -3.758196 -0.343868 -0.890091 -0.000021 -0.148339
    10 -0.006790 -1.563353 0.006726 -1.212966 0.000000 -0.000003
    11 -0.002891 -1.160038 0.006655 -1.483486 0.000000 0.000000
    12 -0.018589 0.129953 -0.123721 -1.294580 0.001302 -1.635383
    13 -0.006160 0.170065 -0.110169 -1.280084 -0.068681 -1.597215
    14 0.047100 -0.104074 -0.352264 -1.243368 -0.257298 -1.694346
    15 0.949953 -3.617903 -0.344216 -0.191811 -0.010192 0.150246
    16 -0.017794 -1.596358 -0.003443 -0.258063 -0.012032 0.012823
    17 -0.006735 -0.941812 0.007065 -0.462124 -0.032238 0.015879
    18 -0.022325 0.045424 -0.038284 -1.125544 -0.129230 -1.681412
    19 -0.042900 -0.061274 -0.071212 -1.124462 -0.060454 -1.586099
    20 0.063741 -0.109104 -0.248158 -1.142813 -0.125805 -1.693583
    21 -1.403345 -3.249431 -0.342301 -1.003590 0.000196 -0.118650
    22 0.010185 -1.202057 0.001971 -0.616787 0.002190 -0.001493
    23 -0.020050 -0.797217 0.006185 -1.212969 0.000001 0.000004
    24 -0.011721 0.093267 0.017949 -1.687855 -0.079155 -1.575164
    25 0.048863 -0.085541 0.028626 -1.715605 -0.034569 -1.653190
    26 0.173918 -0.198416 -0.336163 -1.668104 -0.422317 -1.710956
    27 0.438974 -0.490226 0.396323 0.333337 -0.433029 -1.079183
    28 2.356266 0.010252 0.005009 -0.305419 -0.000013 -0.401395
    29 1.249212 0.004522 -0.002867 0.003592 0.009669 -0.443072
    30 -0.267709 0.037512 -0.093907 2.913812 -0.143386 0.078467
    31 -0.029266 0.205408 -0.329287 2.788574 -0.255486 -0.188917
    32 0.204373 0.521055 -0.268577 2.886669 0.042206 -0.230367
    33 0.195697 -0.010059 -0.293538 -1.333586 0.150863 -1.672749
    34 1.257181 8.762590 -0.153713 -1.570562 0.002683 -1.566808
    35 -0.093500 -0.114213 -0.738866 -1.570842 0.061811 0.002096
    36 0.010843 0.093624 -0.081439 -3.141462 0.041719 -1.568236
    37 9.159206 -1.785841 -16.365064 -1.318657 1.185229 0.551963
    38 0.104748 -10.673144 -0.005453 -0.239422 0.129263 0.253416
    39 0.549521 -3.646670 -0.344972 -0.640700 -0.046218 -0.024594
    40 0.025684 -1.503640 0.001039 -0.358245 0.000001 -0.000004
    41 0.008139 -0.928479 -0.004583 -0.643669 -0.000002 -0.000001
    42 0.006928 0.005329 -0.181358 -1.528500 -0.248579 -1.611362
    43 -0.052313 0.038589 -0.230757 -1.592493 -0.043415 -1.528515
    44 -0.232600 -0.209656 -0.420669 -1.713790 -0.167173 -1.438930
    45 -0.218280 -3.737618 -0.346082 -0.425633 -0.000005 -0.000020
    46 0.019801 -1.578467 0.006170 -0.563269 0.000020 -0.000009
    47 0.004384 -1.172547 0.004155 -0.445617 0.000021 0.000018
    48 -0.038065 0.069166 -0.159883 -1.816986 0.066178 -1.575392
    49 -0.025151 0.088762 -0.068837 -1.817843 0.044510 -1.568287
    50 -0.102916 -0.186983 -0.272246 -1.833683 -0.232962 -1.472375
    51 -1.034178 -3.578138 -0.347066 -0.278557 0.000019 -0.000003
    52 0.001133 -1.610108 0.002370 -0.142525 0.000003 -0.000002
    53 0.005787 -0.946060 0.004418 -0.852980 0.000001 0.000001
    54 -0.004241 0.043707 -0.080203 -2.014997 -0.186996 -1.460723
    55 0.015383 -0.089136 -0.030010 -2.006083 0.036346 -1.568629
    56 -0.022610 -0.212357 -0.177905 -1.933161 -0.118801 -1.518895
    57 1.305107 -3.227548 -0.342207 -0.650745 -0.078965 -0.038578
    58 0.000595 -1.242324 0.006085 -0.231251 0.000004 0.000009
    59 0.003175 -0.774607 -0.000316 -0.623841 -0.000006 -0.000004
    60 -0.067138 0.063251 -0.010961 -0.899214 -0.014515 -1.600326
    61 -0.151180 -0.007395 -0.070065 -0.913061 -0.118819 -1.408558
    62 -0.178164 -0.244680 -0.357067 -1.159916 -0.384260 -1.556110
    63 -0.387544 -0.463665 0.379860 -0.017239 -0.521888 -2.514377
    64 2.468175 0.027425 0.001225 0.047893 -0.003435 0.219559
    65 1.227325 0.009356 -0.005766 -0.023026 -0.048161 -0.007555
    66 -0.263409 -0.117640 -0.015659 0.000036 -0.082210 -0.026800
    67 0.007707 -0.334360 -0.191575 0.070788 -0.181563 0.282364
    68 0.225562 -0.567923 -0.420715 0.119895 -0.183798 0.223460
    69 -0.203683 -0.095654 -0.328305 -1.745077 0.075142 -1.515382
    70 -1.393460 8.839182 -0.239439 1.580804 -0.005024 -1.566848
    71 0.036020 0.082815 -0.692656 -1.570769 0.065989 0.001276
    72 -0.088586 0.054020 -0.088594 0.010231 0.033800 -1.560851
    73 0.120153 -0.050270 -0.054489 -2.854024 0.030688 -1.580508
    74 -0.139399 -0.111694 0.014400 0.285395 -0.031353 1.580313
    75 2.295096 -5.729995 1.027434 -1.266485 1.437608 -1.233844
    76 0.738178 -7.079689 1.130307 -1.163220 1.437608 -1.233844
    77 2.398058 -8.977903 1.443857 -1.218057 1.436613 -1.210445
    78 3.923708 -8.234629 1.417453 -1.247039 1.437608 -1.233844
  time 80
    0 1.629157 0.000000 0.541027 0.000000 0.000000 -1.570796
    1 -4.510631 8.898895 -11.017398 5.520230 -1.265531 -4.107175
    2 -0.001605 -10.701926 -0.002571 0.403920 -0.201734 -0.296939
    3 -0.652586 -3.626730 -0.345451 -1.003497 0.000001 -0.122197
    4 -0.010896 -1.507136 0.002508 -1.090800 -0.000001 -0.000002
    5 0.001444 -0.954641 -0.003577 -1.343863 0.000000 0.000000
    6 0.007988 0.172184 -0.118553 -1.598091 -0.216549 -1.570593
    7 0.080660 0.135929 -0.203919 -1.506824 -0.066185 -1.662786
    8 0.117288 -0.155554 -0.604544 -1.412988 -0.374558 -1.569222
    9 0.128930 -3.758196 -0.343868 -0.890091 -0.000021 -0.148339
    10 -0.006790 -1.563353 0.006726 -1.212966 0.000000 -0.000003
    11 -0.006797 -1.160038 0.006655 -1.483442 0.000000 0.000000
    12 -0.018589 0.129953 -0.123721 -1.294580 0.001302 -1.635383
    13 -0.006160 0.170065 -0.110169 -1.280084 -0.068681 -1.597215
    14 0.047100 -0.104074 -0.352264 -1.243368 -0.257298 -1.694346
    15 0.949953 -3.617903 -0.344216 -0.196198 -0.009150 0.148341
    16 -0.021700 -1.596358 -0.007350 -0.265207 -0.010714 0.011517
    17 -0.002829 -0.937906 0.007065 -0.472969 -0.028943 0.014428
    18 -0.022325 0.045424 -0.038284 -1.125544 -0.129230 -1.681412
    19 -0.042900 -0.061274 -0.071212 -1.124462 -0.060454 -1.586099
    20 0.063741 -0.109104 -0.248158 -1.142813 -0.125805 -1.693583
    21 -1.407251 -3.245525 -0.346207 -0.996634 0.000268 -0.115522
    22 0.010185 -1.202057 0.001971 -0.616189 0.001975 -0.001337
    23 -0.020050 -0.797217 0.006185 -1.212969 0.000001 0.000004
    24 -0.011721 0.093267 0.017949 -1.687855 -0.079155 -1.575164
    25 0.048863 -0.085541 0.028626 -1.715605 -0.034569 -1.653190
    26 0.173918 -0.198416 -0.336163 -1.668104 -0.422317 -1.710956
    27 0.438974 -0.490226 0.392416 0.331239 -0.430512 -1.078040
    28 2.352359 0.010252 0.005009 -0.305922 -0.000935 -0.401419
    29 1.249212 0.004522 -0.002867 0.001974 0.005582 -0.463099
    30 -0.267709 0.037512 -0.093907 2.913812 -0.143386 0.078467
    31 -0.029266 0.205408 -0.329287 2.788574 -0.255486 -0.188917
    32 0.204373 0.521055 -0.268577 2.886669 0.042206 -0.230367
    33 0.195697 -0.010059 -0.293538 -1.333586 0.150863 -1.672749
    34 1.257181 8.762590 -0.153713 -1.570562 0.002683 -1.566808
    35 -0.093500 -0.114213 -0.738866 -1.570842 0.061811 0.002096
    36 0.010843 0.093624 -0.081439 -3.141462 0.041719 -1.568236
    37 9.471716 -1.731152 -16.161933 -1.047130 1.152483 0.854627
    38 0.104748 -10.673144 -0.005453 -0.192399 0.122313 0.257520
    39 0.553428 -3.646670 -0.344972 -0.740053 -0.046218 -0.024594
    40 0.025684 -1.503640 0.004946 -0.349389 0.000001 -0.000004
    41 0.008139 -0.928479 -0.000677 -0.611821 -0.000002 -0.000001
    42 0.006928 0.005329 -0.181358 -1.528500 -0.248579 -1.611362
    43 -0.052313 0.038589 -0.230757 -1.592493 -0.043415 -1.528515
    44 -0.232600 -0.209656 -0.420669 -1.713790 -0.167173 -1.438930
    45 -0.214374 -3.737618 -0.346082 -0.539700 -0.000005 -0.000020
    46 0.019801 -1.578467 0.002264 -0.510182 0.000020 -0.000009
    47 0.004384 -1.176453 0.000249 -0.445674 0.000021 0.000018
    48 -0.038065 0.069166 -0.159883 -1.816986 0.066178 -1.575392
    49 -0.025151 0.088762 -0.068837 -1.817843 0.044510 -1.568287
    50 -0.102916 -0.186983 -0.272246 -1.833683 -0.232962 -1.472375
    51 -1.034178 -3.582044 -0.347066 -0.378368 0.000019 -0.000003
    52 0.001133 -1.610108 0.006276 -0.155353 0.000003 -0.000002
    53 0.005787 -0.946060 0.000512 -0.791503 0.000001 0.000001
    54 -0.004241 0.043707 -0.080203 -2.014997 -0.186996 -1.460723
    55 0.015383 -0.089136 -0.030010 -2.006083 0.036346 -1.568629
    56 -0.022610 -0.212357 -0.177905 -1.933161 -0.118801 -1.518895
    57 1.305107 -3.227548 -0.342207 -0.730255 -0.078965 -0.038578
    58 0.000595 -1.242324 0.002179 -0.286269 0.000004 0.000009
    59 0.003175 -0.774607 -0.004222 -0.606957 -0.000006 -0.000004
    60 -0.067138 0.063251 -0.010961 -0.899214 -0.014515 -1.600326
    61 -0.151180 -0.007395 -0.070065 -0.913061 -0.118819 -1.408558
    62 -0.178164 -0.244680 -0.357067 -1.159916 -0.384260 -1.556110
    63 -0.391451 -0.463665 0.379860 -0.029272 -0.491915 -2.505445
    64 2.472082 0.027425 0.001225 0.033787 -0.014605 0.188116
    65 1.223419 0.009356 -0.001860 0.003053 -0.049011 -0.035276
    66 -0.263409 -0.117640 -0.015659 0.000036 -0.082210 -0.026800
    67 0.007707 -0.334360 -0.191575 0.070788 -0.181563 0.282364
    68 0.225562 -0.567923 -0.420715 0.119895 -0.183798 0.223460
    69 -0.203683 -0.095654 -0.328305 -1.745077 0.075142 -1.515382
    70 -1.393460 8.839182 -0.239439 1.580804 -0.005024 -1.566848
    71 0.036020 0.082815 -0.692656 -1.570769 0.065989 0.001276
    72 -0.088586 0.054020 -0.088594 0.010231 0.033800 -1.560851
    73 0.120153 -0.050270 -0.054489 -2.854024 0.030688 -1.580508
    74 -0.139399 -0.111694 0.014400 0.285395 -0.031353 1.580313
    75 2.295096 -5.694838 1.023528 -1.265177 1.437608 -1.233844
    76 0.738178 -7.079689 1.130307 -1.172035 1.437608 -1.233844
    77 2.398058 -8.977903 1.443857 -1.221286 1.436721 -1.213052
    78 3.923708 -8.234629 1.417453 -1.247039 1.437608 -1.233844
  time 81
    0 1.629157 0.000000 0.541027 0.000000 0.000000 -1.570796
    1 -4.498912 8.910614 -10.993960 5.518515 -1.272965 -4.110977
    2 -0.001605 -10.701926 -0.002571 0.402480 -0.200674 -0.290525
    3 -0.652586 -3.626730 -0.345451 -1.003531 0.000001 -0.122197
    4 -0.010896 -1.507136 0.002508 -1.090800 -0.000001 -0.000002
    5 0.001444 -0.954641 -0.003577 -1.343863 0.000000 0.000000
    6 0.007988 0.172184 -0.118553 -1.598091 -0.216549 -1.570593
    7 0.080660 0.135929 -0.203919 -1.506824 -0.066185 -1.662786
    8 0.117288 -0.155554 -0.604544 -1.412988 -0.374558 -1.569222
    9 0.128930 -3.758196 -0.347774 -0.890091 -0.000021 -0.148339
    10 -0.006790 -1.567259 0.006726 -1.212966 0.000000 -0.000003
    11 -0.006797 -1.160038 0.002748 -1.483442 0.000000 0.000000
    12 -0.018589 0.129953 -0.123721 -1.294580 0.001302 -1.635383
    13 -0.006160 0.170065 -0.110169 -1.280084 -0.068681 -1.597215
    14 0.047100 -0.104074 -0.352264 -1.243368 -0.257298 -1.694346
    15 0.949953 -3.617903 -0.348122 -0.200488 -0.008095 0.146435
    16 -0.017794 -1.596358 -0.003443 -0.272539 -0.009468 0.010259
    17 -0.002829 -0.941812 0.007065 -0.484033 -0.025695 0.012990
    18 -0.022325 0.045424 -0.038284 -1.125544 -0.129230 -1.681412
    19 -0.042900 -0.061274 -0.071212 -1.124462 -0.060454 -1.586099
    20 0.063741 -0.109104 -0.248158 -1.142813 -0.125805 -1.693583
    21 -1.403345 -3.245525 -0.346207 -0.989768 0.000328 -0.112442
    22 0.006279 -1.202057 0.005877 -0.615629 0.001759 -0.001181
    23 -0.020050 -0.793311 0.006185 -1.212969 0.000001 0.000004
    24 -0.011721 0.093267 0.017949 -1.687855 -0.079155 -1.575164
    25 0.048863 -0.085541 0.028626 -1.715605 -0.034569 -1.653190
    26 0.173918 -0.198416 -0.336163 -1.668104 -0.422317 -1.710956
    27 0.442881 -0.490226 0.392416 0.330376 -0.429482 -1.077561
    28 2.352359 0.014158 0.005009 -0.306246 -0.001511 -0.401468
    29 1.249212 0.004522 -0.002867 0.000715 0.002227 -0.479179
    30 -0.267709 0.037512 -0.093907 2.913812 -0.143386 0.078467
    31 -0.029266 0.205408 -0.329287 2.788574 -0.255486 -0.188917
    32 0.204373 0.521055 -0.268577 2.886669 0.042206 -0.230367
    33 0.195697 -0.010059 -0.293538 -1.333586 0.150863 -1.672749
    34 1.257181 8.762590 -0.153713 -1.570562 0.002683 -1.566808
    35 -0.093500 -0.114213 -0.738866 -1.570842 0.061811 0.002096
    36 0.010843 0.093624 -0.081439 -3.141462 0.041719 -1.568236
    37 9.780319 -1.520208 -15.927551 -0.832621 1.092194 1.102061
    38 0.104748 -10.673144 -0.005453 -0.133316 0.113886 0.260436
    39 0.553428 -3.650577 -0.341066 -0.843784 -0.046218 -0.024594
    40 0.021778 -1.503640 0.004946 -0.347318 0.000001 -0.000004
    41 0.012045 -0.928479 -0.004583 -0.578175 -0.000002 -0.000001
    42 0.006928 0.005329 -0.181358 -1.528500 -0.248579 -1.611362
    43 -0.052313 0.038589 -0.230757 -1.592493 -0.043415 -1.528515
    44 -0.232600 -0.209656 -0.420669 -1.713790 -0.167173 -1.438930
    45 -0.214374 -3.737618 -0.342176 -0.659661 -0.000005 -0.000020
    46 0.019801 -1.582373 0.002264 -0.459072 0.000020 -0.000009
    47 0.000478 -1.172547 0.000249 -0.449541 0.000021 0.000018
    48 -0.038065 0.069166 -0.159883 -1.816986 0.066178 -1.575392
    49 -0.025151 0.088762 -0.068837 -1.817843 0.044510 -1.568287
    50 -0.102916 -0.186983 -0.272246 -1.833683 -0.232962 -1.472375
    51 -1.030272 -3.582044 -0.343160 -0.483717 0.000019 -0.000003
    52 0.001133 -1.610108 0.006276 -0.176672 0.000003 -0.000002
    53 0.005787 -0.946060 0.000512 -0.728382 0.000001 0.000001
    54 -0.004241 0.043707 -0.080203 -2.014997 -0.186996 -1.460723
    55 0.015383 -0.089136 -0.030010 -2.006083 0.036346 -1.568629
    56 -0.022610 -0.212357 -0.177905 -1.933161 -0.118801 -1.518895
    57 1.309013 -3.227548 -0.342207 -0.812809 -0.078965 -0.038578
    58 0.000595 -1.242324 0.002179 -0.347342 0.000004 0.000009
    59 0.003175 -0.774607 -0.000316 -0.590588 -0.000006 -0.000004
    60 -0.067138 0.063251 -0.010961 -0.899214 -0.014515 -1.600326
    61 -0.151180 -0.007395 -0.070065 -0.913061 -0.118819 -1.408558
    62 -0.178164 -0.244680 -0.357067 -1.159916 -0.384260 -1.556110
    63 -0.387544 -0.463665 0.383766 -0.041976 -0.459149 -2.497672
    64 2.468175 0.027425 0.001225 0.019717 -0.026877 0.159711
    65 1.227325 0.009356 -0.005766 0.031276 -0.048868 -0.059298
    66 -0.263409 -0.117640 -0.015659 0.000036 -0.082210 -0.026800
    67 0.007707 -0.334360 -0.191575 0.070788 -0.181563 0.282364
    68 0.225562 -0.567923 -0.420715 0.119895 -0.183798 0.223460
    69 -0.203683 -0.095654 -0.328305 -1.745077 0.075142 -1.515382
    70 -1.393460 8.839182 -0.239439 1.580804 -0.005024 -1.566848
    71 0.036020 0.082815 -0.692656 -1.570769 0.065989 0.001276
    72 -0.088586 0.054020 -0.088594 0.010231 0.033800 -1.560851
    73 0.120153 -0.050270 -0.054489 -2.854024 0.030688 -1.580508
    74 -0.139399 -0.111694 0.014400 0.285395 -0.031353 1.580313
    75 2.299003 -5.663587 1.019622 -1.263746 1.437608 -1.233844
    76 0.738178 -7.079689 1.130307 -1.181597 1.437608 -1.233844
    77 2.398058 -8.977903 1.443857 -1.224644 1.436865 -1.215783
    78 3.923708 -8.234629 1.417453 -1.247039 1.437608 -1.233844
  time 82
    0 1.629157 0.000000 0.541027 0.000000 0.000000 -1.570796
    1 -4.479380 8.918427 -10.966615 5.516991 -1.280318 -4.114874
    2 -0.001605 -10.701926 -0.002571 0.398749 -0.196522 -0.280568
    3 -0.648679 -3.626730 -0.341545 -1.003497 0.000001 -0.122197
    4 -0.006990 -1.503230 0.002508 -1.090800 -0.000001 -0.000002
    5 0.005351 -0.954641 -0.003577 -1.343863 0.000000 0.000000
    6 0.007988 0.172184 -0.118553 -1.598091 -0.216549 -1.570593
    7 0.080660 0.135929 -0.203919 -1.506824 -0.066185 -1.662786
    8 0.117288 -0.155554 -0.604544 -1.412988 -0.374558 -1.569222
    9 0.132836 -3.758196 -0.343868 -0.890091 -0.000021 -0.148339
    10 -0.002884 -1.567259 0.002820 -1.212966 0.000000 -0.000003
    11 -0.006797 -1.160038 0.006655 -1.483486 0.000000 0.000000
    12 -0.018589 0.129953 -0.123721 -1.294580 0.001302 -1.635383
    13 -0.006160 0.170065 -0.110169 -1.280084 -0.068681 -1.597215
    14 0.047100 -0.104074 -0.352264 -1.243368 -0.257298 -1.694346
    15 0.953860 -3.617903 -0.344216 -0.204743 -0.007088 0.144577
    16 -0.021700 -1.596358 -0.003443 -0.280209 -0.008209 0.008976
    17 -0.006735 -0.941812 0.007065 -0.495279 -0.022519 0.011540
    18 -0.022325 0.045424 -0.038284 -1.125544 -0.129230 -1.681412
    19 -0.042900 -0.061274 -0.071212 -1.124462 -0.060454 -1.586099
    20 0.063741 -0.109104 -0.248158 -1.142813 -0.125805 -1.693583
    21 -1.407251 -3.249431 -0.346207 -0.982995 0.000364 -0.109410
    22 0.010185 -1.202057 0.001971 -0.615030 0.001543 -0.001050
    23 -0.020050 -0.793311 0.002278 -1.212969 0.000001 0.000004
    24 -0.011721 0.093267 0.017949 -1.687855 -0.079155 -1.575164
    25 0.048863 -0.085541 0.028626 -1.715605 -0.034569 -1.653190
    26 0.173918 -0.198416 -0.336163 -1.668104 -0.422317 -1.710956
    27 0.442881 -0.490226 0.396323 0.330520 -0.429637 -1.077668
    28 2.352359 0.010252 0.005009 -0.306414 -0.001774 -0.401468
    29 1.249212 0.004522 -0.002867 -0.000016 0.000022 -0.488658
    30 -0.267709 0.037512 -0.093907 2.913812 -0.143386 0.078467
    31 -0.029266 0.205408 -0.329287 2.788574 -0.255486 -0.188917
    32 0.204373 0.521055 -0.268577 2.886669 0.042206 -0.230367
    33 0.195697 -0.010059 -0.293538 -1.333586 0.150863 -1.672749
    34 1.257181 8.762590 -0.153713 -1.570562 0.002683 -1.566808
    35 -0.093500 -0.114213 -0.738866 -1.570842 0.061811 0.002096
    36 0.010843 0.093624 -0.081439 -3.141462 0.041719 -1.568236
    37 10.073297 -1.227230 -15.673637 -0.677017 1.010653 1.301444
    38 0.104748 -10.673144 -0.005453 -0.064695 0.104361 0.262029
    39 0.553428 -3.650577 -0.344972 -0.950373 -0.046218 -0.024594
    40 0.021778 -1.503640 0.001039 -0.350684 0.000001 -0.000004
    41 0.012045 -0.928479 -0.004583 -0.544242 -0.000002 -0.000001
    42 0.006928 0.005329 -0.181358 -1.528500 -0.248579 -1.611362
    43 -0.052313 0.038589 -0.230757 -1.592493 -0.043415 -1.528515
    44 -0.232600 -0.209656 -0.420669 -1.713790 -0.167173 -1.438930
    45 -0.214374 -3.741524 -0.346082 -0.783551 -0.000005 -0.000020
    46 0.015894 -1.582373 0.002264 -0.411102 0.000020 -0.000009
    47 0.004384 -1.172547 0.000249 -0.456408 0.000021 0.000018
    48 -0.038065 0.069166 -0.159883 -1.816986 0.066178 -1.575392
    49 -0.025151 0.088762 -0.068837 -1.817843 0.044510 -1.568287
    50 -0.102916 -0.186983 -0.272246 -1.833683 -0.232962 -1.472375
    51 -1.030272 -3.578138 -0.343160 -0.592913 0.000019 -0.000003
    52 0.001133 -1.610108 0.002370 -0.204586 0.000003 -0.000002
    53 0.005787 -0.946060 0.004418 -0.665782 0.000001 0.000001
    54 -0.004241 0.043707 -0.080203 -2.014997 -0.186996 -1.460723
    55 0.015383 -0.089136 -0.030010 -2.006083 0.036346 -1.568629
    56 -0.022610 -0.212357 -0.177905 -1.933161 -0.118801 -1.518895
    57 1.305107 -3.227548 -0.346114 -0.897125 -0.078965 -0.038578
    58 0.000595 -1.242324 0.002179 -0.412509 0.000004 0.000009
    59 0.003175 -0.774607 -0.004222 -0.575143 -0.000006 -0.000004
    60 -0.067138 0.063251 -0.010961 -0.899214 -0.014515 -1.600326
    61 -0.151180 -0.007395 -0.070065 -0.913061 -0.118819 -1.408558
    62 -0.178164 -0.244680 -0.357067 -1.159916 -0.384260 -1.556110
    63 -0.391451 -0.463665 0.379860 -0.055063 -0.424333 -2.491104
    64 2.472082 0.027425 0.001225 0.005815 -0.039892 0.133988
    65 1.227325 0.009356 -0.005766 0.059272 -0.047693 -0.076443
    66 -0.263409 -0.117640 -0.015659 0.000036 -0.082210 -0.026800
    67 0.007707 -0.334360 -0.191575 0.070788 -0.181563 0.282364
    68 0.225562 -0.567923 -0.420715 0.119895 -0.183798 0.223460
    69 -0.203683 -0.095654 -0.328305 -1.745077 0.075142 -1.515382
    70 -1.393460 8.839182 -0.239439 1.580804 -0.005024 -1.566848
    71 0.036020 0.082815 -0.692656 -1.570769 0.065989 0.001276
    72 -0.088586 0.054020 -0.088594 0.010231 0.033800 -1.560851
    73 0.120153 -0.050270 -0.054489 -2.854024 0.030688 -1.580508
    74 -0.139399 -0.111694 0.014400 0.285395 -0.031353 1.580313
    75 2.299003 -5.628429 1.015715 -1.262265 1.437608 -1.233844
    76 0.738178 -7.079689 1.130307 -1.191638 1.437608 -1.233844
    77 2.398058 -8.977903 1.443857 -1.228171 1.436985 -1.218638
    78 3.923708 -8.234629 1.417453 -1.247039 1.437608 -1.233844
  time 83
    0 1.629157 0.000000 0.541027 0.000000 0.000000 -1.570796
    1 -4.455942 8.934052 -10.919739 5.515466 -1.287549 -4.118771
    2 -0.001605 -10.698019 -0.002571 0.393224 -0.189892 -0.267899
    3 -0.648679 -3.626730 -0.341545 -1.003497 0.000001 -0.122197
    4 -0.006990 -1.503230 0.002508 -1.090800 -0.000001 -0.000002
    5 0.005351 -0.954641 -0.003577 -1.343863 0.000000 0.000000
    6 0.007988 0.172184 -0.118553 -1.598091 -0.216549 -1.570593
    7 0.080660 0.135929 -0.203919 -1.506824 -0.066185 -1.662786
    8 0.117288 -0.155554 -0.604544 -1.412988 -0.374558 -1.569222
    9 0.132836 -3.758196 -0.347774 -0.890091 -0.000021 -0.148339
    10 -0.006790 -1.567259 0.002820 -1.212966 0.000000 -0.000003
    11 -0.006797 -1.160038 0.002748 -1.483442 0.000000 0.000000
    12 -0.018589 0.129953 -0.123721 -1.294580 0.001302 -1.635383
    13 -0.006160 0.170065 -0.110169 -1.280084 -0.068681 -1.597215
    14 0.047100 -0.104074 -0.352264 -1.243368 -0.257298 -1.694346
    15 0.953860 -3.617903 -0.348122 -0.208914 -0.006118 0.142756
    16 -0.017794 -1.596358 -0.007350 -0.288030 -0.007035 0.007742
    17 -0.006735 -0.941812 0.007065 -0.506780 -0.019415 0.010102
    18 -0.022325 0.045424 -0.038284 -1.125544 -0.129230 -1.681412
    19 -0.042900 -0.061274 -0.071212 -1.124462 -0.060454 -1.586099
    20 0.063741 -0.109104 -0.248158 -1.142813 -0.125805 -1.693583
    21 -1.403345 -3.245525 -0.346207 -0.976450 0.000376 -0.106438
    22 0.010185 -1.202057 0.005877 -0.614470 0.001327 -0.000906
    23 -0.020050 -0.797217 0.002278 -1.212969 0.000001 0.000004
    24 -0.011721 0.093267 0.017949 -1.687855 -0.079155 -1.575164
    25 0.048863 -0.085541 0.028626 -1.715605 -0.034569 -1.653190
    26 0.173918 -0.198416 -0.336163 -1.668104 -0.422317 -1.710956
    27 0.442881 -0.490226 0.392416 0.331467 -0.430788 -1.078173
    28 2.352359 0.010252 0.005009 -0.306426 -0.001810 -0.401468
    29 1.249212 0.004522 -0.002867 -0.000375 -0.001261 -0.493157
    30 -0.267709 0.037512 -0.093907 2.913812 -0.143386 0.078467
    31 -0.029266 0.205408 -0.329287 2.788574 -0.255486 -0.188917
    32 0.204373 0.521055 -0.268577 2.886669 0.042206 -0.230367
    33 0.195697 -0.010059 -0.293538 -1.333586 0.150863 -1.672749
    34 1.257181 8.762590 -0.153713 -1.570562 0.002683 -1.566808
    35 -0.093500 -0.114213 -0.738866 -1.570842 0.061811 0.002096
    36 0.010843 0.093624 -0.081439 -3.141462 0.041719 -1.568236
    37 10.370181 -0.992848 -15.400191 -0.579497 0.920159 1.462534
    38 0.104748 -10.673144 -0.001547 0.010719 0.094078 0.262245
    39 0.549521 -3.650577 -0.341066 -1.058422 -0.046218 -0.024594
    40 0.021778 -1.503640 0.004946 -0.358296 0.000001 -0.000004
    41 0.008139 -0.928479 -0.004583 -0.511665 -0.000002 -0.000001
    42 0.006928 0.005329 -0.181358 -1.528500 -0.248579 -1.611362
    43 -0.052313 0.038589 -0.230757 -1.592493 -0.043415 -1.528515
    44 -0.232600 -0.209656 -0.420669 -1.713790 -0.167173 -1.438930
    45 -0.218280 -3.741524 -0.346082 -0.909638 -0.000005 -0.000020
    46 0.019801 -1.578467 0.002264 -0.367144 0.000020 -0.000009
    47 0.000478 -1.172547 0.000249 -0.465583 0.000021 0.000018
    48 -0.038065 0.069166 -0.159883 -1.816986 0.066178 -1.575392
    49 -0.025151 0.088762 -0.068837 -1.817843 0.044510 -1.568287
    50 -0.102916 -0.186983 -0.272246 -1.833683 -0.232962 -1.472375
    51 -1.034178 -3.582044 -0.343160 -0.704127 0.000019 -0.000003
    52 0.001133 -1.610108 0.002370 -0.237378 0.000003 -0.000002
    53 0.005787 -0.946060 0.000512 -0.605949 0.000001 0.000001
    54 -0.004241 0.043707 -0.080203 -2.014997 -0.186996 -1.460723
    55 0.015383 -0.089136 -0.030010 -2.006083 0.036346 -1.568629
    56 -0.022610 -0.212357 -0.177905 -1.933161 -0.118801 -1.518895
    57 1.305107 -3.227548 -0.342207 -0.982188 -0.078965 -0.038578
    58 0.000595 -1.242324 0.002179 -0.480092 0.000004 0.000009
    59 0.007082 -0.774607 -0.000316 -0.560901 -0.000006 -0.000004
    60 -0.067138 0.063251 -0.010961 -0.899214 -0.014515 -1.600326
    61 -0.151180 -0.007395 -0.070065 -0.913061 -0.118819 -1.408558
    62 -0.178164 -0.244680 -0.357067 -1.159916 -0.384260 -1.556110
    63 -0.387544 -0.463665 0.383766 -0.068282 -0.388248 -2.485711
    64 2.472082 0.027425 0.005131 -0.007763 -0.053327 0.110689
    65 1.223419 0.009356 -0.005766 0.084680 -0.045788 -0.083373
    66 -0.263409 -0.117640 -0.015659 0.000036 -0.082210 -0.026800
    67 0.007707 -0.334360 -0.191575 0.070788 -0.181563 0.282364
    68 0.225562 -0.567923 -0.420715 0.119895 -0.183798 0.223460
    69 -0.203683 -0.095654 -0.328305 -1.745077 0.075142 -1.515382
    70 -1.393460 8.839182 -0.239439 1.580804 -0.005024 -1.566848
    71 0.036020 0.082815 -0.692656 -1.570769 0.065989 0.001276
    72 -0.088586 0.054020 -0.088594 0.010231 0.033800 -1.560851
    73 0.120153 -0.050270 -0.054489 -2.854024 0.030688 -1.580508
    74 -0.139399 -0.111694 0.014400 0.285395 -0.031353 1.580313
    75 2.295096 -5.589366 1.003996 -1.260686 1.437608 -1.233844
    76 0.738178 -7.079689 1.130307 -1.201798 1.437608 -1.233844
    77 2.398058 -8.977903 1.443857 -1.231656 1.437105 -1.221431
    78 3.923708 -8.234629 1.417453 -1.247039 1.437608 -1.233844
  time 84
    0 1.629157 0.000000 0.541027 0.000000 0.000000 -1.570796
    1 -4.432503 8.957491 -10.868956 5.514037 -1.294618 -4.122573
    2 -0.001605 -10.698019 -0.006478 0.386482 -0.181350 -0.253314
    3 -0.652586 -3.626730 -0.345451 -1.003497 0.000001 -0.122197
    4 -0.006990 -1.503230 0.002508 -1.090800 -0.000001 -0.000002
    5 0.001444 -0.954641 -0.003577 -1.343863 0.000000 0.000000
    6 0.007988 0.172184 -0.118553 -1.598091 -0.216549 -1.570593
    7 0.080660 0.135929 -0.203919 -1.506824 -0.066185 -1.662786
    8 0.117288 -0.155554 -0.604544 -1.412988 -0.374558 -1.569222
    9 0.128930 -3.758196 -0.343868 -0.890091 -0.000021 -0.148339
    10 -0.006790 -1.567259 0.006726 -1.212966 0.000000 -0.000003
    11 -0.002891 -1.160038 0.006655 -1.483442 0.000000 0.000000
    12 -0.018589 0.129953 -0.123721 -1.294580 0.001302 -1.635383
    13 -0.006160 0.170065 -0.110169 -1.280084 -0.068681 -1.597215
    14 0.047100 -0.104074 -0.352264 -1.243368 -0.257298 -1.694346
    15 0.949953 -3.617903 -0.344216 -0.212988 -0.005171 0.140934
    16 -0.017794 -1.596358 -0.003443 -0.296001 -0.005860 0.006556
    17 -0.002829 -0.937906 0.007065 -0.518500 -0.016383 0.008640
    18 -0.022325 0.045424 -0.038284 -1.125544 -0.129230 -1.681412
    19 -0.042900 -0.061274 -0.071212 -1.124462 -0.060454 -1.586099
    20 0.063741 -0.109104 -0.248158 -1.142813 -0.125805 -1.693583
    21 -1.407251 -3.245525 -0.342301 -0.969905 0.000376 -0.103501
    22 0.006279 -1.202057 0.005877 -0.613910 0.001136 -0.000774
    23 -0.020050 -0.797217 0.002278 -1.212969 0.000001 0.000004
    24 -0.011721 0.093267 0.017949 -1.687855 -0.079155 -1.575164
    25 0.048863 -0.085541 0.028626 -1.715605 -0.034569 -1.653190
    26 0.173918 -0.198416 -0.336163 -1.668104 -0.422317 -1.710956
    27 0.438974 -0.486320 0.396323 0.332977 -0.432598 -1.078996
    28 2.352359 0.010252 0.005009 -0.306342 -0.001679 -0.401468
    29 1.249212 0.004522 -0.002867 -0.000567 -0.001860 -0.495297
    30 -0.267709 0.037512 -0.093907 2.913812 -0.143386 0.078467
    31 -0.029266 0.205408 -0.329287 2.788574 -0.255486 -0.188917
    32 0.204373 0.521055 -0.268577 2.886669 0.042206 -0.230367
    33 0.195697 -0.010059 -0.293538 -1.333586 0.150863 -1.672749
    34 1.257181 8.762590 -0.153713 -1.570562 0.002683 -1.566808
    35 -0.093500 -0.114213 -0.738866 -1.570842 0.061811 0.002096
    36 0.010843 0.093624 -0.081439 -3.141462 0.041719 -1.568236
    37 10.710035 -0.906908 -15.075962 -0.522152 0.821962 1.605858
    38 0.108654 -10.677050 -0.005453 0.090381 0.083454 0.261084
    39 0.549521 -3.650577 -0.341066 -1.166288 -0.046218 -0.024594
    40 0.025684 -1.503640 0.001039 -0.369016 0.000001 -0.000004
    41 0.008139 -0.932386 -0.004583 -0.482006 -0.000002 -0.000001
    42 0.006928 0.005329 -0.181358 -1.528500 -0.248579 -1.611362
    43 -0.052313 0.038589 -0.230757 -1.592493 -0.043415 -1.528515
    44 -0.232600 -0.209656 -0.420669 -1.713790 -0.167173 -1.438930
    45 -0.214374 -3.737618 -0.346082 -1.035955 -0.000005 -0.000020
    46 0.015894 -1.582373 0.006170 -0.328128 0.000020 -0.000009
    47 0.004384 -1.172547 0.004155 -0.476316 0.000021 0.000018
    48 -0.038065 0.069166 -0.159883 -1.816986 0.066178 -1.575392
    49 -0.025151 0.088762 -0.068837 -1.817843 0.044510 -1.568287
    50 -0.102916 -0.186983 -0.272246 -1.833683 -0.232962 -1.472375
    51 -1.034178 -3.582044 -0.343160 -0.815669 0.000019 -0.000003
    52 0.001133 -1.610108 0.002370 -0.272970 0.000003 -0.000002
    53 0.005787 -0.946060 0.000512 -0.550888 0.000001 0.000001
    54 -0.004241 0.043707 -0.080203 -2.014997 -0.186996 -1.460723
    55 0.015383 -0.089136 -0.030010 -2.006083 0.036346 -1.568629
    56 -0.022610 -0.212357 -0.177905 -1.933161 -0.118801 -1.518895
    57 1.309013 -3.227548 -0.342207 -1.067038 -0.078965 -0.038578
    58 0.000595 -1.242324 0.002179 -0.548094 0.000004 0.000009
    59 0.003175 -0.774607 -0.004222 -0.548270 -0.000006 -0.000004
    60 -0.067138 0.063251 -0.010961 -0.899214 -0.014515 -1.600326
    61 -0.151180 -0.007395 -0.070065 -0.913061 -0.118819 -1.408558
    62 -0.178164 -0.244680 -0.357067 -1.159916 -0.384260 -1.556110
    63 -0.387544 -0.463665 0.383766 -0.081381 -0.351515 -2.481322
    64 2.468175 0.027425 0.001225 -0.020970 -0.066786 0.089264
    65 1.223419 0.009356 -0.005766 0.105161 -0.043546 -0.076856
    66 -0.263409 -0.117640 -0.015659 0.000036 -0.082210 -0.026800
    67 0.007707 -0.334360 -0.191575 0.070788 -0.181563 0.282364
    68 0.225562 -0.567923 -0.420715 0.119895 -0.183798 0.223460
    69 -0.203683 -0.095654 -0.328305 -1.745077 0.075142 -1.515382
    70 -1.393460 8.839182 -0.239439 1.580804 -0.005024 -1.566848
    71 0.036020 0.082815 -0.692656 -1.570769 0.065989 0.001276
    72 -0.088586 0.054020 -0.088594 0.010231 0.033800 -1.560851
    73 0.120153 -0.050270 -0.054489 -2.854024 0.030688 -1.580508
    74 -0.139399 -0.111694 0.014400 0.285395 -0.031353 1.580313
    75 2.295096 -5.542489 1.000090 -1.259020 1.437608 -1.233844
    76 0.738178 -7.079689 1.130307 -1.211718 1.437608 -1.233844
    77 2.398058 -8.977903 1.443857 -1.235140 1.437212 -1.224286
    78 3.923708 -8.234629 1.417453 -1.247039 1.437608 -1.233844
  time 85
    0 1.629157 0.000000 0.541027 0.000000 0.000000 -1.570796
    1 -4.393440 8.980929 -10.802548 5.512704 -1.301767 -4.126565
    2 -0.001605 -10.701926 -0.006478 0.379072 -0.171510 -0.237613
    3 -0.648679 -3.626730 -0.341545 -1.003497 0.000001 -0.122197
    4 -0.010896 -1.503230 0.002508 -1.090800 -0.000001 -0.000002
    5 0.001444 -0.954641 -0.003577 -1.343863 0.000000 0.000000
    6 0.007988 0.172184 -0.118553 -1.598091 -0.216549 -1.570593
    7 0.080660 0.135929 -0.203919 -1.506824 -0.066185 -1.662786
    8 0.117288 -0.155554 -0.604544 -1.412988 -0.374558 -1.569222
    9 0.128930 -3.762102 -0.343868 -0.890091 -0.000021 -0.148339
    10 -0.006790 -1.567259 0.002820 -1.212966 0.000000 -0.000003
    11 -0.002891 -1.160038 0.002748 -1.483486 0.000000 0.000000
    12 -0.018589 0.129953 -0.123721 -1.294580 0.001302 -1.635383
    13 -0.006160 0.170065 -0.110169 -1.280084 -0.068681 -1.597215
    14 0.047100 -0.104074 -0.352264 -1.243368 -0.257298 -1.694346
    15 0.949953 -3.617903 -0.344216 -0.216991 -0.004224 0.139172
    16 -0.017794 -1.596358 -0.003443 -0.304272 -0.004782 0.005357
    17 -0.006735 -0.941812 0.007065 -0.530402 -0.013435 0.007190
    18 -0.022325 0.045424 -0.038284 -1.125544 -0.129230 -1.681412
    19 -0.042900 -0.061274 -0.071212 -1.124462 -0.060454 -1.586099
    20 0.063741 -0.109104 -0.248158 -1.142813 -0.125805 -1.693583
    21 -1.407251 -3.245525 -0.342301 -0.963543 0.000352 -0.100637
    22 0.010185 -1.202057 0.001971 -0.613389 0.000932 -0.000618
    23 -0.020050 -0.797217 0.006185 -1.212969 0.000001 0.000004
    24 -0.011721 0.093267 0.017949 -1.687855 -0.079155 -1.575164
    25 0.048863 -0.085541 0.028626 -1.715605 -0.034569 -1.653190
    26 0.173918 -0.198416 -0.336163 -1.668104 -0.422317 -1.710956
    27 0.442881 -0.490226 0.396323 0.334847 -0.434863 -1.079980
    28 2.356266 0.010252 0.005009 -0.306186 -0.001391 -0.401468
    29 1.249212 0.004522 -0.006774 -0.000591 -0.001944 -0.495592
    30 -0.267709 0.037512 -0.093907 2.913812 -0.143386 0.078467
    31 -0.029266 0.205408 -0.329287 2.788574 -0.255486 -0.188917
    32 0.204373 0.521055 -0.268577 2.886669 0.042206 -0.230367
    33 0.195697 -0.010059 -0.293538 -1.333586 0.150863 -1.672749
    34 1.257181 8.762590 -0.153713 -1.570562 0.002683 -1.566808
    35 -0.093500 -0.114213 -0.738866 -1.570842 0.061811 0.002096
    36 0.010843 0.093624 -0.081439 -3.141462 0.041719 -1.568236
    37 11.092859 -0.910815 -14.673606 -0.490933 0.714289 1.738596
    38 0.104748 -10.673144 -0.005453 0.171748 0.072906 0.258762
    39 0.549521 -3.646670 -0.344972 -1.272573 -0.046218 -0.024594
    40 0.021778 -1.503640 0.001039 -0.381496 0.000001 -0.000004
    41 0.012045 -0.932386 -0.004583 -0.456883 -0.000002 -0.000001
    42 0.006928 0.005329 -0.181358 -1.528500 -0.248579 -1.611362
    43 -0.052313 0.038589 -0.230757 -1.592493 -0.043415 -1.528515
    44 -0.232600 -0.209656 -0.420669 -1.713790 -0.167173 -1.438930
    45 -0.218280 -3.737618 -0.346082 -1.160655 -0.000005 -0.000020
    46 0.019801 -1.578467 0.002264 -0.295160 0.000020 -0.000009
    47 0.000478 -1.176453 0.000249 -0.487857 0.000021 0.000018
    48 -0.038065 0.069166 -0.159883 -1.816986 0.066178 -1.575392
    49 -0.025151 0.088762 -0.068837 -1.817843 0.044510 -1.568287
    50 -0.102916 -0.186983 -0.272246 -1.833683 -0.232962 -1.472375
    51 -1.030272 -3.578138 -0.347066 -0.925992 0.000019 -0.000003
    52 0.001133 -1.610108 0.006276 -0.309782 0.000003 -0.000002
    53 0.001880 -0.946060 0.000512 -0.503006 0.000001 0.000001
    54 -0.004241 0.043707 -0.080203 -2.014997 -0.186996 -1.460723
    55 0.015383 -0.089136 -0.030010 -2.006083 0.036346 -1.568629
    56 -0.022610 -0.212357 -0.177905 -1.933161 -0.118801 -1.518895
    57 1.309013 -3.227548 -0.342207 -1.150446 -0.078965 -0.038578
    58 0.004502 -1.242324 0.002179 -0.614837 0.000004 0.000009
    59 0.003175 -0.774607 -0.000316 -0.537465 -0.000006 -0.000004
    60 -0.067138 0.063251 -0.010961 -0.899214 -0.014515 -1.600326
    61 -0.151180 -0.007395 -0.070065 -0.913061 -0.118819 -1.408558
    62 -0.178164 -0.244680 -0.357067 -1.159916 -0.384260 -1.556110
    63 -0.387544 -0.463665 0.383766 -0.094144 -0.314950 -2.477845
    64 2.472082 0.027425 0.001225 -0.033674 -0.079945 0.069487
    65 1.227325 0.009356 -0.005766 0.118452 -0.041341 -0.053765
    66 -0.263409 -0.117640 -0.015659 0.000036 -0.082210 -0.026800
    67 0.007707 -0.334360 -0.191575 0.070788 -0.181563 0.282364
    68 0.225562 -0.567923 -0.420715 0.119895 -0.183798 0.223460
    69 -0.203683 -0.095654 -0.328305 -1.745077 0.075142 -1.515382
    70 -1.393460 8.839182 -0.239439 1.580804 -0.005024 -1.566848
    71 0.036020 0.082815 -0.692656 -1.570769 0.065989 0.001276
    72 -0.088586 0.054020 -0.088594 0.010231 0.033800 -1.560851
    73 0.120153 -0.050270 -0.054489 -2.854024 0.030688 -1.580508
    74 -0.139399 -0.111694 0.014400 0.285395 -0.031353 1.580313
    75 2.295096 -5.499519 0.996183 -1.257268 1.437608 -1.233844
    76 0.738178 -7.079689 1.130307 -1.221072 1.437608 -1.233844
    77 2.398058 -8.977903 1.443857 -1.238328 1.437320 -1.226893
    78 3.923708 -8.234629 1.417453 -1.247039 1.437608 -1.233844
  time 86
    0 1.629157 0.000000 0.541027 0.000000 0.000000 -1.570796
    1 -4.354376 9.012180 -10.712701 5.511560 -1.308917 -4.130748
    2 -0.005512 -10.701926 -0.002571 0.371427 -0.160967 -0.221625
    3 -0.652586 -3.626730 -0.341545 -1.003497 0.000001 -0.122197
    4 -0.010896 -1.507136 0.006415 -1.090800 -0.000001 -0.000002
    5 0.001444 -0.954641 -0.003577 -1.343863 0.000000 0.000000
    6 0.007988 0.172184 -0.118553 -1.598091 -0.216549 -1.570593
    7 0.080660 0.135929 -0.203919 -1.506824 -0.066185 -1.662786
    8 0.117288 -0.155554 -0.604544 -1.412988 -0.374558 -1.569222
    9 0.128930 -3.758196 -0.343868 -0.890091 -0.000021 -0.148339
    10 -0.006790 -1.567259 0.006726 -1.212966 0.000000 -0.000003
    11 -0.002891 -1.160038 0.006655 -1.483442 0.000000 0.000000
    12 -0.018589 0.129953 -0.123721 -1.294580 0.001302 -1.635383
    13 -0.006160 0.170065 -0.110169 -1.280084 -0.068681 -1.597215
    14 0.047100 -0.104074 -0.352264 -1.243368 -0.257298 -1.694346
    15 0.949953 -3.617903 -0.344216 -0.220898 -0.003325 0.137447
    16 -0.021700 -1.596358 -0.003443 -0.312770 -0.003691 0.004231
    17 -0.002829 -0.941812 0.007065 -0.542541 -0.010546 0.005740
    18 -0.022325 0.045424 -0.038284 -1.125544 -0.129230 -1.681412
    19 -0.042900 -0.061274 -0.071212 -1.124462 -0.060454 -1.586099
    20 0.063741 -0.109104 -0.248158 -1.142813 -0.125805 -1.693583
    21 -1.407251 -3.245525 -0.342301 -0.957273 0.000316 -0.097845
    22 0.010185 -1.202057 0.001971 -0.612829 0.000728 -0.000486
    23 -0.020050 -0.793311 0.002278 -1.212969 0.000001 0.000004
    24 -0.011721 0.093267 0.017949 -1.687855 -0.079155 -1.575164
    25 0.048863 -0.085541 0.028626 -1.715605 -0.034569 -1.653190
    26 0.173918 -0.198416 -0.336163 -1.668104 -0.422317 -1.710956
    27 0.438974 -0.486320 0.396323 0.336848 -0.437283 -1.081123
    28 2.356266 0.010252 0.005009 -0.305982 -0.001031 -0.401419
    29 1.245306 0.004522 -0.002867 -0.000495 -0.001644 -0.494596
    30 -0.267709 0.037512 -0.093907 2.913812 -0.143386 0.078467
    31 -0.029266 0.205408 -0.329287 2.788574 -0.255486 -0.188917
    32 0.204373 0.521055 -0.268577 2.886669 0.042206 -0.230367
    33 0.195697 -0.010059 -0.293538 -1.333586 0.150863 -1.672749
    34 1.257181 8.762590 -0.153713 -1.570562 0.002683 -1.566808
    35 -0.093500 -0.114213 -0.738866 -1.570842 0.061811 0.002096
    36 0.010843 0.093624 -0.081439 -3.141462 0.041719 -1.568236
    37 11.491309 -0.988942 -14.247812 -0.481978 0.603873 1.860196
    38 0.104748 -10.673144 -0.005453 0.252185 0.062774 0.255414
    39 0.553428 -3.646670 -0.341066 -1.375696 -0.046218 -0.024594
    40 0.025684 -1.503640 0.004946 -0.394442 0.000001 -0.000004
    41 0.008139 -0.928479 -0.004583 -0.437779 -0.000002 -0.000001
    42 0.006928 0.005329 -0.181358 -1.528500 -0.248579 -1.611362
    43 -0.052313 0.038589 -0.230757 -1.592493 -0.043415 -1.528515
    44 -0.232600 -0.209656 -0.420669 -1.713790 -0.167173 -1.438930
    45 -0.214374 -3.737618 -0.342176 -1.281772 -0.000005 -0.000020
    46 0.019801 -1.578467 0.002264 -0.268994 0.000020 -0.000009
    47 0.000478 -1.172547 0.000249 -0.499484 0.000021 0.000018
    48 -0.038065 0.069166 -0.159883 -1.816986 0.066178 -1.575392
    49 -0.025151 0.088762 -0.068837 -1.817843 0.044510 -1.568287
    50 -0.102916 -0.186983 -0.272246 -1.833683 -0.232962 -1.472375
    51 -1.034178 -3.578138 -0.343160 -1.033170 0.000019 -0.000003
    52 0.001133 -1.610108 0.002370 -0.345781 0.000003 -0.000002
    53 0.001880 -0.946060 0.004418 -0.464307 0.000001 0.000001
    54 -0.004241 0.043707 -0.080203 -2.014997 -0.186996 -1.460723
    55 0.015383 -0.089136 -0.030010 -2.006083 0.036346 -1.568629
    56 -0.022610 -0.212357 -0.177905 -1.933161 -0.118801 -1.518895
    57 1.305107 -3.227548 -0.346114 -1.231398 -0.078965 -0.038578
    58 0.004502 -1.242324 0.002179 -0.678359 0.000004 0.000009
    59 0.003175 -0.774607 -0.004222 -0.528894 -0.000006 -0.000004
    60 -0.067138 0.063251 -0.010961 -0.899214 -0.014515 -1.600326
    61 -0.151180 -0.007395 -0.070065 -0.913061 -0.118819 -1.408558
    62 -0.178164 -0.244680 -0.357067 -1.159916 -0.384260 -1.556110
    63 -0.391451 -0.463665 0.383766 -0.106345 -0.279284 -2.475125
    64 2.472082 0.027425 0.001225 -0.045742 -0.092469 0.050841
    65 1.227325 0.009356 -0.005766 0.122252 -0.039220 -0.010839
    66 -0.263409 -0.117640 -0.015659 0.000036 -0.082210 -0.026800
    67 0.007707 -0.334360 -0.191575 0.070788 -0.181563 0.282364
    68 0.225562 -0.567923 -0.420715 0.119895 -0.183798 0.223460
    69 -0.203683 -0.095654 -0.328305 -1.745077 0.075142 -1.515382
    70 -1.393460 8.839182 -0.239439 1.580804 -0.005024 -1.566848
    71 0.036020 0.082815 -0.692656 -1.570769 0.065989 0.001276
    72 -0.088586 0.054020 -0.088594 0.010231 0.033800 -1.560851
    73 0.120153 -0.050270 -0.054489 -2.854024 0.030688 -1.580508
    74 -0.139399 -0.111694 0.014400 0.285395 -0.031353 1.580313
    75 2.295096 -5.456549 0.992277 -1.255393 1.437608 -1.233844
    76 0.738178 -7.079689 1.130307 -1.229498 1.437608 -1.233844
    77 2.398058 -8.977903 1.443857 -1.241217 1.437416 -1.229189
    78 3.923708 -8.234629 1.417453 -1.247039 1.437608 -1.233844
  time 87
    0 1.629157 0.000000 0.541027 0.000000 0.000000 -1.570796
    1 -4.307500 9.051244 -10.615042 5.510608 -1.315742 -4.135025
    2 -0.001605 -10.701926 -0.002571 0.364083 -0.150364 -0.206083
    3 -0.648679 -3.626730 -0.341545 -1.003497 0.000001 -0.122197
    4 -0.006990 -1.503230 0.002508 -1.090800 -0.000001 -0.000002
    5 0.001444 -0.954641 -0.003577 -1.343822 0.000000 0.000000
    6 0.007988 0.172184 -0.118553 -1.598091 -0.216549 -1.570593
    7 0.080660 0.135929 -0.203919 -1.506824 -0.066185 -1.662786
    8 0.117288 -0.155554 -0.604544 -1.412988 -0.374558 -1.569222
    9 0.128930 -3.758196 -0.343868 -0.890091 -0.000021 -0.148339
    10 -0.006790 -1.567259 0.006726 -1.212966 0.000000 -0.000003
    11 -0.002891 -1.160038 0.002748 -1.483442 0.000000 0.000000
    12 -0.018589 0.129953 -0.123721 -1.294580 0.001302 -1.635383
    13 -0.006160 0.170065 -0.110169 -1.280084 -0.068681 -1.597215
    14 0.047100 -0.104074 -0.352264 -1.243368 -0.257298 -1.694346
    15 0.953860 -3.617903 -0.348122 -0.224733 -0.002450 0.135745
    16 -0.021700 -1.596358 -0.007350 -0.321493 -0.002696 0.003116
    17 -0.006735 -0.937906 0.007065 -0.554917 -0.007790 0.004277
    18 -0.022325 0.045424 -0.038284 -1.125544 -0.129230 -1.681412
    19 -0.042900 -0.061274 -0.071212 -1.124462 -0.060454 -1.586099
    20 0.063741 -0.109104 -0.248158 -1.142813 -0.125805 -1.693583
    21 -1.403345 -3.245525 -0.342301 -0.951186 0.000256 -0.095088
    22 0.010185 -1.202057 0.005877 -0.612327 0.000524 -0.000354
    23 -0.020050 -0.797217 0.006185 -1.212969 0.000001 0.000004
    24 -0.011721 0.093267 0.017949 -1.687855 -0.079155 -1.575164
    25 0.048863 -0.085541 0.028626 -1.715605 -0.034569 -1.653190
    26 0.173918 -0.198416 -0.336163 -1.668104 -0.422317 -1.710956
    27 0.442881 -0.490226 0.396323 0.338814 -0.439620 -1.082186
    28 2.352359 0.010252 0.005009 -0.305791 -0.000672 -0.401419
    29 1.245306 0.004522 -0.002867 -0.000351 -0.001165 -0.492825
    30 -0.267709 0.037512 -0.093907 2.913812 -0.143386 0.078467
    31 -0.029266 0.205408 -0.329287 2.788574 -0.255486 -0.188917
    32 0.204373 0.521055 -0.268577 2.886669 0.042206 -0.230367
    33 0.195697 -0.010059 -0.293538 -1.333586 0.150863 -1.672749
    34 1.257181 8.762590 -0.153713 -1.570562 0.002683 -1.566808
    35 -0.093500 -0.114213 -0.738866 -1.570842 0.061811 0.002096
    36 0.010843 0.093624 -0.081439 -3.141462 0.041719 -1.568236
    37 11.881946 -1.110039 -13.818111 -0.489701 0.497329 1.970841
    38 0.104748 -10.673144 -0.005453 0.329148 0.053362 0.251418
    39 0.549521 -3.650577 -0.341066 -1.474259 -0.046218 -0.024594
    40 0.021778 -1.503640 0.001039 -0.406871 0.000001 -0.000004
    41 0.012045 -0.932386 -0.004583 -0.426364 -0.000002 -0.000001
    42 0.006928 0.005329 -0.181358 -1.528500 -0.248579 -1.611362
    43 -0.052313 0.038589 -0.230757 -1.592493 -0.043415 -1.528515
    44 -0.232600 -0.209656 -0.420669 -1.713790 -0.167173 -1.438930
    45 -0.218280 -3.737618 -0.346082 -1.397457 -0.000005 -0.000020
    46 0.019801 -1.578467 0.006170 -0.250853 0.000020 -0.000009
    47 0.004384 -1.172547 0.000249 -0.510506 0.000021 0.000018
    48 -0.038065 0.069166 -0.159883 -1.816986 0.066178 -1.575392
    49 -0.025151 0.088762 -0.068837 -1.817843 0.044510 -1.568287
    50 -0.102916 -0.186983 -0.272246 -1.833683 -0.232962 -1.472375
    51 -1.030272 -3.582044 -0.343160 -1.135515 0.000019 -0.000003
    52 0.001133 -1.610108 0.002370 -0.379160 0.000003 -0.000002
    53 0.001880 -0.946060 0.000512 -0.436997 0.000001 0.000001
    54 -0.004241 0.043707 -0.080203 -2.014997 -0.186996 -1.460723
    55 0.015383 -0.089136 -0.030010 -2.006083 0.036346 -1.568629
    56 -0.022610 -0.212357 -0.177905 -1.933161 -0.118801 -1.518895
    57 1.305107 -3.227548 -0.346114 -1.308665 -0.078965 -0.038578
    58 0.000595 -1.242324 0.006085 -0.736912 0.000004 0.000009
    59 0.003175 -0.774607 -0.000316 -0.522901 -0.000006 -0.000004
    60 -0.067138 0.063251 -0.010961 -0.899214 -0.014515 -1.600326
    61 -0.151180 -0.007395 -0.070065 -0.913061 -0.118819 -1.408558
    62 -0.178164 -0.244680 -0.357067 -1.159916 -0.384260 -1.556110
    63 -0.387544 -0.463665 0.379860 -0.117778 -0.245212 -2.472884
    64 2.472082 0.027425 0.001225 -0.057080 -0.103998 0.033003
    65 1.223419 0.009356 -0.005766 0.114282 -0.036535 0.055023
    66 -0.263409 -0.117640 -0.015659 0.000036 -0.082210 -0.026800
    67 0.007707 -0.334360 -0.191575 0.070788 -0.181563 0.282364
    68 0.225562 -0.567923 -0.420715 0.119895 -0.183798 0.223460
    69 -0.203683 -0.095654 -0.328305 -1.745077 0.075142 -1.515382
    70 -1.393460 8.839182 -0.239439 1.580804 -0.005024 -1.566848
    71 0.036020 0.082815 -0.692656 -1.570769 0.065989 0.001276
    72 -0.088586 0.054020 -0.088594 0.010231 0.033800 -1.560851
    73 0.120153 -0.050270 -0.054489 -2.854024 0.030688 -1.580508
    74 -0.139399 -0.111694 0.014400 0.285395 -0.031353 1.580313
    75 2.295096 -5.409673 0.988371 -1.253455 1.437608 -1.233844
    76 0.738178 -7.079689 1.130307 -1.236700 1.437608 -1.233844
    77 2.398058 -8.977903 1.443857 -1.243640 1.437512 -1.231175
    78 3.923708 -8.234629 1.417453 -1.247039 1.437608 -1.233844
  time 88
    0 1.629157 0.000000 0.541027 0.000000 0.000000 -1.570796
    1 -4.264530 9.074682 -10.533008 5.509846 -1.321957 -4.138922
    2 -0.001605 -10.698019 -0.002571 0.357367 -0.140449 -0.191722
    3 -0.652586 -3.626730 -0.345451 -1.003497 0.000001 -0.122197
    4 -0.010896 -1.503230 0.002508 -1.090800 -0.000001 -0.000002
    5 0.001444 -0.954641 -0.003577 -1.343863 0.000000 0.000000
    6 0.007988 0.172184 -0.118553 -1.598091 -0.216549 -1.570593
    7 0.080660 0.135929 -0.203919 -1.506824 -0.066185 -1.662786
    8 0.117288 -0.155554 -0.604544 -1.412988 -0.374558 -1.569222
    9 0.128930 -3.758196 -0.343868 -0.890091 -0.000021 -0.148339
    10 -0.006790 -1.563353 0.006726 -1.212966 0.000000 -0.000003
    11 -0.006797 -1.160038 0.002748 -1.483442 0.000000 0.000000
    12 -0.018589 0.129953 -0.123721 -1.294580 0.001302 -1.635383
    13 -0.006160 0.170065 -0.110169 -1.280084 -0.068681 -1.597215
    14 0.047100 -0.104074 -0.352264 -1.243368 -0.257298 -1.694346
    15 0.949953 -3.617903 -0.348122 -0.228460 -0.001599 0.134091
    16 -0.017794 -1.596358 -0.003443 -0.330441 -0.001750 0.002013
    17 -0.002829 -0.941812 0.007065 -0.567530 -0.005069 0.002839
    18 -0.022325 0.045424 -0.038284 -1.125544 -0.129230 -1.681412
    19 -0.042900 -0.061274 -0.071212 -1.124462 -0.060454 -1.586099
    20 0.063741 -0.109104 -0.248158 -1.142813 -0.125805 -1.693583
    21 -1.403345 -3.249431 -0.342301 -0.945190 0.000196 -0.092428
    22 0.006279 -1.202057 0.001971 -0.611806 0.000357 -0.000235
    23 -0.020050 -0.797217 0.002278 -1.212969 0.000001 0.000004
    24 -0.011721 0.093267 0.017949 -1.687855 -0.079155 -1.575164
    25 0.048863 -0.085541 0.028626 -1.715605 -0.034569 -1.653190
    26 0.173918 -0.198416 -0.336163 -1.668104 -0.422317 -1.710956
    27 0.442881 -0.490226 0.392416 0.340467 -0.441622 -1.083063
    28 2.352359 0.010252 0.005009 -0.305611 -0.000324 -0.401395
    29 1.245306 0.004522 -0.002867 -0.000183 -0.000614 -0.490871
    30 -0.267709 0.037512 -0.093907 2.913812 -0.143386 0.078467
    31 -0.029266 0.205408 -0.329287 2.788574 -0.255486 -0.188917
    32 0.204373 0.521055 -0.268577 2.886669 0.042206 -0.230367
    33 0.195697 -0.010059 -0.293538 -1.333586 0.150863 -1.672749
    34 1.257181 8.762590 -0.153713 -1.570562 0.002683 -1.566808
    35 -0.093500 -0.114213 -0.738866 -1.570842 0.061811 0.002096
    36 0.010843 0.093624 -0.081439 -3.141462 0.041719 -1.568236
    37 12.229613 -1.242856 -13.423568 -0.508597 0.400665 2.069612
    38 0.104748 -10.673144 -0.005453 0.399981 0.044954 0.247260
    39 0.553428 -3.646670 -0.341066 -1.566620 -0.046218 -0.024594
    40 0.025684 -1.507546 0.004946 -0.417280 0.000001 -0.000004
    41 0.008139 -0.932386 -0.000677 -0.424175 -0.000002 -0.000001
    42 0.006928 0.005329 -0.181358 -1.528500 -0.248579 -1.611362
    43 -0.052313 0.038589 -0.230757 -1.592493 -0.043415 -1.528515
    44 -0.232600 -0.209656 -0.420669 -1.713790 -0.167173 -1.438930
    45 -0.218280 -3.737618 -0.346082 -1.505745 -0.000005 -0.000020
    46 0.015894 -1.578467 0.002264 -0.241433 0.000020 -0.000009
    47 0.000478 -1.172547 0.004155 -0.520114 0.000021 0.000018
    48 -0.038065 0.069166 -0.159883 -1.816986 0.066178 -1.575392
    49 -0.025151 0.088762 -0.068837 -1.817843 0.044510 -1.568287
    50 -0.102916 -0.186983 -0.272246 -1.833683 -0.232962 -1.472375
    51 -1.034178 -3.582044 -0.343160 -1.231196 0.000019 -0.000003
    52 0.001133 -1.610108 0.002370 -0.408068 0.000003 -0.000002
    53 0.005787 -0.946060 0.000512 -0.423242 0.000001 0.000001
    54 -0.004241 0.043707 -0.080203 -2.014997 -0.186996 -1.460723
    55 0.015383 -0.089136 -0.030010 -2.006083 0.036346 -1.568629
    56 -0.022610 -0.212357 -0.177905 -1.933161 -0.118801 -1.518895
    57 1.309013 -3.227548 -0.342207 -1.381287 -0.078965 -0.038578
    58 0.000595 -1.242324 0.006085 -0.788500 0.000004 0.000009
    59 0.003175 -0.774607 -0.004222 -0.519786 -0.000006 -0.000004
    60 -0.067138 0.063251 -0.010961 -0.899214 -0.014515 -1.600326
    61 -0.151180 -0.007395 -0.070065 -0.913061 -0.118819 -1.408558
    62 -0.178164 -0.244680 -0.357067 -1.159916 -0.384260 -1.556110
    63 -0.387544 -0.463665 0.379860 -0.128229 -0.213477 -2.470999
    64 2.468175 0.027425 0.001225 -0.067554 -0.114233 0.015553
    65 1.227325 0.009356 -0.005766 0.092302 -0.031586 0.146717
    66 -0.263409 -0.117640 -0.015659 0.000036 -0.082210 -0.026800
    67 0.007707 -0.334360 -0.191575 0.070788 -0.181563 0.282364
    68 0.225562 -0.567923 -0.420715 0.119895 -0.183798 0.223460
    69 -0.203683 -0.095654 -0.328305 -1.745077 0.075142 -1.515382
    70 -1.393460 8.839182 -0.239439 1.580804 -0.005024 -1.566848
    71 0.036020 0.082815 -0.692656 -1.570769 0.065989 0.001276
    72 -0.088586 0.054020 -0.088594 0.010231 0.033800 -1.560851
    73 0.120153 -0.050270 -0.054489 -2.854024 0.030688 -1.580508
    74 -0.139399 -0.111694 0.014400 0.285395 -0.031353 1.580313
    75 2.295096 -5.358890 0.976652 -1.251407 1.437608 -1.233844
    76 0.738178 -7.079689 1.130307 -1.242198 1.437608 -1.233844
    77 2.398058 -8.977903 1.443857 -1.245509 1.437572 -1.232603
    78 3.923708 -8.234629 1.417453 -1.247039 1.437608 -1.233844
  time 89
    0 1.629157 0.000000 0.541027 0.000000 0.000000 -1.570796
    1 -4.229372 9.109839 -10.458787 5.509274 -1.327238 -4.142153
    2 -0.001605 -10.698019 -0.002571 0.351738 -0.131818 -0.179292
    3 -0.648679 -3.626730 -0.345451 -1.003497 0.000001 -0.122197
    4 -0.010896 -1.507136 0.006415 -1.090800 -0.000001 -0.000002
    5 0.001444 -0.954641 -0.007484 -1.343863 0.000000 0.000000
    6 0.007988 0.172184 -0.118553 -1.598091 -0.216549 -1.570593
    7 0.080660 0.135929 -0.203919 -1.506824 -0.066185 -1.662786
    8 0.117288 -0.155554 -0.604544 -1.412988 -0.374558 -1.569222
    9 0.128930 -3.758196 -0.343868 -0.890091 -0.000021 -0.148339
    10 -0.002884 -1.563353 0.006726 -1.212966 0.000000 -0.000003
    11 -0.006797 -1.160038 0.006655 -1.483486 0.000000 0.000000
    12 -0.018589 0.129953 -0.123721 -1.294580 0.001302 -1.635383
    13 -0.006160 0.170065 -0.110169 -1.280084 -0.068681 -1.597215
    14 0.047100 -0.104074 -0.352264 -1.243368 -0.257298 -1.694346
    15 0.949953 -3.617903 -0.344216 -0.232092 -0.000796 0.132485
    16 -0.021700 -1.596358 -0.007350 -0.339616 -0.000851 0.000995
    17 -0.002829 -0.941812 0.003159 -0.580362 -0.002493 0.001401
    18 -0.022325 0.045424 -0.038284 -1.125544 -0.129230 -1.681412
    19 -0.042900 -0.061274 -0.071212 -1.124462 -0.060454 -1.586099
    20 0.063741 -0.109104 -0.248158 -1.142813 -0.125805 -1.693583
    21 -1.407251 -3.245525 -0.346207 -0.939332 0.000100 -0.089815
    22 0.010185 -1.202057 0.005877 -0.611323 0.000165 -0.000115
    23 -0.020050 -0.793311 0.002278 -1.212969 0.000001 0.000004
    24 -0.011721 0.093267 0.017949 -1.687855 -0.079155 -1.575164
    25 0.048863 -0.085541 0.028626 -1.715605 -0.034569 -1.653190
    26 0.173918 -0.198416 -0.336163 -1.668104 -0.422317 -1.710956
    27 0.438974 -0.490226 0.392416 0.341642 -0.443000 -1.083701
    28 2.352359 0.010252 0.005009 -0.305467 -0.000097 -0.401395
    29 1.249212 0.004522 -0.002867 -0.000064 -0.000158 -0.489322
    30 -0.267709 0.037512 -0.093907 2.913812 -0.143386 0.078467
    31 -0.029266 0.205408 -0.329287 2.788574 -0.255486 -0.188917
    32 0.204373 0.521055 -0.268577 2.886669 0.042206 -0.230367
    33 0.195697 -0.010059 -0.293538 -1.333586 0.150863 -1.672749
    34 1.257181 8.762590 -0.153713 -1.570562 0.002683 -1.566808
    35 -0.093500 -0.114213 -0.738866 -1.570842 0.061811 0.002096
    36 0.010843 0.093624 -0.081439 -3.141462 0.041719 -1.568236
    37 12.522590 -1.352234 -13.103246 -0.532422 0.318599 2.153747
    38 0.108654 -10.673144 -0.005453 0.462096 0.037606 0.243372
    39 0.553428 -3.646670 -0.344972 -1.651502 -0.046218 -0.024594
    40 0.021778 -1.503640 0.001039 -0.424685 0.000001 -0.000004
    41 0.012045 -0.928479 -0.004583 -0.432749 -0.000002 -0.000001
    42 0.006928 0.005329 -0.181358 -1.528500 -0.248579 -1.611362
    43 -0.052313 0.038589 -0.230757 -1.592493 -0.043415 -1.528515
    44 -0.232600 -0.209656 -0.420669 -1.713790 -0.167173 -1.438930
    45 -0.214374 -3.737618 -0.346082 -1.604962 -0.000005 -0.000020
    46 0.019801 -1.582373 0.006170 -0.241840 0.000020 -0.000009
    47 0.004384 -1.172547 0.000249 -0.527615 0.000021 0.000018
    48 -0.038065 0.069166 -0.159883 -1.816986 0.066178 -1.575392
    49 -0.025151 0.088762 -0.068837 -1.817843 0.044510 -1.568287
    50 -0.102916 -0.186983 -0.272246 -1.833683 -0.232962 -1.472375
    51 -1.030272 -3.582044 -0.343160 -1.318807 0.000019 -0.000003
    52 0.001133 -1.610108 0.006276 -0.430652 0.000003 -0.000002
    53 0.005787 -0.946060 0.000512 -0.425167 0.000001 0.000001
    54 -0.004241 0.043707 -0.080203 -2.014997 -0.186996 -1.460723
    55 0.015383 -0.089136 -0.030010 -2.006083 0.036346 -1.568629
    56 -0.022610 -0.212357 -0.177905 -1.933161 -0.118801 -1.518895
    57 1.309013 -3.227548 -0.342207 -1.448088 -0.078965 -0.038578
    58 0.000595 -1.242324 0.002179 -0.831479 0.000004 0.000009
    59 0.003175 -0.770701 -0.004222 -0.519915 -0.000006 -0.000004
    60 -0.067138 0.063251 -0.010961 -0.899214 -0.014515 -1.600326
    61 -0.151180 -0.007395 -0.070065 -0.913061 -0.118819 -1.408558
    62 -0.178164 -0.244680 -0.357067 -1.159916 -0.384260 -1.556110
    63 -0.391451 -0.463665 0.379860 -0.137421 -0.184785 -2.469160
    64 2.472082 0.027425 0.001225 -0.077070 -0.122826 -0.001897
    65 1.223419 0.009356 -0.005766 0.054515 -0.021135 0.267270
    66 -0.263409 -0.117640 -0.015659 0.000036 -0.082210 -0.026800
    67 0.007707 -0.334360 -0.191575 0.070788 -0.181563 0.282364
    68 0.225562 -0.567923 -0.420715 0.119895 -0.183798 0.223460
    69 -0.203683 -0.095654 -0.328305 -1.745077 0.075142 -1.515382
    70 -1.393460 8.839182 -0.239439 1.580804 -0.005024 -1.566848
    71 0.036020 0.082815 -0.692656 -1.570769 0.065989 0.001276
    72 -0.088586 0.054020 -0.088594 0.010231 0.033800 -1.560851
    73 0.120153 -0.050270 -0.054489 -2.854024 0.030688 -1.580508
    74 -0.139399 -0.111694 0.014400 0.285395 -0.031353 1.580313
    75 2.295096 -5.304201 0.968839 -1.249260 1.437608 -1.233844
    76 0.738178 -7.079689 1.130307 -1.245814 1.437608 -1.233844
    77 2.398058 -8.977903 1.443857 -1.246657 1.437596 -1.233596
    78 3.923708 -8.234629 1.417453 -1.247039 1.437608 -1.233844
  time 90
    0 1.629157 0.000000 0.541027 0.000000 0.000000 -1.570796
    1 -4.205934 9.125465 -10.411911 5.508798 -1.331341 -4.145005
    2 -0.005512 -10.701926 -0.006478 0.347483 -0.125232 -0.169447
    3 -0.648679 -3.626730 -0.341545 -1.003497 0.000001 -0.122197
    4 -0.006990 -1.503230 0.002508 -1.090800 -0.000001 -0.000002
    5 0.001444 -0.954641 -0.003577 -1.343863 0.000000 0.000000
    6 0.007988 0.172184 -0.118553 -1.598091 -0.216549 -1.570593
    7 0.080660 0.135929 -0.203919 -1.506824 -0.066185 -1.662786
    8 0.117288 -0.155554 -0.604544 -1.412988 -0.374558 -1.569222
    9 0.132836 -3.762102 -0.343868 -0.890119 -0.000021 -0.148339
    10 -0.006790 -1.563353 0.002820 -1.212966 0.000000 -0.000003
    11 -0.002891 -1.160038 0.002748 -1.483442 0.000000 0.000000
    12 -0.018589 0.129953 -0.123721 -1.294580 0.001302 -1.635383
    13 -0.006160 0.170065 -0.110169 -1.280084 -0.068681 -1.597215
    14 0.047100 -0.104074 -0.352264 -1.243368 -0.257298 -1.694346
    15 0.953860 -3.617903 -0.344216 -0.235603 -0.000017 0.130915
    16 -0.017794 -1.596358 -0.003443 -0.349016 0.000000 0.000000
    17 -0.006735 -0.941812 0.003159 -0.593394 0.000000 -0.000001
    18 -0.022325 0.045424 -0.038284 -1.125544 -0.129230 -1.681412
    19 -0.042900 -0.061274 -0.071212 -1.124462 -0.060454 -1.586099
    20 0.063741 -0.109104 -0.248158 -1.142813 -0.125805 -1.693583
    21 -1.407251 -3.245525 -0.346207 -0.933748 0.000004 -0.087274
    22 0.006279 -1.202057 0.005877 -0.610840 -0.000003 -0.000007
    23 -0.020050 -0.793311 0.006185 -1.212969 0.000001 0.000004
    24 -0.011721 0.093267 0.017949 -1.687855 -0.079155 -1.575164
    25 0.048863 -0.085541 0.028626 -1.715605 -0.034569 -1.653190
    26 0.173918 -0.198416 -0.336163 -1.668104 -0.422317 -1.710956
    27 0.442881 -0.490226 0.392416 0.342061 -0.443503 -1.083940
    28 2.352359 0.010252 0.001103 -0.305419 -0.000013 -0.401395
    29 1.249212 0.004522 -0.002867 -0.000016 0.000022 -0.488658
    30 -0.267709 0.037512 -0.093907 2.913812 -0.143386 0.078467
    31 -0.029266 0.205408 -0.329287 2.788574 -0.255486 -0.188917
    32 0.204373 0.521055 -0.268577 2.886669 0.042206 -0.230367
    33 0.195697 -0.010059 -0.293538 -1.333586 0.150863 -1.672749
    34 1.257181 8.762590 -0.153713 -1.570562 0.002683 -1.566808
    35 -0.093500 -0.114213 -0.738866 -1.570842 0.061811 0.002096
    36 0.010843 0.093624 -0.081439 -3.141462 0.041719 -1.568236
    37 12.717909 -1.414736 -12.888395 -0.555015 0.255044 2.219472
    38 0.104748 -10.673144 -0.005453 0.512925 0.031451 0.240376
    39 0.549521 -3.646670 -0.341066 -1.727203 -0.046218 -0.024594
    40 0.021778 -1.503640 0.001039 -0.427585 0.000001 -0.000004
    41 0.008139 -0.932386 -0.000677 -0.453755 -0.000002 -0.000001
    42 0.006928 0.005329 -0.181358 -1.528500 -0.248579 -1.611362
    43 -0.052313 0.038589 -0.230757 -1.592493 -0.043415 -1.528515
    44 -0.232600 -0.209656 -0.420669 -1.713790 -0.167173 -1.438930
    45 -0.218280 -3.737618 -0.346082 -1.692968 -0.000005 -0.000020
    46 0.019801 -1.582373 0.006170 -0.253062 0.000020 -0.000009
    47 0.000478 -1.172547 0.000249 -0.532289 0.000021 0.000018
    48 -0.038065 0.069166 -0.159883 -1.816986 0.066178 -1.575392
    49 -0.025151 0.088762 -0.068837 -1.817843 0.044510 -1.568287
    50 -0.102916 -0.186983 -0.272246 -1.833683 -0.232962 -1.472375
    51 -1.034178 -3.578138 -0.343160 -1.396234 0.000019 -0.000003
    52 0.001133 -1.610108 0.002370 -0.445015 0.000003 -0.000002
    53 0.005787 -0.946060 0.000512 -0.445017 0.000001 0.000001
    54 -0.004241 0.043707 -0.080203 -2.014997 -0.186996 -1.460723
    55 0.015383 -0.089136 -0.030010 -2.006083 0.036346 -1.568629
    56 -0.022610 -0.212357 -0.177905 -1.933161 -0.118801 -1.518895
    57 1.305107 -3.227548 -0.342207 -1.508108 -0.078965 -0.038578
    58 0.004502 -1.242324 0.006085 -0.863887 0.000004 0.000009
    59 0.003175 -0.774607 -0.004222 -0.523567 -0.000006 -0.000004
    60 -0.067138 0.063251 -0.010961 -0.899214 -0.014515 -1.600326
    61 -0.151180 -0.007395 -0.070065 -0.913061 -0.118819 -1.408558
    62 -0.178164 -0.244680 -0.357067 -1.159916 -0.384260 -1.556110
    63 -0.391451 -0.459759 0.383766 -0.145127 -0.159881 -2.467089
    64 2.472082 0.027425 0.001225 -0.085507 -0.129465 -0.019897
    65 1.227325 0.009356 -0.005766 -0.000003 -0.000006 0.418880
    66 -0.263409 -0.117640 -0.015659 0.000036 -0.082210 -0.026800
    67 0.007707 -0.334360 -0.191575 0.070788 -0.181563 0.282364
    68 0.225562 -0.567923 -0.420715 0.119895 -0.183798 0.223460
    69 -0.203683 -0.095654 -0.328305 -1.745077 0.075142 -1.515382
    70 -1.393460 8.839182 -0.239439 1.580804 -0.005024 -1.566848
    71 0.036020 0.082815 -0.692656 -1.570769 0.065989 0.001276
    72 -0.088586 0.054020 -0.088594 0.010231 0.033800 -1.560851
    73 0.120153 -0.050270 -0.054489 -2.854024 0.030688 -1.580508
    74 -0.139399 -0.111694 0.014400 0.285395 -0.031353 1.580313
    75 2.295096 -5.257324 0.968839 -1.247039 1.437608 -1.233844
    76 0.738178 -7.079689 1.130307 -1.247039 1.437608 -1.233844
    77 2.398058 -8.977903 1.443857 -1.247039 1.437608 -1.233844
    78 3.923708 -8.234629 1.417453 -1.247039 1.437608 -1.233844
end
