// Created by Crowbar 0.74
version 1
nodes
  0 "Bone01" -1
  1 "Bone02" 0
  2 "Bone03" 1
  3 "Bone04" 2
  4 "Bone05" 3
  5 "Bone06" 4
  6 "Bone07" 2
  7 "Bone08" 6
  8 "Bone09" 7
  9 "Bone11" 2
  10 "Bone12" 9
  11 "Bone13" 10
  12 "Bone15" 2
  13 "Bone16" 12
  14 "Bone17" 13
  15 "Bone19" 2
  16 "Bone20" 15
  17 "Bone21" 16
  18 "Bone24" -1
  19 "Bone25" 18
  20 "Bone48" 1
  21 "Bone49" 20
  22 "Bone52" 21
  23 "Bone47" 19
  24 "Bone58" 23
  25 "Bone63" 24
  26 "Bone26" 19
  27 "Bone27" 26
  28 "Bone28" 27
  29 "Bone29" 28
  30 "Bone31" 26
  31 "Bone32" 30
  32 "Bone33" 31
  33 "Bone35" 26
  34 "Bone36" 33
  35 "Bone37" 34
  36 "Bone39" 26
  37 "Bone40" 36
  38 "Bone41" 37
  39 "Bone43" 26
  40 "Bone44" 39
  41 "Bone45" 40
  42 "Bone56" 21
  43 "Bone50" 21
  44 "Bone54" 21
  45 "Bone65" 24
  46 "Bone59" 24
  47 "Bone61" 24
  48 "ValveBiped.Bip01_L_Clavicle" 18
  49 "ValveBiped.Bip01_L_UpperArm" 18
  50 "ValveBiped.Bip01_L_Forearm" 18
  51 "ValveBiped.Bip01_L_Hand" 19
  52 "ValveBiped.Bip01_L_Finger4" 39
  53 "ValveBiped.Bip01_L_Finger41" 40
  54 "ValveBiped.Bip01_L_Finger42" 41
  55 "ValveBiped.Bip01_L_Finger3" 36
  56 "ValveBiped.Bip01_L_Finger31" 37
  57 "ValveBiped.Bip01_L_Finger32" 38
  58 "ValveBiped.Bip01_L_Finger2" 33
  59 "ValveBiped.Bip01_L_Finger21" 34
  60 "ValveBiped.Bip01_L_Finger22" 35
  61 "ValveBiped.Bip01_L_Finger1" 30
  62 "ValveBiped.Bip01_L_Finger11" 31
  63 "ValveBiped.Bip01_L_Finger12" 32
  64 "ValveBiped.Bip01_L_Finger0" 27
  65 "ValveBiped.Bip01_L_Finger01" 28
  66 "ValveBiped.Bip01_L_Finger02" 29
  67 "ValveBiped.Bip01_R_Clavicle" 0
  68 "ValveBiped.Bip01_R_UpperArm" 0
  69 "ValveBiped.Bip01_R_Forearm" 0
  70 "ValveBiped.Bip01_R_Hand" 1
  71 "ValveBiped.Bip01_R_Finger4" 15
  72 "ValveBiped.Bip01_R_Finger41" 16
  73 "ValveBiped.Bip01_R_Finger42" 17
  74 "ValveBiped.Bip01_R_Finger3" 12
  75 "ValveBiped.Bip01_R_Finger31" 13
  76 "ValveBiped.Bip01_R_Finger32" 14
  77 "ValveBiped.Bip01_R_Finger2" 9
  78 "ValveBiped.Bip01_R_Finger21" 10
  79 "ValveBiped.Bip01_R_Finger22" 11
  80 "ValveBiped.Bip01_R_Finger1" 6
  81 "ValveBiped.Bip01_R_Finger11" 7
  82 "ValveBiped.Bip01_R_Finger12" 8
  83 "ValveBiped.Bip01_R_Finger0" 3
  84 "ValveBiped.Bip01_R_Finger01" 4
  85 "ValveBiped.Bip01_R_Finger02" 5
end
skeleton
  time 0
    0 -14.837834 1.455523 -7.725657 -4.203073 0.826416 -3.849428
    1 0.026867 -11.331078 -0.000002 0.236969 0.318649 0.403907
    2 0.000000 -0.570801 -0.000001 0.000000 0.000000 0.000000
    3 -0.519569 0.284097 0.586913 0.297176 -0.077719 -3.022959
    4 2.276719 -0.116411 -0.000001 0.000000 0.000000 -0.408361
    5 1.069446 0.056463 0.000000 0.000000 0.000000 0.848230
    6 -1.355754 -2.286684 -0.142105 0.000000 -1.178081 -1.638864
    7 1.726295 -0.000584 0.000001 0.000324 -0.199030 0.001940
    8 1.199319 -0.010942 0.000001 0.000000 0.099445 0.000000
    9 -0.422716 -2.486292 -0.142105 -0.076324 0.021668 -1.459407
    10 1.925233 0.004627 0.000003 -0.000192 -0.000120 -6.282898
    11 1.416995 0.008475 0.000000 0.000000 0.088807 0.020944
    12 0.372765 -2.168664 -0.146011 -0.056788 0.214555 -1.460869
    13 1.956384 0.057593 0.000000 -0.000001 0.031113 -0.010473
    14 1.361971 0.003407 0.000000 0.000001 -0.015913 0.005236
    15 1.194772 -1.655615 -0.138199 0.000000 0.109951 -1.445133
    16 1.674395 0.018204 -0.000001 0.000252 0.146610 -0.001725
    17 1.085390 -0.001050 -0.000001 0.000000 -0.151887 0.000000
    18 13.961095 1.791605 -8.958638 -4.356136 -0.805895 -2.420206
    19 -0.303351 -11.160193 0.000002 -0.328283 0.352525 -0.616078
    20 0.473401 -2.177014 2.276477 0.080103 -1.549641 -0.151666
    21 0.000000 2.791016 0.898926 0.000000 0.000000 0.000000
    22 0.000000 -1.948242 2.902344 0.000000 0.000000 0.000000
    23 -0.701910 -3.011952 2.871316 1.422840 1.236340 1.507645
    24 0.000000 2.902344 1.067383 0.000000 0.000000 0.000000
    25 0.000001 -1.571289 2.902344 0.000000 0.000000 0.000000
    26 -0.021851 -0.545410 -0.000001 0.000000 0.000000 0.000000
    27 0.585312 0.235277 0.590013 -0.165972 -0.158055 -0.186616
    28 2.306785 0.010602 0.000001 0.000000 0.000000 -0.021014
    29 1.238233 -0.010016 -0.000001 0.000000 0.000000 -0.000069
    30 1.411205 -2.324533 -0.164424 0.000000 -1.015714 -1.523672
    31 1.705496 0.014868 0.000000 -0.000204 -0.178091 -0.002995
    32 1.168496 -0.005664 0.000000 0.000000 0.272236 0.010472
    33 0.507340 -2.583594 -0.164424 0.066154 0.132253 -1.722646
    34 1.834197 0.007359 -0.000003 -0.000384 0.125635 0.010280
    35 1.433359 0.010339 0.000001 0.000000 0.026028 0.005236
    36 -0.355350 -2.261720 -0.160517 0.018088 0.251895 -1.716192
    37 1.886628 -0.004265 0.000001 0.000002 0.052247 0.036656
    38 1.365267 -0.010806 0.000002 0.000000 0.073255 0.010472
    39 -1.187535 -1.692502 -0.156612 0.000000 0.345534 -1.685988
    40 1.675623 -0.010799 -0.000002 0.000000 0.109948 0.005229
    41 1.069994 0.017735 0.000001 0.000000 -0.062843 -0.010472
    42 0.000000 -2.078125 1.572266 0.000000 0.000000 0.000000
    43 0.000001 -3.708984 1.591797 0.000000 0.000000 0.000000
    44 0.000000 -1.273438 2.095703 0.000000 0.000000 0.000000
    45 0.000002 -1.330078 2.132813 0.000000 0.000000 0.000000
    46 0.000000 -2.111328 1.570313 0.000000 0.000000 0.000000
    47 0.000000 -3.744141 1.535156 0.000000 0.000000 0.000000
    48 0.500002 9.999993 0.000002 -1.570796 0.000000 -1.570796
    49 0.500002 9.999993 0.000002 -1.570796 0.000000 -1.570796
    50 0.000000 0.000005 0.000001 -1.570796 0.000000 -1.570796
    51 0.000001 0.000003 -0.500010 -1.570796 0.000000 -1.570796
    52 -0.000001 0.000000 -0.000002 -1.570796 0.000000 0.000000
    53 0.000000 0.000000 0.000000 -1.570797 0.000000 0.000000
    54 0.000001 0.000000 0.000000 -1.570796 0.000000 0.000000
    55 0.000000 0.000000 0.000002 -1.570796 0.000000 0.000000
    56 -0.000003 0.000000 0.000001 -1.570796 0.000000 0.000000
    57 0.000000 0.000000 0.000000 -1.570796 0.000000 0.000000
    58 0.000000 0.000000 -0.000002 -1.570796 0.000000 0.000000
    59 0.000000 0.000000 0.000001 -1.570796 0.000000 0.000000
    60 -0.000003 0.000000 0.000000 -1.570796 0.000000 0.000000
    61 -0.000001 0.000000 0.000000 -1.570796 0.000000 0.000000
    62 0.000000 0.000000 0.000000 -1.570796 0.000001 0.000000
    63 0.000000 0.000000 0.000000 -1.570796 0.000001 0.000000
    64 0.000000 0.000000 0.000001 3.141593 0.000000 0.000000
    65 0.000000 0.000000 0.000000 3.141593 0.000000 0.000000
    66 0.000001 -0.000001 0.000002 3.141592 0.000000 0.000000
    67 0.000000 10.000002 -0.000005 -1.570796 0.000000 -1.570796
    68 0.000000 10.000002 -0.000005 -1.570796 0.000000 -1.570796
    69 0.000000 0.000005 -0.000003 -1.570796 0.000000 -1.570796
    70 -0.000002 0.000006 -0.500010 -1.570796 0.000000 -1.570796
    71 -0.000004 0.000000 -0.000002 -1.570796 0.000000 0.000000
    72 0.000000 0.000000 0.000000 -1.570796 0.000000 0.000000
    73 0.000000 0.000000 0.000000 -1.570796 0.000000 0.000000
    74 -0.000002 0.000000 0.000000 -1.570796 0.000000 0.000000
    75 0.000002 0.000000 0.000000 -1.570796 0.000000 0.000000
    76 0.000006 0.000000 0.000000 -1.570796 0.000000 0.000000
    77 0.000001 0.000000 0.000000 -1.570796 0.000000 0.000000
    78 0.000000 0.000000 0.000000 -1.570796 0.000000 0.000000
    79 0.000003 0.000000 0.000000 -1.570796 0.000000 0.000000
    80 0.000000 0.000000 0.000000 -1.570796 0.000000 0.000000
    81 0.000002 0.000000 -0.000001 -1.570796 0.000000 0.000000
    82 0.000000 0.000000 0.000000 -1.570796 0.000000 0.000000
    83 0.000000 0.000000 -0.000003 0.000000 0.000000 0.000000
    84 0.000000 0.000000 0.000000 0.000000 0.000000 0.000000
    85 0.000000 0.000001 -0.000001 0.000000 0.000000 0.000000
  time 1
    0 -14.165938 0.260174 -7.456118 -4.143919 0.931828 -3.831898
    1 0.026867 -11.331078 -0.000002 0.161590 0.225985 0.430372
    2 0.000000 -0.570801 -0.000001 0.000000 0.000000 0.000000
    3 -0.519569 0.288004 0.590819 0.297537 -0.077185 -3.023944
    4 2.276719 -0.124224 -0.000001 0.000000 0.000000 -0.409436
    5 1.069446 0.056463 0.000000 0.000000 0.000000 0.848230
    6 -1.351848 -2.282777 -0.142105 0.000000 -1.179440 -1.638864
    7 1.730202 -0.000584 0.000001 0.000324 -0.198701 0.001940
    8 1.203226 -0.010942 0.000001 0.000000 0.100333 0.000000
    9 -0.426622 -2.482385 -0.142105 -0.076324 0.022071 -1.459407
    10 1.929139 0.004627 0.000003 -0.000192 0.001705 -6.282802
    11 1.416995 0.008475 0.000000 0.000000 0.090190 0.020944
    12 0.384484 -2.164757 -0.146011 -0.056788 0.214995 -1.460893
    13 1.956384 0.053687 0.000000 -0.000001 0.033042 -0.010473
    14 1.365878 0.003407 0.000000 0.000001 -0.014530 0.005236
    15 1.194772 -1.659521 -0.142105 0.000000 0.110385 -1.445133
    16 1.674395 0.022111 -0.000001 0.000264 0.147431 -0.001725
    17 1.089296 -0.001050 -0.000001 0.000000 -0.150524 0.000000
    18 13.156383 1.111897 -8.782852 -4.216457 -0.990122 -2.495014
    19 -0.295538 -11.160193 0.000002 -0.515640 0.189169 -0.672099
    20 0.926540 -2.891880 2.561642 -0.147118 -1.549641 -0.151666
    21 0.000000 2.791016 0.898926 0.000000 0.000000 0.000000
    22 0.000000 -1.948242 2.902344 0.000000 0.000000 0.000000
    23 -1.135517 -4.179956 2.679904 1.097962 1.234579 1.490849
    24 0.000000 2.902344 1.067383 0.000000 0.000000 0.000000
    25 0.000001 -1.571289 2.902344 0.000000 0.000000 0.000000
    26 -0.021851 -0.545410 -0.000001 0.000000 0.000000 0.000000
    27 0.581406 0.231370 0.582201 -0.166541 -0.157012 -0.185083
    28 2.306785 0.010602 0.000001 0.000000 0.000000 -0.020098
    29 1.234327 -0.010016 -0.000001 0.000000 0.000000 0.001742
    30 1.415111 -2.328439 -0.168330 0.000000 -1.017780 -1.523672
    31 1.705496 0.014868 0.000000 -0.000204 -0.177643 -0.002995
    32 1.164589 -0.005664 0.000000 0.000000 0.274102 0.010472
    33 0.503433 -2.575781 -0.168330 0.066166 0.133138 -1.722586
    34 1.834197 0.007359 -0.000003 -0.000384 0.129261 0.010184
    35 1.433359 0.010339 0.000001 0.000000 0.028402 0.005236
    36 -0.355350 -2.261720 -0.168329 0.018088 0.252883 -1.716144
    37 1.886628 -0.004265 0.000001 0.000002 0.055443 0.036656
    38 1.369174 -0.010806 0.000002 0.000000 0.075622 0.010472
    39 -1.191442 -1.692502 -0.168331 0.000000 0.346718 -1.685988
    40 1.679530 -0.010799 -0.000002 0.000000 0.111770 0.005229
    41 1.062181 0.017735 0.000001 0.000000 -0.060176 -0.010472
    42 0.000000 -2.078125 1.572266 0.000000 0.000000 0.000000
    43 0.000001 -3.708984 1.591797 0.000000 0.000000 0.000000
    44 0.000000 -1.273438 2.095703 0.000000 0.000000 0.000000
    45 0.000002 -1.330078 2.132813 0.000000 0.000000 0.000000
    46 0.000000 -2.111328 1.570313 0.000000 0.000000 0.000000
    47 0.000000 -3.744141 1.535156 0.000000 0.000000 0.000000
    48 0.500002 9.999993 0.000002 -1.570796 0.000000 -1.570796
    49 0.500002 9.999993 0.000002 -1.570796 0.000000 -1.570796
    50 0.000000 0.000005 0.000001 -1.570796 0.000000 -1.570796
    51 0.000001 0.000003 -0.500010 -1.570796 0.000000 -1.570796
    52 -0.000001 0.000000 -0.000002 -1.570796 0.000000 0.000000
    53 0.000000 0.000000 0.000000 -1.570797 0.000000 0.000000
    54 0.000001 0.000000 0.000000 -1.570796 0.000000 0.000000
    55 0.000000 0.000000 0.000002 -1.570796 0.000000 0.000000
    56 -0.000003 0.000000 0.000001 -1.570796 0.000000 0.000000
    57 0.000000 0.000000 0.000000 -1.570796 0.000000 0.000000
    58 0.000000 0.000000 -0.000002 -1.570796 0.000000 0.000000
    59 0.000000 0.000000 0.000001 -1.570796 0.000000 0.000000
    60 -0.000003 0.000000 0.000000 -1.570796 0.000000 0.000000
    61 -0.000001 0.000000 0.000000 -1.570796 0.000000 0.000000
    62 0.000000 0.000000 0.000000 -1.570796 0.000001 0.000000
    63 0.000000 0.000000 0.000000 -1.570796 0.000001 0.000000
    64 0.000000 0.000000 0.000001 3.141593 0.000000 0.000000
    65 0.000000 0.000000 0.000000 3.141593 0.000000 0.000000
    66 0.000001 -0.000001 0.000002 3.141592 0.000000 0.000000
    67 0.000000 10.000002 -0.000005 -1.570796 0.000000 -1.570796
    68 0.000000 10.000002 -0.000005 -1.570796 0.000000 -1.570796
    69 0.000000 0.000005 -0.000003 -1.570796 0.000000 -1.570796
    70 -0.000002 0.000006 -0.500010 -1.570796 0.000000 -1.570796
    71 -0.000004 0.000000 -0.000002 -1.570796 0.000000 0.000000
    72 0.000000 0.000000 0.000000 -1.570796 0.000000 0.000000
    73 0.000000 0.000000 0.000000 -1.570796 0.000000 0.000000
    74 -0.000002 0.000000 0.000000 -1.570796 0.000000 0.000000
    75 0.000002 0.000000 0.000000 -1.570796 0.000000 0.000000
    76 0.000006 0.000000 0.000000 -1.570796 0.000000 0.000000
    77 0.000001 0.000000 0.000000 -1.570796 0.000000 0.000000
    78 0.000000 0.000000 0.000000 -1.570796 0.000000 0.000000
    79 0.000003 0.000000 0.000000 -1.570796 0.000000 0.000000
    80 0.000000 0.000000 0.000000 -1.570796 0.000000 0.000000
    81 0.000002 0.000000 -0.000001 -1.570796 0.000000 0.000000
    82 0.000000 0.000000 0.000000 -1.570796 0.000000 0.000000
    83 0.000000 0.000000 -0.000003 0.000000 0.000000 0.000000
    84 0.000000 0.000000 0.000000 0.000000 0.000000 0.000000
    85 0.000000 0.000001 -0.000001 0.000000 0.000000 0.000000
  time 2
    0 -13.556545 -0.739856 -7.233455 -4.014582 1.105663 -3.770878
    1 0.026867 -11.331078 -0.000002 0.062916 0.099678 0.499556
    2 0.000000 -0.570801 -0.000001 0.000000 0.000000 0.000000
    3 -0.519569 0.284097 0.590819 0.301360 -0.071211 -3.033535
    4 2.276719 -0.120318 -0.000001 0.000000 0.000000 -0.420455
    5 1.069446 0.056463 0.000000 0.000000 0.000000 0.848230
    6 -1.355754 -2.278871 -0.142105 0.000000 -1.193369 -1.638864
    7 1.726295 -0.000584 0.000001 0.000312 -0.195350 0.001952
    8 1.199319 -0.010942 0.000001 0.000000 0.109433 0.000000
    9 -0.426622 -2.482385 -0.142105 -0.076324 0.025346 -1.459698
    10 1.925233 0.004627 0.000003 -0.000096 0.020899 -6.283185
    11 1.416995 0.008475 0.000000 0.000000 0.104408 0.020944
    12 0.376671 -2.164757 -0.149917 -0.056824 0.219716 -1.461216
    13 1.952478 0.057593 0.000000 -0.000001 0.051174 -0.010473
    14 1.365878 0.003407 0.000000 0.000001 -0.000312 0.005236
    15 1.190866 -1.655615 -0.146012 0.000000 0.114835 -1.445133
    16 1.678301 0.018204 -0.000001 0.000287 0.156435 -0.001725
    17 1.085390 -0.001050 -0.000001 0.000000 -0.135826 0.000000
    18 12.468862 0.529848 -8.653942 -3.922634 -1.200512 -2.712322
    19 -0.295538 -11.156286 0.000002 -0.685693 0.013433 -0.713705
    20 0.805443 -3.743468 2.702271 -0.673273 -1.549641 -0.151666
    21 0.000000 2.791016 0.898926 0.000000 0.000000 0.000000
    22 0.000000 -1.948242 2.902344 0.000000 0.000000 0.000000
    23 -0.776131 -5.105766 2.480679 0.404846 1.225482 1.465433
    24 0.000000 2.902344 1.067383 0.000000 0.000000 0.000000
    25 0.000001 -1.571289 2.902344 0.000000 0.000000 0.000000
    26 -0.021851 -0.545410 -0.000001 0.000000 0.000000 0.000000
    27 0.585312 0.235277 0.582201 -0.171170 -0.148486 -0.172248
    28 2.306785 0.010602 0.000001 0.000000 0.000000 -0.012565
    29 1.238233 -0.010016 -0.000001 0.000000 0.000000 0.016628
    30 1.415111 -2.324533 -0.168330 0.000000 -1.034446 -1.523672
    31 1.705496 0.014868 0.000000 -0.000192 -0.174212 -0.002995
    32 1.160683 -0.005664 0.000000 0.000000 0.289378 0.010472
    33 0.511246 -2.575781 -0.168330 0.066214 0.140278 -1.722083
    34 1.830290 0.007359 -0.000003 -0.000384 0.159459 0.010280
    35 1.433359 0.010339 0.000001 0.000000 0.047875 0.005236
    36 -0.351444 -2.261720 -0.168329 0.018124 0.261158 -1.715988
    37 1.886628 -0.004265 0.000001 0.000002 0.083297 0.036656
    38 1.369174 -0.010806 0.000002 0.000000 0.096498 0.010472
    39 -1.187535 -1.688595 -0.168331 0.000000 0.356834 -1.685988
    40 1.679530 -0.010799 -0.000002 0.000000 0.126716 0.005229
    41 1.062181 0.017735 0.000001 0.000000 -0.037484 -0.010472
    42 0.000000 -2.078125 1.572266 0.000000 0.000000 0.000000
    43 0.000001 -3.708984 1.591797 0.000000 0.000000 0.000000
    44 0.000000 -1.273438 2.095703 0.000000 0.000000 0.000000
    45 0.000002 -1.330078 2.132813 0.000000 0.000000 0.000000
    46 0.000000 -2.111328 1.570313 0.000000 0.000000 0.000000
    47 0.000000 -3.744141 1.535156 0.000000 0.000000 0.000000
    48 0.500002 9.999993 0.000002 -1.570796 0.000000 -1.570796
    49 0.500002 9.999993 0.000002 -1.570796 0.000000 -1.570796
    50 0.000000 0.000005 0.000001 -1.570796 0.000000 -1.570796
    51 0.000001 0.000003 -0.500010 -1.570796 0.000000 -1.570796
    52 -0.000001 0.000000 -0.000002 -1.570796 0.000000 0.000000
    53 0.000000 0.000000 0.000000 -1.570797 0.000000 0.000000
    54 0.000001 0.000000 0.000000 -1.570796 0.000000 0.000000
    55 0.000000 0.000000 0.000002 -1.570796 0.000000 0.000000
    56 -0.000003 0.000000 0.000001 -1.570796 0.000000 0.000000
    57 0.000000 0.000000 0.000000 -1.570796 0.000000 0.000000
    58 0.000000 0.000000 -0.000002 -1.570796 0.000000 0.000000
    59 0.000000 0.000000 0.000001 -1.570796 0.000000 0.000000
    60 -0.000003 0.000000 0.000000 -1.570796 0.000000 0.000000
    61 -0.000001 0.000000 0.000000 -1.570796 0.000000 0.000000
    62 0.000000 0.000000 0.000000 -1.570796 0.000001 0.000000
    63 0.000000 0.000000 0.000000 -1.570796 0.000001 0.000000
    64 0.000000 0.000000 0.000001 3.141593 0.000000 0.000000
    65 0.000000 0.000000 0.000000 3.141593 0.000000 0.000000
    66 0.000001 -0.000001 0.000002 3.141592 0.000000 0.000000
    67 0.000000 10.000002 -0.000005 -1.570796 0.000000 -1.570796
    68 0.000000 10.000002 -0.000005 -1.570796 0.000000 -1.570796
    69 0.000000 0.000005 -0.000003 -1.570796 0.000000 -1.570796
    70 -0.000002 0.000006 -0.500010 -1.570796 0.000000 -1.570796
    71 -0.000004 0.000000 -0.000002 -1.570796 0.000000 0.000000
    72 0.000000 0.000000 0.000000 -1.570796 0.000000 0.000000
    73 0.000000 0.000000 0.000000 -1.570796 0.000000 0.000000
    74 -0.000002 0.000000 0.000000 -1.570796 0.000000 0.000000
    75 0.000002 0.000000 0.000000 -1.570796 0.000000 0.000000
    76 0.000006 0.000000 0.000000 -1.570796 0.000000 0.000000
    77 0.000001 0.000000 0.000000 -1.570796 0.000000 0.000000
    78 0.000000 0.000000 0.000000 -1.570796 0.000000 0.000000
    79 0.000003 0.000000 0.000000 -1.570796 0.000000 0.000000
    80 0.000000 0.000000 0.000000 -1.570796 0.000000 0.000000
    81 0.000002 0.000000 -0.000001 -1.570796 0.000000 0.000000
    82 0.000000 0.000000 0.000000 -1.570796 0.000000 0.000000
    83 0.000000 0.000000 -0.000003 0.000000 0.000000 0.000000
    84 0.000000 0.000000 0.000000 0.000000 0.000000 0.000000
    85 0.000000 0.000001 -0.000001 0.000000 0.000000 0.000000
  time 3
    0 -13.009653 -1.521130 -7.053762 -3.821615 1.254780 -3.638397
    1 0.026867 -11.331078 -0.000002 -0.016647 0.002247 0.582442
    2 0.000000 -0.570801 -0.000001 0.000000 0.000000 0.000000
    3 -0.523475 0.288004 0.586913 0.308527 -0.059711 -3.052028
    4 2.280626 -0.120318 -0.000001 0.000000 0.000000 -0.441788
    5 1.069446 0.056463 0.000000 0.000000 0.000000 0.848230
    6 -1.355754 -2.282777 -0.142105 0.000000 -1.220292 -1.638864
    7 1.730202 -0.000584 0.000001 0.000300 -0.188899 0.001952
    8 1.203226 -0.010942 0.000001 0.000000 0.126995 0.000000
    9 -0.426622 -2.478479 -0.142105 -0.076348 0.031795 -1.460197
    10 1.929139 0.004627 0.000003 -0.000192 0.058070 -6.282898
    11 1.416995 0.008475 0.000000 0.000000 0.131806 0.020944
    12 0.380577 -2.160851 -0.149917 -0.056907 0.228798 -1.461696
    13 1.952478 0.057593 0.000000 -0.000001 0.086005 -0.010473
    14 1.365878 0.003407 0.000000 0.000001 0.027086 0.005236
    15 1.190866 -1.659521 -0.146012 0.000000 0.123337 -1.445133
    16 1.674395 0.018204 -0.000001 0.000335 0.173841 -0.001713
    17 1.089296 -0.001050 -0.000001 0.000000 -0.107354 0.000000
    18 11.902438 0.018114 -8.560189 -3.374910 -1.330389 3.084873
    19 -0.295538 -11.160193 0.000002 -0.812577 -0.115311 -0.711584
    20 0.012450 -4.973975 2.647582 -1.337295 -1.549641 -0.151666
    21 0.000000 2.791016 0.898926 0.000000 0.000000 0.000000
    22 0.000000 -1.948242 2.902344 0.000000 0.000000 0.000000
    23 0.673132 -5.898759 2.211140 -0.403743 1.210669 1.465433
    24 0.000000 2.902344 1.067383 0.000000 0.000000 0.000000
    25 0.000001 -1.571289 2.902344 0.000000 0.000000 0.000000
    26 -0.021851 -0.545410 -0.000001 0.000000 0.000000 0.000000
    27 0.581406 0.239183 0.578294 -0.178921 -0.133508 -0.150486
    28 2.306785 0.010602 0.000001 0.000000 0.000000 0.000434
    29 1.238233 -0.010016 -0.000001 0.000000 0.000000 0.042287
    30 1.411205 -2.328439 -0.168330 0.000000 -1.063267 -1.523672
    31 1.701589 0.014868 0.000000 -0.000180 -0.168246 -0.003007
    32 1.164589 -0.005664 0.000000 0.000000 0.315882 0.010472
    33 0.507340 -2.575781 -0.168330 0.066285 0.152625 -1.721256
    34 1.834197 0.007359 -0.000003 -0.000384 0.211652 0.010472
    35 1.433359 0.010339 0.000001 0.000000 0.081591 0.005236
    36 -0.355350 -2.261720 -0.164423 0.018196 0.275391 -1.715785
    37 1.886628 -0.004265 0.000001 0.000002 0.131071 0.036656
    38 1.373080 -0.010806 0.000002 0.000000 0.132698 0.010472
    39 -1.187535 -1.692502 -0.164424 0.000000 0.374200 -1.685988
    40 1.679530 -0.010799 -0.000002 0.000000 0.152469 0.005229
    41 1.066088 0.017735 0.000001 0.000000 0.001771 -0.010472
    42 0.000000 -2.078125 1.572266 0.000000 0.000000 0.000000
    43 0.000001 -3.708984 1.591797 0.000000 0.000000 0.000000
    44 0.000000 -1.273438 2.095703 0.000000 0.000000 0.000000
    45 0.000002 -1.330078 2.132813 0.000000 0.000000 0.000000
    46 0.000000 -2.111328 1.570313 0.000000 0.000000 0.000000
    47 0.000000 -3.744141 1.535156 0.000000 0.000000 0.000000
    48 0.500002 9.999993 0.000002 -1.570796 0.000000 -1.570796
    49 0.500002 9.999993 0.000002 -1.570796 0.000000 -1.570796
    50 0.000000 0.000005 0.000001 -1.570796 0.000000 -1.570796
    51 0.000001 0.000003 -0.500010 -1.570796 0.000000 -1.570796
    52 -0.000001 0.000000 -0.000002 -1.570796 0.000000 0.000000
    53 0.000000 0.000000 0.000000 -1.570797 0.000000 0.000000
    54 0.000001 0.000000 0.000000 -1.570796 0.000000 0.000000
    55 0.000000 0.000000 0.000002 -1.570796 0.000000 0.000000
    56 -0.000003 0.000000 0.000001 -1.570796 0.000000 0.000000
    57 0.000000 0.000000 0.000000 -1.570796 0.000000 0.000000
    58 0.000000 0.000000 -0.000002 -1.570796 0.000000 0.000000
    59 0.000000 0.000000 0.000001 -1.570796 0.000000 0.000000
    60 -0.000003 0.000000 0.000000 -1.570796 0.000000 0.000000
    61 -0.000001 0.000000 0.000000 -1.570796 0.000000 0.000000
    62 0.000000 0.000000 0.000000 -1.570796 0.000001 0.000000
    63 0.000000 0.000000 0.000000 -1.570796 0.000001 0.000000
    64 0.000000 0.000000 0.000001 3.141593 0.000000 0.000000
    65 0.000000 0.000000 0.000000 3.141593 0.000000 0.000000
    66 0.000001 -0.000001 0.000002 3.141592 0.000000 0.000000
    67 0.000000 10.000002 -0.000005 -1.570796 0.000000 -1.570796
    68 0.000000 10.000002 -0.000005 -1.570796 0.000000 -1.570796
    69 0.000000 0.000005 -0.000003 -1.570796 0.000000 -1.570796
    70 -0.000002 0.000006 -0.500010 -1.570796 0.000000 -1.570796
    71 -0.000004 0.000000 -0.000002 -1.570796 0.000000 0.000000
    72 0.000000 0.000000 0.000000 -1.570796 0.000000 0.000000
    73 0.000000 0.000000 0.000000 -1.570796 0.000000 0.000000
    74 -0.000002 0.000000 0.000000 -1.570796 0.000000 0.000000
    75 0.000002 0.000000 0.000000 -1.570796 0.000000 0.000000
    76 0.000006 0.000000 0.000000 -1.570796 0.000000 0.000000
    77 0.000001 0.000000 0.000000 -1.570796 0.000000 0.000000
    78 0.000000 0.000000 0.000000 -1.570796 0.000000 0.000000
    79 0.000003 0.000000 0.000000 -1.570796 0.000000 0.000000
    80 0.000000 0.000000 0.000000 -1.570796 0.000000 0.000000
    81 0.000002 0.000000 -0.000001 -1.570796 0.000000 0.000000
    82 0.000000 0.000000 0.000000 -1.570796 0.000000 0.000000
    83 0.000000 0.000000 -0.000003 0.000000 0.000000 0.000000
    84 0.000000 0.000000 0.000000 0.000000 0.000000 0.000000
    85 0.000000 0.000001 -0.000001 0.000000 0.000000 0.000000
  time 4
    0 -12.529170 -2.110992 -6.924852 -3.461340 1.371298 -3.331477
    1 0.026867 -11.331078 -0.000002 -0.089048 -0.074959 0.664389
    2 0.000000 -0.570801 -0.000001 0.000000 0.000000 0.000000
    3 -0.527382 0.280191 0.586913 0.317546 -0.044554 -3.076071
    4 2.268907 -0.124224 -0.000001 0.000000 0.000000 -0.469504
    5 1.069446 0.056463 0.000000 0.000000 0.000000 0.848230
    6 -1.355754 -2.278871 -0.142105 0.000000 -1.255326 -1.638864
    7 1.730202 -0.000584 0.000001 0.000276 -0.180474 0.001952
    8 1.203226 -0.010942 0.000001 0.000000 0.149884 0.000000
    9 -0.430529 -2.482385 -0.142105 -0.076372 0.040159 -1.460821
    10 1.925233 0.004627 0.000003 -0.000192 0.106304 -6.282993
    11 1.416995 0.008475 0.000000 0.000000 0.167459 0.020944
    12 0.384484 -2.160851 -0.138198 -0.057075 0.240600 -1.462391
    13 1.952478 0.049780 0.000000 -0.000001 0.131473 -0.010473
    14 1.358065 0.003407 0.000000 0.000001 0.062739 0.005236
    15 1.190866 -1.659521 -0.138199 0.000000 0.134625 -1.445133
    16 1.674395 0.018204 -0.000001 0.000383 0.196420 -0.001701
    17 1.089296 -0.001050 -0.000001 0.000000 -0.070511 0.000000
    18 11.461019 -0.388149 -8.505500 -2.625323 -1.339604 2.385479
    19 -0.295538 -11.160193 0.000002 -0.920681 -0.177909 -0.643066
    20 -1.136023 -5.888065 2.542110 -2.029983 -1.549641 -0.151666
    21 0.000000 2.791016 0.898926 0.000000 0.000000 0.000000
    22 0.000000 -1.948242 2.902344 0.000000 0.000000 0.000000
    23 2.317714 -6.222987 2.019728 -1.154821 1.200495 1.493574
    24 0.000000 2.902344 1.067383 0.000000 0.000000 0.000000
    25 0.000001 -1.571289 2.902344 0.000000 0.000000 0.000000
    26 -0.021851 -0.545410 -0.000001 0.000000 0.000000 0.000000
    27 0.581406 0.235277 0.578294 -0.187810 -0.115195 -0.124456
    28 2.306785 0.010602 0.000001 0.000000 0.000000 0.016198
    29 1.238233 -0.010016 -0.000001 0.000000 0.000000 0.073471
    30 1.419017 -2.324533 -0.168330 0.000000 -1.098183 -1.523672
    31 1.705496 0.014868 0.000000 -0.000156 -0.161051 -0.003007
    32 1.168496 -0.005664 0.000000 0.000000 0.347984 0.010472
    33 0.507340 -2.575781 -0.168330 0.066453 0.167598 -1.720273
    34 1.834197 0.007359 -0.000003 -0.000384 0.274961 0.010280
    35 1.429453 0.010339 0.000001 0.000000 0.122469 0.005236
    36 -0.351444 -2.269533 -0.168329 0.018292 0.292707 -1.715425
    37 1.886628 -0.004265 0.000001 0.000002 0.189005 0.036656
    38 1.369174 -0.010806 0.000002 0.000000 0.176387 0.010472
    39 -1.187535 -1.692502 -0.168331 0.000000 0.395284 -1.685988
    40 1.675623 -0.010799 -0.000002 0.000000 0.183844 0.005229
    41 1.066088 0.017735 0.000001 0.000000 0.049261 -0.010472
    42 0.000000 -2.078125 1.572266 0.000000 0.000000 0.000000
    43 0.000001 -3.708984 1.591797 0.000000 0.000000 0.000000
    44 0.000000 -1.273438 2.095703 0.000000 0.000000 0.000000
    45 0.000002 -1.330078 2.132813 0.000000 0.000000 0.000000
    46 0.000000 -2.111328 1.570313 0.000000 0.000000 0.000000
    47 0.000000 -3.744141 1.535156 0.000000 0.000000 0.000000
    48 0.500002 9.999993 0.000002 -1.570796 0.000000 -1.570796
    49 0.500002 9.999993 0.000002 -1.570796 0.000000 -1.570796
    50 0.000000 0.000005 0.000001 -1.570796 0.000000 -1.570796
    51 0.000001 0.000003 -0.500010 -1.570796 0.000000 -1.570796
    52 -0.000001 0.000000 -0.000002 -1.570796 0.000000 0.000000
    53 0.000000 0.000000 0.000000 -1.570797 0.000000 0.000000
    54 0.000001 0.000000 0.000000 -1.570796 0.000000 0.000000
    55 0.000000 0.000000 0.000002 -1.570796 0.000000 0.000000
    56 -0.000003 0.000000 0.000001 -1.570796 0.000000 0.000000
    57 0.000000 0.000000 0.000000 -1.570796 0.000000 0.000000
    58 0.000000 0.000000 -0.000002 -1.570796 0.000000 0.000000
    59 0.000000 0.000000 0.000001 -1.570796 0.000000 0.000000
    60 -0.000003 0.000000 0.000000 -1.570796 0.000000 0.000000
    61 -0.000001 0.000000 0.000000 -1.570796 0.000000 0.000000
    62 0.000000 0.000000 0.000000 -1.570796 0.000001 0.000000
    63 0.000000 0.000000 0.000000 -1.570796 0.000001 0.000000
    64 0.000000 0.000000 0.000001 3.141593 0.000000 0.000000
    65 0.000000 0.000000 0.000000 3.141593 0.000000 0.000000
    66 0.000001 -0.000001 0.000002 3.141592 0.000000 0.000000
    67 0.000000 10.000002 -0.000005 -1.570796 0.000000 -1.570796
    68 0.000000 10.000002 -0.000005 -1.570796 0.000000 -1.570796
    69 0.000000 0.000005 -0.000003 -1.570796 0.000000 -1.570796
    70 -0.000002 0.000006 -0.500010 -1.570796 0.000000 -1.570796
    71 -0.000004 0.000000 -0.000002 -1.570796 0.000000 0.000000
    72 0.000000 0.000000 0.000000 -1.570796 0.000000 0.000000
    73 0.000000 0.000000 0.000000 -1.570796 0.000000 0.000000
    74 -0.000002 0.000000 0.000000 -1.570796 0.000000 0.000000
    75 0.000002 0.000000 0.000000 -1.570796 0.000000 0.000000
    76 0.000006 0.000000 0.000000 -1.570796 0.000000 0.000000
    77 0.000001 0.000000 0.000000 -1.570796 0.000000 0.000000
    78 0.000000 0.000000 0.000000 -1.570796 0.000000 0.000000
    79 0.000003 0.000000 0.000000 -1.570796 0.000000 0.000000
    80 0.000000 0.000000 0.000000 -1.570796 0.000000 0.000000
    81 0.000002 0.000000 -0.000001 -1.570796 0.000000 0.000000
    82 0.000000 0.000000 0.000000 -1.570796 0.000000 0.000000
    83 0.000000 0.000000 -0.000003 0.000000 0.000000 0.000000
    84 0.000000 0.000000 0.000000 0.000000 0.000000 0.000000
    85 0.000000 0.000001 -0.000001 0.000000 0.000000 0.000000
  time 5
    0 -12.119001 -2.489910 -6.827192 -2.752541 1.426422 -2.668880
    1 0.026867 -11.331078 -0.000002 -0.164746 -0.140703 0.734324
    2 0.000000 -0.570801 -0.000001 0.000000 0.000000 0.000000
    3 -0.527382 0.280191 0.586913 0.327028 -0.027600 -3.102217
    4 2.276719 -0.124224 -0.000001 0.000000 0.000000 -0.500008
    5 1.069446 0.056463 0.000000 0.000000 0.000000 0.848230
    6 -1.355754 -2.278871 -0.142105 0.000000 -1.293885 -1.638864
    7 1.734108 -0.000584 0.000001 0.000252 -0.171220 0.001964
    8 1.203226 -0.010942 0.000001 0.000000 0.175131 0.000000
    9 -0.426622 -2.478479 -0.142105 -0.076396 0.049429 -1.461528
    10 1.921327 0.004627 0.000003 -0.000192 0.159461 -6.282898
    11 1.413089 0.008475 0.000000 0.000000 0.206698 0.020944
    12 0.376671 -2.160851 -0.146011 -0.057315 0.253603 -1.463170
    13 1.952478 0.049780 0.000000 -0.000001 0.181736 -0.010473
    14 1.358065 0.003407 0.000000 0.000001 0.101978 0.005236
    15 1.186960 -1.655615 -0.138199 0.000000 0.146962 -1.445133
    16 1.670489 0.018204 -0.000001 0.000467 0.221270 -0.001677
    17 1.085390 -0.001050 -0.000001 0.000000 -0.029969 0.000000
    18 11.144603 -0.720190 -8.497687 -2.160447 -1.259849 1.961255
    19 -0.291631 -11.156286 0.000002 -0.969679 -0.148632 -0.546802
    20 -2.409499 -5.548211 2.514766 -2.640890 -1.549641 -0.151666
    21 0.000000 2.791016 0.898926 0.000000 0.000000 0.000000
    22 0.000000 -1.948242 2.902344 0.000000 0.000000 0.000000
    23 3.184928 -5.562811 1.992383 -1.704067 1.198985 1.522939
    24 0.000000 2.902344 1.067383 0.000000 0.000000 0.000000
    25 0.000001 -1.571289 2.902344 0.000000 0.000000 0.000000
    26 -0.021851 -0.545410 -0.000001 0.000000 0.000000 0.000000
    27 0.581406 0.235277 0.578294 -0.196253 -0.096546 -0.098185
    28 2.306785 0.010602 0.000001 0.000000 0.000000 0.032087
    29 1.234327 -0.010016 -0.000001 0.000000 0.000000 0.104870
    30 1.411205 -2.328439 -0.164424 0.000000 -1.133443 -1.523672
    31 1.705496 0.014868 0.000000 -0.000144 -0.153792 -0.003007
    32 1.160683 -0.005664 0.000000 0.000000 0.380339 0.010472
    33 0.503433 -2.575781 -0.168330 0.066693 0.182689 -1.719291
    34 1.838103 0.007359 -0.000003 -0.000384 0.338508 0.010184
    35 1.429453 0.010339 0.000001 0.000000 0.163588 0.005236
    36 -0.359256 -2.269533 -0.168329 0.018352 0.310073 -1.715077
    37 1.886628 -0.004265 0.000001 0.000002 0.247224 0.036656
    38 1.369174 -0.010806 0.000002 0.000000 0.220205 0.010472
    39 -1.187535 -1.692502 -0.160518 0.000000 0.416472 -1.685988
    40 1.679530 -0.010799 -0.000002 0.000000 0.215496 0.005229
    41 1.066088 0.017735 0.000001 0.000000 0.097078 -0.010472
    42 0.000000 -2.078125 1.572266 0.000000 0.000000 0.000000
    43 0.000001 -3.708984 1.591797 0.000000 0.000000 0.000000
    44 0.000000 -1.273438 2.095703 0.000000 0.000000 0.000000
    45 0.000002 -1.330078 2.132813 0.000000 0.000000 0.000000
    46 0.000000 -2.111328 1.570313 0.000000 0.000000 0.000000
    47 0.000000 -3.744141 1.535156 0.000000 0.000000 0.000000
    48 0.500002 9.999993 0.000002 -1.570796 0.000000 -1.570796
    49 0.500002 9.999993 0.000002 -1.570796 0.000000 -1.570796
    50 0.000000 0.000005 0.000001 -1.570796 0.000000 -1.570796
    51 0.000001 0.000003 -0.500010 -1.570796 0.000000 -1.570796
    52 -0.000001 0.000000 -0.000002 -1.570796 0.000000 0.000000
    53 0.000000 0.000000 0.000000 -1.570797 0.000000 0.000000
    54 0.000001 0.000000 0.000000 -1.570796 0.000000 0.000000
    55 0.000000 0.000000 0.000002 -1.570796 0.000000 0.000000
    56 -0.000003 0.000000 0.000001 -1.570796 0.000000 0.000000
    57 0.000000 0.000000 0.000000 -1.570796 0.000000 0.000000
    58 0.000000 0.000000 -0.000002 -1.570796 0.000000 0.000000
    59 0.000000 0.000000 0.000001 -1.570796 0.000000 0.000000
    60 -0.000003 0.000000 0.000000 -1.570796 0.000000 0.000000
    61 -0.000001 0.000000 0.000000 -1.570796 0.000000 0.000000
    62 0.000000 0.000000 0.000000 -1.570796 0.000001 0.000000
    63 0.000000 0.000000 0.000000 -1.570796 0.000001 0.000000
    64 0.000000 0.000000 0.000001 3.141593 0.000000 0.000000
    65 0.000000 0.000000 0.000000 3.141593 0.000000 0.000000
    66 0.000001 -0.000001 0.000002 3.141592 0.000000 0.000000
    67 0.000000 10.000002 -0.000005 -1.570796 0.000000 -1.570796
    68 0.000000 10.000002 -0.000005 -1.570796 0.000000 -1.570796
    69 0.000000 0.000005 -0.000003 -1.570796 0.000000 -1.570796
    70 -0.000002 0.000006 -0.500010 -1.570796 0.000000 -1.570796
    71 -0.000004 0.000000 -0.000002 -1.570796 0.000000 0.000000
    72 0.000000 0.000000 0.000000 -1.570796 0.000000 0.000000
    73 0.000000 0.000000 0.000000 -1.570796 0.000000 0.000000
    74 -0.000002 0.000000 0.000000 -1.570796 0.000000 0.000000
    75 0.000002 0.000000 0.000000 -1.570796 0.000000 0.000000
    76 0.000006 0.000000 0.000000 -1.570796 0.000000 0.000000
    77 0.000001 0.000000 0.000000 -1.570796 0.000000 0.000000
    78 0.000000 0.000000 0.000000 -1.570796 0.000000 0.000000
    79 0.000003 0.000000 0.000000 -1.570796 0.000000 0.000000
    80 0.000000 0.000000 0.000000 -1.570796 0.000000 0.000000
    81 0.000002 0.000000 -0.000001 -1.570796 0.000000 0.000000
    82 0.000000 0.000000 0.000000 -1.570796 0.000000 0.000000
    83 0.000000 0.000000 -0.000003 0.000000 0.000000 0.000000
    84 0.000000 0.000000 0.000000 0.000000 0.000000 0.000000
    85 0.000000 0.000001 -0.000001 0.000000 0.000000 0.000000
  time 6
    0 -11.767428 -2.677415 -6.784222 -2.050696 1.394225 -2.005804
    1 0.026867 -11.331078 -0.000002 -0.254237 -0.203333 0.783988
    2 0.000000 -0.570801 -0.000001 0.000000 0.000000 0.000000
    3 -0.527382 0.288004 0.590819 0.335806 -0.010959 -3.127475
    4 2.268907 -0.120318 -0.000001 0.000000 0.000000 -0.529639
    5 1.069446 0.056463 0.000000 0.000000 0.000000 0.848230
    6 -1.355754 -2.286684 -0.146012 0.000000 -1.331382 -1.638864
    7 1.730202 -0.000584 0.000001 0.000240 -0.162232 0.001964
    8 1.199319 -0.010942 0.000001 0.000000 0.199546 0.000000
    9 -0.426622 -2.482385 -0.142105 -0.076432 0.058398 -1.462221
    10 1.925233 0.004627 0.000003 -0.000192 0.211069 -6.282898
    11 1.416995 0.008475 0.000000 0.000000 0.244814 0.020944
    12 0.380577 -2.160851 -0.149917 -0.057507 0.266245 -1.463937
    13 1.952478 0.049780 0.000000 -0.000001 0.230125 -0.010473
    14 1.361971 0.003407 0.000000 0.000001 0.140094 0.005236
    15 1.194772 -1.655615 -0.146012 0.000000 0.158865 -1.445133
    16 1.678301 0.018204 -0.000001 0.000563 0.245409 -0.001653
    17 1.085390 -0.001050 -0.000001 0.000000 0.009648 0.000000
    18 10.949284 -0.970198 -8.525031 -1.952010 -1.152956 1.785237
    19 -0.295538 -11.156286 0.000002 -0.941151 -0.026463 -0.421430
    20 -3.460312 -4.790375 2.538204 -3.061489 -1.549641 -0.151666
    21 0.000000 2.791016 0.898926 0.000000 0.000000 0.000000
    22 0.000000 -1.948242 2.902344 0.000000 0.000000 0.000000
    23 3.599003 -4.492466 2.215046 -1.940424 1.195904 1.494019
    24 0.000000 2.902344 1.067383 0.000000 0.000000 0.000000
    25 0.000001 -1.571289 2.902344 0.000000 0.000000 0.000000
    26 -0.021851 -0.545410 -0.000001 0.000000 0.000000 0.000000
    27 0.581406 0.239183 0.582201 -0.202958 -0.080718 -0.076513
    28 2.306785 0.010602 0.000001 0.000000 0.000000 0.045366
    29 1.234327 -0.010016 -0.000001 0.000000 0.000000 0.131051
    30 1.411205 -2.320627 -0.160517 0.000000 -1.162815 -1.523672
    31 1.701589 0.014868 0.000000 -0.000132 -0.147698 -0.003007
    32 1.164589 -0.005664 0.000000 0.000000 0.407349 0.010472
    33 0.507340 -2.575781 -0.164424 0.066849 0.195287 -1.718428
    34 1.834197 0.007359 -0.000003 -0.000384 0.391711 0.010376
    35 1.433359 0.010339 0.000001 0.000000 0.197948 0.005236
    36 -0.355350 -2.269533 -0.168329 0.018411 0.324648 -1.714838
    37 1.882722 -0.004265 0.000001 0.000002 0.296083 0.036656
    38 1.373080 -0.010806 0.000002 0.000000 0.257007 0.010472
    39 -1.187535 -1.692502 -0.160518 0.000000 0.434274 -1.685988
    40 1.679530 -0.010799 -0.000002 0.000000 0.241744 0.005229
    41 1.069994 0.017735 0.000001 0.000000 0.137035 -0.010472
    42 0.000000 -2.078125 1.572266 0.000000 0.000000 0.000000
    43 0.000001 -3.708984 1.591797 0.000000 0.000000 0.000000
    44 0.000000 -1.273438 2.095703 0.000000 0.000000 0.000000
    45 0.000002 -1.330078 2.132813 0.000000 0.000000 0.000000
    46 0.000000 -2.111328 1.570313 0.000000 0.000000 0.000000
    47 0.000000 -3.744141 1.535156 0.000000 0.000000 0.000000
    48 0.500002 9.999993 0.000002 -1.570796 0.000000 -1.570796
    49 0.500002 9.999993 0.000002 -1.570796 0.000000 -1.570796
    50 0.000000 0.000005 0.000001 -1.570796 0.000000 -1.570796
    51 0.000001 0.000003 -0.500010 -1.570796 0.000000 -1.570796
    52 -0.000001 0.000000 -0.000002 -1.570796 0.000000 0.000000
    53 0.000000 0.000000 0.000000 -1.570797 0.000000 0.000000
    54 0.000001 0.000000 0.000000 -1.570796 0.000000 0.000000
    55 0.000000 0.000000 0.000002 -1.570796 0.000000 0.000000
    56 -0.000003 0.000000 0.000001 -1.570796 0.000000 0.000000
    57 0.000000 0.000000 0.000000 -1.570796 0.000000 0.000000
    58 0.000000 0.000000 -0.000002 -1.570796 0.000000 0.000000
    59 0.000000 0.000000 0.000001 -1.570796 0.000000 0.000000
    60 -0.000003 0.000000 0.000000 -1.570796 0.000000 0.000000
    61 -0.000001 0.000000 0.000000 -1.570796 0.000000 0.000000
    62 0.000000 0.000000 0.000000 -1.570796 0.000001 0.000000
    63 0.000000 0.000000 0.000000 -1.570796 0.000001 0.000000
    64 0.000000 0.000000 0.000001 3.141593 0.000000 0.000000
    65 0.000000 0.000000 0.000000 3.141593 0.000000 0.000000
    66 0.000001 -0.000001 0.000002 3.141592 0.000000 0.000000
    67 0.000000 10.000002 -0.000005 -1.570796 0.000000 -1.570796
    68 0.000000 10.000002 -0.000005 -1.570796 0.000000 -1.570796
    69 0.000000 0.000005 -0.000003 -1.570796 0.000000 -1.570796
    70 -0.000002 0.000006 -0.500010 -1.570796 0.000000 -1.570796
    71 -0.000004 0.000000 -0.000002 -1.570796 0.000000 0.000000
    72 0.000000 0.000000 0.000000 -1.570796 0.000000 0.000000
    73 0.000000 0.000000 0.000000 -1.570796 0.000000 0.000000
    74 -0.000002 0.000000 0.000000 -1.570796 0.000000 0.000000
    75 0.000002 0.000000 0.000000 -1.570796 0.000000 0.000000
    76 0.000006 0.000000 0.000000 -1.570796 0.000000 0.000000
    77 0.000001 0.000000 0.000000 -1.570796 0.000000 0.000000
    78 0.000000 0.000000 0.000000 -1.570796 0.000000 0.000000
    79 0.000003 0.000000 0.000000 -1.570796 0.000000 0.000000
    80 0.000000 0.000000 0.000000 -1.570796 0.000000 0.000000
    81 0.000002 0.000000 -0.000001 -1.570796 0.000000 0.000000
    82 0.000000 0.000000 0.000000 -1.570796 0.000000 0.000000
    83 0.000000 0.000000 -0.000003 0.000000 0.000000 0.000000
    84 0.000000 0.000000 0.000000 0.000000 0.000000 0.000000
    85 0.000000 0.000001 -0.000001 0.000000 0.000000 0.000000
  time 7
    0 -11.486169 -2.657884 -6.784222 -1.715122 1.322040 -1.701950
    1 0.026867 -11.331078 -0.000002 -0.368263 -0.271942 0.807750
    2 0.000000 -0.570801 -0.000001 0.000000 0.000000 0.000000
    3 -0.523475 0.288004 0.590819 0.342956 0.003440 -3.148924
    4 2.276719 -0.120318 -0.000001 0.000000 0.000000 -0.554869
    5 1.069446 0.056463 0.000000 0.000000 0.000000 0.848230
    6 -1.355754 -2.286684 -0.142105 0.000000 -1.363231 -1.638864
    7 1.730202 -0.000584 0.000001 0.000216 -0.154607 0.001976
    8 1.195413 -0.010942 0.000001 0.000000 0.220382 0.000000
    9 -0.426622 -2.478479 -0.142105 -0.076468 0.065956 -1.462817
    10 1.925233 0.004627 0.000003 -0.000192 0.254933 -6.282802
    11 1.413089 0.008475 0.000000 0.000000 0.277226 0.020944
    12 0.384484 -2.160851 -0.149917 -0.057639 0.276968 -1.464620
    13 1.956384 0.057593 0.000000 -0.000001 0.271680 -0.010473
    14 1.361971 0.003407 0.000000 0.000001 0.172506 0.005236
    15 1.194772 -1.659521 -0.146012 0.000000 0.169176 -1.445133
    16 1.674395 0.018204 -0.000001 0.000635 0.265935 -0.001641
    17 1.085390 -0.001050 -0.000001 0.000000 0.043133 0.000000
    18 10.875063 -1.134265 -8.599252 -1.897435 -1.094450 1.744790
    19 -0.295538 -11.160193 0.000002 -0.844882 0.114389 -0.305424
    20 -3.741571 -4.255203 2.557736 -2.351256 -1.562763 -0.995351
    21 0.000000 2.791016 0.898926 0.000000 0.000000 0.000000
    22 0.000000 -1.948242 2.902344 0.000000 0.000000 0.000000
    23 3.649786 -3.226802 2.965069 -2.523474 1.171336 1.408928
    24 0.000000 2.902344 1.067383 0.000000 0.000000 0.000000
    25 0.000001 -1.571289 2.902344 0.000000 0.000000 0.000000
    26 -0.021851 -0.545410 -0.000001 0.000000 0.000000 0.000000
    27 0.581406 0.235277 0.586107 -0.206803 -0.071149 -0.063498
    28 2.306785 0.010602 0.000001 0.000000 0.000000 0.053364
    29 1.234327 -0.010016 -0.000001 0.000000 0.000000 0.146919
    30 1.415111 -2.328439 -0.168330 0.000000 -1.180583 -1.523672
    31 1.705496 0.014868 0.000000 -0.000120 -0.144011 -0.003007
    32 1.168496 -0.005664 0.000000 0.000000 0.423669 0.010472
    33 0.511246 -2.579687 -0.168330 0.066957 0.202884 -1.717888
    34 1.834197 0.007359 -0.000003 -0.000384 0.423871 0.010472
    35 1.429453 0.010339 0.000001 0.000000 0.218628 0.005236
    36 -0.355350 -2.269533 -0.168329 0.018471 0.333433 -1.714598
    37 1.886628 -0.004265 0.000001 0.000002 0.325592 0.036656
    38 1.369174 -0.010806 0.000002 0.000000 0.279304 0.010472
    39 -1.187535 -1.692502 -0.164424 0.000000 0.444972 -1.685988
    40 1.679530 -0.010799 -0.000002 0.000000 0.257678 0.005229
    41 1.066088 0.017735 0.000001 0.000000 0.161084 -0.010472
    42 0.000000 -2.078125 1.572266 0.000000 0.000000 0.000000
    43 0.000001 -3.708984 1.591797 0.000000 0.000000 0.000000
    44 0.000000 -1.273438 2.095703 0.000000 0.000000 0.000000
    45 0.000002 -1.330078 2.132813 0.000000 0.000000 0.000000
    46 0.000000 -2.111328 1.570313 0.000000 0.000000 0.000000
    47 0.000000 -3.744141 1.535156 0.000000 0.000000 0.000000
    48 0.500002 9.999993 0.000002 -1.570796 0.000000 -1.570796
    49 0.500002 9.999993 0.000002 -1.570796 0.000000 -1.570796
    50 0.000000 0.000005 0.000001 -1.570796 0.000000 -1.570796
    51 0.000001 0.000003 -0.500010 -1.570796 0.000000 -1.570796
    52 -0.000001 0.000000 -0.000002 -1.570796 0.000000 0.000000
    53 0.000000 0.000000 0.000000 -1.570797 0.000000 0.000000
    54 0.000001 0.000000 0.000000 -1.570796 0.000000 0.000000
    55 0.000000 0.000000 0.000002 -1.570796 0.000000 0.000000
    56 -0.000003 0.000000 0.000001 -1.570796 0.000000 0.000000
    57 0.000000 0.000000 0.000000 -1.570796 0.000000 0.000000
    58 0.000000 0.000000 -0.000002 -1.570796 0.000000 0.000000
    59 0.000000 0.000000 0.000001 -1.570796 0.000000 0.000000
    60 -0.000003 0.000000 0.000000 -1.570796 0.000000 0.000000
    61 -0.000001 0.000000 0.000000 -1.570796 0.000000 0.000000
    62 0.000000 0.000000 0.000000 -1.570796 0.000001 0.000000
    63 0.000000 0.000000 0.000000 -1.570796 0.000001 0.000000
    64 0.000000 0.000000 0.000001 3.141593 0.000000 0.000000
    65 0.000000 0.000000 0.000000 3.141593 0.000000 0.000000
    66 0.000001 -0.000001 0.000002 3.141592 0.000000 0.000000
    67 0.000000 10.000002 -0.000005 -1.570796 0.000000 -1.570796
    68 0.000000 10.000002 -0.000005 -1.570796 0.000000 -1.570796
    69 0.000000 0.000005 -0.000003 -1.570796 0.000000 -1.570796
    70 -0.000002 0.000006 -0.500010 -1.570796 0.000000 -1.570796
    71 -0.000004 0.000000 -0.000002 -1.570796 0.000000 0.000000
    72 0.000000 0.000000 0.000000 -1.570796 0.000000 0.000000
    73 0.000000 0.000000 0.000000 -1.570796 0.000000 0.000000
    74 -0.000002 0.000000 0.000000 -1.570796 0.000000 0.000000
    75 0.000002 0.000000 0.000000 -1.570796 0.000000 0.000000
    76 0.000006 0.000000 0.000000 -1.570796 0.000000 0.000000
    77 0.000001 0.000000 0.000000 -1.570796 0.000000 0.000000
    78 0.000000 0.000000 0.000000 -1.570796 0.000000 0.000000
    79 0.000003 0.000000 0.000000 -1.570796 0.000000 0.000000
    80 0.000000 0.000000 0.000000 -1.570796 0.000000 0.000000
    81 0.000002 0.000000 -0.000001 -1.570796 0.000000 0.000000
    82 0.000000 0.000000 0.000000 -1.570796 0.000000 0.000000
    83 0.000000 0.000000 -0.000003 0.000000 0.000000 0.000000
    84 0.000000 0.000000 0.000000 0.000000 0.000000 0.000000
    85 0.000000 0.000001 -0.000001 0.000000 0.000000 0.000000
  time 8
    0 -11.271319 -2.439127 -6.827192 -1.565960 1.244615 -1.576845
    1 0.026867 -11.331078 -0.000002 -0.517497 -0.357112 0.803696
    2 0.000000 -0.570801 -0.000001 0.000000 0.000000 0.000000
    3 -0.523475 0.284097 0.586913 0.347637 0.013261 -3.163376
    4 2.276719 -0.120318 -0.000001 0.000000 0.000000 -0.571868
    5 1.069446 0.056463 0.000000 0.000000 0.000000 0.848230
    6 -1.355754 -2.278871 -0.146012 0.000000 -1.384719 -1.638864
    7 1.730202 -0.000584 0.000001 0.000204 -0.149408 0.001976
    8 1.199319 -0.010942 0.000001 0.000000 0.234476 0.000000
    9 -0.430529 -2.478479 -0.146012 -0.076504 0.071196 -1.463219
    10 1.925233 0.004627 0.000003 -0.000192 0.284637 -6.282898
    11 1.416995 0.008475 0.000000 0.000000 0.299136 0.020944
    12 0.376671 -2.160851 -0.142104 -0.057746 0.284249 -1.465003
    13 1.952478 0.049780 0.000000 -0.000001 0.299512 -0.010473
    14 1.365878 0.003407 0.000000 0.000001 0.194416 0.005236
    15 1.190866 -1.659521 -0.138199 0.000000 0.176050 -1.445133
    16 1.674395 0.018204 -0.000001 0.000731 0.279756 -0.001617
    17 1.089296 -0.001050 -0.000001 0.000000 0.065813 0.000000
    18 11.007880 -1.177235 -8.743788 -1.884190 -1.034643 1.741326
    19 -0.295538 -11.156286 0.000002 -0.738073 0.206884 -0.226201
    20 -3.679069 -3.575494 2.573361 -0.656303 -1.506660 -3.060016
    21 0.000000 2.791016 0.898926 0.000000 0.000000 0.000000
    22 0.000000 -1.948242 2.902344 0.000000 0.000000 0.000000
    23 3.145864 -2.207240 3.664309 3.080313 1.135502 1.398027
    24 0.000000 2.902344 1.067383 0.000000 0.000000 0.000000
    25 0.000001 -1.571289 2.902344 0.000000 0.000000 0.000000
    26 -0.021851 -0.545410 -0.000001 0.000000 0.000000 0.000000
    27 0.581406 0.231370 0.590013 -0.206864 -0.071085 -0.063408
    28 2.306785 0.010602 0.000001 0.000000 0.000000 0.053364
    29 1.234327 -0.010016 -0.000001 0.000000 0.000000 0.147011
    30 1.411205 -2.320627 -0.156611 0.000000 -1.180686 -1.523672
    31 1.705496 0.014868 0.000000 -0.000108 -0.143999 -0.003007
    32 1.160683 -0.005664 0.000000 0.000000 0.423732 0.010472
    33 0.507340 -2.575781 -0.160517 0.066957 0.202928 -1.717888
    34 1.830290 0.007359 -0.000003 -0.000096 0.424168 0.010472
    35 1.433359 0.010339 0.000001 0.000000 0.218789 0.005236
    36 -0.355350 -2.269533 -0.160517 0.018471 0.333433 -1.714598
    37 1.882722 -0.004265 0.000001 0.000002 0.325649 0.036656
    38 1.365267 -0.010806 0.000002 0.000000 0.279433 0.010472
    39 -1.187535 -1.688595 -0.160518 0.000000 0.445034 -1.685988
    40 1.679530 -0.010799 -0.000002 0.000000 0.257863 0.005229
    41 1.069994 0.017735 0.000001 0.000000 0.161271 -0.010472
    42 0.000000 -2.078125 1.572266 0.000000 0.000000 0.000000
    43 0.000001 -3.708984 1.591797 0.000000 0.000000 0.000000
    44 0.000000 -1.273438 2.095703 0.000000 0.000000 0.000000
    45 0.000002 -1.330078 2.132813 0.000000 0.000000 0.000000
    46 0.000000 -2.111328 1.570313 0.000000 0.000000 0.000000
    47 0.000000 -3.744141 1.535156 0.000000 0.000000 0.000000
    48 0.500002 9.999993 0.000002 -1.570796 0.000000 -1.570796
    49 0.500002 9.999993 0.000002 -1.570796 0.000000 -1.570796
    50 0.000000 0.000005 0.000001 -1.570796 0.000000 -1.570796
    51 0.000001 0.000003 -0.500010 -1.570796 0.000000 -1.570796
    52 -0.000001 0.000000 -0.000002 -1.570796 0.000000 0.000000
    53 0.000000 0.000000 0.000000 -1.570797 0.000000 0.000000
    54 0.000001 0.000000 0.000000 -1.570796 0.000000 0.000000
    55 0.000000 0.000000 0.000002 -1.570796 0.000000 0.000000
    56 -0.000003 0.000000 0.000001 -1.570796 0.000000 0.000000
    57 0.000000 0.000000 0.000000 -1.570796 0.000000 0.000000
    58 0.000000 0.000000 -0.000002 -1.570796 0.000000 0.000000
    59 0.000000 0.000000 0.000001 -1.570796 0.000000 0.000000
    60 -0.000003 0.000000 0.000000 -1.570796 0.000000 0.000000
    61 -0.000001 0.000000 0.000000 -1.570796 0.000000 0.000000
    62 0.000000 0.000000 0.000000 -1.570796 0.000001 0.000000
    63 0.000000 0.000000 0.000000 -1.570796 0.000001 0.000000
    64 0.000000 0.000000 0.000001 3.141593 0.000000 0.000000
    65 0.000000 0.000000 0.000000 3.141593 0.000000 0.000000
    66 0.000001 -0.000001 0.000002 3.141592 0.000000 0.000000
    67 0.000000 10.000002 -0.000005 -1.570796 0.000000 -1.570796
    68 0.000000 10.000002 -0.000005 -1.570796 0.000000 -1.570796
    69 0.000000 0.000005 -0.000003 -1.570796 0.000000 -1.570796
    70 -0.000002 0.000006 -0.500010 -1.570796 0.000000 -1.570796
    71 -0.000004 0.000000 -0.000002 -1.570796 0.000000 0.000000
    72 0.000000 0.000000 0.000000 -1.570796 0.000000 0.000000
    73 0.000000 0.000000 0.000000 -1.570796 0.000000 0.000000
    74 -0.000002 0.000000 0.000000 -1.570796 0.000000 0.000000
    75 0.000002 0.000000 0.000000 -1.570796 0.000000 0.000000
    76 0.000006 0.000000 0.000000 -1.570796 0.000000 0.000000
    77 0.000001 0.000000 0.000000 -1.570796 0.000000 0.000000
    78 0.000000 0.000000 0.000000 -1.570796 0.000000 0.000000
    79 0.000003 0.000000 0.000000 -1.570796 0.000000 0.000000
    80 0.000000 0.000000 0.000000 -1.570796 0.000000 0.000000
    81 0.000002 0.000000 -0.000001 -1.570796 0.000000 0.000000
    82 0.000000 0.000000 0.000000 -1.570796 0.000000 0.000000
    83 0.000000 0.000000 -0.000003 0.000000 0.000000 0.000000
    84 0.000000 0.000000 0.000000 0.000000 0.000000 0.000000
    85 0.000000 0.000001 -0.000001 0.000000 0.000000 0.000000
  time 9
    0 -11.122877 -2.013333 -6.924852 -1.499213 1.169833 -1.525596
    1 0.026867 -11.331078 -0.000002 -0.627765 -0.450134 0.724714
    2 0.000000 -0.570801 -0.000001 0.000000 0.000000 0.000000
    3 -0.523475 0.288004 0.594726 0.349009 0.016308 -3.167843
    4 2.276719 -0.120318 -0.000001 0.000000 0.000000 -0.577243
    5 1.069446 0.056463 0.000000 0.000000 0.000000 0.848230
    6 -1.355754 -2.278871 -0.142105 0.000000 -1.391513 -1.638864
    7 1.730202 -0.000584 0.000001 0.000204 -0.147795 0.001976
    8 1.191507 -0.010942 0.000001 0.000000 0.238887 0.000000
    9 -0.430529 -2.478479 -0.142105 -0.076504 0.072808 -1.463330
    10 1.925233 0.004627 0.000003 -0.000192 0.294040 -6.282993
    11 1.409182 0.008475 0.000000 0.000000 0.305964 0.020944
    12 0.376671 -2.160851 -0.146011 -0.057782 0.286490 -1.465171
    13 1.952478 0.057593 0.000000 -0.000001 0.308385 -0.010473
    14 1.361971 0.003407 0.000000 0.000001 0.201244 0.005236
    15 1.186960 -1.655615 -0.146012 0.000000 0.178221 -1.445133
    16 1.670489 0.018204 -0.000001 0.000743 0.284162 -0.001617
    17 1.089296 -0.001050 -0.000001 0.000000 0.072919 0.000000
    18 11.355547 -1.067857 -8.974264 -1.928808 -1.013503 1.780930
    19 -0.295538 -11.160193 0.000002 -0.699795 0.221721 -0.220647
    20 -3.518908 -2.423115 2.600706 -0.843066 -1.434506 2.895625
    21 0.000000 2.791016 0.898926 0.000000 0.000000 0.000000
    22 0.000000 -1.948242 2.902344 0.000000 0.000000 0.000000
    23 1.641912 -2.168176 3.699466 2.394950 1.131595 1.467769
    24 0.000000 2.902344 1.067383 0.000000 0.000000 0.000000
    25 0.000001 -1.571289 2.902344 0.000000 0.000000 0.000000
    26 -0.021851 -0.545410 -0.000001 0.000000 0.000000 0.000000
    27 0.581406 0.235277 0.578294 -0.201697 -0.083796 -0.080661
    28 2.306785 0.010602 0.000001 0.000000 0.000000 0.042788
    29 1.234327 -0.010016 -0.000001 0.000000 0.000000 0.126048
    30 1.411205 -2.324533 -0.164424 0.000000 -1.157202 -1.523672
    31 1.705496 0.014868 0.000000 -0.000132 -0.148863 -0.003007
    32 1.168496 -0.005664 0.000000 0.000000 0.402099 0.010472
    33 0.507340 -2.575781 -0.168330 0.066813 0.192897 -1.718596
    34 1.834197 0.007359 -0.000003 -0.000384 0.381546 0.010472
    35 1.437266 0.010339 0.000001 0.000000 0.191309 0.005236
    36 -0.355350 -2.269533 -0.168329 0.018399 0.321821 -1.714886
    37 1.882722 -0.004265 0.000001 0.000002 0.286722 0.036656
    38 1.373080 -0.010806 0.000002 0.000000 0.249905 0.010472
    39 -1.191442 -1.684689 -0.164424 0.000000 0.430888 -1.685988
    40 1.679530 -0.010799 -0.000002 0.000000 0.236803 0.005229
    41 1.062181 0.017735 0.000001 0.000000 0.129315 -0.010472
    42 0.000000 -2.078125 1.572266 0.000000 0.000000 0.000000
    43 0.000001 -3.708984 1.591797 0.000000 0.000000 0.000000
    44 0.000000 -1.273438 2.095703 0.000000 0.000000 0.000000
    45 0.000002 -1.330078 2.132813 0.000000 0.000000 0.000000
    46 0.000000 -2.111328 1.570313 0.000000 0.000000 0.000000
    47 0.000000 -3.744141 1.535156 0.000000 0.000000 0.000000
    48 0.500002 9.999993 0.000002 -1.570796 0.000000 -1.570796
    49 0.500002 9.999993 0.000002 -1.570796 0.000000 -1.570796
    50 0.000000 0.000005 0.000001 -1.570796 0.000000 -1.570796
    51 0.000001 0.000003 -0.500010 -1.570796 0.000000 -1.570796
    52 -0.000001 0.000000 -0.000002 -1.570796 0.000000 0.000000
    53 0.000000 0.000000 0.000000 -1.570797 0.000000 0.000000
    54 0.000001 0.000000 0.000000 -1.570796 0.000000 0.000000
    55 0.000000 0.000000 0.000002 -1.570796 0.000000 0.000000
    56 -0.000003 0.000000 0.000001 -1.570796 0.000000 0.000000
    57 0.000000 0.000000 0.000000 -1.570796 0.000000 0.000000
    58 0.000000 0.000000 -0.000002 -1.570796 0.000000 0.000000
    59 0.000000 0.000000 0.000001 -1.570796 0.000000 0.000000
    60 -0.000003 0.000000 0.000000 -1.570796 0.000000 0.000000
    61 -0.000001 0.000000 0.000000 -1.570796 0.000000 0.000000
    62 0.000000 0.000000 0.000000 -1.570796 0.000001 0.000000
    63 0.000000 0.000000 0.000000 -1.570796 0.000001 0.000000
    64 0.000000 0.000000 0.000001 3.141593 0.000000 0.000000
    65 0.000000 0.000000 0.000000 3.141593 0.000000 0.000000
    66 0.000001 -0.000001 0.000002 3.141592 0.000000 0.000000
    67 0.000000 10.000002 -0.000005 -1.570796 0.000000 -1.570796
    68 0.000000 10.000002 -0.000005 -1.570796 0.000000 -1.570796
    69 0.000000 0.000005 -0.000003 -1.570796 0.000000 -1.570796
    70 -0.000002 0.000006 -0.500010 -1.570796 0.000000 -1.570796
    71 -0.000004 0.000000 -0.000002 -1.570796 0.000000 0.000000
    72 0.000000 0.000000 0.000000 -1.570796 0.000000 0.000000
    73 0.000000 0.000000 0.000000 -1.570796 0.000000 0.000000
    74 -0.000002 0.000000 0.000000 -1.570796 0.000000 0.000000
    75 0.000002 0.000000 0.000000 -1.570796 0.000000 0.000000
    76 0.000006 0.000000 0.000000 -1.570796 0.000000 0.000000
    77 0.000001 0.000000 0.000000 -1.570796 0.000000 0.000000
    78 0.000000 0.000000 0.000000 -1.570796 0.000000 0.000000
    79 0.000003 0.000000 0.000000 -1.570796 0.000000 0.000000
    80 0.000000 0.000000 0.000000 -1.570796 0.000000 0.000000
    81 0.000002 0.000000 -0.000001 -1.570796 0.000000 0.000000
    82 0.000000 0.000000 0.000000 -1.570796 0.000000 0.000000
    83 0.000000 0.000000 -0.000003 0.000000 0.000000 0.000000
    84 0.000000 0.000000 0.000000 0.000000 0.000000 0.000000
    85 0.000000 0.000001 -0.000001 0.000000 0.000000 0.000000
  time 10
    0 -11.040843 -1.388314 -7.053762 -1.496016 1.137009 -1.524255
    1 0.026867 -11.331078 -0.000002 -0.682686 -0.580905 0.487581
    2 0.000000 -0.570801 -0.000001 0.000000 0.000000 0.000000
    3 -0.519569 0.288004 0.594726 0.346351 0.010513 -3.159270
    4 2.276719 -0.128130 -0.000001 0.000000 0.000000 -0.567131
    5 1.069446 0.056463 0.000000 0.000000 0.000000 0.848230
    6 -1.359660 -2.278871 -0.138199 0.000000 -1.378731 -1.638864
    7 1.730202 -0.000584 0.000001 0.000204 -0.150880 0.001976
    8 1.203226 -0.010942 0.000001 0.000000 0.230564 0.000000
    9 -0.430529 -2.478479 -0.138199 -0.076492 0.069684 -1.463122
    10 1.925233 0.004627 0.000003 -0.000192 0.276395 -6.282898
    11 1.413089 0.008475 0.000000 0.000000 0.293042 0.020944
    12 0.376671 -2.160851 -0.146011 -0.057710 0.282209 -1.464871
    13 1.952478 0.049780 0.000000 -0.000001 0.291686 -0.010473
    14 1.365878 0.003407 0.000000 0.000001 0.188323 0.005236
    15 1.194772 -1.659521 -0.138199 0.000000 0.174024 -1.445133
    16 1.674395 0.018204 -0.000001 0.000683 0.275952 -0.001629
    17 1.085390 -0.001050 -0.000001 0.000000 0.059486 0.000000
    18 11.828217 -0.876445 -9.243803 -2.012503 -1.017731 1.848435
    19 -0.295538 -11.160193 0.000002 -0.701882 0.190360 -0.279900
    20 -3.014986 -1.387928 2.585080 -1.106431 -1.398569 2.566874
    21 0.000000 2.791016 0.898926 0.000000 0.000000 0.000000
    22 0.000000 -1.948242 2.902344 0.000000 0.000000 0.000000
    23 0.020769 -2.562719 3.375238 1.706883 1.176549 1.526387
    24 0.000000 2.902344 1.067383 0.000000 0.000000 0.000000
    25 0.000001 -1.571289 2.902344 0.000000 0.000000 0.000000
    26 -0.021851 -0.545410 -0.000001 0.000000 0.000000 0.000000
    27 0.581406 0.239183 0.582201 -0.189271 -0.112052 -0.119887
    28 2.306785 0.010602 0.000001 0.000000 0.000000 0.018885
    29 1.238233 -0.010016 -0.000001 0.000000 0.000000 0.078781
    30 1.415111 -2.324533 -0.164424 0.000000 -1.104174 -1.523672
    31 1.705496 0.014868 0.000000 -0.000156 -0.159822 -0.003007
    32 1.168496 -0.005664 0.000000 0.000000 0.353455 0.010472
    33 0.507340 -2.575781 -0.160517 0.066477 0.170150 -1.720142
    34 1.834197 0.007359 -0.000003 -0.000384 0.285661 0.010472
    35 1.429453 0.010339 0.000001 0.000000 0.129389 0.005236
    36 -0.355350 -2.269533 -0.164423 0.018304 0.295635 -1.715341
    37 1.878815 -0.004265 0.000001 0.000002 0.198765 0.036656
    38 1.369174 -0.010806 0.000002 0.000000 0.183661 0.010472
    39 -1.187535 -1.692502 -0.160518 0.000000 0.398857 -1.685988
    40 1.679530 -0.010799 -0.000002 0.000000 0.189248 0.005229
    41 1.066088 0.017735 0.000001 0.000000 0.057355 -0.010472
    42 0.000000 -2.078125 1.572266 0.000000 0.000000 0.000000
    43 0.000001 -3.708984 1.591797 0.000000 0.000000 0.000000
    44 0.000000 -1.273438 2.095703 0.000000 0.000000 0.000000
    45 0.000002 -1.330078 2.132813 0.000000 0.000000 0.000000
    46 0.000000 -2.111328 1.570313 0.000000 0.000000 0.000000
    47 0.000000 -3.744141 1.535156 0.000000 0.000000 0.000000
    48 0.500002 9.999993 0.000002 -1.570796 0.000000 -1.570796
    49 0.500002 9.999993 0.000002 -1.570796 0.000000 -1.570796
    50 0.000000 0.000005 0.000001 -1.570796 0.000000 -1.570796
    51 0.000001 0.000003 -0.500010 -1.570796 0.000000 -1.570796
    52 -0.000001 0.000000 -0.000002 -1.570796 0.000000 0.000000
    53 0.000000 0.000000 0.000000 -1.570797 0.000000 0.000000
    54 0.000001 0.000000 0.000000 -1.570796 0.000000 0.000000
    55 0.000000 0.000000 0.000002 -1.570796 0.000000 0.000000
    56 -0.000003 0.000000 0.000001 -1.570796 0.000000 0.000000
    57 0.000000 0.000000 0.000000 -1.570796 0.000000 0.000000
    58 0.000000 0.000000 -0.000002 -1.570796 0.000000 0.000000
    59 0.000000 0.000000 0.000001 -1.570796 0.000000 0.000000
    60 -0.000003 0.000000 0.000000 -1.570796 0.000000 0.000000
    61 -0.000001 0.000000 0.000000 -1.570796 0.000000 0.000000
    62 0.000000 0.000000 0.000000 -1.570796 0.000001 0.000000
    63 0.000000 0.000000 0.000000 -1.570796 0.000001 0.000000
    64 0.000000 0.000000 0.000001 3.141593 0.000000 0.000000
    65 0.000000 0.000000 0.000000 3.141593 0.000000 0.000000
    66 0.000001 -0.000001 0.000002 3.141592 0.000000 0.000000
    67 0.000000 10.000002 -0.000005 -1.570796 0.000000 -1.570796
    68 0.000000 10.000002 -0.000005 -1.570796 0.000000 -1.570796
    69 0.000000 0.000005 -0.000003 -1.570796 0.000000 -1.570796
    70 -0.000002 0.000006 -0.500010 -1.570796 0.000000 -1.570796
    71 -0.000004 0.000000 -0.000002 -1.570796 0.000000 0.000000
    72 0.000000 0.000000 0.000000 -1.570796 0.000000 0.000000
    73 0.000000 0.000000 0.000000 -1.570796 0.000000 0.000000
    74 -0.000002 0.000000 0.000000 -1.570796 0.000000 0.000000
    75 0.000002 0.000000 0.000000 -1.570796 0.000000 0.000000
    76 0.000006 0.000000 0.000000 -1.570796 0.000000 0.000000
    77 0.000001 0.000000 0.000000 -1.570796 0.000000 0.000000
    78 0.000000 0.000000 0.000000 -1.570796 0.000000 0.000000
    79 0.000003 0.000000 0.000000 -1.570796 0.000000 0.000000
    80 0.000000 0.000000 0.000000 -1.570796 0.000000 0.000000
    81 0.000002 0.000000 -0.000001 -1.570796 0.000000 0.000000
    82 0.000000 0.000000 0.000000 -1.570796 0.000000 0.000000
    83 0.000000 0.000000 -0.000003 0.000000 0.000000 0.000000
    84 0.000000 0.000000 0.000000 0.000000 0.000000 0.000000
    85 0.000000 0.000001 -0.000001 0.000000 0.000000 0.000000
  time 11
    0 -11.048656 -0.364845 -7.272519 -1.561883 1.123575 -1.576175
    1 0.026867 -11.331078 -0.000002 -0.665100 -0.662630 0.185618
    2 0.000000 -0.570801 -0.000001 0.000000 0.000000 0.000000
    3 -0.527382 0.288004 0.586913 0.338224 -0.006129 -3.134669
    4 2.276719 -0.120318 -0.000001 0.000000 0.000000 -0.538105
    5 1.069446 0.056463 0.000000 0.000000 0.000000 0.848230
    6 -1.355754 -2.286684 -0.142105 0.000000 -1.342041 -1.638864
    7 1.730202 -0.000584 0.000001 0.000228 -0.159696 0.001964
    8 1.199319 -0.010942 0.000001 0.000000 0.206565 0.000000
    9 -0.430529 -2.478479 -0.146012 -0.076444 0.060968 -1.462415
    10 1.925233 0.004627 0.000003 -0.000192 0.225838 -6.282898
    11 1.413089 0.008475 0.000000 0.000000 0.255661 0.020944
    12 0.376671 -2.160851 -0.149917 -0.057567 0.269806 -1.464128
    13 1.956384 0.053687 0.000000 -0.000001 0.244179 -0.010473
    14 1.365878 0.003407 0.000000 0.000001 0.150941 0.005236
    15 1.194772 -1.655615 -0.142105 0.000000 0.162302 -1.445133
    16 1.674395 0.018204 -0.000001 0.000587 0.252251 -0.001653
    17 1.085390 -0.001050 -0.000001 0.000000 0.020745 0.000000
    18 12.324326 -0.657688 -9.517249 -2.121935 -1.033920 1.936070
    19 -0.295538 -11.160193 0.000002 -0.685334 0.142177 -0.378259
    20 -1.831357 -0.981665 2.534297 -1.363564 -1.419857 2.224732
    21 0.000000 2.791016 0.898926 0.000000 0.000000 0.000000
    22 0.000000 -1.948242 2.902344 0.000000 0.000000 0.000000
    23 -0.850352 -3.086173 2.840065 1.021520 1.233908 1.487123
    24 0.000000 2.902344 1.067383 0.000000 0.000000 0.000000
    25 0.000001 -1.571289 2.902344 0.000000 0.000000 0.000000
    26 -0.021851 -0.545410 -0.000001 0.000000 0.000000 0.000000
    27 0.581406 0.235277 0.582201 -0.165972 -0.158055 -0.186646
    28 2.306785 0.010602 0.000001 0.000000 0.000000 -0.021014
    29 1.234327 -0.010016 -0.000001 0.000000 0.000000 -0.000069
    30 1.415111 -2.324533 -0.160517 0.000000 -1.015714 -1.523672
    31 1.705496 0.014868 0.000000 -0.000204 -0.178091 -0.002995
    32 1.160683 -0.005664 0.000000 0.000000 0.272236 0.010472
    33 0.507340 -2.575781 -0.164424 0.066154 0.132253 -1.722646
    34 1.838103 0.007359 -0.000003 -0.000384 0.125635 0.010472
    35 1.425546 0.010339 0.000001 0.000000 0.026028 0.005236
    36 -0.351444 -2.257814 -0.164423 0.018088 0.251878 -1.716180
    37 1.882722 -0.004265 0.000001 0.000002 0.052247 0.036656
    38 1.369174 -0.010806 0.000002 0.000000 0.073255 0.010472
    39 -1.191442 -1.684689 -0.168331 0.000000 0.345534 -1.685988
    40 1.679530 -0.010799 -0.000002 0.000000 0.109948 0.005229
    41 1.066088 0.017735 0.000001 0.000000 -0.062843 -0.010472
    42 0.000000 -2.078125 1.572266 0.000000 0.000000 0.000000
    43 0.000001 -3.708984 1.591797 0.000000 0.000000 0.000000
    44 0.000000 -1.273438 2.095703 0.000000 0.000000 0.000000
    45 0.000002 -1.330078 2.132813 0.000000 0.000000 0.000000
    46 0.000000 -2.111328 1.570313 0.000000 0.000000 0.000000
    47 0.000000 -3.744141 1.535156 0.000000 0.000000 0.000000
    48 0.500002 9.999993 0.000002 -1.570796 0.000000 -1.570796
    49 0.500002 9.999993 0.000002 -1.570796 0.000000 -1.570796
    50 0.000000 0.000005 0.000001 -1.570796 0.000000 -1.570796
    51 0.000001 0.000003 -0.500010 -1.570796 0.000000 -1.570796
    52 -0.000001 0.000000 -0.000002 -1.570796 0.000000 0.000000
    53 0.000000 0.000000 0.000000 -1.570797 0.000000 0.000000
    54 0.000001 0.000000 0.000000 -1.570796 0.000000 0.000000
    55 0.000000 0.000000 0.000002 -1.570796 0.000000 0.000000
    56 -0.000003 0.000000 0.000001 -1.570796 0.000000 0.000000
    57 0.000000 0.000000 0.000000 -1.570796 0.000000 0.000000
    58 0.000000 0.000000 -0.000002 -1.570796 0.000000 0.000000
    59 0.000000 0.000000 0.000001 -1.570796 0.000000 0.000000
    60 -0.000003 0.000000 0.000000 -1.570796 0.000000 0.000000
    61 -0.000001 0.000000 0.000000 -1.570796 0.000000 0.000000
    62 0.000000 0.000000 0.000000 -1.570796 0.000001 0.000000
    63 0.000000 0.000000 0.000000 -1.570796 0.000001 0.000000
    64 0.000000 0.000000 0.000001 3.141593 0.000000 0.000000
    65 0.000000 0.000000 0.000000 3.141593 0.000000 0.000000
    66 0.000001 -0.000001 0.000002 3.141592 0.000000 0.000000
    67 0.000000 10.000002 -0.000005 -1.570796 0.000000 -1.570796
    68 0.000000 10.000002 -0.000005 -1.570796 0.000000 -1.570796
    69 0.000000 0.000005 -0.000003 -1.570796 0.000000 -1.570796
    70 -0.000002 0.000006 -0.500010 -1.570796 0.000000 -1.570796
    71 -0.000004 0.000000 -0.000002 -1.570796 0.000000 0.000000
    72 0.000000 0.000000 0.000000 -1.570796 0.000000 0.000000
    73 0.000000 0.000000 0.000000 -1.570796 0.000000 0.000000
    74 -0.000002 0.000000 0.000000 -1.570796 0.000000 0.000000
    75 0.000002 0.000000 0.000000 -1.570796 0.000000 0.000000
    76 0.000006 0.000000 0.000000 -1.570796 0.000000 0.000000
    77 0.000001 0.000000 0.000000 -1.570796 0.000000 0.000000
    78 0.000000 0.000000 0.000000 -1.570796 0.000000 0.000000
    79 0.000003 0.000000 0.000000 -1.570796 0.000000 0.000000
    80 0.000000 0.000000 0.000000 -1.570796 0.000000 0.000000
    81 0.000002 0.000000 -0.000001 -1.570796 0.000000 0.000000
    82 0.000000 0.000000 0.000000 -1.570796 0.000000 0.000000
    83 0.000000 0.000000 -0.000003 0.000000 0.000000 0.000000
    84 0.000000 0.000000 0.000000 0.000000 0.000000 0.000000
    85 0.000000 0.000001 -0.000001 0.000000 0.000000 0.000000
  time 12
    0 -11.122877 0.857849 -7.530339 -1.702412 1.146144 -1.685378
    1 0.026867 -11.331078 -0.000002 -0.673432 -0.646015 -0.028541
    2 0.000000 -0.570801 -0.000001 0.000000 0.000000 0.000000
    3 -0.519569 0.288004 0.594726 0.322827 -0.035268 -3.090458
    4 2.276719 -0.120318 -0.000001 0.000000 0.000000 -0.486335
    5 1.069446 0.056463 0.000000 0.000000 0.000000 0.848230
    6 -1.355754 -2.278871 -0.142105 0.000000 -1.276644 -1.638864
    7 1.730202 -0.000584 0.000001 0.000264 -0.175370 0.001976
    8 1.203226 -0.010942 0.000001 0.000000 0.163756 0.000000
    9 -0.430529 -2.478479 -0.142105 -0.076384 0.045248 -1.461223
    10 1.929139 0.004627 0.000003 -0.000192 0.135676 -6.282898
    11 1.413089 0.008475 0.000000 0.000000 0.189110 0.020944
    12 0.384484 -2.160851 -0.146011 -0.057195 0.247802 -1.462882
    13 1.956384 0.057593 0.000000 -0.000001 0.159250 -0.010473
    14 1.361971 0.003407 0.000000 0.000001 0.084390 0.005236
    15 1.194772 -1.655615 -0.138199 0.000000 0.141463 -1.445133
    16 1.674395 0.018204 -0.000001 0.000431 0.210104 -0.001689
    17 1.089296 -0.001050 -0.000001 0.000000 -0.048123 0.000000
    18 12.754027 -0.462370 -9.747725 -2.239539 -1.050688 2.029978
    19 -0.291631 -11.156286 0.000002 -0.578920 0.129449 -0.482425
    20 -0.491472 -1.188703 2.436638 -1.503923 -1.490297 1.831347
    21 0.000000 2.791016 0.898926 0.000000 0.000000 0.000000
    22 0.000000 -1.948242 2.902344 0.000000 0.000000 0.000000
    23 -0.901135 -3.457278 2.347863 1.288075 1.279976 1.467157
    24 0.000000 2.902344 1.067383 0.000000 0.000000 0.000000
    25 0.000001 -1.571289 2.902344 0.000000 0.000000 0.000000
    26 -0.021851 -0.545410 -0.000001 0.000000 0.000000 0.000000
    27 0.581406 0.235277 0.582201 -0.117990 -0.233473 -0.305405
    28 2.306785 0.010602 0.000001 0.000000 0.000000 -0.089895
    29 1.234327 -0.010016 -0.000001 0.000000 0.000000 -0.136192
    30 1.415111 -2.324533 -0.164424 0.000000 -0.863000 -1.523672
    31 1.705496 0.014868 0.000000 -0.000276 -0.209611 -0.002983
    32 1.168496 -0.005664 0.000000 0.000000 0.131904 0.010472
    33 0.507340 -2.579687 -0.160517 0.065662 0.066844 -1.727021
    34 1.834197 0.007359 -0.000003 -0.000384 -0.150785 0.010472
    35 1.429453 0.010339 0.000001 0.000000 -0.152450 0.005236
    36 -0.355350 -2.265626 -0.164423 0.017800 0.176368 -1.717546
    37 1.882722 -0.004265 0.000001 0.000002 -0.200893 0.036656
    38 1.373080 -0.010806 0.000002 0.000000 -0.117643 0.010472
    39 -1.187535 -1.692502 -0.160518 0.000000 0.253387 -1.685988
    40 1.679530 -0.010799 -0.000002 0.000000 -0.027067 0.005229
    41 1.066088 0.017735 0.000001 0.000000 -0.270441 -0.010472
    42 0.000000 -2.078125 1.572266 0.000000 0.000000 0.000000
    43 0.000001 -3.708984 1.591797 0.000000 0.000000 0.000000
    44 0.000000 -1.273438 2.095703 0.000000 0.000000 0.000000
    45 0.000002 -1.330078 2.132813 0.000000 0.000000 0.000000
    46 0.000000 -2.111328 1.570313 0.000000 0.000000 0.000000
    47 0.000000 -3.744141 1.535156 0.000000 0.000000 0.000000
    48 0.500002 9.999993 0.000002 -1.570796 0.000000 -1.570796
    49 0.500002 9.999993 0.000002 -1.570796 0.000000 -1.570796
    50 0.000000 0.000005 0.000001 -1.570796 0.000000 -1.570796
    51 0.000001 0.000003 -0.500010 -1.570796 0.000000 -1.570796
    52 -0.000001 0.000000 -0.000002 -1.570796 0.000000 0.000000
    53 0.000000 0.000000 0.000000 -1.570797 0.000000 0.000000
    54 0.000001 0.000000 0.000000 -1.570796 0.000000 0.000000
    55 0.000000 0.000000 0.000002 -1.570796 0.000000 0.000000
    56 -0.000003 0.000000 0.000001 -1.570796 0.000000 0.000000
    57 0.000000 0.000000 0.000000 -1.570796 0.000000 0.000000
    58 0.000000 0.000000 -0.000002 -1.570796 0.000000 0.000000
    59 0.000000 0.000000 0.000001 -1.570796 0.000000 0.000000
    60 -0.000003 0.000000 0.000000 -1.570796 0.000000 0.000000
    61 -0.000001 0.000000 0.000000 -1.570796 0.000000 0.000000
    62 0.000000 0.000000 0.000000 -1.570796 0.000001 0.000000
    63 0.000000 0.000000 0.000000 -1.570796 0.000001 0.000000
    64 0.000000 0.000000 0.000001 3.141593 0.000000 0.000000
    65 0.000000 0.000000 0.000000 3.141593 0.000000 0.000000
    66 0.000001 -0.000001 0.000002 3.141592 0.000000 0.000000
    67 0.000000 10.000002 -0.000005 -1.570796 0.000000 -1.570796
    68 0.000000 10.000002 -0.000005 -1.570796 0.000000 -1.570796
    69 0.000000 0.000005 -0.000003 -1.570796 0.000000 -1.570796
    70 -0.000002 0.000006 -0.500010 -1.570796 0.000000 -1.570796
    71 -0.000004 0.000000 -0.000002 -1.570796 0.000000 0.000000
    72 0.000000 0.000000 0.000000 -1.570796 0.000000 0.000000
    73 0.000000 0.000000 0.000000 -1.570796 0.000000 0.000000
    74 -0.000002 0.000000 0.000000 -1.570796 0.000000 0.000000
    75 0.000002 0.000000 0.000000 -1.570796 0.000000 0.000000
    76 0.000006 0.000000 0.000000 -1.570796 0.000000 0.000000
    77 0.000001 0.000000 0.000000 -1.570796 0.000000 0.000000
    78 0.000000 0.000000 0.000000 -1.570796 0.000000 0.000000
    79 0.000003 0.000000 0.000000 -1.570796 0.000000 0.000000
    80 0.000000 0.000000 0.000000 -1.570796 0.000000 0.000000
    81 0.000002 0.000000 -0.000001 -1.570796 0.000000 0.000000
    82 0.000000 0.000000 0.000000 -1.570796 0.000000 0.000000
    83 0.000000 0.000000 -0.000003 0.000000 0.000000 0.000000
    84 0.000000 0.000000 0.000000 0.000000 0.000000 0.000000
    85 0.000000 0.000001 -0.000001 0.000000 0.000000 0.000000
  time 13
    0 -11.185379 1.705531 -7.725657 -1.915364 1.183177 -1.855314
    1 0.026867 -11.331078 -0.000002 -0.760831 -0.544534 -0.050013
    2 0.000000 -0.570801 -0.000001 0.000000 0.000000 0.000000
    3 -0.523475 0.284097 0.586913 0.297176 -0.077719 -3.022959
    4 2.276719 -0.124224 -0.000001 0.000000 0.000000 -0.408361
    5 1.069446 0.056463 0.000000 0.000000 0.000000 0.848230
    6 -1.355754 -2.286684 -0.146012 0.000000 -1.178081 -1.638864
    7 1.730202 -0.000584 0.000001 0.000324 -0.199030 0.001940
    8 1.195413 -0.010942 0.000001 0.000000 0.099445 0.000000
    9 -0.430529 -2.478479 -0.146012 -0.076324 0.021668 -1.459407
    10 1.925233 0.004627 0.000003 -0.000192 -0.000120 -6.282898
    11 1.413089 0.008475 0.000000 0.000000 0.088807 0.020944
    12 0.376671 -2.160851 -0.142104 -0.056788 0.214555 -1.460869
    13 1.952478 0.053687 0.000000 -0.000001 0.031223 -0.010473
    14 1.365878 0.003407 0.000000 0.000001 -0.015913 0.005236
    15 1.194772 -1.659521 -0.146012 0.000000 0.109951 -1.445133
    16 1.674395 0.018204 -0.000001 0.000252 0.146610 -0.001725
    17 1.089296 -0.001050 -0.000001 0.000000 -0.151887 0.000000
    18 13.019660 -0.349085 -9.892261 -2.341645 -1.059975 2.108718
    19 -0.295538 -11.160193 0.000002 -0.456749 0.153739 -0.545843
    20 0.469495 -2.184827 2.272571 0.080103 -1.549641 -0.151666
    21 0.000000 2.791016 0.898926 0.000000 0.000000 0.000000
    22 0.000000 -1.948242 2.902344 0.000000 0.000000 0.000000
    23 -0.643314 -3.754162 1.875192 1.321338 1.345700 1.417715
    24 0.000000 2.902344 1.067383 0.000000 0.000000 0.000000
    25 0.000001 -1.571289 2.902344 0.000000 0.000000 0.000000
    26 -0.021851 -0.545410 -0.000001 0.000000 0.000000 0.000000
    27 0.585312 0.239183 0.578294 0.008516 -0.364451 -0.563303
    28 2.306785 0.010602 0.000001 0.000000 0.000000 -0.228185
    29 1.234327 -0.010016 -0.000001 0.000000 0.000000 -0.409481
    30 1.415111 -2.324533 -0.164424 0.000000 -0.556402 -1.523672
    31 1.705496 0.014868 0.000000 -0.000408 -0.272932 -0.002935
    32 1.164589 -0.005664 0.000000 0.000000 -0.149740 0.010472
    33 0.507340 -2.575781 -0.160517 0.065650 -0.064534 -1.735650
    34 1.834197 0.007359 -0.000003 0.000000 -0.705824 0.010472
    35 1.429453 0.010339 0.000001 0.000000 -0.510653 0.005236
    36 -0.355350 -2.257814 -0.168329 0.017573 0.024785 -1.720303
    37 1.886628 -0.004265 0.000001 0.000002 -0.709113 0.036656
    38 1.373080 -0.010806 0.000002 0.000000 -0.500946 0.010472
    39 -1.191442 -1.688595 -0.164424 0.000000 0.068407 -1.685988
    40 1.675623 -0.010799 -0.000002 0.000000 -0.301991 0.005229
    41 1.069994 0.017735 0.000001 0.000000 -0.686994 -0.010472
    42 0.000000 -2.078125 1.572266 0.000000 0.000000 0.000000
    43 0.000001 -3.708984 1.591797 0.000000 0.000000 0.000000
    44 0.000000 -1.273438 2.095703 0.000000 0.000000 0.000000
    45 0.000002 -1.330078 2.132813 0.000000 0.000000 0.000000
    46 0.000000 -2.111328 1.570313 0.000000 0.000000 0.000000
    47 0.000000 -3.744141 1.535156 0.000000 0.000000 0.000000
    48 0.500002 9.999993 0.000002 -1.570796 0.000000 -1.570796
    49 0.500002 9.999993 0.000002 -1.570796 0.000000 -1.570796
    50 0.000000 0.000005 0.000001 -1.570796 0.000000 -1.570796
    51 0.000001 0.000003 -0.500010 -1.570796 0.000000 -1.570796
    52 -0.000001 0.000000 -0.000002 -1.570796 0.000000 0.000000
    53 0.000000 0.000000 0.000000 -1.570797 0.000000 0.000000
    54 0.000001 0.000000 0.000000 -1.570796 0.000000 0.000000
    55 0.000000 0.000000 0.000002 -1.570796 0.000000 0.000000
    56 -0.000003 0.000000 0.000001 -1.570796 0.000000 0.000000
    57 0.000000 0.000000 0.000000 -1.570796 0.000000 0.000000
    58 0.000000 0.000000 -0.000002 -1.570796 0.000000 0.000000
    59 0.000000 0.000000 0.000001 -1.570796 0.000000 0.000000
    60 -0.000003 0.000000 0.000000 -1.570796 0.000000 0.000000
    61 -0.000001 0.000000 0.000000 -1.570796 0.000000 0.000000
    62 0.000000 0.000000 0.000000 -1.570796 0.000001 0.000000
    63 0.000000 0.000000 0.000000 -1.570796 0.000001 0.000000
    64 0.000000 0.000000 0.000001 3.141593 0.000000 0.000000
    65 0.000000 0.000000 0.000000 3.141593 0.000000 0.000000
    66 0.000001 -0.000001 0.000002 3.141592 0.000000 0.000000
    67 0.000000 10.000002 -0.000005 -1.570796 0.000000 -1.570796
    68 0.000000 10.000002 -0.000005 -1.570796 0.000000 -1.570796
    69 0.000000 0.000005 -0.000003 -1.570796 0.000000 -1.570796
    70 -0.000002 0.000006 -0.500010 -1.570796 0.000000 -1.570796
    71 -0.000004 0.000000 -0.000002 -1.570796 0.000000 0.000000
    72 0.000000 0.000000 0.000000 -1.570796 0.000000 0.000000
    73 0.000000 0.000000 0.000000 -1.570796 0.000000 0.000000
    74 -0.000002 0.000000 0.000000 -1.570796 0.000000 0.000000
    75 0.000002 0.000000 0.000000 -1.570796 0.000000 0.000000
    76 0.000006 0.000000 0.000000 -1.570796 0.000000 0.000000
    77 0.000001 0.000000 0.000000 -1.570796 0.000000 0.000000
    78 0.000000 0.000000 0.000000 -1.570796 0.000000 0.000000
    79 0.000003 0.000000 0.000000 -1.570796 0.000000 0.000000
    80 0.000000 0.000000 0.000000 -1.570796 0.000000 0.000000
    81 0.000002 0.000000 -0.000001 -1.570796 0.000000 0.000000
    82 0.000000 0.000000 0.000000 -1.570796 0.000000 0.000000
    83 0.000000 0.000000 -0.000003 0.000000 0.000000 0.000000
    84 0.000000 0.000000 0.000000 0.000000 0.000000 0.000000
    85 0.000000 0.000001 -0.000001 0.000000 0.000000 0.000000
  time 14
    0 -11.216630 1.783658 -7.788159 -2.188108 1.214299 -2.079277
    1 0.026867 -11.331078 -0.000002 -0.886664 -0.328676 0.028218
    2 0.000000 -0.570801 -0.000001 0.000000 0.000000 0.000000
    3 -0.527382 0.280191 0.586913 0.259815 -0.129726 -2.933913
    4 2.276719 -0.120318 -0.000001 0.000000 0.000000 -0.307979
    5 1.069446 0.056463 0.000000 0.000000 0.000000 0.848230
    6 -1.355754 -2.282777 -0.142105 0.000000 -1.051194 -1.638864
    7 1.730202 -0.000584 0.000001 0.000371 -0.229470 0.001916
    8 1.199319 -0.010942 0.000001 0.000000 0.016490 0.000000
    9 -0.426622 -2.478479 -0.142105 -0.076312 -0.008614 -1.457092
    10 1.929139 0.004627 0.000003 -0.000192 -0.174968 -6.282898
    11 1.413089 0.008475 0.000000 0.000000 -0.040320 0.020944
    12 0.384484 -2.160851 -0.146011 -0.056320 0.171746 -1.458436
    13 1.952478 0.057593 0.000000 -0.000001 -0.133509 -0.010473
    14 1.365878 0.003407 0.000000 0.000001 -0.145040 0.005236
    15 1.194772 -1.655615 -0.142105 0.000000 0.069322 -1.445133
    16 1.674395 0.018204 -0.000001 0.000000 0.064779 -0.001761
    17 1.089296 -0.001050 -0.000001 0.000000 -0.285583 0.000000
    18 13.113413 -0.306115 -9.962575 -2.395562 -1.058602 2.145045
    19 -0.295538 -11.160193 0.000002 -0.281587 0.207281 -0.622010
    20 0.442150 -2.059823 1.659271 1.286770 -1.337542 -1.079142
    21 0.000000 2.791016 0.898926 0.000000 0.000000 0.000000
    22 0.000000 -1.948242 2.902344 0.000000 0.000000 0.000000
    23 -0.553468 -4.117454 1.367364 1.106165 1.424642 1.235631
    24 0.000000 2.902344 1.067383 0.000000 0.000000 0.000000
    25 0.000001 -1.571289 2.902344 0.000000 0.000000 0.000000
    26 -0.021851 -0.545410 -0.000001 0.000000 0.000000 0.000000
    27 0.581406 0.235277 0.590013 0.178206 -0.459676 -0.857181
    28 2.306785 0.010602 0.000001 0.000000 0.000000 -0.369643
    29 1.234327 -0.010016 -0.000001 0.000000 0.000000 -0.689001
    30 1.415111 -2.324533 -0.160517 0.000000 -0.242779 -1.523672
    31 1.705496 0.014868 0.000000 -0.000527 -0.337713 -0.002875
    32 1.168496 -0.005664 0.000000 0.000000 -0.437836 0.010472
    33 0.507340 -2.575781 -0.164424 0.066897 -0.198892 -1.744578
    34 1.838103 0.007359 -0.000003 -0.000384 -1.273406 0.010089
    35 1.437266 0.010339 0.000001 0.000000 -0.877064 0.005236
    36 -0.355350 -2.261720 -0.168329 0.017668 -0.130288 -1.722963
    37 1.886628 -0.004265 0.000001 0.000002 -1.228977 0.036656
    38 1.369174 -0.010806 0.000002 0.000000 -0.893072 0.010472
    39 -1.187535 -1.692502 -0.160518 0.000000 -0.120789 -1.685988
    40 1.679530 -0.010799 -0.000002 0.000000 -0.583246 0.005229
    41 1.066088 0.021641 0.000001 0.000000 -1.113232 -0.010472
    42 0.000000 -2.078125 1.572266 0.000000 0.000000 0.000000
    43 0.000001 -3.708984 1.591797 0.000000 0.000000 0.000000
    44 0.000000 -1.273438 2.095703 0.000000 0.000000 0.000000
    45 0.000002 -1.330078 2.132813 0.000000 0.000000 0.000000
    46 0.000000 -2.111328 1.570313 0.000000 0.000000 0.000000
    47 0.000000 -3.744141 1.535156 0.000000 0.000000 0.000000
    48 0.500002 9.999993 0.000002 -1.570796 0.000000 -1.570796
    49 0.500002 9.999993 0.000002 -1.570796 0.000000 -1.570796
    50 0.000000 0.000005 0.000001 -1.570796 0.000000 -1.570796
    51 0.000001 0.000003 -0.500010 -1.570796 0.000000 -1.570796
    52 -0.000001 0.000000 -0.000002 -1.570796 0.000000 0.000000
    53 0.000000 0.000000 0.000000 -1.570797 0.000000 0.000000
    54 0.000001 0.000000 0.000000 -1.570796 0.000000 0.000000
    55 0.000000 0.000000 0.000002 -1.570796 0.000000 0.000000
    56 -0.000003 0.000000 0.000001 -1.570796 0.000000 0.000000
    57 0.000000 0.000000 0.000000 -1.570796 0.000000 0.000000
    58 0.000000 0.000000 -0.000002 -1.570796 0.000000 0.000000
    59 0.000000 0.000000 0.000001 -1.570796 0.000000 0.000000
    60 -0.000003 0.000000 0.000000 -1.570796 0.000000 0.000000
    61 -0.000001 0.000000 0.000000 -1.570796 0.000000 0.000000
    62 0.000000 0.000000 0.000000 -1.570796 0.000001 0.000000
    63 0.000000 0.000000 0.000000 -1.570796 0.000001 0.000000
    64 0.000000 0.000000 0.000001 3.141593 0.000000 0.000000
    65 0.000000 0.000000 0.000000 3.141593 0.000000 0.000000
    66 0.000001 -0.000001 0.000002 3.141592 0.000000 0.000000
    67 0.000000 10.000002 -0.000005 -1.570796 0.000000 -1.570796
    68 0.000000 10.000002 -0.000005 -1.570796 0.000000 -1.570796
    69 0.000000 0.000005 -0.000003 -1.570796 0.000000 -1.570796
    70 -0.000002 0.000006 -0.500010 -1.570796 0.000000 -1.570796
    71 -0.000004 0.000000 -0.000002 -1.570796 0.000000 0.000000
    72 0.000000 0.000000 0.000000 -1.570796 0.000000 0.000000
    73 0.000000 0.000000 0.000000 -1.570796 0.000000 0.000000
    74 -0.000002 0.000000 0.000000 -1.570796 0.000000 0.000000
    75 0.000002 0.000000 0.000000 -1.570796 0.000000 0.000000
    76 0.000006 0.000000 0.000000 -1.570796 0.000000 0.000000
    77 0.000001 0.000000 0.000000 -1.570796 0.000000 0.000000
    78 0.000000 0.000000 0.000000 -1.570796 0.000000 0.000000
    79 0.000003 0.000000 0.000000 -1.570796 0.000000 0.000000
    80 0.000000 0.000000 0.000000 -1.570796 0.000000 0.000000
    81 0.000002 0.000000 -0.000001 -1.570796 0.000000 0.000000
    82 0.000000 0.000000 0.000000 -1.570796 0.000000 0.000000
    83 0.000000 0.000000 -0.000003 0.000000 0.000000 0.000000
    84 0.000000 0.000000 0.000000 0.000000 0.000000 0.000000
    85 0.000000 0.000001 -0.000001 0.000000 0.000000 0.000000
  time 15
    0 -11.240068 1.350051 -7.764721 -2.471164 1.227509 -2.313490
    1 0.026867 -11.331078 -0.000002 -0.922864 -0.095101 0.131262
    2 0.000000 -0.570801 -0.000001 0.000000 0.000000 0.000000
    3 -0.523475 0.288004 0.586913 0.171668 -0.221554 -2.749875
    4 2.268907 -0.128130 -0.000001 0.000000 0.000000 -0.109197
    5 1.069446 0.056463 0.000000 0.000000 0.000000 0.848230
    6 -1.355754 -2.282777 -0.142105 0.000000 -0.799840 -1.638864
    7 1.726295 -0.000584 0.000001 0.000491 -0.289770 0.001868
    8 1.195413 -0.010942 0.000001 0.000000 -0.147672 0.000000
    9 -0.430529 -2.478479 -0.146012 -0.076480 -0.068823 -1.452476
    10 1.925233 0.004627 0.000003 -0.000192 -0.521124 -6.282898
    11 1.413089 0.008475 0.000000 0.000000 -0.296025 0.020944
    12 0.380577 -2.160851 -0.146011 -0.055769 0.087008 -1.453666
    13 1.956384 0.057593 0.000000 -0.000001 -0.459666 -0.010473
    14 1.365878 0.003407 0.000000 0.000001 -0.400745 0.005236
    15 1.194772 -1.659521 -0.149918 0.000000 -0.011068 -1.445133
    16 1.674395 0.018204 -0.000001 -0.000539 -0.097131 -0.001749
    17 1.085390 -0.001050 -0.000001 0.000000 -0.550298 0.000000
    18 13.105600 -0.298302 -9.982107 -2.398850 -1.055169 2.140083
    19 -0.295538 -11.156286 0.000002 -0.113657 0.274072 -0.674144
    20 0.231206 -2.348894 1.178787 1.312560 -1.124352 -1.126758
    21 0.000000 2.791016 0.898926 0.000000 0.000000 0.000000
    22 0.000000 -1.948242 2.902344 0.000000 0.000000 0.000000
    23 -0.490966 -4.488559 0.847817 0.360225 1.511674 0.437108
    24 0.000000 2.902344 1.067383 0.000000 0.000000 0.000000
    25 0.000001 -1.571289 2.902344 0.000000 0.000000 0.000000
    26 -0.021851 -0.545410 -0.000001 0.000000 0.000000 0.000000
    27 0.581406 0.235277 0.586107 0.297069 -0.493084 -1.048320
    28 2.306785 0.010602 0.000001 0.000000 0.000000 -0.455531
    29 1.234327 -0.010016 -0.000001 0.000000 0.000000 -0.858702
    30 1.415111 -2.324533 -0.168330 0.000000 -0.052360 -1.523672
    31 1.705496 0.014868 0.000000 -0.000623 -0.376991 -0.002827
    32 1.168496 -0.005664 0.000000 0.000000 -0.612611 0.010472
    33 0.511246 -2.579687 -0.164424 0.068179 -0.280440 -1.750247
    34 1.838103 0.007359 -0.000003 -3.141591 -1.523670 -3.131118
    35 1.433359 0.010339 0.000001 0.000000 -1.099558 0.005236
    36 -0.355350 -2.261720 -0.168329 0.017968 -0.224442 -1.724665
    37 1.882722 -0.004265 0.000001 0.000002 -1.544617 0.036656
    38 1.369174 -0.010806 0.000002 0.000000 -1.130973 0.010472
    39 -1.187535 -1.692502 -0.160518 0.000000 -0.235619 -1.685988
    40 1.679530 -0.010799 -0.000002 0.000000 -0.753982 0.005229
    41 1.069994 0.017735 0.000001 0.000000 -1.371829 -0.010472
    42 0.000000 -2.078125 1.572266 0.000000 0.000000 0.000000
    43 0.000001 -3.708984 1.591797 0.000000 0.000000 0.000000
    44 0.000000 -1.273438 2.095703 0.000000 0.000000 0.000000
    45 0.000002 -1.330078 2.132813 0.000000 0.000000 0.000000
    46 0.000000 -2.111328 1.570313 0.000000 0.000000 0.000000
    47 0.000000 -3.744141 1.535156 0.000000 0.000000 0.000000
    48 0.500002 9.999993 0.000002 -1.570796 0.000000 -1.570796
    49 0.500002 9.999993 0.000002 -1.570796 0.000000 -1.570796
    50 0.000000 0.000005 0.000001 -1.570796 0.000000 -1.570796
    51 0.000001 0.000003 -0.500010 -1.570796 0.000000 -1.570796
    52 -0.000001 0.000000 -0.000002 -1.570796 0.000000 0.000000
    53 0.000000 0.000000 0.000000 -1.570797 0.000000 0.000000
    54 0.000001 0.000000 0.000000 -1.570796 0.000000 0.000000
    55 0.000000 0.000000 0.000002 -1.570796 0.000000 0.000000
    56 -0.000003 0.000000 0.000001 -1.570796 0.000000 0.000000
    57 0.000000 0.000000 0.000000 -1.570796 0.000000 0.000000
    58 0.000000 0.000000 -0.000002 -1.570796 0.000000 0.000000
    59 0.000000 0.000000 0.000001 -1.570796 0.000000 0.000000
    60 -0.000003 0.000000 0.000000 -1.570796 0.000000 0.000000
    61 -0.000001 0.000000 0.000000 -1.570796 0.000000 0.000000
    62 0.000000 0.000000 0.000000 -1.570796 0.000001 0.000000
    63 0.000000 0.000000 0.000000 -1.570796 0.000001 0.000000
    64 0.000000 0.000000 0.000001 3.141593 0.000000 0.000000
    65 0.000000 0.000000 0.000000 3.141593 0.000000 0.000000
    66 0.000001 -0.000001 0.000002 3.141592 0.000000 0.000000
    67 0.000000 10.000002 -0.000005 -1.570796 0.000000 -1.570796
    68 0.000000 10.000002 -0.000005 -1.570796 0.000000 -1.570796
    69 0.000000 0.000005 -0.000003 -1.570796 0.000000 -1.570796
    70 -0.000002 0.000006 -0.500010 -1.570796 0.000000 -1.570796
    71 -0.000004 0.000000 -0.000002 -1.570796 0.000000 0.000000
    72 0.000000 0.000000 0.000000 -1.570796 0.000000 0.000000
    73 0.000000 0.000000 0.000000 -1.570796 0.000000 0.000000
    74 -0.000002 0.000000 0.000000 -1.570796 0.000000 0.000000
    75 0.000002 0.000000 0.000000 -1.570796 0.000000 0.000000
    76 0.000006 0.000000 0.000000 -1.570796 0.000000 0.000000
    77 0.000001 0.000000 0.000000 -1.570796 0.000000 0.000000
    78 0.000000 0.000000 0.000000 -1.570796 0.000000 0.000000
    79 0.000003 0.000000 0.000000 -1.570796 0.000000 0.000000
    80 0.000000 0.000000 0.000000 -1.570796 0.000000 0.000000
    81 0.000002 0.000000 -0.000001 -1.570796 0.000000 0.000000
    82 0.000000 0.000000 0.000000 -1.570796 0.000000 0.000000
    83 0.000000 0.000000 -0.000003 0.000000 0.000000 0.000000
    84 0.000000 0.000000 0.000000 0.000000 0.000000 0.000000
    85 0.000000 0.000001 -0.000001 0.000000 0.000000 0.000000
  time 16
    0 -11.259600 0.779721 -7.725657 -2.691869 1.228315 -2.489652
    1 0.026867 -11.331078 -0.000002 -0.815929 0.041484 0.218277
    2 0.000000 -0.570801 -0.000001 0.000000 0.000000 0.000000
    3 -0.523475 0.280191 0.594726 0.018794 -0.318879 -2.472621
    4 2.276719 -0.124224 -0.000001 0.000000 0.000000 0.168903
    5 1.069446 0.056463 0.000000 0.000000 0.000000 0.848230
    6 -1.355754 -2.282777 -0.142105 0.000000 -0.448437 -1.638864
    7 1.730202 -0.000584 0.000001 0.000779 -0.374106 0.001772
    8 1.195413 -0.010942 0.000001 0.000000 -0.377255 0.000000
    9 -0.426622 -2.478479 -0.142105 -0.077211 -0.152864 -1.446002
    10 1.929139 0.004627 0.000003 -0.000192 -1.005399 -6.282993
    11 1.416995 0.008475 0.000000 0.000000 -0.653632 0.020944
    12 0.380577 -2.160851 -0.146011 -0.055517 -0.031457 -1.447014
    13 1.956384 0.057593 0.000000 -0.000001 -0.915503 -0.010473
    14 1.361971 0.003407 0.000000 0.000001 -0.758352 0.005236
    15 1.190866 -1.655615 -0.138199 0.000000 -0.123621 -1.445133
    16 1.674395 0.018204 -0.000001 -0.001378 -0.323630 -0.001569
    17 1.085390 -0.001050 -0.000001 0.000000 -0.920432 0.000000
    18 13.047005 -0.317834 -9.962575 -2.372455 -1.056036 2.107501
    19 -0.295538 -11.160193 0.000002 0.040064 0.341633 -0.698330
    20 0.192143 -3.149700 0.944405 1.260980 -1.242573 -1.146474
    21 0.000000 2.791016 0.898926 0.000000 0.000000 0.000000
    22 0.000000 -1.948242 2.902344 0.000000 0.000000 0.000000
    23 -0.483153 -4.488559 0.840004 0.360225 1.511674 0.436996
    24 0.000000 2.902344 1.067383 0.000000 0.000000 0.000000
    25 0.000001 -1.571289 2.902344 0.000000 0.000000 0.000000
    26 -0.021851 -0.545410 -0.000001 0.000000 0.000000 0.000000
    27 0.585312 0.235277 0.582201 0.314678 -0.496136 -1.076154
    28 2.310691 0.010602 0.000001 0.000000 0.000000 -0.467738
    29 1.238233 -0.010016 -0.000001 0.000000 0.000000 -0.882827
    30 1.415111 -2.320627 -0.160517 0.000000 -0.025226 -1.523672
    31 1.705496 0.014868 0.000000 -0.000647 -0.382560 -0.002815
    32 1.168496 -0.005664 0.000000 0.000000 -0.637501 0.010472
    33 0.511246 -2.575781 -0.160517 0.068407 -0.292064 -1.751074
    34 1.838103 0.007359 -0.000003 -3.141591 -1.474628 -3.131118
    35 1.425546 0.010339 0.000001 0.000000 -1.131182 0.005236
    36 -0.351444 -2.257814 -0.160517 0.018016 -0.237858 -1.724905
    37 1.886628 -0.004265 0.000001 3.141304 -1.551809 -3.104741
    38 1.369174 -0.010806 0.000002 0.000000 -1.164720 0.010472
    39 -1.191442 -1.684689 -0.160518 0.000000 -0.251988 -1.685988
    40 1.675623 -0.010799 -0.000002 0.000000 -0.778222 0.005229
    41 1.066088 0.017735 0.000001 0.000000 -1.408558 -0.010472
    42 0.000000 -2.078125 1.572266 0.000000 0.000000 0.000000
    43 0.000001 -3.708984 1.591797 0.000000 0.000000 0.000000
    44 0.000000 -1.273438 2.095703 0.000000 0.000000 0.000000
    45 0.000002 -1.330078 2.132813 0.000000 0.000000 0.000000
    46 0.000000 -2.111328 1.570313 0.000000 0.000000 0.000000
    47 0.000000 -3.744141 1.535156 0.000000 0.000000 0.000000
    48 0.500002 9.999993 0.000002 -1.570796 0.000000 -1.570796
    49 0.500002 9.999993 0.000002 -1.570796 0.000000 -1.570796
    50 0.000000 0.000005 0.000001 -1.570796 0.000000 -1.570796
    51 0.000001 0.000003 -0.500010 -1.570796 0.000000 -1.570796
    52 -0.000001 0.000000 -0.000002 -1.570796 0.000000 0.000000
    53 0.000000 0.000000 0.000000 -1.570797 0.000000 0.000000
    54 0.000001 0.000000 0.000000 -1.570796 0.000000 0.000000
    55 0.000000 0.000000 0.000002 -1.570796 0.000000 0.000000
    56 -0.000003 0.000000 0.000001 -1.570796 0.000000 0.000000
    57 0.000000 0.000000 0.000000 -1.570796 0.000000 0.000000
    58 0.000000 0.000000 -0.000002 -1.570796 0.000000 0.000000
    59 0.000000 0.000000 0.000001 -1.570796 0.000000 0.000000
    60 -0.000003 0.000000 0.000000 -1.570796 0.000000 0.000000
    61 -0.000001 0.000000 0.000000 -1.570796 0.000000 0.000000
    62 0.000000 0.000000 0.000000 -1.570796 0.000001 0.000000
    63 0.000000 0.000000 0.000000 -1.570796 0.000001 0.000000
    64 0.000000 0.000000 0.000001 3.141593 0.000000 0.000000
    65 0.000000 0.000000 0.000000 3.141593 0.000000 0.000000
    66 0.000001 -0.000001 0.000002 3.141592 0.000000 0.000000
    67 0.000000 10.000002 -0.000005 -1.570796 0.000000 -1.570796
    68 0.000000 10.000002 -0.000005 -1.570796 0.000000 -1.570796
    69 0.000000 0.000005 -0.000003 -1.570796 0.000000 -1.570796
    70 -0.000002 0.000006 -0.500010 -1.570796 0.000000 -1.570796
    71 -0.000004 0.000000 -0.000002 -1.570796 0.000000 0.000000
    72 0.000000 0.000000 0.000000 -1.570796 0.000000 0.000000
    73 0.000000 0.000000 0.000000 -1.570796 0.000000 0.000000
    74 -0.000002 0.000000 0.000000 -1.570796 0.000000 0.000000
    75 0.000002 0.000000 0.000000 -1.570796 0.000000 0.000000
    76 0.000006 0.000000 0.000000 -1.570796 0.000000 0.000000
    77 0.000001 0.000000 0.000000 -1.570796 0.000000 0.000000
    78 0.000000 0.000000 0.000000 -1.570796 0.000000 0.000000
    79 0.000003 0.000000 0.000000 -1.570796 0.000000 0.000000
    80 0.000000 0.000000 0.000000 -1.570796 0.000000 0.000000
    81 0.000002 0.000000 -0.000001 -1.570796 0.000000 0.000000
    82 0.000000 0.000000 0.000000 -1.570796 0.000000 0.000000
    83 0.000000 0.000000 -0.000003 0.000000 0.000000 0.000000
    84 0.000000 0.000000 0.000000 0.000000 0.000000 0.000000
    85 0.000000 0.000001 -0.000001 0.000000 0.000000 0.000000
  time 17
    0 -11.271319 0.447680 -7.725657 -2.791870 1.234047 -2.554983
    1 0.026867 -11.331078 -0.000002 -0.678963 0.052340 0.256417
    2 0.000000 -0.570801 -0.000001 0.000000 0.000000 0.000000
    3 -0.523475 0.288004 0.586913 -0.212797 -0.375551 -2.091539
    4 2.268907 -0.120318 -0.000001 0.000000 0.000000 0.523599
    5 1.069446 0.056463 0.000000 0.000000 0.000000 0.848230
    6 -1.355754 -2.282777 -0.146012 0.000000 0.000000 -1.638864
    7 1.730202 -0.000584 0.000001 0.001091 -0.481711 0.001676
    8 1.203226 -0.010942 0.000001 0.000000 -0.670206 0.000000
    9 -0.426622 -2.478479 -0.146012 -0.078961 -0.260133 -1.437435
    10 1.925233 0.004627 0.000003 -3.141592 -1.518438 -3.141593
    11 1.416995 0.008475 0.000000 0.000000 -1.110029 0.020944
    12 0.376671 -2.160851 -0.146011 -0.056428 -0.182688 -1.438565
    13 1.956384 0.057593 0.000000 -0.000001 -1.497494 -0.010473
    14 1.361971 0.003407 0.000000 0.000001 -1.214749 0.005236
    15 1.194772 -1.655615 -0.149918 0.000000 -0.267035 -1.445133
    16 1.678301 0.018204 -0.000001 -0.002721 -0.612611 -0.000982
    17 1.089296 -0.001050 -0.000001 0.000000 -1.392772 0.000000
    18 12.964971 -0.329553 -9.915699 -2.322858 -1.062577 2.055444
    19 -0.295538 -11.164099 0.000002 0.171732 0.397929 -0.694871
    20 0.281989 -4.438802 0.920967 0.080103 -1.549641 -0.151666
    21 0.000000 2.791016 0.898926 0.000000 0.000000 0.000000
    22 0.000000 -1.948242 2.902344 0.000000 0.000000 0.000000
    23 -0.487059 -4.492466 0.840004 0.360135 1.511674 0.437052
    24 0.000000 2.902344 1.067383 0.000000 0.000000 0.000000
    25 0.000001 -1.571289 2.902344 0.000000 0.000000 0.000000
    26 -0.021851 -0.545410 -0.000001 0.000000 0.000000 0.000000
    27 0.581406 0.235277 0.586107 0.355109 -0.501494 -1.139727
    28 2.306785 0.010602 0.000001 0.000000 0.000000 -0.495601
    29 1.234327 -0.010016 -0.000001 0.000000 0.000000 -0.937798
    30 1.415111 -2.332346 -0.160517 0.000000 0.036445 -1.523672
    31 1.697683 0.014868 0.000000 -0.000683 -0.395337 -0.002779
    32 1.160683 -0.005664 0.000000 0.000000 -0.694147 0.010472
    33 0.507340 -2.575781 -0.160517 0.068982 -0.318455 -1.752931
    34 1.834197 0.007359 -0.000003 -3.141591 -1.363169 -3.131118
    35 1.433359 0.010339 0.000001 0.000000 -1.203241 0.005236
    36 -0.355350 -2.269533 -0.164423 0.018160 -0.268335 -1.725420
    37 1.882722 -0.004265 0.000001 -3.141396 -1.449868 3.178052
    38 1.365267 -0.010806 0.000002 0.000000 -1.241854 0.010472
    39 -1.187535 -1.684689 -0.160518 0.000000 -0.289150 -1.685988
    40 1.679530 -0.010799 -0.000002 0.000000 -0.833528 0.005229
    41 1.066088 0.017735 0.000001 0.000000 -1.492402 -0.010472
    42 0.000000 -2.078125 1.572266 0.000000 0.000000 0.000000
    43 0.000001 -3.708984 1.591797 0.000000 0.000000 0.000000
    44 0.000000 -1.273438 2.095703 0.000000 0.000000 0.000000
    45 0.000002 -1.330078 2.132813 0.000000 0.000000 0.000000
    46 0.000000 -2.111328 1.570313 0.000000 0.000000 0.000000
    47 0.000000 -3.744141 1.535156 0.000000 0.000000 0.000000
    48 0.500002 9.999993 0.000002 -1.570796 0.000000 -1.570796
    49 0.500002 9.999993 0.000002 -1.570796 0.000000 -1.570796
    50 0.000000 0.000005 0.000001 -1.570796 0.000000 -1.570796
    51 0.000001 0.000003 -0.500010 -1.570796 0.000000 -1.570796
    52 -0.000001 0.000000 -0.000002 -1.570796 0.000000 0.000000
    53 0.000000 0.000000 0.000000 -1.570797 0.000000 0.000000
    54 0.000001 0.000000 0.000000 -1.570796 0.000000 0.000000
    55 0.000000 0.000000 0.000002 -1.570796 0.000000 0.000000
    56 -0.000003 0.000000 0.000001 -1.570796 0.000000 0.000000
    57 0.000000 0.000000 0.000000 -1.570796 0.000000 0.000000
    58 0.000000 0.000000 -0.000002 -1.570796 0.000000 0.000000
    59 0.000000 0.000000 0.000001 -1.570796 0.000000 0.000000
    60 -0.000003 0.000000 0.000000 -1.570796 0.000000 0.000000
    61 -0.000001 0.000000 0.000000 -1.570796 0.000000 0.000000
    62 0.000000 0.000000 0.000000 -1.570796 0.000001 0.000000
    63 0.000000 0.000000 0.000000 -1.570796 0.000001 0.000000
    64 0.000000 0.000000 0.000001 3.141593 0.000000 0.000000
    65 0.000000 0.000000 0.000000 3.141593 0.000000 0.000000
    66 0.000001 -0.000001 0.000002 3.141592 0.000000 0.000000
    67 0.000000 10.000002 -0.000005 -1.570796 0.000000 -1.570796
    68 0.000000 10.000002 -0.000005 -1.570796 0.000000 -1.570796
    69 0.000000 0.000005 -0.000003 -1.570796 0.000000 -1.570796
    70 -0.000002 0.000006 -0.500010 -1.570796 0.000000 -1.570796
    71 -0.000004 0.000000 -0.000002 -1.570796 0.000000 0.000000
    72 0.000000 0.000000 0.000000 -1.570796 0.000000 0.000000
    73 0.000000 0.000000 0.000000 -1.570796 0.000000 0.000000
    74 -0.000002 0.000000 0.000000 -1.570796 0.000000 0.000000
    75 0.000002 0.000000 0.000000 -1.570796 0.000000 0.000000
    76 0.000006 0.000000 0.000000 -1.570796 0.000000 0.000000
    77 0.000001 0.000000 0.000000 -1.570796 0.000000 0.000000
    78 0.000000 0.000000 0.000000 -1.570796 0.000000 0.000000
    79 0.000003 0.000000 0.000000 -1.570796 0.000000 0.000000
    80 0.000000 0.000000 0.000000 -1.570796 0.000000 0.000000
    81 0.000002 0.000000 -0.000001 -1.570796 0.000000 0.000000
    82 0.000000 0.000000 0.000000 -1.570796 0.000000 0.000000
    83 0.000000 0.000000 -0.000003 0.000000 0.000000 0.000000
    84 0.000000 0.000000 0.000000 0.000000 0.000000 0.000000
    85 0.000000 0.000001 -0.000001 0.000000 0.000000 0.000000
  time 18
    0 -11.279132 0.463305 -7.784253 -2.732717 1.258318 -2.486108
    1 0.026867 -11.331078 -0.000002 -0.469525 0.002550 0.288100
    2 0.000000 -0.570801 -0.000001 0.000000 0.000000 0.000000
    3 -0.523475 0.288004 0.586913 -0.212797 -0.375551 -2.091539
    4 2.276719 -0.124224 -0.000001 0.000000 0.000000 0.523599
    5 1.069446 0.056463 0.000000 0.000000 0.000000 0.848230
    6 -1.355754 -2.286684 -0.142105 0.000000 0.000000 -1.638864
    7 1.730202 -0.000584 0.000001 0.001091 -0.481711 0.001676
    8 1.195413 -0.010942 0.000001 0.000000 -0.670206 0.000000
    9 -0.426622 -2.478479 -0.142105 -0.078961 -0.260133 -1.437435
    10 1.925233 0.004627 0.000003 -3.141592 -1.518438 -3.141593
    11 1.416995 0.008475 0.000000 0.000000 -1.110029 0.020944
    12 0.376671 -2.164757 -0.149917 -0.056428 -0.182688 -1.438565
    13 1.952478 0.053687 0.000000 -0.000001 -1.497494 -0.010473
    14 1.365878 0.003407 0.000000 0.000001 -1.214749 0.005236
    15 1.194772 -1.659521 -0.142105 0.000000 -0.267035 -1.445133
    16 1.674395 0.018204 -0.000001 -0.002721 -0.612611 -0.000982
    17 1.085390 -0.001050 -0.000001 0.000000 -1.392772 0.000000
    18 12.890750 -0.325647 -9.853197 -2.263492 -1.073346 1.994493
    19 -0.299444 -11.156286 0.000002 0.271023 0.432193 -0.668413
    20 0.281989 -4.434896 0.917060 0.080103 -1.549641 -0.151666
    21 0.000000 2.791016 0.898926 0.000000 0.000000 0.000000
    22 0.000000 -1.948242 2.902344 0.000000 0.000000 0.000000
    23 -0.490966 -4.492466 0.843910 0.360225 1.511674 0.437052
    24 0.000000 2.902344 1.067383 0.000000 0.000000 0.000000
    25 0.000001 -1.571289 2.902344 0.000000 0.000000 0.000000
    26 -0.021851 -0.545410 -0.000001 0.000000 0.000000 0.000000
    27 0.589218 0.231370 0.582201 0.386451 -0.504147 -1.188751
    28 2.306785 0.010602 0.000001 0.000000 0.000000 -0.516988
    29 1.238233 -0.010016 -0.000001 0.000000 0.000000 -0.980062
    30 1.411205 -2.328439 -0.168330 0.000000 0.083826 -1.523672
    31 1.705496 0.014868 0.000000 -0.000707 -0.405118 -0.002791
    32 1.168496 -0.005664 0.000000 0.000000 -0.737698 0.010472
    33 0.507340 -2.575781 -0.164424 0.069401 -0.338768 -1.754430
    34 1.834197 0.007359 -0.000003 -3.141591 -1.277270 -3.131118
    35 1.429453 0.010339 0.000001 0.000000 -1.258643 0.005236
    36 -0.355350 -2.269533 -0.164423 0.018280 -0.291780 -1.725900
    37 1.886628 -0.004265 0.000001 -3.141396 -1.371272 3.177956
    38 1.369174 -0.010806 0.000002 0.000000 -1.301124 0.010472
    39 -1.187535 -1.692502 -0.160518 0.000000 -0.317816 -1.685988
    40 1.679530 -0.010799 -0.000002 0.000000 -0.875988 0.005229
    41 1.062181 0.017735 0.000001 0.000000 -1.556829 -0.010472
    42 0.000000 -2.078125 1.572266 0.000000 0.000000 0.000000
    43 0.000001 -3.708984 1.591797 0.000000 0.000000 0.000000
    44 0.000000 -1.273438 2.095703 0.000000 0.000000 0.000000
    45 0.000002 -1.330078 2.132813 0.000000 0.000000 0.000000
    46 0.000000 -2.111328 1.570313 0.000000 0.000000 0.000000
    47 0.000000 -3.744141 1.535156 0.000000 0.000000 0.000000
    48 0.500002 9.999993 0.000002 -1.570796 0.000000 -1.570796
    49 0.500002 9.999993 0.000002 -1.570796 0.000000 -1.570796
    50 0.000000 0.000005 0.000001 -1.570796 0.000000 -1.570796
    51 0.000001 0.000003 -0.500010 -1.570796 0.000000 -1.570796
    52 -0.000001 0.000000 -0.000002 -1.570796 0.000000 0.000000
    53 0.000000 0.000000 0.000000 -1.570797 0.000000 0.000000
    54 0.000001 0.000000 0.000000 -1.570796 0.000000 0.000000
    55 0.000000 0.000000 0.000002 -1.570796 0.000000 0.000000
    56 -0.000003 0.000000 0.000001 -1.570796 0.000000 0.000000
    57 0.000000 0.000000 0.000000 -1.570796 0.000000 0.000000
    58 0.000000 0.000000 -0.000002 -1.570796 0.000000 0.000000
    59 0.000000 0.000000 0.000001 -1.570796 0.000000 0.000000
    60 -0.000003 0.000000 0.000000 -1.570796 0.000000 0.000000
    61 -0.000001 0.000000 0.000000 -1.570796 0.000000 0.000000
    62 0.000000 0.000000 0.000000 -1.570796 0.000001 0.000000
    63 0.000000 0.000000 0.000000 -1.570796 0.000001 0.000000
    64 0.000000 0.000000 0.000001 3.141593 0.000000 0.000000
    65 0.000000 0.000000 0.000000 3.141593 0.000000 0.000000
    66 0.000001 -0.000001 0.000002 3.141592 0.000000 0.000000
    67 0.000000 10.000002 -0.000005 -1.570796 0.000000 -1.570796
    68 0.000000 10.000002 -0.000005 -1.570796 0.000000 -1.570796
    69 0.000000 0.000005 -0.000003 -1.570796 0.000000 -1.570796
    70 -0.000002 0.000006 -0.500010 -1.570796 0.000000 -1.570796
    71 -0.000004 0.000000 -0.000002 -1.570796 0.000000 0.000000
    72 0.000000 0.000000 0.000000 -1.570796 0.000000 0.000000
    73 0.000000 0.000000 0.000000 -1.570796 0.000000 0.000000
    74 -0.000002 0.000000 0.000000 -1.570796 0.000000 0.000000
    75 0.000002 0.000000 0.000000 -1.570796 0.000000 0.000000
    76 0.000006 0.000000 0.000000 -1.570796 0.000000 0.000000
    77 0.000001 0.000000 0.000000 -1.570796 0.000000 0.000000
    78 0.000000 0.000000 0.000000 -1.570796 0.000000 0.000000
    79 0.000003 0.000000 0.000000 -1.570796 0.000000 0.000000
    80 0.000000 0.000000 0.000000 -1.570796 0.000000 0.000000
    81 0.000002 0.000000 -0.000001 -1.570796 0.000000 0.000000
    82 0.000000 0.000000 0.000000 -1.570796 0.000000 0.000000
    83 0.000000 0.000000 -0.000003 0.000000 0.000000 0.000000
    84 0.000000 0.000000 0.000000 0.000000 0.000000 0.000000
    85 0.000000 0.000001 -0.000001 0.000000 0.000000 0.000000
  time 19
    0 -11.283038 0.642998 -7.878006 -2.411691 1.306367 -2.177560
    1 0.026867 -11.331078 -0.000002 -0.254698 -0.095542 0.282882
    2 0.000000 -0.570801 -0.000001 0.000000 0.000000 0.000000
    3 -0.527382 0.276285 0.586913 -0.212797 -0.375551 -2.091539
    4 2.272813 -0.120318 -0.000001 0.000000 0.000000 0.523599
    5 1.069446 0.056463 0.000000 0.000000 0.000000 0.848230
    6 -1.355754 -2.282777 -0.146012 0.000000 0.000000 -1.638864
    7 1.730202 -0.000584 0.000001 0.001091 -0.481711 0.001676
    8 1.199319 -0.010942 0.000001 0.000000 -0.670206 0.000000
    9 -0.434435 -2.478479 -0.142105 -0.078961 -0.260133 -1.437435
    10 1.925233 0.004627 0.000003 -3.141592 -1.518438 -3.141593
    11 1.409182 0.008475 0.000000 0.000000 -1.110029 0.020944
    12 0.384484 -2.160851 -0.146011 -0.056428 -0.182688 -1.438565
    13 1.960290 0.057593 0.000000 -0.000001 -1.497494 -0.010473
    14 1.361971 0.003407 0.000000 0.000001 -1.214749 0.005236
    15 1.194772 -1.659521 -0.142105 0.000000 -0.267035 -1.445133
    16 1.674395 0.018204 -0.000001 -0.002721 -0.612611 -0.000982
    17 1.089296 -0.001050 -0.000001 0.000000 -1.392772 0.000000
    18 12.828248 -0.306115 -9.778976 -2.208541 -1.087981 1.935789
    19 -0.299444 -11.160193 0.000002 0.301565 0.439636 -0.653619
    20 0.281989 -4.434896 0.920967 0.080103 -1.549641 -0.151666
    21 0.000000 2.791016 0.898926 0.000000 0.000000 0.000000
    22 0.000000 -1.948242 2.902344 0.000000 0.000000 0.000000
    23 -0.487059 -4.492466 0.847817 0.360135 1.511674 0.437108
    24 0.000000 2.902344 1.067383 0.000000 0.000000 0.000000
    25 0.000001 -1.571289 2.902344 0.000000 0.000000 0.000000
    26 -0.021851 -0.545410 -0.000001 0.000000 0.000000 0.000000
    27 0.585312 0.227464 0.578294 0.405813 -0.505009 -1.219110
    28 2.306785 0.010602 0.000001 0.000000 0.000000 -0.530111
    29 1.234327 -0.010016 -0.000001 0.000000 0.000000 -1.006028
    30 1.415111 -2.328439 -0.168330 0.000000 0.112957 -1.523672
    31 1.705496 0.014868 0.000000 -0.000731 -0.411148 -0.002767
    32 1.160683 -0.005664 0.000000 0.000000 -0.764423 0.010472
    33 0.507340 -2.575781 -0.160517 0.069773 -0.351248 -1.755328
    34 1.838103 0.007359 -0.000003 -3.141591 -1.224483 -3.131118
    35 1.429453 0.010339 0.000001 0.000000 -1.292681 0.005236
    36 -0.351444 -2.269533 -0.168329 0.018340 -0.306184 -1.726139
    37 1.886628 -0.004265 0.000001 -3.141396 -1.322927 3.178052
    38 1.373080 -0.010806 0.000002 0.000000 -1.337539 0.010472
    39 -1.187535 -1.692502 -0.168331 0.000000 -0.335348 -1.685988
    40 1.679530 -0.010799 -0.000002 0.000000 -0.902236 0.005229
    41 1.062181 0.017735 0.000001 -3.141592 -1.544991 -3.151868
    42 0.000000 -2.078125 1.572266 0.000000 0.000000 0.000000
    43 0.000001 -3.708984 1.591797 0.000000 0.000000 0.000000
    44 0.000000 -1.273438 2.095703 0.000000 0.000000 0.000000
    45 0.000002 -1.330078 2.132813 0.000000 0.000000 0.000000
    46 0.000000 -2.111328 1.570313 0.000000 0.000000 0.000000
    47 0.000000 -3.744141 1.535156 0.000000 0.000000 0.000000
    48 0.500002 9.999993 0.000002 -1.570796 0.000000 -1.570796
    49 0.500002 9.999993 0.000002 -1.570796 0.000000 -1.570796
    50 0.000000 0.000005 0.000001 -1.570796 0.000000 -1.570796
    51 0.000001 0.000003 -0.500010 -1.570796 0.000000 -1.570796
    52 -0.000001 0.000000 -0.000002 -1.570796 0.000000 0.000000
    53 0.000000 0.000000 0.000000 -1.570797 0.000000 0.000000
    54 0.000001 0.000000 0.000000 -1.570796 0.000000 0.000000
    55 0.000000 0.000000 0.000002 -1.570796 0.000000 0.000000
    56 -0.000003 0.000000 0.000001 -1.570796 0.000000 0.000000
    57 0.000000 0.000000 0.000000 -1.570796 0.000000 0.000000
    58 0.000000 0.000000 -0.000002 -1.570796 0.000000 0.000000
    59 0.000000 0.000000 0.000001 -1.570796 0.000000 0.000000
    60 -0.000003 0.000000 0.000000 -1.570796 0.000000 0.000000
    61 -0.000001 0.000000 0.000000 -1.570796 0.000000 0.000000
    62 0.000000 0.000000 0.000000 -1.570796 0.000001 0.000000
    63 0.000000 0.000000 0.000000 -1.570796 0.000001 0.000000
    64 0.000000 0.000000 0.000001 3.141593 0.000000 0.000000
    65 0.000000 0.000000 0.000000 3.141593 0.000000 0.000000
    66 0.000001 -0.000001 0.000002 3.141592 0.000000 0.000000
    67 0.000000 10.000002 -0.000005 -1.570796 0.000000 -1.570796
    68 0.000000 10.000002 -0.000005 -1.570796 0.000000 -1.570796
    69 0.000000 0.000005 -0.000003 -1.570796 0.000000 -1.570796
    70 -0.000002 0.000006 -0.500010 -1.570796 0.000000 -1.570796
    71 -0.000004 0.000000 -0.000002 -1.570796 0.000000 0.000000
    72 0.000000 0.000000 0.000000 -1.570796 0.000000 0.000000
    73 0.000000 0.000000 0.000000 -1.570796 0.000000 0.000000
    74 -0.000002 0.000000 0.000000 -1.570796 0.000000 0.000000
    75 0.000002 0.000000 0.000000 -1.570796 0.000000 0.000000
    76 0.000006 0.000000 0.000000 -1.570796 0.000000 0.000000
    77 0.000001 0.000000 0.000000 -1.570796 0.000000 0.000000
    78 0.000000 0.000000 0.000000 -1.570796 0.000000 0.000000
    79 0.000003 0.000000 0.000000 -1.570796 0.000000 0.000000
    80 0.000000 0.000000 0.000000 -1.570796 0.000000 0.000000
    81 0.000002 0.000000 -0.000001 -1.570796 0.000000 0.000000
    82 0.000000 0.000000 0.000000 -1.570796 0.000000 0.000000
    83 0.000000 0.000000 -0.000003 0.000000 0.000000 0.000000
    84 0.000000 0.000000 0.000000 0.000000 0.000000 0.000000
    85 0.000000 0.000001 -0.000001 0.000000 0.000000 0.000000
  time 20
    0 -11.279132 0.900819 -7.979571 -1.891702 1.311024 -1.683079
    1 0.026867 -11.331078 -0.000002 -0.038736 -0.208816 0.242715
    2 0.000000 -0.570801 -0.000001 0.000000 0.000000 0.000000
    3 -0.523475 0.288004 0.590819 -0.212797 -0.375551 -2.091539
    4 2.276719 -0.120318 -0.000001 0.000000 0.000000 0.523599
    5 1.069446 0.056463 0.000000 0.000000 0.000000 0.848230
    6 -1.355754 -2.282777 -0.142105 0.000000 0.000000 -1.638864
    7 1.730202 -0.000584 0.000001 0.001091 -0.481711 0.001676
    8 1.195413 -0.010942 0.000001 0.000000 -0.670206 0.000000
    9 -0.430529 -2.478479 -0.142105 -0.078961 -0.260133 -1.437435
    10 1.925233 0.004627 0.000003 -3.141592 -1.518438 -3.141593
    11 1.416995 0.008475 0.000000 0.000000 -1.110029 0.020944
    12 0.376671 -2.160851 -0.138198 -0.056428 -0.182688 -1.438565
    13 1.956384 0.057593 0.000000 -0.000001 -1.497494 -0.010473
    14 1.365878 0.003407 0.000000 0.000001 -1.214749 0.005236
    15 1.194772 -1.659521 -0.138199 0.000000 -0.267035 -1.445133
    16 1.670489 0.018204 -0.000001 -0.002721 -0.612611 -0.000982
    17 1.089296 -0.001050 -0.000001 0.000000 -1.392772 0.000000
    18 12.750121 -0.274864 -9.677410 -2.174350 -1.108218 1.892252
    19 -0.295538 -11.160193 0.000002 0.356175 0.449362 -0.619789
    20 0.281989 -4.434896 0.920967 0.080103 -1.549641 -0.151666
    21 0.000000 2.791016 0.898926 0.000000 0.000000 0.000000
    22 0.000000 -1.948242 2.902344 0.000000 0.000000 0.000000
    23 -0.483153 -4.488559 0.843910 0.360225 1.511674 0.437108
    24 0.000000 2.902344 1.067383 0.000000 0.000000 0.000000
    25 0.000001 -1.571289 2.902344 0.000000 0.000000 0.000000
    26 -0.021851 -0.545410 -0.000001 0.000000 0.000000 0.000000
    27 0.585312 0.227464 0.578294 0.414702 -0.505319 -1.232967
    28 2.310691 0.010602 0.000001 0.000000 0.000000 -0.536137
    29 1.242140 -0.010016 -0.000001 0.000000 0.000000 -1.017937
    30 1.415111 -2.328439 -0.168330 0.000000 0.126317 -1.523672
    31 1.697683 0.014868 0.000000 -0.000743 -0.413875 -0.002767
    32 1.164589 -0.005664 0.000000 0.000000 -0.776695 0.010472
    33 0.511246 -2.579687 -0.168330 0.069917 -0.356986 -1.755820
    34 1.830290 0.007359 -0.000003 -3.141591 -1.200348 -3.131118
    35 1.433359 0.010339 0.000001 0.000000 -1.308292 0.005236
    36 -0.351444 -2.269533 -0.168329 0.018352 -0.312807 -1.726283
    37 1.886628 -0.004265 0.000001 -3.141396 -1.300838 3.178244
    38 1.373080 -0.010806 0.000002 0.000000 -1.354326 0.010472
    39 -1.187535 -1.692502 -0.156612 0.000000 -0.343387 -1.685988
    40 1.675623 -0.010799 -0.000002 0.000000 -0.914094 0.005229
    41 1.066088 0.017735 0.000001 -3.141400 -1.526838 -3.151868
    42 0.000000 -2.078125 1.572266 0.000000 0.000000 0.000000
    43 0.000001 -3.708984 1.591797 0.000000 0.000000 0.000000
    44 0.000000 -1.273438 2.095703 0.000000 0.000000 0.000000
    45 0.000002 -1.330078 2.132813 0.000000 0.000000 0.000000
    46 0.000000 -2.111328 1.570313 0.000000 0.000000 0.000000
    47 0.000000 -3.744141 1.535156 0.000000 0.000000 0.000000
    48 0.500002 9.999993 0.000002 -1.570796 0.000000 -1.570796
    49 0.500002 9.999993 0.000002 -1.570796 0.000000 -1.570796
    50 0.000000 0.000005 0.000001 -1.570796 0.000000 -1.570796
    51 0.000001 0.000003 -0.500010 -1.570796 0.000000 -1.570796
    52 -0.000001 0.000000 -0.000002 -1.570796 0.000000 0.000000
    53 0.000000 0.000000 0.000000 -1.570797 0.000000 0.000000
    54 0.000001 0.000000 0.000000 -1.570796 0.000000 0.000000
    55 0.000000 0.000000 0.000002 -1.570796 0.000000 0.000000
    56 -0.000003 0.000000 0.000001 -1.570796 0.000000 0.000000
    57 0.000000 0.000000 0.000000 -1.570796 0.000000 0.000000
    58 0.000000 0.000000 -0.000002 -1.570796 0.000000 0.000000
    59 0.000000 0.000000 0.000001 -1.570796 0.000000 0.000000
    60 -0.000003 0.000000 0.000000 -1.570796 0.000000 0.000000
    61 -0.000001 0.000000 0.000000 -1.570796 0.000000 0.000000
    62 0.000000 0.000000 0.000000 -1.570796 0.000001 0.000000
    63 0.000000 0.000000 0.000000 -1.570796 0.000001 0.000000
    64 0.000000 0.000000 0.000001 3.141593 0.000000 0.000000
    65 0.000000 0.000000 0.000000 3.141593 0.000000 0.000000
    66 0.000001 -0.000001 0.000002 3.141592 0.000000 0.000000
    67 0.000000 10.000002 -0.000005 -1.570796 0.000000 -1.570796
    68 0.000000 10.000002 -0.000005 -1.570796 0.000000 -1.570796
    69 0.000000 0.000005 -0.000003 -1.570796 0.000000 -1.570796
    70 -0.000002 0.000006 -0.500010 -1.570796 0.000000 -1.570796
    71 -0.000004 0.000000 -0.000002 -1.570796 0.000000 0.000000
    72 0.000000 0.000000 0.000000 -1.570796 0.000000 0.000000
    73 0.000000 0.000000 0.000000 -1.570796 0.000000 0.000000
    74 -0.000002 0.000000 0.000000 -1.570796 0.000000 0.000000
    75 0.000002 0.000000 0.000000 -1.570796 0.000000 0.000000
    76 0.000006 0.000000 0.000000 -1.570796 0.000000 0.000000
    77 0.000001 0.000000 0.000000 -1.570796 0.000000 0.000000
    78 0.000000 0.000000 0.000000 -1.570796 0.000000 0.000000
    79 0.000003 0.000000 0.000000 -1.570796 0.000000 0.000000
    80 0.000000 0.000000 0.000000 -1.570796 0.000000 0.000000
    81 0.000002 0.000000 -0.000001 -1.570796 0.000000 0.000000
    82 0.000000 0.000000 0.000000 -1.570796 0.000000 0.000000
    83 0.000000 0.000000 -0.000003 0.000000 0.000000 0.000000
    84 0.000000 0.000000 0.000000 0.000000 0.000000 0.000000
    85 0.000000 0.000001 -0.000001 0.000000 0.000000 0.000000
  time 21
    0 -11.271319 1.158639 -8.073324 -1.500972 1.261766 -1.313703
    1 0.026867 -11.331078 -0.000002 0.173184 -0.308011 0.182465
    2 0.000000 -0.570801 -0.000001 0.000000 0.000000 0.000000
    3 -0.523475 0.280191 0.590819 -0.212797 -0.375551 -2.091539
    4 2.276719 -0.120318 -0.000001 0.000000 0.000000 0.523599
    5 1.069446 0.056463 0.000000 0.000000 0.000000 0.848230
    6 -1.351848 -2.286684 -0.142105 0.000000 0.000000 -1.638864
    7 1.730202 -0.000584 0.000001 0.001091 -0.481711 0.001676
    8 1.203226 -0.010942 0.000001 0.000000 -0.670206 0.000000
    9 -0.426622 -2.482385 -0.142105 -0.078961 -0.260133 -1.437435
    10 1.925233 0.004627 0.000003 -3.141592 -1.518438 -3.141593
    11 1.409182 0.008475 0.000000 0.000000 -1.110029 0.020944
    12 0.384484 -2.168664 -0.146011 -0.056428 -0.182688 -1.438565
    13 1.956384 0.057593 0.000000 -0.000001 -1.497494 -0.010473
    14 1.365878 0.003407 0.000000 0.000001 -1.214749 0.005236
    15 1.194772 -1.659521 -0.142105 0.000000 -0.267035 -1.445133
    16 1.670489 0.018204 -0.000001 -0.002721 -0.612611 -0.000982
    17 1.081483 -0.001050 -0.000001 0.000000 -1.392772 0.000000
    18 12.660274 -0.247519 -9.556313 -2.166553 -1.117758 1.880081
    19 -0.303351 -11.160193 0.000002 0.388913 0.450131 -0.587676
    20 0.281989 -4.434896 0.920967 0.080103 -1.549641 -0.151666
    21 0.000000 2.791016 0.898926 0.000000 0.000000 0.000000
    22 0.000000 -1.948242 2.902344 0.000000 0.000000 0.000000
    23 -0.490966 -4.484653 0.843910 0.360225 1.511674 0.437052
    24 0.000000 2.902344 1.067383 0.000000 0.000000 0.000000
    25 0.000001 -1.571289 2.902344 0.000000 0.000000 0.000000
    26 -0.021851 -0.545410 -0.000001 0.000000 0.000000 0.000000
    27 0.585312 0.227464 0.578294 0.414748 -0.505319 -1.233087
    28 2.310691 0.010602 0.000001 0.000000 0.000000 -0.536184
    29 1.234327 -0.010016 -0.000001 0.000000 0.000000 -1.018029
    30 1.415111 -2.332346 -0.160517 0.000000 0.126455 -1.523672
    31 1.705496 0.014868 0.000000 -0.000743 -0.413939 -0.002779
    32 1.164589 -0.005664 0.000000 0.000000 -0.776853 0.010472
    33 0.507340 -2.583594 -0.160517 0.069917 -0.357001 -1.755820
    34 1.838103 0.007359 -0.000003 -3.141591 -1.200230 -3.131118
    35 1.433359 0.010339 0.000001 0.000000 -1.308493 0.005236
    36 -0.355350 -2.265626 -0.168329 0.018352 -0.312841 -1.726283
    37 1.886628 -0.004265 0.000001 -3.141396 -1.300667 3.178244
    38 1.373080 -0.010806 0.000002 0.000000 -1.354326 0.010472
    39 -1.187535 -1.692502 -0.164424 0.000000 -0.343470 -1.685988
    40 1.679530 -0.010799 -0.000002 0.000000 -0.914311 0.005229
    41 1.066088 0.017735 0.000001 3.141400 -1.526791 -3.151964
    42 0.000000 -2.078125 1.572266 0.000000 0.000000 0.000000
    43 0.000001 -3.708984 1.591797 0.000000 0.000000 0.000000
    44 0.000000 -1.273438 2.095703 0.000000 0.000000 0.000000
    45 0.000002 -1.330078 2.132813 0.000000 0.000000 0.000000
    46 0.000000 -2.111328 1.570313 0.000000 0.000000 0.000000
    47 0.000000 -3.744141 1.535156 0.000000 0.000000 0.000000
    48 0.500002 9.999993 0.000002 -1.570796 0.000000 -1.570796
    49 0.500002 9.999993 0.000002 -1.570796 0.000000 -1.570796
    50 0.000000 0.000005 0.000001 -1.570796 0.000000 -1.570796
    51 0.000001 0.000003 -0.500010 -1.570796 0.000000 -1.570796
    52 -0.000001 0.000000 -0.000002 -1.570796 0.000000 0.000000
    53 0.000000 0.000000 0.000000 -1.570797 0.000000 0.000000
    54 0.000001 0.000000 0.000000 -1.570796 0.000000 0.000000
    55 0.000000 0.000000 0.000002 -1.570796 0.000000 0.000000
    56 -0.000003 0.000000 0.000001 -1.570796 0.000000 0.000000
    57 0.000000 0.000000 0.000000 -1.570796 0.000000 0.000000
    58 0.000000 0.000000 -0.000002 -1.570796 0.000000 0.000000
    59 0.000000 0.000000 0.000001 -1.570796 0.000000 0.000000
    60 -0.000003 0.000000 0.000000 -1.570796 0.000000 0.000000
    61 -0.000001 0.000000 0.000000 -1.570796 0.000000 0.000000
    62 0.000000 0.000000 0.000000 -1.570796 0.000001 0.000000
    63 0.000000 0.000000 0.000000 -1.570796 0.000001 0.000000
    64 0.000000 0.000000 0.000001 3.141593 0.000000 0.000000
    65 0.000000 0.000000 0.000000 3.141593 0.000000 0.000000
    66 0.000001 -0.000001 0.000002 3.141592 0.000000 0.000000
    67 0.000000 10.000002 -0.000005 -1.570796 0.000000 -1.570796
    68 0.000000 10.000002 -0.000005 -1.570796 0.000000 -1.570796
    69 0.000000 0.000005 -0.000003 -1.570796 0.000000 -1.570796
    70 -0.000002 0.000006 -0.500010 -1.570796 0.000000 -1.570796
    71 -0.000004 0.000000 -0.000002 -1.570796 0.000000 0.000000
    72 0.000000 0.000000 0.000000 -1.570796 0.000000 0.000000
    73 0.000000 0.000000 0.000000 -1.570796 0.000000 0.000000
    74 -0.000002 0.000000 0.000000 -1.570796 0.000000 0.000000
    75 0.000002 0.000000 0.000000 -1.570796 0.000000 0.000000
    76 0.000006 0.000000 0.000000 -1.570796 0.000000 0.000000
    77 0.000001 0.000000 0.000000 -1.570796 0.000000 0.000000
    78 0.000000 0.000000 0.000000 -1.570796 0.000000 0.000000
    79 0.000003 0.000000 0.000000 -1.570796 0.000000 0.000000
    80 0.000000 0.000000 0.000000 -1.570796 0.000000 0.000000
    81 0.000002 0.000000 -0.000001 -1.570796 0.000000 0.000000
    82 0.000000 0.000000 0.000000 -1.570796 0.000000 0.000000
    83 0.000000 0.000000 -0.000003 0.000000 0.000000 0.000000
    84 0.000000 0.000000 0.000000 0.000000 0.000000 0.000000
    85 0.000000 0.000001 -0.000001 0.000000 0.000000 0.000000
  time 22
    0 -11.271319 1.318800 -8.135826 -1.359644 1.222449 -1.171930
    1 0.026867 -11.331078 -0.000002 0.366348 -0.373176 0.130924
    2 0.000000 -0.570801 -0.000001 0.000000 0.000000 0.000000
    3 -0.523475 0.276285 0.586913 -0.212797 -0.375551 -2.091539
    4 2.272813 -0.128130 -0.000001 0.000000 0.000000 0.523599
    5 1.069446 0.056463 0.000000 0.000000 0.000000 0.848230
    6 -1.355754 -2.282777 -0.142105 0.000000 0.000000 -1.638864
    7 1.730202 -0.000584 0.000001 0.001091 -0.481711 0.001676
    8 1.195413 -0.010942 0.000001 0.000000 -0.670206 0.000000
    9 -0.430529 -2.478479 -0.142105 -0.078961 -0.260133 -1.437435
    10 1.925233 0.004627 0.000003 -3.141592 -1.518438 -3.141593
    11 1.416995 0.008475 0.000000 0.000000 -1.110029 0.020944
    12 0.380577 -2.160851 -0.142104 -0.056428 -0.182688 -1.438565
    13 1.952478 0.057593 0.000000 -0.000001 -1.497494 -0.010473
    14 1.365878 0.003407 0.000000 0.000001 -1.214749 0.005236
    15 1.194772 -1.659521 -0.138199 0.000000 -0.267035 -1.445133
    16 1.674395 0.018204 -0.000001 -0.002721 -0.612611 -0.000982
    17 1.089296 -0.001050 -0.000001 0.000000 -1.392772 0.000000
    18 12.558708 -0.208456 -9.407871 -2.152369 -1.137959 1.856019
    19 -0.295538 -11.156286 0.000002 0.401288 0.443581 -0.557532
    20 0.281989 -4.434896 0.917060 0.080103 -1.549641 -0.151666
    21 0.000000 2.791016 0.898926 0.000000 0.000000 0.000000
    22 0.000000 -1.948242 2.902344 0.000000 0.000000 0.000000
    23 -0.490966 -4.492466 0.840004 0.360315 1.511674 0.436996
    24 0.000000 2.902344 1.067383 0.000000 0.000000 0.000000
    25 0.000001 -1.571289 2.902344 0.000000 0.000000 0.000000
    26 -0.021851 -0.545410 -0.000001 0.000000 0.000000 0.000000
    27 0.581406 0.231370 0.582201 0.407674 -0.505100 -1.222056
    28 2.306785 0.010602 0.000001 0.000000 0.000000 -0.531400
    29 1.242140 -0.010016 -0.000001 0.000000 0.000000 -1.008637
    30 1.415111 -2.328439 -0.168330 0.000000 0.115815 -1.523672
    31 1.705496 0.014868 0.000000 -0.000731 -0.411737 -0.002767
    32 1.160683 -0.005664 0.000000 0.000000 -0.767111 0.010472
    33 0.507340 -2.575781 -0.168330 0.069809 -0.352487 -1.755424
    34 1.834197 0.007359 -0.000003 -3.141591 -1.219311 -3.131118
    35 1.433359 0.010339 0.000001 0.000000 -1.296101 0.005236
    36 -0.355350 -2.265626 -0.168329 0.018340 -0.307614 -1.726163
    37 1.886628 -0.004265 0.000001 -3.141492 -1.318361 3.177956
    38 1.365267 -0.010806 0.000002 0.000000 -1.341198 0.010472
    39 -1.187535 -1.684689 -0.160518 0.000000 -0.337093 -1.685988
    40 1.679530 -0.010799 -0.000002 0.000000 -0.904800 0.005229
    41 1.066088 0.017735 0.000001 3.141496 -1.541155 -3.152060
    42 0.000000 -2.078125 1.572266 0.000000 0.000000 0.000000
    43 0.000001 -3.708984 1.591797 0.000000 0.000000 0.000000
    44 0.000000 -1.273438 2.095703 0.000000 0.000000 0.000000
    45 0.000002 -1.330078 2.132813 0.000000 0.000000 0.000000
    46 0.000000 -2.111328 1.570313 0.000000 0.000000 0.000000
    47 0.000000 -3.744141 1.535156 0.000000 0.000000 0.000000
    48 0.500002 9.999993 0.000002 -1.570796 0.000000 -1.570796
    49 0.500002 9.999993 0.000002 -1.570796 0.000000 -1.570796
    50 0.000000 0.000005 0.000001 -1.570796 0.000000 -1.570796
    51 0.000001 0.000003 -0.500010 -1.570796 0.000000 -1.570796
    52 -0.000001 0.000000 -0.000002 -1.570796 0.000000 0.000000
    53 0.000000 0.000000 0.000000 -1.570797 0.000000 0.000000
    54 0.000001 0.000000 0.000000 -1.570796 0.000000 0.000000
    55 0.000000 0.000000 0.000002 -1.570796 0.000000 0.000000
    56 -0.000003 0.000000 0.000001 -1.570796 0.000000 0.000000
    57 0.000000 0.000000 0.000000 -1.570796 0.000000 0.000000
    58 0.000000 0.000000 -0.000002 -1.570796 0.000000 0.000000
    59 0.000000 0.000000 0.000001 -1.570796 0.000000 0.000000
    60 -0.000003 0.000000 0.000000 -1.570796 0.000000 0.000000
    61 -0.000001 0.000000 0.000000 -1.570796 0.000000 0.000000
    62 0.000000 0.000000 0.000000 -1.570796 0.000001 0.000000
    63 0.000000 0.000000 0.000000 -1.570796 0.000001 0.000000
    64 0.000000 0.000000 0.000001 3.141593 0.000000 0.000000
    65 0.000000 0.000000 0.000000 3.141593 0.000000 0.000000
    66 0.000001 -0.000001 0.000002 3.141592 0.000000 0.000000
    67 0.000000 10.000002 -0.000005 -1.570796 0.000000 -1.570796
    68 0.000000 10.000002 -0.000005 -1.570796 0.000000 -1.570796
    69 0.000000 0.000005 -0.000003 -1.570796 0.000000 -1.570796
    70 -0.000002 0.000006 -0.500010 -1.570796 0.000000 -1.570796
    71 -0.000004 0.000000 -0.000002 -1.570796 0.000000 0.000000
    72 0.000000 0.000000 0.000000 -1.570796 0.000000 0.000000
    73 0.000000 0.000000 0.000000 -1.570796 0.000000 0.000000
    74 -0.000002 0.000000 0.000000 -1.570796 0.000000 0.000000
    75 0.000002 0.000000 0.000000 -1.570796 0.000000 0.000000
    76 0.000006 0.000000 0.000000 -1.570796 0.000000 0.000000
    77 0.000001 0.000000 0.000000 -1.570796 0.000000 0.000000
    78 0.000000 0.000000 0.000000 -1.570796 0.000000 0.000000
    79 0.000003 0.000000 0.000000 -1.570796 0.000000 0.000000
    80 0.000000 0.000000 0.000000 -1.570796 0.000000 0.000000
    81 0.000002 0.000000 -0.000001 -1.570796 0.000000 0.000000
    82 0.000000 0.000000 0.000000 -1.570796 0.000000 0.000000
    83 0.000000 0.000000 -0.000003 0.000000 0.000000 0.000000
    84 0.000000 0.000000 0.000000 0.000000 0.000000 0.000000
    85 0.000000 0.000001 -0.000001 0.000000 0.000000 0.000000
  time 23
    0 -11.271319 1.393021 -8.170983 -1.350850 1.217165 -1.154879
    1 0.026867 -11.331078 -0.000002 0.456477 -0.395467 0.115383
    2 0.000000 -0.570801 -0.000001 0.000000 0.000000 0.000000
    3 -0.523475 0.288004 0.586913 -0.212797 -0.375551 -2.091539
    4 2.276719 -0.124224 -0.000001 0.000000 0.000000 0.523599
    5 1.069446 0.056463 0.000000 0.000000 0.000000 0.848230
    6 -1.359660 -2.286684 -0.142105 0.000000 0.000000 -1.638864
    7 1.730202 -0.000584 0.000001 0.001091 -0.481711 0.001676
    8 1.203226 -0.010942 0.000001 0.000000 -0.670206 0.000000
    9 -0.430529 -2.482385 -0.146012 -0.078961 -0.260133 -1.437435
    10 1.925233 0.004627 0.000003 -3.141592 -1.518438 -3.141593
    11 1.413089 0.008475 0.000000 0.000000 -1.110029 0.020944
    12 0.376671 -2.160851 -0.149917 -0.056428 -0.182688 -1.438565
    13 1.956384 0.053687 0.000000 -0.000001 -1.497494 -0.010473
    14 1.369784 0.003407 0.000000 0.000001 -1.214749 0.005236
    15 1.194772 -1.655615 -0.142105 0.000000 -0.267035 -1.445133
    16 1.674395 0.018204 -0.000001 -0.002721 -0.612611 -0.000982
    17 1.089296 -0.001050 -0.000001 0.000000 -1.392772 0.000000
    18 12.441517 -0.161579 -9.239897 -2.143539 -1.155883 1.838136
    19 -0.295538 -11.156286 0.000002 0.396935 0.431523 -0.528398
    20 0.281989 -4.434896 0.924873 0.080103 -1.549641 -0.151666
    21 0.000000 2.791016 0.898926 0.000000 0.000000 0.000000
    22 0.000000 -1.948242 2.902344 0.000000 0.000000 0.000000
    23 -0.494872 -4.492466 0.840004 0.360225 1.511674 0.436996
    24 0.000000 2.902344 1.067383 0.000000 0.000000 0.000000
    25 0.000001 -1.571289 2.902344 0.000000 0.000000 0.000000
    26 -0.021851 -0.545410 -0.000001 0.000000 0.000000 0.000000
    27 0.581406 0.231370 0.582201 0.395171 -0.504572 -1.202518
    28 2.306785 0.010602 0.000001 0.000000 0.000000 -0.522905
    29 1.242140 -0.010016 -0.000001 0.000000 0.000000 -0.991848
    30 1.411205 -2.328439 -0.156611 0.000000 0.097014 -1.523672
    31 1.705496 0.014868 0.000000 -0.000707 -0.407845 -0.002779
    32 1.160683 -0.005664 0.000000 0.000000 -0.749780 0.010472
    33 0.507340 -2.575781 -0.160517 0.069545 -0.344403 -1.754861
    34 1.834197 0.007359 -0.000003 -3.141591 -1.253492 -3.131118
    35 1.429453 0.010339 0.000001 0.000000 -1.274093 0.005236
    36 -0.355350 -2.265626 -0.168329 0.018316 -0.298301 -1.725983
    37 1.886628 -0.004265 0.000001 -3.141396 -1.349411 3.178052
    38 1.369174 -0.010806 0.000002 0.000000 -1.317653 0.010472
    39 -1.187535 -1.692502 -0.160518 0.000000 -0.325689 -1.685988
    40 1.675623 -0.010799 -0.000002 0.000000 -0.887816 0.005229
    41 1.062181 0.017735 0.000001 -3.141304 -1.566748 3.130924
    42 0.000000 -2.078125 1.572266 0.000000 0.000000 0.000000
    43 0.000001 -3.708984 1.591797 0.000000 0.000000 0.000000
    44 0.000000 -1.273438 2.095703 0.000000 0.000000 0.000000
    45 0.000002 -1.330078 2.132813 0.000000 0.000000 0.000000
    46 0.000000 -2.111328 1.570313 0.000000 0.000000 0.000000
    47 0.000000 -3.744141 1.535156 0.000000 0.000000 0.000000
    48 0.500002 9.999993 0.000002 -1.570796 0.000000 -1.570796
    49 0.500002 9.999993 0.000002 -1.570796 0.000000 -1.570796
    50 0.000000 0.000005 0.000001 -1.570796 0.000000 -1.570796
    51 0.000001 0.000003 -0.500010 -1.570796 0.000000 -1.570796
    52 -0.000001 0.000000 -0.000002 -1.570796 0.000000 0.000000
    53 0.000000 0.000000 0.000000 -1.570797 0.000000 0.000000
    54 0.000001 0.000000 0.000000 -1.570796 0.000000 0.000000
    55 0.000000 0.000000 0.000002 -1.570796 0.000000 0.000000
    56 -0.000003 0.000000 0.000001 -1.570796 0.000000 0.000000
    57 0.000000 0.000000 0.000000 -1.570796 0.000000 0.000000
    58 0.000000 0.000000 -0.000002 -1.570796 0.000000 0.000000
    59 0.000000 0.000000 0.000001 -1.570796 0.000000 0.000000
    60 -0.000003 0.000000 0.000000 -1.570796 0.000000 0.000000
    61 -0.000001 0.000000 0.000000 -1.570796 0.000000 0.000000
    62 0.000000 0.000000 0.000000 -1.570796 0.000001 0.000000
    63 0.000000 0.000000 0.000000 -1.570796 0.000001 0.000000
    64 0.000000 0.000000 0.000001 3.141593 0.000000 0.000000
    65 0.000000 0.000000 0.000000 3.141593 0.000000 0.000000
    66 0.000001 -0.000001 0.000002 3.141592 0.000000 0.000000
    67 0.000000 10.000002 -0.000005 -1.570796 0.000000 -1.570796
    68 0.000000 10.000002 -0.000005 -1.570796 0.000000 -1.570796
    69 0.000000 0.000005 -0.000003 -1.570796 0.000000 -1.570796
    70 -0.000002 0.000006 -0.500010 -1.570796 0.000000 -1.570796
    71 -0.000004 0.000000 -0.000002 -1.570796 0.000000 0.000000
    72 0.000000 0.000000 0.000000 -1.570796 0.000000 0.000000
    73 0.000000 0.000000 0.000000 -1.570796 0.000000 0.000000
    74 -0.000002 0.000000 0.000000 -1.570796 0.000000 0.000000
    75 0.000002 0.000000 0.000000 -1.570796 0.000000 0.000000
    76 0.000006 0.000000 0.000000 -1.570796 0.000000 0.000000
    77 0.000001 0.000000 0.000000 -1.570796 0.000000 0.000000
    78 0.000000 0.000000 0.000000 -1.570796 0.000000 0.000000
    79 0.000003 0.000000 0.000000 -1.570796 0.000000 0.000000
    80 0.000000 0.000000 0.000000 -1.570796 0.000000 0.000000
    81 0.000002 0.000000 -0.000001 -1.570796 0.000000 0.000000
    82 0.000000 0.000000 0.000000 -1.570796 0.000000 0.000000
    83 0.000000 0.000000 -0.000003 0.000000 0.000000 0.000000
    84 0.000000 0.000000 0.000000 0.000000 0.000000 0.000000
    85 0.000000 0.000001 -0.000001 0.000000 0.000000 0.000000
  time 24
    0 -11.271319 1.424272 -8.186609 -1.357165 1.214165 -1.145108
    1 0.026867 -11.331078 -0.000002 0.468745 -0.400234 0.125481
    2 0.000000 -0.570801 -0.000001 0.000000 0.000000 0.000000
    3 -0.523475 0.288004 0.590819 -0.212797 -0.375551 -2.091539
    4 2.276719 -0.124224 -0.000001 0.000000 0.000000 0.523599
    5 1.069446 0.056463 0.000000 0.000000 0.000000 0.848230
    6 -1.351848 -2.278871 -0.142105 0.000000 0.000000 -1.638864
    7 1.730202 -0.000584 0.000001 0.001091 -0.481711 0.001676
    8 1.203226 -0.010942 0.000001 0.000000 -0.670206 0.000000
    9 -0.422716 -2.478479 -0.142105 -0.078961 -0.260133 -1.437435
    10 1.921327 0.004627 0.000003 -3.141592 -1.518438 -3.141593
    11 1.416995 0.008475 0.000000 0.000000 -1.110029 0.020944
    12 0.380577 -2.160851 -0.149917 -0.056428 -0.182688 -1.438565
    13 1.952478 0.057593 0.000000 -0.000001 -1.497494 -0.010473
    14 1.369784 0.003407 0.000000 0.000001 -1.214749 0.005236
    15 1.183053 -1.655615 -0.146012 0.000000 -0.267035 -1.445133
    16 1.674395 0.022111 -0.000001 -0.002721 -0.612611 -0.000982
    17 1.089296 -0.001050 -0.000001 0.000000 -1.392772 0.000000
    18 12.316514 -0.114703 -9.048485 -2.139594 -1.172000 1.827275
    19 -0.295538 -11.160193 0.000002 0.379451 0.415495 -0.499036
    20 0.281989 -4.434896 0.920967 0.080103 -1.549641 -0.151666
    21 0.000000 2.791016 0.898926 0.000000 0.000000 0.000000
    22 0.000000 -1.948242 2.902344 0.000000 0.000000 0.000000
    23 -0.487059 -4.488559 0.840004 0.360225 1.511674 0.436996
    24 0.000000 2.902344 1.067383 0.000000 0.000000 0.000000
    25 0.000001 -1.571289 2.902344 0.000000 0.000000 0.000000
    26 -0.021851 -0.545410 -0.000001 0.000000 0.000000 0.000000
    27 0.585312 0.231370 0.582201 0.378946 -0.503619 -1.177089
    28 2.306785 0.010602 0.000001 0.000000 0.000000 -0.511862
    29 1.238233 -0.010016 -0.000001 0.000000 0.000000 -0.969964
    30 1.415111 -2.324533 -0.168330 0.000000 0.072497 -1.523672
    31 1.705496 0.014868 0.000000 -0.000695 -0.402788 -0.002815
    32 1.160683 -0.005664 0.000000 0.000000 -0.727261 0.010472
    33 0.511246 -2.575781 -0.168330 0.069306 -0.333900 -1.754106
    34 1.834197 0.007359 -0.000003 -3.141591 -1.297838 -3.131118
    35 1.433359 0.010339 0.000001 0.000000 -1.245406 0.005236
    36 -0.355350 -2.261720 -0.168329 0.018256 -0.286195 -1.725816
    37 1.886628 -0.004265 0.000001 3.141592 -1.390165 3.177956
    38 1.369174 -0.010806 0.000002 0.000000 -1.287006 0.010472
    39 -1.187535 -1.688595 -0.160518 0.000000 -0.310961 -1.685988
    40 1.679530 -0.010799 -0.000002 0.000000 -0.865952 0.005229
    41 1.066088 0.017735 0.000001 0.000000 -1.541389 -0.010472
    42 0.000000 -2.078125 1.572266 0.000000 0.000000 0.000000
    43 0.000001 -3.708984 1.591797 0.000000 0.000000 0.000000
    44 0.000000 -1.273438 2.095703 0.000000 0.000000 0.000000
    45 0.000002 -1.330078 2.132813 0.000000 0.000000 0.000000
    46 0.000000 -2.111328 1.570313 0.000000 0.000000 0.000000
    47 0.000000 -3.744141 1.535156 0.000000 0.000000 0.000000
    48 0.500002 9.999993 0.000002 -1.570796 0.000000 -1.570796
    49 0.500002 9.999993 0.000002 -1.570796 0.000000 -1.570796
    50 0.000000 0.000005 0.000001 -1.570796 0.000000 -1.570796
    51 0.000001 0.000003 -0.500010 -1.570796 0.000000 -1.570796
    52 -0.000001 0.000000 -0.000002 -1.570796 0.000000 0.000000
    53 0.000000 0.000000 0.000000 -1.570797 0.000000 0.000000
    54 0.000001 0.000000 0.000000 -1.570796 0.000000 0.000000
    55 0.000000 0.000000 0.000002 -1.570796 0.000000 0.000000
    56 -0.000003 0.000000 0.000001 -1.570796 0.000000 0.000000
    57 0.000000 0.000000 0.000000 -1.570796 0.000000 0.000000
    58 0.000000 0.000000 -0.000002 -1.570796 0.000000 0.000000
    59 0.000000 0.000000 0.000001 -1.570796 0.000000 0.000000
    60 -0.000003 0.000000 0.000000 -1.570796 0.000000 0.000000
    61 -0.000001 0.000000 0.000000 -1.570796 0.000000 0.000000
    62 0.000000 0.000000 0.000000 -1.570796 0.000001 0.000000
    63 0.000000 0.000000 0.000000 -1.570796 0.000001 0.000000
    64 0.000000 0.000000 0.000001 3.141593 0.000000 0.000000
    65 0.000000 0.000000 0.000000 3.141593 0.000000 0.000000
    66 0.000001 -0.000001 0.000002 3.141592 0.000000 0.000000
    67 0.000000 10.000002 -0.000005 -1.570796 0.000000 -1.570796
    68 0.000000 10.000002 -0.000005 -1.570796 0.000000 -1.570796
    69 0.000000 0.000005 -0.000003 -1.570796 0.000000 -1.570796
    70 -0.000002 0.000006 -0.500010 -1.570796 0.000000 -1.570796
    71 -0.000004 0.000000 -0.000002 -1.570796 0.000000 0.000000
    72 0.000000 0.000000 0.000000 -1.570796 0.000000 0.000000
    73 0.000000 0.000000 0.000000 -1.570796 0.000000 0.000000
    74 -0.000002 0.000000 0.000000 -1.570796 0.000000 0.000000
    75 0.000002 0.000000 0.000000 -1.570796 0.000000 0.000000
    76 0.000006 0.000000 0.000000 -1.570796 0.000000 0.000000
    77 0.000001 0.000000 0.000000 -1.570796 0.000000 0.000000
    78 0.000000 0.000000 0.000000 -1.570796 0.000000 0.000000
    79 0.000003 0.000000 0.000000 -1.570796 0.000000 0.000000
    80 0.000000 0.000000 0.000000 -1.570796 0.000000 0.000000
    81 0.000002 0.000000 -0.000001 -1.570796 0.000000 0.000000
    82 0.000000 0.000000 0.000000 -1.570796 0.000000 0.000000
    83 0.000000 0.000000 -0.000003 0.000000 0.000000 0.000000
    84 0.000000 0.000000 0.000000 0.000000 0.000000 0.000000
    85 0.000000 0.000001 -0.000001 0.000000 0.000000 0.000000
  time 25
    0 -11.271319 1.424272 -8.186609 -1.391458 1.220210 -1.163117
    1 0.026867 -11.331078 -0.000002 0.403364 -0.386650 0.160242
    2 0.000000 -0.570801 -0.000001 0.000000 0.000000 0.000000
    3 -0.519569 0.280191 0.586913 -0.212797 -0.375551 -2.091539
    4 2.276719 -0.120318 -0.000001 0.000000 0.000000 0.523599
    5 1.069446 0.056463 0.000000 0.000000 0.000000 0.848230
    6 -1.355754 -2.286684 -0.142105 0.000000 0.000000 -1.638864
    7 1.734108 -0.000584 0.000001 0.001091 -0.481711 0.001676
    8 1.199319 -0.010942 0.000001 0.000000 -0.670206 0.000000
    9 -0.430529 -2.486292 -0.142105 -0.078961 -0.260133 -1.437435
    10 1.925233 0.004627 0.000003 -3.141592 -1.518438 -3.141593
    11 1.416995 0.008475 0.000000 0.000000 -1.110029 0.020944
    12 0.380577 -2.168664 -0.146011 -0.056428 -0.182688 -1.438565
    13 1.956384 0.057593 0.000000 -0.000001 -1.497494 -0.010473
    14 1.365878 0.003407 0.000000 0.000001 -1.214749 0.005236
    15 1.190866 -1.663428 -0.138199 0.000000 -0.267035 -1.445133
    16 1.678301 0.018204 -0.000001 -0.002721 -0.612611 -0.000982
    17 1.089296 -0.001050 -0.000001 0.000000 -1.392772 0.000000
    18 12.175884 -0.056107 -8.829728 -2.140815 -1.187250 1.821658
    19 -0.299444 -11.160193 0.000002 0.352866 0.396738 -0.467984
    20 0.281989 -4.434896 0.920967 0.080103 -1.549641 -0.151666
    21 0.000000 2.791016 0.898926 0.000000 0.000000 0.000000
    22 0.000000 -1.948242 2.902344 0.000000 0.000000 0.000000
    23 -0.490966 -4.484653 0.847817 0.360225 1.511674 0.436996
    24 0.000000 2.902344 1.067383 0.000000 0.000000 0.000000
    25 0.000001 -1.571289 2.902344 0.000000 0.000000 0.000000
    26 -0.021851 -0.545410 -0.000001 0.000000 0.000000 0.000000
    27 0.585312 0.227464 0.586107 0.360630 -0.502099 -1.148293
    28 2.306785 0.010602 0.000001 0.000000 0.000000 -0.499391
    29 1.238233 -0.010016 -0.000001 0.000000 0.000000 -0.945379
    30 1.411205 -2.332346 -0.160517 0.000000 0.044847 -1.523672
    31 1.705496 0.014868 0.000000 -0.000683 -0.397078 -0.002815
    32 1.164589 -0.005664 0.000000 0.000000 -0.701864 0.010472
    33 0.507340 -2.583594 -0.168330 0.069066 -0.322069 -1.753231
    34 1.838103 0.007359 -0.000003 -3.141591 -1.347772 -3.131118
    35 1.433359 0.010339 0.000001 0.000000 -1.213179 0.005236
    36 -0.355350 -2.269533 -0.160517 0.018184 -0.272523 -1.725540
    37 1.886628 -0.004265 0.000001 -3.141396 -1.435941 3.178052
    38 1.369174 -0.010806 0.000002 0.000000 -1.252442 0.010472
    39 -1.187535 -1.692502 -0.168331 0.000000 -0.294260 -1.685988
    40 1.683436 -0.010799 -0.000002 0.000000 -0.841156 0.005229
    41 1.066088 0.017735 0.000001 0.000000 -1.503865 -0.010472
    42 0.000000 -2.078125 1.572266 0.000000 0.000000 0.000000
    43 0.000001 -3.708984 1.591797 0.000000 0.000000 0.000000
    44 0.000000 -1.273438 2.095703 0.000000 0.000000 0.000000
    45 0.000002 -1.330078 2.132813 0.000000 0.000000 0.000000
    46 0.000000 -2.111328 1.570313 0.000000 0.000000 0.000000
    47 0.000000 -3.744141 1.535156 0.000000 0.000000 0.000000
    48 0.500002 9.999993 0.000002 -1.570796 0.000000 -1.570796
    49 0.500002 9.999993 0.000002 -1.570796 0.000000 -1.570796
    50 0.000000 0.000005 0.000001 -1.570796 0.000000 -1.570796
    51 0.000001 0.000003 -0.500010 -1.570796 0.000000 -1.570796
    52 -0.000001 0.000000 -0.000002 -1.570796 0.000000 0.000000
    53 0.000000 0.000000 0.000000 -1.570797 0.000000 0.000000
    54 0.000001 0.000000 0.000000 -1.570796 0.000000 0.000000
    55 0.000000 0.000000 0.000002 -1.570796 0.000000 0.000000
    56 -0.000003 0.000000 0.000001 -1.570796 0.000000 0.000000
    57 0.000000 0.000000 0.000000 -1.570796 0.000000 0.000000
    58 0.000000 0.000000 -0.000002 -1.570796 0.000000 0.000000
    59 0.000000 0.000000 0.000001 -1.570796 0.000000 0.000000
    60 -0.000003 0.000000 0.000000 -1.570796 0.000000 0.000000
    61 -0.000001 0.000000 0.000000 -1.570796 0.000000 0.000000
    62 0.000000 0.000000 0.000000 -1.570796 0.000001 0.000000
    63 0.000000 0.000000 0.000000 -1.570796 0.000001 0.000000
    64 0.000000 0.000000 0.000001 3.141593 0.000000 0.000000
    65 0.000000 0.000000 0.000000 3.141593 0.000000 0.000000
    66 0.000001 -0.000001 0.000002 3.141592 0.000000 0.000000
    67 0.000000 10.000002 -0.000005 -1.570796 0.000000 -1.570796
    68 0.000000 10.000002 -0.000005 -1.570796 0.000000 -1.570796
    69 0.000000 0.000005 -0.000003 -1.570796 0.000000 -1.570796
    70 -0.000002 0.000006 -0.500010 -1.570796 0.000000 -1.570796
    71 -0.000004 0.000000 -0.000002 -1.570796 0.000000 0.000000
    72 0.000000 0.000000 0.000000 -1.570796 0.000000 0.000000
    73 0.000000 0.000000 0.000000 -1.570796 0.000000 0.000000
    74 -0.000002 0.000000 0.000000 -1.570796 0.000000 0.000000
    75 0.000002 0.000000 0.000000 -1.570796 0.000000 0.000000
    76 0.000006 0.000000 0.000000 -1.570796 0.000000 0.000000
    77 0.000001 0.000000 0.000000 -1.570796 0.000000 0.000000
    78 0.000000 0.000000 0.000000 -1.570796 0.000000 0.000000
    79 0.000003 0.000000 0.000000 -1.570796 0.000000 0.000000
    80 0.000000 0.000000 0.000000 -1.570796 0.000000 0.000000
    81 0.000002 0.000000 -0.000001 -1.570796 0.000000 0.000000
    82 0.000000 0.000000 0.000000 -1.570796 0.000000 0.000000
    83 0.000000 0.000000 -0.000003 0.000000 0.000000 0.000000
    84 0.000000 0.000000 0.000000 0.000000 0.000000 0.000000
    85 0.000000 0.000001 -0.000001 0.000000 0.000000 0.000000
  time 26
    0 -11.271319 1.393021 -8.170983 -1.453169 1.232883 -1.207948
    1 0.026867 -11.331078 -0.000002 0.311959 -0.363670 0.204538
    2 0.000000 -0.570801 -0.000001 0.000000 0.000000 0.000000
    3 -0.527382 0.288004 0.586913 -0.212797 -0.375551 -2.091539
    4 2.276719 -0.124224 -0.000001 0.000000 0.000000 0.523599
    5 1.069446 0.056463 0.000000 0.000000 0.000000 0.848230
    6 -1.355754 -2.282777 -0.138199 0.000000 0.000000 -1.638864
    7 1.730202 -0.000584 0.000001 0.001091 -0.481711 0.001676
    8 1.199319 -0.010942 0.000001 0.000000 -0.670206 0.000000
    9 -0.430529 -2.478479 -0.138199 -0.078961 -0.260133 -1.437435
    10 1.925233 0.004627 0.000003 -3.141592 -1.518438 -3.141593
    11 1.416995 0.008475 0.000000 0.000000 -1.110029 0.020944
    12 0.376671 -2.160851 -0.146011 -0.056428 -0.182688 -1.438565
    13 1.952478 0.053687 0.000000 -0.000001 -1.497494 -0.010473
    14 1.365878 0.003407 0.000000 0.000001 -1.214749 0.005236
    15 1.194772 -1.655615 -0.138199 0.000000 -0.267035 -1.445133
    16 1.674395 0.018204 -0.000001 -0.002721 -0.612611 -0.000982
    17 1.089296 -0.001050 -0.000001 0.000000 -1.392772 0.000000
    18 12.023536 0.002488 -8.587533 -2.146170 -1.202066 1.820628
    19 -0.295538 -11.156286 0.000002 0.320560 0.376542 -0.434053
    20 0.285896 -4.430989 0.920967 0.080103 -1.549641 -0.151666
    21 0.000000 2.791016 0.898926 0.000000 0.000000 0.000000
    22 0.000000 -1.948242 2.902344 0.000000 0.000000 0.000000
    23 -0.490966 -4.484653 0.840004 0.360225 1.511674 0.436996
    24 0.000000 2.902344 1.067383 0.000000 0.000000 0.000000
    25 0.000001 -1.571289 2.902344 0.000000 0.000000 0.000000
    26 -0.021851 -0.545410 -0.000001 0.000000 0.000000 0.000000
    27 0.581406 0.239183 0.586107 0.342037 -0.500000 -1.119137
    28 2.306785 0.010602 0.000001 0.000000 0.000000 -0.486640
    29 1.238233 -0.010016 -0.000001 0.000000 0.000000 -0.920088
    30 1.411205 -2.320627 -0.160517 0.000000 0.016508 -1.523672
    31 1.705496 0.014868 0.000000 -0.000671 -0.391253 -0.002827
    32 1.168496 -0.005664 0.000000 0.000000 -0.675866 0.010472
    33 0.507340 -2.575781 -0.160517 0.068730 -0.309958 -1.752296
    34 1.838103 0.007359 -0.000003 -3.141591 -1.399073 -3.131118
    35 1.429453 0.010339 0.000001 0.000000 -1.180026 0.005236
    36 -0.359256 -2.257814 -0.168329 0.018112 -0.258511 -1.725228
    37 1.882722 -0.004265 0.000001 -3.141396 -1.482802 3.178148
    38 1.373080 -0.010806 0.000002 0.000000 -1.216974 0.010472
    39 -1.187535 -1.684689 -0.164424 0.000000 -0.277185 -1.685988
    40 1.679530 -0.010799 -0.000002 0.000000 -0.815773 0.005229
    41 1.066088 0.017735 0.000001 0.000000 -1.465452 -0.010472
    42 0.000000 -2.078125 1.572266 0.000000 0.000000 0.000000
    43 0.000001 -3.708984 1.591797 0.000000 0.000000 0.000000
    44 0.000000 -1.273438 2.095703 0.000000 0.000000 0.000000
    45 0.000002 -1.330078 2.132813 0.000000 0.000000 0.000000
    46 0.000000 -2.111328 1.570313 0.000000 0.000000 0.000000
    47 0.000000 -3.744141 1.535156 0.000000 0.000000 0.000000
    48 0.500002 9.999993 0.000002 -1.570796 0.000000 -1.570796
    49 0.500002 9.999993 0.000002 -1.570796 0.000000 -1.570796
    50 0.000000 0.000005 0.000001 -1.570796 0.000000 -1.570796
    51 0.000001 0.000003 -0.500010 -1.570796 0.000000 -1.570796
    52 -0.000001 0.000000 -0.000002 -1.570796 0.000000 0.000000
    53 0.000000 0.000000 0.000000 -1.570797 0.000000 0.000000
    54 0.000001 0.000000 0.000000 -1.570796 0.000000 0.000000
    55 0.000000 0.000000 0.000002 -1.570796 0.000000 0.000000
    56 -0.000003 0.000000 0.000001 -1.570796 0.000000 0.000000
    57 0.000000 0.000000 0.000000 -1.570796 0.000000 0.000000
    58 0.000000 0.000000 -0.000002 -1.570796 0.000000 0.000000
    59 0.000000 0.000000 0.000001 -1.570796 0.000000 0.000000
    60 -0.000003 0.000000 0.000000 -1.570796 0.000000 0.000000
    61 -0.000001 0.000000 0.000000 -1.570796 0.000000 0.000000
    62 0.000000 0.000000 0.000000 -1.570796 0.000001 0.000000
    63 0.000000 0.000000 0.000000 -1.570796 0.000001 0.000000
    64 0.000000 0.000000 0.000001 3.141593 0.000000 0.000000
    65 0.000000 0.000000 0.000000 3.141593 0.000000 0.000000
    66 0.000001 -0.000001 0.000002 3.141592 0.000000 0.000000
    67 0.000000 10.000002 -0.000005 -1.570796 0.000000 -1.570796
    68 0.000000 10.000002 -0.000005 -1.570796 0.000000 -1.570796
    69 0.000000 0.000005 -0.000003 -1.570796 0.000000 -1.570796
    70 -0.000002 0.000006 -0.500010 -1.570796 0.000000 -1.570796
    71 -0.000004 0.000000 -0.000002 -1.570796 0.000000 0.000000
    72 0.000000 0.000000 0.000000 -1.570796 0.000000 0.000000
    73 0.000000 0.000000 0.000000 -1.570796 0.000000 0.000000
    74 -0.000002 0.000000 0.000000 -1.570796 0.000000 0.000000
    75 0.000002 0.000000 0.000000 -1.570796 0.000000 0.000000
    76 0.000006 0.000000 0.000000 -1.570796 0.000000 0.000000
    77 0.000001 0.000000 0.000000 -1.570796 0.000000 0.000000
    78 0.000000 0.000000 0.000000 -1.570796 0.000000 0.000000
    79 0.000003 0.000000 0.000000 -1.570796 0.000000 0.000000
    80 0.000000 0.000000 0.000000 -1.570796 0.000000 0.000000
    81 0.000002 0.000000 -0.000001 -1.570796 0.000000 0.000000
    82 0.000000 0.000000 0.000000 -1.570796 0.000000 0.000000
    83 0.000000 0.000000 -0.000003 0.000000 0.000000 0.000000
    84 0.000000 0.000000 0.000000 0.000000 0.000000 0.000000
    85 0.000000 0.000001 -0.000001 0.000000 0.000000 0.000000
  time 27
    0 -11.271319 1.318800 -8.135826 -1.543738 1.249899 -1.280367
    1 0.026867 -11.331078 -0.000002 0.244131 -0.344244 0.246469
    2 0.000000 -0.570801 -0.000001 0.000000 0.000000 0.000000
    3 -0.527382 0.284097 0.586913 -0.212797 -0.375551 -2.091539
    4 2.272813 -0.128130 -0.000001 0.000000 0.000000 0.523599
    5 1.069446 0.056463 0.000000 0.000000 0.000000 0.848230
    6 -1.355754 -2.282777 -0.146012 0.000000 0.000000 -1.638864
    7 1.730202 -0.000584 0.000001 0.001091 -0.481711 0.001676
    8 1.195413 -0.010942 0.000001 0.000000 -0.670206 0.000000
    9 -0.434435 -2.482385 -0.149918 -0.078961 -0.260133 -1.437435
    10 1.925233 0.004627 0.000003 -3.141592 -1.518438 -3.141593
    11 1.416995 0.008475 0.000000 0.000000 -1.110029 0.020944
    12 0.376671 -2.160851 -0.149917 -0.056428 -0.182688 -1.438565
    13 1.952478 0.057593 0.000000 -0.000001 -1.497494 -0.010473
    14 1.365878 0.003407 0.000000 0.000001 -1.214749 0.005236
    15 1.194772 -1.659521 -0.146012 0.000000 -0.267035 -1.445133
    16 1.674395 0.018204 -0.000001 -0.002721 -0.612611 -0.000982
    17 1.085390 -0.001050 -0.000001 0.000000 -1.392772 0.000000
    18 11.855562 0.072803 -8.329713 -2.154718 -1.217316 1.823062
    19 -0.295538 -11.160193 0.000002 0.286456 0.355924 -0.396083
    20 0.281989 -4.430989 0.920967 0.080103 -1.549641 -0.151666
    21 0.000000 2.791016 0.898926 0.000000 0.000000 0.000000
    22 0.000000 -1.948242 2.902344 0.000000 0.000000 0.000000
    23 -0.490966 -4.492466 0.840004 0.360315 1.511674 0.436996
    24 0.000000 2.902344 1.067383 0.000000 0.000000 0.000000
    25 0.000001 -1.571289 2.902344 0.000000 0.000000 0.000000
    26 -0.021851 -0.545410 -0.000001 0.000000 0.000000 0.000000
    27 0.585312 0.235277 0.590013 0.324736 -0.497669 -1.091844
    28 2.306785 0.010602 0.000001 0.000000 0.000000 -0.474727
    29 1.238233 -0.010016 -0.000001 0.000000 0.000000 -0.896608
    30 1.415111 -2.324533 -0.160517 0.000000 -0.009834 -1.523672
    31 1.705496 0.014868 0.000000 -0.000647 -0.385748 -0.002827
    32 1.160683 -0.005664 0.000000 0.000000 -0.651671 0.010472
    33 0.507340 -2.575781 -0.168330 0.068527 -0.298673 -1.751481
    34 1.838103 0.007359 -0.000003 -3.141591 -1.446748 -3.131118
    35 1.433359 0.010339 0.000001 0.000000 -1.149247 0.005236
    36 -0.355350 -2.257814 -0.164423 0.018052 -0.245486 -1.725049
    37 1.882722 -0.004265 0.000001 3.141400 -1.526466 -3.104741
    38 1.369174 -0.010806 0.000002 0.000000 -1.184132 0.010472
    39 -1.187535 -1.692502 -0.160518 0.000000 -0.261294 -1.685988
    40 1.675623 -0.010799 -0.000002 0.000000 -0.792088 0.005229
    41 1.066088 0.017735 0.000001 0.000000 -1.429519 -0.010472
    42 0.000000 -2.078125 1.572266 0.000000 0.000000 0.000000
    43 0.000001 -3.708984 1.591797 0.000000 0.000000 0.000000
    44 0.000000 -1.273438 2.095703 0.000000 0.000000 0.000000
    45 0.000002 -1.330078 2.132813 0.000000 0.000000 0.000000
    46 0.000000 -2.111328 1.570313 0.000000 0.000000 0.000000
    47 0.000000 -3.744141 1.535156 0.000000 0.000000 0.000000
    48 0.500002 9.999993 0.000002 -1.570796 0.000000 -1.570796
    49 0.500002 9.999993 0.000002 -1.570796 0.000000 -1.570796
    50 0.000000 0.000005 0.000001 -1.570796 0.000000 -1.570796
    51 0.000001 0.000003 -0.500010 -1.570796 0.000000 -1.570796
    52 -0.000001 0.000000 -0.000002 -1.570796 0.000000 0.000000
    53 0.000000 0.000000 0.000000 -1.570797 0.000000 0.000000
    54 0.000001 0.000000 0.000000 -1.570796 0.000000 0.000000
    55 0.000000 0.000000 0.000002 -1.570796 0.000000 0.000000
    56 -0.000003 0.000000 0.000001 -1.570796 0.000000 0.000000
    57 0.000000 0.000000 0.000000 -1.570796 0.000000 0.000000
    58 0.000000 0.000000 -0.000002 -1.570796 0.000000 0.000000
    59 0.000000 0.000000 0.000001 -1.570796 0.000000 0.000000
    60 -0.000003 0.000000 0.000000 -1.570796 0.000000 0.000000
    61 -0.000001 0.000000 0.000000 -1.570796 0.000000 0.000000
    62 0.000000 0.000000 0.000000 -1.570796 0.000001 0.000000
    63 0.000000 0.000000 0.000000 -1.570796 0.000001 0.000000
    64 0.000000 0.000000 0.000001 3.141593 0.000000 0.000000
    65 0.000000 0.000000 0.000000 3.141593 0.000000 0.000000
    66 0.000001 -0.000001 0.000002 3.141592 0.000000 0.000000
    67 0.000000 10.000002 -0.000005 -1.570796 0.000000 -1.570796
    68 0.000000 10.000002 -0.000005 -1.570796 0.000000 -1.570796
    69 0.000000 0.000005 -0.000003 -1.570796 0.000000 -1.570796
    70 -0.000002 0.000006 -0.500010 -1.570796 0.000000 -1.570796
    71 -0.000004 0.000000 -0.000002 -1.570796 0.000000 0.000000
    72 0.000000 0.000000 0.000000 -1.570796 0.000000 0.000000
    73 0.000000 0.000000 0.000000 -1.570796 0.000000 0.000000
    74 -0.000002 0.000000 0.000000 -1.570796 0.000000 0.000000
    75 0.000002 0.000000 0.000000 -1.570796 0.000000 0.000000
    76 0.000006 0.000000 0.000000 -1.570796 0.000000 0.000000
    77 0.000001 0.000000 0.000000 -1.570796 0.000000 0.000000
    78 0.000000 0.000000 0.000000 -1.570796 0.000000 0.000000
    79 0.000003 0.000000 0.000000 -1.570796 0.000000 0.000000
    80 0.000000 0.000000 0.000000 -1.570796 0.000000 0.000000
    81 0.000002 0.000000 -0.000001 -1.570796 0.000000 0.000000
    82 0.000000 0.000000 0.000000 -1.570796 0.000000 0.000000
    83 0.000000 0.000000 -0.000003 0.000000 0.000000 0.000000
    84 0.000000 0.000000 0.000000 0.000000 0.000000 0.000000
    85 0.000000 0.000001 -0.000001 0.000000 0.000000 0.000000
  time 28
    0 -11.271319 1.213328 -8.088950 -1.665002 1.267856 -1.382482
    1 0.026867 -11.331078 -0.000002 0.244131 -0.344244 0.246469
    2 0.000000 -0.570801 -0.000001 0.000000 0.000000 0.000000
    3 -0.519569 0.280191 0.590819 -0.212797 -0.375551 -2.091539
    4 2.272813 -0.124224 -0.000001 0.000000 0.000000 0.523599
    5 1.069446 0.056463 0.000000 0.000000 0.000000 0.848230
    6 -1.359660 -2.286684 -0.142105 0.000000 0.000000 -1.638864
    7 1.730202 -0.000584 0.000001 0.001091 -0.481711 0.001676
    8 1.203226 -0.010942 0.000001 0.000000 -0.670206 0.000000
    9 -0.430529 -2.482385 -0.142105 -0.078961 -0.260133 -1.437435
    10 1.929139 0.004627 0.000003 -3.141592 -1.518438 -3.141593
    11 1.413089 0.008475 0.000000 0.000000 -1.110029 0.020944
    12 0.384484 -2.164757 -0.146011 -0.056428 -0.182688 -1.438565
    13 1.956384 0.057593 0.000000 -0.000001 -1.497494 -0.010473
    14 1.358065 0.003407 0.000000 0.000001 -1.214749 0.005236
    15 1.186960 -1.659521 -0.138199 0.000000 -0.267035 -1.445133
    16 1.674395 0.018204 -0.000001 -0.002721 -0.612611 -0.000982
    17 1.081483 -0.001050 -0.000001 0.000000 -1.392772 0.000000
    18 11.675869 0.143117 -8.040642 -2.165614 -1.233686 1.827275
    19 -0.299444 -11.160193 0.000002 0.254223 0.335827 -0.353139
    20 0.281989 -4.430989 0.920967 0.080103 -1.549641 -0.151666
    21 0.000000 2.791016 0.898926 0.000000 0.000000 0.000000
    22 0.000000 -1.948242 2.902344 0.000000 0.000000 0.000000
    23 -0.490966 -4.492466 0.840004 0.360315 1.511674 0.436941
    24 0.000000 2.902344 1.067383 0.000000 0.000000 0.000000
    25 0.000001 -1.571289 2.902344 0.000000 0.000000 0.000000
    26 -0.021851 -0.545410 -0.000001 0.000000 0.000000 0.000000
    27 0.585312 0.235277 0.590013 0.310418 -0.495441 -1.069421
    28 2.306785 0.010602 0.000001 0.000000 0.000000 -0.464818
    29 1.242140 -0.010016 -0.000001 0.000000 0.000000 -0.877026
    30 1.415111 -2.324533 -0.160517 0.000000 -0.031803 -1.523672
    31 1.705496 0.014868 0.000000 -0.000635 -0.381203 -0.002839
    32 1.168496 -0.005664 0.000000 0.000000 -0.631461 0.010472
    33 0.507340 -2.575781 -0.164424 0.068347 -0.289232 -1.750810
    34 1.834197 0.007359 -0.000003 -3.141591 -1.486517 -3.131118
    35 1.433359 0.010339 0.000001 0.000000 -1.123618 0.005236
    36 -0.351444 -2.261720 -0.168329 0.018004 -0.234606 -1.724845
    37 1.886628 -0.004265 0.000001 3.141400 -1.562768 -3.104741
    38 1.369174 -0.010806 0.000002 0.000000 -1.156584 0.010472
    39 -1.187535 -1.692502 -0.160518 0.000000 -0.248041 -1.685988
    40 1.675623 -0.010799 -0.000002 0.000000 -0.772417 0.005229
    41 1.066088 0.017735 0.000001 0.000000 -1.399715 -0.010472
    42 0.000000 -2.078125 1.572266 0.000000 0.000000 0.000000
    43 0.000001 -3.708984 1.591797 0.000000 0.000000 0.000000
    44 0.000000 -1.273438 2.095703 0.000000 0.000000 0.000000
    45 0.000002 -1.330078 2.132813 0.000000 0.000000 0.000000
    46 0.000000 -2.111328 1.570313 0.000000 0.000000 0.000000
    47 0.000000 -3.744141 1.535156 0.000000 0.000000 0.000000
    48 0.500002 9.999993 0.000002 -1.570796 0.000000 -1.570796
    49 0.500002 9.999993 0.000002 -1.570796 0.000000 -1.570796
    50 0.000000 0.000005 0.000001 -1.570796 0.000000 -1.570796
    51 0.000001 0.000003 -0.500010 -1.570796 0.000000 -1.570796
    52 -0.000001 0.000000 -0.000002 -1.570796 0.000000 0.000000
    53 0.000000 0.000000 0.000000 -1.570797 0.000000 0.000000
    54 0.000001 0.000000 0.000000 -1.570796 0.000000 0.000000
    55 0.000000 0.000000 0.000002 -1.570796 0.000000 0.000000
    56 -0.000003 0.000000 0.000001 -1.570796 0.000000 0.000000
    57 0.000000 0.000000 0.000000 -1.570796 0.000000 0.000000
    58 0.000000 0.000000 -0.000002 -1.570796 0.000000 0.000000
    59 0.000000 0.000000 0.000001 -1.570796 0.000000 0.000000
    60 -0.000003 0.000000 0.000000 -1.570796 0.000000 0.000000
    61 -0.000001 0.000000 0.000000 -1.570796 0.000000 0.000000
    62 0.000000 0.000000 0.000000 -1.570796 0.000001 0.000000
    63 0.000000 0.000000 0.000000 -1.570796 0.000001 0.000000
    64 0.000000 0.000000 0.000001 3.141593 0.000000 0.000000
    65 0.000000 0.000000 0.000000 3.141593 0.000000 0.000000
    66 0.000001 -0.000001 0.000002 3.141592 0.000000 0.000000
    67 0.000000 10.000002 -0.000005 -1.570796 0.000000 -1.570796
    68 0.000000 10.000002 -0.000005 -1.570796 0.000000 -1.570796
    69 0.000000 0.000005 -0.000003 -1.570796 0.000000 -1.570796
    70 -0.000002 0.000006 -0.500010 -1.570796 0.000000 -1.570796
    71 -0.000004 0.000000 -0.000002 -1.570796 0.000000 0.000000
    72 0.000000 0.000000 0.000000 -1.570796 0.000000 0.000000
    73 0.000000 0.000000 0.000000 -1.570796 0.000000 0.000000
    74 -0.000002 0.000000 0.000000 -1.570796 0.000000 0.000000
    75 0.000002 0.000000 0.000000 -1.570796 0.000000 0.000000
    76 0.000006 0.000000 0.000000 -1.570796 0.000000 0.000000
    77 0.000001 0.000000 0.000000 -1.570796 0.000000 0.000000
    78 0.000000 0.000000 0.000000 -1.570796 0.000000 0.000000
    79 0.000003 0.000000 0.000000 -1.570796 0.000000 0.000000
    80 0.000000 0.000000 0.000000 -1.570796 0.000000 0.000000
    81 0.000002 0.000000 -0.000001 -1.570796 0.000000 0.000000
    82 0.000000 0.000000 0.000000 -1.570796 0.000000 0.000000
    83 0.000000 0.000000 -0.000003 0.000000 0.000000 0.000000
    84 0.000000 0.000000 0.000000 0.000000 0.000000 0.000000
    85 0.000000 0.000001 -0.000001 0.000000 0.000000 0.000000
  time 29
    0 -11.271319 1.072699 -8.014729 -1.817521 1.283305 -1.513718
    1 0.026867 -11.331078 -0.000002 0.244131 -0.344244 0.246469
    2 0.000000 -0.570801 -0.000001 0.000000 0.000000 0.000000
    3 -0.523475 0.288004 0.586913 -0.212797 -0.375551 -2.091539
    4 2.268907 -0.120318 -0.000001 0.000000 0.000000 0.523599
    5 1.069446 0.056463 0.000000 0.000000 0.000000 0.848230
    6 -1.355754 -2.286684 -0.142105 0.000000 0.000000 -1.638864
    7 1.730202 -0.000584 0.000001 0.001091 -0.481711 0.001676
    8 1.195413 -0.010942 0.000001 0.000000 -0.670206 0.000000
    9 -0.430529 -2.478479 -0.142105 -0.078961 -0.260133 -1.437435
    10 1.925233 0.004627 0.000003 -3.141592 -1.518438 -3.141593
    11 1.413089 0.008475 0.000000 0.000000 -1.110029 0.020944
    12 0.380577 -2.160851 -0.146011 -0.056428 -0.182688 -1.438565
    13 1.952478 0.057593 0.000000 -0.000001 -1.497494 -0.010473
    14 1.365878 0.003407 0.000000 0.000001 -1.214749 0.005236
    15 1.194772 -1.659521 -0.138199 0.000000 -0.267035 -1.445133
    16 1.678301 0.018204 -0.000001 -0.002721 -0.612611 -0.000982
    17 1.089296 -0.001050 -0.000001 0.000000 -1.392772 0.000000
    18 11.484457 0.221245 -7.735945 -2.177449 -1.251935 1.831863
    19 -0.295538 -11.156286 0.000002 0.227169 0.316946 -0.304515
    20 0.281989 -4.438802 0.924873 0.080103 -1.549641 -0.151666
    21 0.000000 2.791016 0.898926 0.000000 0.000000 0.000000
    22 0.000000 -1.948242 2.902344 0.000000 0.000000 0.000000
    23 -0.490966 -4.488559 0.843910 0.360225 1.511674 0.436996
    24 0.000000 2.902344 1.067383 0.000000 0.000000 0.000000
    25 0.000001 -1.571289 2.902344 0.000000 0.000000 0.000000
    26 -0.021851 -0.545410 -0.000001 0.000000 0.000000 0.000000
    27 0.585312 0.239183 0.586107 0.300668 -0.493741 -1.053971
    28 2.306785 0.010602 0.000001 0.000000 0.000000 -0.458016
    29 1.238233 -0.010016 -0.000001 0.000000 0.000000 -0.863644
    30 1.411205 -2.320627 -0.164424 0.000000 -0.046816 -1.523672
    31 1.705496 0.014868 0.000000 -0.000635 -0.378092 -0.002839
    32 1.164589 -0.005664 0.000000 0.000000 -0.617608 0.010472
    33 0.507340 -2.575781 -0.164424 0.068215 -0.282756 -1.750415
    34 1.834197 0.007359 -0.000003 -3.141591 -1.513803 -3.131118
    35 1.429453 0.010339 0.000001 0.000000 -1.105915 0.005236
    36 -0.355350 -2.261720 -0.164423 0.017968 -0.227115 -1.724665
    37 1.886628 -0.004265 0.000001 0.000002 -1.553807 0.036656
    38 1.369174 -0.010806 0.000002 0.000000 -1.137731 0.010472
    39 -1.187535 -1.692502 -0.160518 0.000000 -0.238922 -1.685988
    40 1.675623 -0.010799 -0.000002 0.000000 -0.758922 0.005229
    41 1.066088 0.017735 0.000001 0.000000 -1.379222 -0.010472
    42 0.000000 -2.078125 1.572266 0.000000 0.000000 0.000000
    43 0.000001 -3.708984 1.591797 0.000000 0.000000 0.000000
    44 0.000000 -1.273438 2.095703 0.000000 0.000000 0.000000
    45 0.000002 -1.330078 2.132813 0.000000 0.000000 0.000000
    46 0.000000 -2.111328 1.570313 0.000000 0.000000 0.000000
    47 0.000000 -3.744141 1.535156 0.000000 0.000000 0.000000
    48 0.500002 9.999993 0.000002 -1.570796 0.000000 -1.570796
    49 0.500002 9.999993 0.000002 -1.570796 0.000000 -1.570796
    50 0.000000 0.000005 0.000001 -1.570796 0.000000 -1.570796
    51 0.000001 0.000003 -0.500010 -1.570796 0.000000 -1.570796
    52 -0.000001 0.000000 -0.000002 -1.570796 0.000000 0.000000
    53 0.000000 0.000000 0.000000 -1.570797 0.000000 0.000000
    54 0.000001 0.000000 0.000000 -1.570796 0.000000 0.000000
    55 0.000000 0.000000 0.000002 -1.570796 0.000000 0.000000
    56 -0.000003 0.000000 0.000001 -1.570796 0.000000 0.000000
    57 0.000000 0.000000 0.000000 -1.570796 0.000000 0.000000
    58 0.000000 0.000000 -0.000002 -1.570796 0.000000 0.000000
    59 0.000000 0.000000 0.000001 -1.570796 0.000000 0.000000
    60 -0.000003 0.000000 0.000000 -1.570796 0.000000 0.000000
    61 -0.000001 0.000000 0.000000 -1.570796 0.000000 0.000000
    62 0.000000 0.000000 0.000000 -1.570796 0.000001 0.000000
    63 0.000000 0.000000 0.000000 -1.570796 0.000001 0.000000
    64 0.000000 0.000000 0.000001 3.141593 0.000000 0.000000
    65 0.000000 0.000000 0.000000 3.141593 0.000000 0.000000
    66 0.000001 -0.000001 0.000002 3.141592 0.000000 0.000000
    67 0.000000 10.000002 -0.000005 -1.570796 0.000000 -1.570796
    68 0.000000 10.000002 -0.000005 -1.570796 0.000000 -1.570796
    69 0.000000 0.000005 -0.000003 -1.570796 0.000000 -1.570796
    70 -0.000002 0.000006 -0.500010 -1.570796 0.000000 -1.570796
    71 -0.000004 0.000000 -0.000002 -1.570796 0.000000 0.000000
    72 0.000000 0.000000 0.000000 -1.570796 0.000000 0.000000
    73 0.000000 0.000000 0.000000 -1.570796 0.000000 0.000000
    74 -0.000002 0.000000 0.000000 -1.570796 0.000000 0.000000
    75 0.000002 0.000000 0.000000 -1.570796 0.000000 0.000000
    76 0.000006 0.000000 0.000000 -1.570796 0.000000 0.000000
    77 0.000001 0.000000 0.000000 -1.570796 0.000000 0.000000
    78 0.000000 0.000000 0.000000 -1.570796 0.000000 0.000000
    79 0.000003 0.000000 0.000000 -1.570796 0.000000 0.000000
    80 0.000000 0.000000 0.000000 -1.570796 0.000000 0.000000
    81 0.000002 0.000000 -0.000001 -1.570796 0.000000 0.000000
    82 0.000000 0.000000 0.000000 -1.570796 0.000000 0.000000
    83 0.000000 0.000000 -0.000003 0.000000 0.000000 0.000000
    84 0.000000 0.000000 0.000000 0.000000 0.000000 0.000000
    85 0.000000 0.000001 -0.000001 0.000000 0.000000 0.000000
  time 30
    0 -11.271319 0.896912 -7.940508 -1.996899 1.292754 -1.668902
    1 0.026867 -11.331078 -0.000002 0.244131 -0.344244 0.246469
    2 0.000000 -0.570801 -0.000001 0.000000 0.000000 0.000000
    3 -0.523475 0.288004 0.586913 -0.212797 -0.375551 -2.091539
    4 2.268907 -0.128130 -0.000001 0.000000 0.000000 0.523599
    5 1.069446 0.056463 0.000000 0.000000 0.000000 0.848230
    6 -1.355754 -2.278871 -0.142105 0.000000 0.000000 -1.638864
    7 1.730202 -0.000584 0.000001 0.001091 -0.481711 0.001676
    8 1.203226 -0.010942 0.000001 0.000000 -0.670206 0.000000
    9 -0.422716 -2.478479 -0.142105 -0.078961 -0.260133 -1.437435
    10 1.929139 0.004627 0.000003 -3.141592 -1.518438 -3.141593
    11 1.416995 0.008475 0.000000 0.000000 -1.110029 0.020944
    12 0.376671 -2.160851 -0.146011 -0.056428 -0.182688 -1.438565
    13 1.952478 0.057593 0.000000 -0.000001 -1.497494 -0.010473
    14 1.365878 0.003407 0.000000 0.000001 -1.214749 0.005236
    15 1.194772 -1.655615 -0.146012 0.000000 -0.267035 -1.445133
    16 1.674395 0.018204 -0.000001 -0.002721 -0.612611 -0.000982
    17 1.089296 -0.001050 -0.000001 0.000000 -1.392772 0.000000
    18 11.281326 0.307185 -7.403903 -2.189755 -1.272859 1.835421
    19 -0.295538 -11.160193 0.000002 0.209146 0.299578 -0.249756
    20 0.281989 -4.434896 0.920967 0.080103 -1.549641 -0.151666
    21 0.000000 2.791016 0.898926 0.000000 0.000000 0.000000
    22 0.000000 -1.948242 2.902344 0.000000 0.000000 0.000000
    23 -0.490966 -4.492466 0.847817 0.360225 1.511674 0.436996
    24 0.000000 2.902344 1.067383 0.000000 0.000000 0.000000
    25 0.000001 -1.571289 2.902344 0.000000 0.000000 0.000000
    26 -0.021851 -0.545410 -0.000001 0.000000 0.000000 0.000000
    27 0.581406 0.227464 0.582201 0.297069 -0.493084 -1.048320
    28 2.306785 0.010602 0.000001 0.000000 0.000000 -0.455531
    29 1.238233 -0.010016 -0.000001 0.000000 0.000000 -0.858702
    30 1.411205 -2.332346 -0.168330 0.000000 -0.052360 -1.523672
    31 1.705496 0.014868 0.000000 -0.000623 -0.376991 -0.002851
    32 1.168496 -0.005664 0.000000 0.000000 -0.612611 0.010472
    33 0.507340 -2.579687 -0.160517 0.068179 -0.280440 -1.750247
    34 1.838103 0.007359 -0.000003 -3.141591 -1.523670 -3.131118
    35 1.429453 0.010339 0.000001 0.000000 -1.099558 0.005236
    36 -0.355350 -2.265626 -0.168329 0.017968 -0.224442 -1.724665
    37 1.882722 -0.004265 0.000001 0.000002 -1.544617 0.036656
    38 1.369174 -0.010806 0.000002 0.000000 -1.130973 0.010472
    39 -1.191442 -1.692502 -0.160518 0.000000 -0.235619 -1.685988
    40 1.679530 -0.010799 -0.000002 0.000000 -0.753982 0.005229
    41 1.066088 0.017735 0.000001 0.000000 -1.371829 -0.010472
    42 0.000000 -2.078125 1.572266 0.000000 0.000000 0.000000
    43 0.000001 -3.708984 1.591797 0.000000 0.000000 0.000000
    44 0.000000 -1.273438 2.095703 0.000000 0.000000 0.000000
    45 0.000002 -1.330078 2.132813 0.000000 0.000000 0.000000
    46 0.000000 -2.111328 1.570313 0.000000 0.000000 0.000000
    47 0.000000 -3.744141 1.535156 0.000000 0.000000 0.000000
    48 0.500002 9.999993 0.000002 -1.570796 0.000000 -1.570796
    49 0.500002 9.999993 0.000002 -1.570796 0.000000 -1.570796
    50 0.000000 0.000005 0.000001 -1.570796 0.000000 -1.570796
    51 0.000001 0.000003 -0.500010 -1.570796 0.000000 -1.570796
    52 -0.000001 0.000000 -0.000002 -1.570796 0.000000 0.000000
    53 0.000000 0.000000 0.000000 -1.570797 0.000000 0.000000
    54 0.000001 0.000000 0.000000 -1.570796 0.000000 0.000000
    55 0.000000 0.000000 0.000002 -1.570796 0.000000 0.000000
    56 -0.000003 0.000000 0.000001 -1.570796 0.000000 0.000000
    57 0.000000 0.000000 0.000000 -1.570796 0.000000 0.000000
    58 0.000000 0.000000 -0.000002 -1.570796 0.000000 0.000000
    59 0.000000 0.000000 0.000001 -1.570796 0.000000 0.000000
    60 -0.000003 0.000000 0.000000 -1.570796 0.000000 0.000000
    61 -0.000001 0.000000 0.000000 -1.570796 0.000000 0.000000
    62 0.000000 0.000000 0.000000 -1.570796 0.000001 0.000000
    63 0.000000 0.000000 0.000000 -1.570796 0.000001 0.000000
    64 0.000000 0.000000 0.000001 3.141593 0.000000 0.000000
    65 0.000000 0.000000 0.000000 3.141593 0.000000 0.000000
    66 0.000001 -0.000001 0.000002 3.141592 0.000000 0.000000
    67 0.000000 10.000002 -0.000005 -1.570796 0.000000 -1.570796
    68 0.000000 10.000002 -0.000005 -1.570796 0.000000 -1.570796
    69 0.000000 0.000005 -0.000003 -1.570796 0.000000 -1.570796
    70 -0.000002 0.000006 -0.500010 -1.570796 0.000000 -1.570796
    71 -0.000004 0.000000 -0.000002 -1.570796 0.000000 0.000000
    72 0.000000 0.000000 0.000000 -1.570796 0.000000 0.000000
    73 0.000000 0.000000 0.000000 -1.570796 0.000000 0.000000
    74 -0.000002 0.000000 0.000000 -1.570796 0.000000 0.000000
    75 0.000002 0.000000 0.000000 -1.570796 0.000000 0.000000
    76 0.000006 0.000000 0.000000 -1.570796 0.000000 0.000000
    77 0.000001 0.000000 0.000000 -1.570796 0.000000 0.000000
    78 0.000000 0.000000 0.000000 -1.570796 0.000000 0.000000
    79 0.000003 0.000000 0.000000 -1.570796 0.000000 0.000000
    80 0.000000 0.000000 0.000000 -1.570796 0.000000 0.000000
    81 0.000002 0.000000 -0.000001 -1.570796 0.000000 0.000000
    82 0.000000 0.000000 0.000000 -1.570796 0.000000 0.000000
    83 0.000000 0.000000 -0.000003 0.000000 0.000000 0.000000
    84 0.000000 0.000000 0.000000 0.000000 0.000000 0.000000
    85 0.000000 0.000001 -0.000001 0.000000 0.000000 0.000000
  time 31
    0 -11.271319 0.693781 -7.838942 -2.189866 1.293963 -1.834527
    1 0.026867 -11.331078 -0.000002 0.244131 -0.344244 0.246469
    2 0.000000 -0.570801 -0.000001 0.000000 0.000000 0.000000
    3 -0.519569 0.280191 0.594726 -0.212797 -0.375551 -2.091539
    4 2.268907 -0.124224 -0.000001 0.000000 0.000000 0.523599
    5 1.069446 0.056463 0.000000 0.000000 0.000000 0.848230
    6 -1.355754 -2.286684 -0.142105 0.000000 0.000000 -1.638864
    7 1.730202 -0.000584 0.000001 0.001091 -0.481711 0.001676
    8 1.195413 -0.010942 0.000001 0.000000 -0.670206 0.000000
    9 -0.430529 -2.482385 -0.142105 -0.078961 -0.260133 -1.437435
    10 1.925233 0.004627 0.000003 -3.141592 -1.518438 -3.141593
    11 1.416995 0.008475 0.000000 0.000000 -1.110029 0.020944
    12 0.384484 -2.160851 -0.146011 -0.056428 -0.182688 -1.438565
    13 1.952478 0.057593 0.000000 -0.000001 -1.497494 -0.010473
    14 1.365878 0.003407 0.000000 0.000001 -1.214749 0.005236
    15 1.194772 -1.659521 -0.138199 0.000000 -0.267035 -1.445133
    16 1.674395 0.018204 -0.000001 -0.002721 -0.612611 -0.000982
    17 1.089296 -0.001050 -0.000001 0.000000 -1.392772 0.000000
    18 11.281326 0.307185 -7.403903 -2.199805 -1.296926 1.835421
    19 -0.295538 -11.160193 0.000002 0.209146 0.299578 -0.249756
    20 0.281989 -4.434896 0.920967 0.080103 -1.549641 -0.151666
    21 0.000000 2.791016 0.898926 0.000000 0.000000 0.000000
    22 0.000000 -1.948242 2.902344 0.000000 0.000000 0.000000
    23 -0.487059 -4.492466 0.836098 0.360225 1.511674 0.436996
    24 0.000000 2.902344 1.067383 0.000000 0.000000 0.000000
    25 0.000001 -1.571289 2.902344 0.000000 0.000000 0.000000
    26 -0.021851 -0.545410 -0.000001 0.000000 0.000000 0.000000
    27 0.585312 0.227464 0.578294 0.297069 -0.493084 -1.048320
    28 2.306785 0.010602 0.000001 0.000000 0.000000 -0.455531
    29 1.238233 -0.010016 -0.000001 0.000000 0.000000 -0.858702
    30 1.411205 -2.332346 -0.168330 0.000000 -0.052360 -1.523672
    31 1.705496 0.014868 0.000000 -0.000623 -0.376991 -0.002851
    32 1.168496 -0.005664 0.000000 0.000000 -0.612611 0.010472
    33 0.503433 -2.583594 -0.168330 0.068179 -0.280440 -1.750247
    34 1.838103 0.007359 -0.000003 -3.141591 -1.523670 -3.131118
    35 1.429453 0.010339 0.000001 0.000000 -1.099558 0.005236
    36 -0.355350 -2.269533 -0.164423 0.017968 -0.224442 -1.724665
    37 1.886628 -0.004265 0.000001 0.000002 -1.544617 0.036656
    38 1.373080 -0.010806 0.000002 0.000000 -1.130973 0.010472
    39 -1.187535 -1.692502 -0.168331 0.000000 -0.235619 -1.685988
    40 1.679530 -0.010799 -0.000002 0.000000 -0.753982 0.005229
    41 1.062181 0.017735 0.000001 0.000000 -1.371829 -0.010472
    42 0.000000 -2.078125 1.572266 0.000000 0.000000 0.000000
    43 0.000001 -3.708984 1.591797 0.000000 0.000000 0.000000
    44 0.000000 -1.273438 2.095703 0.000000 0.000000 0.000000
    45 0.000002 -1.330078 2.132813 0.000000 0.000000 0.000000
    46 0.000000 -2.111328 1.570313 0.000000 0.000000 0.000000
    47 0.000000 -3.744141 1.535156 0.000000 0.000000 0.000000
    48 0.500002 9.999993 0.000002 -1.570796 0.000000 -1.570796
    49 0.500002 9.999993 0.000002 -1.570796 0.000000 -1.570796
    50 0.000000 0.000005 0.000001 -1.570796 0.000000 -1.570796
    51 0.000001 0.000003 -0.500010 -1.570796 0.000000 -1.570796
    52 -0.000001 0.000000 -0.000002 -1.570796 0.000000 0.000000
    53 0.000000 0.000000 0.000000 -1.570797 0.000000 0.000000
    54 0.000001 0.000000 0.000000 -1.570796 0.000000 0.000000
    55 0.000000 0.000000 0.000002 -1.570796 0.000000 0.000000
    56 -0.000003 0.000000 0.000001 -1.570796 0.000000 0.000000
    57 0.000000 0.000000 0.000000 -1.570796 0.000000 0.000000
    58 0.000000 0.000000 -0.000002 -1.570796 0.000000 0.000000
    59 0.000000 0.000000 0.000001 -1.570796 0.000000 0.000000
    60 -0.000003 0.000000 0.000000 -1.570796 0.000000 0.000000
    61 -0.000001 0.000000 0.000000 -1.570796 0.000000 0.000000
    62 0.000000 0.000000 0.000000 -1.570796 0.000001 0.000000
    63 0.000000 0.000000 0.000000 -1.570796 0.000001 0.000000
    64 0.000000 0.000000 0.000001 3.141593 0.000000 0.000000
    65 0.000000 0.000000 0.000000 3.141593 0.000000 0.000000
    66 0.000001 -0.000001 0.000002 3.141592 0.000000 0.000000
    67 0.000000 10.000002 -0.000005 -1.570796 0.000000 -1.570796
    68 0.000000 10.000002 -0.000005 -1.570796 0.000000 -1.570796
    69 0.000000 0.000005 -0.000003 -1.570796 0.000000 -1.570796
    70 -0.000002 0.000006 -0.500010 -1.570796 0.000000 -1.570796
    71 -0.000004 0.000000 -0.000002 -1.570796 0.000000 0.000000
    72 0.000000 0.000000 0.000000 -1.570796 0.000000 0.000000
    73 0.000000 0.000000 0.000000 -1.570796 0.000000 0.000000
    74 -0.000002 0.000000 0.000000 -1.570796 0.000000 0.000000
    75 0.000002 0.000000 0.000000 -1.570796 0.000000 0.000000
    76 0.000006 0.000000 0.000000 -1.570796 0.000000 0.000000
    77 0.000001 0.000000 0.000000 -1.570796 0.000000 0.000000
    78 0.000000 0.000000 0.000000 -1.570796 0.000000 0.000000
    79 0.000003 0.000000 0.000000 -1.570796 0.000000 0.000000
    80 0.000000 0.000000 0.000000 -1.570796 0.000000 0.000000
    81 0.000002 0.000000 -0.000001 -1.570796 0.000000 0.000000
    82 0.000000 0.000000 0.000000 -1.570796 0.000000 0.000000
    83 0.000000 0.000000 -0.000003 0.000000 0.000000 0.000000
    84 0.000000 0.000000 0.000000 0.000000 0.000000 0.000000
    85 0.000000 0.000001 -0.000001 0.000000 0.000000 0.000000
  time 32
    0 -11.271319 0.447680 -7.725657 -2.378757 1.286261 -1.992393
    1 0.026867 -11.334984 -0.000002 0.244131 -0.344244 0.246469
    2 0.000000 -0.570801 -0.000001 0.000000 0.000000 0.000000
    3 -0.519569 0.288004 0.586913 -0.212797 -0.375551 -2.091539
    4 2.276719 -0.128130 -0.000001 0.000000 0.000000 0.523599
    5 1.069446 0.056463 0.000000 0.000000 0.000000 0.848230
    6 -1.355754 -2.278871 -0.142105 0.000000 0.000000 -1.638864
    7 1.730202 -0.000584 0.000001 0.001091 -0.481711 0.001676
    8 1.199319 -0.010942 0.000001 0.000000 -0.670206 0.000000
    9 -0.430529 -2.478479 -0.142105 -0.078961 -0.260133 -1.437435
    10 1.925233 0.004627 0.000003 -3.141592 -1.518438 -3.141593
    11 1.416995 0.008475 0.000000 0.000000 -1.110029 0.020944
    12 0.384484 -2.160851 -0.149917 -0.056428 -0.182688 -1.438565
    13 1.952478 0.057593 0.000000 -0.000001 -1.497494 -0.010473
    14 1.365878 0.003407 0.000000 0.000001 -1.214749 0.005236
    15 1.186960 -1.655615 -0.138199 0.000000 -0.267035 -1.445133
    16 1.674395 0.018204 -0.000001 -0.002721 -0.612611 -0.000982
    17 1.081483 -0.001050 -0.000001 0.000000 -1.392772 0.000000
    18 11.281326 0.307185 -7.403903 -2.205160 -1.325005 1.829148
    19 -0.295538 -11.160193 0.000002 0.209146 0.299578 -0.249756
    20 0.281989 -4.434896 0.920967 0.080103 -1.549641 -0.151666
    21 0.000000 2.791016 0.898926 0.000000 0.000000 0.000000
    22 0.000000 -1.948242 2.902344 0.000000 0.000000 0.000000
    23 -0.490966 -4.492466 0.840004 0.360225 1.511674 0.436996
    24 0.000000 2.902344 1.067383 0.000000 0.000000 0.000000
    25 0.000001 -1.571289 2.902344 0.000000 0.000000 0.000000
    26 -0.021851 -0.545410 -0.000001 0.000000 0.000000 0.000000
    27 0.581406 0.235277 0.578294 0.297069 -0.493084 -1.048320
    28 2.306785 0.010602 0.000001 0.000000 0.000000 -0.455531
    29 1.242140 -0.010016 -0.000001 0.000000 0.000000 -0.858702
    30 1.415111 -2.324533 -0.168330 0.000000 -0.052360 -1.523672
    31 1.705496 0.014868 0.000000 -0.000623 -0.376991 -0.002851
    32 1.168496 -0.005664 0.000000 0.000000 -0.612611 0.010472
    33 0.507340 -2.583594 -0.168330 0.068179 -0.280440 -1.750247
    34 1.838103 0.007359 -0.000003 -3.141591 -1.523670 -3.131118
    35 1.433359 0.010339 0.000001 0.000000 -1.099558 0.005236
    36 -0.355350 -2.265626 -0.168329 0.017968 -0.224442 -1.724665
    37 1.882722 -0.004265 0.000001 0.000002 -1.544617 0.036656
    38 1.373080 -0.010806 0.000002 0.000000 -1.130973 0.010472
    39 -1.191442 -1.692502 -0.164424 0.000000 -0.235619 -1.685988
    40 1.679530 -0.010799 -0.000002 0.000000 -0.753982 0.005229
    41 1.066088 0.017735 0.000001 0.000000 -1.371829 -0.010472
    42 0.000000 -2.078125 1.572266 0.000000 0.000000 0.000000
    43 0.000001 -3.708984 1.591797 0.000000 0.000000 0.000000
    44 0.000000 -1.273438 2.095703 0.000000 0.000000 0.000000
    45 0.000002 -1.330078 2.132813 0.000000 0.000000 0.000000
    46 0.000000 -2.111328 1.570313 0.000000 0.000000 0.000000
    47 0.000000 -3.744141 1.535156 0.000000 0.000000 0.000000
    48 0.500002 9.999993 0.000002 -1.570796 0.000000 -1.570796
    49 0.500002 9.999993 0.000002 -1.570796 0.000000 -1.570796
    50 0.000000 0.000005 0.000001 -1.570796 0.000000 -1.570796
    51 0.000001 0.000003 -0.500010 -1.570796 0.000000 -1.570796
    52 -0.000001 0.000000 -0.000002 -1.570796 0.000000 0.000000
    53 0.000000 0.000000 0.000000 -1.570797 0.000000 0.000000
    54 0.000001 0.000000 0.000000 -1.570796 0.000000 0.000000
    55 0.000000 0.000000 0.000002 -1.570796 0.000000 0.000000
    56 -0.000003 0.000000 0.000001 -1.570796 0.000000 0.000000
    57 0.000000 0.000000 0.000000 -1.570796 0.000000 0.000000
    58 0.000000 0.000000 -0.000002 -1.570796 0.000000 0.000000
    59 0.000000 0.000000 0.000001 -1.570796 0.000000 0.000000
    60 -0.000003 0.000000 0.000000 -1.570796 0.000000 0.000000
    61 -0.000001 0.000000 0.000000 -1.570796 0.000000 0.000000
    62 0.000000 0.000000 0.000000 -1.570796 0.000001 0.000000
    63 0.000000 0.000000 0.000000 -1.570796 0.000001 0.000000
    64 0.000000 0.000000 0.000001 3.141593 0.000000 0.000000
    65 0.000000 0.000000 0.000000 3.141593 0.000000 0.000000
    66 0.000001 -0.000001 0.000002 3.141592 0.000000 0.000000
    67 0.000000 10.000002 -0.000005 -1.570796 0.000000 -1.570796
    68 0.000000 10.000002 -0.000005 -1.570796 0.000000 -1.570796
    69 0.000000 0.000005 -0.000003 -1.570796 0.000000 -1.570796
    70 -0.000002 0.000006 -0.500010 -1.570796 0.000000 -1.570796
    71 -0.000004 0.000000 -0.000002 -1.570796 0.000000 0.000000
    72 0.000000 0.000000 0.000000 -1.570796 0.000000 0.000000
    73 0.000000 0.000000 0.000000 -1.570796 0.000000 0.000000
    74 -0.000002 0.000000 0.000000 -1.570796 0.000000 0.000000
    75 0.000002 0.000000 0.000000 -1.570796 0.000000 0.000000
    76 0.000006 0.000000 0.000000 -1.570796 0.000000 0.000000
    77 0.000001 0.000000 0.000000 -1.570796 0.000000 0.000000
    78 0.000000 0.000000 0.000000 -1.570796 0.000000 0.000000
    79 0.000003 0.000000 0.000000 -1.570796 0.000000 0.000000
    80 0.000000 0.000000 0.000000 -1.570796 0.000000 0.000000
    81 0.000002 0.000000 -0.000001 -1.570796 0.000000 0.000000
    82 0.000000 0.000000 0.000000 -1.570796 0.000000 0.000000
    83 0.000000 0.000000 -0.000003 0.000000 0.000000 0.000000
    84 0.000000 0.000000 0.000000 0.000000 0.000000 0.000000
    85 0.000000 0.000001 -0.000001 0.000000 0.000000 0.000000
end
