// Created by Crowbar 0.74
version 1
nodes
  0 "Bone01" -1
  1 "Bone02" 0
  2 "Bone03" 1
  3 "Bone04" 2
  4 "Bone05" 3
  5 "Bone06" 4
  6 "Bone07" 2
  7 "Bone08" 6
  8 "Bone09" 7
  9 "Bone11" 2
  10 "Bone12" 9
  11 "Bone13" 10
  12 "Bone15" 2
  13 "Bone16" 12
  14 "Bone17" 13
  15 "Bone19" 2
  16 "Bone20" 15
  17 "Bone21" 16
  18 "Bone24" -1
  19 "Bone25" 18
  20 "Bone48" 1
  21 "Bone49" 20
  22 "Bone52" 21
  23 "Bone47" 19
  24 "Bone58" 23
  25 "Bone63" 24
  26 "Bone26" 19
  27 "Bone27" 26
  28 "Bone28" 27
  29 "Bone29" 28
  30 "Bone31" 26
  31 "Bone32" 30
  32 "Bone33" 31
  33 "Bone35" 26
  34 "Bone36" 33
  35 "Bone37" 34
  36 "Bone39" 26
  37 "Bone40" 36
  38 "Bone41" 37
  39 "Bone43" 26
  40 "Bone44" 39
  41 "Bone45" 40
  42 "Bone56" 21
  43 "Bone50" 21
  44 "Bone54" 21
  45 "Bone65" 24
  46 "Bone59" 24
  47 "Bone61" 24
  48 "ValveBiped.Bip01_L_Clavicle" 18
  49 "ValveBiped.Bip01_L_UpperArm" 18
  50 "ValveBiped.Bip01_L_Forearm" 18
  51 "ValveBiped.Bip01_L_Hand" 19
  52 "ValveBiped.Bip01_L_Finger4" 39
  53 "ValveBiped.Bip01_L_Finger41" 40
  54 "ValveBiped.Bip01_L_Finger42" 41
  55 "ValveBiped.Bip01_L_Finger3" 36
  56 "ValveBiped.Bip01_L_Finger31" 37
  57 "ValveBiped.Bip01_L_Finger32" 38
  58 "ValveBiped.Bip01_L_Finger2" 33
  59 "ValveBiped.Bip01_L_Finger21" 34
  60 "ValveBiped.Bip01_L_Finger22" 35
  61 "ValveBiped.Bip01_L_Finger1" 30
  62 "ValveBiped.Bip01_L_Finger11" 31
  63 "ValveBiped.Bip01_L_Finger12" 32
  64 "ValveBiped.Bip01_L_Finger0" 27
  65 "ValveBiped.Bip01_L_Finger01" 28
  66 "ValveBiped.Bip01_L_Finger02" 29
  67 "ValveBiped.Bip01_R_Clavicle" 0
  68 "ValveBiped.Bip01_R_UpperArm" 0
  69 "ValveBiped.Bip01_R_Forearm" 0
  70 "ValveBiped.Bip01_R_Hand" 1
  71 "ValveBiped.Bip01_R_Finger4" 15
  72 "ValveBiped.Bip01_R_Finger41" 16
  73 "ValveBiped.Bip01_R_Finger42" 17
  74 "ValveBiped.Bip01_R_Finger3" 12
  75 "ValveBiped.Bip01_R_Finger31" 13
  76 "ValveBiped.Bip01_R_Finger32" 14
  77 "ValveBiped.Bip01_R_Finger2" 9
  78 "ValveBiped.Bip01_R_Finger21" 10
  79 "ValveBiped.Bip01_R_Finger22" 11
  80 "ValveBiped.Bip01_R_Finger1" 6
  81 "ValveBiped.Bip01_R_Finger11" 7
  82 "ValveBiped.Bip01_R_Finger12" 8
  83 "ValveBiped.Bip01_R_Finger0" 3
  84 "ValveBiped.Bip01_R_Finger01" 4
  85 "ValveBiped.Bip01_R_Finger02" 5
end
skeleton
  time 0
    0 -11.271319 0.447680 -7.725657 -2.378757 1.286261 -1.992393
    1 0.026867 -11.334984 -0.000002 0.238955 -0.344244 0.246469
    2 0.000000 -0.570313 0.000000 0.000000 0.000000 0.000000
    3 -0.523475 0.288004 0.590819 -0.212797 -0.375551 -2.091539
    4 2.276719 -0.120318 -0.000001 0.000000 0.000000 0.523599
    5 1.069446 0.056463 0.000000 0.000000 0.000000 0.848230
    6 -1.355754 -2.282777 -0.142105 0.000000 0.000000 -1.638864
    7 1.726295 -0.000584 0.000001 0.000000 -0.481711 0.005236
    8 1.195413 -0.010942 0.000001 0.000000 -0.670206 0.000000
    9 -0.434435 -2.478479 -0.142105 -0.078961 -0.260133 -1.437435
    10 1.925233 0.004627 0.000003 -3.141592 -1.518438 -3.141593
    11 1.416995 0.008475 0.000000 0.000000 -1.110029 0.020944
    12 0.380577 -2.160851 -0.146011 -0.056428 -0.182688 -1.438565
    13 1.956384 0.057593 0.000000 -0.000001 -1.497494 -0.010473
    14 1.361971 0.003407 0.000000 0.000001 -1.214749 0.005236
    15 1.186960 -1.659521 -0.138199 0.000000 -0.267035 -1.445133
    16 1.678301 0.018204 -0.000001 0.000000 -0.612611 -0.005236
    17 1.085390 -0.001050 -0.000001 0.000000 -1.392772 0.000000
    18 11.281326 0.307185 -7.403903 -2.205160 -1.325005 1.829148
    19 -0.295538 -11.160193 0.000002 0.209146 0.299578 -0.249756
    20 0.281989 -4.434896 0.920967 0.080103 -1.549641 -0.151666
    21 0.000000 2.791016 0.898926 0.000000 0.000000 0.000000
    22 0.000000 -0.088013 2.902344 0.000000 0.000000 0.000000
    23 -0.490966 -4.492466 0.840004 0.430357 1.517607 0.507516
    24 -0.000002 2.900391 1.067383 0.000000 0.000000 0.000000
    25 0.000000 0.272305 2.901285 0.000000 0.000000 0.000000
    26 -0.021851 -0.545410 0.000000 0.000000 0.000000 0.000000
    27 0.581406 0.235277 0.578294 0.297069 -0.493084 -1.048320
    28 2.306785 0.010602 0.000001 0.000000 0.000000 -0.455531
    29 1.242140 -0.010016 -0.000001 0.000000 0.000000 -0.858702
    30 1.419017 -2.328439 -0.168330 0.000000 -0.052360 -1.523672
    31 1.705078 0.018570 -0.000002 0.000000 -0.376991 -0.005236
    32 1.169922 -0.007072 0.000002 0.000000 -0.612611 0.010472
    33 0.511230 -2.587891 -0.171265 0.068179 -0.280440 -1.750247
    34 1.836914 0.009186 0.000000 -3.141591 -1.523670 -3.131118
    35 1.439453 0.012917 -0.000002 0.000000 -1.099558 0.005236
    36 -0.359256 -2.261720 -0.168329 0.017968 -0.224442 -1.724665
    37 1.887695 -0.005322 0.000004 0.000002 -1.544617 0.036656
    38 1.369174 -0.010806 0.000002 0.000000 -1.130973 0.010472
    39 -1.191442 -1.692502 -0.168331 0.000000 -0.235619 -1.685988
    40 1.688477 -0.013489 -0.000001 0.000000 -0.753982 0.005229
    41 1.072266 0.022141 -0.000002 0.000000 -1.371829 -0.010472
    42 0.000000 -2.077746 1.567595 0.000000 0.000000 0.000000
    43 -0.000001 -3.707031 1.591797 0.000000 0.000000 0.000000
    44 0.000001 -1.273097 2.092734 0.000000 0.000000 0.000000
    45 0.000000 -1.329787 2.134425 0.000000 0.000000 0.000000
    46 0.000000 -2.111626 1.567596 0.000000 0.000000 0.000000
    47 0.000002 -3.744141 1.536133 0.000000 0.000000 0.000000
    48 0.500002 9.999993 0.000002 -1.570796 0.000000 -1.570796
    49 0.500002 9.999993 0.000002 -1.570796 0.000000 -1.570796
    50 0.000000 0.000005 0.000001 -1.570796 0.000000 -1.570796
    51 0.000001 0.000003 -0.500010 -1.570796 0.000000 -1.570796
    52 -0.000001 0.000000 -0.000002 -1.570796 0.000000 0.000000
    53 0.000000 0.000000 0.000000 -1.570797 0.000000 0.000000
    54 0.000001 0.000000 0.000000 -1.570796 0.000000 0.000000
    55 0.000000 0.000000 0.000002 -1.570796 0.000000 0.000000
    56 -0.000003 0.000000 0.000001 -1.570796 0.000000 0.000000
    57 0.000000 0.000000 0.000000 -1.570796 0.000000 0.000000
    58 0.000000 0.000000 -0.000002 -1.570796 0.000000 0.000000
    59 0.000000 0.000000 0.000001 -1.570796 0.000000 0.000000
    60 -0.000003 0.000000 0.000000 -1.570796 0.000000 0.000000
    61 -0.000001 0.000000 0.000000 -1.570796 0.000000 0.000000
    62 0.000000 0.000000 0.000000 -1.570796 0.000001 0.000000
    63 0.000000 0.000000 0.000000 -1.570796 0.000001 0.000000
    64 0.000000 0.000000 0.000001 3.141593 0.000000 0.000000
    65 0.000000 0.000000 0.000000 3.141593 0.000000 0.000000
    66 0.000001 -0.000001 0.000002 3.141592 0.000000 0.000000
    67 0.000000 10.000002 -0.000005 -1.570796 0.000000 -1.570796
    68 0.000000 10.000002 -0.000005 -1.570796 0.000000 -1.570796
    69 0.000000 0.000005 -0.000003 -1.570796 0.000000 -1.570796
    70 -0.000002 0.000006 -0.500010 -1.570796 0.000000 -1.570796
    71 -0.000004 0.000000 -0.000002 -1.570796 0.000000 0.000000
    72 0.000000 0.000000 0.000000 -1.570796 0.000000 0.000000
    73 0.000000 0.000000 0.000000 -1.570796 0.000000 0.000000
    74 -0.000002 0.000000 0.000000 -1.570796 0.000000 0.000000
    75 0.000002 0.000000 0.000000 -1.570796 0.000000 0.000000
    76 0.000006 0.000000 0.000000 -1.570796 0.000000 0.000000
    77 0.000001 0.000000 0.000000 -1.570796 0.000000 0.000000
    78 0.000000 0.000000 0.000000 -1.570796 0.000000 0.000000
    79 0.000003 0.000000 0.000000 -1.570796 0.000000 0.000000
    80 0.000000 0.000000 0.000000 -1.570796 0.000000 0.000000
    81 0.000002 0.000000 -0.000001 -1.570796 0.000000 0.000000
    82 0.000000 0.000000 0.000000 -1.570796 0.000000 0.000000
    83 0.000000 0.000000 -0.000003 0.000000 0.000000 0.000000
    84 0.000000 0.000000 0.000000 0.000000 0.000000 0.000000
    85 0.000000 0.000001 -0.000001 0.000000 0.000000 0.000000
  time 1
    0 -10.954903 0.896912 -8.151452 -2.541268 1.280215 -2.145183
    1 0.026867 -11.331078 -0.000002 0.289799 -0.408307 0.096651
    2 0.000000 -0.570313 0.000000 0.000000 0.000000 0.000000
    3 -0.523475 0.284097 0.586913 -0.163657 -0.506473 -2.198486
    4 2.276719 -0.120318 -0.000001 0.000000 0.000000 0.436857
    5 1.069446 0.056463 0.000000 0.000000 0.000000 0.848230
    6 -1.351848 -2.286684 -0.142105 0.000000 -0.020596 -1.638864
    7 1.730202 -0.000584 0.000001 0.000000 -0.355457 0.005236
    8 1.203226 -0.010942 0.000001 0.000000 -0.527240 0.000000
    9 -0.430529 -2.478479 -0.142105 -0.076324 -0.020202 -1.456191
    10 1.925233 0.004627 0.000003 -6.283088 -1.328157 -6.282898
    11 1.416995 0.008475 0.000000 0.000000 -0.941057 0.020944
    12 0.384484 -2.160851 -0.146011 -0.055493 0.008552 -1.449244
    13 1.956384 0.053687 0.000000 -0.000001 -1.223914 -0.010473
    14 1.365878 0.003407 0.000000 0.000001 -0.986832 0.005236
    15 1.190866 -1.655615 -0.142105 0.000000 -0.093303 -1.445133
    16 1.674395 0.018204 -0.000001 0.000000 -0.533079 -0.005236
    17 1.089296 -0.001050 -0.000001 0.000000 -1.122022 0.000000
    18 10.859438 0.170462 -7.739851 -2.456807 -1.304153 2.075574
    19 -0.295538 -11.160193 0.000002 0.249870 0.311835 -0.184848
    20 0.231206 -4.212233 0.991282 1.482065 -1.327880 -1.513819
    21 0.000000 2.791016 0.898926 0.000000 0.000000 0.000000
    22 0.000000 -0.088013 2.902344 0.000000 0.000000 0.000000
    23 -0.490966 -4.492466 0.843910 0.430357 1.517607 0.507516
    24 -0.000002 2.900391 1.067383 0.000000 0.000000 0.000000
    25 0.000000 0.272305 2.901285 0.000000 0.000000 0.000000
    26 -0.021851 -0.545410 0.000000 0.000000 0.000000 0.000000
    27 0.585312 0.235277 0.590013 0.313540 -0.494230 -1.053340
    28 2.306785 0.010602 0.000001 0.000000 0.000000 -0.440093
    29 1.238233 -0.010016 -0.000001 0.000000 0.000000 -0.837708
    30 1.419017 -2.324533 -0.168330 0.000000 -0.052360 -1.523672
    31 1.705078 0.018570 -0.000002 0.000000 -0.376991 -0.005236
    32 1.169922 -0.007072 0.000002 0.000000 -0.612611 0.010472
    33 0.511230 -2.587891 -0.171265 0.068179 -0.280440 -1.750247
    34 1.836914 0.009186 0.000000 -3.141591 -1.523670 -3.131118
    35 1.439453 0.012917 -0.000002 0.000000 -1.099558 0.005236
    36 -0.359256 -2.257814 -0.168329 0.017968 -0.224442 -1.724665
    37 1.887695 -0.005322 0.000004 0.000002 -1.544617 0.036656
    38 1.369174 -0.010806 0.000002 0.000000 -1.130973 0.010472
    39 -1.191442 -1.692502 -0.168331 0.000000 -0.235619 -1.685988
    40 1.688477 -0.013489 -0.000001 0.000000 -0.753982 0.005229
    41 1.072266 0.022141 -0.000002 0.000000 -1.371829 -0.010472
    42 0.000000 -2.069933 1.571501 0.000000 0.000000 0.000000
    43 -0.000001 -3.707031 1.591797 0.000000 0.000000 0.000000
    44 0.000001 -1.269191 2.092734 0.000000 0.000000 0.000000
    45 0.000000 -1.329787 2.134425 0.000000 0.000000 0.000000
    46 0.000000 -2.107720 1.567596 0.000024 0.000000 0.000000
    47 0.000002 -3.744141 1.536133 0.000000 0.000000 0.000000
    48 0.500002 9.999993 0.000002 -1.570796 0.000000 -1.570796
    49 0.500002 9.999993 0.000002 -1.570796 0.000000 -1.570796
    50 0.000000 0.000005 0.000001 -1.570796 0.000000 -1.570796
    51 0.000001 0.000003 -0.500010 -1.570796 0.000000 -1.570796
    52 -0.000001 0.000000 -0.000002 -1.570796 0.000000 0.000000
    53 0.000000 0.000000 0.000000 -1.570797 0.000000 0.000000
    54 0.000001 0.000000 0.000000 -1.570796 0.000000 0.000000
    55 0.000000 0.000000 0.000002 -1.570796 0.000000 0.000000
    56 -0.000003 0.000000 0.000001 -1.570796 0.000000 0.000000
    57 0.000000 0.000000 0.000000 -1.570796 0.000000 0.000000
    58 0.000000 0.000000 -0.000002 -1.570796 0.000000 0.000000
    59 0.000000 0.000000 0.000001 -1.570796 0.000000 0.000000
    60 -0.000003 0.000000 0.000000 -1.570796 0.000000 0.000000
    61 -0.000001 0.000000 0.000000 -1.570796 0.000000 0.000000
    62 0.000000 0.000000 0.000000 -1.570796 0.000001 0.000000
    63 0.000000 0.000000 0.000000 -1.570796 0.000001 0.000000
    64 0.000000 0.000000 0.000001 3.141593 0.000000 0.000000
    65 0.000000 0.000000 0.000000 3.141593 0.000000 0.000000
    66 0.000001 -0.000001 0.000002 3.141592 0.000000 0.000000
    67 0.000000 10.000002 -0.000005 -1.570796 0.000000 -1.570796
    68 0.000000 10.000002 -0.000005 -1.570796 0.000000 -1.570796
    69 0.000000 0.000005 -0.000003 -1.570796 0.000000 -1.570796
    70 -0.000002 0.000006 -0.500010 -1.570796 0.000000 -1.570796
    71 -0.000004 0.000000 -0.000002 -1.570796 0.000000 0.000000
    72 0.000000 0.000000 0.000000 -1.570796 0.000000 0.000000
    73 0.000000 0.000000 0.000000 -1.570796 0.000000 0.000000
    74 -0.000002 0.000000 0.000000 -1.570796 0.000000 0.000000
    75 0.000002 0.000000 0.000000 -1.570796 0.000000 0.000000
    76 0.000006 0.000000 0.000000 -1.570796 0.000000 0.000000
    77 0.000001 0.000000 0.000000 -1.570796 0.000000 0.000000
    78 0.000000 0.000000 0.000000 -1.570796 0.000000 0.000000
    79 0.000003 0.000000 0.000000 -1.570796 0.000000 0.000000
    80 0.000000 0.000000 0.000000 -1.570796 0.000000 0.000000
    81 0.000002 0.000000 -0.000001 -1.570796 0.000000 0.000000
    82 0.000000 0.000000 0.000000 -1.570796 0.000000 0.000000
    83 0.000000 0.000000 -0.000003 0.000000 0.000000 0.000000
    84 0.000000 0.000000 0.000000 0.000000 0.000000 0.000000
    85 0.000000 0.000001 -0.000001 0.000000 0.000000 0.000000
  time 2
    0 -10.736146 1.189890 -8.483493 -2.782837 1.262930 -2.371923
    1 0.026867 -11.331078 -0.000002 0.385459 -0.467741 -0.100165
    2 0.000000 -0.570313 0.000000 0.000000 0.000000 0.000000
    3 -0.523475 0.280191 0.586913 -0.079195 -0.654111 -2.346261
    4 2.272813 -0.120318 -0.000001 0.000000 0.000000 0.334022
    5 1.069446 0.056463 0.000000 0.000000 0.000000 0.848230
    6 -1.355754 -2.286684 -0.142105 0.000000 -0.045396 -1.638864
    7 1.730202 -0.000584 0.000001 0.000000 -0.203461 0.005236
    8 1.199319 -0.010942 0.000001 0.000000 -0.355032 0.000000
    9 -0.426622 -2.478479 -0.142105 -0.079405 0.283063 -1.480006
    10 1.929139 0.004627 0.000003 -0.000192 -0.948149 -6.282898
    11 1.416995 0.008475 0.000000 0.000000 -0.725629 0.020944
    12 0.376671 -2.160851 -0.146011 -0.057243 0.250282 -1.463026
    13 1.952478 0.057593 0.000000 -0.000001 -0.870862 -0.010473
    14 1.365878 0.003407 0.000000 0.000001 -0.695604 0.005236
    15 1.186960 -1.659521 -0.146012 0.000000 0.126557 -1.445133
    16 1.674395 0.018204 -0.000001 0.000000 -0.432501 -0.005236
    17 1.089296 -0.001050 -0.000001 0.000000 -0.774617 0.000000
    18 10.519584 0.064990 -8.009391 -2.733252 -1.258693 2.343815
    19 -0.295538 -11.160193 0.000002 0.311531 0.328607 -0.083838
    20 0.207768 -4.040352 1.092847 1.527989 -1.179551 -1.534371
    21 0.000000 2.791016 0.898926 0.000000 0.000000 0.000000
    22 0.000000 -0.088013 2.902344 0.000000 0.000000 0.000000
    23 -0.483153 -4.492466 0.836098 0.430357 1.517607 0.507516
    24 -0.000002 2.900391 1.067383 0.000000 0.000000 0.000000
    25 0.000000 0.272305 2.901285 0.000000 0.000000 0.000000
    26 -0.021851 -0.545410 0.000000 0.000000 0.000000 0.000000
    27 0.581406 0.227464 0.582201 0.349311 -0.497128 -1.063229
    28 2.306785 0.010602 0.000001 0.000000 0.000000 -0.404262
    29 1.234327 -0.010016 -0.000001 0.000000 0.000000 -0.787126
    30 1.419017 -2.328439 -0.168330 0.000000 -0.052360 -1.523672
    31 1.705078 0.018570 -0.000002 0.000000 -0.376991 -0.005236
    32 1.169922 -0.007072 0.000002 0.000000 -0.612611 0.010472
    33 0.511230 -2.587891 -0.171265 0.068179 -0.280440 -1.750247
    34 1.836914 0.009186 0.000000 -3.141591 -1.523670 -3.131118
    35 1.439453 0.012917 -0.000002 0.000000 -1.099558 0.005236
    36 -0.359256 -2.265626 -0.168329 0.017968 -0.224442 -1.724665
    37 1.887695 -0.005322 0.000004 0.000002 -1.544617 0.036656
    38 1.369174 -0.010806 0.000002 0.000000 -1.130973 0.010472
    39 -1.191442 -1.692502 -0.168331 0.000000 -0.235619 -1.685988
    40 1.688477 -0.013489 -0.000001 0.000000 -0.753982 0.005229
    41 1.072266 0.022141 -0.000002 0.000000 -1.371829 -0.010472
    42 0.000000 -2.069933 1.567595 0.000000 0.000000 0.000000
    43 -0.000001 -3.707031 1.591797 0.000000 0.000000 0.000000
    44 0.000001 -1.269191 2.092734 0.000000 0.000000 0.000000
    45 0.000000 -1.329787 2.134425 0.000000 0.000000 0.000000
    46 0.000000 -2.107720 1.567596 0.000347 -0.000312 -0.000024
    47 0.000002 -3.744141 1.536133 0.000000 0.000000 0.000000
    48 0.500002 9.999993 0.000002 -1.570796 0.000000 -1.570796
    49 0.500002 9.999993 0.000002 -1.570796 0.000000 -1.570796
    50 0.000000 0.000005 0.000001 -1.570796 0.000000 -1.570796
    51 0.000001 0.000003 -0.500010 -1.570796 0.000000 -1.570796
    52 -0.000001 0.000000 -0.000002 -1.570796 0.000000 0.000000
    53 0.000000 0.000000 0.000000 -1.570797 0.000000 0.000000
    54 0.000001 0.000000 0.000000 -1.570796 0.000000 0.000000
    55 0.000000 0.000000 0.000002 -1.570796 0.000000 0.000000
    56 -0.000003 0.000000 0.000001 -1.570796 0.000000 0.000000
    57 0.000000 0.000000 0.000000 -1.570796 0.000000 0.000000
    58 0.000000 0.000000 -0.000002 -1.570796 0.000000 0.000000
    59 0.000000 0.000000 0.000001 -1.570796 0.000000 0.000000
    60 -0.000003 0.000000 0.000000 -1.570796 0.000000 0.000000
    61 -0.000001 0.000000 0.000000 -1.570796 0.000000 0.000000
    62 0.000000 0.000000 0.000000 -1.570796 0.000001 0.000000
    63 0.000000 0.000000 0.000000 -1.570796 0.000001 0.000000
    64 0.000000 0.000000 0.000001 3.141593 0.000000 0.000000
    65 0.000000 0.000000 0.000000 3.141593 0.000000 0.000000
    66 0.000001 -0.000001 0.000002 3.141592 0.000000 0.000000
    67 0.000000 10.000002 -0.000005 -1.570796 0.000000 -1.570796
    68 0.000000 10.000002 -0.000005 -1.570796 0.000000 -1.570796
    69 0.000000 0.000005 -0.000003 -1.570796 0.000000 -1.570796
    70 -0.000002 0.000006 -0.500010 -1.570796 0.000000 -1.570796
    71 -0.000004 0.000000 -0.000002 -1.570796 0.000000 0.000000
    72 0.000000 0.000000 0.000000 -1.570796 0.000000 0.000000
    73 0.000000 0.000000 0.000000 -1.570796 0.000000 0.000000
    74 -0.000002 0.000000 0.000000 -1.570796 0.000000 0.000000
    75 0.000002 0.000000 0.000000 -1.570796 0.000000 0.000000
    76 0.000006 0.000000 0.000000 -1.570796 0.000000 0.000000
    77 0.000001 0.000000 0.000000 -1.570796 0.000000 0.000000
    78 0.000000 0.000000 0.000000 -1.570796 0.000000 0.000000
    79 0.000003 0.000000 0.000000 -1.570796 0.000000 0.000000
    80 0.000000 0.000000 0.000000 -1.570796 0.000000 0.000000
    81 0.000002 0.000000 -0.000001 -1.570796 0.000000 0.000000
    82 0.000000 0.000000 0.000000 -1.570796 0.000000 0.000000
    83 0.000000 0.000000 -0.000003 0.000000 0.000000 0.000000
    84 0.000000 0.000000 0.000000 0.000000 0.000000 0.000000
    85 0.000000 0.000001 -0.000001 0.000000 0.000000 0.000000
  time 3
    0 -10.599423 1.330519 -8.725688 -2.980361 1.235659 -2.556611
    1 0.026867 -11.334984 -0.000002 0.439139 -0.500420 -0.222354
    2 0.000000 -0.570313 0.000000 0.000000 0.000000 0.000000
    3 -0.523475 0.284097 0.590819 0.017782 -0.763621 -2.491113
    4 2.280626 -0.128130 -0.000001 0.000000 0.000000 0.250908
    5 1.069446 0.056463 0.000000 0.000000 0.000000 0.848230
    6 -1.355754 -2.278871 -0.142105 0.000000 -0.065440 -1.638864
    7 1.726295 -0.000584 0.000001 0.000000 -0.080668 0.005236
    8 1.199319 -0.010942 0.000001 0.000000 -0.216006 0.000000
    9 -0.430529 -2.478479 -0.142105 -0.088884 0.539218 -1.503530
    10 1.925233 0.004627 0.000003 -0.000192 -0.623953 -6.282898
    11 1.416995 0.008475 0.000000 0.000000 -0.542828 0.020944
    12 0.376671 -2.160851 -0.146011 -0.061701 0.454445 -1.475933
    13 1.952478 0.057593 0.000000 -0.000001 -0.569175 -0.010473
    14 1.358065 0.003407 0.000000 0.000001 -0.448153 0.005236
    15 1.194772 -1.659521 -0.146012 0.000000 0.312228 -1.445133
    16 1.674395 0.018204 -0.000001 0.000000 -0.347495 -0.005236
    17 1.089296 -0.001050 -0.000001 0.000000 -0.479094 0.000000
    18 10.261763 -0.013137 -8.192990 -2.910504 -1.207920 2.513561
    19 -0.295538 -11.160193 0.000002 0.369018 0.339673 0.010532
    20 0.203862 -3.923161 1.210038 1.546684 -1.085548 -1.536789
    21 0.000000 2.791016 0.898926 0.000000 0.000000 0.000000
    22 0.000000 -0.088013 2.902344 0.000000 0.000000 0.000000
    23 -0.490966 -4.488559 0.843910 0.430808 1.517607 0.507961
    24 -0.000002 2.900391 1.067383 0.000000 0.000000 0.000000
    25 0.000000 0.272305 2.901285 0.000000 0.000000 0.000000
    26 -0.021851 -0.545410 0.000000 0.000000 0.000000 0.000000
    27 0.581406 0.235277 0.590013 0.379177 -0.500206 -1.070022
    28 2.306785 0.010602 0.000001 0.000000 0.000000 -0.371150
    29 1.238233 -0.010016 -0.000001 0.000000 0.000000 -0.737956
    30 1.419017 -2.328439 -0.168330 0.000000 -0.052360 -1.523672
    31 1.705078 0.018570 -0.000002 0.000000 -0.376991 -0.005236
    32 1.169922 -0.007072 0.000002 0.000000 -0.612611 0.010472
    33 0.511230 -2.587891 -0.171265 0.068179 -0.280440 -1.750247
    34 1.836914 0.009186 0.000000 -3.141591 -1.523670 -3.131118
    35 1.439453 0.012917 -0.000002 0.000000 -1.099558 0.005236
    36 -0.355350 -2.261720 -0.168329 0.017968 -0.224442 -1.724665
    37 1.887695 -0.005322 0.000004 0.000002 -1.544617 0.036656
    38 1.369174 -0.010806 0.000002 0.000000 -1.130973 0.010472
    39 -1.191442 -1.692502 -0.168331 0.000000 -0.235619 -1.685988
    40 1.688477 -0.013489 -0.000001 0.000000 -0.753982 0.005229
    41 1.072266 0.022141 -0.000002 0.000000 -1.371829 -0.010472
    42 0.000000 -2.073839 1.567595 0.000000 0.000000 0.000000
    43 -0.000001 -3.707031 1.591797 0.000000 0.000000 0.000000
    44 0.000001 -1.269191 2.092734 0.000000 0.000000 0.000000
    45 0.000000 -1.329787 2.134425 0.000000 0.000000 0.000000
    46 0.000000 -2.115532 1.571503 0.001330 -0.001127 -0.000192
    47 0.000002 -3.744141 1.536133 0.000000 0.000000 0.000000
    48 0.500002 9.999993 0.000002 -1.570796 0.000000 -1.570796
    49 0.500002 9.999993 0.000002 -1.570796 0.000000 -1.570796
    50 0.000000 0.000005 0.000001 -1.570796 0.000000 -1.570796
    51 0.000001 0.000003 -0.500010 -1.570796 0.000000 -1.570796
    52 -0.000001 0.000000 -0.000002 -1.570796 0.000000 0.000000
    53 0.000000 0.000000 0.000000 -1.570797 0.000000 0.000000
    54 0.000001 0.000000 0.000000 -1.570796 0.000000 0.000000
    55 0.000000 0.000000 0.000002 -1.570796 0.000000 0.000000
    56 -0.000003 0.000000 0.000001 -1.570796 0.000000 0.000000
    57 0.000000 0.000000 0.000000 -1.570796 0.000000 0.000000
    58 0.000000 0.000000 -0.000002 -1.570796 0.000000 0.000000
    59 0.000000 0.000000 0.000001 -1.570796 0.000000 0.000000
    60 -0.000003 0.000000 0.000000 -1.570796 0.000000 0.000000
    61 -0.000001 0.000000 0.000000 -1.570796 0.000000 0.000000
    62 0.000000 0.000000 0.000000 -1.570796 0.000001 0.000000
    63 0.000000 0.000000 0.000000 -1.570796 0.000001 0.000000
    64 0.000000 0.000000 0.000001 3.141593 0.000000 0.000000
    65 0.000000 0.000000 0.000000 3.141593 0.000000 0.000000
    66 0.000001 -0.000001 0.000002 3.141592 0.000000 0.000000
    67 0.000000 10.000002 -0.000005 -1.570796 0.000000 -1.570796
    68 0.000000 10.000002 -0.000005 -1.570796 0.000000 -1.570796
    69 0.000000 0.000005 -0.000003 -1.570796 0.000000 -1.570796
    70 -0.000002 0.000006 -0.500010 -1.570796 0.000000 -1.570796
    71 -0.000004 0.000000 -0.000002 -1.570796 0.000000 0.000000
    72 0.000000 0.000000 0.000000 -1.570796 0.000000 0.000000
    73 0.000000 0.000000 0.000000 -1.570796 0.000000 0.000000
    74 -0.000002 0.000000 0.000000 -1.570796 0.000000 0.000000
    75 0.000002 0.000000 0.000000 -1.570796 0.000000 0.000000
    76 0.000006 0.000000 0.000000 -1.570796 0.000000 0.000000
    77 0.000001 0.000000 0.000000 -1.570796 0.000000 0.000000
    78 0.000000 0.000000 0.000000 -1.570796 0.000000 0.000000
    79 0.000003 0.000000 0.000000 -1.570796 0.000000 0.000000
    80 0.000000 0.000000 0.000000 -1.570796 0.000000 0.000000
    81 0.000002 0.000000 -0.000001 -1.570796 0.000000 0.000000
    82 0.000000 0.000000 0.000000 -1.570796 0.000000 0.000000
    83 0.000000 0.000000 -0.000003 0.000000 0.000000 0.000000
    84 0.000000 0.000000 0.000000 0.000000 0.000000 0.000000
    85 0.000000 0.000001 -0.000001 0.000000 0.000000 0.000000
  time 4
    0 -10.552547 1.314894 -8.874130 -3.097388 1.208209 -2.663803
    1 0.030773 -11.331078 -0.000002 0.362377 -0.518771 -0.171639
    2 0.000000 -0.570313 0.000000 0.000000 0.000000 0.000000
    3 -0.523475 0.284097 0.586913 0.106736 -0.831333 -2.611790
    4 2.272813 -0.120318 -0.000001 0.000000 0.000000 0.193561
    5 1.069446 0.056463 0.000000 0.000000 0.000000 0.848230
    6 -1.355754 -2.274965 -0.142105 0.000000 -0.078859 -1.638864
    7 1.730202 -0.000584 0.000001 0.000000 0.001429 0.005236
    8 1.203226 -0.010942 0.000001 0.000000 -0.122952 0.000000
    9 -0.426622 -2.478479 -0.142105 -0.104105 0.747306 -1.528676
    10 1.921327 0.004627 0.000003 -0.000192 -0.363700 -6.282898
    11 1.416995 0.008475 0.000000 0.000000 -0.394988 0.020944
    12 0.376671 -2.160851 -0.146011 -0.068221 0.620479 -1.488541
    13 1.956384 0.057593 0.000000 -0.000001 -0.327285 -0.010473
    14 1.365878 0.003407 0.000000 0.000001 -0.248411 0.005236
    15 1.194772 -1.655615 -0.138199 0.000000 0.463384 -1.445133
    16 1.674395 0.022111 -0.000001 0.000000 -0.278363 -0.005236
    17 1.085390 -0.001050 -0.000001 0.000000 -0.240904 0.000000
    18 10.078164 -0.044388 -8.321900 -3.006222 -1.165206 2.604379
    19 -0.295538 -11.164099 0.000002 0.412044 0.343444 0.079126
    20 0.239019 -3.860659 1.350667 1.559531 -1.009747 -1.536045
    21 0.000000 2.791016 0.898926 0.000000 0.000000 0.000000
    22 0.000000 -0.088013 2.902344 0.000000 0.000000 0.000000
    23 -0.490966 -4.492466 0.840004 0.432160 1.517607 0.509296
    24 -0.000002 2.900391 1.067383 0.000000 0.000000 0.000000
    25 0.000000 0.272305 2.901285 0.000000 0.000000 0.000000
    26 -0.021851 -0.545410 0.000000 0.000000 0.000000 0.000000
    27 0.581406 0.235277 0.578294 0.403414 -0.503297 -1.074230
    28 2.306785 0.010602 0.000001 0.000000 0.000000 -0.341532
    29 1.238233 -0.010016 -0.000001 0.000000 0.000000 -0.692101
    30 1.419017 -2.324533 -0.168330 0.000000 -0.052360 -1.523672
    31 1.705078 0.018570 -0.000002 0.000000 -0.376991 -0.005236
    32 1.169922 -0.007072 0.000002 0.000000 -0.612611 0.010472
    33 0.511230 -2.587891 -0.171265 0.068179 -0.280440 -1.750247
    34 1.836914 0.009186 0.000000 -3.141591 -1.523670 -3.131118
    35 1.439453 0.012917 -0.000002 0.000000 -1.099558 0.005236
    36 -0.359256 -2.261720 -0.168329 0.017968 -0.224442 -1.724665
    37 1.887695 -0.005322 0.000004 0.000002 -1.544617 0.036656
    38 1.369174 -0.010806 0.000002 0.000000 -1.130973 0.010472
    39 -1.191442 -1.692502 -0.168331 0.000000 -0.235619 -1.685988
    40 1.688477 -0.013489 -0.000001 0.000000 -0.753982 0.005229
    41 1.072266 0.022141 -0.000002 0.000000 -1.371829 -0.010472
    42 0.000000 -2.077746 1.567595 0.000024 0.000024 0.000000
    43 -0.000001 -3.707031 1.591797 0.000000 0.000000 0.000000
    44 0.000001 -1.273097 2.092734 0.000000 0.000000 0.000000
    45 0.000000 -1.329787 2.134425 0.000000 0.000000 0.000000
    46 0.000000 -2.111626 1.567596 0.002828 -0.002301 -0.000383
    47 0.000002 -3.744141 1.536133 0.000000 0.000000 0.000000
    48 0.500002 9.999993 0.000002 -1.570796 0.000000 -1.570796
    49 0.500002 9.999993 0.000002 -1.570796 0.000000 -1.570796
    50 0.000000 0.000005 0.000001 -1.570796 0.000000 -1.570796
    51 0.000001 0.000003 -0.500010 -1.570796 0.000000 -1.570796
    52 -0.000001 0.000000 -0.000002 -1.570796 0.000000 0.000000
    53 0.000000 0.000000 0.000000 -1.570797 0.000000 0.000000
    54 0.000001 0.000000 0.000000 -1.570796 0.000000 0.000000
    55 0.000000 0.000000 0.000002 -1.570796 0.000000 0.000000
    56 -0.000003 0.000000 0.000001 -1.570796 0.000000 0.000000
    57 0.000000 0.000000 0.000000 -1.570796 0.000000 0.000000
    58 0.000000 0.000000 -0.000002 -1.570796 0.000000 0.000000
    59 0.000000 0.000000 0.000001 -1.570796 0.000000 0.000000
    60 -0.000003 0.000000 0.000000 -1.570796 0.000000 0.000000
    61 -0.000001 0.000000 0.000000 -1.570796 0.000000 0.000000
    62 0.000000 0.000000 0.000000 -1.570796 0.000001 0.000000
    63 0.000000 0.000000 0.000000 -1.570796 0.000001 0.000000
    64 0.000000 0.000000 0.000001 3.141593 0.000000 0.000000
    65 0.000000 0.000000 0.000000 3.141593 0.000000 0.000000
    66 0.000001 -0.000001 0.000002 3.141592 0.000000 0.000000
    67 0.000000 10.000002 -0.000005 -1.570796 0.000000 -1.570796
    68 0.000000 10.000002 -0.000005 -1.570796 0.000000 -1.570796
    69 0.000000 0.000005 -0.000003 -1.570796 0.000000 -1.570796
    70 -0.000002 0.000006 -0.500010 -1.570796 0.000000 -1.570796
    71 -0.000004 0.000000 -0.000002 -1.570796 0.000000 0.000000
    72 0.000000 0.000000 0.000000 -1.570796 0.000000 0.000000
    73 0.000000 0.000000 0.000000 -1.570796 0.000000 0.000000
    74 -0.000002 0.000000 0.000000 -1.570796 0.000000 0.000000
    75 0.000002 0.000000 0.000000 -1.570796 0.000000 0.000000
    76 0.000006 0.000000 0.000000 -1.570796 0.000000 0.000000
    77 0.000001 0.000000 0.000000 -1.570796 0.000000 0.000000
    78 0.000000 0.000000 0.000000 -1.570796 0.000000 0.000000
    79 0.000003 0.000000 0.000000 -1.570796 0.000000 0.000000
    80 0.000000 0.000000 0.000000 -1.570796 0.000000 0.000000
    81 0.000002 0.000000 -0.000001 -1.570796 0.000000 0.000000
    82 0.000000 0.000000 0.000000 -1.570796 0.000000 0.000000
    83 0.000000 0.000000 -0.000003 0.000000 0.000000 0.000000
    84 0.000000 0.000000 0.000000 0.000000 0.000000 0.000000
    85 0.000000 0.000001 -0.000001 0.000000 0.000000 0.000000
  time 5
    0 -10.607236 1.143014 -8.924913 -3.114414 1.192939 -2.676735
    1 0.026867 -11.331078 -0.000002 0.180665 -0.494358 0.057836
    2 0.000000 -0.570313 0.000000 0.000000 0.000000 0.000000
    3 -0.527382 0.284097 0.586913 0.159666 -0.857410 -2.678632
    4 2.272813 -0.128130 -0.000001 0.000000 0.000000 0.167626
    5 1.069446 0.056463 0.000000 0.000000 0.000000 0.848230
    6 -1.355754 -2.278871 -0.142105 0.000000 -0.083700 -1.638864
    7 1.730202 -0.000584 0.000001 0.000000 0.031352 0.005236
    8 1.195413 -0.010942 0.000001 0.000000 -0.089049 0.000000
    9 -0.434435 -2.478479 -0.142105 -0.123951 0.906723 -1.555624
    10 1.925233 0.004627 0.000003 -0.000192 -0.175134 -6.282898
    11 1.416995 0.008475 0.000000 0.000000 -0.284444 0.020944
    12 0.376671 -2.160851 -0.146011 -0.075663 0.747906 -1.500394
    13 1.956384 0.049780 0.000000 -0.000001 -0.153184 -0.010473
    14 1.369784 0.003407 0.000000 0.000001 -0.100096 0.005236
    15 1.194772 -1.659521 -0.146012 0.000000 0.579338 -1.445133
    16 1.678301 0.018204 -0.000001 0.000000 -0.225351 -0.005236
    17 1.089296 -0.001050 -0.000001 0.000000 -0.065936 0.000000
    18 9.968786 -0.044388 -8.372683 -3.031302 -1.140886 2.628254
    19 -0.295538 -11.160193 0.000002 0.430104 0.339946 0.102529
    20 0.336678 -3.712217 1.819432 1.573624 -0.915869 -1.533069
    21 0.000000 2.791016 0.898926 0.000000 0.000000 0.000000
    22 0.000000 -0.088013 2.902344 0.000000 0.000000 0.000000
    23 -0.490966 -4.492466 0.836098 0.434954 1.517475 0.512021
    24 -0.000002 2.900391 1.067383 0.000000 0.000000 0.000000
    25 0.000000 0.272305 2.901285 0.000000 0.000000 0.000000
    26 -0.021851 -0.545410 0.000000 0.000000 0.000000 0.000000
    27 0.581406 0.235277 0.586107 0.423637 -0.506375 -1.077146
    28 2.306785 0.010602 0.000001 0.000000 0.000000 -0.314865
    29 1.234327 -0.010016 -0.000001 0.000000 0.000000 -0.649622
    30 1.419017 -2.328439 -0.168330 0.000000 -0.052360 -1.523672
    31 1.705078 0.018570 -0.000002 0.000000 -0.376991 -0.005236
    32 1.169922 -0.007072 0.000002 0.000000 -0.612611 0.010472
    33 0.511230 -2.587891 -0.171265 0.068179 -0.280440 -1.750247
    34 1.836914 0.009186 0.000000 -3.141591 -1.523670 -3.131118
    35 1.439453 0.012917 -0.000002 0.000000 -1.099558 0.005236
    36 -0.359256 -2.261720 -0.168329 0.017968 -0.224442 -1.724665
    37 1.887695 -0.005322 0.000004 0.000002 -1.544617 0.036656
    38 1.369174 -0.010806 0.000002 0.000000 -1.130973 0.010472
    39 -1.191442 -1.692502 -0.168331 0.000000 -0.235619 -1.685988
    40 1.688477 -0.013489 -0.000001 0.000000 -0.753982 0.005229
    41 1.072266 0.022141 -0.000002 0.000000 -1.371829 -0.010472
    42 0.000000 -2.069933 1.571501 0.000060 0.000072 0.000000
    43 -0.000001 -3.707031 1.591797 0.000000 0.000000 0.000000
    44 0.000001 -1.273097 2.092734 0.000000 0.000000 0.000000
    45 0.000000 -1.329787 2.134425 0.000000 0.000000 0.000000
    46 0.000000 -2.107720 1.571503 0.004770 -0.003811 -0.000635
    47 0.000002 -3.744141 1.536133 0.000000 0.000000 0.000000
    48 0.500002 9.999993 0.000002 -1.570796 0.000000 -1.570796
    49 0.500002 9.999993 0.000002 -1.570796 0.000000 -1.570796
    50 0.000000 0.000005 0.000001 -1.570796 0.000000 -1.570796
    51 0.000001 0.000003 -0.500010 -1.570796 0.000000 -1.570796
    52 -0.000001 0.000000 -0.000002 -1.570796 0.000000 0.000000
    53 0.000000 0.000000 0.000000 -1.570797 0.000000 0.000000
    54 0.000001 0.000000 0.000000 -1.570796 0.000000 0.000000
    55 0.000000 0.000000 0.000002 -1.570796 0.000000 0.000000
    56 -0.000003 0.000000 0.000001 -1.570796 0.000000 0.000000
    57 0.000000 0.000000 0.000000 -1.570796 0.000000 0.000000
    58 0.000000 0.000000 -0.000002 -1.570796 0.000000 0.000000
    59 0.000000 0.000000 0.000001 -1.570796 0.000000 0.000000
    60 -0.000003 0.000000 0.000000 -1.570796 0.000000 0.000000
    61 -0.000001 0.000000 0.000000 -1.570796 0.000000 0.000000
    62 0.000000 0.000000 0.000000 -1.570796 0.000001 0.000000
    63 0.000000 0.000000 0.000000 -1.570796 0.000001 0.000000
    64 0.000000 0.000000 0.000001 3.141593 0.000000 0.000000
    65 0.000000 0.000000 0.000000 3.141593 0.000000 0.000000
    66 0.000001 -0.000001 0.000002 3.141592 0.000000 0.000000
    67 0.000000 10.000002 -0.000005 -1.570796 0.000000 -1.570796
    68 0.000000 10.000002 -0.000005 -1.570796 0.000000 -1.570796
    69 0.000000 0.000005 -0.000003 -1.570796 0.000000 -1.570796
    70 -0.000002 0.000006 -0.500010 -1.570796 0.000000 -1.570796
    71 -0.000004 0.000000 -0.000002 -1.570796 0.000000 0.000000
    72 0.000000 0.000000 0.000000 -1.570796 0.000000 0.000000
    73 0.000000 0.000000 0.000000 -1.570796 0.000000 0.000000
    74 -0.000002 0.000000 0.000000 -1.570796 0.000000 0.000000
    75 0.000002 0.000000 0.000000 -1.570796 0.000000 0.000000
    76 0.000006 0.000000 0.000000 -1.570796 0.000000 0.000000
    77 0.000001 0.000000 0.000000 -1.570796 0.000000 0.000000
    78 0.000000 0.000000 0.000000 -1.570796 0.000000 0.000000
    79 0.000003 0.000000 0.000000 -1.570796 0.000000 0.000000
    80 0.000000 0.000000 0.000000 -1.570796 0.000000 0.000000
    81 0.000002 0.000000 -0.000001 -1.570796 0.000000 0.000000
    82 0.000000 0.000000 0.000000 -1.570796 0.000000 0.000000
    83 0.000000 0.000000 -0.000003 0.000000 0.000000 0.000000
    84 0.000000 0.000000 0.000000 0.000000 0.000000 0.000000
    85 0.000000 0.000001 -0.000001 0.000000 0.000000 0.000000
  time 6
    0 -10.825993 0.658624 -8.874130 -3.004342 1.195357 -2.569160
    1 0.026867 -11.331078 -0.000002 -0.073341 -0.349259 0.453346
    2 0.000000 -0.570313 0.000000 0.000000 0.000000 0.000000
    3 -0.519569 0.284097 0.586913 0.164295 -0.858287 -2.683986
    4 2.276719 -0.124224 -0.000001 0.000000 0.000000 0.166954
    5 1.069446 0.056463 0.000000 0.000000 0.000000 0.848230
    6 -1.355754 -2.278871 -0.142105 0.000000 -0.083700 -1.638864
    7 1.730202 -0.000584 0.000001 0.000000 0.031352 0.005236
    8 1.199319 -0.010942 0.000001 0.000000 -0.089132 0.000000
    9 -0.430529 -2.482385 -0.142105 -0.145464 1.017065 -1.581754
    10 1.925233 0.004627 0.000003 -0.000192 -0.065944 -6.282898
    11 1.416995 0.008475 0.000000 0.000000 -0.213527 0.020944
    12 0.380577 -2.160851 -0.142104 -0.082782 0.836164 -1.510377
    13 1.952478 0.053687 0.000000 -0.000001 -0.055359 -0.010473
    14 1.365878 0.003407 0.000000 0.000001 -0.007140 0.005236
    15 1.194772 -1.659521 -0.146012 0.000000 0.659583 -1.445133
    16 1.674395 0.018204 -0.000001 0.000000 -0.188568 -0.005236
    17 1.089296 -0.001050 -0.000001 0.000000 0.040310 0.000000
    18 9.996130 0.018114 -8.302368 -2.979733 -1.140344 2.580879
    19 -0.291631 -11.160193 0.000002 0.413375 0.328210 0.062337
    20 0.465589 -3.610652 2.303822 1.593854 -0.767384 -1.525164
    21 0.000000 2.791016 0.898926 0.000000 0.000000 0.000000
    22 0.000000 -0.088013 2.902344 0.000000 0.000000 0.000000
    23 -0.483153 -4.492466 0.840004 0.440002 1.517331 0.516915
    24 -0.000002 2.900391 1.067383 0.000000 0.000000 0.000000
    25 0.000000 0.272305 2.901285 0.000000 0.000000 0.000000
    26 -0.021851 -0.545410 0.000000 0.000000 0.000000 0.000000
    27 0.585312 0.235277 0.586107 0.441538 -0.509247 -1.079310
    28 2.310691 0.010602 0.000001 0.000000 0.000000 -0.290543
    29 1.234327 -0.010016 -0.000001 0.000000 0.000000 -0.610458
    30 1.419017 -2.324533 -0.168330 0.000000 -0.052360 -1.523672
    31 1.705078 0.018570 -0.000002 0.000000 -0.376991 -0.005236
    32 1.169922 -0.007072 0.000002 0.000000 -0.612611 0.010472
    33 0.511230 -2.587891 -0.171265 0.068179 -0.280440 -1.750247
    34 1.836914 0.009186 0.000000 -3.141591 -1.523670 -3.131118
    35 1.439453 0.012917 -0.000002 0.000000 -1.099558 0.005236
    36 -0.359256 -2.257814 -0.168329 0.017968 -0.224442 -1.724665
    37 1.887695 -0.005322 0.000004 0.000002 -1.544617 0.036656
    38 1.369174 -0.010806 0.000002 0.000000 -1.130973 0.010472
    39 -1.191442 -1.692502 -0.168331 0.000000 -0.235619 -1.685988
    40 1.688477 -0.013489 -0.000001 0.000000 -0.753982 0.005229
    41 1.072266 0.022141 -0.000002 0.000000 -1.371829 -0.010472
    42 0.000000 -2.077746 1.567595 0.000132 0.000144 0.000012
    43 -0.000001 -3.707031 1.591797 0.000000 0.000000 0.000000
    44 0.000001 -1.273097 2.092734 0.000000 0.000000 0.000000
    45 0.000000 -1.329787 2.134425 0.000000 0.000000 0.000000
    46 0.000000 -2.111626 1.567596 0.006831 -0.005585 -0.001007
    47 0.000002 -3.744141 1.536133 0.000000 0.000000 0.000000
    48 0.500002 9.999993 0.000002 -1.570796 0.000000 -1.570796
    49 0.500002 9.999993 0.000002 -1.570796 0.000000 -1.570796
    50 0.000000 0.000005 0.000001 -1.570796 0.000000 -1.570796
    51 0.000001 0.000003 -0.500010 -1.570796 0.000000 -1.570796
    52 -0.000001 0.000000 -0.000002 -1.570796 0.000000 0.000000
    53 0.000000 0.000000 0.000000 -1.570797 0.000000 0.000000
    54 0.000001 0.000000 0.000000 -1.570796 0.000000 0.000000
    55 0.000000 0.000000 0.000002 -1.570796 0.000000 0.000000
    56 -0.000003 0.000000 0.000001 -1.570796 0.000000 0.000000
    57 0.000000 0.000000 0.000000 -1.570796 0.000000 0.000000
    58 0.000000 0.000000 -0.000002 -1.570796 0.000000 0.000000
    59 0.000000 0.000000 0.000001 -1.570796 0.000000 0.000000
    60 -0.000003 0.000000 0.000000 -1.570796 0.000000 0.000000
    61 -0.000001 0.000000 0.000000 -1.570796 0.000000 0.000000
    62 0.000000 0.000000 0.000000 -1.570796 0.000001 0.000000
    63 0.000000 0.000000 0.000000 -1.570796 0.000001 0.000000
    64 0.000000 0.000000 0.000001 3.141593 0.000000 0.000000
    65 0.000000 0.000000 0.000000 3.141593 0.000000 0.000000
    66 0.000001 -0.000001 0.000002 3.141592 0.000000 0.000000
    67 0.000000 10.000002 -0.000005 -1.570796 0.000000 -1.570796
    68 0.000000 10.000002 -0.000005 -1.570796 0.000000 -1.570796
    69 0.000000 0.000005 -0.000003 -1.570796 0.000000 -1.570796
    70 -0.000002 0.000006 -0.500010 -1.570796 0.000000 -1.570796
    71 -0.000004 0.000000 -0.000002 -1.570796 0.000000 0.000000
    72 0.000000 0.000000 0.000000 -1.570796 0.000000 0.000000
    73 0.000000 0.000000 0.000000 -1.570796 0.000000 0.000000
    74 -0.000002 0.000000 0.000000 -1.570796 0.000000 0.000000
    75 0.000002 0.000000 0.000000 -1.570796 0.000000 0.000000
    76 0.000006 0.000000 0.000000 -1.570796 0.000000 0.000000
    77 0.000001 0.000000 0.000000 -1.570796 0.000000 0.000000
    78 0.000000 0.000000 0.000000 -1.570796 0.000000 0.000000
    79 0.000003 0.000000 0.000000 -1.570796 0.000000 0.000000
    80 0.000000 0.000000 0.000000 -1.570796 0.000000 0.000000
    81 0.000002 0.000000 -0.000001 -1.570796 0.000000 0.000000
    82 0.000000 0.000000 0.000000 -1.570796 0.000000 0.000000
    83 0.000000 0.000000 -0.000003 0.000000 0.000000 0.000000
    84 0.000000 0.000000 0.000000 0.000000 0.000000 0.000000
    85 0.000000 0.000001 -0.000001 0.000000 0.000000 0.000000
  time 7
    0 -11.201004 -0.091399 -8.713969 -2.818089 1.200059 -2.389645
    1 0.026867 -11.331078 -0.000002 -0.236119 -0.132905 0.754257
    2 0.000000 -0.570313 0.000000 0.000000 0.000000 0.000000
    3 -0.523475 0.288004 0.586913 0.177309 -0.860501 -2.698931
    4 2.276719 -0.124224 -0.000001 0.000000 0.000000 0.165140
    5 1.069446 0.056463 0.000000 0.000000 0.000000 0.848230
    6 -1.355754 -2.274965 -0.142105 0.000000 -0.083700 -1.638864
    7 1.726295 -0.000584 0.000001 0.000000 0.031352 0.005236
    8 1.203226 -0.010942 0.000001 0.000000 -0.089049 0.000000
    9 -0.422716 -2.478479 -0.142105 -0.150929 1.039234 -1.588186
    10 1.921327 0.004627 0.000003 -0.000096 -0.048852 -6.283185
    11 1.416995 0.008475 0.000000 0.000000 -0.200692 0.020944
    12 0.380577 -2.160851 -0.149917 -0.084508 0.853888 -1.512606
    13 1.952478 0.053687 0.000000 -0.000001 -0.040754 -0.010473
    14 1.365878 0.003407 0.000000 0.000001 0.009195 0.005236
    15 1.194772 -1.655615 -0.138199 0.000000 0.675755 -1.445133
    16 1.674395 0.018204 -0.000001 0.000000 -0.181124 -0.005236
    17 1.089296 -0.001050 -0.000001 0.000000 0.058172 0.000000
    18 10.164104 0.143117 -8.079705 -2.913322 -1.150137 2.519553
    19 -0.295538 -11.160193 0.000002 0.377652 0.312356 -0.011508
    20 0.551529 -4.020820 1.932716 1.625109 -0.528356 -1.506751
    21 0.000000 2.791016 0.898926 0.000000 0.000000 0.000000
    22 0.000000 -0.088013 2.902344 0.000000 0.000000 0.000000
    23 -0.487059 -4.492466 0.840004 0.448206 1.517139 0.524868
    24 -0.000002 2.900391 1.067383 0.000000 0.000000 0.000000
    25 0.000000 0.272305 2.901285 0.000000 0.000000 0.000000
    26 -0.021851 -0.545410 0.000000 0.000000 0.000000 0.000000
    27 0.581406 0.235277 0.582201 0.458870 -0.511784 -1.081895
    28 2.306785 0.010602 0.000001 0.000000 0.000000 -0.268023
    29 1.234327 -0.010016 -0.000001 0.000000 0.000000 -0.574670
    30 1.419017 -2.328439 -0.168330 0.000000 -0.052360 -1.523672
    31 1.705078 0.018570 -0.000002 0.000000 -0.376991 -0.005236
    32 1.169922 -0.007072 0.000002 0.000000 -0.612611 0.010472
    33 0.511230 -2.587891 -0.171265 0.068179 -0.280440 -1.750247
    34 1.836914 0.009186 0.000000 -3.141591 -1.523670 -3.131118
    35 1.439453 0.012917 -0.000002 0.000000 -1.099558 0.005236
    36 -0.363163 -2.261720 -0.168329 0.017968 -0.224442 -1.724665
    37 1.887695 -0.005322 0.000004 0.000002 -1.544617 0.036656
    38 1.369174 -0.010806 0.000002 0.000000 -1.130973 0.010472
    39 -1.191442 -1.692502 -0.168331 0.000000 -0.235619 -1.685988
    40 1.688477 -0.013489 -0.000001 0.000000 -0.753982 0.005229
    41 1.072266 0.022141 -0.000002 0.000000 -1.371829 -0.010472
    42 0.000000 -2.069933 1.567595 0.000240 0.000276 0.000036
    43 -0.000001 -3.707031 1.591797 0.000000 0.000000 0.000000
    44 0.000001 -1.273097 2.092734 0.000000 0.000000 0.000000
    45 0.000000 -1.329787 2.134425 0.000000 0.000000 0.000000
    46 0.000000 -2.107720 1.567596 0.009060 -0.007383 -0.001294
    47 0.000002 -3.744141 1.536133 0.000000 0.000000 0.000000
    48 0.500002 9.999993 0.000002 -1.570796 0.000000 -1.570796
    49 0.500002 9.999993 0.000002 -1.570796 0.000000 -1.570796
    50 0.000000 0.000005 0.000001 -1.570796 0.000000 -1.570796
    51 0.000001 0.000003 -0.500010 -1.570796 0.000000 -1.570796
    52 -0.000001 0.000000 -0.000002 -1.570796 0.000000 0.000000
    53 0.000000 0.000000 0.000000 -1.570797 0.000000 0.000000
    54 0.000001 0.000000 0.000000 -1.570796 0.000000 0.000000
    55 0.000000 0.000000 0.000002 -1.570796 0.000000 0.000000
    56 -0.000003 0.000000 0.000001 -1.570796 0.000000 0.000000
    57 0.000000 0.000000 0.000000 -1.570796 0.000000 0.000000
    58 0.000000 0.000000 -0.000002 -1.570796 0.000000 0.000000
    59 0.000000 0.000000 0.000001 -1.570796 0.000000 0.000000
    60 -0.000003 0.000000 0.000000 -1.570796 0.000000 0.000000
    61 -0.000001 0.000000 0.000000 -1.570796 0.000000 0.000000
    62 0.000000 0.000000 0.000000 -1.570796 0.000001 0.000000
    63 0.000000 0.000000 0.000000 -1.570796 0.000001 0.000000
    64 0.000000 0.000000 0.000001 3.141593 0.000000 0.000000
    65 0.000000 0.000000 0.000000 3.141593 0.000000 0.000000
    66 0.000001 -0.000001 0.000002 3.141592 0.000000 0.000000
    67 0.000000 10.000002 -0.000005 -1.570796 0.000000 -1.570796
    68 0.000000 10.000002 -0.000005 -1.570796 0.000000 -1.570796
    69 0.000000 0.000005 -0.000003 -1.570796 0.000000 -1.570796
    70 -0.000002 0.000006 -0.500010 -1.570796 0.000000 -1.570796
    71 -0.000004 0.000000 -0.000002 -1.570796 0.000000 0.000000
    72 0.000000 0.000000 0.000000 -1.570796 0.000000 0.000000
    73 0.000000 0.000000 0.000000 -1.570796 0.000000 0.000000
    74 -0.000002 0.000000 0.000000 -1.570796 0.000000 0.000000
    75 0.000002 0.000000 0.000000 -1.570796 0.000000 0.000000
    76 0.000006 0.000000 0.000000 -1.570796 0.000000 0.000000
    77 0.000001 0.000000 0.000000 -1.570796 0.000000 0.000000
    78 0.000000 0.000000 0.000000 -1.570796 0.000000 0.000000
    79 0.000003 0.000000 0.000000 -1.570796 0.000000 0.000000
    80 0.000000 0.000000 0.000000 -1.570796 0.000000 0.000000
    81 0.000002 0.000000 -0.000001 -1.570796 0.000000 0.000000
    82 0.000000 0.000000 0.000000 -1.570796 0.000000 0.000000
    83 0.000000 0.000000 -0.000003 0.000000 0.000000 0.000000
    84 0.000000 0.000000 0.000000 0.000000 0.000000 0.000000
    85 0.000000 0.000001 -0.000001 0.000000 0.000000 0.000000
  time 8
    0 -11.544765 -0.786733 -8.479587 -2.432075 1.175520 -2.018736
    1 0.026867 -11.331078 -0.000002 -0.321497 0.003790 0.834065
    2 0.000000 -0.570313 0.000000 0.000000 0.000000 0.000000
    3 -0.523475 0.284097 0.594726 0.195964 -0.862447 -2.719920
    4 2.276719 -0.124224 -0.000001 0.000000 0.000000 0.162049
    5 1.069446 0.056463 0.000000 0.000000 0.000000 0.848230
    6 -1.355754 -2.282777 -0.142105 0.000000 -0.083700 -1.638864
    7 1.726295 -0.000584 0.000001 0.000000 0.031352 0.005236
    8 1.199319 -0.010942 0.000001 0.000000 -0.089049 0.000000
    9 -0.430529 -2.478479 -0.142105 -0.169337 1.101358 -1.609104
    10 1.921327 0.004627 0.000003 -0.000192 -0.005154 -6.282802
    11 1.416995 0.008475 0.000000 0.000000 -0.166812 0.020944
    12 0.376671 -2.160851 -0.149917 -0.089685 0.903498 -1.519341
    13 1.952478 0.057593 0.000000 -0.000001 -0.003443 -0.010473
    14 1.365878 0.003407 0.000000 0.000001 0.052108 0.005236
    15 1.194772 -1.659521 -0.138199 0.000000 0.720798 -1.445133
    16 1.674395 0.018204 -0.000001 0.000000 -0.160023 -0.005236
    17 1.085390 -0.001050 -0.000001 0.000000 0.104749 0.000000
    18 10.425831 0.314998 -7.778915 -2.764344 -1.174349 2.380798
    19 -0.295538 -11.156286 0.000002 0.302825 0.274990 -0.166191
    20 0.508559 -5.087259 0.448296 0.982371 -0.528387 -1.506658
    21 0.000000 2.791016 0.898926 0.000000 0.000000 0.000000
    22 0.000000 -0.088013 2.902344 0.000000 0.000000 0.000000
    23 -0.490966 -4.492466 0.843910 0.459023 1.516804 0.535546
    24 -0.000002 2.900391 1.067383 0.000000 0.000000 0.000000
    25 0.000000 0.272305 2.901285 0.000000 0.000000 0.000000
    26 -0.021851 -0.545410 0.000000 0.000000 0.000000 0.000000
    27 0.581406 0.231370 0.582201 0.477263 -0.513600 -1.085682
    28 2.306785 0.010602 0.000001 0.000000 0.000000 -0.246714
    29 1.234327 -0.010016 -0.000001 0.000000 0.000000 -0.542289
    30 1.419017 -2.324533 -0.168330 0.000000 -0.052360 -1.523672
    31 1.705078 0.018570 -0.000002 0.000000 -0.376991 -0.005236
    32 1.169922 -0.007072 0.000002 0.000000 -0.612611 0.010472
    33 0.511230 -2.587891 -0.171265 0.068179 -0.280440 -1.750247
    34 1.836914 0.009186 0.000000 -3.141591 -1.523670 -3.131118
    35 1.439453 0.012917 -0.000002 0.000000 -1.099558 0.005236
    36 -0.359256 -2.257814 -0.168329 0.017968 -0.224442 -1.724665
    37 1.887695 -0.005322 0.000004 0.000002 -1.544617 0.036656
    38 1.369174 -0.010806 0.000002 0.000000 -1.130973 0.010472
    39 -1.191442 -1.692502 -0.168331 0.000000 -0.235619 -1.685988
    40 1.688477 -0.013489 -0.000001 0.000000 -0.753982 0.005229
    41 1.072266 0.022141 -0.000002 0.000000 -1.371829 -0.010472
    42 0.000000 -2.077746 1.567595 0.000347 0.000407 0.000060
    43 -0.000001 -3.707031 1.591797 0.000000 0.000000 0.000000
    44 0.000001 -1.273097 2.088827 0.000000 0.000000 0.000000
    45 0.000000 -1.329787 2.134425 0.000000 0.000000 0.000000
    46 0.000000 -2.107720 1.567596 0.011301 -0.009156 -0.001690
    47 0.000002 -3.744141 1.536133 0.000000 0.000000 0.000000
    48 0.500002 9.999993 0.000002 -1.570796 0.000000 -1.570796
    49 0.500002 9.999993 0.000002 -1.570796 0.000000 -1.570796
    50 0.000000 0.000005 0.000001 -1.570796 0.000000 -1.570796
    51 0.000001 0.000003 -0.500010 -1.570796 0.000000 -1.570796
    52 -0.000001 0.000000 -0.000002 -1.570796 0.000000 0.000000
    53 0.000000 0.000000 0.000000 -1.570797 0.000000 0.000000
    54 0.000001 0.000000 0.000000 -1.570796 0.000000 0.000000
    55 0.000000 0.000000 0.000002 -1.570796 0.000000 0.000000
    56 -0.000003 0.000000 0.000001 -1.570796 0.000000 0.000000
    57 0.000000 0.000000 0.000000 -1.570796 0.000000 0.000000
    58 0.000000 0.000000 -0.000002 -1.570796 0.000000 0.000000
    59 0.000000 0.000000 0.000001 -1.570796 0.000000 0.000000
    60 -0.000003 0.000000 0.000000 -1.570796 0.000000 0.000000
    61 -0.000001 0.000000 0.000000 -1.570796 0.000000 0.000000
    62 0.000000 0.000000 0.000000 -1.570796 0.000001 0.000000
    63 0.000000 0.000000 0.000000 -1.570796 0.000001 0.000000
    64 0.000000 0.000000 0.000001 3.141593 0.000000 0.000000
    65 0.000000 0.000000 0.000000 3.141593 0.000000 0.000000
    66 0.000001 -0.000001 0.000002 3.141592 0.000000 0.000000
    67 0.000000 10.000002 -0.000005 -1.570796 0.000000 -1.570796
    68 0.000000 10.000002 -0.000005 -1.570796 0.000000 -1.570796
    69 0.000000 0.000005 -0.000003 -1.570796 0.000000 -1.570796
    70 -0.000002 0.000006 -0.500010 -1.570796 0.000000 -1.570796
    71 -0.000004 0.000000 -0.000002 -1.570796 0.000000 0.000000
    72 0.000000 0.000000 0.000000 -1.570796 0.000000 0.000000
    73 0.000000 0.000000 0.000000 -1.570796 0.000000 0.000000
    74 -0.000002 0.000000 0.000000 -1.570796 0.000000 0.000000
    75 0.000002 0.000000 0.000000 -1.570796 0.000000 0.000000
    76 0.000006 0.000000 0.000000 -1.570796 0.000000 0.000000
    77 0.000001 0.000000 0.000000 -1.570796 0.000000 0.000000
    78 0.000000 0.000000 0.000000 -1.570796 0.000000 0.000000
    79 0.000003 0.000000 0.000000 -1.570796 0.000000 0.000000
    80 0.000000 0.000000 0.000000 -1.570796 0.000000 0.000000
    81 0.000002 0.000000 -0.000001 -1.570796 0.000000 0.000000
    82 0.000000 0.000000 0.000000 -1.570796 0.000000 0.000000
    83 0.000000 0.000000 -0.000003 0.000000 0.000000 0.000000
    84 0.000000 0.000000 0.000000 0.000000 0.000000 0.000000
    85 0.000000 0.000001 -0.000001 0.000000 0.000000 0.000000
  time 9
    0 -11.685394 -1.103149 -8.194422 -2.073478 1.094558 -1.678960
    1 0.026867 -11.331078 -0.000002 -0.357378 0.020653 0.787554
    2 0.000000 -0.570313 0.000000 0.000000 0.000000 0.000000
    3 -0.523475 0.284097 0.586913 0.212767 -0.862284 -2.738248
    4 2.272813 -0.128130 -0.000001 0.000000 0.000000 0.157917
    5 1.069446 0.056463 0.000000 0.000000 0.000000 0.848230
    6 -1.355754 -2.282777 -0.142105 0.000000 -0.083700 -1.638864
    7 1.730202 -0.000584 0.000001 0.000000 0.031352 0.005236
    8 1.203226 -0.010942 0.000001 0.000000 -0.089049 0.000000
    9 -0.430529 -2.478479 -0.142105 -0.197381 1.171342 -1.639975
    10 1.925233 0.004627 0.000003 -0.000192 0.036000 -6.282898
    11 1.413089 0.008475 0.000000 0.000000 -0.133104 0.020944
    12 0.380577 -2.160851 -0.146011 -0.096696 0.959110 -1.528090
    13 1.952478 0.053687 0.000000 -0.000001 0.031113 -0.010473
    14 1.365878 0.003407 0.000000 0.000001 0.094373 0.005236
    15 1.194772 -1.659521 -0.142105 0.000000 0.771087 -1.445133
    16 1.678301 0.018204 -0.000001 0.000000 -0.135857 -0.005236
    17 1.089296 -0.001050 -0.000001 0.000000 0.150012 0.000000
    18 10.734434 0.506410 -7.435154 -2.563797 -1.198308 2.192327
    19 -0.295538 -11.160193 0.000002 0.219327 0.218570 -0.346449
    20 0.254645 -5.864627 -0.411105 0.557842 -0.528387 -1.506658
    21 0.000000 2.791016 0.898926 0.000000 0.000000 0.000000
    22 0.000000 -0.088013 2.902344 0.000000 0.000000 0.000000
    23 -0.490966 -4.492466 0.836098 0.472184 1.516408 0.548282
    24 -0.000002 2.900391 1.067383 0.000000 0.000000 0.000000
    25 0.000000 0.272305 2.901285 0.000000 0.000000 0.000000
    26 -0.021851 -0.545410 0.000000 0.000000 0.000000 0.000000
    27 0.581406 0.227464 0.590013 0.498455 -0.514553 -1.092145
    28 2.306785 0.010602 0.000001 0.000000 0.000000 -0.226042
    29 1.242140 -0.010016 -0.000001 0.000000 0.000000 -0.513315
    30 1.419017 -2.324533 -0.168330 0.000000 -0.052360 -1.523672
    31 1.705078 0.018570 -0.000002 0.000000 -0.376991 -0.005236
    32 1.169922 -0.007072 0.000002 0.000000 -0.612611 0.010472
    33 0.511230 -2.587891 -0.171265 0.068179 -0.280440 -1.750247
    34 1.836914 0.009186 0.000000 -3.141591 -1.523670 -3.131118
    35 1.439453 0.012917 -0.000002 0.000000 -1.099558 0.005236
    36 -0.359256 -2.261720 -0.168329 0.017968 -0.224442 -1.724665
    37 1.887695 -0.005322 0.000004 0.000002 -1.544617 0.036656
    38 1.369174 -0.010806 0.000002 0.000000 -1.130973 0.010472
    39 -1.191442 -1.692502 -0.168331 0.000000 -0.235619 -1.685988
    40 1.688477 -0.013489 -0.000001 0.000000 -0.753982 0.005229
    41 1.072266 0.022141 -0.000002 0.000000 -1.371829 -0.010472
    42 0.000000 -2.077746 1.567595 0.000587 0.000707 0.000096
    43 -0.000001 -3.707031 1.591797 0.000000 0.000000 0.000000
    44 0.000001 -1.273097 2.092734 0.000000 0.000000 0.000000
    45 0.000000 -1.329787 2.134425 0.000000 0.000000 0.000000
    46 0.000000 -2.115532 1.567596 0.013458 -0.010882 -0.001965
    47 0.000002 -3.744141 1.536133 0.000000 0.000000 0.000000
    48 0.500002 9.999993 0.000002 -1.570796 0.000000 -1.570796
    49 0.500002 9.999993 0.000002 -1.570796 0.000000 -1.570796
    50 0.000000 0.000005 0.000001 -1.570796 0.000000 -1.570796
    51 0.000001 0.000003 -0.500010 -1.570796 0.000000 -1.570796
    52 -0.000001 0.000000 -0.000002 -1.570796 0.000000 0.000000
    53 0.000000 0.000000 0.000000 -1.570797 0.000000 0.000000
    54 0.000001 0.000000 0.000000 -1.570796 0.000000 0.000000
    55 0.000000 0.000000 0.000002 -1.570796 0.000000 0.000000
    56 -0.000003 0.000000 0.000001 -1.570796 0.000000 0.000000
    57 0.000000 0.000000 0.000000 -1.570796 0.000000 0.000000
    58 0.000000 0.000000 -0.000002 -1.570796 0.000000 0.000000
    59 0.000000 0.000000 0.000001 -1.570796 0.000000 0.000000
    60 -0.000003 0.000000 0.000000 -1.570796 0.000000 0.000000
    61 -0.000001 0.000000 0.000000 -1.570796 0.000000 0.000000
    62 0.000000 0.000000 0.000000 -1.570796 0.000001 0.000000
    63 0.000000 0.000000 0.000000 -1.570796 0.000001 0.000000
    64 0.000000 0.000000 0.000001 3.141593 0.000000 0.000000
    65 0.000000 0.000000 0.000000 3.141593 0.000000 0.000000
    66 0.000001 -0.000001 0.000002 3.141592 0.000000 0.000000
    67 0.000000 10.000002 -0.000005 -1.570796 0.000000 -1.570796
    68 0.000000 10.000002 -0.000005 -1.570796 0.000000 -1.570796
    69 0.000000 0.000005 -0.000003 -1.570796 0.000000 -1.570796
    70 -0.000002 0.000006 -0.500010 -1.570796 0.000000 -1.570796
    71 -0.000004 0.000000 -0.000002 -1.570796 0.000000 0.000000
    72 0.000000 0.000000 0.000000 -1.570796 0.000000 0.000000
    73 0.000000 0.000000 0.000000 -1.570796 0.000000 0.000000
    74 -0.000002 0.000000 0.000000 -1.570796 0.000000 0.000000
    75 0.000002 0.000000 0.000000 -1.570796 0.000000 0.000000
    76 0.000006 0.000000 0.000000 -1.570796 0.000000 0.000000
    77 0.000001 0.000000 0.000000 -1.570796 0.000000 0.000000
    78 0.000000 0.000000 0.000000 -1.570796 0.000000 0.000000
    79 0.000003 0.000000 0.000000 -1.570796 0.000000 0.000000
    80 0.000000 0.000000 0.000000 -1.570796 0.000000 0.000000
    81 0.000002 0.000000 -0.000001 -1.570796 0.000000 0.000000
    82 0.000000 0.000000 0.000000 -1.570796 0.000000 0.000000
    83 0.000000 0.000000 -0.000003 0.000000 0.000000 0.000000
    84 0.000000 0.000000 0.000000 0.000000 0.000000 0.000000
    85 0.000000 0.000001 -0.000001 0.000000 0.000000 0.000000
  time 10
    0 -11.533046 -0.888298 -7.803785 -1.833349 0.988698 -1.460457
    1 0.026867 -11.331078 -0.000002 -0.416164 0.014371 0.661874
    2 0.000000 -0.570313 0.000000 0.000000 0.000000 0.000000
    3 -0.523475 0.288004 0.586913 0.225163 -0.860055 -2.751058
    4 2.276719 -0.124224 -0.000001 0.000000 0.000000 0.152609
    5 1.069446 0.056463 0.000000 0.000000 0.000000 0.848230
    6 -1.351848 -2.282777 -0.142105 0.000000 -0.083700 -1.638864
    7 1.730202 -0.000584 0.000001 0.000000 0.031321 0.005236
    8 1.195413 -0.010942 0.000001 0.000000 -0.089132 0.000000
    9 -0.426622 -2.478479 -0.142105 -0.231201 1.231703 -1.676280
    10 1.925233 0.004627 0.000003 -0.000192 0.061942 -6.282898
    11 1.416995 0.008475 0.000000 0.000000 -0.109076 0.020944
    12 0.376671 -2.160851 -0.142104 -0.103911 1.006600 -1.536731
    13 1.952478 0.053687 0.000000 -0.000001 0.051725 -0.010473
    14 1.365878 0.003407 0.000000 0.000001 0.123889 0.005236
    15 1.190866 -1.655615 -0.138199 0.000000 0.813525 -1.445133
    16 1.674395 0.018204 -0.000001 0.000000 -0.114510 -0.005236
    17 1.089296 -0.001050 -0.000001 0.000000 0.180430 0.000000
    18 11.027412 0.686103 -7.118739 -2.320322 -1.210775 1.961255
    19 -0.295538 -11.160193 0.000002 0.145183 0.150216 -0.519385
    20 -0.026614 -6.306046 -0.895495 0.279041 -0.528387 -1.506658
    21 0.000000 2.791016 0.898926 0.000000 0.000000 0.000000
    22 0.000000 -0.088013 2.902344 0.000000 0.000000 0.000000
    23 -0.483153 -4.488559 0.847817 0.487238 1.515881 0.563020
    24 -0.000002 2.900391 1.067383 0.000000 0.000000 0.000000
    25 0.000000 0.272305 2.901285 0.000000 0.000000 0.000000
    26 -0.021851 -0.545410 0.000000 0.000000 0.000000 0.000000
    27 0.581406 0.239183 0.590013 0.524107 -0.514128 -1.101643
    28 2.306785 0.010602 0.000001 0.000000 0.000000 -0.205463
    29 1.242140 -0.010016 -0.000001 0.000000 0.000000 -0.487840
    30 1.419017 -2.324533 -0.168330 0.000000 -0.052360 -1.523672
    31 1.705078 0.018570 -0.000002 0.000000 -0.376991 -0.005236
    32 1.169922 -0.007072 0.000002 0.000000 -0.612611 0.010472
    33 0.511230 -2.587891 -0.171265 0.068179 -0.280440 -1.750247
    34 1.836914 0.009186 0.000000 -3.141591 -1.523670 -3.131118
    35 1.439453 0.012917 -0.000002 0.000000 -1.099558 0.005236
    36 -0.359256 -2.257814 -0.168329 0.017968 -0.224442 -1.724665
    37 1.887695 -0.005322 0.000004 0.000002 -1.544617 0.036656
    38 1.369174 -0.010806 0.000002 0.000000 -1.130973 0.010472
    39 -1.191442 -1.688595 -0.164424 0.000000 -0.235619 -1.685988
    40 1.688477 -0.013489 -0.000001 0.000000 -0.753982 0.005229
    41 1.072266 0.022141 -0.000002 0.000000 -1.371829 -0.010472
    42 0.000000 -2.077746 1.567595 0.000983 0.001114 0.000156
    43 -0.000001 -3.707031 1.591797 0.000000 0.000000 0.000000
    44 0.000001 -1.273097 2.092734 0.000000 0.000000 0.000000
    45 0.000000 -1.329787 2.134425 0.000000 0.000000 0.000000
    46 0.000000 -2.111626 1.567596 0.015256 -0.012356 -0.002253
    47 0.000002 -3.744141 1.536133 0.000000 0.000000 0.000000
    48 0.500002 9.999993 0.000002 -1.570796 0.000000 -1.570796
    49 0.500002 9.999993 0.000002 -1.570796 0.000000 -1.570796
    50 0.000000 0.000005 0.000001 -1.570796 0.000000 -1.570796
    51 0.000001 0.000003 -0.500010 -1.570796 0.000000 -1.570796
    52 -0.000001 0.000000 -0.000002 -1.570796 0.000000 0.000000
    53 0.000000 0.000000 0.000000 -1.570797 0.000000 0.000000
    54 0.000001 0.000000 0.000000 -1.570796 0.000000 0.000000
    55 0.000000 0.000000 0.000002 -1.570796 0.000000 0.000000
    56 -0.000003 0.000000 0.000001 -1.570796 0.000000 0.000000
    57 0.000000 0.000000 0.000000 -1.570796 0.000000 0.000000
    58 0.000000 0.000000 -0.000002 -1.570796 0.000000 0.000000
    59 0.000000 0.000000 0.000001 -1.570796 0.000000 0.000000
    60 -0.000003 0.000000 0.000000 -1.570796 0.000000 0.000000
    61 -0.000001 0.000000 0.000000 -1.570796 0.000000 0.000000
    62 0.000000 0.000000 0.000000 -1.570796 0.000001 0.000000
    63 0.000000 0.000000 0.000000 -1.570796 0.000001 0.000000
    64 0.000000 0.000000 0.000001 3.141593 0.000000 0.000000
    65 0.000000 0.000000 0.000000 3.141593 0.000000 0.000000
    66 0.000001 -0.000001 0.000002 3.141592 0.000000 0.000000
    67 0.000000 10.000002 -0.000005 -1.570796 0.000000 -1.570796
    68 0.000000 10.000002 -0.000005 -1.570796 0.000000 -1.570796
    69 0.000000 0.000005 -0.000003 -1.570796 0.000000 -1.570796
    70 -0.000002 0.000006 -0.500010 -1.570796 0.000000 -1.570796
    71 -0.000004 0.000000 -0.000002 -1.570796 0.000000 0.000000
    72 0.000000 0.000000 0.000000 -1.570796 0.000000 0.000000
    73 0.000000 0.000000 0.000000 -1.570796 0.000000 0.000000
    74 -0.000002 0.000000 0.000000 -1.570796 0.000000 0.000000
    75 0.000002 0.000000 0.000000 -1.570796 0.000000 0.000000
    76 0.000006 0.000000 0.000000 -1.570796 0.000000 0.000000
    77 0.000001 0.000000 0.000000 -1.570796 0.000000 0.000000
    78 0.000000 0.000000 0.000000 -1.570796 0.000000 0.000000
    79 0.000003 0.000000 0.000000 -1.570796 0.000000 0.000000
    80 0.000000 0.000000 0.000000 -1.570796 0.000000 0.000000
    81 0.000002 0.000000 -0.000001 -1.570796 0.000000 0.000000
    82 0.000000 0.000000 0.000000 -1.570796 0.000000 0.000000
    83 0.000000 0.000000 -0.000003 0.000000 0.000000 0.000000
    84 0.000000 0.000000 0.000000 0.000000 0.000000 0.000000
    85 0.000000 0.000001 -0.000001 0.000000 0.000000 0.000000
  time 11
    0 -11.185379 -0.333594 -7.319395 -1.690661 0.907512 -1.339950
    1 0.026867 -11.331078 -0.000002 -0.457151 -0.034262 0.499894
    2 0.000000 -0.570313 0.000000 0.000000 0.000000 0.000000
    3 -0.523475 0.280191 0.586913 0.233410 -0.855954 -2.758580
    4 2.268907 -0.120318 -0.000001 0.000000 0.000000 0.146293
    5 1.069446 0.056463 0.000000 0.000000 0.000000 0.848230
    6 -1.355754 -2.282777 -0.142105 0.000000 -0.083700 -1.638864
    7 1.730202 -0.000584 0.000001 0.000000 0.031258 0.005236
    8 1.199319 -0.010942 0.000001 0.000000 -0.089132 0.000000
    9 -0.434435 -2.478479 -0.142105 -0.270990 1.281886 -1.718088
    10 1.925233 0.004627 0.000003 -0.000192 0.073890 -6.282898
    11 1.413089 0.008475 0.000000 0.000000 -0.093951 0.020944
    12 0.376671 -2.160851 -0.149917 -0.110946 1.046048 -1.544905
    13 1.952478 0.053687 0.000000 -0.000001 0.059882 -0.010473
    14 1.361971 0.003407 0.000000 0.000001 0.141650 0.005236
    15 1.194772 -1.655615 -0.146012 0.000000 0.848510 -1.445133
    16 1.674395 0.018204 -0.000001 0.000000 -0.096091 -0.005236
    17 1.089296 -0.001050 -0.000001 0.000000 0.197319 0.000000
    18 11.277419 0.834545 -6.860918 -2.064542 -1.204054 1.717170
    19 -0.295538 -11.160193 0.000002 0.089601 0.085633 -0.657557
    20 0.024169 -6.239638 -1.286132 0.073296 -0.528387 -1.506658
    21 0.000000 2.791016 0.898926 0.000000 0.000000 0.000000
    22 0.000000 -0.088013 2.902344 0.000000 0.000000 0.000000
    23 -0.483153 -4.492466 0.847817 0.504004 1.515378 0.579260
    24 -0.000002 2.900391 1.067383 0.000000 0.000000 0.000000
    25 0.000000 0.272305 2.901285 0.000000 0.000000 0.000000
    26 -0.021851 -0.545410 0.000000 0.000000 0.000000 0.000000
    27 0.581406 0.235277 0.582201 0.555864 -0.512015 -1.115560
    28 2.306785 0.010602 0.000001 0.000000 0.000000 -0.184387
    29 1.234327 -0.010016 -0.000001 0.000000 0.000000 -0.465864
    30 1.419017 -2.328439 -0.168330 0.000000 -0.052360 -1.523672
    31 1.705078 0.018570 -0.000002 0.000000 -0.376991 -0.005236
    32 1.169922 -0.007072 0.000002 0.000000 -0.612611 0.010472
    33 0.511230 -2.587891 -0.171265 0.068179 -0.280440 -1.750247
    34 1.836914 0.009186 0.000000 -3.141591 -1.523670 -3.131118
    35 1.439453 0.012917 -0.000002 0.000000 -1.099558 0.005236
    36 -0.359256 -2.257814 -0.168329 0.017968 -0.224442 -1.724665
    37 1.887695 -0.005322 0.000004 0.000002 -1.544617 0.036656
    38 1.369174 -0.010806 0.000002 0.000000 -1.130973 0.010472
    39 -1.191442 -1.688595 -0.168331 0.000000 -0.235619 -1.685988
    40 1.688477 -0.013489 -0.000001 0.000000 -0.753982 0.005229
    41 1.072266 0.022141 -0.000002 0.000000 -1.371829 -0.010472
    42 0.000000 -2.077746 1.563689 0.001354 0.001606 0.000216
    43 -0.000001 -3.707031 1.591797 0.000000 0.000000 0.000000
    44 0.000001 -1.273097 2.088827 0.000000 0.000000 0.000000
    45 0.000000 -1.329787 2.134425 0.000000 0.000000 0.000000
    46 0.000000 -2.111626 1.567596 0.016742 -0.013603 -0.002541
    47 0.000002 -3.744141 1.536133 0.000000 0.000000 0.000000
    48 0.500002 9.999993 0.000002 -1.570796 0.000000 -1.570796
    49 0.500002 9.999993 0.000002 -1.570796 0.000000 -1.570796
    50 0.000000 0.000005 0.000001 -1.570796 0.000000 -1.570796
    51 0.000001 0.000003 -0.500010 -1.570796 0.000000 -1.570796
    52 -0.000001 0.000000 -0.000002 -1.570796 0.000000 0.000000
    53 0.000000 0.000000 0.000000 -1.570797 0.000000 0.000000
    54 0.000001 0.000000 0.000000 -1.570796 0.000000 0.000000
    55 0.000000 0.000000 0.000002 -1.570796 0.000000 0.000000
    56 -0.000003 0.000000 0.000001 -1.570796 0.000000 0.000000
    57 0.000000 0.000000 0.000000 -1.570796 0.000000 0.000000
    58 0.000000 0.000000 -0.000002 -1.570796 0.000000 0.000000
    59 0.000000 0.000000 0.000001 -1.570796 0.000000 0.000000
    60 -0.000003 0.000000 0.000000 -1.570796 0.000000 0.000000
    61 -0.000001 0.000000 0.000000 -1.570796 0.000000 0.000000
    62 0.000000 0.000000 0.000000 -1.570796 0.000001 0.000000
    63 0.000000 0.000000 0.000000 -1.570796 0.000001 0.000000
    64 0.000000 0.000000 0.000001 3.141593 0.000000 0.000000
    65 0.000000 0.000000 0.000000 3.141593 0.000000 0.000000
    66 0.000001 -0.000001 0.000002 3.141592 0.000000 0.000000
    67 0.000000 10.000002 -0.000005 -1.570796 0.000000 -1.570796
    68 0.000000 10.000002 -0.000005 -1.570796 0.000000 -1.570796
    69 0.000000 0.000005 -0.000003 -1.570796 0.000000 -1.570796
    70 -0.000002 0.000006 -0.500010 -1.570796 0.000000 -1.570796
    71 -0.000004 0.000000 -0.000002 -1.570796 0.000000 0.000000
    72 0.000000 0.000000 0.000000 -1.570796 0.000000 0.000000
    73 0.000000 0.000000 0.000000 -1.570796 0.000000 0.000000
    74 -0.000002 0.000000 0.000000 -1.570796 0.000000 0.000000
    75 0.000002 0.000000 0.000000 -1.570796 0.000000 0.000000
    76 0.000006 0.000000 0.000000 -1.570796 0.000000 0.000000
    77 0.000001 0.000000 0.000000 -1.570796 0.000000 0.000000
    78 0.000000 0.000000 0.000000 -1.570796 0.000000 0.000000
    79 0.000003 0.000000 0.000000 -1.570796 0.000000 0.000000
    80 0.000000 0.000000 0.000000 -1.570796 0.000000 0.000000
    81 0.000002 0.000000 -0.000001 -1.570796 0.000000 0.000000
    82 0.000000 0.000000 0.000000 -1.570796 0.000000 0.000000
    83 0.000000 0.000000 -0.000003 0.000000 0.000000 0.000000
    84 0.000000 0.000000 0.000000 0.000000 0.000000 0.000000
    85 0.000000 0.000001 -0.000001 0.000000 0.000000 0.000000
  time 12
    0 -10.786929 0.353927 -6.858443 -1.619038 0.895959 -1.287360
    1 0.026867 -11.331078 -0.000002 -0.469809 -0.112708 0.316967
    2 0.000000 -0.570313 0.000000 0.000000 0.000000 0.000000
    3 -0.523475 0.288004 0.590819 0.237817 -0.850174 -2.761339
    4 2.272813 -0.124224 -0.000001 0.000000 0.000000 0.139171
    5 1.069446 0.056463 0.000000 0.000000 0.000000 0.848230
    6 -1.351848 -2.286684 -0.142105 0.000000 -0.083700 -1.638864
    7 1.730202 -0.000584 0.000001 0.000000 0.031227 0.005236
    8 1.195413 -0.010942 0.000001 0.000000 -0.089243 0.000000
    9 -0.426622 -2.478479 -0.142105 -0.315441 1.322345 -1.764152
    10 1.921327 0.004627 0.000003 -0.000192 0.072784 -6.282898
    11 1.416995 0.008475 0.000000 0.000000 -0.086950 0.020944
    12 0.376671 -2.160851 -0.146011 -0.117454 1.077615 -1.552407
    13 1.952478 0.053687 0.000000 -0.000001 0.056024 -0.010473
    14 1.365878 0.003407 0.000000 0.000001 0.148737 0.005236
    15 1.194772 -1.659521 -0.142105 0.000000 0.876368 -1.445133
    16 1.670489 0.018204 -0.000001 0.000000 -0.080765 -0.005236
    17 1.089296 -0.001050 -0.000001 0.000000 0.201991 0.000000
    18 11.410236 0.916579 -6.732008 -1.836190 -1.177999 1.500517
    19 -0.291631 -11.156286 0.000002 0.054994 0.044819 -0.736603
    20 -0.081303 -6.130260 -1.567390 -0.133024 -0.528356 -1.506658
    21 0.000000 2.791016 0.898926 0.000000 0.000000 0.000000
    22 0.000000 -0.088013 2.902344 0.000000 0.000000 0.000000
    23 -0.487059 -4.484653 0.847817 0.522214 1.514743 0.596946
    24 -0.000002 2.900391 1.067383 0.000000 0.000000 0.000000
    25 0.000000 0.276211 2.901285 0.000000 0.000000 0.000000
    26 -0.021851 -0.545410 0.000000 0.000000 0.000000 0.000000
    27 0.581406 0.235277 0.578294 0.595280 -0.507547 -1.134316
    28 2.306785 0.010602 0.000001 0.000000 0.000000 -0.162224
    29 1.238233 -0.010016 -0.000001 0.000000 0.000000 -0.447356
    30 1.419017 -2.324533 -0.168330 0.000000 -0.052360 -1.523672
    31 1.705078 0.018570 -0.000002 0.000000 -0.376991 -0.005236
    32 1.169922 -0.007072 0.000002 0.000000 -0.612611 0.010472
    33 0.511230 -2.587891 -0.171265 0.068179 -0.280440 -1.750247
    34 1.836914 0.009186 0.000000 -3.141591 -1.523670 -3.131118
    35 1.439453 0.012917 -0.000002 0.000000 -1.099558 0.005236
    36 -0.359256 -2.257814 -0.168329 0.017968 -0.224442 -1.724665
    37 1.887695 -0.005322 0.000004 0.000002 -1.544617 0.036656
    38 1.365267 -0.010806 0.000002 0.000000 -1.130973 0.010472
    39 -1.191442 -1.692502 -0.164424 0.000000 -0.235619 -1.685988
    40 1.688477 -0.013489 -0.000001 0.000000 -0.753982 0.005229
    41 1.072266 0.022141 -0.000002 0.000000 -1.371829 -0.010472
    42 0.000000 -2.077746 1.571501 0.001905 0.002109 0.000300
    43 -0.000001 -3.707031 1.591797 0.000000 0.000000 0.000000
    44 0.000001 -1.273097 2.092734 0.000000 0.000000 0.000000
    45 0.000000 -1.329787 2.134425 0.000000 0.000000 0.000000
    46 0.000000 -2.111626 1.567596 0.017713 -0.014382 -0.002696
    47 0.000002 -3.744141 1.536133 0.000000 0.000000 0.000000
    48 0.500002 9.999993 0.000002 -1.570796 0.000000 -1.570796
    49 0.500002 9.999993 0.000002 -1.570796 0.000000 -1.570796
    50 0.000000 0.000005 0.000001 -1.570796 0.000000 -1.570796
    51 0.000001 0.000003 -0.500010 -1.570796 0.000000 -1.570796
    52 -0.000001 0.000000 -0.000002 -1.570796 0.000000 0.000000
    53 0.000000 0.000000 0.000000 -1.570797 0.000000 0.000000
    54 0.000001 0.000000 0.000000 -1.570796 0.000000 0.000000
    55 0.000000 0.000000 0.000002 -1.570796 0.000000 0.000000
    56 -0.000003 0.000000 0.000001 -1.570796 0.000000 0.000000
    57 0.000000 0.000000 0.000000 -1.570796 0.000000 0.000000
    58 0.000000 0.000000 -0.000002 -1.570796 0.000000 0.000000
    59 0.000000 0.000000 0.000001 -1.570796 0.000000 0.000000
    60 -0.000003 0.000000 0.000000 -1.570796 0.000000 0.000000
    61 -0.000001 0.000000 0.000000 -1.570796 0.000000 0.000000
    62 0.000000 0.000000 0.000000 -1.570796 0.000001 0.000000
    63 0.000000 0.000000 0.000000 -1.570796 0.000001 0.000000
    64 0.000000 0.000000 0.000001 3.141593 0.000000 0.000000
    65 0.000000 0.000000 0.000000 3.141593 0.000000 0.000000
    66 0.000001 -0.000001 0.000002 3.141592 0.000000 0.000000
    67 0.000000 10.000002 -0.000005 -1.570796 0.000000 -1.570796
    68 0.000000 10.000002 -0.000005 -1.570796 0.000000 -1.570796
    69 0.000000 0.000005 -0.000003 -1.570796 0.000000 -1.570796
    70 -0.000002 0.000006 -0.500010 -1.570796 0.000000 -1.570796
    71 -0.000004 0.000000 -0.000002 -1.570796 0.000000 0.000000
    72 0.000000 0.000000 0.000000 -1.570796 0.000000 0.000000
    73 0.000000 0.000000 0.000000 -1.570796 0.000000 0.000000
    74 -0.000002 0.000000 0.000000 -1.570796 0.000000 0.000000
    75 0.000002 0.000000 0.000000 -1.570796 0.000000 0.000000
    76 0.000006 0.000000 0.000000 -1.570796 0.000000 0.000000
    77 0.000001 0.000000 0.000000 -1.570796 0.000000 0.000000
    78 0.000000 0.000000 0.000000 -1.570796 0.000000 0.000000
    79 0.000003 0.000000 0.000000 -1.570796 0.000000 0.000000
    80 0.000000 0.000000 0.000000 -1.570796 0.000000 0.000000
    81 0.000002 0.000000 -0.000001 -1.570796 0.000000 0.000000
    82 0.000000 0.000000 0.000000 -1.570796 0.000000 0.000000
    83 0.000000 0.000000 -0.000003 0.000000 0.000000 0.000000
    84 0.000000 0.000000 0.000000 0.000000 0.000000 0.000000
    85 0.000000 0.000001 -0.000001 0.000000 0.000000 0.000000
  time 13
    0 -10.482232 0.947695 -6.534215 -1.605049 0.910244 -1.279984
    1 0.026867 -11.331078 -0.000002 -0.448819 -0.204187 0.123867
    2 0.000000 -0.570313 0.000000 0.000000 0.000000 0.000000
    3 -0.519569 0.280191 0.590819 0.238726 -0.843012 -2.759762
    4 2.276719 -0.120318 -0.000001 0.000000 0.000000 0.132015
    5 1.069446 0.056463 0.000000 0.000000 0.000000 0.848230
    6 -1.355754 -2.274965 -0.142105 0.000000 -0.083700 -1.638864
    7 1.730202 -0.000584 0.000001 0.000000 0.031086 0.005236
    8 1.199319 -0.010942 0.000001 0.000000 -0.089354 0.000000
    9 -0.430529 -2.478479 -0.138199 -0.361162 1.353281 -1.811186
    10 1.929139 0.004627 0.000003 -0.000192 0.059619 -6.282898
    11 1.413089 0.008475 0.000000 0.000000 -0.087166 0.020944
    12 0.384484 -2.160851 -0.149917 -0.122943 1.101500 -1.558639
    13 1.956384 0.053687 0.000000 -0.000001 0.041309 -0.010473
    14 1.365878 0.003407 0.000000 0.000001 0.146101 0.005236
    15 1.194772 -1.655615 -0.138199 0.000000 0.897026 -1.445133
    16 1.670489 0.018204 -0.000001 0.000000 -0.068504 -0.005236
    17 1.089296 -0.001050 -0.000001 0.000000 0.195226 0.000000
    18 11.433674 0.932204 -6.743727 -1.662508 -1.140055 1.335359
    19 -0.295538 -11.156286 0.000002 0.052116 0.065660 -0.711382
    20 -0.839139 -6.583399 -1.907244 -0.411921 -0.528387 -1.506658
    21 0.000000 2.791016 0.898926 0.000000 0.000000 0.000000
    22 0.000000 -0.088013 2.902344 0.000000 0.000000 0.000000
    23 -0.490966 -4.488559 0.840004 0.541685 1.513999 0.615799
    24 -0.000002 2.900391 1.067383 0.000000 0.000000 0.000000
    25 0.000000 0.272305 2.901285 0.000000 0.000000 0.000000
    26 -0.021851 -0.545410 0.000000 0.000000 0.000000 0.000000
    27 0.581406 0.239183 0.582201 0.643800 -0.499961 -1.159054
    28 2.306785 0.010602 0.000001 0.000000 0.000000 -0.138446
    29 1.234327 -0.010016 -0.000001 0.000000 0.000000 -0.432378
    30 1.419017 -2.324533 -0.168330 0.000000 -0.052360 -1.523672
    31 1.705078 0.018570 -0.000002 0.000000 -0.376991 -0.005236
    32 1.169922 -0.007072 0.000002 0.000000 -0.612611 0.010472
    33 0.511230 -2.587891 -0.171265 0.068179 -0.280440 -1.750247
    34 1.836914 0.009186 0.000000 -3.141591 -1.523670 -3.131118
    35 1.439453 0.012917 -0.000002 0.000000 -1.099558 0.005236
    36 -0.359256 -2.257814 -0.168329 0.017968 -0.224442 -1.724665
    37 1.887695 -0.005322 0.000004 0.000002 -1.544617 0.036656
    38 1.369174 -0.010806 0.000002 0.000000 -1.130973 0.010472
    39 -1.191442 -1.688595 -0.168331 0.000000 -0.235619 -1.685988
    40 1.688477 -0.013489 -0.000001 0.000000 -0.753982 0.005229
    41 1.072266 0.022141 -0.000002 0.000000 -1.371829 -0.010472
    42 0.000000 -2.069933 1.571501 0.002493 0.002756 0.000347
    43 -0.000001 -3.707031 1.591797 0.000000 0.000000 0.000000
    44 0.000001 -1.273097 2.092734 0.000000 0.000000 0.000000
    45 0.000000 -1.329787 2.134425 0.000000 0.000000 0.000000
    46 0.000000 -2.111626 1.567596 0.018109 -0.014609 -0.002720
    47 0.000002 -3.744141 1.536133 0.000000 0.000000 0.000000
    48 0.500002 9.999993 0.000002 -1.570796 0.000000 -1.570796
    49 0.500002 9.999993 0.000002 -1.570796 0.000000 -1.570796
    50 0.000000 0.000005 0.000001 -1.570796 0.000000 -1.570796
    51 0.000001 0.000003 -0.500010 -1.570796 0.000000 -1.570796
    52 -0.000001 0.000000 -0.000002 -1.570796 0.000000 0.000000
    53 0.000000 0.000000 0.000000 -1.570797 0.000000 0.000000
    54 0.000001 0.000000 0.000000 -1.570796 0.000000 0.000000
    55 0.000000 0.000000 0.000002 -1.570796 0.000000 0.000000
    56 -0.000003 0.000000 0.000001 -1.570796 0.000000 0.000000
    57 0.000000 0.000000 0.000000 -1.570796 0.000000 0.000000
    58 0.000000 0.000000 -0.000002 -1.570796 0.000000 0.000000
    59 0.000000 0.000000 0.000001 -1.570796 0.000000 0.000000
    60 -0.000003 0.000000 0.000000 -1.570796 0.000000 0.000000
    61 -0.000001 0.000000 0.000000 -1.570796 0.000000 0.000000
    62 0.000000 0.000000 0.000000 -1.570796 0.000001 0.000000
    63 0.000000 0.000000 0.000000 -1.570796 0.000001 0.000000
    64 0.000000 0.000000 0.000001 3.141593 0.000000 0.000000
    65 0.000000 0.000000 0.000000 3.141593 0.000000 0.000000
    66 0.000001 -0.000001 0.000002 3.141592 0.000000 0.000000
    67 0.000000 10.000002 -0.000005 -1.570796 0.000000 -1.570796
    68 0.000000 10.000002 -0.000005 -1.570796 0.000000 -1.570796
    69 0.000000 0.000005 -0.000003 -1.570796 0.000000 -1.570796
    70 -0.000002 0.000006 -0.500010 -1.570796 0.000000 -1.570796
    71 -0.000004 0.000000 -0.000002 -1.570796 0.000000 0.000000
    72 0.000000 0.000000 0.000000 -1.570796 0.000000 0.000000
    73 0.000000 0.000000 0.000000 -1.570796 0.000000 0.000000
    74 -0.000002 0.000000 0.000000 -1.570796 0.000000 0.000000
    75 0.000002 0.000000 0.000000 -1.570796 0.000000 0.000000
    76 0.000006 0.000000 0.000000 -1.570796 0.000000 0.000000
    77 0.000001 0.000000 0.000000 -1.570796 0.000000 0.000000
    78 0.000000 0.000000 0.000000 -1.570796 0.000000 0.000000
    79 0.000003 0.000000 0.000000 -1.570796 0.000000 0.000000
    80 0.000000 0.000000 0.000000 -1.570796 0.000000 0.000000
    81 0.000002 0.000000 -0.000001 -1.570796 0.000000 0.000000
    82 0.000000 0.000000 0.000000 -1.570796 0.000000 0.000000
    83 0.000000 0.000000 -0.000003 0.000000 0.000000 0.000000
    84 0.000000 0.000000 0.000000 0.000000 0.000000 0.000000
    85 0.000000 0.000001 -0.000001 0.000000 0.000000 0.000000
  time 14
    0 -10.298633 1.475055 -6.409211 -1.576832 0.948889 -1.270213
    1 0.026867 -11.331078 -0.000002 -0.395777 -0.290734 -0.070472
    2 0.000000 -0.570313 0.000000 0.000000 0.000000 0.000000
    3 -0.527382 0.288004 0.594726 0.236583 -0.834483 -2.754211
    4 2.276719 -0.120318 -0.000001 0.000000 0.000000 0.125229
    5 1.069446 0.056463 0.000000 0.000000 0.000000 0.848230
    6 -1.355754 -2.278871 -0.142105 0.000000 -0.083700 -1.638864
    7 1.730202 -0.000584 0.000001 0.000000 0.030977 0.005236
    8 1.199319 -0.010942 0.000001 0.000000 -0.089548 0.000000
    9 -0.422716 -2.478479 -0.142105 -0.402209 1.374644 -1.853077
    10 1.925233 0.004627 0.000003 -6.283088 0.035834 -6.282802
    11 1.416995 0.008475 0.000000 0.000000 -0.093907 0.020944
    12 0.376671 -2.160851 -0.142104 -0.127053 1.117823 -1.563217
    13 1.952478 0.057593 0.000000 -0.000001 0.016453 -0.010473
    14 1.365878 0.003407 0.000000 0.000001 0.134865 0.005236
    15 1.194772 -1.655615 -0.138199 0.000000 0.910738 -1.445133
    16 1.670489 0.018204 -0.000001 0.000000 -0.059445 -0.005236
    17 1.081483 -0.001050 -0.000001 0.000000 0.178289 0.000000
    18 11.378985 0.916579 -6.849199 -1.546782 -1.100268 1.225722
    19 -0.295538 -11.160193 0.000002 0.089062 0.158850 -0.563768
    20 -1.854795 -6.931066 -1.930683 -0.836450 -0.528387 -1.506658
    21 0.000000 2.791016 0.898926 0.000000 0.000000 0.000000
    22 0.000000 -0.088013 2.902344 0.000000 0.000000 0.000000
    23 -0.490966 -4.492466 0.836098 0.561967 1.513220 0.635709
    24 -0.000002 2.900391 1.067383 0.000000 0.000000 0.000000
    25 0.000000 0.272305 2.901285 0.000000 0.000000 0.000000
    26 -0.021851 -0.545410 0.000000 0.000000 0.000000 0.000000
    27 0.581406 0.235277 0.582201 0.701809 -0.477629 -1.202548
    28 2.306785 0.010602 0.000001 0.000000 0.000000 -0.143664
    29 1.238233 -0.010016 -0.000001 0.000000 0.000000 -0.488638
    30 1.419017 -2.328439 -0.168330 0.000000 -0.052360 -1.523672
    31 1.705078 0.018570 -0.000002 0.000000 -0.376991 -0.005236
    32 1.169922 -0.007072 0.000002 0.000000 -0.612611 0.010472
    33 0.511230 -2.587891 -0.171265 0.068179 -0.280440 -1.750247
    34 1.836914 0.009186 0.000000 -3.141591 -1.523670 -3.131118
    35 1.439453 0.012917 -0.000002 0.000000 -1.099558 0.005236
    36 -0.359256 -2.261720 -0.168329 0.017968 -0.224442 -1.724665
    37 1.887695 -0.005322 0.000004 0.000002 -1.544617 0.036656
    38 1.365267 -0.010806 0.000002 0.000000 -1.130973 0.010472
    39 -1.191442 -1.688595 -0.164424 0.000000 -0.235619 -1.685988
    40 1.688477 -0.013489 -0.000001 0.000000 -0.753982 0.005229
    41 1.072266 0.022141 -0.000002 0.000000 -1.371829 -0.010472
    42 0.000000 -2.069933 1.567595 0.003116 0.003487 0.000431
    43 -0.000001 -3.707031 1.591797 0.000000 0.000000 0.000000
    44 0.000001 -1.273097 2.088827 0.000000 0.000000 0.000000
    45 0.000000 -1.329787 2.134425 0.000000 0.000000 0.000000
    46 0.000000 -2.107720 1.567596 0.017641 -0.014346 -0.002684
    47 0.000002 -3.744141 1.536133 0.000000 0.000000 0.000000
    48 0.500002 9.999993 0.000002 -1.570796 0.000000 -1.570796
    49 0.500002 9.999993 0.000002 -1.570796 0.000000 -1.570796
    50 0.000000 0.000005 0.000001 -1.570796 0.000000 -1.570796
    51 0.000001 0.000003 -0.500010 -1.570796 0.000000 -1.570796
    52 -0.000001 0.000000 -0.000002 -1.570796 0.000000 0.000000
    53 0.000000 0.000000 0.000000 -1.570797 0.000000 0.000000
    54 0.000001 0.000000 0.000000 -1.570796 0.000000 0.000000
    55 0.000000 0.000000 0.000002 -1.570796 0.000000 0.000000
    56 -0.000003 0.000000 0.000001 -1.570796 0.000000 0.000000
    57 0.000000 0.000000 0.000000 -1.570796 0.000000 0.000000
    58 0.000000 0.000000 -0.000002 -1.570796 0.000000 0.000000
    59 0.000000 0.000000 0.000001 -1.570796 0.000000 0.000000
    60 -0.000003 0.000000 0.000000 -1.570796 0.000000 0.000000
    61 -0.000001 0.000000 0.000000 -1.570796 0.000000 0.000000
    62 0.000000 0.000000 0.000000 -1.570796 0.000001 0.000000
    63 0.000000 0.000000 0.000000 -1.570796 0.000001 0.000000
    64 0.000000 0.000000 0.000001 3.141593 0.000000 0.000000
    65 0.000000 0.000000 0.000000 3.141593 0.000000 0.000000
    66 0.000001 -0.000001 0.000002 3.141592 0.000000 0.000000
    67 0.000000 10.000002 -0.000005 -1.570796 0.000000 -1.570796
    68 0.000000 10.000002 -0.000005 -1.570796 0.000000 -1.570796
    69 0.000000 0.000005 -0.000003 -1.570796 0.000000 -1.570796
    70 -0.000002 0.000006 -0.500010 -1.570796 0.000000 -1.570796
    71 -0.000004 0.000000 -0.000002 -1.570796 0.000000 0.000000
    72 0.000000 0.000000 0.000000 -1.570796 0.000000 0.000000
    73 0.000000 0.000000 0.000000 -1.570796 0.000000 0.000000
    74 -0.000002 0.000000 0.000000 -1.570796 0.000000 0.000000
    75 0.000002 0.000000 0.000000 -1.570796 0.000000 0.000000
    76 0.000006 0.000000 0.000000 -1.570796 0.000000 0.000000
    77 0.000001 0.000000 0.000000 -1.570796 0.000000 0.000000
    78 0.000000 0.000000 0.000000 -1.570796 0.000000 0.000000
    79 0.000003 0.000000 0.000000 -1.570796 0.000000 0.000000
    80 0.000000 0.000000 0.000000 -1.570796 0.000000 0.000000
    81 0.000002 0.000000 -0.000001 -1.570796 0.000000 0.000000
    82 0.000000 0.000000 0.000000 -1.570796 0.000000 0.000000
    83 0.000000 0.000000 -0.000003 0.000000 0.000000 0.000000
    84 0.000000 0.000000 0.000000 0.000000 0.000000 0.000000
    85 0.000000 0.000001 -0.000001 0.000000 0.000000 0.000000
  time 15
    0 -10.189255 2.049291 -6.413117 -1.558046 0.994206 -1.273470
    1 0.026867 -11.331078 -0.000002 -0.320752 -0.357718 -0.252948
    2 0.000000 -0.570313 0.000000 0.000000 0.000000 0.000000
    3 -0.527382 0.288004 0.594726 0.231782 -0.824780 -2.745277
    4 2.280626 -0.120318 -0.000001 0.000000 0.000000 0.118678
    5 1.069446 0.056463 0.000000 0.000000 0.000000 0.848230
    6 -1.355754 -2.286684 -0.142105 0.000000 -0.083615 -1.638864
    7 1.730202 -0.000584 0.000001 0.000000 0.030726 0.005236
    8 1.203226 -0.010942 0.000001 0.000000 -0.089770 0.000000
    9 -0.434435 -2.478479 -0.142105 -0.430817 1.387089 -1.882146
    10 1.929139 0.004627 0.000003 -0.000192 0.002203 -6.282802
    11 1.413089 0.008475 0.000000 0.000000 -0.106267 0.020944
    12 0.376671 -2.160851 -0.149917 -0.129426 1.126865 -1.565830
    13 1.956384 0.057593 0.000000 -0.000001 -0.017276 -0.010473
    14 1.361971 0.003407 0.000000 0.000001 0.116023 0.005236
    15 1.194772 -1.655615 -0.146012 0.000000 0.917793 -1.445133
    16 1.674395 0.018204 -0.000001 0.000000 -0.053643 -0.005236
    17 1.089296 -0.001050 -0.000001 0.000000 0.152494 0.000000
    18 11.285232 0.865796 -7.013267 -1.536919 -1.096112 1.210929
    19 -0.295538 -11.160193 0.000002 0.155579 0.253330 -0.368716
    20 -3.085301 -6.442769 -1.141596 -1.479092 -0.528387 -1.506658
    21 0.000000 2.791016 0.898926 0.000000 0.000000 0.000000
    22 0.000000 -0.088013 2.902344 0.000000 0.000000 0.000000
    23 -0.490966 -4.488559 0.843910 0.583151 1.512334 0.656287
    24 -0.000002 2.900391 1.067383 0.000000 0.000000 0.000000
    25 0.000000 0.272305 2.901285 0.000000 0.000000 0.000000
    26 -0.021851 -0.545410 0.000000 0.000000 0.000000 0.000000
    27 0.581406 0.239183 0.586107 0.770214 -0.433622 -1.268796
    28 2.306785 0.010602 0.000001 0.000000 0.000000 -0.186919
    29 1.234327 -0.010016 -0.000001 0.000000 0.000000 -0.639125
    30 1.419017 -2.324533 -0.168330 0.000000 -0.052360 -1.523672
    31 1.705078 0.018570 -0.000002 0.000000 -0.376991 -0.005236
    32 1.169922 -0.007072 0.000002 0.000000 -0.612611 0.010472
    33 0.511230 -2.587891 -0.171265 0.068179 -0.280440 -1.750247
    34 1.836914 0.009186 0.000000 -3.141591 -1.523670 -3.131118
    35 1.439453 0.012917 -0.000002 0.000000 -1.099558 0.005236
    36 -0.359256 -2.261720 -0.168329 0.017968 -0.224442 -1.724665
    37 1.887695 -0.005322 0.000004 0.000002 -1.544617 0.036656
    38 1.369174 -0.010806 0.000002 0.000000 -1.130973 0.010472
    39 -1.191442 -1.688595 -0.168331 0.000000 -0.235619 -1.685988
    40 1.688477 -0.013489 -0.000001 0.000000 -0.753982 0.005229
    41 1.072266 0.022141 -0.000002 0.000000 -1.371829 -0.010472
    42 0.000000 -2.069933 1.563689 0.003763 0.004278 0.000551
    43 -0.000001 -3.707031 1.591797 0.000000 0.000000 0.000000
    44 0.000001 -1.269191 2.088827 0.000000 0.000000 0.000000
    45 0.000000 -1.329787 2.134425 0.000000 0.000000 0.000000
    46 0.000000 -2.107720 1.567596 0.016419 -0.013279 -0.002481
    47 0.000002 -3.744141 1.536133 0.000000 0.000000 0.000000
    48 0.500002 9.999993 0.000002 -1.570796 0.000000 -1.570796
    49 0.500002 9.999993 0.000002 -1.570796 0.000000 -1.570796
    50 0.000000 0.000005 0.000001 -1.570796 0.000000 -1.570796
    51 0.000001 0.000003 -0.500010 -1.570796 0.000000 -1.570796
    52 -0.000001 0.000000 -0.000002 -1.570796 0.000000 0.000000
    53 0.000000 0.000000 0.000000 -1.570797 0.000000 0.000000
    54 0.000001 0.000000 0.000000 -1.570796 0.000000 0.000000
    55 0.000000 0.000000 0.000002 -1.570796 0.000000 0.000000
    56 -0.000003 0.000000 0.000001 -1.570796 0.000000 0.000000
    57 0.000000 0.000000 0.000000 -1.570796 0.000000 0.000000
    58 0.000000 0.000000 -0.000002 -1.570796 0.000000 0.000000
    59 0.000000 0.000000 0.000001 -1.570796 0.000000 0.000000
    60 -0.000003 0.000000 0.000000 -1.570796 0.000000 0.000000
    61 -0.000001 0.000000 0.000000 -1.570796 0.000000 0.000000
    62 0.000000 0.000000 0.000000 -1.570796 0.000001 0.000000
    63 0.000000 0.000000 0.000000 -1.570796 0.000001 0.000000
    64 0.000000 0.000000 0.000001 3.141593 0.000000 0.000000
    65 0.000000 0.000000 0.000000 3.141593 0.000000 0.000000
    66 0.000001 -0.000001 0.000002 3.141592 0.000000 0.000000
    67 0.000000 10.000002 -0.000005 -1.570796 0.000000 -1.570796
    68 0.000000 10.000002 -0.000005 -1.570796 0.000000 -1.570796
    69 0.000000 0.000005 -0.000003 -1.570796 0.000000 -1.570796
    70 -0.000002 0.000006 -0.500010 -1.570796 0.000000 -1.570796
    71 -0.000004 0.000000 -0.000002 -1.570796 0.000000 0.000000
    72 0.000000 0.000000 0.000000 -1.570796 0.000000 0.000000
    73 0.000000 0.000000 0.000000 -1.570796 0.000000 0.000000
    74 -0.000002 0.000000 0.000000 -1.570796 0.000000 0.000000
    75 0.000002 0.000000 0.000000 -1.570796 0.000000 0.000000
    76 0.000006 0.000000 0.000000 -1.570796 0.000000 0.000000
    77 0.000001 0.000000 0.000000 -1.570796 0.000000 0.000000
    78 0.000000 0.000000 0.000000 -1.570796 0.000000 0.000000
    79 0.000003 0.000000 0.000000 -1.570796 0.000000 0.000000
    80 0.000000 0.000000 0.000000 -1.570796 0.000000 0.000000
    81 0.000002 0.000000 -0.000001 -1.570796 0.000000 0.000000
    82 0.000000 0.000000 0.000000 -1.570796 0.000000 0.000000
    83 0.000000 0.000000 -0.000003 0.000000 0.000000 0.000000
    84 0.000000 0.000000 0.000000 0.000000 0.000000 0.000000
    85 0.000000 0.000001 -0.000001 0.000000 0.000000 0.000000
  time 16
    0 -10.118940 2.615715 -6.526402 -1.551731 1.045255 -1.289276
    1 0.026867 -11.331078 -0.000002 -0.241402 -0.397313 -0.404117
    2 0.000000 -0.570313 0.000000 0.000000 0.000000 0.000000
    3 -0.519569 0.288004 0.590819 0.224752 -0.813948 -2.733387
    4 2.276719 -0.120318 -0.000001 0.000000 0.000000 0.112429
    5 1.069446 0.056463 0.000000 0.000000 0.000000 0.848230
    6 -1.355754 -2.286684 -0.142105 0.000000 -0.083615 -1.638864
    7 1.730202 -0.000584 0.000001 0.000000 0.030444 0.005236
    8 1.203226 -0.010942 0.000001 0.000000 -0.090159 0.000000
    9 -0.422716 -2.478479 -0.142105 -0.440105 1.390817 -1.891669
    10 1.925233 0.004627 0.000003 -0.000192 -0.040223 -6.282898
    11 1.416995 0.008475 0.000000 0.000000 -0.123467 0.020944
    12 0.376671 -2.160851 -0.142104 -0.129918 1.128225 -1.566369
    13 1.956384 0.053687 0.000000 -0.000001 -0.058996 -0.010473
    14 1.369784 0.003407 0.000000 0.000001 0.090570 0.005236
    15 1.194772 -1.655615 -0.138199 0.000000 0.918444 -1.445133
    16 1.674395 0.018204 -0.000001 0.000000 -0.051125 -0.005236
    17 1.081483 -0.001050 -0.000001 0.000000 0.118766 0.000000
    18 11.183666 0.803294 -7.177334 -1.654711 -1.140344 1.309144
    19 -0.295538 -11.160193 0.000002 0.199361 0.287718 -0.230796
    20 -4.069706 -5.755248 -0.133753 -1.696150 -0.528387 -1.506658
    21 0.000000 2.791016 0.898926 0.000000 0.000000 0.000000
    22 0.000000 -0.088013 2.902344 0.000000 0.000000 0.000000
    23 -0.490966 -4.484653 0.843910 0.604875 1.511351 0.677254
    24 -0.000002 2.900391 1.067383 0.000000 0.000000 0.000000
    25 0.000000 0.272305 2.901285 0.000000 0.000000 0.000000
    26 -0.021851 -0.545410 0.000000 0.000000 0.000000 0.000000
    27 0.585312 0.239183 0.590013 0.794651 -0.409539 -1.299455
    28 2.306785 0.010602 0.000001 0.000000 0.000000 -0.219953
    29 1.238233 -0.010016 -0.000001 0.000000 0.000000 -0.733076
    30 1.419017 -2.324533 -0.168330 0.000000 -0.052360 -1.523672
    31 1.705078 0.018570 -0.000002 0.000000 -0.376991 -0.005236
    32 1.169922 -0.007072 0.000002 0.000000 -0.612611 0.010472
    33 0.511230 -2.587891 -0.171265 0.068179 -0.280440 -1.750247
    34 1.836914 0.009186 0.000000 -3.141591 -1.523670 -3.131118
    35 1.439453 0.012917 -0.000002 0.000000 -1.099558 0.005236
    36 -0.359256 -2.261720 -0.168329 0.017968 -0.224442 -1.724665
    37 1.887695 -0.005322 0.000004 0.000002 -1.544617 0.036656
    38 1.365267 -0.010806 0.000002 0.000000 -1.130973 0.010472
    39 -1.191442 -1.692502 -0.168331 0.000000 -0.235619 -1.685988
    40 1.688477 -0.013489 -0.000001 0.000000 -0.753982 0.005229
    41 1.072266 0.022141 -0.000002 0.000000 -1.371829 -0.010472
    42 0.000000 -2.069933 1.567595 0.004518 0.005129 0.000683
    43 -0.000001 -3.707031 1.591797 0.000000 0.000000 0.000000
    44 0.000001 -1.273097 2.092734 0.000000 0.000000 0.000000
    45 0.000000 -1.329787 2.134425 0.000000 0.000000 0.000000
    46 0.000000 -2.107720 1.567596 0.014118 -0.011385 -0.002061
    47 0.000002 -3.744141 1.536133 0.000000 0.000000 0.000000
    48 0.500002 9.999993 0.000002 -1.570796 0.000000 -1.570796
    49 0.500002 9.999993 0.000002 -1.570796 0.000000 -1.570796
    50 0.000000 0.000005 0.000001 -1.570796 0.000000 -1.570796
    51 0.000001 0.000003 -0.500010 -1.570796 0.000000 -1.570796
    52 -0.000001 0.000000 -0.000002 -1.570796 0.000000 0.000000
    53 0.000000 0.000000 0.000000 -1.570797 0.000000 0.000000
    54 0.000001 0.000000 0.000000 -1.570796 0.000000 0.000000
    55 0.000000 0.000000 0.000002 -1.570796 0.000000 0.000000
    56 -0.000003 0.000000 0.000001 -1.570796 0.000000 0.000000
    57 0.000000 0.000000 0.000000 -1.570796 0.000000 0.000000
    58 0.000000 0.000000 -0.000002 -1.570796 0.000000 0.000000
    59 0.000000 0.000000 0.000001 -1.570796 0.000000 0.000000
    60 -0.000003 0.000000 0.000000 -1.570796 0.000000 0.000000
    61 -0.000001 0.000000 0.000000 -1.570796 0.000000 0.000000
    62 0.000000 0.000000 0.000000 -1.570796 0.000001 0.000000
    63 0.000000 0.000000 0.000000 -1.570796 0.000001 0.000000
    64 0.000000 0.000000 0.000001 3.141593 0.000000 0.000000
    65 0.000000 0.000000 0.000000 3.141593 0.000000 0.000000
    66 0.000001 -0.000001 0.000002 3.141592 0.000000 0.000000
    67 0.000000 10.000002 -0.000005 -1.570796 0.000000 -1.570796
    68 0.000000 10.000002 -0.000005 -1.570796 0.000000 -1.570796
    69 0.000000 0.000005 -0.000003 -1.570796 0.000000 -1.570796
    70 -0.000002 0.000006 -0.500010 -1.570796 0.000000 -1.570796
    71 -0.000004 0.000000 -0.000002 -1.570796 0.000000 0.000000
    72 0.000000 0.000000 0.000000 -1.570796 0.000000 0.000000
    73 0.000000 0.000000 0.000000 -1.570796 0.000000 0.000000
    74 -0.000002 0.000000 0.000000 -1.570796 0.000000 0.000000
    75 0.000002 0.000000 0.000000 -1.570796 0.000000 0.000000
    76 0.000006 0.000000 0.000000 -1.570796 0.000000 0.000000
    77 0.000001 0.000000 0.000000 -1.570796 0.000000 0.000000
    78 0.000000 0.000000 0.000000 -1.570796 0.000000 0.000000
    79 0.000003 0.000000 0.000000 -1.570796 0.000000 0.000000
    80 0.000000 0.000000 0.000000 -1.570796 0.000000 0.000000
    81 0.000002 0.000000 -0.000001 -1.570796 0.000000 0.000000
    82 0.000000 0.000000 0.000000 -1.570796 0.000000 0.000000
    83 0.000000 0.000000 -0.000003 0.000000 0.000000 0.000000
    84 0.000000 0.000000 0.000000 0.000000 0.000000 0.000000
    85 0.000000 0.000001 -0.000001 0.000000 0.000000 0.000000
  time 17
    0 -10.072063 3.096198 -6.706095 -1.559485 1.103066 -1.318780
    1 0.026867 -11.331078 -0.000002 -0.179886 -0.409354 -0.500329
    2 0.000000 -0.570313 0.000000 0.000000 0.000000 0.000000
    3 -0.527382 0.288004 0.590819 0.215887 -0.802150 -2.719197
    4 2.276719 -0.120318 -0.000001 0.000000 0.000000 0.106483
    5 1.069446 0.056463 0.000000 0.000000 0.000000 0.848230
    6 -1.351848 -2.286684 -0.142105 0.000000 -0.083530 -1.638864
    7 1.730202 -0.000584 0.000001 0.000000 0.030021 0.005236
    8 1.203226 -0.010942 0.000001 0.000000 -0.090630 0.000000
    9 -0.430529 -2.478479 -0.142105 -0.427749 1.385779 -1.879027
    10 1.921327 0.004627 0.000003 -0.000096 -0.090061 -6.282802
    11 1.416995 0.008475 0.000000 0.000000 -0.144729 0.020944
    12 0.384484 -2.160851 -0.146011 -0.128384 1.122784 -1.564667
    13 1.952478 0.057593 0.000000 -0.000001 -0.108157 -0.010473
    14 1.365878 0.003407 0.000000 0.000001 0.059627 0.005236
    15 1.194772 -1.655615 -0.138199 0.000000 0.912547 -1.445133
    16 1.674395 0.018204 -0.000001 0.000000 -0.051946 -0.005236
    17 1.085390 -0.001050 -0.000001 0.000000 0.078224 0.000000
    18 11.105539 0.756417 -7.306244 -1.872730 -1.190394 1.506135
    19 -0.291631 -11.156286 0.000002 0.186698 0.261617 -0.214386
    20 -4.081425 -5.313829 0.592832 -2.211951 -0.528387 -1.506658
    21 0.000000 2.791016 0.898926 0.000000 0.000000 0.000000
    22 0.000000 -0.088013 2.902344 0.000000 0.000000 0.000000
    23 -0.490966 -4.492466 0.843910 0.626870 1.510284 0.698499
    24 -0.000002 2.900391 1.067383 0.000000 0.000000 0.000000
    25 0.000000 0.272305 2.901285 0.000000 0.000000 0.000000
    26 -0.021851 -0.545410 0.000000 0.000000 0.000000 0.000000
    27 0.585312 0.239183 0.582201 0.793544 -0.409655 -1.299305
    28 2.306785 0.010602 0.000001 0.000000 0.000000 -0.220994
    29 1.234327 -0.010016 -0.000001 0.000000 0.000000 -0.734457
    30 1.419017 -2.328439 -0.168330 0.000000 -0.052360 -1.523672
    31 1.705078 0.018570 -0.000002 0.000000 -0.376991 -0.005236
    32 1.169922 -0.007072 0.000002 0.000000 -0.612611 0.010472
    33 0.511230 -2.587891 -0.171265 0.068179 -0.280440 -1.750247
    34 1.836914 0.009186 0.000000 -3.141591 -1.523670 -3.131118
    35 1.439453 0.012917 -0.000002 0.000000 -1.099558 0.005236
    36 -0.359256 -2.261720 -0.168329 0.017968 -0.224442 -1.724665
    37 1.887695 -0.005322 0.000004 0.000002 -1.544617 0.036656
    38 1.369174 -0.010806 0.000002 0.000000 -1.130973 0.010472
    39 -1.191442 -1.688595 -0.164424 0.000000 -0.235619 -1.685988
    40 1.688477 -0.013489 -0.000001 0.000000 -0.753982 0.005229
    41 1.072266 0.022141 -0.000002 0.000000 -1.371829 -0.010472
    42 0.000000 -2.069933 1.563689 0.005333 0.006052 0.000863
    43 -0.000001 -3.707031 1.591797 0.000000 0.000000 0.000000
    44 0.000001 -1.273097 2.092734 0.000000 0.000000 0.000000
    45 0.000000 -1.329787 2.134425 0.000000 0.000000 0.000000
    46 0.000000 -2.111626 1.567596 0.010642 -0.008665 -0.001570
    47 0.000002 -3.744141 1.536133 0.000000 0.000000 0.000000
    48 0.500002 9.999993 0.000002 -1.570796 0.000000 -1.570796
    49 0.500002 9.999993 0.000002 -1.570796 0.000000 -1.570796
    50 0.000000 0.000005 0.000001 -1.570796 0.000000 -1.570796
    51 0.000001 0.000003 -0.500010 -1.570796 0.000000 -1.570796
    52 -0.000001 0.000000 -0.000002 -1.570796 0.000000 0.000000
    53 0.000000 0.000000 0.000000 -1.570797 0.000000 0.000000
    54 0.000001 0.000000 0.000000 -1.570796 0.000000 0.000000
    55 0.000000 0.000000 0.000002 -1.570796 0.000000 0.000000
    56 -0.000003 0.000000 0.000001 -1.570796 0.000000 0.000000
    57 0.000000 0.000000 0.000000 -1.570796 0.000000 0.000000
    58 0.000000 0.000000 -0.000002 -1.570796 0.000000 0.000000
    59 0.000000 0.000000 0.000001 -1.570796 0.000000 0.000000
    60 -0.000003 0.000000 0.000000 -1.570796 0.000000 0.000000
    61 -0.000001 0.000000 0.000000 -1.570796 0.000000 0.000000
    62 0.000000 0.000000 0.000000 -1.570796 0.000001 0.000000
    63 0.000000 0.000000 0.000000 -1.570796 0.000001 0.000000
    64 0.000000 0.000000 0.000001 3.141593 0.000000 0.000000
    65 0.000000 0.000000 0.000000 3.141593 0.000000 0.000000
    66 0.000001 -0.000001 0.000002 3.141592 0.000000 0.000000
    67 0.000000 10.000002 -0.000005 -1.570796 0.000000 -1.570796
    68 0.000000 10.000002 -0.000005 -1.570796 0.000000 -1.570796
    69 0.000000 0.000005 -0.000003 -1.570796 0.000000 -1.570796
    70 -0.000002 0.000006 -0.500010 -1.570796 0.000000 -1.570796
    71 -0.000004 0.000000 -0.000002 -1.570796 0.000000 0.000000
    72 0.000000 0.000000 0.000000 -1.570796 0.000000 0.000000
    73 0.000000 0.000000 0.000000 -1.570796 0.000000 0.000000
    74 -0.000002 0.000000 0.000000 -1.570796 0.000000 0.000000
    75 0.000002 0.000000 0.000000 -1.570796 0.000000 0.000000
    76 0.000006 0.000000 0.000000 -1.570796 0.000000 0.000000
    77 0.000001 0.000000 0.000000 -1.570796 0.000000 0.000000
    78 0.000000 0.000000 0.000000 -1.570796 0.000000 0.000000
    79 0.000003 0.000000 0.000000 -1.570796 0.000000 0.000000
    80 0.000000 0.000000 0.000000 -1.570796 0.000000 0.000000
    81 0.000002 0.000000 -0.000001 -1.570796 0.000000 0.000000
    82 0.000000 0.000000 0.000000 -1.570796 0.000000 0.000000
    83 0.000000 0.000000 -0.000003 0.000000 0.000000 0.000000
    84 0.000000 0.000000 0.000000 0.000000 0.000000 0.000000
    85 0.000000 0.000001 -0.000001 0.000000 0.000000 0.000000
  time 18
    0 -10.021281 3.436052 -6.940477 -1.586184 1.167907 -1.364952
    1 0.026867 -11.331078 -0.000002 -0.162619 -0.407095 -0.519812
    2 0.000000 -0.570313 0.000000 0.000000 0.000000 0.000000
    3 -0.527382 0.288004 0.586913 0.205634 -0.789416 -2.703004
    4 2.276719 -0.124224 -0.000001 0.000000 0.000000 0.100839
    5 1.069446 0.056463 0.000000 0.000000 0.000000 0.848230
    6 -1.351848 -2.278871 -0.142105 0.000000 -0.083445 -1.638864
    7 1.726295 -0.000584 0.000001 0.000000 0.029520 0.005236
    8 1.199319 -0.010942 0.000001 0.000000 -0.091185 0.000000
    9 -0.426622 -2.478479 -0.142105 -0.396984 1.372125 -1.847782
    10 1.925233 0.004627 0.000003 -0.000192 -0.146371 -6.282898
    11 1.416995 0.008475 0.000000 0.000000 -0.169232 0.020944
    12 0.384484 -2.160851 -0.149917 -0.125124 1.110101 -1.561036
    13 1.952478 0.053687 0.000000 -0.000001 -0.163104 -0.010473
    14 1.369784 0.003407 0.000000 0.000001 0.024104 0.005236
    15 1.194772 -1.655615 -0.146012 0.000000 0.900427 -1.445133
    16 1.674395 0.018204 -0.000001 0.000000 -0.056243 -0.005236
    17 1.089296 -0.001050 -0.000001 0.000000 0.032085 0.000000
    18 11.089914 0.725166 -7.349214 -2.075062 -1.207306 1.700130
    19 -0.295538 -11.164099 0.000002 0.138743 0.190385 -0.270332
    20 -3.737665 -4.962255 1.167068 -2.645492 -0.528387 -1.506658
    21 0.000000 2.791016 0.898926 0.000000 0.000000 0.000000
    22 0.000000 -0.088013 2.902344 0.000000 0.000000 0.000000
    23 -0.490966 -4.488559 0.847817 0.648956 1.509242 0.720022
    24 -0.000002 2.900391 1.067383 0.000000 0.000000 0.000000
    25 0.000000 0.272305 2.901285 0.000000 0.000000 0.000000
    26 -0.021851 -0.545410 0.000000 0.000000 0.000000 0.000000
    27 0.581406 0.235277 0.578294 0.790268 -0.410054 -1.298403
    28 2.306785 0.010602 0.000001 0.000000 0.000000 -0.224131
    29 1.238233 -0.010016 -0.000001 0.000000 0.000000 -0.738662
    30 1.419017 -2.324533 -0.168330 0.000000 -0.052360 -1.523672
    31 1.705078 0.018570 -0.000002 0.000000 -0.376991 -0.005236
    32 1.169922 -0.007072 0.000002 0.000000 -0.612611 0.010472
    33 0.511230 -2.587891 -0.171265 0.068179 -0.280440 -1.750247
    34 1.836914 0.009186 0.000000 -3.141591 -1.523670 -3.131118
    35 1.439453 0.012917 -0.000002 0.000000 -1.099558 0.005236
    36 -0.359256 -2.261720 -0.168329 0.017968 -0.224442 -1.724665
    37 1.887695 -0.005322 0.000004 0.000002 -1.544617 0.036656
    38 1.369174 -0.010806 0.000002 0.000000 -1.130973 0.010472
    39 -1.191442 -1.692502 -0.168331 0.000000 -0.235619 -1.685988
    40 1.688477 -0.013489 -0.000001 0.000000 -0.753982 0.005229
    41 1.072266 0.022141 -0.000002 0.000000 -1.371829 -0.010472
    42 0.000000 -2.077746 1.567595 0.006268 0.007107 0.001007
    43 -0.000001 -3.707031 1.591797 0.000000 0.000000 0.000000
    44 0.000001 -1.273097 2.088827 0.000000 0.000000 0.000000
    45 0.000000 -1.329787 2.134425 0.000000 0.000000 0.000000
    46 0.000000 -2.111626 1.567596 0.005980 -0.004902 -0.000887
    47 0.000002 -3.744141 1.536133 0.000000 0.000000 0.000000
    48 0.500002 9.999993 0.000002 -1.570796 0.000000 -1.570796
    49 0.500002 9.999993 0.000002 -1.570796 0.000000 -1.570796
    50 0.000000 0.000005 0.000001 -1.570796 0.000000 -1.570796
    51 0.000001 0.000003 -0.500010 -1.570796 0.000000 -1.570796
    52 -0.000001 0.000000 -0.000002 -1.570796 0.000000 0.000000
    53 0.000000 0.000000 0.000000 -1.570797 0.000000 0.000000
    54 0.000001 0.000000 0.000000 -1.570796 0.000000 0.000000
    55 0.000000 0.000000 0.000002 -1.570796 0.000000 0.000000
    56 -0.000003 0.000000 0.000001 -1.570796 0.000000 0.000000
    57 0.000000 0.000000 0.000000 -1.570796 0.000000 0.000000
    58 0.000000 0.000000 -0.000002 -1.570796 0.000000 0.000000
    59 0.000000 0.000000 0.000001 -1.570796 0.000000 0.000000
    60 -0.000003 0.000000 0.000000 -1.570796 0.000000 0.000000
    61 -0.000001 0.000000 0.000000 -1.570796 0.000000 0.000000
    62 0.000000 0.000000 0.000000 -1.570796 0.000001 0.000000
    63 0.000000 0.000000 0.000000 -1.570796 0.000001 0.000000
    64 0.000000 0.000000 0.000001 3.141593 0.000000 0.000000
    65 0.000000 0.000000 0.000000 3.141593 0.000000 0.000000
    66 0.000001 -0.000001 0.000002 3.141592 0.000000 0.000000
    67 0.000000 10.000002 -0.000005 -1.570796 0.000000 -1.570796
    68 0.000000 10.000002 -0.000005 -1.570796 0.000000 -1.570796
    69 0.000000 0.000005 -0.000003 -1.570796 0.000000 -1.570796
    70 -0.000002 0.000006 -0.500010 -1.570796 0.000000 -1.570796
    71 -0.000004 0.000000 -0.000002 -1.570796 0.000000 0.000000
    72 0.000000 0.000000 0.000000 -1.570796 0.000000 0.000000
    73 0.000000 0.000000 0.000000 -1.570796 0.000000 0.000000
    74 -0.000002 0.000000 0.000000 -1.570796 0.000000 0.000000
    75 0.000002 0.000000 0.000000 -1.570796 0.000000 0.000000
    76 0.000006 0.000000 0.000000 -1.570796 0.000000 0.000000
    77 0.000001 0.000000 0.000000 -1.570796 0.000000 0.000000
    78 0.000000 0.000000 0.000000 -1.570796 0.000000 0.000000
    79 0.000003 0.000000 0.000000 -1.570796 0.000000 0.000000
    80 0.000000 0.000000 0.000000 -1.570796 0.000000 0.000000
    81 0.000002 0.000000 -0.000001 -1.570796 0.000000 0.000000
    82 0.000000 0.000000 0.000000 -1.570796 0.000000 0.000000
    83 0.000000 0.000000 -0.000003 0.000000 0.000000 0.000000
    84 0.000000 0.000000 0.000000 0.000000 0.000000 0.000000
    85 0.000000 0.000001 -0.000001 0.000000 0.000000 0.000000
  time 19
    0 -9.954872 3.592307 -7.190485 -1.641261 1.239734 -1.434689
    1 0.026867 -11.331078 -0.000002 -0.157336 -0.393373 -0.500742
    2 0.000000 -0.570313 0.000000 0.000000 0.000000 0.000000
    3 -0.523475 0.288004 0.586913 0.194318 -0.775924 -2.685333
    4 2.268907 -0.120318 -0.000001 0.000000 0.000000 0.095430
    5 1.069446 0.056463 0.000000 0.000000 0.000000 0.848230
    6 -1.355754 -2.278871 -0.142105 0.000000 -0.083318 -1.638864
    7 1.730202 -0.000584 0.000001 0.000000 0.028925 0.005236
    8 1.199319 -0.010942 0.000001 0.000000 -0.091823 0.000000
    9 -0.426622 -2.478479 -0.142105 -0.355146 1.349653 -1.804920
    10 1.929139 0.004627 0.000003 -6.283088 -0.208212 -6.282898
    11 1.413089 0.008475 0.000000 0.000000 -0.196155 0.020944
    12 0.376671 -2.160851 -0.146011 -0.120402 1.090657 -1.555703
    13 1.952478 0.053687 0.000000 -0.000001 -0.223563 -0.010473
    14 1.358065 0.003407 0.000000 0.000001 -0.014833 0.005236
    15 1.194772 -1.655615 -0.146012 0.000000 0.882446 -1.445133
    16 1.674395 0.018204 -0.000001 0.000000 -0.064043 -0.005236
    17 1.089296 -0.001050 -0.000001 0.000000 -0.018483 0.000000
    18 11.132884 0.725166 -7.290619 -2.100236 -1.195164 1.737768
    19 -0.295538 -11.152380 0.000002 0.086508 0.101934 -0.354124
    20 -3.479844 -4.673184 1.631926 -2.921417 -0.528387 -1.506751
    21 0.000000 2.791016 0.898926 0.000000 0.000000 0.000000
    22 0.000000 -0.088013 2.902344 0.000000 0.000000 0.000000
    23 -0.490966 -4.488559 0.840004 0.670951 1.508019 0.741490
    24 -0.000002 2.900391 1.067383 0.000000 0.000000 0.000000
    25 0.000000 0.272305 2.901285 0.000000 0.000000 0.000000
    26 -0.021851 -0.545410 0.000000 0.000000 0.000000 0.000000
    27 0.581406 0.235277 0.582201 0.784870 -0.410685 -1.296840
    28 2.306785 0.010602 0.000001 0.000000 0.000000 -0.229303
    29 1.234327 -0.010016 -0.000001 0.000000 0.000000 -0.745445
    30 1.419017 -2.324533 -0.168330 0.000000 -0.052360 -1.523672
    31 1.705078 0.018570 -0.000002 0.000000 -0.376991 -0.005236
    32 1.169922 -0.007072 0.000002 0.000000 -0.612611 0.010472
    33 0.511230 -2.587891 -0.171265 0.068179 -0.280440 -1.750247
    34 1.836914 0.009186 0.000000 -3.141591 -1.523670 -3.131118
    35 1.439453 0.012917 -0.000002 0.000000 -1.099558 0.005236
    36 -0.359256 -2.257814 -0.168329 0.017968 -0.224442 -1.724665
    37 1.887695 -0.005322 0.000004 0.000002 -1.544617 0.036656
    38 1.369174 -0.010806 0.000002 0.000000 -1.130973 0.010472
    39 -1.191442 -1.688595 -0.168331 0.000000 -0.235619 -1.685988
    40 1.688477 -0.013489 -0.000001 0.000000 -0.753982 0.005229
    41 1.072266 0.022141 -0.000002 0.000000 -1.371829 -0.010472
    42 0.000000 -2.077746 1.567595 0.007191 0.008137 0.001126
    43 -0.000001 -3.707031 1.591797 0.000000 0.000000 0.000000
    44 0.000001 -1.273097 2.092734 0.000000 0.000000 0.000000
    45 0.000000 -1.329787 2.134425 0.000000 0.000000 0.000000
    46 0.000000 -2.111626 1.567596 0.000000 0.000000 0.000000
    47 0.000002 -3.744141 1.536133 0.000000 0.000000 0.000000
    48 0.500002 9.999993 0.000002 -1.570796 0.000000 -1.570796
    49 0.500002 9.999993 0.000002 -1.570796 0.000000 -1.570796
    50 0.000000 0.000005 0.000001 -1.570796 0.000000 -1.570796
    51 0.000001 0.000003 -0.500010 -1.570796 0.000000 -1.570796
    52 -0.000001 0.000000 -0.000002 -1.570796 0.000000 0.000000
    53 0.000000 0.000000 0.000000 -1.570797 0.000000 0.000000
    54 0.000001 0.000000 0.000000 -1.570796 0.000000 0.000000
    55 0.000000 0.000000 0.000002 -1.570796 0.000000 0.000000
    56 -0.000003 0.000000 0.000001 -1.570796 0.000000 0.000000
    57 0.000000 0.000000 0.000000 -1.570796 0.000000 0.000000
    58 0.000000 0.000000 -0.000002 -1.570796 0.000000 0.000000
    59 0.000000 0.000000 0.000001 -1.570796 0.000000 0.000000
    60 -0.000003 0.000000 0.000000 -1.570796 0.000000 0.000000
    61 -0.000001 0.000000 0.000000 -1.570796 0.000000 0.000000
    62 0.000000 0.000000 0.000000 -1.570796 0.000001 0.000000
    63 0.000000 0.000000 0.000000 -1.570796 0.000001 0.000000
    64 0.000000 0.000000 0.000001 3.141593 0.000000 0.000000
    65 0.000000 0.000000 0.000000 3.141593 0.000000 0.000000
    66 0.000001 -0.000001 0.000002 3.141592 0.000000 0.000000
    67 0.000000 10.000002 -0.000005 -1.570796 0.000000 -1.570796
    68 0.000000 10.000002 -0.000005 -1.570796 0.000000 -1.570796
    69 0.000000 0.000005 -0.000003 -1.570796 0.000000 -1.570796
    70 -0.000002 0.000006 -0.500010 -1.570796 0.000000 -1.570796
    71 -0.000004 0.000000 -0.000002 -1.570796 0.000000 0.000000
    72 0.000000 0.000000 0.000000 -1.570796 0.000000 0.000000
    73 0.000000 0.000000 0.000000 -1.570796 0.000000 0.000000
    74 -0.000002 0.000000 0.000000 -1.570796 0.000000 0.000000
    75 0.000002 0.000000 0.000000 -1.570796 0.000000 0.000000
    76 0.000006 0.000000 0.000000 -1.570796 0.000000 0.000000
    77 0.000001 0.000000 0.000000 -1.570796 0.000000 0.000000
    78 0.000000 0.000000 0.000000 -1.570796 0.000000 0.000000
    79 0.000003 0.000000 0.000000 -1.570796 0.000000 0.000000
    80 0.000000 0.000000 0.000000 -1.570796 0.000000 0.000000
    81 0.000002 0.000000 -0.000001 -1.570796 0.000000 0.000000
    82 0.000000 0.000000 0.000000 -1.570796 0.000000 0.000000
    83 0.000000 0.000000 -0.000003 0.000000 0.000000 0.000000
    84 0.000000 0.000000 0.000000 0.000000 0.000000 0.000000
    85 0.000000 0.000001 -0.000001 0.000000 0.000000 0.000000
  time 20
    0 -9.896277 3.455584 -7.452211 -1.746777 1.317786 -1.550694
    1 0.026867 -11.331078 -0.000002 -0.178326 -0.369208 -0.421047
    2 0.000000 -0.570313 0.000000 0.000000 0.000000 0.000000
    3 -0.523475 0.284097 0.586913 0.182333 -0.761719 -2.666610
    4 2.272813 -0.124224 -0.000001 0.000000 0.000000 0.090290
    5 1.069446 0.056463 0.000000 0.000000 0.000000 0.848230
    6 -1.355754 -2.278871 -0.142105 0.000000 -0.083233 -1.638864
    7 1.730202 -0.000584 0.000001 0.000000 0.028236 0.005236
    8 1.199319 -0.010942 0.000001 0.000000 -0.092628 0.000000
    9 -0.430529 -2.478479 -0.142105 -0.309605 1.317810 -1.758163
    10 1.925233 0.004627 0.000003 -0.000192 -0.274423 -6.282898
    11 1.413089 0.008475 0.000000 0.000000 -0.224634 0.020944
    12 0.384484 -2.160851 -0.146011 -0.114577 1.064412 -1.549171
    13 1.952478 0.053687 0.000000 -0.000001 -0.288486 -0.010473
    14 1.358065 0.003407 0.000000 0.000001 -0.056233 0.005236
    15 1.194772 -1.655615 -0.142105 0.000000 0.858785 -1.445133
    16 1.678301 0.018204 -0.000001 0.000000 -0.075428 -0.005236
    17 1.081483 -0.001050 -0.000001 0.000000 -0.072409 0.000000
    18 11.203198 0.725166 -7.196866 -2.007242 -1.167808 1.673540
    19 -0.299444 -11.160193 0.000002 0.051036 0.030131 -0.412796
    20 -3.034518 -4.466147 1.932716 3.136463 -0.528387 -1.506658
    21 0.000000 2.791016 0.898926 0.000000 0.000000 0.000000
    22 0.000000 -0.088013 2.902344 0.000000 0.000000 0.000000
    23 -0.483153 -4.488559 0.843910 0.692946 1.506845 0.762568
    24 -0.000002 2.900391 1.067383 0.000000 0.000000 0.000000
    25 0.000000 0.272305 2.901285 0.000000 0.000000 0.000000
    26 -0.021851 -0.545410 0.000000 0.000000 0.000000 0.000000
    27 0.581406 0.231370 0.582201 0.777442 -0.411587 -1.294826
    28 2.306785 0.010602 0.000001 0.000000 0.000000 -0.236432
    29 1.238233 -0.010016 -0.000001 0.000000 0.000000 -0.754745
    30 1.419017 -2.324533 -0.168330 0.000000 -0.052360 -1.523672
    31 1.705078 0.018570 -0.000002 0.000000 -0.376991 -0.005236
    32 1.169922 -0.007072 0.000002 0.000000 -0.612611 0.010472
    33 0.511230 -2.587891 -0.171265 0.068179 -0.280440 -1.750247
    34 1.836914 0.009186 0.000000 -3.141591 -1.523670 -3.131118
    35 1.439453 0.012917 -0.000002 0.000000 -1.099558 0.005236
    36 -0.359256 -2.257814 -0.168329 0.017968 -0.224442 -1.724665
    37 1.887695 -0.005322 0.000004 0.000002 -1.544617 0.036656
    38 1.369174 -0.010806 0.000002 0.000000 -1.130973 0.010472
    39 -1.191442 -1.692502 -0.168331 0.000000 -0.235619 -1.685988
    40 1.688477 -0.013489 -0.000001 0.000000 -0.753982 0.005229
    41 1.072266 0.022141 -0.000002 0.000000 -1.371829 -0.010472
    42 0.000000 -2.077746 1.563689 0.008125 0.009192 0.001270
    43 -0.000001 -3.707031 1.591797 0.000000 0.000000 0.000000
    44 0.000001 -1.273097 2.088827 0.000000 0.000000 0.000000
    45 0.000000 -1.329787 2.134425 0.000000 0.000000 0.000000
    46 0.000000 -1.970997 0.848824 -0.001618 0.001210 0.000228
    47 0.000002 -3.744141 1.536133 0.000000 0.000000 0.000000
    48 0.500002 9.999993 0.000002 -1.570796 0.000000 -1.570796
    49 0.500002 9.999993 0.000002 -1.570796 0.000000 -1.570796
    50 0.000000 0.000005 0.000001 -1.570796 0.000000 -1.570796
    51 0.000001 0.000003 -0.500010 -1.570796 0.000000 -1.570796
    52 -0.000001 0.000000 -0.000002 -1.570796 0.000000 0.000000
    53 0.000000 0.000000 0.000000 -1.570797 0.000000 0.000000
    54 0.000001 0.000000 0.000000 -1.570796 0.000000 0.000000
    55 0.000000 0.000000 0.000002 -1.570796 0.000000 0.000000
    56 -0.000003 0.000000 0.000001 -1.570796 0.000000 0.000000
    57 0.000000 0.000000 0.000000 -1.570796 0.000000 0.000000
    58 0.000000 0.000000 -0.000002 -1.570796 0.000000 0.000000
    59 0.000000 0.000000 0.000001 -1.570796 0.000000 0.000000
    60 -0.000003 0.000000 0.000000 -1.570796 0.000000 0.000000
    61 -0.000001 0.000000 0.000000 -1.570796 0.000000 0.000000
    62 0.000000 0.000000 0.000000 -1.570796 0.000001 0.000000
    63 0.000000 0.000000 0.000000 -1.570796 0.000001 0.000000
    64 0.000000 0.000000 0.000001 3.141593 0.000000 0.000000
    65 0.000000 0.000000 0.000000 3.141593 0.000000 0.000000
    66 0.000001 -0.000001 0.000002 3.141592 0.000000 0.000000
    67 0.000000 10.000002 -0.000005 -1.570796 0.000000 -1.570796
    68 0.000000 10.000002 -0.000005 -1.570796 0.000000 -1.570796
    69 0.000000 0.000005 -0.000003 -1.570796 0.000000 -1.570796
    70 -0.000002 0.000006 -0.500010 -1.570796 0.000000 -1.570796
    71 -0.000004 0.000000 -0.000002 -1.570796 0.000000 0.000000
    72 0.000000 0.000000 0.000000 -1.570796 0.000000 0.000000
    73 0.000000 0.000000 0.000000 -1.570796 0.000000 0.000000
    74 -0.000002 0.000000 0.000000 -1.570796 0.000000 0.000000
    75 0.000002 0.000000 0.000000 -1.570796 0.000000 0.000000
    76 0.000006 0.000000 0.000000 -1.570796 0.000000 0.000000
    77 0.000001 0.000000 0.000000 -1.570796 0.000000 0.000000
    78 0.000000 0.000000 0.000000 -1.570796 0.000000 0.000000
    79 0.000003 0.000000 0.000000 -1.570796 0.000000 0.000000
    80 0.000000 0.000000 0.000000 -1.570796 0.000000 0.000000
    81 0.000002 0.000000 -0.000001 -1.570796 0.000000 0.000000
    82 0.000000 0.000000 0.000000 -1.570796 0.000000 0.000000
    83 0.000000 0.000000 -0.000003 0.000000 0.000000 0.000000
    84 0.000000 0.000000 0.000000 0.000000 0.000000 0.000000
    85 0.000000 0.000001 -0.000001 0.000000 0.000000 0.000000
  time 21
    0 -9.888464 3.021977 -7.749096 -1.974916 1.398345 -1.782416
    1 0.026867 -11.331078 -0.000002 -0.210059 -0.334517 -0.301561
    2 0.000000 -0.570313 0.000000 0.000000 0.000000 0.000000
    3 -0.523475 0.288004 0.586913 0.169970 -0.746964 -2.647264
    4 2.272813 -0.124224 -0.000001 0.000000 0.000000 0.085486
    5 1.069446 0.056463 0.000000 0.000000 0.000000 0.848230
    6 -1.355754 -2.286684 -0.142105 0.000000 -0.083063 -1.638864
    7 1.730202 -0.000584 0.000001 0.000000 0.027406 0.005236
    8 1.203226 -0.010942 0.000001 0.000000 -0.093571 0.000000
    9 -0.426622 -2.478479 -0.142105 -0.266077 1.276646 -1.712959
    10 1.925233 0.004627 0.000003 -0.000192 -0.343787 -6.282802
    11 1.413089 0.008475 0.000000 0.000000 -0.253977 0.020944
    12 0.376671 -2.160851 -0.146011 -0.108202 1.031525 -1.541753
    13 1.956384 0.057593 0.000000 -0.000001 -0.356550 -0.010473
    14 1.361971 0.003407 0.000000 0.000001 -0.099102 0.005236
    15 1.194772 -1.659521 -0.138199 0.000000 0.829299 -1.445133
    16 1.674395 0.018204 -0.000001 0.000000 -0.090453 -0.005236
    17 1.089296 -0.001050 -0.000001 0.000000 -0.128574 0.000000
    18 11.257887 0.725166 -7.122645 -1.925708 -1.141175 1.617738
    19 -0.295538 -11.156286 0.000002 0.039129 0.003211 -0.428600
    20 -2.155585 -4.380206 2.010844 2.856607 -0.528387 -1.506658
    21 0.000000 2.791016 0.898926 0.000000 0.000000 0.000000
    22 0.000000 -0.088013 2.902344 0.000000 0.000000 0.000000
    23 -0.490966 -4.484653 0.840004 0.714580 1.505514 0.783201
    24 -0.000002 2.900391 1.067383 0.000000 0.000000 0.000000
    25 0.000000 0.272305 2.901285 0.000000 0.000000 0.000000
    26 -0.021851 -0.545410 0.000000 0.000000 0.000000 0.000000
    27 0.581406 0.235277 0.582201 0.768015 -0.412797 -1.292241
    28 2.306785 0.010602 0.000001 0.000000 0.000000 -0.245456
    29 1.238233 -0.010016 -0.000001 0.000000 0.000000 -0.766132
    30 1.415111 -2.324533 -0.168330 0.000000 -0.052360 -1.523672
    31 1.705078 0.018570 -0.000002 0.000000 -0.376991 -0.005236
    32 1.169922 -0.007072 0.000002 0.000000 -0.612611 0.010472
    33 0.511230 -2.587891 -0.171265 0.068179 -0.280440 -1.750247
    34 1.836914 0.009186 0.000000 -3.141591 -1.523670 -3.131118
    35 1.439453 0.012917 -0.000002 0.000000 -1.099558 0.005236
    36 -0.359256 -2.257814 -0.168329 0.017968 -0.224442 -1.724665
    37 1.887695 -0.005322 0.000004 0.000002 -1.544617 0.036656
    38 1.369174 -0.010806 0.000002 0.000000 -1.130973 0.010472
    39 -1.191442 -1.692502 -0.168331 0.000000 -0.235619 -1.685988
    40 1.688477 -0.013489 -0.000001 0.000000 -0.753982 0.005229
    41 1.072266 0.022141 -0.000002 0.000000 -1.371829 -0.010472
    42 0.000000 -2.077746 1.567595 0.009132 0.010415 0.001450
    43 -0.000001 -3.707031 1.591797 0.000000 0.000000 0.000000
    44 0.000001 -1.273097 2.088827 0.000000 0.000000 0.000000
    45 0.000000 -1.329787 2.134425 0.000000 0.000000 0.000000
    46 0.000000 -1.658487 -0.772319 -0.007191 0.004674 0.000995
    47 0.000002 -3.744141 1.536133 0.000000 0.000000 0.000000
    48 0.500002 9.999993 0.000002 -1.570796 0.000000 -1.570796
    49 0.500002 9.999993 0.000002 -1.570796 0.000000 -1.570796
    50 0.000000 0.000005 0.000001 -1.570796 0.000000 -1.570796
    51 0.000001 0.000003 -0.500010 -1.570796 0.000000 -1.570796
    52 -0.000001 0.000000 -0.000002 -1.570796 0.000000 0.000000
    53 0.000000 0.000000 0.000000 -1.570797 0.000000 0.000000
    54 0.000001 0.000000 0.000000 -1.570796 0.000000 0.000000
    55 0.000000 0.000000 0.000002 -1.570796 0.000000 0.000000
    56 -0.000003 0.000000 0.000001 -1.570796 0.000000 0.000000
    57 0.000000 0.000000 0.000000 -1.570796 0.000000 0.000000
    58 0.000000 0.000000 -0.000002 -1.570796 0.000000 0.000000
    59 0.000000 0.000000 0.000001 -1.570796 0.000000 0.000000
    60 -0.000003 0.000000 0.000000 -1.570796 0.000000 0.000000
    61 -0.000001 0.000000 0.000000 -1.570796 0.000000 0.000000
    62 0.000000 0.000000 0.000000 -1.570796 0.000001 0.000000
    63 0.000000 0.000000 0.000000 -1.570796 0.000001 0.000000
    64 0.000000 0.000000 0.000001 3.141593 0.000000 0.000000
    65 0.000000 0.000000 0.000000 3.141593 0.000000 0.000000
    66 0.000001 -0.000001 0.000002 3.141592 0.000000 0.000000
    67 0.000000 10.000002 -0.000005 -1.570796 0.000000 -1.570796
    68 0.000000 10.000002 -0.000005 -1.570796 0.000000 -1.570796
    69 0.000000 0.000005 -0.000003 -1.570796 0.000000 -1.570796
    70 -0.000002 0.000006 -0.500010 -1.570796 0.000000 -1.570796
    71 -0.000004 0.000000 -0.000002 -1.570796 0.000000 0.000000
    72 0.000000 0.000000 0.000000 -1.570796 0.000000 0.000000
    73 0.000000 0.000000 0.000000 -1.570796 0.000000 0.000000
    74 -0.000002 0.000000 0.000000 -1.570796 0.000000 0.000000
    75 0.000002 0.000000 0.000000 -1.570796 0.000000 0.000000
    76 0.000006 0.000000 0.000000 -1.570796 0.000000 0.000000
    77 0.000001 0.000000 0.000000 -1.570796 0.000000 0.000000
    78 0.000000 0.000000 0.000000 -1.570796 0.000000 0.000000
    79 0.000003 0.000000 0.000000 -1.570796 0.000000 0.000000
    80 0.000000 0.000000 0.000000 -1.570796 0.000000 0.000000
    81 0.000002 0.000000 -0.000001 -1.570796 0.000000 0.000000
    82 0.000000 0.000000 0.000000 -1.570796 0.000000 0.000000
    83 0.000000 0.000000 -0.000003 0.000000 0.000000 0.000000
    84 0.000000 0.000000 0.000000 0.000000 0.000000 0.000000
    85 0.000000 0.000001 -0.000001 0.000000 0.000000 0.000000
  time 22
    0 -9.892370 2.408677 -8.092856 -2.580757 1.462828 -2.384951
    1 0.026867 -11.331078 -0.000002 -0.237431 -0.290844 -0.162179
    2 0.000000 -0.570313 0.000000 0.000000 0.000000 0.000000
    3 -0.523475 0.288004 0.590819 0.157522 -0.731778 -2.627622
    4 2.276719 -0.124224 -0.000001 0.000000 0.000000 0.080917
    5 1.069446 0.056463 0.000000 0.000000 0.000000 0.848230
    6 -1.355754 -2.278871 -0.142105 0.000000 -0.082978 -1.638864
    7 1.726295 -0.000584 0.000001 0.000000 0.026545 0.005236
    8 1.199319 -0.010942 0.000001 0.000000 -0.094542 0.000000
    9 -0.430529 -2.478479 -0.138199 -0.227450 1.225808 -1.672273
    10 1.925233 0.004627 0.000003 -0.000192 -0.415474 -6.282898
    11 1.416995 0.008475 0.000000 0.000000 -0.283277 0.020944
    12 0.376671 -2.160851 -0.146011 -0.101598 0.992157 -1.533939
    13 1.956384 0.053687 0.000000 -0.000001 -0.427425 -0.010473
    14 1.358065 0.003407 0.000000 0.000001 -0.142275 0.005236
    15 1.190866 -1.655615 -0.138199 0.000000 0.794567 -1.445133
    16 1.674395 0.018204 -0.000001 0.000000 -0.109255 -0.005236
    17 1.089296 -0.001050 -0.000001 0.000000 -0.185761 0.000000
    18 11.277419 0.729073 -7.095300 -1.908519 -1.131924 1.609312
    19 -0.295538 -11.160193 0.000002 0.035351 -0.005200 -0.433523
    20 -1.022738 -4.356768 1.924904 2.414342 -0.528387 -1.506658
    21 0.000000 2.791016 0.898926 0.000000 0.000000 0.000000
    22 0.000000 -0.088013 2.902344 0.000000 0.000000 0.000000
    23 -0.490966 -4.492466 0.843910 0.735674 1.504136 0.803612
    24 -0.000002 2.900391 1.067383 0.000000 0.000000 0.000000
    25 0.000000 0.272305 2.901285 0.000000 0.000000 0.000000
    26 -0.021851 -0.545410 0.000000 0.000000 0.000000 0.000000
    27 0.581406 0.235277 0.590013 0.757957 -0.414098 -1.289566
    28 2.306785 0.010602 0.000001 0.000000 0.000000 -0.255069
    29 1.242140 -0.010016 -0.000001 0.000000 0.000000 -0.778011
    30 1.419017 -2.324533 -0.168330 0.000000 -0.052360 -1.523672
    31 1.705078 0.018570 -0.000002 0.000000 -0.376991 -0.005236
    32 1.169922 -0.007072 0.000002 0.000000 -0.612611 0.010472
    33 0.511230 -2.587891 -0.171265 0.068179 -0.280440 -1.750247
    34 1.836914 0.009186 0.000000 -3.141591 -1.523670 -3.131118
    35 1.439453 0.012917 -0.000002 0.000000 -1.099558 0.005236
    36 -0.359256 -2.257814 -0.168329 0.017968 -0.224442 -1.724665
    37 1.887695 -0.005322 0.000004 0.000002 -1.544617 0.036656
    38 1.369174 -0.010806 0.000002 0.000000 -1.130973 0.010472
    39 -1.191442 -1.692502 -0.164424 0.000000 -0.235619 -1.685988
    40 1.688477 -0.013489 -0.000001 0.000000 -0.753982 0.005229
    41 1.072266 0.022141 -0.000002 0.000000 -1.371829 -0.010472
    42 0.000000 -2.077746 1.567595 0.010259 0.011553 0.001678
    43 -0.000001 -3.707031 1.591797 0.000000 0.000000 0.000000
    44 0.000001 -1.273097 2.092734 0.000000 0.000000 0.000000
    45 0.000000 -1.329787 2.134425 0.000000 0.000000 0.000000
    46 0.000000 -1.322539 -2.397368 -0.016107 0.008473 0.002097
    47 0.000002 -3.744141 1.536133 0.000000 0.000000 0.000000
    48 0.500002 9.999993 0.000002 -1.570796 0.000000 -1.570796
    49 0.500002 9.999993 0.000002 -1.570796 0.000000 -1.570796
    50 0.000000 0.000005 0.000001 -1.570796 0.000000 -1.570796
    51 0.000001 0.000003 -0.500010 -1.570796 0.000000 -1.570796
    52 -0.000001 0.000000 -0.000002 -1.570796 0.000000 0.000000
    53 0.000000 0.000000 0.000000 -1.570797 0.000000 0.000000
    54 0.000001 0.000000 0.000000 -1.570796 0.000000 0.000000
    55 0.000000 0.000000 0.000002 -1.570796 0.000000 0.000000
    56 -0.000003 0.000000 0.000001 -1.570796 0.000000 0.000000
    57 0.000000 0.000000 0.000000 -1.570796 0.000000 0.000000
    58 0.000000 0.000000 -0.000002 -1.570796 0.000000 0.000000
    59 0.000000 0.000000 0.000001 -1.570796 0.000000 0.000000
    60 -0.000003 0.000000 0.000000 -1.570796 0.000000 0.000000
    61 -0.000001 0.000000 0.000000 -1.570796 0.000000 0.000000
    62 0.000000 0.000000 0.000000 -1.570796 0.000001 0.000000
    63 0.000000 0.000000 0.000000 -1.570796 0.000001 0.000000
    64 0.000000 0.000000 0.000001 3.141593 0.000000 0.000000
    65 0.000000 0.000000 0.000000 3.141593 0.000000 0.000000
    66 0.000001 -0.000001 0.000002 3.141592 0.000000 0.000000
    67 0.000000 10.000002 -0.000005 -1.570796 0.000000 -1.570796
    68 0.000000 10.000002 -0.000005 -1.570796 0.000000 -1.570796
    69 0.000000 0.000005 -0.000003 -1.570796 0.000000 -1.570796
    70 -0.000002 0.000006 -0.500010 -1.570796 0.000000 -1.570796
    71 -0.000004 0.000000 -0.000002 -1.570796 0.000000 0.000000
    72 0.000000 0.000000 0.000000 -1.570796 0.000000 0.000000
    73 0.000000 0.000000 0.000000 -1.570796 0.000000 0.000000
    74 -0.000002 0.000000 0.000000 -1.570796 0.000000 0.000000
    75 0.000002 0.000000 0.000000 -1.570796 0.000000 0.000000
    76 0.000006 0.000000 0.000000 -1.570796 0.000000 0.000000
    77 0.000001 0.000000 0.000000 -1.570796 0.000000 0.000000
    78 0.000000 0.000000 0.000000 -1.570796 0.000000 0.000000
    79 0.000003 0.000000 0.000000 -1.570796 0.000000 0.000000
    80 0.000000 0.000000 0.000000 -1.570796 0.000000 0.000000
    81 0.000002 0.000000 -0.000001 -1.570796 0.000000 0.000000
    82 0.000000 0.000000 0.000000 -1.570796 0.000000 0.000000
    83 0.000000 0.000000 -0.000003 0.000000 0.000000 0.000000
    84 0.000000 0.000000 0.000000 0.000000 0.000000 0.000000
    85 0.000000 0.000001 -0.000001 0.000000 0.000000 0.000000
  time 23
    0 -9.888464 1.674280 -8.483493 -3.598111 1.445319 -3.390102
    1 0.026867 -11.331078 -0.000002 -0.248245 -0.243975 -0.020620
    2 0.000000 -0.570313 0.000000 0.000000 0.000000 0.000000
    3 -0.519569 0.280191 0.586913 0.145263 -0.716340 -2.607980
    4 2.276719 -0.120318 -0.000001 0.000000 0.000000 0.076617
    5 1.069446 0.056463 0.000000 0.000000 0.000000 0.848230
    6 -1.355754 -2.282777 -0.142105 0.000000 -0.082766 -1.638864
    7 1.726295 -0.000584 0.000001 0.000000 0.025621 0.005236
    8 1.195413 -0.010942 0.000001 0.000000 -0.095624 0.000000
    9 -0.426622 -2.478479 -0.142105 -0.194636 1.165649 -1.637050
    10 1.925233 0.004627 0.000003 -0.000192 -0.488046 -6.282898
    11 1.416995 0.008475 0.000000 0.000000 -0.311756 0.020944
    12 0.376671 -2.164757 -0.146011 -0.094971 0.946347 -1.526005
    13 1.952478 0.053687 0.000000 -0.000001 -0.499457 -0.010473
    14 1.361971 0.003407 0.000000 0.000001 -0.184842 0.005236
    15 1.190866 -1.655615 -0.142105 0.000000 0.754553 -1.445133
    16 1.674395 0.018204 -0.000001 0.000000 -0.131779 -0.005236
    17 1.085390 -0.001050 -0.000001 0.000000 -0.242948 0.000000
    18 11.277419 0.736886 -7.079675 -1.908519 -1.131924 1.609312
    19 -0.291631 -11.156286 0.000002 0.040028 0.005444 -0.427287
    20 -0.050052 -4.345049 1.835057 1.703725 -0.528387 -1.506658
    21 0.000000 2.791016 0.898926 0.000000 0.000000 0.000000
    22 0.000000 -0.088013 2.902344 0.000000 0.000000 0.000000
    23 -0.490966 -4.484653 0.847817 0.756227 1.502734 0.823411
    24 -0.000002 2.900391 1.067383 0.000000 0.000000 0.000000
    25 0.000000 0.272305 2.901285 0.000000 0.000000 0.000000
    26 -0.021851 -0.545410 0.000000 0.000000 0.000000 0.000000
    27 0.581406 0.235277 0.578294 0.748084 -0.415476 -1.286831
    28 2.306785 0.010602 0.000001 0.000000 0.000000 -0.264481
    29 1.234327 -0.010016 -0.000001 0.000000 0.000000 -0.789121
    30 1.419017 -2.324533 -0.168330 0.000000 -0.052360 -1.523672
    31 1.705078 0.018570 -0.000002 0.000000 -0.376991 -0.005236
    32 1.169922 -0.007072 0.000002 0.000000 -0.612611 0.010472
    33 0.511230 -2.587891 -0.171265 0.068179 -0.280440 -1.750247
    34 1.836914 0.009186 0.000000 -3.141591 -1.523670 -3.131118
    35 1.439453 0.012917 -0.000002 0.000000 -1.099558 0.005236
    36 -0.359256 -2.257814 -0.168329 0.017968 -0.224442 -1.724665
    37 1.887695 -0.005322 0.000004 0.000002 -1.544617 0.036656
    38 1.369174 -0.010806 0.000002 0.000000 -1.130973 0.010472
    39 -1.191442 -1.688595 -0.164424 0.000000 -0.235619 -1.685988
    40 1.688477 -0.013489 -0.000001 0.000000 -0.753982 0.005229
    41 1.072266 0.022141 -0.000002 0.000000 -1.371829 -0.010472
    42 0.000000 -2.073839 1.567595 0.011301 0.012811 0.001869
    43 -0.000001 -3.707031 1.591797 0.000000 0.000000 0.000000
    44 0.000001 -1.269191 2.088827 0.000000 0.000000 0.000000
    45 0.000000 -1.329787 2.134425 0.000000 0.000000 0.000000
    46 0.000000 -1.170191 -3.127859 -0.026366 0.011433 0.003440
    47 0.000002 -3.744141 1.536133 0.000000 0.000000 0.000000
    48 0.500002 9.999993 0.000002 -1.570796 0.000000 -1.570796
    49 0.500002 9.999993 0.000002 -1.570796 0.000000 -1.570796
    50 0.000000 0.000005 0.000001 -1.570796 0.000000 -1.570796
    51 0.000001 0.000003 -0.500010 -1.570796 0.000000 -1.570796
    52 -0.000001 0.000000 -0.000002 -1.570796 0.000000 0.000000
    53 0.000000 0.000000 0.000000 -1.570797 0.000000 0.000000
    54 0.000001 0.000000 0.000000 -1.570796 0.000000 0.000000
    55 0.000000 0.000000 0.000002 -1.570796 0.000000 0.000000
    56 -0.000003 0.000000 0.000001 -1.570796 0.000000 0.000000
    57 0.000000 0.000000 0.000000 -1.570796 0.000000 0.000000
    58 0.000000 0.000000 -0.000002 -1.570796 0.000000 0.000000
    59 0.000000 0.000000 0.000001 -1.570796 0.000000 0.000000
    60 -0.000003 0.000000 0.000000 -1.570796 0.000000 0.000000
    61 -0.000001 0.000000 0.000000 -1.570796 0.000000 0.000000
    62 0.000000 0.000000 0.000000 -1.570796 0.000001 0.000000
    63 0.000000 0.000000 0.000000 -1.570796 0.000001 0.000000
    64 0.000000 0.000000 0.000001 3.141593 0.000000 0.000000
    65 0.000000 0.000000 0.000000 3.141593 0.000000 0.000000
    66 0.000001 -0.000001 0.000002 3.141592 0.000000 0.000000
    67 0.000000 10.000002 -0.000005 -1.570796 0.000000 -1.570796
    68 0.000000 10.000002 -0.000005 -1.570796 0.000000 -1.570796
    69 0.000000 0.000005 -0.000003 -1.570796 0.000000 -1.570796
    70 -0.000002 0.000006 -0.500010 -1.570796 0.000000 -1.570796
    71 -0.000004 0.000000 -0.000002 -1.570796 0.000000 0.000000
    72 0.000000 0.000000 0.000000 -1.570796 0.000000 0.000000
    73 0.000000 0.000000 0.000000 -1.570796 0.000000 0.000000
    74 -0.000002 0.000000 0.000000 -1.570796 0.000000 0.000000
    75 0.000002 0.000000 0.000000 -1.570796 0.000000 0.000000
    76 0.000006 0.000000 0.000000 -1.570796 0.000000 0.000000
    77 0.000001 0.000000 0.000000 -1.570796 0.000000 0.000000
    78 0.000000 0.000000 0.000000 -1.570796 0.000000 0.000000
    79 0.000003 0.000000 0.000000 -1.570796 0.000000 0.000000
    80 0.000000 0.000000 0.000000 -1.570796 0.000000 0.000000
    81 0.000002 0.000000 -0.000001 -1.570796 0.000000 0.000000
    82 0.000000 0.000000 0.000000 -1.570796 0.000000 0.000000
    83 0.000000 0.000000 -0.000003 0.000000 0.000000 0.000000
    84 0.000000 0.000000 0.000000 0.000000 0.000000 0.000000
    85 0.000000 0.000001 -0.000001 0.000000 0.000000 0.000000
  time 24
    0 -9.845494 0.932070 -8.924913 -4.094758 1.349535 -3.863701
    1 0.026867 -11.331078 -0.000002 -0.234346 -0.203030 0.107500
    2 0.000000 -0.570313 0.000000 0.000000 0.000000 0.000000
    3 -0.523475 0.280191 0.586913 0.133381 -0.700753 -2.588732
    4 2.272813 -0.128130 -0.000001 0.000000 0.000000 0.072619
    5 1.069446 0.056463 0.000000 0.000000 0.000000 0.848230
    6 -1.355754 -2.274965 -0.142105 0.000000 -0.082596 -1.638864
    7 1.730202 -0.000584 0.000001 0.000000 0.024557 0.005236
    8 1.203226 -0.010942 0.000001 0.000000 -0.096817 0.000000
    9 -0.434435 -2.482385 -0.142105 -0.167515 1.096068 -1.607108
    10 1.925233 0.004627 0.000003 -0.000192 -0.560729 -6.282898
    11 1.416995 0.008475 0.000000 0.000000 -0.338636 0.020944
    12 0.380577 -2.160851 -0.146011 -0.088703 0.894336 -1.518083
    13 1.956384 0.049780 0.000000 -0.000001 -0.572261 -0.010473
    14 1.361971 0.003407 0.000000 0.000001 -0.225723 0.005236
    15 1.186960 -1.655615 -0.146012 0.000000 0.709510 -1.445133
    16 1.674395 0.018204 -0.000001 0.000000 -0.158162 -0.005236
    17 1.081483 -0.001050 -0.000001 0.000000 -0.298967 0.000000
    18 11.265700 0.736886 -7.091394 -1.918851 -1.137706 1.614461
    19 -0.295538 -11.160193 0.000002 0.047223 0.021745 -0.417744
    20 0.574967 -4.321611 1.776462 1.641503 -0.884919 -1.546554
    21 0.000000 2.791016 0.898926 0.000000 0.000000 0.000000
    22 0.000000 -0.088013 2.902344 0.000000 0.000000 0.000000
    23 -0.490966 -4.488559 0.836098 0.776239 1.501368 0.842598
    24 -0.000002 2.900391 1.067383 0.000000 0.000000 0.000000
    25 0.000000 0.272305 2.901285 0.000000 0.000000 0.000000
    26 -0.021851 -0.545410 0.000000 0.000000 0.000000 0.000000
    27 0.585312 0.235277 0.578294 0.738426 -0.416944 -1.283885
    28 2.306785 0.010602 0.000001 0.000000 0.000000 -0.273676
    29 1.234327 -0.010016 -0.000001 0.000000 0.000000 -0.799618
    30 1.419017 -2.324533 -0.168330 0.000000 -0.052360 -1.523672
    31 1.705078 0.018570 -0.000002 0.000000 -0.376991 -0.005236
    32 1.169922 -0.007072 0.000002 0.000000 -0.612611 0.010472
    33 0.511230 -2.587891 -0.171265 0.068179 -0.280440 -1.750247
    34 1.836914 0.009186 0.000000 -3.141591 -1.523670 -3.131118
    35 1.439453 0.012917 -0.000002 0.000000 -1.099558 0.005236
    36 -0.359256 -2.261720 -0.168329 0.017968 -0.224442 -1.724665
    37 1.887695 -0.005322 0.000004 0.000002 -1.544617 0.036656
    38 1.369174 -0.010806 0.000002 0.000000 -1.130973 0.010472
    39 -1.191442 -1.688595 -0.168331 0.000000 -0.235619 -1.685988
    40 1.688477 -0.013489 -0.000001 0.000000 -0.753982 0.005229
    41 1.072266 0.022141 -0.000002 0.000000 -1.371829 -0.010472
    42 0.000000 -2.069933 1.571501 0.012512 0.014166 0.002001
    43 -0.000001 -3.707031 1.591797 0.000000 0.000000 0.000000
    44 0.000001 -1.273097 2.092734 0.000000 0.000000 0.000000
    45 0.000000 -1.329787 2.134425 0.000000 0.000000 0.000000
    46 0.000000 -1.103783 -4.276332 -0.037704 0.013746 0.004806
    47 0.000002 -3.744141 1.536133 0.000000 0.000000 0.000000
    48 0.500002 9.999993 0.000002 -1.570796 0.000000 -1.570796
    49 0.500002 9.999993 0.000002 -1.570796 0.000000 -1.570796
    50 0.000000 0.000005 0.000001 -1.570796 0.000000 -1.570796
    51 0.000001 0.000003 -0.500010 -1.570796 0.000000 -1.570796
    52 -0.000001 0.000000 -0.000002 -1.570796 0.000000 0.000000
    53 0.000000 0.000000 0.000000 -1.570797 0.000000 0.000000
    54 0.000001 0.000000 0.000000 -1.570796 0.000000 0.000000
    55 0.000000 0.000000 0.000002 -1.570796 0.000000 0.000000
    56 -0.000003 0.000000 0.000001 -1.570796 0.000000 0.000000
    57 0.000000 0.000000 0.000000 -1.570796 0.000000 0.000000
    58 0.000000 0.000000 -0.000002 -1.570796 0.000000 0.000000
    59 0.000000 0.000000 0.000001 -1.570796 0.000000 0.000000
    60 -0.000003 0.000000 0.000000 -1.570796 0.000000 0.000000
    61 -0.000001 0.000000 0.000000 -1.570796 0.000000 0.000000
    62 0.000000 0.000000 0.000000 -1.570796 0.000001 0.000000
    63 0.000000 0.000000 0.000000 -1.570796 0.000001 0.000000
    64 0.000000 0.000000 0.000001 3.141593 0.000000 0.000000
    65 0.000000 0.000000 0.000000 3.141593 0.000000 0.000000
    66 0.000001 -0.000001 0.000002 3.141592 0.000000 0.000000
    67 0.000000 10.000002 -0.000005 -1.570796 0.000000 -1.570796
    68 0.000000 10.000002 -0.000005 -1.570796 0.000000 -1.570796
    69 0.000000 0.000005 -0.000003 -1.570796 0.000000 -1.570796
    70 -0.000002 0.000006 -0.500010 -1.570796 0.000000 -1.570796
    71 -0.000004 0.000000 -0.000002 -1.570796 0.000000 0.000000
    72 0.000000 0.000000 0.000000 -1.570796 0.000000 0.000000
    73 0.000000 0.000000 0.000000 -1.570796 0.000000 0.000000
    74 -0.000002 0.000000 0.000000 -1.570796 0.000000 0.000000
    75 0.000002 0.000000 0.000000 -1.570796 0.000000 0.000000
    76 0.000006 0.000000 0.000000 -1.570796 0.000000 0.000000
    77 0.000001 0.000000 0.000000 -1.570796 0.000000 0.000000
    78 0.000000 0.000000 0.000000 -1.570796 0.000000 0.000000
    79 0.000003 0.000000 0.000000 -1.570796 0.000000 0.000000
    80 0.000000 0.000000 0.000000 -1.570796 0.000000 0.000000
    81 0.000002 0.000000 -0.000001 -1.570796 0.000000 0.000000
    82 0.000000 0.000000 0.000000 -1.570796 0.000000 0.000000
    83 0.000000 0.000000 -0.000003 0.000000 0.000000 0.000000
    84 0.000000 0.000000 0.000000 0.000000 0.000000 0.000000
    85 0.000000 0.000001 -0.000001 0.000000 0.000000 0.000000
  time 25
    0 -9.751741 0.267987 -9.421022 -4.314265 1.225315 -4.048484
    1 0.026867 -11.331078 -0.000002 -0.191090 -0.178011 0.207541
    2 0.000000 -0.570313 0.000000 0.000000 0.000000 0.000000
    3 -0.523475 0.288004 0.594726 0.122099 -0.685270 -2.570174
    4 2.276719 -0.116411 -0.000001 0.000000 0.000000 0.068890
    5 1.069446 0.056463 0.000000 0.000000 0.000000 0.848230
    6 -1.355754 -2.286684 -0.142105 0.000000 -0.082426 -1.638864
    7 1.726295 -0.000584 0.000001 0.000000 0.023461 0.005236
    8 1.203226 -0.010942 0.000001 0.000000 -0.098038 0.000000
    9 -0.422716 -2.482385 -0.142105 -0.145464 1.017065 -1.581754
    10 1.925233 0.004627 0.000003 -0.000192 -0.632250 -6.282802
    11 1.416995 0.008475 0.000000 0.000000 -0.363052 0.020944
    12 0.376671 -2.160851 -0.146011 -0.082782 0.836164 -1.510377
    13 1.952478 0.053687 0.000000 -0.000001 -0.644900 -0.010473
    14 1.358065 0.003407 0.000000 0.000001 -0.263926 0.005236
    15 1.186960 -1.659521 -0.138199 0.000000 0.659583 -1.445133
    16 1.678301 0.022111 -0.000001 0.000000 -0.188568 -0.005236
    17 1.089296 -0.001050 -0.000001 0.000000 -0.352845 0.000000
    18 11.257887 0.725166 -7.122645 -1.925708 -1.141175 1.617738
    19 -0.295538 -11.156286 0.000002 0.051036 0.030131 -0.412796
    20 0.961697 -4.317705 1.686615 1.610632 -1.047554 -1.557435
    21 0.000000 2.791016 0.898926 0.000000 0.000000 0.000000
    22 0.000000 -0.088013 2.902344 0.000000 0.000000 0.000000
    23 -0.490966 -4.492466 0.840004 0.795529 1.499894 0.860951
    24 -0.000002 2.900391 1.067383 0.000000 0.000000 0.000000
    25 0.000000 0.272305 2.901285 0.000000 0.000000 0.000000
    26 -0.021851 -0.545410 0.000000 0.000000 0.000000 0.000000
    27 0.581406 0.235277 0.578294 0.728922 -0.418425 -1.281240
    28 2.306785 0.010602 0.000001 0.000000 0.000000 -0.282653
    29 1.234327 -0.010016 -0.000001 0.000000 0.000000 -0.809532
    30 1.419017 -2.324533 -0.168330 0.000000 -0.052360 -1.523672
    31 1.705078 0.018570 -0.000002 0.000000 -0.376991 -0.005236
    32 1.169922 -0.007072 0.000002 0.000000 -0.612611 0.010472
    33 0.511230 -2.587891 -0.171265 0.068179 -0.280440 -1.750247
    34 1.836914 0.009186 0.000000 -3.141591 -1.523670 -3.131118
    35 1.439453 0.012917 -0.000002 0.000000 -1.099558 0.005236
    36 -0.359256 -2.261720 -0.168329 0.017968 -0.224442 -1.724665
    37 1.887695 -0.005322 0.000004 0.000002 -1.544617 0.036656
    38 1.369174 -0.010806 0.000002 0.000000 -1.130973 0.010472
    39 -1.191442 -1.692502 -0.168331 0.000000 -0.235619 -1.685988
    40 1.688477 -0.013489 -0.000001 0.000000 -0.753982 0.005229
    41 1.072266 0.022141 -0.000002 0.000000 -1.371829 -0.010472
    42 0.000000 -2.069933 1.567595 0.013638 0.015436 0.002241
    43 -0.000001 -3.707031 1.591797 0.000000 0.000000 0.000000
    44 0.000001 -1.273097 2.092734 0.000000 0.000000 0.000000
    45 0.000000 -1.329787 2.134425 0.000000 0.000000 0.000000
    46 0.000000 -0.947528 -7.233454 -0.049700 0.015676 0.006220
    47 0.000002 -3.744141 1.536133 0.000000 0.000000 0.000000
    48 0.500002 9.999993 0.000002 -1.570796 0.000000 -1.570796
    49 0.500002 9.999993 0.000002 -1.570796 0.000000 -1.570796
    50 0.000000 0.000005 0.000001 -1.570796 0.000000 -1.570796
    51 0.000001 0.000003 -0.500010 -1.570796 0.000000 -1.570796
    52 -0.000001 0.000000 -0.000002 -1.570796 0.000000 0.000000
    53 0.000000 0.000000 0.000000 -1.570797 0.000000 0.000000
    54 0.000001 0.000000 0.000000 -1.570796 0.000000 0.000000
    55 0.000000 0.000000 0.000002 -1.570796 0.000000 0.000000
    56 -0.000003 0.000000 0.000001 -1.570796 0.000000 0.000000
    57 0.000000 0.000000 0.000000 -1.570796 0.000000 0.000000
    58 0.000000 0.000000 -0.000002 -1.570796 0.000000 0.000000
    59 0.000000 0.000000 0.000001 -1.570796 0.000000 0.000000
    60 -0.000003 0.000000 0.000000 -1.570796 0.000000 0.000000
    61 -0.000001 0.000000 0.000000 -1.570796 0.000000 0.000000
    62 0.000000 0.000000 0.000000 -1.570796 0.000001 0.000000
    63 0.000000 0.000000 0.000000 -1.570796 0.000001 0.000000
    64 0.000000 0.000000 0.000001 3.141593 0.000000 0.000000
    65 0.000000 0.000000 0.000000 3.141593 0.000000 0.000000
    66 0.000001 -0.000001 0.000002 3.141592 0.000000 0.000000
    67 0.000000 10.000002 -0.000005 -1.570796 0.000000 -1.570796
    68 0.000000 10.000002 -0.000005 -1.570796 0.000000 -1.570796
    69 0.000000 0.000005 -0.000003 -1.570796 0.000000 -1.570796
    70 -0.000002 0.000006 -0.500010 -1.570796 0.000000 -1.570796
    71 -0.000004 0.000000 -0.000002 -1.570796 0.000000 0.000000
    72 0.000000 0.000000 0.000000 -1.570796 0.000000 0.000000
    73 0.000000 0.000000 0.000000 -1.570796 0.000000 0.000000
    74 -0.000002 0.000000 0.000000 -1.570796 0.000000 0.000000
    75 0.000002 0.000000 0.000000 -1.570796 0.000000 0.000000
    76 0.000006 0.000000 0.000000 -1.570796 0.000000 0.000000
    77 0.000001 0.000000 0.000000 -1.570796 0.000000 0.000000
    78 0.000000 0.000000 0.000000 -1.570796 0.000000 0.000000
    79 0.000003 0.000000 0.000000 -1.570796 0.000000 0.000000
    80 0.000000 0.000000 0.000000 -1.570796 0.000000 0.000000
    81 0.000002 0.000000 -0.000001 -1.570796 0.000000 0.000000
    82 0.000000 0.000000 0.000000 -1.570796 0.000000 0.000000
    83 0.000000 0.000000 -0.000003 0.000000 0.000000 0.000000
    84 0.000000 0.000000 0.000000 0.000000 0.000000 0.000000
    85 0.000000 0.000001 -0.000001 0.000000 0.000000 0.000000
  time 26
    0 -9.560329 -0.232028 -9.983539 -4.410348 1.141666 -4.111995
    1 0.026867 -11.331078 -0.000002 -0.115959 -0.176578 0.263099
    2 0.000000 -0.570313 0.000000 0.000000 0.000000 0.000000
    3 -0.523475 0.288004 0.586913 0.111571 -0.670010 -2.552437
    4 2.276719 -0.120318 -0.000001 0.000000 0.000000 0.065396
    5 1.069446 0.056463 0.000000 0.000000 0.000000 0.848230
    6 -1.355754 -2.282777 -0.142105 0.000000 -0.082256 -1.638864
    7 1.730202 -0.000584 0.000001 0.000000 0.022224 0.005236
    8 1.203226 -0.010942 0.000001 0.000000 -0.099425 0.000000
    9 -0.430529 -2.486292 -0.142105 -0.132005 0.953026 -1.565577
    10 1.929139 0.004627 0.000003 -0.000096 -0.677331 -6.283089
    11 1.413089 0.008475 0.000000 0.000000 -0.378221 0.020944
    12 0.384484 -2.160851 -0.146011 -0.078779 0.789434 -1.504852
    13 1.960290 0.053687 0.000000 -0.000001 -0.690478 -0.010473
    14 1.361971 0.003407 0.000000 0.000001 -0.287694 0.005236
    15 1.190866 -1.655615 -0.138199 0.000000 0.619786 -1.445133
    16 1.674395 0.018204 -0.000001 0.000000 -0.213254 -0.005236
    17 1.081483 -0.001050 -0.000001 0.000000 -0.386378 0.000000
    18 11.226637 0.721260 -7.196866 -1.821630 -1.156678 1.495368
    19 -0.295538 -11.164099 0.000002 0.173783 -0.049512 -0.416911
    20 1.153110 -4.325517 1.561611 1.572186 -1.210158 -1.559016
    21 0.000000 2.791016 0.898926 0.000000 0.000000 0.000000
    22 0.000000 -0.088013 2.902344 0.000000 0.000000 0.000000
    23 -0.490966 -4.488559 0.847817 0.814099 1.498396 0.878637
    24 -0.000002 2.900391 1.067383 0.000000 0.000000 0.000000
    25 0.000000 0.272305 2.901285 0.000000 0.000000 0.000000
    26 -0.021851 -0.545410 0.000000 0.000000 0.000000 0.000000
    27 0.581406 0.235277 0.578294 0.719541 -0.419932 -1.278264
    28 2.306785 0.010602 0.000001 0.000000 0.000000 -0.291412
    29 1.242140 -0.010016 -0.000001 0.000000 0.000000 -0.818924
    30 1.419017 -2.324533 -0.168330 0.000000 -0.052360 -1.523672
    31 1.705078 0.018570 -0.000002 0.000000 -0.376991 -0.005236
    32 1.169922 -0.007072 0.000002 0.000000 -0.612611 0.010472
    33 0.511230 -2.587891 -0.171265 0.068179 -0.280440 -1.750247
    34 1.836914 0.009186 0.000000 -3.141591 -1.523670 -3.131118
    35 1.439453 0.012917 -0.000002 0.000000 -1.099558 0.005236
    36 -0.359256 -2.257814 -0.168329 0.017968 -0.224442 -1.724665
    37 1.887695 -0.005322 0.000004 0.000002 -1.544617 0.036656
    38 1.365267 -0.010806 0.000002 0.000000 -1.130973 0.010472
    39 -1.191442 -1.692502 -0.168331 0.000000 -0.235619 -1.685988
    40 1.688477 -0.013489 -0.000001 0.000000 -0.753982 0.005229
    41 1.072266 0.022141 -0.000002 0.000000 -1.371829 -0.010472
    42 0.000000 -2.069933 1.567595 0.014909 0.016814 0.002481
    43 -0.000001 -3.707031 1.591797 0.000000 0.000000 0.000000
    44 0.000001 -1.273097 2.092734 0.000000 0.000000 0.000000
    45 0.000000 -1.329787 2.134425 0.000000 0.000000 0.000000
    46 0.000000 -0.732678 -11.264827 -0.062320 0.017318 0.007646
    47 0.000002 -3.744141 1.536133 0.000000 0.000000 0.000000
    48 0.500002 9.999993 0.000002 -1.570796 0.000000 -1.570796
    49 0.500002 9.999993 0.000002 -1.570796 0.000000 -1.570796
    50 0.000000 0.000005 0.000001 -1.570796 0.000000 -1.570796
    51 0.000001 0.000003 -0.500010 -1.570796 0.000000 -1.570796
    52 -0.000001 0.000000 -0.000002 -1.570796 0.000000 0.000000
    53 0.000000 0.000000 0.000000 -1.570797 0.000000 0.000000
    54 0.000001 0.000000 0.000000 -1.570796 0.000000 0.000000
    55 0.000000 0.000000 0.000002 -1.570796 0.000000 0.000000
    56 -0.000003 0.000000 0.000001 -1.570796 0.000000 0.000000
    57 0.000000 0.000000 0.000000 -1.570796 0.000000 0.000000
    58 0.000000 0.000000 -0.000002 -1.570796 0.000000 0.000000
    59 0.000000 0.000000 0.000001 -1.570796 0.000000 0.000000
    60 -0.000003 0.000000 0.000000 -1.570796 0.000000 0.000000
    61 -0.000001 0.000000 0.000000 -1.570796 0.000000 0.000000
    62 0.000000 0.000000 0.000000 -1.570796 0.000001 0.000000
    63 0.000000 0.000000 0.000000 -1.570796 0.000001 0.000000
    64 0.000000 0.000000 0.000001 3.141593 0.000000 0.000000
    65 0.000000 0.000000 0.000000 3.141593 0.000000 0.000000
    66 0.000001 -0.000001 0.000002 3.141592 0.000000 0.000000
    67 0.000000 10.000002 -0.000005 -1.570796 0.000000 -1.570796
    68 0.000000 10.000002 -0.000005 -1.570796 0.000000 -1.570796
    69 0.000000 0.000005 -0.000003 -1.570796 0.000000 -1.570796
    70 -0.000002 0.000006 -0.500010 -1.570796 0.000000 -1.570796
    71 -0.000004 0.000000 -0.000002 -1.570796 0.000000 0.000000
    72 0.000000 0.000000 0.000000 -1.570796 0.000000 0.000000
    73 0.000000 0.000000 0.000000 -1.570796 0.000000 0.000000
    74 -0.000002 0.000000 0.000000 -1.570796 0.000000 0.000000
    75 0.000002 0.000000 0.000000 -1.570796 0.000000 0.000000
    76 0.000006 0.000000 0.000000 -1.570796 0.000000 0.000000
    77 0.000001 0.000000 0.000000 -1.570796 0.000000 0.000000
    78 0.000000 0.000000 0.000000 -1.570796 0.000000 0.000000
    79 0.000003 0.000000 0.000000 -1.570796 0.000000 0.000000
    80 0.000000 0.000000 0.000000 -1.570796 0.000000 0.000000
    81 0.000002 0.000000 -0.000001 -1.570796 0.000000 0.000000
    82 0.000000 0.000000 0.000000 -1.570796 0.000000 0.000000
    83 0.000000 0.000000 -0.000003 0.000000 0.000000 0.000000
    84 0.000000 0.000000 0.000000 0.000000 0.000000 0.000000
    85 0.000000 0.000001 -0.000001 0.000000 0.000000 0.000000
  time 27
    0 -9.259539 -0.470317 -10.608558 -4.558471 0.990713 -4.173302
    1 0.026867 -11.331078 -0.000002 -0.005230 -0.200660 0.254390
    2 0.000000 -0.570313 0.000000 0.000000 0.000000 0.000000
    3 -0.523475 0.288004 0.590819 0.101952 -0.655166 -2.535817
    4 2.280626 -0.124224 -0.000001 0.000000 0.000000 0.062171
    5 1.069446 0.056463 0.000000 0.000000 0.000000 0.848230
    6 -1.355754 -2.282777 -0.142105 0.000000 -0.082044 -1.638864
    7 1.730202 -0.000584 0.000001 0.000000 0.020940 0.005236
    8 1.203226 -0.010942 0.000001 0.000000 -0.100951 0.000000
    9 -0.426622 -2.486292 -0.142105 -0.108971 0.794617 -1.535718
    10 1.925233 0.004627 0.000003 -0.000096 -0.761132 -6.282993
    11 1.416995 0.008475 0.000000 0.000000 -0.408428 0.020944
    12 0.380577 -2.164757 -0.146011 -0.070977 0.673930 -1.493179
    13 1.952478 0.053687 0.000000 -0.000001 -0.774966 -0.010473
    14 1.365878 0.003407 0.000000 0.000001 -0.334064 0.005236
    15 1.190866 -1.655615 -0.142105 0.000000 0.521162 -1.445133
    16 1.674395 0.018204 -0.000001 0.000000 -0.274258 -0.005236
    17 1.085390 -0.001050 -0.000001 0.000000 -0.450476 0.000000
    18 11.152416 0.717354 -7.325776 -1.539361 -1.170735 1.167018
    19 -0.295538 -11.164099 0.000002 0.298076 -0.130669 -0.426555
    20 1.172641 -4.329424 1.444420 0.080103 -1.549641 -0.151666
    21 0.000000 2.791016 0.898926 0.000000 0.000000 0.000000
    22 0.000000 -0.088013 2.902344 0.000000 0.000000 0.000000
    23 -0.490966 -4.492466 0.847817 0.831767 1.496885 0.895544
    24 -0.000002 2.900391 1.067383 0.000000 0.000000 0.000000
    25 0.000000 0.272305 2.901285 0.000000 0.000000 0.000000
    26 -0.021851 -0.545410 0.000000 0.000000 0.000000 0.000000
    27 0.585312 0.239183 0.590013 0.710283 -0.421516 -1.275559
    28 2.306785 0.010602 0.000001 0.000000 0.000000 -0.299955
    29 1.242140 -0.010016 -0.000001 0.000000 0.000000 -0.827610
    30 1.419017 -2.324533 -0.168330 0.000000 -0.052360 -1.523672
    31 1.705078 0.018570 -0.000002 0.000000 -0.376991 -0.005236
    32 1.169922 -0.007072 0.000002 0.000000 -0.612611 0.010472
    33 0.511230 -2.587891 -0.171265 0.068179 -0.280440 -1.750247
    34 1.836914 0.009186 0.000000 -3.141591 -1.523670 -3.131118
    35 1.439453 0.012917 -0.000002 0.000000 -1.099558 0.005236
    36 -0.359256 -2.261720 -0.168329 0.017968 -0.224442 -1.724665
    37 1.887695 -0.005322 0.000004 0.000002 -1.544617 0.036656
    38 1.365267 -0.010806 0.000002 0.000000 -1.130973 0.010472
    39 -1.191442 -1.688595 -0.168331 0.000000 -0.235619 -1.685988
    40 1.688477 -0.013489 -0.000001 0.000000 -0.753982 0.005229
    41 1.072266 0.022141 -0.000002 0.000000 -1.371829 -0.010472
    42 0.000000 -2.069933 1.567595 0.016107 0.018264 0.002660
    43 -0.000001 -3.707031 1.591797 0.000000 0.000000 0.000000
    44 0.000001 -1.273097 2.092734 0.000000 0.000000 0.000000
    45 0.000000 -1.329787 2.134425 0.000000 0.000000 0.000000
    46 0.000000 -0.502202 -15.686836 -0.075192 0.018924 0.009132
    47 0.000002 -3.744141 1.536133 0.000000 0.000000 0.000000
    48 0.500002 9.999993 0.000002 -1.570796 0.000000 -1.570796
    49 0.500002 9.999993 0.000002 -1.570796 0.000000 -1.570796
    50 0.000000 0.000005 0.000001 -1.570796 0.000000 -1.570796
    51 0.000001 0.000003 -0.500010 -1.570796 0.000000 -1.570796
    52 -0.000001 0.000000 -0.000002 -1.570796 0.000000 0.000000
    53 0.000000 0.000000 0.000000 -1.570797 0.000000 0.000000
    54 0.000001 0.000000 0.000000 -1.570796 0.000000 0.000000
    55 0.000000 0.000000 0.000002 -1.570796 0.000000 0.000000
    56 -0.000003 0.000000 0.000001 -1.570796 0.000000 0.000000
    57 0.000000 0.000000 0.000000 -1.570796 0.000000 0.000000
    58 0.000000 0.000000 -0.000002 -1.570796 0.000000 0.000000
    59 0.000000 0.000000 0.000001 -1.570796 0.000000 0.000000
    60 -0.000003 0.000000 0.000000 -1.570796 0.000000 0.000000
    61 -0.000001 0.000000 0.000000 -1.570796 0.000000 0.000000
    62 0.000000 0.000000 0.000000 -1.570796 0.000001 0.000000
    63 0.000000 0.000000 0.000000 -1.570796 0.000001 0.000000
    64 0.000000 0.000000 0.000001 3.141593 0.000000 0.000000
    65 0.000000 0.000000 0.000000 3.141593 0.000000 0.000000
    66 0.000001 -0.000001 0.000002 3.141592 0.000000 0.000000
    67 0.000000 10.000002 -0.000005 -1.570796 0.000000 -1.570796
    68 0.000000 10.000002 -0.000005 -1.570796 0.000000 -1.570796
    69 0.000000 0.000005 -0.000003 -1.570796 0.000000 -1.570796
    70 -0.000002 0.000006 -0.500010 -1.570796 0.000000 -1.570796
    71 -0.000004 0.000000 -0.000002 -1.570796 0.000000 0.000000
    72 0.000000 0.000000 0.000000 -1.570796 0.000000 0.000000
    73 0.000000 0.000000 0.000000 -1.570796 0.000000 0.000000
    74 -0.000002 0.000000 0.000000 -1.570796 0.000000 0.000000
    75 0.000002 0.000000 0.000000 -1.570796 0.000000 0.000000
    76 0.000006 0.000000 0.000000 -1.570796 0.000000 0.000000
    77 0.000001 0.000000 0.000000 -1.570796 0.000000 0.000000
    78 0.000000 0.000000 0.000000 -1.570796 0.000000 0.000000
    79 0.000003 0.000000 0.000000 -1.570796 0.000000 0.000000
    80 0.000000 0.000000 0.000000 -1.570796 0.000000 0.000000
    81 0.000002 0.000000 -0.000001 -1.570796 0.000000 0.000000
    82 0.000000 0.000000 0.000000 -1.570796 0.000000 0.000000
    83 0.000000 0.000000 -0.000003 0.000000 0.000000 0.000000
    84 0.000000 0.000000 0.000000 0.000000 0.000000 0.000000
    85 0.000000 0.000001 -0.000001 0.000000 0.000000 0.000000
  time 28
    0 -8.677490 -0.603133 -11.721873 -4.690687 0.837387 -4.189683
    1 0.026867 -11.331078 -0.000002 0.104506 -0.237968 0.178486
    2 0.000000 -0.570313 0.000000 0.000000 0.000000 0.000000
    3 -0.519569 0.288004 0.590819 0.093345 -0.641020 -2.520576
    4 2.276719 -0.120318 -0.000001 0.000000 0.000000 0.059282
    5 1.069446 0.056463 0.000000 0.000000 0.000000 0.848230
    6 -1.359660 -2.278871 -0.142105 0.000000 -0.081789 -1.638864
    7 1.726295 -0.000584 0.000001 0.000000 0.019546 0.005236
    8 1.203226 -0.010942 0.000001 0.000000 -0.102477 0.000000
    9 -0.426622 -2.482385 -0.142105 -0.091833 0.590459 -1.509047
    10 1.925233 0.004627 0.000003 -0.000192 -0.851515 -6.282898
    11 1.416995 0.008475 0.000000 0.000000 -0.442655 0.020944
    12 0.376671 -2.160851 -0.146011 -0.064086 0.525379 -1.481015
    13 1.960290 0.057593 0.000000 -0.000001 -0.864965 -0.010473
    14 1.365878 0.003407 0.000000 0.000001 -0.385750 0.005236
    15 1.183053 -1.659521 -0.138199 0.000000 0.394463 -1.445133
    16 1.674395 0.018204 -0.000001 0.000000 -0.352668 -0.005236
    17 1.085390 -0.001050 -0.000001 0.000000 -0.520658 0.000000
    18 11.054756 0.705635 -7.493750 -1.281890 -1.150896 0.866850
    19 -0.299444 -11.156286 0.000002 0.391467 -0.187610 -0.443571
    20 1.078889 -4.356768 1.315510 0.080103 -1.549641 -0.151666
    21 0.000000 2.791016 0.898926 0.000000 0.000000 0.000000
    22 0.000000 -0.088013 2.902344 0.000000 0.000000 0.000000
    23 -0.487059 -4.492466 0.843910 0.848624 1.495339 0.911728
    24 -0.000002 2.900391 1.067383 0.000000 0.000000 0.000000
    25 0.000000 0.272305 2.901285 0.000000 0.000000 0.000000
    26 -0.021851 -0.545410 0.000000 0.000000 0.000000 0.000000
    27 0.581406 0.235277 0.586107 0.701194 -0.423126 -1.272553
    28 2.306785 0.010602 0.000001 0.000000 0.000000 -0.308279
    29 1.238233 -0.010016 -0.000001 0.000000 0.000000 -0.835805
    30 1.419017 -2.324533 -0.168330 0.000000 -0.052360 -1.523672
    31 1.705078 0.018570 -0.000002 0.000000 -0.376991 -0.005236
    32 1.169922 -0.007072 0.000002 0.000000 -0.612611 0.010472
    33 0.511230 -2.587891 -0.171265 0.068179 -0.280440 -1.750247
    34 1.836914 0.009186 0.000000 -3.141591 -1.523670 -3.131118
    35 1.439453 0.012917 -0.000002 0.000000 -1.099558 0.005236
    36 -0.359256 -2.261720 -0.168329 0.017968 -0.224442 -1.724665
    37 1.887695 -0.005322 0.000004 0.000002 -1.544617 0.036656
    38 1.369174 -0.010806 0.000002 0.000000 -1.130973 0.010472
    39 -1.191442 -1.688595 -0.168331 0.000000 -0.235619 -1.685988
    40 1.688477 -0.013489 -0.000001 0.000000 -0.753982 0.005229
    41 1.072266 0.022141 -0.000002 0.000000 -1.371829 -0.010472
    42 0.000000 -2.077746 1.571501 0.017438 0.019715 0.002864
    43 -0.000001 -3.707031 1.591797 0.000000 0.000000 0.000000
    44 0.000001 -1.273097 2.092734 0.000000 0.000000 0.000000
    45 0.000000 -1.329787 2.134425 0.000000 0.000000 0.000000
    46 0.000000 -0.291258 -19.718210 -0.088183 0.020673 0.010606
    47 0.000002 -3.744141 1.536133 0.000000 0.000000 0.000000
    48 0.500002 9.999993 0.000002 -1.570796 0.000000 -1.570796
    49 0.500002 9.999993 0.000002 -1.570796 0.000000 -1.570796
    50 0.000000 0.000005 0.000001 -1.570796 0.000000 -1.570796
    51 0.000001 0.000003 -0.500010 -1.570796 0.000000 -1.570796
    52 -0.000001 0.000000 -0.000002 -1.570796 0.000000 0.000000
    53 0.000000 0.000000 0.000000 -1.570797 0.000000 0.000000
    54 0.000001 0.000000 0.000000 -1.570796 0.000000 0.000000
    55 0.000000 0.000000 0.000002 -1.570796 0.000000 0.000000
    56 -0.000003 0.000000 0.000001 -1.570796 0.000000 0.000000
    57 0.000000 0.000000 0.000000 -1.570796 0.000000 0.000000
    58 0.000000 0.000000 -0.000002 -1.570796 0.000000 0.000000
    59 0.000000 0.000000 0.000001 -1.570796 0.000000 0.000000
    60 -0.000003 0.000000 0.000000 -1.570796 0.000000 0.000000
    61 -0.000001 0.000000 0.000000 -1.570796 0.000000 0.000000
    62 0.000000 0.000000 0.000000 -1.570796 0.000001 0.000000
    63 0.000000 0.000000 0.000000 -1.570796 0.000001 0.000000
    64 0.000000 0.000000 0.000001 3.141593 0.000000 0.000000
    65 0.000000 0.000000 0.000000 3.141593 0.000000 0.000000
    66 0.000001 -0.000001 0.000002 3.141592 0.000000 0.000000
    67 0.000000 10.000002 -0.000005 -1.570796 0.000000 -1.570796
    68 0.000000 10.000002 -0.000005 -1.570796 0.000000 -1.570796
    69 0.000000 0.000005 -0.000003 -1.570796 0.000000 -1.570796
    70 -0.000002 0.000006 -0.500010 -1.570796 0.000000 -1.570796
    71 -0.000004 0.000000 -0.000002 -1.570796 0.000000 0.000000
    72 0.000000 0.000000 0.000000 -1.570796 0.000000 0.000000
    73 0.000000 0.000000 0.000000 -1.570796 0.000000 0.000000
    74 -0.000002 0.000000 0.000000 -1.570796 0.000000 0.000000
    75 0.000002 0.000000 0.000000 -1.570796 0.000000 0.000000
    76 0.000006 0.000000 0.000000 -1.570796 0.000000 0.000000
    77 0.000001 0.000000 0.000000 -1.570796 0.000000 0.000000
    78 0.000000 0.000000 0.000000 -1.570796 0.000000 0.000000
    79 0.000003 0.000000 0.000000 -1.570796 0.000000 0.000000
    80 0.000000 0.000000 0.000000 -1.570796 0.000000 0.000000
    81 0.000002 0.000000 -0.000001 -1.570796 0.000000 0.000000
    82 0.000000 0.000000 0.000000 -1.570796 0.000000 0.000000
    83 0.000000 0.000000 -0.000003 0.000000 0.000000 0.000000
    84 0.000000 0.000000 0.000000 0.000000 0.000000 0.000000
    85 0.000000 0.000001 -0.000001 0.000000 0.000000 0.000000
  time 29
    0 -7.841527 -0.747669 -13.421144 -4.808194 0.696599 -4.175410
    1 0.026867 -11.331078 -0.000002 0.318412 -0.297099 -0.055081
    2 0.000000 -0.570313 0.000000 0.000000 0.000000 0.000000
    3 -0.519569 0.284097 0.586913 0.085869 -0.627677 -2.506781
    4 2.268907 -0.128130 -0.000001 0.000000 0.000000 0.056628
    5 1.069446 0.056463 0.000000 0.000000 0.000000 0.848230
    6 -1.355754 -2.274965 -0.142105 0.000000 -0.081492 -1.638864
    7 1.730202 -0.000584 0.000001 0.000000 0.018121 0.005236
    8 1.203226 -0.010942 0.000001 0.000000 -0.104086 0.000000
    9 -0.426622 -2.478479 -0.146012 -0.081622 0.363023 -1.486798
    10 1.925233 0.004627 0.000003 -0.000096 -0.942341 -6.282802
    11 1.416995 0.008475 0.000000 0.000000 -0.478221 0.020944
    12 0.376671 -2.164757 -0.149917 -0.059232 0.359985 -1.469689
    13 1.956384 0.053687 0.000000 -0.000001 -0.955405 -0.010473
    14 1.358065 0.003407 0.000000 0.000001 -0.438905 0.005236
    15 1.194772 -1.655615 -0.138199 0.000000 0.253437 -1.445133
    16 1.674395 0.018204 -0.000001 0.000000 -0.439890 -0.005236
    17 1.081483 -0.001050 -0.000001 0.000000 -0.592154 0.000000
    18 10.953191 0.697822 -7.692975 -1.095151 -1.112374 0.643737
    19 -0.295538 -11.160193 0.000002 0.454423 -0.215398 -0.471594
    20 0.895289 -4.368487 1.190506 0.080103 -1.549641 -0.151666
    21 0.000000 2.791016 0.898926 0.000000 0.000000 0.000000
    22 0.000000 -0.088013 2.902344 0.000000 0.000000 0.000000
    23 -0.487059 -4.492466 0.836098 0.864670 1.493805 0.926911
    24 -0.000002 2.900391 1.067383 0.000000 0.000000 0.000000
    25 0.000000 0.272305 2.901285 0.000000 0.000000 0.000000
    26 -0.021851 -0.545410 0.000000 0.000000 0.000000 0.000000
    27 0.585312 0.235277 0.586107 0.692182 -0.424800 -1.269728
    28 2.306785 0.010602 0.000001 0.000000 0.000000 -0.316387
    29 1.234327 -0.010016 -0.000001 0.000000 0.000000 -0.843509
    30 1.419017 -2.324533 -0.168330 0.000000 -0.052360 -1.523672
    31 1.705078 0.018570 -0.000002 0.000000 -0.376991 -0.005236
    32 1.169922 -0.007072 0.000002 0.000000 -0.612611 0.010472
    33 0.511230 -2.587891 -0.171265 0.068179 -0.280440 -1.750247
    34 1.836914 0.009186 0.000000 -3.141591 -1.523670 -3.131118
    35 1.439453 0.012917 -0.000002 0.000000 -1.099558 0.005236
    36 -0.359256 -2.257814 -0.168329 0.017968 -0.224442 -1.724665
    37 1.887695 -0.005322 0.000004 0.000002 -1.544617 0.036656
    38 1.365267 -0.010806 0.000002 0.000000 -1.130973 0.010472
    39 -1.191442 -1.692502 -0.168331 0.000000 -0.235619 -1.685988
    40 1.688477 -0.013489 -0.000001 0.000000 -0.753982 0.005229
    41 1.072266 0.022141 -0.000002 0.000000 -1.371829 -0.010472
    42 0.000000 -2.073839 1.563689 0.018744 0.021189 0.003152
    43 -0.000001 -3.707031 1.591797 0.000000 0.000000 0.000000
    44 0.000001 -1.273097 2.088827 0.000000 0.000000 0.000000
    45 0.000000 -1.329787 2.134425 0.000000 0.000000 0.000000
    46 0.000000 -0.135003 -22.679237 -0.100875 0.022902 0.012033
    47 0.000002 -3.744141 1.536133 0.000000 0.000000 0.000000
    48 0.500002 9.999993 0.000002 -1.570796 0.000000 -1.570796
    49 0.500002 9.999993 0.000002 -1.570796 0.000000 -1.570796
    50 0.000000 0.000005 0.000001 -1.570796 0.000000 -1.570796
    51 0.000001 0.000003 -0.500010 -1.570796 0.000000 -1.570796
    52 -0.000001 0.000000 -0.000002 -1.570796 0.000000 0.000000
    53 0.000000 0.000000 0.000000 -1.570797 0.000000 0.000000
    54 0.000001 0.000000 0.000000 -1.570796 0.000000 0.000000
    55 0.000000 0.000000 0.000002 -1.570796 0.000000 0.000000
    56 -0.000003 0.000000 0.000001 -1.570796 0.000000 0.000000
    57 0.000000 0.000000 0.000000 -1.570796 0.000000 0.000000
    58 0.000000 0.000000 -0.000002 -1.570796 0.000000 0.000000
    59 0.000000 0.000000 0.000001 -1.570796 0.000000 0.000000
    60 -0.000003 0.000000 0.000000 -1.570796 0.000000 0.000000
    61 -0.000001 0.000000 0.000000 -1.570796 0.000000 0.000000
    62 0.000000 0.000000 0.000000 -1.570796 0.000001 0.000000
    63 0.000000 0.000000 0.000000 -1.570796 0.000001 0.000000
    64 0.000000 0.000000 0.000001 3.141593 0.000000 0.000000
    65 0.000000 0.000000 0.000000 3.141593 0.000000 0.000000
    66 0.000001 -0.000001 0.000002 3.141592 0.000000 0.000000
    67 0.000000 10.000002 -0.000005 -1.570796 0.000000 -1.570796
    68 0.000000 10.000002 -0.000005 -1.570796 0.000000 -1.570796
    69 0.000000 0.000005 -0.000003 -1.570796 0.000000 -1.570796
    70 -0.000002 0.000006 -0.500010 -1.570796 0.000000 -1.570796
    71 -0.000004 0.000000 -0.000002 -1.570796 0.000000 0.000000
    72 0.000000 0.000000 0.000000 -1.570796 0.000000 0.000000
    73 0.000000 0.000000 0.000000 -1.570796 0.000000 0.000000
    74 -0.000002 0.000000 0.000000 -1.570796 0.000000 0.000000
    75 0.000002 0.000000 0.000000 -1.570796 0.000000 0.000000
    76 0.000006 0.000000 0.000000 -1.570796 0.000000 0.000000
    77 0.000001 0.000000 0.000000 -1.570796 0.000000 0.000000
    78 0.000000 0.000000 0.000000 -1.570796 0.000000 0.000000
    79 0.000003 0.000000 0.000000 -1.570796 0.000000 0.000000
    80 0.000000 0.000000 0.000000 -1.570796 0.000000 0.000000
    81 0.000002 0.000000 -0.000001 -1.570796 0.000000 0.000000
    82 0.000000 0.000000 0.000000 -1.570796 0.000000 0.000000
    83 0.000000 0.000000 -0.000003 0.000000 0.000000 0.000000
    84 0.000000 0.000000 0.000000 0.000000 0.000000 0.000000
    85 0.000000 0.000001 -0.000001 0.000000 0.000000 0.000000
  time 30
    0 -6.923530 -0.798452 -15.167291 -4.905477 0.582052 -4.143032
    1 0.030773 -11.331078 -0.000002 0.569865 -0.299937 -0.375400
    2 0.000002 -0.570801 0.000000 0.000000 0.000000 0.000000
    3 -0.519569 0.284097 0.590819 0.079628 -0.615388 -2.494923
    4 2.280626 -0.124224 -0.000001 0.000000 0.000000 0.054209
    5 1.069446 0.056463 0.000000 0.000000 0.000000 0.848230
    6 -1.355754 -2.286684 -0.142105 0.000000 -0.081322 -1.638864
    7 1.726295 -0.000584 0.000001 0.000000 0.016524 0.005236
    8 1.203226 -0.010942 0.000001 0.000000 -0.105834 0.000000
    9 -0.430529 -2.482385 -0.142105 -0.077044 0.134529 -1.468126
    10 1.925233 0.004627 0.000003 -6.283088 -1.028299 -6.282898
    11 1.413089 0.008475 0.000000 0.000000 -0.512491 0.020944
    12 0.380577 -2.164757 -0.149917 -0.056548 0.193910 -1.459718
    13 1.952478 0.057593 0.000000 -0.000001 -1.040554 -0.010473
    14 1.365878 0.003407 0.000000 0.000001 -0.489812 0.005236
    15 1.186960 -1.655615 -0.138199 0.000000 0.111796 -1.445133
    16 1.678301 0.018204 -0.000001 0.000000 -0.527578 -0.005236
    17 1.085390 -0.001050 -0.000001 0.000000 -0.660243 0.000000
    18 10.851625 0.674384 -7.903919 -0.965523 -1.067311 0.482886
    19 -0.295538 -11.160193 0.000002 0.472698 -0.217135 -0.498355
    20 0.692158 -4.395832 1.085034 0.080103 -1.549641 -0.151666
    21 0.000000 2.791016 0.898926 0.000000 0.000000 0.000000
    22 0.000000 -0.088013 2.902344 0.000000 0.000000 0.000000
    23 -0.490966 -4.492466 0.840004 0.879994 1.492295 0.941315
    24 -0.000001 2.902344 1.065430 0.000000 0.000000 0.000000
    25 0.000000 0.272305 2.901285 0.000000 0.000000 0.000000
    26 -0.021851 -0.545898 0.000000 0.000000 0.000000 0.000000
    27 0.581406 0.239183 0.586107 0.683216 -0.426513 -1.266692
    28 2.310691 0.010602 0.000001 0.000000 0.000000 -0.324276
    29 1.242140 -0.010016 -0.000001 0.000000 0.000000 -0.850599
    30 1.419017 -2.332346 -0.168330 0.000000 -0.052360 -1.523672
    31 1.707031 0.018570 -0.000001 0.000000 -0.376991 -0.005236
    32 1.169922 -0.007076 -0.000001 0.000000 -0.612611 0.010472
    33 0.511719 -2.587891 -0.171265 0.068179 -0.280440 -1.750247
    34 1.837891 0.009178 -0.000001 -3.141591 -1.523670 -3.131118
    35 1.439453 0.012917 0.000000 0.000000 -1.099558 0.005236
    36 -0.359256 -2.269533 -0.168329 0.017968 -0.224442 -1.724665
    37 1.888672 -0.005322 0.000001 0.000002 -1.544617 0.036656
    38 1.369174 -0.010806 0.000002 0.000000 -1.130973 0.010472
    39 -1.187535 -1.692502 -0.168331 0.000000 -0.235619 -1.685988
    40 1.688477 -0.013481 -0.000002 0.000000 -0.753982 0.005229
    41 1.072266 0.022156 -0.000002 0.000000 -1.371829 -0.010472
    42 0.000000 -2.069933 1.567595 0.020002 0.022687 0.003392
    43 0.000000 -3.708984 1.591797 0.000000 0.000000 0.000000
    44 0.000000 -1.273438 2.097656 0.000000 0.000000 0.000000
    45 0.000000 -1.325880 2.134425 0.000000 0.000000 0.000000
    46 0.000000 -0.068595 -23.823804 -0.113231 0.025743 0.013399
    47 0.000003 -3.746094 1.536133 0.000000 0.000000 0.000000
    48 0.500002 9.999993 0.000002 -1.570796 0.000000 -1.570796
    49 0.500002 9.999993 0.000002 -1.570796 0.000000 -1.570796
    50 0.000000 0.000005 0.000001 -1.570796 0.000000 -1.570796
    51 0.000001 0.000003 -0.500010 -1.570796 0.000000 -1.570796
    52 -0.000001 0.000000 -0.000002 -1.570796 0.000000 0.000000
    53 0.000000 0.000000 0.000000 -1.570797 0.000000 0.000000
    54 0.000001 0.000000 0.000000 -1.570796 0.000000 0.000000
    55 0.000000 0.000000 0.000002 -1.570796 0.000000 0.000000
    56 -0.000003 0.000000 0.000001 -1.570796 0.000000 0.000000
    57 0.000000 0.000000 0.000000 -1.570796 0.000000 0.000000
    58 0.000000 0.000000 -0.000002 -1.570796 0.000000 0.000000
    59 0.000000 0.000000 0.000001 -1.570796 0.000000 0.000000
    60 -0.000003 0.000000 0.000000 -1.570796 0.000000 0.000000
    61 -0.000001 0.000000 0.000000 -1.570796 0.000000 0.000000
    62 0.000000 0.000000 0.000000 -1.570796 0.000001 0.000000
    63 0.000000 0.000000 0.000000 -1.570796 0.000001 0.000000
    64 0.000000 0.000000 0.000001 3.141593 0.000000 0.000000
    65 0.000000 0.000000 0.000000 3.141593 0.000000 0.000000
    66 0.000001 -0.000001 0.000002 3.141592 0.000000 0.000000
    67 0.000000 10.000002 -0.000005 -1.570796 0.000000 -1.570796
    68 0.000000 10.000002 -0.000005 -1.570796 0.000000 -1.570796
    69 0.000000 0.000005 -0.000003 -1.570796 0.000000 -1.570796
    70 -0.000002 0.000006 -0.500010 -1.570796 0.000000 -1.570796
    71 -0.000004 0.000000 -0.000002 -1.570796 0.000000 0.000000
    72 0.000000 0.000000 0.000000 -1.570796 0.000000 0.000000
    73 0.000000 0.000000 0.000000 -1.570796 0.000000 0.000000
    74 -0.000002 0.000000 0.000000 -1.570796 0.000000 0.000000
    75 0.000002 0.000000 0.000000 -1.570796 0.000000 0.000000
    76 0.000006 0.000000 0.000000 -1.570796 0.000000 0.000000
    77 0.000001 0.000000 0.000000 -1.570796 0.000000 0.000000
    78 0.000000 0.000000 0.000000 -1.570796 0.000000 0.000000
    79 0.000003 0.000000 0.000000 -1.570796 0.000000 0.000000
    80 0.000000 0.000000 0.000000 -1.570796 0.000000 0.000000
    81 0.000002 0.000000 -0.000001 -1.570796 0.000000 0.000000
    82 0.000000 0.000000 0.000000 -1.570796 0.000000 0.000000
    83 0.000000 0.000000 -0.000003 0.000000 0.000000 0.000000
    84 0.000000 0.000000 0.000000 0.000000 0.000000 0.000000
    85 0.000000 0.000001 -0.000001 0.000000 0.000000 0.000000
  time 31
    0 -6.138350 -0.610946 -16.452486 -4.973663 0.505165 -4.104715
    1 0.026867 -11.331078 -0.000002 0.795010 -0.222456 -0.686935
    2 0.000002 -0.570801 0.000000 0.000000 0.000000 0.000000
    3 -0.519569 0.284097 0.590819 0.074724 -0.604408 -2.484905
    4 2.280626 -0.124224 -0.000001 0.000000 0.000000 0.052059
    5 1.069446 0.056463 0.000000 0.000000 0.000000 0.848230
    6 -1.355754 -2.282777 -0.142105 0.000000 -0.081067 -1.638864
    7 1.730202 -0.000584 0.000001 0.000000 0.014927 0.005236
    8 1.199319 -0.010942 0.000001 0.000000 -0.107665 0.000000
    9 -0.426622 -2.486292 -0.142105 -0.076504 -0.072552 -1.452212
    10 1.925233 0.004627 0.000003 -0.000192 -1.103637 -6.283185
    11 1.416995 0.008475 0.000000 0.000000 -0.542828 0.020944
    12 0.372765 -2.164757 -0.146011 -0.055541 0.043399 -1.451233
    13 1.952478 0.049780 0.000000 -0.000001 -1.114956 -0.010473
    14 1.365878 0.003407 0.000000 0.000001 -0.534756 0.005236
    15 1.183053 -1.659521 -0.138199 0.000000 -0.016531 -1.445133
    16 1.674395 0.018204 -0.000001 0.000000 -0.606973 -0.005236
    17 1.089296 -0.001050 -0.000001 0.000000 -0.719961 0.000000
    18 10.769591 0.643133 -8.114863 -0.874126 -1.021489 0.364167
    19 -0.303351 -11.156286 0.000002 0.452732 -0.201132 -0.531579
    20 0.489027 -4.419270 1.003001 0.080103 -1.549641 -0.151666
    21 0.000000 2.791016 0.898926 0.000000 0.000000 0.000000
    22 0.000000 -0.088013 2.902344 0.000000 0.000000 0.000000
    23 -0.483153 -4.492466 0.840004 0.894237 1.490761 0.954941
    24 -0.000001 2.902344 1.065430 0.000000 0.000000 0.000000
    25 0.000000 0.268398 2.901285 0.000000 0.000000 0.000000
    26 -0.021851 -0.545898 0.000000 0.000000 0.000000 0.000000
    27 0.585312 0.235277 0.586107 0.674358 -0.428239 -1.263626
    28 2.306785 0.010602 0.000001 0.000000 0.000000 -0.331933
    29 1.234327 -0.010016 -0.000001 0.000000 0.000000 -0.857075
    30 1.419017 -2.332346 -0.168330 0.000000 -0.052360 -1.523672
    31 1.707031 0.018570 -0.000001 0.000000 -0.376991 -0.005236
    32 1.169922 -0.007076 -0.000001 0.000000 -0.612611 0.010472
    33 0.511719 -2.587891 -0.171265 0.068179 -0.280440 -1.750247
    34 1.837891 0.009178 -0.000001 -3.141591 -1.523670 -3.131118
    35 1.439453 0.012917 0.000000 0.000000 -1.099558 0.005236
    36 -0.359256 -2.261720 -0.168329 0.017968 -0.224442 -1.724665
    37 1.888672 -0.005322 0.000001 0.000002 -1.544617 0.036656
    38 1.369174 -0.010806 0.000002 0.000000 -1.130973 0.010472
    39 -1.187535 -1.692502 -0.168331 0.000000 -0.235619 -1.685988
    40 1.688477 -0.013481 -0.000002 0.000000 -0.753982 0.005229
    41 1.072266 0.022156 -0.000002 0.000000 -1.371829 -0.010472
    42 0.000000 -2.077746 1.567595 0.021356 0.024197 0.003583
    43 0.000000 -3.708984 1.591797 0.000000 0.000000 0.000000
    44 0.000000 -1.273438 2.097656 0.000000 0.000000 0.000000
    45 0.000000 -1.325880 2.134425 0.000000 0.000000 0.000000
    46 0.000000 -0.138910 -23.233942 -0.124892 0.029302 0.014525
    47 0.000003 -3.746094 1.536133 0.000000 0.000000 0.000000
    48 0.500002 9.999993 0.000002 -1.570796 0.000000 -1.570796
    49 0.500002 9.999993 0.000002 -1.570796 0.000000 -1.570796
    50 0.000000 0.000005 0.000001 -1.570796 0.000000 -1.570796
    51 0.000001 0.000003 -0.500010 -1.570796 0.000000 -1.570796
    52 -0.000001 0.000000 -0.000002 -1.570796 0.000000 0.000000
    53 0.000000 0.000000 0.000000 -1.570797 0.000000 0.000000
    54 0.000001 0.000000 0.000000 -1.570796 0.000000 0.000000
    55 0.000000 0.000000 0.000002 -1.570796 0.000000 0.000000
    56 -0.000003 0.000000 0.000001 -1.570796 0.000000 0.000000
    57 0.000000 0.000000 0.000000 -1.570796 0.000000 0.000000
    58 0.000000 0.000000 -0.000002 -1.570796 0.000000 0.000000
    59 0.000000 0.000000 0.000001 -1.570796 0.000000 0.000000
    60 -0.000003 0.000000 0.000000 -1.570796 0.000000 0.000000
    61 -0.000001 0.000000 0.000000 -1.570796 0.000000 0.000000
    62 0.000000 0.000000 0.000000 -1.570796 0.000001 0.000000
    63 0.000000 0.000000 0.000000 -1.570796 0.000001 0.000000
    64 0.000000 0.000000 0.000001 3.141593 0.000000 0.000000
    65 0.000000 0.000000 0.000000 3.141593 0.000000 0.000000
    66 0.000001 -0.000001 0.000002 3.141592 0.000000 0.000000
    67 0.000000 10.000002 -0.000005 -1.570796 0.000000 -1.570796
    68 0.000000 10.000002 -0.000005 -1.570796 0.000000 -1.570796
    69 0.000000 0.000005 -0.000003 -1.570796 0.000000 -1.570796
    70 -0.000002 0.000006 -0.500010 -1.570796 0.000000 -1.570796
    71 -0.000004 0.000000 -0.000002 -1.570796 0.000000 0.000000
    72 0.000000 0.000000 0.000000 -1.570796 0.000000 0.000000
    73 0.000000 0.000000 0.000000 -1.570796 0.000000 0.000000
    74 -0.000002 0.000000 0.000000 -1.570796 0.000000 0.000000
    75 0.000002 0.000000 0.000000 -1.570796 0.000000 0.000000
    76 0.000006 0.000000 0.000000 -1.570796 0.000000 0.000000
    77 0.000001 0.000000 0.000000 -1.570796 0.000000 0.000000
    78 0.000000 0.000000 0.000000 -1.570796 0.000000 0.000000
    79 0.000003 0.000000 0.000000 -1.570796 0.000000 0.000000
    80 0.000000 0.000000 0.000000 -1.570796 0.000000 0.000000
    81 0.000002 0.000000 -0.000001 -1.570796 0.000000 0.000000
    82 0.000000 0.000000 0.000000 -1.570796 0.000000 0.000000
    83 0.000000 0.000000 -0.000003 0.000000 0.000000 0.000000
    84 0.000000 0.000000 0.000000 0.000000 0.000000 0.000000
    85 0.000000 0.000001 -0.000001 0.000000 0.000000 0.000000
  time 32
    0 -5.685211 -0.067961 -16.749370 -4.998123 0.474894 -4.071475
    1 0.026867 -11.331078 -0.000002 0.945272 -0.103505 -0.906762
    2 0.000002 -0.570801 0.000000 0.000000 0.000000 0.000000
    3 -0.527382 0.288004 0.590819 0.071209 -0.594913 -2.476891
    4 2.268907 -0.120318 -0.000001 0.000000 0.000000 0.050144
    5 1.069446 0.056463 0.000000 0.000000 0.000000 0.848230
    6 -1.359660 -2.274965 -0.142105 0.000000 -0.080770 -1.638864
    7 1.726295 -0.000584 0.000001 0.000000 0.013236 0.005236
    8 1.195413 -0.010942 0.000001 0.000000 -0.109635 0.000000
    9 -0.430529 -2.478479 -0.142105 -0.078542 -0.235898 -1.439390
    10 1.925233 0.004627 0.000003 -0.000096 -1.162381 -6.282993
    11 1.413089 0.008475 0.000000 0.000000 -0.566640 0.020944
    12 0.376671 -2.160851 -0.149917 -0.055661 -0.075346 -1.444570
    13 1.952478 0.053687 0.000000 -0.000001 -1.173100 -0.010473
    14 1.365878 0.003407 0.000000 0.000001 -0.570020 0.005236
    15 1.186960 -1.655615 -0.138199 0.000000 -0.117760 -1.445133
    16 1.674395 0.018204 -0.000001 0.000000 -0.669482 -0.005236
    17 1.085390 -0.001050 -0.000001 0.000000 -0.766830 0.000000
    18 10.742247 0.604069 -8.314088 -0.807058 -0.976896 0.272506
    19 -0.291631 -11.160193 0.000002 0.400496 -0.167637 -0.556724
    20 0.340585 -4.427083 0.928780 0.080103 -1.549641 -0.151666
    21 0.000000 2.791016 0.898926 0.000000 0.000000 0.000000
    22 0.000000 -0.088013 2.902344 0.000000 0.000000 0.000000
    23 -0.490966 -4.492466 0.836098 0.907668 1.489263 0.967621
    24 -0.000001 2.902344 1.065430 0.000000 0.000000 0.000000
    25 0.000000 0.272305 2.901285 0.000000 0.000000 0.000000
    26 -0.021851 -0.545898 0.000000 0.000000 0.000000 0.000000
    27 0.585312 0.235277 0.578294 0.665546 -0.430042 -1.260470
    28 2.306785 0.010602 0.000001 0.000000 0.000000 -0.339373
    29 1.234327 -0.010016 -0.000001 0.000000 0.000000 -0.863030
    30 1.419017 -2.332346 -0.168330 0.000000 -0.052360 -1.523672
    31 1.707031 0.018570 -0.000001 0.000000 -0.376991 -0.005236
    32 1.169922 -0.007076 -0.000001 0.000000 -0.612611 0.010472
    33 0.511719 -2.587891 -0.171265 0.068179 -0.280440 -1.750247
    34 1.837891 0.009178 -0.000001 -3.141591 -1.523670 -3.131118
    35 1.439453 0.012917 0.000000 0.000000 -1.099558 0.005236
    36 -0.359256 -2.257814 -0.168329 0.017968 -0.224442 -1.724665
    37 1.888672 -0.005322 0.000001 0.000002 -1.544617 0.036656
    38 1.373080 -0.010806 0.000002 0.000000 -1.130973 0.010472
    39 -1.187535 -1.688595 -0.168331 0.000000 -0.235619 -1.685988
    40 1.688477 -0.013481 -0.000002 0.000000 -0.753982 0.005229
    41 1.072266 0.022156 -0.000002 0.000000 -1.371829 -0.010472
    42 0.000000 -2.077746 1.563689 0.022783 0.025731 0.003859
    43 0.000000 -3.708984 1.591797 0.000000 0.000000 0.000000
    44 0.000000 -1.273438 2.097656 0.000000 0.000000 0.000000
    45 0.000000 -1.329787 2.134425 0.000000 0.000000 0.000000
    46 0.000000 -0.338134 -21.608892 -0.135666 0.033940 0.015556
    47 0.000003 -3.746094 1.536133 0.000000 0.000000 0.000000
    48 0.500002 9.999993 0.000002 -1.570796 0.000000 -1.570796
    49 0.500002 9.999993 0.000002 -1.570796 0.000000 -1.570796
    50 0.000000 0.000005 0.000001 -1.570796 0.000000 -1.570796
    51 0.000001 0.000003 -0.500010 -1.570796 0.000000 -1.570796
    52 -0.000001 0.000000 -0.000002 -1.570796 0.000000 0.000000
    53 0.000000 0.000000 0.000000 -1.570797 0.000000 0.000000
    54 0.000001 0.000000 0.000000 -1.570796 0.000000 0.000000
    55 0.000000 0.000000 0.000002 -1.570796 0.000000 0.000000
    56 -0.000003 0.000000 0.000001 -1.570796 0.000000 0.000000
    57 0.000000 0.000000 0.000000 -1.570796 0.000000 0.000000
    58 0.000000 0.000000 -0.000002 -1.570796 0.000000 0.000000
    59 0.000000 0.000000 0.000001 -1.570796 0.000000 0.000000
    60 -0.000003 0.000000 0.000000 -1.570796 0.000000 0.000000
    61 -0.000001 0.000000 0.000000 -1.570796 0.000000 0.000000
    62 0.000000 0.000000 0.000000 -1.570796 0.000001 0.000000
    63 0.000000 0.000000 0.000000 -1.570796 0.000001 0.000000
    64 0.000000 0.000000 0.000001 3.141593 0.000000 0.000000
    65 0.000000 0.000000 0.000000 3.141593 0.000000 0.000000
    66 0.000001 -0.000001 0.000002 3.141592 0.000000 0.000000
    67 0.000000 10.000002 -0.000005 -1.570796 0.000000 -1.570796
    68 0.000000 10.000002 -0.000005 -1.570796 0.000000 -1.570796
    69 0.000000 0.000005 -0.000003 -1.570796 0.000000 -1.570796
    70 -0.000002 0.000006 -0.500010 -1.570796 0.000000 -1.570796
    71 -0.000004 0.000000 -0.000002 -1.570796 0.000000 0.000000
    72 0.000000 0.000000 0.000000 -1.570796 0.000000 0.000000
    73 0.000000 0.000000 0.000000 -1.570796 0.000000 0.000000
    74 -0.000002 0.000000 0.000000 -1.570796 0.000000 0.000000
    75 0.000002 0.000000 0.000000 -1.570796 0.000000 0.000000
    76 0.000006 0.000000 0.000000 -1.570796 0.000000 0.000000
    77 0.000001 0.000000 0.000000 -1.570796 0.000000 0.000000
    78 0.000000 0.000000 0.000000 -1.570796 0.000000 0.000000
    79 0.000003 0.000000 0.000000 -1.570796 0.000000 0.000000
    80 0.000000 0.000000 0.000000 -1.570796 0.000000 0.000000
    81 0.000002 0.000000 -0.000001 -1.570796 0.000000 0.000000
    82 0.000000 0.000000 0.000000 -1.570796 0.000000 0.000000
    83 0.000000 0.000000 -0.000003 0.000000 0.000000 0.000000
    84 0.000000 0.000000 0.000000 0.000000 0.000000 0.000000
    85 0.000000 0.000001 -0.000001 0.000000 0.000000 0.000000
  time 33
    0 -5.747713 0.955508 -15.542302 -4.961033 0.499120 -4.049826
    1 0.026867 -11.331078 -0.000002 1.015333 -0.008251 -0.983604
    2 0.000002 -0.570801 0.000000 0.000000 0.000000 0.000000
    3 -0.519569 0.288004 0.590819 0.069220 -0.587038 -2.471372
    4 2.272813 -0.120318 -0.000001 0.000000 0.000000 0.048498
    5 1.069446 0.056463 0.000000 0.000000 0.000000 0.848230
    6 -1.351848 -2.282777 -0.142105 0.000000 -0.080515 -1.638864
    7 1.730202 -0.000584 0.000001 0.000000 0.011482 0.005236
    8 1.199319 -0.010942 0.000001 0.000000 -0.111577 0.000000
    9 -0.422716 -2.478479 -0.142105 -0.080747 -0.333191 -1.431378
    10 1.925233 0.004627 0.000003 -6.283088 -1.199109 -6.282898
    11 1.413089 0.008475 0.000000 0.000000 -0.581290 0.020944
    12 0.376671 -2.160851 -0.149917 -0.056105 -0.146120 -1.440615
    13 1.956384 0.053687 0.000000 -0.000001 -1.209640 -0.010473
    14 1.365878 0.003407 0.000000 0.000001 -0.591800 0.005236
    15 1.194772 -1.659521 -0.138199 0.000000 -0.178143 -1.445133
    16 1.674395 0.018204 -0.000001 0.000000 -0.706785 -0.005236
    17 1.089296 -0.001050 -0.000001 0.000000 -0.795983 0.000000
    18 10.761779 0.545473 -8.482061 -0.755113 -0.932845 0.197323
    19 -0.295538 -11.156286 0.000002 0.337396 -0.118462 -0.568994
    20 0.281989 -4.434896 0.920967 0.080103 -1.549641 -0.151666
    21 0.000000 2.791016 0.898926 0.000000 0.000000 0.000000
    22 0.000000 -0.088013 2.902344 0.000000 0.000000 0.000000
    23 -0.487059 -4.492466 0.836098 0.920379 1.487837 0.979578
    24 -0.000001 2.902344 1.065430 0.000000 0.000000 0.000000
    25 0.000000 0.268398 2.897379 0.000000 0.000000 0.000000
    26 -0.021851 -0.545898 0.000000 0.000000 0.000000 0.000000
    27 0.581406 0.235277 0.582201 0.656780 -0.431922 -1.257073
    28 2.306785 0.010602 0.000001 0.000000 0.000000 -0.346595
    29 1.238233 -0.010016 -0.000001 0.000000 0.000000 -0.868616
    30 1.415111 -2.332346 -0.168330 0.000000 -0.052360 -1.523672
    31 1.707031 0.018570 -0.000001 0.000000 -0.376991 -0.005236
    32 1.169922 -0.007076 -0.000001 0.000000 -0.612611 0.010472
    33 0.511719 -2.587891 -0.171265 0.068179 -0.280440 -1.750247
    34 1.837891 0.009178 -0.000001 -3.141591 -1.523670 -3.131118
    35 1.439453 0.012917 0.000000 0.000000 -1.099558 0.005236
    36 -0.359256 -2.257814 -0.168329 0.017968 -0.224442 -1.724665
    37 1.888672 -0.005322 0.000001 0.000002 -1.544617 0.036656
    38 1.369174 -0.010806 0.000002 0.000000 -1.130973 0.010472
    39 -1.187535 -1.692502 -0.168331 0.000000 -0.235619 -1.685988
    40 1.688477 -0.013481 -0.000002 0.000000 -0.753982 0.005229
    41 1.072266 0.022156 -0.000002 0.000000 -1.371829 -0.010472
    42 0.000000 -2.077746 1.567595 0.024161 0.027289 0.004147
    43 0.000000 -3.708984 1.591797 0.000000 0.000000 0.000000
    44 0.000000 -1.273438 2.097656 0.000000 0.000000 0.000000
    45 0.000000 -1.325880 2.134425 0.000000 0.000000 0.000000
    46 0.000000 -0.627206 -19.222101 -0.145194 0.039849 0.016347
    47 0.000003 -3.746094 1.536133 0.000000 0.000000 0.000000
    48 0.500002 9.999993 0.000002 -1.570796 0.000000 -1.570796
    49 0.500002 9.999993 0.000002 -1.570796 0.000000 -1.570796
    50 0.000000 0.000005 0.000001 -1.570796 0.000000 -1.570796
    51 0.000001 0.000003 -0.500010 -1.570796 0.000000 -1.570796
    52 -0.000001 0.000000 -0.000002 -1.570796 0.000000 0.000000
    53 0.000000 0.000000 0.000000 -1.570797 0.000000 0.000000
    54 0.000001 0.000000 0.000000 -1.570796 0.000000 0.000000
    55 0.000000 0.000000 0.000002 -1.570796 0.000000 0.000000
    56 -0.000003 0.000000 0.000001 -1.570796 0.000000 0.000000
    57 0.000000 0.000000 0.000000 -1.570796 0.000000 0.000000
    58 0.000000 0.000000 -0.000002 -1.570796 0.000000 0.000000
    59 0.000000 0.000000 0.000001 -1.570796 0.000000 0.000000
    60 -0.000003 0.000000 0.000000 -1.570796 0.000000 0.000000
    61 -0.000001 0.000000 0.000000 -1.570796 0.000000 0.000000
    62 0.000000 0.000000 0.000000 -1.570796 0.000001 0.000000
    63 0.000000 0.000000 0.000000 -1.570796 0.000001 0.000000
    64 0.000000 0.000000 0.000001 3.141593 0.000000 0.000000
    65 0.000000 0.000000 0.000000 3.141593 0.000000 0.000000
    66 0.000001 -0.000001 0.000002 3.141592 0.000000 0.000000
    67 0.000000 10.000002 -0.000005 -1.570796 0.000000 -1.570796
    68 0.000000 10.000002 -0.000005 -1.570796 0.000000 -1.570796
    69 0.000000 0.000005 -0.000003 -1.570796 0.000000 -1.570796
    70 -0.000002 0.000006 -0.500010 -1.570796 0.000000 -1.570796
    71 -0.000004 0.000000 -0.000002 -1.570796 0.000000 0.000000
    72 0.000000 0.000000 0.000000 -1.570796 0.000000 0.000000
    73 0.000000 0.000000 0.000000 -1.570796 0.000000 0.000000
    74 -0.000002 0.000000 0.000000 -1.570796 0.000000 0.000000
    75 0.000002 0.000000 0.000000 -1.570796 0.000000 0.000000
    76 0.000006 0.000000 0.000000 -1.570796 0.000000 0.000000
    77 0.000001 0.000000 0.000000 -1.570796 0.000000 0.000000
    78 0.000000 0.000000 0.000000 -1.570796 0.000000 0.000000
    79 0.000003 0.000000 0.000000 -1.570796 0.000000 0.000000
    80 0.000000 0.000000 0.000000 -1.570796 0.000000 0.000000
    81 0.000002 0.000000 -0.000001 -1.570796 0.000000 0.000000
    82 0.000000 0.000000 0.000000 -1.570796 0.000000 0.000000
    83 0.000000 0.000000 -0.000003 0.000000 0.000000 0.000000
    84 0.000000 0.000000 0.000000 0.000000 0.000000 0.000000
    85 0.000000 0.000001 -0.000001 0.000000 0.000000 0.000000
  time 34
    0 -6.298511 2.447741 -12.921128 -4.873422 0.589978 -4.079809
    1 0.026867 -11.331078 -0.000002 1.000938 0.016327 -0.918512
    2 0.000002 -0.570801 0.000000 0.000000 0.000000 0.000000
    3 -0.523475 0.288004 0.590819 0.069083 -0.586191 -2.470880
    4 2.276719 -0.120318 -0.000001 0.000000 0.000000 0.047154
    5 1.069446 0.056463 0.000000 0.000000 0.000000 0.848230
    6 -1.355754 -2.282777 -0.142105 0.000000 -0.080218 -1.638864
    7 1.730202 -0.000584 0.000001 0.000000 0.009603 0.005236
    8 1.203226 -0.010942 0.000001 0.000000 -0.113741 0.000000
    9 -0.422716 -2.478479 -0.142105 -0.080951 -0.341857 -1.430574
    10 1.925233 0.004627 0.000003 -6.282992 -1.202815 -6.282802
    11 1.416995 0.008475 0.000000 0.000000 -0.582716 0.020944
    12 0.376671 -2.160851 -0.146011 -0.056140 -0.152522 -1.440279
    13 1.952478 0.049780 0.000000 -0.000001 -1.213443 -0.010473
    14 1.365878 0.003407 0.000000 0.000001 -0.593918 0.005236
    15 1.194772 -1.655615 -0.138199 0.000000 -0.183606 -1.445133
    16 1.674395 0.018204 -0.000001 0.000000 -0.710151 -0.005236
    17 1.089296 -0.001050 -0.000001 0.000000 -0.798806 0.000000
    18 10.851625 0.467346 -8.614878 -0.712467 -0.887818 0.131784
    19 -0.295538 -11.156286 0.000002 0.285053 -0.053755 -0.562329
    20 0.281989 -4.438802 0.920967 0.080103 -1.549641 -0.151666
    21 0.000000 2.791016 0.898926 0.000000 0.000000 0.000000
    22 0.000000 -0.088013 2.902344 0.000000 0.000000 0.000000
    23 -0.490966 -4.492466 0.840004 0.932097 1.486447 0.990646
    24 -0.000001 2.902344 1.065430 0.000000 0.000000 0.000000
    25 0.000000 0.272305 2.897379 0.000000 0.000000 0.000000
    26 -0.021851 -0.545898 0.000000 0.000000 0.000000 0.000000
    27 0.581406 0.239183 0.586107 0.648060 -0.433803 -1.253887
    28 2.306785 0.010602 0.000001 0.000000 0.000000 -0.353599
    29 1.238233 -0.010016 -0.000001 0.000000 0.000000 -0.873619
    30 1.419017 -2.328439 -0.168330 0.000000 -0.052360 -1.523672
    31 1.707031 0.018570 -0.000001 0.000000 -0.376991 -0.005236
    32 1.169922 -0.007076 -0.000001 0.000000 -0.612611 0.010472
    33 0.511719 -2.587891 -0.171265 0.068179 -0.280440 -1.750247
    34 1.837891 0.009178 -0.000001 -3.141591 -1.523670 -3.131118
    35 1.439453 0.012917 0.000000 0.000000 -1.099558 0.005236
    36 -0.359256 -2.261720 -0.168329 0.017968 -0.224442 -1.724665
    37 1.888672 -0.005322 0.000001 0.000002 -1.544617 0.036656
    38 1.369174 -0.010806 0.000002 0.000000 -1.130973 0.010472
    39 -1.187535 -1.692502 -0.168331 0.000000 -0.235619 -1.685988
    40 1.688477 -0.013481 -0.000002 0.000000 -0.753982 0.005229
    41 1.072266 0.022156 -0.000002 0.000000 -1.371829 -0.010472
    42 0.000000 -2.077746 1.571501 0.025491 0.028847 0.004338
    43 0.000000 -3.708984 1.591797 0.000000 0.000000 0.000000
    44 0.000000 -1.273438 2.097656 0.000000 0.000000 0.000000
    45 0.000000 -1.329787 2.134425 0.000000 0.000000 0.000000
    46 0.000000 -0.978779 -16.335294 -0.153451 0.047063 0.016778
    47 0.000003 -3.746094 1.536133 0.000000 0.000000 0.000000
    48 0.500002 9.999993 0.000002 -1.570796 0.000000 -1.570796
    49 0.500002 9.999993 0.000002 -1.570796 0.000000 -1.570796
    50 0.000000 0.000005 0.000001 -1.570796 0.000000 -1.570796
    51 0.000001 0.000003 -0.500010 -1.570796 0.000000 -1.570796
    52 -0.000001 0.000000 -0.000002 -1.570796 0.000000 0.000000
    53 0.000000 0.000000 0.000000 -1.570797 0.000000 0.000000
    54 0.000001 0.000000 0.000000 -1.570796 0.000000 0.000000
    55 0.000000 0.000000 0.000002 -1.570796 0.000000 0.000000
    56 -0.000003 0.000000 0.000001 -1.570796 0.000000 0.000000
    57 0.000000 0.000000 0.000000 -1.570796 0.000000 0.000000
    58 0.000000 0.000000 -0.000002 -1.570796 0.000000 0.000000
    59 0.000000 0.000000 0.000001 -1.570796 0.000000 0.000000
    60 -0.000003 0.000000 0.000000 -1.570796 0.000000 0.000000
    61 -0.000001 0.000000 0.000000 -1.570796 0.000000 0.000000
    62 0.000000 0.000000 0.000000 -1.570796 0.000001 0.000000
    63 0.000000 0.000000 0.000000 -1.570796 0.000001 0.000000
    64 0.000000 0.000000 0.000001 3.141593 0.000000 0.000000
    65 0.000000 0.000000 0.000000 3.141593 0.000000 0.000000
    66 0.000001 -0.000001 0.000002 3.141592 0.000000 0.000000
    67 0.000000 10.000002 -0.000005 -1.570796 0.000000 -1.570796
    68 0.000000 10.000002 -0.000005 -1.570796 0.000000 -1.570796
    69 0.000000 0.000005 -0.000003 -1.570796 0.000000 -1.570796
    70 -0.000002 0.000006 -0.500010 -1.570796 0.000000 -1.570796
    71 -0.000004 0.000000 -0.000002 -1.570796 0.000000 0.000000
    72 0.000000 0.000000 0.000000 -1.570796 0.000000 0.000000
    73 0.000000 0.000000 0.000000 -1.570796 0.000000 0.000000
    74 -0.000002 0.000000 0.000000 -1.570796 0.000000 0.000000
    75 0.000002 0.000000 0.000000 -1.570796 0.000000 0.000000
    76 0.000006 0.000000 0.000000 -1.570796 0.000000 0.000000
    77 0.000001 0.000000 0.000000 -1.570796 0.000000 0.000000
    78 0.000000 0.000000 0.000000 -1.570796 0.000000 0.000000
    79 0.000003 0.000000 0.000000 -1.570796 0.000000 0.000000
    80 0.000000 0.000000 0.000000 -1.570796 0.000000 0.000000
    81 0.000002 0.000000 -0.000001 -1.570796 0.000000 0.000000
    82 0.000000 0.000000 0.000000 -1.570796 0.000000 0.000000
    83 0.000000 0.000000 -0.000003 0.000000 0.000000 0.000000
    84 0.000000 0.000000 0.000000 0.000000 0.000000 0.000000
    85 0.000000 0.000001 -0.000001 0.000000 0.000000 0.000000
  time 35
    0 -5.630522 5.443926 -10.905442 -4.667105 0.833491 -4.146576
    1 0.026867 -11.331078 -0.000002 0.880459 -0.013734 -0.693692
    2 0.000002 -0.570801 0.000000 0.000000 0.000000 0.000000
    3 -0.523475 0.288004 0.590819 0.068809 -0.583635 -2.469369
    4 2.272813 -0.124224 -0.000001 0.000000 0.000000 0.046012
    5 1.069446 0.056463 0.000000 0.000000 0.000000 0.848230
    6 -1.351848 -2.282777 -0.142105 0.000000 -0.079878 -1.638864
    7 1.730202 -0.000584 0.000001 0.000000 0.007693 0.005236
    8 1.203226 -0.010942 0.000001 0.000000 -0.115905 0.000000
    9 -0.422716 -2.478479 -0.142105 -0.081706 -0.367251 -1.428369
    10 1.925233 0.004627 0.000003 -0.000192 -1.213325 -6.283185
    11 1.416995 0.008475 0.000000 0.000000 -0.586519 0.020944
    12 0.372765 -2.160851 -0.146011 -0.056320 -0.170926 -1.439176
    13 1.956384 0.057593 0.000000 -0.000001 -1.223859 -0.010473
    14 1.369784 0.003407 0.000000 0.000001 -0.599752 0.005236
    15 1.194772 -1.655615 -0.138199 0.000000 -0.199163 -1.445133
    16 1.674395 0.018204 -0.000001 0.000000 -0.719894 -0.005236
    17 1.089296 -0.001050 -0.000001 0.000000 -0.806885 0.000000
    18 11.027412 0.369687 -8.685193 -0.675176 -0.839828 0.070552
    19 -0.295538 -11.156286 0.000002 0.262281 -0.005721 -0.546625
    20 0.285896 -4.434896 0.920967 0.080103 -1.549641 -0.151666
    21 0.000000 2.791016 0.898926 0.000000 0.000000 0.000000
    22 0.000000 -0.088013 2.902344 0.000000 0.000000 0.000000
    23 -0.490966 -4.484653 0.836098 0.943005 1.485117 1.000879
    24 -0.000001 2.902344 1.065430 0.000000 0.000000 0.000000
    25 0.000000 0.272305 2.901285 0.000000 0.000000 0.000000
    26 -0.021851 -0.545898 0.000000 0.000000 0.000000 0.000000
    27 0.585312 0.235277 0.582201 0.639325 -0.435747 -1.250280
    28 2.306785 0.010602 0.000001 0.000000 0.000000 -0.360371
    29 1.234327 -0.010016 -0.000001 0.000000 0.000000 -0.878223
    30 1.419017 -2.328439 -0.168330 0.000000 -0.052360 -1.523672
    31 1.707031 0.018570 -0.000001 0.000000 -0.376991 -0.005236
    32 1.169922 -0.007076 -0.000001 0.000000 -0.612611 0.010472
    33 0.511719 -2.587891 -0.171265 0.068179 -0.280440 -1.750247
    34 1.837891 0.009178 -0.000001 -3.141591 -1.523670 -3.131118
    35 1.439453 0.012917 0.000000 0.000000 -1.099558 0.005236
    36 -0.363163 -2.257814 -0.168329 0.017968 -0.224442 -1.724665
    37 1.888672 -0.005322 0.000001 0.000002 -1.544617 0.036656
    38 1.373080 -0.010806 0.000002 0.000000 -1.130973 0.010472
    39 -1.187535 -1.688595 -0.164424 0.000000 -0.235619 -1.685988
    40 1.688477 -0.013481 -0.000002 0.000000 -0.753982 0.005229
    41 1.072266 0.022156 -0.000002 0.000000 -1.371829 -0.010472
    42 0.000000 -2.077746 1.563689 0.026893 0.030417 0.004650
    43 0.000000 -3.708984 1.591797 0.000000 0.000000 0.000000
    44 0.000000 -1.273438 2.097656 0.000000 0.000000 0.000000
    45 0.000000 -1.325880 2.130518 0.000000 0.000000 0.000000
    46 0.000000 -1.373322 -13.182854 -0.159971 0.056016 0.016958
    47 0.000003 -3.746094 1.536133 0.000000 0.000000 0.000000
    48 0.500002 9.999993 0.000002 -1.570796 0.000000 -1.570796
    49 0.500002 9.999993 0.000002 -1.570796 0.000000 -1.570796
    50 0.000000 0.000005 0.000001 -1.570796 0.000000 -1.570796
    51 0.000001 0.000003 -0.500010 -1.570796 0.000000 -1.570796
    52 -0.000001 0.000000 -0.000002 -1.570796 0.000000 0.000000
    53 0.000000 0.000000 0.000000 -1.570797 0.000000 0.000000
    54 0.000001 0.000000 0.000000 -1.570796 0.000000 0.000000
    55 0.000000 0.000000 0.000002 -1.570796 0.000000 0.000000
    56 -0.000003 0.000000 0.000001 -1.570796 0.000000 0.000000
    57 0.000000 0.000000 0.000000 -1.570796 0.000000 0.000000
    58 0.000000 0.000000 -0.000002 -1.570796 0.000000 0.000000
    59 0.000000 0.000000 0.000001 -1.570796 0.000000 0.000000
    60 -0.000003 0.000000 0.000000 -1.570796 0.000000 0.000000
    61 -0.000001 0.000000 0.000000 -1.570796 0.000000 0.000000
    62 0.000000 0.000000 0.000000 -1.570796 0.000001 0.000000
    63 0.000000 0.000000 0.000000 -1.570796 0.000001 0.000000
    64 0.000000 0.000000 0.000001 3.141593 0.000000 0.000000
    65 0.000000 0.000000 0.000000 3.141593 0.000000 0.000000
    66 0.000001 -0.000001 0.000002 3.141592 0.000000 0.000000
    67 0.000000 10.000002 -0.000005 -1.570796 0.000000 -1.570796
    68 0.000000 10.000002 -0.000005 -1.570796 0.000000 -1.570796
    69 0.000000 0.000005 -0.000003 -1.570796 0.000000 -1.570796
    70 -0.000002 0.000006 -0.500010 -1.570796 0.000000 -1.570796
    71 -0.000004 0.000000 -0.000002 -1.570796 0.000000 0.000000
    72 0.000000 0.000000 0.000000 -1.570796 0.000000 0.000000
    73 0.000000 0.000000 0.000000 -1.570796 0.000000 0.000000
    74 -0.000002 0.000000 0.000000 -1.570796 0.000000 0.000000
    75 0.000002 0.000000 0.000000 -1.570796 0.000000 0.000000
    76 0.000006 0.000000 0.000000 -1.570796 0.000000 0.000000
    77 0.000001 0.000000 0.000000 -1.570796 0.000000 0.000000
    78 0.000000 0.000000 0.000000 -1.570796 0.000000 0.000000
    79 0.000003 0.000000 0.000000 -1.570796 0.000000 0.000000
    80 0.000000 0.000000 0.000000 -1.570796 0.000000 0.000000
    81 0.000002 0.000000 -0.000001 -1.570796 0.000000 0.000000
    82 0.000000 0.000000 0.000000 -1.570796 0.000000 0.000000
    83 0.000000 0.000000 -0.000003 0.000000 0.000000 0.000000
    84 0.000000 0.000000 0.000000 0.000000 0.000000 0.000000
    85 0.000000 0.000001 -0.000001 0.000000 0.000000 0.000000
  time 36
    0 -3.575771 7.580710 -11.655465 -4.139923 1.170773 -3.925487
    1 0.026867 -11.331078 -0.000002 0.657264 -0.058041 -0.329903
    2 0.000002 -0.570801 0.000000 0.000000 0.000000 0.000000
    3 -0.523475 0.288004 0.590819 0.068843 -0.579668 -2.467299
    4 2.276719 -0.116411 -0.000001 0.000000 0.000000 0.045172
    5 1.069446 0.056463 0.000000 0.000000 0.000000 0.848230
    6 -1.355754 -2.286684 -0.142105 0.000000 -0.079496 -1.638864
    7 1.730202 -0.000584 0.000001 0.000000 0.005657 0.005236
    8 1.199319 -0.010942 0.000001 0.000000 -0.118180 0.000000
    9 -0.430529 -2.482385 -0.142105 -0.083060 -0.406047 -1.424945
    10 1.929139 0.004627 0.000003 -6.283088 -1.228702 -6.282802
    11 1.416995 0.008475 0.000000 0.000000 -0.591748 0.020944
    12 0.376671 -2.164757 -0.146011 -0.056596 -0.198931 -1.437630
    13 1.956384 0.053687 0.000000 -0.000001 -1.239456 -0.010473
    14 1.369784 0.003407 0.000000 0.000001 -0.607876 0.005236
    15 1.190866 -1.655615 -0.142105 0.000000 -0.223005 -1.445133
    16 1.678301 0.018204 -0.000001 0.000000 -0.734974 -0.005236
    17 1.089296 -0.001050 -0.000001 0.000000 -0.818469 0.000000
    18 11.328202 0.221245 -8.704724 -0.642018 -0.786020 0.010350
    19 -0.295538 -11.156286 0.000002 0.243106 0.055041 -0.515775
    20 0.285896 -4.438802 0.917060 0.080103 -1.549641 -0.151666
    21 0.000000 2.791016 0.898926 0.000000 0.000000 0.000000
    22 0.000000 -0.088013 2.902344 0.000000 0.000000 0.000000
    23 -0.490966 -4.492466 0.836098 0.953101 1.483762 1.010278
    24 -0.000001 2.902344 1.065430 0.000000 0.000000 0.000000
    25 0.000000 0.272305 2.893472 0.000000 0.000000 0.000000
    26 -0.021851 -0.545898 0.000000 0.000000 0.000000 0.000000
    27 0.581406 0.239183 0.582201 0.630559 -0.437692 -1.246703
    28 2.306785 0.010602 0.000001 0.000000 0.000000 -0.366925
    29 1.234327 -0.010016 -0.000001 0.000000 0.000000 -0.882305
    30 1.419017 -2.328439 -0.168330 0.000000 -0.052360 -1.523672
    31 1.707031 0.018570 -0.000001 0.000000 -0.376991 -0.005236
    32 1.169922 -0.007076 -0.000001 0.000000 -0.612611 0.010472
    33 0.511719 -2.587891 -0.171265 0.068179 -0.280440 -1.750247
    34 1.837891 0.009178 -0.000001 -3.141591 -1.523670 -3.131118
    35 1.439453 0.012917 0.000000 0.000000 -1.099558 0.005236
    36 -0.359256 -2.257814 -0.168329 0.017968 -0.224442 -1.724665
    37 1.888672 -0.005322 0.000001 0.000002 -1.544617 0.036656
    38 1.373080 -0.010806 0.000002 0.000000 -1.130973 0.010472
    39 -1.187535 -1.688595 -0.168331 0.000000 -0.235619 -1.685988
    40 1.688477 -0.013481 -0.000002 0.000000 -0.753982 0.005229
    41 1.072266 0.022156 -0.000002 0.000000 -1.371829 -0.010472
    42 0.000000 -2.077746 1.571501 0.028355 0.031999 0.004926
    43 0.000000 -3.708984 1.591797 0.000000 0.000000 0.000000
    44 0.000000 -1.273438 2.097656 0.000000 0.000000 0.000000
    45 0.000000 -1.325880 2.130518 0.000000 0.000000 0.000000
    46 0.000000 -1.744427 -10.022601 -0.164668 0.066682 0.016802
    47 0.000003 -3.746094 1.536133 0.000000 0.000000 0.000000
    48 0.500002 9.999993 0.000002 -1.570796 0.000000 -1.570796
    49 0.500002 9.999993 0.000002 -1.570796 0.000000 -1.570796
    50 0.000000 0.000005 0.000001 -1.570796 0.000000 -1.570796
    51 0.000001 0.000003 -0.500010 -1.570796 0.000000 -1.570796
    52 -0.000001 0.000000 -0.000002 -1.570796 0.000000 0.000000
    53 0.000000 0.000000 0.000000 -1.570797 0.000000 0.000000
    54 0.000001 0.000000 0.000000 -1.570796 0.000000 0.000000
    55 0.000000 0.000000 0.000002 -1.570796 0.000000 0.000000
    56 -0.000003 0.000000 0.000001 -1.570796 0.000000 0.000000
    57 0.000000 0.000000 0.000000 -1.570796 0.000000 0.000000
    58 0.000000 0.000000 -0.000002 -1.570796 0.000000 0.000000
    59 0.000000 0.000000 0.000001 -1.570796 0.000000 0.000000
    60 -0.000003 0.000000 0.000000 -1.570796 0.000000 0.000000
    61 -0.000001 0.000000 0.000000 -1.570796 0.000000 0.000000
    62 0.000000 0.000000 0.000000 -1.570796 0.000001 0.000000
    63 0.000000 0.000000 0.000000 -1.570796 0.000001 0.000000
    64 0.000000 0.000000 0.000001 3.141593 0.000000 0.000000
    65 0.000000 0.000000 0.000000 3.141593 0.000000 0.000000
    66 0.000001 -0.000001 0.000002 3.141592 0.000000 0.000000
    67 0.000000 10.000002 -0.000005 -1.570796 0.000000 -1.570796
    68 0.000000 10.000002 -0.000005 -1.570796 0.000000 -1.570796
    69 0.000000 0.000005 -0.000003 -1.570796 0.000000 -1.570796
    70 -0.000002 0.000006 -0.500010 -1.570796 0.000000 -1.570796
    71 -0.000004 0.000000 -0.000002 -1.570796 0.000000 0.000000
    72 0.000000 0.000000 0.000000 -1.570796 0.000000 0.000000
    73 0.000000 0.000000 0.000000 -1.570796 0.000000 0.000000
    74 -0.000002 0.000000 0.000000 -1.570796 0.000000 0.000000
    75 0.000002 0.000000 0.000000 -1.570796 0.000000 0.000000
    76 0.000006 0.000000 0.000000 -1.570796 0.000000 0.000000
    77 0.000001 0.000000 0.000000 -1.570796 0.000000 0.000000
    78 0.000000 0.000000 0.000000 -1.570796 0.000000 0.000000
    79 0.000003 0.000000 0.000000 -1.570796 0.000000 0.000000
    80 0.000000 0.000000 0.000000 -1.570796 0.000000 0.000000
    81 0.000002 0.000000 -0.000001 -1.570796 0.000000 0.000000
    82 0.000000 0.000000 0.000000 -1.570796 0.000000 0.000000
    83 0.000000 0.000000 -0.000003 0.000000 0.000000 0.000000
    84 0.000000 0.000000 0.000000 0.000000 0.000000 0.000000
    85 0.000000 0.000001 -0.000001 0.000000 0.000000 0.000000
  time 37
    0 -1.013193 7.061163 -14.288358 -2.626641 1.155279 -2.687272
    1 0.026867 -11.331078 -0.000002 0.360710 -0.036466 0.143950
    2 0.000002 -0.570801 0.000000 0.000000 0.000000 0.000000
    3 -0.523475 0.280191 0.590819 0.069872 -0.574824 -2.465526
    4 2.268907 -0.120318 -0.000001 0.000000 0.000000 0.044500
    5 1.069446 0.056463 0.000000 0.000000 0.000000 0.848230
    6 -1.355754 -2.286684 -0.142105 0.000000 -0.079241 -1.638864
    7 1.734108 -0.000584 0.000001 0.000000 0.003574 0.005236
    8 1.199319 -0.010942 0.000001 0.000000 -0.120483 0.000000
    9 -0.426622 -2.478479 -0.142105 -0.084726 -0.449428 -1.420925
    10 1.929139 0.004627 0.000003 -6.282992 -1.244854 -6.282993
    11 1.416995 0.008475 0.000000 0.000000 -0.596285 0.020944
    12 0.380577 -2.160851 -0.149917 -0.056931 -0.230058 -1.435881
    13 1.956384 0.057593 0.000000 -0.000001 -1.256155 -0.010473
    14 1.365878 0.003407 0.000000 0.000001 -0.615526 0.005236
    15 1.194772 -1.659521 -0.138199 0.000000 -0.249307 -1.445133
    16 1.674395 0.022111 -0.000001 0.000000 -0.751833 -0.005236
    17 1.089296 -0.001050 -0.000001 0.000000 -0.829760 0.000000
    18 11.738371 0.045458 -8.693005 -0.611301 -0.723828 -0.050882
    19 -0.295538 -11.156286 0.000002 0.236055 0.109774 -0.476921
    20 0.274176 -4.434896 0.920967 0.080103 -1.549641 -0.151666
    21 0.000000 2.791016 0.898926 0.000000 0.000000 0.000000
    22 0.000000 -0.088013 2.902344 0.000000 0.000000 0.000000
    23 -0.494872 -4.492466 0.847817 0.962386 1.482564 1.018954
    24 -0.000001 2.902344 1.065430 0.000000 0.000000 0.000000
    25 0.000000 0.272305 2.897379 0.000000 0.000000 0.000000
    26 -0.021851 -0.545898 0.000000 0.000000 0.000000 0.000000
    27 0.581406 0.235277 0.586107 0.621778 -0.439740 -1.243006
    28 2.306785 0.010602 0.000001 0.000000 0.000000 -0.373246
    29 1.234327 -0.010016 -0.000001 0.000000 0.000000 -0.885927
    30 1.419017 -2.332346 -0.168330 0.000000 -0.052360 -1.523672
    31 1.707031 0.018570 -0.000001 0.000000 -0.376991 -0.005236
    32 1.169922 -0.007076 -0.000001 0.000000 -0.612611 0.010472
    33 0.511719 -2.587891 -0.171265 0.068179 -0.280440 -1.750247
    34 1.837891 0.009178 -0.000001 -3.141591 -1.523670 -3.131118
    35 1.439453 0.012917 0.000000 0.000000 -1.099558 0.005236
    36 -0.359256 -2.257814 -0.168329 0.017968 -0.224442 -1.724665
    37 1.888672 -0.005322 0.000001 0.000002 -1.544617 0.036656
    38 1.373080 -0.010806 0.000002 0.000000 -1.130973 0.010472
    39 -1.187535 -1.688595 -0.168331 0.000000 -0.235619 -1.685988
    40 1.688477 -0.013481 -0.000002 0.000000 -0.753982 0.005229
    41 1.072266 0.022156 -0.000002 0.000000 -1.371829 -0.010472
    42 0.000000 -2.077746 1.567595 0.029770 0.033581 0.005141
    43 0.000000 -3.708984 1.591797 0.000000 0.000000 0.000000
    44 0.000000 -1.273438 2.097656 0.000000 0.000000 0.000000
    45 0.000000 -1.325880 2.134425 0.000000 0.000000 0.000000
    46 0.000000 -2.088188 -7.131888 -0.167305 0.079470 0.016335
    47 0.000003 -3.746094 1.536133 0.000000 0.000000 0.000000
    48 0.500002 9.999993 0.000002 -1.570796 0.000000 -1.570796
    49 0.500002 9.999993 0.000002 -1.570796 0.000000 -1.570796
    50 0.000000 0.000005 0.000001 -1.570796 0.000000 -1.570796
    51 0.000001 0.000003 -0.500010 -1.570796 0.000000 -1.570796
    52 -0.000001 0.000000 -0.000002 -1.570796 0.000000 0.000000
    53 0.000000 0.000000 0.000000 -1.570797 0.000000 0.000000
    54 0.000001 0.000000 0.000000 -1.570796 0.000000 0.000000
    55 0.000000 0.000000 0.000002 -1.570796 0.000000 0.000000
    56 -0.000003 0.000000 0.000001 -1.570796 0.000000 0.000000
    57 0.000000 0.000000 0.000000 -1.570796 0.000000 0.000000
    58 0.000000 0.000000 -0.000002 -1.570796 0.000000 0.000000
    59 0.000000 0.000000 0.000001 -1.570796 0.000000 0.000000
    60 -0.000003 0.000000 0.000000 -1.570796 0.000000 0.000000
    61 -0.000001 0.000000 0.000000 -1.570796 0.000000 0.000000
    62 0.000000 0.000000 0.000000 -1.570796 0.000001 0.000000
    63 0.000000 0.000000 0.000000 -1.570796 0.000001 0.000000
    64 0.000000 0.000000 0.000001 3.141593 0.000000 0.000000
    65 0.000000 0.000000 0.000000 3.141593 0.000000 0.000000
    66 0.000001 -0.000001 0.000002 3.141592 0.000000 0.000000
    67 0.000000 10.000002 -0.000005 -1.570796 0.000000 -1.570796
    68 0.000000 10.000002 -0.000005 -1.570796 0.000000 -1.570796
    69 0.000000 0.000005 -0.000003 -1.570796 0.000000 -1.570796
    70 -0.000002 0.000006 -0.500010 -1.570796 0.000000 -1.570796
    71 -0.000004 0.000000 -0.000002 -1.570796 0.000000 0.000000
    72 0.000000 0.000000 0.000000 -1.570796 0.000000 0.000000
    73 0.000000 0.000000 0.000000 -1.570796 0.000000 0.000000
    74 -0.000002 0.000000 0.000000 -1.570796 0.000000 0.000000
    75 0.000002 0.000000 0.000000 -1.570796 0.000000 0.000000
    76 0.000006 0.000000 0.000000 -1.570796 0.000000 0.000000
    77 0.000001 0.000000 0.000000 -1.570796 0.000000 0.000000
    78 0.000000 0.000000 0.000000 -1.570796 0.000000 0.000000
    79 0.000003 0.000000 0.000000 -1.570796 0.000000 0.000000
    80 0.000000 0.000000 0.000000 -1.570796 0.000000 0.000000
    81 0.000002 0.000000 -0.000001 -1.570796 0.000000 0.000000
    82 0.000000 0.000000 0.000000 -1.570796 0.000000 0.000000
    83 0.000000 0.000000 -0.000003 0.000000 0.000000 0.000000
    84 0.000000 0.000000 0.000000 0.000000 0.000000 0.000000
    85 0.000000 0.000001 -0.000001 0.000000 0.000000 0.000000
  time 38
    0 -0.716309 4.330611 -16.007160 -2.216645 0.763590 -2.411965
    1 0.026867 -11.331078 -0.000002 0.123014 0.031647 0.522042
    2 0.000002 -0.570801 0.000000 0.000000 0.000000 0.000000
    3 -0.519569 0.288004 0.590819 0.072204 -0.570292 -2.464639
    4 2.276719 -0.124224 -0.000001 0.000000 0.000000 0.044164
    5 1.069446 0.056463 0.000000 0.000000 0.000000 0.848230
    6 -1.355754 -2.282777 -0.142105 0.000000 -0.078859 -1.638864
    7 1.730202 -0.000584 0.000001 0.000000 0.001429 0.005236
    8 1.195413 -0.010942 0.000001 0.000000 -0.122952 0.000000
    9 -0.426622 -2.478479 -0.142105 -0.086344 -0.486763 -1.417321
    10 1.929139 0.004627 0.000003 -0.000192 -1.257466 -6.282802
    11 1.413089 0.008475 0.000000 0.000000 -0.598792 0.020944
    12 0.376671 -2.160851 -0.146011 -0.057363 -0.256543 -1.434323
    13 1.952478 0.057593 0.000000 -0.000001 -1.269492 -0.010473
    14 1.365878 0.003407 0.000000 0.000001 -0.620366 0.005236
    15 1.190866 -1.659521 -0.138199 0.000000 -0.271413 -1.445133
    16 1.674395 0.018204 -0.000001 0.000000 -0.766612 -0.005236
    17 1.085390 -0.001050 -0.000001 0.000000 -0.837888 0.000000
    18 12.168072 -0.138141 -8.657848 -0.583591 -0.649964 -0.115204
    19 -0.295538 -11.156286 0.000002 0.236595 0.161728 -0.432917
    20 0.281989 -4.434896 0.920967 0.080103 -1.549641 -0.151666
    21 0.000000 2.791016 0.898926 0.000000 0.000000 0.000000
    22 0.000000 -0.088013 2.902344 0.000000 0.000000 0.000000
    23 -0.490966 -4.492466 0.840004 0.970859 1.481401 1.026740
    24 -0.000001 2.902344 1.065430 0.000000 0.000000 0.000000
    25 0.000000 0.272305 2.901285 0.000000 0.000000 0.000000
    26 -0.021851 -0.545898 0.000000 0.000000 0.000000 0.000000
    27 0.581406 0.239183 0.578294 0.612935 -0.441800 -1.239309
    28 2.310691 0.010602 0.000001 0.000000 0.000000 -0.379335
    29 1.238233 -0.010016 -0.000001 0.000000 0.000000 -0.889211
    30 1.419017 -2.328439 -0.168330 0.000000 -0.052360 -1.523672
    31 1.707031 0.018570 -0.000001 0.000000 -0.376991 -0.005236
    32 1.169922 -0.007076 -0.000001 0.000000 -0.612611 0.010472
    33 0.511719 -2.587891 -0.171265 0.068179 -0.280440 -1.750247
    34 1.837891 0.009178 -0.000001 -3.141591 -1.523670 -3.131118
    35 1.439453 0.012917 0.000000 0.000000 -1.099558 0.005236
    36 -0.355350 -2.261720 -0.168329 0.017968 -0.224442 -1.724665
    37 1.888672 -0.005322 0.000001 0.000002 -1.544617 0.036656
    38 1.373080 -0.010806 0.000002 0.000000 -1.130973 0.010472
    39 -1.187535 -1.692502 -0.164424 0.000000 -0.235619 -1.685988
    40 1.688477 -0.013481 -0.000002 0.000000 -0.753982 0.005229
    41 1.072266 0.022156 -0.000002 0.000000 -1.371829 -0.010472
    42 0.000000 -2.073839 1.571501 0.031184 0.035175 0.005465
    43 0.000000 -3.708984 1.591797 0.000000 0.000000 0.000000
    44 0.000000 -1.273438 2.097656 0.000000 0.000000 0.000000
    45 0.000000 -1.325880 2.134425 0.000000 0.000000 0.000000
    46 0.000000 -2.373353 -4.756815 -0.167581 0.094426 0.015412
    47 0.000003 -3.746094 1.536133 0.000000 0.000000 0.000000
    48 0.500002 9.999993 0.000002 -1.570796 0.000000 -1.570796
    49 0.500002 9.999993 0.000002 -1.570796 0.000000 -1.570796
    50 0.000000 0.000005 0.000001 -1.570796 0.000000 -1.570796
    51 0.000001 0.000003 -0.500010 -1.570796 0.000000 -1.570796
    52 -0.000001 0.000000 -0.000002 -1.570796 0.000000 0.000000
    53 0.000000 0.000000 0.000000 -1.570797 0.000000 0.000000
    54 0.000001 0.000000 0.000000 -1.570796 0.000000 0.000000
    55 0.000000 0.000000 0.000002 -1.570796 0.000000 0.000000
    56 -0.000003 0.000000 0.000001 -1.570796 0.000000 0.000000
    57 0.000000 0.000000 0.000000 -1.570796 0.000000 0.000000
    58 0.000000 0.000000 -0.000002 -1.570796 0.000000 0.000000
    59 0.000000 0.000000 0.000001 -1.570796 0.000000 0.000000
    60 -0.000003 0.000000 0.000000 -1.570796 0.000000 0.000000
    61 -0.000001 0.000000 0.000000 -1.570796 0.000000 0.000000
    62 0.000000 0.000000 0.000000 -1.570796 0.000001 0.000000
    63 0.000000 0.000000 0.000000 -1.570796 0.000001 0.000000
    64 0.000000 0.000000 0.000001 3.141593 0.000000 0.000000
    65 0.000000 0.000000 0.000000 3.141593 0.000000 0.000000
    66 0.000001 -0.000001 0.000002 3.141592 0.000000 0.000000
    67 0.000000 10.000002 -0.000005 -1.570796 0.000000 -1.570796
    68 0.000000 10.000002 -0.000005 -1.570796 0.000000 -1.570796
    69 0.000000 0.000005 -0.000003 -1.570796 0.000000 -1.570796
    70 -0.000002 0.000006 -0.500010 -1.570796 0.000000 -1.570796
    71 -0.000004 0.000000 -0.000002 -1.570796 0.000000 0.000000
    72 0.000000 0.000000 0.000000 -1.570796 0.000000 0.000000
    73 0.000000 0.000000 0.000000 -1.570796 0.000000 0.000000
    74 -0.000002 0.000000 0.000000 -1.570796 0.000000 0.000000
    75 0.000002 0.000000 0.000000 -1.570796 0.000000 0.000000
    76 0.000006 0.000000 0.000000 -1.570796 0.000000 0.000000
    77 0.000001 0.000000 0.000000 -1.570796 0.000000 0.000000
    78 0.000000 0.000000 0.000000 -1.570796 0.000000 0.000000
    79 0.000003 0.000000 0.000000 -1.570796 0.000000 0.000000
    80 0.000000 0.000000 0.000000 -1.570796 0.000000 0.000000
    81 0.000002 0.000000 -0.000001 -1.570796 0.000000 0.000000
    82 0.000000 0.000000 0.000000 -1.570796 0.000000 0.000000
    83 0.000000 0.000000 -0.000003 0.000000 0.000000 0.000000
    84 0.000000 0.000000 0.000000 0.000000 0.000000 0.000000
    85 0.000000 0.000001 -0.000001 0.000000 0.000000 0.000000
  time 39
    0 -2.364797 1.287549 -15.147759 -2.166205 0.342211 -2.384376
    1 0.026867 -11.331078 -0.000002 -0.098231 0.123760 0.857564
    2 0.000002 -0.570801 0.000000 0.000000 0.000000 0.000000
    3 -0.527382 0.288004 0.590819 0.075702 -0.566607 -2.464902
    4 2.280626 -0.124224 -0.000001 0.000000 0.000000 0.043996
    5 1.069446 0.056463 0.000000 0.000000 0.000000 0.848230
    6 -1.351848 -2.286684 -0.138199 0.000000 -0.078519 -1.638864
    7 1.730202 -0.000584 0.000001 0.000000 -0.000794 0.005236
    8 1.199319 -0.010942 0.000001 0.000000 -0.125477 0.000000
    9 -0.434435 -2.482385 -0.142105 -0.087842 -0.517800 -1.414286
    10 1.925233 0.004627 0.000003 -0.000192 -1.266814 -0.000096
    11 1.416995 0.008475 0.000000 0.000000 -0.599310 0.020944
    12 0.384484 -2.160851 -0.142104 -0.057651 -0.278428 -1.432956
    13 1.952478 0.057593 0.000000 -0.000001 -1.280019 -0.010473
    14 1.369784 0.003407 0.000000 0.000001 -0.622613 0.005236
    15 1.190866 -1.659521 -0.138199 0.000000 -0.289502 -1.445133
    16 1.678301 0.018204 -0.000001 0.000000 -0.779037 -0.005236
    17 1.089296 -0.001050 -0.000001 0.000000 -0.842998 0.000000
    18 12.535270 -0.294396 -8.626597 -0.560484 -0.561645 -0.184207
    19 -0.295538 -11.160193 0.000002 0.239761 0.214501 -0.387070
    20 0.281989 -4.438802 0.924873 0.080103 -1.549641 -0.151666
    21 0.000000 2.791016 0.898926 0.000000 0.000000 0.000000
    22 0.000000 -0.088013 2.902344 0.000000 0.000000 0.000000
    23 -0.483153 -4.492466 0.840004 0.978431 1.480359 1.033859
    24 -0.000001 2.902344 1.065430 0.000000 0.000000 0.000000
    25 0.000000 0.272305 2.893472 0.000000 0.000000 0.000000
    26 -0.021851 -0.545898 0.000000 0.000000 0.000000 0.000000
    27 0.581406 0.235277 0.582201 0.604046 -0.443848 -1.235281
    28 2.306785 0.010602 0.000001 0.000000 0.000000 -0.385205
    29 1.234327 -0.010016 -0.000001 0.000000 0.000000 -0.891912
    30 1.419017 -2.328439 -0.168330 0.000000 -0.052360 -1.523672
    31 1.707031 0.018570 -0.000001 0.000000 -0.376991 -0.005236
    32 1.169922 -0.007076 -0.000001 0.000000 -0.612611 0.010472
    33 0.511719 -2.587891 -0.171265 0.068179 -0.280440 -1.750247
    34 1.837891 0.009178 -0.000001 -3.141591 -1.523670 -3.131118
    35 1.439453 0.012917 0.000000 0.000000 -1.099558 0.005236
    36 -0.359256 -2.257814 -0.168329 0.017968 -0.224442 -1.724665
    37 1.888672 -0.005322 0.000001 0.000002 -1.544617 0.036656
    38 1.373080 -0.010806 0.000002 0.000000 -1.130973 0.010472
    39 -1.191442 -1.692502 -0.168331 0.000000 -0.235619 -1.685988
    40 1.688477 -0.013481 -0.000002 0.000000 -0.753982 0.005229
    41 1.072266 0.022156 -0.000002 0.000000 -1.371829 -0.010472
    42 0.000000 -2.077746 1.567595 0.032538 0.036757 0.005741
    43 0.000000 -3.708984 1.591797 0.000000 0.000000 0.000000
    44 0.000000 -1.273438 2.097656 0.000000 0.000000 0.000000
    45 0.000000 -1.325880 2.130518 0.000000 0.000000 0.000000
    46 0.000000 -2.576484 -3.135672 -0.165268 0.111792 0.014274
    47 0.000003 -3.746094 1.536133 0.000000 0.000000 0.000000
    48 0.500002 9.999993 0.000002 -1.570796 0.000000 -1.570796
    49 0.500002 9.999993 0.000002 -1.570796 0.000000 -1.570796
    50 0.000000 0.000005 0.000001 -1.570796 0.000000 -1.570796
    51 0.000001 0.000003 -0.500010 -1.570796 0.000000 -1.570796
    52 -0.000001 0.000000 -0.000002 -1.570796 0.000000 0.000000
    53 0.000000 0.000000 0.000000 -1.570797 0.000000 0.000000
    54 0.000001 0.000000 0.000000 -1.570796 0.000000 0.000000
    55 0.000000 0.000000 0.000002 -1.570796 0.000000 0.000000
    56 -0.000003 0.000000 0.000001 -1.570796 0.000000 0.000000
    57 0.000000 0.000000 0.000000 -1.570796 0.000000 0.000000
    58 0.000000 0.000000 -0.000002 -1.570796 0.000000 0.000000
    59 0.000000 0.000000 0.000001 -1.570796 0.000000 0.000000
    60 -0.000003 0.000000 0.000000 -1.570796 0.000000 0.000000
    61 -0.000001 0.000000 0.000000 -1.570796 0.000000 0.000000
    62 0.000000 0.000000 0.000000 -1.570796 0.000001 0.000000
    63 0.000000 0.000000 0.000000 -1.570796 0.000001 0.000000
    64 0.000000 0.000000 0.000001 3.141593 0.000000 0.000000
    65 0.000000 0.000000 0.000000 3.141593 0.000000 0.000000
    66 0.000001 -0.000001 0.000002 3.141592 0.000000 0.000000
    67 0.000000 10.000002 -0.000005 -1.570796 0.000000 -1.570796
    68 0.000000 10.000002 -0.000005 -1.570796 0.000000 -1.570796
    69 0.000000 0.000005 -0.000003 -1.570796 0.000000 -1.570796
    70 -0.000002 0.000006 -0.500010 -1.570796 0.000000 -1.570796
    71 -0.000004 0.000000 -0.000002 -1.570796 0.000000 0.000000
    72 0.000000 0.000000 0.000000 -1.570796 0.000000 0.000000
    73 0.000000 0.000000 0.000000 -1.570796 0.000000 0.000000
    74 -0.000002 0.000000 0.000000 -1.570796 0.000000 0.000000
    75 0.000002 0.000000 0.000000 -1.570796 0.000000 0.000000
    76 0.000006 0.000000 0.000000 -1.570796 0.000000 0.000000
    77 0.000001 0.000000 0.000000 -1.570796 0.000000 0.000000
    78 0.000000 0.000000 0.000000 -1.570796 0.000000 0.000000
    79 0.000003 0.000000 0.000000 -1.570796 0.000000 0.000000
    80 0.000000 0.000000 0.000000 -1.570796 0.000000 0.000000
    81 0.000002 0.000000 -0.000001 -1.570796 0.000000 0.000000
    82 0.000000 0.000000 0.000000 -1.570796 0.000000 0.000000
    83 0.000000 0.000000 -0.000003 0.000000 0.000000 0.000000
    84 0.000000 0.000000 0.000000 0.000000 0.000000 0.000000
    85 0.000000 0.000001 -0.000001 0.000000 0.000000 0.000000
  time 40
    0 -3.485925 -0.653916 -13.796155 -2.150777 0.003004 -2.371732
    1 0.026867 -11.331078 -0.000002 -0.238069 0.267922 1.119923
    2 0.000002 -0.570801 0.000000 0.000000 0.000000 0.000000
    3 -0.523475 0.288004 0.590819 0.080211 -0.563650 -2.466183
    4 2.276719 -0.124224 -0.000001 0.000000 0.000000 0.044164
    5 1.069446 0.056463 0.000000 0.000000 0.000000 0.848230
    6 -1.355754 -2.278871 -0.142105 0.000000 -0.078137 -1.638864
    7 1.726295 -0.000584 0.000001 0.000000 -0.003096 0.005236
    8 1.199319 -0.010942 0.000001 0.000000 -0.128085 0.000000
    9 -0.430529 -2.478479 -0.142105 -0.089160 -0.543244 -1.411652
    10 1.925233 0.004627 0.000003 -0.000192 -1.272898 -6.282993
    11 1.416995 0.008475 0.000000 0.000000 -0.598144 0.020944
    12 0.384484 -2.160851 -0.149917 -0.057986 -0.296032 -1.431950
    13 1.948571 0.057593 0.000000 -0.000001 -1.287459 -0.010473
    14 1.358065 0.003407 0.000000 0.000001 -0.622483 0.005236
    15 1.194772 -1.655615 -0.142105 0.000000 -0.303974 -1.445133
    16 1.670489 0.018204 -0.000001 0.000000 -0.789464 -0.005236
    17 1.081483 -0.001050 -0.000001 0.000000 -0.845334 0.000000
    18 12.765746 -0.392055 -8.607065 -0.542824 -0.455691 -0.258266
    19 -0.295538 -11.164099 0.000002 0.240840 0.272236 -0.343495
    20 0.281989 -4.434896 0.917060 0.080103 -1.549641 -0.151666
    21 0.000000 2.791016 0.898926 0.000000 0.000000 0.000000
    22 0.000000 -0.088013 2.902344 0.000000 0.000000 0.000000
    23 -0.483153 -4.492466 0.847817 0.985012 1.479328 1.040032
    24 -0.000001 2.902344 1.065430 0.000000 0.000000 0.000000
    25 0.000000 0.268398 2.897379 0.000000 0.000000 0.000000
    26 -0.021851 -0.545898 0.000000 0.000000 0.000000 0.000000
    27 0.589218 0.239183 0.586107 0.595065 -0.445973 -1.231073
    28 2.306785 0.010602 0.000001 0.000000 0.000000 -0.390859
    29 1.234327 -0.010016 -0.000001 0.000000 0.000000 -0.894306
    30 1.419017 -2.332346 -0.168330 0.000000 -0.052360 -1.523672
    31 1.707031 0.018570 -0.000001 0.000000 -0.376991 -0.005236
    32 1.169922 -0.007076 -0.000001 0.000000 -0.612611 0.010472
    33 0.511719 -2.587891 -0.171265 0.068179 -0.280440 -1.750247
    34 1.837891 0.009178 -0.000001 -3.141591 -1.523670 -3.131118
    35 1.439453 0.012917 0.000000 0.000000 -1.099558 0.005236
    36 -0.355350 -2.261720 -0.168329 0.017968 -0.224442 -1.724665
    37 1.888672 -0.005322 0.000001 0.000002 -1.544617 0.036656
    38 1.373080 -0.010806 0.000002 0.000000 -1.130973 0.010472
    39 -1.191442 -1.692502 -0.168331 0.000000 -0.235619 -1.685988
    40 1.688477 -0.013481 -0.000002 0.000000 -0.753982 0.005229
    41 1.072266 0.022156 -0.000002 0.000000 -1.371829 -0.010472
    42 0.000000 -2.077746 1.571501 0.033940 0.038327 0.005956
    43 0.000000 -3.708984 1.591797 0.000000 0.000000 0.000000
    44 0.000000 -1.273438 2.097656 0.000000 0.000000 0.000000
    45 0.000000 -1.325880 2.130518 0.000000 0.000000 0.000000
    46 0.000000 -2.646799 -2.534091 -0.160078 0.131854 0.012788
    47 0.000003 -3.746094 1.536133 0.000000 0.000000 0.000000
    48 0.500002 9.999993 0.000002 -1.570796 0.000000 -1.570796
    49 0.500002 9.999993 0.000002 -1.570796 0.000000 -1.570796
    50 0.000000 0.000005 0.000001 -1.570796 0.000000 -1.570796
    51 0.000001 0.000003 -0.500010 -1.570796 0.000000 -1.570796
    52 -0.000001 0.000000 -0.000002 -1.570796 0.000000 0.000000
    53 0.000000 0.000000 0.000000 -1.570797 0.000000 0.000000
    54 0.000001 0.000000 0.000000 -1.570796 0.000000 0.000000
    55 0.000000 0.000000 0.000002 -1.570796 0.000000 0.000000
    56 -0.000003 0.000000 0.000001 -1.570796 0.000000 0.000000
    57 0.000000 0.000000 0.000000 -1.570796 0.000000 0.000000
    58 0.000000 0.000000 -0.000002 -1.570796 0.000000 0.000000
    59 0.000000 0.000000 0.000001 -1.570796 0.000000 0.000000
    60 -0.000003 0.000000 0.000000 -1.570796 0.000000 0.000000
    61 -0.000001 0.000000 0.000000 -1.570796 0.000000 0.000000
    62 0.000000 0.000000 0.000000 -1.570796 0.000001 0.000000
    63 0.000000 0.000000 0.000000 -1.570796 0.000001 0.000000
    64 0.000000 0.000000 0.000001 3.141593 0.000000 0.000000
    65 0.000000 0.000000 0.000000 3.141593 0.000000 0.000000
    66 0.000001 -0.000001 0.000002 3.141592 0.000000 0.000000
    67 0.000000 10.000002 -0.000005 -1.570796 0.000000 -1.570796
    68 0.000000 10.000002 -0.000005 -1.570796 0.000000 -1.570796
    69 0.000000 0.000005 -0.000003 -1.570796 0.000000 -1.570796
    70 -0.000002 0.000006 -0.500010 -1.570796 0.000000 -1.570796
    71 -0.000004 0.000000 -0.000002 -1.570796 0.000000 0.000000
    72 0.000000 0.000000 0.000000 -1.570796 0.000000 0.000000
    73 0.000000 0.000000 0.000000 -1.570796 0.000000 0.000000
    74 -0.000002 0.000000 0.000000 -1.570796 0.000000 0.000000
    75 0.000002 0.000000 0.000000 -1.570796 0.000000 0.000000
    76 0.000006 0.000000 0.000000 -1.570796 0.000000 0.000000
    77 0.000001 0.000000 0.000000 -1.570796 0.000000 0.000000
    78 0.000000 0.000000 0.000000 -1.570796 0.000000 0.000000
    79 0.000003 0.000000 0.000000 -1.570796 0.000000 0.000000
    80 0.000000 0.000000 0.000000 -1.570796 0.000000 0.000000
    81 0.000002 0.000000 -0.000001 -1.570796 0.000000 0.000000
    82 0.000000 0.000000 0.000000 -1.570796 0.000000 0.000000
    83 0.000000 0.000000 -0.000003 0.000000 0.000000 0.000000
    84 0.000000 0.000000 0.000000 0.000000 0.000000 0.000000
    85 0.000000 0.000001 -0.000001 0.000000 0.000000 0.000000
  time 41
    0 -3.868749 -1.290654 -13.288327 -2.111368 -0.154129 -2.364164
    1 0.026867 -11.338890 -0.000002 -0.267001 0.382822 1.256865
    2 0.000002 -0.570801 0.000000 0.000000 0.000000 0.000000
    3 -0.523475 0.288004 0.590819 0.085629 -0.561510 -2.468351
    4 2.276719 -0.124224 -0.000001 0.000000 0.000000 0.044500
    5 1.069446 0.056463 0.000000 0.000000 0.000000 0.848230
    6 -1.355754 -2.286684 -0.142105 0.000000 -0.077755 -1.638864
    7 1.730202 -0.000584 0.000001 0.000000 -0.005492 0.005236
    8 1.199319 -0.010942 0.000001 0.000000 -0.130776 0.000000
    9 -0.430529 -2.478479 -0.142105 -0.090239 -0.563146 -1.409559
    10 1.925233 0.004627 0.000003 -0.000096 -1.276217 -6.282898
    11 1.416995 0.008475 0.000000 0.000000 -0.595378 0.020944
    12 0.380577 -2.160851 -0.149917 -0.058250 -0.309555 -1.431123
    13 1.956384 0.057593 0.000000 -0.000001 -1.292309 -0.010473
    14 1.365878 0.003407 0.000000 0.000001 -0.620279 0.005236
    15 1.194772 -1.659521 -0.138199 0.000000 -0.314900 -1.445133
    16 1.670489 0.018204 -0.000001 0.000000 -0.797866 -0.005236
    17 1.089296 -0.001050 -0.000001 0.000000 -0.844945 0.000000
    18 12.824342 -0.423306 -8.603159 -0.535873 -0.410592 -0.289350
    19 -0.295538 -11.160193 0.000002 0.243718 0.290745 -0.330569
    20 0.285896 -4.434896 0.920967 0.080103 -1.549641 -0.151666
    21 0.000000 2.791016 0.898926 0.000000 0.000000 0.000000
    22 0.000000 -0.088013 2.902344 0.000000 0.000000 0.000000
    23 -0.490966 -4.488559 0.843910 0.990961 1.478441 1.045538
    24 -0.000001 2.902344 1.065430 0.000000 0.000000 0.000000
    25 0.000000 0.276211 2.897379 0.000000 0.000000 0.000000
    26 -0.021851 -0.545898 0.000000 0.000000 0.000000 0.000000
    27 0.577499 0.235277 0.582201 0.586022 -0.448163 -1.226925
    28 2.306785 0.010602 0.000001 0.000000 0.000000 -0.396264
    29 1.234327 -0.010016 -0.000001 0.000000 0.000000 -0.896239
    30 1.415111 -2.332346 -0.168330 0.000000 -0.052360 -1.523672
    31 1.707031 0.018570 -0.000001 0.000000 -0.376991 -0.005236
    32 1.169922 -0.007076 -0.000001 0.000000 -0.612611 0.010472
    33 0.511719 -2.587891 -0.171265 0.068179 -0.280440 -1.750247
    34 1.837891 0.009178 -0.000001 -3.141591 -1.523670 -3.131118
    35 1.439453 0.012917 0.000000 0.000000 -1.099558 0.005236
    36 -0.363163 -2.261720 -0.168329 0.017968 -0.224442 -1.724665
    37 1.888672 -0.005322 0.000001 0.000002 -1.544617 0.036656
    38 1.369174 -0.010806 0.000002 0.000000 -1.130973 0.010472
    39 -1.191442 -1.692502 -0.168331 0.000000 -0.235619 -1.685988
    40 1.688477 -0.013481 -0.000002 0.000000 -0.753982 0.005229
    41 1.072266 0.022156 -0.000002 0.000000 -1.371829 -0.010472
    42 0.000000 -2.077746 1.571501 0.035354 0.039897 0.006292
    43 0.000000 -3.708984 1.591797 0.000000 0.000000 0.000000
    44 0.000000 -1.273438 2.097656 0.000000 0.000000 0.000000
    45 0.000000 -1.325880 2.134425 0.000000 0.000000 0.000000
    46 -0.007813 -2.435855 -2.557530 -0.131831 0.167604 0.009576
    47 0.000003 -3.746094 1.536133 0.000000 0.000000 0.000000
    48 0.500002 9.999993 0.000002 -1.570796 0.000000 -1.570796
    49 0.500002 9.999993 0.000002 -1.570796 0.000000 -1.570796
    50 0.000000 0.000005 0.000001 -1.570796 0.000000 -1.570796
    51 0.000001 0.000003 -0.500010 -1.570796 0.000000 -1.570796
    52 -0.000001 0.000000 -0.000002 -1.570796 0.000000 0.000000
    53 0.000000 0.000000 0.000000 -1.570797 0.000000 0.000000
    54 0.000001 0.000000 0.000000 -1.570796 0.000000 0.000000
    55 0.000000 0.000000 0.000002 -1.570796 0.000000 0.000000
    56 -0.000003 0.000000 0.000001 -1.570796 0.000000 0.000000
    57 0.000000 0.000000 0.000000 -1.570796 0.000000 0.000000
    58 0.000000 0.000000 -0.000002 -1.570796 0.000000 0.000000
    59 0.000000 0.000000 0.000001 -1.570796 0.000000 0.000000
    60 -0.000003 0.000000 0.000000 -1.570796 0.000000 0.000000
    61 -0.000001 0.000000 0.000000 -1.570796 0.000000 0.000000
    62 0.000000 0.000000 0.000000 -1.570796 0.000001 0.000000
    63 0.000000 0.000000 0.000000 -1.570796 0.000001 0.000000
    64 0.000000 0.000000 0.000001 3.141593 0.000000 0.000000
    65 0.000000 0.000000 0.000000 3.141593 0.000000 0.000000
    66 0.000001 -0.000001 0.000002 3.141592 0.000000 0.000000
    67 0.000000 10.000002 -0.000005 -1.570796 0.000000 -1.570796
    68 0.000000 10.000002 -0.000005 -1.570796 0.000000 -1.570796
    69 0.000000 0.000005 -0.000003 -1.570796 0.000000 -1.570796
    70 -0.000002 0.000006 -0.500010 -1.570796 0.000000 -1.570796
    71 -0.000004 0.000000 -0.000002 -1.570796 0.000000 0.000000
    72 0.000000 0.000000 0.000000 -1.570796 0.000000 0.000000
    73 0.000000 0.000000 0.000000 -1.570796 0.000000 0.000000
    74 -0.000002 0.000000 0.000000 -1.570796 0.000000 0.000000
    75 0.000002 0.000000 0.000000 -1.570796 0.000000 0.000000
    76 0.000006 0.000000 0.000000 -1.570796 0.000000 0.000000
    77 0.000001 0.000000 0.000000 -1.570796 0.000000 0.000000
    78 0.000000 0.000000 0.000000 -1.570796 0.000000 0.000000
    79 0.000003 0.000000 0.000000 -1.570796 0.000000 0.000000
    80 0.000000 0.000000 0.000000 -1.570796 0.000000 0.000000
    81 0.000002 0.000000 -0.000001 -1.570796 0.000000 0.000000
    82 0.000000 0.000000 0.000000 -1.570796 0.000000 0.000000
    83 0.000000 0.000000 -0.000003 0.000000 0.000000 0.000000
    84 0.000000 0.000000 0.000000 0.000000 0.000000 0.000000
    85 0.000000 0.000001 -0.000001 0.000000 0.000000 0.000000
  time 42
    0 -3.626554 -1.005489 -13.225825 -2.094662 -0.181086 -2.349316
    1 0.026867 -11.331078 -0.000002 -0.241792 0.443744 1.307692
    2 0.000002 -0.570801 0.000000 0.000000 0.000000 0.000000
    3 -0.523475 0.288004 0.594726 0.091836 -0.559965 -2.471471
    4 2.276719 -0.124224 -0.000001 0.000000 0.000000 0.045172
    5 1.069446 0.056463 0.000000 0.000000 0.000000 0.848230
    6 -1.355754 -2.286684 -0.142105 0.000000 -0.077330 -1.638864
    7 1.734108 -0.000584 0.000001 0.000000 -0.007935 0.005236
    8 1.203226 -0.010942 0.000001 0.000000 -0.133578 0.000000
    9 -0.430529 -2.482385 -0.142105 -0.091078 -0.578060 -1.407923
    10 1.925233 0.004627 0.000003 -6.282992 -1.277102 -6.282993
    11 1.413089 0.008475 0.000000 0.000000 -0.591316 0.020944
    12 0.376671 -2.164757 -0.146011 -0.058394 -0.319317 -1.430500
    13 1.956384 0.057593 0.000000 -0.000001 -1.294734 -0.010473
    14 1.365878 0.003407 0.000000 0.000001 -0.616217 0.005236
    15 1.194772 -1.655615 -0.138199 0.000000 -0.322570 -1.445133
    16 1.674395 0.018204 -0.000001 0.000000 -0.804380 -0.005236
    17 1.089296 -0.001050 -0.000001 0.000000 -0.842414 0.000000
    18 12.793091 -0.411587 -8.607065 -0.535310 -0.437478 -0.273995
    19 -0.295538 -11.160193 0.000002 0.248574 0.268961 -0.344379
    20 0.285896 -4.434896 0.920967 0.080103 -1.549641 -0.151666
    21 0.000000 2.791016 0.898926 0.000000 0.000000 0.000000
    22 0.000000 -0.088013 2.902344 0.000000 0.000000 0.000000
    23 -0.487059 -4.488559 0.847817 0.996009 1.477674 1.050265
    24 -0.000001 2.902344 1.065430 0.000000 0.000000 0.000000
    25 0.000000 0.268398 2.901285 0.000000 0.000000 0.000000
    26 -0.021851 -0.545898 0.000000 0.000000 0.000000 0.000000
    27 0.585312 0.235277 0.590013 0.576887 -0.450313 -1.222326
    28 2.306785 0.010602 0.000001 0.000000 0.000000 -0.401451
    29 1.242140 -0.010016 -0.000001 0.000000 0.000000 -0.897836
    30 1.419017 -2.332346 -0.168330 0.000000 -0.052360 -1.523672
    31 1.707031 0.018570 -0.000001 0.000000 -0.376991 -0.005236
    32 1.169922 -0.007076 -0.000001 0.000000 -0.612611 0.010472
    33 0.511719 -2.587891 -0.171265 0.068179 -0.280440 -1.750247
    34 1.837891 0.009178 -0.000001 -3.141591 -1.523670 -3.131118
    35 1.439453 0.012917 0.000000 0.000000 -1.099558 0.005236
    36 -0.359256 -2.261720 -0.168329 0.017968 -0.224442 -1.724665
    37 1.888672 -0.005322 0.000001 0.000002 -1.544617 0.036656
    38 1.369174 -0.010806 0.000002 0.000000 -1.130973 0.010472
    39 -1.187535 -1.692502 -0.164424 0.000000 -0.235619 -1.685988
    40 1.688477 -0.013481 -0.000002 0.000000 -0.753982 0.005229
    41 1.072266 0.022156 -0.000002 0.000000 -1.371829 -0.010472
    42 0.000000 -2.077746 1.567595 0.036805 0.041455 0.006555
    43 0.000000 -3.708984 1.591797 0.000000 0.000000 0.000000
    44 0.000000 -1.273438 2.097656 0.000000 0.000000 0.000000
    45 0.000000 -1.325880 2.134425 0.000000 0.000000 0.000000
    46 -0.042970 -2.228817 -2.588781 -0.052601 0.241310 0.006016
    47 0.000003 -3.746094 1.536133 0.000000 0.000000 0.000000
    48 0.500002 9.999993 0.000002 -1.570796 0.000000 -1.570796
    49 0.500002 9.999993 0.000002 -1.570796 0.000000 -1.570796
    50 0.000000 0.000005 0.000001 -1.570796 0.000000 -1.570796
    51 0.000001 0.000003 -0.500010 -1.570796 0.000000 -1.570796
    52 -0.000001 0.000000 -0.000002 -1.570796 0.000000 0.000000
    53 0.000000 0.000000 0.000000 -1.570797 0.000000 0.000000
    54 0.000001 0.000000 0.000000 -1.570796 0.000000 0.000000
    55 0.000000 0.000000 0.000002 -1.570796 0.000000 0.000000
    56 -0.000003 0.000000 0.000001 -1.570796 0.000000 0.000000
    57 0.000000 0.000000 0.000000 -1.570796 0.000000 0.000000
    58 0.000000 0.000000 -0.000002 -1.570796 0.000000 0.000000
    59 0.000000 0.000000 0.000001 -1.570796 0.000000 0.000000
    60 -0.000003 0.000000 0.000000 -1.570796 0.000000 0.000000
    61 -0.000001 0.000000 0.000000 -1.570796 0.000000 0.000000
    62 0.000000 0.000000 0.000000 -1.570796 0.000001 0.000000
    63 0.000000 0.000000 0.000000 -1.570796 0.000001 0.000000
    64 0.000000 0.000000 0.000001 3.141593 0.000000 0.000000
    65 0.000000 0.000000 0.000000 3.141593 0.000000 0.000000
    66 0.000001 -0.000001 0.000002 3.141592 0.000000 0.000000
    67 0.000000 10.000002 -0.000005 -1.570796 0.000000 -1.570796
    68 0.000000 10.000002 -0.000005 -1.570796 0.000000 -1.570796
    69 0.000000 0.000005 -0.000003 -1.570796 0.000000 -1.570796
    70 -0.000002 0.000006 -0.500010 -1.570796 0.000000 -1.570796
    71 -0.000004 0.000000 -0.000002 -1.570796 0.000000 0.000000
    72 0.000000 0.000000 0.000000 -1.570796 0.000000 0.000000
    73 0.000000 0.000000 0.000000 -1.570796 0.000000 0.000000
    74 -0.000002 0.000000 0.000000 -1.570796 0.000000 0.000000
    75 0.000002 0.000000 0.000000 -1.570796 0.000000 0.000000
    76 0.000006 0.000000 0.000000 -1.570796 0.000000 0.000000
    77 0.000001 0.000000 0.000000 -1.570796 0.000000 0.000000
    78 0.000000 0.000000 0.000000 -1.570796 0.000000 0.000000
    79 0.000003 0.000000 0.000000 -1.570796 0.000000 0.000000
    80 0.000000 0.000000 0.000000 -1.570796 0.000000 0.000000
    81 0.000002 0.000000 -0.000001 -1.570796 0.000000 0.000000
    82 0.000000 0.000000 0.000000 -1.570796 0.000000 0.000000
    83 0.000000 0.000000 -0.000003 0.000000 0.000000 0.000000
    84 0.000000 0.000000 0.000000 0.000000 0.000000 0.000000
    85 0.000000 0.000001 -0.000001 0.000000 0.000000 0.000000
  time 43
    0 -2.876531 -0.216403 -13.225825 -2.098658 -0.112842 -2.335618
    1 0.026867 -11.331078 -0.000002 -0.190381 0.457383 1.280364
    2 0.000002 -0.570801 0.000000 0.000000 0.000000 0.000000
    3 -0.527382 0.288004 0.594726 0.098694 -0.559103 -2.475215
    4 2.276719 -0.128130 -0.000001 0.000000 0.000000 0.046012
    5 1.069446 0.056463 0.000000 0.000000 0.000000 0.848230
    6 -1.355754 -2.282777 -0.142105 0.000000 -0.076863 -1.638864
    7 1.730202 -0.000584 0.000001 0.000000 -0.010471 0.005236
    8 1.195413 -0.010942 0.000001 0.000000 -0.136408 0.000000
    9 -0.430529 -2.478479 -0.142105 -0.091761 -0.588338 -1.406758
    10 1.925233 0.004627 0.000003 -0.000096 -1.275498 -6.282993
    11 1.416995 0.008475 0.000000 0.000000 -0.586086 0.020944
    12 0.376671 -2.160851 -0.146011 -0.058501 -0.325638 -1.430116
    13 1.952478 0.057593 0.000000 -0.000001 -1.294844 -0.010473
    14 1.365878 0.003407 0.000000 0.000001 -0.610556 0.005236
    15 1.194772 -1.655615 -0.138199 0.000000 -0.327201 -1.445133
    16 1.670489 0.018204 -0.000001 0.000000 -0.809142 -0.005236
    17 1.089296 -0.001050 -0.000001 0.000000 -0.837839 0.000000
    18 12.765746 -0.392055 -8.607065 -0.542824 -0.455691 -0.258266
    19 -0.295538 -11.164099 0.000002 0.240840 0.272236 -0.343495
    20 0.281989 -4.438802 0.920967 0.080103 -1.549641 -0.151666
    21 0.000000 2.791016 0.898926 0.000000 0.000000 0.000000
    22 0.000000 -0.088013 2.902344 0.000000 0.000000 0.000000
    23 -0.483153 -4.492466 0.847817 1.000246 1.477015 1.054047
    24 -0.000001 2.902344 1.065430 0.000000 0.000000 0.000000
    25 0.000000 0.268398 2.901285 0.000000 0.000000 0.000000
    26 -0.021851 -0.545898 0.000000 0.000000 0.000000 0.000000
    27 0.589218 0.239183 0.586107 0.567583 -0.452528 -1.217637
    28 2.306785 0.010602 0.000001 0.000000 0.000000 -0.406405
    29 1.234327 -0.010016 -0.000001 0.000000 0.000000 -0.899125
    30 1.419017 -2.332346 -0.168330 0.000000 -0.052360 -1.523672
    31 1.707031 0.018570 -0.000001 0.000000 -0.376991 -0.005236
    32 1.169922 -0.007076 -0.000001 0.000000 -0.612611 0.010472
    33 0.511719 -2.587891 -0.171265 0.068179 -0.280440 -1.750247
    34 1.837891 0.009178 -0.000001 -3.141591 -1.523670 -3.131118
    35 1.439453 0.012917 0.000000 0.000000 -1.099558 0.005236
    36 -0.355350 -2.261720 -0.168329 0.017968 -0.224442 -1.724665
    37 1.888672 -0.005322 0.000001 0.000002 -1.544617 0.036656
    38 1.373080 -0.010806 0.000002 0.000000 -1.130973 0.010472
    39 -1.191442 -1.692502 -0.168331 0.000000 -0.235619 -1.685988
    40 1.688477 -0.013481 -0.000002 0.000000 -0.753982 0.005229
    41 1.072266 0.022156 -0.000002 0.000000 -1.371829 -0.010472
    42 0.000000 -2.077746 1.571501 0.038183 0.043001 0.006783
    43 0.000000 -3.708984 1.591797 0.000000 0.000000 0.000000
    44 0.000000 -1.273438 2.097656 0.000000 0.000000 0.000000
    45 0.000000 -1.325880 2.130518 0.000000 0.000000 0.000000
    46 -0.031251 -1.748334 -2.635657 0.039273 0.306182 0.008617
    47 0.000003 -3.746094 1.536133 0.000000 0.000000 0.000000
    48 0.500002 9.999993 0.000002 -1.570796 0.000000 -1.570796
    49 0.500002 9.999993 0.000002 -1.570796 0.000000 -1.570796
    50 0.000000 0.000005 0.000001 -1.570796 0.000000 -1.570796
    51 0.000001 0.000003 -0.500010 -1.570796 0.000000 -1.570796
    52 -0.000001 0.000000 -0.000002 -1.570796 0.000000 0.000000
    53 0.000000 0.000000 0.000000 -1.570797 0.000000 0.000000
    54 0.000001 0.000000 0.000000 -1.570796 0.000000 0.000000
    55 0.000000 0.000000 0.000002 -1.570796 0.000000 0.000000
    56 -0.000003 0.000000 0.000001 -1.570796 0.000000 0.000000
    57 0.000000 0.000000 0.000000 -1.570796 0.000000 0.000000
    58 0.000000 0.000000 -0.000002 -1.570796 0.000000 0.000000
    59 0.000000 0.000000 0.000001 -1.570796 0.000000 0.000000
    60 -0.000003 0.000000 0.000000 -1.570796 0.000000 0.000000
    61 -0.000001 0.000000 0.000000 -1.570796 0.000000 0.000000
    62 0.000000 0.000000 0.000000 -1.570796 0.000001 0.000000
    63 0.000000 0.000000 0.000000 -1.570796 0.000001 0.000000
    64 0.000000 0.000000 0.000001 3.141593 0.000000 0.000000
    65 0.000000 0.000000 0.000000 3.141593 0.000000 0.000000
    66 0.000001 -0.000001 0.000002 3.141592 0.000000 0.000000
    67 0.000000 10.000002 -0.000005 -1.570796 0.000000 -1.570796
    68 0.000000 10.000002 -0.000005 -1.570796 0.000000 -1.570796
    69 0.000000 0.000005 -0.000003 -1.570796 0.000000 -1.570796
    70 -0.000002 0.000006 -0.500010 -1.570796 0.000000 -1.570796
    71 -0.000004 0.000000 -0.000002 -1.570796 0.000000 0.000000
    72 0.000000 0.000000 0.000000 -1.570796 0.000000 0.000000
    73 0.000000 0.000000 0.000000 -1.570796 0.000000 0.000000
    74 -0.000002 0.000000 0.000000 -1.570796 0.000000 0.000000
    75 0.000002 0.000000 0.000000 -1.570796 0.000000 0.000000
    76 0.000006 0.000000 0.000000 -1.570796 0.000000 0.000000
    77 0.000001 0.000000 0.000000 -1.570796 0.000000 0.000000
    78 0.000000 0.000000 0.000000 -1.570796 0.000000 0.000000
    79 0.000003 0.000000 0.000000 -1.570796 0.000000 0.000000
    80 0.000000 0.000000 0.000000 -1.570796 0.000000 0.000000
    81 0.000002 0.000000 -0.000001 -1.570796 0.000000 0.000000
    82 0.000000 0.000000 0.000000 -1.570796 0.000000 0.000000
    83 0.000000 0.000000 -0.000003 0.000000 0.000000 0.000000
    84 0.000000 0.000000 0.000000 0.000000 0.000000 0.000000
    85 0.000000 0.000001 -0.000001 0.000000 0.000000 0.000000
  time 44
    0 -2.122602 0.541433 -12.725810 -2.110010 -0.049568 -2.337342
    1 0.026867 -11.331078 -0.000002 -0.140140 0.475844 1.237983
    2 0.000002 -0.570801 0.000000 0.000000 0.000000 0.000000
    3 -0.523475 0.288004 0.586913 0.106136 -0.558746 -2.479650
    4 2.272813 -0.124224 -0.000001 0.000000 0.000000 0.047087
    5 1.069446 0.056463 0.000000 0.000000 0.000000 0.848230
    6 -1.359660 -2.286684 -0.142105 0.000000 -0.076481 -1.638864
    7 1.726295 -0.000584 0.000001 0.000000 -0.013070 0.005236
    8 1.195413 -0.010942 0.000001 0.000000 -0.139349 0.000000
    9 -0.434435 -2.478479 -0.142105 -0.092060 -0.594183 -1.406135
    10 1.929139 0.004627 0.000003 0.000000 -1.272013 -6.282802
    11 1.416995 0.008475 0.000000 0.000000 -0.579950 0.020944
    12 0.376671 -2.160851 -0.149917 -0.058561 -0.328719 -1.429888
    13 1.956384 0.053687 0.000000 -0.000001 -1.293246 -0.010473
    14 1.369784 0.003407 0.000000 0.000001 -0.603555 0.005236
    15 1.194772 -1.659521 -0.138199 0.000000 -0.329046 -1.445133
    16 1.674395 0.018204 -0.000001 0.000000 -0.812289 -0.005236
    17 1.089296 -0.001050 -0.000001 0.000000 -0.831658 0.000000
    18 12.754027 -0.392055 -8.607065 -0.552030 -0.440333 -0.261449
    19 -0.295538 -11.160193 0.000002 0.225155 0.305657 -0.324106
    20 0.281989 -4.434896 0.920967 0.080103 -1.549641 -0.151666
    21 0.000000 2.791016 0.898926 0.000000 0.000000 0.000000
    22 0.000000 -0.088013 2.902344 0.000000 0.000000 0.000000
    23 -0.483153 -4.488559 0.847817 1.003671 1.476560 1.057273
    24 -0.000001 2.902344 1.065430 0.000000 0.000000 0.000000
    25 0.000000 0.268398 2.897379 0.000000 0.000000 0.000000
    26 -0.021851 -0.545898 0.000000 0.000000 0.000000 0.000000
    27 0.585312 0.235277 0.582201 0.558171 -0.454692 -1.212918
    28 2.306785 0.010602 0.000001 0.000000 0.000000 -0.411127
    29 1.234327 -0.010016 -0.000001 0.000000 0.000000 -0.900015
    30 1.419017 -2.328439 -0.168330 0.000000 -0.052360 -1.523672
    31 1.707031 0.018570 -0.000001 0.000000 -0.376991 -0.005236
    32 1.169922 -0.007076 -0.000001 0.000000 -0.612611 0.010472
    33 0.511719 -2.587891 -0.171265 0.068179 -0.280440 -1.750247
    34 1.837891 0.009178 -0.000001 -3.141591 -1.523670 -3.131118
    35 1.439453 0.012917 0.000000 0.000000 -1.099558 0.005236
    36 -0.359256 -2.261720 -0.168329 0.017968 -0.224442 -1.724665
    37 1.888672 -0.005322 0.000001 0.000002 -1.544617 0.036656
    38 1.373080 -0.010806 0.000002 0.000000 -1.130973 0.010472
    39 -1.187535 -1.688595 -0.168331 0.000000 -0.235619 -1.685988
    40 1.688477 -0.013481 -0.000002 0.000000 -0.753982 0.005229
    41 1.072266 0.022156 -0.000002 0.000000 -1.371829 -0.010472
    42 0.000000 -2.077746 1.571501 0.039489 0.044535 0.007119
    43 0.000000 -3.708984 1.591797 0.000000 0.000000 0.000000
    44 0.000000 -1.273438 2.097656 0.000000 0.000000 0.000000
    45 0.000000 -1.325880 2.134425 0.000000 0.000000 0.000000
    46 -0.011719 -1.263944 -2.702065 0.102420 0.318802 0.011409
    47 0.000003 -3.746094 1.536133 0.000000 0.000000 0.000000
    48 0.500002 9.999993 0.000002 -1.570796 0.000000 -1.570796
    49 0.500002 9.999993 0.000002 -1.570796 0.000000 -1.570796
    50 0.000000 0.000005 0.000001 -1.570796 0.000000 -1.570796
    51 0.000001 0.000003 -0.500010 -1.570796 0.000000 -1.570796
    52 -0.000001 0.000000 -0.000002 -1.570796 0.000000 0.000000
    53 0.000000 0.000000 0.000000 -1.570797 0.000000 0.000000
    54 0.000001 0.000000 0.000000 -1.570796 0.000000 0.000000
    55 0.000000 0.000000 0.000002 -1.570796 0.000000 0.000000
    56 -0.000003 0.000000 0.000001 -1.570796 0.000000 0.000000
    57 0.000000 0.000000 0.000000 -1.570796 0.000000 0.000000
    58 0.000000 0.000000 -0.000002 -1.570796 0.000000 0.000000
    59 0.000000 0.000000 0.000001 -1.570796 0.000000 0.000000
    60 -0.000003 0.000000 0.000000 -1.570796 0.000000 0.000000
    61 -0.000001 0.000000 0.000000 -1.570796 0.000000 0.000000
    62 0.000000 0.000000 0.000000 -1.570796 0.000001 0.000000
    63 0.000000 0.000000 0.000000 -1.570796 0.000001 0.000000
    64 0.000000 0.000000 0.000001 3.141593 0.000000 0.000000
    65 0.000000 0.000000 0.000000 3.141593 0.000000 0.000000
    66 0.000001 -0.000001 0.000002 3.141592 0.000000 0.000000
    67 0.000000 10.000002 -0.000005 -1.570796 0.000000 -1.570796
    68 0.000000 10.000002 -0.000005 -1.570796 0.000000 -1.570796
    69 0.000000 0.000005 -0.000003 -1.570796 0.000000 -1.570796
    70 -0.000002 0.000006 -0.500010 -1.570796 0.000000 -1.570796
    71 -0.000004 0.000000 -0.000002 -1.570796 0.000000 0.000000
    72 0.000000 0.000000 0.000000 -1.570796 0.000000 0.000000
    73 0.000000 0.000000 0.000000 -1.570796 0.000000 0.000000
    74 -0.000002 0.000000 0.000000 -1.570796 0.000000 0.000000
    75 0.000002 0.000000 0.000000 -1.570796 0.000000 0.000000
    76 0.000006 0.000000 0.000000 -1.570796 0.000000 0.000000
    77 0.000001 0.000000 0.000000 -1.570796 0.000000 0.000000
    78 0.000000 0.000000 0.000000 -1.570796 0.000000 0.000000
    79 0.000003 0.000000 0.000000 -1.570796 0.000000 0.000000
    80 0.000000 0.000000 0.000000 -1.570796 0.000000 0.000000
    81 0.000002 0.000000 -0.000001 -1.570796 0.000000 0.000000
    82 0.000000 0.000000 0.000000 -1.570796 0.000000 0.000000
    83 0.000000 0.000000 -0.000003 0.000000 0.000000 0.000000
    84 0.000000 0.000000 0.000000 0.000000 0.000000 0.000000
    85 0.000000 0.000001 -0.000001 0.000000 0.000000 0.000000
  time 45
    0 -1.466332 1.111763 -12.233607 -2.120561 -0.026596 -2.348837
    1 0.026867 -11.331078 -0.000002 -0.112626 0.495573 1.211105
    2 0.000002 -0.570801 0.000000 0.000000 0.000000 0.000000
    3 -0.523475 0.288004 0.590819 0.114023 -0.558910 -2.484741
    4 2.276719 -0.120318 -0.000001 0.000000 0.000000 0.048397
    5 1.069446 0.056463 0.000000 0.000000 0.000000 0.848230
    6 -1.355754 -2.286684 -0.142105 0.000000 -0.076056 -1.638864
    7 1.730202 -0.000584 0.000001 0.000000 -0.015717 0.005236
    8 1.199319 -0.010942 0.000001 0.000000 -0.142373 0.000000
    9 -0.422716 -2.478479 -0.142105 -0.092240 -0.596047 -1.405941
    10 1.925233 0.004627 0.000003 -0.000096 -1.266814 -6.282993
    11 1.413089 0.008475 0.000000 0.000000 -0.573035 0.020944
    12 0.384484 -2.160851 -0.149917 -0.058573 -0.328879 -1.429876
    13 1.952478 0.057593 0.000000 -0.000001 -1.289774 -0.010473
    14 1.365878 0.003407 0.000000 0.000001 -0.595430 0.005236
    15 1.194772 -1.659521 -0.142105 0.000000 -0.328431 -1.445133
    16 1.674395 0.018204 -0.000001 0.000000 -0.813849 -0.005236
    17 1.089296 -0.001050 -0.000001 0.000000 -0.824017 0.000000
    18 12.730589 -0.388149 -8.614878 -0.564241 -0.419084 -0.266037
    19 -0.295538 -11.156286 0.000002 0.202563 0.355155 -0.296285
    20 0.281989 -4.434896 0.920967 0.080103 -1.549641 -0.151666
    21 0.000000 2.791016 0.898926 0.000000 0.000000 0.000000
    22 0.000000 -0.088013 2.902344 0.000000 0.000000 0.000000
    23 -0.487059 -4.492466 0.836098 1.006015 1.476104 1.059553
    24 -0.000001 2.902344 1.065430 0.000000 0.000000 0.000000
    25 0.000000 0.272305 2.897379 0.000000 0.000000 0.000000
    26 -0.021851 -0.545898 0.000000 0.000000 0.000000 0.000000
    27 0.585312 0.235277 0.578294 0.548559 -0.456933 -1.207778
    28 2.306785 0.010602 0.000001 0.000000 0.000000 -0.415631
    29 1.234327 -0.010016 -0.000001 0.000000 0.000000 -0.900506
    30 1.419017 -2.332346 -0.168330 0.000000 -0.052360 -1.523672
    31 1.707031 0.018570 -0.000001 0.000000 -0.376991 -0.005236
    32 1.169922 -0.007076 -0.000001 0.000000 -0.612611 0.010472
    33 0.511719 -2.587891 -0.171265 0.068179 -0.280440 -1.750247
    34 1.837891 0.009178 -0.000001 -3.141591 -1.523670 -3.131118
    35 1.439453 0.012917 0.000000 0.000000 -1.099558 0.005236
    36 -0.359256 -2.261720 -0.168329 0.017968 -0.224442 -1.724665
    37 1.888672 -0.005322 0.000001 0.000002 -1.544617 0.036656
    38 1.369174 -0.010806 0.000002 0.000000 -1.130973 0.010472
    39 -1.191442 -1.692502 -0.168331 0.000000 -0.235619 -1.685988
    40 1.688477 -0.013481 -0.000002 0.000000 -0.753982 0.005229
    41 1.072266 0.022156 -0.000002 0.000000 -1.371829 -0.010472
    42 0.000000 -2.077746 1.571501 0.040831 0.046033 0.007346
    43 0.000000 -3.708984 1.591797 0.000000 0.000000 0.000000
    44 0.000000 -1.273438 2.097656 0.000000 0.000000 0.000000
    45 0.000000 -1.325880 2.134425 0.000000 0.000000 0.000000
    46 0.042970 -1.408480 -1.952042 0.108604 0.273320 0.007958
    47 0.000003 -3.746094 1.536133 0.000000 0.000000 0.000000
    48 0.500002 9.999993 0.000002 -1.570796 0.000000 -1.570796
    49 0.500002 9.999993 0.000002 -1.570796 0.000000 -1.570796
    50 0.000000 0.000005 0.000001 -1.570796 0.000000 -1.570796
    51 0.000001 0.000003 -0.500010 -1.570796 0.000000 -1.570796
    52 -0.000001 0.000000 -0.000002 -1.570796 0.000000 0.000000
    53 0.000000 0.000000 0.000000 -1.570797 0.000000 0.000000
    54 0.000001 0.000000 0.000000 -1.570796 0.000000 0.000000
    55 0.000000 0.000000 0.000002 -1.570796 0.000000 0.000000
    56 -0.000003 0.000000 0.000001 -1.570796 0.000000 0.000000
    57 0.000000 0.000000 0.000000 -1.570796 0.000000 0.000000
    58 0.000000 0.000000 -0.000002 -1.570796 0.000000 0.000000
    59 0.000000 0.000000 0.000001 -1.570796 0.000000 0.000000
    60 -0.000003 0.000000 0.000000 -1.570796 0.000000 0.000000
    61 -0.000001 0.000000 0.000000 -1.570796 0.000000 0.000000
    62 0.000000 0.000000 0.000000 -1.570796 0.000001 0.000000
    63 0.000000 0.000000 0.000000 -1.570796 0.000001 0.000000
    64 0.000000 0.000000 0.000001 3.141593 0.000000 0.000000
    65 0.000000 0.000000 0.000000 3.141593 0.000000 0.000000
    66 0.000001 -0.000001 0.000002 3.141592 0.000000 0.000000
    67 0.000000 10.000002 -0.000005 -1.570796 0.000000 -1.570796
    68 0.000000 10.000002 -0.000005 -1.570796 0.000000 -1.570796
    69 0.000000 0.000005 -0.000003 -1.570796 0.000000 -1.570796
    70 -0.000002 0.000006 -0.500010 -1.570796 0.000000 -1.570796
    71 -0.000004 0.000000 -0.000002 -1.570796 0.000000 0.000000
    72 0.000000 0.000000 0.000000 -1.570796 0.000000 0.000000
    73 0.000000 0.000000 0.000000 -1.570796 0.000000 0.000000
    74 -0.000002 0.000000 0.000000 -1.570796 0.000000 0.000000
    75 0.000002 0.000000 0.000000 -1.570796 0.000000 0.000000
    76 0.000006 0.000000 0.000000 -1.570796 0.000000 0.000000
    77 0.000001 0.000000 0.000000 -1.570796 0.000000 0.000000
    78 0.000000 0.000000 0.000000 -1.570796 0.000000 0.000000
    79 0.000003 0.000000 0.000000 -1.570796 0.000000 0.000000
    80 0.000000 0.000000 0.000000 -1.570796 0.000000 0.000000
    81 0.000002 0.000000 -0.000001 -1.570796 0.000000 0.000000
    82 0.000000 0.000000 0.000000 -1.570796 0.000000 0.000000
    83 0.000000 0.000000 -0.000003 0.000000 0.000000 0.000000
    84 0.000000 0.000000 0.000000 0.000000 0.000000 0.000000
    85 0.000000 0.000001 -0.000001 0.000000 0.000000 0.000000
  time 46
    0 -0.896002 1.498493 -11.737499 -2.141505 0.010437 -2.368762
    1 0.026867 -11.331078 -0.000002 -0.085325 0.502351 1.158926
    2 0.000002 -0.570801 0.000000 0.000000 0.000000 0.000000
    3 -0.519569 0.288004 0.586913 0.122253 -0.559549 -2.490292
    4 2.272813 -0.124224 -0.000001 0.000000 0.000000 0.049909
    5 1.069446 0.056463 0.000000 0.000000 0.000000 0.848230
    6 -1.359660 -2.278871 -0.142105 0.000000 -0.075589 -1.638864
    7 1.730202 -0.000584 0.000001 0.000000 -0.018473 0.005236
    8 1.195413 -0.010942 0.000001 0.000000 -0.145508 0.000000
    9 -0.430529 -2.478479 -0.142105 -0.092072 -0.594334 -1.406135
    10 1.925233 0.004627 0.000003 -0.000096 -1.260010 -6.283089
    11 1.413089 0.008475 0.000000 0.000000 -0.565559 0.020944
    12 0.384484 -2.160851 -0.149917 -0.058525 -0.326398 -1.430068
    13 1.952478 0.057593 0.000000 -0.000001 -1.284648 -0.010473
    14 1.365878 0.003407 0.000000 0.000001 -0.586528 0.005236
    15 1.194772 -1.655615 -0.138199 0.000000 -0.325428 -1.445133
    16 1.674395 0.018204 -0.000001 0.000000 -0.814068 -0.005236
    17 1.089296 -0.001050 -0.000001 0.000000 -0.815159 0.000000
    18 12.691525 -0.384242 -8.634410 -0.576170 -0.399245 -0.270250
    19 -0.295538 -11.156286 0.000002 0.181409 0.404107 -0.269726
    20 0.281989 -4.438802 0.917060 0.080103 -1.549641 -0.151666
    21 0.000000 2.791016 0.898926 0.000000 0.000000 0.000000
    22 0.000000 -0.088013 2.902344 0.000000 0.000000 0.000000
    23 -0.490966 -4.492466 0.840004 1.007638 1.475888 1.060999
    24 -0.000001 2.902344 1.065430 0.000000 0.000000 0.000000
    25 0.000000 0.272305 2.901285 0.000000 0.000000 0.000000
    26 -0.021851 -0.545898 0.000000 0.000000 0.000000 0.000000
    27 0.585312 0.239183 0.578294 0.538763 -0.459187 -1.202548
    28 2.306785 0.010602 0.000001 0.000000 0.000000 -0.419886
    29 1.234327 -0.010016 -0.000001 0.000000 0.000000 -0.900721
    30 1.419017 -2.328439 -0.168330 0.000000 -0.052360 -1.523672
    31 1.707031 0.018570 -0.000001 0.000000 -0.376991 -0.005236
    32 1.169922 -0.007076 -0.000001 0.000000 -0.612611 0.010472
    33 0.511719 -2.587891 -0.171265 0.068179 -0.280440 -1.750247
    34 1.837891 0.009178 -0.000001 -3.141591 -1.523670 -3.131118
    35 1.439453 0.012917 0.000000 0.000000 -1.099558 0.005236
    36 -0.359256 -2.261720 -0.168329 0.017968 -0.224442 -1.724665
    37 1.888672 -0.005322 0.000001 0.000002 -1.544617 0.036656
    38 1.373080 -0.010806 0.000002 0.000000 -1.130973 0.010472
    39 -1.191442 -1.692502 -0.168331 0.000000 -0.235619 -1.685988
    40 1.688477 -0.013481 -0.000002 0.000000 -0.753982 0.005229
    41 1.072266 0.022156 -0.000002 0.000000 -1.371829 -0.010472
    42 0.000000 -2.077746 1.571501 0.042222 0.047519 0.007598
    43 0.000000 -3.708984 1.591797 0.000000 0.000000 0.000000
    44 0.000000 -1.273438 2.097656 0.000000 0.000000 0.000000
    45 0.000000 -1.325880 2.134425 0.000000 0.000000 0.000000
    46 0.125004 -1.564734 -1.209832 0.076222 0.174328 0.001187
    47 0.000003 -3.746094 1.536133 0.000000 0.000000 0.000000
    48 0.500002 9.999993 0.000002 -1.570796 0.000000 -1.570796
    49 0.500002 9.999993 0.000002 -1.570796 0.000000 -1.570796
    50 0.000000 0.000005 0.000001 -1.570796 0.000000 -1.570796
    51 0.000001 0.000003 -0.500010 -1.570796 0.000000 -1.570796
    52 -0.000001 0.000000 -0.000002 -1.570796 0.000000 0.000000
    53 0.000000 0.000000 0.000000 -1.570797 0.000000 0.000000
    54 0.000001 0.000000 0.000000 -1.570796 0.000000 0.000000
    55 0.000000 0.000000 0.000002 -1.570796 0.000000 0.000000
    56 -0.000003 0.000000 0.000001 -1.570796 0.000000 0.000000
    57 0.000000 0.000000 0.000000 -1.570796 0.000000 0.000000
    58 0.000000 0.000000 -0.000002 -1.570796 0.000000 0.000000
    59 0.000000 0.000000 0.000001 -1.570796 0.000000 0.000000
    60 -0.000003 0.000000 0.000000 -1.570796 0.000000 0.000000
    61 -0.000001 0.000000 0.000000 -1.570796 0.000000 0.000000
    62 0.000000 0.000000 0.000000 -1.570796 0.000001 0.000000
    63 0.000000 0.000000 0.000000 -1.570796 0.000001 0.000000
    64 0.000000 0.000000 0.000001 3.141593 0.000000 0.000000
    65 0.000000 0.000000 0.000000 3.141593 0.000000 0.000000
    66 0.000001 -0.000001 0.000002 3.141592 0.000000 0.000000
    67 0.000000 10.000002 -0.000005 -1.570796 0.000000 -1.570796
    68 0.000000 10.000002 -0.000005 -1.570796 0.000000 -1.570796
    69 0.000000 0.000005 -0.000003 -1.570796 0.000000 -1.570796
    70 -0.000002 0.000006 -0.500010 -1.570796 0.000000 -1.570796
    71 -0.000004 0.000000 -0.000002 -1.570796 0.000000 0.000000
    72 0.000000 0.000000 0.000000 -1.570796 0.000000 0.000000
    73 0.000000 0.000000 0.000000 -1.570796 0.000000 0.000000
    74 -0.000002 0.000000 0.000000 -1.570796 0.000000 0.000000
    75 0.000002 0.000000 0.000000 -1.570796 0.000000 0.000000
    76 0.000006 0.000000 0.000000 -1.570796 0.000000 0.000000
    77 0.000001 0.000000 0.000000 -1.570796 0.000000 0.000000
    78 0.000000 0.000000 0.000000 -1.570796 0.000000 0.000000
    79 0.000003 0.000000 0.000000 -1.570796 0.000000 0.000000
    80 0.000000 0.000000 0.000000 -1.570796 0.000000 0.000000
    81 0.000002 0.000000 -0.000001 -1.570796 0.000000 0.000000
    82 0.000000 0.000000 0.000000 -1.570796 0.000000 0.000000
    83 0.000000 0.000000 -0.000003 0.000000 0.000000 0.000000
    84 0.000000 0.000000 0.000000 0.000000 0.000000 0.000000
    85 0.000000 0.000001 -0.000001 0.000000 0.000000 0.000000
  time 47
    0 -0.427238 1.771939 -11.272641 -2.166924 0.052575 -2.393477
    1 0.026867 -11.331078 -0.000002 -0.065399 0.496124 1.094134
    2 0.000002 -0.570801 0.000000 0.000000 0.000000 0.000000
    3 -0.523475 0.288004 0.590819 0.130723 -0.560500 -2.496204
    4 2.272813 -0.120318 -0.000001 0.000000 0.000000 0.051723
    5 1.069446 0.056463 0.000000 0.000000 0.000000 0.848230
    6 -1.351848 -2.286684 -0.142105 0.000000 -0.075122 -1.638864
    7 1.730202 -0.000584 0.000001 0.000000 -0.021291 0.005236
    8 1.203226 -0.010942 0.000001 0.000000 -0.148671 0.000000
    9 -0.430529 -2.478479 -0.142105 -0.091785 -0.589195 -1.406661
    10 1.925233 0.004627 0.000003 -0.000096 -1.251934 -6.282993
    11 1.416995 0.008475 0.000000 0.000000 -0.557737 0.020944
    12 0.384484 -2.160851 -0.149917 -0.058430 -0.321557 -1.430392
    13 1.952478 0.057593 0.000000 -0.000001 -1.278586 -0.010473
    14 1.361971 0.003407 0.000000 0.000001 -0.576978 0.005236
    15 1.194772 -1.655615 -0.138199 0.000000 -0.320580 -1.445133
    16 1.674395 0.018204 -0.000001 0.000000 -0.813028 -0.005236
    17 1.089296 -0.001050 -0.000001 0.000000 -0.805425 0.000000
    18 12.644649 -0.380336 -8.653942 -0.585658 -0.383200 -0.274744
    19 -0.295538 -11.160193 0.000002 0.165652 0.445442 -0.247837
    20 0.281989 -4.434896 0.920967 0.080103 -1.549641 -0.151666
    21 0.000000 2.791016 0.898926 0.000000 0.000000 0.000000
    22 0.000000 -0.088013 2.902344 0.000000 0.000000 0.000000
    23 -0.494872 -4.492466 0.847817 1.008179 1.475817 1.061555
    24 -0.000001 2.902344 1.065430 0.000000 0.000000 0.000000
    25 0.000000 0.272305 2.901285 0.000000 0.000000 0.000000
    26 -0.021851 -0.545898 0.000000 0.000000 0.000000 0.000000
    27 0.581406 0.235277 0.586107 0.528828 -0.461415 -1.196987
    28 2.306785 0.010602 0.000001 0.000000 0.000000 -0.423909
    29 1.234327 -0.010016 -0.000001 0.000000 0.000000 -0.900506
    30 1.419017 -2.332346 -0.168330 0.000000 -0.052360 -1.523672
    31 1.707031 0.018570 -0.000001 0.000000 -0.376991 -0.005236
    32 1.169922 -0.007076 -0.000001 0.000000 -0.612611 0.010472
    33 0.511719 -2.587891 -0.171265 0.068179 -0.280440 -1.750247
    34 1.837891 0.009178 -0.000001 -3.141591 -1.523670 -3.131118
    35 1.439453 0.012917 0.000000 0.000000 -1.099558 0.005236
    36 -0.359256 -2.257814 -0.168329 0.017968 -0.224442 -1.724665
    37 1.888672 -0.005322 0.000001 0.000002 -1.544617 0.036656
    38 1.373080 -0.010806 0.000002 0.000000 -1.130973 0.010472
    39 -1.191442 -1.692502 -0.168331 0.000000 -0.235619 -1.685988
    40 1.688477 -0.013481 -0.000002 0.000000 -0.753982 0.005229
    41 1.072266 0.022156 -0.000002 0.000000 -1.371829 -0.010472
    42 0.000000 -2.077746 1.571501 0.043492 0.048921 0.007922
    43 0.000000 -3.708984 1.591797 0.000000 0.000000 0.000000
    44 0.000000 -1.273438 2.097656 0.000000 0.000000 0.000000
    45 0.000000 -1.325880 2.130518 0.000000 0.000000 0.000000
    46 0.058596 -1.627236 -0.510592 0.029793 0.068708 -0.001091
    47 0.000003 -3.746094 1.536133 0.000000 0.000000 0.000000
    48 0.500002 9.999993 0.000002 -1.570796 0.000000 -1.570796
    49 0.500002 9.999993 0.000002 -1.570796 0.000000 -1.570796
    50 0.000000 0.000005 0.000001 -1.570796 0.000000 -1.570796
    51 0.000001 0.000003 -0.500010 -1.570796 0.000000 -1.570796
    52 -0.000001 0.000000 -0.000002 -1.570796 0.000000 0.000000
    53 0.000000 0.000000 0.000000 -1.570797 0.000000 0.000000
    54 0.000001 0.000000 0.000000 -1.570796 0.000000 0.000000
    55 0.000000 0.000000 0.000002 -1.570796 0.000000 0.000000
    56 -0.000003 0.000000 0.000001 -1.570796 0.000000 0.000000
    57 0.000000 0.000000 0.000000 -1.570796 0.000000 0.000000
    58 0.000000 0.000000 -0.000002 -1.570796 0.000000 0.000000
    59 0.000000 0.000000 0.000001 -1.570796 0.000000 0.000000
    60 -0.000003 0.000000 0.000000 -1.570796 0.000000 0.000000
    61 -0.000001 0.000000 0.000000 -1.570796 0.000000 0.000000
    62 0.000000 0.000000 0.000000 -1.570796 0.000001 0.000000
    63 0.000000 0.000000 0.000000 -1.570796 0.000001 0.000000
    64 0.000000 0.000000 0.000001 3.141593 0.000000 0.000000
    65 0.000000 0.000000 0.000000 3.141593 0.000000 0.000000
    66 0.000001 -0.000001 0.000002 3.141592 0.000000 0.000000
    67 0.000000 10.000002 -0.000005 -1.570796 0.000000 -1.570796
    68 0.000000 10.000002 -0.000005 -1.570796 0.000000 -1.570796
    69 0.000000 0.000005 -0.000003 -1.570796 0.000000 -1.570796
    70 -0.000002 0.000006 -0.500010 -1.570796 0.000000 -1.570796
    71 -0.000004 0.000000 -0.000002 -1.570796 0.000000 0.000000
    72 0.000000 0.000000 0.000000 -1.570796 0.000000 0.000000
    73 0.000000 0.000000 0.000000 -1.570796 0.000000 0.000000
    74 -0.000002 0.000000 0.000000 -1.570796 0.000000 0.000000
    75 0.000002 0.000000 0.000000 -1.570796 0.000000 0.000000
    76 0.000006 0.000000 0.000000 -1.570796 0.000000 0.000000
    77 0.000001 0.000000 0.000000 -1.570796 0.000000 0.000000
    78 0.000000 0.000000 0.000000 -1.570796 0.000000 0.000000
    79 0.000003 0.000000 0.000000 -1.570796 0.000000 0.000000
    80 0.000000 0.000000 0.000000 -1.570796 0.000000 0.000000
    81 0.000002 0.000000 -0.000001 -1.570796 0.000000 0.000000
    82 0.000000 0.000000 0.000000 -1.570796 0.000000 0.000000
    83 0.000000 0.000000 -0.000003 0.000000 0.000000 0.000000
    84 0.000000 0.000000 0.000000 0.000000 0.000000 0.000000
    85 0.000000 0.000001 -0.000001 0.000000 0.000000 0.000000
  time 48
    0 -0.079571 1.986789 -10.827314 -2.194023 0.097579 -2.421831
    1 0.026867 -11.331078 -0.000002 -0.049727 0.486480 1.023786
    2 0.000002 -0.570801 0.000000 0.000000 0.000000 0.000000
    3 -0.523475 0.288004 0.594726 0.139313 -0.561867 -2.502281
    4 2.276719 -0.124224 -0.000001 0.000000 0.000000 0.053806
    5 1.069446 0.056463 0.000000 0.000000 0.000000 0.848230
    6 -1.351848 -2.286684 -0.142105 0.000000 -0.074655 -1.638864
    7 1.730202 -0.000584 0.000001 0.000000 -0.024141 0.005236
    8 1.203226 -0.010942 0.000001 0.000000 -0.151917 0.000000
    9 -0.430529 -2.478479 -0.142105 -0.091269 -0.581234 -1.407549
    10 1.929139 0.004627 0.000003 -6.282992 -1.242918 -6.282898
    11 1.416995 0.008475 0.000000 0.000000 -0.549786 0.020944
    12 0.380577 -2.160851 -0.146011 -0.058346 -0.314596 -1.430751
    13 1.956384 0.053687 0.000000 -0.000001 -1.271256 -0.010473
    14 1.365878 0.003407 0.000000 0.000001 -0.567124 0.005236
    15 1.194772 -1.655615 -0.138199 0.000000 -0.314032 -1.445133
    16 1.674395 0.018204 -0.000001 0.000000 -0.810729 -0.005236
    17 1.089296 -0.001050 -0.000001 0.000000 -0.795107 0.000000
    18 12.586053 -0.368617 -8.673473 -0.591388 -0.373515 -0.278583
    19 -0.295538 -11.156286 0.000002 0.158529 0.472213 -0.233775
    20 0.281989 -4.438802 0.920967 0.080103 -1.549641 -0.151666
    21 0.000000 2.791016 0.898926 0.000000 0.000000 0.000000
    22 0.000000 -0.088013 2.902344 0.000000 0.000000 0.000000
    23 -0.490966 -4.488559 0.840004 1.007818 1.475865 1.061277
    24 -0.000001 2.902344 1.065430 0.000000 0.000000 0.000000
    25 0.000000 0.272305 2.901285 0.000000 0.000000 0.000000
    26 -0.021851 -0.545898 0.000000 0.000000 0.000000 0.000000
    27 0.581406 0.235277 0.578294 0.518632 -0.463669 -1.191216
    28 2.306785 0.010602 0.000001 0.000000 0.000000 -0.427699
    29 1.234327 -0.010016 -0.000001 0.000000 0.000000 -0.900107
    30 1.419017 -2.328439 -0.168330 0.000000 -0.052360 -1.523672
    31 1.707031 0.018570 -0.000001 0.000000 -0.376991 -0.005236
    32 1.169922 -0.007076 -0.000001 0.000000 -0.612611 0.010472
    33 0.511719 -2.587891 -0.171265 0.068179 -0.280440 -1.750247
    34 1.837891 0.009178 -0.000001 -3.141591 -1.523670 -3.131118
    35 1.439453 0.012917 0.000000 0.000000 -1.099558 0.005236
    36 -0.359256 -2.261720 -0.168329 0.017968 -0.224442 -1.724665
    37 1.888672 -0.005322 0.000001 0.000002 -1.544617 0.036656
    38 1.373080 -0.010806 0.000002 0.000000 -1.130973 0.010472
    39 -1.191442 -1.688595 -0.168331 0.000000 -0.235619 -1.685988
    40 1.688477 -0.013481 -0.000002 0.000000 -0.753982 0.005229
    41 1.072266 0.022156 -0.000002 0.000000 -1.371829 -0.010472
    42 0.000000 -2.077746 1.567595 0.044750 0.050347 0.008125
    43 0.000000 -3.708984 1.591797 0.000000 0.000000 0.000000
    44 0.000000 -1.273438 2.097656 0.000000 0.000000 0.000000
    45 0.000000 -1.325880 2.130518 0.000000 0.000000 0.000000
    46 0.000000 -1.681925 0.184742 0.000000 0.000000 0.000000
    47 0.000003 -3.746094 1.536133 0.000000 0.000000 0.000000
    48 0.500002 9.999993 0.000002 -1.570796 0.000000 -1.570796
    49 0.500002 9.999993 0.000002 -1.570796 0.000000 -1.570796
    50 0.000000 0.000005 0.000001 -1.570796 0.000000 -1.570796
    51 0.000001 0.000003 -0.500010 -1.570796 0.000000 -1.570796
    52 -0.000001 0.000000 -0.000002 -1.570796 0.000000 0.000000
    53 0.000000 0.000000 0.000000 -1.570797 0.000000 0.000000
    54 0.000001 0.000000 0.000000 -1.570796 0.000000 0.000000
    55 0.000000 0.000000 0.000002 -1.570796 0.000000 0.000000
    56 -0.000003 0.000000 0.000001 -1.570796 0.000000 0.000000
    57 0.000000 0.000000 0.000000 -1.570796 0.000000 0.000000
    58 0.000000 0.000000 -0.000002 -1.570796 0.000000 0.000000
    59 0.000000 0.000000 0.000001 -1.570796 0.000000 0.000000
    60 -0.000003 0.000000 0.000000 -1.570796 0.000000 0.000000
    61 -0.000001 0.000000 0.000000 -1.570796 0.000000 0.000000
    62 0.000000 0.000000 0.000000 -1.570796 0.000001 0.000000
    63 0.000000 0.000000 0.000000 -1.570796 0.000001 0.000000
    64 0.000000 0.000000 0.000001 3.141593 0.000000 0.000000
    65 0.000000 0.000000 0.000000 3.141593 0.000000 0.000000
    66 0.000001 -0.000001 0.000002 3.141592 0.000000 0.000000
    67 0.000000 10.000002 -0.000005 -1.570796 0.000000 -1.570796
    68 0.000000 10.000002 -0.000005 -1.570796 0.000000 -1.570796
    69 0.000000 0.000005 -0.000003 -1.570796 0.000000 -1.570796
    70 -0.000002 0.000006 -0.500010 -1.570796 0.000000 -1.570796
    71 -0.000004 0.000000 -0.000002 -1.570796 0.000000 0.000000
    72 0.000000 0.000000 0.000000 -1.570796 0.000000 0.000000
    73 0.000000 0.000000 0.000000 -1.570796 0.000000 0.000000
    74 -0.000002 0.000000 0.000000 -1.570796 0.000000 0.000000
    75 0.000002 0.000000 0.000000 -1.570796 0.000000 0.000000
    76 0.000006 0.000000 0.000000 -1.570796 0.000000 0.000000
    77 0.000001 0.000000 0.000000 -1.570796 0.000000 0.000000
    78 0.000000 0.000000 0.000000 -1.570796 0.000000 0.000000
    79 0.000003 0.000000 0.000000 -1.570796 0.000000 0.000000
    80 0.000000 0.000000 0.000000 -1.570796 0.000000 0.000000
    81 0.000002 0.000000 -0.000001 -1.570796 0.000000 0.000000
    82 0.000000 0.000000 0.000000 -1.570796 0.000000 0.000000
    83 0.000000 0.000000 -0.000003 0.000000 0.000000 0.000000
    84 0.000000 0.000000 0.000000 0.000000 0.000000 0.000000
    85 0.000000 0.000001 -0.000001 0.000000 0.000000 0.000000
  time 49
    0 0.143092 2.217265 -10.460116 -2.220002 0.143702 -2.453251
    1 0.026867 -11.331078 -0.000002 -0.036006 0.483394 0.954677
    2 0.000002 -0.570801 0.000000 0.000000 0.000000 0.000000
    3 -0.523475 0.288004 0.590819 0.147903 -0.563516 -2.508719
    4 2.272813 -0.124224 -0.000001 0.000000 0.000000 0.056023
    5 1.069446 0.056463 0.000000 0.000000 0.000000 0.848230
    6 -1.355754 -2.286684 -0.142105 0.000000 -0.074230 -1.638864
    7 1.726295 -0.000584 0.000001 0.000000 -0.027085 0.005236
    8 1.199319 -0.010942 0.000001 0.000000 -0.155274 0.000000
    9 -0.430529 -2.478479 -0.142105 -0.090658 -0.570603 -1.408755
    10 1.925233 0.004627 0.000003 -6.282992 -1.233404 -6.282802
    11 1.416995 0.008475 0.000000 0.000000 -0.541834 0.020944
    12 0.376671 -2.160851 -0.146011 -0.058190 -0.305834 -1.431291
    13 1.956384 0.057593 0.000000 -0.000001 -1.263044 -0.010473
    14 1.365878 0.003407 0.000000 0.000001 -0.557185 0.005236
    15 1.194772 -1.655615 -0.138199 0.000000 -0.305819 -1.445133
    16 1.674395 0.018204 -0.000001 0.000000 -0.807390 -0.005236
    17 1.089296 -0.001050 -0.000001 0.000000 -0.784497 0.000000
    18 12.515738 -0.356898 -8.696912 -0.592797 -0.371311 -0.280549
    19 -0.295538 -11.160193 0.000002 0.158817 0.479482 -0.229786
    20 0.285896 -4.434896 0.920967 0.080103 -1.549641 -0.151666
    21 0.000000 2.791016 0.898926 0.000000 0.000000 0.000000
    22 0.000000 -0.088013 2.902344 0.000000 0.000000 0.000000
    23 -0.490966 -4.492466 0.840004 1.006556 1.476032 1.060054
    24 -0.000001 2.902344 1.065430 0.000000 0.000000 0.000000
    25 0.000000 0.272305 2.897379 0.000000 0.000000 0.000000
    26 -0.021851 -0.545898 0.000000 0.000000 0.000000 0.000000
    27 0.581406 0.235277 0.590013 0.508236 -0.465845 -1.185385
    28 2.306785 0.010602 0.000001 0.000000 0.000000 -0.431255
    29 1.238233 -0.010016 -0.000001 0.000000 0.000000 -0.899401
    30 1.419017 -2.328439 -0.168330 0.000000 -0.052360 -1.523672
    31 1.707031 0.018570 -0.000001 0.000000 -0.376991 -0.005236
    32 1.169922 -0.007076 -0.000001 0.000000 -0.612611 0.010472
    33 0.511719 -2.587891 -0.171265 0.068179 -0.280440 -1.750247
    34 1.837891 0.009178 -0.000001 -3.141591 -1.523670 -3.131118
    35 1.439453 0.012917 0.000000 0.000000 -1.099558 0.005236
    36 -0.359256 -2.257814 -0.168329 0.017968 -0.224442 -1.724665
    37 1.888672 -0.005322 0.000001 0.000002 -1.544617 0.036656
    38 1.373080 -0.010806 0.000002 0.000000 -1.130973 0.010472
    39 -1.187535 -1.688595 -0.168331 0.000000 -0.235619 -1.685988
    40 1.688477 -0.013481 -0.000002 0.000000 -0.753982 0.005229
    41 1.072266 0.022156 -0.000002 0.000000 -1.371829 -0.010472
    42 0.000000 -2.077746 1.571501 0.046057 0.051737 0.008401
    43 0.000000 -3.708984 1.591797 0.000000 0.000000 0.000000
    44 0.000000 -1.273438 2.097656 0.000000 0.000000 0.000000
    45 0.000000 -1.325880 2.134425 0.000000 0.000000 0.000000
    46 0.000000 -1.681925 0.173023 -0.004590 -0.014885 0.000264
    47 0.000003 -3.746094 1.536133 0.000000 0.000000 0.000000
    48 0.500002 9.999993 0.000002 -1.570796 0.000000 -1.570796
    49 0.500002 9.999993 0.000002 -1.570796 0.000000 -1.570796
    50 0.000000 0.000005 0.000001 -1.570796 0.000000 -1.570796
    51 0.000001 0.000003 -0.500010 -1.570796 0.000000 -1.570796
    52 -0.000001 0.000000 -0.000002 -1.570796 0.000000 0.000000
    53 0.000000 0.000000 0.000000 -1.570797 0.000000 0.000000
    54 0.000001 0.000000 0.000000 -1.570796 0.000000 0.000000
    55 0.000000 0.000000 0.000002 -1.570796 0.000000 0.000000
    56 -0.000003 0.000000 0.000001 -1.570796 0.000000 0.000000
    57 0.000000 0.000000 0.000000 -1.570796 0.000000 0.000000
    58 0.000000 0.000000 -0.000002 -1.570796 0.000000 0.000000
    59 0.000000 0.000000 0.000001 -1.570796 0.000000 0.000000
    60 -0.000003 0.000000 0.000000 -1.570796 0.000000 0.000000
    61 -0.000001 0.000000 0.000000 -1.570796 0.000000 0.000000
    62 0.000000 0.000000 0.000000 -1.570796 0.000001 0.000000
    63 0.000000 0.000000 0.000000 -1.570796 0.000001 0.000000
    64 0.000000 0.000000 0.000001 3.141593 0.000000 0.000000
    65 0.000000 0.000000 0.000000 3.141593 0.000000 0.000000
    66 0.000001 -0.000001 0.000002 3.141592 0.000000 0.000000
    67 0.000000 10.000002 -0.000005 -1.570796 0.000000 -1.570796
    68 0.000000 10.000002 -0.000005 -1.570796 0.000000 -1.570796
    69 0.000000 0.000005 -0.000003 -1.570796 0.000000 -1.570796
    70 -0.000002 0.000006 -0.500010 -1.570796 0.000000 -1.570796
    71 -0.000004 0.000000 -0.000002 -1.570796 0.000000 0.000000
    72 0.000000 0.000000 0.000000 -1.570796 0.000000 0.000000
    73 0.000000 0.000000 0.000000 -1.570796 0.000000 0.000000
    74 -0.000002 0.000000 0.000000 -1.570796 0.000000 0.000000
    75 0.000002 0.000000 0.000000 -1.570796 0.000000 0.000000
    76 0.000006 0.000000 0.000000 -1.570796 0.000000 0.000000
    77 0.000001 0.000000 0.000000 -1.570796 0.000000 0.000000
    78 0.000000 0.000000 0.000000 -1.570796 0.000000 0.000000
    79 0.000003 0.000000 0.000000 -1.570796 0.000000 0.000000
    80 0.000000 0.000000 0.000000 -1.570796 0.000000 0.000000
    81 0.000002 0.000000 -0.000001 -1.570796 0.000000 0.000000
    82 0.000000 0.000000 0.000000 -1.570796 0.000000 0.000000
    83 0.000000 0.000000 -0.000003 0.000000 0.000000 0.000000
    84 0.000000 0.000000 0.000000 0.000000 0.000000 0.000000
    85 0.000000 0.000001 -0.000001 0.000000 0.000000 0.000000
  time 50
    0 0.205594 2.459460 -10.046041 -2.244143 0.142672 -2.487353
    1 0.026867 -11.331078 -0.000002 -0.057244 0.504087 0.914736
    2 0.000002 -0.570801 0.000000 0.000000 0.000000 0.000000
    3 -0.523475 0.288004 0.590819 0.156391 -0.565344 -2.515288
    4 2.276719 -0.120318 -0.000001 0.000000 0.000000 0.058509
    5 1.069446 0.056463 0.000000 0.000000 0.000000 0.848230
    6 -1.355754 -2.286684 -0.142105 0.000000 -0.073678 -1.638864
    7 1.730202 -0.000584 0.000001 0.000000 -0.030122 0.005236
    8 1.203226 -0.010942 0.000001 0.000000 -0.158659 0.000000
    9 -0.426622 -2.478479 -0.142105 -0.089939 -0.557654 -1.410085
    10 1.921327 0.004627 0.000003 -0.000192 -1.223226 -6.283185
    11 1.416995 0.008475 0.000000 0.000000 -0.534142 0.020944
    12 0.376671 -2.160851 -0.146011 -0.057974 -0.295552 -1.431974
    13 1.956384 0.053687 0.000000 -0.000001 -1.254336 -0.010473
    14 1.365878 0.003407 0.000000 0.000001 -0.547375 0.005236
    15 1.194772 -1.655615 -0.138199 0.000000 -0.296521 -1.445133
    16 1.674395 0.018204 -0.000001 0.000000 -0.803121 -0.005236
    17 1.089296 -0.001050 -0.000001 0.000000 -0.773887 0.000000
    18 12.441517 -0.349085 -8.720350 -0.591669 -0.373118 -0.282328
    19 -0.295538 -11.160193 0.000002 0.164141 0.478242 -0.229988
    20 0.281989 -4.434896 0.920967 0.080103 -1.549641 -0.151666
    21 0.000000 2.791016 0.898926 0.000000 0.000000 0.000000
    22 0.000000 -0.088013 2.902344 0.000000 0.000000 0.000000
    23 -0.487059 -4.492466 0.847817 1.004032 1.476476 1.057662
    24 -0.000001 2.902344 1.065430 0.000000 0.000000 0.000000
    25 0.000000 0.272305 2.901285 0.000000 0.000000 0.000000
    26 -0.021851 -0.545898 0.000000 0.000000 0.000000 0.000000
    27 0.585312 0.235277 0.586107 0.497563 -0.468073 -1.179163
    28 2.306785 0.010602 0.000001 0.000000 0.000000 -0.434579
    29 1.234327 -0.010016 -0.000001 0.000000 0.000000 -0.898419
    30 1.419017 -2.332346 -0.168330 0.000000 -0.052360 -1.523672
    31 1.707031 0.018570 -0.000001 0.000000 -0.376991 -0.005236
    32 1.169922 -0.007076 -0.000001 0.000000 -0.612611 0.010472
    33 0.511719 -2.587891 -0.171265 0.068179 -0.280440 -1.750247
    34 1.837891 0.009178 -0.000001 -3.141591 -1.523670 -3.131118
    35 1.439453 0.012917 0.000000 0.000000 -1.099558 0.005236
    36 -0.359256 -2.261720 -0.168329 0.017968 -0.224442 -1.724665
    37 1.888672 -0.005322 0.000001 0.000002 -1.544617 0.036656
    38 1.369174 -0.010806 0.000002 0.000000 -1.130973 0.010472
    39 -1.191442 -1.692502 -0.168331 0.000000 -0.235619 -1.685988
    40 1.688477 -0.013481 -0.000002 0.000000 -0.753982 0.005229
    41 1.072266 0.022156 -0.000002 0.000000 -1.371829 -0.010472
    42 0.000000 -2.077746 1.571501 0.047219 0.053152 0.008701
    43 0.000000 -3.708984 1.591797 0.000000 0.000000 0.000000
    44 0.000000 -1.273438 2.097656 0.000000 0.000000 0.000000
    45 0.000000 -1.325880 2.130518 0.000000 0.000000 0.000000
    46 0.000000 -1.693645 0.133959 -0.012045 -0.038507 0.000815
    47 0.000003 -3.746094 1.536133 0.000000 0.000000 0.000000
    48 0.500002 9.999993 0.000002 -1.570796 0.000000 -1.570796
    49 0.500002 9.999993 0.000002 -1.570796 0.000000 -1.570796
    50 0.000000 0.000005 0.000001 -1.570796 0.000000 -1.570796
    51 0.000001 0.000003 -0.500010 -1.570796 0.000000 -1.570796
    52 -0.000001 0.000000 -0.000002 -1.570796 0.000000 0.000000
    53 0.000000 0.000000 0.000000 -1.570797 0.000000 0.000000
    54 0.000001 0.000000 0.000000 -1.570796 0.000000 0.000000
    55 0.000000 0.000000 0.000002 -1.570796 0.000000 0.000000
    56 -0.000003 0.000000 0.000001 -1.570796 0.000000 0.000000
    57 0.000000 0.000000 0.000000 -1.570796 0.000000 0.000000
    58 0.000000 0.000000 -0.000002 -1.570796 0.000000 0.000000
    59 0.000000 0.000000 0.000001 -1.570796 0.000000 0.000000
    60 -0.000003 0.000000 0.000000 -1.570796 0.000000 0.000000
    61 -0.000001 0.000000 0.000000 -1.570796 0.000000 0.000000
    62 0.000000 0.000000 0.000000 -1.570796 0.000001 0.000000
    63 0.000000 0.000000 0.000000 -1.570796 0.000001 0.000000
    64 0.000000 0.000000 0.000001 3.141593 0.000000 0.000000
    65 0.000000 0.000000 0.000000 3.141593 0.000000 0.000000
    66 0.000001 -0.000001 0.000002 3.141592 0.000000 0.000000
    67 0.000000 10.000002 -0.000005 -1.570796 0.000000 -1.570796
    68 0.000000 10.000002 -0.000005 -1.570796 0.000000 -1.570796
    69 0.000000 0.000005 -0.000003 -1.570796 0.000000 -1.570796
    70 -0.000002 0.000006 -0.500010 -1.570796 0.000000 -1.570796
    71 -0.000004 0.000000 -0.000002 -1.570796 0.000000 0.000000
    72 0.000000 0.000000 0.000000 -1.570796 0.000000 0.000000
    73 0.000000 0.000000 0.000000 -1.570796 0.000000 0.000000
    74 -0.000002 0.000000 0.000000 -1.570796 0.000000 0.000000
    75 0.000002 0.000000 0.000000 -1.570796 0.000000 0.000000
    76 0.000006 0.000000 0.000000 -1.570796 0.000000 0.000000
    77 0.000001 0.000000 0.000000 -1.570796 0.000000 0.000000
    78 0.000000 0.000000 0.000000 -1.570796 0.000000 0.000000
    79 0.000003 0.000000 0.000000 -1.570796 0.000000 0.000000
    80 0.000000 0.000000 0.000000 -1.570796 0.000000 0.000000
    81 0.000002 0.000000 -0.000001 -1.570796 0.000000 0.000000
    82 0.000000 0.000000 0.000000 -1.570796 0.000000 0.000000
    83 0.000000 0.000000 -0.000003 0.000000 0.000000 0.000000
    84 0.000000 0.000000 0.000000 0.000000 0.000000 0.000000
    85 0.000000 0.000001 -0.000001 0.000000 0.000000 0.000000
  time 51
    0 0.217313 2.670404 -9.850722 -2.271482 0.089787 -2.531226
    1 0.026867 -11.331078 -0.000002 -0.127553 0.547815 0.890373
    2 0.000002 -0.570801 0.000000 0.000000 0.000000 0.000000
    3 -0.527382 0.288004 0.590819 0.164672 -0.567439 -2.521726
    4 2.276719 -0.128130 -0.000001 0.000000 0.000000 0.061197
    5 1.069446 0.056463 0.000000 0.000000 0.000000 0.848230
    6 -1.355754 -2.278871 -0.142105 0.000000 -0.073211 -1.638864
    7 1.726295 -0.000584 0.000001 0.000000 -0.033207 0.005236
    8 1.199319 -0.010942 0.000001 0.000000 -0.162210 0.000000
    9 -0.430529 -2.478479 -0.142105 -0.089148 -0.542992 -1.411666
    10 1.929139 0.004627 0.000003 -0.000192 -1.212993 -6.282898
    11 1.416995 0.008475 0.000000 0.000000 -0.526882 0.020944
    12 0.376671 -2.160851 -0.149917 -0.057746 -0.283989 -1.432681
    13 1.952478 0.057593 0.000000 -0.000001 -1.245353 -0.010473
    14 1.365878 0.003407 0.000000 0.000001 -0.537997 0.005236
    15 1.194772 -1.655615 -0.138199 0.000000 -0.286065 -1.445133
    16 1.674395 0.018204 -0.000001 0.000000 -0.798085 -0.005236
    17 1.089296 -0.001050 -0.000001 0.000000 -0.763375 0.000000
    18 12.363390 -0.337366 -8.743788 -0.587912 -0.379442 -0.282609
    19 -0.295538 -11.160193 0.000002 0.173603 0.465663 -0.236249
    20 0.281989 -4.430989 0.920967 0.080103 -1.549641 -0.151666
    21 0.000000 2.791016 0.898926 0.000000 0.000000 0.000000
    22 0.000000 -0.088013 2.902344 0.000000 0.000000 0.000000
    23 -0.490966 -4.492466 0.847817 1.000336 1.476979 1.054436
    24 -0.000001 2.902344 1.065430 0.000000 0.000000 0.000000
    25 0.000000 0.272305 2.901285 0.000000 0.000000 0.000000
    26 -0.021851 -0.545898 0.000000 0.000000 0.000000 0.000000
    27 0.589218 0.235277 0.586107 0.486644 -0.470275 -1.172550
    28 2.306785 0.010602 0.000001 0.000000 0.000000 -0.437654
    29 1.238233 -0.010016 -0.000001 0.000000 0.000000 -0.897130
    30 1.419017 -2.332346 -0.168330 0.000000 -0.052360 -1.523672
    31 1.707031 0.018570 -0.000001 0.000000 -0.376991 -0.005236
    32 1.169922 -0.007076 -0.000001 0.000000 -0.612611 0.010472
    33 0.511719 -2.587891 -0.171265 0.068179 -0.280440 -1.750247
    34 1.837891 0.009178 -0.000001 -3.141591 -1.523670 -3.131118
    35 1.439453 0.012917 0.000000 0.000000 -1.099558 0.005236
    36 -0.359256 -2.261720 -0.168329 0.017968 -0.224442 -1.724665
    37 1.888672 -0.005322 0.000001 0.000002 -1.544617 0.036656
    38 1.373080 -0.010806 0.000002 0.000000 -1.130973 0.010472
    39 -1.191442 -1.692502 -0.168331 0.000000 -0.235619 -1.685988
    40 1.688477 -0.013481 -0.000002 0.000000 -0.753982 0.005229
    41 1.072266 0.022156 -0.000002 0.000000 -1.371829 -0.010472
    42 0.000000 -2.077746 1.571501 0.048466 0.054482 0.008904
    43 0.000000 -3.708984 1.591797 0.000000 0.000000 0.000000
    44 0.000000 -1.273438 2.097656 0.000000 0.000000 0.000000
    45 0.000000 -1.325880 2.134425 0.000000 0.000000 0.000000
    46 0.000000 -1.693645 0.079270 -0.016072 -0.051426 0.001163
    47 0.000003 -3.746094 1.536133 0.000000 0.000000 0.000000
    48 0.500002 9.999993 0.000002 -1.570796 0.000000 -1.570796
    49 0.500002 9.999993 0.000002 -1.570796 0.000000 -1.570796
    50 0.000000 0.000005 0.000001 -1.570796 0.000000 -1.570796
    51 0.000001 0.000003 -0.500010 -1.570796 0.000000 -1.570796
    52 -0.000001 0.000000 -0.000002 -1.570796 0.000000 0.000000
    53 0.000000 0.000000 0.000000 -1.570797 0.000000 0.000000
    54 0.000001 0.000000 0.000000 -1.570796 0.000000 0.000000
    55 0.000000 0.000000 0.000002 -1.570796 0.000000 0.000000
    56 -0.000003 0.000000 0.000001 -1.570796 0.000000 0.000000
    57 0.000000 0.000000 0.000000 -1.570796 0.000000 0.000000
    58 0.000000 0.000000 -0.000002 -1.570796 0.000000 0.000000
    59 0.000000 0.000000 0.000001 -1.570796 0.000000 0.000000
    60 -0.000003 0.000000 0.000000 -1.570796 0.000000 0.000000
    61 -0.000001 0.000000 0.000000 -1.570796 0.000000 0.000000
    62 0.000000 0.000000 0.000000 -1.570796 0.000001 0.000000
    63 0.000000 0.000000 0.000000 -1.570796 0.000001 0.000000
    64 0.000000 0.000000 0.000001 3.141593 0.000000 0.000000
    65 0.000000 0.000000 0.000000 3.141593 0.000000 0.000000
    66 0.000001 -0.000001 0.000002 3.141592 0.000000 0.000000
    67 0.000000 10.000002 -0.000005 -1.570796 0.000000 -1.570796
    68 0.000000 10.000002 -0.000005 -1.570796 0.000000 -1.570796
    69 0.000000 0.000005 -0.000003 -1.570796 0.000000 -1.570796
    70 -0.000002 0.000006 -0.500010 -1.570796 0.000000 -1.570796
    71 -0.000004 0.000000 -0.000002 -1.570796 0.000000 0.000000
    72 0.000000 0.000000 0.000000 -1.570796 0.000000 0.000000
    73 0.000000 0.000000 0.000000 -1.570796 0.000000 0.000000
    74 -0.000002 0.000000 0.000000 -1.570796 0.000000 0.000000
    75 0.000002 0.000000 0.000000 -1.570796 0.000000 0.000000
    76 0.000006 0.000000 0.000000 -1.570796 0.000000 0.000000
    77 0.000001 0.000000 0.000000 -1.570796 0.000000 0.000000
    78 0.000000 0.000000 0.000000 -1.570796 0.000000 0.000000
    79 0.000003 0.000000 0.000000 -1.570796 0.000000 0.000000
    80 0.000000 0.000000 0.000000 -1.570796 0.000000 0.000000
    81 0.000002 0.000000 -0.000001 -1.570796 0.000000 0.000000
    82 0.000000 0.000000 0.000000 -1.570796 0.000000 0.000000
    83 0.000000 0.000000 -0.000003 0.000000 0.000000 0.000000
    84 0.000000 0.000000 0.000000 0.000000 0.000000 0.000000
    85 0.000000 0.000001 -0.000001 0.000000 0.000000 0.000000
  time 52
    0 0.236845 2.803221 -10.186670 -2.273080 0.075547 -2.546457
    1 0.026867 -11.331078 -0.000002 -0.161839 0.558616 0.883391
    2 0.000002 -0.570801 0.000000 0.000000 0.000000 0.000000
    3 -0.527382 0.288004 0.590819 0.172611 -0.569653 -2.528131
    4 2.268907 -0.120318 -0.000001 0.000000 0.000000 0.064153
    5 1.069446 0.056463 0.000000 0.000000 0.000000 0.848230
    6 -1.355754 -2.282777 -0.142105 0.000000 -0.072659 -1.638864
    7 1.730202 -0.000584 0.000001 0.000000 -0.036339 0.005236
    8 1.199319 -0.010942 0.000001 0.000000 -0.165789 0.000000
    9 -0.430529 -2.478479 -0.142105 -0.088225 -0.526567 -1.413384
    10 1.925233 0.004627 0.000003 -0.000192 -1.202705 -6.282993
    11 1.413089 0.008475 0.000000 0.000000 -0.520226 0.020944
    12 0.384484 -2.160851 -0.149917 -0.057591 -0.271467 -1.433424
    13 1.952478 0.057593 0.000000 -0.000001 -1.236094 -0.010473
    14 1.361971 0.003407 0.000000 0.000001 -0.529311 0.005236
    15 1.194772 -1.659521 -0.138199 0.000000 -0.274958 -1.445133
    16 1.674395 0.018204 -0.000001 0.000000 -0.792338 -0.005236
    17 1.089296 -0.001050 -0.000001 0.000000 -0.753397 0.000000
    18 12.289169 -0.329553 -8.775039 -0.582370 -0.388837 -0.282047
    19 -0.291631 -11.160193 0.000002 0.185654 0.446236 -0.246196
    20 0.285896 -4.434896 0.917060 0.080103 -1.549641 -0.151666
    21 0.000000 2.791016 0.898926 0.000000 0.000000 0.000000
    22 0.000000 -0.088013 2.902344 0.000000 0.000000 0.000000
    23 -0.487059 -4.492466 0.847817 0.995558 1.477734 1.049876
    24 -0.000001 2.902344 1.065430 0.000000 0.000000 0.000000
    25 0.000000 0.272305 2.897379 0.000000 0.000000 0.000000
    26 -0.021851 -0.545898 0.000000 0.000000 0.000000 0.000000
    27 0.585312 0.235277 0.586107 0.475433 -0.472452 -1.165817
    28 2.306785 0.010602 0.000001 0.000000 0.000000 -0.440512
    29 1.234327 -0.010016 -0.000001 0.000000 0.000000 -0.895626
    30 1.419017 -2.332346 -0.168330 0.000000 -0.052360 -1.523672
    31 1.707031 0.018570 -0.000001 0.000000 -0.376991 -0.005236
    32 1.169922 -0.007076 -0.000001 0.000000 -0.612611 0.010472
    33 0.511719 -2.587891 -0.171265 0.068179 -0.280440 -1.750247
    34 1.837891 0.009178 -0.000001 -3.141591 -1.523670 -3.131118
    35 1.439453 0.012917 0.000000 0.000000 -1.099558 0.005236
    36 -0.359256 -2.261720 -0.168329 0.017968 -0.224442 -1.724665
    37 1.888672 -0.005322 0.000001 0.000002 -1.544617 0.036656
    38 1.373080 -0.010806 0.000002 0.000000 -1.130973 0.010472
    39 -1.187535 -1.692502 -0.168331 0.000000 -0.235619 -1.685988
    40 1.688477 -0.013481 -0.000002 0.000000 -0.753982 0.005229
    41 1.072266 0.022156 -0.000002 0.000000 -1.371829 -0.010472
    42 0.000000 -2.077746 1.567595 0.049556 0.055692 0.009144
    43 0.000000 -3.708984 1.591797 0.000000 0.000000 0.000000
    44 0.000000 -1.273438 2.097656 0.000000 0.000000 0.000000
    45 0.000000 -1.325880 2.130518 0.000000 0.000000 0.000000
    46 0.000000 -1.693645 0.020674 -0.017378 -0.055453 0.001282
    47 0.000003 -3.746094 1.536133 0.000000 0.000000 0.000000
    48 0.500002 9.999993 0.000002 -1.570796 0.000000 -1.570796
    49 0.500002 9.999993 0.000002 -1.570796 0.000000 -1.570796
    50 0.000000 0.000005 0.000001 -1.570796 0.000000 -1.570796
    51 0.000001 0.000003 -0.500010 -1.570796 0.000000 -1.570796
    52 -0.000001 0.000000 -0.000002 -1.570796 0.000000 0.000000
    53 0.000000 0.000000 0.000000 -1.570797 0.000000 0.000000
    54 0.000001 0.000000 0.000000 -1.570796 0.000000 0.000000
    55 0.000000 0.000000 0.000002 -1.570796 0.000000 0.000000
    56 -0.000003 0.000000 0.000001 -1.570796 0.000000 0.000000
    57 0.000000 0.000000 0.000000 -1.570796 0.000000 0.000000
    58 0.000000 0.000000 -0.000002 -1.570796 0.000000 0.000000
    59 0.000000 0.000000 0.000001 -1.570796 0.000000 0.000000
    60 -0.000003 0.000000 0.000000 -1.570796 0.000000 0.000000
    61 -0.000001 0.000000 0.000000 -1.570796 0.000000 0.000000
    62 0.000000 0.000000 0.000000 -1.570796 0.000001 0.000000
    63 0.000000 0.000000 0.000000 -1.570796 0.000001 0.000000
    64 0.000000 0.000000 0.000001 3.141593 0.000000 0.000000
    65 0.000000 0.000000 0.000000 3.141593 0.000000 0.000000
    66 0.000001 -0.000001 0.000002 3.141592 0.000000 0.000000
    67 0.000000 10.000002 -0.000005 -1.570796 0.000000 -1.570796
    68 0.000000 10.000002 -0.000005 -1.570796 0.000000 -1.570796
    69 0.000000 0.000005 -0.000003 -1.570796 0.000000 -1.570796
    70 -0.000002 0.000006 -0.500010 -1.570796 0.000000 -1.570796
    71 -0.000004 0.000000 -0.000002 -1.570796 0.000000 0.000000
    72 0.000000 0.000000 0.000000 -1.570796 0.000000 0.000000
    73 0.000000 0.000000 0.000000 -1.570796 0.000000 0.000000
    74 -0.000002 0.000000 0.000000 -1.570796 0.000000 0.000000
    75 0.000002 0.000000 0.000000 -1.570796 0.000000 0.000000
    76 0.000006 0.000000 0.000000 -1.570796 0.000000 0.000000
    77 0.000001 0.000000 0.000000 -1.570796 0.000000 0.000000
    78 0.000000 0.000000 0.000000 -1.570796 0.000000 0.000000
    79 0.000003 0.000000 0.000000 -1.570796 0.000000 0.000000
    80 0.000000 0.000000 0.000000 -1.570796 0.000000 0.000000
    81 0.000002 0.000000 -0.000001 -1.570796 0.000000 0.000000
    82 0.000000 0.000000 0.000000 -1.570796 0.000000 0.000000
    83 0.000000 0.000000 -0.000003 0.000000 0.000000 0.000000
    84 0.000000 0.000000 0.000000 0.000000 0.000000 0.000000
    85 0.000000 0.000001 -0.000001 0.000000 0.000000 0.000000
  time 53
    0 0.318879 2.998539 -10.639809 -2.227756 0.201871 -2.498465
    1 0.026867 -11.331078 -0.000002 -0.068838 0.480115 0.883879
    2 0.000002 -0.570801 0.000000 0.000000 0.000000 0.000000
    3 -0.523475 0.288004 0.590819 0.180104 -0.572060 -2.534339
    4 2.268907 -0.124224 -0.000001 0.000000 0.000000 0.067311
    5 1.069446 0.056463 0.000000 0.000000 0.000000 0.848230
    6 -1.355754 -2.286684 -0.142105 0.000000 -0.072192 -1.638864
    7 1.730202 -0.000584 0.000001 0.000000 -0.039565 0.005236
    8 1.195413 -0.010942 0.000001 0.000000 -0.169368 0.000000
    9 -0.434435 -2.478479 -0.142105 -0.087350 -0.509134 -1.415090
    10 1.925233 0.004627 0.000003 -6.283088 -1.192914 -6.282898
    11 1.416995 0.008475 0.000000 0.000000 -0.514436 0.020944
    12 0.376671 -2.160851 -0.146011 -0.057387 -0.258264 -1.434215
    13 1.956384 0.057593 0.000000 -0.000001 -1.227166 -0.010473
    14 1.361971 0.003407 0.000000 0.000001 -0.521532 0.005236
    15 1.183053 -1.655615 -0.138199 0.000000 -0.263489 -1.445133
    16 1.670489 0.018204 -0.000001 0.000000 -0.785961 -0.005236
    17 1.089296 -0.001050 -0.000001 0.000000 -0.744247 0.000000
    18 12.214948 -0.317834 -8.798477 -0.576170 -0.399823 -0.281298
    19 -0.291631 -11.160193 0.000002 0.198605 0.424328 -0.257734
    20 0.281989 -4.434896 0.920967 0.080103 -1.549641 -0.151666
    21 0.000000 2.791016 0.898926 0.000000 0.000000 0.000000
    22 0.000000 -0.088013 2.902344 0.000000 0.000000 0.000000
    23 -0.490966 -4.492466 0.847817 0.989339 1.478717 1.044092
    24 -0.000001 2.902344 1.065430 0.000000 0.000000 0.000000
    25 0.000000 0.272305 2.897379 0.000000 0.000000 0.000000
    26 -0.021851 -0.545898 0.000000 0.000000 0.000000 0.000000
    27 0.581406 0.239183 0.586107 0.463945 -0.474551 -1.158633
    28 2.306785 0.010602 0.000001 0.000000 0.000000 -0.443121
    29 1.238233 -0.010016 -0.000001 0.000000 0.000000 -0.893815
    30 1.419017 -2.328439 -0.168330 0.000000 -0.052360 -1.523672
    31 1.707031 0.018570 -0.000001 0.000000 -0.376991 -0.005236
    32 1.169922 -0.007076 -0.000001 0.000000 -0.612611 0.010472
    33 0.511719 -2.587891 -0.171265 0.068179 -0.280440 -1.750247
    34 1.837891 0.009178 -0.000001 -3.141591 -1.523670 -3.131118
    35 1.439453 0.012917 0.000000 0.000000 -1.099558 0.005236
    36 -0.359256 -2.257814 -0.168329 0.017968 -0.224442 -1.724665
    37 1.888672 -0.005322 0.000001 0.000002 -1.544617 0.036656
    38 1.369174 -0.010806 0.000002 0.000000 -1.130973 0.010472
    39 -1.191442 -1.692502 -0.168331 0.000000 -0.235619 -1.685988
    40 1.688477 -0.013481 -0.000002 0.000000 -0.753982 0.005229
    41 1.072266 0.022156 -0.000002 0.000000 -1.371829 -0.010472
    42 0.000000 -2.077746 1.567595 0.050731 0.056987 0.009432
    43 0.000000 -3.708984 1.591797 0.000000 0.000000 0.000000
    44 0.000000 -1.273438 2.097656 0.000000 0.000000 0.000000
    45 0.000000 -1.325880 2.134425 0.000000 0.000000 0.000000
    46 0.000000 -1.705364 -0.018390 -0.016455 -0.052517 0.001187
    47 0.000003 -3.746094 1.536133 0.000000 0.000000 0.000000
    48 0.500002 9.999993 0.000002 -1.570796 0.000000 -1.570796
    49 0.500002 9.999993 0.000002 -1.570796 0.000000 -1.570796
    50 0.000000 0.000005 0.000001 -1.570796 0.000000 -1.570796
    51 0.000001 0.000003 -0.500010 -1.570796 0.000000 -1.570796
    52 -0.000001 0.000000 -0.000002 -1.570796 0.000000 0.000000
    53 0.000000 0.000000 0.000000 -1.570797 0.000000 0.000000
    54 0.000001 0.000000 0.000000 -1.570796 0.000000 0.000000
    55 0.000000 0.000000 0.000002 -1.570796 0.000000 0.000000
    56 -0.000003 0.000000 0.000001 -1.570796 0.000000 0.000000
    57 0.000000 0.000000 0.000000 -1.570796 0.000000 0.000000
    58 0.000000 0.000000 -0.000002 -1.570796 0.000000 0.000000
    59 0.000000 0.000000 0.000001 -1.570796 0.000000 0.000000
    60 -0.000003 0.000000 0.000000 -1.570796 0.000000 0.000000
    61 -0.000001 0.000000 0.000000 -1.570796 0.000000 0.000000
    62 0.000000 0.000000 0.000000 -1.570796 0.000001 0.000000
    63 0.000000 0.000000 0.000000 -1.570796 0.000001 0.000000
    64 0.000000 0.000000 0.000001 3.141593 0.000000 0.000000
    65 0.000000 0.000000 0.000000 3.141593 0.000000 0.000000
    66 0.000001 -0.000001 0.000002 3.141592 0.000000 0.000000
    67 0.000000 10.000002 -0.000005 -1.570796 0.000000 -1.570796
    68 0.000000 10.000002 -0.000005 -1.570796 0.000000 -1.570796
    69 0.000000 0.000005 -0.000003 -1.570796 0.000000 -1.570796
    70 -0.000002 0.000006 -0.500010 -1.570796 0.000000 -1.570796
    71 -0.000004 0.000000 -0.000002 -1.570796 0.000000 0.000000
    72 0.000000 0.000000 0.000000 -1.570796 0.000000 0.000000
    73 0.000000 0.000000 0.000000 -1.570796 0.000000 0.000000
    74 -0.000002 0.000000 0.000000 -1.570796 0.000000 0.000000
    75 0.000002 0.000000 0.000000 -1.570796 0.000000 0.000000
    76 0.000006 0.000000 0.000000 -1.570796 0.000000 0.000000
    77 0.000001 0.000000 0.000000 -1.570796 0.000000 0.000000
    78 0.000000 0.000000 0.000000 -1.570796 0.000000 0.000000
    79 0.000003 0.000000 0.000000 -1.570796 0.000000 0.000000
    80 0.000000 0.000000 0.000000 -1.570796 0.000000 0.000000
    81 0.000002 0.000000 -0.000001 -1.570796 0.000000 0.000000
    82 0.000000 0.000000 0.000000 -1.570796 0.000000 0.000000
    83 0.000000 0.000000 -0.000003 0.000000 0.000000 0.000000
    84 0.000000 0.000000 0.000000 0.000000 0.000000 0.000000
    85 0.000000 0.000001 -0.000001 0.000000 0.000000 0.000000
  time 54
    0 0.498572 3.662622 -10.874191 -2.112887 0.435801 -2.374222
    1 0.026867 -11.331078 -0.000002 0.084048 0.365242 0.874344
    2 0.000002 -0.570801 0.000000 0.000000 0.000000 0.000000
    3 -0.523475 0.288004 0.590819 0.187031 -0.574482 -2.540317
    4 2.276719 -0.124224 -0.000001 0.000000 0.000000 0.070704
    5 1.069446 0.056463 0.000000 0.000000 0.000000 0.848230
    6 -1.355754 -2.286684 -0.142105 0.000000 -0.071555 -1.638864
    7 1.730202 -0.000584 0.000001 0.000000 -0.042821 0.005236
    8 1.203226 -0.010942 0.000001 0.000000 -0.173086 0.000000
    9 -0.430529 -2.478479 -0.142105 -0.086475 -0.490794 -1.416919
    10 1.925233 0.004627 0.000003 -0.000192 -1.183621 -0.000096
    11 1.416995 0.008475 0.000000 0.000000 -0.509639 0.020944
    12 0.376671 -2.160851 -0.149917 -0.057123 -0.244581 -1.435030
    13 1.956384 0.057593 0.000000 -0.000001 -1.218458 -0.010473
    14 1.365878 0.003407 0.000000 0.000001 -0.514920 0.005236
    15 1.194772 -1.655615 -0.138199 0.000000 -0.251695 -1.445133
    16 1.674395 0.018204 -0.000001 0.000000 -0.779119 -0.005236
    17 1.089296 -0.001050 -0.000001 0.000000 -0.736168 0.000000
    18 12.140727 -0.310021 -8.821916 -0.569783 -0.410339 -0.280830
    19 -0.295538 -11.156286 0.000002 0.210801 0.404231 -0.268615
    20 0.281989 -4.434896 0.917060 0.080103 -1.549641 -0.151666
    21 0.000000 2.791016 0.898926 0.000000 0.000000 0.000000
    22 0.000000 -0.088013 2.902344 0.000000 0.000000 0.000000
    23 -0.483153 -4.488559 0.843910 0.981676 1.479843 1.037029
    24 -0.000001 2.902344 1.065430 0.000000 0.000000 0.000000
    25 0.000000 0.268398 2.897379 0.000000 0.000000 0.000000
    26 -0.021851 -0.545898 0.000000 0.000000 0.000000 0.000000
    27 0.585312 0.231370 0.586107 0.452134 -0.476637 -1.151299
    28 2.306785 0.010602 0.000001 0.000000 0.000000 -0.445497
    29 1.234327 -0.010016 -0.000001 0.000000 0.000000 -0.891820
    30 1.419017 -2.328439 -0.168330 0.000000 -0.052360 -1.523672
    31 1.707031 0.018570 -0.000001 0.000000 -0.376991 -0.005236
    32 1.169922 -0.007076 -0.000001 0.000000 -0.612611 0.010472
    33 0.511719 -2.587891 -0.171265 0.068179 -0.280440 -1.750247
    34 1.837891 0.009178 -0.000001 -3.141591 -1.523670 -3.131118
    35 1.439453 0.012917 0.000000 0.000000 -1.099558 0.005236
    36 -0.359256 -2.257814 -0.168329 0.017968 -0.224442 -1.724665
    37 1.888672 -0.005322 0.000001 0.000002 -1.544617 0.036656
    38 1.369174 -0.010806 0.000002 0.000000 -1.130973 0.010472
    39 -1.187535 -1.692502 -0.168331 0.000000 -0.235619 -1.685988
    40 1.688477 -0.013481 -0.000002 0.000000 -0.753982 0.005229
    41 1.072266 0.022156 -0.000002 0.000000 -1.371829 -0.010472
    42 0.000000 -2.077746 1.567595 0.051737 0.058113 0.009659
    43 0.000000 -3.708984 1.591797 0.000000 0.000000 0.000000
    44 0.000000 -1.273438 2.097656 0.000000 0.000000 0.000000
    45 0.000000 -1.325880 2.134425 0.000000 0.000000 0.000000
    46 0.000000 -1.697551 -0.034015 -0.013938 -0.044691 0.001007
    47 0.000003 -3.746094 1.536133 0.000000 0.000000 0.000000
    48 0.500002 9.999993 0.000002 -1.570796 0.000000 -1.570796
    49 0.500002 9.999993 0.000002 -1.570796 0.000000 -1.570796
    50 0.000000 0.000005 0.000001 -1.570796 0.000000 -1.570796
    51 0.000001 0.000003 -0.500010 -1.570796 0.000000 -1.570796
    52 -0.000001 0.000000 -0.000002 -1.570796 0.000000 0.000000
    53 0.000000 0.000000 0.000000 -1.570797 0.000000 0.000000
    54 0.000001 0.000000 0.000000 -1.570796 0.000000 0.000000
    55 0.000000 0.000000 0.000002 -1.570796 0.000000 0.000000
    56 -0.000003 0.000000 0.000001 -1.570796 0.000000 0.000000
    57 0.000000 0.000000 0.000000 -1.570796 0.000000 0.000000
    58 0.000000 0.000000 -0.000002 -1.570796 0.000000 0.000000
    59 0.000000 0.000000 0.000001 -1.570796 0.000000 0.000000
    60 -0.000003 0.000000 0.000000 -1.570796 0.000000 0.000000
    61 -0.000001 0.000000 0.000000 -1.570796 0.000000 0.000000
    62 0.000000 0.000000 0.000000 -1.570796 0.000001 0.000000
    63 0.000000 0.000000 0.000000 -1.570796 0.000001 0.000000
    64 0.000000 0.000000 0.000001 3.141593 0.000000 0.000000
    65 0.000000 0.000000 0.000000 3.141593 0.000000 0.000000
    66 0.000001 -0.000001 0.000002 3.141592 0.000000 0.000000
    67 0.000000 10.000002 -0.000005 -1.570796 0.000000 -1.570796
    68 0.000000 10.000002 -0.000005 -1.570796 0.000000 -1.570796
    69 0.000000 0.000005 -0.000003 -1.570796 0.000000 -1.570796
    70 -0.000002 0.000006 -0.500010 -1.570796 0.000000 -1.570796
    71 -0.000004 0.000000 -0.000002 -1.570796 0.000000 0.000000
    72 0.000000 0.000000 0.000000 -1.570796 0.000000 0.000000
    73 0.000000 0.000000 0.000000 -1.570796 0.000000 0.000000
    74 -0.000002 0.000000 0.000000 -1.570796 0.000000 0.000000
    75 0.000002 0.000000 0.000000 -1.570796 0.000000 0.000000
    76 0.000006 0.000000 0.000000 -1.570796 0.000000 0.000000
    77 0.000001 0.000000 0.000000 -1.570796 0.000000 0.000000
    78 0.000000 0.000000 0.000000 -1.570796 0.000000 0.000000
    79 0.000003 0.000000 0.000000 -1.570796 0.000000 0.000000
    80 0.000000 0.000000 0.000000 -1.570796 0.000000 0.000000
    81 0.000002 0.000000 -0.000001 -1.570796 0.000000 0.000000
    82 0.000000 0.000000 0.000000 -1.570796 0.000000 0.000000
    83 0.000000 0.000000 -0.000003 0.000000 0.000000 0.000000
    84 0.000000 0.000000 0.000000 0.000000 0.000000 0.000000
    85 0.000000 0.000001 -0.000001 0.000000 0.000000 0.000000
  time 55
    0 0.783737 4.670465 -11.003101 -1.840863 0.728930 -2.083109
    1 0.026867 -11.331078 -0.000002 0.293770 0.213007 0.844125
    2 0.000002 -0.570801 0.000000 0.000000 0.000000 0.000000
    3 -0.523475 0.288004 0.586913 0.193237 -0.576919 -2.545835
    4 2.276719 -0.124224 -0.000001 0.000000 0.000000 0.074299
    5 1.069446 0.056463 0.000000 0.000000 0.000000 0.848230
    6 -1.351848 -2.286684 -0.142105 0.000000 -0.071003 -1.638864
    7 1.730202 -0.000584 0.000001 0.000000 -0.046188 0.005236
    8 1.199319 -0.010942 0.000001 0.000000 -0.176859 0.000000
    9 -0.430529 -2.478479 -0.142105 -0.085625 -0.471950 -1.418805
    10 1.925233 0.004627 0.000003 -0.000096 -1.175158 -6.282898
    11 1.413089 0.008475 0.000000 0.000000 -0.506095 0.020944
    12 0.380577 -2.160851 -0.146011 -0.056931 -0.230818 -1.435833
    13 1.956384 0.057593 0.000000 -0.000001 -1.210136 -0.010473
    14 1.365878 0.003407 0.000000 0.000001 -0.509778 0.005236
    15 1.194772 -1.655615 -0.138199 0.000000 -0.239828 -1.445133
    16 1.674395 0.018204 -0.000001 0.000000 -0.772003 -0.005236
    17 1.089296 -0.001050 -0.000001 0.000000 -0.729354 0.000000
    18 12.070412 -0.298302 -8.849260 -0.564805 -0.419084 -0.280830
    19 -0.291631 -11.156286 0.000002 0.220226 0.390064 -0.276416
    20 0.281989 -4.438802 0.920967 0.080103 -1.549641 -0.151666
    21 0.000000 2.791016 0.898926 0.000000 0.000000 0.000000
    22 0.000000 -0.088013 2.902344 0.000000 0.000000 0.000000
    23 -0.490966 -4.492466 0.847817 0.972392 1.481198 1.028408
    24 -0.000001 2.902344 1.065430 0.000000 0.000000 0.000000
    25 0.000000 0.268398 2.901285 0.000000 0.000000 0.000000
    26 -0.021851 -0.545898 0.000000 0.000000 0.000000 0.000000
    27 0.581406 0.235277 0.578294 0.440000 -0.478647 -1.143604
    28 2.306785 0.010602 0.000001 0.000000 0.000000 -0.447610
    29 1.234327 -0.010016 -0.000001 0.000000 0.000000 -0.889610
    30 1.415111 -2.332346 -0.168330 0.000000 -0.052360 -1.523672
    31 1.707031 0.018570 -0.000001 0.000000 -0.376991 -0.005236
    32 1.169922 -0.007076 -0.000001 0.000000 -0.612611 0.010472
    33 0.511719 -2.587891 -0.171265 0.068179 -0.280440 -1.750247
    34 1.837891 0.009178 -0.000001 -3.141591 -1.523670 -3.131118
    35 1.439453 0.012917 0.000000 0.000000 -1.099558 0.005236
    36 -0.363163 -2.261720 -0.168329 0.017968 -0.224442 -1.724665
    37 1.888672 -0.005322 0.000001 0.000002 -1.544617 0.036656
    38 1.369174 -0.010806 0.000002 0.000000 -1.130973 0.010472
    39 -1.191442 -1.692502 -0.168331 0.000000 -0.235619 -1.685988
    40 1.688477 -0.013481 -0.000002 0.000000 -0.753982 0.005229
    41 1.072266 0.022156 -0.000002 0.000000 -1.371829 -0.010472
    42 0.000000 -2.077746 1.567595 0.052768 0.059312 0.009827
    43 0.000000 -3.708984 1.591797 0.000000 0.000000 0.000000
    44 0.000000 -1.273438 2.097656 0.000000 0.000000 0.000000
    45 0.000000 -1.325880 2.134425 0.000000 0.000000 0.000000
    46 0.000000 -1.701457 -0.030109 -0.010571 -0.033833 0.000635
    47 0.000003 -3.746094 1.536133 0.000000 0.000000 0.000000
    48 0.500002 9.999993 0.000002 -1.570796 0.000000 -1.570796
    49 0.500002 9.999993 0.000002 -1.570796 0.000000 -1.570796
    50 0.000000 0.000005 0.000001 -1.570796 0.000000 -1.570796
    51 0.000001 0.000003 -0.500010 -1.570796 0.000000 -1.570796
    52 -0.000001 0.000000 -0.000002 -1.570796 0.000000 0.000000
    53 0.000000 0.000000 0.000000 -1.570797 0.000000 0.000000
    54 0.000001 0.000000 0.000000 -1.570796 0.000000 0.000000
    55 0.000000 0.000000 0.000002 -1.570796 0.000000 0.000000
    56 -0.000003 0.000000 0.000001 -1.570796 0.000000 0.000000
    57 0.000000 0.000000 0.000000 -1.570796 0.000000 0.000000
    58 0.000000 0.000000 -0.000002 -1.570796 0.000000 0.000000
    59 0.000000 0.000000 0.000001 -1.570796 0.000000 0.000000
    60 -0.000003 0.000000 0.000000 -1.570796 0.000000 0.000000
    61 -0.000001 0.000000 0.000000 -1.570796 0.000000 0.000000
    62 0.000000 0.000000 0.000000 -1.570796 0.000001 0.000000
    63 0.000000 0.000000 0.000000 -1.570796 0.000001 0.000000
    64 0.000000 0.000000 0.000001 3.141593 0.000000 0.000000
    65 0.000000 0.000000 0.000000 3.141593 0.000000 0.000000
    66 0.000001 -0.000001 0.000002 3.141592 0.000000 0.000000
    67 0.000000 10.000002 -0.000005 -1.570796 0.000000 -1.570796
    68 0.000000 10.000002 -0.000005 -1.570796 0.000000 -1.570796
    69 0.000000 0.000005 -0.000003 -1.570796 0.000000 -1.570796
    70 -0.000002 0.000006 -0.500010 -1.570796 0.000000 -1.570796
    71 -0.000004 0.000000 -0.000002 -1.570796 0.000000 0.000000
    72 0.000000 0.000000 0.000000 -1.570796 0.000000 0.000000
    73 0.000000 0.000000 0.000000 -1.570796 0.000000 0.000000
    74 -0.000002 0.000000 0.000000 -1.570796 0.000000 0.000000
    75 0.000002 0.000000 0.000000 -1.570796 0.000000 0.000000
    76 0.000006 0.000000 0.000000 -1.570796 0.000000 0.000000
    77 0.000001 0.000000 0.000000 -1.570796 0.000000 0.000000
    78 0.000000 0.000000 0.000000 -1.570796 0.000000 0.000000
    79 0.000003 0.000000 0.000000 -1.570796 0.000000 0.000000
    80 0.000000 0.000000 0.000000 -1.570796 0.000000 0.000000
    81 0.000002 0.000000 -0.000001 -1.570796 0.000000 0.000000
    82 0.000000 0.000000 0.000000 -1.570796 0.000000 0.000000
    83 0.000000 0.000000 -0.000003 0.000000 0.000000 0.000000
    84 0.000000 0.000000 0.000000 0.000000 0.000000 0.000000
    85 0.000000 0.000001 -0.000001 0.000000 0.000000 0.000000
  time 56
    0 1.232969 5.467364 -11.018727 -1.427909 0.901019 -1.626370
    1 0.026867 -11.331078 -0.000002 0.528701 0.047849 0.773064
    2 0.000002 -0.570801 0.000000 0.000000 0.000000 0.000000
    3 -0.523475 0.288004 0.594726 0.198638 -0.579445 -2.550893
    4 2.276719 -0.120318 -0.000001 0.000000 0.000000 0.078095
    5 1.069446 0.056463 0.000000 0.000000 0.000000 0.848230
    6 -1.351848 -2.286684 -0.142105 0.000000 -0.070366 -1.638864
    7 1.730202 -0.000584 0.000001 0.000000 -0.049602 0.005236
    8 1.203226 -0.010942 0.000001 0.000000 -0.180771 0.000000
    9 -0.426622 -2.478479 -0.142105 -0.084822 -0.452955 -1.420621
    10 1.925233 0.004627 0.000003 -0.000192 -1.168078 -6.282898
    11 1.413089 0.008475 0.000000 0.000000 -0.503977 0.020944
    12 0.376671 -2.160851 -0.149917 -0.056812 -0.217135 -1.436636
    13 1.956384 0.057593 0.000000 -0.000001 -1.202861 -0.010473
    14 1.369784 0.003407 0.000000 0.000001 -0.506277 0.005236
    15 1.194772 -1.655615 -0.138199 0.000000 -0.228287 -1.445133
    16 1.678301 0.018204 -0.000001 0.000000 -0.764559 -0.005236
    17 1.089296 -0.001050 -0.000001 0.000000 -0.724195 0.000000
    18 12.011817 -0.294396 -8.868792 -0.561141 -0.424252 -0.283358
    19 -0.295538 -11.164099 0.000002 0.224615 0.390585 -0.282980
    20 0.285896 -4.434896 0.924873 0.080103 -1.549641 -0.151666
    21 0.000000 2.791016 0.898926 0.000000 0.000000 0.000000
    22 0.000000 -0.088013 2.902344 0.000000 0.000000 0.000000
    23 -0.490966 -4.492466 0.843910 0.961394 1.482708 1.017953
    24 -0.000001 2.902344 1.065430 0.000000 0.000000 0.000000
    25 0.000000 0.272305 2.901285 0.000000 0.000000 0.000000
    26 -0.021851 -0.545898 0.000000 0.000000 0.000000 0.000000
    27 0.581406 0.235277 0.586107 0.427528 -0.480591 -1.135759
    28 2.306785 0.010602 0.000001 0.000000 0.000000 -0.449504
    29 1.234327 -0.010016 -0.000001 0.000000 0.000000 -0.887216
    30 1.419017 -2.332346 -0.168330 0.000000 -0.052360 -1.523672
    31 1.707031 0.018570 -0.000001 0.000000 -0.376991 -0.005236
    32 1.169922 -0.007076 -0.000001 0.000000 -0.612611 0.010472
    33 0.511719 -2.587891 -0.171265 0.068179 -0.280440 -1.750247
    34 1.837891 0.009178 -0.000001 -3.141591 -1.523670 -3.131118
    35 1.439453 0.012917 0.000000 0.000000 -1.099558 0.005236
    36 -0.359256 -2.261720 -0.168329 0.017968 -0.224442 -1.724665
    37 1.888672 -0.005322 0.000001 0.000002 -1.544617 0.036656
    38 1.373080 -0.010806 0.000002 0.000000 -1.130973 0.010472
    39 -1.191442 -1.692502 -0.168331 0.000000 -0.235619 -1.685988
    40 1.688477 -0.013481 -0.000002 0.000000 -0.753982 0.005229
    41 1.072266 0.022156 -0.000002 0.000000 -1.371829 -0.010472
    42 0.000000 -2.073839 1.567595 0.053799 0.060330 0.010079
    43 0.000000 -3.708984 1.591797 0.000000 0.000000 0.000000
    44 0.000000 -1.273438 2.097656 0.000000 0.000000 0.000000
    45 0.000000 -1.325880 2.130518 0.000000 0.000000 0.000000
    46 0.000000 -1.705364 -0.030109 -0.006819 -0.021992 0.000360
    47 0.000003 -3.746094 1.536133 0.000000 0.000000 0.000000
    48 0.500002 9.999993 0.000002 -1.570796 0.000000 -1.570796
    49 0.500002 9.999993 0.000002 -1.570796 0.000000 -1.570796
    50 0.000000 0.000005 0.000001 -1.570796 0.000000 -1.570796
    51 0.000001 0.000003 -0.500010 -1.570796 0.000000 -1.570796
    52 -0.000001 0.000000 -0.000002 -1.570796 0.000000 0.000000
    53 0.000000 0.000000 0.000000 -1.570797 0.000000 0.000000
    54 0.000001 0.000000 0.000000 -1.570796 0.000000 0.000000
    55 0.000000 0.000000 0.000002 -1.570796 0.000000 0.000000
    56 -0.000003 0.000000 0.000001 -1.570796 0.000000 0.000000
    57 0.000000 0.000000 0.000000 -1.570796 0.000000 0.000000
    58 0.000000 0.000000 -0.000002 -1.570796 0.000000 0.000000
    59 0.000000 0.000000 0.000001 -1.570796 0.000000 0.000000
    60 -0.000003 0.000000 0.000000 -1.570796 0.000000 0.000000
    61 -0.000001 0.000000 0.000000 -1.570796 0.000000 0.000000
    62 0.000000 0.000000 0.000000 -1.570796 0.000001 0.000000
    63 0.000000 0.000000 0.000000 -1.570796 0.000001 0.000000
    64 0.000000 0.000000 0.000001 3.141593 0.000000 0.000000
    65 0.000000 0.000000 0.000000 3.141593 0.000000 0.000000
    66 0.000001 -0.000001 0.000002 3.141592 0.000000 0.000000
    67 0.000000 10.000002 -0.000005 -1.570796 0.000000 -1.570796
    68 0.000000 10.000002 -0.000005 -1.570796 0.000000 -1.570796
    69 0.000000 0.000005 -0.000003 -1.570796 0.000000 -1.570796
    70 -0.000002 0.000006 -0.500010 -1.570796 0.000000 -1.570796
    71 -0.000004 0.000000 -0.000002 -1.570796 0.000000 0.000000
    72 0.000000 0.000000 0.000000 -1.570796 0.000000 0.000000
    73 0.000000 0.000000 0.000000 -1.570796 0.000000 0.000000
    74 -0.000002 0.000000 0.000000 -1.570796 0.000000 0.000000
    75 0.000002 0.000000 0.000000 -1.570796 0.000000 0.000000
    76 0.000006 0.000000 0.000000 -1.570796 0.000000 0.000000
    77 0.000001 0.000000 0.000000 -1.570796 0.000000 0.000000
    78 0.000000 0.000000 0.000000 -1.570796 0.000000 0.000000
    79 0.000003 0.000000 0.000000 -1.570796 0.000000 0.000000
    80 0.000000 0.000000 0.000000 -1.570796 0.000000 0.000000
    81 0.000002 0.000000 -0.000001 -1.570796 0.000000 0.000000
    82 0.000000 0.000000 0.000000 -1.570796 0.000000 0.000000
    83 0.000000 0.000000 -0.000003 0.000000 0.000000 0.000000
    84 0.000000 0.000000 0.000000 0.000000 0.000000 0.000000
    85 0.000000 0.000001 -0.000001 0.000000 0.000000 0.000000
  time 57
    0 1.951741 5.537679 -10.913255 -1.235901 0.921349 -1.392253
    1 0.026867 -11.331078 -0.000002 0.803697 -0.121360 0.634546
    2 0.000002 -0.570801 0.000000 0.000000 0.000000 0.000000
    3 -0.523475 0.288004 0.590819 0.203079 -0.581941 -2.555262
    4 2.276719 -0.124224 -0.000001 0.000000 0.000000 0.082160
    5 1.069446 0.056463 0.000000 0.000000 0.000000 0.848230
    6 -1.355754 -2.278871 -0.142105 0.000000 -0.069856 -1.638864
    7 1.730202 -0.000584 0.000001 0.000000 -0.053046 0.005236
    8 1.199319 -0.010942 0.000001 0.000000 -0.184655 0.000000
    9 -0.430529 -2.478479 -0.142105 -0.084055 -0.434111 -1.422339
    10 1.925233 0.004627 0.000003 -6.283088 -1.162381 -6.282993
    11 1.413089 0.008475 0.000000 0.000000 -0.503459 0.020944
    12 0.376671 -2.160851 -0.146011 -0.056656 -0.203893 -1.437403
    13 1.952478 0.053687 0.000000 -0.000001 -1.196468 -0.010473
    14 1.365878 0.003407 0.000000 0.000001 -0.504678 0.005236
    15 1.194772 -1.659521 -0.138199 0.000000 -0.217361 -1.445133
    16 1.674395 0.018204 -0.000001 0.000000 -0.757033 -0.005236
    17 1.089296 -0.001050 -0.000001 0.000000 -0.720983 0.000000
    18 11.964940 -0.286583 -8.888324 -0.556820 -0.429347 -0.290380
    19 -0.291631 -11.160193 0.000002 0.229292 0.411600 -0.301435
    20 0.281989 -4.434896 0.920967 0.080103 -1.549641 -0.151666
    21 0.000000 2.791016 0.898926 0.000000 0.000000 0.000000
    22 0.000000 -0.088013 2.902344 0.000000 0.000000 0.000000
    23 -0.490966 -4.492466 0.840004 0.948233 1.484445 1.005662
    24 -0.000001 2.902344 1.065430 0.000000 0.000000 0.000000
    25 0.000000 0.268398 2.901285 0.000000 0.000000 0.000000
    26 -0.021851 -0.545898 0.000000 0.000000 0.000000 0.000000
    27 0.585312 0.235277 0.586107 0.414656 -0.482472 -1.127433
    28 2.306785 0.010602 0.000001 0.000000 0.000000 -0.451166
    29 1.234327 -0.010016 -0.000001 0.000000 0.000000 -0.884607
    30 1.419017 -2.332346 -0.168330 0.000000 -0.052360 -1.523672
    31 1.707031 0.018570 -0.000001 0.000000 -0.376991 -0.005236
    32 1.169922 -0.007076 -0.000001 0.000000 -0.612611 0.010472
    33 0.511719 -2.587891 -0.171265 0.068179 -0.280440 -1.750247
    34 1.837891 0.009178 -0.000001 -3.141591 -1.523670 -3.131118
    35 1.439453 0.012917 0.000000 0.000000 -1.099558 0.005236
    36 -0.359256 -2.261720 -0.168329 0.017968 -0.224442 -1.724665
    37 1.888672 -0.005322 0.000001 0.000002 -1.544617 0.036656
    38 1.369174 -0.010806 0.000002 0.000000 -1.130973 0.010472
    39 -1.187535 -1.692502 -0.168331 0.000000 -0.235619 -1.685988
    40 1.688477 -0.013481 -0.000002 0.000000 -0.753982 0.005229
    41 1.072266 0.022156 -0.000002 0.000000 -1.371829 -0.010472
    42 0.000000 -2.077746 1.571501 0.054722 0.061373 0.010295
    43 0.000000 -3.708984 1.591797 0.000000 0.000000 0.000000
    44 0.000000 -1.273438 2.097656 0.000000 0.000000 0.000000
    45 0.000000 -1.325880 2.134425 0.000000 0.000000 0.000000
    46 0.000000 -1.705364 -0.026202 -0.003464 -0.011086 0.000192
    47 0.000003 -3.746094 1.536133 0.000000 0.000000 0.000000
    48 0.500002 9.999993 0.000002 -1.570796 0.000000 -1.570796
    49 0.500002 9.999993 0.000002 -1.570796 0.000000 -1.570796
    50 0.000000 0.000005 0.000001 -1.570796 0.000000 -1.570796
    51 0.000001 0.000003 -0.500010 -1.570796 0.000000 -1.570796
    52 -0.000001 0.000000 -0.000002 -1.570796 0.000000 0.000000
    53 0.000000 0.000000 0.000000 -1.570797 0.000000 0.000000
    54 0.000001 0.000000 0.000000 -1.570796 0.000000 0.000000
    55 0.000000 0.000000 0.000002 -1.570796 0.000000 0.000000
    56 -0.000003 0.000000 0.000001 -1.570796 0.000000 0.000000
    57 0.000000 0.000000 0.000000 -1.570796 0.000000 0.000000
    58 0.000000 0.000000 -0.000002 -1.570796 0.000000 0.000000
    59 0.000000 0.000000 0.000001 -1.570796 0.000000 0.000000
    60 -0.000003 0.000000 0.000000 -1.570796 0.000000 0.000000
    61 -0.000001 0.000000 0.000000 -1.570796 0.000000 0.000000
    62 0.000000 0.000000 0.000000 -1.570796 0.000001 0.000000
    63 0.000000 0.000000 0.000000 -1.570796 0.000001 0.000000
    64 0.000000 0.000000 0.000001 3.141593 0.000000 0.000000
    65 0.000000 0.000000 0.000000 3.141593 0.000000 0.000000
    66 0.000001 -0.000001 0.000002 3.141592 0.000000 0.000000
    67 0.000000 10.000002 -0.000005 -1.570796 0.000000 -1.570796
    68 0.000000 10.000002 -0.000005 -1.570796 0.000000 -1.570796
    69 0.000000 0.000005 -0.000003 -1.570796 0.000000 -1.570796
    70 -0.000002 0.000006 -0.500010 -1.570796 0.000000 -1.570796
    71 -0.000004 0.000000 -0.000002 -1.570796 0.000000 0.000000
    72 0.000000 0.000000 0.000000 -1.570796 0.000000 0.000000
    73 0.000000 0.000000 0.000000 -1.570796 0.000000 0.000000
    74 -0.000002 0.000000 0.000000 -1.570796 0.000000 0.000000
    75 0.000002 0.000000 0.000000 -1.570796 0.000000 0.000000
    76 0.000006 0.000000 0.000000 -1.570796 0.000000 0.000000
    77 0.000001 0.000000 0.000000 -1.570796 0.000000 0.000000
    78 0.000000 0.000000 0.000000 -1.570796 0.000000 0.000000
    79 0.000003 0.000000 0.000000 -1.570796 0.000000 0.000000
    80 0.000000 0.000000 0.000000 -1.570796 0.000000 0.000000
    81 0.000002 0.000000 -0.000001 -1.570796 0.000000 0.000000
    82 0.000000 0.000000 0.000000 -1.570796 0.000000 0.000000
    83 0.000000 0.000000 -0.000003 0.000000 0.000000 0.000000
    84 0.000000 0.000000 0.000000 0.000000 0.000000 0.000000
    85 0.000000 0.000001 -0.000001 0.000000 0.000000 0.000000
  time 58
    0 3.135371 4.604057 -10.616371 -1.302809 0.907736 -1.414956
    1 0.026867 -11.331078 -0.000002 0.954668 -0.205482 0.524294
    2 0.000002 -0.570801 0.000000 0.000000 0.000000 0.000000
    3 -0.523475 0.288004 0.590819 0.206457 -0.584318 -2.558908
    4 2.276719 -0.120318 -0.000001 0.000000 0.000000 0.086393
    5 1.069446 0.056463 0.000000 0.000000 0.000000 0.848230
    6 -1.351848 -2.286684 -0.142105 0.000000 -0.069346 -1.638864
    7 1.730202 -0.000584 0.000001 0.000000 -0.056617 0.005236
    8 1.199319 -0.010942 0.000001 0.000000 -0.188678 0.000000
    9 -0.426622 -2.478479 -0.142105 -0.083359 -0.415872 -1.424031
    10 1.921327 0.004627 0.000003 -0.000192 -1.158232 -6.282993
    11 1.413089 0.008475 0.000000 0.000000 -0.504755 0.020944
    12 0.384484 -2.164757 -0.149917 -0.056500 -0.191250 -1.438134
    13 1.956384 0.057593 0.000000 -0.000001 -1.191232 -0.010473
    14 1.365878 0.003407 0.000000 0.000001 -0.505283 0.005236
    15 1.194772 -1.655615 -0.138199 0.000000 -0.207050 -1.445133
    16 1.674395 0.018204 -0.000001 0.000000 -0.749534 -0.005236
    17 1.089296 -0.001050 -0.000001 0.000000 -0.719912 0.000000
    18 11.925877 -0.278770 -8.900043 -0.554848 -0.431190 -0.296372
    19 -0.291631 -11.160193 0.000002 0.230911 0.443903 -0.323071
    20 0.285896 -4.438802 0.917060 0.080103 -1.549641 -0.151666
    21 0.000000 2.791016 0.898926 0.000000 0.000000 0.000000
    22 0.000000 -0.088013 2.902344 0.000000 0.000000 0.000000
    23 -0.490966 -4.492466 0.847817 0.932818 1.486339 0.991146
    24 -0.000001 2.902344 1.065430 0.000000 0.000000 0.000000
    25 0.000000 0.268398 2.901285 0.000000 0.000000 0.000000
    26 -0.021851 -0.545898 0.000000 0.000000 0.000000 0.000000
    27 0.581406 0.239183 0.586107 0.401476 -0.484223 -1.118716
    28 2.306785 0.010602 0.000001 0.000000 0.000000 -0.452595
    29 1.234327 -0.010016 -0.000001 0.000000 0.000000 -0.881845
    30 1.415111 -2.328439 -0.168330 0.000000 -0.052360 -1.523672
    31 1.707031 0.018570 -0.000001 0.000000 -0.376991 -0.005236
    32 1.169922 -0.007076 -0.000001 0.000000 -0.612611 0.010472
    33 0.511719 -2.587891 -0.171265 0.068179 -0.280440 -1.750247
    34 1.837891 0.009178 -0.000001 -3.141591 -1.523670 -3.131118
    35 1.439453 0.012917 0.000000 0.000000 -1.099558 0.005236
    36 -0.363163 -2.257814 -0.168329 0.017968 -0.224442 -1.724665
    37 1.888672 -0.005322 0.000001 0.000002 -1.544617 0.036656
    38 1.369174 -0.010806 0.000002 0.000000 -1.130973 0.010472
    39 -1.191442 -1.688595 -0.168331 0.000000 -0.235619 -1.685988
    40 1.688477 -0.013481 -0.000002 0.000000 -0.753982 0.005229
    41 1.072266 0.022156 -0.000002 0.000000 -1.371829 -0.010472
    42 0.000000 -2.077746 1.567595 0.055572 0.062392 0.010450
    43 0.000000 -3.708984 1.591797 0.000000 0.000000 0.000000
    44 0.000000 -1.273438 2.097656 0.000000 0.000000 0.000000
    45 0.000000 -1.325880 2.134425 0.000000 0.000000 0.000000
    46 0.000000 -1.705364 -0.026202 -0.000935 -0.003032 0.000024
    47 0.000003 -3.746094 1.536133 0.000000 0.000000 0.000000
    48 0.500002 9.999993 0.000002 -1.570796 0.000000 -1.570796
    49 0.500002 9.999993 0.000002 -1.570796 0.000000 -1.570796
    50 0.000000 0.000005 0.000001 -1.570796 0.000000 -1.570796
    51 0.000001 0.000003 -0.500010 -1.570796 0.000000 -1.570796
    52 -0.000001 0.000000 -0.000002 -1.570796 0.000000 0.000000
    53 0.000000 0.000000 0.000000 -1.570797 0.000000 0.000000
    54 0.000001 0.000000 0.000000 -1.570796 0.000000 0.000000
    55 0.000000 0.000000 0.000002 -1.570796 0.000000 0.000000
    56 -0.000003 0.000000 0.000001 -1.570796 0.000000 0.000000
    57 0.000000 0.000000 0.000000 -1.570796 0.000000 0.000000
    58 0.000000 0.000000 -0.000002 -1.570796 0.000000 0.000000
    59 0.000000 0.000000 0.000001 -1.570796 0.000000 0.000000
    60 -0.000003 0.000000 0.000000 -1.570796 0.000000 0.000000
    61 -0.000001 0.000000 0.000000 -1.570796 0.000000 0.000000
    62 0.000000 0.000000 0.000000 -1.570796 0.000001 0.000000
    63 0.000000 0.000000 0.000000 -1.570796 0.000001 0.000000
    64 0.000000 0.000000 0.000001 3.141593 0.000000 0.000000
    65 0.000000 0.000000 0.000000 3.141593 0.000000 0.000000
    66 0.000001 -0.000001 0.000002 3.141592 0.000000 0.000000
    67 0.000000 10.000002 -0.000005 -1.570796 0.000000 -1.570796
    68 0.000000 10.000002 -0.000005 -1.570796 0.000000 -1.570796
    69 0.000000 0.000005 -0.000003 -1.570796 0.000000 -1.570796
    70 -0.000002 0.000006 -0.500010 -1.570796 0.000000 -1.570796
    71 -0.000004 0.000000 -0.000002 -1.570796 0.000000 0.000000
    72 0.000000 0.000000 0.000000 -1.570796 0.000000 0.000000
    73 0.000000 0.000000 0.000000 -1.570796 0.000000 0.000000
    74 -0.000002 0.000000 0.000000 -1.570796 0.000000 0.000000
    75 0.000002 0.000000 0.000000 -1.570796 0.000000 0.000000
    76 0.000006 0.000000 0.000000 -1.570796 0.000000 0.000000
    77 0.000001 0.000000 0.000000 -1.570796 0.000000 0.000000
    78 0.000000 0.000000 0.000000 -1.570796 0.000000 0.000000
    79 0.000003 0.000000 0.000000 -1.570796 0.000000 0.000000
    80 0.000000 0.000000 0.000000 -1.570796 0.000000 0.000000
    81 0.000002 0.000000 -0.000001 -1.570796 0.000000 0.000000
    82 0.000000 0.000000 0.000000 -1.570796 0.000000 0.000000
    83 0.000000 0.000000 -0.000003 0.000000 0.000000 0.000000
    84 0.000000 0.000000 0.000000 0.000000 0.000000 0.000000
    85 0.000000 0.000001 -0.000001 0.000000 0.000000 0.000000
  time 59
    0 4.170559 3.475116 -10.299955 -1.417678 0.891705 -1.459116
    1 0.026867 -11.331078 -0.000002 0.948215 -0.239952 0.472115
    2 0.000002 -0.570801 0.000000 0.000000 0.000000 0.000000
    3 -0.527382 0.288004 0.594726 0.208617 -0.586711 -2.561732
    4 2.276719 -0.124224 -0.000001 0.000000 0.000000 0.090861
    5 1.069446 0.056463 0.000000 0.000000 0.000000 0.848230
    6 -1.355754 -2.278871 -0.142105 0.000000 -0.068752 -1.638864
    7 1.730202 -0.000584 0.000001 0.000000 -0.060187 0.005236
    8 1.199319 -0.010942 0.000001 0.000000 -0.192784 0.000000
    9 -0.430529 -2.478479 -0.142105 -0.082736 -0.398590 -1.425639
    10 1.925233 0.004627 0.000003 -0.000096 -1.156130 -6.283089
    11 1.413089 0.008475 0.000000 0.000000 -0.508083 0.020944
    12 0.376671 -2.160851 -0.142104 -0.056416 -0.179767 -1.438709
    13 1.952478 0.061499 0.000000 -0.000001 -1.187650 -0.010473
    14 1.365878 0.003407 0.000000 0.000001 -0.508352 0.005236
    15 1.186960 -1.655615 -0.138199 0.000000 -0.197788 -1.445133
    16 1.674395 0.018204 -0.000001 0.000000 -0.742090 -0.005236
    17 1.089296 -0.001050 -0.000001 0.000000 -0.721275 0.000000
    18 11.902438 -0.274864 -8.907856 -0.556538 -0.428299 -0.295061
    19 -0.295538 -11.156286 0.000002 0.229796 0.472734 -0.339859
    20 0.281989 -4.438802 0.920967 0.080103 -1.549641 -0.151666
    21 0.000000 2.791016 0.898926 0.000000 0.000000 0.000000
    22 0.000000 -0.088013 2.902344 0.000000 0.000000 0.000000
    23 -0.490966 -4.484653 0.847817 0.914699 1.488472 0.974295
    24 -0.000001 2.902344 1.065430 0.000000 0.000000 0.000000
    25 0.000000 0.268398 2.901285 0.000000 0.000000 0.000000
    26 -0.021851 -0.545898 0.000000 0.000000 0.000000 0.000000
    27 0.581406 0.235277 0.586107 0.387835 -0.485923 -1.109819
    28 2.306785 0.010602 0.000001 0.000000 0.000000 -0.453744
    29 1.238233 -0.010016 -0.000001 0.000000 0.000000 -0.878929
    30 1.419017 -2.332346 -0.168330 0.000000 -0.052360 -1.523672
    31 1.707031 0.018570 -0.000001 0.000000 -0.376991 -0.005236
    32 1.169922 -0.007076 -0.000001 0.000000 -0.612611 0.010472
    33 0.511719 -2.587891 -0.171265 0.068179 -0.280440 -1.750247
    34 1.837891 0.009178 -0.000001 -3.141591 -1.523670 -3.131118
    35 1.439453 0.012917 0.000000 0.000000 -1.099558 0.005236
    36 -0.359256 -2.257814 -0.168329 0.017968 -0.224442 -1.724665
    37 1.888672 -0.005322 0.000001 0.000002 -1.544617 0.036656
    38 1.373080 -0.010806 0.000002 0.000000 -1.130973 0.010472
    39 -1.191442 -1.692502 -0.168331 0.000000 -0.235619 -1.685988
    40 1.688477 -0.013481 -0.000002 0.000000 -0.753982 0.005229
    41 1.072266 0.022156 -0.000002 0.000000 -1.371829 -0.010472
    42 0.000000 -2.077746 1.571501 0.056351 0.063291 0.010606
    43 0.000000 -3.708984 1.591797 0.000000 0.000000 0.000000
    44 0.000000 -1.273438 2.097656 0.000000 0.000000 0.000000
    45 0.000000 -1.325880 2.130518 0.000000 0.000000 0.000000
    46 0.000000 -1.701457 -0.034015 0.000000 0.000000 0.000000
    47 0.000003 -3.746094 1.536133 0.000000 0.000000 0.000000
    48 0.500002 9.999993 0.000002 -1.570796 0.000000 -1.570796
    49 0.500002 9.999993 0.000002 -1.570796 0.000000 -1.570796
    50 0.000000 0.000005 0.000001 -1.570796 0.000000 -1.570796
    51 0.000001 0.000003 -0.500010 -1.570796 0.000000 -1.570796
    52 -0.000001 0.000000 -0.000002 -1.570796 0.000000 0.000000
    53 0.000000 0.000000 0.000000 -1.570797 0.000000 0.000000
    54 0.000001 0.000000 0.000000 -1.570796 0.000000 0.000000
    55 0.000000 0.000000 0.000002 -1.570796 0.000000 0.000000
    56 -0.000003 0.000000 0.000001 -1.570796 0.000000 0.000000
    57 0.000000 0.000000 0.000000 -1.570796 0.000000 0.000000
    58 0.000000 0.000000 -0.000002 -1.570796 0.000000 0.000000
    59 0.000000 0.000000 0.000001 -1.570796 0.000000 0.000000
    60 -0.000003 0.000000 0.000000 -1.570796 0.000000 0.000000
    61 -0.000001 0.000000 0.000000 -1.570796 0.000000 0.000000
    62 0.000000 0.000000 0.000000 -1.570796 0.000001 0.000000
    63 0.000000 0.000000 0.000000 -1.570796 0.000001 0.000000
    64 0.000000 0.000000 0.000001 3.141593 0.000000 0.000000
    65 0.000000 0.000000 0.000000 3.141593 0.000000 0.000000
    66 0.000001 -0.000001 0.000002 3.141592 0.000000 0.000000
    67 0.000000 10.000002 -0.000005 -1.570796 0.000000 -1.570796
    68 0.000000 10.000002 -0.000005 -1.570796 0.000000 -1.570796
    69 0.000000 0.000005 -0.000003 -1.570796 0.000000 -1.570796
    70 -0.000002 0.000006 -0.500010 -1.570796 0.000000 -1.570796
    71 -0.000004 0.000000 -0.000002 -1.570796 0.000000 0.000000
    72 0.000000 0.000000 0.000000 -1.570796 0.000000 0.000000
    73 0.000000 0.000000 0.000000 -1.570796 0.000000 0.000000
    74 -0.000002 0.000000 0.000000 -1.570796 0.000000 0.000000
    75 0.000002 0.000000 0.000000 -1.570796 0.000000 0.000000
    76 0.000006 0.000000 0.000000 -1.570796 0.000000 0.000000
    77 0.000001 0.000000 0.000000 -1.570796 0.000000 0.000000
    78 0.000000 0.000000 0.000000 -1.570796 0.000000 0.000000
    79 0.000003 0.000000 0.000000 -1.570796 0.000000 0.000000
    80 0.000000 0.000000 0.000000 -1.570796 0.000000 0.000000
    81 0.000002 0.000000 -0.000001 -1.570796 0.000000 0.000000
    82 0.000000 0.000000 0.000000 -1.570796 0.000000 0.000000
    83 0.000000 0.000000 -0.000003 0.000000 0.000000 0.000000
    84 0.000000 0.000000 0.000000 0.000000 0.000000 0.000000
    85 0.000000 0.000001 -0.000001 0.000000 0.000000 0.000000
  time 60
    0 4.518226 2.705561 -10.171044 -1.459484 0.890854 -1.439670
    1 0.026867 -11.331078 -0.000002 0.908079 -0.255465 0.447940
    2 0.000000 -0.570801 0.000000 0.000000 0.000000 0.000000
    3 -0.527382 0.288004 0.590819 0.209458 -0.588925 -2.563572
    4 2.276719 -0.120318 -0.000001 0.000000 0.000000 0.095531
    5 1.069446 0.056463 0.000000 0.000000 0.000000 0.848230
    6 -1.355754 -2.282777 -0.142105 0.000000 -0.068200 -1.638864
    7 1.730202 -0.000584 0.000001 0.000000 -0.063866 0.005236
    8 1.199319 -0.010942 0.000001 0.000000 -0.196918 0.000000
    9 -0.426622 -2.478479 -0.142105 -0.082245 -0.382467 -1.427053
    10 1.925233 0.004627 0.000003 -0.000192 -1.156296 -6.283185
    11 1.413089 0.008475 0.000000 0.000000 -0.513614 0.020944
    12 0.384484 -2.160851 -0.142104 -0.056296 -0.169445 -1.439272
    13 1.952478 0.053687 0.000000 -0.000001 -1.185721 -0.010473
    14 1.361971 0.003407 0.000000 0.000001 -0.514056 0.005236
    15 1.194772 -1.655615 -0.138199 0.000000 -0.189901 -1.445133
    16 1.674395 0.018204 -0.000001 0.000000 -0.734974 -0.005236
    17 1.089296 -0.001050 -0.000001 0.000000 -0.725266 0.000000
    18 11.890719 -0.274864 -8.911762 -0.564805 -0.419084 -0.280830
    19 -0.291631 -11.156286 0.000002 0.227205 0.483105 -0.343167
    20 0.288574 -4.437500 0.926270 0.080103 -1.549641 -0.151666
    21 -0.000001 2.791016 0.898926 0.000000 0.000000 0.000000
    22 0.000000 -0.088013 2.902344 0.000000 0.000000 0.000000
    23 -0.483153 -4.492466 0.847817 0.893516 1.490821 0.954385
    24 -0.000001 2.900391 1.067383 0.000000 0.000000 0.000000
    25 0.000000 0.264492 2.901285 0.000000 0.000000 0.000000
    26 -0.021851 -0.544922 0.000000 0.000000 0.000000 0.000000
    27 0.585312 0.235277 0.586107 0.373825 -0.487494 -1.100501
    28 2.306785 0.010602 0.000001 0.000000 0.000000 -0.454645
    29 1.242140 -0.010016 -0.000001 0.000000 0.000000 -0.875829
    30 1.420898 -2.330078 -0.171265 0.000000 -0.052360 -1.523672
    31 1.706055 0.018570 0.000000 0.000000 -0.376991 -0.005236
    32 1.170898 -0.007069 0.000000 0.000000 -0.612611 0.010472
    33 0.511719 -2.587891 -0.171265 0.068179 -0.280440 -1.750247
    34 1.837891 0.009178 0.000000 -3.141591 -1.523670 -3.131118
    35 1.438477 0.012917 -0.000001 0.000000 -1.099558 0.005236
    36 -0.359256 -2.265626 -0.168329 0.017968 -0.224442 -1.724665
    37 1.888672 -0.005322 0.000002 0.000002 -1.544617 0.036656
    38 1.369174 -0.010806 0.000002 0.000000 -1.130973 0.010472
    39 -1.191442 -1.692502 -0.168331 0.000000 -0.235619 -1.685988
    40 1.688477 -0.013489 -0.000001 0.000000 -0.753982 0.005229
    41 1.072266 0.022156 -0.000001 0.000000 -1.371829 -0.010472
    42 0.000000 -2.077746 1.571501 0.057130 0.064129 0.010810
    43 0.000000 -3.705933 1.590397 0.000000 0.000000 0.000000
    44 0.000001 -1.273097 2.096640 0.000000 0.000000 0.000000
    45 0.000001 -1.329102 2.134766 0.000000 0.000000 0.000000
    46 0.000000 -1.916308 0.774603 0.000000 0.000000 0.000000
    47 0.000001 -3.744141 1.536133 0.000000 0.000000 0.000000
    48 0.500002 9.999993 0.000002 -1.570796 0.000000 -1.570796
    49 0.500002 9.999993 0.000002 -1.570796 0.000000 -1.570796
    50 0.000000 0.000005 0.000001 -1.570796 0.000000 -1.570796
    51 0.000001 0.000003 -0.500010 -1.570796 0.000000 -1.570796
    52 -0.000001 0.000000 -0.000002 -1.570796 0.000000 0.000000
    53 0.000000 0.000000 0.000000 -1.570797 0.000000 0.000000
    54 0.000001 0.000000 0.000000 -1.570796 0.000000 0.000000
    55 0.000000 0.000000 0.000002 -1.570796 0.000000 0.000000
    56 -0.000003 0.000000 0.000001 -1.570796 0.000000 0.000000
    57 0.000000 0.000000 0.000000 -1.570796 0.000000 0.000000
    58 0.000000 0.000000 -0.000002 -1.570796 0.000000 0.000000
    59 0.000000 0.000000 0.000001 -1.570796 0.000000 0.000000
    60 -0.000003 0.000000 0.000000 -1.570796 0.000000 0.000000
    61 -0.000001 0.000000 0.000000 -1.570796 0.000000 0.000000
    62 0.000000 0.000000 0.000000 -1.570796 0.000001 0.000000
    63 0.000000 0.000000 0.000000 -1.570796 0.000001 0.000000
    64 0.000000 0.000000 0.000001 3.141593 0.000000 0.000000
    65 0.000000 0.000000 0.000000 3.141593 0.000000 0.000000
    66 0.000001 -0.000001 0.000002 3.141592 0.000000 0.000000
    67 0.000000 10.000002 -0.000005 -1.570796 0.000000 -1.570796
    68 0.000000 10.000002 -0.000005 -1.570796 0.000000 -1.570796
    69 0.000000 0.000005 -0.000003 -1.570796 0.000000 -1.570796
    70 -0.000002 0.000006 -0.500010 -1.570796 0.000000 -1.570796
    71 -0.000004 0.000000 -0.000002 -1.570796 0.000000 0.000000
    72 0.000000 0.000000 0.000000 -1.570796 0.000000 0.000000
    73 0.000000 0.000000 0.000000 -1.570796 0.000000 0.000000
    74 -0.000002 0.000000 0.000000 -1.570796 0.000000 0.000000
    75 0.000002 0.000000 0.000000 -1.570796 0.000000 0.000000
    76 0.000006 0.000000 0.000000 -1.570796 0.000000 0.000000
    77 0.000001 0.000000 0.000000 -1.570796 0.000000 0.000000
    78 0.000000 0.000000 0.000000 -1.570796 0.000000 0.000000
    79 0.000003 0.000000 0.000000 -1.570796 0.000000 0.000000
    80 0.000000 0.000000 0.000000 -1.570796 0.000000 0.000000
    81 0.000002 0.000000 -0.000001 -1.570796 0.000000 0.000000
    82 0.000000 0.000000 0.000000 -1.570796 0.000000 0.000000
    83 0.000000 0.000000 -0.000003 0.000000 0.000000 0.000000
    84 0.000000 0.000000 0.000000 0.000000 0.000000 0.000000
    85 0.000000 0.000001 -0.000001 0.000000 0.000000 0.000000
  time 61
    0 4.240873 2.045385 -10.069479 -1.518638 0.891481 -1.448483
    1 0.026867 -11.331078 -0.000002 0.824225 -0.248990 0.459352
    2 0.000000 -0.570801 0.000000 0.000000 0.000000 0.000000
    3 -0.523475 0.288004 0.590819 0.208806 -0.591035 -2.564393
    4 2.276719 -0.120318 -0.000001 0.000000 0.000000 0.100503
    5 1.069446 0.056463 0.000000 0.000000 0.000000 0.848230
    6 -1.355754 -2.282777 -0.142105 0.000000 -0.067563 -1.638864
    7 1.730202 -0.000584 0.000001 0.000000 -0.067577 0.005236
    8 1.195413 -0.010942 0.000001 0.000000 -0.201135 0.000000
    9 -0.430529 -2.482385 -0.142105 -0.081718 -0.367906 -1.428356
    10 1.925233 0.004627 0.000003 -0.000192 -1.158785 -0.000096
    11 1.416995 0.008475 0.000000 0.000000 -0.521523 0.020944
    12 0.376671 -2.160851 -0.149917 -0.056212 -0.160603 -1.439800
    13 1.952478 0.053687 0.000000 -0.000001 -1.185721 -0.010473
    14 1.365878 0.003407 0.000000 0.000001 -0.522742 0.005236
    15 1.190866 -1.655615 -0.138199 0.000000 -0.183425 -1.445133
    16 1.674395 0.018204 -0.000001 0.000000 -0.728132 -0.005236
    17 1.085390 -0.001050 -0.000001 0.000000 -0.732323 0.000000
    18 11.972753 -0.286583 -8.880511 -0.575795 -0.405352 -0.259202
    19 -0.295538 -11.160193 0.000002 0.224615 0.460527 -0.324510
    20 0.288574 -4.437500 0.926270 0.080103 -1.549641 -0.151666
    21 -0.000001 2.791016 0.898926 0.000000 0.000000 0.000000
    22 0.000000 -0.088013 2.902344 0.000000 0.000000 0.000000
    23 -0.490966 -4.492466 0.847817 0.868906 1.493350 0.930915
    24 -0.000001 2.900391 1.067383 0.000000 0.000000 0.000000
    25 0.000000 0.272305 2.893472 0.000000 0.000000 0.000000
    26 -0.021851 -0.544922 0.000000 0.000000 0.000000 0.000000
    27 0.585312 0.235277 0.586107 0.359369 -0.488937 -1.090732
    28 2.306785 0.010602 0.000001 0.000000 0.000000 -0.455344
    29 1.238233 -0.010016 -0.000001 0.000000 0.000000 -0.872637
    30 1.420898 -2.330078 -0.171265 0.000000 -0.052360 -1.523672
    31 1.706055 0.018570 0.000000 0.000000 -0.376991 -0.005236
    32 1.170898 -0.007069 0.000000 0.000000 -0.612611 0.010472
    33 0.511719 -2.587891 -0.171265 0.068179 -0.280440 -1.750247
    34 1.837891 0.009178 0.000000 -3.141591 -1.523670 -3.131118
    35 1.438477 0.012917 -0.000001 0.000000 -1.099558 0.005236
    36 -0.359256 -2.265626 -0.168329 0.017968 -0.224442 -1.724665
    37 1.888672 -0.005322 0.000002 0.000002 -1.544617 0.036656
    38 1.369174 -0.010806 0.000002 0.000000 -1.130973 0.010472
    39 -1.191442 -1.692502 -0.168331 0.000000 -0.235619 -1.685988
    40 1.688477 -0.013489 -0.000001 0.000000 -0.753982 0.005229
    41 1.072266 0.022156 -0.000001 0.000000 -1.371829 -0.010472
    42 0.000000 -2.077746 1.571501 0.057862 0.064908 0.010990
    43 0.000000 -3.705933 1.590397 0.000000 0.000000 0.000000
    44 0.000001 -1.273097 2.096640 0.000000 0.000000 0.000000
    45 0.000001 -1.329102 2.134766 0.000000 0.000000 0.000000
    46 0.000000 -2.115532 1.567596 0.000000 0.000000 0.000000
    47 0.000001 -3.744141 1.536133 0.000000 0.000000 0.000000
    48 0.500002 9.999993 0.000002 -1.570796 0.000000 -1.570796
    49 0.500002 9.999993 0.000002 -1.570796 0.000000 -1.570796
    50 0.000000 0.000005 0.000001 -1.570796 0.000000 -1.570796
    51 0.000001 0.000003 -0.500010 -1.570796 0.000000 -1.570796
    52 -0.000001 0.000000 -0.000002 -1.570796 0.000000 0.000000
    53 0.000000 0.000000 0.000000 -1.570797 0.000000 0.000000
    54 0.000001 0.000000 0.000000 -1.570796 0.000000 0.000000
    55 0.000000 0.000000 0.000002 -1.570796 0.000000 0.000000
    56 -0.000003 0.000000 0.000001 -1.570796 0.000000 0.000000
    57 0.000000 0.000000 0.000000 -1.570796 0.000000 0.000000
    58 0.000000 0.000000 -0.000002 -1.570796 0.000000 0.000000
    59 0.000000 0.000000 0.000001 -1.570796 0.000000 0.000000
    60 -0.000003 0.000000 0.000000 -1.570796 0.000000 0.000000
    61 -0.000001 0.000000 0.000000 -1.570796 0.000000 0.000000
    62 0.000000 0.000000 0.000000 -1.570796 0.000001 0.000000
    63 0.000000 0.000000 0.000000 -1.570796 0.000001 0.000000
    64 0.000000 0.000000 0.000001 3.141593 0.000000 0.000000
    65 0.000000 0.000000 0.000000 3.141593 0.000000 0.000000
    66 0.000001 -0.000001 0.000002 3.141592 0.000000 0.000000
    67 0.000000 10.000002 -0.000005 -1.570796 0.000000 -1.570796
    68 0.000000 10.000002 -0.000005 -1.570796 0.000000 -1.570796
    69 0.000000 0.000005 -0.000003 -1.570796 0.000000 -1.570796
    70 -0.000002 0.000006 -0.500010 -1.570796 0.000000 -1.570796
    71 -0.000004 0.000000 -0.000002 -1.570796 0.000000 0.000000
    72 0.000000 0.000000 0.000000 -1.570796 0.000000 0.000000
    73 0.000000 0.000000 0.000000 -1.570796 0.000000 0.000000
    74 -0.000002 0.000000 0.000000 -1.570796 0.000000 0.000000
    75 0.000002 0.000000 0.000000 -1.570796 0.000000 0.000000
    76 0.000006 0.000000 0.000000 -1.570796 0.000000 0.000000
    77 0.000001 0.000000 0.000000 -1.570796 0.000000 0.000000
    78 0.000000 0.000000 0.000000 -1.570796 0.000000 0.000000
    79 0.000003 0.000000 0.000000 -1.570796 0.000000 0.000000
    80 0.000000 0.000000 0.000000 -1.570796 0.000000 0.000000
    81 0.000002 0.000000 -0.000001 -1.570796 0.000000 0.000000
    82 0.000000 0.000000 0.000000 -1.570796 0.000000 0.000000
    83 0.000000 0.000000 -0.000003 0.000000 0.000000 0.000000
    84 0.000000 0.000000 0.000000 0.000000 0.000000 0.000000
    85 0.000000 0.000001 -0.000001 0.000000 0.000000 0.000000
  time 62
    0 3.213498 1.381302 -9.854629 -1.600893 0.891705 -1.459116
    1 0.026867 -11.331078 -0.000002 0.702151 -0.239952 0.472115
    2 0.000000 -0.570801 0.000000 0.000000 0.000000 0.000000
    3 -0.527382 0.288004 0.590819 0.206577 -0.592922 -2.563966
    4 2.276719 -0.120318 -0.000001 0.000000 0.000000 0.105576
    5 1.069446 0.056463 0.000000 0.000000 0.000000 0.848230
    6 -1.355754 -2.282777 -0.142105 0.000000 -0.066926 -1.638864
    7 1.730202 -0.000584 0.000001 0.000000 -0.071367 0.005236
    8 1.195413 -0.010942 0.000001 0.000000 -0.205380 0.000000
    9 -0.430529 -2.478479 -0.142105 -0.081394 -0.355461 -1.429395
    10 1.929139 0.004627 0.000003 -0.000096 -1.164040 -6.282993
    11 1.413089 0.008475 0.000000 0.000000 -0.532067 0.020944
    12 0.376671 -2.164757 -0.146011 -0.056152 -0.153602 -1.440207
    13 1.952478 0.057593 0.000000 -0.000001 -1.187815 -0.010473
    14 1.365878 0.003407 0.000000 0.000001 -0.534583 0.005236
    15 1.194772 -1.655615 -0.146012 0.000000 -0.178758 -1.445133
    16 1.670489 0.018204 -0.000001 0.000000 -0.721810 -0.005236
    17 1.089296 -0.001050 -0.000001 0.000000 -0.742641 0.000000
    18 12.183697 -0.317834 -8.810196 -0.591388 -0.383164 -0.226807
    19 -0.295538 -11.156286 0.000002 0.220226 0.390064 -0.276416
    20 0.288574 -4.437500 0.926270 0.080103 -1.549641 -0.151666
    21 -0.000001 2.791016 0.898926 0.000000 0.000000 0.000000
    22 0.000000 -0.088013 2.902344 0.000000 0.000000 0.000000
    23 -0.490966 -4.484653 0.836098 0.840241 1.496106 0.903552
    24 -0.000001 2.900391 1.067383 0.000000 0.000000 0.000000
    25 0.000000 0.268398 2.893472 0.000000 0.000000 0.000000
    26 -0.021851 -0.544922 0.000000 0.000000 0.000000 0.000000
    27 0.581406 0.235277 0.578294 0.344467 -0.490237 -1.080723
    28 2.306785 0.010602 0.000001 0.000000 0.000000 -0.455686
    29 1.234327 -0.010016 -0.000001 0.000000 0.000000 -0.869322
    30 1.420898 -2.330078 -0.171265 0.000000 -0.052360 -1.523672
    31 1.706055 0.018570 0.000000 0.000000 -0.376991 -0.005236
    32 1.170898 -0.007069 0.000000 0.000000 -0.612611 0.010472
    33 0.511719 -2.587891 -0.171265 0.068179 -0.280440 -1.750247
    34 1.837891 0.009178 0.000000 -3.141591 -1.523670 -3.131118
    35 1.438477 0.012917 -0.000001 0.000000 -1.099558 0.005236
    36 -0.359256 -2.261720 -0.168329 0.017968 -0.224442 -1.724665
    37 1.888672 -0.005322 0.000002 0.000002 -1.544617 0.036656
    38 1.369174 -0.010806 0.000002 0.000000 -1.130973 0.010472
    39 -1.191442 -1.692502 -0.168331 0.000000 -0.235619 -1.685988
    40 1.688477 -0.013489 -0.000001 0.000000 -0.753982 0.005229
    41 1.072266 0.022156 -0.000001 0.000000 -1.371829 -0.010472
    42 0.000000 -2.077746 1.571501 0.058497 0.065604 0.011122
    43 0.000000 -3.705933 1.590397 0.000000 0.000000 0.000000
    44 0.000001 -1.273097 2.096640 0.000000 0.000000 0.000000
    45 0.000001 -1.329102 2.134766 0.000000 0.000000 0.000000
    46 0.000000 -2.111626 1.567596 0.000000 0.000000 0.000000
    47 0.000001 -3.744141 1.536133 0.000000 0.000000 0.000000
    48 0.500002 9.999993 0.000002 -1.570796 0.000000 -1.570796
    49 0.500002 9.999993 0.000002 -1.570796 0.000000 -1.570796
    50 0.000000 0.000005 0.000001 -1.570796 0.000000 -1.570796
    51 0.000001 0.000003 -0.500010 -1.570796 0.000000 -1.570796
    52 -0.000001 0.000000 -0.000002 -1.570796 0.000000 0.000000
    53 0.000000 0.000000 0.000000 -1.570797 0.000000 0.000000
    54 0.000001 0.000000 0.000000 -1.570796 0.000000 0.000000
    55 0.000000 0.000000 0.000002 -1.570796 0.000000 0.000000
    56 -0.000003 0.000000 0.000001 -1.570796 0.000000 0.000000
    57 0.000000 0.000000 0.000000 -1.570796 0.000000 0.000000
    58 0.000000 0.000000 -0.000002 -1.570796 0.000000 0.000000
    59 0.000000 0.000000 0.000001 -1.570796 0.000000 0.000000
    60 -0.000003 0.000000 0.000000 -1.570796 0.000000 0.000000
    61 -0.000001 0.000000 0.000000 -1.570796 0.000000 0.000000
    62 0.000000 0.000000 0.000000 -1.570796 0.000001 0.000000
    63 0.000000 0.000000 0.000000 -1.570796 0.000001 0.000000
    64 0.000000 0.000000 0.000001 3.141593 0.000000 0.000000
    65 0.000000 0.000000 0.000000 3.141593 0.000000 0.000000
    66 0.000001 -0.000001 0.000002 3.141592 0.000000 0.000000
    67 0.000000 10.000002 -0.000005 -1.570796 0.000000 -1.570796
    68 0.000000 10.000002 -0.000005 -1.570796 0.000000 -1.570796
    69 0.000000 0.000005 -0.000003 -1.570796 0.000000 -1.570796
    70 -0.000002 0.000006 -0.500010 -1.570796 0.000000 -1.570796
    71 -0.000004 0.000000 -0.000002 -1.570796 0.000000 0.000000
    72 0.000000 0.000000 0.000000 -1.570796 0.000000 0.000000
    73 0.000000 0.000000 0.000000 -1.570796 0.000000 0.000000
    74 -0.000002 0.000000 0.000000 -1.570796 0.000000 0.000000
    75 0.000002 0.000000 0.000000 -1.570796 0.000000 0.000000
    76 0.000006 0.000000 0.000000 -1.570796 0.000000 0.000000
    77 0.000001 0.000000 0.000000 -1.570796 0.000000 0.000000
    78 0.000000 0.000000 0.000000 -1.570796 0.000000 0.000000
    79 0.000003 0.000000 0.000000 -1.570796 0.000000 0.000000
    80 0.000000 0.000000 0.000000 -1.570796 0.000000 0.000000
    81 0.000002 0.000000 -0.000001 -1.570796 0.000000 0.000000
    82 0.000000 0.000000 0.000000 -1.570796 0.000000 0.000000
    83 0.000000 0.000000 -0.000003 0.000000 0.000000 0.000000
    84 0.000000 0.000000 0.000000 0.000000 0.000000 0.000000
    85 0.000000 0.000001 -0.000001 0.000000 0.000000 0.000000
  time 63
    0 2.943959 0.689875 -9.421022 -1.683467 0.891705 -1.459116
    1 0.026867 -11.331078 -0.000002 0.584012 -0.239952 0.472115
    2 0.000000 -0.570801 0.000000 0.000000 0.000000 0.000000
    3 -0.527382 0.288004 0.590819 0.202599 -0.594541 -2.562258
    4 2.276719 -0.120318 -0.000001 0.000000 0.000000 0.110884
    5 1.069446 0.056463 0.000000 0.000000 0.000000 0.848230
    6 -1.355754 -2.286684 -0.142105 0.000000 -0.066374 -1.638864
    7 1.730202 -0.000584 0.000001 0.000000 -0.075187 0.005236
    8 1.203226 -0.010942 0.000001 0.000000 -0.209736 0.000000
    9 -0.430529 -2.478479 -0.142105 -0.081034 -0.345233 -1.430282
    10 1.929139 0.004627 0.000003 -0.000192 -1.172503 -6.282993
    11 1.416995 0.008475 0.000000 0.000000 -0.545421 0.020944
    12 0.380577 -2.160851 -0.146011 -0.056116 -0.148641 -1.440507
    13 1.956384 0.053687 0.000000 -0.000001 -1.192555 -0.010473
    14 1.369784 0.003407 0.000000 0.000001 -0.549882 0.005236
    15 1.186960 -1.663428 -0.138199 0.000000 -0.176153 -1.445133
    16 1.674395 0.018204 -0.000001 0.000000 -0.716090 -0.005236
    17 1.089296 -0.001050 -0.000001 0.000000 -0.756512 0.000000
    18 12.461049 -0.352991 -8.712537 -0.605665 -0.363252 -0.196940
    19 -0.295538 -11.156286 0.000002 0.116547 -0.068418 0.034112
    20 0.288574 -4.437500 0.926270 0.080103 -1.549641 -0.151666
    21 -0.000001 2.791016 0.898926 0.000000 0.000000 0.000000
    22 0.000000 -0.088013 2.902344 0.000000 0.000000 0.000000
    23 -0.483153 -4.492466 0.836098 0.806437 1.499007 0.871462
    24 -0.000001 2.900391 1.067383 0.000000 0.000000 0.000000
    25 0.000000 0.272305 2.893472 0.000000 0.000000 0.000000
    26 -0.021851 -0.544922 0.000000 0.000000 0.000000 0.000000
    27 0.581406 0.235277 0.578294 0.329134 -0.491384 -1.070142
    28 2.306785 0.010602 0.000001 0.000000 0.000000 -0.455888
    29 1.238233 -0.010016 -0.000001 0.000000 0.000000 -0.865823
    30 1.420898 -2.330078 -0.171265 0.000000 -0.052360 -1.523672
    31 1.706055 0.018570 0.000000 0.000000 -0.376991 -0.005236
    32 1.170898 -0.007069 0.000000 0.000000 -0.612611 0.010472
    33 0.511719 -2.587891 -0.171265 0.068179 -0.280440 -1.750247
    34 1.837891 0.009178 0.000000 -3.141591 -1.523670 -3.131118
    35 1.438477 0.012917 -0.000001 0.000000 -1.099558 0.005236
    36 -0.359256 -2.265626 -0.168329 0.017968 -0.224442 -1.724665
    37 1.888672 -0.005322 0.000002 0.000002 -1.544617 0.036656
    38 1.369174 -0.010806 0.000002 0.000000 -1.130973 0.010472
    39 -1.191442 -1.692502 -0.168331 0.000000 -0.235619 -1.685988
    40 1.688477 -0.013489 -0.000001 0.000000 -0.753982 0.005229
    41 1.072266 0.022156 -0.000001 0.000000 -1.371829 -0.010472
    42 0.000000 -2.077746 1.563689 0.059000 0.066227 0.011217
    43 0.000000 -3.705933 1.590397 0.000000 0.000000 0.000000
    44 0.000001 -1.273097 2.096640 0.000000 0.000000 0.000000
    45 0.000001 -1.329102 2.134766 0.000000 0.000000 0.000000
    46 0.000000 -2.111626 1.567596 0.000000 0.000000 0.000000
    47 0.000001 -3.744141 1.536133 0.000000 0.000000 0.000000
    48 0.500002 9.999993 0.000002 -1.570796 0.000000 -1.570796
    49 0.500002 9.999993 0.000002 -1.570796 0.000000 -1.570796
    50 0.000000 0.000005 0.000001 -1.570796 0.000000 -1.570796
    51 0.000001 0.000003 -0.500010 -1.570796 0.000000 -1.570796
    52 -0.000001 0.000000 -0.000002 -1.570796 0.000000 0.000000
    53 0.000000 0.000000 0.000000 -1.570797 0.000000 0.000000
    54 0.000001 0.000000 0.000000 -1.570796 0.000000 0.000000
    55 0.000000 0.000000 0.000002 -1.570796 0.000000 0.000000
    56 -0.000003 0.000000 0.000001 -1.570796 0.000000 0.000000
    57 0.000000 0.000000 0.000000 -1.570796 0.000000 0.000000
    58 0.000000 0.000000 -0.000002 -1.570796 0.000000 0.000000
    59 0.000000 0.000000 0.000001 -1.570796 0.000000 0.000000
    60 -0.000003 0.000000 0.000000 -1.570796 0.000000 0.000000
    61 -0.000001 0.000000 0.000000 -1.570796 0.000000 0.000000
    62 0.000000 0.000000 0.000000 -1.570796 0.000001 0.000000
    63 0.000000 0.000000 0.000000 -1.570796 0.000001 0.000000
    64 0.000000 0.000000 0.000001 3.141593 0.000000 0.000000
    65 0.000000 0.000000 0.000000 3.141593 0.000000 0.000000
    66 0.000001 -0.000001 0.000002 3.141592 0.000000 0.000000
    67 0.000000 10.000002 -0.000005 -1.570796 0.000000 -1.570796
    68 0.000000 10.000002 -0.000005 -1.570796 0.000000 -1.570796
    69 0.000000 0.000005 -0.000003 -1.570796 0.000000 -1.570796
    70 -0.000002 0.000006 -0.500010 -1.570796 0.000000 -1.570796
    71 -0.000004 0.000000 -0.000002 -1.570796 0.000000 0.000000
    72 0.000000 0.000000 0.000000 -1.570796 0.000000 0.000000
    73 0.000000 0.000000 0.000000 -1.570796 0.000000 0.000000
    74 -0.000002 0.000000 0.000000 -1.570796 0.000000 0.000000
    75 0.000002 0.000000 0.000000 -1.570796 0.000000 0.000000
    76 0.000006 0.000000 0.000000 -1.570796 0.000000 0.000000
    77 0.000001 0.000000 0.000000 -1.570796 0.000000 0.000000
    78 0.000000 0.000000 0.000000 -1.570796 0.000000 0.000000
    79 0.000003 0.000000 0.000000 -1.570796 0.000000 0.000000
    80 0.000000 0.000000 0.000000 -1.570796 0.000000 0.000000
    81 0.000002 0.000000 -0.000001 -1.570796 0.000000 0.000000
    82 0.000000 0.000000 0.000000 -1.570796 0.000000 0.000000
    83 0.000000 0.000000 -0.000003 0.000000 0.000000 0.000000
    84 0.000000 0.000000 0.000000 0.000000 0.000000 0.000000
    85 0.000000 0.000001 -0.000001 0.000000 0.000000 0.000000
  time 64
    0 3.096307 0.213298 -9.034291 -1.710885 0.891705 -1.459116
    1 0.026867 -11.331078 -0.000002 0.529339 -0.239952 0.472040
    2 0.000000 -0.570801 0.000000 0.000000 0.000000 0.000000
    3 -0.523475 0.284097 0.590819 0.196769 -0.595953 -2.559105
    4 2.268907 -0.120318 -0.000001 0.000000 0.000000 0.116427
    5 1.069446 0.056463 0.000000 0.000000 0.000000 0.848230
    6 -1.351848 -2.286684 -0.146012 0.000000 -0.065737 -1.638864
    7 1.734108 -0.000584 0.000001 0.000000 -0.079102 0.005236
    8 1.195413 -0.010942 0.000001 0.000000 -0.214147 0.000000
    9 -0.426622 -2.478479 -0.142105 -0.080867 -0.337675 -1.430976
    10 1.929139 0.004627 0.000003 -0.000192 -1.184119 -6.283089
    11 1.416995 0.008475 0.000000 0.000000 -0.561756 0.020944
    12 0.376671 -2.160851 -0.149917 -0.056105 -0.146080 -1.440615
    13 1.952478 0.057593 0.000000 -0.000001 -1.199554 -0.010473
    14 1.369784 0.003407 0.000000 0.000001 -0.568853 0.005236
    15 1.194772 -1.655615 -0.142105 0.000000 -0.175936 -1.445133
    16 1.674395 0.018204 -0.000001 0.000000 -0.711027 -0.005236
    17 1.089296 -0.001050 -0.000001 0.000000 -0.774179 0.000000
    18 12.765746 -0.392055 -8.607065 -0.615528 -0.354796 -0.177372
    19 -0.295538 -11.160193 0.000002 0.133707 -0.029093 -0.029912
    20 0.288574 -4.437500 0.926270 0.080103 -1.549641 -0.151666
    21 -0.000001 2.791016 0.898926 0.000000 0.000000 0.000000
    22 0.000000 -0.088013 2.902344 0.000000 0.000000 0.000000
    23 -0.487059 -4.492466 0.836098 0.766864 1.502027 0.833644
    24 -0.000001 2.900391 1.067383 0.000000 0.000000 0.000000
    25 0.000000 0.268398 2.893472 0.000000 0.000000 0.000000
    26 -0.021851 -0.544922 0.000000 0.000000 0.000000 0.000000
    27 0.585312 0.239183 0.590013 0.313340 -0.492350 -1.059502
    28 2.306785 0.010602 0.000001 0.000000 0.000000 -0.455826
    29 1.238233 -0.010016 -0.000001 0.000000 0.000000 -0.862232
    30 1.420898 -2.330078 -0.171265 0.000000 -0.052360 -1.523672
    31 1.706055 0.018570 0.000000 0.000000 -0.376991 -0.005236
    32 1.170898 -0.007069 0.000000 0.000000 -0.612611 0.010472
    33 0.511719 -2.587891 -0.171265 0.068179 -0.280440 -1.750247
    34 1.837891 0.009178 0.000000 -3.141591 -1.523670 -3.131118
    35 1.438477 0.012917 -0.000001 0.000000 -1.099558 0.005236
    36 -0.359256 -2.265626 -0.168329 0.017968 -0.224442 -1.724665
    37 1.888672 -0.005322 0.000002 0.000002 -1.544617 0.036656
    38 1.369174 -0.010806 0.000002 0.000000 -1.130973 0.010472
    39 -1.191442 -1.692502 -0.164424 0.000000 -0.235619 -1.685988
    40 1.688477 -0.013489 -0.000001 0.000000 -0.753982 0.005229
    41 1.072266 0.022156 -0.000001 0.000000 -1.371829 -0.010472
    42 0.000000 -2.077746 1.567595 0.059503 0.066718 0.011301
    43 0.000000 -3.705933 1.590397 0.000000 0.000000 0.000000
    44 0.000001 -1.273097 2.096640 0.000000 0.000000 0.000000
    45 0.000001 -1.329102 2.134766 0.000000 0.000000 0.000000
    46 0.000000 -2.111626 1.567596 0.000000 0.000000 0.000000
    47 0.000001 -3.744141 1.536133 0.000000 0.000000 0.000000
    48 0.500002 9.999993 0.000002 -1.570796 0.000000 -1.570796
    49 0.500002 9.999993 0.000002 -1.570796 0.000000 -1.570796
    50 0.000000 0.000005 0.000001 -1.570796 0.000000 -1.570796
    51 0.000001 0.000003 -0.500010 -1.570796 0.000000 -1.570796
    52 -0.000001 0.000000 -0.000002 -1.570796 0.000000 0.000000
    53 0.000000 0.000000 0.000000 -1.570797 0.000000 0.000000
    54 0.000001 0.000000 0.000000 -1.570796 0.000000 0.000000
    55 0.000000 0.000000 0.000002 -1.570796 0.000000 0.000000
    56 -0.000003 0.000000 0.000001 -1.570796 0.000000 0.000000
    57 0.000000 0.000000 0.000000 -1.570796 0.000000 0.000000
    58 0.000000 0.000000 -0.000002 -1.570796 0.000000 0.000000
    59 0.000000 0.000000 0.000001 -1.570796 0.000000 0.000000
    60 -0.000003 0.000000 0.000000 -1.570796 0.000000 0.000000
    61 -0.000001 0.000000 0.000000 -1.570796 0.000000 0.000000
    62 0.000000 0.000000 0.000000 -1.570796 0.000001 0.000000
    63 0.000000 0.000000 0.000000 -1.570796 0.000001 0.000000
    64 0.000000 0.000000 0.000001 3.141593 0.000000 0.000000
    65 0.000000 0.000000 0.000000 3.141593 0.000000 0.000000
    66 0.000001 -0.000001 0.000002 3.141592 0.000000 0.000000
    67 0.000000 10.000002 -0.000005 -1.570796 0.000000 -1.570796
    68 0.000000 10.000002 -0.000005 -1.570796 0.000000 -1.570796
    69 0.000000 0.000005 -0.000003 -1.570796 0.000000 -1.570796
    70 -0.000002 0.000006 -0.500010 -1.570796 0.000000 -1.570796
    71 -0.000004 0.000000 -0.000002 -1.570796 0.000000 0.000000
    72 0.000000 0.000000 0.000000 -1.570796 0.000000 0.000000
    73 0.000000 0.000000 0.000000 -1.570796 0.000000 0.000000
    74 -0.000002 0.000000 0.000000 -1.570796 0.000000 0.000000
    75 0.000002 0.000000 0.000000 -1.570796 0.000000 0.000000
    76 0.000006 0.000000 0.000000 -1.570796 0.000000 0.000000
    77 0.000001 0.000000 0.000000 -1.570796 0.000000 0.000000
    78 0.000000 0.000000 0.000000 -1.570796 0.000000 0.000000
    79 0.000003 0.000000 0.000000 -1.570796 0.000000 0.000000
    80 0.000000 0.000000 0.000000 -1.570796 0.000000 0.000000
    81 0.000002 0.000000 -0.000001 -1.570796 0.000000 0.000000
    82 0.000000 0.000000 0.000000 -1.570796 0.000000 0.000000
    83 0.000000 0.000000 -0.000003 0.000000 0.000000 0.000000
    84 0.000000 0.000000 0.000000 0.000000 0.000000 0.000000
    85 0.000000 0.000001 -0.000001 0.000000 0.000000 0.000000
  time 65
    0 3.428349 0.353927 -8.987415 -1.664442 0.896541 -1.472527
    1 0.026867 -11.331078 -0.000002 0.550577 -0.243121 0.472603
    2 0.000000 -0.570801 0.000000 0.000000 0.000000 0.000000
    3 -0.527382 0.288004 0.590819 0.188951 -0.596934 -2.554408
    4 2.276719 -0.124224 -0.000001 0.000000 0.000000 0.122071
    5 1.069446 0.056463 0.000000 0.000000 0.000000 0.848230
    6 -1.359660 -2.278871 -0.142105 0.000000 -0.065015 -1.638864
    7 1.730202 -0.000584 0.000001 0.000000 -0.083064 0.005236
    8 1.203226 -0.010942 0.000001 0.000000 -0.218725 0.000000
    9 -0.434435 -2.478479 -0.142105 -0.080747 -0.333191 -1.431378
    10 1.921327 0.004627 0.000003 -0.000096 -1.199109 -6.283089
    11 1.416995 0.008475 0.000000 0.000000 -0.581290 0.020944
    12 0.376671 -2.160851 -0.146011 -0.056105 -0.146120 -1.440615
    13 1.956384 0.057593 0.000000 -0.000001 -1.209640 -0.010473
    14 1.365878 0.003407 0.000000 0.000001 -0.591800 0.005236
    15 1.194772 -1.655615 -0.138199 0.000000 -0.178143 -1.445133
    16 1.674395 0.018204 -0.000001 0.000000 -0.706785 -0.005236
    17 1.089296 -0.001050 -0.000001 0.000000 -0.795983 0.000000
    18 13.078256 -0.435025 -8.497687 -0.618346 -0.358157 -0.173065
    19 -0.295538 -11.160193 0.000002 0.175581 0.120418 -0.155638
    20 0.288574 -4.437500 0.926270 0.080103 -1.549641 -0.151666
    21 -0.000001 2.791016 0.898926 0.000000 0.000000 0.000000
    22 0.000000 -0.088013 2.902344 0.000000 0.000000 0.000000
    23 -0.490966 -4.492466 0.847817 0.720350 1.505167 0.788818
    24 -0.000001 2.900391 1.067383 0.000000 0.000000 0.000000
    25 0.000000 0.268398 2.893472 0.000000 0.000000 0.000000
    26 -0.021851 -0.544922 0.000000 0.000000 0.000000 0.000000
    27 0.581406 0.235277 0.586107 0.297069 -0.493084 -1.048320
    28 2.306785 0.010602 0.000001 0.000000 0.000000 -0.455531
    29 1.238233 -0.010016 -0.000001 0.000000 0.000000 -0.858702
    30 1.420898 -2.330078 -0.171265 0.000000 -0.052360 -1.523672
    31 1.706055 0.018570 0.000000 0.000000 -0.376991 -0.005236
    32 1.170898 -0.007069 0.000000 0.000000 -0.612611 0.010472
    33 0.511719 -2.587891 -0.171265 0.068179 -0.280440 -1.750247
    34 1.837891 0.009178 0.000000 -3.141591 -1.523670 -3.131118
    35 1.438477 0.012917 -0.000001 0.000000 -1.099558 0.005236
    36 -0.363163 -2.261720 -0.168329 0.017968 -0.224442 -1.724665
    37 1.888672 -0.005322 0.000002 0.000002 -1.544617 0.036656
    38 1.365267 -0.010806 0.000002 0.000000 -1.130973 0.010472
    39 -1.191442 -1.692502 -0.168331 0.000000 -0.235619 -1.685988
    40 1.688477 -0.013489 -0.000001 0.000000 -0.753982 0.005229
    41 1.072266 0.022156 -0.000001 0.000000 -1.371829 -0.010472
    42 0.000000 -2.077746 1.571501 0.059983 0.067245 0.011397
    43 0.000000 -3.705933 1.590397 0.000000 0.000000 0.000000
    44 0.000001 -1.273097 2.096640 0.000000 0.000000 0.000000
    45 0.000001 -1.329102 2.134766 0.000000 0.000000 0.000000
    46 0.000000 -2.111626 1.567596 0.000000 0.000000 0.000000
    47 0.000001 -3.744141 1.536133 0.000000 0.000000 0.000000
    48 0.500002 9.999993 0.000002 -1.570796 0.000000 -1.570796
    49 0.500002 9.999993 0.000002 -1.570796 0.000000 -1.570796
    50 0.000000 0.000005 0.000001 -1.570796 0.000000 -1.570796
    51 0.000001 0.000003 -0.500010 -1.570796 0.000000 -1.570796
    52 -0.000001 0.000000 -0.000002 -1.570796 0.000000 0.000000
    53 0.000000 0.000000 0.000000 -1.570797 0.000000 0.000000
    54 0.000001 0.000000 0.000000 -1.570796 0.000000 0.000000
    55 0.000000 0.000000 0.000002 -1.570796 0.000000 0.000000
    56 -0.000003 0.000000 0.000001 -1.570796 0.000000 0.000000
    57 0.000000 0.000000 0.000000 -1.570796 0.000000 0.000000
    58 0.000000 0.000000 -0.000002 -1.570796 0.000000 0.000000
    59 0.000000 0.000000 0.000001 -1.570796 0.000000 0.000000
    60 -0.000003 0.000000 0.000000 -1.570796 0.000000 0.000000
    61 -0.000001 0.000000 0.000000 -1.570796 0.000000 0.000000
    62 0.000000 0.000000 0.000000 -1.570796 0.000001 0.000000
    63 0.000000 0.000000 0.000000 -1.570796 0.000001 0.000000
    64 0.000000 0.000000 0.000001 3.141593 0.000000 0.000000
    65 0.000000 0.000000 0.000000 3.141593 0.000000 0.000000
    66 0.000001 -0.000001 0.000002 3.141592 0.000000 0.000000
    67 0.000000 10.000002 -0.000005 -1.570796 0.000000 -1.570796
    68 0.000000 10.000002 -0.000005 -1.570796 0.000000 -1.570796
    69 0.000000 0.000005 -0.000003 -1.570796 0.000000 -1.570796
    70 -0.000002 0.000006 -0.500010 -1.570796 0.000000 -1.570796
    71 -0.000004 0.000000 -0.000002 -1.570796 0.000000 0.000000
    72 0.000000 0.000000 0.000000 -1.570796 0.000000 0.000000
    73 0.000000 0.000000 0.000000 -1.570796 0.000000 0.000000
    74 -0.000002 0.000000 0.000000 -1.570796 0.000000 0.000000
    75 0.000002 0.000000 0.000000 -1.570796 0.000000 0.000000
    76 0.000006 0.000000 0.000000 -1.570796 0.000000 0.000000
    77 0.000001 0.000000 0.000000 -1.570796 0.000000 0.000000
    78 0.000000 0.000000 0.000000 -1.570796 0.000000 0.000000
    79 0.000003 0.000000 0.000000 -1.570796 0.000000 0.000000
    80 0.000000 0.000000 0.000000 -1.570796 0.000000 0.000000
    81 0.000002 0.000000 -0.000001 -1.570796 0.000000 0.000000
    82 0.000000 0.000000 0.000000 -1.570796 0.000000 0.000000
    83 0.000000 0.000000 -0.000003 0.000000 0.000000 0.000000
    84 0.000000 0.000000 0.000000 0.000000 0.000000 0.000000
    85 0.000000 0.000001 -0.000001 0.000000 0.000000 0.000000
  time 66
    0 3.947896 0.873474 -9.139763 -1.582347 0.903885 -1.489770
    1 0.026867 -11.334984 -0.000002 0.601740 -0.252985 0.473992
    2 0.000000 -0.570801 0.000000 0.000000 0.000000 0.000000
    3 -0.523475 0.288004 0.590819 0.179023 -0.597558 -2.548167
    4 2.276719 -0.124224 -0.000001 0.000000 0.000000 0.127950
    5 1.069446 0.056463 0.000000 0.000000 0.000000 0.848230
    6 -1.355754 -2.286684 -0.142105 0.000000 -0.064378 -1.638864
    7 1.730202 -0.000584 0.000001 0.000000 -0.087072 0.005236
    8 1.203226 -0.010942 0.000001 0.000000 -0.223192 0.000000
    9 -0.426622 -2.486292 -0.142105 -0.080687 -0.331226 -1.431488
    10 1.929139 0.004627 0.000003 -6.282992 -1.210006 -6.282802
    11 1.413089 0.008475 0.000000 0.000000 -0.594730 0.020944
    12 0.376671 -2.160851 -0.149917 -0.056105 -0.147041 -1.440567
    13 1.956384 0.057593 0.000000 -0.000001 -1.216970 -0.010473
    14 1.365878 0.003407 0.000000 0.000001 -0.607617 0.005236
    15 1.194772 -1.659521 -0.138199 0.000000 -0.180386 -1.445133
    16 1.678301 0.018204 -0.000001 0.000000 -0.704404 -0.005236
    17 1.089296 -0.001050 -0.000001 0.000000 -0.811168 0.000000
    18 13.218885 -0.454557 -8.446904 -0.616937 -0.370299 -0.178870
    19 -0.295538 -11.164099 0.000002 0.181337 0.146916 -0.168766
    20 0.288574 -4.437500 0.926270 0.080103 -1.549641 -0.151666
    21 -0.000001 2.791016 0.898926 0.000000 0.000000 0.000000
    22 0.000000 -0.088013 2.902344 0.000000 0.000000 0.000000
    23 -0.490966 -4.488559 0.847817 0.665091 1.508391 0.735594
    24 -0.000001 2.900391 1.067383 0.000000 0.000000 0.000000
    25 0.000000 0.272305 2.889566 0.000000 0.000000 0.000000
    26 -0.021851 -0.544922 0.000000 0.000000 0.000000 0.000000
    27 0.585312 0.235277 0.582201 0.290456 -0.493328 -1.043541
    28 2.306785 0.010602 0.000001 0.000000 0.000000 -0.454521
    29 1.238233 -0.010016 -0.000001 0.000000 0.000000 -0.857290
    30 1.420898 -2.330078 -0.171265 0.000000 -0.052360 -1.523672
    31 1.706055 0.018570 0.000000 0.000000 -0.376991 -0.005236
    32 1.170898 -0.007069 0.000000 0.000000 -0.612611 0.010472
    33 0.511719 -2.587891 -0.171265 0.068179 -0.280440 -1.750247
    34 1.837891 0.009178 0.000000 -3.141591 -1.523670 -3.131118
    35 1.438477 0.012917 -0.000001 0.000000 -1.099558 0.005236
    36 -0.359256 -2.261720 -0.168329 0.017968 -0.224442 -1.724665
    37 1.888672 -0.005322 0.000002 0.000002 -1.544617 0.036656
    38 1.365267 -0.010806 0.000002 0.000000 -1.130973 0.010472
    39 -1.191442 -1.692502 -0.168331 0.000000 -0.235619 -1.685988
    40 1.688477 -0.013489 -0.000001 0.000000 -0.753982 0.005229
    41 1.072266 0.022156 -0.000001 0.000000 -1.371829 -0.010472
    42 0.000000 -2.077746 1.571501 0.060270 0.067593 0.011469
    43 0.000000 -3.705933 1.590397 0.000000 0.000000 0.000000
    44 0.000001 -1.273097 2.096640 0.000000 0.000000 0.000000
    45 0.000001 -1.329102 2.134766 0.000000 0.000000 0.000000
    46 0.000000 -2.107720 1.563690 0.000000 0.000000 0.000000
    47 0.000001 -3.744141 1.536133 0.000000 0.000000 0.000000
    48 0.500002 9.999993 0.000002 -1.570796 0.000000 -1.570796
    49 0.500002 9.999993 0.000002 -1.570796 0.000000 -1.570796
    50 0.000000 0.000005 0.000001 -1.570796 0.000000 -1.570796
    51 0.000001 0.000003 -0.500010 -1.570796 0.000000 -1.570796
    52 -0.000001 0.000000 -0.000002 -1.570796 0.000000 0.000000
    53 0.000000 0.000000 0.000000 -1.570797 0.000000 0.000000
    54 0.000001 0.000000 0.000000 -1.570796 0.000000 0.000000
    55 0.000000 0.000000 0.000002 -1.570796 0.000000 0.000000
    56 -0.000003 0.000000 0.000001 -1.570796 0.000000 0.000000
    57 0.000000 0.000000 0.000000 -1.570796 0.000000 0.000000
    58 0.000000 0.000000 -0.000002 -1.570796 0.000000 0.000000
    59 0.000000 0.000000 0.000001 -1.570796 0.000000 0.000000
    60 -0.000003 0.000000 0.000000 -1.570796 0.000000 0.000000
    61 -0.000001 0.000000 0.000000 -1.570796 0.000000 0.000000
    62 0.000000 0.000000 0.000000 -1.570796 0.000001 0.000000
    63 0.000000 0.000000 0.000000 -1.570796 0.000001 0.000000
    64 0.000000 0.000000 0.000001 3.141593 0.000000 0.000000
    65 0.000000 0.000000 0.000000 3.141593 0.000000 0.000000
    66 0.000001 -0.000001 0.000002 3.141592 0.000000 0.000000
    67 0.000000 10.000002 -0.000005 -1.570796 0.000000 -1.570796
    68 0.000000 10.000002 -0.000005 -1.570796 0.000000 -1.570796
    69 0.000000 0.000005 -0.000003 -1.570796 0.000000 -1.570796
    70 -0.000002 0.000006 -0.500010 -1.570796 0.000000 -1.570796
    71 -0.000004 0.000000 -0.000002 -1.570796 0.000000 0.000000
    72 0.000000 0.000000 0.000000 -1.570796 0.000000 0.000000
    73 0.000000 0.000000 0.000000 -1.570796 0.000000 0.000000
    74 -0.000002 0.000000 0.000000 -1.570796 0.000000 0.000000
    75 0.000002 0.000000 0.000000 -1.570796 0.000000 0.000000
    76 0.000006 0.000000 0.000000 -1.570796 0.000000 0.000000
    77 0.000001 0.000000 0.000000 -1.570796 0.000000 0.000000
    78 0.000000 0.000000 0.000000 -1.570796 0.000000 0.000000
    79 0.000003 0.000000 0.000000 -1.570796 0.000000 0.000000
    80 0.000000 0.000000 0.000000 -1.570796 0.000000 0.000000
    81 0.000002 0.000000 -0.000001 -1.570796 0.000000 0.000000
    82 0.000000 0.000000 0.000000 -1.570796 0.000000 0.000000
    83 0.000000 0.000000 -0.000003 0.000000 0.000000 0.000000
    84 0.000000 0.000000 0.000000 0.000000 0.000000 0.000000
    85 0.000000 0.000001 -0.000001 0.000000 0.000000 0.000000
  time 67
    0 4.326813 1.330519 -9.296018 -1.501211 0.891705 -1.459116
    1 0.026867 -11.331078 -0.000002 0.664958 -0.261389 0.474480
    2 0.000000 -0.570801 0.000000 0.000000 0.000000 0.000000
    3 -0.523475 0.280191 0.586913 0.166867 -0.597662 -2.540087
    4 2.276719 -0.124224 -0.000001 0.000000 0.000000 0.134098
    5 1.069446 0.056463 0.000000 0.000000 0.000000 0.848230
    6 -1.359660 -2.286684 -0.142105 0.000000 -0.063614 -1.638864
    7 1.730202 -0.000584 0.000001 0.000000 -0.091175 0.005236
    8 1.203226 -0.010942 0.000001 0.000000 -0.227825 0.000000
    9 -0.430529 -2.478479 -0.142105 -0.080483 -0.325482 -1.431987
    10 1.925233 0.004627 0.000003 -0.000096 -1.243637 -6.282898
    11 1.413089 0.008475 0.000000 0.000000 -0.636778 0.020944
    12 0.376671 -2.160851 -0.149917 -0.056128 -0.149961 -1.440435
    13 1.952478 0.053687 0.000000 -0.000001 -1.239952 -0.010473
    14 1.369784 0.003407 0.000000 0.000001 -0.657142 0.005236
    15 1.190866 -1.655615 -0.142105 0.000000 -0.187441 -1.445133
    16 1.674395 0.018204 -0.000001 0.000000 -0.696905 -0.005236
    17 1.089296 -0.001050 -0.000001 0.000000 -0.858621 0.000000
    18 13.195447 -0.454557 -8.458623 -0.611489 -0.387464 -0.192727
    19 -0.295538 -11.156286 0.000002 0.190619 0.178947 -0.173386
    20 0.288574 -4.437500 0.926270 0.080103 -1.549641 -0.151666
    21 -0.000001 2.791016 0.898926 0.000000 0.000000 0.000000
    22 0.000000 -0.088013 2.902344 0.000000 0.000000 0.000000
    23 -0.490966 -4.492466 0.847817 0.599737 1.511615 0.672360
    24 -0.000001 2.900391 1.067383 0.000000 0.000000 0.000000
    25 0.000000 0.264492 2.893472 0.000000 0.000000 0.000000
    26 -0.021851 -0.544922 0.000000 0.000000 0.000000 0.000000
    27 0.589218 0.239183 0.582201 0.276861 -0.494281 -1.030225
    28 2.306785 0.010602 0.000001 0.000000 0.000000 -0.445358
    29 1.238233 -0.010016 -0.000001 0.000000 0.000000 -0.854190
    30 1.420898 -2.330078 -0.171265 0.000000 -0.052360 -1.523672
    31 1.706055 0.018570 0.000000 0.000000 -0.376991 -0.005236
    32 1.170898 -0.007069 0.000000 0.000000 -0.612611 0.010472
    33 0.511719 -2.587891 -0.171265 0.068179 -0.280440 -1.750247
    34 1.837891 0.009178 0.000000 -3.141591 -1.523670 -3.131118
    35 1.438477 0.012917 -0.000001 0.000000 -1.099558 0.005236
    36 -0.359256 -2.261720 -0.168329 0.017968 -0.224442 -1.724665
    37 1.888672 -0.005322 0.000002 0.000002 -1.544617 0.036656
    38 1.369174 -0.010806 0.000002 0.000000 -1.130973 0.010472
    39 -1.191442 -1.688595 -0.168331 0.000000 -0.235619 -1.685988
    40 1.688477 -0.013489 -0.000001 0.000000 -0.753982 0.005229
    41 1.072266 0.022156 -0.000001 0.000000 -1.371829 -0.010472
    42 0.000000 -2.077746 1.571501 0.060546 0.067917 0.011553
    43 0.000000 -3.705933 1.590397 0.000000 0.000000 0.000000
    44 0.000001 -1.273097 2.096640 0.000000 0.000000 0.000000
    45 0.000001 -1.329102 2.134766 0.000000 0.000000 0.000000
    46 0.000000 -2.115532 1.571503 0.000000 0.000000 0.000000
    47 0.000001 -3.744141 1.536133 0.000000 0.000000 0.000000
    48 0.500002 9.999993 0.000002 -1.570796 0.000000 -1.570796
    49 0.500002 9.999993 0.000002 -1.570796 0.000000 -1.570796
    50 0.000000 0.000005 0.000001 -1.570796 0.000000 -1.570796
    51 0.000001 0.000003 -0.500010 -1.570796 0.000000 -1.570796
    52 -0.000001 0.000000 -0.000002 -1.570796 0.000000 0.000000
    53 0.000000 0.000000 0.000000 -1.570797 0.000000 0.000000
    54 0.000001 0.000000 0.000000 -1.570796 0.000000 0.000000
    55 0.000000 0.000000 0.000002 -1.570796 0.000000 0.000000
    56 -0.000003 0.000000 0.000001 -1.570796 0.000000 0.000000
    57 0.000000 0.000000 0.000000 -1.570796 0.000000 0.000000
    58 0.000000 0.000000 -0.000002 -1.570796 0.000000 0.000000
    59 0.000000 0.000000 0.000001 -1.570796 0.000000 0.000000
    60 -0.000003 0.000000 0.000000 -1.570796 0.000000 0.000000
    61 -0.000001 0.000000 0.000000 -1.570796 0.000000 0.000000
    62 0.000000 0.000000 0.000000 -1.570796 0.000001 0.000000
    63 0.000000 0.000000 0.000000 -1.570796 0.000001 0.000000
    64 0.000000 0.000000 0.000001 3.141593 0.000000 0.000000
    65 0.000000 0.000000 0.000000 3.141593 0.000000 0.000000
    66 0.000001 -0.000001 0.000002 3.141592 0.000000 0.000000
    67 0.000000 10.000002 -0.000005 -1.570796 0.000000 -1.570796
    68 0.000000 10.000002 -0.000005 -1.570796 0.000000 -1.570796
    69 0.000000 0.000005 -0.000003 -1.570796 0.000000 -1.570796
    70 -0.000002 0.000006 -0.500010 -1.570796 0.000000 -1.570796
    71 -0.000004 0.000000 -0.000002 -1.570796 0.000000 0.000000
    72 0.000000 0.000000 0.000000 -1.570796 0.000000 0.000000
    73 0.000000 0.000000 0.000000 -1.570796 0.000000 0.000000
    74 -0.000002 0.000000 0.000000 -1.570796 0.000000 0.000000
    75 0.000002 0.000000 0.000000 -1.570796 0.000000 0.000000
    76 0.000006 0.000000 0.000000 -1.570796 0.000000 0.000000
    77 0.000001 0.000000 0.000000 -1.570796 0.000000 0.000000
    78 0.000000 0.000000 0.000000 -1.570796 0.000000 0.000000
    79 0.000003 0.000000 0.000000 -1.570796 0.000000 0.000000
    80 0.000000 0.000000 0.000000 -1.570796 0.000000 0.000000
    81 0.000002 0.000000 -0.000001 -1.570796 0.000000 0.000000
    82 0.000000 0.000000 0.000000 -1.570796 0.000000 0.000000
    83 0.000000 0.000000 -0.000003 0.000000 0.000000 0.000000
    84 0.000000 0.000000 0.000000 0.000000 0.000000 0.000000
    85 0.000000 0.000001 -0.000001 0.000000 0.000000 0.000000
  time 68
    0 4.385409 1.537557 -9.405396 -1.476431 0.879883 -1.433252
    1 0.026867 -11.331078 -0.000002 0.724701 -0.260012 0.473692
    2 0.000000 -0.570801 0.000000 0.000000 0.000000 0.000000
    3 -0.519569 0.288004 0.586913 0.152379 -0.597231 -2.530266
    4 2.268907 -0.124224 -0.000001 0.000000 0.000000 0.140414
    5 1.069446 0.056463 0.000000 0.000000 0.000000 0.848230
    6 -1.355754 -2.286684 -0.146012 0.000000 -0.062977 -1.638864
    7 1.734108 -0.000584 0.000001 0.000000 -0.095293 0.005236
    8 1.203226 -0.010942 0.000001 0.000000 -0.232486 0.000000
    9 -0.426622 -2.478479 -0.146012 -0.080255 -0.317471 -1.432681
    10 1.921327 0.004627 0.000003 -0.000192 -1.290101 -6.283089
    11 1.413089 0.008475 0.000000 0.000000 -0.694643 0.020944
    12 0.384484 -2.160851 -0.149917 -0.056164 -0.153962 -1.440183
    13 1.952478 0.057593 0.000000 -0.000001 -1.271366 -0.010473
    14 1.365878 0.003407 0.000000 0.000001 -0.725336 0.005236
    15 1.194772 -1.655615 -0.146012 0.000000 -0.197173 -1.445133
    16 1.674395 0.018204 -0.000001 0.000000 -0.686587 -0.005236
    17 1.089296 -0.001050 -0.000001 0.000000 -0.923936 0.000000
    18 13.078256 -0.442838 -8.497687 -0.604726 -0.406111 -0.209299
    19 -0.295538 -11.160193 0.000002 0.199397 0.199937 -0.164449
    20 0.288574 -4.437500 0.926270 0.080103 -1.549641 -0.151666
    21 -0.000001 2.791016 0.898926 0.000000 0.000000 0.000000
    22 0.000000 -0.088013 2.902344 0.000000 0.000000 0.000000
    23 -0.490966 -4.488559 0.836098 0.522214 1.514743 0.596890
    24 -0.000001 2.900391 1.067383 0.000000 0.000000 0.000000
    25 0.000000 0.272305 2.897379 0.000000 0.000000 0.000000
    26 -0.021851 -0.544922 0.000000 0.000000 0.000000 0.000000
    27 0.581406 0.239183 0.578294 0.265604 -0.495441 -1.015196
    28 2.306785 0.010602 0.000001 0.000000 0.000000 -0.428009
    29 1.234327 -0.010016 -0.000001 0.000000 0.000000 -0.850384
    30 1.420898 -2.330078 -0.171265 0.000000 -0.052360 -1.523672
    31 1.706055 0.018570 0.000000 0.000000 -0.376991 -0.005236
    32 1.170898 -0.007069 0.000000 0.000000 -0.612611 0.010472
    33 0.511719 -2.587891 -0.171265 0.068179 -0.280440 -1.750247
    34 1.837891 0.009178 0.000000 -3.141591 -1.523670 -3.131118
    35 1.438477 0.012917 -0.000001 0.000000 -1.099558 0.005236
    36 -0.363163 -2.261720 -0.168329 0.017968 -0.224442 -1.724665
    37 1.888672 -0.005322 0.000002 0.000002 -1.544617 0.036656
    38 1.369174 -0.010806 0.000002 0.000000 -1.130973 0.010472
    39 -1.191442 -1.688595 -0.168331 0.000000 -0.235619 -1.685988
    40 1.688477 -0.013489 -0.000001 0.000000 -0.753982 0.005229
    41 1.072266 0.022156 -0.000001 0.000000 -1.371829 -0.010472
    42 0.000000 -2.073839 1.571501 0.060786 0.068072 0.011613
    43 0.000000 -3.705933 1.590397 0.000000 0.000000 0.000000
    44 0.000001 -1.273097 2.096640 0.000000 0.000000 0.000000
    45 0.000001 -1.329102 2.134766 0.000000 0.000000 0.000000
    46 0.000000 -2.115532 1.567596 0.000000 0.000000 0.000000
    47 0.000001 -3.744141 1.536133 0.000000 0.000000 0.000000
    48 0.500002 9.999993 0.000002 -1.570796 0.000000 -1.570796
    49 0.500002 9.999993 0.000002 -1.570796 0.000000 -1.570796
    50 0.000000 0.000005 0.000001 -1.570796 0.000000 -1.570796
    51 0.000001 0.000003 -0.500010 -1.570796 0.000000 -1.570796
    52 -0.000001 0.000000 -0.000002 -1.570796 0.000000 0.000000
    53 0.000000 0.000000 0.000000 -1.570797 0.000000 0.000000
    54 0.000001 0.000000 0.000000 -1.570796 0.000000 0.000000
    55 0.000000 0.000000 0.000002 -1.570796 0.000000 0.000000
    56 -0.000003 0.000000 0.000001 -1.570796 0.000000 0.000000
    57 0.000000 0.000000 0.000000 -1.570796 0.000000 0.000000
    58 0.000000 0.000000 -0.000002 -1.570796 0.000000 0.000000
    59 0.000000 0.000000 0.000001 -1.570796 0.000000 0.000000
    60 -0.000003 0.000000 0.000000 -1.570796 0.000000 0.000000
    61 -0.000001 0.000000 0.000000 -1.570796 0.000000 0.000000
    62 0.000000 0.000000 0.000000 -1.570796 0.000001 0.000000
    63 0.000000 0.000000 0.000000 -1.570796 0.000001 0.000000
    64 0.000000 0.000000 0.000001 3.141593 0.000000 0.000000
    65 0.000000 0.000000 0.000000 3.141593 0.000000 0.000000
    66 0.000001 -0.000001 0.000002 3.141592 0.000000 0.000000
    67 0.000000 10.000002 -0.000005 -1.570796 0.000000 -1.570796
    68 0.000000 10.000002 -0.000005 -1.570796 0.000000 -1.570796
    69 0.000000 0.000005 -0.000003 -1.570796 0.000000 -1.570796
    70 -0.000002 0.000006 -0.500010 -1.570796 0.000000 -1.570796
    71 -0.000004 0.000000 -0.000002 -1.570796 0.000000 0.000000
    72 0.000000 0.000000 0.000000 -1.570796 0.000000 0.000000
    73 0.000000 0.000000 0.000000 -1.570796 0.000000 0.000000
    74 -0.000002 0.000000 0.000000 -1.570796 0.000000 0.000000
    75 0.000002 0.000000 0.000000 -1.570796 0.000000 0.000000
    76 0.000006 0.000000 0.000000 -1.570796 0.000000 0.000000
    77 0.000001 0.000000 0.000000 -1.570796 0.000000 0.000000
    78 0.000000 0.000000 0.000000 -1.570796 0.000000 0.000000
    79 0.000003 0.000000 0.000000 -1.570796 0.000000 0.000000
    80 0.000000 0.000000 0.000000 -1.570796 0.000000 0.000000
    81 0.000002 0.000000 -0.000001 -1.570796 0.000000 0.000000
    82 0.000000 0.000000 0.000000 -1.570796 0.000000 0.000000
    83 0.000000 0.000000 -0.000003 0.000000 0.000000 0.000000
    84 0.000000 0.000000 0.000000 0.000000 0.000000 0.000000
    85 0.000000 0.000001 -0.000001 0.000000 0.000000 0.000000
  time 69
    0 4.182278 1.615684 -9.514774 -1.423353 0.848358 -1.375202
    1 0.026867 -11.331078 -0.000002 0.764979 -0.239952 0.472040
    2 0.000000 -0.570801 0.000000 0.000000 0.000000 0.000000
    3 -0.523475 0.288004 0.586913 0.135438 -0.596057 -2.518540
    4 2.268907 -0.124224 -0.000001 0.000000 0.000000 0.146965
    5 1.069446 0.056463 0.000000 0.000000 0.000000 0.848230
    6 -1.355754 -2.278871 -0.142105 0.000000 -0.062340 -1.638864
    7 1.726295 -0.000584 0.000001 0.000000 -0.099458 0.005236
    8 1.199319 -0.010942 0.000001 0.000000 -0.237258 0.000000
    9 -0.430529 -2.478479 -0.142105 -0.080076 -0.308049 -1.433485
    10 1.925233 0.004627 0.000003 -6.282992 -1.345083 -6.282993
    11 1.416995 0.008475 0.000000 0.000000 -0.763269 0.020944
    12 0.376671 -2.160851 -0.149917 -0.056200 -0.158723 -1.439872
    13 1.952478 0.057593 0.000000 -0.000001 -1.308843 -0.010473
    14 1.358065 0.003407 0.000000 0.000001 -0.806148 0.005236
    15 1.194772 -1.655615 -0.138199 0.000000 -0.208678 -1.445133
    16 1.670489 0.018204 -0.000001 0.000000 -0.674326 -0.005236
    17 1.089296 -0.001050 -0.000001 0.000000 -1.001370 0.000000
    18 12.941533 -0.423306 -8.548470 -0.599184 -0.422734 -0.222594
    19 -0.295538 -11.160193 0.000002 0.205297 0.209018 -0.148140
    20 0.288574 -4.437500 0.926270 0.080103 -1.549641 -0.151666
    21 -0.000001 2.791016 0.898926 0.000000 0.000000 0.000000
    22 0.000000 -0.088013 2.902344 0.000000 0.000000 0.000000
    23 -0.490966 -4.492466 0.843910 0.430357 1.517607 0.507516
    24 -0.000001 2.900391 1.067383 0.000000 0.000000 0.000000
    25 0.000000 0.272305 2.897379 0.000000 0.000000 0.000000
    26 -0.021851 -0.544922 0.000000 0.000000 0.000000 0.000000
    27 0.581406 0.235277 0.578294 0.256515 -0.496600 -0.999145
    28 2.306785 0.010602 0.000001 0.000000 0.000000 -0.404371
    29 1.238233 -0.010016 -0.000001 0.000000 0.000000 -0.844982
    30 1.420898 -2.330078 -0.171265 0.000000 -0.052360 -1.523672
    31 1.706055 0.018570 0.000000 0.000000 -0.376991 -0.005236
    32 1.170898 -0.007069 0.000000 0.000000 -0.612611 0.010472
    33 0.511719 -2.587891 -0.171265 0.068179 -0.280440 -1.750247
    34 1.837891 0.009178 0.000000 -3.141591 -1.523670 -3.131118
    35 1.438477 0.012917 -0.000001 0.000000 -1.099558 0.005236
    36 -0.363163 -2.265626 -0.168329 0.017968 -0.224442 -1.724665
    37 1.888672 -0.005322 0.000002 0.000002 -1.544617 0.036656
    38 1.365267 -0.010806 0.000002 0.000000 -1.130973 0.010472
    39 -1.191442 -1.692502 -0.168331 0.000000 -0.235619 -1.685988
    40 1.688477 -0.013489 -0.000001 0.000000 -0.753982 0.005229
    41 1.072266 0.022156 -0.000001 0.000000 -1.371829 -0.010472
    42 0.000000 -2.077746 1.571501 0.060882 0.068180 0.011637
    43 0.000000 -3.705933 1.590397 0.000000 0.000000 0.000000
    44 0.000001 -1.273097 2.096640 0.000000 0.000000 0.000000
    45 0.000001 -1.329102 2.134766 0.000000 0.000000 0.000000
    46 0.000000 -2.107720 1.567596 0.000000 0.000000 0.000000
    47 0.000001 -3.744141 1.536133 0.000000 0.000000 0.000000
    48 0.500002 9.999993 0.000002 -1.570796 0.000000 -1.570796
    49 0.500002 9.999993 0.000002 -1.570796 0.000000 -1.570796
    50 0.000000 0.000005 0.000001 -1.570796 0.000000 -1.570796
    51 0.000001 0.000003 -0.500010 -1.570796 0.000000 -1.570796
    52 -0.000001 0.000000 -0.000002 -1.570796 0.000000 0.000000
    53 0.000000 0.000000 0.000000 -1.570797 0.000000 0.000000
    54 0.000001 0.000000 0.000000 -1.570796 0.000000 0.000000
    55 0.000000 0.000000 0.000002 -1.570796 0.000000 0.000000
    56 -0.000003 0.000000 0.000001 -1.570796 0.000000 0.000000
    57 0.000000 0.000000 0.000000 -1.570796 0.000000 0.000000
    58 0.000000 0.000000 -0.000002 -1.570796 0.000000 0.000000
    59 0.000000 0.000000 0.000001 -1.570796 0.000000 0.000000
    60 -0.000003 0.000000 0.000000 -1.570796 0.000000 0.000000
    61 -0.000001 0.000000 0.000000 -1.570796 0.000000 0.000000
    62 0.000000 0.000000 0.000000 -1.570796 0.000001 0.000000
    63 0.000000 0.000000 0.000000 -1.570796 0.000001 0.000000
    64 0.000000 0.000000 0.000001 3.141593 0.000000 0.000000
    65 0.000000 0.000000 0.000000 3.141593 0.000000 0.000000
    66 0.000001 -0.000001 0.000002 3.141592 0.000000 0.000000
    67 0.000000 10.000002 -0.000005 -1.570796 0.000000 -1.570796
    68 0.000000 10.000002 -0.000005 -1.570796 0.000000 -1.570796
    69 0.000000 0.000005 -0.000003 -1.570796 0.000000 -1.570796
    70 -0.000002 0.000006 -0.500010 -1.570796 0.000000 -1.570796
    71 -0.000004 0.000000 -0.000002 -1.570796 0.000000 0.000000
    72 0.000000 0.000000 0.000000 -1.570796 0.000000 0.000000
    73 0.000000 0.000000 0.000000 -1.570796 0.000000 0.000000
    74 -0.000002 0.000000 0.000000 -1.570796 0.000000 0.000000
    75 0.000002 0.000000 0.000000 -1.570796 0.000000 0.000000
    76 0.000006 0.000000 0.000000 -1.570796 0.000000 0.000000
    77 0.000001 0.000000 0.000000 -1.570796 0.000000 0.000000
    78 0.000000 0.000000 0.000000 -1.570796 0.000000 0.000000
    79 0.000003 0.000000 0.000000 -1.570796 0.000000 0.000000
    80 0.000000 0.000000 0.000000 -1.570796 0.000000 0.000000
    81 0.000002 0.000000 -0.000001 -1.570796 0.000000 0.000000
    82 0.000000 0.000000 0.000000 -1.570796 0.000000 0.000000
    83 0.000000 0.000000 -0.000003 0.000000 0.000000 0.000000
    84 0.000000 0.000000 0.000000 0.000000 0.000000 0.000000
    85 0.000000 0.000001 -0.000001 0.000000 0.000000 0.000000
  time 70
    0 3.756484 1.592246 -9.659310 -1.380507 0.814594 -1.324624
    1 0.026867 -11.331078 -0.000002 0.769198 -0.207714 0.452858
    2 0.000000 -0.570801 0.000000 0.000000 0.000000 0.000000
    3 -0.523475 0.288004 0.586913 0.115978 -0.594066 -2.504876
    4 2.276719 -0.124224 -0.000001 0.000000 0.000000 0.153583
    5 1.069446 0.056463 0.000000 0.000000 0.000000 0.848230
    6 -1.355754 -2.282777 -0.142105 0.000000 -0.061703 -1.638864
    7 1.726295 -0.000584 0.000001 0.000000 -0.103701 0.005236
    8 1.199319 -0.010942 0.000001 0.000000 -0.242030 0.000000
    9 -0.426622 -2.478479 -0.142105 -0.079812 -0.297670 -1.434386
    10 1.921327 0.004627 0.000003 -6.282992 -1.404601 -6.283089
    11 1.416995 0.008475 0.000000 0.000000 -0.837383 0.020944
    12 0.384484 -2.160851 -0.146011 -0.056248 -0.163844 -1.439644
    13 1.952478 0.057593 0.000000 -0.000001 -1.349075 -0.010473
    14 1.361971 0.003407 0.000000 0.000001 -0.893487 0.005236
    15 1.194772 -1.655615 -0.146012 0.000000 -0.221196 -1.445133
    16 1.674395 0.018204 -0.000001 0.000000 -0.661162 -0.005236
    17 1.085390 -0.001050 -0.000001 0.000000 -1.085033 0.000000
    18 12.871218 -0.411587 -8.575814 -0.596178 -0.423818 -0.230646
    19 -0.295538 -11.160193 0.000002 0.205728 0.205842 -0.130594
    20 0.288574 -4.437500 0.926270 0.080103 -1.549641 -0.151666
    21 -0.000001 2.791016 0.898926 0.000000 0.000000 0.000000
    22 0.000000 -0.088013 2.902344 0.000000 0.000000 0.000000
    23 -0.490966 -4.492466 0.840004 0.381048 1.518829 0.459354
    24 -0.000001 2.900391 1.067383 0.000000 0.000000 0.000000
    25 0.000000 0.268398 2.893472 0.000000 0.000000 0.000000
    26 -0.021851 -0.544922 0.000000 0.000000 0.000000 0.000000
    27 0.581406 0.235277 0.586107 0.249164 -0.497656 -0.982643
    28 2.306785 0.010602 0.000001 0.000000 0.000000 -0.376228
    29 1.238233 -0.010016 -0.000001 0.000000 0.000000 -0.836603
    30 1.420898 -2.330078 -0.171265 0.000000 -0.052360 -1.523672
    31 1.706055 0.018570 0.000000 0.000000 -0.376991 -0.005236
    32 1.170898 -0.007069 0.000000 0.000000 -0.612611 0.010472
    33 0.511719 -2.587891 -0.171265 0.068179 -0.280440 -1.750247
    34 1.837891 0.009178 0.000000 -3.141591 -1.523670 -3.131118
    35 1.438477 0.012917 -0.000001 0.000000 -1.099558 0.005236
    36 -0.359256 -2.265626 -0.168329 0.017968 -0.224442 -1.724665
    37 1.888672 -0.005322 0.000002 0.000002 -1.544617 0.036656
    38 1.369174 -0.010806 0.000002 0.000000 -1.130973 0.010472
    39 -1.191442 -1.692502 -0.168331 0.000000 -0.235619 -1.685988
    40 1.688477 -0.013489 -0.000001 0.000000 -0.753982 0.005229
    41 1.072266 0.022156 -0.000001 0.000000 -1.371829 -0.010472
    42 0.000000 -2.077746 1.567595 0.060906 0.068204 0.011649
    43 0.000000 -3.705933 1.590397 0.000000 0.000000 0.000000
    44 0.000001 -1.273097 2.096640 0.000000 0.000000 0.000000
    45 0.000001 -1.329102 2.134766 0.000000 0.000000 0.000000
    46 0.000000 -2.107720 1.571503 0.000000 0.000000 0.000000
    47 0.000001 -3.744141 1.536133 0.000000 0.000000 0.000000
    48 0.500002 9.999993 0.000002 -1.570796 0.000000 -1.570796
    49 0.500002 9.999993 0.000002 -1.570796 0.000000 -1.570796
    50 0.000000 0.000005 0.000001 -1.570796 0.000000 -1.570796
    51 0.000001 0.000003 -0.500010 -1.570796 0.000000 -1.570796
    52 -0.000001 0.000000 -0.000002 -1.570796 0.000000 0.000000
    53 0.000000 0.000000 0.000000 -1.570797 0.000000 0.000000
    54 0.000001 0.000000 0.000000 -1.570796 0.000000 0.000000
    55 0.000000 0.000000 0.000002 -1.570796 0.000000 0.000000
    56 -0.000003 0.000000 0.000001 -1.570796 0.000000 0.000000
    57 0.000000 0.000000 0.000000 -1.570796 0.000000 0.000000
    58 0.000000 0.000000 -0.000002 -1.570796 0.000000 0.000000
    59 0.000000 0.000000 0.000001 -1.570796 0.000000 0.000000
    60 -0.000003 0.000000 0.000000 -1.570796 0.000000 0.000000
    61 -0.000001 0.000000 0.000000 -1.570796 0.000000 0.000000
    62 0.000000 0.000000 0.000000 -1.570796 0.000001 0.000000
    63 0.000000 0.000000 0.000000 -1.570796 0.000001 0.000000
    64 0.000000 0.000000 0.000001 3.141593 0.000000 0.000000
    65 0.000000 0.000000 0.000000 3.141593 0.000000 0.000000
    66 0.000001 -0.000001 0.000002 3.141592 0.000000 0.000000
    67 0.000000 10.000002 -0.000005 -1.570796 0.000000 -1.570796
    68 0.000000 10.000002 -0.000005 -1.570796 0.000000 -1.570796
    69 0.000000 0.000005 -0.000003 -1.570796 0.000000 -1.570796
    70 -0.000002 0.000006 -0.500010 -1.570796 0.000000 -1.570796
    71 -0.000004 0.000000 -0.000002 -1.570796 0.000000 0.000000
    72 0.000000 0.000000 0.000000 -1.570796 0.000000 0.000000
    73 0.000000 0.000000 0.000000 -1.570796 0.000000 0.000000
    74 -0.000002 0.000000 0.000000 -1.570796 0.000000 0.000000
    75 0.000002 0.000000 0.000000 -1.570796 0.000000 0.000000
    76 0.000006 0.000000 0.000000 -1.570796 0.000000 0.000000
    77 0.000001 0.000000 0.000000 -1.570796 0.000000 0.000000
    78 0.000000 0.000000 0.000000 -1.570796 0.000000 0.000000
    79 0.000003 0.000000 0.000000 -1.570796 0.000000 0.000000
    80 0.000000 0.000000 0.000000 -1.570796 0.000000 0.000000
    81 0.000002 0.000000 -0.000001 -1.570796 0.000000 0.000000
    82 0.000000 0.000000 0.000000 -1.570796 0.000000 0.000000
    83 0.000000 0.000000 -0.000003 0.000000 0.000000 0.000000
    84 0.000000 0.000000 0.000000 0.000000 0.000000 0.000000
    85 0.000000 0.000001 -0.000001 0.000000 0.000000 0.000000
  time 71
    0 3.135371 1.478961 -9.796033 -1.348133 0.780785 -1.280846
    1 0.026867 -11.331078 -0.000002 0.730303 -0.156822 0.424666
    2 0.000000 -0.570801 0.000000 0.000000 0.000000 0.000000
    3 -0.519569 0.288004 0.590819 0.093928 -0.591124 -2.489175
    4 2.276719 -0.120318 -0.000001 0.000000 0.000000 0.160470
    5 1.069446 0.056463 0.000000 0.000000 0.000000 0.848230
    6 -1.355754 -2.278871 -0.142105 0.000000 -0.060981 -1.638864
    7 1.730202 -0.000584 0.000001 0.000000 -0.108023 0.005236
    8 1.203226 -0.010942 0.000001 0.000000 -0.246913 0.000000
    9 -0.426622 -2.478479 -0.142105 -0.079500 -0.287442 -1.435190
    10 1.929139 0.004627 0.000003 -6.283088 -1.464285 -6.282993
    11 1.413089 0.008475 0.000000 0.000000 -0.911843 0.020944
    12 0.376671 -2.160851 -0.138198 -0.056296 -0.169005 -1.439296
    13 1.956384 0.053687 0.000000 -0.000001 -1.389638 -0.010473
    14 1.365878 0.003407 0.000000 0.000001 -0.981257 0.005236
    15 1.194772 -1.655615 -0.138199 0.000000 -0.233750 -1.445133
    16 1.674395 0.018204 -0.000001 0.000000 -0.647861 -0.005236
    17 1.089296 -0.001050 -0.000001 0.000000 -1.169183 0.000000
    18 12.863405 -0.411587 -8.575814 -0.593736 -0.409652 -0.237855
    19 -0.303351 -11.160193 0.000002 0.198246 0.190087 -0.117996
    20 0.288574 -4.437500 0.926270 0.080103 -1.549641 -0.151666
    21 -0.000001 2.791016 0.898926 0.000000 0.000000 0.000000
    22 0.000000 -0.088013 2.902344 0.000000 0.000000 0.000000
    23 -0.490966 -4.492466 0.847817 0.194992 1.522209 0.277381
    24 -0.000001 2.900391 1.067383 0.000000 0.000000 0.000000
    25 0.000000 0.268398 2.893472 0.000000 0.000000 0.000000
    26 -0.021851 -0.544922 0.000000 0.000000 0.000000 0.000000
    27 0.581406 0.239183 0.590013 0.243197 -0.498312 -0.966532
    28 2.306785 0.010602 0.000001 0.000000 0.000000 -0.345368
    29 1.234327 -0.010016 -0.000001 0.000000 0.000000 -0.824295
    30 1.420898 -2.330078 -0.171265 0.000000 -0.052360 -1.523672
    31 1.706055 0.018570 0.000000 0.000000 -0.376991 -0.005236
    32 1.170898 -0.007069 0.000000 0.000000 -0.612611 0.010472
    33 0.511719 -2.587891 -0.171265 0.068179 -0.280440 -1.750247
    34 1.837891 0.009178 0.000000 -3.141591 -1.523670 -3.131118
    35 1.438477 0.012917 -0.000001 0.000000 -1.099558 0.005236
    36 -0.359256 -2.261720 -0.168329 0.017968 -0.224442 -1.724665
    37 1.888672 -0.005322 0.000002 0.000002 -1.544617 0.036656
    38 1.369174 -0.010806 0.000002 0.000000 -1.130973 0.010472
    39 -1.191442 -1.692502 -0.168331 0.000000 -0.235619 -1.685988
    40 1.688477 -0.013489 -0.000001 0.000000 -0.753982 0.005229
    41 1.072266 0.022156 -0.000001 0.000000 -1.371829 -0.010472
    42 0.000000 -2.077746 1.571501 0.060834 0.068120 0.011613
    43 0.000000 -3.705933 1.590397 0.000000 0.000000 0.000000
    44 0.000001 -1.273097 2.096640 0.000000 0.000000 0.000000
    45 0.000001 -1.329102 2.134766 0.000000 0.000000 0.000000
    46 0.000000 -2.111626 1.567596 0.000000 0.000000 0.000000
    47 0.000001 -3.744141 1.536133 0.000000 0.000000 0.000000
    48 0.500002 9.999993 0.000002 -1.570796 0.000000 -1.570796
    49 0.500002 9.999993 0.000002 -1.570796 0.000000 -1.570796
    50 0.000000 0.000005 0.000001 -1.570796 0.000000 -1.570796
    51 0.000001 0.000003 -0.500010 -1.570796 0.000000 -1.570796
    52 -0.000001 0.000000 -0.000002 -1.570796 0.000000 0.000000
    53 0.000000 0.000000 0.000000 -1.570797 0.000000 0.000000
    54 0.000001 0.000000 0.000000 -1.570796 0.000000 0.000000
    55 0.000000 0.000000 0.000002 -1.570796 0.000000 0.000000
    56 -0.000003 0.000000 0.000001 -1.570796 0.000000 0.000000
    57 0.000000 0.000000 0.000000 -1.570796 0.000000 0.000000
    58 0.000000 0.000000 -0.000002 -1.570796 0.000000 0.000000
    59 0.000000 0.000000 0.000001 -1.570796 0.000000 0.000000
    60 -0.000003 0.000000 0.000000 -1.570796 0.000000 0.000000
    61 -0.000001 0.000000 0.000000 -1.570796 0.000000 0.000000
    62 0.000000 0.000000 0.000000 -1.570796 0.000001 0.000000
    63 0.000000 0.000000 0.000000 -1.570796 0.000001 0.000000
    64 0.000000 0.000000 0.000001 3.141593 0.000000 0.000000
    65 0.000000 0.000000 0.000000 3.141593 0.000000 0.000000
    66 0.000001 -0.000001 0.000002 3.141592 0.000000 0.000000
    67 0.000000 10.000002 -0.000005 -1.570796 0.000000 -1.570796
    68 0.000000 10.000002 -0.000005 -1.570796 0.000000 -1.570796
    69 0.000000 0.000005 -0.000003 -1.570796 0.000000 -1.570796
    70 -0.000002 0.000006 -0.500010 -1.570796 0.000000 -1.570796
    71 -0.000004 0.000000 -0.000002 -1.570796 0.000000 0.000000
    72 0.000000 0.000000 0.000000 -1.570796 0.000000 0.000000
    73 0.000000 0.000000 0.000000 -1.570796 0.000000 0.000000
    74 -0.000002 0.000000 0.000000 -1.570796 0.000000 0.000000
    75 0.000002 0.000000 0.000000 -1.570796 0.000000 0.000000
    76 0.000006 0.000000 0.000000 -1.570796 0.000000 0.000000
    77 0.000001 0.000000 0.000000 -1.570796 0.000000 0.000000
    78 0.000000 0.000000 0.000000 -1.570796 0.000000 0.000000
    79 0.000003 0.000000 0.000000 -1.570796 0.000000 0.000000
    80 0.000000 0.000000 0.000000 -1.570796 0.000000 0.000000
    81 0.000002 0.000000 -0.000001 -1.570796 0.000000 0.000000
    82 0.000000 0.000000 0.000000 -1.570796 0.000000 0.000000
    83 0.000000 0.000000 -0.000003 0.000000 0.000000 0.000000
    84 0.000000 0.000000 0.000000 0.000000 0.000000 0.000000
    85 0.000000 0.000001 -0.000001 0.000000 0.000000 0.000000
  time 72
    0 2.373629 1.299268 -9.952288 -1.323432 0.747469 -1.242529
    1 0.026867 -11.331078 -0.000002 0.649818 -0.088791 0.454322
    2 0.000000 -0.570801 0.000000 0.000000 0.000000 0.000000
    3 -0.519569 0.280191 0.586913 0.069220 -0.587038 -2.471340
    4 2.268907 -0.120318 -0.000001 0.000000 0.000000 0.167626
    5 1.069446 0.056463 0.000000 0.000000 0.000000 0.848230
    6 -1.355754 -2.286684 -0.142105 0.000000 -0.060259 -1.638864
    7 1.730202 -0.000584 0.000001 0.000000 -0.112345 0.005236
    8 1.195413 -0.010942 0.000001 0.000000 -0.251907 0.000000
    9 -0.422716 -2.478479 -0.142105 -0.079345 -0.277768 -1.435994
    10 1.925233 0.004627 0.000003 -6.282896 -1.519987 -0.000288
    11 1.416995 0.008475 0.000000 0.000000 -0.981550 0.020944
    12 0.384484 -2.160851 -0.146011 -0.056344 -0.173846 -1.439045
    13 1.956384 0.053687 0.000000 -0.000001 -1.427666 -0.010473
    14 1.365878 0.003407 0.000000 0.000001 -1.063366 0.005236
    15 1.194772 -1.659521 -0.138199 0.000000 -0.245472 -1.445133
    16 1.674395 0.018204 -0.000001 0.000000 -0.635436 -0.005236
    17 1.089296 -0.001050 -0.000001 0.000000 -1.247785 0.000000
    18 12.867312 -0.411587 -8.575814 -0.594393 -0.401160 -0.236919
    19 -0.303351 -11.160193 0.000002 0.180330 0.161232 -0.116027
    20 0.288574 -4.437500 0.926270 0.080103 -1.549641 -0.151666
    21 -0.000001 2.791016 0.898926 0.000000 0.000000 0.000000
    22 0.000000 -0.088013 2.902344 0.000000 0.000000 0.000000
    23 -0.490966 -4.492466 0.840004 -0.102122 1.523743 -0.014266
    24 -0.000001 2.900391 1.067383 0.000000 0.000000 0.000000
    25 0.000000 0.272305 2.893472 0.000000 0.000000 0.000000
    26 -0.021851 -0.544922 0.000000 0.000000 0.000000 0.000000
    27 0.581406 0.239183 0.586107 0.238214 -0.498622 -0.951082
    28 2.306785 0.010602 0.000001 0.000000 0.000000 -0.313607
    29 1.234327 -0.010016 -0.000001 0.000000 0.000000 -0.806739
    30 1.420898 -2.330078 -0.171265 0.000000 -0.052360 -1.523672
    31 1.706055 0.018570 0.000000 0.000000 -0.376991 -0.005236
    32 1.170898 -0.007069 0.000000 0.000000 -0.612611 0.010472
    33 0.511719 -2.587891 -0.171265 0.068179 -0.280440 -1.750247
    34 1.837891 0.009178 0.000000 -3.141591 -1.523670 -3.131118
    35 1.438477 0.012917 -0.000001 0.000000 -1.099558 0.005236
    36 -0.359256 -2.261720 -0.168329 0.017968 -0.224442 -1.724665
    37 1.888672 -0.005322 0.000002 0.000002 -1.544617 0.036656
    38 1.369174 -0.010806 0.000002 0.000000 -1.130973 0.010472
    39 -1.191442 -1.692502 -0.168331 0.000000 -0.235619 -1.685988
    40 1.688477 -0.013489 -0.000001 0.000000 -0.753982 0.005229
    41 1.072266 0.022156 -0.000001 0.000000 -1.371829 -0.010472
    42 0.000000 -2.077746 1.571501 0.060642 0.068000 0.011589
    43 0.000000 -3.705933 1.590397 0.000000 0.000000 0.000000
    44 0.000001 -1.273097 2.096640 0.000000 0.000000 0.000000
    45 0.000001 -1.329102 2.134766 0.000000 0.000000 0.000000
    46 0.000000 -2.111626 1.567596 0.000000 0.000000 0.000000
    47 0.000001 -3.744141 1.536133 0.000000 0.000000 0.000000
    48 0.500002 9.999993 0.000002 -1.570796 0.000000 -1.570796
    49 0.500002 9.999993 0.000002 -1.570796 0.000000 -1.570796
    50 0.000000 0.000005 0.000001 -1.570796 0.000000 -1.570796
    51 0.000001 0.000003 -0.500010 -1.570796 0.000000 -1.570796
    52 -0.000001 0.000000 -0.000002 -1.570796 0.000000 0.000000
    53 0.000000 0.000000 0.000000 -1.570797 0.000000 0.000000
    54 0.000001 0.000000 0.000000 -1.570796 0.000000 0.000000
    55 0.000000 0.000000 0.000002 -1.570796 0.000000 0.000000
    56 -0.000003 0.000000 0.000001 -1.570796 0.000000 0.000000
    57 0.000000 0.000000 0.000000 -1.570796 0.000000 0.000000
    58 0.000000 0.000000 -0.000002 -1.570796 0.000000 0.000000
    59 0.000000 0.000000 0.000001 -1.570796 0.000000 0.000000
    60 -0.000003 0.000000 0.000000 -1.570796 0.000000 0.000000
    61 -0.000001 0.000000 0.000000 -1.570796 0.000000 0.000000
    62 0.000000 0.000000 0.000000 -1.570796 0.000001 0.000000
    63 0.000000 0.000000 0.000000 -1.570796 0.000001 0.000000
    64 0.000000 0.000000 0.000001 3.141593 0.000000 0.000000
    65 0.000000 0.000000 0.000000 3.141593 0.000000 0.000000
    66 0.000001 -0.000001 0.000002 3.141592 0.000000 0.000000
    67 0.000000 10.000002 -0.000005 -1.570796 0.000000 -1.570796
    68 0.000000 10.000002 -0.000005 -1.570796 0.000000 -1.570796
    69 0.000000 0.000005 -0.000003 -1.570796 0.000000 -1.570796
    70 -0.000002 0.000006 -0.500010 -1.570796 0.000000 -1.570796
    71 -0.000004 0.000000 -0.000002 -1.570796 0.000000 0.000000
    72 0.000000 0.000000 0.000000 -1.570796 0.000000 0.000000
    73 0.000000 0.000000 0.000000 -1.570796 0.000000 0.000000
    74 -0.000002 0.000000 0.000000 -1.570796 0.000000 0.000000
    75 0.000002 0.000000 0.000000 -1.570796 0.000000 0.000000
    76 0.000006 0.000000 0.000000 -1.570796 0.000000 0.000000
    77 0.000001 0.000000 0.000000 -1.570796 0.000000 0.000000
    78 0.000000 0.000000 0.000000 -1.570796 0.000000 0.000000
    79 0.000003 0.000000 0.000000 -1.570796 0.000000 0.000000
    80 0.000000 0.000000 0.000000 -1.570796 0.000000 0.000000
    81 0.000002 0.000000 -0.000001 -1.570796 0.000000 0.000000
    82 0.000000 0.000000 0.000000 -1.570796 0.000000 0.000000
    83 0.000000 0.000000 -0.000003 0.000000 0.000000 0.000000
    84 0.000000 0.000000 0.000000 0.000000 0.000000 0.000000
    85 0.000000 0.000001 -0.000001 0.000000 0.000000 0.000000
  time 73
    0 1.494696 1.060980 -10.108543 -1.305366 0.715317 -1.207469
    1 0.026867 -11.331078 -0.000002 0.573375 -0.026106 0.536344
    2 0.000000 -0.570801 0.000000 0.000000 0.000000 0.000000
    3 -0.523475 0.280191 0.590819 -0.077069 -0.553650 -2.367119
    4 2.272813 -0.120318 -0.000001 0.000000 0.000000 0.234379
    5 1.069446 0.056463 0.000000 0.000000 0.000000 0.848230
    6 -1.351848 -2.282777 -0.142105 0.000000 -0.059537 -1.638864
    7 1.730202 -0.000584 0.000001 0.000000 -0.116760 0.005236
    8 1.195413 -0.010942 0.000001 0.000000 -0.256873 0.000000
    9 -0.430529 -2.478479 -0.142105 -0.079165 -0.269505 -1.436701
    10 1.925233 0.004627 0.000003 -6.282896 -1.567944 -6.282898
    11 1.413089 0.008475 0.000000 0.000000 -1.041230 0.020944
    12 0.376671 -2.160851 -0.146011 -0.056380 -0.178007 -1.438829
    13 1.956384 0.057593 0.000000 -0.000001 -1.460072 -0.010473
    14 1.365878 0.003407 0.000000 0.000001 -1.133720 0.005236
    15 1.190866 -1.655615 -0.142105 0.000000 -0.255566 -1.445133
    16 1.674395 0.018204 -0.000001 0.000000 -0.624790 -0.005236
    17 1.085390 -0.001050 -0.000001 0.000000 -1.315290 0.000000
    18 12.871218 -0.411587 -8.575814 -0.599184 -0.422734 -0.222594
    19 -0.295538 -11.160193 0.000002 0.165580 0.139820 -0.118804
    20 0.288574 -4.437500 0.926270 0.080103 -1.549641 -0.151666
    21 -0.000001 2.791016 0.898926 0.000000 0.000000 0.000000
    22 0.000000 -0.088013 2.902344 0.000000 0.000000 0.000000
    23 -0.490966 -4.492466 0.840004 -0.464771 1.519764 -0.369424
    24 -0.000001 2.900391 1.067383 0.000000 0.000000 0.000000
    25 0.000000 0.272305 2.889566 0.000000 0.000000 0.000000
    26 -0.021851 -0.544922 0.000000 0.000000 0.000000 0.000000
    27 0.589218 0.235277 0.586107 0.233785 -0.498300 -0.937376
    28 2.306785 0.010602 0.000001 0.000000 0.000000 -0.282731
    29 1.238233 -0.010016 -0.000001 0.000000 0.000000 -0.782829
    30 1.420898 -2.330078 -0.171265 0.000000 -0.052360 -1.523672
    31 1.706055 0.018570 0.000000 0.000000 -0.376991 -0.005236
    32 1.170898 -0.007069 0.000000 0.000000 -0.612611 0.010472
    33 0.511719 -2.587891 -0.171265 0.068179 -0.280440 -1.750247
    34 1.837891 0.009178 0.000000 -3.141591 -1.523670 -3.131118
    35 1.438477 0.012917 -0.000001 0.000000 -1.099558 0.005236
    36 -0.359256 -2.261720 -0.168329 0.017968 -0.224442 -1.724665
    37 1.888672 -0.005322 0.000002 0.000002 -1.544617 0.036656
    38 1.365267 -0.010806 0.000002 0.000000 -1.130973 0.010472
    39 -1.191442 -1.692502 -0.168331 0.000000 -0.235619 -1.685988
    40 1.688477 -0.013489 -0.000001 0.000000 -0.753982 0.005229
    41 1.072266 0.022156 -0.000001 0.000000 -1.371829 -0.010472
    42 0.000000 -2.077746 1.571501 0.060354 0.067713 0.011493
    43 0.000000 -3.705933 1.590397 0.000000 0.000000 0.000000
    44 0.000001 -1.273097 2.096640 0.000000 0.000000 0.000000
    45 0.000001 -1.329102 2.134766 0.000000 0.000000 0.000000
    46 0.000000 -2.111626 1.567596 0.000000 0.000000 0.000000
    47 0.000001 -3.744141 1.536133 0.000000 0.000000 0.000000
    48 0.500002 9.999993 0.000002 -1.570796 0.000000 -1.570796
    49 0.500002 9.999993 0.000002 -1.570796 0.000000 -1.570796
    50 0.000000 0.000005 0.000001 -1.570796 0.000000 -1.570796
    51 0.000001 0.000003 -0.500010 -1.570796 0.000000 -1.570796
    52 -0.000001 0.000000 -0.000002 -1.570796 0.000000 0.000000
    53 0.000000 0.000000 0.000000 -1.570797 0.000000 0.000000
    54 0.000001 0.000000 0.000000 -1.570796 0.000000 0.000000
    55 0.000000 0.000000 0.000002 -1.570796 0.000000 0.000000
    56 -0.000003 0.000000 0.000001 -1.570796 0.000000 0.000000
    57 0.000000 0.000000 0.000000 -1.570796 0.000000 0.000000
    58 0.000000 0.000000 -0.000002 -1.570796 0.000000 0.000000
    59 0.000000 0.000000 0.000001 -1.570796 0.000000 0.000000
    60 -0.000003 0.000000 0.000000 -1.570796 0.000000 0.000000
    61 -0.000001 0.000000 0.000000 -1.570796 0.000000 0.000000
    62 0.000000 0.000000 0.000000 -1.570796 0.000001 0.000000
    63 0.000000 0.000000 0.000000 -1.570796 0.000001 0.000000
    64 0.000000 0.000000 0.000001 3.141593 0.000000 0.000000
    65 0.000000 0.000000 0.000000 3.141593 0.000000 0.000000
    66 0.000001 -0.000001 0.000002 3.141592 0.000000 0.000000
    67 0.000000 10.000002 -0.000005 -1.570796 0.000000 -1.570796
    68 0.000000 10.000002 -0.000005 -1.570796 0.000000 -1.570796
    69 0.000000 0.000005 -0.000003 -1.570796 0.000000 -1.570796
    70 -0.000002 0.000006 -0.500010 -1.570796 0.000000 -1.570796
    71 -0.000004 0.000000 -0.000002 -1.570796 0.000000 0.000000
    72 0.000000 0.000000 0.000000 -1.570796 0.000000 0.000000
    73 0.000000 0.000000 0.000000 -1.570796 0.000000 0.000000
    74 -0.000002 0.000000 0.000000 -1.570796 0.000000 0.000000
    75 0.000002 0.000000 0.000000 -1.570796 0.000000 0.000000
    76 0.000006 0.000000 0.000000 -1.570796 0.000000 0.000000
    77 0.000001 0.000000 0.000000 -1.570796 0.000000 0.000000
    78 0.000000 0.000000 0.000000 -1.570796 0.000000 0.000000
    79 0.000003 0.000000 0.000000 -1.570796 0.000000 0.000000
    80 0.000000 0.000000 0.000000 -1.570796 0.000000 0.000000
    81 0.000002 0.000000 -0.000001 -1.570796 0.000000 0.000000
    82 0.000000 0.000000 0.000000 -1.570796 0.000000 0.000000
    83 0.000000 0.000000 -0.000003 0.000000 0.000000 0.000000
    84 0.000000 0.000000 0.000000 0.000000 0.000000 0.000000
    85 0.000000 0.000001 -0.000001 0.000000 0.000000 0.000000
  time 74
    0 0.541542 0.783628 -10.264797 -1.292017 0.684598 -1.174421
    1 0.026867 -11.331078 -0.000002 0.490302 0.047408 0.660598
    2 0.000000 -0.570801 0.000000 0.000000 0.000000 0.000000
    3 -0.527382 0.288004 0.590819 -0.362996 -0.442862 -2.175100
    4 2.276719 -0.120318 -0.000001 0.000000 0.000000 0.383205
    5 1.069446 0.056463 0.000000 0.000000 0.000000 0.848230
    6 -1.355754 -2.282777 -0.142105 0.000000 -0.058815 -1.638864
    7 1.730202 -0.000584 0.000001 0.000000 -0.121223 0.005236
    8 1.195413 -0.010942 0.000001 0.000000 -0.261867 0.000000
    9 -0.426622 -2.482385 -0.142105 -0.079021 -0.263358 -1.437200
    10 1.929139 0.004627 0.000003 -3.141592 -1.537798 -3.141593
    11 1.413089 0.008475 0.000000 0.000000 -1.085785 0.020944
    12 0.380577 -2.160851 -0.146011 -0.056416 -0.181168 -1.438649
    13 1.952478 0.053687 0.000000 -0.000001 -1.484432 -0.010473
    14 1.365878 0.003407 0.000000 0.000001 -1.186184 0.005236
    15 1.194772 -1.655615 -0.138199 0.000000 -0.263019 -1.445133
    16 1.674395 0.018204 -0.000001 0.000000 -0.616853 -0.005236
    17 1.089296 -0.001050 -0.000001 0.000000 -1.365517 0.000000
    18 12.867312 -0.415493 -8.575814 -0.604350 -0.450740 -0.207988
    19 -0.291631 -11.160193 0.000002 0.138060 0.102802 -0.122591
    20 0.288574 -4.437500 0.926270 0.080103 -1.549641 -0.151666
    21 -0.000001 2.791016 0.898926 0.000000 0.000000 0.000000
    22 0.000000 -0.088013 2.902344 0.000000 0.000000 0.000000
    23 -0.490966 -4.488559 0.836098 -0.790640 1.508403 -0.686264
    24 -0.000001 2.900391 1.067383 0.000000 0.000000 0.000000
    25 0.000000 0.272305 2.893472 0.000000 0.000000 0.000000
    26 -0.021851 -0.544922 0.000000 0.000000 0.000000 0.000000
    27 0.581406 0.239183 0.578294 0.229525 -0.497128 -0.925623
    28 2.306785 0.010602 0.000001 0.000000 0.000000 -0.254541
    29 1.234327 -0.010016 -0.000001 0.000000 0.000000 -0.751369
    30 1.420898 -2.330078 -0.171265 0.000000 -0.052360 -1.523672
    31 1.706055 0.018570 0.000000 0.000000 -0.376991 -0.005236
    32 1.170898 -0.007069 0.000000 0.000000 -0.612611 0.010472
    33 0.511719 -2.587891 -0.171265 0.068179 -0.280440 -1.750247
    34 1.837891 0.009178 0.000000 -3.141591 -1.523670 -3.131118
    35 1.438477 0.012917 -0.000001 0.000000 -1.099558 0.005236
    36 -0.359256 -2.261720 -0.168329 0.017968 -0.224442 -1.724665
    37 1.888672 -0.005322 0.000002 0.000002 -1.544617 0.036656
    38 1.369174 -0.010806 0.000002 0.000000 -1.130973 0.010472
    39 -1.191442 -1.692502 -0.168331 0.000000 -0.235619 -1.685988
    40 1.688477 -0.013489 -0.000001 0.000000 -0.753982 0.005229
    41 1.072266 0.022156 -0.000001 0.000000 -1.371829 -0.010472
    42 0.000000 -2.073839 1.571501 0.060055 0.067269 0.011409
    43 0.000000 -3.705933 1.590397 0.000000 0.000000 0.000000
    44 0.000001 -1.273097 2.096640 0.000000 0.000000 0.000000
    45 0.000001 -1.329102 2.134766 0.000000 0.000000 0.000000
    46 0.000000 -2.107720 1.567596 0.000000 0.000000 0.000000
    47 0.000001 -3.744141 1.536133 0.000000 0.000000 0.000000
    48 0.500002 9.999993 0.000002 -1.570796 0.000000 -1.570796
    49 0.500002 9.999993 0.000002 -1.570796 0.000000 -1.570796
    50 0.000000 0.000005 0.000001 -1.570796 0.000000 -1.570796
    51 0.000001 0.000003 -0.500010 -1.570796 0.000000 -1.570796
    52 -0.000001 0.000000 -0.000002 -1.570796 0.000000 0.000000
    53 0.000000 0.000000 0.000000 -1.570797 0.000000 0.000000
    54 0.000001 0.000000 0.000000 -1.570796 0.000000 0.000000
    55 0.000000 0.000000 0.000002 -1.570796 0.000000 0.000000
    56 -0.000003 0.000000 0.000001 -1.570796 0.000000 0.000000
    57 0.000000 0.000000 0.000000 -1.570796 0.000000 0.000000
    58 0.000000 0.000000 -0.000002 -1.570796 0.000000 0.000000
    59 0.000000 0.000000 0.000001 -1.570796 0.000000 0.000000
    60 -0.000003 0.000000 0.000000 -1.570796 0.000000 0.000000
    61 -0.000001 0.000000 0.000000 -1.570796 0.000000 0.000000
    62 0.000000 0.000000 0.000000 -1.570796 0.000001 0.000000
    63 0.000000 0.000000 0.000000 -1.570796 0.000001 0.000000
    64 0.000000 0.000000 0.000001 3.141593 0.000000 0.000000
    65 0.000000 0.000000 0.000000 3.141593 0.000000 0.000000
    66 0.000001 -0.000001 0.000002 3.141592 0.000000 0.000000
    67 0.000000 10.000002 -0.000005 -1.570796 0.000000 -1.570796
    68 0.000000 10.000002 -0.000005 -1.570796 0.000000 -1.570796
    69 0.000000 0.000005 -0.000003 -1.570796 0.000000 -1.570796
    70 -0.000002 0.000006 -0.500010 -1.570796 0.000000 -1.570796
    71 -0.000004 0.000000 -0.000002 -1.570796 0.000000 0.000000
    72 0.000000 0.000000 0.000000 -1.570796 0.000000 0.000000
    73 0.000000 0.000000 0.000000 -1.570796 0.000000 0.000000
    74 -0.000002 0.000000 0.000000 -1.570796 0.000000 0.000000
    75 0.000002 0.000000 0.000000 -1.570796 0.000000 0.000000
    76 0.000006 0.000000 0.000000 -1.570796 0.000000 0.000000
    77 0.000001 0.000000 0.000000 -1.570796 0.000000 0.000000
    78 0.000000 0.000000 0.000000 -1.570796 0.000000 0.000000
    79 0.000003 0.000000 0.000000 -1.570796 0.000000 0.000000
    80 0.000000 0.000000 0.000000 -1.570796 0.000000 0.000000
    81 0.000002 0.000000 -0.000001 -1.570796 0.000000 0.000000
    82 0.000000 0.000000 0.000000 -1.570796 0.000000 0.000000
    83 0.000000 0.000000 -0.000003 0.000000 0.000000 0.000000
    84 0.000000 0.000000 0.000000 0.000000 0.000000 0.000000
    85 0.000000 0.000001 -0.000001 0.000000 0.000000 0.000000
  time 75
    0 -0.438957 0.486744 -10.421052 -1.282664 0.655715 -1.142330
    1 0.026867 -11.331078 -0.000002 0.431020 0.108137 0.760526
    2 0.000000 -0.570801 0.000000 0.000000 0.000000 0.000000
    3 -0.523475 0.280191 0.590819 -0.503250 -0.363411 -2.090159
    4 2.268907 -0.124224 -0.000001 0.000000 0.000000 0.466017
    5 1.069446 0.056463 0.000000 0.000000 0.000000 0.848230
    6 -1.355754 -2.282777 -0.142105 0.000000 -0.058093 -1.638864
    7 1.726295 -0.000584 0.000001 0.000000 -0.125748 0.005236
    8 1.199319 -0.010942 0.000001 0.000000 -0.266972 0.000000
    9 -0.430529 -2.478479 -0.142105 -0.078961 -0.260133 -1.437435
    10 1.925233 0.004627 0.000003 -3.141592 -1.518438 -3.141593
    11 1.413089 0.008475 0.000000 0.000000 -1.110029 0.020944
    12 0.376671 -2.160851 -0.146011 -0.056428 -0.182688 -1.438565
    13 1.952478 0.057593 0.000000 -0.000001 -1.497494 -0.010473
    14 1.365878 0.003407 0.000000 0.000001 -1.214749 0.005236
    15 1.194772 -1.659521 -0.138199 0.000000 -0.267035 -1.445133
    16 1.674395 0.018204 -0.000001 0.000000 -0.612611 -0.005236
    17 1.089296 -0.001050 -0.000001 0.000000 -1.392772 0.000000
    18 12.867312 -0.415493 -8.568002 -0.611583 -0.490997 -0.187203
    19 -0.295538 -11.156286 0.000002 0.108308 0.063700 -0.125898
    20 0.288574 -4.437500 0.926270 0.080103 -1.549641 -0.151666
    21 -0.000001 2.791016 0.898926 0.000000 0.000000 0.000000
    22 0.000000 -0.088013 2.902344 0.000000 0.000000 0.000000
    23 -0.490966 -4.492466 0.847817 -1.026547 1.490018 -0.912006
    24 -0.000001 2.900391 1.067383 0.000000 0.000000 0.000000
    25 0.000000 0.268398 2.901285 0.000000 0.000000 0.000000
    26 -0.021851 -0.544922 0.000000 0.000000 0.000000 0.000000
    27 0.581406 0.239183 0.586107 0.225096 -0.495016 -0.916816
    28 2.306785 0.010602 0.000001 0.000000 0.000000 -0.230841
    29 1.238233 -0.010016 -0.000001 0.000000 0.000000 -0.711284
    30 1.420898 -2.330078 -0.171265 0.000000 -0.052360 -1.523672
    31 1.706055 0.018570 0.000000 0.000000 -0.376991 -0.005236
    32 1.170898 -0.007069 0.000000 0.000000 -0.612611 0.010472
    33 0.511719 -2.587891 -0.171265 0.068179 -0.280440 -1.750247
    34 1.837891 0.009178 0.000000 -3.141591 -1.523670 -3.131118
    35 1.438477 0.012917 -0.000001 0.000000 -1.099558 0.005236
    36 -0.359256 -2.265626 -0.168329 0.017968 -0.224442 -1.724665
    37 1.888672 -0.005322 0.000002 0.000002 -1.544617 0.036656
    38 1.369174 -0.010806 0.000002 0.000000 -1.130973 0.010472
    39 -1.191442 -1.688595 -0.168331 0.000000 -0.235619 -1.685988
    40 1.688477 -0.013489 -0.000001 0.000000 -0.753982 0.005229
    41 1.072266 0.022156 -0.000001 0.000000 -1.371829 -0.010472
    42 0.000000 -2.077746 1.571501 0.059539 0.066766 0.011313
    43 0.000000 -3.705933 1.590397 0.000000 0.000000 0.000000
    44 0.000001 -1.273097 2.096640 0.000000 0.000000 0.000000
    45 0.000001 -1.329102 2.134766 0.000000 0.000000 0.000000
    46 0.000000 -2.111626 1.567596 0.000000 0.000000 0.000000
    47 0.000001 -3.744141 1.536133 0.000000 0.000000 0.000000
    48 0.500002 9.999993 0.000002 -1.570796 0.000000 -1.570796
    49 0.500002 9.999993 0.000002 -1.570796 0.000000 -1.570796
    50 0.000000 0.000005 0.000001 -1.570796 0.000000 -1.570796
    51 0.000001 0.000003 -0.500010 -1.570796 0.000000 -1.570796
    52 -0.000001 0.000000 -0.000002 -1.570796 0.000000 0.000000
    53 0.000000 0.000000 0.000000 -1.570797 0.000000 0.000000
    54 0.000001 0.000000 0.000000 -1.570796 0.000000 0.000000
    55 0.000000 0.000000 0.000002 -1.570796 0.000000 0.000000
    56 -0.000003 0.000000 0.000001 -1.570796 0.000000 0.000000
    57 0.000000 0.000000 0.000000 -1.570796 0.000000 0.000000
    58 0.000000 0.000000 -0.000002 -1.570796 0.000000 0.000000
    59 0.000000 0.000000 0.000001 -1.570796 0.000000 0.000000
    60 -0.000003 0.000000 0.000000 -1.570796 0.000000 0.000000
    61 -0.000001 0.000000 0.000000 -1.570796 0.000000 0.000000
    62 0.000000 0.000000 0.000000 -1.570796 0.000001 0.000000
    63 0.000000 0.000000 0.000000 -1.570796 0.000001 0.000000
    64 0.000000 0.000000 0.000001 3.141593 0.000000 0.000000
    65 0.000000 0.000000 0.000000 3.141593 0.000000 0.000000
    66 0.000001 -0.000001 0.000002 3.141592 0.000000 0.000000
    67 0.000000 10.000002 -0.000005 -1.570796 0.000000 -1.570796
    68 0.000000 10.000002 -0.000005 -1.570796 0.000000 -1.570796
    69 0.000000 0.000005 -0.000003 -1.570796 0.000000 -1.570796
    70 -0.000002 0.000006 -0.500010 -1.570796 0.000000 -1.570796
    71 -0.000004 0.000000 -0.000002 -1.570796 0.000000 0.000000
    72 0.000000 0.000000 0.000000 -1.570796 0.000000 0.000000
    73 0.000000 0.000000 0.000000 -1.570796 0.000000 0.000000
    74 -0.000002 0.000000 0.000000 -1.570796 0.000000 0.000000
    75 0.000002 0.000000 0.000000 -1.570796 0.000000 0.000000
    76 0.000006 0.000000 0.000000 -1.570796 0.000000 0.000000
    77 0.000001 0.000000 0.000000 -1.570796 0.000000 0.000000
    78 0.000000 0.000000 0.000000 -1.570796 0.000000 0.000000
    79 0.000003 0.000000 0.000000 -1.570796 0.000000 0.000000
    80 0.000000 0.000000 0.000000 -1.570796 0.000000 0.000000
    81 0.000002 0.000000 -0.000001 -1.570796 0.000000 0.000000
    82 0.000000 0.000000 0.000000 -1.570796 0.000000 0.000000
    83 0.000000 0.000000 -0.000003 0.000000 0.000000 0.000000
    84 0.000000 0.000000 0.000000 0.000000 0.000000 0.000000
    85 0.000000 0.000001 -0.000001 0.000000 0.000000 0.000000
  time 76
    0 -1.423362 0.193766 -10.569494 -1.275150 0.628668 -1.109761
    1 0.030773 -11.331078 -0.000002 0.399854 0.141174 0.784701
    2 0.000000 -0.570801 0.000000 0.000000 0.000000 0.000000
    3 -0.523475 0.284097 0.590819 -0.472216 -0.382431 -2.108061
    4 2.276719 -0.124224 -0.000001 0.000000 0.000000 0.447103
    5 1.069446 0.056463 0.000000 0.000000 0.000000 0.848230
    6 -1.355754 -2.278871 -0.142105 0.000000 -0.057329 -1.638864
    7 1.730202 -0.000584 0.000001 0.000000 -0.130305 0.005236
    8 1.199319 -0.010942 0.000001 0.000000 -0.272188 0.000000
    9 -0.430529 -2.478479 -0.142105 -0.078961 -0.260032 -1.437435
    10 1.925233 0.004627 0.000003 -3.141592 -1.517829 -3.141593
    11 1.413089 0.008475 0.000000 0.000000 -1.110980 0.020944
    12 0.376671 -2.160851 -0.146011 -0.056428 -0.182688 -1.438565
    13 1.952478 0.057593 0.000000 -0.000001 -1.497935 -0.010473
    14 1.369784 0.003407 0.000000 0.000001 -1.215916 0.005236
    15 1.194772 -1.655615 -0.138199 0.000000 -0.267180 -1.445133
    16 1.674395 0.018204 -0.000001 0.000000 -0.612501 -0.005236
    17 1.089296 -0.001050 -0.000001 0.000000 -1.393795 0.000000
    18 12.863405 -0.423306 -8.564095 -0.618910 -0.528724 -0.167073
    19 -0.295538 -11.160193 0.000002 0.077802 0.021174 -0.129483
    20 0.288574 -4.437500 0.926270 0.080103 -1.549641 -0.151666
    21 -0.000001 2.791016 0.898926 0.000000 0.000000 0.000000
    22 0.000000 -0.088013 2.902344 0.000000 0.000000 0.000000
    23 -0.490966 -4.492466 0.836098 -1.185650 1.466564 -1.059887
    24 -0.000001 2.900391 1.067383 0.000000 0.000000 0.000000
    25 0.000000 0.268398 2.897379 0.000000 0.000000 0.000000
    26 -0.021851 -0.544922 0.000000 0.000000 0.000000 0.000000
    27 0.581406 0.239183 0.578294 0.220098 -0.491886 -0.911496
    28 2.306785 0.010602 0.000001 0.000000 0.000000 -0.213430
    29 1.238233 -0.010016 -0.000001 0.000000 0.000000 -0.661316
    30 1.420898 -2.330078 -0.171265 0.000000 -0.052360 -1.523672
    31 1.706055 0.018570 0.000000 0.000000 -0.376991 -0.005236
    32 1.170898 -0.007069 0.000000 0.000000 -0.612611 0.010472
    33 0.511719 -2.587891 -0.171265 0.068179 -0.280440 -1.750247
    34 1.837891 0.009178 0.000000 -3.141591 -1.523670 -3.131118
    35 1.438477 0.012917 -0.000001 0.000000 -1.099558 0.005236
    36 -0.359256 -2.261720 -0.168329 0.017968 -0.224442 -1.724665
    37 1.888672 -0.005322 0.000002 0.000002 -1.544617 0.036656
    38 1.369174 -0.010806 0.000002 0.000000 -1.130973 0.010472
    39 -1.191442 -1.692502 -0.168331 0.000000 -0.235619 -1.685988
    40 1.688477 -0.013489 -0.000001 0.000000 -0.753982 0.005229
    41 1.072266 0.022156 -0.000001 0.000000 -1.371829 -0.010472
    42 0.000000 -1.562105 -0.612159 0.058976 0.066203 0.011217
    43 0.000000 -3.705933 1.590397 0.000000 0.000000 0.000000
    44 0.000001 -1.273097 2.096640 0.000000 0.000000 0.000000
    45 0.000001 -1.329102 2.134766 0.000000 0.000000 0.000000
    46 0.000000 -2.111626 1.563690 0.000000 0.000000 0.000000
    47 0.000001 -3.744141 1.536133 0.000000 0.000000 0.000000
    48 0.500002 9.999993 0.000002 -1.570796 0.000000 -1.570796
    49 0.500002 9.999993 0.000002 -1.570796 0.000000 -1.570796
    50 0.000000 0.000005 0.000001 -1.570796 0.000000 -1.570796
    51 0.000001 0.000003 -0.500010 -1.570796 0.000000 -1.570796
    52 -0.000001 0.000000 -0.000002 -1.570796 0.000000 0.000000
    53 0.000000 0.000000 0.000000 -1.570797 0.000000 0.000000
    54 0.000001 0.000000 0.000000 -1.570796 0.000000 0.000000
    55 0.000000 0.000000 0.000002 -1.570796 0.000000 0.000000
    56 -0.000003 0.000000 0.000001 -1.570796 0.000000 0.000000
    57 0.000000 0.000000 0.000000 -1.570796 0.000000 0.000000
    58 0.000000 0.000000 -0.000002 -1.570796 0.000000 0.000000
    59 0.000000 0.000000 0.000001 -1.570796 0.000000 0.000000
    60 -0.000003 0.000000 0.000000 -1.570796 0.000000 0.000000
    61 -0.000001 0.000000 0.000000 -1.570796 0.000000 0.000000
    62 0.000000 0.000000 0.000000 -1.570796 0.000001 0.000000
    63 0.000000 0.000000 0.000000 -1.570796 0.000001 0.000000
    64 0.000000 0.000000 0.000001 3.141593 0.000000 0.000000
    65 0.000000 0.000000 0.000000 3.141593 0.000000 0.000000
    66 0.000001 -0.000001 0.000002 3.141592 0.000000 0.000000
    67 0.000000 10.000002 -0.000005 -1.570796 0.000000 -1.570796
    68 0.000000 10.000002 -0.000005 -1.570796 0.000000 -1.570796
    69 0.000000 0.000005 -0.000003 -1.570796 0.000000 -1.570796
    70 -0.000002 0.000006 -0.500010 -1.570796 0.000000 -1.570796
    71 -0.000004 0.000000 -0.000002 -1.570796 0.000000 0.000000
    72 0.000000 0.000000 0.000000 -1.570796 0.000000 0.000000
    73 0.000000 0.000000 0.000000 -1.570796 0.000000 0.000000
    74 -0.000002 0.000000 0.000000 -1.570796 0.000000 0.000000
    75 0.000002 0.000000 0.000000 -1.570796 0.000000 0.000000
    76 0.000006 0.000000 0.000000 -1.570796 0.000000 0.000000
    77 0.000001 0.000000 0.000000 -1.570796 0.000000 0.000000
    78 0.000000 0.000000 0.000000 -1.570796 0.000000 0.000000
    79 0.000003 0.000000 0.000000 -1.570796 0.000000 0.000000
    80 0.000000 0.000000 0.000000 -1.570796 0.000000 0.000000
    81 0.000002 0.000000 -0.000001 -1.570796 0.000000 0.000000
    82 0.000000 0.000000 0.000000 -1.570796 0.000000 0.000000
    83 0.000000 0.000000 -0.000003 0.000000 0.000000 0.000000
    84 0.000000 0.000000 0.000000 0.000000 0.000000 0.000000
    85 0.000000 0.000001 -0.000001 0.000000 0.000000 0.000000
  time 77
    0 -2.364797 -0.103118 -10.702311 -1.269315 0.603815 -1.075850
    1 0.026867 -11.331078 -0.000002 0.409108 0.126736 0.720547
    2 0.000000 -0.570801 0.000000 0.000000 0.000000 0.000000
    3 -0.523475 0.280191 0.590819 -0.354440 -0.446755 -2.180027
    4 2.272813 -0.124224 -0.000001 0.000000 0.000000 0.378670
    5 1.069446 0.056463 0.000000 0.000000 0.000000 0.848230
    6 -1.355754 -2.286684 -0.142105 0.000000 -0.056607 -1.638864
    7 1.726295 -0.000584 0.000001 0.000000 -0.134909 0.005236
    8 1.199319 -0.010942 0.000001 0.000000 -0.277376 0.000000
    9 -0.430529 -2.478479 -0.142105 -0.078961 -0.259629 -1.437477
    10 1.925233 0.004627 0.000003 -3.141592 -1.515340 -3.141593
    11 1.413089 0.008475 0.000000 0.000000 -1.113961 0.020944
    12 0.376671 -2.160851 -0.146011 -0.056428 -0.182728 -1.438553
    13 1.952478 0.057593 0.000000 -0.000001 -1.499533 -0.010473
    14 1.365878 0.003407 0.000000 0.000001 -1.219287 0.005236
    15 1.194772 -1.655615 -0.138199 0.000000 -0.267614 -1.445133
    16 1.674395 0.018204 -0.000001 0.000000 -0.611981 -0.005236
    17 1.089296 -0.001050 -0.000001 0.000000 -1.397153 0.000000
    18 12.863405 -0.423306 -8.556282 -0.627270 -0.565150 -0.146756
    19 -0.295538 -11.160193 0.000002 0.047835 -0.025545 -0.134078
    20 0.288574 -4.437500 0.926270 0.080103 -1.549641 -0.151666
    21 -0.000001 2.791016 0.898926 0.000000 0.000000 0.000000
    22 0.000000 -0.088013 2.902344 0.000000 0.000000 0.000000
    23 -0.490966 -4.492466 0.840004 -1.294454 1.439228 -1.156046
    24 -0.000001 2.900391 1.067383 0.000000 0.000000 0.000000
    25 0.000000 0.268398 2.889566 0.000000 0.000000 0.000000
    26 -0.021851 -0.544922 0.000000 0.000000 0.000000 0.000000
    27 0.581406 0.231370 0.578294 0.214100 -0.487378 -0.910143
    28 2.306785 0.010602 0.000001 0.000000 0.000000 -0.204112
    29 1.234327 -0.010016 -0.000001 0.000000 0.000000 -0.600268
    30 1.420898 -2.330078 -0.171265 0.000000 -0.052360 -1.523672
    31 1.706055 0.018570 0.000000 0.000000 -0.376991 -0.005236
    32 1.170898 -0.007069 0.000000 0.000000 -0.612611 0.010472
    33 0.511719 -2.587891 -0.171265 0.068179 -0.280440 -1.750247
    34 1.837891 0.009178 0.000000 -3.141591 -1.523670 -3.131118
    35 1.438477 0.012917 -0.000001 0.000000 -1.099558 0.005236
    36 -0.359256 -2.261720 -0.168329 0.017968 -0.224442 -1.724665
    37 1.888672 -0.005322 0.000002 0.000002 -1.544617 0.036656
    38 1.369174 -0.010806 0.000002 0.000000 -1.130973 0.010472
    39 -1.191442 -1.692502 -0.168331 0.000000 -0.235619 -1.685988
    40 1.688477 -0.013489 -0.000001 0.000000 -0.753982 0.005229
    41 1.072266 0.022156 -0.000001 0.000000 -1.371829 -0.010472
    42 0.000000 0.176229 -4.389618 0.058377 0.065472 0.011098
    43 0.000000 -3.705933 1.590397 0.000000 0.000000 0.000000
    44 0.000001 -1.273097 2.096640 0.000000 0.000000 0.000000
    45 0.000001 -1.329102 2.134766 0.000000 0.000000 0.000000
    46 0.000000 -2.115532 1.567596 0.000000 0.000000 0.000000
    47 0.000001 -3.744141 1.536133 0.000000 0.000000 0.000000
    48 0.500002 9.999993 0.000002 -1.570796 0.000000 -1.570796
    49 0.500002 9.999993 0.000002 -1.570796 0.000000 -1.570796
    50 0.000000 0.000005 0.000001 -1.570796 0.000000 -1.570796
    51 0.000001 0.000003 -0.500010 -1.570796 0.000000 -1.570796
    52 -0.000001 0.000000 -0.000002 -1.570796 0.000000 0.000000
    53 0.000000 0.000000 0.000000 -1.570797 0.000000 0.000000
    54 0.000001 0.000000 0.000000 -1.570796 0.000000 0.000000
    55 0.000000 0.000000 0.000002 -1.570796 0.000000 0.000000
    56 -0.000003 0.000000 0.000001 -1.570796 0.000000 0.000000
    57 0.000000 0.000000 0.000000 -1.570796 0.000000 0.000000
    58 0.000000 0.000000 -0.000002 -1.570796 0.000000 0.000000
    59 0.000000 0.000000 0.000001 -1.570796 0.000000 0.000000
    60 -0.000003 0.000000 0.000000 -1.570796 0.000000 0.000000
    61 -0.000001 0.000000 0.000000 -1.570796 0.000000 0.000000
    62 0.000000 0.000000 0.000000 -1.570796 0.000001 0.000000
    63 0.000000 0.000000 0.000000 -1.570796 0.000001 0.000000
    64 0.000000 0.000000 0.000001 3.141593 0.000000 0.000000
    65 0.000000 0.000000 0.000000 3.141593 0.000000 0.000000
    66 0.000001 -0.000001 0.000002 3.141592 0.000000 0.000000
    67 0.000000 10.000002 -0.000005 -1.570796 0.000000 -1.570796
    68 0.000000 10.000002 -0.000005 -1.570796 0.000000 -1.570796
    69 0.000000 0.000005 -0.000003 -1.570796 0.000000 -1.570796
    70 -0.000002 0.000006 -0.500010 -1.570796 0.000000 -1.570796
    71 -0.000004 0.000000 -0.000002 -1.570796 0.000000 0.000000
    72 0.000000 0.000000 0.000000 -1.570796 0.000000 0.000000
    73 0.000000 0.000000 0.000000 -1.570796 0.000000 0.000000
    74 -0.000002 0.000000 0.000000 -1.570796 0.000000 0.000000
    75 0.000002 0.000000 0.000000 -1.570796 0.000000 0.000000
    76 0.000006 0.000000 0.000000 -1.570796 0.000000 0.000000
    77 0.000001 0.000000 0.000000 -1.570796 0.000000 0.000000
    78 0.000000 0.000000 0.000000 -1.570796 0.000000 0.000000
    79 0.000003 0.000000 0.000000 -1.570796 0.000000 0.000000
    80 0.000000 0.000000 0.000000 -1.570796 0.000000 0.000000
    81 0.000002 0.000000 -0.000001 -1.570796 0.000000 0.000000
    82 0.000000 0.000000 0.000000 -1.570796 0.000000 0.000000
    83 0.000000 0.000000 -0.000003 0.000000 0.000000 0.000000
    84 0.000000 0.000000 0.000000 0.000000 0.000000 0.000000
    85 0.000000 0.000001 -0.000001 0.000000 0.000000 0.000000
  time 78
    0 -3.235917 -0.360938 -10.842940 -1.263879 0.581246 -1.039832
    1 0.026867 -11.331078 -0.000002 0.466972 0.066420 0.569829
    2 0.000000 -0.570801 0.000000 0.000000 0.000000 0.000000
    3 -0.523475 0.288004 0.590819 -0.186204 -0.518375 -2.290653
    4 2.268907 -0.128130 -0.000001 0.000000 0.000000 0.288904
    5 1.069446 0.056463 0.000000 0.000000 0.000000 0.848230
    6 -1.355754 -2.282777 -0.142105 0.000000 -0.055800 -1.638864
    7 1.726295 -0.000584 0.000001 0.000000 -0.139590 0.005236
    8 1.191507 -0.010942 0.000001 0.000000 -0.282703 0.000000
    9 -0.430529 -2.478479 -0.142105 -0.078949 -0.258974 -1.437491
    10 1.925233 0.004627 0.000003 -3.141592 -1.511579 -3.141593
    11 1.416995 0.008475 0.000000 0.000000 -1.118758 0.020944
    12 0.376671 -2.160851 -0.146011 -0.056428 -0.183088 -1.438553
    13 1.956384 0.053687 0.000000 -0.000001 -1.502013 -0.010473
    14 1.365878 0.003407 0.000000 0.000001 -1.224948 0.005236
    15 1.194772 -1.655615 -0.138199 0.000000 -0.268446 -1.445133
    16 1.674395 0.018204 -0.000001 0.000000 -0.611133 -0.005236
    17 1.089296 -0.001050 -0.000001 0.000000 -1.402604 0.000000
    18 12.859499 -0.427212 -8.548470 -0.638072 -0.601468 -0.124660
    19 -0.295538 -11.160193 0.000002 0.019882 -0.077648 -0.140465
    20 0.288574 -4.437500 0.926270 0.080103 -1.549641 -0.151666
    21 -0.000001 2.791016 0.898926 0.000000 0.000000 0.000000
    22 0.000000 -0.088013 2.902344 0.000000 0.000000 0.000000
    23 -0.483153 -4.492466 0.840004 -1.371887 1.408907 -1.220282
    24 -0.000001 2.900391 1.067383 0.000000 0.000000 0.000000
    25 0.000000 0.272305 2.897379 0.000000 0.000000 0.000000
    26 -0.021851 -0.544922 0.000000 0.000000 0.000000 0.000000
    27 0.581406 0.235277 0.582201 0.211455 -0.480694 -0.919371
    28 2.306785 0.010602 0.000001 0.000000 0.000000 -0.214611
    29 1.238233 -0.010016 -0.000001 0.000000 0.000000 -0.536089
    30 1.420898 -2.330078 -0.171265 0.000000 -0.052360 -1.523672
    31 1.706055 0.018570 0.000000 0.000000 -0.376991 -0.005236
    32 1.170898 -0.007069 0.000000 0.000000 -0.612611 0.010472
    33 0.511719 -2.587891 -0.171265 0.068179 -0.280440 -1.750247
    34 1.837891 0.009178 0.000000 -3.141591 -1.523670 -3.131118
    35 1.438477 0.012917 -0.000001 0.000000 -1.099558 0.005236
    36 -0.359256 -2.265626 -0.168329 0.017968 -0.224442 -1.724665
    37 1.888672 -0.005322 0.000002 0.000002 -1.544617 0.036656
    38 1.369174 -0.010806 0.000002 0.000000 -1.130973 0.010472
    39 -1.191442 -1.692502 -0.168331 0.000000 -0.235619 -1.685988
    40 1.688477 -0.013489 -0.000001 0.000000 -0.753982 0.005229
    41 1.072266 0.022156 -0.000001 0.000000 -1.371829 -0.010472
    42 0.000000 2.973190 -9.561651 0.057610 0.064621 0.010930
    43 0.000000 -3.705933 1.590397 0.000000 0.000000 0.000000
    44 0.000001 -1.273097 2.096640 0.000000 0.000000 0.000000
    45 0.000001 -1.329102 2.134766 0.000000 0.000000 0.000000
    46 0.000000 -2.111626 1.571503 0.000000 0.000000 0.000000
    47 0.000001 -3.744141 1.536133 0.000000 0.000000 0.000000
    48 0.500002 9.999993 0.000002 -1.570796 0.000000 -1.570796
    49 0.500002 9.999993 0.000002 -1.570796 0.000000 -1.570796
    50 0.000000 0.000005 0.000001 -1.570796 0.000000 -1.570796
    51 0.000001 0.000003 -0.500010 -1.570796 0.000000 -1.570796
    52 -0.000001 0.000000 -0.000002 -1.570796 0.000000 0.000000
    53 0.000000 0.000000 0.000000 -1.570797 0.000000 0.000000
    54 0.000001 0.000000 0.000000 -1.570796 0.000000 0.000000
    55 0.000000 0.000000 0.000002 -1.570796 0.000000 0.000000
    56 -0.000003 0.000000 0.000001 -1.570796 0.000000 0.000000
    57 0.000000 0.000000 0.000000 -1.570796 0.000000 0.000000
    58 0.000000 0.000000 -0.000002 -1.570796 0.000000 0.000000
    59 0.000000 0.000000 0.000001 -1.570796 0.000000 0.000000
    60 -0.000003 0.000000 0.000000 -1.570796 0.000000 0.000000
    61 -0.000001 0.000000 0.000000 -1.570796 0.000000 0.000000
    62 0.000000 0.000000 0.000000 -1.570796 0.000001 0.000000
    63 0.000000 0.000000 0.000000 -1.570796 0.000001 0.000000
    64 0.000000 0.000000 0.000001 3.141593 0.000000 0.000000
    65 0.000000 0.000000 0.000000 3.141593 0.000000 0.000000
    66 0.000001 -0.000001 0.000002 3.141592 0.000000 0.000000
    67 0.000000 10.000002 -0.000005 -1.570796 0.000000 -1.570796
    68 0.000000 10.000002 -0.000005 -1.570796 0.000000 -1.570796
    69 0.000000 0.000005 -0.000003 -1.570796 0.000000 -1.570796
    70 -0.000002 0.000006 -0.500010 -1.570796 0.000000 -1.570796
    71 -0.000004 0.000000 -0.000002 -1.570796 0.000000 0.000000
    72 0.000000 0.000000 0.000000 -1.570796 0.000000 0.000000
    73 0.000000 0.000000 0.000000 -1.570796 0.000000 0.000000
    74 -0.000002 0.000000 0.000000 -1.570796 0.000000 0.000000
    75 0.000002 0.000000 0.000000 -1.570796 0.000000 0.000000
    76 0.000006 0.000000 0.000000 -1.570796 0.000000 0.000000
    77 0.000001 0.000000 0.000000 -1.570796 0.000000 0.000000
    78 0.000000 0.000000 0.000000 -1.570796 0.000000 0.000000
    79 0.000003 0.000000 0.000000 -1.570796 0.000000 0.000000
    80 0.000000 0.000000 0.000000 -1.570796 0.000000 0.000000
    81 0.000002 0.000000 -0.000001 -1.570796 0.000000 0.000000
    82 0.000000 0.000000 0.000000 -1.570796 0.000000 0.000000
    83 0.000000 0.000000 -0.000003 0.000000 0.000000 0.000000
    84 0.000000 0.000000 0.000000 0.000000 0.000000 0.000000
    85 0.000000 0.000001 -0.000001 0.000000 0.000000 0.000000
  time 79
    0 -3.974221 -0.571882 -10.956225 -1.257804 0.560737 -1.000653
    1 0.026867 -11.331078 -0.000002 0.540862 0.006380 0.409951
    2 0.000000 -0.570801 0.000000 0.000000 0.000000 0.000000
    3 -0.523475 0.284097 0.594726 -0.021259 -0.567676 -2.405746
    4 2.276719 -0.120318 -0.000001 0.000000 0.000000 0.208276
    5 1.069446 0.056463 0.000000 0.000000 0.000000 0.848230
    6 -1.359660 -2.286684 -0.142105 0.000000 -0.054951 -1.638864
    7 1.726295 -0.000584 0.000001 0.000000 -0.144288 0.005236
    8 1.203226 -0.010942 0.000001 0.000000 -0.288002 0.000000
    9 -0.430529 -2.478479 -0.142105 -0.078937 -0.258067 -1.437588
    10 1.925233 0.004627 0.000003 -3.141592 -1.506213 -3.141593
    11 1.413089 0.008475 0.000000 0.000000 -1.125284 0.020944
    12 0.376671 -2.160851 -0.149917 -0.056428 -0.183528 -1.438505
    13 1.952478 0.057593 0.000000 -0.000001 -1.505706 -0.010473
    14 1.358065 0.003407 0.000000 0.000001 -1.232727 0.005236
    15 1.194772 -1.655615 -0.138199 0.000000 -0.269604 -1.445133
    16 1.682208 0.018204 -0.000001 0.000000 -0.609983 -0.005236
    17 1.089296 -0.001050 -0.000001 0.000000 -1.409856 0.000000
    18 12.847780 -0.431119 -8.536751 -0.653290 -0.638653 -0.099381
    19 -0.295538 -11.152380 0.000002 -0.004257 -0.136177 -0.149680
    20 0.288574 -4.437500 0.926270 0.080103 -1.549641 -0.151666
    21 -0.000001 2.791016 0.898926 0.000000 0.000000 0.000000
    22 0.000000 -0.088013 2.902344 0.000000 0.000000 0.000000
    23 -0.490966 -4.492466 0.836098 -1.429669 1.376261 -1.264051
    24 -0.000001 2.900391 1.067383 0.000000 0.000000 0.000000
    25 0.000000 0.268398 2.893472 0.000000 0.000000 0.000000
    26 -0.021851 -0.544922 0.000000 0.000000 0.000000 0.000000
    27 0.581406 0.239183 0.586107 0.213162 -0.466334 -0.950932
    28 2.306785 0.010602 0.000001 0.000000 0.000000 -0.260738
    29 1.238233 -0.010016 -0.000001 0.000000 0.000000 -0.422495
    30 1.420898 -2.330078 -0.171265 0.000000 -0.052360 -1.523672
    31 1.706055 0.018570 0.000000 0.000000 -0.376991 -0.005236
    32 1.170898 -0.007069 0.000000 0.000000 -0.612611 0.010472
    33 0.511719 -2.587891 -0.171265 0.068179 -0.280440 -1.750247
    34 1.837891 0.009178 0.000000 -3.141591 -1.523670 -3.131118
    35 1.438477 0.012917 -0.000001 0.000000 -1.099558 0.005236
    36 -0.359256 -2.261720 -0.168329 0.017968 -0.224442 -1.724665
    37 1.888672 -0.005322 0.000002 0.000002 -1.544617 0.036656
    38 1.369174 -0.010806 0.000002 0.000000 -1.130973 0.010472
    39 -1.191442 -1.692502 -0.168331 0.000000 -0.235619 -1.685988
    40 1.688477 -0.013489 -0.000001 0.000000 -0.753982 0.005229
    41 1.072266 0.022156 -0.000001 0.000000 -1.371829 -0.010472
    42 0.000000 6.094379 -15.085257 0.056687 0.063578 0.010690
    43 0.000000 -3.705933 1.590397 0.000000 0.000000 0.000000
    44 0.000001 -1.273097 2.096640 0.000000 0.000000 0.000000
    45 0.000001 -1.329102 2.134766 0.000000 0.000000 0.000000
    46 0.000000 -2.107720 1.567596 0.000000 0.000000 0.000000
    47 0.000001 -3.744141 1.536133 0.000000 0.000000 0.000000
    48 0.500002 9.999993 0.000002 -1.570796 0.000000 -1.570796
    49 0.500002 9.999993 0.000002 -1.570796 0.000000 -1.570796
    50 0.000000 0.000005 0.000001 -1.570796 0.000000 -1.570796
    51 0.000001 0.000003 -0.500010 -1.570796 0.000000 -1.570796
    52 -0.000001 0.000000 -0.000002 -1.570796 0.000000 0.000000
    53 0.000000 0.000000 0.000000 -1.570797 0.000000 0.000000
    54 0.000001 0.000000 0.000000 -1.570796 0.000000 0.000000
    55 0.000000 0.000000 0.000002 -1.570796 0.000000 0.000000
    56 -0.000003 0.000000 0.000001 -1.570796 0.000000 0.000000
    57 0.000000 0.000000 0.000000 -1.570796 0.000000 0.000000
    58 0.000000 0.000000 -0.000002 -1.570796 0.000000 0.000000
    59 0.000000 0.000000 0.000001 -1.570796 0.000000 0.000000
    60 -0.000003 0.000000 0.000000 -1.570796 0.000000 0.000000
    61 -0.000001 0.000000 0.000000 -1.570796 0.000000 0.000000
    62 0.000000 0.000000 0.000000 -1.570796 0.000001 0.000000
    63 0.000000 0.000000 0.000000 -1.570796 0.000001 0.000000
    64 0.000000 0.000000 0.000001 3.141593 0.000000 0.000000
    65 0.000000 0.000000 0.000000 3.141593 0.000000 0.000000
    66 0.000001 -0.000001 0.000002 3.141592 0.000000 0.000000
    67 0.000000 10.000002 -0.000005 -1.570796 0.000000 -1.570796
    68 0.000000 10.000002 -0.000005 -1.570796 0.000000 -1.570796
    69 0.000000 0.000005 -0.000003 -1.570796 0.000000 -1.570796
    70 -0.000002 0.000006 -0.500010 -1.570796 0.000000 -1.570796
    71 -0.000004 0.000000 -0.000002 -1.570796 0.000000 0.000000
    72 0.000000 0.000000 0.000000 -1.570796 0.000000 0.000000
    73 0.000000 0.000000 0.000000 -1.570796 0.000000 0.000000
    74 -0.000002 0.000000 0.000000 -1.570796 0.000000 0.000000
    75 0.000002 0.000000 0.000000 -1.570796 0.000000 0.000000
    76 0.000006 0.000000 0.000000 -1.570796 0.000000 0.000000
    77 0.000001 0.000000 0.000000 -1.570796 0.000000 0.000000
    78 0.000000 0.000000 0.000000 -1.570796 0.000000 0.000000
    79 0.000003 0.000000 0.000000 -1.570796 0.000000 0.000000
    80 0.000000 0.000000 0.000000 -1.570796 0.000000 0.000000
    81 0.000002 0.000000 -0.000001 -1.570796 0.000000 0.000000
    82 0.000000 0.000000 0.000000 -1.570796 0.000000 0.000000
    83 0.000000 0.000000 -0.000003 0.000000 0.000000 0.000000
    84 0.000000 0.000000 0.000000 0.000000 0.000000 0.000000
    85 0.000000 0.000001 -0.000001 0.000000 0.000000 0.000000
  time 80
    0 -4.560176 -0.724231 -11.049978 -1.250370 0.542467 -0.958121
    1 0.026867 -11.331078 -0.000002 0.575077 -0.023130 0.322448
    2 0.000000 -0.570801 0.000000 0.000000 0.000000 0.000000
    3 -0.519569 0.288004 0.590819 0.069220 -0.587038 -2.471340
    4 2.276719 -0.124224 -0.000001 0.000000 0.000000 0.167693
    5 1.069446 0.056463 0.000000 0.000000 0.000000 0.848230
    6 -1.355754 -2.274965 -0.142105 0.000000 -0.054314 -1.638864
    7 1.730202 -0.000584 0.000001 0.000000 -0.149064 0.005236
    8 1.203226 -0.010942 0.000001 0.000000 -0.293440 0.000000
    9 -0.422716 -2.478479 -0.142105 -0.078901 -0.257009 -1.437685
    10 1.929139 0.004627 0.000003 -3.141592 -1.500018 -3.141593
    11 1.413089 0.008475 0.000000 0.000000 -1.133279 0.020944
    12 0.376671 -2.160851 -0.149917 -0.056428 -0.184168 -1.438481
    13 1.956384 0.057593 0.000000 -0.000001 -1.510059 -0.010473
    14 1.361971 0.003407 0.000000 0.000001 -1.242148 0.005236
    15 1.194772 -1.655615 -0.138199 0.000000 -0.270870 -1.445133
    16 1.674395 0.018204 -0.000001 0.000000 -0.608533 -0.005236
    17 1.089296 -0.001050 -0.000001 0.000000 -1.418811 0.000000
    18 12.847780 -0.435025 -8.536751 -0.673767 -0.677898 -0.068952
    19 -0.295538 -11.156286 0.000002 -0.022856 -0.202323 -0.162707
    20 0.288574 -4.437500 0.926270 0.080103 -1.549641 -0.151666
    21 -0.000001 2.791016 0.898926 0.000000 0.000000 0.000000
    22 0.000000 -0.088013 2.902344 0.000000 0.000000 0.000000
    23 -0.487059 -4.484653 0.843910 -1.474381 1.341781 -1.294027
    24 -0.000001 2.900391 1.067383 0.000000 0.000000 0.000000
    25 0.000000 0.272305 2.893472 0.000000 0.000000 0.000000
    26 -0.021851 -0.544922 0.000000 0.000000 0.000000 0.000000
    27 0.589218 0.235277 0.582201 0.217714 -0.451356 -0.992442
    28 2.306785 0.010602 0.000001 0.000000 0.000000 -0.323251
    29 1.234327 -0.010016 -0.000001 0.000000 0.000000 -0.305371
    30 1.420898 -2.330078 -0.171265 0.000000 -0.052360 -1.523672
    31 1.706055 0.018570 0.000000 0.000000 -0.376991 -0.005236
    32 1.170898 -0.007069 0.000000 0.000000 -0.612611 0.010472
    33 0.511719 -2.587891 -0.171265 0.068179 -0.280440 -1.750247
    34 1.837891 0.009178 0.000000 -3.141591 -1.523670 -3.131118
    35 1.438477 0.012917 -0.000001 0.000000 -1.099558 0.005236
    36 -0.359256 -2.261720 -0.168329 0.017968 -0.224442 -1.724665
    37 1.888672 -0.005322 0.000002 0.000002 -1.544617 0.036656
    38 1.369174 -0.010806 0.000002 0.000000 -1.130973 0.010472
    39 -1.191442 -1.692502 -0.164424 0.000000 -0.235619 -1.685988
    40 1.688477 -0.013489 -0.000001 0.000000 -0.753982 0.005229
    41 1.072266 0.022156 -0.000001 0.000000 -1.371829 -0.010472
    42 0.000000 8.758523 -19.870559 0.055668 0.062536 0.010462
    43 0.000000 -3.705933 1.590397 0.000000 0.000000 0.000000
    44 0.000001 -1.273097 2.096640 0.000000 0.000000 0.000000
    45 0.000001 -1.329102 2.134766 0.000000 0.000000 0.000000
    46 0.000000 -2.107720 1.567596 0.000000 0.000000 0.000000
    47 0.000001 -3.744141 1.536133 0.000000 0.000000 0.000000
    48 0.500002 9.999993 0.000002 -1.570796 0.000000 -1.570796
    49 0.500002 9.999993 0.000002 -1.570796 0.000000 -1.570796
    50 0.000000 0.000005 0.000001 -1.570796 0.000000 -1.570796
    51 0.000001 0.000003 -0.500010 -1.570796 0.000000 -1.570796
    52 -0.000001 0.000000 -0.000002 -1.570796 0.000000 0.000000
    53 0.000000 0.000000 0.000000 -1.570797 0.000000 0.000000
    54 0.000001 0.000000 0.000000 -1.570796 0.000000 0.000000
    55 0.000000 0.000000 0.000002 -1.570796 0.000000 0.000000
    56 -0.000003 0.000000 0.000001 -1.570796 0.000000 0.000000
    57 0.000000 0.000000 0.000000 -1.570796 0.000000 0.000000
    58 0.000000 0.000000 -0.000002 -1.570796 0.000000 0.000000
    59 0.000000 0.000000 0.000001 -1.570796 0.000000 0.000000
    60 -0.000003 0.000000 0.000000 -1.570796 0.000000 0.000000
    61 -0.000001 0.000000 0.000000 -1.570796 0.000000 0.000000
    62 0.000000 0.000000 0.000000 -1.570796 0.000001 0.000000
    63 0.000000 0.000000 0.000000 -1.570796 0.000001 0.000000
    64 0.000000 0.000000 0.000001 3.141593 0.000000 0.000000
    65 0.000000 0.000000 0.000000 3.141593 0.000000 0.000000
    66 0.000001 -0.000001 0.000002 3.141592 0.000000 0.000000
    67 0.000000 10.000002 -0.000005 -1.570796 0.000000 -1.570796
    68 0.000000 10.000002 -0.000005 -1.570796 0.000000 -1.570796
    69 0.000000 0.000005 -0.000003 -1.570796 0.000000 -1.570796
    70 -0.000002 0.000006 -0.500010 -1.570796 0.000000 -1.570796
    71 -0.000004 0.000000 -0.000002 -1.570796 0.000000 0.000000
    72 0.000000 0.000000 0.000000 -1.570796 0.000000 0.000000
    73 0.000000 0.000000 0.000000 -1.570796 0.000000 0.000000
    74 -0.000002 0.000000 0.000000 -1.570796 0.000000 0.000000
    75 0.000002 0.000000 0.000000 -1.570796 0.000000 0.000000
    76 0.000006 0.000000 0.000000 -1.570796 0.000000 0.000000
    77 0.000001 0.000000 0.000000 -1.570796 0.000000 0.000000
    78 0.000000 0.000000 0.000000 -1.570796 0.000000 0.000000
    79 0.000003 0.000000 0.000000 -1.570796 0.000000 0.000000
    80 0.000000 0.000000 0.000000 -1.570796 0.000000 0.000000
    81 0.000002 0.000000 -0.000001 -1.570796 0.000000 0.000000
    82 0.000000 0.000000 0.000000 -1.570796 0.000000 0.000000
    83 0.000000 0.000000 -0.000003 0.000000 0.000000 0.000000
    84 0.000000 0.000000 0.000000 0.000000 0.000000 0.000000
    85 0.000000 0.000001 -0.000001 0.000000 0.000000 0.000000
  time 81
    0 -5.028941 -0.829703 -11.139824 -1.248691 0.538974 -0.948925
    1 0.026867 -11.331078 -0.000002 0.573907 -0.024673 0.318431
    2 0.000000 -0.570801 0.000000 0.000000 0.000000 0.000000
    3 -0.523475 0.280191 0.590819 0.072804 -0.587766 -2.474099
    4 2.276719 -0.124224 -0.000001 0.000000 0.000000 0.166215
    5 1.069446 0.056463 0.000000 0.000000 0.000000 0.848230
    6 -1.355754 -2.278871 -0.142105 0.000000 -0.053507 -1.638864
    7 1.730202 -0.000584 0.000001 0.000000 -0.153871 0.005236
    8 1.203226 -0.010942 0.000001 0.000000 -0.298850 0.000000
    9 -0.430529 -2.478479 -0.146012 -0.078877 -0.255699 -1.437782
    10 1.921327 0.004627 0.000003 -3.141592 -1.492606 -3.141593
    11 1.416995 0.008475 0.000000 0.000000 -1.142484 0.020944
    12 0.376671 -2.160851 -0.149917 -0.056428 -0.184929 -1.438445
    13 1.956384 0.057593 0.000000 -0.000001 -1.515075 -0.010473
    14 1.365878 0.003407 0.000000 0.000001 -1.252952 0.005236
    15 1.194772 -1.655615 -0.146012 0.000000 -0.272462 -1.445133
    16 1.674395 0.018204 -0.000001 0.000000 -0.606891 -0.005236
    17 1.089296 -0.001050 -0.000001 0.000000 -1.429275 0.000000
    18 12.847780 -0.442838 -8.528938 -0.677336 -0.695316 -0.057623
    19 -0.291631 -11.156286 0.000002 -0.018431 -0.228573 -0.167428
    20 0.288574 -4.437500 0.926270 0.080103 -1.549641 -0.151666
    21 -0.000001 2.791016 0.898926 0.000000 0.000000 0.000000
    22 0.000000 -0.088013 2.902344 0.000000 0.000000 0.000000
    23 -0.490966 -4.484653 0.840004 -1.510528 1.305947 -1.314772
    24 -0.000001 2.900391 1.067383 0.000000 0.000000 0.000000
    25 0.000000 0.268398 2.893472 0.000000 0.000000 0.000000
    26 -0.021851 -0.544922 0.000000 0.000000 0.000000 0.000000
    27 0.581406 0.231370 0.578294 0.222543 -0.441903 -1.031668
    28 2.306785 0.010602 0.000001 0.000000 0.000000 -0.379894
    29 1.234327 -0.010016 -0.000001 0.000000 0.000000 -0.215318
    30 1.420898 -2.330078 -0.171265 0.000000 -0.052360 -1.523672
    31 1.706055 0.018570 0.000000 0.000000 -0.376991 -0.005236
    32 1.170898 -0.007069 0.000000 0.000000 -0.612611 0.010472
    33 0.511719 -2.587891 -0.171265 0.068179 -0.280440 -1.750247
    34 1.837891 0.009178 0.000000 -3.141591 -1.523670 -3.131118
    35 1.438477 0.012917 -0.000001 0.000000 -1.099558 0.005236
    36 -0.359256 -2.261720 -0.168329 0.017968 -0.224442 -1.724665
    37 1.888672 -0.005322 0.000002 0.000002 -1.544617 0.036656
    38 1.369174 -0.010806 0.000002 0.000000 -1.130973 0.010472
    39 -1.191442 -1.688595 -0.164424 0.000000 -0.235619 -1.685988
    40 1.688477 -0.013489 -0.000001 0.000000 -0.753982 0.005229
    41 1.072266 0.022156 -0.000001 0.000000 -1.371829 -0.010472
    42 0.000000 10.785928 -23.655831 0.054614 0.061241 0.010271
    43 0.000000 -3.705933 1.590397 0.000000 0.000000 0.000000
    44 0.000001 -1.269191 2.096640 0.000000 0.000000 0.000000
    45 0.000001 -1.329102 2.134766 0.000000 0.000000 0.000000
    46 0.000000 -2.111626 1.567596 0.000000 0.000000 0.000000
    47 0.000001 -3.744141 1.536133 0.000000 0.000000 0.000000
    48 0.500002 9.999993 0.000002 -1.570796 0.000000 -1.570796
    49 0.500002 9.999993 0.000002 -1.570796 0.000000 -1.570796
    50 0.000000 0.000005 0.000001 -1.570796 0.000000 -1.570796
    51 0.000001 0.000003 -0.500010 -1.570796 0.000000 -1.570796
    52 -0.000001 0.000000 -0.000002 -1.570796 0.000000 0.000000
    53 0.000000 0.000000 0.000000 -1.570797 0.000000 0.000000
    54 0.000001 0.000000 0.000000 -1.570796 0.000000 0.000000
    55 0.000000 0.000000 0.000002 -1.570796 0.000000 0.000000
    56 -0.000003 0.000000 0.000001 -1.570796 0.000000 0.000000
    57 0.000000 0.000000 0.000000 -1.570796 0.000000 0.000000
    58 0.000000 0.000000 -0.000002 -1.570796 0.000000 0.000000
    59 0.000000 0.000000 0.000001 -1.570796 0.000000 0.000000
    60 -0.000003 0.000000 0.000000 -1.570796 0.000000 0.000000
    61 -0.000001 0.000000 0.000000 -1.570796 0.000000 0.000000
    62 0.000000 0.000000 0.000000 -1.570796 0.000001 0.000000
    63 0.000000 0.000000 0.000000 -1.570796 0.000001 0.000000
    64 0.000000 0.000000 0.000001 3.141593 0.000000 0.000000
    65 0.000000 0.000000 0.000000 3.141593 0.000000 0.000000
    66 0.000001 -0.000001 0.000002 3.141592 0.000000 0.000000
    67 0.000000 10.000002 -0.000005 -1.570796 0.000000 -1.570796
    68 0.000000 10.000002 -0.000005 -1.570796 0.000000 -1.570796
    69 0.000000 0.000005 -0.000003 -1.570796 0.000000 -1.570796
    70 -0.000002 0.000006 -0.500010 -1.570796 0.000000 -1.570796
    71 -0.000004 0.000000 -0.000002 -1.570796 0.000000 0.000000
    72 0.000000 0.000000 0.000000 -1.570796 0.000000 0.000000
    73 0.000000 0.000000 0.000000 -1.570796 0.000000 0.000000
    74 -0.000002 0.000000 0.000000 -1.570796 0.000000 0.000000
    75 0.000002 0.000000 0.000000 -1.570796 0.000000 0.000000
    76 0.000006 0.000000 0.000000 -1.570796 0.000000 0.000000
    77 0.000001 0.000000 0.000000 -1.570796 0.000000 0.000000
    78 0.000000 0.000000 0.000000 -1.570796 0.000000 0.000000
    79 0.000003 0.000000 0.000000 -1.570796 0.000000 0.000000
    80 0.000000 0.000000 0.000000 -1.570796 0.000000 0.000000
    81 0.000002 0.000000 -0.000001 -1.570796 0.000000 0.000000
    82 0.000000 0.000000 0.000000 -1.570796 0.000000 0.000000
    83 0.000000 0.000000 -0.000003 0.000000 0.000000 0.000000
    84 0.000000 0.000000 0.000000 0.000000 0.000000 0.000000
    85 0.000000 0.000001 -0.000001 0.000000 0.000000 0.000000
  time 82
    0 -5.450829 -0.927362 -11.210139 -1.244055 0.529167 -0.922103
    1 0.026867 -11.331078 -0.000002 0.570184 -0.029137 0.307207
    2 0.000000 -0.570801 0.000000 0.000000 0.000000 0.000000
    3 -0.523475 0.288004 0.590819 0.083332 -0.589876 -2.482212
    4 2.276719 -0.120318 -0.000001 0.000000 0.000000 0.162318
    5 1.069446 0.056463 0.000000 0.000000 0.000000 0.848230
    6 -1.359660 -2.278871 -0.142105 0.000000 -0.052700 -1.638864
    7 1.726295 -0.000584 0.000001 0.000000 -0.158756 0.005236
    8 1.199319 -0.010942 0.000001 0.000000 -0.304371 0.000000
    9 -0.434435 -2.478479 -0.146012 -0.078841 -0.254389 -1.437879
    10 1.925233 0.004627 0.000003 -3.141592 -1.484807 -3.141593
    11 1.416995 0.008475 0.000000 0.000000 -1.152077 0.020944
    12 0.376671 -2.160851 -0.142104 -0.056428 -0.185569 -1.438409
    13 1.952478 0.053687 0.000000 -0.000001 -1.520310 -0.010473
    14 1.365878 0.003407 0.000000 0.000001 -1.264274 0.005236
    15 1.194772 -1.659521 -0.142105 0.000000 -0.274090 -1.445133
    16 1.678301 0.018204 -0.000001 0.000000 -0.605139 -0.005236
    17 1.089296 -0.001050 -0.000001 0.000000 -1.440031 0.000000
    18 12.847780 -0.442838 -8.525031 -0.670855 -0.686390 -0.063896
    19 -0.291631 -11.152380 0.000002 0.020638 -0.229863 -0.181768
    20 0.288574 -4.437500 0.926270 0.080103 -1.549641 -0.151666
    21 -0.000001 2.791016 0.898926 0.000000 0.000000 0.000000
    22 0.000000 -0.088013 2.902344 0.000000 0.000000 0.000000
    23 -0.483153 -4.488559 0.843910 -1.510528 1.305947 -1.314883
    24 -0.000001 2.900391 1.067383 0.000000 0.000000 0.000000
    25 0.000000 0.272305 2.897379 0.000000 0.000000 0.000000
    26 -0.021851 -0.544922 0.000000 0.000000 0.000000 0.000000
    27 0.581406 0.235277 0.578294 0.225834 -0.444441 -1.055594
    28 2.306785 0.010602 0.000001 0.000000 0.000000 -0.408424
    29 1.234327 -0.010016 -0.000001 0.000000 0.000000 -0.183336
    30 1.420898 -2.330078 -0.171265 0.000000 -0.052360 -1.523672
    31 1.706055 0.018570 0.000000 0.000000 -0.376991 -0.005236
    32 1.170898 -0.007069 0.000000 0.000000 -0.612611 0.010472
    33 0.511719 -2.587891 -0.171265 0.068179 -0.280440 -1.750247
    34 1.837891 0.009178 0.000000 -3.141591 -1.523670 -3.131118
    35 1.438477 0.012917 -0.000001 0.000000 -1.099558 0.005236
    36 -0.359256 -2.265626 -0.168329 0.017968 -0.224442 -1.724665
    37 1.888672 -0.005322 0.000002 0.000002 -1.544617 0.036656
    38 1.369174 -0.010806 0.000002 0.000000 -1.130973 0.010472
    39 -1.191442 -1.692502 -0.168331 0.000000 -0.235619 -1.685988
    40 1.688477 -0.013489 -0.000001 0.000000 -0.753982 0.005229
    41 1.072266 0.022156 -0.000001 0.000000 -1.371829 -0.010472
    42 0.000000 12.524262 -26.866867 0.053331 0.059923 0.009971
    43 0.000000 -3.705933 1.590397 0.000000 0.000000 0.000000
    44 0.000001 -1.269191 2.096640 0.000000 0.000000 0.000000
    45 0.000001 -1.329102 2.134766 0.000000 0.000000 0.000000
    46 0.000000 -2.107720 1.567596 0.000000 0.000000 0.000000
    47 0.000001 -3.744141 1.536133 0.000000 0.000000 0.000000
    48 0.500002 9.999993 0.000002 -1.570796 0.000000 -1.570796
    49 0.500002 9.999993 0.000002 -1.570796 0.000000 -1.570796
    50 0.000000 0.000005 0.000001 -1.570796 0.000000 -1.570796
    51 0.000001 0.000003 -0.500010 -1.570796 0.000000 -1.570796
    52 -0.000001 0.000000 -0.000002 -1.570796 0.000000 0.000000
    53 0.000000 0.000000 0.000000 -1.570797 0.000000 0.000000
    54 0.000001 0.000000 0.000000 -1.570796 0.000000 0.000000
    55 0.000000 0.000000 0.000002 -1.570796 0.000000 0.000000
    56 -0.000003 0.000000 0.000001 -1.570796 0.000000 0.000000
    57 0.000000 0.000000 0.000000 -1.570796 0.000000 0.000000
    58 0.000000 0.000000 -0.000002 -1.570796 0.000000 0.000000
    59 0.000000 0.000000 0.000001 -1.570796 0.000000 0.000000
    60 -0.000003 0.000000 0.000000 -1.570796 0.000000 0.000000
    61 -0.000001 0.000000 0.000000 -1.570796 0.000000 0.000000
    62 0.000000 0.000000 0.000000 -1.570796 0.000001 0.000000
    63 0.000000 0.000000 0.000000 -1.570796 0.000001 0.000000
    64 0.000000 0.000000 0.000001 3.141593 0.000000 0.000000
    65 0.000000 0.000000 0.000000 3.141593 0.000000 0.000000
    66 0.000001 -0.000001 0.000002 3.141592 0.000000 0.000000
    67 0.000000 10.000002 -0.000005 -1.570796 0.000000 -1.570796
    68 0.000000 10.000002 -0.000005 -1.570796 0.000000 -1.570796
    69 0.000000 0.000005 -0.000003 -1.570796 0.000000 -1.570796
    70 -0.000002 0.000006 -0.500010 -1.570796 0.000000 -1.570796
    71 -0.000004 0.000000 -0.000002 -1.570796 0.000000 0.000000
    72 0.000000 0.000000 0.000000 -1.570796 0.000000 0.000000
    73 0.000000 0.000000 0.000000 -1.570796 0.000000 0.000000
    74 -0.000002 0.000000 0.000000 -1.570796 0.000000 0.000000
    75 0.000002 0.000000 0.000000 -1.570796 0.000000 0.000000
    76 0.000006 0.000000 0.000000 -1.570796 0.000000 0.000000
    77 0.000001 0.000000 0.000000 -1.570796 0.000000 0.000000
    78 0.000000 0.000000 0.000000 -1.570796 0.000000 0.000000
    79 0.000003 0.000000 0.000000 -1.570796 0.000000 0.000000
    80 0.000000 0.000000 0.000000 -1.570796 0.000000 0.000000
    81 0.000002 0.000000 -0.000001 -1.570796 0.000000 0.000000
    82 0.000000 0.000000 0.000000 -1.570796 0.000000 0.000000
    83 0.000000 0.000000 -0.000003 0.000000 0.000000 0.000000
    84 0.000000 0.000000 0.000000 0.000000 0.000000 0.000000
    85 0.000000 0.000001 -0.000001 0.000000 0.000000 0.000000
  time 83
    0 -5.841466 -1.017208 -11.272641 -1.238300 0.515957 -0.883978
    1 0.026867 -11.331078 -0.000002 0.563873 -0.035915 0.290840
    2 0.000000 -0.570801 0.000000 0.000000 0.000000 0.000000
    3 -0.523475 0.280191 0.590819 0.100083 -0.593249 -2.495252
    4 2.276719 -0.120318 -0.000001 0.000000 0.000000 0.155901
    5 1.069446 0.056463 0.000000 0.000000 0.000000 0.848230
    6 -1.355754 -2.286684 -0.142105 0.000000 -0.051851 -1.638864
    7 1.730202 -0.000584 0.000001 0.000000 -0.163626 0.005236
    8 1.203226 -0.010942 0.000001 0.000000 -0.309920 0.000000
    9 -0.426622 -2.478479 -0.142105 -0.078817 -0.253180 -1.437990
    10 1.929139 0.004627 0.000003 -3.141592 -1.477671 -3.141593
    11 1.413089 0.008475 0.000000 0.000000 -1.160936 0.020944
    12 0.376671 -2.160851 -0.146011 -0.056440 -0.186129 -1.438374
    13 1.952478 0.057593 0.000000 -0.000001 -1.524995 -0.010473
    14 1.365878 0.003407 0.000000 0.000001 -1.274732 0.005236
    15 1.194772 -1.659521 -0.138199 0.000000 -0.275501 -1.445133
    16 1.678301 0.018204 -0.000001 0.000000 -0.603579 -0.005236
    17 1.089296 -0.001050 -0.000001 0.000000 -1.450057 0.000000
    18 12.847780 -0.442838 -8.525031 -0.712467 -0.668177 -0.049384
    19 -0.299444 -11.156286 0.000002 0.083486 -0.288789 -0.259804
    20 0.288574 -4.437500 0.926270 0.080103 -1.549641 -0.151666
    21 -0.000001 2.791016 0.898926 0.000000 0.000000 0.000000
    22 0.000000 -0.088013 2.902344 0.000000 0.000000 0.000000
    23 -0.494872 -4.484653 0.843910 -1.490246 1.327280 -1.303426
    24 -0.000001 2.900391 1.067383 0.000000 0.000000 0.000000
    25 0.000000 -1.571502 2.901285 0.000000 0.000000 0.000000
    26 -0.021851 -0.544922 0.000000 0.000000 0.000000 0.000000
    27 0.585312 0.235277 0.586107 0.226311 -0.447016 -1.058630
    28 2.306785 0.010602 0.000001 0.000000 0.000000 -0.409061
    29 1.234327 -0.010016 -0.000001 0.000000 0.000000 -0.183950
    30 1.420898 -2.330078 -0.171265 0.000000 -0.052360 -1.523672
    31 1.706055 0.018570 0.000000 0.000000 -0.376991 -0.005236
    32 1.170898 -0.007069 0.000000 0.000000 -0.612611 0.010472
    33 0.511719 -2.587891 -0.171265 0.068179 -0.280440 -1.750247
    34 1.837891 0.009178 0.000000 -3.141591 -1.523670 -3.131118
    35 1.438477 0.012917 -0.000001 0.000000 -1.099558 0.005236
    36 -0.359256 -2.261720 -0.168329 0.017968 -0.224442 -1.724665
    37 1.888672 -0.005322 0.000002 0.000002 -1.544617 0.036656
    38 1.365267 -0.010806 0.000002 0.000000 -1.130973 0.010472
    39 -1.191442 -1.692502 -0.164424 0.000000 -0.235619 -1.685988
    40 1.688477 -0.013489 -0.000001 0.000000 -0.753982 0.005229
    41 1.072266 0.022156 -0.000001 0.000000 -1.371829 -0.010472
    42 0.000000 13.973525 -29.538823 0.051989 0.058437 0.009683
    43 0.000000 -3.705933 1.590397 0.000000 0.000000 0.000000
    44 0.000001 -1.273097 2.096640 0.000000 0.000000 0.000000
    45 0.000001 -1.329102 2.134766 0.000000 0.000000 0.000000
    46 0.000000 -2.111626 1.567596 0.000000 0.000000 0.000000
    47 0.000001 -3.744141 1.536133 0.000000 0.000000 0.000000
    48 0.500002 9.999993 0.000002 -1.570796 0.000000 -1.570796
    49 0.500002 9.999993 0.000002 -1.570796 0.000000 -1.570796
    50 0.000000 0.000005 0.000001 -1.570796 0.000000 -1.570796
    51 0.000001 0.000003 -0.500010 -1.570796 0.000000 -1.570796
    52 -0.000001 0.000000 -0.000002 -1.570796 0.000000 0.000000
    53 0.000000 0.000000 0.000000 -1.570797 0.000000 0.000000
    54 0.000001 0.000000 0.000000 -1.570796 0.000000 0.000000
    55 0.000000 0.000000 0.000002 -1.570796 0.000000 0.000000
    56 -0.000003 0.000000 0.000001 -1.570796 0.000000 0.000000
    57 0.000000 0.000000 0.000000 -1.570796 0.000000 0.000000
    58 0.000000 0.000000 -0.000002 -1.570796 0.000000 0.000000
    59 0.000000 0.000000 0.000001 -1.570796 0.000000 0.000000
    60 -0.000003 0.000000 0.000000 -1.570796 0.000000 0.000000
    61 -0.000001 0.000000 0.000000 -1.570796 0.000000 0.000000
    62 0.000000 0.000000 0.000000 -1.570796 0.000001 0.000000
    63 0.000000 0.000000 0.000000 -1.570796 0.000001 0.000000
    64 0.000000 0.000000 0.000001 3.141593 0.000000 0.000000
    65 0.000000 0.000000 0.000000 3.141593 0.000000 0.000000
    66 0.000001 -0.000001 0.000002 3.141592 0.000000 0.000000
    67 0.000000 10.000002 -0.000005 -1.570796 0.000000 -1.570796
    68 0.000000 10.000002 -0.000005 -1.570796 0.000000 -1.570796
    69 0.000000 0.000005 -0.000003 -1.570796 0.000000 -1.570796
    70 -0.000002 0.000006 -0.500010 -1.570796 0.000000 -1.570796
    71 -0.000004 0.000000 -0.000002 -1.570796 0.000000 0.000000
    72 0.000000 0.000000 0.000000 -1.570796 0.000000 0.000000
    73 0.000000 0.000000 0.000000 -1.570796 0.000000 0.000000
    74 -0.000002 0.000000 0.000000 -1.570796 0.000000 0.000000
    75 0.000002 0.000000 0.000000 -1.570796 0.000000 0.000000
    76 0.000006 0.000000 0.000000 -1.570796 0.000000 0.000000
    77 0.000001 0.000000 0.000000 -1.570796 0.000000 0.000000
    78 0.000000 0.000000 0.000000 -1.570796 0.000000 0.000000
    79 0.000003 0.000000 0.000000 -1.570796 0.000000 0.000000
    80 0.000000 0.000000 0.000000 -1.570796 0.000000 0.000000
    81 0.000002 0.000000 -0.000001 -1.570796 0.000000 0.000000
    82 0.000000 0.000000 0.000000 -1.570796 0.000000 0.000000
    83 0.000000 0.000000 -0.000003 0.000000 0.000000 0.000000
    84 0.000000 0.000000 0.000000 0.000000 0.000000 0.000000
    85 0.000000 0.000001 -0.000001 0.000000 0.000000 0.000000
  time 84
    0 -6.181320 -1.083617 -11.319517 -1.233423 0.504762 -0.848247
    1 0.026867 -11.331078 -0.000002 0.556392 -0.042721 0.275374
    2 0.000000 -0.570801 0.000000 0.000000 0.000000 0.000000
    3 -0.523475 0.288004 0.586913 0.121893 -0.597662 -2.512299
    4 2.276719 -0.124224 -0.000001 0.000000 0.000000 0.147536
    5 1.069446 0.056463 0.000000 0.000000 0.000000 0.848230
    6 -1.359660 -2.278871 -0.142105 0.000000 -0.051044 -1.638864
    7 1.734108 -0.000584 0.000001 0.000000 -0.168605 0.005236
    8 1.195413 -0.010942 0.000001 0.000000 -0.315552 0.000000
    9 -0.430529 -2.478479 -0.142105 -0.078793 -0.252021 -1.438087
    10 1.921327 0.004627 0.000003 -3.141592 -1.471255 -3.141593
    11 1.416995 0.008475 0.000000 0.000000 -1.169104 0.020944
    12 0.376671 -2.160851 -0.146011 -0.056428 -0.186689 -1.438338
    13 1.952478 0.053687 0.000000 -0.000001 -1.529404 -0.010473
    14 1.361971 0.003407 0.000000 0.000001 -1.284326 0.005236
    15 1.194772 -1.655615 -0.142105 0.000000 -0.276912 -1.445133
    16 1.674395 0.018204 -0.000001 0.000000 -0.602156 -0.005236
    17 1.089296 -0.001050 -0.000001 0.000000 -1.459353 0.000000
    18 12.195416 -1.868663 -7.489844 -0.873093 -0.636087 0.019338
    19 -0.295538 -11.160193 0.000002 0.176697 -0.477501 -0.489014
    20 0.288574 -4.437500 0.926270 0.080103 -1.549641 -0.151666
    21 -0.000001 2.791016 0.898926 0.000000 0.000000 0.000000
    22 0.000000 -0.088013 2.902344 0.000000 0.000000 0.000000
    23 -0.487059 -4.484653 0.840004 -1.440847 1.368495 -1.271726
    24 -0.000001 2.900391 1.067383 0.000000 0.000000 0.000000
    25 0.000000 -1.571502 2.893472 0.000000 0.000000 0.000000
    26 -0.021851 -0.544922 0.000000 0.000000 0.000000 0.000000
    27 0.581406 0.239183 0.578294 0.227695 -0.455001 -1.067016
    28 2.306785 0.010602 0.000001 0.000000 0.000000 -0.410956
    29 1.234327 -0.010016 -0.000001 0.000000 0.000000 -0.185945
    30 1.420898 -2.330078 -0.171265 0.000000 -0.052360 -1.523672
    31 1.706055 0.018570 0.000000 0.000000 -0.376991 -0.005236
    32 1.170898 -0.007069 0.000000 0.000000 -0.612611 0.010472
    33 0.511719 -2.587891 -0.171265 0.068179 -0.280440 -1.750247
    34 1.837891 0.009178 0.000000 -3.141591 -1.523670 -3.131118
    35 1.438477 0.012917 -0.000001 0.000000 -1.099558 0.005236
    36 -0.359256 -2.261720 -0.168329 0.017968 -0.224442 -1.724665
    37 1.888672 -0.005322 0.000002 0.000002 -1.544617 0.036656
    38 1.369174 -0.010806 0.000002 0.000000 -1.130973 0.010472
    39 -1.191442 -1.692502 -0.168331 0.000000 -0.235619 -1.685988
    40 1.688477 -0.013489 -0.000001 0.000000 -0.753982 0.005229
    41 1.072266 0.022156 -0.000001 0.000000 -1.371829 -0.010472
    42 -0.019532 15.157155 -31.722484 0.050539 0.056795 0.009384
    43 0.000000 -3.705933 1.590397 0.000000 0.000000 0.000000
    44 0.000001 -1.273097 2.096640 0.000000 0.000000 0.000000
    45 0.000001 -1.329102 2.134766 0.000000 0.000000 0.000000
    46 0.000000 -2.115532 1.567596 0.000000 0.000000 0.000000
    47 0.000001 -3.744141 1.536133 0.000000 0.000000 0.000000
    48 0.500002 9.999993 0.000002 -1.570796 0.000000 -1.570796
    49 0.500002 9.999993 0.000002 -1.570796 0.000000 -1.570796
    50 0.000000 0.000005 0.000001 -1.570796 0.000000 -1.570796
    51 0.000001 0.000003 -0.500010 -1.570796 0.000000 -1.570796
    52 -0.000001 0.000000 -0.000002 -1.570796 0.000000 0.000000
    53 0.000000 0.000000 0.000000 -1.570797 0.000000 0.000000
    54 0.000001 0.000000 0.000000 -1.570796 0.000000 0.000000
    55 0.000000 0.000000 0.000002 -1.570796 0.000000 0.000000
    56 -0.000003 0.000000 0.000001 -1.570796 0.000000 0.000000
    57 0.000000 0.000000 0.000000 -1.570796 0.000000 0.000000
    58 0.000000 0.000000 -0.000002 -1.570796 0.000000 0.000000
    59 0.000000 0.000000 0.000001 -1.570796 0.000000 0.000000
    60 -0.000003 0.000000 0.000000 -1.570796 0.000000 0.000000
    61 -0.000001 0.000000 0.000000 -1.570796 0.000000 0.000000
    62 0.000000 0.000000 0.000000 -1.570796 0.000001 0.000000
    63 0.000000 0.000000 0.000000 -1.570796 0.000001 0.000000
    64 0.000000 0.000000 0.000001 3.141593 0.000000 0.000000
    65 0.000000 0.000000 0.000000 3.141593 0.000000 0.000000
    66 0.000001 -0.000001 0.000002 3.141592 0.000000 0.000000
    67 0.000000 10.000002 -0.000005 -1.570796 0.000000 -1.570796
    68 0.000000 10.000002 -0.000005 -1.570796 0.000000 -1.570796
    69 0.000000 0.000005 -0.000003 -1.570796 0.000000 -1.570796
    70 -0.000002 0.000006 -0.500010 -1.570796 0.000000 -1.570796
    71 -0.000004 0.000000 -0.000002 -1.570796 0.000000 0.000000
    72 0.000000 0.000000 0.000000 -1.570796 0.000000 0.000000
    73 0.000000 0.000000 0.000000 -1.570796 0.000000 0.000000
    74 -0.000002 0.000000 0.000000 -1.570796 0.000000 0.000000
    75 0.000002 0.000000 0.000000 -1.570796 0.000000 0.000000
    76 0.000006 0.000000 0.000000 -1.570796 0.000000 0.000000
    77 0.000001 0.000000 0.000000 -1.570796 0.000000 0.000000
    78 0.000000 0.000000 0.000000 -1.570796 0.000000 0.000000
    79 0.000003 0.000000 0.000000 -1.570796 0.000000 0.000000
    80 0.000000 0.000000 0.000000 -1.570796 0.000000 0.000000
    81 0.000002 0.000000 -0.000001 -1.570796 0.000000 0.000000
    82 0.000000 0.000000 0.000000 -1.570796 0.000000 0.000000
    83 0.000000 0.000000 -0.000003 0.000000 0.000000 0.000000
    84 0.000000 0.000000 0.000000 0.000000 0.000000 0.000000
    85 0.000000 0.000001 -0.000001 0.000000 0.000000 0.000000
  time 85
    0 -6.489923 -1.157838 -11.350768 -1.229507 0.496030 -0.815582
    1 0.026867 -11.331078 -0.000002 0.548556 -0.048645 0.263099
    2 0.000000 -0.570801 0.000000 0.000000 0.000000 0.000000
    3 -0.527382 0.284097 0.586913 0.144046 -0.602372 -2.529773
    4 2.276719 -0.128130 -0.000001 0.000000 0.000000 0.138835
    5 1.069446 0.056463 0.000000 0.000000 0.000000 0.848230
    6 -1.355754 -2.282777 -0.142105 0.000000 -0.050237 -1.638864
    7 1.734108 -0.000584 0.000001 0.000000 -0.173600 0.005236
    8 1.199319 -0.010942 0.000001 0.000000 -0.321184 0.000000
    9 -0.430529 -2.478479 -0.142105 -0.078781 -0.251014 -1.438184
    10 1.925233 0.004627 0.000003 -3.141592 -1.465170 -3.141593
    11 1.416995 0.008475 0.000000 0.000000 -1.176537 0.020944
    12 0.376671 -2.160851 -0.149917 -0.056464 -0.187169 -1.438302
    13 1.952478 0.057593 0.000000 -0.000001 -1.533648 -0.010473
    14 1.361971 0.003407 0.000000 0.000001 -1.293099 0.005236
    15 1.186960 -1.659521 -0.138199 0.000000 -0.278142 -1.445133
    16 1.674395 0.018204 -0.000001 0.000000 -0.600870 -0.005236
    17 1.089296 -0.001050 -0.000001 0.000000 -1.467773 0.000000
    18 12.312607 -1.599123 -7.685162 -0.847449 -0.629691 -0.002477
    19 -0.295538 -11.156286 0.000002 0.221413 -0.450879 -0.495376
    20 0.288574 -4.437500 0.926270 0.080103 -1.549641 -0.151666
    21 -0.000001 2.791016 0.898926 0.000000 0.000000 0.000000
    22 0.000000 -0.088013 2.902344 0.000000 0.000000 0.000000
    23 -0.490966 -4.492466 0.836098 -1.375223 1.407277 -1.223007
    24 -0.000001 2.900391 1.067383 0.000000 0.000000 0.000000
    25 0.000000 -1.571502 2.893472 0.000000 0.000000 0.000000
    26 -0.021851 -0.544922 0.000000 0.000000 0.000000 0.000000
    27 0.585312 0.239183 0.590013 0.229602 -0.466785 -1.077657
    28 2.306785 0.010602 0.000001 0.000000 0.000000 -0.414031
    29 1.238233 -0.010016 -0.000001 0.000000 0.000000 -0.189352
    30 1.420898 -2.330078 -0.171265 0.000000 -0.052360 -1.523672
    31 1.706055 0.018570 0.000000 0.000000 -0.376991 -0.005236
    32 1.170898 -0.007069 0.000000 0.000000 -0.612611 0.010472
    33 0.511719 -2.587891 -0.171265 0.068179 -0.280440 -1.750247
    34 1.837891 0.009178 0.000000 -3.141591 -1.523670 -3.131118
    35 1.438477 0.012917 -0.000001 0.000000 -1.099558 0.005236
    36 -0.359256 -2.261720 -0.168329 0.017968 -0.224442 -1.724665
    37 1.888672 -0.005322 0.000002 0.000002 -1.544617 0.036656
    38 1.369174 -0.010806 0.000002 0.000000 -1.130973 0.010472
    39 -1.191442 -1.692502 -0.168331 0.000000 -0.235619 -1.685988
    40 1.688477 -0.013489 -0.000001 0.000000 -0.753982 0.005229
    41 1.072266 0.022156 -0.000001 0.000000 -1.371829 -0.010472
    42 -0.031251 16.094684 -33.417848 0.048933 0.054961 0.009000
    43 0.000000 -3.705933 1.590397 0.000000 0.000000 0.000000
    44 0.000001 -1.273097 2.096640 0.000000 0.000000 0.000000
    45 0.000001 -1.329102 2.134766 0.000000 0.000000 0.000000
    46 0.000000 -2.111626 1.567596 0.000000 0.000000 0.000000
    47 0.000001 -3.744141 1.536133 0.000000 0.000000 0.000000
    48 0.500002 9.999993 0.000002 -1.570796 0.000000 -1.570796
    49 0.500002 9.999993 0.000002 -1.570796 0.000000 -1.570796
    50 0.000000 0.000005 0.000001 -1.570796 0.000000 -1.570796
    51 0.000001 0.000003 -0.500010 -1.570796 0.000000 -1.570796
    52 -0.000001 0.000000 -0.000002 -1.570796 0.000000 0.000000
    53 0.000000 0.000000 0.000000 -1.570797 0.000000 0.000000
    54 0.000001 0.000000 0.000000 -1.570796 0.000000 0.000000
    55 0.000000 0.000000 0.000002 -1.570796 0.000000 0.000000
    56 -0.000003 0.000000 0.000001 -1.570796 0.000000 0.000000
    57 0.000000 0.000000 0.000000 -1.570796 0.000000 0.000000
    58 0.000000 0.000000 -0.000002 -1.570796 0.000000 0.000000
    59 0.000000 0.000000 0.000001 -1.570796 0.000000 0.000000
    60 -0.000003 0.000000 0.000000 -1.570796 0.000000 0.000000
    61 -0.000001 0.000000 0.000000 -1.570796 0.000000 0.000000
    62 0.000000 0.000000 0.000000 -1.570796 0.000001 0.000000
    63 0.000000 0.000000 0.000000 -1.570796 0.000001 0.000000
    64 0.000000 0.000000 0.000001 3.141593 0.000000 0.000000
    65 0.000000 0.000000 0.000000 3.141593 0.000000 0.000000
    66 0.000001 -0.000001 0.000002 3.141592 0.000000 0.000000
    67 0.000000 10.000002 -0.000005 -1.570796 0.000000 -1.570796
    68 0.000000 10.000002 -0.000005 -1.570796 0.000000 -1.570796
    69 0.000000 0.000005 -0.000003 -1.570796 0.000000 -1.570796
    70 -0.000002 0.000006 -0.500010 -1.570796 0.000000 -1.570796
    71 -0.000004 0.000000 -0.000002 -1.570796 0.000000 0.000000
    72 0.000000 0.000000 0.000000 -1.570796 0.000000 0.000000
    73 0.000000 0.000000 0.000000 -1.570796 0.000000 0.000000
    74 -0.000002 0.000000 0.000000 -1.570796 0.000000 0.000000
    75 0.000002 0.000000 0.000000 -1.570796 0.000000 0.000000
    76 0.000006 0.000000 0.000000 -1.570796 0.000000 0.000000
    77 0.000001 0.000000 0.000000 -1.570796 0.000000 0.000000
    78 0.000000 0.000000 0.000000 -1.570796 0.000000 0.000000
    79 0.000003 0.000000 0.000000 -1.570796 0.000000 0.000000
    80 0.000000 0.000000 0.000000 -1.570796 0.000000 0.000000
    81 0.000002 0.000000 -0.000001 -1.570796 0.000000 0.000000
    82 0.000000 0.000000 0.000000 -1.570796 0.000000 0.000000
    83 0.000000 0.000000 -0.000003 0.000000 0.000000 0.000000
    84 0.000000 0.000000 0.000000 0.000000 0.000000 0.000000
    85 0.000000 0.000001 -0.000001 0.000000 0.000000 0.000000
  time 86
    0 -6.755556 -1.212527 -11.378113 -1.226149 0.489582 -0.785599
    1 0.026867 -11.331078 -0.000002 0.540224 -0.053825 0.253714
    2 0.000000 -0.570801 0.000000 0.000000 0.000000 0.000000
    3 -0.523475 0.280191 0.590819 0.163969 -0.606815 -2.545670
    4 2.276719 -0.124224 -0.000001 0.000000 0.000000 0.130940
    5 1.069446 0.056463 0.000000 0.000000 0.000000 0.848230
    6 -1.351848 -2.278871 -0.142105 0.000000 -0.049388 -1.638864
    7 1.730202 -0.000584 0.000001 0.000000 -0.178642 0.005236
    8 1.203226 -0.010942 0.000001 0.000000 -0.326927 0.000000
    9 -0.430529 -2.478479 -0.142105 -0.078757 -0.250056 -1.438239
    10 1.929139 0.004627 0.000003 -3.141592 -1.459860 -3.141593
    11 1.416995 0.008475 0.000000 0.000000 -1.183279 0.020944
    12 0.380577 -2.160851 -0.146011 -0.056440 -0.187649 -1.438290
    13 1.956384 0.057593 0.000000 -0.000001 -1.537175 -0.010473
    14 1.365878 0.003407 0.000000 0.000001 -1.301050 0.005236
    15 1.186960 -1.659521 -0.142105 0.000000 -0.279336 -1.445133
    16 1.674395 0.018204 -0.000001 0.000000 -0.599611 -0.005236
    17 1.089296 -0.001050 -0.000001 0.000000 -1.475414 0.000000
    18 12.707150 -0.653782 -8.364870 -0.754456 -0.668177 -0.049384
    19 -0.295538 -11.160193 0.000002 0.265591 -0.390638 -0.465939
    20 0.288574 -4.437500 0.926270 0.080103 -1.549641 -0.151666
    21 -0.000001 2.791016 0.898926 0.000000 0.000000 0.000000
    22 0.000000 -0.088013 2.902344 0.000000 0.000000 0.000000
    23 -0.490966 -4.492466 0.847817 -1.282735 1.442811 -1.145980
    24 -0.000001 2.900391 1.067383 0.000000 0.000000 0.000000
    25 0.000000 -1.571502 2.901285 0.000000 0.000000 0.000000
    26 -0.021851 -0.544922 0.000000 0.000000 0.000000 0.000000
    27 0.585312 0.231370 0.582201 0.231355 -0.479136 -1.086584
    28 2.306785 0.010602 0.000001 0.000000 0.000000 -0.418178
    29 1.242140 -0.010016 -0.000001 0.000000 0.000000 -0.194048
    30 1.420898 -2.330078 -0.171265 0.000000 -0.052360 -1.523672
    31 1.706055 0.018570 0.000000 0.000000 -0.376991 -0.005236
    32 1.170898 -0.007069 0.000000 0.000000 -0.612611 0.010472
    33 0.511719 -2.587891 -0.171265 0.068179 -0.280440 -1.750247
    34 1.837891 0.009178 0.000000 -3.141591 -1.523670 -3.131118
    35 1.438477 0.012917 -0.000001 0.000000 -1.099558 0.005236
    36 -0.359256 -2.261720 -0.168329 0.017968 -0.224442 -1.724665
    37 1.888672 -0.005322 0.000002 0.000002 -1.544617 0.036656
    38 1.369174 -0.010806 0.000002 0.000000 -1.130973 0.010472
    39 -1.191442 -1.692502 -0.164424 0.000000 -0.235619 -1.685988
    40 1.688477 -0.013489 -0.000001 0.000000 -0.753982 0.005229
    41 1.072266 0.022156 -0.000001 0.000000 -1.371829 -0.010472
    42 -0.046876 16.797830 -34.679605 0.047171 0.053092 0.008701
    43 0.000000 -3.705933 1.590397 0.000000 0.000000 0.000000
    44 0.000001 -1.273097 2.096640 0.000000 0.000000 0.000000
    45 0.000001 -1.329102 2.134766 0.000000 0.000000 0.000000
    46 0.000000 -2.111626 1.567596 0.000000 0.000000 0.000000
    47 0.000001 -3.744141 1.536133 0.000000 0.000000 0.000000
    48 0.500002 9.999993 0.000002 -1.570796 0.000000 -1.570796
    49 0.500002 9.999993 0.000002 -1.570796 0.000000 -1.570796
    50 0.000000 0.000005 0.000001 -1.570796 0.000000 -1.570796
    51 0.000001 0.000003 -0.500010 -1.570796 0.000000 -1.570796
    52 -0.000001 0.000000 -0.000002 -1.570796 0.000000 0.000000
    53 0.000000 0.000000 0.000000 -1.570797 0.000000 0.000000
    54 0.000001 0.000000 0.000000 -1.570796 0.000000 0.000000
    55 0.000000 0.000000 0.000002 -1.570796 0.000000 0.000000
    56 -0.000003 0.000000 0.000001 -1.570796 0.000000 0.000000
    57 0.000000 0.000000 0.000000 -1.570796 0.000000 0.000000
    58 0.000000 0.000000 -0.000002 -1.570796 0.000000 0.000000
    59 0.000000 0.000000 0.000001 -1.570796 0.000000 0.000000
    60 -0.000003 0.000000 0.000000 -1.570796 0.000000 0.000000
    61 -0.000001 0.000000 0.000000 -1.570796 0.000000 0.000000
    62 0.000000 0.000000 0.000000 -1.570796 0.000001 0.000000
    63 0.000000 0.000000 0.000000 -1.570796 0.000001 0.000000
    64 0.000000 0.000000 0.000001 3.141593 0.000000 0.000000
    65 0.000000 0.000000 0.000000 3.141593 0.000000 0.000000
    66 0.000001 -0.000001 0.000002 3.141592 0.000000 0.000000
    67 0.000000 10.000002 -0.000005 -1.570796 0.000000 -1.570796
    68 0.000000 10.000002 -0.000005 -1.570796 0.000000 -1.570796
    69 0.000000 0.000005 -0.000003 -1.570796 0.000000 -1.570796
    70 -0.000002 0.000006 -0.500010 -1.570796 0.000000 -1.570796
    71 -0.000004 0.000000 -0.000002 -1.570796 0.000000 0.000000
    72 0.000000 0.000000 0.000000 -1.570796 0.000000 0.000000
    73 0.000000 0.000000 0.000000 -1.570796 0.000000 0.000000
    74 -0.000002 0.000000 0.000000 -1.570796 0.000000 0.000000
    75 0.000002 0.000000 0.000000 -1.570796 0.000000 0.000000
    76 0.000006 0.000000 0.000000 -1.570796 0.000000 0.000000
    77 0.000001 0.000000 0.000000 -1.570796 0.000000 0.000000
    78 0.000000 0.000000 0.000000 -1.570796 0.000000 0.000000
    79 0.000003 0.000000 0.000000 -1.570796 0.000000 0.000000
    80 0.000000 0.000000 0.000000 -1.570796 0.000000 0.000000
    81 0.000002 0.000000 -0.000001 -1.570796 0.000000 0.000000
    82 0.000000 0.000000 0.000000 -1.570796 0.000000 0.000000
    83 0.000000 0.000000 -0.000003 0.000000 0.000000 0.000000
    84 0.000000 0.000000 0.000000 0.000000 0.000000 0.000000
    85 0.000000 0.000001 -0.000001 0.000000 0.000000 0.000000
  time 87
    0 -6.993845 -1.271122 -11.389832 -1.223431 0.485238 -0.758202
    1 0.026867 -11.331078 -0.000002 0.531431 -0.058151 0.247070
    2 0.000000 -0.570801 0.000000 0.000000 0.000000 0.000000
    3 -0.527382 0.288004 0.586913 0.181732 -0.611035 -2.560090
    4 2.276719 -0.120318 -0.000001 0.000000 0.000000 0.123717
    5 1.069446 0.056463 0.000000 0.000000 0.000000 0.848230
    6 -1.355754 -2.286684 -0.142105 0.000000 -0.048581 -1.638864
    7 1.726295 -0.000584 0.000001 0.000000 -0.183747 0.005236
    8 1.199319 -0.010942 0.000001 0.000000 -0.332698 0.000000
    9 -0.434435 -2.482385 -0.142105 -0.078745 -0.249250 -1.438295
    10 1.929139 0.004627 0.000003 -3.141592 -1.454937 -3.141593
    11 1.413089 0.008475 0.000000 0.000000 -1.189329 0.020944
    12 0.376671 -2.160851 -0.149917 -0.056428 -0.188089 -1.438290
    13 1.956384 0.057593 0.000000 -0.000001 -1.540537 -0.010473
    14 1.365878 0.003407 0.000000 0.000001 -1.308181 0.005236
    15 1.194772 -1.659521 -0.146012 0.000000 -0.280349 -1.445133
    16 1.674395 0.018204 -0.000001 0.000000 -0.598571 -0.005236
    17 1.089296 -0.001050 -0.000001 0.000000 -1.482228 0.000000
    18 12.941533 -0.044388 -8.837541 -0.722143 -0.694991 -0.064926
    19 -0.295538 -11.160193 0.000002 0.309480 -0.387363 -0.494543
    20 0.288574 -4.437500 0.926270 0.080103 -1.549641 -0.151666
    21 -0.000001 2.791016 0.898926 0.000000 0.000000 0.000000
    22 0.000000 -0.088013 2.902344 0.000000 0.000000 0.000000
    23 -0.490966 -4.492466 0.843910 -1.143643 1.474199 -1.021402
    24 -0.000001 2.900391 1.067383 0.000000 0.000000 0.000000
    25 0.000000 -1.571502 2.893472 0.000000 0.000000 0.000000
    26 -0.021851 -0.544922 0.000000 0.000000 0.000000 0.000000
    27 0.581406 0.235277 0.582201 0.233016 -0.491976 -1.094399
    28 2.306785 0.010602 0.000001 0.000000 0.000000 -0.423210
    29 1.234327 -0.010016 -0.000001 0.000000 0.000000 -0.200125
    30 1.420898 -2.330078 -0.171265 0.000000 -0.052360 -1.523672
    31 1.706055 0.018570 0.000000 0.000000 -0.376991 -0.005236
    32 1.170898 -0.007069 0.000000 0.000000 -0.612611 0.010472
    33 0.511719 -2.587891 -0.171265 0.068179 -0.280440 -1.750247
    34 1.837891 0.009178 0.000000 -3.141591 -1.523670 -3.131118
    35 1.438477 0.012917 -0.000001 0.000000 -1.099558 0.005236
    36 -0.359256 -2.261720 -0.168329 0.017968 -0.224442 -1.724665
    37 1.888672 -0.005322 0.000002 0.000002 -1.544617 0.036656
    38 1.365267 -0.010806 0.000002 0.000000 -1.130973 0.010472
    39 -1.191442 -1.692502 -0.164424 0.000000 -0.235619 -1.685988
    40 1.688477 -0.013489 -0.000001 0.000000 -0.753982 0.005229
    41 1.072266 0.022156 -0.000001 0.000000 -1.371829 -0.010472
    42 -0.066408 17.297846 -35.523381 0.045374 0.050970 0.008245
    43 0.000000 -3.705933 1.590397 0.000000 0.000000 0.000000
    44 0.000001 -1.269191 2.096640 0.000000 0.000000 0.000000
    45 0.000001 -1.329102 2.134766 0.000000 0.000000 0.000000
    46 0.000000 -2.107720 1.567596 0.000000 0.000000 0.000000
    47 0.000001 -3.744141 1.536133 0.000000 0.000000 0.000000
    48 0.500002 9.999993 0.000002 -1.570796 0.000000 -1.570796
    49 0.500002 9.999993 0.000002 -1.570796 0.000000 -1.570796
    50 0.000000 0.000005 0.000001 -1.570796 0.000000 -1.570796
    51 0.000001 0.000003 -0.500010 -1.570796 0.000000 -1.570796
    52 -0.000001 0.000000 -0.000002 -1.570796 0.000000 0.000000
    53 0.000000 0.000000 0.000000 -1.570797 0.000000 0.000000
    54 0.000001 0.000000 0.000000 -1.570796 0.000000 0.000000
    55 0.000000 0.000000 0.000002 -1.570796 0.000000 0.000000
    56 -0.000003 0.000000 0.000001 -1.570796 0.000000 0.000000
    57 0.000000 0.000000 0.000000 -1.570796 0.000000 0.000000
    58 0.000000 0.000000 -0.000002 -1.570796 0.000000 0.000000
    59 0.000000 0.000000 0.000001 -1.570796 0.000000 0.000000
    60 -0.000003 0.000000 0.000000 -1.570796 0.000000 0.000000
    61 -0.000001 0.000000 0.000000 -1.570796 0.000000 0.000000
    62 0.000000 0.000000 0.000000 -1.570796 0.000001 0.000000
    63 0.000000 0.000000 0.000000 -1.570796 0.000001 0.000000
    64 0.000000 0.000000 0.000001 3.141593 0.000000 0.000000
    65 0.000000 0.000000 0.000000 3.141593 0.000000 0.000000
    66 0.000001 -0.000001 0.000002 3.141592 0.000000 0.000000
    67 0.000000 10.000002 -0.000005 -1.570796 0.000000 -1.570796
    68 0.000000 10.000002 -0.000005 -1.570796 0.000000 -1.570796
    69 0.000000 0.000005 -0.000003 -1.570796 0.000000 -1.570796
    70 -0.000002 0.000006 -0.500010 -1.570796 0.000000 -1.570796
    71 -0.000004 0.000000 -0.000002 -1.570796 0.000000 0.000000
    72 0.000000 0.000000 0.000000 -1.570796 0.000000 0.000000
    73 0.000000 0.000000 0.000000 -1.570796 0.000000 0.000000
    74 -0.000002 0.000000 0.000000 -1.570796 0.000000 0.000000
    75 0.000002 0.000000 0.000000 -1.570796 0.000000 0.000000
    76 0.000006 0.000000 0.000000 -1.570796 0.000000 0.000000
    77 0.000001 0.000000 0.000000 -1.570796 0.000000 0.000000
    78 0.000000 0.000000 0.000000 -1.570796 0.000000 0.000000
    79 0.000003 0.000000 0.000000 -1.570796 0.000000 0.000000
    80 0.000000 0.000000 0.000000 -1.570796 0.000000 0.000000
    81 0.000002 0.000000 -0.000001 -1.570796 0.000000 0.000000
    82 0.000000 0.000000 0.000000 -1.570796 0.000000 0.000000
    83 0.000000 0.000000 -0.000003 0.000000 0.000000 0.000000
    84 0.000000 0.000000 0.000000 0.000000 0.000000 0.000000
    85 0.000000 0.000001 -0.000001 0.000000 0.000000 0.000000
  time 88
    0 -7.189163 -1.314093 -11.401551 -1.221193 0.482775 -0.732817
    1 0.026867 -11.331078 -0.000002 0.522177 -0.061816 0.242940
    2 0.000000 -0.570801 0.000000 0.000000 0.000000 0.000000
    3 -0.523475 0.280191 0.594726 0.197421 -0.615240 -2.572999
    4 2.276719 -0.120318 -0.000001 0.000000 0.000000 0.117166
    5 1.069446 0.056463 0.000000 0.000000 0.000000 0.848230
    6 -1.355754 -2.278871 -0.142105 0.000000 -0.047774 -1.638864
    7 1.730202 -0.000584 0.000001 0.000000 -0.188852 0.005236
    8 1.203226 -0.010942 0.000001 0.000000 -0.338552 0.000000
    9 -0.430529 -2.478479 -0.142105 -0.078721 -0.248494 -1.438378
    10 1.925233 0.004627 0.000003 -3.141592 -1.450567 -3.141593
    11 1.413089 0.008475 0.000000 0.000000 -1.194731 0.020944
    12 0.380577 -2.160851 -0.146011 -0.056476 -0.188489 -1.438266
    13 1.952478 0.053687 0.000000 -0.000001 -1.543458 -0.010473
    14 1.361971 0.003407 0.000000 0.000001 -1.314577 0.005236
    15 1.194772 -1.659521 -0.138199 0.000000 -0.281217 -1.445133
    16 1.674395 0.018204 -0.000001 0.000000 -0.597558 -0.005236
    17 1.089296 -0.001050 -0.000001 0.000000 -1.488263 0.000000
    18 13.191540 0.604069 -9.415684 -0.618253 -0.762314 -0.124660
    19 -0.295538 -11.156286 0.000002 0.403482 -0.379175 -0.570963
    20 0.288574 -4.437500 0.926270 0.080103 -1.549641 -0.151666
    21 -0.000001 2.791016 0.898926 0.000000 0.000000 0.000000
    22 0.000000 -0.088013 2.902344 0.000000 0.000000 0.000000
    23 -0.490966 -4.492466 0.840004 -0.923512 1.499666 -0.814124
    24 -0.000001 2.900391 1.067383 0.000000 0.000000 0.000000
    25 0.000000 -1.563689 2.893472 0.000000 0.000000 0.000000
    26 -0.021851 -0.544922 0.000000 0.000000 0.000000 0.000000
    27 0.585312 0.235277 0.582201 0.234677 -0.505100 -1.100952
    28 2.306785 0.010602 0.000001 0.000000 0.000000 -0.428848
    29 1.238233 -0.010016 -0.000001 0.000000 0.000000 -0.207614
    30 1.420898 -2.330078 -0.171265 0.000000 -0.052360 -1.523672
    31 1.706055 0.018570 0.000000 0.000000 -0.376991 -0.005236
    32 1.170898 -0.007069 0.000000 0.000000 -0.612611 0.010472
    33 0.511719 -2.587891 -0.171265 0.068179 -0.280440 -1.750247
    34 1.837891 0.009178 0.000000 -3.141591 -1.523670 -3.131118
    35 1.438477 0.012917 -0.000001 0.000000 -1.099558 0.005236
    36 -0.359256 -2.261720 -0.168329 0.017968 -0.224442 -1.724665
    37 1.888672 -0.005322 0.000002 0.000002 -1.544617 0.036656
    38 1.369174 -0.010806 0.000002 0.000000 -1.130973 0.010472
    39 -1.191442 -1.688595 -0.164424 0.000000 -0.235619 -1.685988
    40 1.688477 -0.013489 -0.000001 0.000000 -0.753982 0.005229
    41 1.072266 0.022156 -0.000001 0.000000 -1.371829 -0.010472
    42 -0.082034 17.583011 -35.984332 0.043312 0.048741 0.007898
    43 0.000000 -3.705933 1.590397 0.000000 0.000000 0.000000
    44 0.000001 -1.273097 2.096640 0.000000 0.000000 0.000000
    45 0.000001 -1.329102 2.134766 0.000000 0.000000 0.000000
    46 0.000000 -2.107720 1.567596 0.000000 0.000000 0.000000
    47 0.000001 -3.744141 1.536133 0.000000 0.000000 0.000000
    48 0.500002 9.999993 0.000002 -1.570796 0.000000 -1.570796
    49 0.500002 9.999993 0.000002 -1.570796 0.000000 -1.570796
    50 0.000000 0.000005 0.000001 -1.570796 0.000000 -1.570796
    51 0.000001 0.000003 -0.500010 -1.570796 0.000000 -1.570796
    52 -0.000001 0.000000 -0.000002 -1.570796 0.000000 0.000000
    53 0.000000 0.000000 0.000000 -1.570797 0.000000 0.000000
    54 0.000001 0.000000 0.000000 -1.570796 0.000000 0.000000
    55 0.000000 0.000000 0.000002 -1.570796 0.000000 0.000000
    56 -0.000003 0.000000 0.000001 -1.570796 0.000000 0.000000
    57 0.000000 0.000000 0.000000 -1.570796 0.000000 0.000000
    58 0.000000 0.000000 -0.000002 -1.570796 0.000000 0.000000
    59 0.000000 0.000000 0.000001 -1.570796 0.000000 0.000000
    60 -0.000003 0.000000 0.000000 -1.570796 0.000000 0.000000
    61 -0.000001 0.000000 0.000000 -1.570796 0.000000 0.000000
    62 0.000000 0.000000 0.000000 -1.570796 0.000001 0.000000
    63 0.000000 0.000000 0.000000 -1.570796 0.000001 0.000000
    64 0.000000 0.000000 0.000001 3.141593 0.000000 0.000000
    65 0.000000 0.000000 0.000000 3.141593 0.000000 0.000000
    66 0.000001 -0.000001 0.000002 3.141592 0.000000 0.000000
    67 0.000000 10.000002 -0.000005 -1.570796 0.000000 -1.570796
    68 0.000000 10.000002 -0.000005 -1.570796 0.000000 -1.570796
    69 0.000000 0.000005 -0.000003 -1.570796 0.000000 -1.570796
    70 -0.000002 0.000006 -0.500010 -1.570796 0.000000 -1.570796
    71 -0.000004 0.000000 -0.000002 -1.570796 0.000000 0.000000
    72 0.000000 0.000000 0.000000 -1.570796 0.000000 0.000000
    73 0.000000 0.000000 0.000000 -1.570796 0.000000 0.000000
    74 -0.000002 0.000000 0.000000 -1.570796 0.000000 0.000000
    75 0.000002 0.000000 0.000000 -1.570796 0.000000 0.000000
    76 0.000006 0.000000 0.000000 -1.570796 0.000000 0.000000
    77 0.000001 0.000000 0.000000 -1.570796 0.000000 0.000000
    78 0.000000 0.000000 0.000000 -1.570796 0.000000 0.000000
    79 0.000003 0.000000 0.000000 -1.570796 0.000000 0.000000
    80 0.000000 0.000000 0.000000 -1.570796 0.000000 0.000000
    81 0.000002 0.000000 -0.000001 -1.570796 0.000000 0.000000
    82 0.000000 0.000000 0.000000 -1.570796 0.000000 0.000000
    83 0.000000 0.000000 -0.000003 0.000000 0.000000 0.000000
    84 0.000000 0.000000 0.000000 0.000000 0.000000 0.000000
    85 0.000000 0.000001 -0.000001 0.000000 0.000000 0.000000
  time 89
    0 -7.368856 -1.349250 -11.401551 -1.219514 0.481969 -0.708965
    1 0.026867 -11.331078 -0.000002 0.512391 -0.064709 0.241063
    2 0.000000 -0.570801 0.000000 0.000000 0.000000 0.000000
    3 -0.519569 0.288004 0.590819 0.211121 -0.619252 -2.584462
    4 2.276719 -0.120318 -0.000001 0.000000 0.000000 0.111287
    5 1.069446 0.056463 0.000000 0.000000 0.000000 0.848230
    6 -1.355754 -2.286684 -0.142105 0.000000 -0.046967 -1.638864
    7 1.730202 -0.000584 0.000001 0.000000 -0.194066 0.005236
    8 1.203226 -0.010942 0.000001 0.000000 -0.344406 0.000000
    9 -0.430529 -2.482385 -0.142105 -0.078709 -0.247839 -1.438392
    10 1.925233 0.004627 0.000003 -3.141592 -1.446695 -3.141593
    11 1.416995 0.008475 0.000000 0.000000 -1.199528 0.020944
    12 0.376671 -2.164757 -0.146011 -0.056476 -0.188769 -1.438266
    13 1.956384 0.053687 0.000000 -0.000001 -1.545993 -0.010473
    14 1.365878 0.003407 0.000000 0.000001 -1.320238 0.005236
    15 1.194772 -1.655615 -0.138199 0.000000 -0.281977 -1.445133
    16 1.674395 0.018204 -0.000001 0.000000 -0.596710 -0.005236
    17 1.089296 -0.001050 -0.000001 0.000000 -1.493714 0.000000
    18 13.453267 1.268152 -10.064141 -0.479419 -0.820278 -0.217538
    19 -0.295538 -11.160193 0.000002 0.486944 -0.369077 -0.657608
    20 0.288574 -4.437500 0.926270 0.080103 -1.549641 -0.151666
    21 -0.000001 2.791016 0.898926 0.000000 0.000000 0.000000
    22 0.000000 -0.088013 2.902344 0.000000 0.000000 0.000000
    23 -0.487059 -4.484653 0.843910 -0.581417 1.516912 -0.483157
    24 -0.000001 2.900391 1.067383 0.000000 0.000000 0.000000
    25 0.000000 -1.571502 2.901285 0.000000 0.000000 0.000000
    26 -0.021851 -0.544922 0.000000 0.000000 0.000000 0.000000
    27 0.585312 0.239183 0.578294 0.236184 -0.518481 -1.106272
    28 2.306785 0.010602 0.000001 0.000000 0.000000 -0.434160
    29 1.234327 -0.010016 -0.000001 0.000000 0.000000 -0.215410
    30 1.420898 -2.330078 -0.171265 0.000000 -0.052360 -1.523672
    31 1.706055 0.018570 0.000000 0.000000 -0.376991 -0.005236
    32 1.170898 -0.007069 0.000000 0.000000 -0.612611 0.010472
    33 0.511719 -2.587891 -0.171265 0.068179 -0.280440 -1.750247
    34 1.837891 0.009178 0.000000 -3.141591 -1.523670 -3.131118
    35 1.438477 0.012917 -0.000001 0.000000 -1.099558 0.005236
    36 -0.359256 -2.261720 -0.168329 0.017968 -0.224442 -1.724665
    37 1.888672 -0.005322 0.000002 0.000002 -1.544617 0.036656
    38 1.369174 -0.010806 0.000002 0.000000 -1.130973 0.010472
    39 -1.191442 -1.688595 -0.168331 0.000000 -0.235619 -1.685988
    40 1.688477 -0.013489 -0.000001 0.000000 -0.753982 0.005229
    41 1.072266 0.022156 -0.000001 0.000000 -1.371829 -0.010472
    42 -0.105472 17.680670 -36.101523 0.041239 0.046368 0.007394
    43 0.000000 -3.705933 1.590397 0.000000 0.000000 0.000000
    44 0.000001 -1.273097 2.096640 0.000000 0.000000 0.000000
    45 0.000001 -1.329102 2.134766 0.000000 0.000000 0.000000
    46 0.000000 -2.107720 1.567596 0.000000 0.000000 0.000000
    47 0.000001 -3.744141 1.536133 0.000000 0.000000 0.000000
    48 0.500002 9.999993 0.000002 -1.570796 0.000000 -1.570796
    49 0.500002 9.999993 0.000002 -1.570796 0.000000 -1.570796
    50 0.000000 0.000005 0.000001 -1.570796 0.000000 -1.570796
    51 0.000001 0.000003 -0.500010 -1.570796 0.000000 -1.570796
    52 -0.000001 0.000000 -0.000002 -1.570796 0.000000 0.000000
    53 0.000000 0.000000 0.000000 -1.570797 0.000000 0.000000
    54 0.000001 0.000000 0.000000 -1.570796 0.000000 0.000000
    55 0.000000 0.000000 0.000002 -1.570796 0.000000 0.000000
    56 -0.000003 0.000000 0.000001 -1.570796 0.000000 0.000000
    57 0.000000 0.000000 0.000000 -1.570796 0.000000 0.000000
    58 0.000000 0.000000 -0.000002 -1.570796 0.000000 0.000000
    59 0.000000 0.000000 0.000001 -1.570796 0.000000 0.000000
    60 -0.000003 0.000000 0.000000 -1.570796 0.000000 0.000000
    61 -0.000001 0.000000 0.000000 -1.570796 0.000000 0.000000
    62 0.000000 0.000000 0.000000 -1.570796 0.000001 0.000000
    63 0.000000 0.000000 0.000000 -1.570796 0.000001 0.000000
    64 0.000000 0.000000 0.000001 3.141593 0.000000 0.000000
    65 0.000000 0.000000 0.000000 3.141593 0.000000 0.000000
    66 0.000001 -0.000001 0.000002 3.141592 0.000000 0.000000
    67 0.000000 10.000002 -0.000005 -1.570796 0.000000 -1.570796
    68 0.000000 10.000002 -0.000005 -1.570796 0.000000 -1.570796
    69 0.000000 0.000005 -0.000003 -1.570796 0.000000 -1.570796
    70 -0.000002 0.000006 -0.500010 -1.570796 0.000000 -1.570796
    71 -0.000004 0.000000 -0.000002 -1.570796 0.000000 0.000000
    72 0.000000 0.000000 0.000000 -1.570796 0.000000 0.000000
    73 0.000000 0.000000 0.000000 -1.570796 0.000000 0.000000
    74 -0.000002 0.000000 0.000000 -1.570796 0.000000 0.000000
    75 0.000002 0.000000 0.000000 -1.570796 0.000000 0.000000
    76 0.000006 0.000000 0.000000 -1.570796 0.000000 0.000000
    77 0.000001 0.000000 0.000000 -1.570796 0.000000 0.000000
    78 0.000000 0.000000 0.000000 -1.570796 0.000000 0.000000
    79 0.000003 0.000000 0.000000 -1.570796 0.000000 0.000000
    80 0.000000 0.000000 0.000000 -1.570796 0.000000 0.000000
    81 0.000002 0.000000 -0.000001 -1.570796 0.000000 0.000000
    82 0.000000 0.000000 0.000000 -1.570796 0.000000 0.000000
    83 0.000000 0.000000 -0.000003 0.000000 0.000000 0.000000
    84 0.000000 0.000000 0.000000 0.000000 0.000000 0.000000
    85 0.000000 0.000001 -0.000001 0.000000 0.000000 0.000000
  time 90
    0 -7.505579 -1.372688 -11.389832 -1.217516 0.482596 -0.686645
    1 0.026867 -11.331078 -0.000002 0.502109 -0.066996 0.241326
    2 0.000000 -0.570801 0.000000 0.000000 0.000000 0.000000
    3 -0.523475 0.288004 0.590819 0.222917 -0.623249 -2.594546
    4 2.276719 -0.120318 -0.000001 0.000000 0.000000 0.106147
    5 1.069446 0.056463 0.000000 0.000000 0.000000 0.848230
    6 -1.355754 -2.286684 -0.142105 0.000000 -0.046118 -1.638864
    7 1.730202 -0.000584 0.000001 0.000000 -0.199265 0.005236
    8 1.195413 -0.010942 0.000001 0.000000 -0.350260 0.000000
    9 -0.430529 -2.478479 -0.146012 -0.078697 -0.247184 -1.438489
    10 1.925233 0.004627 0.000003 -3.141592 -1.443321 -3.141593
    11 1.413089 0.008475 0.000000 0.000000 -1.203720 0.020944
    12 0.376671 -2.160851 -0.149917 -0.056452 -0.189129 -1.438230
    13 1.952478 0.053687 0.000000 -0.000001 -1.548418 -0.010473
    14 1.361971 0.003407 0.000000 0.000001 -1.325164 0.005236
    15 1.194772 -1.659521 -0.138199 0.000000 -0.282773 -1.445133
    16 1.674395 0.018204 -0.000001 0.000000 -0.595971 -0.005236
    17 1.089296 -0.001050 -0.000001 0.000000 -1.498435 0.000000
    18 13.707181 1.940047 -10.755568 -0.327717 -0.855692 -0.329703
    19 -0.295538 -11.160193 0.000002 0.560261 -0.356523 -0.748065
    20 0.288086 -4.437500 0.926270 0.080103 -1.549641 -0.151666
    21 0.000001 2.791016 0.898926 0.000000 0.000000 0.000000
    22 0.000000 -0.087891 2.902344 0.000000 0.000000 0.000000
    23 -0.494872 -4.484653 0.847817 -0.150259 1.523575 -0.061260
    24 0.000000 2.901287 1.065260 0.000000 0.000000 0.000000
    25 0.000000 -1.571502 2.901285 0.000000 0.000000 0.000000
    26 -0.021851 -0.544922 0.000003 0.000000 0.000000 0.000000
    27 0.589218 0.235277 0.582201 0.237676 -0.531875 -1.110450
    28 2.306785 0.010602 0.000001 0.000000 0.000000 -0.439052
    29 1.234327 -0.010016 -0.000001 0.000000 0.000000 -0.223421
    30 1.420898 -2.332031 -0.171143 0.000000 -0.052360 -1.523672
    31 1.706055 0.018570 0.000001 0.000000 -0.376991 -0.005236
    32 1.168945 -0.007069 0.000002 0.000000 -0.612611 0.010472
    33 0.511719 -2.587891 -0.171143 0.068179 -0.280440 -1.750247
    34 1.835938 0.009178 0.000000 -3.141591 -1.523670 -3.131118
    35 1.439453 0.012909 0.000000 0.000000 -1.099558 0.005236
    36 -0.359256 -2.257814 -0.168329 0.017968 -0.224442 -1.724665
    37 1.887695 -0.005322 0.000002 0.000002 -1.544617 0.036656
    38 1.373080 -0.010806 0.000002 0.000000 -1.130973 0.010472
    39 -1.195313 -1.695313 -0.171143 0.000000 -0.235619 -1.685988
    40 1.688477 -0.013481 0.000001 0.000000 -0.753982 0.005229
    41 1.072266 0.022156 -0.000002 0.000000 -1.371829 -0.010472
    42 -0.121097 17.602542 -35.902299 0.038974 0.043887 0.006987
    43 0.000000 -3.702027 1.590397 0.000000 0.000000 0.000000
    44 0.000001 -1.269191 2.096640 0.000000 0.000000 0.000000
    45 0.000001 -1.329102 2.132813 0.000000 0.000000 0.000000
    46 0.000001 -2.109375 1.572266 0.000000 0.000000 0.000000
    47 0.000001 -3.742188 1.536133 0.000000 0.000000 0.000000
    48 0.500002 9.999993 0.000002 -1.570796 0.000000 -1.570796
    49 0.500002 9.999993 0.000002 -1.570796 0.000000 -1.570796
    50 0.000000 0.000005 0.000001 -1.570796 0.000000 -1.570796
    51 0.000001 0.000003 -0.500010 -1.570796 0.000000 -1.570796
    52 -0.000001 0.000000 -0.000002 -1.570796 0.000000 0.000000
    53 0.000000 0.000000 0.000000 -1.570797 0.000000 0.000000
    54 0.000001 0.000000 0.000000 -1.570796 0.000000 0.000000
    55 0.000000 0.000000 0.000002 -1.570796 0.000000 0.000000
    56 -0.000003 0.000000 0.000001 -1.570796 0.000000 0.000000
    57 0.000000 0.000000 0.000000 -1.570796 0.000000 0.000000
    58 0.000000 0.000000 -0.000002 -1.570796 0.000000 0.000000
    59 0.000000 0.000000 0.000001 -1.570796 0.000000 0.000000
    60 -0.000003 0.000000 0.000000 -1.570796 0.000000 0.000000
    61 -0.000001 0.000000 0.000000 -1.570796 0.000000 0.000000
    62 0.000000 0.000000 0.000000 -1.570796 0.000001 0.000000
    63 0.000000 0.000000 0.000000 -1.570796 0.000001 0.000000
    64 0.000000 0.000000 0.000001 3.141593 0.000000 0.000000
    65 0.000000 0.000000 0.000000 3.141593 0.000000 0.000000
    66 0.000001 -0.000001 0.000002 3.141592 0.000000 0.000000
    67 0.000000 10.000002 -0.000005 -1.570796 0.000000 -1.570796
    68 0.000000 10.000002 -0.000005 -1.570796 0.000000 -1.570796
    69 0.000000 0.000005 -0.000003 -1.570796 0.000000 -1.570796
    70 -0.000002 0.000006 -0.500010 -1.570796 0.000000 -1.570796
    71 -0.000004 0.000000 -0.000002 -1.570796 0.000000 0.000000
    72 0.000000 0.000000 0.000000 -1.570796 0.000000 0.000000
    73 0.000000 0.000000 0.000000 -1.570796 0.000000 0.000000
    74 -0.000002 0.000000 0.000000 -1.570796 0.000000 0.000000
    75 0.000002 0.000000 0.000000 -1.570796 0.000000 0.000000
    76 0.000006 0.000000 0.000000 -1.570796 0.000000 0.000000
    77 0.000001 0.000000 0.000000 -1.570796 0.000000 0.000000
    78 0.000000 0.000000 0.000000 -1.570796 0.000000 0.000000
    79 0.000003 0.000000 0.000000 -1.570796 0.000000 0.000000
    80 0.000000 0.000000 0.000000 -1.570796 0.000000 0.000000
    81 0.000002 0.000000 -0.000001 -1.570796 0.000000 0.000000
    82 0.000000 0.000000 0.000000 -1.570796 0.000000 0.000000
    83 0.000000 0.000000 -0.000003 0.000000 0.000000 0.000000
    84 0.000000 0.000000 0.000000 0.000000 0.000000 0.000000
    85 0.000000 0.000001 -0.000001 0.000000 0.000000 0.000000
  time 91
    0 -7.622770 -1.403939 -11.389832 -1.215757 0.484611 -0.665475
    1 0.026867 -11.331078 -0.000002 0.491365 -0.068677 0.243503
    2 0.000000 -0.570801 0.000000 0.000000 0.000000 0.000000
    3 -0.527382 0.288004 0.590819 0.232879 -0.627157 -2.603316
    4 2.276719 -0.120318 -0.000001 0.000000 0.000000 0.101645
    5 1.069446 0.056463 0.000000 0.000000 0.000000 0.848230
    6 -1.351848 -2.282777 -0.142105 0.000000 -0.045226 -1.638864
    7 1.726295 -0.000584 0.000001 0.000000 -0.204557 0.005236
    8 1.203226 -0.010942 0.000001 0.000000 -0.356225 0.000000
    9 -0.430529 -2.478479 -0.142105 -0.078697 -0.246781 -1.438503
    10 1.925233 0.004627 0.000003 -3.141592 -1.440500 -3.141593
    11 1.413089 0.008475 0.000000 0.000000 -1.207307 0.020944
    12 0.380577 -2.160851 -0.149917 -0.056488 -0.189329 -1.438230
    13 1.956384 0.057593 0.000000 -0.000001 -1.550347 -0.010473
    14 1.361971 0.003407 0.000000 0.000001 -1.329399 0.005236
    15 1.194772 -1.659521 -0.142105 0.000000 -0.283352 -1.445133
    16 1.670489 0.018204 -0.000001 0.000000 -0.595369 -0.005236
    17 1.089296 -0.001050 -0.000001 0.000000 -1.502572 0.000000
    18 13.945469 2.619756 -11.478247 -0.171412 -0.870111 -0.450482
    19 -0.303351 -11.156286 0.000002 0.625052 -0.341438 -0.837133
    20 0.288086 -4.437500 0.926270 0.080103 -1.549641 -0.151666
    21 0.000001 2.791016 0.898926 0.000000 0.000000 0.000000
    22 0.000000 -0.087891 2.902344 0.000000 0.000000 0.000000
    23 -0.490966 -4.492466 0.840004 0.214643 1.521921 0.296345
    24 0.000000 2.901287 1.065260 0.000000 0.000000 0.000000
    25 0.000000 -1.571502 2.901285 0.000000 0.000000 0.000000
    26 -0.021851 -0.544922 0.000003 0.000000 0.000000 0.000000
    27 0.581406 0.231370 0.586107 0.239106 -0.545256 -1.113907
    28 2.306785 0.010602 0.000001 0.000000 0.000000 -0.443541
    29 1.234327 -0.010016 -0.000001 0.000000 0.000000 -0.231524
    30 1.420898 -2.332031 -0.171143 0.000000 -0.052360 -1.523672
    31 1.706055 0.018570 0.000001 0.000000 -0.376991 -0.005236
    32 1.168945 -0.007069 0.000002 0.000000 -0.612611 0.010472
    33 0.511719 -2.587891 -0.171143 0.068179 -0.280440 -1.750247
    34 1.835938 0.009178 0.000000 -3.141591 -1.523670 -3.131118
    35 1.439453 0.012909 0.000000 0.000000 -1.099558 0.005236
    36 -0.359256 -2.261720 -0.168329 0.017968 -0.224442 -1.724665
    37 1.887695 -0.005322 0.000002 0.000002 -1.544617 0.036656
    38 1.373080 -0.010806 0.000002 0.000000 -1.130973 0.010472
    39 -1.195313 -1.695313 -0.171143 0.000000 -0.235619 -1.685988
    40 1.688477 -0.013481 0.000001 0.000000 -0.753982 0.005229
    41 1.072266 0.022156 -0.000002 0.000000 -1.371829 -0.010472
    42 -0.136723 17.368160 -35.414002 0.036553 0.041131 0.006520
    43 0.000000 -3.702027 1.590397 0.000000 0.000000 0.000000
    44 0.000001 -1.269191 2.096640 0.000000 0.000000 0.000000
    45 0.000001 -1.329102 2.132813 0.000000 0.000000 0.000000
    46 0.000001 -2.109375 1.572266 0.000000 0.000000 0.000000
    47 0.000001 -3.742188 1.536133 0.000000 0.000000 0.000000
    48 0.500002 9.999993 0.000002 -1.570796 0.000000 -1.570796
    49 0.500002 9.999993 0.000002 -1.570796 0.000000 -1.570796
    50 0.000000 0.000005 0.000001 -1.570796 0.000000 -1.570796
    51 0.000001 0.000003 -0.500010 -1.570796 0.000000 -1.570796
    52 -0.000001 0.000000 -0.000002 -1.570796 0.000000 0.000000
    53 0.000000 0.000000 0.000000 -1.570797 0.000000 0.000000
    54 0.000001 0.000000 0.000000 -1.570796 0.000000 0.000000
    55 0.000000 0.000000 0.000002 -1.570796 0.000000 0.000000
    56 -0.000003 0.000000 0.000001 -1.570796 0.000000 0.000000
    57 0.000000 0.000000 0.000000 -1.570796 0.000000 0.000000
    58 0.000000 0.000000 -0.000002 -1.570796 0.000000 0.000000
    59 0.000000 0.000000 0.000001 -1.570796 0.000000 0.000000
    60 -0.000003 0.000000 0.000000 -1.570796 0.000000 0.000000
    61 -0.000001 0.000000 0.000000 -1.570796 0.000000 0.000000
    62 0.000000 0.000000 0.000000 -1.570796 0.000001 0.000000
    63 0.000000 0.000000 0.000000 -1.570796 0.000001 0.000000
    64 0.000000 0.000000 0.000001 3.141593 0.000000 0.000000
    65 0.000000 0.000000 0.000000 3.141593 0.000000 0.000000
    66 0.000001 -0.000001 0.000002 3.141592 0.000000 0.000000
    67 0.000000 10.000002 -0.000005 -1.570796 0.000000 -1.570796
    68 0.000000 10.000002 -0.000005 -1.570796 0.000000 -1.570796
    69 0.000000 0.000005 -0.000003 -1.570796 0.000000 -1.570796
    70 -0.000002 0.000006 -0.500010 -1.570796 0.000000 -1.570796
    71 -0.000004 0.000000 -0.000002 -1.570796 0.000000 0.000000
    72 0.000000 0.000000 0.000000 -1.570796 0.000000 0.000000
    73 0.000000 0.000000 0.000000 -1.570796 0.000000 0.000000
    74 -0.000002 0.000000 0.000000 -1.570796 0.000000 0.000000
    75 0.000002 0.000000 0.000000 -1.570796 0.000000 0.000000
    76 0.000006 0.000000 0.000000 -1.570796 0.000000 0.000000
    77 0.000001 0.000000 0.000000 -1.570796 0.000000 0.000000
    78 0.000000 0.000000 0.000000 -1.570796 0.000000 0.000000
    79 0.000003 0.000000 0.000000 -1.570796 0.000000 0.000000
    80 0.000000 0.000000 0.000000 -1.570796 0.000000 0.000000
    81 0.000002 0.000000 -0.000001 -1.570796 0.000000 0.000000
    82 0.000000 0.000000 0.000000 -1.570796 0.000000 0.000000
    83 0.000000 0.000000 -0.000003 0.000000 0.000000 0.000000
    84 0.000000 0.000000 0.000000 0.000000 0.000000 0.000000
    85 0.000000 0.000001 -0.000001 0.000000 0.000000 0.000000
  time 92
    0 -7.724336 -1.415658 -11.370300 -1.214239 0.487746 -0.645071
    1 0.026867 -11.331078 -0.000002 0.480090 -0.069779 0.247220
    2 0.000000 -0.570801 0.000000 0.000000 0.000000 0.000000
    3 -0.527382 0.288004 0.590819 0.241092 -0.630946 -2.610772
    4 2.276719 -0.128130 -0.000001 0.000000 0.000000 0.097748
    5 1.069446 0.056463 0.000000 0.000000 0.000000 0.848230
    6 -1.351848 -2.282777 -0.142105 0.000000 -0.044377 -1.638864
    7 1.730202 -0.000584 0.000001 0.000000 -0.209834 0.005236
    8 1.203226 -0.010942 0.000001 0.000000 -0.362301 0.000000
    9 -0.422716 -2.478479 -0.142105 -0.078685 -0.246277 -1.438517
    10 1.925233 0.004627 0.000003 -3.141592 -1.438066 -3.141593
    11 1.416995 0.008475 0.000000 0.000000 -1.210375 0.020944
    12 0.376671 -2.160851 -0.146011 -0.056488 -0.189530 -1.438218
    13 1.952478 0.057593 0.000000 -0.000001 -1.551890 -0.010473
    14 1.365878 0.003407 0.000000 0.000001 -1.332943 0.005236
    15 1.194772 -1.655615 -0.142105 0.000000 -0.283786 -1.445133
    16 1.674395 0.018204 -0.000001 0.000000 -0.594849 -0.005236
    17 1.089296 -0.001050 -0.000001 0.000000 -1.505930 0.000000
    18 14.156413 3.295557 -12.197019 -0.019804 -0.866389 -0.569669
    19 -0.295538 -11.160193 0.000002 0.683547 -0.323971 -0.919562
    20 0.288086 -4.437500 0.926270 0.080103 -1.549641 -0.151666
    21 0.000001 2.791016 0.898926 0.000000 0.000000 0.000000
    22 0.000000 -0.087891 2.902344 0.000000 0.000000 0.000000
    23 -0.483153 -4.492466 0.840004 0.430357 1.517607 0.507516
    24 0.000000 2.901287 1.065260 0.000000 0.000000 0.000000
    25 0.000000 -1.571502 2.901285 0.000000 0.000000 0.000000
    26 -0.021851 -0.544922 0.000003 0.000000 0.000000 0.000000
    27 0.581406 0.235277 0.578294 0.240444 -0.558443 -1.116251
    28 2.306785 0.010602 0.000001 0.000000 0.000000 -0.447610
    29 1.242140 -0.010016 -0.000001 0.000000 0.000000 -0.239811
    30 1.420898 -2.332031 -0.171143 0.000000 -0.052360 -1.523672
    31 1.706055 0.018570 0.000001 0.000000 -0.376991 -0.005236
    32 1.168945 -0.007069 0.000002 0.000000 -0.612611 0.010472
    33 0.511719 -2.587891 -0.171143 0.068179 -0.280440 -1.750247
    34 1.835938 0.009178 0.000000 -3.141591 -1.523670 -3.131118
    35 1.439453 0.012909 0.000000 0.000000 -1.099558 0.005236
    36 -0.359256 -2.261720 -0.168329 0.017968 -0.224442 -1.724665
    37 1.887695 -0.005322 0.000002 0.000002 -1.544617 0.036656
    38 1.369174 -0.010806 0.000002 0.000000 -1.130973 0.010472
    39 -1.195313 -1.695313 -0.171143 0.000000 -0.235619 -1.685988
    40 1.688477 -0.013481 0.000001 0.000000 -0.753982 0.005229
    41 1.072266 0.022156 -0.000002 0.000000 -1.371829 -0.010472
    42 -0.136723 16.985336 -34.660073 0.033940 0.038327 0.005956
    43 0.000000 -3.702027 1.590397 0.000000 0.000000 0.000000
    44 0.000001 -1.269191 2.096640 0.000000 0.000000 0.000000
    45 0.000001 -1.329102 2.132813 0.000000 0.000000 0.000000
    46 0.000001 -2.109375 1.572266 0.000000 0.000000 0.000000
    47 0.000001 -3.742188 1.536133 0.000000 0.000000 0.000000
    48 0.500002 9.999993 0.000002 -1.570796 0.000000 -1.570796
    49 0.500002 9.999993 0.000002 -1.570796 0.000000 -1.570796
    50 0.000000 0.000005 0.000001 -1.570796 0.000000 -1.570796
    51 0.000001 0.000003 -0.500010 -1.570796 0.000000 -1.570796
    52 -0.000001 0.000000 -0.000002 -1.570796 0.000000 0.000000
    53 0.000000 0.000000 0.000000 -1.570797 0.000000 0.000000
    54 0.000001 0.000000 0.000000 -1.570796 0.000000 0.000000
    55 0.000000 0.000000 0.000002 -1.570796 0.000000 0.000000
    56 -0.000003 0.000000 0.000001 -1.570796 0.000000 0.000000
    57 0.000000 0.000000 0.000000 -1.570796 0.000000 0.000000
    58 0.000000 0.000000 -0.000002 -1.570796 0.000000 0.000000
    59 0.000000 0.000000 0.000001 -1.570796 0.000000 0.000000
    60 -0.000003 0.000000 0.000000 -1.570796 0.000000 0.000000
    61 -0.000001 0.000000 0.000000 -1.570796 0.000000 0.000000
    62 0.000000 0.000000 0.000000 -1.570796 0.000001 0.000000
    63 0.000000 0.000000 0.000000 -1.570796 0.000001 0.000000
    64 0.000000 0.000000 0.000001 3.141593 0.000000 0.000000
    65 0.000000 0.000000 0.000000 3.141593 0.000000 0.000000
    66 0.000001 -0.000001 0.000002 3.141592 0.000000 0.000000
    67 0.000000 10.000002 -0.000005 -1.570796 0.000000 -1.570796
    68 0.000000 10.000002 -0.000005 -1.570796 0.000000 -1.570796
    69 0.000000 0.000005 -0.000003 -1.570796 0.000000 -1.570796
    70 -0.000002 0.000006 -0.500010 -1.570796 0.000000 -1.570796
    71 -0.000004 0.000000 -0.000002 -1.570796 0.000000 0.000000
    72 0.000000 0.000000 0.000000 -1.570796 0.000000 0.000000
    73 0.000000 0.000000 0.000000 -1.570796 0.000000 0.000000
    74 -0.000002 0.000000 0.000000 -1.570796 0.000000 0.000000
    75 0.000002 0.000000 0.000000 -1.570796 0.000000 0.000000
    76 0.000006 0.000000 0.000000 -1.570796 0.000000 0.000000
    77 0.000001 0.000000 0.000000 -1.570796 0.000000 0.000000
    78 0.000000 0.000000 0.000000 -1.570796 0.000000 0.000000
    79 0.000003 0.000000 0.000000 -1.570796 0.000000 0.000000
    80 0.000000 0.000000 0.000000 -1.570796 0.000000 0.000000
    81 0.000002 0.000000 -0.000001 -1.570796 0.000000 0.000000
    82 0.000000 0.000000 0.000000 -1.570796 0.000000 0.000000
    83 0.000000 0.000000 -0.000003 0.000000 0.000000 0.000000
    84 0.000000 0.000000 0.000000 0.000000 0.000000 0.000000
    85 0.000000 0.000001 -0.000001 0.000000 0.000000 0.000000
  time 93
    0 -7.798557 -1.431284 -11.350768 -1.212240 0.491776 -0.625242
    1 0.026867 -11.331078 -0.000002 0.468284 -0.070385 0.252513
    2 0.000000 -0.570801 0.000000 0.000000 0.000000 0.000000
    3 -0.523475 0.288004 0.590819 0.247659 -0.634735 -2.617111
    4 2.276719 -0.124224 -0.000001 0.000000 0.000000 0.094523
    5 1.069446 0.056463 0.000000 0.000000 0.000000 0.848230
    6 -1.359660 -2.278871 -0.142105 0.000000 -0.043485 -1.638864
    7 1.726295 -0.000584 0.000001 0.000000 -0.215189 0.005236
    8 1.199319 -0.010942 0.000001 0.000000 -0.368294 0.000000
    9 -0.430529 -2.478479 -0.142105 -0.078673 -0.245975 -1.438586
    10 1.925233 0.004627 0.000003 -3.141592 -1.436075 -3.141593
    11 1.416995 0.008475 0.000000 0.000000 -1.212838 0.020944
    12 0.384484 -2.160851 -0.149917 -0.056476 -0.189730 -1.438218
    13 1.952478 0.053687 0.000000 -0.000001 -1.553323 -0.010473
    14 1.365878 0.003407 0.000000 0.000001 -1.335882 0.005236
    15 1.194772 -1.655615 -0.138199 0.000000 -0.284329 -1.445133
    16 1.678301 0.018204 -0.000001 0.000000 -0.594356 -0.005236
    17 1.089296 -0.001050 -0.000001 0.000000 -1.508753 0.000000
    18 14.316575 3.955734 -12.880633 0.120438 -0.849802 -0.680149
    19 -0.295538 -11.160193 0.000002 0.737761 -0.304519 -0.990024
    20 0.288086 -4.437500 0.926270 0.080103 -1.549641 -0.151666
    21 0.000001 2.791016 0.898926 0.000000 0.000000 0.000000
    22 0.000000 -0.087891 2.902344 0.000000 0.000000 0.000000
    23 -0.487059 -4.488559 0.836098 0.446222 1.517187 0.522977
    24 0.000000 2.901287 1.065260 0.000000 0.000000 0.000000
    25 0.000000 -1.571502 2.901285 0.000000 0.000000 0.000000
    26 -0.021851 -0.544922 0.000003 0.000000 0.000000 0.000000
    27 0.581406 0.239183 0.586107 0.241782 -0.571296 -1.118085
    28 2.306785 0.010602 0.000001 0.000000 0.000000 -0.451291
    29 1.238233 -0.010016 -0.000001 0.000000 0.000000 -0.248313
    30 1.420898 -2.332031 -0.171143 0.000000 -0.052360 -1.523672
    31 1.706055 0.018570 0.000001 0.000000 -0.376991 -0.005236
    32 1.168945 -0.007069 0.000002 0.000000 -0.612611 0.010472
    33 0.511719 -2.587891 -0.171143 0.068179 -0.280440 -1.750247
    34 1.835938 0.009178 0.000000 -3.141591 -1.523670 -3.131118
    35 1.439453 0.012909 0.000000 0.000000 -1.099558 0.005236
    36 -0.359256 -2.261720 -0.168329 0.017968 -0.224442 -1.724665
    37 1.887695 -0.005322 0.000002 0.000002 -1.544617 0.036656
    38 1.373080 -0.010806 0.000002 0.000000 -1.130973 0.010472
    39 -1.195313 -1.695313 -0.171143 0.000000 -0.235619 -1.685988
    40 1.688477 -0.013481 0.000001 0.000000 -0.753982 0.005229
    41 1.072266 0.022156 -0.000002 0.000000 -1.371829 -0.010472
    42 -0.156255 16.489227 -33.687387 0.031304 0.035307 0.005489
    43 0.000000 -3.702027 1.590397 0.000000 0.000000 0.000000
    44 0.000001 -1.269191 2.096640 0.000000 0.000000 0.000000
    45 0.000001 -1.329102 2.132813 0.000000 0.000000 0.000000
    46 0.000001 -2.109375 1.572266 0.000000 0.000000 0.000000
    47 0.000001 -3.742188 1.536133 0.000000 0.000000 0.000000
    48 0.500002 9.999993 0.000002 -1.570796 0.000000 -1.570796
    49 0.500002 9.999993 0.000002 -1.570796 0.000000 -1.570796
    50 0.000000 0.000005 0.000001 -1.570796 0.000000 -1.570796
    51 0.000001 0.000003 -0.500010 -1.570796 0.000000 -1.570796
    52 -0.000001 0.000000 -0.000002 -1.570796 0.000000 0.000000
    53 0.000000 0.000000 0.000000 -1.570797 0.000000 0.000000
    54 0.000001 0.000000 0.000000 -1.570796 0.000000 0.000000
    55 0.000000 0.000000 0.000002 -1.570796 0.000000 0.000000
    56 -0.000003 0.000000 0.000001 -1.570796 0.000000 0.000000
    57 0.000000 0.000000 0.000000 -1.570796 0.000000 0.000000
    58 0.000000 0.000000 -0.000002 -1.570796 0.000000 0.000000
    59 0.000000 0.000000 0.000001 -1.570796 0.000000 0.000000
    60 -0.000003 0.000000 0.000000 -1.570796 0.000000 0.000000
    61 -0.000001 0.000000 0.000000 -1.570796 0.000000 0.000000
    62 0.000000 0.000000 0.000000 -1.570796 0.000001 0.000000
    63 0.000000 0.000000 0.000000 -1.570796 0.000001 0.000000
    64 0.000000 0.000000 0.000001 3.141593 0.000000 0.000000
    65 0.000000 0.000000 0.000000 3.141593 0.000000 0.000000
    66 0.000001 -0.000001 0.000002 3.141592 0.000000 0.000000
    67 0.000000 10.000002 -0.000005 -1.570796 0.000000 -1.570796
    68 0.000000 10.000002 -0.000005 -1.570796 0.000000 -1.570796
    69 0.000000 0.000005 -0.000003 -1.570796 0.000000 -1.570796
    70 -0.000002 0.000006 -0.500010 -1.570796 0.000000 -1.570796
    71 -0.000004 0.000000 -0.000002 -1.570796 0.000000 0.000000
    72 0.000000 0.000000 0.000000 -1.570796 0.000000 0.000000
    73 0.000000 0.000000 0.000000 -1.570796 0.000000 0.000000
    74 -0.000002 0.000000 0.000000 -1.570796 0.000000 0.000000
    75 0.000002 0.000000 0.000000 -1.570796 0.000000 0.000000
    76 0.000006 0.000000 0.000000 -1.570796 0.000000 0.000000
    77 0.000001 0.000000 0.000000 -1.570796 0.000000 0.000000
    78 0.000000 0.000000 0.000000 -1.570796 0.000000 0.000000
    79 0.000003 0.000000 0.000000 -1.570796 0.000000 0.000000
    80 0.000000 0.000000 0.000000 -1.570796 0.000000 0.000000
    81 0.000002 0.000000 -0.000001 -1.570796 0.000000 0.000000
    82 0.000000 0.000000 0.000000 -1.570796 0.000000 0.000000
    83 0.000000 0.000000 -0.000003 0.000000 0.000000 0.000000
    84 0.000000 0.000000 0.000000 0.000000 0.000000 0.000000
    85 0.000000 0.000001 -0.000001 0.000000 0.000000 0.000000
  time 94
    0 -7.857152 -1.435190 -11.323423 -1.210641 0.496433 -0.605796
    1 0.026867 -11.331078 -0.000002 0.456016 -0.070468 0.259120
    2 0.000000 -0.570801 0.000000 0.000000 0.000000 0.000000
    3 -0.523475 0.288004 0.594726 0.252648 -0.638420 -2.622104
    4 2.276719 -0.120318 -0.000001 0.000000 0.000000 0.092037
    5 1.069446 0.056463 0.000000 0.000000 0.000000 0.848230
    6 -1.355754 -2.286684 -0.142105 0.000000 -0.042551 -1.638864
    7 1.730202 -0.000584 0.000001 0.000000 -0.220576 0.005236
    8 1.203226 -0.010942 0.000001 0.000000 -0.374425 0.000000
    9 -0.430529 -2.482385 -0.142105 -0.078673 -0.245723 -1.438586
    10 1.929139 0.004627 0.000003 -3.141592 -1.434526 -3.141593
    11 1.413089 0.008475 0.000000 0.000000 -1.214826 0.020944
    12 0.376671 -2.168664 -0.149917 -0.056476 -0.189890 -1.438218
    13 1.956384 0.053687 0.000000 -0.000001 -1.554315 -0.010473
    14 1.365878 0.003407 0.000000 0.000001 -1.338215 0.005236
    15 1.194772 -1.655615 -0.138199 0.000000 -0.284582 -1.445133
    16 1.674395 0.018204 -0.000001 0.000000 -0.594000 -0.005236
    17 1.089296 -0.001050 -0.000001 0.000000 -1.510943 0.000000
    18 14.422047 4.592472 -13.517371 0.246684 -0.825409 -0.777989
    19 -0.295538 -11.160193 0.000002 0.790140 -0.283554 -1.043243
    20 0.288086 -4.437500 0.926270 0.080103 -1.549641 -0.151666
    21 0.000001 2.791016 0.898926 0.000000 0.000000 0.000000
    22 0.000000 -0.087891 2.902344 0.000000 0.000000 0.000000
    23 -0.490966 -4.492466 0.843910 0.491925 1.515725 0.567748
    24 0.000000 2.901287 1.065260 0.000000 0.000000 0.000000
    25 0.000000 -1.571502 2.901285 0.000000 0.000000 0.000000
    26 -0.021851 -0.544922 0.000003 0.000000 0.000000 0.000000
    27 0.581406 0.235277 0.582201 0.243043 -0.583712 -1.119107
    28 2.306785 0.010602 0.000001 0.000000 0.000000 -0.454614
    29 1.234327 -0.010016 -0.000001 0.000000 0.000000 -0.256907
    30 1.420898 -2.332031 -0.171143 0.000000 -0.052360 -1.523672
    31 1.706055 0.018570 0.000001 0.000000 -0.376991 -0.005236
    32 1.168945 -0.007069 0.000002 0.000000 -0.612611 0.010472
    33 0.511719 -2.587891 -0.171143 0.068179 -0.280440 -1.750247
    34 1.835938 0.009178 0.000000 -3.141591 -1.523670 -3.131118
    35 1.439453 0.012909 0.000000 0.000000 -1.099558 0.005236
    36 -0.359256 -2.257814 -0.168329 0.017968 -0.224442 -1.724665
    37 1.887695 -0.005322 0.000002 0.000002 -1.544617 0.036656
    38 1.373080 -0.010806 0.000002 0.000000 -1.130973 0.010472
    39 -1.195313 -1.695313 -0.171143 0.000000 -0.235619 -1.685988
    40 1.688477 -0.013481 0.000001 0.000000 -0.753982 0.005229
    41 1.072266 0.022156 -0.000002 0.000000 -1.371829 -0.010472
    42 -0.160161 15.868114 -32.523289 0.028391 0.032107 0.004950
    43 0.000000 -3.702027 1.590397 0.000000 0.000000 0.000000
    44 0.000001 -1.269191 2.096640 0.000000 0.000000 0.000000
    45 0.000001 -1.329102 2.132813 0.000000 0.000000 0.000000
    46 0.000001 -2.109375 1.572266 0.000000 0.000000 0.000000
    47 0.000001 -3.742188 1.536133 0.000000 0.000000 0.000000
    48 0.500002 9.999993 0.000002 -1.570796 0.000000 -1.570796
    49 0.500002 9.999993 0.000002 -1.570796 0.000000 -1.570796
    50 0.000000 0.000005 0.000001 -1.570796 0.000000 -1.570796
    51 0.000001 0.000003 -0.500010 -1.570796 0.000000 -1.570796
    52 -0.000001 0.000000 -0.000002 -1.570796 0.000000 0.000000
    53 0.000000 0.000000 0.000000 -1.570797 0.000000 0.000000
    54 0.000001 0.000000 0.000000 -1.570796 0.000000 0.000000
    55 0.000000 0.000000 0.000002 -1.570796 0.000000 0.000000
    56 -0.000003 0.000000 0.000001 -1.570796 0.000000 0.000000
    57 0.000000 0.000000 0.000000 -1.570796 0.000000 0.000000
    58 0.000000 0.000000 -0.000002 -1.570796 0.000000 0.000000
    59 0.000000 0.000000 0.000001 -1.570796 0.000000 0.000000
    60 -0.000003 0.000000 0.000000 -1.570796 0.000000 0.000000
    61 -0.000001 0.000000 0.000000 -1.570796 0.000000 0.000000
    62 0.000000 0.000000 0.000000 -1.570796 0.000001 0.000000
    63 0.000000 0.000000 0.000000 -1.570796 0.000001 0.000000
    64 0.000000 0.000000 0.000001 3.141593 0.000000 0.000000
    65 0.000000 0.000000 0.000000 3.141593 0.000000 0.000000
    66 0.000001 -0.000001 0.000002 3.141592 0.000000 0.000000
    67 0.000000 10.000002 -0.000005 -1.570796 0.000000 -1.570796
    68 0.000000 10.000002 -0.000005 -1.570796 0.000000 -1.570796
    69 0.000000 0.000005 -0.000003 -1.570796 0.000000 -1.570796
    70 -0.000002 0.000006 -0.500010 -1.570796 0.000000 -1.570796
    71 -0.000004 0.000000 -0.000002 -1.570796 0.000000 0.000000
    72 0.000000 0.000000 0.000000 -1.570796 0.000000 0.000000
    73 0.000000 0.000000 0.000000 -1.570796 0.000000 0.000000
    74 -0.000002 0.000000 0.000000 -1.570796 0.000000 0.000000
    75 0.000002 0.000000 0.000000 -1.570796 0.000000 0.000000
    76 0.000006 0.000000 0.000000 -1.570796 0.000000 0.000000
    77 0.000001 0.000000 0.000000 -1.570796 0.000000 0.000000
    78 0.000000 0.000000 0.000000 -1.570796 0.000000 0.000000
    79 0.000003 0.000000 0.000000 -1.570796 0.000000 0.000000
    80 0.000000 0.000000 0.000000 -1.570796 0.000000 0.000000
    81 0.000002 0.000000 -0.000001 -1.570796 0.000000 0.000000
    82 0.000000 0.000000 0.000000 -1.570796 0.000000 0.000000
    83 0.000000 0.000000 -0.000003 0.000000 0.000000 0.000000
    84 0.000000 0.000000 0.000000 0.000000 0.000000 0.000000
    85 0.000000 0.000001 -0.000001 0.000000 0.000000 0.000000
  time 95
    0 -7.896216 -1.443003 -11.296079 -1.208563 0.501583 -0.585967
    1 0.026867 -11.331078 -0.000002 0.443252 -0.070220 0.266815
    2 0.000000 -0.570801 0.000000 0.000000 0.000000 0.000000
    3 -0.519569 0.280191 0.586913 0.256163 -0.642001 -2.626177
    4 2.276719 -0.124224 -0.000001 0.000000 0.000000 0.089887
    5 1.069446 0.056463 0.000000 0.000000 0.000000 0.848230
    6 -1.355754 -2.286684 -0.142105 0.000000 -0.041744 -1.638864
    7 1.734108 -0.000584 0.000001 0.000000 -0.226009 0.005236
    8 1.203226 -0.010942 0.000001 0.000000 -0.380612 0.000000
    9 -0.430529 -2.482385 -0.142105 -0.078661 -0.245471 -1.438600
    10 1.929139 0.004627 0.000003 -3.141592 -1.433309 -3.141593
    11 1.416995 0.008475 0.000000 0.000000 -1.216295 0.020944
    12 0.376671 -2.164757 -0.146011 -0.056488 -0.189970 -1.438206
    13 1.956384 0.053687 0.000000 -0.000001 -1.555252 -0.010473
    14 1.369784 0.003407 0.000000 0.000001 -1.339944 0.005236
    15 1.194772 -1.659521 -0.138199 0.000000 -0.284799 -1.445133
    16 1.674395 0.018204 -0.000001 0.000000 -0.593699 -0.005236
    17 1.089296 -0.001050 -0.000001 0.000000 -1.512695 0.000000
    18 14.449391 5.201866 -14.068169 0.360343 -0.798957 -0.864126
    19 -0.295538 -11.160193 0.000002 0.843131 -0.262018 -1.073942
    20 0.288086 -4.437500 0.926270 0.080103 -1.549641 -0.151666
    21 0.000001 2.791016 0.898926 0.000000 0.000000 0.000000
    22 0.000000 -0.087891 2.902344 0.000000 0.000000 0.000000
    23 -0.490966 -4.488559 0.847817 0.560164 1.513268 0.634097
    24 0.000000 2.901287 1.065260 0.000000 0.000000 0.000000
    25 0.000000 -1.571502 2.901285 0.000000 0.000000 0.000000
    26 -0.021851 -0.544922 0.000003 0.000000 0.000000 0.000000
    27 0.581406 0.235277 0.582201 0.244335 -0.595509 -1.119588
    28 2.310691 0.010602 0.000001 0.000000 0.000000 -0.457519
    29 1.242140 -0.010016 -0.000001 0.000000 0.000000 -0.265685
    30 1.420898 -2.332031 -0.171143 0.000000 -0.052360 -1.523672
    31 1.706055 0.018570 0.000001 0.000000 -0.376991 -0.005236
    32 1.168945 -0.007069 0.000002 0.000000 -0.612611 0.010472
    33 0.511719 -2.587891 -0.171143 0.068179 -0.280440 -1.750247
    34 1.835938 0.009178 0.000000 -3.141591 -1.523670 -3.131118
    35 1.439453 0.012909 0.000000 0.000000 -1.099558 0.005236
    36 -0.359256 -2.261720 -0.168329 0.017968 -0.224442 -1.724665
    37 1.887695 -0.005322 0.000002 0.000002 -1.544617 0.036656
    38 1.369174 -0.010806 0.000002 0.000000 -1.130973 0.010472
    39 -1.195313 -1.695313 -0.171143 0.000000 -0.235619 -1.685988
    40 1.688477 -0.013481 0.000001 0.000000 -0.753982 0.005229
    41 1.072266 0.022156 -0.000002 0.000000 -1.371829 -0.010472
    42 -0.164068 15.161062 -31.187311 0.025383 0.028679 0.004326
    43 0.000000 -3.702027 1.590397 0.000000 0.000000 0.000000
    44 0.000001 -1.269191 2.096640 0.000000 0.000000 0.000000
    45 0.000001 -1.329102 2.132813 0.000000 0.000000 0.000000
    46 0.000001 -2.109375 1.572266 0.000000 0.000000 0.000000
    47 0.000001 -3.742188 1.536133 0.000000 0.000000 0.000000
    48 0.500002 9.999993 0.000002 -1.570796 0.000000 -1.570796
    49 0.500002 9.999993 0.000002 -1.570796 0.000000 -1.570796
    50 0.000000 0.000005 0.000001 -1.570796 0.000000 -1.570796
    51 0.000001 0.000003 -0.500010 -1.570796 0.000000 -1.570796
    52 -0.000001 0.000000 -0.000002 -1.570796 0.000000 0.000000
    53 0.000000 0.000000 0.000000 -1.570797 0.000000 0.000000
    54 0.000001 0.000000 0.000000 -1.570796 0.000000 0.000000
    55 0.000000 0.000000 0.000002 -1.570796 0.000000 0.000000
    56 -0.000003 0.000000 0.000001 -1.570796 0.000000 0.000000
    57 0.000000 0.000000 0.000000 -1.570796 0.000000 0.000000
    58 0.000000 0.000000 -0.000002 -1.570796 0.000000 0.000000
    59 0.000000 0.000000 0.000001 -1.570796 0.000000 0.000000
    60 -0.000003 0.000000 0.000000 -1.570796 0.000000 0.000000
    61 -0.000001 0.000000 0.000000 -1.570796 0.000000 0.000000
    62 0.000000 0.000000 0.000000 -1.570796 0.000001 0.000000
    63 0.000000 0.000000 0.000000 -1.570796 0.000001 0.000000
    64 0.000000 0.000000 0.000001 3.141593 0.000000 0.000000
    65 0.000000 0.000000 0.000000 3.141593 0.000000 0.000000
    66 0.000001 -0.000001 0.000002 3.141592 0.000000 0.000000
    67 0.000000 10.000002 -0.000005 -1.570796 0.000000 -1.570796
    68 0.000000 10.000002 -0.000005 -1.570796 0.000000 -1.570796
    69 0.000000 0.000005 -0.000003 -1.570796 0.000000 -1.570796
    70 -0.000002 0.000006 -0.500010 -1.570796 0.000000 -1.570796
    71 -0.000004 0.000000 -0.000002 -1.570796 0.000000 0.000000
    72 0.000000 0.000000 0.000000 -1.570796 0.000000 0.000000
    73 0.000000 0.000000 0.000000 -1.570796 0.000000 0.000000
    74 -0.000002 0.000000 0.000000 -1.570796 0.000000 0.000000
    75 0.000002 0.000000 0.000000 -1.570796 0.000000 0.000000
    76 0.000006 0.000000 0.000000 -1.570796 0.000000 0.000000
    77 0.000001 0.000000 0.000000 -1.570796 0.000000 0.000000
    78 0.000000 0.000000 0.000000 -1.570796 0.000000 0.000000
    79 0.000003 0.000000 0.000000 -1.570796 0.000000 0.000000
    80 0.000000 0.000000 0.000000 -1.570796 0.000000 0.000000
    81 0.000002 0.000000 -0.000001 -1.570796 0.000000 0.000000
    82 0.000000 0.000000 0.000000 -1.570796 0.000000 0.000000
    83 0.000000 0.000000 -0.000003 0.000000 0.000000 0.000000
    84 0.000000 0.000000 0.000000 0.000000 0.000000 0.000000
    85 0.000000 0.000001 -0.000001 0.000000 0.000000 0.000000
  time 96
    0 -7.919654 -1.443003 -11.272641 -1.206645 0.507001 -0.566138
    1 0.026867 -11.331078 -0.000002 0.430027 -0.069531 0.275374
    2 0.000000 -0.570801 0.000000 0.000000 0.000000 0.000000
    3 -0.527382 0.288004 0.586913 0.258289 -0.645478 -2.629100
    4 2.268907 -0.124224 -0.000001 0.000000 0.000000 0.088476
    5 1.069446 0.056463 0.000000 0.000000 0.000000 0.848230
    6 -1.351848 -2.286684 -0.142105 0.000000 -0.040852 -1.638864
    7 1.726295 -0.000584 0.000001 0.000000 -0.231490 0.005236
    8 1.195413 -0.010942 0.000001 0.000000 -0.386799 0.000000
    9 -0.426622 -2.478479 -0.142105 -0.078661 -0.245371 -1.438600
    10 1.925233 0.004627 0.000003 -3.141592 -1.432590 -3.141593
    11 1.416995 0.008475 0.000000 0.000000 -1.217289 0.020944
    12 0.376671 -2.160851 -0.149917 -0.056500 -0.190050 -1.438206
    13 1.956384 0.053687 0.000000 -0.000001 -1.555748 -0.010473
    14 1.369784 0.003407 0.000000 0.000001 -1.341111 0.005236
    15 1.194772 -1.659521 -0.146012 0.000000 -0.285016 -1.445133
    16 1.670489 0.018204 -0.000001 0.000000 -0.593590 -0.005236
    17 1.089296 -0.001050 -0.000001 0.000000 -1.513766 0.000000
    18 14.402515 5.776102 -14.513495 0.464140 -0.774998 -0.940432
    19 -0.295538 -11.160193 0.000002 0.899252 -0.241028 -1.077022
    20 0.288086 -4.437500 0.926270 0.080103 -1.549641 -0.151666
    21 0.000001 2.791016 0.898926 0.000000 0.000000 0.000000
    22 0.000000 -0.087891 2.902344 0.000000 0.000000 0.000000
    23 -0.490966 -4.492466 0.847817 0.640843 1.509601 0.712125
    24 0.000000 2.901287 1.065260 0.000000 0.000000 0.000000
    25 0.000000 -1.571502 2.901285 0.000000 0.000000 0.000000
    26 -0.021851 -0.544922 0.000003 0.000000 0.000000 0.000000
    27 0.581406 0.227464 0.590013 0.245627 -0.606662 -1.119588
    28 2.310691 0.010602 0.000001 0.000000 0.000000 -0.460143
    29 1.242140 -0.010016 -0.000001 0.000000 0.000000 -0.274678
    30 1.420898 -2.332031 -0.171143 0.000000 -0.052360 -1.523672
    31 1.706055 0.018570 0.000001 0.000000 -0.376991 -0.005236
    32 1.168945 -0.007069 0.000002 0.000000 -0.612611 0.010472
    33 0.511719 -2.587891 -0.171143 0.068179 -0.280440 -1.750247
    34 1.835938 0.009178 0.000000 -3.141591 -1.523670 -3.131118
    35 1.439453 0.012909 0.000000 0.000000 -1.099558 0.005236
    36 -0.359256 -2.265626 -0.168329 0.017968 -0.224442 -1.724665
    37 1.887695 -0.005322 0.000002 0.000002 -1.544617 0.036656
    38 1.373080 -0.010806 0.000002 0.000000 -1.130973 0.010472
    39 -1.195313 -1.695313 -0.171143 0.000000 -0.235619 -1.685988
    40 1.688477 -0.013481 0.000001 0.000000 -0.753982 0.005229
    41 1.072266 0.022156 -0.000002 0.000000 -1.371829 -0.010472
    42 -0.156255 14.368069 -29.714610 0.022231 0.025192 0.003739
    43 0.000000 -3.702027 1.590397 0.000000 0.000000 0.000000
    44 0.000001 -1.269191 2.096640 0.000000 0.000000 0.000000
    45 0.000001 -1.329102 2.132813 0.000000 0.000000 0.000000
    46 0.000001 -2.109375 1.572266 0.000000 0.000000 0.000000
    47 0.000001 -3.742188 1.536133 0.000000 0.000000 0.000000
    48 0.500002 9.999993 0.000002 -1.570796 0.000000 -1.570796
    49 0.500002 9.999993 0.000002 -1.570796 0.000000 -1.570796
    50 0.000000 0.000005 0.000001 -1.570796 0.000000 -1.570796
    51 0.000001 0.000003 -0.500010 -1.570796 0.000000 -1.570796
    52 -0.000001 0.000000 -0.000002 -1.570796 0.000000 0.000000
    53 0.000000 0.000000 0.000000 -1.570797 0.000000 0.000000
    54 0.000001 0.000000 0.000000 -1.570796 0.000000 0.000000
    55 0.000000 0.000000 0.000002 -1.570796 0.000000 0.000000
    56 -0.000003 0.000000 0.000001 -1.570796 0.000000 0.000000
    57 0.000000 0.000000 0.000000 -1.570796 0.000000 0.000000
    58 0.000000 0.000000 -0.000002 -1.570796 0.000000 0.000000
    59 0.000000 0.000000 0.000001 -1.570796 0.000000 0.000000
    60 -0.000003 0.000000 0.000000 -1.570796 0.000000 0.000000
    61 -0.000001 0.000000 0.000000 -1.570796 0.000000 0.000000
    62 0.000000 0.000000 0.000000 -1.570796 0.000001 0.000000
    63 0.000000 0.000000 0.000000 -1.570796 0.000001 0.000000
    64 0.000000 0.000000 0.000001 3.141593 0.000000 0.000000
    65 0.000000 0.000000 0.000000 3.141593 0.000000 0.000000
    66 0.000001 -0.000001 0.000002 3.141592 0.000000 0.000000
    67 0.000000 10.000002 -0.000005 -1.570796 0.000000 -1.570796
    68 0.000000 10.000002 -0.000005 -1.570796 0.000000 -1.570796
    69 0.000000 0.000005 -0.000003 -1.570796 0.000000 -1.570796
    70 -0.000002 0.000006 -0.500010 -1.570796 0.000000 -1.570796
    71 -0.000004 0.000000 -0.000002 -1.570796 0.000000 0.000000
    72 0.000000 0.000000 0.000000 -1.570796 0.000000 0.000000
    73 0.000000 0.000000 0.000000 -1.570796 0.000000 0.000000
    74 -0.000002 0.000000 0.000000 -1.570796 0.000000 0.000000
    75 0.000002 0.000000 0.000000 -1.570796 0.000000 0.000000
    76 0.000006 0.000000 0.000000 -1.570796 0.000000 0.000000
    77 0.000001 0.000000 0.000000 -1.570796 0.000000 0.000000
    78 0.000000 0.000000 0.000000 -1.570796 0.000000 0.000000
    79 0.000003 0.000000 0.000000 -1.570796 0.000000 0.000000
    80 0.000000 0.000000 0.000000 -1.570796 0.000000 0.000000
    81 0.000002 0.000000 -0.000001 -1.570796 0.000000 0.000000
    82 0.000000 0.000000 0.000000 -1.570796 0.000000 0.000000
    83 0.000000 0.000000 -0.000003 0.000000 0.000000 0.000000
    84 0.000000 0.000000 0.000000 0.000000 0.000000 0.000000
    85 0.000000 0.000001 -0.000001 0.000000 0.000000 0.000000
  time 97
    0 -7.931373 -1.435190 -11.241390 -1.204326 0.512509 -0.545351
    1 0.026867 -11.331078 -0.000002 0.416341 -0.068539 0.284571
    2 0.000000 -0.570801 0.000000 0.000000 0.000000 0.000000
    3 -0.527382 0.288004 0.590819 0.259112 -0.648836 -2.631038
    4 2.276719 -0.124224 -0.000001 0.000000 0.000000 0.087636
    5 1.069446 0.056463 0.000000 0.000000 0.000000 0.848230
    6 -1.355754 -2.278871 -0.142105 0.000000 -0.039918 -1.638864
    7 1.734108 -0.000584 0.000001 0.000000 -0.236970 0.005236
    8 1.199319 -0.010942 0.000001 0.000000 -0.392986 0.000000
    9 -0.430529 -2.478479 -0.142105 -0.078661 -0.245371 -1.438600
    10 1.925233 0.004627 0.000003 -3.141592 -1.432037 -3.141593
    11 1.416995 0.008475 0.000000 0.000000 -1.217808 0.020944
    12 0.376671 -2.164757 -0.146011 -0.056476 -0.190090 -1.438206
    13 1.956384 0.057593 0.000000 -0.000001 -1.556134 -0.010473
    14 1.369784 0.003407 0.000000 0.000001 -1.341759 0.005236
    15 1.194772 -1.655615 -0.142105 0.000000 -0.285161 -1.445133
    16 1.678301 0.018204 -0.000001 0.000000 -0.593480 -0.005236
    17 1.089296 -0.001050 -0.000001 0.000000 -1.514350 0.000000
    18 14.250166 6.295649 -14.818192 0.562394 -0.757833 -1.010652
    19 -0.299444 -11.156286 0.000002 0.961345 -0.222792 -1.047055
    20 0.288086 -4.437500 0.926270 0.080103 -1.549641 -0.151666
    21 0.000001 2.791016 0.898926 0.000000 0.000000 0.000000
    22 0.000000 -0.087891 2.902344 0.000000 0.000000 0.000000
    23 -0.483153 -4.484653 0.843910 0.721521 1.505047 0.789986
    24 0.000000 2.901287 1.065260 0.000000 0.000000 0.000000
    25 0.000000 -1.567595 2.901285 0.000000 0.000000 0.000000
    26 -0.021851 -0.544922 0.000003 0.000000 0.000000 0.000000
    27 0.581406 0.235277 0.586107 0.246934 -0.616874 -1.119227
    28 2.306785 0.010602 0.000001 0.000000 0.000000 -0.462426
    29 1.238233 -0.010016 -0.000001 0.000000 0.000000 -0.283886
    30 1.420898 -2.332031 -0.171143 0.000000 -0.052360 -1.523672
    31 1.706055 0.018570 0.000001 0.000000 -0.376991 -0.005236
    32 1.168945 -0.007069 0.000002 0.000000 -0.612611 0.010472
    33 0.511719 -2.587891 -0.171143 0.068179 -0.280440 -1.750247
    34 1.835938 0.009178 0.000000 -3.141591 -1.523670 -3.131118
    35 1.439453 0.012909 0.000000 0.000000 -1.099558 0.005236
    36 -0.359256 -2.265626 -0.168329 0.017968 -0.224442 -1.724665
    37 1.887695 -0.005322 0.000002 0.000002 -1.544617 0.036656
    38 1.373080 -0.010806 0.000002 0.000000 -1.130973 0.010472
    39 -1.195313 -1.695313 -0.171143 0.000000 -0.235619 -1.685988
    40 1.688477 -0.013481 0.000001 0.000000 -0.753982 0.005229
    41 1.072266 0.022156 -0.000002 0.000000 -1.371829 -0.010472
    42 -0.140629 13.508667 -28.152062 0.018984 0.021392 0.003200
    43 0.000000 -3.702027 1.590397 0.000000 0.000000 0.000000
    44 0.000001 -1.269191 2.096640 0.000000 0.000000 0.000000
    45 0.000001 -1.329102 2.132813 0.000000 0.000000 0.000000
    46 0.000001 -2.109375 1.572266 0.000000 0.000000 0.000000
    47 0.000001 -3.742188 1.536133 0.000000 0.000000 0.000000
    48 0.500002 9.999993 0.000002 -1.570796 0.000000 -1.570796
    49 0.500002 9.999993 0.000002 -1.570796 0.000000 -1.570796
    50 0.000000 0.000005 0.000001 -1.570796 0.000000 -1.570796
    51 0.000001 0.000003 -0.500010 -1.570796 0.000000 -1.570796
    52 -0.000001 0.000000 -0.000002 -1.570796 0.000000 0.000000
    53 0.000000 0.000000 0.000000 -1.570797 0.000000 0.000000
    54 0.000001 0.000000 0.000000 -1.570796 0.000000 0.000000
    55 0.000000 0.000000 0.000002 -1.570796 0.000000 0.000000
    56 -0.000003 0.000000 0.000001 -1.570796 0.000000 0.000000
    57 0.000000 0.000000 0.000000 -1.570796 0.000000 0.000000
    58 0.000000 0.000000 -0.000002 -1.570796 0.000000 0.000000
    59 0.000000 0.000000 0.000001 -1.570796 0.000000 0.000000
    60 -0.000003 0.000000 0.000000 -1.570796 0.000000 0.000000
    61 -0.000001 0.000000 0.000000 -1.570796 0.000000 0.000000
    62 0.000000 0.000000 0.000000 -1.570796 0.000001 0.000000
    63 0.000000 0.000000 0.000000 -1.570796 0.000001 0.000000
    64 0.000000 0.000000 0.000001 3.141593 0.000000 0.000000
    65 0.000000 0.000000 0.000000 3.141593 0.000000 0.000000
    66 0.000001 -0.000001 0.000002 3.141592 0.000000 0.000000
    67 0.000000 10.000002 -0.000005 -1.570796 0.000000 -1.570796
    68 0.000000 10.000002 -0.000005 -1.570796 0.000000 -1.570796
    69 0.000000 0.000005 -0.000003 -1.570796 0.000000 -1.570796
    70 -0.000002 0.000006 -0.500010 -1.570796 0.000000 -1.570796
    71 -0.000004 0.000000 -0.000002 -1.570796 0.000000 0.000000
    72 0.000000 0.000000 0.000000 -1.570796 0.000000 0.000000
    73 0.000000 0.000000 0.000000 -1.570796 0.000000 0.000000
    74 -0.000002 0.000000 0.000000 -1.570796 0.000000 0.000000
    75 0.000002 0.000000 0.000000 -1.570796 0.000000 0.000000
    76 0.000006 0.000000 0.000000 -1.570796 0.000000 0.000000
    77 0.000001 0.000000 0.000000 -1.570796 0.000000 0.000000
    78 0.000000 0.000000 0.000000 -1.570796 0.000000 0.000000
    79 0.000003 0.000000 0.000000 -1.570796 0.000000 0.000000
    80 0.000000 0.000000 0.000000 -1.570796 0.000000 0.000000
    81 0.000002 0.000000 -0.000001 -1.570796 0.000000 0.000000
    82 0.000000 0.000000 0.000000 -1.570796 0.000000 0.000000
    83 0.000000 0.000000 -0.000003 0.000000 0.000000 0.000000
    84 0.000000 0.000000 0.000000 0.000000 0.000000 0.000000
    85 0.000000 0.000001 -0.000001 0.000000 0.000000 0.000000
  time 98
    0 -7.939186 -1.431284 -11.210139 -1.201848 0.517659 -0.523894
    1 0.026867 -11.331078 -0.000002 0.402123 -0.067299 0.294256
    2 0.000000 -0.570801 0.000000 0.000000 0.000000 0.000000
    3 -0.523475 0.288004 0.594726 0.258735 -0.651971 -2.632089
    4 2.276719 -0.120318 -0.000001 0.000000 0.000000 0.087401
    5 1.069446 0.056463 0.000000 0.000000 0.000000 0.848230
    6 -1.359660 -2.274965 -0.142105 0.000000 -0.039026 -1.638864
    7 1.730202 -0.000584 0.000001 0.000000 -0.242497 0.005236
    8 1.195413 -0.010942 0.000001 0.000000 -0.399284 0.000000
    9 -0.430529 -2.478479 -0.142105 -0.078661 -0.245219 -1.438600
    10 1.925233 0.004627 0.000003 -3.141592 -1.432037 -3.141593
    11 1.416995 0.008475 0.000000 0.000000 -1.217937 0.020944
    12 0.384484 -2.160851 -0.146011 -0.056476 -0.190050 -1.438206
    13 1.956384 0.057593 0.000000 -0.000001 -1.556189 -0.010473
    14 1.365878 0.003407 0.000000 0.000001 -1.341889 0.005236
    15 1.194772 -1.655615 -0.138199 0.000000 -0.285197 -1.445133
    16 1.674395 0.018204 -0.000001 0.000000 -0.593480 -0.005236
    17 1.089296 -0.001050 -0.000001 0.000000 -1.514496 0.000000
    18 13.984533 6.764413 -14.974447 0.659427 -0.750461 -1.079468
    19 -0.299444 -11.160193 0.000002 1.031028 -0.210833 -0.978865
    20 0.288086 -4.437500 0.926270 0.080103 -1.549641 -0.151666
    21 0.000001 2.791016 0.898926 0.000000 0.000000 0.000000
    22 0.000000 -0.087891 2.902344 0.000000 0.000000 0.000000
    23 -0.487059 -4.492466 0.836098 0.786425 1.500589 0.852219
    24 0.000000 2.901287 1.065260 0.000000 0.000000 0.000000
    25 0.000000 -1.567595 2.901285 0.000000 0.000000 0.000000
    26 -0.021851 -0.544922 0.000003 0.000000 0.000000 0.000000
    27 0.585312 0.235277 0.582201 0.248318 -0.626109 -1.118626
    28 2.306785 0.010602 0.000001 0.000000 0.000000 -0.464414
    29 1.234327 -0.010016 -0.000001 0.000000 0.000000 -0.293278
    30 1.420898 -2.332031 -0.171143 0.000000 -0.052360 -1.523672
    31 1.706055 0.018570 0.000001 0.000000 -0.376991 -0.005236
    32 1.168945 -0.007069 0.000002 0.000000 -0.612611 0.010472
    33 0.511719 -2.587891 -0.171143 0.068179 -0.280440 -1.750247
    34 1.835938 0.009178 0.000000 -3.141591 -1.523670 -3.131118
    35 1.439453 0.012909 0.000000 0.000000 -1.099558 0.005236
    36 -0.359256 -2.261720 -0.164423 0.017968 -0.224442 -1.724665
    37 1.887695 -0.005322 0.000002 0.000002 -1.544617 0.036656
    38 1.369174 -0.010806 0.000002 0.000000 -1.130973 0.010472
    39 -1.195313 -1.695313 -0.171143 0.000000 -0.235619 -1.685988
    40 1.688477 -0.013481 0.000001 0.000000 -0.753982 0.005229
    41 1.072266 0.022156 -0.000002 0.000000 -1.371829 -0.010472
    42 -0.125004 12.594577 -26.519200 0.015472 0.017485 0.002589
    43 0.000000 -3.702027 1.590397 0.000000 0.000000 0.000000
    44 0.000001 -1.269191 2.096640 0.000000 0.000000 0.000000
    45 0.000001 -1.329102 2.132813 0.000000 0.000000 0.000000
    46 0.000001 -2.109375 1.572266 0.000000 0.000000 0.000000
    47 0.000001 -3.742188 1.536133 0.000000 0.000000 0.000000
    48 0.500002 9.999993 0.000002 -1.570796 0.000000 -1.570796
    49 0.500002 9.999993 0.000002 -1.570796 0.000000 -1.570796
    50 0.000000 0.000005 0.000001 -1.570796 0.000000 -1.570796
    51 0.000001 0.000003 -0.500010 -1.570796 0.000000 -1.570796
    52 -0.000001 0.000000 -0.000002 -1.570796 0.000000 0.000000
    53 0.000000 0.000000 0.000000 -1.570797 0.000000 0.000000
    54 0.000001 0.000000 0.000000 -1.570796 0.000000 0.000000
    55 0.000000 0.000000 0.000002 -1.570796 0.000000 0.000000
    56 -0.000003 0.000000 0.000001 -1.570796 0.000000 0.000000
    57 0.000000 0.000000 0.000000 -1.570796 0.000000 0.000000
    58 0.000000 0.000000 -0.000002 -1.570796 0.000000 0.000000
    59 0.000000 0.000000 0.000001 -1.570796 0.000000 0.000000
    60 -0.000003 0.000000 0.000000 -1.570796 0.000000 0.000000
    61 -0.000001 0.000000 0.000000 -1.570796 0.000000 0.000000
    62 0.000000 0.000000 0.000000 -1.570796 0.000001 0.000000
    63 0.000000 0.000000 0.000000 -1.570796 0.000001 0.000000
    64 0.000000 0.000000 0.000001 3.141593 0.000000 0.000000
    65 0.000000 0.000000 0.000000 3.141593 0.000000 0.000000
    66 0.000001 -0.000001 0.000002 3.141592 0.000000 0.000000
    67 0.000000 10.000002 -0.000005 -1.570796 0.000000 -1.570796
    68 0.000000 10.000002 -0.000005 -1.570796 0.000000 -1.570796
    69 0.000000 0.000005 -0.000003 -1.570796 0.000000 -1.570796
    70 -0.000002 0.000006 -0.500010 -1.570796 0.000000 -1.570796
    71 -0.000004 0.000000 -0.000002 -1.570796 0.000000 0.000000
    72 0.000000 0.000000 0.000000 -1.570796 0.000000 0.000000
    73 0.000000 0.000000 0.000000 -1.570796 0.000000 0.000000
    74 -0.000002 0.000000 0.000000 -1.570796 0.000000 0.000000
    75 0.000002 0.000000 0.000000 -1.570796 0.000000 0.000000
    76 0.000006 0.000000 0.000000 -1.570796 0.000000 0.000000
    77 0.000001 0.000000 0.000000 -1.570796 0.000000 0.000000
    78 0.000000 0.000000 0.000000 -1.570796 0.000000 0.000000
    79 0.000003 0.000000 0.000000 -1.570796 0.000000 0.000000
    80 0.000000 0.000000 0.000000 -1.570796 0.000000 0.000000
    81 0.000002 0.000000 -0.000001 -1.570796 0.000000 0.000000
    82 0.000000 0.000000 0.000000 -1.570796 0.000000 0.000000
    83 0.000000 0.000000 -0.000003 0.000000 0.000000 0.000000
    84 0.000000 0.000000 0.000000 0.000000 0.000000 0.000000
    85 0.000000 0.000001 -0.000001 0.000000 0.000000 0.000000
  time 99
    0 -7.939186 -1.427377 -11.178888 -1.199131 0.522495 -0.501478
    1 0.026867 -11.331078 -0.000002 0.387551 -0.065894 0.304279
    2 0.000000 -0.570801 0.000000 0.000000 0.000000 0.000000
    3 -0.523475 0.288004 0.586913 0.257226 -0.654883 -2.632155
    4 2.276719 -0.120318 -0.000001 0.000000 0.000000 0.087636
    5 1.069446 0.056463 0.000000 0.000000 0.000000 0.848230
    6 -1.355754 -2.278871 -0.142105 0.000000 -0.038092 -1.638864
    7 1.730202 -0.000584 0.000001 0.000000 -0.248103 0.005236
    8 1.199319 -0.010942 0.000001 0.000000 -0.405582 0.000000
    9 -0.430529 -2.478479 -0.142105 -0.078661 -0.245320 -1.438600
    10 1.929139 0.004627 0.000003 -3.141592 -1.432203 -3.141593
    11 1.416995 0.008475 0.000000 0.000000 -1.217592 0.020944
    12 0.376671 -2.160851 -0.149917 -0.056488 -0.190050 -1.438206
    13 1.956384 0.057593 0.000000 -0.000001 -1.556023 -0.010473
    14 1.369784 0.003407 0.000000 0.000001 -1.341500 0.005236
    15 1.186960 -1.655615 -0.142105 0.000000 -0.285052 -1.445133
    16 1.674395 0.018204 -0.000001 0.000000 -0.593480 -0.005236
    17 1.089296 -0.001050 -0.000001 0.000000 -1.514058 0.000000
    18 13.593896 7.170676 -14.947102 0.760781 -0.755484 -1.151186
    19 -0.299444 -11.160193 0.000002 1.092509 -0.233510 -0.855487
    20 0.288086 -4.437500 0.926270 0.080103 -1.549641 -0.151666
    21 0.000001 2.791016 0.898926 0.000000 0.000000 0.000000
    22 0.000000 -0.087891 2.902344 0.000000 0.000000 0.000000
    23 -0.487059 -4.488559 0.847817 0.837176 1.496334 0.900938
    24 0.000000 2.901287 1.065260 0.000000 0.000000 0.000000
    25 0.000000 -1.571502 2.901285 0.000000 0.000000 0.000000
    26 -0.021851 -0.544922 0.000003 0.000000 0.000000 0.000000
    27 0.581406 0.239183 0.590013 0.249779 -0.634287 -1.117724
    28 2.314598 0.010602 0.000001 0.000000 0.000000 -0.466123
    29 1.242140 -0.010016 -0.000001 0.000000 0.000000 -0.302854
    30 1.420898 -2.332031 -0.171143 0.000000 -0.052360 -1.523672
    31 1.706055 0.018570 0.000001 0.000000 -0.376991 -0.005236
    32 1.168945 -0.007069 0.000002 0.000000 -0.612611 0.010472
    33 0.511719 -2.587891 -0.171143 0.068179 -0.280440 -1.750247
    34 1.835938 0.009178 0.000000 -3.141591 -1.523670 -3.131118
    35 1.439453 0.012909 0.000000 0.000000 -1.099558 0.005236
    36 -0.359256 -2.257814 -0.168329 0.017968 -0.224442 -1.724665
    37 1.887695 -0.005322 0.000002 0.000002 -1.544617 0.036656
    38 1.373080 -0.010806 0.000002 0.000000 -1.130973 0.010472
    39 -1.195313 -1.695313 -0.171143 0.000000 -0.235619 -1.685988
    40 1.688477 -0.013481 0.000001 0.000000 -0.753982 0.005229
    41 1.072266 0.022156 -0.000002 0.000000 -1.371829 -0.010472
    42 -0.101566 11.649236 -24.835555 0.011877 0.013447 0.001905
    43 0.000000 -3.702027 1.590397 0.000000 0.000000 0.000000
    44 0.000001 -1.269191 2.096640 0.000000 0.000000 0.000000
    45 0.000001 -1.329102 2.132813 0.000000 0.000000 0.000000
    46 0.000001 -2.109375 1.572266 0.000000 0.000000 0.000000
    47 0.000001 -3.742188 1.536133 0.000000 0.000000 0.000000
    48 0.500002 9.999993 0.000002 -1.570796 0.000000 -1.570796
    49 0.500002 9.999993 0.000002 -1.570796 0.000000 -1.570796
    50 0.000000 0.000005 0.000001 -1.570796 0.000000 -1.570796
    51 0.000001 0.000003 -0.500010 -1.570796 0.000000 -1.570796
    52 -0.000001 0.000000 -0.000002 -1.570796 0.000000 0.000000
    53 0.000000 0.000000 0.000000 -1.570797 0.000000 0.000000
    54 0.000001 0.000000 0.000000 -1.570796 0.000000 0.000000
    55 0.000000 0.000000 0.000002 -1.570796 0.000000 0.000000
    56 -0.000003 0.000000 0.000001 -1.570796 0.000000 0.000000
    57 0.000000 0.000000 0.000000 -1.570796 0.000000 0.000000
    58 0.000000 0.000000 -0.000002 -1.570796 0.000000 0.000000
    59 0.000000 0.000000 0.000001 -1.570796 0.000000 0.000000
    60 -0.000003 0.000000 0.000000 -1.570796 0.000000 0.000000
    61 -0.000001 0.000000 0.000000 -1.570796 0.000000 0.000000
    62 0.000000 0.000000 0.000000 -1.570796 0.000001 0.000000
    63 0.000000 0.000000 0.000000 -1.570796 0.000001 0.000000
    64 0.000000 0.000000 0.000001 3.141593 0.000000 0.000000
    65 0.000000 0.000000 0.000000 3.141593 0.000000 0.000000
    66 0.000001 -0.000001 0.000002 3.141592 0.000000 0.000000
    67 0.000000 10.000002 -0.000005 -1.570796 0.000000 -1.570796
    68 0.000000 10.000002 -0.000005 -1.570796 0.000000 -1.570796
    69 0.000000 0.000005 -0.000003 -1.570796 0.000000 -1.570796
    70 -0.000002 0.000006 -0.500010 -1.570796 0.000000 -1.570796
    71 -0.000004 0.000000 -0.000002 -1.570796 0.000000 0.000000
    72 0.000000 0.000000 0.000000 -1.570796 0.000000 0.000000
    73 0.000000 0.000000 0.000000 -1.570796 0.000000 0.000000
    74 -0.000002 0.000000 0.000000 -1.570796 0.000000 0.000000
    75 0.000002 0.000000 0.000000 -1.570796 0.000000 0.000000
    76 0.000006 0.000000 0.000000 -1.570796 0.000000 0.000000
    77 0.000001 0.000000 0.000000 -1.570796 0.000000 0.000000
    78 0.000000 0.000000 0.000000 -1.570796 0.000000 0.000000
    79 0.000003 0.000000 0.000000 -1.570796 0.000000 0.000000
    80 0.000000 0.000000 0.000000 -1.570796 0.000000 0.000000
    81 0.000002 0.000000 -0.000001 -1.570796 0.000000 0.000000
    82 0.000000 0.000000 0.000000 -1.570796 0.000000 0.000000
    83 0.000000 0.000000 -0.000003 0.000000 0.000000 0.000000
    84 0.000000 0.000000 0.000000 0.000000 0.000000 0.000000
    85 0.000000 0.000001 -0.000001 0.000000 0.000000 0.000000
  time 100
    0 -7.931373 -1.415658 -11.155450 -1.195933 0.526749 -0.477434
    1 0.026867 -11.331078 -0.000002 0.372482 -0.064406 0.314377
    2 0.000000 -0.570801 0.000000 0.000000 0.000000 0.000000
    3 -0.523475 0.288004 0.590819 0.254723 -0.657588 -2.631498
    4 2.276719 -0.124224 -0.000001 0.000000 0.000000 0.088476
    5 1.069446 0.056463 0.000000 0.000000 0.000000 0.848230
    6 -1.355754 -2.274965 -0.142105 0.000000 -0.037158 -1.638864
    7 1.730202 -0.000584 0.000001 0.000000 -0.253724 0.005236
    8 1.195413 -0.010942 0.000001 0.000000 -0.411963 0.000000
    9 -0.430529 -2.478479 -0.146012 -0.078661 -0.245371 -1.438600
    10 1.925233 0.004627 0.000003 -3.141592 -1.432867 -3.141593
    11 1.413089 0.008475 0.000000 0.000000 -1.216900 0.020944
    12 0.376671 -2.160851 -0.149917 -0.056464 -0.190010 -1.438206
    13 1.952478 0.057593 0.000000 -0.000001 -1.555638 -0.010473
    14 1.361971 0.003407 0.000000 0.000001 -1.340679 0.005236
    15 1.194772 -1.655615 -0.138199 0.000000 -0.285016 -1.445133
    16 1.674395 0.018204 -0.000001 0.000000 -0.593617 -0.005236
    17 1.089296 -0.001050 -0.000001 0.000000 -1.513328 0.000000
    18 13.074349 7.502717 -14.701001 0.872749 -0.774348 -1.232548
    19 -0.295538 -11.160193 0.000002 1.152803 -0.335384 -0.560612
    20 0.288086 -4.437500 0.926270 0.080103 -1.549641 -0.151666
    21 0.000001 2.791016 0.898926 0.000000 0.000000 0.000000
    22 0.000000 -0.087891 2.902344 0.000000 0.000000 0.000000
    23 -0.490966 -4.492466 0.843910 0.877290 1.492523 0.938979
    24 0.000000 2.901287 1.065260 0.000000 0.000000 0.000000
    25 0.000000 -1.571502 2.901285 0.000000 0.000000 0.000000
    26 -0.021851 -0.544922 0.000003 0.000000 0.000000 0.000000
    27 0.581406 0.235277 0.582201 0.251394 -0.641099 -1.117093
    28 2.310691 0.010602 0.000001 0.000000 0.000000 -0.467505
    29 1.242140 -0.010016 -0.000001 0.000000 0.000000 -0.312645
    30 1.420898 -2.332031 -0.171143 0.000000 -0.052360 -1.523672
    31 1.706055 0.018570 0.000001 0.000000 -0.376991 -0.005236
    32 1.168945 -0.007069 0.000002 0.000000 -0.612611 0.010472
    33 0.511719 -2.587891 -0.171143 0.068179 -0.280440 -1.750247
    34 1.835938 0.009178 0.000000 -3.141591 -1.523670 -3.131118
    35 1.439453 0.012909 0.000000 0.000000 -1.099558 0.005236
    36 -0.363163 -2.269533 -0.168329 0.017968 -0.224442 -1.724665
    37 1.887695 -0.005322 0.000002 0.000002 -1.544617 0.036656
    38 1.369174 -0.010806 0.000002 0.000000 -1.130973 0.010472
    39 -1.195313 -1.695313 -0.171143 0.000000 -0.235619 -1.685988
    40 1.688477 -0.013481 0.000001 0.000000 -0.753982 0.005229
    41 1.072266 0.022156 -0.000002 0.000000 -1.371829 -0.010472
    42 -0.062502 10.684363 -23.148003 0.008078 0.009096 0.001246
    43 0.000000 -3.702027 1.590397 0.000000 0.000000 0.000000
    44 0.000001 -1.269191 2.096640 0.000000 0.000000 0.000000
    45 0.000001 -1.329102 2.132813 0.000000 0.000000 0.000000
    46 0.000001 -2.109375 1.572266 0.000000 0.000000 0.000000
    47 0.000001 -3.742188 1.536133 0.000000 0.000000 0.000000
    48 0.500002 9.999993 0.000002 -1.570796 0.000000 -1.570796
    49 0.500002 9.999993 0.000002 -1.570796 0.000000 -1.570796
    50 0.000000 0.000005 0.000001 -1.570796 0.000000 -1.570796
    51 0.000001 0.000003 -0.500010 -1.570796 0.000000 -1.570796
    52 -0.000001 0.000000 -0.000002 -1.570796 0.000000 0.000000
    53 0.000000 0.000000 0.000000 -1.570797 0.000000 0.000000
    54 0.000001 0.000000 0.000000 -1.570796 0.000000 0.000000
    55 0.000000 0.000000 0.000002 -1.570796 0.000000 0.000000
    56 -0.000003 0.000000 0.000001 -1.570796 0.000000 0.000000
    57 0.000000 0.000000 0.000000 -1.570796 0.000000 0.000000
    58 0.000000 0.000000 -0.000002 -1.570796 0.000000 0.000000
    59 0.000000 0.000000 0.000001 -1.570796 0.000000 0.000000
    60 -0.000003 0.000000 0.000000 -1.570796 0.000000 0.000000
    61 -0.000001 0.000000 0.000000 -1.570796 0.000000 0.000000
    62 0.000000 0.000000 0.000000 -1.570796 0.000001 0.000000
    63 0.000000 0.000000 0.000000 -1.570796 0.000001 0.000000
    64 0.000000 0.000000 0.000001 3.141593 0.000000 0.000000
    65 0.000000 0.000000 0.000000 3.141593 0.000000 0.000000
    66 0.000001 -0.000001 0.000002 3.141592 0.000000 0.000000
    67 0.000000 10.000002 -0.000005 -1.570796 0.000000 -1.570796
    68 0.000000 10.000002 -0.000005 -1.570796 0.000000 -1.570796
    69 0.000000 0.000005 -0.000003 -1.570796 0.000000 -1.570796
    70 -0.000002 0.000006 -0.500010 -1.570796 0.000000 -1.570796
    71 -0.000004 0.000000 -0.000002 -1.570796 0.000000 0.000000
    72 0.000000 0.000000 0.000000 -1.570796 0.000000 0.000000
    73 0.000000 0.000000 0.000000 -1.570796 0.000000 0.000000
    74 -0.000002 0.000000 0.000000 -1.570796 0.000000 0.000000
    75 0.000002 0.000000 0.000000 -1.570796 0.000000 0.000000
    76 0.000006 0.000000 0.000000 -1.570796 0.000000 0.000000
    77 0.000001 0.000000 0.000000 -1.570796 0.000000 0.000000
    78 0.000000 0.000000 0.000000 -1.570796 0.000000 0.000000
    79 0.000003 0.000000 0.000000 -1.570796 0.000000 0.000000
    80 0.000000 0.000000 0.000000 -1.570796 0.000000 0.000000
    81 0.000002 0.000000 -0.000001 -1.570796 0.000000 0.000000
    82 0.000000 0.000000 0.000000 -1.570796 0.000000 0.000000
    83 0.000000 0.000000 -0.000003 0.000000 0.000000 0.000000
    84 0.000000 0.000000 0.000000 0.000000 0.000000 0.000000
    85 0.000000 0.000001 -0.000001 0.000000 0.000000 0.000000
  time 101
    0 -7.919654 -1.403939 -11.128105 -1.192975 0.530018 -0.451666
    1 0.026867 -11.331078 -0.000002 0.356917 -0.062918 0.324325
    2 0.000000 -0.570801 0.000000 0.000000 0.000000 0.000000
    3 -0.519569 0.280191 0.586913 0.251277 -0.659995 -2.630020
    4 2.276719 -0.120318 -0.000001 0.000000 0.000000 0.089887
    5 1.069446 0.056463 0.000000 0.000000 0.000000 0.848230
    6 -1.355754 -2.278871 -0.142105 0.000000 -0.036266 -1.638864
    7 1.730202 -0.000584 0.000001 0.000000 -0.259377 0.005236
    8 1.203226 -0.010942 0.000001 0.000000 -0.418344 0.000000
    9 -0.430529 -2.478479 -0.142105 -0.078673 -0.245572 -1.438600
    10 1.925233 0.004627 0.000003 -3.141592 -1.433752 -3.141593
    11 1.416995 0.008475 0.000000 0.000000 -1.215820 0.020944
    12 0.376671 -2.160851 -0.149917 -0.056464 -0.189930 -1.438206
    13 1.956384 0.053687 0.000000 -0.000001 -1.555031 -0.010473
    14 1.365878 0.003407 0.000000 0.000001 -1.339382 0.005236
    15 1.194772 -1.655615 -0.142105 0.000000 -0.284763 -1.445133
    16 1.674395 0.018204 -0.000001 0.000000 -0.593809 -0.005236
    17 1.089296 -0.001050 -0.000001 0.000000 -1.512111 0.000000
    18 12.394641 7.752725 -14.224424 -5.279781 -0.806835 -1.331418
    19 -0.295538 -11.164099 0.000002 1.128592 -0.458868 -0.186388
    20 0.288086 -4.437500 0.926270 0.080103 -1.549641 -0.151666
    21 0.000001 2.791016 0.898926 0.000000 0.000000 0.000000
    22 0.000000 -0.087891 2.902344 0.000000 0.000000 0.000000
    23 -0.483153 -4.492466 0.840004 0.909020 1.489155 0.968956
    24 0.000000 2.901287 1.065260 0.000000 0.000000 0.000000
    25 0.000000 -1.571502 2.901285 0.000000 0.000000 0.000000
    26 -0.021851 -0.544922 0.000003 0.000000 0.000000 0.000000
    27 0.581406 0.239183 0.582201 0.253147 -0.646612 -1.116462
    28 2.306785 0.010602 0.000001 0.000000 0.000000 -0.468639
    29 1.242140 -0.010016 -0.000001 0.000000 0.000000 -0.322651
    30 1.420898 -2.332031 -0.171143 0.000000 -0.052360 -1.523672
    31 1.706055 0.018570 0.000001 0.000000 -0.376991 -0.005236
    32 1.168945 -0.007069 0.000002 0.000000 -0.612611 0.010472
    33 0.511719 -2.587891 -0.171143 0.068179 -0.280440 -1.750247
    34 1.835938 0.009178 0.000000 -3.141591 -1.523670 -3.131118
    35 1.439453 0.012909 0.000000 0.000000 -1.099558 0.005236
    36 -0.359256 -2.261720 -0.168329 0.017968 -0.224442 -1.724665
    37 1.887695 -0.005322 0.000002 0.000002 -1.544617 0.036656
    38 1.373080 -0.010806 0.000002 0.000000 -1.130973 0.010472
    39 -1.195313 -1.695313 -0.171143 0.000000 -0.235619 -1.685988
    40 1.688477 -0.013481 0.000001 0.000000 -0.753982 0.005229
    41 1.072266 0.022156 -0.000002 0.000000 -1.371829 -0.010472
    42 -0.023438 9.715583 -21.487796 0.004123 0.004674 0.000611
    43 0.000000 -3.702027 1.590397 0.000000 0.000000 0.000000
    44 0.000001 -1.269191 2.096640 0.000000 0.000000 0.000000
    45 0.000001 -1.329102 2.132813 0.000000 0.000000 0.000000
    46 0.000001 -2.109375 1.572266 0.000000 0.000000 0.000000
    47 0.000001 -3.742188 1.536133 0.000000 0.000000 0.000000
    48 0.500002 9.999993 0.000002 -1.570796 0.000000 -1.570796
    49 0.500002 9.999993 0.000002 -1.570796 0.000000 -1.570796
    50 0.000000 0.000005 0.000001 -1.570796 0.000000 -1.570796
    51 0.000001 0.000003 -0.500010 -1.570796 0.000000 -1.570796
    52 -0.000001 0.000000 -0.000002 -1.570796 0.000000 0.000000
    53 0.000000 0.000000 0.000000 -1.570797 0.000000 0.000000
    54 0.000001 0.000000 0.000000 -1.570796 0.000000 0.000000
    55 0.000000 0.000000 0.000002 -1.570796 0.000000 0.000000
    56 -0.000003 0.000000 0.000001 -1.570796 0.000000 0.000000
    57 0.000000 0.000000 0.000000 -1.570796 0.000000 0.000000
    58 0.000000 0.000000 -0.000002 -1.570796 0.000000 0.000000
    59 0.000000 0.000000 0.000001 -1.570796 0.000000 0.000000
    60 -0.000003 0.000000 0.000000 -1.570796 0.000000 0.000000
    61 -0.000001 0.000000 0.000000 -1.570796 0.000000 0.000000
    62 0.000000 0.000000 0.000000 -1.570796 0.000001 0.000000
    63 0.000000 0.000000 0.000000 -1.570796 0.000001 0.000000
    64 0.000000 0.000000 0.000001 3.141593 0.000000 0.000000
    65 0.000000 0.000000 0.000000 3.141593 0.000000 0.000000
    66 0.000001 -0.000001 0.000002 3.141592 0.000000 0.000000
    67 0.000000 10.000002 -0.000005 -1.570796 0.000000 -1.570796
    68 0.000000 10.000002 -0.000005 -1.570796 0.000000 -1.570796
    69 0.000000 0.000005 -0.000003 -1.570796 0.000000 -1.570796
    70 -0.000002 0.000006 -0.500010 -1.570796 0.000000 -1.570796
    71 -0.000004 0.000000 -0.000002 -1.570796 0.000000 0.000000
    72 0.000000 0.000000 0.000000 -1.570796 0.000000 0.000000
    73 0.000000 0.000000 0.000000 -1.570796 0.000000 0.000000
    74 -0.000002 0.000000 0.000000 -1.570796 0.000000 0.000000
    75 0.000002 0.000000 0.000000 -1.570796 0.000000 0.000000
    76 0.000006 0.000000 0.000000 -1.570796 0.000000 0.000000
    77 0.000001 0.000000 0.000000 -1.570796 0.000000 0.000000
    78 0.000000 0.000000 0.000000 -1.570796 0.000000 0.000000
    79 0.000003 0.000000 0.000000 -1.570796 0.000000 0.000000
    80 0.000000 0.000000 0.000000 -1.570796 0.000000 0.000000
    81 0.000002 0.000000 -0.000001 -1.570796 0.000000 0.000000
    82 0.000000 0.000000 0.000000 -1.570796 0.000000 0.000000
    83 0.000000 0.000000 -0.000003 0.000000 0.000000 0.000000
    84 0.000000 0.000000 0.000000 0.000000 0.000000 0.000000
    85 0.000000 0.000001 -0.000001 0.000000 0.000000 0.000000
  time 102
    0 -7.915748 -1.392220 -11.104667 -1.189538 0.532212 -0.424078
    1 0.026867 -11.338890 -0.000002 0.340891 -0.061485 0.334010
    2 0.000000 -0.570801 0.000000 0.000000 0.000000 0.000000
    3 -0.523475 0.288004 0.594726 0.247042 -0.662030 -2.628049
    4 2.276719 -0.124224 -0.000001 0.000000 0.000000 0.091701
    5 1.069446 0.056463 0.000000 0.000000 0.000000 0.848230
    6 -1.351848 -2.286684 -0.142105 0.000000 -0.035374 -1.638864
    7 1.730202 -0.000584 0.000001 0.000000 -0.265046 0.005236
    8 1.203226 -0.010942 0.000001 0.000000 -0.424781 0.000000
    9 -0.430529 -2.478479 -0.138199 -0.078673 -0.245774 -1.438586
    10 1.925233 0.004627 0.000003 -3.141592 -1.434858 -3.141593
    11 1.416995 0.008475 0.000000 0.000000 -1.214394 0.020944
    12 0.376671 -2.160851 -0.146011 -0.056500 -0.189850 -1.438218
    13 1.956384 0.053687 0.000000 -0.000001 -1.554260 -0.010473
    14 1.365878 0.003407 0.000000 0.000001 -1.337697 0.005236
    15 1.194772 -1.659521 -0.138199 0.000000 -0.284582 -1.445133
    16 1.670489 0.018204 -0.000001 0.000000 -0.594110 -0.005236
    17 1.089296 -0.001050 -0.000001 0.000000 -1.510505 0.000000
    18 11.554772 7.924605 -13.486120 -5.119531 -0.850705 -1.458657
    19 -0.295538 -11.160193 0.000002 1.019372 -0.513427 0.178419
    20 0.288086 -4.437500 0.926270 0.080103 -1.549641 -0.151666
    21 0.000001 2.791016 0.898926 0.000000 0.000000 0.000000
    22 0.000000 -0.087891 2.902344 0.000000 0.000000 0.000000
    23 -0.487059 -4.492466 0.840004 0.934080 1.486171 0.992481
    24 0.000000 2.901287 1.065260 0.000000 0.000000 0.000000
    25 0.000000 -1.571502 2.901285 0.000000 0.000000 0.000000
    26 -0.021851 -0.544922 0.000003 0.000000 0.000000 0.000000
    27 0.581406 0.235277 0.590013 0.255146 -0.650540 -1.115981
    28 2.306785 0.010602 0.000001 0.000000 0.000000 -0.469540
    29 1.234327 -0.010016 -0.000001 0.000000 0.000000 -0.332841
    30 1.420898 -2.332031 -0.171143 0.000000 -0.052360 -1.523672
    31 1.706055 0.018570 0.000001 0.000000 -0.376991 -0.005236
    32 1.168945 -0.007069 0.000002 0.000000 -0.612611 0.010472
    33 0.511719 -2.587891 -0.171143 0.068179 -0.280440 -1.750247
    34 1.835938 0.009178 0.000000 -3.141591 -1.523670 -3.131118
    35 1.439453 0.012909 0.000000 0.000000 -1.099558 0.005236
    36 -0.359256 -2.261720 -0.168329 0.017968 -0.224442 -1.724665
    37 1.887695 -0.005322 0.000002 0.000002 -1.544617 0.036656
    38 1.373080 -0.010806 0.000002 0.000000 -1.130973 0.010472
    39 -1.195313 -1.695313 -0.171143 0.000000 -0.235619 -1.685988
    40 1.688477 -0.013481 0.000001 0.000000 -0.753982 0.005229
    41 1.072266 0.022156 -0.000002 0.000000 -1.371829 -0.010472
    42 0.000000 8.758523 -19.874466 0.000000 0.000000 0.000000
    43 0.000000 -3.702027 1.590397 0.000000 0.000000 0.000000
    44 0.000001 -1.269191 2.096640 0.000000 0.000000 0.000000
    45 0.000001 -1.329102 2.132813 0.000000 0.000000 0.000000
    46 0.000001 -2.109375 1.572266 0.000000 0.000000 0.000000
    47 0.000001 -3.742188 1.536133 0.000000 0.000000 0.000000
    48 0.500002 9.999993 0.000002 -1.570796 0.000000 -1.570796
    49 0.500002 9.999993 0.000002 -1.570796 0.000000 -1.570796
    50 0.000000 0.000005 0.000001 -1.570796 0.000000 -1.570796
    51 0.000001 0.000003 -0.500010 -1.570796 0.000000 -1.570796
    52 -0.000001 0.000000 -0.000002 -1.570796 0.000000 0.000000
    53 0.000000 0.000000 0.000000 -1.570797 0.000000 0.000000
    54 0.000001 0.000000 0.000000 -1.570796 0.000000 0.000000
    55 0.000000 0.000000 0.000002 -1.570796 0.000000 0.000000
    56 -0.000003 0.000000 0.000001 -1.570796 0.000000 0.000000
    57 0.000000 0.000000 0.000000 -1.570796 0.000000 0.000000
    58 0.000000 0.000000 -0.000002 -1.570796 0.000000 0.000000
    59 0.000000 0.000000 0.000001 -1.570796 0.000000 0.000000
    60 -0.000003 0.000000 0.000000 -1.570796 0.000000 0.000000
    61 -0.000001 0.000000 0.000000 -1.570796 0.000000 0.000000
    62 0.000000 0.000000 0.000000 -1.570796 0.000001 0.000000
    63 0.000000 0.000000 0.000000 -1.570796 0.000001 0.000000
    64 0.000000 0.000000 0.000001 3.141593 0.000000 0.000000
    65 0.000000 0.000000 0.000000 3.141593 0.000000 0.000000
    66 0.000001 -0.000001 0.000002 3.141592 0.000000 0.000000
    67 0.000000 10.000002 -0.000005 -1.570796 0.000000 -1.570796
    68 0.000000 10.000002 -0.000005 -1.570796 0.000000 -1.570796
    69 0.000000 0.000005 -0.000003 -1.570796 0.000000 -1.570796
    70 -0.000002 0.000006 -0.500010 -1.570796 0.000000 -1.570796
    71 -0.000004 0.000000 -0.000002 -1.570796 0.000000 0.000000
    72 0.000000 0.000000 0.000000 -1.570796 0.000000 0.000000
    73 0.000000 0.000000 0.000000 -1.570796 0.000000 0.000000
    74 -0.000002 0.000000 0.000000 -1.570796 0.000000 0.000000
    75 0.000002 0.000000 0.000000 -1.570796 0.000000 0.000000
    76 0.000006 0.000000 0.000000 -1.570796 0.000000 0.000000
    77 0.000001 0.000000 0.000000 -1.570796 0.000000 0.000000
    78 0.000000 0.000000 0.000000 -1.570796 0.000000 0.000000
    79 0.000003 0.000000 0.000000 -1.570796 0.000000 0.000000
    80 0.000000 0.000000 0.000000 -1.570796 0.000000 0.000000
    81 0.000002 0.000000 -0.000001 -1.570796 0.000000 0.000000
    82 0.000000 0.000000 0.000000 -1.570796 0.000000 0.000000
    83 0.000000 0.000000 -0.000003 0.000000 0.000000 0.000000
    84 0.000000 0.000000 0.000000 0.000000 0.000000 0.000000
    85 0.000000 0.000001 -0.000001 0.000000 0.000000 0.000000
  time 103
    0 -7.904029 -1.384407 -11.085135 -1.186021 0.533108 -6.677606
    1 0.026867 -11.331078 -0.000002 0.324404 -0.060190 0.343207
    2 0.000000 -0.570801 0.000000 0.000000 0.000000 0.000000
    3 -0.523475 0.280191 0.586913 0.242069 -0.663799 -2.625323
    4 2.276719 -0.120318 -0.000001 0.000000 0.000000 0.094120
    5 1.069446 0.056463 0.000000 0.000000 0.000000 0.848230
    6 -1.359660 -2.286684 -0.142105 0.000000 -0.034440 -1.638864
    7 1.730202 -0.000584 0.000001 0.000000 -0.270808 0.005236
    8 1.199319 -0.010942 0.000001 0.000000 -0.431273 0.000000
    9 -0.430529 -2.482385 -0.142105 -0.078673 -0.245975 -1.438586
    10 1.929139 0.004627 0.000003 -3.141592 -1.436241 -3.141593
    11 1.416995 0.008475 0.000000 0.000000 -1.212622 0.020944
    12 0.376671 -2.160851 -0.146011 -0.056488 -0.189730 -1.438218
    13 1.956384 0.053687 0.000000 -0.000001 -1.553268 -0.010473
    14 1.358065 0.003407 0.000000 0.000001 -1.335622 0.005236
    15 1.194772 -1.659521 -0.138199 0.000000 -0.284184 -1.445133
    16 1.674395 0.018204 -0.000001 0.000000 -0.594411 -0.005236
    17 1.089296 -0.001050 -0.000001 0.000000 -1.508461 0.000000
    18 10.531303 7.987107 -12.462652 -4.914944 -0.899888 -1.629901
    19 -0.299444 -11.156286 0.000002 0.908606 -0.450333 0.385084
    20 0.288086 -4.437500 0.926270 0.080103 -1.549641 -0.151666
    21 0.000001 2.791016 0.898926 0.000000 0.000000 0.000000
    22 0.000000 -0.087891 2.902344 0.000000 0.000000 0.000000
    23 -0.490966 -4.492466 0.843910 0.953642 1.483726 1.010778
    24 0.000000 2.901287 1.065260 0.000000 0.000000 0.000000
    25 0.000000 -1.571502 2.901285 0.000000 0.000000 0.000000
    26 -0.021851 -0.544922 0.000003 0.000000 0.000000 0.000000
    27 0.581406 0.239183 0.590013 0.257376 -0.652871 -1.115680
    28 2.306785 0.010602 0.000001 0.000000 0.000000 -0.470176
    29 1.234327 -0.010016 -0.000001 0.000000 0.000000 -0.343246
    30 1.420898 -2.332031 -0.171143 0.000000 -0.052360 -1.523672
    31 1.706055 0.018570 0.000001 0.000000 -0.376991 -0.005236
    32 1.168945 -0.007069 0.000002 0.000000 -0.612611 0.010472
    33 0.511719 -2.587891 -0.171143 0.068179 -0.280440 -1.750247
    34 1.835938 0.009178 0.000000 -3.141591 -1.523670 -3.131118
    35 1.439453 0.012909 0.000000 0.000000 -1.099558 0.005236
    36 -0.359256 -2.257814 -0.168329 0.017968 -0.224442 -1.724665
    37 1.887695 -0.005322 0.000002 0.000002 -1.544617 0.036656
    38 1.369174 -0.010806 0.000002 0.000000 -1.130973 0.010472
    39 -1.195313 -1.695313 -0.171143 0.000000 -0.235619 -1.685988
    40 1.688477 -0.013481 0.000001 0.000000 -0.753982 0.005229
    41 1.072266 0.022156 -0.000002 0.000000 -1.371829 -0.010472
    42 0.058596 7.582705 -17.921281 -0.007371 -0.008305 -0.001127
    43 0.000000 -3.702027 1.590397 0.000000 0.000000 0.000000
    44 0.000001 -1.269191 2.096640 0.000000 0.000000 0.000000
    45 0.000001 -1.329102 2.132813 0.000000 0.000000 0.000000
    46 0.000001 -2.109375 1.572266 0.000000 0.000000 0.000000
    47 0.000001 -3.742188 1.536133 0.000000 0.000000 0.000000
    48 0.500002 9.999993 0.000002 -1.570796 0.000000 -1.570796
    49 0.500002 9.999993 0.000002 -1.570796 0.000000 -1.570796
    50 0.000000 0.000005 0.000001 -1.570796 0.000000 -1.570796
    51 0.000001 0.000003 -0.500010 -1.570796 0.000000 -1.570796
    52 -0.000001 0.000000 -0.000002 -1.570796 0.000000 0.000000
    53 0.000000 0.000000 0.000000 -1.570797 0.000000 0.000000
    54 0.000001 0.000000 0.000000 -1.570796 0.000000 0.000000
    55 0.000000 0.000000 0.000002 -1.570796 0.000000 0.000000
    56 -0.000003 0.000000 0.000001 -1.570796 0.000000 0.000000
    57 0.000000 0.000000 0.000000 -1.570796 0.000000 0.000000
    58 0.000000 0.000000 -0.000002 -1.570796 0.000000 0.000000
    59 0.000000 0.000000 0.000001 -1.570796 0.000000 0.000000
    60 -0.000003 0.000000 0.000000 -1.570796 0.000000 0.000000
    61 -0.000001 0.000000 0.000000 -1.570796 0.000000 0.000000
    62 0.000000 0.000000 0.000000 -1.570796 0.000001 0.000000
    63 0.000000 0.000000 0.000000 -1.570796 0.000001 0.000000
    64 0.000000 0.000000 0.000001 3.141593 0.000000 0.000000
    65 0.000000 0.000000 0.000000 3.141593 0.000000 0.000000
    66 0.000001 -0.000001 0.000002 3.141592 0.000000 0.000000
    67 0.000000 10.000002 -0.000005 -1.570796 0.000000 -1.570796
    68 0.000000 10.000002 -0.000005 -1.570796 0.000000 -1.570796
    69 0.000000 0.000005 -0.000003 -1.570796 0.000000 -1.570796
    70 -0.000002 0.000006 -0.500010 -1.570796 0.000000 -1.570796
    71 -0.000004 0.000000 -0.000002 -1.570796 0.000000 0.000000
    72 0.000000 0.000000 0.000000 -1.570796 0.000000 0.000000
    73 0.000000 0.000000 0.000000 -1.570796 0.000000 0.000000
    74 -0.000002 0.000000 0.000000 -1.570796 0.000000 0.000000
    75 0.000002 0.000000 0.000000 -1.570796 0.000000 0.000000
    76 0.000006 0.000000 0.000000 -1.570796 0.000000 0.000000
    77 0.000001 0.000000 0.000000 -1.570796 0.000000 0.000000
    78 0.000000 0.000000 0.000000 -1.570796 0.000000 0.000000
    79 0.000003 0.000000 0.000000 -1.570796 0.000000 0.000000
    80 0.000000 0.000000 0.000000 -1.570796 0.000000 0.000000
    81 0.000002 0.000000 -0.000001 -1.570796 0.000000 0.000000
    82 0.000000 0.000000 0.000000 -1.570796 0.000000 0.000000
    83 0.000000 0.000000 -0.000003 0.000000 0.000000 0.000000
    84 0.000000 0.000000 0.000000 0.000000 0.000000 0.000000
    85 0.000000 0.000001 -0.000001 0.000000 0.000000 0.000000
  time 104
    0 -7.900122 -1.368782 -11.065603 -1.182824 0.532436 -6.645612
    1 0.026867 -11.331078 -0.000002 0.307527 -0.059143 0.351653
    2 0.000000 -0.570801 0.000000 0.000000 0.000000 0.000000
    3 -0.523475 0.288004 0.590819 0.236497 -0.665091 -2.622104
    4 2.268907 -0.120318 -0.000001 0.000000 0.000000 0.097009
    5 1.069446 0.056463 0.000000 0.000000 0.000000 0.848230
    6 -1.355754 -2.282777 -0.142105 0.000000 -0.033378 -1.638864
    7 1.726295 -0.000584 0.000001 0.000000 -0.276554 0.005236
    8 1.195413 -0.010942 0.000001 0.000000 -0.437793 0.000000
    9 -0.430529 -2.478479 -0.142105 -0.078685 -0.246277 -1.438517
    10 1.925233 0.004627 0.000003 -3.141592 -1.437900 -3.141593
    11 1.413089 0.008475 0.000000 0.000000 -1.210548 0.020944
    12 0.384484 -2.160851 -0.142104 -0.056488 -0.189530 -1.438218
    13 1.952478 0.053687 0.000000 -0.000001 -1.552166 -0.010473
    14 1.365878 0.003407 0.000000 0.000001 -1.333202 0.005236
    15 1.194772 -1.655615 -0.138199 0.000000 -0.283931 -1.445133
    16 1.674395 0.018204 -0.000001 0.000000 -0.594739 -0.005236
    17 1.089296 -0.001050 -0.000001 0.000000 -1.506222 0.000000
    18 9.074227 8.104298 -10.966512 -4.732902 -0.946035 -1.791501
    19 -0.295538 -11.156286 0.000002 0.857989 -0.371608 0.402731
    20 0.288086 -4.437500 0.926270 0.080103 -1.549641 -0.151666
    21 0.000001 2.791016 0.898926 0.000000 0.000000 0.000000
    22 0.000000 -0.087891 2.902344 0.000000 0.000000 0.000000
    23 -0.487059 -4.488559 0.843910 0.968696 1.481653 1.024849
    24 0.000000 2.901287 1.065260 0.000000 0.000000 0.000000
    25 0.000000 -1.571502 2.901285 0.000000 0.000000 0.000000
    26 -0.021851 -0.544922 0.000003 0.000000 0.000000 0.000000
    27 0.581406 0.235277 0.582201 0.257699 -0.653090 -1.115680
    28 2.306785 0.010602 0.000001 0.000000 0.000000 -0.470611
    29 1.234327 -0.010016 -0.000001 0.000000 0.000000 -0.353835
    30 1.420898 -2.332031 -0.171143 0.000000 -0.052360 -1.523672
    31 1.706055 0.018570 0.000001 0.000000 -0.376991 -0.005236
    32 1.168945 -0.007069 0.000002 0.000000 -0.612611 0.010472
    33 0.511719 -2.587891 -0.171143 0.068179 -0.280440 -1.750247
    34 1.835938 0.009178 0.000000 -3.141591 -1.523670 -3.131118
    35 1.439453 0.012909 0.000000 0.000000 -1.099558 0.005236
    36 -0.363163 -2.261720 -0.168329 0.017968 -0.224442 -1.724665
    37 1.887695 -0.005322 0.000002 0.000002 -1.544617 0.036656
    38 1.373080 -0.010806 0.000002 0.000000 -1.130973 0.010472
    39 -1.195313 -1.695313 -0.171143 0.000000 -0.235619 -1.685988
    40 1.688477 -0.013481 0.000001 0.000000 -0.753982 0.005229
    41 1.072266 0.022156 -0.000002 0.000000 -1.371829 -0.010472
    42 0.136723 6.063128 -15.409486 -0.037716 -0.043025 -0.005118
    43 0.000000 -3.702027 1.590397 0.000000 0.000000 0.000000
    44 0.000001 -1.269191 2.096640 0.000000 0.000000 0.000000
    45 0.000001 -1.329102 2.132813 0.000000 0.000000 0.000000
    46 0.000001 -2.109375 1.572266 0.000000 0.000000 0.000000
    47 0.000001 -3.742188 1.536133 0.000000 0.000000 0.000000
    48 0.500002 9.999993 0.000002 -1.570796 0.000000 -1.570796
    49 0.500002 9.999993 0.000002 -1.570796 0.000000 -1.570796
    50 0.000000 0.000005 0.000001 -1.570796 0.000000 -1.570796
    51 0.000001 0.000003 -0.500010 -1.570796 0.000000 -1.570796
    52 -0.000001 0.000000 -0.000002 -1.570796 0.000000 0.000000
    53 0.000000 0.000000 0.000000 -1.570797 0.000000 0.000000
    54 0.000001 0.000000 0.000000 -1.570796 0.000000 0.000000
    55 0.000000 0.000000 0.000002 -1.570796 0.000000 0.000000
    56 -0.000003 0.000000 0.000001 -1.570796 0.000000 0.000000
    57 0.000000 0.000000 0.000000 -1.570796 0.000000 0.000000
    58 0.000000 0.000000 -0.000002 -1.570796 0.000000 0.000000
    59 0.000000 0.000000 0.000001 -1.570796 0.000000 0.000000
    60 -0.000003 0.000000 0.000000 -1.570796 0.000000 0.000000
    61 -0.000001 0.000000 0.000000 -1.570796 0.000000 0.000000
    62 0.000000 0.000000 0.000000 -1.570796 0.000001 0.000000
    63 0.000000 0.000000 0.000000 -1.570796 0.000001 0.000000
    64 0.000000 0.000000 0.000001 3.141593 0.000000 0.000000
    65 0.000000 0.000000 0.000000 3.141593 0.000000 0.000000
    66 0.000001 -0.000001 0.000002 3.141592 0.000000 0.000000
    67 0.000000 10.000002 -0.000005 -1.570796 0.000000 -1.570796
    68 0.000000 10.000002 -0.000005 -1.570796 0.000000 -1.570796
    69 0.000000 0.000005 -0.000003 -1.570796 0.000000 -1.570796
    70 -0.000002 0.000006 -0.500010 -1.570796 0.000000 -1.570796
    71 -0.000004 0.000000 -0.000002 -1.570796 0.000000 0.000000
    72 0.000000 0.000000 0.000000 -1.570796 0.000000 0.000000
    73 0.000000 0.000000 0.000000 -1.570796 0.000000 0.000000
    74 -0.000002 0.000000 0.000000 -1.570796 0.000000 0.000000
    75 0.000002 0.000000 0.000000 -1.570796 0.000000 0.000000
    76 0.000006 0.000000 0.000000 -1.570796 0.000000 0.000000
    77 0.000001 0.000000 0.000000 -1.570796 0.000000 0.000000
    78 0.000000 0.000000 0.000000 -1.570796 0.000000 0.000000
    79 0.000003 0.000000 0.000000 -1.570796 0.000000 0.000000
    80 0.000000 0.000000 0.000000 -1.570796 0.000000 0.000000
    81 0.000002 0.000000 -0.000001 -1.570796 0.000000 0.000000
    82 0.000000 0.000000 0.000000 -1.570796 0.000000 0.000000
    83 0.000000 0.000000 -0.000003 0.000000 0.000000 0.000000
    84 0.000000 0.000000 0.000000 0.000000 0.000000 0.000000
    85 0.000000 0.000001 -0.000001 0.000000 0.000000 0.000000
  time 105
    0 -7.904029 -1.357063 -11.061697 -1.180585 0.531630 -6.627603
    1 0.026867 -11.331078 -0.000002 0.290047 -0.058482 0.359311
    2 0.000000 -0.570801 0.000000 0.000000 0.000000 0.000000
    3 -0.523475 0.288004 0.590819 0.230444 -0.665998 -2.618491
    4 2.276719 -0.120318 -0.000001 0.000000 0.000000 0.100335
    5 1.069446 0.056463 0.000000 0.000000 0.000000 0.848230
    6 -1.355754 -2.282777 -0.142105 0.000000 -0.032529 -1.638864
    7 1.730202 -0.000584 0.000001 0.000000 -0.282317 0.005236
    8 1.203226 -0.010942 0.000001 0.000000 -0.444396 0.000000
    9 -0.430529 -2.478479 -0.146012 -0.078685 -0.246630 -1.438503
    10 1.925233 0.004627 0.000003 -3.141592 -1.439781 -3.141593
    11 1.416995 0.008475 0.000000 0.000000 -1.208214 0.020944
    12 0.376671 -2.160851 -0.149917 -0.056488 -0.189369 -1.438230
    13 1.952478 0.053687 0.000000 -0.000001 -1.550788 -0.010473
    14 1.358065 0.003407 0.000000 0.000001 -1.330437 0.005236
    15 1.194772 -1.655615 -0.142105 0.000000 -0.283533 -1.445133
    16 1.674395 0.018204 -0.000001 0.000000 -0.595177 -0.005236
    17 1.089296 -0.001050 -0.000001 0.000000 -1.503448 0.000000
    18 7.496054 8.162893 -9.306305 -4.295737 -1.030921 -2.206924
    19 -0.295538 -11.160193 0.000002 0.784636 -0.251250 0.330830
    20 0.288086 -4.437500 0.926270 0.080103 -1.549641 -0.151666
    21 0.000001 2.791016 0.898926 0.000000 0.000000 0.000000
    22 0.000000 -0.087891 2.902344 0.000000 0.000000 0.000000
    23 -0.483153 -4.492466 0.843910 0.979964 1.480071 1.035416
    24 0.000000 2.901287 1.065260 0.000000 0.000000 0.000000
    25 0.000000 -1.571502 2.901285 0.000000 0.000000 0.000000
    26 -0.021851 -0.544922 0.000003 0.000000 0.000000 0.000000
    27 0.581406 0.235277 0.578294 0.258714 -0.653618 -1.115680
    28 2.306785 0.010602 0.000001 0.000000 0.000000 -0.470813
    29 1.234327 -0.010016 -0.000001 0.000000 0.000000 -0.364731
    30 1.420898 -2.332031 -0.171143 0.000000 -0.052360 -1.523672
    31 1.706055 0.018570 0.000001 0.000000 -0.376991 -0.005236
    32 1.168945 -0.007069 0.000002 0.000000 -0.612611 0.010472
    33 0.511719 -2.587891 -0.171143 0.068179 -0.280440 -1.750247
    34 1.835938 0.009178 0.000000 -3.141591 -1.523670 -3.131118
    35 1.439453 0.012909 0.000000 0.000000 -1.099558 0.005236
    36 -0.359256 -2.261720 -0.168329 0.017968 -0.224442 -1.724665
    37 1.887695 -0.005322 0.000002 0.000002 -1.544617 0.036656
    38 1.373080 -0.010806 0.000002 0.000000 -1.130973 0.010472
    39 -1.195313 -1.695313 -0.171143 0.000000 -0.235619 -1.685988
    40 1.688477 -0.013481 0.000001 0.000000 -0.753982 0.005229
    41 1.072266 0.022156 -0.000002 0.000000 -1.371829 -0.010472
    42 0.230476 4.356044 -12.581274 -0.083700 -0.095877 -0.009264
    43 0.000000 -3.702027 1.590397 0.000000 0.000000 0.000000
    44 0.000001 -1.269191 2.096640 0.000000 0.000000 0.000000
    45 0.000001 -1.329102 2.132813 0.000000 0.000000 0.000000
    46 0.000001 -2.109375 1.572266 0.000000 0.000000 0.000000
    47 0.000001 -3.742188 1.536133 0.000000 0.000000 0.000000
    48 0.500002 9.999993 0.000002 -1.570796 0.000000 -1.570796
    49 0.500002 9.999993 0.000002 -1.570796 0.000000 -1.570796
    50 0.000000 0.000005 0.000001 -1.570796 0.000000 -1.570796
    51 0.000001 0.000003 -0.500010 -1.570796 0.000000 -1.570796
    52 -0.000001 0.000000 -0.000002 -1.570796 0.000000 0.000000
    53 0.000000 0.000000 0.000000 -1.570797 0.000000 0.000000
    54 0.000001 0.000000 0.000000 -1.570796 0.000000 0.000000
    55 0.000000 0.000000 0.000002 -1.570796 0.000000 0.000000
    56 -0.000003 0.000000 0.000001 -1.570796 0.000000 0.000000
    57 0.000000 0.000000 0.000000 -1.570796 0.000000 0.000000
    58 0.000000 0.000000 -0.000002 -1.570796 0.000000 0.000000
    59 0.000000 0.000000 0.000001 -1.570796 0.000000 0.000000
    60 -0.000003 0.000000 0.000000 -1.570796 0.000000 0.000000
    61 -0.000001 0.000000 0.000000 -1.570796 0.000000 0.000000
    62 0.000000 0.000000 0.000000 -1.570796 0.000001 0.000000
    63 0.000000 0.000000 0.000000 -1.570796 0.000001 0.000000
    64 0.000000 0.000000 0.000001 3.141593 0.000000 0.000000
    65 0.000000 0.000000 0.000000 3.141593 0.000000 0.000000
    66 0.000001 -0.000001 0.000002 3.141592 0.000000 0.000000
    67 0.000000 10.000002 -0.000005 -1.570796 0.000000 -1.570796
    68 0.000000 10.000002 -0.000005 -1.570796 0.000000 -1.570796
    69 0.000000 0.000005 -0.000003 -1.570796 0.000000 -1.570796
    70 -0.000002 0.000006 -0.500010 -1.570796 0.000000 -1.570796
    71 -0.000004 0.000000 -0.000002 -1.570796 0.000000 0.000000
    72 0.000000 0.000000 0.000000 -1.570796 0.000000 0.000000
    73 0.000000 0.000000 0.000000 -1.570796 0.000000 0.000000
    74 -0.000002 0.000000 0.000000 -1.570796 0.000000 0.000000
    75 0.000002 0.000000 0.000000 -1.570796 0.000000 0.000000
    76 0.000006 0.000000 0.000000 -1.570796 0.000000 0.000000
    77 0.000001 0.000000 0.000000 -1.570796 0.000000 0.000000
    78 0.000000 0.000000 0.000000 -1.570796 0.000000 0.000000
    79 0.000003 0.000000 0.000000 -1.570796 0.000000 0.000000
    80 0.000000 0.000000 0.000000 -1.570796 0.000000 0.000000
    81 0.000002 0.000000 -0.000001 -1.570796 0.000000 0.000000
    82 0.000000 0.000000 0.000000 -1.570796 0.000000 0.000000
    83 0.000000 0.000000 -0.000003 0.000000 0.000000 0.000000
    84 0.000000 0.000000 0.000000 0.000000 0.000000 0.000000
    85 0.000000 0.000001 -0.000001 0.000000 0.000000 0.000000
  time 106
    0 -7.915748 -1.349250 -11.049978 -1.179306 0.530869 -6.617066
    1 0.026867 -11.331078 -0.000002 0.272213 -0.058289 0.365918
    2 0.000000 -0.570801 0.000000 0.000000 0.000000 0.000000
    3 -0.523475 0.280191 0.594726 0.223997 -0.666399 -2.614615
    4 2.276719 -0.124224 -0.000001 0.000000 0.000000 0.104199
    5 1.069446 0.056463 0.000000 0.000000 0.000000 0.848230
    6 -1.355754 -2.286684 -0.142105 0.000000 -0.031510 -1.638864
    7 1.730202 -0.000584 0.000001 0.000000 -0.288157 0.005236
    8 1.203226 -0.010942 0.000001 0.000000 -0.450999 0.000000
    9 -0.430529 -2.478479 -0.142105 -0.078697 -0.246932 -1.438489
    10 1.925233 0.004627 0.000003 -3.141592 -1.441883 -3.141593
    11 1.413089 0.008475 0.000000 0.000000 -1.205578 0.020944
    12 0.384484 -2.160851 -0.142104 -0.056476 -0.189249 -1.438230
    13 1.956384 0.057593 0.000000 -0.000001 -1.549355 -0.010473
    14 1.358065 0.003407 0.000000 0.000001 -1.327368 0.005236
    15 1.194772 -1.655615 -0.138199 0.000000 -0.282990 -1.445133
    16 1.674395 0.018204 -0.000001 0.000000 -0.595670 -0.005236
    17 1.089296 -0.001050 -0.000001 0.000000 -1.500625 0.000000
    18 6.667904 7.776163 -8.169552 -3.686768 -1.022067 -2.809413
    19 -0.295538 -11.160193 0.000002 0.703909 -0.139328 0.172183
    20 0.288086 -4.437500 0.926270 0.080103 -1.549641 -0.151666
    21 0.000001 2.791016 0.898926 0.000000 0.000000 0.000000
    22 0.000000 -0.087891 2.902344 0.000000 0.000000 0.000000
    23 -0.490966 -4.488559 0.847817 0.987896 1.478957 1.042813
    24 0.000000 2.901287 1.065260 0.000000 0.000000 0.000000
    25 0.000000 -1.571502 2.901285 0.000000 0.000000 0.000000
    26 -0.021851 -0.544922 0.000003 0.000000 0.000000 0.000000
    27 0.581406 0.235277 0.586107 0.260360 -0.654249 -1.115590
    28 2.306785 0.010602 0.000001 0.000000 0.000000 -0.470829
    29 1.238233 -0.010016 -0.000001 0.000000 0.000000 -0.375811
    30 1.420898 -2.332031 -0.171143 0.000000 -0.052360 -1.523672
    31 1.706055 0.018570 0.000001 0.000000 -0.376991 -0.005236
    32 1.168945 -0.007069 0.000002 0.000000 -0.612611 0.010472
    33 0.511719 -2.587891 -0.171143 0.068179 -0.280440 -1.750247
    34 1.835938 0.009178 0.000000 -3.141591 -1.523670 -3.131118
    35 1.439453 0.012909 0.000000 0.000000 -1.099558 0.005236
    36 -0.359256 -2.257814 -0.168329 0.017968 -0.224442 -1.724665
    37 1.887695 -0.005322 0.000002 0.000002 -1.544617 0.036656
    38 1.373080 -0.010806 0.000002 0.000000 -1.130973 0.010472
    39 -1.195313 -1.695313 -0.171143 0.000000 -0.235619 -1.685988
    40 1.688477 -0.013481 0.000001 0.000000 -0.753982 0.005229
    41 1.072266 0.022156 -0.000002 0.000000 -1.371829 -0.010472
    42 0.320322 2.625523 -9.694468 -0.137739 -0.157885 -0.011074
    43 0.000000 -3.702027 1.590397 0.000000 0.000000 0.000000
    44 0.000001 -1.269191 2.096640 0.000000 0.000000 0.000000
    45 0.000001 -1.329102 2.132813 0.000000 0.000000 0.000000
    46 0.000001 -2.109375 1.572266 0.000000 0.000000 0.000000
    47 0.000001 -3.742188 1.536133 0.000000 0.000000 0.000000
    48 0.500002 9.999993 0.000002 -1.570796 0.000000 -1.570796
    49 0.500002 9.999993 0.000002 -1.570796 0.000000 -1.570796
    50 0.000000 0.000005 0.000001 -1.570796 0.000000 -1.570796
    51 0.000001 0.000003 -0.500010 -1.570796 0.000000 -1.570796
    52 -0.000001 0.000000 -0.000002 -1.570796 0.000000 0.000000
    53 0.000000 0.000000 0.000000 -1.570797 0.000000 0.000000
    54 0.000001 0.000000 0.000000 -1.570796 0.000000 0.000000
    55 0.000000 0.000000 0.000002 -1.570796 0.000000 0.000000
    56 -0.000003 0.000000 0.000001 -1.570796 0.000000 0.000000
    57 0.000000 0.000000 0.000000 -1.570796 0.000000 0.000000
    58 0.000000 0.000000 -0.000002 -1.570796 0.000000 0.000000
    59 0.000000 0.000000 0.000001 -1.570796 0.000000 0.000000
    60 -0.000003 0.000000 0.000000 -1.570796 0.000000 0.000000
    61 -0.000001 0.000000 0.000000 -1.570796 0.000000 0.000000
    62 0.000000 0.000000 0.000000 -1.570796 0.000001 0.000000
    63 0.000000 0.000000 0.000000 -1.570796 0.000001 0.000000
    64 0.000000 0.000000 0.000001 3.141593 0.000000 0.000000
    65 0.000000 0.000000 0.000000 3.141593 0.000000 0.000000
    66 0.000001 -0.000001 0.000002 3.141592 0.000000 0.000000
    67 0.000000 10.000002 -0.000005 -1.570796 0.000000 -1.570796
    68 0.000000 10.000002 -0.000005 -1.570796 0.000000 -1.570796
    69 0.000000 0.000005 -0.000003 -1.570796 0.000000 -1.570796
    70 -0.000002 0.000006 -0.500010 -1.570796 0.000000 -1.570796
    71 -0.000004 0.000000 -0.000002 -1.570796 0.000000 0.000000
    72 0.000000 0.000000 0.000000 -1.570796 0.000000 0.000000
    73 0.000000 0.000000 0.000000 -1.570796 0.000000 0.000000
    74 -0.000002 0.000000 0.000000 -1.570796 0.000000 0.000000
    75 0.000002 0.000000 0.000000 -1.570796 0.000000 0.000000
    76 0.000006 0.000000 0.000000 -1.570796 0.000000 0.000000
    77 0.000001 0.000000 0.000000 -1.570796 0.000000 0.000000
    78 0.000000 0.000000 0.000000 -1.570796 0.000000 0.000000
    79 0.000003 0.000000 0.000000 -1.570796 0.000000 0.000000
    80 0.000000 0.000000 0.000000 -1.570796 0.000000 0.000000
    81 0.000002 0.000000 -0.000001 -1.570796 0.000000 0.000000
    82 0.000000 0.000000 0.000000 -1.570796 0.000000 0.000000
    83 0.000000 0.000000 -0.000003 0.000000 0.000000 0.000000
    84 0.000000 0.000000 0.000000 0.000000 0.000000 0.000000
    85 0.000000 0.000001 -0.000001 0.000000 0.000000 0.000000
  time 107
    0 -7.919654 -1.337531 -11.049978 -1.179306 0.530779 -6.619365
    1 0.026867 -11.331078 -0.000002 0.253775 -0.058647 0.371361
    2 0.000000 -0.570801 0.000000 0.000000 0.000000 0.000000
    3 -0.519569 0.288004 0.594726 0.217259 -0.666221 -2.610345
    4 2.276719 -0.124224 -0.000001 0.000000 0.000000 0.108398
    5 1.069446 0.056463 0.000000 0.000000 0.000000 0.848230
    6 -1.355754 -2.278871 -0.142105 0.000000 -0.030618 -1.638864
    7 1.726295 -0.000584 0.000001 0.000000 -0.294014 0.005236
    8 1.195413 -0.010942 0.000001 0.000000 -0.457602 0.000000
    9 -0.434435 -2.478479 -0.142105 -0.078709 -0.247436 -1.438475
    10 1.925233 0.004627 0.000003 -3.141592 -1.444206 -3.141593
    11 1.416995 0.008475 0.000000 0.000000 -1.202726 0.020944
    12 0.376671 -2.160851 -0.149917 -0.056464 -0.189049 -1.438242
    13 1.956384 0.057593 0.000000 -0.000001 -1.547922 -0.010473
    14 1.365878 0.003407 0.000000 0.000001 -1.323998 0.005236
    15 1.194772 -1.655615 -0.138199 0.000000 -0.282556 -1.445133
    16 1.670489 0.018204 -0.000001 0.000000 -0.596190 -0.005236
    17 1.089296 -0.001050 -0.000001 0.000000 -1.497267 0.000000
    18 7.019477 6.772226 -7.853136 -3.178871 -0.858077 2.956510
    19 -0.295538 -11.160193 0.000002 0.608323 -0.039067 -0.039203
    20 0.288086 -4.437500 0.926270 0.080103 -1.549641 -0.151666
    21 0.000001 2.791016 0.898926 0.000000 0.000000 0.000000
    22 0.000000 -0.087891 2.902344 0.000000 0.000000 0.000000
    23 -0.490966 -4.492466 0.840004 0.992944 1.478202 1.047429
    24 0.000000 2.901287 1.065260 0.000000 0.000000 0.000000
    25 0.000000 -1.571502 2.901285 0.000000 0.000000 0.000000
    26 -0.021851 -0.544922 0.000003 0.000000 0.000000 0.000000
    27 0.581406 0.235277 0.586107 0.262282 -0.654596 -1.115440
    28 2.306785 0.010602 0.000001 0.000000 0.000000 -0.470673
    29 1.234327 -0.010016 -0.000001 0.000000 0.000000 -0.387106
    30 1.420898 -2.332031 -0.171143 0.000000 -0.052360 -1.523672
    31 1.706055 0.018570 0.000001 0.000000 -0.376991 -0.005236
    32 1.168945 -0.007069 0.000002 0.000000 -0.612611 0.010472
    33 0.511719 -2.587891 -0.171143 0.068179 -0.280440 -1.750247
    34 1.835938 0.009178 0.000000 -3.141591 -1.523670 -3.131118
    35 1.439453 0.012909 0.000000 0.000000 -1.099558 0.005236
    36 -0.359256 -2.261720 -0.168329 0.017968 -0.224442 -1.724665
    37 1.887695 -0.005322 0.000002 0.000002 -1.544617 0.036656
    38 1.373080 -0.010806 0.000002 0.000000 -1.130973 0.010472
    39 -1.195313 -1.695313 -0.171143 0.000000 -0.235619 -1.685988
    40 1.688477 -0.013481 0.000001 0.000000 -0.753982 0.005229
    41 1.072266 0.022156 -0.000002 0.000000 -1.371829 -0.010472
    42 0.414075 1.004380 -7.006886 -0.192221 -0.219821 -0.009360
    43 0.000000 -3.702027 1.590397 0.000000 0.000000 0.000000
    44 0.000001 -1.269191 2.096640 0.000000 0.000000 0.000000
    45 0.000001 -1.329102 2.132813 0.000000 0.000000 0.000000
    46 0.000001 -2.109375 1.572266 0.000000 0.000000 0.000000
    47 0.000001 -3.742188 1.536133 0.000000 0.000000 0.000000
    48 0.500002 9.999993 0.000002 -1.570796 0.000000 -1.570796
    49 0.500002 9.999993 0.000002 -1.570796 0.000000 -1.570796
    50 0.000000 0.000005 0.000001 -1.570796 0.000000 -1.570796
    51 0.000001 0.000003 -0.500010 -1.570796 0.000000 -1.570796
    52 -0.000001 0.000000 -0.000002 -1.570796 0.000000 0.000000
    53 0.000000 0.000000 0.000000 -1.570797 0.000000 0.000000
    54 0.000001 0.000000 0.000000 -1.570796 0.000000 0.000000
    55 0.000000 0.000000 0.000002 -1.570796 0.000000 0.000000
    56 -0.000003 0.000000 0.000001 -1.570796 0.000000 0.000000
    57 0.000000 0.000000 0.000000 -1.570796 0.000000 0.000000
    58 0.000000 0.000000 -0.000002 -1.570796 0.000000 0.000000
    59 0.000000 0.000000 0.000001 -1.570796 0.000000 0.000000
    60 -0.000003 0.000000 0.000000 -1.570796 0.000000 0.000000
    61 -0.000001 0.000000 0.000000 -1.570796 0.000000 0.000000
    62 0.000000 0.000000 0.000000 -1.570796 0.000001 0.000000
    63 0.000000 0.000000 0.000000 -1.570796 0.000001 0.000000
    64 0.000000 0.000000 0.000001 3.141593 0.000000 0.000000
    65 0.000000 0.000000 0.000000 3.141593 0.000000 0.000000
    66 0.000001 -0.000001 0.000002 3.141592 0.000000 0.000000
    67 0.000000 10.000002 -0.000005 -1.570796 0.000000 -1.570796
    68 0.000000 10.000002 -0.000005 -1.570796 0.000000 -1.570796
    69 0.000000 0.000005 -0.000003 -1.570796 0.000000 -1.570796
    70 -0.000002 0.000006 -0.500010 -1.570796 0.000000 -1.570796
    71 -0.000004 0.000000 -0.000002 -1.570796 0.000000 0.000000
    72 0.000000 0.000000 0.000000 -1.570796 0.000000 0.000000
    73 0.000000 0.000000 0.000000 -1.570796 0.000000 0.000000
    74 -0.000002 0.000000 0.000000 -1.570796 0.000000 0.000000
    75 0.000002 0.000000 0.000000 -1.570796 0.000000 0.000000
    76 0.000006 0.000000 0.000000 -1.570796 0.000000 0.000000
    77 0.000001 0.000000 0.000000 -1.570796 0.000000 0.000000
    78 0.000000 0.000000 0.000000 -1.570796 0.000000 0.000000
    79 0.000003 0.000000 0.000000 -1.570796 0.000000 0.000000
    80 0.000000 0.000000 0.000000 -1.570796 0.000000 0.000000
    81 0.000002 0.000000 -0.000001 -1.570796 0.000000 0.000000
    82 0.000000 0.000000 0.000000 -1.570796 0.000000 0.000000
    83 0.000000 0.000000 -0.000003 0.000000 0.000000 0.000000
    84 0.000000 0.000000 0.000000 0.000000 0.000000 0.000000
    85 0.000000 0.000001 -0.000001 0.000000 0.000000 0.000000
  time 108
    0 -7.919654 -1.325812 -11.049978 -1.180345 0.531182 -6.628848
    1 0.026867 -11.331078 -0.000002 0.234948 -0.059777 0.375340
    2 0.000000 -0.570801 0.000000 0.000000 0.000000 0.000000
    3 -0.523475 0.288004 0.586913 0.210383 -0.665582 -2.606009
    4 2.276719 -0.120318 -0.000001 0.000000 0.000000 0.113101
    5 1.069446 0.056463 0.000000 0.000000 0.000000 0.848230
    6 -1.355754 -2.278871 -0.142105 0.000000 -0.029599 -1.638864
    7 1.730202 -0.000584 0.000001 0.000000 -0.299901 0.005236
    8 1.195413 -0.010942 0.000001 0.000000 -0.464261 0.000000
    9 -0.430529 -2.478479 -0.142105 -0.078709 -0.247839 -1.438447
    10 1.925233 0.004627 0.000003 -3.141592 -1.446529 -3.141593
    11 1.416995 0.008475 0.000000 0.000000 -1.199657 0.020944
    12 0.376671 -2.160851 -0.149917 -0.056488 -0.188809 -1.438266
    13 1.952478 0.053687 0.000000 -0.000001 -1.546213 -0.010473
    14 1.361971 0.003407 0.000000 0.000001 -1.320367 0.005236
    15 1.194772 -1.659521 -0.146012 0.000000 -0.282122 -1.445133
    16 1.674395 0.018204 -0.000001 0.000000 -0.596710 -0.005236
    17 1.089296 -0.001050 -0.000001 0.000000 -1.493860 0.000000
    18 7.792938 5.412809 -7.923451 -2.883263 -0.610105 2.636212
    19 -0.295538 -11.160193 0.000002 0.496729 0.051096 -0.271064
    20 0.288086 -4.437500 0.926270 0.080103 -1.549641 -0.151666
    21 0.000001 2.791016 0.898926 0.000000 0.000000 0.000000
    22 0.000000 -0.087891 2.902344 0.000000 0.000000 0.000000
    23 -0.490966 -4.488559 0.840004 0.995288 1.477782 1.049654
    24 0.000000 2.901287 1.065260 0.000000 0.000000 0.000000
    25 0.000000 -1.571502 2.901285 0.000000 0.000000 0.000000
    26 -0.021851 -0.544922 0.000003 0.000000 0.000000 0.000000
    27 0.581406 0.239183 0.586107 0.264158 -0.654365 -1.114989
    28 2.306785 0.010602 0.000001 0.000000 0.000000 -0.470347
    29 1.234327 -0.010016 -0.000001 0.000000 0.000000 -0.398708
    30 1.420898 -2.332031 -0.171143 0.000000 -0.052360 -1.523672
    31 1.706055 0.018570 0.000001 0.000000 -0.376991 -0.005236
    32 1.168945 -0.007069 0.000002 0.000000 -0.612611 0.010472
    33 0.511719 -2.587891 -0.171143 0.068179 -0.280440 -1.750247
    34 1.835938 0.009178 0.000000 -3.141591 -1.523670 -3.131118
    35 1.439453 0.012909 0.000000 0.000000 -1.099558 0.005236
    36 -0.359256 -2.257814 -0.168329 0.017968 -0.224442 -1.724665
    37 1.887695 -0.005322 0.000002 0.000002 -1.544617 0.036656
    38 1.373080 -0.010806 0.000002 0.000000 -1.130973 0.010472
    39 -1.195313 -1.695313 -0.171143 0.000000 -0.235619 -1.685988
    40 1.688477 -0.013481 0.000001 0.000000 -0.753982 0.005229
    41 1.072266 0.022156 -0.000002 0.000000 -1.371829 -0.010472
    42 0.488296 -0.351130 -4.768536 -0.239356 -0.272578 -0.005153
    43 0.000000 -3.702027 1.590397 0.000000 0.000000 0.000000
    44 0.000001 -1.269191 2.096640 0.000000 0.000000 0.000000
    45 0.000001 -1.329102 2.132813 0.000000 0.000000 0.000000
    46 0.000001 -2.109375 1.572266 0.000000 0.000000 0.000000
    47 0.000001 -3.742188 1.536133 0.000000 0.000000 0.000000
    48 0.500002 9.999993 0.000002 -1.570796 0.000000 -1.570796
    49 0.500002 9.999993 0.000002 -1.570796 0.000000 -1.570796
    50 0.000000 0.000005 0.000001 -1.570796 0.000000 -1.570796
    51 0.000001 0.000003 -0.500010 -1.570796 0.000000 -1.570796
    52 -0.000001 0.000000 -0.000002 -1.570796 0.000000 0.000000
    53 0.000000 0.000000 0.000000 -1.570797 0.000000 0.000000
    54 0.000001 0.000000 0.000000 -1.570796 0.000000 0.000000
    55 0.000000 0.000000 0.000002 -1.570796 0.000000 0.000000
    56 -0.000003 0.000000 0.000001 -1.570796 0.000000 0.000000
    57 0.000000 0.000000 0.000000 -1.570796 0.000000 0.000000
    58 0.000000 0.000000 -0.000002 -1.570796 0.000000 0.000000
    59 0.000000 0.000000 0.000001 -1.570796 0.000000 0.000000
    60 -0.000003 0.000000 0.000000 -1.570796 0.000000 0.000000
    61 -0.000001 0.000000 0.000000 -1.570796 0.000000 0.000000
    62 0.000000 0.000000 0.000000 -1.570796 0.000001 0.000000
    63 0.000000 0.000000 0.000000 -1.570796 0.000001 0.000000
    64 0.000000 0.000000 0.000001 3.141593 0.000000 0.000000
    65 0.000000 0.000000 0.000000 3.141593 0.000000 0.000000
    66 0.000001 -0.000001 0.000002 3.141592 0.000000 0.000000
    67 0.000000 10.000002 -0.000005 -1.570796 0.000000 -1.570796
    68 0.000000 10.000002 -0.000005 -1.570796 0.000000 -1.570796
    69 0.000000 0.000005 -0.000003 -1.570796 0.000000 -1.570796
    70 -0.000002 0.000006 -0.500010 -1.570796 0.000000 -1.570796
    71 -0.000004 0.000000 -0.000002 -1.570796 0.000000 0.000000
    72 0.000000 0.000000 0.000000 -1.570796 0.000000 0.000000
    73 0.000000 0.000000 0.000000 -1.570796 0.000000 0.000000
    74 -0.000002 0.000000 0.000000 -1.570796 0.000000 0.000000
    75 0.000002 0.000000 0.000000 -1.570796 0.000000 0.000000
    76 0.000006 0.000000 0.000000 -1.570796 0.000000 0.000000
    77 0.000001 0.000000 0.000000 -1.570796 0.000000 0.000000
    78 0.000000 0.000000 0.000000 -1.570796 0.000000 0.000000
    79 0.000003 0.000000 0.000000 -1.570796 0.000000 0.000000
    80 0.000000 0.000000 0.000000 -1.570796 0.000000 0.000000
    81 0.000002 0.000000 -0.000001 -1.570796 0.000000 0.000000
    82 0.000000 0.000000 0.000000 -1.570796 0.000000 0.000000
    83 0.000000 0.000000 -0.000003 0.000000 0.000000 0.000000
    84 0.000000 0.000000 0.000000 0.000000 0.000000 0.000000
    85 0.000000 0.000001 -0.000001 0.000000 0.000000 0.000000
  time 109
    0 -7.919654 -1.306280 -11.049978 -1.181624 0.531809 -6.639577
    1 0.026867 -11.331078 -0.000002 0.230126 -0.060190 0.376166
    2 0.000000 -0.570801 0.000000 0.000000 0.000000 0.000000
    3 -0.527382 0.288004 0.586913 0.203474 -0.664319 -2.601378
    4 2.276719 -0.124224 -0.000001 0.000000 0.000000 0.118241
    5 1.069446 0.056463 0.000000 0.000000 0.000000 0.848230
    6 -1.355754 -2.286684 -0.142105 0.000000 -0.028707 -1.638864
    7 1.730202 -0.000584 0.000001 0.000000 -0.305836 0.005236
    8 1.203226 -0.010942 0.000001 0.000000 -0.470975 0.000000
    9 -0.430529 -2.478479 -0.142105 -0.078721 -0.248343 -1.438392
    10 1.925233 0.004627 0.000003 -3.141592 -1.449240 -3.141593
    11 1.413089 0.008475 0.000000 0.000000 -1.196373 0.020944
    12 0.376671 -2.160851 -0.149917 -0.056476 -0.188609 -1.438266
    13 1.952478 0.053687 0.000000 -0.000001 -1.544450 -0.010473
    14 1.365878 0.003407 0.000000 0.000001 -1.316478 0.005236
    15 1.194772 -1.655615 -0.146012 0.000000 -0.281543 -1.445133
    16 1.674395 0.018204 -0.000001 0.000000 -0.597339 -0.005236
    17 1.089296 -0.001050 -0.000001 0.000000 -1.490161 0.000000
    18 8.593744 3.569003 -8.204709 -2.722731 -0.359711 2.435757
    19 -0.291631 -11.160193 0.000002 0.370134 0.138629 -0.492498
    20 0.288086 -4.437500 0.926270 0.080103 -1.549641 -0.151666
    21 0.000001 2.791016 0.898926 0.000000 0.000000 0.000000
    22 0.000000 -0.087891 2.902344 0.000000 0.000000 0.000000
    23 -0.490966 -4.492466 0.847817 0.995378 1.477770 1.049598
    24 0.000000 2.901287 1.065260 0.000000 0.000000 0.000000
    25 0.000000 -1.571502 2.901285 0.000000 0.000000 0.000000
    26 -0.021851 -0.544922 0.000003 0.000000 0.000000 0.000000
    27 0.585312 0.235277 0.590013 0.265819 -0.653630 -1.114358
    28 2.306785 0.010602 0.000001 0.000000 0.000000 -0.469881
    29 1.234327 -0.010016 -0.000001 0.000000 0.000000 -0.410494
    30 1.420898 -2.332031 -0.171143 0.000000 -0.052360 -1.523672
    31 1.706055 0.018570 0.000001 0.000000 -0.376991 -0.005236
    32 1.168945 -0.007069 0.000002 0.000000 -0.612611 0.010472
    33 0.511719 -2.587891 -0.171143 0.068179 -0.280440 -1.750247
    34 1.835938 0.009178 0.000000 -3.141591 -1.523670 -3.131118
    35 1.439453 0.012909 0.000000 0.000000 -1.099558 0.005236
    36 -0.359256 -2.261720 -0.168329 0.017968 -0.224442 -1.724665
    37 1.887695 -0.005322 0.000002 0.000002 -1.544617 0.036656
    38 1.369174 -0.010806 0.000002 0.000000 -1.130973 0.010472
    39 -1.195313 -1.695313 -0.171143 0.000000 -0.235619 -1.685988
    40 1.688477 -0.013481 0.000001 0.000000 -0.753982 0.005229
    41 1.072266 0.022156 -0.000002 0.000000 -1.371829 -0.010472
    42 0.535173 -1.273034 -3.245052 -0.270840 -0.306889 -0.001031
    43 0.000000 -3.702027 1.590397 0.000000 0.000000 0.000000
    44 0.000001 -1.269191 2.096640 0.000000 0.000000 0.000000
    45 0.000001 -1.329102 2.132813 0.000000 0.000000 0.000000
    46 0.000001 -2.109375 1.572266 0.000000 0.000000 0.000000
    47 0.000001 -3.742188 1.536133 0.000000 0.000000 0.000000
    48 0.500002 9.999993 0.000002 -1.570796 0.000000 -1.570796
    49 0.500002 9.999993 0.000002 -1.570796 0.000000 -1.570796
    50 0.000000 0.000005 0.000001 -1.570796 0.000000 -1.570796
    51 0.000001 0.000003 -0.500010 -1.570796 0.000000 -1.570796
    52 -0.000001 0.000000 -0.000002 -1.570796 0.000000 0.000000
    53 0.000000 0.000000 0.000000 -1.570797 0.000000 0.000000
    54 0.000001 0.000000 0.000000 -1.570796 0.000000 0.000000
    55 0.000000 0.000000 0.000002 -1.570796 0.000000 0.000000
    56 -0.000003 0.000000 0.000001 -1.570796 0.000000 0.000000
    57 0.000000 0.000000 0.000000 -1.570796 0.000000 0.000000
    58 0.000000 0.000000 -0.000002 -1.570796 0.000000 0.000000
    59 0.000000 0.000000 0.000001 -1.570796 0.000000 0.000000
    60 -0.000003 0.000000 0.000000 -1.570796 0.000000 0.000000
    61 -0.000001 0.000000 0.000000 -1.570796 0.000000 0.000000
    62 0.000000 0.000000 0.000000 -1.570796 0.000001 0.000000
    63 0.000000 0.000000 0.000000 -1.570796 0.000001 0.000000
    64 0.000000 0.000000 0.000001 3.141593 0.000000 0.000000
    65 0.000000 0.000000 0.000000 3.141593 0.000000 0.000000
    66 0.000001 -0.000001 0.000002 3.141592 0.000000 0.000000
    67 0.000000 10.000002 -0.000005 -1.570796 0.000000 -1.570796
    68 0.000000 10.000002 -0.000005 -1.570796 0.000000 -1.570796
    69 0.000000 0.000005 -0.000003 -1.570796 0.000000 -1.570796
    70 -0.000002 0.000006 -0.500010 -1.570796 0.000000 -1.570796
    71 -0.000004 0.000000 -0.000002 -1.570796 0.000000 0.000000
    72 0.000000 0.000000 0.000000 -1.570796 0.000000 0.000000
    73 0.000000 0.000000 0.000000 -1.570796 0.000000 0.000000
    74 -0.000002 0.000000 0.000000 -1.570796 0.000000 0.000000
    75 0.000002 0.000000 0.000000 -1.570796 0.000000 0.000000
    76 0.000006 0.000000 0.000000 -1.570796 0.000000 0.000000
    77 0.000001 0.000000 0.000000 -1.570796 0.000000 0.000000
    78 0.000000 0.000000 0.000000 -1.570796 0.000000 0.000000
    79 0.000003 0.000000 0.000000 -1.570796 0.000000 0.000000
    80 0.000000 0.000000 0.000000 -1.570796 0.000000 0.000000
    81 0.000002 0.000000 -0.000001 -1.570796 0.000000 0.000000
    82 0.000000 0.000000 0.000000 -1.570796 0.000000 0.000000
    83 0.000000 0.000000 -0.000003 0.000000 0.000000 0.000000
    84 0.000000 0.000000 0.000000 0.000000 0.000000 0.000000
    85 0.000000 0.000001 -0.000001 0.000000 0.000000 0.000000
  time 110
    0 -7.915748 -1.298467 -11.049978 -1.182824 0.532436 -6.645612
    1 0.026867 -11.331078 -0.000002 0.234948 -0.059777 0.375340
    2 0.000000 -0.570801 0.000000 0.000000 0.000000 0.000000
    3 -0.523475 0.288004 0.594726 0.196632 -0.662506 -2.596911
    4 2.276719 -0.120318 -0.000001 0.000000 0.000000 0.123818
    5 1.069446 0.056463 0.000000 0.000000 0.000000 0.848230
    6 -1.355754 -2.278871 -0.142105 0.000000 -0.027688 -1.638864
    7 1.730202 -0.000584 0.000001 0.000000 -0.311770 0.005236
    8 1.195413 -0.010942 0.000001 0.000000 -0.477772 0.000000
    9 -0.430529 -2.478479 -0.142105 -0.078733 -0.248746 -1.438350
    10 1.925233 0.004627 0.000003 -3.141592 -1.452116 -3.141593
    11 1.416995 0.008475 0.000000 0.000000 -1.192916 0.020944
    12 0.376671 -2.160851 -0.146011 -0.056452 -0.188369 -1.438278
    13 1.952478 0.053687 0.000000 -0.000001 -1.542521 -0.010473
    14 1.361971 0.003407 0.000000 0.000001 -1.312416 0.005236
    15 1.194772 -1.655615 -0.138199 0.000000 -0.280964 -1.445133
    16 1.670489 0.018204 -0.000001 0.000000 -0.597859 -0.005236
    17 1.089296 -0.001050 -0.000001 0.000000 -1.486316 0.000000
    18 9.343767 2.014268 -8.614878 -2.640634 -0.162908 2.303649
    19 -0.291631 -11.160193 0.000002 0.229256 0.238369 -0.674750
    20 0.288086 -4.437500 0.926270 0.080103 -1.549641 -0.151666
    21 0.000001 2.791016 0.898926 0.000000 0.000000 0.000000
    22 0.000000 -0.087891 2.902344 0.000000 0.000000 0.000000
    23 -0.490966 -4.492466 0.840004 0.993125 1.478166 1.047540
    24 0.000000 2.901287 1.065260 0.000000 0.000000 0.000000
    25 0.000000 -1.571502 2.901285 0.000000 0.000000 0.000000
    26 -0.021851 -0.544922 0.000003 0.000000 0.000000 0.000000
    27 0.581406 0.235277 0.590013 0.267357 -0.652407 -1.113486
    28 2.306785 0.010602 0.000001 0.000000 0.000000 -0.469260
    29 1.234327 -0.010016 -0.000001 0.000000 0.000000 -0.422587
    30 1.420898 -2.332031 -0.171143 0.000000 -0.052360 -1.523672
    31 1.706055 0.018570 0.000001 0.000000 -0.376991 -0.005236
    32 1.168945 -0.007069 0.000002 0.000000 -0.612611 0.010472
    33 0.511719 -2.587891 -0.171143 0.068179 -0.280440 -1.750247
    34 1.835938 0.009178 0.000000 -3.141591 -1.523670 -3.131118
    35 1.439453 0.012909 0.000000 0.000000 -1.099558 0.005236
    36 -0.359256 -2.257814 -0.168329 0.017968 -0.224442 -1.724665
    37 1.887695 -0.005322 0.000002 0.000002 -1.544617 0.036656
    38 1.369174 -0.010806 0.000002 0.000000 -1.130973 0.010472
    39 -1.195313 -1.695313 -0.171143 0.000000 -0.235619 -1.685988
    40 1.688477 -0.013481 0.000001 0.000000 -0.753982 0.005229
    41 1.072266 0.022156 -0.000002 0.000000 -1.371829 -0.010472
    42 0.558611 -1.608981 -2.674722 -0.277443 -0.314092 0.000000
    43 0.000000 -3.702027 1.590397 0.000000 0.000000 0.000000
    44 0.000001 -1.269191 2.096640 0.000000 0.000000 0.000000
    45 0.000001 -1.329102 2.132813 0.000000 0.000000 0.000000
    46 0.000001 -2.109375 1.572266 0.000000 0.000000 0.000000
    47 0.000001 -3.742188 1.536133 0.000000 0.000000 0.000000
    48 0.500002 9.999993 0.000002 -1.570796 0.000000 -1.570796
    49 0.500002 9.999993 0.000002 -1.570796 0.000000 -1.570796
    50 0.000000 0.000005 0.000001 -1.570796 0.000000 -1.570796
    51 0.000001 0.000003 -0.500010 -1.570796 0.000000 -1.570796
    52 -0.000001 0.000000 -0.000002 -1.570796 0.000000 0.000000
    53 0.000000 0.000000 0.000000 -1.570797 0.000000 0.000000
    54 0.000001 0.000000 0.000000 -1.570796 0.000000 0.000000
    55 0.000000 0.000000 0.000002 -1.570796 0.000000 0.000000
    56 -0.000003 0.000000 0.000001 -1.570796 0.000000 0.000000
    57 0.000000 0.000000 0.000000 -1.570796 0.000000 0.000000
    58 0.000000 0.000000 -0.000002 -1.570796 0.000000 0.000000
    59 0.000000 0.000000 0.000001 -1.570796 0.000000 0.000000
    60 -0.000003 0.000000 0.000000 -1.570796 0.000000 0.000000
    61 -0.000001 0.000000 0.000000 -1.570796 0.000000 0.000000
    62 0.000000 0.000000 0.000000 -1.570796 0.000001 0.000000
    63 0.000000 0.000000 0.000000 -1.570796 0.000001 0.000000
    64 0.000000 0.000000 0.000001 3.141593 0.000000 0.000000
    65 0.000000 0.000000 0.000000 3.141593 0.000000 0.000000
    66 0.000001 -0.000001 0.000002 3.141592 0.000000 0.000000
    67 0.000000 10.000002 -0.000005 -1.570796 0.000000 -1.570796
    68 0.000000 10.000002 -0.000005 -1.570796 0.000000 -1.570796
    69 0.000000 0.000005 -0.000003 -1.570796 0.000000 -1.570796
    70 -0.000002 0.000006 -0.500010 -1.570796 0.000000 -1.570796
    71 -0.000004 0.000000 -0.000002 -1.570796 0.000000 0.000000
    72 0.000000 0.000000 0.000000 -1.570796 0.000000 0.000000
    73 0.000000 0.000000 0.000000 -1.570796 0.000000 0.000000
    74 -0.000002 0.000000 0.000000 -1.570796 0.000000 0.000000
    75 0.000002 0.000000 0.000000 -1.570796 0.000000 0.000000
    76 0.000006 0.000000 0.000000 -1.570796 0.000000 0.000000
    77 0.000001 0.000000 0.000000 -1.570796 0.000000 0.000000
    78 0.000000 0.000000 0.000000 -1.570796 0.000000 0.000000
    79 0.000003 0.000000 0.000000 -1.570796 0.000000 0.000000
    80 0.000000 0.000000 0.000000 -1.570796 0.000000 0.000000
    81 0.000002 0.000000 -0.000001 -1.570796 0.000000 0.000000
    82 0.000000 0.000000 0.000000 -1.570796 0.000000 0.000000
    83 0.000000 0.000000 -0.000003 0.000000 0.000000 0.000000
    84 0.000000 0.000000 0.000000 0.000000 0.000000 0.000000
    85 0.000000 0.000001 -0.000001 0.000000 0.000000 0.000000
  time 111
    0 -7.900122 -1.306280 -11.065603 -1.183063 0.533421 -6.646570
    1 0.026867 -11.331078 -0.000002 0.234310 -0.060190 0.376992
    2 0.000000 -0.570801 0.000000 0.000000 0.000000 0.000000
    3 -0.523475 0.288004 0.590819 0.189980 -0.659995 -2.592443
    4 2.272813 -0.124224 -0.000001 0.000000 0.000000 0.129697
    5 1.069446 0.056463 0.000000 0.000000 0.000000 0.848230
    6 -1.355754 -2.286684 -0.142105 0.000000 -0.026711 -1.638864
    7 1.730202 -0.000584 0.000001 0.000000 -0.317767 0.005236
    8 1.199319 -0.010942 0.000001 0.000000 -0.484514 0.000000
    9 -0.430529 -2.478479 -0.142105 -0.078745 -0.249250 -1.438295
    10 1.925233 0.004627 0.000003 -3.141592 -1.454937 -3.141593
    11 1.413089 0.008475 0.000000 0.000000 -1.189286 0.020944
    12 0.376671 -2.160851 -0.146011 -0.056452 -0.188089 -1.438290
    13 1.956384 0.057593 0.000000 -0.000001 -1.540537 -0.010473
    14 1.365878 0.003407 0.000000 0.000001 -1.308138 0.005236
    15 1.194772 -1.659521 -0.146012 0.000000 -0.280349 -1.445133
    16 1.670489 0.018204 -0.000001 0.000000 -0.598571 -0.005236
    17 1.089296 -0.001050 -0.000001 0.000000 -1.482228 0.000000
    18 9.929722 1.693946 -8.993796 -2.626544 -0.140901 2.249158
    19 -0.299444 -11.160193 0.000002 0.145003 0.333395 -0.738471
    20 0.288086 -4.437500 0.926270 0.080103 -1.549641 -0.151666
    21 0.000001 2.791016 0.898926 0.000000 0.000000 0.000000
    22 0.000000 -0.087891 2.902344 0.000000 0.000000 0.000000
    23 -0.483153 -4.492466 0.843910 0.988798 1.478825 1.043536
    24 0.000000 2.901287 1.065260 0.000000 0.000000 0.000000
    25 0.000000 -1.571502 2.901285 0.000000 0.000000 0.000000
    26 -0.021851 -0.544922 0.000003 0.000000 0.000000 0.000000
    27 0.581406 0.239183 0.586107 0.268772 -0.650643 -1.112494
    28 2.306785 0.010602 0.000001 0.000000 0.000000 -0.468530
    29 1.242140 -0.010016 -0.000001 0.000000 0.000000 -0.434864
    30 1.420898 -2.332031 -0.171143 0.000000 -0.052360 -1.523672
    31 1.706055 0.018570 0.000001 0.000000 -0.376991 -0.005236
    32 1.168945 -0.007069 0.000002 0.000000 -0.612611 0.010472
    33 0.511719 -2.587891 -0.171143 0.068179 -0.280440 -1.750247
    34 1.835938 0.009178 0.000000 -3.141591 -1.523670 -3.131118
    35 1.439453 0.012909 0.000000 0.000000 -1.099558 0.005236
    36 -0.359256 -2.257814 -0.168329 0.017968 -0.224442 -1.724665
    37 1.887695 -0.005322 0.000002 0.000002 -1.544617 0.036656
    38 1.373080 -0.010806 0.000002 0.000000 -1.130973 0.010472
    39 -1.195313 -1.695313 -0.171143 0.000000 -0.235619 -1.685988
    40 1.688477 -0.013481 0.000001 0.000000 -0.753982 0.005229
    41 1.072266 0.022156 -0.000002 0.000000 -1.371829 -0.010472
    42 0.457045 -1.515229 -2.604407 -0.242568 -0.276089 -0.004830
    43 0.000000 -3.702027 1.590397 0.000000 0.000000 0.000000
    44 0.000001 -1.269191 2.096640 0.000000 0.000000 0.000000
    45 0.000001 -1.329102 2.132813 0.000000 0.000000 0.000000
    46 0.000001 -2.109375 1.572266 0.000000 0.000000 0.000000
    47 0.000001 -3.742188 1.536133 0.000000 0.000000 0.000000
    48 0.500002 9.999993 0.000002 -1.570796 0.000000 -1.570796
    49 0.500002 9.999993 0.000002 -1.570796 0.000000 -1.570796
    50 0.000000 0.000005 0.000001 -1.570796 0.000000 -1.570796
    51 0.000001 0.000003 -0.500010 -1.570796 0.000000 -1.570796
    52 -0.000001 0.000000 -0.000002 -1.570796 0.000000 0.000000
    53 0.000000 0.000000 0.000000 -1.570797 0.000000 0.000000
    54 0.000001 0.000000 0.000000 -1.570796 0.000000 0.000000
    55 0.000000 0.000000 0.000002 -1.570796 0.000000 0.000000
    56 -0.000003 0.000000 0.000001 -1.570796 0.000000 0.000000
    57 0.000000 0.000000 0.000000 -1.570796 0.000000 0.000000
    58 0.000000 0.000000 -0.000002 -1.570796 0.000000 0.000000
    59 0.000000 0.000000 0.000001 -1.570796 0.000000 0.000000
    60 -0.000003 0.000000 0.000000 -1.570796 0.000000 0.000000
    61 -0.000001 0.000000 0.000000 -1.570796 0.000000 0.000000
    62 0.000000 0.000000 0.000000 -1.570796 0.000001 0.000000
    63 0.000000 0.000000 0.000000 -1.570796 0.000001 0.000000
    64 0.000000 0.000000 0.000001 3.141593 0.000000 0.000000
    65 0.000000 0.000000 0.000000 3.141593 0.000000 0.000000
    66 0.000001 -0.000001 0.000002 3.141592 0.000000 0.000000
    67 0.000000 10.000002 -0.000005 -1.570796 0.000000 -1.570796
    68 0.000000 10.000002 -0.000005 -1.570796 0.000000 -1.570796
    69 0.000000 0.000005 -0.000003 -1.570796 0.000000 -1.570796
    70 -0.000002 0.000006 -0.500010 -1.570796 0.000000 -1.570796
    71 -0.000004 0.000000 -0.000002 -1.570796 0.000000 0.000000
    72 0.000000 0.000000 0.000000 -1.570796 0.000000 0.000000
    73 0.000000 0.000000 0.000000 -1.570796 0.000000 0.000000
    74 -0.000002 0.000000 0.000000 -1.570796 0.000000 0.000000
    75 0.000002 0.000000 0.000000 -1.570796 0.000000 0.000000
    76 0.000006 0.000000 0.000000 -1.570796 0.000000 0.000000
    77 0.000001 0.000000 0.000000 -1.570796 0.000000 0.000000
    78 0.000000 0.000000 0.000000 -1.570796 0.000000 0.000000
    79 0.000003 0.000000 0.000000 -1.570796 0.000000 0.000000
    80 0.000000 0.000000 0.000000 -1.570796 0.000000 0.000000
    81 0.000002 0.000000 -0.000001 -1.570796 0.000000 0.000000
    82 0.000000 0.000000 0.000000 -1.570796 0.000000 0.000000
    83 0.000000 0.000000 -0.000003 0.000000 0.000000 0.000000
    84 0.000000 0.000000 0.000000 0.000000 0.000000 0.000000
    85 0.000000 0.000001 -0.000001 0.000000 0.000000 0.000000
  time 112
    0 -7.857152 -1.325812 -11.085135 -1.183463 0.536690 -6.647528
    1 0.026867 -11.331078 -0.000002 0.232927 -0.061127 0.380896
    2 0.000000 -0.570801 0.000000 0.000000 0.000000 0.000000
    3 -0.523475 0.284097 0.586913 0.183636 -0.656815 -2.588272
    4 2.276719 -0.120318 -0.000001 0.000000 0.000000 0.136013
    5 1.069446 0.056463 0.000000 0.000000 0.000000 0.848230
    6 -1.355754 -2.286684 -0.142105 0.000000 -0.025777 -1.638864
    7 1.730202 -0.000584 0.000001 0.000000 -0.323796 0.005236
    8 1.203226 -0.010942 0.000001 0.000000 -0.491339 0.000000
    9 -0.430529 -2.478479 -0.142105 -0.078757 -0.249704 -1.438281
    10 1.925233 0.004627 0.000003 -3.141592 -1.457924 -3.141593
    11 1.409182 0.008475 0.000000 0.000000 -1.185526 0.020944
    12 0.376671 -2.160851 -0.149917 -0.056440 -0.187809 -1.438290
    13 1.956384 0.057593 0.000000 -0.000001 -1.538553 -0.010473
    14 1.365878 0.003407 0.000000 0.000001 -1.303730 0.005236
    15 1.194772 -1.659521 -0.146012 0.000000 -0.279734 -1.445133
    16 1.674395 0.018204 -0.000001 0.000000 -0.599200 -0.005236
    17 1.089296 -0.001050 -0.000001 0.000000 -1.477945 0.000000
    18 10.082070 2.006456 -9.454747 -2.650873 -0.334993 2.228748
    19 -0.295538 -11.160193 0.000002 0.133635 0.470873 -0.680809
    20 0.288086 -4.437500 0.926270 0.080103 -1.549641 -0.151666
    21 0.000001 2.791016 0.898926 0.000000 0.000000 0.000000
    22 0.000000 -0.087891 2.902344 0.000000 0.000000 0.000000
    23 -0.487059 -4.488559 0.840004 0.982397 1.479760 1.037585
    24 0.000000 2.901287 1.065260 0.000000 0.000000 0.000000
    25 0.000000 -1.571502 2.901285 0.000000 0.000000 0.000000
    26 -0.021851 -0.544922 0.000003 0.000000 0.000000 0.000000
    27 0.581406 0.239183 0.586107 0.270033 -0.648415 -1.111442
    28 2.306785 0.010602 0.000001 0.000000 0.000000 -0.467692
    29 1.234327 -0.010016 -0.000001 0.000000 0.000000 -0.447448
    30 1.420898 -2.332031 -0.171143 0.000000 -0.052360 -1.523672
    31 1.706055 0.018570 0.000001 0.000000 -0.376991 -0.005236
    32 1.168945 -0.007069 0.000002 0.000000 -0.612611 0.010472
    33 0.511719 -2.587891 -0.171143 0.068179 -0.280440 -1.750247
    34 1.835938 0.009178 0.000000 -3.141591 -1.523670 -3.131118
    35 1.439453 0.012909 0.000000 0.000000 -1.099558 0.005236
    36 -0.359256 -2.265626 -0.168329 0.017968 -0.224442 -1.724665
    37 1.887695 -0.005322 0.000002 0.000002 -1.544617 0.036656
    38 1.373080 -0.010806 0.000002 0.000000 -1.130973 0.010472
    39 -1.195313 -1.695313 -0.171143 0.000000 -0.235619 -1.685988
    40 1.688477 -0.013481 0.000001 0.000000 -0.753982 0.005229
    41 1.072266 0.022156 -0.000002 0.000000 -1.371829 -0.010472
    42 0.238289 -1.312097 -2.459872 -0.146476 -0.167832 -0.011038
    43 0.000000 -3.702027 1.590397 0.000000 0.000000 0.000000
    44 0.000001 -1.269191 2.096640 0.000000 0.000000 0.000000
    45 0.000001 -1.329102 2.132813 0.000000 0.000000 0.000000
    46 0.000001 -2.109375 1.572266 0.000000 0.000000 0.000000
    47 0.000001 -3.742188 1.536133 0.000000 0.000000 0.000000
    48 0.500002 9.999993 0.000002 -1.570796 0.000000 -1.570796
    49 0.500002 9.999993 0.000002 -1.570796 0.000000 -1.570796
    50 0.000000 0.000005 0.000001 -1.570796 0.000000 -1.570796
    51 0.000001 0.000003 -0.500010 -1.570796 0.000000 -1.570796
    52 -0.000001 0.000000 -0.000002 -1.570796 0.000000 0.000000
    53 0.000000 0.000000 0.000000 -1.570797 0.000000 0.000000
    54 0.000001 0.000000 0.000000 -1.570796 0.000000 0.000000
    55 0.000000 0.000000 0.000002 -1.570796 0.000000 0.000000
    56 -0.000003 0.000000 0.000001 -1.570796 0.000000 0.000000
    57 0.000000 0.000000 0.000000 -1.570796 0.000000 0.000000
    58 0.000000 0.000000 -0.000002 -1.570796 0.000000 0.000000
    59 0.000000 0.000000 0.000001 -1.570796 0.000000 0.000000
    60 -0.000003 0.000000 0.000000 -1.570796 0.000000 0.000000
    61 -0.000001 0.000000 0.000000 -1.570796 0.000000 0.000000
    62 0.000000 0.000000 0.000000 -1.570796 0.000001 0.000000
    63 0.000000 0.000000 0.000000 -1.570796 0.000001 0.000000
    64 0.000000 0.000000 0.000001 3.141593 0.000000 0.000000
    65 0.000000 0.000000 0.000000 3.141593 0.000000 0.000000
    66 0.000001 -0.000001 0.000002 3.141592 0.000000 0.000000
    67 0.000000 10.000002 -0.000005 -1.570796 0.000000 -1.570796
    68 0.000000 10.000002 -0.000005 -1.570796 0.000000 -1.570796
    69 0.000000 0.000005 -0.000003 -1.570796 0.000000 -1.570796
    70 -0.000002 0.000006 -0.500010 -1.570796 0.000000 -1.570796
    71 -0.000004 0.000000 -0.000002 -1.570796 0.000000 0.000000
    72 0.000000 0.000000 0.000000 -1.570796 0.000000 0.000000
    73 0.000000 0.000000 0.000000 -1.570796 0.000000 0.000000
    74 -0.000002 0.000000 0.000000 -1.570796 0.000000 0.000000
    75 0.000002 0.000000 0.000000 -1.570796 0.000000 0.000000
    76 0.000006 0.000000 0.000000 -1.570796 0.000000 0.000000
    77 0.000001 0.000000 0.000000 -1.570796 0.000000 0.000000
    78 0.000000 0.000000 0.000000 -1.570796 0.000000 0.000000
    79 0.000003 0.000000 0.000000 -1.570796 0.000000 0.000000
    80 0.000000 0.000000 0.000000 -1.570796 0.000000 0.000000
    81 0.000002 0.000000 -0.000001 -1.570796 0.000000 0.000000
    82 0.000000 0.000000 0.000000 -1.570796 0.000000 0.000000
    83 0.000000 0.000000 -0.000003 0.000000 0.000000 0.000000
    84 0.000000 0.000000 0.000000 0.000000 0.000000 0.000000
    85 0.000000 0.000001 -0.000001 0.000000 0.000000 0.000000
  time 113
    0 -7.802463 -1.349250 -11.116386 -1.183543 0.540989 -6.647528
    1 0.026867 -11.331078 -0.000002 0.232537 -0.061430 0.382022
    2 0.000000 -0.570801 0.000000 0.000000 0.000000 0.000000
    3 -0.527382 0.288004 0.590819 0.177720 -0.652922 -2.584265
    4 2.276719 -0.124224 -0.000001 0.000000 0.000000 0.142732
    5 1.069446 0.056463 0.000000 0.000000 0.000000 0.848230
    6 -1.355754 -2.286684 -0.142105 0.000000 -0.024758 -1.638864
    7 1.730202 -0.000584 0.000001 0.000000 -0.329824 0.005236
    8 1.199319 -0.010942 0.000001 0.000000 -0.498164 0.000000
    9 -0.430529 -2.482385 -0.142105 -0.078757 -0.250308 -1.438198
    10 1.929139 0.004627 0.000003 -3.141592 -1.461077 -3.141593
    11 1.413089 0.008475 0.000000 0.000000 -1.181680 0.020944
    12 0.376671 -2.160851 -0.146011 -0.056440 -0.187489 -1.438290
    13 1.956384 0.053687 0.000000 -0.000001 -1.536458 -0.010473
    14 1.361971 0.003407 0.000000 0.000001 -1.299192 0.005236
    15 1.194772 -1.655615 -0.138199 0.000000 -0.279083 -1.445133
    16 1.674395 0.018204 -0.000001 0.000000 -0.599912 -0.005236
    17 1.089296 -0.001050 -0.000001 0.000000 -1.473516 0.000000
    18 9.292984 2.908827 -10.204770 -2.669753 -0.656685 2.208337
    19 -0.295538 -11.160193 0.000002 0.219399 0.609715 -0.521834
    20 0.288086 -4.437500 0.926270 0.080103 -1.549641 -0.151666
    21 0.000001 2.791016 0.898926 0.000000 0.000000 0.000000
    22 0.000000 -0.087891 2.902344 0.000000 0.000000 0.000000
    23 -0.483153 -4.492466 0.840004 0.974104 1.480922 1.029799
    24 0.000000 2.901287 1.065260 0.000000 0.000000 0.000000
    25 0.000000 -1.571502 2.901285 0.000000 0.000000 0.000000
    26 -0.021851 -0.544922 0.000003 0.000000 0.000000 0.000000
    27 0.581406 0.239183 0.586107 0.271202 -0.645658 -1.110180
    28 2.306785 0.010602 0.000001 0.000000 0.000000 -0.466775
    29 1.238233 -0.010016 -0.000001 0.000000 0.000000 -0.460247
    30 1.420898 -2.332031 -0.171143 0.000000 -0.052360 -1.523672
    31 1.706055 0.018570 0.000001 0.000000 -0.376991 -0.005236
    32 1.168945 -0.007069 0.000002 0.000000 -0.612611 0.010472
    33 0.511719 -2.587891 -0.171143 0.068179 -0.280440 -1.750247
    34 1.835938 0.009178 0.000000 -3.141591 -1.523670 -3.131118
    35 1.439453 0.012909 0.000000 0.000000 -1.099558 0.005236
    36 -0.359256 -2.257814 -0.168329 0.017968 -0.224442 -1.724665
    37 1.887695 -0.005322 0.000002 0.000002 -1.544617 0.036656
    38 1.369174 -0.010806 0.000002 0.000000 -1.130973 0.010472
    39 -1.195313 -1.695313 -0.171143 0.000000 -0.235619 -1.685988
    40 1.688477 -0.013481 0.000001 0.000000 -0.753982 0.005229
    41 1.072266 0.022156 -0.000002 0.000000 -1.371829 -0.010472
    42 0.003906 -1.089434 -2.303617 -0.032814 -0.037344 -0.004530
    43 0.000000 -3.702027 1.590397 0.000000 0.000000 0.000000
    44 0.000001 -1.269191 2.096640 0.000000 0.000000 0.000000
    45 0.000001 -1.329102 2.132813 0.000000 0.000000 0.000000
    46 0.000001 -2.109375 1.572266 0.000000 0.000000 0.000000
    47 0.000001 -3.742188 1.536133 0.000000 0.000000 0.000000
    48 0.500002 9.999993 0.000002 -1.570796 0.000000 -1.570796
    49 0.500002 9.999993 0.000002 -1.570796 0.000000 -1.570796
    50 0.000000 0.000005 0.000001 -1.570796 0.000000 -1.570796
    51 0.000001 0.000003 -0.500010 -1.570796 0.000000 -1.570796
    52 -0.000001 0.000000 -0.000002 -1.570796 0.000000 0.000000
    53 0.000000 0.000000 0.000000 -1.570797 0.000000 0.000000
    54 0.000001 0.000000 0.000000 -1.570796 0.000000 0.000000
    55 0.000000 0.000000 0.000002 -1.570796 0.000000 0.000000
    56 -0.000003 0.000000 0.000001 -1.570796 0.000000 0.000000
    57 0.000000 0.000000 0.000000 -1.570796 0.000000 0.000000
    58 0.000000 0.000000 -0.000002 -1.570796 0.000000 0.000000
    59 0.000000 0.000000 0.000001 -1.570796 0.000000 0.000000
    60 -0.000003 0.000000 0.000000 -1.570796 0.000000 0.000000
    61 -0.000001 0.000000 0.000000 -1.570796 0.000000 0.000000
    62 0.000000 0.000000 0.000000 -1.570796 0.000001 0.000000
    63 0.000000 0.000000 0.000000 -1.570796 0.000001 0.000000
    64 0.000000 0.000000 0.000001 3.141593 0.000000 0.000000
    65 0.000000 0.000000 0.000000 3.141593 0.000000 0.000000
    66 0.000001 -0.000001 0.000002 3.141592 0.000000 0.000000
    67 0.000000 10.000002 -0.000005 -1.570796 0.000000 -1.570796
    68 0.000000 10.000002 -0.000005 -1.570796 0.000000 -1.570796
    69 0.000000 0.000005 -0.000003 -1.570796 0.000000 -1.570796
    70 -0.000002 0.000006 -0.500010 -1.570796 0.000000 -1.570796
    71 -0.000004 0.000000 -0.000002 -1.570796 0.000000 0.000000
    72 0.000000 0.000000 0.000000 -1.570796 0.000000 0.000000
    73 0.000000 0.000000 0.000000 -1.570796 0.000000 0.000000
    74 -0.000002 0.000000 0.000000 -1.570796 0.000000 0.000000
    75 0.000002 0.000000 0.000000 -1.570796 0.000000 0.000000
    76 0.000006 0.000000 0.000000 -1.570796 0.000000 0.000000
    77 0.000001 0.000000 0.000000 -1.570796 0.000000 0.000000
    78 0.000000 0.000000 0.000000 -1.570796 0.000000 0.000000
    79 0.000003 0.000000 0.000000 -1.570796 0.000000 0.000000
    80 0.000000 0.000000 0.000000 -1.570796 0.000000 0.000000
    81 0.000002 0.000000 -0.000001 -1.570796 0.000000 0.000000
    82 0.000000 0.000000 0.000000 -1.570796 0.000000 0.000000
    83 0.000000 0.000000 -0.000003 0.000000 0.000000 0.000000
    84 0.000000 0.000000 0.000000 0.000000 0.000000 0.000000
    85 0.000000 0.000001 -0.000001 0.000000 0.000000 0.000000
  time 114
    0 -7.759493 -1.372688 -11.139824 -1.183943 0.545243 -6.648007
    1 0.026867 -11.331078 -0.000002 0.234948 -0.059777 0.375340
    2 0.000000 -0.570801 0.000000 0.000000 0.000000 0.000000
    3 -0.527382 0.288004 0.590819 0.172354 -0.648316 -2.580455
    4 2.276719 -0.120318 -0.000001 0.000000 0.000000 0.149787
    5 1.069446 0.056463 0.000000 0.000000 0.000000 0.848230
    6 -1.355754 -2.278871 -0.142105 0.000000 -0.023781 -1.638864
    7 1.730202 -0.000584 0.000001 0.000000 -0.335900 0.005236
    8 1.203226 -0.010942 0.000001 0.000000 -0.505017 0.000000
    9 -0.430529 -2.478479 -0.142105 -0.078769 -0.250862 -1.438184
    10 1.925233 0.004627 0.000003 -3.141592 -1.464230 -3.141593
    11 1.413089 0.008475 0.000000 0.000000 -1.177704 0.020944
    12 0.376671 -2.160851 -0.149917 -0.056452 -0.187249 -1.438302
    13 1.952478 0.057593 0.000000 -0.000001 -1.534254 -0.010473
    14 1.365878 0.003407 0.000000 0.000001 -1.294481 0.005236
    15 1.194772 -1.655615 -0.142105 0.000000 -0.278323 -1.445133
    16 1.674395 0.018204 -0.000001 0.000000 -0.600596 -0.005236
    17 1.089296 -0.001050 -0.000001 0.000000 -1.469087 0.000000
    18 8.160137 3.736977 -10.790726 -2.564548 -0.973246 2.056755
    19 -0.295538 -11.160193 0.000002 0.367615 0.723002 -0.334558
    20 0.288086 -4.437500 0.926270 0.080103 -1.549641 -0.151666
    21 0.000001 2.791016 0.898926 0.000000 0.000000 0.000000
    22 0.000000 -0.087891 2.902344 0.000000 0.000000 0.000000
    23 -0.483153 -4.488559 0.843910 0.963828 1.482348 1.020233
    24 0.000000 2.901287 1.065260 0.000000 0.000000 0.000000
    25 0.000000 -1.571502 2.901285 0.000000 0.000000 0.000000
    26 -0.021851 -0.544922 0.000003 0.000000 0.000000 0.000000
    27 0.581406 0.239183 0.586107 0.272232 -0.642529 -1.108737
    28 2.306785 0.010602 0.000001 0.000000 0.000000 -0.465766
    29 1.234327 -0.010016 -0.000001 0.000000 0.000000 -0.473353
    30 1.420898 -2.332031 -0.171143 0.000000 -0.052360 -1.523672
    31 1.706055 0.018570 0.000001 0.000000 -0.376991 -0.005236
    32 1.168945 -0.007069 0.000002 0.000000 -0.612611 0.010472
    33 0.511719 -2.587891 -0.171143 0.068179 -0.280440 -1.750247
    34 1.835938 0.009178 0.000000 -3.141591 -1.523670 -3.131118
    35 1.439453 0.012909 0.000000 0.000000 -1.099558 0.005236
    36 -0.359256 -2.265626 -0.168329 0.017968 -0.224442 -1.724665
    37 1.887695 -0.005322 0.000002 0.000002 -1.544617 0.036656
    38 1.369174 -0.010806 0.000002 0.000000 -1.130973 0.010472
    39 -1.195313 -1.695313 -0.171143 0.000000 -0.235619 -1.685988
    40 1.688477 -0.013481 0.000001 0.000000 -0.753982 0.005229
    41 1.072266 0.022156 -0.000002 0.000000 -1.371829 -0.010472
    42 -0.101566 -0.968337 -2.217677 0.058988 0.066203 0.011217
    43 0.000000 -3.702027 1.590397 0.000000 0.000000 0.000000
    44 0.000001 -1.269191 2.096640 0.000000 0.000000 0.000000
    45 0.000001 -1.329102 2.132813 0.000000 0.000000 0.000000
    46 0.000001 -2.109375 1.572266 0.000000 0.000000 0.000000
    47 0.000001 -3.742188 1.536133 0.000000 0.000000 0.000000
    48 0.500002 9.999993 0.000002 -1.570796 0.000000 -1.570796
    49 0.500002 9.999993 0.000002 -1.570796 0.000000 -1.570796
    50 0.000000 0.000005 0.000001 -1.570796 0.000000 -1.570796
    51 0.000001 0.000003 -0.500010 -1.570796 0.000000 -1.570796
    52 -0.000001 0.000000 -0.000002 -1.570796 0.000000 0.000000
    53 0.000000 0.000000 0.000000 -1.570797 0.000000 0.000000
    54 0.000001 0.000000 0.000000 -1.570796 0.000000 0.000000
    55 0.000000 0.000000 0.000002 -1.570796 0.000000 0.000000
    56 -0.000003 0.000000 0.000001 -1.570796 0.000000 0.000000
    57 0.000000 0.000000 0.000000 -1.570796 0.000000 0.000000
    58 0.000000 0.000000 -0.000002 -1.570796 0.000000 0.000000
    59 0.000000 0.000000 0.000001 -1.570796 0.000000 0.000000
    60 -0.000003 0.000000 0.000000 -1.570796 0.000000 0.000000
    61 -0.000001 0.000000 0.000000 -1.570796 0.000000 0.000000
    62 0.000000 0.000000 0.000000 -1.570796 0.000001 0.000000
    63 0.000000 0.000000 0.000000 -1.570796 0.000001 0.000000
    64 0.000000 0.000000 0.000001 3.141593 0.000000 0.000000
    65 0.000000 0.000000 0.000000 3.141593 0.000000 0.000000
    66 0.000001 -0.000001 0.000002 3.141592 0.000000 0.000000
    67 0.000000 10.000002 -0.000005 -1.570796 0.000000 -1.570796
    68 0.000000 10.000002 -0.000005 -1.570796 0.000000 -1.570796
    69 0.000000 0.000005 -0.000003 -1.570796 0.000000 -1.570796
    70 -0.000002 0.000006 -0.500010 -1.570796 0.000000 -1.570796
    71 -0.000004 0.000000 -0.000002 -1.570796 0.000000 0.000000
    72 0.000000 0.000000 0.000000 -1.570796 0.000000 0.000000
    73 0.000000 0.000000 0.000000 -1.570796 0.000000 0.000000
    74 -0.000002 0.000000 0.000000 -1.570796 0.000000 0.000000
    75 0.000002 0.000000 0.000000 -1.570796 0.000000 0.000000
    76 0.000006 0.000000 0.000000 -1.570796 0.000000 0.000000
    77 0.000001 0.000000 0.000000 -1.570796 0.000000 0.000000
    78 0.000000 0.000000 0.000000 -1.570796 0.000000 0.000000
    79 0.000003 0.000000 0.000000 -1.570796 0.000000 0.000000
    80 0.000000 0.000000 0.000000 -1.570796 0.000000 0.000000
    81 0.000002 0.000000 -0.000001 -1.570796 0.000000 0.000000
    82 0.000000 0.000000 0.000000 -1.570796 0.000000 0.000000
    83 0.000000 0.000000 -0.000003 0.000000 0.000000 0.000000
    84 0.000000 0.000000 0.000000 0.000000 0.000000 0.000000
    85 0.000000 0.000001 -0.000001 0.000000 0.000000 0.000000
  time 115
    0 -7.736055 -1.396126 -11.163262 -1.184262 0.548333 -6.649252
    1 0.026867 -11.331078 -0.000002 0.231296 -0.047736 0.376654
    2 0.000000 -0.570801 0.000000 0.000000 0.000000 0.000000
    3 -0.523475 0.288004 0.586913 0.167621 -0.642952 -2.577269
    4 2.276719 -0.120318 -0.000001 0.000000 0.000000 0.157245
    5 1.069446 0.056463 0.000000 0.000000 0.000000 0.848230
    6 -1.355754 -2.286684 -0.142105 0.000000 -0.022762 -1.638864
    7 1.730202 -0.000584 0.000001 0.000000 -0.341975 0.005236
    8 1.203226 -0.010942 0.000001 0.000000 -0.511953 0.000000
    9 -0.430529 -2.478479 -0.142105 -0.078781 -0.251467 -1.438101
    10 1.929139 0.004627 0.000003 -3.141592 -1.467438 -3.141593
    11 1.413089 0.008475 0.000000 0.000000 -1.173685 0.020944
    12 0.376671 -2.160851 -0.146011 -0.056440 -0.186929 -1.438314
    13 1.952478 0.053687 0.000000 -0.000001 -1.532105 -0.010473
    14 1.365878 0.003407 0.000000 0.000001 -1.289728 0.005236
    15 1.194772 -1.655615 -0.146012 0.000000 -0.277708 -1.445133
    16 1.674395 0.018204 -0.000001 0.000000 -0.601362 -0.005236
    17 1.089296 -0.001050 -0.000001 0.000000 -1.464512 0.000000
    18 7.078072 3.510408 -10.595407 -2.242733 -1.105833 1.701160
    19 -0.295538 -11.160193 0.000002 0.507090 0.750567 -0.218602
    20 0.288086 -4.437500 0.926270 0.080103 -1.549641 -0.151666
    21 0.000001 2.791016 0.898926 0.000000 0.000000 0.000000
    22 0.000000 -0.087891 2.902344 0.000000 0.000000 0.000000
    23 -0.487059 -4.492466 0.847817 0.951388 1.483978 1.008721
    24 0.000000 2.901287 1.065260 0.000000 0.000000 0.000000
    25 0.000000 -1.571502 2.901285 0.000000 0.000000 0.000000
    26 -0.021851 -0.544922 0.000003 0.000000 0.000000 0.000000
    27 0.581406 0.235277 0.586107 0.273201 -0.638962 -1.107174
    28 2.306785 0.010602 0.000001 0.000000 0.000000 -0.464694
    29 1.234327 -0.010016 -0.000001 0.000000 0.000000 -0.486735
    30 1.420898 -2.332031 -0.171143 0.000000 -0.052360 -1.523672
    31 1.706055 0.018570 0.000001 0.000000 -0.376991 -0.005236
    32 1.168945 -0.007069 0.000002 0.000000 -0.612611 0.010472
    33 0.511719 -2.587891 -0.171143 0.068179 -0.280440 -1.750247
    34 1.835938 0.009178 0.000000 -3.141591 -1.523670 -3.131118
    35 1.439453 0.012909 0.000000 0.000000 -1.099558 0.005236
    36 -0.359256 -2.261720 -0.168329 0.017968 -0.224442 -1.724665
    37 1.887695 -0.005322 0.000002 0.000002 -1.544617 0.036656
    38 1.373080 -0.010806 0.000002 0.000000 -1.130973 0.010472
    39 -1.195313 -1.695313 -0.171143 0.000000 -0.235619 -1.685988
    40 1.688477 -0.013481 0.000001 0.000000 -0.753982 0.005229
    41 1.072266 0.022156 -0.000002 0.000000 -1.371829 -0.010472
    42 -0.101566 -0.968337 -2.217677 0.075203 0.084072 0.014993
    43 0.000000 -3.702027 1.590397 0.000000 0.000000 0.000000
    44 0.000001 -1.269191 2.096640 0.000000 0.000000 0.000000
    45 0.000001 -1.329102 2.132813 0.000000 0.000000 0.000000
    46 0.000001 -2.109375 1.572266 0.000000 0.000000 0.000000
    47 0.000001 -3.742188 1.536133 0.000000 0.000000 0.000000
    48 0.500002 9.999993 0.000002 -1.570796 0.000000 -1.570796
    49 0.500002 9.999993 0.000002 -1.570796 0.000000 -1.570796
    50 0.000000 0.000005 0.000001 -1.570796 0.000000 -1.570796
    51 0.000001 0.000003 -0.500010 -1.570796 0.000000 -1.570796
    52 -0.000001 0.000000 -0.000002 -1.570796 0.000000 0.000000
    53 0.000000 0.000000 0.000000 -1.570797 0.000000 0.000000
    54 0.000001 0.000000 0.000000 -1.570796 0.000000 0.000000
    55 0.000000 0.000000 0.000002 -1.570796 0.000000 0.000000
    56 -0.000003 0.000000 0.000001 -1.570796 0.000000 0.000000
    57 0.000000 0.000000 0.000000 -1.570796 0.000000 0.000000
    58 0.000000 0.000000 -0.000002 -1.570796 0.000000 0.000000
    59 0.000000 0.000000 0.000001 -1.570796 0.000000 0.000000
    60 -0.000003 0.000000 0.000000 -1.570796 0.000000 0.000000
    61 -0.000001 0.000000 0.000000 -1.570796 0.000000 0.000000
    62 0.000000 0.000000 0.000000 -1.570796 0.000001 0.000000
    63 0.000000 0.000000 0.000000 -1.570796 0.000001 0.000000
    64 0.000000 0.000000 0.000001 3.141593 0.000000 0.000000
    65 0.000000 0.000000 0.000000 3.141593 0.000000 0.000000
    66 0.000001 -0.000001 0.000002 3.141592 0.000000 0.000000
    67 0.000000 10.000002 -0.000005 -1.570796 0.000000 -1.570796
    68 0.000000 10.000002 -0.000005 -1.570796 0.000000 -1.570796
    69 0.000000 0.000005 -0.000003 -1.570796 0.000000 -1.570796
    70 -0.000002 0.000006 -0.500010 -1.570796 0.000000 -1.570796
    71 -0.000004 0.000000 -0.000002 -1.570796 0.000000 0.000000
    72 0.000000 0.000000 0.000000 -1.570796 0.000000 0.000000
    73 0.000000 0.000000 0.000000 -1.570796 0.000000 0.000000
    74 -0.000002 0.000000 0.000000 -1.570796 0.000000 0.000000
    75 0.000002 0.000000 0.000000 -1.570796 0.000000 0.000000
    76 0.000006 0.000000 0.000000 -1.570796 0.000000 0.000000
    77 0.000001 0.000000 0.000000 -1.570796 0.000000 0.000000
    78 0.000000 0.000000 0.000000 -1.570796 0.000000 0.000000
    79 0.000003 0.000000 0.000000 -1.570796 0.000000 0.000000
    80 0.000000 0.000000 0.000000 -1.570796 0.000000 0.000000
    81 0.000002 0.000000 -0.000001 -1.570796 0.000000 0.000000
    82 0.000000 0.000000 0.000000 -1.570796 0.000000 0.000000
    83 0.000000 0.000000 -0.000003 0.000000 0.000000 0.000000
    84 0.000000 0.000000 0.000000 0.000000 0.000000 0.000000
    85 0.000000 0.000001 -0.000001 0.000000 0.000000 0.000000
  time 116
    0 -7.739961 -1.403939 -11.155450 -1.185461 0.548960 -6.651551
    1 0.026867 -11.331078 -0.000002 0.226864 -0.030735 0.376879
    2 0.000000 -0.570801 0.000000 0.000000 0.000000 0.000000
    3 -0.523475 0.288004 0.590819 0.163643 -0.636800 -2.574477
    4 2.276719 -0.120318 -0.000001 0.000000 0.000000 0.164972
    5 1.069446 0.056463 0.000000 0.000000 0.000000 0.848230
    6 -1.355754 -2.286684 -0.142105 0.000000 -0.021785 -1.638864
    7 1.730202 -0.000584 0.000001 0.000000 -0.348098 0.005236
    8 1.203226 -0.010942 0.000001 0.000000 -0.518889 0.000000
    9 -0.430529 -2.478479 -0.142105 -0.078793 -0.251920 -1.438087
    10 1.925233 0.004627 0.000003 -3.141592 -1.470812 -3.141593
    11 1.416995 0.008475 0.000000 0.000000 -1.169580 0.020944
    12 0.376671 -2.160851 -0.146011 -0.056440 -0.186689 -1.438338
    13 1.952478 0.057593 0.000000 -0.000001 -1.529790 -0.010473
    14 1.361971 0.003407 0.000000 0.000001 -1.284931 0.005236
    15 1.194772 -1.655615 -0.138199 0.000000 -0.277057 -1.445133
    16 1.674395 0.018204 -0.000001 0.000000 -0.602019 -0.005236
    17 1.089296 -0.001050 -0.000001 0.000000 -1.459937 0.000000
    18 5.972570 2.690070 -9.950856 -1.835720 -1.078730 1.271131
    19 -0.295538 -11.160193 0.000002 0.643183 0.697397 -0.151220
    20 0.288086 -4.437500 0.926270 0.080103 -1.549641 -0.151666
    21 0.000001 2.791016 0.898926 0.000000 0.000000 0.000000
    22 0.000000 -0.087891 2.902344 0.000000 0.000000 0.000000
    23 -0.487059 -4.488559 0.847817 0.937235 1.485848 0.995429
    24 0.000000 2.901287 1.065260 0.000000 0.000000 0.000000
    25 0.000000 -1.571502 2.901285 0.000000 0.000000 0.000000
    26 -0.021851 -0.544922 0.000003 0.000000 0.000000 0.000000
    27 0.581406 0.235277 0.586107 0.274093 -0.634930 -1.105340
    28 2.306785 0.010602 0.000001 0.000000 0.000000 -0.463591
    29 1.238233 -0.010016 -0.000001 0.000000 0.000000 -0.500424
    30 1.420898 -2.332031 -0.171143 0.000000 -0.052360 -1.523672
    31 1.706055 0.018570 0.000001 0.000000 -0.376991 -0.005236
    32 1.168945 -0.007069 0.000002 0.000000 -0.612611 0.010472
    33 0.511719 -2.587891 -0.171143 0.068179 -0.280440 -1.750247
    34 1.835938 0.009178 0.000000 -3.141591 -1.523670 -3.131118
    35 1.439453 0.012909 0.000000 0.000000 -1.099558 0.005236
    36 -0.359256 -2.257814 -0.168329 0.017968 -0.224442 -1.724665
    37 1.887695 -0.005322 0.000002 0.000002 -1.544617 0.036656
    38 1.369174 -0.010806 0.000002 0.000000 -1.130973 0.010472
    39 -1.195313 -1.695313 -0.171143 0.000000 -0.235619 -1.685988
    40 1.688477 -0.013481 0.000001 0.000000 -0.753982 0.005229
    41 1.072266 0.022156 -0.000002 0.000000 -1.371829 -0.010472
    42 -0.042970 -1.581637 -0.155114 0.033593 0.037823 0.005872
    43 0.000000 -3.702027 1.590397 0.000000 0.000000 0.000000
    44 0.000001 -1.269191 2.096640 0.000000 0.000000 0.000000
    45 0.000001 -1.329102 2.132813 0.000000 0.000000 0.000000
    46 0.000001 -2.109375 1.572266 0.000000 0.000000 0.000000
    47 0.000001 -3.742188 1.536133 0.000000 0.000000 0.000000
    48 0.500002 9.999993 0.000002 -1.570796 0.000000 -1.570796
    49 0.500002 9.999993 0.000002 -1.570796 0.000000 -1.570796
    50 0.000000 0.000005 0.000001 -1.570796 0.000000 -1.570796
    51 0.000001 0.000003 -0.500010 -1.570796 0.000000 -1.570796
    52 -0.000001 0.000000 -0.000002 -1.570796 0.000000 0.000000
    53 0.000000 0.000000 0.000000 -1.570797 0.000000 0.000000
    54 0.000001 0.000000 0.000000 -1.570796 0.000000 0.000000
    55 0.000000 0.000000 0.000002 -1.570796 0.000000 0.000000
    56 -0.000003 0.000000 0.000001 -1.570796 0.000000 0.000000
    57 0.000000 0.000000 0.000000 -1.570796 0.000000 0.000000
    58 0.000000 0.000000 -0.000002 -1.570796 0.000000 0.000000
    59 0.000000 0.000000 0.000001 -1.570796 0.000000 0.000000
    60 -0.000003 0.000000 0.000000 -1.570796 0.000000 0.000000
    61 -0.000001 0.000000 0.000000 -1.570796 0.000000 0.000000
    62 0.000000 0.000000 0.000000 -1.570796 0.000001 0.000000
    63 0.000000 0.000000 0.000000 -1.570796 0.000001 0.000000
    64 0.000000 0.000000 0.000001 3.141593 0.000000 0.000000
    65 0.000000 0.000000 0.000000 3.141593 0.000000 0.000000
    66 0.000001 -0.000001 0.000002 3.141592 0.000000 0.000000
    67 0.000000 10.000002 -0.000005 -1.570796 0.000000 -1.570796
    68 0.000000 10.000002 -0.000005 -1.570796 0.000000 -1.570796
    69 0.000000 0.000005 -0.000003 -1.570796 0.000000 -1.570796
    70 -0.000002 0.000006 -0.500010 -1.570796 0.000000 -1.570796
    71 -0.000004 0.000000 -0.000002 -1.570796 0.000000 0.000000
    72 0.000000 0.000000 0.000000 -1.570796 0.000000 0.000000
    73 0.000000 0.000000 0.000000 -1.570796 0.000000 0.000000
    74 -0.000002 0.000000 0.000000 -1.570796 0.000000 0.000000
    75 0.000002 0.000000 0.000000 -1.570796 0.000000 0.000000
    76 0.000006 0.000000 0.000000 -1.570796 0.000000 0.000000
    77 0.000001 0.000000 0.000000 -1.570796 0.000000 0.000000
    78 0.000000 0.000000 0.000000 -1.570796 0.000000 0.000000
    79 0.000003 0.000000 0.000000 -1.570796 0.000000 0.000000
    80 0.000000 0.000000 0.000000 -1.570796 0.000000 0.000000
    81 0.000002 0.000000 -0.000001 -1.570796 0.000000 0.000000
    82 0.000000 0.000000 0.000000 -1.570796 0.000000 0.000000
    83 0.000000 0.000000 -0.000003 0.000000 0.000000 0.000000
    84 0.000000 0.000000 0.000000 0.000000 0.000000 0.000000
    85 0.000000 0.000001 -0.000001 0.000000 0.000000 0.000000
  time 117
    0 -7.798557 -1.388314 -11.124199 -1.187939 0.546049 -6.655766
    1 0.026867 -11.331078 -0.000002 0.253244 -0.046744 0.324625
    2 0.000000 -0.570801 0.000000 0.000000 0.000000 0.000000
    3 -0.523475 0.284097 0.590819 0.160506 -0.629861 -2.572309
    4 2.272813 -0.124224 -0.000001 0.000000 0.000000 0.173102
    5 1.069446 0.056463 0.000000 0.000000 0.000000 0.848230
    6 -1.355754 -2.286684 -0.142105 0.000000 -0.020766 -1.638864
    7 1.730202 -0.000584 0.000001 0.000000 -0.354267 0.005236
    8 1.195413 -0.010942 0.000001 0.000000 -0.525825 0.000000
    9 -0.430529 -2.478479 -0.142105 -0.078805 -0.252525 -1.438059
    10 1.925233 0.004627 0.000003 -3.141592 -1.474131 -3.141593
    11 1.416995 0.008475 0.000000 0.000000 -1.165474 0.020944
    12 0.376671 -2.160851 -0.146011 -0.056440 -0.186369 -1.438350
    13 1.956384 0.057593 0.000000 -0.000001 -1.527640 -0.010473
    14 1.365878 0.003407 0.000000 0.000001 -1.280091 0.005236
    15 1.194772 -1.655615 -0.142105 0.000000 -0.276297 -1.445133
    16 1.670489 0.018204 -0.000001 0.000000 -0.602758 -0.005236
    17 1.089296 -0.001050 -0.000001 0.000000 -1.455216 0.000000
    18 5.128794 1.975205 -9.376620 -1.596661 -0.999012 1.006260
    19 -0.295538 -11.156286 0.000002 0.721680 0.642689 -0.114411
    20 0.288086 -4.437500 0.926270 0.080103 -1.549641 -0.151666
    21 0.000001 2.791016 0.898926 0.000000 0.000000 0.000000
    22 0.000000 -0.087891 2.902344 0.000000 0.000000 0.000000
    23 -0.490966 -4.488559 0.836098 0.921100 1.487741 0.980190
    24 0.000000 2.901287 1.065260 0.000000 0.000000 0.000000
    25 0.000000 -1.571502 2.901285 0.000000 0.000000 0.000000
    26 -0.021851 -0.544922 0.000003 0.000000 0.000000 0.000000
    27 0.585312 0.239183 0.586107 0.274908 -0.630577 -1.103657
    28 2.306785 0.010602 0.000001 0.000000 0.000000 -0.462426
    29 1.238233 -0.010016 -0.000001 0.000000 0.000000 -0.514328
    30 1.420898 -2.332031 -0.171143 0.000000 -0.052360 -1.523672
    31 1.706055 0.018570 0.000001 0.000000 -0.376991 -0.005236
    32 1.168945 -0.007069 0.000002 0.000000 -0.612611 0.010472
    33 0.511719 -2.587891 -0.171143 0.068179 -0.280440 -1.750247
    34 1.835938 0.009178 0.000000 -3.141591 -1.523670 -3.131118
    35 1.439453 0.012909 0.000000 0.000000 -1.099558 0.005236
    36 -0.359256 -2.257814 -0.168329 0.017968 -0.224442 -1.724665
    37 1.887695 -0.005322 0.000002 0.000002 -1.544617 0.036656
    38 1.369174 -0.010806 0.000002 0.000000 -1.130973 0.010472
    39 -1.195313 -1.695313 -0.171143 0.000000 -0.235619 -1.685988
    40 1.688477 -0.013481 0.000001 0.000000 -0.753982 0.005229
    41 1.072266 0.022156 -0.000002 0.000000 -1.371829 -0.010472
    42 0.000000 -2.077746 1.567595 0.000000 0.000000 0.000000
    43 0.000000 -3.702027 1.590397 0.000000 0.000000 0.000000
    44 0.000001 -1.269191 2.096640 0.000000 0.000000 0.000000
    45 0.000001 -1.329102 2.132813 0.000000 0.000000 0.000000
    46 0.000001 -2.109375 1.572266 0.000000 0.000000 0.000000
    47 0.000001 -3.742188 1.536133 0.000000 0.000000 0.000000
    48 0.500002 9.999993 0.000002 -1.570796 0.000000 -1.570796
    49 0.500002 9.999993 0.000002 -1.570796 0.000000 -1.570796
    50 0.000000 0.000005 0.000001 -1.570796 0.000000 -1.570796
    51 0.000001 0.000003 -0.500010 -1.570796 0.000000 -1.570796
    52 -0.000001 0.000000 -0.000002 -1.570796 0.000000 0.000000
    53 0.000000 0.000000 0.000000 -1.570797 0.000000 0.000000
    54 0.000001 0.000000 0.000000 -1.570796 0.000000 0.000000
    55 0.000000 0.000000 0.000002 -1.570796 0.000000 0.000000
    56 -0.000003 0.000000 0.000001 -1.570796 0.000000 0.000000
    57 0.000000 0.000000 0.000000 -1.570796 0.000000 0.000000
    58 0.000000 0.000000 -0.000002 -1.570796 0.000000 0.000000
    59 0.000000 0.000000 0.000001 -1.570796 0.000000 0.000000
    60 -0.000003 0.000000 0.000000 -1.570796 0.000000 0.000000
    61 -0.000001 0.000000 0.000000 -1.570796 0.000000 0.000000
    62 0.000000 0.000000 0.000000 -1.570796 0.000001 0.000000
    63 0.000000 0.000000 0.000000 -1.570796 0.000001 0.000000
    64 0.000000 0.000000 0.000001 3.141593 0.000000 0.000000
    65 0.000000 0.000000 0.000000 3.141593 0.000000 0.000000
    66 0.000001 -0.000001 0.000002 3.141592 0.000000 0.000000
    67 0.000000 10.000002 -0.000005 -1.570796 0.000000 -1.570796
    68 0.000000 10.000002 -0.000005 -1.570796 0.000000 -1.570796
    69 0.000000 0.000005 -0.000003 -1.570796 0.000000 -1.570796
    70 -0.000002 0.000006 -0.500010 -1.570796 0.000000 -1.570796
    71 -0.000004 0.000000 -0.000002 -1.570796 0.000000 0.000000
    72 0.000000 0.000000 0.000000 -1.570796 0.000000 0.000000
    73 0.000000 0.000000 0.000000 -1.570796 0.000000 0.000000
    74 -0.000002 0.000000 0.000000 -1.570796 0.000000 0.000000
    75 0.000002 0.000000 0.000000 -1.570796 0.000000 0.000000
    76 0.000006 0.000000 0.000000 -1.570796 0.000000 0.000000
    77 0.000001 0.000000 0.000000 -1.570796 0.000000 0.000000
    78 0.000000 0.000000 0.000000 -1.570796 0.000000 0.000000
    79 0.000003 0.000000 0.000000 -1.570796 0.000000 0.000000
    80 0.000000 0.000000 0.000000 -1.570796 0.000000 0.000000
    81 0.000002 0.000000 -0.000001 -1.570796 0.000000 0.000000
    82 0.000000 0.000000 0.000000 -1.570796 0.000000 0.000000
    83 0.000000 0.000000 -0.000003 0.000000 0.000000 0.000000
    84 0.000000 0.000000 0.000000 0.000000 0.000000 0.000000
    85 0.000000 0.000001 -0.000001 0.000000 0.000000 0.000000
  time 118
    0 -7.915748 -1.341437 -11.049978 -1.191457 0.538347 -6.662663
    1 0.026867 -11.331078 -0.000002 0.340820 -0.128083 0.186707
    2 0.000000 -0.570801 0.000000 0.000000 0.000000 0.000000
    3 -0.519569 0.284097 0.590819 0.158345 -0.622090 -2.570634
    4 2.272813 -0.128130 -0.000001 0.000000 0.000000 0.181467
    5 1.069446 0.056463 0.000000 0.000000 0.000000 0.848230
    6 -1.351848 -2.286684 -0.142105 0.000000 -0.019747 -1.638864
    7 1.730202 -0.000584 0.000001 0.000000 -0.360436 0.005236
    8 1.199319 -0.010942 0.000001 0.000000 -0.532872 0.000000
    9 -0.430529 -2.478479 -0.142105 -0.078817 -0.253230 -1.437990
    10 1.925233 0.004627 0.000003 -3.141592 -1.477339 -3.141593
    11 1.413089 0.008475 0.000000 0.000000 -1.161369 0.020944
    12 0.376671 -2.160851 -0.146011 -0.056440 -0.186129 -1.438362
    13 1.956384 0.053687 0.000000 -0.000001 -1.525381 -0.010473
    14 1.361971 0.003407 0.000000 0.000001 -1.275251 0.005236
    15 1.194772 -1.659521 -0.146012 0.000000 -0.275646 -1.445133
    16 1.674395 0.018204 -0.000001 0.000000 -0.603552 -0.005236
    17 1.089296 -0.001050 -0.000001 0.000000 -1.450690 0.000000
    18 4.706906 1.635350 -8.993796 -1.514751 -0.970753 0.898496
    19 -0.295538 -11.160193 0.000002 0.741071 0.629440 -0.091538
    20 0.288086 -4.437500 0.926270 0.080103 -1.549641 -0.151666
    21 0.000001 2.791016 0.898926 0.000000 0.000000 0.000000
    22 0.000000 -0.087891 2.902344 0.000000 0.000000 0.000000
    23 -0.490966 -4.492466 0.840004 0.902801 1.489863 0.963227
    24 0.000000 2.901287 1.065260 0.000000 0.000000 0.000000
    25 0.000000 -1.571502 2.901285 0.000000 0.000000 0.000000
    26 -0.021851 -0.544922 0.000003 0.000000 0.000000 0.000000
    27 0.585312 0.235277 0.586107 0.275677 -0.625890 -1.101583
    28 2.306785 0.010602 0.000001 0.000000 0.000000 -0.461262
    29 1.234327 -0.010016 -0.000001 0.000000 0.000000 -0.528508
    30 1.420898 -2.332031 -0.171143 0.000000 -0.052360 -1.523672
    31 1.706055 0.018570 0.000001 0.000000 -0.376991 -0.005236
    32 1.168945 -0.007069 0.000002 0.000000 -0.612611 0.010472
    33 0.511719 -2.587891 -0.171143 0.068179 -0.280440 -1.750247
    34 1.835938 0.009178 0.000000 -3.141591 -1.523670 -3.131118
    35 1.439453 0.012909 0.000000 0.000000 -1.099558 0.005236
    36 -0.359256 -2.261720 -0.168329 0.017968 -0.224442 -1.724665
    37 1.887695 -0.005322 0.000002 0.000002 -1.544617 0.036656
    38 1.369174 -0.010806 0.000002 0.000000 -1.130973 0.010472
    39 -1.195313 -1.695313 -0.171143 0.000000 -0.235619 -1.685988
    40 1.688477 -0.013481 0.000001 0.000000 -0.753982 0.005229
    41 1.072266 0.022156 -0.000002 0.000000 -1.371829 -0.010472
    42 0.000000 -2.077746 1.571501 -0.001043 -0.001151 -0.000156
    43 0.000000 -3.702027 1.590397 0.000000 0.000000 0.000000
    44 0.000001 -1.269191 2.096640 0.000000 0.000000 0.000000
    45 0.000001 -1.329102 2.132813 0.000000 0.000000 0.000000
    46 0.000001 -2.109375 1.572266 0.000000 0.000000 0.000000
    47 0.000001 -3.742188 1.536133 0.000000 0.000000 0.000000
    48 0.500002 9.999993 0.000002 -1.570796 0.000000 -1.570796
    49 0.500002 9.999993 0.000002 -1.570796 0.000000 -1.570796
    50 0.000000 0.000005 0.000001 -1.570796 0.000000 -1.570796
    51 0.000001 0.000003 -0.500010 -1.570796 0.000000 -1.570796
    52 -0.000001 0.000000 -0.000002 -1.570796 0.000000 0.000000
    53 0.000000 0.000000 0.000000 -1.570797 0.000000 0.000000
    54 0.000001 0.000000 0.000000 -1.570796 0.000000 0.000000
    55 0.000000 0.000000 0.000002 -1.570796 0.000000 0.000000
    56 -0.000003 0.000000 0.000001 -1.570796 0.000000 0.000000
    57 0.000000 0.000000 0.000000 -1.570796 0.000000 0.000000
    58 0.000000 0.000000 -0.000002 -1.570796 0.000000 0.000000
    59 0.000000 0.000000 0.000001 -1.570796 0.000000 0.000000
    60 -0.000003 0.000000 0.000000 -1.570796 0.000000 0.000000
    61 -0.000001 0.000000 0.000000 -1.570796 0.000000 0.000000
    62 0.000000 0.000000 0.000000 -1.570796 0.000001 0.000000
    63 0.000000 0.000000 0.000000 -1.570796 0.000001 0.000000
    64 0.000000 0.000000 0.000001 3.141593 0.000000 0.000000
    65 0.000000 0.000000 0.000000 3.141593 0.000000 0.000000
    66 0.000001 -0.000001 0.000002 3.141592 0.000000 0.000000
    67 0.000000 10.000002 -0.000005 -1.570796 0.000000 -1.570796
    68 0.000000 10.000002 -0.000005 -1.570796 0.000000 -1.570796
    69 0.000000 0.000005 -0.000003 -1.570796 0.000000 -1.570796
    70 -0.000002 0.000006 -0.500010 -1.570796 0.000000 -1.570796
    71 -0.000004 0.000000 -0.000002 -1.570796 0.000000 0.000000
    72 0.000000 0.000000 0.000000 -1.570796 0.000000 0.000000
    73 0.000000 0.000000 0.000000 -1.570796 0.000000 0.000000
    74 -0.000002 0.000000 0.000000 -1.570796 0.000000 0.000000
    75 0.000002 0.000000 0.000000 -1.570796 0.000000 0.000000
    76 0.000006 0.000000 0.000000 -1.570796 0.000000 0.000000
    77 0.000001 0.000000 0.000000 -1.570796 0.000000 0.000000
    78 0.000000 0.000000 0.000000 -1.570796 0.000000 0.000000
    79 0.000003 0.000000 0.000000 -1.570796 0.000000 0.000000
    80 0.000000 0.000000 0.000000 -1.570796 0.000000 0.000000
    81 0.000002 0.000000 -0.000001 -1.570796 0.000000 0.000000
    82 0.000000 0.000000 0.000000 -1.570796 0.000000 0.000000
    83 0.000000 0.000000 -0.000003 0.000000 0.000000 0.000000
    84 0.000000 0.000000 0.000000 0.000000 0.000000 0.000000
    85 0.000000 0.000001 -0.000001 0.000000 0.000000 0.000000
  time 119
    0 -8.118879 -1.267216 -10.944506 -1.199131 0.506195 -6.677990
    1 0.026867 -11.331078 -0.000002 0.413079 -0.170847 0.074916
    2 0.000000 -0.570801 0.000000 0.000000 0.000000 0.000000
    3 -0.523475 0.284097 0.590819 0.157214 -0.613457 -2.569780
    4 2.276719 -0.124224 -0.000001 0.000000 0.000000 0.190101
    5 1.069446 0.056463 0.000000 0.000000 0.000000 0.848230
    6 -1.355754 -2.282777 -0.142105 0.000000 -0.018770 -1.638864
    7 1.734108 -0.000584 0.000001 0.000000 -0.366606 0.005236
    8 1.203226 -0.010942 0.000001 0.000000 -0.539836 0.000000
    9 -0.430529 -2.478479 -0.142105 -0.078829 -0.253634 -1.437962
    10 1.925233 0.004627 0.000003 -3.141592 -1.480603 -3.141593
    11 1.416995 0.008475 0.000000 0.000000 -1.157263 0.020944
    12 0.376671 -2.160851 -0.149917 -0.056428 -0.185889 -1.438385
    13 1.952478 0.057593 0.000000 -0.000001 -1.522956 -0.010473
    14 1.365878 0.003407 0.000000 0.000001 -1.270411 0.005236
    15 1.186960 -1.659521 -0.138199 0.000000 -0.274922 -1.445133
    16 1.674395 0.018204 -0.000001 0.000000 -0.604291 -0.005236
    17 1.089296 -0.001050 -0.000001 0.000000 -1.445969 0.000000
    18 4.605341 1.428313 -8.642223 -1.539079 -0.979100 0.897185
    19 -0.291631 -11.160193 0.000002 0.721284 0.629688 -0.091412
    20 0.288086 -4.437500 0.926270 0.080103 -1.549641 -0.151666
    21 0.000001 2.791016 0.898926 0.000000 0.000000 0.000000
    22 0.000000 -0.087891 2.902344 0.000000 0.000000 0.000000
    23 -0.490966 -4.484653 0.847817 0.882879 1.492008 0.944263
    24 0.000000 2.901287 1.065260 0.000000 0.000000 0.000000
    25 0.000000 -1.571502 2.901285 0.000000 0.000000 0.000000
    26 -0.021851 -0.544922 0.000003 0.000000 0.000000 0.000000
    27 0.581406 0.239183 0.586107 0.276415 -0.620790 -1.099539
    28 2.306785 0.010602 0.000001 0.000000 0.000000 -0.460097
    29 1.234327 -0.010016 -0.000001 0.000000 0.000000 -0.542995
    30 1.420898 -2.332031 -0.171143 0.000000 -0.052360 -1.523672
    31 1.706055 0.018570 0.000001 0.000000 -0.376991 -0.005236
    32 1.168945 -0.007069 0.000002 0.000000 -0.612611 0.010472
    33 0.511719 -2.587891 -0.171143 0.068179 -0.280440 -1.750247
    34 1.835938 0.009178 0.000000 -3.141591 -1.523670 -3.131118
    35 1.439453 0.012909 0.000000 0.000000 -1.099558 0.005236
    36 -0.359256 -2.257814 -0.168329 0.017968 -0.224442 -1.724665
    37 1.887695 -0.005322 0.000002 0.000002 -1.544617 0.036656
    38 1.369174 -0.010806 0.000002 0.000000 -1.130973 0.010472
    39 -1.195313 -1.695313 -0.171143 0.000000 -0.235619 -1.685988
    40 1.688477 -0.013481 0.000001 0.000000 -0.753982 0.005229
    41 1.072266 0.022156 -0.000002 0.000000 -1.371829 -0.010472
    42 0.000000 -2.077746 1.567595 -0.003787 -0.004303 -0.000539
    43 0.000000 -3.702027 1.590397 0.000000 0.000000 0.000000
    44 0.000001 -1.269191 2.096640 0.000000 0.000000 0.000000
    45 0.000001 -1.329102 2.132813 0.000000 0.000000 0.000000
    46 0.000001 -2.109375 1.572266 0.000000 0.000000 0.000000
    47 0.000001 -3.742188 1.536133 0.000000 0.000000 0.000000
    48 0.500002 9.999993 0.000002 -1.570796 0.000000 -1.570796
    49 0.500002 9.999993 0.000002 -1.570796 0.000000 -1.570796
    50 0.000000 0.000005 0.000001 -1.570796 0.000000 -1.570796
    51 0.000001 0.000003 -0.500010 -1.570796 0.000000 -1.570796
    52 -0.000001 0.000000 -0.000002 -1.570796 0.000000 0.000000
    53 0.000000 0.000000 0.000000 -1.570797 0.000000 0.000000
    54 0.000001 0.000000 0.000000 -1.570796 0.000000 0.000000
    55 0.000000 0.000000 0.000002 -1.570796 0.000000 0.000000
    56 -0.000003 0.000000 0.000001 -1.570796 0.000000 0.000000
    57 0.000000 0.000000 0.000000 -1.570796 0.000000 0.000000
    58 0.000000 0.000000 -0.000002 -1.570796 0.000000 0.000000
    59 0.000000 0.000000 0.000001 -1.570796 0.000000 0.000000
    60 -0.000003 0.000000 0.000000 -1.570796 0.000000 0.000000
    61 -0.000001 0.000000 0.000000 -1.570796 0.000000 0.000000
    62 0.000000 0.000000 0.000000 -1.570796 0.000001 0.000000
    63 0.000000 0.000000 0.000000 -1.570796 0.000001 0.000000
    64 0.000000 0.000000 0.000001 3.141593 0.000000 0.000000
    65 0.000000 0.000000 0.000000 3.141593 0.000000 0.000000
    66 0.000001 -0.000001 0.000002 3.141592 0.000000 0.000000
    67 0.000000 10.000002 -0.000005 -1.570796 0.000000 -1.570796
    68 0.000000 10.000002 -0.000005 -1.570796 0.000000 -1.570796
    69 0.000000 0.000005 -0.000003 -1.570796 0.000000 -1.570796
    70 -0.000002 0.000006 -0.500010 -1.570796 0.000000 -1.570796
    71 -0.000004 0.000000 -0.000002 -1.570796 0.000000 0.000000
    72 0.000000 0.000000 0.000000 -1.570796 0.000000 0.000000
    73 0.000000 0.000000 0.000000 -1.570796 0.000000 0.000000
    74 -0.000002 0.000000 0.000000 -1.570796 0.000000 0.000000
    75 0.000002 0.000000 0.000000 -1.570796 0.000000 0.000000
    76 0.000006 0.000000 0.000000 -1.570796 0.000000 0.000000
    77 0.000001 0.000000 0.000000 -1.570796 0.000000 0.000000
    78 0.000000 0.000000 0.000000 -1.570796 0.000000 0.000000
    79 0.000003 0.000000 0.000000 -1.570796 0.000000 0.000000
    80 0.000000 0.000000 0.000000 -1.570796 0.000000 0.000000
    81 0.000002 0.000000 -0.000001 -1.570796 0.000000 0.000000
    82 0.000000 0.000000 0.000000 -1.570796 0.000000 0.000000
    83 0.000000 0.000000 -0.000003 0.000000 0.000000 0.000000
    84 0.000000 0.000000 0.000000 0.000000 0.000000 0.000000
    85 0.000000 0.000001 -0.000001 0.000000 0.000000 0.000000
  time 120
    0 -8.310291 -1.189089 -10.842940 -1.205925 0.470058 -6.692933
    1 0.026867 -11.331078 -0.000002 0.386097 -0.126678 0.099842
    2 0.000000 -0.570313 0.000000 0.000000 0.000000 0.000000
    3 -0.519569 0.280191 0.586913 0.169542 -0.586934 -2.584725
    4 2.276719 -0.124224 -0.000001 0.000000 0.000000 0.225443
    5 1.069446 0.056463 0.000000 0.000000 0.000000 0.848230
    6 -1.355754 -2.282777 -0.142105 0.000000 -0.017751 -1.638864
    7 1.730202 -0.000584 0.000001 0.000000 -0.372822 0.005236
    8 1.203226 -0.010942 0.000001 0.000000 -0.546883 0.000000
    9 -0.430529 -2.482385 -0.142105 -0.078841 -0.254238 -1.437893
    10 1.929139 0.004627 0.000003 -3.141592 -1.483977 -3.141593
    11 1.416995 0.008475 0.000000 0.000000 -1.153201 0.020944
    12 0.384484 -2.160851 -0.146011 -0.056428 -0.185609 -1.438397
    13 1.952478 0.057593 0.000000 -0.000001 -1.520917 -0.010473
    14 1.365878 0.003407 0.000000 0.000001 -1.265614 0.005236
    15 1.194772 -1.655615 -0.138199 0.000000 -0.274271 -1.445133
    16 1.674395 0.018204 -0.000001 0.000000 -0.605002 -0.005236
    17 1.089296 -0.001050 -0.000001 0.000000 -1.441394 0.000000
    18 4.648311 1.264245 -8.450810 -1.617702 -1.001144 0.963473
    19 -0.295538 -11.160193 0.000002 0.666351 0.637826 -0.105272
    20 0.288086 -4.437500 0.926270 0.080103 -1.549641 -0.151666
    21 0.000000 2.791016 0.898926 0.000000 0.000000 0.000000
    22 0.000000 -0.089959 2.901283 0.000000 0.000000 0.000000
    23 -0.490966 -4.488559 0.847817 0.860884 1.494165 0.923240
    24 -0.000001 2.900391 1.067383 0.000000 0.000000 0.000000
    25 0.000000 -1.571289 2.900391 0.000000 0.000000 0.000000
    26 -0.021851 -0.545410 0.000000 0.000000 0.000000 0.000000
    27 0.585312 0.235277 0.586107 0.277107 -0.615380 -1.097435
    28 2.306785 0.010602 0.000001 0.000000 0.000000 -0.458947
    29 1.234327 -0.010016 -0.000001 0.000000 0.000000 -0.557789
    30 1.419922 -2.332031 -0.171265 0.000000 -0.052360 -1.523672
    31 1.706055 0.018570 0.000000 0.000000 -0.376991 -0.005236
    32 1.171875 -0.007080 0.000000 0.000000 -0.612611 0.010472
    33 0.511719 -2.587891 -0.171265 0.068179 -0.280440 -1.750247
    34 1.837891 0.009186 0.000000 -3.141591 -1.523670 -3.131118
    35 1.438477 0.012917 -0.000004 0.000000 -1.099558 0.005236
    36 -0.359256 -2.269533 -0.168329 0.017968 -0.224442 -1.724665
    37 1.888672 -0.005322 0.000002 0.000002 -1.544617 0.036656
    38 1.373047 -0.013489 -0.000001 0.000000 -1.130973 0.010472
    39 -1.195313 -1.695313 -0.171265 0.000000 -0.235619 -1.685988
    40 1.687500 -0.013489 -0.000001 0.000000 -0.753982 0.005229
    41 1.072266 0.022156 -0.000002 0.000000 -1.371829 -0.010472
    42 0.000000 -2.077746 1.571501 -0.006807 -0.007790 -0.001055
    43 0.000000 -3.707031 1.591797 0.000000 0.000000 0.000000
    44 0.000000 -1.273438 2.095703 0.000000 0.000000 0.000000
    45 0.000001 -1.327148 2.134766 0.000000 0.000000 0.000000
    46 0.000001 -2.111328 1.572266 0.000000 0.000000 0.000000
    47 0.000001 -3.744141 1.534180 0.000000 0.000000 0.000000
    48 0.500002 9.999993 0.000002 -1.570796 0.000000 -1.570796
    49 0.500002 9.999993 0.000002 -1.570796 0.000000 -1.570796
    50 0.000000 0.000005 0.000001 -1.570796 0.000000 -1.570796
    51 0.000001 0.000003 -0.500010 -1.570796 0.000000 -1.570796
    52 -0.000001 0.000000 -0.000002 -1.570796 0.000000 0.000000
    53 0.000000 0.000000 0.000000 -1.570797 0.000000 0.000000
    54 0.000001 0.000000 0.000000 -1.570796 0.000000 0.000000
    55 0.000000 0.000000 0.000002 -1.570796 0.000000 0.000000
    56 -0.000003 0.000000 0.000001 -1.570796 0.000000 0.000000
    57 0.000000 0.000000 0.000000 -1.570796 0.000000 0.000000
    58 0.000000 0.000000 -0.000002 -1.570796 0.000000 0.000000
    59 0.000000 0.000000 0.000001 -1.570796 0.000000 0.000000
    60 -0.000003 0.000000 0.000000 -1.570796 0.000000 0.000000
    61 -0.000001 0.000000 0.000000 -1.570796 0.000000 0.000000
    62 0.000000 0.000000 0.000000 -1.570796 0.000001 0.000000
    63 0.000000 0.000000 0.000000 -1.570796 0.000001 0.000000
    64 0.000000 0.000000 0.000001 3.141593 0.000000 0.000000
    65 0.000000 0.000000 0.000000 3.141593 0.000000 0.000000
    66 0.000001 -0.000001 0.000002 3.141592 0.000000 0.000000
    67 0.000000 10.000002 -0.000005 -1.570796 0.000000 -1.570796
    68 0.000000 10.000002 -0.000005 -1.570796 0.000000 -1.570796
    69 0.000000 0.000005 -0.000003 -1.570796 0.000000 -1.570796
    70 -0.000002 0.000006 -0.500010 -1.570796 0.000000 -1.570796
    71 -0.000004 0.000000 -0.000002 -1.570796 0.000000 0.000000
    72 0.000000 0.000000 0.000000 -1.570796 0.000000 0.000000
    73 0.000000 0.000000 0.000000 -1.570796 0.000000 0.000000
    74 -0.000002 0.000000 0.000000 -1.570796 0.000000 0.000000
    75 0.000002 0.000000 0.000000 -1.570796 0.000000 0.000000
    76 0.000006 0.000000 0.000000 -1.570796 0.000000 0.000000
    77 0.000001 0.000000 0.000000 -1.570796 0.000000 0.000000
    78 0.000000 0.000000 0.000000 -1.570796 0.000000 0.000000
    79 0.000003 0.000000 0.000000 -1.570796 0.000000 0.000000
    80 0.000000 0.000000 0.000000 -1.570796 0.000000 0.000000
    81 0.000002 0.000000 -0.000001 -1.570796 0.000000 0.000000
    82 0.000000 0.000000 0.000000 -1.570796 0.000000 0.000000
    83 0.000000 0.000000 -0.000003 0.000000 0.000000 0.000000
    84 0.000000 0.000000 0.000000 0.000000 0.000000 0.000000
    85 0.000000 0.000001 -0.000001 0.000000 0.000000 0.000000
  time 121
    0 -8.361074 -1.239872 -10.807783 -1.206085 0.468938 -6.693604
    1 0.026867 -11.331078 -0.000002 0.328233 -0.051924 0.170265
    2 0.000000 -0.570313 0.000000 0.000000 0.000000 0.000000
    3 -0.523475 0.284097 0.586913 0.189260 -0.515329 -2.610213
    4 2.276719 -0.120318 -0.000001 0.000000 0.000000 0.314033
    5 1.069446 0.056463 0.000000 0.000000 0.000000 0.848230
    6 -1.355754 -2.282777 -0.142105 0.000000 -0.016647 -1.638864
    7 1.734108 -0.000584 0.000001 0.000000 -0.379101 0.005236
    8 1.199319 -0.010942 0.000001 0.000000 -0.554013 0.000000
    9 -0.430529 -2.478479 -0.142105 -0.078853 -0.254792 -1.437865
    10 1.925233 0.004627 0.000003 -3.141592 -1.487185 -3.141593
    11 1.416995 0.008475 0.000000 0.000000 -1.149182 0.020944
    12 0.384484 -2.160851 -0.146011 -0.056428 -0.185369 -1.438409
    13 1.952478 0.053687 0.000000 -0.000001 -1.518602 -0.010473
    14 1.361971 0.003407 0.000000 0.000001 -1.260860 0.005236
    15 1.194772 -1.659521 -0.138199 0.000000 -0.273620 -1.445133
    16 1.674395 0.018204 -0.000001 0.000000 -0.605659 -0.005236
    17 1.089296 -0.001050 -0.000001 0.000000 -1.436819 0.000000
    18 4.667843 1.037676 -8.548470 -1.654148 -0.999012 1.006260
    19 -0.295538 -11.160193 0.000002 0.590911 0.642689 -0.114411
    20 0.288086 -4.437500 0.926270 0.080103 -1.549641 -0.151666
    21 0.000000 2.791016 0.898926 0.000000 0.000000 0.000000
    22 0.000000 -0.089959 2.893470 0.000000 0.000000 0.000000
    23 -0.487059 -4.492466 0.847817 0.836635 1.496382 0.900438
    24 -0.000001 2.900391 1.067383 0.000000 0.000000 0.000000
    25 0.000000 -1.571289 2.900391 0.000000 0.000000 0.000000
    26 -0.021851 -0.545410 0.000000 0.000000 0.000000 0.000000
    27 0.581406 0.235277 0.586107 0.277784 -0.609649 -1.095000
    28 2.306785 0.010602 0.000001 0.000000 0.000000 -0.457845
    29 1.238233 -0.010016 -0.000001 0.000000 0.000000 -0.572890
    30 1.419922 -2.332031 -0.171265 0.000000 -0.052360 -1.523672
    31 1.706055 0.018570 0.000000 0.000000 -0.376991 -0.005236
    32 1.171875 -0.007080 0.000000 0.000000 -0.612611 0.010472
    33 0.511719 -2.587891 -0.171265 0.068179 -0.280440 -1.750247
    34 1.837891 0.009186 0.000000 -3.141591 -1.523670 -3.131118
    35 1.438477 0.012917 -0.000004 0.000000 -1.099558 0.005236
    36 -0.359256 -2.265626 -0.168329 0.017968 -0.224442 -1.724665
    37 1.888672 -0.005322 0.000002 0.000002 -1.544617 0.036656
    38 1.373047 -0.013489 -0.000001 0.000000 -1.130973 0.010472
    39 -1.195313 -1.695313 -0.171265 0.000000 -0.235619 -1.685988
    40 1.687500 -0.013489 -0.000001 0.000000 -0.753982 0.005229
    41 1.072266 0.022156 -0.000002 0.000000 -1.371829 -0.010472
    42 0.000000 -2.077746 1.571501 -0.009060 -0.010367 -0.001330
    43 0.000000 -3.707031 1.591797 0.000000 0.000000 0.000000
    44 0.000000 -1.273438 2.095703 0.000000 0.000000 0.000000
    45 0.000001 -1.327148 2.134766 0.000000 0.000000 0.000000
    46 0.000001 -2.111328 1.572266 0.000000 0.000000 0.000000
    47 0.000001 -3.744141 1.534180 0.000000 0.000000 0.000000
    48 0.500002 9.999993 0.000002 -1.570796 0.000000 -1.570796
    49 0.500002 9.999993 0.000002 -1.570796 0.000000 -1.570796
    50 0.000000 0.000005 0.000001 -1.570796 0.000000 -1.570796
    51 0.000001 0.000003 -0.500010 -1.570796 0.000000 -1.570796
    52 -0.000001 0.000000 -0.000002 -1.570796 0.000000 0.000000
    53 0.000000 0.000000 0.000000 -1.570797 0.000000 0.000000
    54 0.000001 0.000000 0.000000 -1.570796 0.000000 0.000000
    55 0.000000 0.000000 0.000002 -1.570796 0.000000 0.000000
    56 -0.000003 0.000000 0.000001 -1.570796 0.000000 0.000000
    57 0.000000 0.000000 0.000000 -1.570796 0.000000 0.000000
    58 0.000000 0.000000 -0.000002 -1.570796 0.000000 0.000000
    59 0.000000 0.000000 0.000001 -1.570796 0.000000 0.000000
    60 -0.000003 0.000000 0.000000 -1.570796 0.000000 0.000000
    61 -0.000001 0.000000 0.000000 -1.570796 0.000000 0.000000
    62 0.000000 0.000000 0.000000 -1.570796 0.000001 0.000000
    63 0.000000 0.000000 0.000000 -1.570796 0.000001 0.000000
    64 0.000000 0.000000 0.000001 3.141593 0.000000 0.000000
    65 0.000000 0.000000 0.000000 3.141593 0.000000 0.000000
    66 0.000001 -0.000001 0.000002 3.141592 0.000000 0.000000
    67 0.000000 10.000002 -0.000005 -1.570796 0.000000 -1.570796
    68 0.000000 10.000002 -0.000005 -1.570796 0.000000 -1.570796
    69 0.000000 0.000005 -0.000003 -1.570796 0.000000 -1.570796
    70 -0.000002 0.000006 -0.500010 -1.570796 0.000000 -1.570796
    71 -0.000004 0.000000 -0.000002 -1.570796 0.000000 0.000000
    72 0.000000 0.000000 0.000000 -1.570796 0.000000 0.000000
    73 0.000000 0.000000 0.000000 -1.570796 0.000000 0.000000
    74 -0.000002 0.000000 0.000000 -1.570796 0.000000 0.000000
    75 0.000002 0.000000 0.000000 -1.570796 0.000000 0.000000
    76 0.000006 0.000000 0.000000 -1.570796 0.000000 0.000000
    77 0.000001 0.000000 0.000000 -1.570796 0.000000 0.000000
    78 0.000000 0.000000 0.000000 -1.570796 0.000000 0.000000
    79 0.000003 0.000000 0.000000 -1.570796 0.000000 0.000000
    80 0.000000 0.000000 0.000000 -1.570796 0.000000 0.000000
    81 0.000002 0.000000 -0.000001 -1.570796 0.000000 0.000000
    82 0.000000 0.000000 0.000000 -1.570796 0.000000 0.000000
    83 0.000000 0.000000 -0.000003 0.000000 0.000000 0.000000
    84 0.000000 0.000000 0.000000 0.000000 0.000000 0.000000
    85 0.000000 0.000001 -0.000001 0.000000 0.000000 0.000000
  time 122
    0 -8.322010 -1.403939 -10.827314 -1.204326 0.479148 -6.689006
    1 0.026867 -11.331078 -0.000002 0.265866 0.034816 0.253827
    2 0.000000 -0.570313 0.000000 0.000000 0.000000 0.000000
    3 -0.523475 0.288004 0.586913 0.168942 -0.429920 -2.589192
    4 2.276719 -0.124224 -0.000001 0.000000 0.000000 0.391436
    5 1.069446 0.056463 0.000000 0.000000 0.000000 0.848230
    6 -1.355754 -2.282777 -0.142105 0.000000 -0.015670 -1.638864
    7 1.730202 -0.000584 0.000001 0.000000 -0.385349 0.005236
    8 1.199319 -0.010942 0.000001 0.000000 -0.561060 0.000000
    9 -0.430529 -2.478479 -0.142105 -0.078865 -0.255397 -1.437796
    10 1.925233 0.004627 0.000003 -3.141592 -1.490338 -3.141593
    11 1.413089 0.008475 0.000000 0.000000 -1.145206 0.020944
    12 0.376671 -2.160851 -0.149917 -0.056428 -0.185089 -1.438433
    13 1.952478 0.057593 0.000000 -0.000001 -1.516563 -0.010473
    14 1.358065 0.003407 0.000000 0.000001 -1.256236 0.005236
    15 1.194772 -1.655615 -0.138199 0.000000 -0.272860 -1.445133
    16 1.670489 0.018204 -0.000001 0.000000 -0.606398 -0.005236
    17 1.089296 -0.001050 -0.000001 0.000000 -1.432390 0.000000
    18 4.636592 0.709541 -9.107080 -1.625028 -0.968440 0.997647
    19 -0.295538 -11.160193 0.000002 0.528243 0.647229 -0.111407
    20 0.288086 -4.437500 0.926270 0.080103 -1.549641 -0.151666
    21 0.000000 2.791016 0.898926 0.000000 0.000000 0.000000
    22 0.000000 -0.089959 2.901283 0.000000 0.000000 0.000000
    23 -0.490966 -4.492466 0.840004 0.810944 1.498599 0.875745
    24 -0.000001 2.900391 1.067383 0.000000 0.000000 0.000000
    25 0.000000 -1.571289 2.900391 0.000000 0.000000 0.000000
    26 -0.021851 -0.545410 0.000000 0.000000 0.000000 0.000000
    27 0.581406 0.239183 0.590013 0.278522 -0.603687 -1.092776
    28 2.306785 0.010602 0.000001 0.000000 0.000000 -0.456758
    29 1.234327 -0.010016 -0.000001 0.000000 0.000000 -0.588267
    30 1.419922 -2.332031 -0.171265 0.000000 -0.052360 -1.523672
    31 1.706055 0.018570 0.000000 0.000000 -0.376991 -0.005236
    32 1.171875 -0.007080 0.000000 0.000000 -0.612611 0.010472
    33 0.511719 -2.587891 -0.171265 0.068179 -0.280440 -1.750247
    34 1.837891 0.009186 0.000000 -3.141591 -1.523670 -3.131118
    35 1.438477 0.012917 -0.000004 0.000000 -1.099558 0.005236
    36 -0.359256 -2.261720 -0.168329 0.017968 -0.224442 -1.724665
    37 1.888672 -0.005322 0.000002 0.000002 -1.544617 0.036656
    38 1.373047 -0.013489 -0.000001 0.000000 -1.130973 0.010472
    39 -1.195313 -1.695313 -0.171265 0.000000 -0.235619 -1.685988
    40 1.687500 -0.013489 -0.000001 0.000000 -0.753982 0.005229
    41 1.072266 0.022156 -0.000002 0.000000 -1.371829 -0.010472
    42 0.000000 -2.077746 1.571501 -0.010630 -0.012093 -0.001630
    43 0.000000 -3.707031 1.591797 0.000000 0.000000 0.000000
    44 0.000000 -1.273438 2.095703 0.000000 0.000000 0.000000
    45 0.000001 -1.327148 2.134766 0.000000 0.000000 0.000000
    46 0.000001 -2.111328 1.572266 0.000000 0.000000 0.000000
    47 0.000001 -3.744141 1.534180 0.000000 0.000000 0.000000
    48 0.500002 9.999993 0.000002 -1.570796 0.000000 -1.570796
    49 0.500002 9.999993 0.000002 -1.570796 0.000000 -1.570796
    50 0.000000 0.000005 0.000001 -1.570796 0.000000 -1.570796
    51 0.000001 0.000003 -0.500010 -1.570796 0.000000 -1.570796
    52 -0.000001 0.000000 -0.000002 -1.570796 0.000000 0.000000
    53 0.000000 0.000000 0.000000 -1.570797 0.000000 0.000000
    54 0.000001 0.000000 0.000000 -1.570796 0.000000 0.000000
    55 0.000000 0.000000 0.000002 -1.570796 0.000000 0.000000
    56 -0.000003 0.000000 0.000001 -1.570796 0.000000 0.000000
    57 0.000000 0.000000 0.000000 -1.570796 0.000000 0.000000
    58 0.000000 0.000000 -0.000002 -1.570796 0.000000 0.000000
    59 0.000000 0.000000 0.000001 -1.570796 0.000000 0.000000
    60 -0.000003 0.000000 0.000000 -1.570796 0.000000 0.000000
    61 -0.000001 0.000000 0.000000 -1.570796 0.000000 0.000000
    62 0.000000 0.000000 0.000000 -1.570796 0.000001 0.000000
    63 0.000000 0.000000 0.000000 -1.570796 0.000001 0.000000
    64 0.000000 0.000000 0.000001 3.141593 0.000000 0.000000
    65 0.000000 0.000000 0.000000 3.141593 0.000000 0.000000
    66 0.000001 -0.000001 0.000002 3.141592 0.000000 0.000000
    67 0.000000 10.000002 -0.000005 -1.570796 0.000000 -1.570796
    68 0.000000 10.000002 -0.000005 -1.570796 0.000000 -1.570796
    69 0.000000 0.000005 -0.000003 -1.570796 0.000000 -1.570796
    70 -0.000002 0.000006 -0.500010 -1.570796 0.000000 -1.570796
    71 -0.000004 0.000000 -0.000002 -1.570796 0.000000 0.000000
    72 0.000000 0.000000 0.000000 -1.570796 0.000000 0.000000
    73 0.000000 0.000000 0.000000 -1.570796 0.000000 0.000000
    74 -0.000002 0.000000 0.000000 -1.570796 0.000000 0.000000
    75 0.000002 0.000000 0.000000 -1.570796 0.000000 0.000000
    76 0.000006 0.000000 0.000000 -1.570796 0.000000 0.000000
    77 0.000001 0.000000 0.000000 -1.570796 0.000000 0.000000
    78 0.000000 0.000000 0.000000 -1.570796 0.000000 0.000000
    79 0.000003 0.000000 0.000000 -1.570796 0.000000 0.000000
    80 0.000000 0.000000 0.000000 -1.570796 0.000000 0.000000
    81 0.000002 0.000000 -0.000001 -1.570796 0.000000 0.000000
    82 0.000000 0.000000 0.000000 -1.570796 0.000000 0.000000
    83 0.000000 0.000000 -0.000003 0.000000 0.000000 0.000000
    84 0.000000 0.000000 0.000000 0.000000 0.000000 0.000000
    85 0.000000 0.000001 -0.000001 0.000000 0.000000 0.000000
  time 123
    0 -8.224351 -1.552381 -10.889816 -1.200969 0.495000 -6.682013
    1 0.026867 -11.331078 -0.000002 0.216511 0.118001 0.322673
    2 0.000000 -0.570313 0.000000 0.000000 0.000000 0.000000
    3 -0.523475 0.288004 0.590819 0.073850 -0.355818 -2.476234
    4 2.276719 -0.120318 -0.000001 0.000000 0.000000 0.392746
    5 1.069446 0.056463 0.000000 0.000000 0.000000 0.848230
    6 -1.355754 -2.286684 -0.142105 0.000000 -0.014651 -1.638864
    7 1.730202 -0.000584 0.000001 0.000000 -0.391644 0.005236
    8 1.203226 -0.010942 0.000001 0.000000 -0.568218 0.000000
    9 -0.430529 -2.478479 -0.142105 -0.078889 -0.255850 -1.437782
    10 1.929139 0.004627 0.000003 -3.141592 -1.493436 -3.141593
    11 1.413089 0.008475 0.000000 0.000000 -1.141403 0.020944
    12 0.376671 -2.160851 -0.138198 -0.056428 -0.184849 -1.438445
    13 1.956384 0.053687 0.000000 -0.000001 -1.514524 -0.010473
    14 1.361971 0.003407 0.000000 0.000001 -1.251698 0.005236
    15 1.194772 -1.659521 -0.138199 0.000000 -0.272245 -1.445133
    16 1.674395 0.018204 -0.000001 0.000000 -0.607082 -0.005236
    17 1.089296 -0.001050 -0.000001 0.000000 -1.428009 0.000000
    18 4.628779 0.338436 -10.005545 -1.572801 -0.915716 0.984352
    19 -0.299444 -11.156286 0.000002 0.455970 0.658096 -0.104742
    20 0.288086 -4.437500 0.926270 0.080103 -1.549641 -0.151666
    21 0.000000 2.791016 0.898926 0.000000 0.000000 0.000000
    22 0.000000 -0.089959 2.901283 0.000000 0.000000 0.000000
    23 -0.494872 -4.484653 0.847817 0.783180 1.500816 0.849216
    24 -0.000001 2.900391 1.067383 0.000000 0.000000 0.000000
    25 0.000000 -1.571289 2.900391 0.000000 0.000000 0.000000
    26 -0.021851 -0.545410 0.000000 0.000000 0.000000 0.000000
    27 0.581406 0.239183 0.582201 0.279214 -0.597415 -1.090221
    28 2.306785 0.010602 0.000001 0.000000 0.000000 -0.455732
    29 1.238233 -0.010016 -0.000001 0.000000 0.000000 -0.604043
    30 1.419922 -2.332031 -0.171265 0.000000 -0.052360 -1.523672
    31 1.706055 0.018570 0.000000 0.000000 -0.376991 -0.005236
    32 1.171875 -0.007080 0.000000 0.000000 -0.612611 0.010472
    33 0.511719 -2.587891 -0.171265 0.068179 -0.280440 -1.750247
    34 1.837891 0.009186 0.000000 -3.141591 -1.523670 -3.131118
    35 1.438477 0.012917 -0.000004 0.000000 -1.099558 0.005236
    36 -0.359256 -2.261720 -0.168329 0.017968 -0.224442 -1.724665
    37 1.888672 -0.005322 0.000002 0.000002 -1.544617 0.036656
    38 1.373047 -0.013489 -0.000001 0.000000 -1.130973 0.010472
    39 -1.195313 -1.695313 -0.171265 0.000000 -0.235619 -1.685988
    40 1.687500 -0.013489 -0.000001 0.000000 -0.753982 0.005229
    41 1.072266 0.022156 -0.000002 0.000000 -1.371829 -0.010472
    42 0.000000 -2.077746 1.571501 -0.011589 -0.013207 -0.001762
    43 0.000000 -3.707031 1.591797 0.000000 0.000000 0.000000
    44 0.000000 -1.273438 2.095703 0.000000 0.000000 0.000000
    45 0.000001 -1.327148 2.134766 0.000000 0.000000 0.000000
    46 0.000001 -2.111328 1.572266 0.000000 0.000000 0.000000
    47 0.000001 -3.744141 1.534180 0.000000 0.000000 0.000000
    48 0.500002 9.999993 0.000002 -1.570796 0.000000 -1.570796
    49 0.500002 9.999993 0.000002 -1.570796 0.000000 -1.570796
    50 0.000000 0.000005 0.000001 -1.570796 0.000000 -1.570796
    51 0.000001 0.000003 -0.500010 -1.570796 0.000000 -1.570796
    52 -0.000001 0.000000 -0.000002 -1.570796 0.000000 0.000000
    53 0.000000 0.000000 0.000000 -1.570797 0.000000 0.000000
    54 0.000001 0.000000 0.000000 -1.570796 0.000000 0.000000
    55 0.000000 0.000000 0.000002 -1.570796 0.000000 0.000000
    56 -0.000003 0.000000 0.000001 -1.570796 0.000000 0.000000
    57 0.000000 0.000000 0.000000 -1.570796 0.000000 0.000000
    58 0.000000 0.000000 -0.000002 -1.570796 0.000000 0.000000
    59 0.000000 0.000000 0.000001 -1.570796 0.000000 0.000000
    60 -0.000003 0.000000 0.000000 -1.570796 0.000000 0.000000
    61 -0.000001 0.000000 0.000000 -1.570796 0.000000 0.000000
    62 0.000000 0.000000 0.000000 -1.570796 0.000001 0.000000
    63 0.000000 0.000000 0.000000 -1.570796 0.000001 0.000000
    64 0.000000 0.000000 0.000001 3.141593 0.000000 0.000000
    65 0.000000 0.000000 0.000000 3.141593 0.000000 0.000000
    66 0.000001 -0.000001 0.000002 3.141592 0.000000 0.000000
    67 0.000000 10.000002 -0.000005 -1.570796 0.000000 -1.570796
    68 0.000000 10.000002 -0.000005 -1.570796 0.000000 -1.570796
    69 0.000000 0.000005 -0.000003 -1.570796 0.000000 -1.570796
    70 -0.000002 0.000006 -0.500010 -1.570796 0.000000 -1.570796
    71 -0.000004 0.000000 -0.000002 -1.570796 0.000000 0.000000
    72 0.000000 0.000000 0.000000 -1.570796 0.000000 0.000000
    73 0.000000 0.000000 0.000000 -1.570796 0.000000 0.000000
    74 -0.000002 0.000000 0.000000 -1.570796 0.000000 0.000000
    75 0.000002 0.000000 0.000000 -1.570796 0.000000 0.000000
    76 0.000006 0.000000 0.000000 -1.570796 0.000000 0.000000
    77 0.000001 0.000000 0.000000 -1.570796 0.000000 0.000000
    78 0.000000 0.000000 0.000000 -1.570796 0.000000 0.000000
    79 0.000003 0.000000 0.000000 -1.570796 0.000000 0.000000
    80 0.000000 0.000000 0.000000 -1.570796 0.000000 0.000000
    81 0.000002 0.000000 -0.000001 -1.570796 0.000000 0.000000
    82 0.000000 0.000000 0.000000 -1.570796 0.000000 0.000000
    83 0.000000 0.000000 -0.000003 0.000000 0.000000 0.000000
    84 0.000000 0.000000 0.000000 0.000000 0.000000 0.000000
    85 0.000000 0.000001 -0.000001 0.000000 0.000000 0.000000
  time 124
    0 -8.126692 -1.540662 -10.952318 -1.198011 0.509106 -6.676074
    1 0.026867 -11.331078 -0.000002 0.201017 0.148586 0.348988
    2 0.000000 -0.570313 0.000000 0.000000 0.000000 0.000000
    3 -0.523475 0.288004 0.586913 -0.087185 -0.307705 -2.279748
    4 2.268907 -0.124224 -0.000001 0.000000 0.000000 0.270393
    5 1.069446 0.056463 0.000000 0.000000 0.000000 0.848230
    6 -1.351848 -2.286684 -0.142105 0.000000 -0.013589 -1.638864
    7 1.730202 -0.000584 0.000001 0.000000 -0.397954 0.005236
    8 1.203226 -0.010942 0.000001 0.000000 -0.575376 0.000000
    9 -0.430529 -2.478479 -0.142105 -0.078889 -0.256354 -1.437699
    10 1.925233 0.004627 0.000003 -3.141592 -1.496423 -3.141593
    11 1.416995 0.008475 0.000000 0.000000 -1.137643 0.020944
    12 0.376671 -2.160851 -0.146011 -0.056428 -0.184488 -1.438457
    13 1.952478 0.057593 0.000000 -0.000001 -1.512484 -0.010473
    14 1.361971 0.003407 0.000000 0.000001 -1.247334 0.005236
    15 1.194772 -1.659521 -0.142105 0.000000 -0.271666 -1.445133
    16 1.674395 0.018204 -0.000001 0.000000 -0.607739 -0.005236
    17 1.089296 -0.001050 -0.000001 0.000000 -1.423824 0.000000
    18 4.675655 -0.017044 -10.950887 -1.527995 -0.876507 0.983603
    19 -0.299444 -11.160193 0.000002 0.391898 0.661595 -0.103530
    20 0.288086 -4.437500 0.926270 0.080103 -1.549641 -0.151666
    21 0.000000 2.791016 0.898926 0.000000 0.000000 0.000000
    22 0.000000 -0.089959 2.901283 0.000000 0.000000 0.000000
    23 -0.490966 -4.488559 0.847817 0.753883 1.502974 0.820964
    24 -0.000001 2.900391 1.067383 0.000000 0.000000 0.000000
    25 0.000000 -1.571289 2.900391 0.000000 0.000000 0.000000
    26 -0.021851 -0.545410 0.000000 0.000000 0.000000 0.000000
    27 0.585312 0.239183 0.590013 0.279937 -0.590937 -1.087636
    28 2.306785 0.010602 0.000001 0.000000 0.000000 -0.454816
    29 1.238233 -0.010016 -0.000001 0.000000 0.000000 -0.620034
    30 1.419922 -2.332031 -0.171265 0.000000 -0.052360 -1.523672
    31 1.706055 0.018570 0.000000 0.000000 -0.376991 -0.005236
    32 1.171875 -0.007080 0.000000 0.000000 -0.612611 0.010472
    33 0.511719 -2.587891 -0.171265 0.068179 -0.280440 -1.750247
    34 1.837891 0.009186 0.000000 -3.141591 -1.523670 -3.131118
    35 1.438477 0.012917 -0.000004 0.000000 -1.099558 0.005236
    36 -0.359256 -2.261720 -0.168329 0.017968 -0.224442 -1.724665
    37 1.888672 -0.005322 0.000002 0.000002 -1.544617 0.036656
    38 1.373047 -0.013489 -0.000001 0.000000 -1.130973 0.010472
    39 -1.195313 -1.695313 -0.171265 0.000000 -0.235619 -1.685988
    40 1.687500 -0.013489 -0.000001 0.000000 -0.753982 0.005229
    41 1.072266 0.022156 -0.000002 0.000000 -1.371829 -0.010472
    42 0.000000 -2.077746 1.567595 -0.012045 -0.013639 -0.001822
    43 0.000000 -3.707031 1.591797 0.000000 0.000000 0.000000
    44 0.000000 -1.273438 2.095703 0.000000 0.000000 0.000000
    45 0.000001 -1.327148 2.134766 0.000000 0.000000 0.000000
    46 0.000001 -2.111328 1.572266 0.000000 0.000000 0.000000
    47 0.000001 -3.744141 1.534180 0.000000 0.000000 0.000000
    48 0.500002 9.999993 0.000002 -1.570796 0.000000 -1.570796
    49 0.500002 9.999993 0.000002 -1.570796 0.000000 -1.570796
    50 0.000000 0.000005 0.000001 -1.570796 0.000000 -1.570796
    51 0.000001 0.000003 -0.500010 -1.570796 0.000000 -1.570796
    52 -0.000001 0.000000 -0.000002 -1.570796 0.000000 0.000000
    53 0.000000 0.000000 0.000000 -1.570797 0.000000 0.000000
    54 0.000001 0.000000 0.000000 -1.570796 0.000000 0.000000
    55 0.000000 0.000000 0.000002 -1.570796 0.000000 0.000000
    56 -0.000003 0.000000 0.000001 -1.570796 0.000000 0.000000
    57 0.000000 0.000000 0.000000 -1.570796 0.000000 0.000000
    58 0.000000 0.000000 -0.000002 -1.570796 0.000000 0.000000
    59 0.000000 0.000000 0.000001 -1.570796 0.000000 0.000000
    60 -0.000003 0.000000 0.000000 -1.570796 0.000000 0.000000
    61 -0.000001 0.000000 0.000000 -1.570796 0.000000 0.000000
    62 0.000000 0.000000 0.000000 -1.570796 0.000001 0.000000
    63 0.000000 0.000000 0.000000 -1.570796 0.000001 0.000000
    64 0.000000 0.000000 0.000001 3.141593 0.000000 0.000000
    65 0.000000 0.000000 0.000000 3.141593 0.000000 0.000000
    66 0.000001 -0.000001 0.000002 3.141592 0.000000 0.000000
    67 0.000000 10.000002 -0.000005 -1.570796 0.000000 -1.570796
    68 0.000000 10.000002 -0.000005 -1.570796 0.000000 -1.570796
    69 0.000000 0.000005 -0.000003 -1.570796 0.000000 -1.570796
    70 -0.000002 0.000006 -0.500010 -1.570796 0.000000 -1.570796
    71 -0.000004 0.000000 -0.000002 -1.570796 0.000000 0.000000
    72 0.000000 0.000000 0.000000 -1.570796 0.000000 0.000000
    73 0.000000 0.000000 0.000000 -1.570796 0.000000 0.000000
    74 -0.000002 0.000000 0.000000 -1.570796 0.000000 0.000000
    75 0.000002 0.000000 0.000000 -1.570796 0.000000 0.000000
    76 0.000006 0.000000 0.000000 -1.570796 0.000000 0.000000
    77 0.000001 0.000000 0.000000 -1.570796 0.000000 0.000000
    78 0.000000 0.000000 0.000000 -1.570796 0.000000 0.000000
    79 0.000003 0.000000 0.000000 -1.570796 0.000000 0.000000
    80 0.000000 0.000000 0.000000 -1.570796 0.000000 0.000000
    81 0.000002 0.000000 -0.000001 -1.570796 0.000000 0.000000
    82 0.000000 0.000000 0.000000 -1.570796 0.000000 0.000000
    83 0.000000 0.000000 -0.000003 0.000000 0.000000 0.000000
    84 0.000000 0.000000 0.000000 0.000000 0.000000 0.000000
    85 0.000000 0.000001 -0.000001 0.000000 0.000000 0.000000
  time 125
    0 -8.075909 -1.228152 -10.983569 -1.196732 0.514300 -6.673392
    1 0.026867 -11.331078 -0.000002 0.208888 0.132908 0.344821
    2 0.000000 -0.570313 0.000000 0.000000 0.000000 0.000000
    3 -0.523475 0.288004 0.594726 -0.296692 -0.241984 -2.019244
    4 2.276719 -0.120318 -0.000001 0.000000 0.000000 0.053705
    5 1.069446 0.056463 0.000000 0.000000 0.000000 0.848230
    6 -1.351848 -2.286684 -0.142105 0.000000 -0.012570 -1.638864
    7 1.730202 -0.000584 0.000001 0.000000 -0.404311 0.005236
    8 1.203226 -0.010942 0.000001 0.000000 -0.582534 0.000000
    9 -0.422716 -2.478479 -0.142105 -0.078901 -0.256858 -1.437685
    10 1.929139 0.004627 0.000003 -3.141592 -1.499244 -3.141593
    11 1.416995 0.008475 0.000000 0.000000 -1.134100 0.020944
    12 0.376671 -2.160851 -0.142104 -0.056428 -0.184248 -1.438469
    13 1.956384 0.053687 0.000000 -0.000001 -1.510390 -0.010473
    14 1.365878 0.003407 0.000000 0.000001 -1.243098 0.005236
    15 1.194772 -1.655615 -0.138199 0.000000 -0.271051 -1.445133
    16 1.674395 0.018204 -0.000001 0.000000 -0.608423 -0.005236
    17 1.089296 -0.001050 -0.000001 0.000000 -1.419882 0.000000
    18 4.785034 -0.310021 -11.665752 -1.511275 -0.883807 1.004669
    19 -0.295538 -11.160193 0.000002 0.339555 0.642689 -0.114411
    20 0.288086 -4.437500 0.926270 0.080103 -1.549641 -0.151666
    21 0.000000 2.791016 0.898926 0.000000 0.000000 0.000000
    22 0.000000 -0.097772 2.901283 0.000000 0.000000 0.000000
    23 -0.483153 -4.488559 0.847817 0.723054 1.504951 0.791432
    24 -0.000001 2.900391 1.067383 0.000000 0.000000 0.000000
    25 0.000000 -1.571289 2.900391 0.000000 0.000000 0.000000
    26 -0.021851 -0.545410 0.000000 0.000000 0.000000 0.000000
    27 0.585312 0.235277 0.582201 0.280721 -0.584149 -1.085021
    28 2.306785 0.010602 0.000001 0.000000 0.000000 -0.453946
    29 1.238233 -0.010016 -0.000001 0.000000 0.000000 -0.636332
    30 1.419922 -2.332031 -0.171265 0.000000 -0.052360 -1.523672
    31 1.706055 0.018570 0.000000 0.000000 -0.376991 -0.005236
    32 1.171875 -0.007080 0.000000 0.000000 -0.612611 0.010472
    33 0.511719 -2.587891 -0.171265 0.068179 -0.280440 -1.750247
    34 1.837891 0.009186 0.000000 -3.141591 -1.523670 -3.131118
    35 1.438477 0.012917 -0.000004 0.000000 -1.099558 0.005236
    36 -0.359256 -2.261720 -0.168329 0.017968 -0.224442 -1.724665
    37 1.888672 -0.005322 0.000002 0.000002 -1.544617 0.036656
    38 1.373047 -0.013489 -0.000001 0.000000 -1.130973 0.010472
    39 -1.195313 -1.695313 -0.171265 0.000000 -0.235619 -1.685988
    40 1.687500 -0.013489 -0.000001 0.000000 -0.753982 0.005229
    41 1.072266 0.022156 -0.000002 0.000000 -1.371829 -0.010472
    42 0.000000 -2.073839 1.571501 -0.011973 -0.013603 -0.001810
    43 0.000000 -3.707031 1.591797 0.000000 0.000000 0.000000
    44 0.000000 -1.273438 2.095703 0.000000 0.000000 0.000000
    45 0.000001 -1.327148 2.134766 0.000000 0.000000 0.000000
    46 0.000001 -2.111328 1.572266 0.000000 0.000000 0.000000
    47 0.000001 -3.744141 1.534180 0.000000 0.000000 0.000000
    48 0.500002 9.999993 0.000002 -1.570796 0.000000 -1.570796
    49 0.500002 9.999993 0.000002 -1.570796 0.000000 -1.570796
    50 0.000000 0.000005 0.000001 -1.570796 0.000000 -1.570796
    51 0.000001 0.000003 -0.500010 -1.570796 0.000000 -1.570796
    52 -0.000001 0.000000 -0.000002 -1.570796 0.000000 0.000000
    53 0.000000 0.000000 0.000000 -1.570797 0.000000 0.000000
    54 0.000001 0.000000 0.000000 -1.570796 0.000000 0.000000
    55 0.000000 0.000000 0.000002 -1.570796 0.000000 0.000000
    56 -0.000003 0.000000 0.000001 -1.570796 0.000000 0.000000
    57 0.000000 0.000000 0.000000 -1.570796 0.000000 0.000000
    58 0.000000 0.000000 -0.000002 -1.570796 0.000000 0.000000
    59 0.000000 0.000000 0.000001 -1.570796 0.000000 0.000000
    60 -0.000003 0.000000 0.000000 -1.570796 0.000000 0.000000
    61 -0.000001 0.000000 0.000000 -1.570796 0.000000 0.000000
    62 0.000000 0.000000 0.000000 -1.570796 0.000001 0.000000
    63 0.000000 0.000000 0.000000 -1.570796 0.000001 0.000000
    64 0.000000 0.000000 0.000001 3.141593 0.000000 0.000000
    65 0.000000 0.000000 0.000000 3.141593 0.000000 0.000000
    66 0.000001 -0.000001 0.000002 3.141592 0.000000 0.000000
    67 0.000000 10.000002 -0.000005 -1.570796 0.000000 -1.570796
    68 0.000000 10.000002 -0.000005 -1.570796 0.000000 -1.570796
    69 0.000000 0.000005 -0.000003 -1.570796 0.000000 -1.570796
    70 -0.000002 0.000006 -0.500010 -1.570796 0.000000 -1.570796
    71 -0.000004 0.000000 -0.000002 -1.570796 0.000000 0.000000
    72 0.000000 0.000000 0.000000 -1.570796 0.000000 0.000000
    73 0.000000 0.000000 0.000000 -1.570796 0.000000 0.000000
    74 -0.000002 0.000000 0.000000 -1.570796 0.000000 0.000000
    75 0.000002 0.000000 0.000000 -1.570796 0.000000 0.000000
    76 0.000006 0.000000 0.000000 -1.570796 0.000000 0.000000
    77 0.000001 0.000000 0.000000 -1.570796 0.000000 0.000000
    78 0.000000 0.000000 0.000000 -1.570796 0.000000 0.000000
    79 0.000003 0.000000 0.000000 -1.570796 0.000000 0.000000
    80 0.000000 0.000000 0.000000 -1.570796 0.000000 0.000000
    81 0.000002 0.000000 -0.000001 -1.570796 0.000000 0.000000
    82 0.000000 0.000000 0.000000 -1.570796 0.000000 0.000000
    83 0.000000 0.000000 -0.000003 0.000000 0.000000 0.000000
    84 0.000000 0.000000 0.000000 0.000000 0.000000 0.000000
    85 0.000000 0.000001 -0.000001 0.000000 0.000000 0.000000
  time 126
    0 -8.075909 -0.610946 -10.983569 -1.198011 0.509106 -6.676074
    1 0.026867 -11.331078 -0.000002 0.216511 0.118001 0.322673
    2 0.000000 -0.570313 0.000000 0.000000 0.000000 0.000000
    3 -0.523475 0.284097 0.590819 -0.408416 -0.193975 -1.874524
    4 2.272813 -0.124224 -0.000001 0.000000 0.000000 -0.052321
    5 1.069446 0.056463 0.000000 0.000000 0.000000 0.848230
    6 -1.351848 -2.286684 -0.142105 0.000000 -0.011551 -1.638864
    7 1.730202 -0.000584 0.000001 0.000000 -0.410669 0.005236
    8 1.203226 -0.010942 0.000001 0.000000 -0.589692 0.000000
    9 -0.430529 -2.478479 -0.142105 -0.078901 -0.257362 -1.437602
    10 1.925233 0.004627 0.000003 -3.141592 -1.501954 -3.141593
    11 1.416995 0.008475 0.000000 0.000000 -1.130686 0.020944
    12 0.384484 -2.160851 -0.146011 -0.056428 -0.183888 -1.438493
    13 1.952478 0.057593 0.000000 -0.000001 -1.508682 -0.010473
    14 1.361971 0.003407 0.000000 0.000001 -1.239079 0.005236
    15 1.194772 -1.655615 -0.138199 0.000000 -0.270436 -1.445133
    16 1.670489 0.018204 -0.000001 0.000000 -0.609053 -0.005236
    17 1.089296 -0.001050 -0.000001 0.000000 -1.416037 0.000000
    18 4.976446 -0.524872 -12.091547 -1.513811 -0.900430 1.018994
    19 -0.295538 -11.156286 0.000002 0.321963 0.628398 -0.121884
    20 0.288086 -4.437500 0.926270 0.080103 -1.549641 -0.151666
    21 0.000000 2.791016 0.898926 0.000000 0.000000 0.000000
    22 0.000000 -1.945485 2.901283 0.000000 0.000000 0.000000
    23 -0.490966 -4.492466 0.840004 0.691053 1.506953 0.760677
    24 -0.000001 2.900391 1.067383 0.000000 0.000000 0.000000
    25 0.000000 -1.571289 2.900391 0.000000 0.000000 0.000000
    26 -0.021851 -0.545410 0.000000 0.000000 0.000000 0.000000
    27 0.581406 0.239183 0.578294 0.281567 -0.577234 -1.082376
    28 2.306785 0.010602 0.000001 0.000000 0.000000 -0.453154
    29 1.234327 -0.010016 -0.000001 0.000000 0.000000 -0.653029
    30 1.419922 -2.332031 -0.171265 0.000000 -0.052360 -1.523672
    31 1.706055 0.018570 0.000000 0.000000 -0.376991 -0.005236
    32 1.171875 -0.007080 0.000000 0.000000 -0.612611 0.010472
    33 0.511719 -2.587891 -0.171265 0.068179 -0.280440 -1.750247
    34 1.837891 0.009186 0.000000 -3.141591 -1.523670 -3.131118
    35 1.438477 0.012917 -0.000004 0.000000 -1.099558 0.005236
    36 -0.359256 -2.261720 -0.168329 0.017968 -0.224442 -1.724665
    37 1.888672 -0.005322 0.000002 0.000002 -1.544617 0.036656
    38 1.373047 -0.013489 -0.000001 0.000000 -1.130973 0.010472
    39 -1.195313 -1.695313 -0.171265 0.000000 -0.235619 -1.685988
    40 1.687500 -0.013489 -0.000001 0.000000 -0.753982 0.005229
    41 1.072266 0.022156 -0.000002 0.000000 -1.371829 -0.010472
    42 0.000000 -2.077746 1.571501 -0.011433 -0.013003 -0.001738
    43 0.000000 -3.707031 1.591797 0.000000 0.000000 0.000000
    44 0.000000 -1.273438 2.095703 0.000000 0.000000 0.000000
    45 0.000001 -1.327148 2.134766 0.000000 0.000000 0.000000
    46 0.000001 -2.111328 1.572266 0.000000 0.000000 0.000000
    47 0.000001 -3.744141 1.534180 0.000000 0.000000 0.000000
    48 0.500002 9.999993 0.000002 -1.570796 0.000000 -1.570796
    49 0.500002 9.999993 0.000002 -1.570796 0.000000 -1.570796
    50 0.000000 0.000005 0.000001 -1.570796 0.000000 -1.570796
    51 0.000001 0.000003 -0.500010 -1.570796 0.000000 -1.570796
    52 -0.000001 0.000000 -0.000002 -1.570796 0.000000 0.000000
    53 0.000000 0.000000 0.000000 -1.570797 0.000000 0.000000
    54 0.000001 0.000000 0.000000 -1.570796 0.000000 0.000000
    55 0.000000 0.000000 0.000002 -1.570796 0.000000 0.000000
    56 -0.000003 0.000000 0.000001 -1.570796 0.000000 0.000000
    57 0.000000 0.000000 0.000000 -1.570796 0.000000 0.000000
    58 0.000000 0.000000 -0.000002 -1.570796 0.000000 0.000000
    59 0.000000 0.000000 0.000001 -1.570796 0.000000 0.000000
    60 -0.000003 0.000000 0.000000 -1.570796 0.000000 0.000000
    61 -0.000001 0.000000 0.000000 -1.570796 0.000000 0.000000
    62 0.000000 0.000000 0.000000 -1.570796 0.000001 0.000000
    63 0.000000 0.000000 0.000000 -1.570796 0.000001 0.000000
    64 0.000000 0.000000 0.000001 3.141593 0.000000 0.000000
    65 0.000000 0.000000 0.000000 3.141593 0.000000 0.000000
    66 0.000001 -0.000001 0.000002 3.141592 0.000000 0.000000
    67 0.000000 10.000002 -0.000005 -1.570796 0.000000 -1.570796
    68 0.000000 10.000002 -0.000005 -1.570796 0.000000 -1.570796
    69 0.000000 0.000005 -0.000003 -1.570796 0.000000 -1.570796
    70 -0.000002 0.000006 -0.500010 -1.570796 0.000000 -1.570796
    71 -0.000004 0.000000 -0.000002 -1.570796 0.000000 0.000000
    72 0.000000 0.000000 0.000000 -1.570796 0.000000 0.000000
    73 0.000000 0.000000 0.000000 -1.570796 0.000000 0.000000
    74 -0.000002 0.000000 0.000000 -1.570796 0.000000 0.000000
    75 0.000002 0.000000 0.000000 -1.570796 0.000000 0.000000
    76 0.000006 0.000000 0.000000 -1.570796 0.000000 0.000000
    77 0.000001 0.000000 0.000000 -1.570796 0.000000 0.000000
    78 0.000000 0.000000 0.000000 -1.570796 0.000000 0.000000
    79 0.000003 0.000000 0.000000 -1.570796 0.000000 0.000000
    80 0.000000 0.000000 0.000000 -1.570796 0.000000 0.000000
    81 0.000002 0.000000 -0.000001 -1.570796 0.000000 0.000000
    82 0.000000 0.000000 0.000000 -1.570796 0.000000 0.000000
    83 0.000000 0.000000 -0.000003 0.000000 0.000000 0.000000
    84 0.000000 0.000000 0.000000 0.000000 0.000000 0.000000
    85 0.000000 0.000001 -0.000001 0.000000 0.000000 0.000000
  time 127
    0 -7.700897 1.158639 -9.866348 -1.202008 0.489582 -6.684408
    1 0.026867 -11.331078 -0.000002 0.209420 0.130180 0.265952
    2 0.000000 -0.570313 0.000000 0.000000 0.000000 0.000000
    3 -0.523475 0.288004 0.590819 -0.419801 -0.189860 -1.857970
    4 2.276719 -0.120318 -0.000001 0.000000 0.000000 -0.044258
    5 1.069446 0.056463 0.000000 0.000000 0.000000 0.848230
    6 -1.355754 -2.286684 -0.146012 0.000000 -0.010447 -1.638864
    7 1.730202 -0.000584 0.000001 0.000000 -0.417010 0.005236
    8 1.203226 -0.010942 0.000001 0.000000 -0.596961 0.000000
    9 -0.426622 -2.478479 -0.146012 -0.078913 -0.257815 -1.437588
    10 1.929139 0.004627 0.000003 -3.141592 -1.504609 -3.141593
    11 1.413089 0.008475 0.000000 0.000000 -1.127445 0.020944
    12 0.384484 -2.160851 -0.149917 -0.056428 -0.183688 -1.438505
    13 1.956384 0.053687 0.000000 -0.000001 -1.506863 -0.010473
    14 1.369784 0.003407 0.000000 0.000001 -1.235276 0.005236
    15 1.194772 -1.659521 -0.142105 0.000000 -0.269821 -1.445133
    16 1.674395 0.018204 -0.000001 0.000000 -0.609573 -0.005236
    17 1.089296 -0.001050 -0.000001 0.000000 -1.412338 0.000000
    18 5.230360 -0.688939 -12.368899 -1.522265 -0.936820 1.050546
    19 -0.295538 -11.164099 0.000002 0.289082 0.597533 -0.136577
    20 0.288086 -4.437500 0.926270 0.080103 -1.549641 -0.151666
    21 0.000000 2.791016 0.898926 0.000000 0.000000 0.000000
    22 0.000000 -1.945485 2.893470 0.000000 0.000000 0.000000
    23 -0.483153 -4.492466 0.847817 0.658331 1.508702 0.729143
    24 -0.000001 2.900391 1.067383 0.000000 0.000000 0.000000
    25 0.000000 -1.571289 2.900391 0.000000 0.000000 0.000000
    26 -0.021851 -0.545410 0.000000 0.000000 0.000000 0.000000
    27 0.581406 0.235277 0.578294 0.282459 -0.570112 -1.079430
    28 2.306785 0.010602 0.000001 0.000000 0.000000 -0.452518
    29 1.242140 -0.010016 -0.000001 0.000000 0.000000 -0.670002
    30 1.419922 -2.332031 -0.171265 0.000000 -0.052360 -1.523672
    31 1.706055 0.018570 0.000000 0.000000 -0.376991 -0.005236
    32 1.171875 -0.007080 0.000000 0.000000 -0.612611 0.010472
    33 0.511719 -2.587891 -0.171265 0.068179 -0.280440 -1.750247
    34 1.837891 0.009186 0.000000 -3.141591 -1.523670 -3.131118
    35 1.438477 0.012917 -0.000004 0.000000 -1.099558 0.005236
    36 -0.359256 -2.261720 -0.168329 0.017968 -0.224442 -1.724665
    37 1.888672 -0.005322 0.000002 0.000002 -1.544617 0.036656
    38 1.373047 -0.013489 -0.000001 0.000000 -1.130973 0.010472
    39 -1.195313 -1.695313 -0.171265 0.000000 -0.235619 -1.685988
    40 1.687500 -0.013489 -0.000001 0.000000 -0.753982 0.005229
    41 1.072266 0.022156 -0.000002 0.000000 -1.371829 -0.010472
    42 0.000000 -2.077746 1.567595 -0.010630 -0.012093 -0.001606
    43 0.000000 -3.707031 1.591797 0.000000 0.000000 0.000000
    44 0.000000 -1.273438 2.095703 0.000000 0.000000 0.000000
    45 0.000001 -1.327148 2.134766 0.000000 0.000000 0.000000
    46 0.000001 -2.111328 1.572266 0.000000 0.000000 0.000000
    47 0.000001 -3.744141 1.534180 0.000000 0.000000 0.000000
    48 0.500002 9.999993 0.000002 -1.570796 0.000000 -1.570796
    49 0.500002 9.999993 0.000002 -1.570796 0.000000 -1.570796
    50 0.000000 0.000005 0.000001 -1.570796 0.000000 -1.570796
    51 0.000001 0.000003 -0.500010 -1.570796 0.000000 -1.570796
    52 -0.000001 0.000000 -0.000002 -1.570796 0.000000 0.000000
    53 0.000000 0.000000 0.000000 -1.570797 0.000000 0.000000
    54 0.000001 0.000000 0.000000 -1.570796 0.000000 0.000000
    55 0.000000 0.000000 0.000002 -1.570796 0.000000 0.000000
    56 -0.000003 0.000000 0.000001 -1.570796 0.000000 0.000000
    57 0.000000 0.000000 0.000000 -1.570796 0.000000 0.000000
    58 0.000000 0.000000 -0.000002 -1.570796 0.000000 0.000000
    59 0.000000 0.000000 0.000001 -1.570796 0.000000 0.000000
    60 -0.000003 0.000000 0.000000 -1.570796 0.000000 0.000000
    61 -0.000001 0.000000 0.000000 -1.570796 0.000000 0.000000
    62 0.000000 0.000000 0.000000 -1.570796 0.000001 0.000000
    63 0.000000 0.000000 0.000000 -1.570796 0.000001 0.000000
    64 0.000000 0.000000 0.000001 3.141593 0.000000 0.000000
    65 0.000000 0.000000 0.000000 3.141593 0.000000 0.000000
    66 0.000001 -0.000001 0.000002 3.141592 0.000000 0.000000
    67 0.000000 10.000002 -0.000005 -1.570796 0.000000 -1.570796
    68 0.000000 10.000002 -0.000005 -1.570796 0.000000 -1.570796
    69 0.000000 0.000005 -0.000003 -1.570796 0.000000 -1.570796
    70 -0.000002 0.000006 -0.500010 -1.570796 0.000000 -1.570796
    71 -0.000004 0.000000 -0.000002 -1.570796 0.000000 0.000000
    72 0.000000 0.000000 0.000000 -1.570796 0.000000 0.000000
    73 0.000000 0.000000 0.000000 -1.570796 0.000000 0.000000
    74 -0.000002 0.000000 0.000000 -1.570796 0.000000 0.000000
    75 0.000002 0.000000 0.000000 -1.570796 0.000000 0.000000
    76 0.000006 0.000000 0.000000 -1.570796 0.000000 0.000000
    77 0.000001 0.000000 0.000000 -1.570796 0.000000 0.000000
    78 0.000000 0.000000 0.000000 -1.570796 0.000000 0.000000
    79 0.000003 0.000000 0.000000 -1.570796 0.000000 0.000000
    80 0.000000 0.000000 0.000000 -1.570796 0.000000 0.000000
    81 0.000002 0.000000 -0.000001 -1.570796 0.000000 0.000000
    82 0.000000 0.000000 0.000000 -1.570796 0.000000 0.000000
    83 0.000000 0.000000 -0.000003 0.000000 0.000000 0.000000
    84 0.000000 0.000000 0.000000 0.000000 0.000000 0.000000
    85 0.000000 0.000001 -0.000001 0.000000 0.000000 0.000000
  time 128
    0 -7.696991 1.603965 -9.952288 -1.199850 0.457788 -6.661801
    1 0.026867 -11.331078 -0.000002 0.210838 0.096509 0.261072
    2 0.000000 -0.570313 0.000000 0.000000 0.000000 0.000000
    3 -0.523475 0.288004 0.590819 -0.434529 -0.186917 -1.835207
    4 2.276719 -0.120318 -0.000001 0.000000 0.000000 -0.020439
    5 1.069446 0.056463 0.000000 0.000000 0.000000 0.848230
    6 -1.355754 -2.286684 -0.142105 0.000000 -0.009470 -1.638864
    7 1.730202 -0.000584 0.000001 0.000000 -0.423415 0.005236
    8 1.199319 -0.010942 0.000001 0.000000 -0.604230 0.000000
    9 -0.430529 -2.478479 -0.142105 -0.078925 -0.258219 -1.437574
    10 1.925233 0.004627 0.000003 -3.141592 -1.507043 -3.141593
    11 1.413089 0.008475 0.000000 0.000000 -1.124376 0.020944
    12 0.376671 -2.160851 -0.149917 -0.056428 -0.183448 -1.438517
    13 1.956384 0.053687 0.000000 -0.000001 -1.505265 -0.010473
    14 1.358065 0.003407 0.000000 0.000001 -1.231646 0.005236
    15 1.194772 -1.655615 -0.138199 0.000000 -0.269423 -1.445133
    16 1.674395 0.018204 -0.000001 0.000000 -0.610120 -0.005236
    17 1.089296 -0.001050 -0.000001 0.000000 -1.408931 0.000000
    18 5.546776 -0.806130 -12.509528 -1.534852 -0.970753 1.079945
    19 -0.295538 -11.160193 0.000002 0.265806 0.569472 -0.148771
    20 0.288086 -4.437500 0.926270 0.080103 -1.549641 -0.151666
    21 0.000000 2.791016 0.898926 0.000000 0.000000 0.000000
    22 0.000000 -1.945485 2.897376 0.000000 0.000000 0.000000
    23 -0.490966 -4.492466 0.836098 0.625338 1.510368 0.697275
    24 -0.000001 2.900391 1.067383 0.000000 0.000000 0.000000
    25 0.000000 -1.571289 2.900391 0.000000 0.000000 0.000000
    26 -0.021851 -0.545410 0.000000 0.000000 0.000000 0.000000
    27 0.585312 0.239183 0.586107 0.283397 -0.562784 -1.076665
    28 2.306785 0.010602 0.000001 0.000000 0.000000 -0.451989
    29 1.234327 -0.010016 -0.000001 0.000000 0.000000 -0.687313
    30 1.419922 -2.332031 -0.171265 0.000000 -0.052360 -1.523672
    31 1.706055 0.018570 0.000000 0.000000 -0.376991 -0.005236
    32 1.171875 -0.007080 0.000000 0.000000 -0.612611 0.010472
    33 0.511719 -2.587891 -0.171265 0.068179 -0.280440 -1.750247
    34 1.837891 0.009186 0.000000 -3.141591 -1.523670 -3.131118
    35 1.438477 0.012917 -0.000004 0.000000 -1.099558 0.005236
    36 -0.359256 -2.261720 -0.168329 0.017968 -0.224442 -1.724665
    37 1.888672 -0.005322 0.000002 0.000002 -1.544617 0.036656
    38 1.373047 -0.013489 -0.000001 0.000000 -1.130973 0.010472
    39 -1.195313 -1.695313 -0.171265 0.000000 -0.235619 -1.685988
    40 1.687500 -0.013489 -0.000001 0.000000 -0.753982 0.005229
    41 1.072266 0.022156 -0.000002 0.000000 -1.371829 -0.010472
    42 0.000000 -2.077746 1.567595 -0.009624 -0.010918 -0.001402
    43 0.000000 -3.707031 1.591797 0.000000 0.000000 0.000000
    44 0.000000 -1.273438 2.095703 0.000000 0.000000 0.000000
    45 0.000001 -1.327148 2.134766 0.000000 0.000000 0.000000
    46 0.000001 -2.111328 1.572266 0.000000 0.000000 0.000000
    47 0.000001 -3.744141 1.534180 0.000000 0.000000 0.000000
    48 0.500002 9.999993 0.000002 -1.570796 0.000000 -1.570796
    49 0.500002 9.999993 0.000002 -1.570796 0.000000 -1.570796
    50 0.000000 0.000005 0.000001 -1.570796 0.000000 -1.570796
    51 0.000001 0.000003 -0.500010 -1.570796 0.000000 -1.570796
    52 -0.000001 0.000000 -0.000002 -1.570796 0.000000 0.000000
    53 0.000000 0.000000 0.000000 -1.570797 0.000000 0.000000
    54 0.000001 0.000000 0.000000 -1.570796 0.000000 0.000000
    55 0.000000 0.000000 0.000002 -1.570796 0.000000 0.000000
    56 -0.000003 0.000000 0.000001 -1.570796 0.000000 0.000000
    57 0.000000 0.000000 0.000000 -1.570796 0.000000 0.000000
    58 0.000000 0.000000 -0.000002 -1.570796 0.000000 0.000000
    59 0.000000 0.000000 0.000001 -1.570796 0.000000 0.000000
    60 -0.000003 0.000000 0.000000 -1.570796 0.000000 0.000000
    61 -0.000001 0.000000 0.000000 -1.570796 0.000000 0.000000
    62 0.000000 0.000000 0.000000 -1.570796 0.000001 0.000000
    63 0.000000 0.000000 0.000000 -1.570796 0.000001 0.000000
    64 0.000000 0.000000 0.000001 3.141593 0.000000 0.000000
    65 0.000000 0.000000 0.000000 3.141593 0.000000 0.000000
    66 0.000001 -0.000001 0.000002 3.141592 0.000000 0.000000
    67 0.000000 10.000002 -0.000005 -1.570796 0.000000 -1.570796
    68 0.000000 10.000002 -0.000005 -1.570796 0.000000 -1.570796
    69 0.000000 0.000005 -0.000003 -1.570796 0.000000 -1.570796
    70 -0.000002 0.000006 -0.500010 -1.570796 0.000000 -1.570796
    71 -0.000004 0.000000 -0.000002 -1.570796 0.000000 0.000000
    72 0.000000 0.000000 0.000000 -1.570796 0.000000 0.000000
    73 0.000000 0.000000 0.000000 -1.570796 0.000000 0.000000
    74 -0.000002 0.000000 0.000000 -1.570796 0.000000 0.000000
    75 0.000002 0.000000 0.000000 -1.570796 0.000000 0.000000
    76 0.000006 0.000000 0.000000 -1.570796 0.000000 0.000000
    77 0.000001 0.000000 0.000000 -1.570796 0.000000 0.000000
    78 0.000000 0.000000 0.000000 -1.570796 0.000000 0.000000
    79 0.000003 0.000000 0.000000 -1.570796 0.000000 0.000000
    80 0.000000 0.000000 0.000000 -1.570796 0.000000 0.000000
    81 0.000002 0.000000 -0.000001 -1.570796 0.000000 0.000000
    82 0.000000 0.000000 0.000000 -1.570796 0.000000 0.000000
    83 0.000000 0.000000 -0.000003 0.000000 0.000000 0.000000
    84 0.000000 0.000000 0.000000 0.000000 0.000000 0.000000
    85 0.000000 0.000001 -0.000001 0.000000 0.000000 0.000000
  time 129
    0 -7.876684 1.494587 -10.421052 -1.199131 0.504225 -6.677990
    1 0.026867 -11.331078 -0.000002 0.213710 0.039004 0.253977
    2 0.000000 -0.570313 0.000000 0.000000 0.000000 0.000000
    3 -0.523475 0.288004 0.590819 -0.437084 -0.192073 -1.829163
    4 2.276719 -0.120318 -0.000001 0.000000 0.000000 0.011644
    5 1.069446 0.056463 0.000000 0.000000 0.000000 0.848230
    6 -1.355754 -2.286684 -0.142105 0.000000 -0.008451 -1.638864
    7 1.730202 -0.000584 0.000001 0.000000 -0.429835 0.005236
    8 1.203226 -0.010942 0.000001 0.000000 -0.611499 0.000000
    9 -0.430529 -2.482385 -0.142105 -0.078949 -0.258571 -1.437518
    10 1.925233 0.004627 0.000003 -3.141592 -1.509200 -3.141593
    11 1.416995 0.008475 0.000000 0.000000 -1.121567 0.020944
    12 0.376671 -2.160851 -0.149917 -0.056428 -0.183288 -1.438529
    13 1.956384 0.053687 0.000000 -0.000001 -1.503721 -0.010473
    14 1.365878 0.003407 0.000000 0.000001 -1.228319 0.005236
    15 1.194772 -1.655615 -0.138199 0.000000 -0.268989 -1.445133
    16 1.674395 0.018204 -0.000001 0.000000 -0.610613 -0.005236
    17 1.089296 -0.001050 -0.000001 0.000000 -1.405719 0.000000
    18 5.929600 -0.876445 -12.509528 -1.550915 -1.002734 1.108314
    19 -0.295538 -11.152380 0.000002 0.250409 0.543991 -0.159324
    20 0.288086 -4.437500 0.926270 0.080103 -1.549641 -0.151666
    21 0.000000 2.791016 0.898926 0.000000 0.000000 0.000000
    22 0.000000 -1.945485 2.901283 0.000000 0.000000 0.000000
    23 -0.483153 -4.484653 0.847817 0.592616 1.511866 0.665464
    24 -0.000001 2.900391 1.067383 0.000000 0.000000 0.000000
    25 0.000000 -1.571289 2.900391 0.000000 0.000000 0.000000
    26 -0.021851 -0.545410 0.000000 0.000000 0.000000 0.000000
    27 0.581406 0.239183 0.586107 0.284412 -0.555353 -1.073599
    28 2.306785 0.010602 0.000001 0.000000 0.000000 -0.451632
    29 1.238233 -0.010016 -0.000001 0.000000 0.000000 -0.704900
    30 1.419922 -2.332031 -0.171265 0.000000 -0.052360 -1.523672
    31 1.706055 0.018570 0.000000 0.000000 -0.376991 -0.005236
    32 1.171875 -0.007080 0.000000 0.000000 -0.612611 0.010472
    33 0.511719 -2.587891 -0.171265 0.068179 -0.280440 -1.750247
    34 1.837891 0.009186 0.000000 -3.141591 -1.523670 -3.131118
    35 1.438477 0.012917 -0.000004 0.000000 -1.099558 0.005236
    36 -0.359256 -2.261720 -0.168329 0.017968 -0.224442 -1.724665
    37 1.888672 -0.005322 0.000002 0.000002 -1.544617 0.036656
    38 1.373047 -0.013489 -0.000001 0.000000 -1.130973 0.010472
    39 -1.195313 -1.695313 -0.171265 0.000000 -0.235619 -1.685988
    40 1.687500 -0.013489 -0.000001 0.000000 -0.753982 0.005229
    41 1.072266 0.022156 -0.000002 0.000000 -1.371829 -0.010472
    42 0.000000 -2.077746 1.567595 -0.008305 -0.009504 -0.001223
    43 0.000000 -3.707031 1.591797 0.000000 0.000000 0.000000
    44 0.000000 -1.273438 2.095703 0.000000 0.000000 0.000000
    45 0.000001 -1.327148 2.134766 0.000000 0.000000 0.000000
    46 0.000001 -2.111328 1.572266 0.000000 0.000000 0.000000
    47 0.000001 -3.744141 1.534180 0.000000 0.000000 0.000000
    48 0.500002 9.999993 0.000002 -1.570796 0.000000 -1.570796
    49 0.500002 9.999993 0.000002 -1.570796 0.000000 -1.570796
    50 0.000000 0.000005 0.000001 -1.570796 0.000000 -1.570796
    51 0.000001 0.000003 -0.500010 -1.570796 0.000000 -1.570796
    52 -0.000001 0.000000 -0.000002 -1.570796 0.000000 0.000000
    53 0.000000 0.000000 0.000000 -1.570797 0.000000 0.000000
    54 0.000001 0.000000 0.000000 -1.570796 0.000000 0.000000
    55 0.000000 0.000000 0.000002 -1.570796 0.000000 0.000000
    56 -0.000003 0.000000 0.000001 -1.570796 0.000000 0.000000
    57 0.000000 0.000000 0.000000 -1.570796 0.000000 0.000000
    58 0.000000 0.000000 -0.000002 -1.570796 0.000000 0.000000
    59 0.000000 0.000000 0.000001 -1.570796 0.000000 0.000000
    60 -0.000003 0.000000 0.000000 -1.570796 0.000000 0.000000
    61 -0.000001 0.000000 0.000000 -1.570796 0.000000 0.000000
    62 0.000000 0.000000 0.000000 -1.570796 0.000001 0.000000
    63 0.000000 0.000000 0.000000 -1.570796 0.000001 0.000000
    64 0.000000 0.000000 0.000001 3.141593 0.000000 0.000000
    65 0.000000 0.000000 0.000000 3.141593 0.000000 0.000000
    66 0.000001 -0.000001 0.000002 3.141592 0.000000 0.000000
    67 0.000000 10.000002 -0.000005 -1.570796 0.000000 -1.570796
    68 0.000000 10.000002 -0.000005 -1.570796 0.000000 -1.570796
    69 0.000000 0.000005 -0.000003 -1.570796 0.000000 -1.570796
    70 -0.000002 0.000006 -0.500010 -1.570796 0.000000 -1.570796
    71 -0.000004 0.000000 -0.000002 -1.570796 0.000000 0.000000
    72 0.000000 0.000000 0.000000 -1.570796 0.000000 0.000000
    73 0.000000 0.000000 0.000000 -1.570796 0.000000 0.000000
    74 -0.000002 0.000000 0.000000 -1.570796 0.000000 0.000000
    75 0.000002 0.000000 0.000000 -1.570796 0.000000 0.000000
    76 0.000006 0.000000 0.000000 -1.570796 0.000000 0.000000
    77 0.000001 0.000000 0.000000 -1.570796 0.000000 0.000000
    78 0.000000 0.000000 0.000000 -1.570796 0.000000 0.000000
    79 0.000003 0.000000 0.000000 -1.570796 0.000000 0.000000
    80 0.000000 0.000000 0.000000 -1.570796 0.000000 0.000000
    81 0.000002 0.000000 -0.000001 -1.570796 0.000000 0.000000
    82 0.000000 0.000000 0.000000 -1.570796 0.000000 0.000000
    83 0.000000 0.000000 -0.000003 0.000000 0.000000 0.000000
    84 0.000000 0.000000 0.000000 0.000000 0.000000 0.000000
    85 0.000000 0.000001 -0.000001 0.000000 0.000000 0.000000
  time 130
    0 -8.068096 1.572714 -10.514805 -1.205446 0.598800 -0.447068
    1 0.026867 -11.331078 -0.000002 0.216511 -0.008499 0.249998
    2 0.000000 -0.570313 0.000000 0.000000 0.000000 0.000000
    3 -0.523475 0.288004 0.586913 -0.429231 -0.204496 -1.837079
    4 2.276719 -0.124224 -0.000001 0.000000 0.000000 0.051622
    5 1.069446 0.056463 0.000000 0.000000 0.000000 0.848230
    6 -1.355754 -2.278871 -0.142105 0.000000 -0.007347 -1.638864
    7 1.730202 -0.000584 0.000001 0.000000 -0.436254 0.005236
    8 1.195413 -0.010942 0.000001 0.000000 -0.618768 0.000000
    9 -0.430529 -2.478479 -0.142105 -0.078937 -0.259125 -1.437491
    10 1.925233 0.004627 0.000003 -3.141592 -1.511302 -3.141593
    11 1.413089 0.008475 0.000000 0.000000 -1.119018 0.020944
    12 0.376671 -2.160851 -0.149917 -0.056428 -0.183128 -1.438529
    13 1.956384 0.057593 0.000000 -0.000001 -1.502344 -0.010473
    14 1.358065 0.003407 0.000000 0.000001 -1.225337 0.005236
    15 1.194772 -1.655615 -0.138199 0.000000 -0.268446 -1.445133
    16 1.674395 0.018204 -0.000001 0.000000 -0.611023 -0.005236
    17 1.089296 -0.001050 -0.000001 0.000000 -1.402896 0.000000
    18 6.374926 -0.899883 -12.368899 -1.571486 -1.034462 1.137619
    19 -0.299444 -11.160193 0.000002 0.241236 0.519974 -0.169069
    20 0.288086 -4.437500 0.926270 0.080103 -1.549641 -0.151666
    21 0.000000 2.791016 0.898926 0.000000 0.000000 0.000000
    22 0.000000 -1.945485 2.901283 0.000000 0.000000 0.000000
    23 -0.490966 -4.492466 0.836098 0.560975 1.513232 0.634597
    24 -0.000001 2.900391 1.067383 0.000000 0.000000 0.000000
    25 0.000000 -1.571289 2.900391 0.000000 0.000000 0.000000
    26 -0.021851 -0.545410 0.000000 0.000000 0.000000 0.000000
    27 0.581406 0.235277 0.590013 0.285550 -0.547806 -1.070623
    28 2.306785 0.010602 0.000001 0.000000 0.000000 -0.451399
    29 1.234327 -0.010016 -0.000001 0.000000 0.000000 -0.722886
    30 1.419922 -2.332031 -0.171265 0.000000 -0.052360 -1.523672
    31 1.706055 0.018570 0.000000 0.000000 -0.376991 -0.005236
    32 1.171875 -0.007080 0.000000 0.000000 -0.612611 0.010472
    33 0.511719 -2.587891 -0.171265 0.068179 -0.280440 -1.750247
    34 1.837891 0.009186 0.000000 -3.141591 -1.523670 -3.131118
    35 1.438477 0.012917 -0.000004 0.000000 -1.099558 0.005236
    36 -0.359256 -2.261720 -0.168329 0.017968 -0.224442 -1.724665
    37 1.888672 -0.005322 0.000002 0.000002 -1.544617 0.036656
    38 1.373047 -0.013489 -0.000001 0.000000 -1.130973 0.010472
    39 -1.195313 -1.695313 -0.171265 0.000000 -0.235619 -1.685988
    40 1.687500 -0.013489 -0.000001 0.000000 -0.753982 0.005229
    41 1.072266 0.022156 -0.000002 0.000000 -1.371829 -0.010472
    42 0.000000 -2.077746 1.571501 -0.006927 -0.007934 -0.001079
    43 0.000000 -3.707031 1.591797 0.000000 0.000000 0.000000
    44 0.000000 -1.273438 2.095703 0.000000 0.000000 0.000000
    45 0.000001 -1.327148 2.134766 0.000000 0.000000 0.000000
    46 0.000001 -2.111328 1.572266 0.000000 0.000000 0.000000
    47 0.000001 -3.744141 1.534180 0.000000 0.000000 0.000000
    48 0.500002 9.999993 0.000002 -1.570796 0.000000 -1.570796
    49 0.500002 9.999993 0.000002 -1.570796 0.000000 -1.570796
    50 0.000000 0.000005 0.000001 -1.570796 0.000000 -1.570796
    51 0.000001 0.000003 -0.500010 -1.570796 0.000000 -1.570796
    52 -0.000001 0.000000 -0.000002 -1.570796 0.000000 0.000000
    53 0.000000 0.000000 0.000000 -1.570797 0.000000 0.000000
    54 0.000001 0.000000 0.000000 -1.570796 0.000000 0.000000
    55 0.000000 0.000000 0.000002 -1.570796 0.000000 0.000000
    56 -0.000003 0.000000 0.000001 -1.570796 0.000000 0.000000
    57 0.000000 0.000000 0.000000 -1.570796 0.000000 0.000000
    58 0.000000 0.000000 -0.000002 -1.570796 0.000000 0.000000
    59 0.000000 0.000000 0.000001 -1.570796 0.000000 0.000000
    60 -0.000003 0.000000 0.000000 -1.570796 0.000000 0.000000
    61 -0.000001 0.000000 0.000000 -1.570796 0.000000 0.000000
    62 0.000000 0.000000 0.000000 -1.570796 0.000001 0.000000
    63 0.000000 0.000000 0.000000 -1.570796 0.000001 0.000000
    64 0.000000 0.000000 0.000001 3.141593 0.000000 0.000000
    65 0.000000 0.000000 0.000000 3.141593 0.000000 0.000000
    66 0.000001 -0.000001 0.000002 3.141592 0.000000 0.000000
    67 0.000000 10.000002 -0.000005 -1.570796 0.000000 -1.570796
    68 0.000000 10.000002 -0.000005 -1.570796 0.000000 -1.570796
    69 0.000000 0.000005 -0.000003 -1.570796 0.000000 -1.570796
    70 -0.000002 0.000006 -0.500010 -1.570796 0.000000 -1.570796
    71 -0.000004 0.000000 -0.000002 -1.570796 0.000000 0.000000
    72 0.000000 0.000000 0.000000 -1.570796 0.000000 0.000000
    73 0.000000 0.000000 0.000000 -1.570796 0.000000 0.000000
    74 -0.000002 0.000000 0.000000 -1.570796 0.000000 0.000000
    75 0.000002 0.000000 0.000000 -1.570796 0.000000 0.000000
    76 0.000006 0.000000 0.000000 -1.570796 0.000000 0.000000
    77 0.000001 0.000000 0.000000 -1.570796 0.000000 0.000000
    78 0.000000 0.000000 0.000000 -1.570796 0.000000 0.000000
    79 0.000003 0.000000 0.000000 -1.570796 0.000000 0.000000
    80 0.000000 0.000000 0.000000 -1.570796 0.000000 0.000000
    81 0.000002 0.000000 -0.000001 -1.570796 0.000000 0.000000
    82 0.000000 0.000000 0.000000 -1.570796 0.000000 0.000000
    83 0.000000 0.000000 -0.000003 0.000000 0.000000 0.000000
    84 0.000000 0.000000 0.000000 0.000000 0.000000 0.000000
    85 0.000000 0.000001 -0.000001 0.000000 0.000000 0.000000
  time 131
    0 -8.322010 1.592246 -10.491367 -1.226069 0.729960 -0.528683
    1 0.026867 -11.331078 -0.000002 0.219064 -0.049389 0.248196
    2 0.000000 -0.570313 0.000000 0.000000 0.000000 0.000000
    3 -0.523475 0.288004 0.586913 -0.412496 -0.222713 -1.856918
    4 2.276719 -0.128130 -0.000001 0.000000 0.000000 0.099260
    5 1.069446 0.056463 0.000000 0.000000 0.000000 0.848230
    6 -1.351848 -2.278871 -0.146012 0.000000 -0.006370 -1.638864
    7 1.730202 -0.000584 0.000001 0.000000 -0.442706 0.005236
    8 1.203226 -0.010942 0.000001 0.000000 -0.626037 0.000000
    9 -0.430529 -2.482385 -0.142105 -0.078949 -0.259226 -1.437477
    10 1.925233 0.004627 0.000003 -3.141592 -1.513072 -3.141593
    11 1.416995 0.008475 0.000000 0.000000 -1.116770 0.020944
    12 0.376671 -2.160851 -0.149917 -0.056428 -0.182928 -1.438553
    13 1.952478 0.053687 0.000000 -0.000001 -1.501021 -0.010473
    14 1.365878 0.003407 0.000000 0.000001 -1.222658 0.005236
    15 1.194772 -1.655615 -0.138199 0.000000 -0.268084 -1.445133
    16 1.674395 0.018204 -0.000001 0.000000 -0.611461 -0.005236
    17 1.089296 -0.001050 -0.000001 0.000000 -1.400268 0.000000
    18 6.882754 -0.876445 -12.083734 -1.598163 -1.067311 1.170014
    19 -0.295538 -11.156286 0.000002 0.236163 0.496354 -0.178486
    20 0.288086 -4.437500 0.926270 0.080103 -1.549641 -0.151666
    21 0.000000 2.791016 0.898926 0.000000 0.000000 0.000000
    22 0.000000 -1.945485 2.901283 0.000000 0.000000 0.000000
    23 -0.490966 -4.488559 0.843910 0.530867 1.514383 0.605288
    24 -0.000001 2.900391 1.067383 0.000000 0.000000 0.000000
    25 0.000000 -1.571289 2.900391 0.000000 0.000000 0.000000
    26 -0.021851 -0.545410 0.000000 0.000000 0.000000 0.000000
    27 0.581406 0.239183 0.582201 0.286811 -0.540156 -1.067587
    28 2.306785 0.010602 0.000001 0.000000 0.000000 -0.451368
    29 1.234327 -0.010016 -0.000001 0.000000 0.000000 -0.741271
    30 1.419922 -2.332031 -0.171265 0.000000 -0.052360 -1.523672
    31 1.706055 0.018570 0.000000 0.000000 -0.376991 -0.005236
    32 1.171875 -0.007080 0.000000 0.000000 -0.612611 0.010472
    33 0.511719 -2.587891 -0.171265 0.068179 -0.280440 -1.750247
    34 1.837891 0.009186 0.000000 -3.141591 -1.523670 -3.131118
    35 1.438477 0.012917 -0.000004 0.000000 -1.099558 0.005236
    36 -0.359256 -2.261720 -0.168329 0.017968 -0.224442 -1.724665
    37 1.888672 -0.005322 0.000002 0.000002 -1.544617 0.036656
    38 1.373047 -0.013489 -0.000001 0.000000 -1.130973 0.010472
    39 -1.195313 -1.695313 -0.171265 0.000000 -0.235619 -1.685988
    40 1.687500 -0.013489 -0.000001 0.000000 -0.753982 0.005229
    41 1.072266 0.022156 -0.000002 0.000000 -1.371829 -0.010472
    42 0.000000 -2.077746 1.571501 -0.005561 -0.006316 -0.000815
    43 0.000000 -3.707031 1.591797 0.000000 0.000000 0.000000
    44 0.000000 -1.273438 2.095703 0.000000 0.000000 0.000000
    45 0.000001 -1.327148 2.134766 0.000000 0.000000 0.000000
    46 0.000001 -2.111328 1.572266 0.000000 0.000000 0.000000
    47 0.000001 -3.744141 1.534180 0.000000 0.000000 0.000000
    48 0.500002 9.999993 0.000002 -1.570796 0.000000 -1.570796
    49 0.500002 9.999993 0.000002 -1.570796 0.000000 -1.570796
    50 0.000000 0.000005 0.000001 -1.570796 0.000000 -1.570796
    51 0.000001 0.000003 -0.500010 -1.570796 0.000000 -1.570796
    52 -0.000001 0.000000 -0.000002 -1.570796 0.000000 0.000000
    53 0.000000 0.000000 0.000000 -1.570797 0.000000 0.000000
    54 0.000001 0.000000 0.000000 -1.570796 0.000000 0.000000
    55 0.000000 0.000000 0.000002 -1.570796 0.000000 0.000000
    56 -0.000003 0.000000 0.000001 -1.570796 0.000000 0.000000
    57 0.000000 0.000000 0.000000 -1.570796 0.000000 0.000000
    58 0.000000 0.000000 -0.000002 -1.570796 0.000000 0.000000
    59 0.000000 0.000000 0.000001 -1.570796 0.000000 0.000000
    60 -0.000003 0.000000 0.000000 -1.570796 0.000000 0.000000
    61 -0.000001 0.000000 0.000000 -1.570796 0.000000 0.000000
    62 0.000000 0.000000 0.000000 -1.570796 0.000001 0.000000
    63 0.000000 0.000000 0.000000 -1.570796 0.000001 0.000000
    64 0.000000 0.000000 0.000001 3.141593 0.000000 0.000000
    65 0.000000 0.000000 0.000000 3.141593 0.000000 0.000000
    66 0.000001 -0.000001 0.000002 3.141592 0.000000 0.000000
    67 0.000000 10.000002 -0.000005 -1.570796 0.000000 -1.570796
    68 0.000000 10.000002 -0.000005 -1.570796 0.000000 -1.570796
    69 0.000000 0.000005 -0.000003 -1.570796 0.000000 -1.570796
    70 -0.000002 0.000006 -0.500010 -1.570796 0.000000 -1.570796
    71 -0.000004 0.000000 -0.000002 -1.570796 0.000000 0.000000
    72 0.000000 0.000000 0.000000 -1.570796 0.000000 0.000000
    73 0.000000 0.000000 0.000000 -1.570796 0.000000 0.000000
    74 -0.000002 0.000000 0.000000 -1.570796 0.000000 0.000000
    75 0.000002 0.000000 0.000000 -1.570796 0.000000 0.000000
    76 0.000006 0.000000 0.000000 -1.570796 0.000000 0.000000
    77 0.000001 0.000000 0.000000 -1.570796 0.000000 0.000000
    78 0.000000 0.000000 0.000000 -1.570796 0.000000 0.000000
    79 0.000003 0.000000 0.000000 -1.570796 0.000000 0.000000
    80 0.000000 0.000000 0.000000 -1.570796 0.000000 0.000000
    81 0.000002 0.000000 -0.000001 -1.570796 0.000000 0.000000
    82 0.000000 0.000000 0.000000 -1.570796 0.000000 0.000000
    83 0.000000 0.000000 -0.000003 0.000000 0.000000 0.000000
    84 0.000000 0.000000 0.000000 0.000000 0.000000 0.000000
    85 0.000000 0.000001 -0.000001 0.000000 0.000000 0.000000
  time 132
    0 -8.638426 1.549276 -10.331206 -1.258204 0.838148 -0.609053
    1 0.026867 -11.331078 -0.000002 0.221546 -0.087000 0.248046
    2 0.000000 -0.570313 0.000000 0.000000 0.000000 0.000000
    3 -0.523475 0.288004 0.590819 -0.388321 -0.245357 -1.886217
    4 2.276719 -0.124224 -0.000001 0.000000 0.000000 0.154020
    5 1.069446 0.056463 0.000000 0.000000 0.000000 0.848230
    6 -1.355754 -2.286684 -0.142105 0.000000 -0.005266 -1.638864
    7 1.730202 -0.000584 0.000001 0.000000 -0.449157 0.005236
    8 1.199319 -0.010942 0.000001 0.000000 -0.633389 0.000000
    9 -0.430529 -2.478479 -0.142105 -0.078949 -0.259529 -1.437477
    10 1.925233 0.004627 0.000003 -3.141592 -1.514787 -3.141593
    11 1.413089 0.008475 0.000000 0.000000 -1.114783 0.020944
    12 0.376671 -2.160851 -0.149917 -0.056428 -0.182808 -1.438553
    13 1.956384 0.057593 0.000000 -0.000001 -1.499974 -0.010473
    14 1.365878 0.003407 0.000000 0.000001 -1.220324 0.005236
    15 1.194772 -1.655615 -0.138199 0.000000 -0.267831 -1.445133
    16 1.678301 0.018204 -0.000001 0.000000 -0.611872 -0.005236
    17 1.089296 -0.001050 -0.000001 0.000000 -1.398029 0.000000
    18 7.456990 -0.798318 -11.654033 -1.631885 -1.102364 1.208963
    19 -0.295538 -11.156286 0.000002 0.233897 0.472039 -0.188256
    20 0.288086 -4.437500 0.926270 0.080103 -1.549641 -0.151666
    21 0.000000 2.791016 0.898926 0.000000 0.000000 0.000000
    22 0.000000 -1.937672 2.901283 0.000000 0.000000 0.000000
    23 -0.483153 -4.484653 0.843910 0.503103 1.515414 0.578370
    24 -0.000001 2.900391 1.067383 0.000000 0.000000 0.000000
    25 0.000000 -1.571289 2.900391 0.000000 0.000000 0.000000
    26 -0.021851 -0.545410 0.000000 0.000000 0.000000 0.000000
    27 0.581406 0.235277 0.590013 0.288180 -0.532403 -1.064612
    28 2.306785 0.010602 0.000001 0.000000 0.000000 -0.451492
    29 1.238233 -0.010016 -0.000001 0.000000 0.000000 -0.759963
    30 1.419922 -2.332031 -0.171265 0.000000 -0.052360 -1.523672
    31 1.706055 0.018570 0.000000 0.000000 -0.376991 -0.005236
    32 1.171875 -0.007080 0.000000 0.000000 -0.612611 0.010472
    33 0.511719 -2.587891 -0.171265 0.068179 -0.280440 -1.750247
    34 1.837891 0.009186 0.000000 -3.141591 -1.523670 -3.131118
    35 1.438477 0.012917 -0.000004 0.000000 -1.099558 0.005236
    36 -0.359256 -2.261720 -0.168329 0.017968 -0.224442 -1.724665
    37 1.888672 -0.005322 0.000002 0.000002 -1.544617 0.036656
    38 1.373047 -0.013489 -0.000001 0.000000 -1.130973 0.010472
    39 -1.195313 -1.695313 -0.171265 0.000000 -0.235619 -1.685988
    40 1.687500 -0.013489 -0.000001 0.000000 -0.753982 0.005229
    41 1.072266 0.022156 -0.000002 0.000000 -1.371829 -0.010472
    42 0.000000 -2.073839 1.567595 -0.004159 -0.004722 -0.000587
    43 0.000000 -3.707031 1.591797 0.000000 0.000000 0.000000
    44 0.000000 -1.273438 2.095703 0.000000 0.000000 0.000000
    45 0.000001 -1.327148 2.134766 0.000000 0.000000 0.000000
    46 0.000001 -2.111328 1.572266 0.000000 0.000000 0.000000
    47 0.000001 -3.744141 1.534180 0.000000 0.000000 0.000000
    48 0.500002 9.999993 0.000002 -1.570796 0.000000 -1.570796
    49 0.500002 9.999993 0.000002 -1.570796 0.000000 -1.570796
    50 0.000000 0.000005 0.000001 -1.570796 0.000000 -1.570796
    51 0.000001 0.000003 -0.500010 -1.570796 0.000000 -1.570796
    52 -0.000001 0.000000 -0.000002 -1.570796 0.000000 0.000000
    53 0.000000 0.000000 0.000000 -1.570797 0.000000 0.000000
    54 0.000001 0.000000 0.000000 -1.570796 0.000000 0.000000
    55 0.000000 0.000000 0.000002 -1.570796 0.000000 0.000000
    56 -0.000003 0.000000 0.000001 -1.570796 0.000000 0.000000
    57 0.000000 0.000000 0.000000 -1.570796 0.000000 0.000000
    58 0.000000 0.000000 -0.000002 -1.570796 0.000000 0.000000
    59 0.000000 0.000000 0.000001 -1.570796 0.000000 0.000000
    60 -0.000003 0.000000 0.000000 -1.570796 0.000000 0.000000
    61 -0.000001 0.000000 0.000000 -1.570796 0.000000 0.000000
    62 0.000000 0.000000 0.000000 -1.570796 0.000001 0.000000
    63 0.000000 0.000000 0.000000 -1.570796 0.000001 0.000000
    64 0.000000 0.000000 0.000001 3.141593 0.000000 0.000000
    65 0.000000 0.000000 0.000000 3.141593 0.000000 0.000000
    66 0.000001 -0.000001 0.000002 3.141592 0.000000 0.000000
    67 0.000000 10.000002 -0.000005 -1.570796 0.000000 -1.570796
    68 0.000000 10.000002 -0.000005 -1.570796 0.000000 -1.570796
    69 0.000000 0.000005 -0.000003 -1.570796 0.000000 -1.570796
    70 -0.000002 0.000006 -0.500010 -1.570796 0.000000 -1.570796
    71 -0.000004 0.000000 -0.000002 -1.570796 0.000000 0.000000
    72 0.000000 0.000000 0.000000 -1.570796 0.000000 0.000000
    73 0.000000 0.000000 0.000000 -1.570796 0.000000 0.000000
    74 -0.000002 0.000000 0.000000 -1.570796 0.000000 0.000000
    75 0.000002 0.000000 0.000000 -1.570796 0.000000 0.000000
    76 0.000006 0.000000 0.000000 -1.570796 0.000000 0.000000
    77 0.000001 0.000000 0.000000 -1.570796 0.000000 0.000000
    78 0.000000 0.000000 0.000000 -1.570796 0.000000 0.000000
    79 0.000003 0.000000 0.000000 -1.570796 0.000000 0.000000
    80 0.000000 0.000000 0.000000 -1.570796 0.000000 0.000000
    81 0.000002 0.000000 -0.000001 -1.570796 0.000000 0.000000
    82 0.000000 0.000000 0.000000 -1.570796 0.000000 0.000000
    83 0.000000 0.000000 -0.000003 0.000000 0.000000 0.000000
    84 0.000000 0.000000 0.000000 0.000000 0.000000 0.000000
    85 0.000000 0.000001 -0.000001 0.000000 0.000000 0.000000
  time 133
    0 -9.032969 1.455523 -10.057760 -1.304647 0.934873 -0.698619
    1 0.026867 -11.331078 -0.000002 0.224063 -0.124694 0.248834
    2 0.000000 -0.570313 0.000000 0.000000 0.000000 0.000000
    3 -0.523475 0.280191 0.586913 -0.358126 -0.270736 -1.922907
    4 2.268907 -0.124224 -0.000001 0.000000 0.000000 0.215566
    5 1.069446 0.056463 0.000000 0.000000 0.000000 0.848230
    6 -1.355754 -2.278871 -0.142105 0.000000 -0.004247 -1.638864
    7 1.730202 -0.000584 0.000001 0.000000 -0.455640 0.005236
    8 1.199319 -0.010942 0.000001 0.000000 -0.640686 0.000000
    9 -0.422716 -2.478479 -0.142105 -0.078961 -0.259780 -1.437463
    10 1.925233 0.004627 0.000003 -3.141592 -1.516059 -3.141593
    11 1.413089 0.008475 0.000000 0.000000 -1.113097 0.020944
    12 0.376671 -2.160851 -0.149917 -0.056428 -0.182688 -1.438553
    13 1.952478 0.057593 0.000000 -0.000001 -1.499037 -0.010473
    14 1.365878 0.003407 0.000000 0.000001 -1.218423 0.005236
    15 1.194772 -1.659521 -0.146012 0.000000 -0.267433 -1.445133
    16 1.674395 0.018204 -0.000001 0.000000 -0.612118 -0.005236
    17 1.089296 -0.001050 -0.000001 0.000000 -1.396131 0.000000
    18 8.082009 -0.669407 -11.087610 -1.676879 -1.140633 1.259147
    19 -0.295538 -11.160193 0.000002 0.232530 0.445839 -0.198708
    20 0.288086 -4.437500 0.926270 0.080103 -1.549641 -0.151666
    21 0.000000 2.791016 0.898926 0.000000 0.000000 0.000000
    22 0.000000 -1.945485 2.901283 0.000000 0.000000 0.000000
    23 -0.494872 -4.492466 0.847817 0.478764 1.516217 0.554734
    24 -0.000001 2.900391 1.067383 0.000000 0.000000 0.000000
    25 0.000000 -1.571289 2.900391 0.000000 0.000000 0.000000
    26 -0.021851 -0.545410 0.000000 0.000000 0.000000 0.000000
    27 0.581406 0.231370 0.582201 0.289641 -0.524547 -1.061275
    28 2.306785 0.010602 0.000001 0.000000 0.000000 -0.451865
    29 1.234327 -0.010016 -0.000001 0.000000 0.000000 -0.779023
    30 1.419922 -2.332031 -0.171265 0.000000 -0.052360 -1.523672
    31 1.706055 0.018570 0.000000 0.000000 -0.376991 -0.005236
    32 1.171875 -0.007080 0.000000 0.000000 -0.612611 0.010472
    33 0.511719 -2.587891 -0.171265 0.068179 -0.280440 -1.750247
    34 1.837891 0.009186 0.000000 -3.141591 -1.523670 -3.131118
    35 1.438477 0.012917 -0.000004 0.000000 -1.099558 0.005236
    36 -0.363163 -2.261720 -0.168329 0.017968 -0.224442 -1.724665
    37 1.888672 -0.005322 0.000002 0.000002 -1.544617 0.036656
    38 1.373047 -0.013489 -0.000001 0.000000 -1.130973 0.010472
    39 -1.195313 -1.695313 -0.171265 0.000000 -0.235619 -1.685988
    40 1.687500 -0.013489 -0.000001 0.000000 -0.753982 0.005229
    41 1.072266 0.022156 -0.000002 0.000000 -1.371829 -0.010472
    42 0.000000 -2.077746 1.567595 -0.002792 -0.003236 -0.000420
    43 0.000000 -3.707031 1.591797 0.000000 0.000000 0.000000
    44 0.000000 -1.273438 2.095703 0.000000 0.000000 0.000000
    45 0.000001 -1.327148 2.134766 0.000000 0.000000 0.000000
    46 0.000001 -2.111328 1.572266 0.000000 0.000000 0.000000
    47 0.000001 -3.744141 1.534180 0.000000 0.000000 0.000000
    48 0.500002 9.999993 0.000002 -1.570796 0.000000 -1.570796
    49 0.500002 9.999993 0.000002 -1.570796 0.000000 -1.570796
    50 0.000000 0.000005 0.000001 -1.570796 0.000000 -1.570796
    51 0.000001 0.000003 -0.500010 -1.570796 0.000000 -1.570796
    52 -0.000001 0.000000 -0.000002 -1.570796 0.000000 0.000000
    53 0.000000 0.000000 0.000000 -1.570797 0.000000 0.000000
    54 0.000001 0.000000 0.000000 -1.570796 0.000000 0.000000
    55 0.000000 0.000000 0.000002 -1.570796 0.000000 0.000000
    56 -0.000003 0.000000 0.000001 -1.570796 0.000000 0.000000
    57 0.000000 0.000000 0.000000 -1.570796 0.000000 0.000000
    58 0.000000 0.000000 -0.000002 -1.570796 0.000000 0.000000
    59 0.000000 0.000000 0.000001 -1.570796 0.000000 0.000000
    60 -0.000003 0.000000 0.000000 -1.570796 0.000000 0.000000
    61 -0.000001 0.000000 0.000000 -1.570796 0.000000 0.000000
    62 0.000000 0.000000 0.000000 -1.570796 0.000001 0.000000
    63 0.000000 0.000000 0.000000 -1.570796 0.000001 0.000000
    64 0.000000 0.000000 0.000001 3.141593 0.000000 0.000000
    65 0.000000 0.000000 0.000000 3.141593 0.000000 0.000000
    66 0.000001 -0.000001 0.000002 3.141592 0.000000 0.000000
    67 0.000000 10.000002 -0.000005 -1.570796 0.000000 -1.570796
    68 0.000000 10.000002 -0.000005 -1.570796 0.000000 -1.570796
    69 0.000000 0.000005 -0.000003 -1.570796 0.000000 -1.570796
    70 -0.000002 0.000006 -0.500010 -1.570796 0.000000 -1.570796
    71 -0.000004 0.000000 -0.000002 -1.570796 0.000000 0.000000
    72 0.000000 0.000000 0.000000 -1.570796 0.000000 0.000000
    73 0.000000 0.000000 0.000000 -1.570796 0.000000 0.000000
    74 -0.000002 0.000000 0.000000 -1.570796 0.000000 0.000000
    75 0.000002 0.000000 0.000000 -1.570796 0.000000 0.000000
    76 0.000006 0.000000 0.000000 -1.570796 0.000000 0.000000
    77 0.000001 0.000000 0.000000 -1.570796 0.000000 0.000000
    78 0.000000 0.000000 0.000000 -1.570796 0.000000 0.000000
    79 0.000003 0.000000 0.000000 -1.570796 0.000000 0.000000
    80 0.000000 0.000000 0.000000 -1.570796 0.000000 0.000000
    81 0.000002 0.000000 -0.000001 -1.570796 0.000000 0.000000
    82 0.000000 0.000000 0.000000 -1.570796 0.000000 0.000000
    83 0.000000 0.000000 -0.000003 0.000000 0.000000 0.000000
    84 0.000000 0.000000 0.000000 0.000000 0.000000 0.000000
    85 0.000000 0.000001 -0.000001 0.000000 0.000000 0.000000
  time 134
    0 -9.493921 1.287549 -9.659310 -1.377389 1.030657 -0.814145
    1 0.026867 -11.331078 -0.000002 0.226687 -0.165942 0.249923
    2 0.000000 -0.570313 0.000000 0.000000 0.000000 0.000000
    3 -0.523475 0.284097 0.590819 -0.323509 -0.297393 -1.964358
    4 2.272813 -0.124224 -0.000001 0.000000 0.000000 0.283663
    5 1.069446 0.056463 0.000000 0.000000 0.000000 0.848230
    6 -1.351848 -2.286684 -0.142105 0.000000 -0.003143 -1.638864
    7 1.730202 -0.000584 0.000001 0.000000 -0.462153 0.005236
    8 1.195413 -0.010942 0.000001 0.000000 -0.648038 0.000000
    9 -0.430529 -2.478479 -0.142105 -0.078961 -0.259982 -1.437435
    10 1.929139 0.004627 0.000003 -3.141592 -1.517110 -3.141593
    11 1.413089 0.008475 0.000000 0.000000 -1.111757 0.020944
    12 0.376671 -2.160851 -0.146011 -0.056428 -0.182688 -1.438565
    13 1.952478 0.057593 0.000000 -0.000001 -1.498376 -0.010473
    14 1.358065 0.003407 0.000000 0.000001 -1.216780 0.005236
    15 1.194772 -1.655615 -0.138199 0.000000 -0.267216 -1.445133
    16 1.674395 0.018204 -0.000001 0.000000 -0.612392 -0.005236
    17 1.089296 -0.001050 -0.000001 0.000000 -1.394671 0.000000
    18 8.796875 -0.501433 -10.380557 -1.739157 -1.183094 1.327963
    19 -0.295538 -11.160193 0.000002 0.230623 0.416835 -0.209968
    20 0.288086 -4.437500 0.926270 0.080103 -1.549641 -0.151666
    21 0.000000 2.791016 0.898926 0.000000 0.000000 0.000000
    22 0.000000 -1.945485 2.901283 0.000000 0.000000 0.000000
    23 -0.487059 -4.488559 0.843910 0.458482 1.516804 0.534990
    24 -0.000001 2.900391 1.067383 0.000000 0.000000 0.000000
    25 0.000000 -1.571289 2.900391 0.000000 0.000000 0.000000
    26 -0.021851 -0.545410 0.000000 0.000000 0.000000 0.000000
    27 0.585312 0.235277 0.586107 0.291271 -0.516678 -1.058119
    28 2.306785 0.010602 0.000001 0.000000 0.000000 -0.452393
    29 1.234327 -0.010016 -0.000001 0.000000 0.000000 -0.798329
    30 1.419922 -2.332031 -0.171265 0.000000 -0.052360 -1.523672
    31 1.706055 0.018570 0.000000 0.000000 -0.376991 -0.005236
    32 1.171875 -0.007080 0.000000 0.000000 -0.612611 0.010472
    33 0.511719 -2.587891 -0.171265 0.068179 -0.280440 -1.750247
    34 1.837891 0.009186 0.000000 -3.141591 -1.523670 -3.131118
    35 1.438477 0.012917 -0.000004 0.000000 -1.099558 0.005236
    36 -0.359256 -2.261720 -0.168329 0.017968 -0.224442 -1.724665
    37 1.888672 -0.005322 0.000002 0.000002 -1.544617 0.036656
    38 1.373047 -0.013489 -0.000001 0.000000 -1.130973 0.010472
    39 -1.195313 -1.695313 -0.171265 0.000000 -0.235619 -1.685988
    40 1.687500 -0.013489 -0.000001 0.000000 -0.753982 0.005229
    41 1.072266 0.022156 -0.000002 0.000000 -1.371829 -0.010472
    42 0.000000 -2.077746 1.571501 -0.001702 -0.001930 -0.000264
    43 0.000000 -3.707031 1.591797 0.000000 0.000000 0.000000
    44 0.000000 -1.273438 2.095703 0.000000 0.000000 0.000000
    45 0.000001 -1.327148 2.134766 0.000000 0.000000 0.000000
    46 0.000001 -2.111328 1.572266 0.000000 0.000000 0.000000
    47 0.000001 -3.744141 1.534180 0.000000 0.000000 0.000000
    48 0.500002 9.999993 0.000002 -1.570796 0.000000 -1.570796
    49 0.500002 9.999993 0.000002 -1.570796 0.000000 -1.570796
    50 0.000000 0.000005 0.000001 -1.570796 0.000000 -1.570796
    51 0.000001 0.000003 -0.500010 -1.570796 0.000000 -1.570796
    52 -0.000001 0.000000 -0.000002 -1.570796 0.000000 0.000000
    53 0.000000 0.000000 0.000000 -1.570797 0.000000 0.000000
    54 0.000001 0.000000 0.000000 -1.570796 0.000000 0.000000
    55 0.000000 0.000000 0.000002 -1.570796 0.000000 0.000000
    56 -0.000003 0.000000 0.000001 -1.570796 0.000000 0.000000
    57 0.000000 0.000000 0.000000 -1.570796 0.000000 0.000000
    58 0.000000 0.000000 -0.000002 -1.570796 0.000000 0.000000
    59 0.000000 0.000000 0.000001 -1.570796 0.000000 0.000000
    60 -0.000003 0.000000 0.000000 -1.570796 0.000000 0.000000
    61 -0.000001 0.000000 0.000000 -1.570796 0.000000 0.000000
    62 0.000000 0.000000 0.000000 -1.570796 0.000001 0.000000
    63 0.000000 0.000000 0.000000 -1.570796 0.000001 0.000000
    64 0.000000 0.000000 0.000001 3.141593 0.000000 0.000000
    65 0.000000 0.000000 0.000000 3.141593 0.000000 0.000000
    66 0.000001 -0.000001 0.000002 3.141592 0.000000 0.000000
    67 0.000000 10.000002 -0.000005 -1.570796 0.000000 -1.570796
    68 0.000000 10.000002 -0.000005 -1.570796 0.000000 -1.570796
    69 0.000000 0.000005 -0.000003 -1.570796 0.000000 -1.570796
    70 -0.000002 0.000006 -0.500010 -1.570796 0.000000 -1.570796
    71 -0.000004 0.000000 -0.000002 -1.570796 0.000000 0.000000
    72 0.000000 0.000000 0.000000 -1.570796 0.000000 0.000000
    73 0.000000 0.000000 0.000000 -1.570796 0.000000 0.000000
    74 -0.000002 0.000000 0.000000 -1.570796 0.000000 0.000000
    75 0.000002 0.000000 0.000000 -1.570796 0.000000 0.000000
    76 0.000006 0.000000 0.000000 -1.570796 0.000000 0.000000
    77 0.000001 0.000000 0.000000 -1.570796 0.000000 0.000000
    78 0.000000 0.000000 0.000000 -1.570796 0.000000 0.000000
    79 0.000003 0.000000 0.000000 -1.570796 0.000000 0.000000
    80 0.000000 0.000000 0.000000 -1.570796 0.000000 0.000000
    81 0.000002 0.000000 -0.000001 -1.570796 0.000000 0.000000
    82 0.000000 0.000000 0.000000 -1.570796 0.000000 0.000000
    83 0.000000 0.000000 -0.000003 0.000000 0.000000 0.000000
    84 0.000000 0.000000 0.000000 0.000000 0.000000 0.000000
    85 0.000000 0.000001 -0.000001 0.000000 0.000000 0.000000
  time 135
    0 -10.021281 1.072699 -9.135857 -1.508805 1.132352 -0.993373
    1 0.026867 -11.331078 -0.000002 0.229807 -0.214024 0.250486
    2 0.000000 -0.570313 0.000000 0.000000 0.000000 0.000000
    3 -0.523475 0.288004 0.586913 -0.286302 -0.324332 -2.008208
    4 2.280626 -0.120318 -0.000001 0.000000 0.000000 0.358009
    5 1.069446 0.056463 0.000000 0.000000 0.000000 0.848230
    6 -1.355754 -2.278871 -0.142105 0.000000 -0.002081 -1.638864
    7 1.730202 -0.000584 0.000001 0.000000 -0.468667 0.005236
    8 1.203226 -0.010942 0.000001 0.000000 -0.655418 0.000000
    9 -0.434435 -2.478479 -0.142105 -0.078961 -0.260032 -1.437435
    10 1.929139 0.004627 0.000003 -3.141592 -1.517829 -3.141593
    11 1.416995 0.008475 0.000000 0.000000 -1.110764 0.020944
    12 0.380577 -2.160851 -0.149917 -0.056428 -0.182688 -1.438565
    13 1.956384 0.053687 0.000000 -0.000001 -1.497880 -0.010473
    14 1.365878 0.003407 0.000000 0.000001 -1.215700 0.005236
    15 1.194772 -1.659521 -0.146012 0.000000 -0.267071 -1.445133
    16 1.678301 0.018204 -0.000001 0.000000 -0.612501 -0.005236
    17 1.089296 -0.001050 -0.000001 0.000000 -1.393600 0.000000
    18 9.558617 -0.278770 -9.532875 -1.830084 -1.229783 1.428050
    19 -0.303351 -11.164099 0.000002 0.227097 0.383514 -0.222288
    20 0.288086 -4.437500 0.926270 0.080103 -1.549641 -0.151666
    21 0.000000 2.791016 0.898926 0.000000 0.000000 0.000000
    22 0.000000 -1.945485 2.901283 0.000000 0.000000 0.000000
    23 -0.490966 -4.492466 0.840004 0.443248 1.517247 0.520030
    24 -0.000001 2.900391 1.067383 0.000000 0.000000 0.000000
    25 0.000000 -1.571289 2.900391 0.000000 0.000000 0.000000
    26 -0.021851 -0.545410 0.000000 0.000000 0.000000 0.000000
    27 0.585312 0.235277 0.578294 0.293055 -0.508822 -1.054963
    28 2.306785 0.010602 0.000001 0.000000 0.000000 -0.453216
    29 1.234327 -0.010016 -0.000001 0.000000 0.000000 -0.818126
    30 1.419922 -2.332031 -0.171265 0.000000 -0.052360 -1.523672
    31 1.706055 0.018570 0.000000 0.000000 -0.376991 -0.005236
    32 1.171875 -0.007080 0.000000 0.000000 -0.612611 0.010472
    33 0.511719 -2.587891 -0.171265 0.068179 -0.280440 -1.750247
    34 1.837891 0.009186 0.000000 -3.141591 -1.523670 -3.131118
    35 1.438477 0.012917 -0.000004 0.000000 -1.099558 0.005236
    36 -0.359256 -2.261720 -0.168329 0.017968 -0.224442 -1.724665
    37 1.888672 -0.005322 0.000002 0.000002 -1.544617 0.036656
    38 1.373047 -0.013489 -0.000001 0.000000 -1.130973 0.010472
    39 -1.195313 -1.695313 -0.171265 0.000000 -0.235619 -1.685988
    40 1.687500 -0.013489 -0.000001 0.000000 -0.753982 0.005229
    41 1.072266 0.022156 -0.000002 0.000000 -1.371829 -0.010472
    42 0.000000 -2.077746 1.571501 -0.000779 -0.000911 -0.000120
    43 0.000000 -3.707031 1.591797 0.000000 0.000000 0.000000
    44 0.000000 -1.273438 2.095703 0.000000 0.000000 0.000000
    45 0.000001 -1.327148 2.134766 0.000000 0.000000 0.000000
    46 0.000001 -2.111328 1.572266 0.000000 0.000000 0.000000
    47 0.000001 -3.744141 1.534180 0.000000 0.000000 0.000000
    48 0.500002 9.999993 0.000002 -1.570796 0.000000 -1.570796
    49 0.500002 9.999993 0.000002 -1.570796 0.000000 -1.570796
    50 0.000000 0.000005 0.000001 -1.570796 0.000000 -1.570796
    51 0.000001 0.000003 -0.500010 -1.570796 0.000000 -1.570796
    52 -0.000001 0.000000 -0.000002 -1.570796 0.000000 0.000000
    53 0.000000 0.000000 0.000000 -1.570797 0.000000 0.000000
    54 0.000001 0.000000 0.000000 -1.570796 0.000000 0.000000
    55 0.000000 0.000000 0.000002 -1.570796 0.000000 0.000000
    56 -0.000003 0.000000 0.000001 -1.570796 0.000000 0.000000
    57 0.000000 0.000000 0.000000 -1.570796 0.000000 0.000000
    58 0.000000 0.000000 -0.000002 -1.570796 0.000000 0.000000
    59 0.000000 0.000000 0.000001 -1.570796 0.000000 0.000000
    60 -0.000003 0.000000 0.000000 -1.570796 0.000000 0.000000
    61 -0.000001 0.000000 0.000000 -1.570796 0.000000 0.000000
    62 0.000000 0.000000 0.000000 -1.570796 0.000001 0.000000
    63 0.000000 0.000000 0.000000 -1.570796 0.000001 0.000000
    64 0.000000 0.000000 0.000001 3.141593 0.000000 0.000000
    65 0.000000 0.000000 0.000000 3.141593 0.000000 0.000000
    66 0.000001 -0.000001 0.000002 3.141592 0.000000 0.000000
    67 0.000000 10.000002 -0.000005 -1.570796 0.000000 -1.570796
    68 0.000000 10.000002 -0.000005 -1.570796 0.000000 -1.570796
    69 0.000000 0.000005 -0.000003 -1.570796 0.000000 -1.570796
    70 -0.000002 0.000006 -0.500010 -1.570796 0.000000 -1.570796
    71 -0.000004 0.000000 -0.000002 -1.570796 0.000000 0.000000
    72 0.000000 0.000000 0.000000 -1.570796 0.000000 0.000000
    73 0.000000 0.000000 0.000000 -1.570796 0.000000 0.000000
    74 -0.000002 0.000000 0.000000 -1.570796 0.000000 0.000000
    75 0.000002 0.000000 0.000000 -1.570796 0.000000 0.000000
    76 0.000006 0.000000 0.000000 -1.570796 0.000000 0.000000
    77 0.000001 0.000000 0.000000 -1.570796 0.000000 0.000000
    78 0.000000 0.000000 0.000000 -1.570796 0.000000 0.000000
    79 0.000003 0.000000 0.000000 -1.570796 0.000000 0.000000
    80 0.000000 0.000000 0.000000 -1.570796 0.000000 0.000000
    81 0.000002 0.000000 -0.000001 -1.570796 0.000000 0.000000
    82 0.000000 0.000000 0.000000 -1.570796 0.000000 0.000000
    83 0.000000 0.000000 -0.000003 0.000000 0.000000 0.000000
    84 0.000000 0.000000 0.000000 0.000000 0.000000 0.000000
    85 0.000000 0.000001 -0.000001 0.000000 0.000000 0.000000
  time 136
    0 -10.611142 0.787534 -8.491306 -1.786905 1.234674 -1.329030
    1 0.026867 -11.331078 -0.000002 0.233778 -0.272328 0.249660
    2 0.000000 -0.570313 0.000000 0.000000 0.000000 0.000000
    3 -0.519569 0.280191 0.590819 -0.248598 -0.350544 -2.051696
    4 2.276719 -0.120318 -0.000001 0.000000 0.000000 0.438133
    5 1.069446 0.056463 0.000000 0.000000 0.000000 0.848230
    6 -1.355754 -2.282777 -0.146012 0.000000 -0.001062 -1.638864
    7 1.730202 -0.000584 0.000001 0.000000 -0.475213 0.005236
    8 1.199319 -0.010942 0.000001 0.000000 -0.662881 0.000000
    9 -0.422716 -2.478479 -0.142105 -0.078961 -0.260133 -1.437435
    10 1.925233 0.004627 0.000003 -3.141592 -1.518438 -3.141593
    11 1.416995 0.008475 0.000000 0.000000 -1.110202 0.020944
    12 0.376671 -2.160851 -0.149917 -0.056428 -0.182688 -1.438565
    13 1.952478 0.057593 0.000000 -0.000001 -1.497549 -0.010473
    14 1.361971 0.003407 0.000000 0.000001 -1.214879 0.005236
    15 1.194772 -1.655615 -0.138199 0.000000 -0.267035 -1.445133
    16 1.674395 0.018204 -0.000001 0.000000 -0.612611 -0.005236
    17 1.089296 -0.001050 -0.000001 0.000000 -1.392870 0.000000
    18 10.386767 -0.013137 -8.536751 -1.970890 -1.279002 1.581411
    19 -0.295538 -11.164099 0.000002 0.220190 0.344908 -0.235618
    20 0.288086 -4.437500 0.926270 0.080103 -1.549641 -0.151666
    21 0.000000 2.791016 0.898926 0.000000 0.000000 0.000000
    22 0.000000 -1.945485 2.901283 0.000000 0.000000 0.000000
    23 -0.483153 -4.492466 0.840004 0.433512 1.517535 0.510686
    24 -0.000001 2.900391 1.067383 0.000000 0.000000 0.000000
    25 0.000000 -1.571289 2.900391 0.000000 0.000000 0.000000
    26 -0.021851 -0.545410 0.000000 0.000000 0.000000 0.000000
    27 0.581406 0.235277 0.586107 0.294993 -0.500953 -1.051506
    28 2.306785 0.010602 0.000001 0.000000 0.000000 -0.454273
    29 1.242140 -0.010016 -0.000001 0.000000 0.000000 -0.838291
    30 1.419922 -2.332031 -0.171265 0.000000 -0.052360 -1.523672
    31 1.706055 0.018570 0.000000 0.000000 -0.376991 -0.005236
    32 1.171875 -0.007080 0.000000 0.000000 -0.612611 0.010472
    33 0.511719 -2.587891 -0.171265 0.068179 -0.280440 -1.750247
    34 1.837891 0.009186 0.000000 -3.141591 -1.523670 -3.131118
    35 1.438477 0.012917 -0.000004 0.000000 -1.099558 0.005236
    36 -0.359256 -2.265626 -0.168329 0.017968 -0.224442 -1.724665
    37 1.888672 -0.005322 0.000002 0.000002 -1.544617 0.036656
    38 1.373047 -0.013489 -0.000001 0.000000 -1.130973 0.010472
    39 -1.195313 -1.695313 -0.171265 0.000000 -0.235619 -1.685988
    40 1.687500 -0.013489 -0.000001 0.000000 -0.753982 0.005229
    41 1.072266 0.022156 -0.000002 0.000000 -1.371829 -0.010472
    42 0.000000 -2.077746 1.571501 -0.000204 -0.000240 0.000000
    43 0.000000 -3.707031 1.591797 0.000000 0.000000 0.000000
    44 0.000000 -1.273438 2.095703 0.000000 0.000000 0.000000
    45 0.000001 -1.327148 2.134766 0.000000 0.000000 0.000000
    46 0.000001 -2.111328 1.572266 0.000000 0.000000 0.000000
    47 0.000001 -3.744141 1.534180 0.000000 0.000000 0.000000
    48 0.500002 9.999993 0.000002 -1.570796 0.000000 -1.570796
    49 0.500002 9.999993 0.000002 -1.570796 0.000000 -1.570796
    50 0.000000 0.000005 0.000001 -1.570796 0.000000 -1.570796
    51 0.000001 0.000003 -0.500010 -1.570796 0.000000 -1.570796
    52 -0.000001 0.000000 -0.000002 -1.570796 0.000000 0.000000
    53 0.000000 0.000000 0.000000 -1.570797 0.000000 0.000000
    54 0.000001 0.000000 0.000000 -1.570796 0.000000 0.000000
    55 0.000000 0.000000 0.000002 -1.570796 0.000000 0.000000
    56 -0.000003 0.000000 0.000001 -1.570796 0.000000 0.000000
    57 0.000000 0.000000 0.000000 -1.570796 0.000000 0.000000
    58 0.000000 0.000000 -0.000002 -1.570796 0.000000 0.000000
    59 0.000000 0.000000 0.000001 -1.570796 0.000000 0.000000
    60 -0.000003 0.000000 0.000000 -1.570796 0.000000 0.000000
    61 -0.000001 0.000000 0.000000 -1.570796 0.000000 0.000000
    62 0.000000 0.000000 0.000000 -1.570796 0.000001 0.000000
    63 0.000000 0.000000 0.000000 -1.570796 0.000001 0.000000
    64 0.000000 0.000000 0.000001 3.141593 0.000000 0.000000
    65 0.000000 0.000000 0.000000 3.141593 0.000000 0.000000
    66 0.000001 -0.000001 0.000002 3.141592 0.000000 0.000000
    67 0.000000 10.000002 -0.000005 -1.570796 0.000000 -1.570796
    68 0.000000 10.000002 -0.000005 -1.570796 0.000000 -1.570796
    69 0.000000 0.000005 -0.000003 -1.570796 0.000000 -1.570796
    70 -0.000002 0.000006 -0.500010 -1.570796 0.000000 -1.570796
    71 -0.000004 0.000000 -0.000002 -1.570796 0.000000 0.000000
    72 0.000000 0.000000 0.000000 -1.570796 0.000000 0.000000
    73 0.000000 0.000000 0.000000 -1.570796 0.000000 0.000000
    74 -0.000002 0.000000 0.000000 -1.570796 0.000000 0.000000
    75 0.000002 0.000000 0.000000 -1.570796 0.000000 0.000000
    76 0.000006 0.000000 0.000000 -1.570796 0.000000 0.000000
    77 0.000001 0.000000 0.000000 -1.570796 0.000000 0.000000
    78 0.000000 0.000000 0.000000 -1.570796 0.000000 0.000000
    79 0.000003 0.000000 0.000000 -1.570796 0.000000 0.000000
    80 0.000000 0.000000 0.000000 -1.570796 0.000000 0.000000
    81 0.000002 0.000000 -0.000001 -1.570796 0.000000 0.000000
    82 0.000000 0.000000 0.000000 -1.570796 0.000000 0.000000
    83 0.000000 0.000000 -0.000003 0.000000 0.000000 0.000000
    84 0.000000 0.000000 0.000000 0.000000 0.000000 0.000000
    85 0.000000 0.000001 -0.000001 0.000000 0.000000 0.000000
  time 137
    0 -11.271319 0.447680 -7.725657 -2.378757 1.286261 -1.992393
    1 0.026867 -11.334984 -0.000002 0.238955 -0.344244 0.246469
    2 0.000000 -0.570313 0.000000 0.000000 0.000000 0.000000
    3 -0.523475 0.288004 0.590819 -0.212797 -0.375551 -2.091539
    4 2.276719 -0.120318 -0.000001 0.000000 0.000000 0.523599
    5 1.069446 0.056463 0.000000 0.000000 0.000000 0.848230
    6 -1.355754 -2.282777 -0.142105 0.000000 0.000000 -1.638864
    7 1.726295 -0.000584 0.000001 0.000000 -0.481711 0.005236
    8 1.195413 -0.010942 0.000001 0.000000 -0.670206 0.000000
    9 -0.434435 -2.478479 -0.142105 -0.078961 -0.260133 -1.437435
    10 1.925233 0.004627 0.000003 -3.141592 -1.518438 -3.141593
    11 1.416995 0.008475 0.000000 0.000000 -1.110029 0.020944
    12 0.380577 -2.160851 -0.146011 -0.056428 -0.182688 -1.438565
    13 1.956384 0.057593 0.000000 -0.000001 -1.497494 -0.010473
    14 1.361971 0.003407 0.000000 0.000001 -1.214749 0.005236
    15 1.186960 -1.659521 -0.138199 0.000000 -0.267035 -1.445133
    16 1.678301 0.018204 -0.000001 0.000000 -0.612611 -0.005236
    17 1.085390 -0.001050 -0.000001 0.000000 -1.392772 0.000000
    18 11.281326 0.307185 -7.403903 -2.200275 -1.324968 1.828118
    19 -0.295538 -11.160193 0.000002 0.209146 0.299578 -0.249756
    20 0.288086 -4.437500 0.926270 0.080103 -1.549641 -0.151666
    21 0.000000 2.791016 0.898926 0.000000 0.000000 0.000000
    22 0.000000 -1.945485 2.901283 0.000000 0.000000 0.000000
    23 -0.490966 -4.492466 0.840004 0.430357 1.517607 0.507516
    24 -0.000001 2.900391 1.067383 0.000000 0.000000 0.000000
    25 0.000000 -1.571289 2.900391 0.000000 0.000000 0.000000
    26 -0.021851 -0.545410 0.000000 0.000000 0.000000 0.000000
    27 0.585312 0.239183 0.582201 0.297069 -0.493084 -1.048320
    28 2.306785 0.010602 0.000001 0.000000 0.000000 -0.455531
    29 1.242140 -0.010016 -0.000001 0.000000 0.000000 -0.858702
    30 1.419922 -2.332031 -0.171265 0.000000 -0.052360 -1.523672
    31 1.706055 0.018570 0.000000 0.000000 -0.376991 -0.005236
    32 1.171875 -0.007080 0.000000 0.000000 -0.612611 0.010472
    33 0.511719 -2.587891 -0.171265 0.068179 -0.280440 -1.750247
    34 1.837891 0.009186 0.000000 -3.141591 -1.523670 -3.131118
    35 1.438477 0.012917 -0.000004 0.000000 -1.099558 0.005236
    36 -0.359256 -2.261720 -0.168329 0.017968 -0.224442 -1.724665
    37 1.888672 -0.005322 0.000002 0.000002 -1.544617 0.036656
    38 1.373047 -0.013489 -0.000001 0.000000 -1.130973 0.010472
    39 -1.195313 -1.695313 -0.171265 0.000000 -0.235619 -1.685988
    40 1.687500 -0.013489 -0.000001 0.000000 -0.753982 0.005229
    41 1.072266 0.022156 -0.000002 0.000000 -1.371829 -0.010472
    42 0.000000 -2.077746 1.567595 0.000000 0.000000 0.000000
    43 0.000000 -3.707031 1.591797 0.000000 0.000000 0.000000
    44 0.000000 -1.273438 2.095703 0.000000 0.000000 0.000000
    45 0.000001 -1.327148 2.134766 0.000000 0.000000 0.000000
    46 0.000001 -2.111328 1.572266 0.000000 0.000000 0.000000
    47 0.000001 -3.744141 1.534180 0.000000 0.000000 0.000000
    48 0.500002 9.999993 0.000002 -1.570796 0.000000 -1.570796
    49 0.500002 9.999993 0.000002 -1.570796 0.000000 -1.570796
    50 0.000000 0.000005 0.000001 -1.570796 0.000000 -1.570796
    51 0.000001 0.000003 -0.500010 -1.570796 0.000000 -1.570796
    52 -0.000001 0.000000 -0.000002 -1.570796 0.000000 0.000000
    53 0.000000 0.000000 0.000000 -1.570797 0.000000 0.000000
    54 0.000001 0.000000 0.000000 -1.570796 0.000000 0.000000
    55 0.000000 0.000000 0.000002 -1.570796 0.000000 0.000000
    56 -0.000003 0.000000 0.000001 -1.570796 0.000000 0.000000
    57 0.000000 0.000000 0.000000 -1.570796 0.000000 0.000000
    58 0.000000 0.000000 -0.000002 -1.570796 0.000000 0.000000
    59 0.000000 0.000000 0.000001 -1.570796 0.000000 0.000000
    60 -0.000003 0.000000 0.000000 -1.570796 0.000000 0.000000
    61 -0.000001 0.000000 0.000000 -1.570796 0.000000 0.000000
    62 0.000000 0.000000 0.000000 -1.570796 0.000001 0.000000
    63 0.000000 0.000000 0.000000 -1.570796 0.000001 0.000000
    64 0.000000 0.000000 0.000001 3.141593 0.000000 0.000000
    65 0.000000 0.000000 0.000000 3.141593 0.000000 0.000000
    66 0.000001 -0.000001 0.000002 3.141592 0.000000 0.000000
    67 0.000000 10.000002 -0.000005 -1.570796 0.000000 -1.570796
    68 0.000000 10.000002 -0.000005 -1.570796 0.000000 -1.570796
    69 0.000000 0.000005 -0.000003 -1.570796 0.000000 -1.570796
    70 -0.000002 0.000006 -0.500010 -1.570796 0.000000 -1.570796
    71 -0.000004 0.000000 -0.000002 -1.570796 0.000000 0.000000
    72 0.000000 0.000000 0.000000 -1.570796 0.000000 0.000000
    73 0.000000 0.000000 0.000000 -1.570796 0.000000 0.000000
    74 -0.000002 0.000000 0.000000 -1.570796 0.000000 0.000000
    75 0.000002 0.000000 0.000000 -1.570796 0.000000 0.000000
    76 0.000006 0.000000 0.000000 -1.570796 0.000000 0.000000
    77 0.000001 0.000000 0.000000 -1.570796 0.000000 0.000000
    78 0.000000 0.000000 0.000000 -1.570796 0.000000 0.000000
    79 0.000003 0.000000 0.000000 -1.570796 0.000000 0.000000
    80 0.000000 0.000000 0.000000 -1.570796 0.000000 0.000000
    81 0.000002 0.000000 -0.000001 -1.570796 0.000000 0.000000
    82 0.000000 0.000000 0.000000 -1.570796 0.000000 0.000000
    83 0.000000 0.000000 -0.000003 0.000000 0.000000 0.000000
    84 0.000000 0.000000 0.000000 0.000000 0.000000 0.000000
    85 0.000000 0.000001 -0.000001 0.000000 0.000000 0.000000
end
