// Created by Crowbar 0.74
version 1
nodes
  0 "Bone01" -1
  1 "Bone02" 0
  2 "Bone03" 1
  3 "Bone04" 2
  4 "Bone05" 3
  5 "Bone06" 4
  6 "Bone07" 2
  7 "Bone08" 6
  8 "Bone09" 7
  9 "Bone11" 2
  10 "Bone12" 9
  11 "Bone13" 10
  12 "Bone15" 2
  13 "Bone16" 12
  14 "Bone17" 13
  15 "Bone19" 2
  16 "Bone20" 15
  17 "Bone21" 16
  18 "Bone24" -1
  19 "Bone25" 18
  20 "Bone48" 1
  21 "Bone49" 20
  22 "Bone52" 21
  23 "Bone47" 19
  24 "Bone58" 23
  25 "Bone63" 24
  26 "Bone26" 19
  27 "Bone27" 26
  28 "Bone28" 27
  29 "Bone29" 28
  30 "Bone31" 26
  31 "Bone32" 30
  32 "Bone33" 31
  33 "Bone35" 26
  34 "Bone36" 33
  35 "Bone37" 34
  36 "Bone39" 26
  37 "Bone40" 36
  38 "Bone41" 37
  39 "Bone43" 26
  40 "Bone44" 39
  41 "Bone45" 40
  42 "Bone56" 21
  43 "Bone50" 21
  44 "Bone54" 21
  45 "Bone65" 24
  46 "Bone59" 24
  47 "Bone61" 24
  48 "ValveBiped.Bip01_L_Clavicle" 18
  49 "ValveBiped.Bip01_L_UpperArm" 18
  50 "ValveBiped.Bip01_L_Forearm" 18
  51 "ValveBiped.Bip01_L_Hand" 19
  52 "ValveBiped.Bip01_L_Finger4" 39
  53 "ValveBiped.Bip01_L_Finger41" 40
  54 "ValveBiped.Bip01_L_Finger42" 41
  55 "ValveBiped.Bip01_L_Finger3" 36
  56 "ValveBiped.Bip01_L_Finger31" 37
  57 "ValveBiped.Bip01_L_Finger32" 38
  58 "ValveBiped.Bip01_L_Finger2" 33
  59 "ValveBiped.Bip01_L_Finger21" 34
  60 "ValveBiped.Bip01_L_Finger22" 35
  61 "ValveBiped.Bip01_L_Finger1" 30
  62 "ValveBiped.Bip01_L_Finger11" 31
  63 "ValveBiped.Bip01_L_Finger12" 32
  64 "ValveBiped.Bip01_L_Finger0" 27
  65 "ValveBiped.Bip01_L_Finger01" 28
  66 "ValveBiped.Bip01_L_Finger02" 29
  67 "ValveBiped.Bip01_R_Clavicle" 0
  68 "ValveBiped.Bip01_R_UpperArm" 0
  69 "ValveBiped.Bip01_R_Forearm" 0
  70 "ValveBiped.Bip01_R_Hand" 1
  71 "ValveBiped.Bip01_R_Finger4" 15
  72 "ValveBiped.Bip01_R_Finger41" 16
  73 "ValveBiped.Bip01_R_Finger42" 17
  74 "ValveBiped.Bip01_R_Finger3" 12
  75 "ValveBiped.Bip01_R_Finger31" 13
  76 "ValveBiped.Bip01_R_Finger32" 14
  77 "ValveBiped.Bip01_R_Finger2" 9
  78 "ValveBiped.Bip01_R_Finger21" 10
  79 "ValveBiped.Bip01_R_Finger22" 11
  80 "ValveBiped.Bip01_R_Finger1" 6
  81 "ValveBiped.Bip01_R_Finger11" 7
  82 "ValveBiped.Bip01_R_Finger12" 8
  83 "ValveBiped.Bip01_R_Finger0" 3
  84 "ValveBiped.Bip01_R_Finger01" 4
  85 "ValveBiped.Bip01_R_Finger02" 5
end
skeleton
  time 0
    0 -11.271319 0.447680 -7.725657 -2.378757 1.286261 -1.992393
    1 0.026867 -11.334984 -0.000002 0.238955 -0.344244 0.246469
    2 0.000000 -0.570313 0.000000 0.000000 0.000000 0.000000
    3 -0.527344 0.291504 0.596680 -0.212797 -0.375551 -2.091539
    4 2.279297 -0.130615 -0.000002 0.000000 0.000000 0.523599
    5 1.069446 0.056463 0.000000 0.000000 0.000000 0.848230
    6 -1.361328 -2.283203 -0.153076 0.000000 0.000000 -1.638864
    7 1.730202 -0.000584 0.000001 -0.001570 -0.764392 0.009203
    8 1.199319 -0.010942 0.000001 0.000000 -0.989486 0.000000
    9 -0.435303 -2.492188 -0.153198 -0.078961 -0.260133 -1.437435
    10 1.931641 0.005783 -0.000001 -3.141592 -1.518438 -3.141593
    11 1.417969 0.010590 0.000003 0.000000 -1.110029 0.020944
    12 0.386963 -2.169922 -0.153198 -0.056428 -0.182688 -1.438565
    13 1.960938 0.062164 0.000000 -0.000001 -1.497494 -0.010473
    14 1.370117 0.004250 0.000000 0.000001 -1.214749 0.005236
    15 1.195313 -1.667969 -0.153198 0.000000 -0.267035 -1.445133
    16 1.681641 0.022751 0.000001 0.000000 -0.612611 -0.005236
    17 1.091797 -0.001311 -0.000001 0.000000 -1.392772 0.000000
    18 11.128977 -0.079546 -7.431248 -1.970421 -1.333244 1.585624
    19 -0.299444 -11.156286 0.000002 0.217132 0.313820 -0.267782
    20 0.288330 -4.437500 0.926270 0.080103 -1.549641 -0.151666
    21 0.000001 2.791016 0.898926 0.000000 0.000000 0.000000
    22 0.000000 -1.945485 2.901283 0.000000 0.000000 0.000000
    23 -0.496338 -4.484375 0.849121 0.430357 1.517607 0.507516
    24 -0.000001 2.900391 1.067383 0.000000 0.000000 0.000000
    25 0.000000 -1.573242 2.900391 0.000000 0.000000 0.000000
    26 -0.021851 -0.544922 0.000001 0.000000 0.000000 0.000000
    27 0.589844 0.240234 0.590332 0.297069 -0.493084 -1.048320
    28 2.320313 0.013252 0.000003 0.000000 0.000000 -0.455531
    29 1.244141 -0.012520 -0.000002 0.000000 0.000000 -0.858702
    30 1.419922 -2.332031 -0.171265 -0.002072 -0.054730 -1.523603
    31 1.706055 0.018570 0.000000 0.000004 -0.376958 -0.010445
    32 1.168496 -0.005664 0.000000 -0.000983 -0.612611 0.016344
    33 0.510742 -2.585938 -0.171143 0.068179 -0.280440 -1.750247
    34 1.836914 0.009186 -0.000001 -3.141591 -1.523670 -3.131118
    35 1.439453 0.012917 -0.000002 0.000000 -1.099558 0.005236
    36 -0.359256 -2.261720 -0.168329 0.017968 -0.224442 -1.724665
    37 1.888672 -0.005322 0.000004 0.000002 -1.544617 0.036656
    38 1.374023 -0.013504 0.000000 0.000000 -1.130973 0.010472
    39 -1.195313 -1.695313 -0.171265 0.000000 -0.235619 -1.685988
    40 1.688477 -0.013481 0.000000 0.000000 -0.753982 0.005229
    41 1.072266 0.022141 0.000000 0.000000 -1.371829 -0.010472
    42 0.000000 -2.078125 1.572266 0.000000 0.000000 0.000000
    43 0.000000 -3.705933 1.590397 0.544509 0.000000 0.000000
    44 0.000001 -1.269191 2.084921 0.471211 0.000000 0.000000
    45 0.000001 -1.330078 2.132813 0.000000 0.000000 0.000000
    46 0.000000 -2.113281 1.572266 0.000000 0.000000 0.000000
    47 0.000001 -3.744141 1.535156 0.000000 0.000000 0.000000
    48 0.500002 9.999993 0.000002 -1.570796 0.000000 -1.570796
    49 0.500002 9.999993 0.000002 -1.570796 0.000000 -1.570796
    50 0.000000 0.000005 0.000001 -1.570796 0.000000 -1.570796
    51 0.000001 0.000003 -0.500010 -1.570796 0.000000 -1.570796
    52 -0.000001 0.000000 -0.000002 -1.570796 0.000000 0.000000
    53 0.000000 0.000000 0.000000 -1.570797 0.000000 0.000000
    54 0.000001 0.000000 0.000000 -1.570796 0.000000 0.000000
    55 0.000000 0.000000 0.000002 -1.570796 0.000000 0.000000
    56 -0.000003 0.000000 0.000001 -1.570796 0.000000 0.000000
    57 0.000000 0.000000 0.000000 -1.570796 0.000000 0.000000
    58 0.000000 0.000000 -0.000002 -1.570796 0.000000 0.000000
    59 0.000000 0.000000 0.000001 -1.570796 0.000000 0.000000
    60 -0.000003 0.000000 0.000000 -1.570796 0.000000 0.000000
    61 -0.000001 0.000000 0.000000 -1.570796 0.000000 0.000000
    62 0.000000 0.000000 0.000000 -1.570796 0.000001 0.000000
    63 0.000000 0.000000 0.000000 -1.570796 0.000001 0.000000
    64 0.000000 0.000000 0.000001 3.141593 0.000000 0.000000
    65 0.000000 0.000000 0.000000 3.141593 0.000000 0.000000
    66 0.000001 -0.000001 0.000002 3.141592 0.000000 0.000000
    67 0.000000 10.000002 -0.000005 -1.570796 0.000000 -1.570796
    68 0.000000 10.000002 -0.000005 -1.570796 0.000000 -1.570796
    69 0.000000 0.000005 -0.000003 -1.570796 0.000000 -1.570796
    70 -0.000002 0.000006 -0.500010 -1.570796 0.000000 -1.570796
    71 -0.000004 0.000000 -0.000002 -1.570796 0.000000 0.000000
    72 0.000000 0.000000 0.000000 -1.570796 0.000000 0.000000
    73 0.000000 0.000000 0.000000 -1.570796 0.000000 0.000000
    74 -0.000002 0.000000 0.000000 -1.570796 0.000000 0.000000
    75 0.000002 0.000000 0.000000 -1.570796 0.000000 0.000000
    76 0.000006 0.000000 0.000000 -1.570796 0.000000 0.000000
    77 0.000001 0.000000 0.000000 -1.570796 0.000000 0.000000
    78 0.000000 0.000000 0.000000 -1.570796 0.000000 0.000000
    79 0.000003 0.000000 0.000000 -1.570796 0.000000 0.000000
    80 0.000000 0.000000 0.000000 -1.570796 0.000000 0.000000
    81 0.000002 0.000000 -0.000001 -1.570796 0.000000 0.000000
    82 0.000000 0.000000 0.000000 -1.570796 0.000000 0.000000
    83 0.000000 0.000000 -0.000003 0.000000 0.000000 0.000000
    84 0.000000 0.000000 0.000000 0.000000 0.000000 0.000000
    85 0.000000 0.000001 -0.000001 0.000000 0.000000 0.000000
  time 1
    0 -11.271319 0.447680 -7.725657 -2.378757 1.286261 -1.992393
    1 0.026867 -11.334984 -0.000002 0.367483 -0.299496 -0.074376
    2 0.000000 -0.570313 0.000000 0.000000 0.000000 0.000000
    3 -0.527344 0.291504 0.596680 -0.212797 -0.375551 -2.091539
    4 2.279297 -0.130615 -0.000002 0.000000 0.000000 0.523599
    5 1.069446 0.056463 0.000000 0.000000 0.000000 0.848230
    6 -1.361328 -2.283203 -0.153076 0.000000 0.000000 -1.638864
    7 1.734108 -0.000584 0.000001 -0.001618 -0.768354 0.009227
    8 1.195413 -0.010942 0.000001 0.000000 -0.994036 0.000000
    9 -0.435303 -2.492188 -0.153198 -0.078961 -0.260133 -1.437435
    10 1.931641 0.005783 -0.000001 -3.141592 -1.518438 -3.141593
    11 1.417969 0.010590 0.000003 0.000000 -1.110029 0.020944
    12 0.386963 -2.169922 -0.153198 -0.056428 -0.182688 -1.438565
    13 1.960938 0.062164 0.000000 -0.000001 -1.497494 -0.010473
    14 1.370117 0.004250 0.000000 0.000001 -1.214749 0.005236
    15 1.195313 -1.667969 -0.153198 0.000000 -0.267035 -1.445133
    16 1.681641 0.022751 0.000001 0.000000 -0.612611 -0.005236
    17 1.091797 -0.001311 -0.000001 0.000000 -1.392772 0.000000
    18 11.105539 -0.138141 -7.466405 -1.987892 -1.334003 1.603694
    19 -0.295538 -11.160193 0.000002 0.217060 0.312505 -0.264929
    20 0.288330 -4.437500 0.926270 0.080103 -1.549641 -0.151666
    21 0.000001 2.791016 0.898926 0.000000 0.000000 0.000000
    22 0.000000 -1.441563 2.901283 0.000000 0.000000 0.000000
    23 -0.496338 -4.484375 0.849121 0.430357 1.517607 0.507516
    24 -0.000001 2.900391 1.067383 0.000000 0.000000 0.000000
    25 0.000000 -1.573242 2.900391 0.000000 0.000000 0.000000
    26 -0.021851 -0.544922 0.000001 0.000000 0.000000 0.000000
    27 0.589844 0.240234 0.590332 0.297069 -0.493084 -1.048320
    28 2.320313 0.013252 0.000003 0.000000 0.000000 -0.455531
    29 1.244141 -0.012520 -0.000002 0.000000 0.000000 -0.858702
    30 1.419922 -2.332031 -0.171265 -0.002072 -0.054730 -1.523603
    31 1.706055 0.018570 0.000000 0.000004 -0.376958 -0.010445
    32 1.168496 -0.005664 0.000000 -0.000983 -0.612611 0.016344
    33 0.510742 -2.585938 -0.171143 0.068179 -0.280440 -1.750247
    34 1.836914 0.009186 -0.000001 -3.141591 -1.523670 -3.131118
    35 1.439453 0.012917 -0.000002 0.000000 -1.099558 0.005236
    36 -0.359256 -2.261720 -0.168329 0.017968 -0.224442 -1.724665
    37 1.888672 -0.005322 0.000004 0.000002 -1.544617 0.036656
    38 1.374023 -0.013504 0.000000 0.000000 -1.130973 0.010472
    39 -1.195313 -1.695313 -0.171265 0.000000 -0.235619 -1.685988
    40 1.688477 -0.013481 0.000000 0.000000 -0.753982 0.005229
    41 1.072266 0.022141 0.000000 0.000000 -1.371829 -0.010472
    42 0.000000 -2.078125 1.572266 0.000000 0.000000 0.000000
    43 0.000000 -3.702027 1.590397 0.553664 0.000000 0.000000
    44 0.000001 -1.269191 2.084921 0.244270 0.000000 0.000000
    45 0.000001 -1.330078 2.132813 0.000000 0.000000 0.000000
    46 0.000000 -2.113281 1.572266 0.000000 0.000000 0.000000
    47 0.000001 -3.744141 1.535156 0.000000 0.000000 0.000000
    48 0.500002 9.999993 0.000002 -1.570796 0.000000 -1.570796
    49 0.500002 9.999993 0.000002 -1.570796 0.000000 -1.570796
    50 0.000000 0.000005 0.000001 -1.570796 0.000000 -1.570796
    51 0.000001 0.000003 -0.500010 -1.570796 0.000000 -1.570796
    52 -0.000001 0.000000 -0.000002 -1.570796 0.000000 0.000000
    53 0.000000 0.000000 0.000000 -1.570797 0.000000 0.000000
    54 0.000001 0.000000 0.000000 -1.570796 0.000000 0.000000
    55 0.000000 0.000000 0.000002 -1.570796 0.000000 0.000000
    56 -0.000003 0.000000 0.000001 -1.570796 0.000000 0.000000
    57 0.000000 0.000000 0.000000 -1.570796 0.000000 0.000000
    58 0.000000 0.000000 -0.000002 -1.570796 0.000000 0.000000
    59 0.000000 0.000000 0.000001 -1.570796 0.000000 0.000000
    60 -0.000003 0.000000 0.000000 -1.570796 0.000000 0.000000
    61 -0.000001 0.000000 0.000000 -1.570796 0.000000 0.000000
    62 0.000000 0.000000 0.000000 -1.570796 0.000001 0.000000
    63 0.000000 0.000000 0.000000 -1.570796 0.000001 0.000000
    64 0.000000 0.000000 0.000001 3.141593 0.000000 0.000000
    65 0.000000 0.000000 0.000000 3.141593 0.000000 0.000000
    66 0.000001 -0.000001 0.000002 3.141592 0.000000 0.000000
    67 0.000000 10.000002 -0.000005 -1.570796 0.000000 -1.570796
    68 0.000000 10.000002 -0.000005 -1.570796 0.000000 -1.570796
    69 0.000000 0.000005 -0.000003 -1.570796 0.000000 -1.570796
    70 -0.000002 0.000006 -0.500010 -1.570796 0.000000 -1.570796
    71 -0.000004 0.000000 -0.000002 -1.570796 0.000000 0.000000
    72 0.000000 0.000000 0.000000 -1.570796 0.000000 0.000000
    73 0.000000 0.000000 0.000000 -1.570796 0.000000 0.000000
    74 -0.000002 0.000000 0.000000 -1.570796 0.000000 0.000000
    75 0.000002 0.000000 0.000000 -1.570796 0.000000 0.000000
    76 0.000006 0.000000 0.000000 -1.570796 0.000000 0.000000
    77 0.000001 0.000000 0.000000 -1.570796 0.000000 0.000000
    78 0.000000 0.000000 0.000000 -1.570796 0.000000 0.000000
    79 0.000003 0.000000 0.000000 -1.570796 0.000000 0.000000
    80 0.000000 0.000000 0.000000 -1.570796 0.000000 0.000000
    81 0.000002 0.000000 -0.000001 -1.570796 0.000000 0.000000
    82 0.000000 0.000000 0.000000 -1.570796 0.000000 0.000000
    83 0.000000 0.000000 -0.000003 0.000000 0.000000 0.000000
    84 0.000000 0.000000 0.000000 0.000000 0.000000 0.000000
    85 0.000000 0.000001 -0.000001 0.000000 0.000000 0.000000
  time 2
    0 -11.271319 0.447680 -7.725657 -2.378757 1.286261 -1.992393
    1 0.026867 -11.334984 -0.000002 0.477679 -0.412716 -0.310420
    2 0.000000 -0.570313 0.000000 0.000000 0.000000 0.000000
    3 -0.527344 0.291504 0.596680 -0.212797 -0.375551 -2.091539
    4 2.279297 -0.130615 -0.000002 0.000000 0.000000 0.523599
    5 1.069446 0.056463 0.000000 0.000000 0.000000 0.848230
    6 -1.361328 -2.283203 -0.153076 0.000000 0.000000 -1.638864
    7 1.730202 -0.000584 0.000001 -0.001678 -0.780551 0.009275
    8 1.195413 -0.010942 0.000001 0.000000 -1.007825 0.000000
    9 -0.435303 -2.492188 -0.153198 -0.078961 -0.260133 -1.437435
    10 1.931641 0.005783 -0.000001 -3.141592 -1.518438 -3.141593
    11 1.417969 0.010590 0.000003 0.000000 -1.110029 0.020944
    12 0.386963 -2.169922 -0.153198 -0.056428 -0.182688 -1.438565
    13 1.960938 0.062164 0.000000 -0.000001 -1.497494 -0.010473
    14 1.370117 0.004250 0.000000 0.000001 -1.214749 0.005236
    15 1.195313 -1.667969 -0.153198 0.000000 -0.267035 -1.445133
    16 1.681641 0.022751 0.000001 0.000000 -0.612611 -0.005236
    17 1.091797 -0.001311 -0.000001 0.000000 -1.392772 0.000000
    18 11.089914 -0.188924 -7.493750 -2.003579 -1.334328 1.619611
    19 -0.291631 -11.164099 0.000002 0.217600 0.311190 -0.260208
    20 0.288330 -4.437500 0.926270 0.080103 -1.549641 -0.151666
    21 0.000001 2.791016 0.898926 0.000000 0.000000 0.000000
    22 0.000000 0.144423 2.901283 0.000000 0.000000 0.000000
    23 -0.496338 -4.484375 0.849121 0.430357 1.517607 0.507516
    24 -0.000001 2.900391 1.067383 0.000000 0.000000 0.000000
    25 0.000000 -1.573242 2.900391 0.000000 0.000000 0.000000
    26 -0.021851 -0.544922 0.000001 0.000000 0.000000 0.000000
    27 0.589844 0.240234 0.590332 0.297069 -0.493084 -1.048320
    28 2.320313 0.013252 0.000003 0.000000 0.000000 -0.455531
    29 1.244141 -0.012520 -0.000002 0.000000 0.000000 -0.858702
    30 1.419922 -2.332031 -0.171265 -0.002072 -0.054730 -1.523603
    31 1.706055 0.018570 0.000000 0.000004 -0.376958 -0.010445
    32 1.168496 -0.005664 0.000000 -0.000983 -0.612611 0.016344
    33 0.510742 -2.585938 -0.171143 0.068179 -0.280440 -1.750247
    34 1.836914 0.009186 -0.000001 -3.141591 -1.523670 -3.131118
    35 1.439453 0.012917 -0.000002 0.000000 -1.099558 0.005236
    36 -0.359256 -2.261720 -0.168329 0.017968 -0.224442 -1.724665
    37 1.888672 -0.005322 0.000004 0.000002 -1.544617 0.036656
    38 1.374023 -0.013504 0.000000 0.000000 -1.130973 0.010472
    39 -1.195313 -1.695313 -0.171265 0.000000 -0.235619 -1.685988
    40 1.688477 -0.013481 0.000000 0.000000 -0.753982 0.005229
    41 1.072266 0.022141 0.000000 0.000000 -1.371829 -0.010472
    42 0.000000 -2.078125 1.572266 0.000000 0.000000 0.000000
    43 0.000000 -3.698120 1.586491 0.581869 0.000000 0.000000
    44 0.000001 -1.269191 2.084921 0.000000 0.000000 0.000000
    45 0.000001 -1.330078 2.132813 0.000000 0.000000 0.000000
    46 0.000000 -2.113281 1.572266 0.000000 0.000000 0.000000
    47 0.000001 -3.744141 1.535156 0.000000 0.000000 0.000000
    48 0.500002 9.999993 0.000002 -1.570796 0.000000 -1.570796
    49 0.500002 9.999993 0.000002 -1.570796 0.000000 -1.570796
    50 0.000000 0.000005 0.000001 -1.570796 0.000000 -1.570796
    51 0.000001 0.000003 -0.500010 -1.570796 0.000000 -1.570796
    52 -0.000001 0.000000 -0.000002 -1.570796 0.000000 0.000000
    53 0.000000 0.000000 0.000000 -1.570797 0.000000 0.000000
    54 0.000001 0.000000 0.000000 -1.570796 0.000000 0.000000
    55 0.000000 0.000000 0.000002 -1.570796 0.000000 0.000000
    56 -0.000003 0.000000 0.000001 -1.570796 0.000000 0.000000
    57 0.000000 0.000000 0.000000 -1.570796 0.000000 0.000000
    58 0.000000 0.000000 -0.000002 -1.570796 0.000000 0.000000
    59 0.000000 0.000000 0.000001 -1.570796 0.000000 0.000000
    60 -0.000003 0.000000 0.000000 -1.570796 0.000000 0.000000
    61 -0.000001 0.000000 0.000000 -1.570796 0.000000 0.000000
    62 0.000000 0.000000 0.000000 -1.570796 0.000001 0.000000
    63 0.000000 0.000000 0.000000 -1.570796 0.000001 0.000000
    64 0.000000 0.000000 0.000001 3.141593 0.000000 0.000000
    65 0.000000 0.000000 0.000000 3.141593 0.000000 0.000000
    66 0.000001 -0.000001 0.000002 3.141592 0.000000 0.000000
    67 0.000000 10.000002 -0.000005 -1.570796 0.000000 -1.570796
    68 0.000000 10.000002 -0.000005 -1.570796 0.000000 -1.570796
    69 0.000000 0.000005 -0.000003 -1.570796 0.000000 -1.570796
    70 -0.000002 0.000006 -0.500010 -1.570796 0.000000 -1.570796
    71 -0.000004 0.000000 -0.000002 -1.570796 0.000000 0.000000
    72 0.000000 0.000000 0.000000 -1.570796 0.000000 0.000000
    73 0.000000 0.000000 0.000000 -1.570796 0.000000 0.000000
    74 -0.000002 0.000000 0.000000 -1.570796 0.000000 0.000000
    75 0.000002 0.000000 0.000000 -1.570796 0.000000 0.000000
    76 0.000006 0.000000 0.000000 -1.570796 0.000000 0.000000
    77 0.000001 0.000000 0.000000 -1.570796 0.000000 0.000000
    78 0.000000 0.000000 0.000000 -1.570796 0.000000 0.000000
    79 0.000003 0.000000 0.000000 -1.570796 0.000000 0.000000
    80 0.000000 0.000000 0.000000 -1.570796 0.000000 0.000000
    81 0.000002 0.000000 -0.000001 -1.570796 0.000000 0.000000
    82 0.000000 0.000000 0.000000 -1.570796 0.000000 0.000000
    83 0.000000 0.000000 -0.000003 0.000000 0.000000 0.000000
    84 0.000000 0.000000 0.000000 0.000000 0.000000 0.000000
    85 0.000000 0.000001 -0.000001 0.000000 0.000000 0.000000
  time 3
    0 -11.298663 0.627373 -7.518620 -2.254375 1.279588 -1.861828
    1 0.026867 -11.331078 -0.000002 0.437898 -0.434759 -0.171489
    2 0.000000 -0.570313 0.000000 0.000000 0.000000 0.000000
    3 -0.527344 0.291504 0.596680 -0.212797 -0.375551 -2.091539
    4 2.279297 -0.130615 -0.000002 0.000000 0.000000 0.523599
    5 1.069446 0.056463 0.000000 0.000000 0.000000 0.848230
    6 -1.361328 -2.283203 -0.153076 0.000000 0.000000 -1.638864
    7 1.734108 -0.000584 0.000001 -0.001738 -0.790996 0.009311
    8 1.203226 -0.010942 0.000001 0.000000 -1.019616 0.000000
    9 -0.435303 -2.492188 -0.153198 -0.078961 -0.260133 -1.437435
    10 1.931641 0.005783 -0.000001 -3.141592 -1.518438 -3.141593
    11 1.417969 0.010590 0.000003 0.000000 -1.110029 0.020944
    12 0.386963 -2.169922 -0.153198 -0.056428 -0.182688 -1.438565
    13 1.960938 0.062164 0.000000 -0.000001 -1.497494 -0.010473
    14 1.370117 0.004250 0.000000 0.000001 -1.214749 0.005236
    15 1.195313 -1.667969 -0.153198 0.000000 -0.267035 -1.445133
    16 1.681641 0.022751 0.000001 0.000000 -0.612611 -0.005236
    17 1.091797 -0.001311 -0.000001 0.000000 -1.392772 0.000000
    18 11.082101 -0.231894 -7.521095 -2.017575 -1.334364 1.634029
    19 -0.295538 -11.160193 0.000002 0.218715 0.309875 -0.254603
    20 0.288330 -4.437500 0.926270 0.080103 -1.549641 -0.151666
    21 0.000001 2.791016 0.898926 0.000000 0.000000 0.000000
    22 0.000000 -0.906390 2.901283 0.000000 0.000000 0.000000
    23 -0.496338 -4.484375 0.849121 0.430357 1.517607 0.507516
    24 -0.000001 2.900391 1.067383 0.000000 0.000000 0.000000
    25 0.000000 -1.573242 2.900391 0.000000 0.000000 0.000000
    26 -0.021851 -0.544922 0.000001 0.000000 0.000000 0.000000
    27 0.589844 0.240234 0.590332 0.297069 -0.493084 -1.048320
    28 2.320313 0.013252 0.000003 0.000000 0.000000 -0.455531
    29 1.244141 -0.012520 -0.000002 0.000000 0.000000 -0.858702
    30 1.419922 -2.332031 -0.171265 -0.002072 -0.054730 -1.523603
    31 1.706055 0.018570 0.000000 0.000004 -0.376958 -0.010445
    32 1.160683 -0.005664 0.000000 -0.000983 -0.612611 0.016344
    33 0.510742 -2.585938 -0.171143 0.068179 -0.280440 -1.750247
    34 1.836914 0.009186 -0.000001 -3.141591 -1.523670 -3.131118
    35 1.439453 0.012917 -0.000002 0.000000 -1.099558 0.005236
    36 -0.359256 -2.261720 -0.168329 0.017968 -0.224442 -1.724665
    37 1.888672 -0.005322 0.000004 0.000002 -1.544617 0.036656
    38 1.374023 -0.013504 0.000000 0.000000 -1.130973 0.010472
    39 -1.195313 -1.695313 -0.171265 0.000000 -0.235619 -1.685988
    40 1.688477 -0.013481 0.000000 0.000000 -0.753982 0.005229
    41 1.072266 0.022141 0.000000 0.000000 -1.371829 -0.010472
    42 0.000000 -2.078125 1.572266 0.000000 0.000000 0.000000
    43 0.000000 -3.694214 1.590397 0.606023 0.000000 0.000000
    44 0.000001 -1.269191 2.084921 0.000000 0.000000 0.000000
    45 0.000001 -1.330078 2.132813 0.000000 0.000000 0.000000
    46 0.000000 -2.113281 1.572266 0.000000 0.000000 0.000000
    47 0.000001 -3.744141 1.535156 0.000000 0.000000 0.000000
    48 0.500002 9.999993 0.000002 -1.570796 0.000000 -1.570796
    49 0.500002 9.999993 0.000002 -1.570796 0.000000 -1.570796
    50 0.000000 0.000005 0.000001 -1.570796 0.000000 -1.570796
    51 0.000001 0.000003 -0.500010 -1.570796 0.000000 -1.570796
    52 -0.000001 0.000000 -0.000002 -1.570796 0.000000 0.000000
    53 0.000000 0.000000 0.000000 -1.570797 0.000000 0.000000
    54 0.000001 0.000000 0.000000 -1.570796 0.000000 0.000000
    55 0.000000 0.000000 0.000002 -1.570796 0.000000 0.000000
    56 -0.000003 0.000000 0.000001 -1.570796 0.000000 0.000000
    57 0.000000 0.000000 0.000000 -1.570796 0.000000 0.000000
    58 0.000000 0.000000 -0.000002 -1.570796 0.000000 0.000000
    59 0.000000 0.000000 0.000001 -1.570796 0.000000 0.000000
    60 -0.000003 0.000000 0.000000 -1.570796 0.000000 0.000000
    61 -0.000001 0.000000 0.000000 -1.570796 0.000000 0.000000
    62 0.000000 0.000000 0.000000 -1.570796 0.000001 0.000000
    63 0.000000 0.000000 0.000000 -1.570796 0.000001 0.000000
    64 0.000000 0.000000 0.000001 3.141593 0.000000 0.000000
    65 0.000000 0.000000 0.000000 3.141593 0.000000 0.000000
    66 0.000001 -0.000001 0.000002 3.141592 0.000000 0.000000
    67 0.000000 10.000002 -0.000005 -1.570796 0.000000 -1.570796
    68 0.000000 10.000002 -0.000005 -1.570796 0.000000 -1.570796
    69 0.000000 0.000005 -0.000003 -1.570796 0.000000 -1.570796
    70 -0.000002 0.000006 -0.500010 -1.570796 0.000000 -1.570796
    71 -0.000004 0.000000 -0.000002 -1.570796 0.000000 0.000000
    72 0.000000 0.000000 0.000000 -1.570796 0.000000 0.000000
    73 0.000000 0.000000 0.000000 -1.570796 0.000000 0.000000
    74 -0.000002 0.000000 0.000000 -1.570796 0.000000 0.000000
    75 0.000002 0.000000 0.000000 -1.570796 0.000000 0.000000
    76 0.000006 0.000000 0.000000 -1.570796 0.000000 0.000000
    77 0.000001 0.000000 0.000000 -1.570796 0.000000 0.000000
    78 0.000000 0.000000 0.000000 -1.570796 0.000000 0.000000
    79 0.000003 0.000000 0.000000 -1.570796 0.000000 0.000000
    80 0.000000 0.000000 0.000000 -1.570796 0.000000 0.000000
    81 0.000002 0.000000 -0.000001 -1.570796 0.000000 0.000000
    82 0.000000 0.000000 0.000000 -1.570796 0.000000 0.000000
    83 0.000000 0.000000 -0.000003 0.000000 0.000000 0.000000
    84 0.000000 0.000000 0.000000 0.000000 0.000000 0.000000
    85 0.000000 0.000001 -0.000001 0.000000 0.000000 0.000000
  time 4
    0 -11.314289 0.756283 -7.374084 -2.197460 1.271438 -1.802149
    1 0.026867 -11.331078 -0.000002 0.363051 -0.417951 0.042858
    2 0.000000 -0.570313 0.000000 0.000000 0.000000 0.000000
    3 -0.527344 0.291504 0.596680 -0.212797 -0.375551 -2.091539
    4 2.279297 -0.130615 -0.000002 0.000000 0.000000 0.523599
    5 1.069446 0.056463 0.000000 0.000000 0.000000 0.848230
    6 -1.361328 -2.283203 -0.153076 0.000000 0.000000 -1.638864
    7 1.730202 -0.000584 0.000001 -0.001738 -0.789117 0.009299
    8 1.195413 -0.010942 0.000001 0.000000 -1.017480 0.000000
    9 -0.435303 -2.492188 -0.153198 -0.078961 -0.260133 -1.437435
    10 1.931641 0.005783 -0.000001 -3.141592 -1.518438 -3.141593
    11 1.417969 0.010590 0.000003 0.000000 -1.110029 0.020944
    12 0.386963 -2.169922 -0.153198 -0.056428 -0.182688 -1.438565
    13 1.960938 0.062164 0.000000 -0.000001 -1.497494 -0.010473
    14 1.370117 0.004250 0.000000 0.000001 -1.214749 0.005236
    15 1.195313 -1.667969 -0.153198 0.000000 -0.267035 -1.445133
    16 1.681641 0.022751 0.000001 0.000000 -0.612611 -0.005236
    17 1.091797 -0.001311 -0.000001 0.000000 -1.392772 0.000000
    18 11.066475 -0.263145 -7.536720 -2.030162 -1.334328 1.646950
    19 -0.295538 -11.164099 0.000002 0.219543 0.308312 -0.249251
    20 0.288330 -4.437500 0.926270 0.080103 -1.549641 -0.151666
    21 0.000001 2.791016 0.898926 0.000000 0.000000 0.000000
    22 0.000000 -1.945485 2.897376 0.000000 0.000000 0.000000
    23 -0.496338 -4.484375 0.849121 0.430357 1.517607 0.507516
    24 -0.000001 2.900391 1.067383 0.000000 0.000000 0.000000
    25 0.000000 -1.573242 2.900391 0.000000 0.000000 0.000000
    26 -0.021851 -0.544922 0.000001 0.000000 0.000000 0.000000
    27 0.589844 0.240234 0.590332 0.297069 -0.493084 -1.048320
    28 2.320313 0.013252 0.000003 0.000000 0.000000 -0.455531
    29 1.244141 -0.012520 -0.000002 0.000000 0.000000 -0.858702
    30 1.419922 -2.332031 -0.171265 -0.002072 -0.054730 -1.523603
    31 1.706055 0.018570 0.000000 0.000004 -0.376958 -0.010445
    32 1.160683 -0.005664 0.000000 -0.000983 -0.612611 0.016344
    33 0.510742 -2.585938 -0.171143 0.068179 -0.280440 -1.750247
    34 1.836914 0.009186 -0.000001 -3.141591 -1.523670 -3.131118
    35 1.439453 0.012917 -0.000002 0.000000 -1.099558 0.005236
    36 -0.359256 -2.261720 -0.168329 0.017968 -0.224442 -1.724665
    37 1.888672 -0.005322 0.000004 0.000002 -1.544617 0.036656
    38 1.374023 -0.013504 0.000000 0.000000 -1.130973 0.010472
    39 -1.195313 -1.695313 -0.171265 0.000000 -0.235619 -1.685988
    40 1.688477 -0.013481 0.000000 0.000000 -0.753982 0.005229
    41 1.072266 0.022141 0.000000 0.000000 -1.371829 -0.010472
    42 0.000000 -2.078125 1.572266 0.000000 0.000000 0.000000
    43 0.000000 -3.702027 1.586491 0.601677 0.000000 0.000000
    44 0.000001 -1.269191 2.088827 0.000000 0.000000 0.000000
    45 0.000001 -1.330078 2.132813 0.000000 0.000000 0.000000
    46 0.000000 -2.113281 1.572266 0.000000 0.000000 0.000000
    47 0.000001 -3.744141 1.535156 0.000000 0.000000 0.000000
    48 0.500002 9.999993 0.000002 -1.570796 0.000000 -1.570796
    49 0.500002 9.999993 0.000002 -1.570796 0.000000 -1.570796
    50 0.000000 0.000005 0.000001 -1.570796 0.000000 -1.570796
    51 0.000001 0.000003 -0.500010 -1.570796 0.000000 -1.570796
    52 -0.000001 0.000000 -0.000002 -1.570796 0.000000 0.000000
    53 0.000000 0.000000 0.000000 -1.570797 0.000000 0.000000
    54 0.000001 0.000000 0.000000 -1.570796 0.000000 0.000000
    55 0.000000 0.000000 0.000002 -1.570796 0.000000 0.000000
    56 -0.000003 0.000000 0.000001 -1.570796 0.000000 0.000000
    57 0.000000 0.000000 0.000000 -1.570796 0.000000 0.000000
    58 0.000000 0.000000 -0.000002 -1.570796 0.000000 0.000000
    59 0.000000 0.000000 0.000001 -1.570796 0.000000 0.000000
    60 -0.000003 0.000000 0.000000 -1.570796 0.000000 0.000000
    61 -0.000001 0.000000 0.000000 -1.570796 0.000000 0.000000
    62 0.000000 0.000000 0.000000 -1.570796 0.000001 0.000000
    63 0.000000 0.000000 0.000000 -1.570796 0.000001 0.000000
    64 0.000000 0.000000 0.000001 3.141593 0.000000 0.000000
    65 0.000000 0.000000 0.000000 3.141593 0.000000 0.000000
    66 0.000001 -0.000001 0.000002 3.141592 0.000000 0.000000
    67 0.000000 10.000002 -0.000005 -1.570796 0.000000 -1.570796
    68 0.000000 10.000002 -0.000005 -1.570796 0.000000 -1.570796
    69 0.000000 0.000005 -0.000003 -1.570796 0.000000 -1.570796
    70 -0.000002 0.000006 -0.500010 -1.570796 0.000000 -1.570796
    71 -0.000004 0.000000 -0.000002 -1.570796 0.000000 0.000000
    72 0.000000 0.000000 0.000000 -1.570796 0.000000 0.000000
    73 0.000000 0.000000 0.000000 -1.570796 0.000000 0.000000
    74 -0.000002 0.000000 0.000000 -1.570796 0.000000 0.000000
    75 0.000002 0.000000 0.000000 -1.570796 0.000000 0.000000
    76 0.000006 0.000000 0.000000 -1.570796 0.000000 0.000000
    77 0.000001 0.000000 0.000000 -1.570796 0.000000 0.000000
    78 0.000000 0.000000 0.000000 -1.570796 0.000000 0.000000
    79 0.000003 0.000000 0.000000 -1.570796 0.000000 0.000000
    80 0.000000 0.000000 0.000000 -1.570796 0.000000 0.000000
    81 0.000002 0.000000 -0.000001 -1.570796 0.000000 0.000000
    82 0.000000 0.000000 0.000000 -1.570796 0.000000 0.000000
    83 0.000000 0.000000 -0.000003 0.000000 0.000000 0.000000
    84 0.000000 0.000000 0.000000 0.000000 0.000000 0.000000
    85 0.000000 0.000001 -0.000001 0.000000 0.000000 0.000000
  time 5
    0 -11.318195 0.787534 -7.327208 -2.236709 1.264721 -1.843244
    1 0.026867 -11.331078 -0.000002 0.314689 -0.392519 0.177510
    2 0.000000 -0.570313 0.000000 0.000000 0.000000 0.000000
    3 -0.527344 0.291504 0.596680 -0.212797 -0.375551 -2.091539
    4 2.279297 -0.130615 -0.000002 0.000000 0.000000 0.523599
    5 1.069446 0.056463 0.000000 0.000000 0.000000 0.848230
    6 -1.361328 -2.283203 -0.153076 0.000000 0.000000 -1.638864
    7 1.730202 -0.000584 0.000001 -0.001570 -0.764392 0.009203
    8 1.195413 -0.010942 0.000001 0.000000 -0.989569 0.000000
    9 -0.435303 -2.492188 -0.153198 -0.078961 -0.260133 -1.437435
    10 1.931641 0.005783 -0.000001 -3.141592 -1.518438 -3.141593
    11 1.417969 0.010590 0.000003 0.000000 -1.110029 0.020944
    12 0.386963 -2.169922 -0.153198 -0.056428 -0.182688 -1.438565
    13 1.960938 0.062164 0.000000 -0.000001 -1.497494 -0.010473
    14 1.370117 0.004250 0.000000 0.000001 -1.214749 0.005236
    15 1.195313 -1.667969 -0.153198 0.000000 -0.267035 -1.445133
    16 1.681641 0.022751 0.000001 0.000000 -0.612611 -0.005236
    17 1.091797 -0.001311 -0.000001 0.000000 -1.392772 0.000000
    18 11.062569 -0.278770 -7.560158 -2.042092 -1.334039 1.658934
    19 -0.295538 -11.160193 0.000002 0.219507 0.306600 -0.245060
    20 0.288330 -4.437500 0.926270 0.080103 -1.549641 -0.151666
    21 0.000001 2.791016 0.898926 0.000000 0.000000 0.000000
    22 0.000000 -1.941578 2.901283 0.000000 0.000000 0.000000
    23 -0.496338 -4.484375 0.849121 0.430357 1.517607 0.507516
    24 -0.000001 2.900391 1.067383 0.000000 0.000000 0.000000
    25 0.000000 -1.573242 2.900391 0.000000 0.000000 0.000000
    26 -0.021851 -0.544922 0.000001 0.000000 0.000000 0.000000
    27 0.589844 0.240234 0.590332 0.297069 -0.493084 -1.048320
    28 2.320313 0.013252 0.000003 0.000000 0.000000 -0.455531
    29 1.244141 -0.012520 -0.000002 0.000000 0.000000 -0.858702
    30 1.419922 -2.332031 -0.171265 -0.002072 -0.054730 -1.523603
    31 1.706055 0.018570 0.000000 0.000004 -0.376958 -0.010445
    32 1.168496 -0.005664 0.000000 -0.000983 -0.612611 0.016344
    33 0.510742 -2.585938 -0.171143 0.068179 -0.280440 -1.750247
    34 1.836914 0.009186 -0.000001 -3.141591 -1.523670 -3.131118
    35 1.439453 0.012917 -0.000002 0.000000 -1.099558 0.005236
    36 -0.359256 -2.265626 -0.168329 0.017968 -0.224442 -1.724665
    37 1.888672 -0.005322 0.000004 0.000002 -1.544617 0.036656
    38 1.374023 -0.013504 0.000000 0.000000 -1.130973 0.010472
    39 -1.195313 -1.695313 -0.171265 0.000000 -0.235619 -1.685988
    40 1.688477 -0.013481 0.000000 0.000000 -0.753982 0.005229
    41 1.072266 0.022141 0.000000 0.000000 -1.371829 -0.010472
    42 0.000000 -2.078125 1.572266 0.000000 0.000000 0.000000
    43 0.000000 -3.698120 1.590397 0.544509 0.000000 0.000000
    44 0.000001 -1.269191 2.088827 0.000000 0.000000 0.000000
    45 0.000001 -1.330078 2.132813 0.000000 0.000000 0.000000
    46 0.000000 -2.113281 1.572266 0.000000 0.000000 0.000000
    47 0.000001 -3.744141 1.535156 0.000000 0.000000 0.000000
    48 0.500002 9.999993 0.000002 -1.570796 0.000000 -1.570796
    49 0.500002 9.999993 0.000002 -1.570796 0.000000 -1.570796
    50 0.000000 0.000005 0.000001 -1.570796 0.000000 -1.570796
    51 0.000001 0.000003 -0.500010 -1.570796 0.000000 -1.570796
    52 -0.000001 0.000000 -0.000002 -1.570796 0.000000 0.000000
    53 0.000000 0.000000 0.000000 -1.570797 0.000000 0.000000
    54 0.000001 0.000000 0.000000 -1.570796 0.000000 0.000000
    55 0.000000 0.000000 0.000002 -1.570796 0.000000 0.000000
    56 -0.000003 0.000000 0.000001 -1.570796 0.000000 0.000000
    57 0.000000 0.000000 0.000000 -1.570796 0.000000 0.000000
    58 0.000000 0.000000 -0.000002 -1.570796 0.000000 0.000000
    59 0.000000 0.000000 0.000001 -1.570796 0.000000 0.000000
    60 -0.000003 0.000000 0.000000 -1.570796 0.000000 0.000000
    61 -0.000001 0.000000 0.000000 -1.570796 0.000000 0.000000
    62 0.000000 0.000000 0.000000 -1.570796 0.000001 0.000000
    63 0.000000 0.000000 0.000000 -1.570796 0.000001 0.000000
    64 0.000000 0.000000 0.000001 3.141593 0.000000 0.000000
    65 0.000000 0.000000 0.000000 3.141593 0.000000 0.000000
    66 0.000001 -0.000001 0.000002 3.141592 0.000000 0.000000
    67 0.000000 10.000002 -0.000005 -1.570796 0.000000 -1.570796
    68 0.000000 10.000002 -0.000005 -1.570796 0.000000 -1.570796
    69 0.000000 0.000005 -0.000003 -1.570796 0.000000 -1.570796
    70 -0.000002 0.000006 -0.500010 -1.570796 0.000000 -1.570796
    71 -0.000004 0.000000 -0.000002 -1.570796 0.000000 0.000000
    72 0.000000 0.000000 0.000000 -1.570796 0.000000 0.000000
    73 0.000000 0.000000 0.000000 -1.570796 0.000000 0.000000
    74 -0.000002 0.000000 0.000000 -1.570796 0.000000 0.000000
    75 0.000002 0.000000 0.000000 -1.570796 0.000000 0.000000
    76 0.000006 0.000000 0.000000 -1.570796 0.000000 0.000000
    77 0.000001 0.000000 0.000000 -1.570796 0.000000 0.000000
    78 0.000000 0.000000 0.000000 -1.570796 0.000000 0.000000
    79 0.000003 0.000000 0.000000 -1.570796 0.000000 0.000000
    80 0.000000 0.000000 0.000000 -1.570796 0.000000 0.000000
    81 0.000002 0.000000 -0.000001 -1.570796 0.000000 0.000000
    82 0.000000 0.000000 0.000000 -1.570796 0.000000 0.000000
    83 0.000000 0.000000 -0.000003 0.000000 0.000000 0.000000
    84 0.000000 0.000000 0.000000 0.000000 0.000000 0.000000
    85 0.000000 0.000001 -0.000001 0.000000 0.000000 0.000000
  time 6
    0 -11.302570 0.740658 -7.385803 -2.322881 1.259258 -1.933577
    1 0.026867 -11.331078 -0.000002 0.307775 -0.389405 0.194027
    2 0.000000 -0.570313 0.000000 0.000000 0.000000 0.000000
    3 -0.527344 0.291504 0.596680 -0.212797 -0.375551 -2.091539
    4 2.279297 -0.130615 -0.000002 0.000000 0.000000 0.523599
    5 1.069446 0.056463 0.000000 0.000000 0.000000 0.848230
    6 -1.361328 -2.283203 -0.153076 0.000000 0.000000 -1.638864
    7 1.730202 -0.000584 0.000001 -0.001402 -0.739714 0.009107
    8 1.199319 -0.010942 0.000001 0.000000 -0.961714 0.000000
    9 -0.435303 -2.492188 -0.153198 -0.078961 -0.260133 -1.437435
    10 1.931641 0.005783 -0.000001 -3.141592 -1.518438 -3.141593
    11 1.417969 0.010590 0.000003 0.000000 -1.110029 0.020944
    12 0.386963 -2.169922 -0.153198 -0.056428 -0.182688 -1.438565
    13 1.960938 0.062164 0.000000 -0.000001 -1.497494 -0.010473
    14 1.370117 0.004250 0.000000 0.000001 -1.214749 0.005236
    15 1.195313 -1.667969 -0.153198 0.000000 -0.267035 -1.445133
    16 1.681641 0.022751 0.000001 0.000000 -0.612611 -0.005236
    17 1.091797 -0.001311 -0.000001 0.000000 -1.392772 0.000000
    18 11.054756 -0.294396 -7.567971 -2.052612 -1.333569 1.670263
    19 -0.295538 -11.164099 0.000002 0.218176 0.304615 -0.243015
    20 0.288330 -4.437500 0.926270 0.080103 -1.549641 -0.151666
    21 0.000001 2.791016 0.898926 0.000000 0.000000 0.000000
    22 0.000000 -1.933765 2.901283 0.000000 0.000000 0.000000
    23 -0.496338 -4.484375 0.849121 0.430357 1.517607 0.507516
    24 -0.000001 2.900391 1.067383 0.000000 0.000000 0.000000
    25 0.000000 -1.573242 2.900391 0.000000 0.000000 0.000000
    26 -0.021851 -0.544922 0.000001 0.000000 0.000000 0.000000
    27 0.589844 0.240234 0.590332 0.297069 -0.493084 -1.048320
    28 2.320313 0.013252 0.000003 0.000000 0.000000 -0.455531
    29 1.244141 -0.012520 -0.000002 0.000000 0.000000 -0.858702
    30 1.419922 -2.332031 -0.171265 -0.002072 -0.054730 -1.523603
    31 1.706055 0.018570 0.000000 0.000004 -0.376958 -0.010445
    32 1.160683 -0.005664 0.000000 -0.000983 -0.612611 0.016344
    33 0.510742 -2.585938 -0.171143 0.068179 -0.280440 -1.750247
    34 1.836914 0.009186 -0.000001 -3.141591 -1.523670 -3.131118
    35 1.439453 0.012917 -0.000002 0.000000 -1.099558 0.005236
    36 -0.359256 -2.261720 -0.168329 0.017968 -0.224442 -1.724665
    37 1.888672 -0.005322 0.000004 0.000002 -1.544617 0.036656
    38 1.374023 -0.013504 0.000000 0.000000 -1.130973 0.010472
    39 -1.195313 -1.695313 -0.171265 0.000000 -0.235619 -1.685988
    40 1.688477 -0.013481 0.000000 0.000000 -0.753982 0.005229
    41 1.072266 0.022141 0.000000 0.000000 -1.371829 -0.010472
    42 0.000000 -2.078125 1.572266 0.000000 0.000000 0.000000
    43 0.000000 -3.694214 1.590397 0.477613 0.000000 0.000000
    44 0.000001 -1.269191 2.088827 0.000000 0.000000 0.000000
    45 0.000001 -1.330078 2.132813 0.000000 0.000000 0.000000
    46 0.000000 -2.113281 1.572266 0.000000 0.000000 0.000000
    47 0.000001 -3.744141 1.535156 0.000000 0.000000 0.000000
    48 0.500002 9.999993 0.000002 -1.570796 0.000000 -1.570796
    49 0.500002 9.999993 0.000002 -1.570796 0.000000 -1.570796
    50 0.000000 0.000005 0.000001 -1.570796 0.000000 -1.570796
    51 0.000001 0.000003 -0.500010 -1.570796 0.000000 -1.570796
    52 -0.000001 0.000000 -0.000002 -1.570796 0.000000 0.000000
    53 0.000000 0.000000 0.000000 -1.570797 0.000000 0.000000
    54 0.000001 0.000000 0.000000 -1.570796 0.000000 0.000000
    55 0.000000 0.000000 0.000002 -1.570796 0.000000 0.000000
    56 -0.000003 0.000000 0.000001 -1.570796 0.000000 0.000000
    57 0.000000 0.000000 0.000000 -1.570796 0.000000 0.000000
    58 0.000000 0.000000 -0.000002 -1.570796 0.000000 0.000000
    59 0.000000 0.000000 0.000001 -1.570796 0.000000 0.000000
    60 -0.000003 0.000000 0.000000 -1.570796 0.000000 0.000000
    61 -0.000001 0.000000 0.000000 -1.570796 0.000000 0.000000
    62 0.000000 0.000000 0.000000 -1.570796 0.000001 0.000000
    63 0.000000 0.000000 0.000000 -1.570796 0.000001 0.000000
    64 0.000000 0.000000 0.000001 3.141593 0.000000 0.000000
    65 0.000000 0.000000 0.000000 3.141593 0.000000 0.000000
    66 0.000001 -0.000001 0.000002 3.141592 0.000000 0.000000
    67 0.000000 10.000002 -0.000005 -1.570796 0.000000 -1.570796
    68 0.000000 10.000002 -0.000005 -1.570796 0.000000 -1.570796
    69 0.000000 0.000005 -0.000003 -1.570796 0.000000 -1.570796
    70 -0.000002 0.000006 -0.500010 -1.570796 0.000000 -1.570796
    71 -0.000004 0.000000 -0.000002 -1.570796 0.000000 0.000000
    72 0.000000 0.000000 0.000000 -1.570796 0.000000 0.000000
    73 0.000000 0.000000 0.000000 -1.570796 0.000000 0.000000
    74 -0.000002 0.000000 0.000000 -1.570796 0.000000 0.000000
    75 0.000002 0.000000 0.000000 -1.570796 0.000000 0.000000
    76 0.000006 0.000000 0.000000 -1.570796 0.000000 0.000000
    77 0.000001 0.000000 0.000000 -1.570796 0.000000 0.000000
    78 0.000000 0.000000 0.000000 -1.570796 0.000000 0.000000
    79 0.000003 0.000000 0.000000 -1.570796 0.000000 0.000000
    80 0.000000 0.000000 0.000000 -1.570796 0.000000 0.000000
    81 0.000002 0.000000 -0.000001 -1.570796 0.000000 0.000000
    82 0.000000 0.000000 0.000000 -1.570796 0.000000 0.000000
    83 0.000000 0.000000 -0.000003 0.000000 0.000000 0.000000
    84 0.000000 0.000000 0.000000 0.000000 0.000000 0.000000
    85 0.000000 0.000001 -0.000001 0.000000 0.000000 0.000000
  time 7
    0 -11.298663 0.666437 -7.463931 -2.376678 1.256661 -1.990094
    1 0.026867 -11.331078 -0.000002 0.291678 -0.381497 0.231866
    2 0.000000 -0.570313 0.000000 0.000000 0.000000 0.000000
    3 -0.527344 0.291504 0.596680 -0.212797 -0.375551 -2.091539
    4 2.279297 -0.130615 -0.000002 0.000000 0.000000 0.523599
    5 1.069446 0.056463 0.000000 0.000000 0.000000 0.848230
    6 -1.361328 -2.283203 -0.153076 0.000000 0.000000 -1.638864
    7 1.734108 -0.000584 0.000001 -0.001222 -0.704733 0.008939
    8 1.199319 -0.010942 0.000001 0.000000 -0.922151 0.000000
    9 -0.435303 -2.492188 -0.153198 -0.078961 -0.260133 -1.437435
    10 1.931641 0.005783 -0.000001 -3.141592 -1.518438 -3.141593
    11 1.417969 0.010590 0.000003 0.000000 -1.110029 0.020944
    12 0.386963 -2.169922 -0.153198 -0.056428 -0.182688 -1.438565
    13 1.960938 0.062164 0.000000 -0.000001 -1.497494 -0.010473
    14 1.370117 0.004250 0.000000 0.000001 -1.214749 0.005236
    15 1.195313 -1.667969 -0.153198 0.000000 -0.267035 -1.445133
    16 1.681641 0.022751 0.000001 0.000000 -0.612611 -0.005236
    17 1.091797 -0.001311 -0.000001 0.000000 -1.392772 0.000000
    18 11.054756 -0.294396 -7.579690 -2.063414 -1.332955 1.681404
    19 -0.295538 -11.160193 0.000002 0.214686 0.302258 -0.244252
    20 0.288330 -4.437500 0.926270 0.080103 -1.549641 -0.151666
    21 0.000001 2.791016 0.898926 0.000000 0.000000 0.000000
    22 0.000000 -1.945485 2.901283 0.000000 0.000000 0.000000
    23 -0.496338 -4.484375 0.849121 0.430357 1.517607 0.507516
    24 -0.000001 2.900391 1.067383 0.000000 0.000000 0.000000
    25 0.000000 -1.573242 2.900391 0.000000 0.000000 0.000000
    26 -0.021851 -0.544922 0.000001 0.000000 0.000000 0.000000
    27 0.589844 0.240234 0.590332 0.297069 -0.493084 -1.048320
    28 2.320313 0.013252 0.000003 0.000000 0.000000 -0.455531
    29 1.244141 -0.012520 -0.000002 0.000000 0.000000 -0.858702
    30 1.419922 -2.332031 -0.171265 -0.002072 -0.054730 -1.523603
    31 1.706055 0.018570 0.000000 0.000004 -0.376958 -0.010445
    32 1.168496 -0.005664 0.000000 -0.000983 -0.612611 0.016344
    33 0.510742 -2.585938 -0.171143 0.068179 -0.280440 -1.750247
    34 1.836914 0.009186 -0.000001 -3.141591 -1.523670 -3.131118
    35 1.439453 0.012917 -0.000002 0.000000 -1.099558 0.005236
    36 -0.359256 -2.261720 -0.168329 0.017968 -0.224442 -1.724665
    37 1.888672 -0.005322 0.000004 0.000002 -1.544617 0.036656
    38 1.374023 -0.013504 0.000000 0.000000 -1.130973 0.010472
    39 -1.195313 -1.695313 -0.171265 0.000000 -0.235619 -1.685988
    40 1.688477 -0.013481 0.000000 0.000000 -0.753982 0.005229
    41 1.072266 0.022141 0.000000 0.000000 -1.371829 -0.010472
    42 0.000000 -2.078125 1.572266 0.000000 0.000000 0.000000
    43 0.000000 -3.702027 1.586491 0.387931 0.000000 0.000000
    44 0.000001 -1.269191 2.084921 0.000000 0.000000 0.000000
    45 0.000001 -1.330078 2.132813 0.000000 0.000000 0.000000
    46 0.000000 -2.113281 1.572266 0.000000 0.000000 0.000000
    47 0.000001 -3.744141 1.535156 0.000000 0.000000 0.000000
    48 0.500002 9.999993 0.000002 -1.570796 0.000000 -1.570796
    49 0.500002 9.999993 0.000002 -1.570796 0.000000 -1.570796
    50 0.000000 0.000005 0.000001 -1.570796 0.000000 -1.570796
    51 0.000001 0.000003 -0.500010 -1.570796 0.000000 -1.570796
    52 -0.000001 0.000000 -0.000002 -1.570796 0.000000 0.000000
    53 0.000000 0.000000 0.000000 -1.570797 0.000000 0.000000
    54 0.000001 0.000000 0.000000 -1.570796 0.000000 0.000000
    55 0.000000 0.000000 0.000002 -1.570796 0.000000 0.000000
    56 -0.000003 0.000000 0.000001 -1.570796 0.000000 0.000000
    57 0.000000 0.000000 0.000000 -1.570796 0.000000 0.000000
    58 0.000000 0.000000 -0.000002 -1.570796 0.000000 0.000000
    59 0.000000 0.000000 0.000001 -1.570796 0.000000 0.000000
    60 -0.000003 0.000000 0.000000 -1.570796 0.000000 0.000000
    61 -0.000001 0.000000 0.000000 -1.570796 0.000000 0.000000
    62 0.000000 0.000000 0.000000 -1.570796 0.000001 0.000000
    63 0.000000 0.000000 0.000000 -1.570796 0.000001 0.000000
    64 0.000000 0.000000 0.000001 3.141593 0.000000 0.000000
    65 0.000000 0.000000 0.000000 3.141593 0.000000 0.000000
    66 0.000001 -0.000001 0.000002 3.141592 0.000000 0.000000
    67 0.000000 10.000002 -0.000005 -1.570796 0.000000 -1.570796
    68 0.000000 10.000002 -0.000005 -1.570796 0.000000 -1.570796
    69 0.000000 0.000005 -0.000003 -1.570796 0.000000 -1.570796
    70 -0.000002 0.000006 -0.500010 -1.570796 0.000000 -1.570796
    71 -0.000004 0.000000 -0.000002 -1.570796 0.000000 0.000000
    72 0.000000 0.000000 0.000000 -1.570796 0.000000 0.000000
    73 0.000000 0.000000 0.000000 -1.570796 0.000000 0.000000
    74 -0.000002 0.000000 0.000000 -1.570796 0.000000 0.000000
    75 0.000002 0.000000 0.000000 -1.570796 0.000000 0.000000
    76 0.000006 0.000000 0.000000 -1.570796 0.000000 0.000000
    77 0.000001 0.000000 0.000000 -1.570796 0.000000 0.000000
    78 0.000000 0.000000 0.000000 -1.570796 0.000000 0.000000
    79 0.000003 0.000000 0.000000 -1.570796 0.000000 0.000000
    80 0.000000 0.000000 0.000000 -1.570796 0.000000 0.000000
    81 0.000002 0.000000 -0.000001 -1.570796 0.000000 0.000000
    82 0.000000 0.000000 0.000000 -1.570796 0.000000 0.000000
    83 0.000000 0.000000 -0.000003 0.000000 0.000000 0.000000
    84 0.000000 0.000000 0.000000 0.000000 0.000000 0.000000
    85 0.000000 0.000001 -0.000001 0.000000 0.000000 0.000000
  time 8
    0 -11.290851 0.607841 -7.518620 -2.379077 1.256840 -1.992968
    1 0.026867 -11.331078 -0.000002 0.278382 -0.374333 0.261785
    2 0.000000 -0.570313 0.000000 0.000000 0.000000 0.000000
    3 -0.527344 0.291504 0.596680 -0.212797 -0.375551 -2.091539
    4 2.279297 -0.130615 -0.000002 0.000000 0.000000 0.523599
    5 1.069446 0.056463 0.000000 0.000000 0.000000 0.848230
    6 -1.361328 -2.283203 -0.153076 0.000000 0.000000 -1.638864
    7 1.726295 -0.000584 0.000001 -0.001115 -0.670661 0.008831
    8 1.195413 -0.010942 0.000001 0.000000 -0.883670 0.000000
    9 -0.435303 -2.492188 -0.153198 -0.078961 -0.260133 -1.437435
    10 1.931641 0.005783 -0.000001 -3.141592 -1.518438 -3.141593
    11 1.417969 0.010590 0.000003 0.000000 -1.110029 0.020944
    12 0.386963 -2.169922 -0.153198 -0.056428 -0.182688 -1.438565
    13 1.960938 0.062164 0.000000 -0.000001 -1.497494 -0.010473
    14 1.370117 0.004250 0.000000 0.000001 -1.214749 0.005236
    15 1.195313 -1.667969 -0.153198 0.000000 -0.267035 -1.445133
    16 1.681641 0.022751 0.000001 0.000000 -0.612611 -0.005236
    17 1.091797 -0.001311 -0.000001 0.000000 -1.392772 0.000000
    18 11.062569 -0.286583 -7.583596 -2.074123 -1.332232 1.692640
    19 -0.295538 -11.160193 0.000002 0.209146 0.299578 -0.249756
    20 0.288330 -4.437500 0.926270 0.080103 -1.549641 -0.151666
    21 0.000001 2.791016 0.898926 0.000000 0.000000 0.000000
    22 0.000000 -1.945485 2.893470 0.000000 0.000000 0.000000
    23 -0.496338 -4.484375 0.849121 0.430357 1.517607 0.507516
    24 -0.000001 2.900391 1.067383 0.000000 0.000000 0.000000
    25 0.000000 -1.573242 2.900391 0.000000 0.000000 0.000000
    26 -0.021851 -0.544922 0.000001 0.000000 0.000000 0.000000
    27 0.589844 0.240234 0.590332 0.297069 -0.493084 -1.048320
    28 2.320313 0.013252 0.000003 0.000000 0.000000 -0.455531
    29 1.244141 -0.012520 -0.000002 0.000000 0.000000 -0.858702
    30 1.419922 -2.332031 -0.171265 -0.002072 -0.054730 -1.523603
    31 1.706055 0.018570 0.000000 0.000004 -0.376958 -0.010445
    32 1.164589 -0.005664 0.000000 -0.000983 -0.612611 0.016344
    33 0.510742 -2.585938 -0.171143 0.068179 -0.280440 -1.750247
    34 1.836914 0.009186 -0.000001 -3.141591 -1.523670 -3.131118
    35 1.439453 0.012917 -0.000002 0.000000 -1.099558 0.005236
    36 -0.359256 -2.261720 -0.168329 0.017968 -0.224442 -1.724665
    37 1.888672 -0.005322 0.000004 0.000002 -1.544617 0.036656
    38 1.374023 -0.013504 0.000000 0.000000 -1.130973 0.010472
    39 -1.195313 -1.695313 -0.171265 0.000000 -0.235619 -1.685988
    40 1.688477 -0.013481 0.000000 0.000000 -0.753982 0.005229
    41 1.072266 0.022141 0.000000 0.000000 -1.371829 -0.010472
    42 0.000000 -2.078125 1.572266 0.000000 0.000000 0.000000
    43 0.000000 -3.702027 1.586491 0.286542 0.000000 0.000000
    44 0.000001 -1.269191 2.084921 0.000000 0.000000 0.000000
    45 0.000001 -1.330078 2.132813 0.000000 0.000000 0.000000
    46 0.000000 -2.113281 1.572266 0.000000 0.000000 0.000000
    47 0.000001 -3.744141 1.535156 0.000000 0.000000 0.000000
    48 0.500002 9.999993 0.000002 -1.570796 0.000000 -1.570796
    49 0.500002 9.999993 0.000002 -1.570796 0.000000 -1.570796
    50 0.000000 0.000005 0.000001 -1.570796 0.000000 -1.570796
    51 0.000001 0.000003 -0.500010 -1.570796 0.000000 -1.570796
    52 -0.000001 0.000000 -0.000002 -1.570796 0.000000 0.000000
    53 0.000000 0.000000 0.000000 -1.570797 0.000000 0.000000
    54 0.000001 0.000000 0.000000 -1.570796 0.000000 0.000000
    55 0.000000 0.000000 0.000002 -1.570796 0.000000 0.000000
    56 -0.000003 0.000000 0.000001 -1.570796 0.000000 0.000000
    57 0.000000 0.000000 0.000000 -1.570796 0.000000 0.000000
    58 0.000000 0.000000 -0.000002 -1.570796 0.000000 0.000000
    59 0.000000 0.000000 0.000001 -1.570796 0.000000 0.000000
    60 -0.000003 0.000000 0.000000 -1.570796 0.000000 0.000000
    61 -0.000001 0.000000 0.000000 -1.570796 0.000000 0.000000
    62 0.000000 0.000000 0.000000 -1.570796 0.000001 0.000000
    63 0.000000 0.000000 0.000000 -1.570796 0.000001 0.000000
    64 0.000000 0.000000 0.000001 3.141593 0.000000 0.000000
    65 0.000000 0.000000 0.000000 3.141593 0.000000 0.000000
    66 0.000001 -0.000001 0.000002 3.141592 0.000000 0.000000
    67 0.000000 10.000002 -0.000005 -1.570796 0.000000 -1.570796
    68 0.000000 10.000002 -0.000005 -1.570796 0.000000 -1.570796
    69 0.000000 0.000005 -0.000003 -1.570796 0.000000 -1.570796
    70 -0.000002 0.000006 -0.500010 -1.570796 0.000000 -1.570796
    71 -0.000004 0.000000 -0.000002 -1.570796 0.000000 0.000000
    72 0.000000 0.000000 0.000000 -1.570796 0.000000 0.000000
    73 0.000000 0.000000 0.000000 -1.570796 0.000000 0.000000
    74 -0.000002 0.000000 0.000000 -1.570796 0.000000 0.000000
    75 0.000002 0.000000 0.000000 -1.570796 0.000000 0.000000
    76 0.000006 0.000000 0.000000 -1.570796 0.000000 0.000000
    77 0.000001 0.000000 0.000000 -1.570796 0.000000 0.000000
    78 0.000000 0.000000 0.000000 -1.570796 0.000000 0.000000
    79 0.000003 0.000000 0.000000 -1.570796 0.000000 0.000000
    80 0.000000 0.000000 0.000000 -1.570796 0.000000 0.000000
    81 0.000002 0.000000 -0.000001 -1.570796 0.000000 0.000000
    82 0.000000 0.000000 0.000000 -1.570796 0.000000 0.000000
    83 0.000000 0.000000 -0.000003 0.000000 0.000000 0.000000
    84 0.000000 0.000000 0.000000 0.000000 0.000000 0.000000
    85 0.000000 0.000001 -0.000001 0.000000 0.000000 0.000000
  time 9
    0 -11.283038 0.580497 -7.549871 -2.386591 1.257422 -2.001206
    1 0.026867 -11.331078 -0.000002 0.268880 -0.368657 0.281493
    2 0.000000 -0.570313 0.000000 0.000000 0.000000 0.000000
    3 -0.527344 0.291504 0.596680 -0.212797 -0.375551 -2.091539
    4 2.279297 -0.130615 -0.000002 0.000000 0.000000 0.523599
    5 1.069446 0.056463 0.000000 0.000000 0.000000 0.848230
    6 -1.361328 -2.283203 -0.153076 0.000000 0.000000 -1.638864
    7 1.730202 -0.000584 0.000001 -0.000947 -0.634380 0.008735
    8 1.199319 -0.010942 0.000001 0.000000 -0.842664 0.000000
    9 -0.435303 -2.492188 -0.153198 -0.078961 -0.260133 -1.437435
    10 1.931641 0.005783 -0.000001 -3.141592 -1.518438 -3.141593
    11 1.417969 0.010590 0.000003 0.000000 -1.110029 0.020944
    12 0.386963 -2.169922 -0.153198 -0.056428 -0.182688 -1.438565
    13 1.960938 0.062164 0.000000 -0.000001 -1.497494 -0.010473
    14 1.370117 0.004250 0.000000 0.000001 -1.214749 0.005236
    15 1.195313 -1.667969 -0.153198 0.000000 -0.267035 -1.445133
    16 1.681641 0.022751 0.000001 0.000000 -0.612611 -0.005236
    17 1.091797 -0.001311 -0.000001 0.000000 -1.392772 0.000000
    18 11.066475 -0.267051 -7.583596 -2.085019 -1.331437 1.704156
    19 -0.295538 -11.160193 0.000002 0.209146 0.299578 -0.249756
    20 0.288330 -4.437500 0.926270 0.080103 -1.549641 -0.151666
    21 0.000001 2.791016 0.898926 0.000000 0.000000 0.000000
    22 0.000000 -1.941578 2.901283 0.000000 0.000000 0.000000
    23 -0.496338 -4.484375 0.849121 0.430357 1.517607 0.507516
    24 -0.000001 2.900391 1.067383 0.000000 0.000000 0.000000
    25 0.000000 -1.573242 2.900391 0.000000 0.000000 0.000000
    26 -0.021851 -0.544922 0.000001 0.000000 0.000000 0.000000
    27 0.589844 0.240234 0.590332 0.297069 -0.493084 -1.048320
    28 2.320313 0.013252 0.000003 0.000000 0.000000 -0.455531
    29 1.244141 -0.012520 -0.000002 0.000000 0.000000 -0.858702
    30 1.419922 -2.332031 -0.171265 -0.002072 -0.054730 -1.523603
    31 1.706055 0.018570 0.000000 0.000004 -0.376958 -0.010445
    32 1.168496 -0.005664 0.000000 -0.000983 -0.612611 0.016344
    33 0.510742 -2.585938 -0.171143 0.068179 -0.280440 -1.750247
    34 1.836914 0.009186 -0.000001 -3.141591 -1.523670 -3.131118
    35 1.439453 0.012917 -0.000002 0.000000 -1.099558 0.005236
    36 -0.359256 -2.265626 -0.168329 0.017968 -0.224442 -1.724665
    37 1.888672 -0.005322 0.000004 0.000002 -1.544617 0.036656
    38 1.374023 -0.013504 0.000000 0.000000 -1.130973 0.010472
    39 -1.195313 -1.695313 -0.171265 0.000000 -0.235619 -1.685988
    40 1.688477 -0.013481 0.000000 0.000000 -0.753982 0.005229
    41 1.072266 0.022141 0.000000 0.000000 -1.371829 -0.010472
    42 0.000000 -2.078125 1.572266 0.000000 0.000000 0.000000
    43 0.000000 -3.702027 1.586491 0.161313 0.000000 0.000000
    44 0.000001 -1.269191 2.084921 0.000000 0.000000 0.000000
    45 0.000001 -1.330078 2.132813 0.000000 0.000000 0.000000
    46 0.000000 -2.113281 1.572266 0.000000 0.000000 0.000000
    47 0.000001 -3.744141 1.535156 0.000000 0.000000 0.000000
    48 0.500002 9.999993 0.000002 -1.570796 0.000000 -1.570796
    49 0.500002 9.999993 0.000002 -1.570796 0.000000 -1.570796
    50 0.000000 0.000005 0.000001 -1.570796 0.000000 -1.570796
    51 0.000001 0.000003 -0.500010 -1.570796 0.000000 -1.570796
    52 -0.000001 0.000000 -0.000002 -1.570796 0.000000 0.000000
    53 0.000000 0.000000 0.000000 -1.570797 0.000000 0.000000
    54 0.000001 0.000000 0.000000 -1.570796 0.000000 0.000000
    55 0.000000 0.000000 0.000002 -1.570796 0.000000 0.000000
    56 -0.000003 0.000000 0.000001 -1.570796 0.000000 0.000000
    57 0.000000 0.000000 0.000000 -1.570796 0.000000 0.000000
    58 0.000000 0.000000 -0.000002 -1.570796 0.000000 0.000000
    59 0.000000 0.000000 0.000001 -1.570796 0.000000 0.000000
    60 -0.000003 0.000000 0.000000 -1.570796 0.000000 0.000000
    61 -0.000001 0.000000 0.000000 -1.570796 0.000000 0.000000
    62 0.000000 0.000000 0.000000 -1.570796 0.000001 0.000000
    63 0.000000 0.000000 0.000000 -1.570796 0.000001 0.000000
    64 0.000000 0.000000 0.000001 3.141593 0.000000 0.000000
    65 0.000000 0.000000 0.000000 3.141593 0.000000 0.000000
    66 0.000001 -0.000001 0.000002 3.141592 0.000000 0.000000
    67 0.000000 10.000002 -0.000005 -1.570796 0.000000 -1.570796
    68 0.000000 10.000002 -0.000005 -1.570796 0.000000 -1.570796
    69 0.000000 0.000005 -0.000003 -1.570796 0.000000 -1.570796
    70 -0.000002 0.000006 -0.500010 -1.570796 0.000000 -1.570796
    71 -0.000004 0.000000 -0.000002 -1.570796 0.000000 0.000000
    72 0.000000 0.000000 0.000000 -1.570796 0.000000 0.000000
    73 0.000000 0.000000 0.000000 -1.570796 0.000000 0.000000
    74 -0.000002 0.000000 0.000000 -1.570796 0.000000 0.000000
    75 0.000002 0.000000 0.000000 -1.570796 0.000000 0.000000
    76 0.000006 0.000000 0.000000 -1.570796 0.000000 0.000000
    77 0.000001 0.000000 0.000000 -1.570796 0.000000 0.000000
    78 0.000000 0.000000 0.000000 -1.570796 0.000000 0.000000
    79 0.000003 0.000000 0.000000 -1.570796 0.000000 0.000000
    80 0.000000 0.000000 0.000000 -1.570796 0.000000 0.000000
    81 0.000002 0.000000 -0.000001 -1.570796 0.000000 0.000000
    82 0.000000 0.000000 0.000000 -1.570796 0.000000 0.000000
    83 0.000000 0.000000 -0.000003 0.000000 0.000000 0.000000
    84 0.000000 0.000000 0.000000 0.000000 0.000000 0.000000
    85 0.000000 0.000001 -0.000001 0.000000 0.000000 0.000000
  time 10
    0 -11.279132 0.557058 -7.585028 -2.395464 1.258094 -2.010402
    1 0.026867 -11.331078 -0.000002 0.262356 -0.364469 0.292567
    2 0.000000 -0.570313 0.000000 0.000000 0.000000 0.000000
    3 -0.527344 0.291504 0.596680 -0.212797 -0.375551 -2.091539
    4 2.279297 -0.130615 -0.000002 0.000000 0.000000 0.523599
    5 1.069446 0.056463 0.000000 0.000000 0.000000 0.848230
    6 -1.361328 -2.283203 -0.153076 0.000000 0.000000 -1.638864
    7 1.730202 -0.000584 0.000001 -0.000743 -0.592854 0.008663
    8 1.203226 -0.010942 0.000001 0.000000 -0.795721 0.000000
    9 -0.435303 -2.492188 -0.153198 -0.078961 -0.260133 -1.437435
    10 1.931641 0.005783 -0.000001 -3.141592 -1.518438 -3.141593
    11 1.417969 0.010590 0.000003 0.000000 -1.110029 0.020944
    12 0.386963 -2.169922 -0.153198 -0.056428 -0.182688 -1.438565
    13 1.960938 0.062164 0.000000 -0.000001 -1.497494 -0.010473
    14 1.370117 0.004250 0.000000 0.000001 -1.214749 0.005236
    15 1.195313 -1.667969 -0.153198 0.000000 -0.267035 -1.445133
    16 1.681641 0.022751 0.000001 0.000000 -0.612611 -0.005236
    17 1.091797 -0.001311 -0.000001 0.000000 -1.392772 0.000000
    18 11.074288 -0.239707 -7.579690 -2.097043 -1.330642 1.716702
    19 -0.295538 -11.160193 0.000002 0.209146 0.299578 -0.249756
    20 0.288330 -4.437500 0.926270 0.080103 -1.549641 -0.151666
    21 0.000001 2.791016 0.898926 0.000000 0.000000 0.000000
    22 0.000000 -1.937672 2.901283 0.000000 0.000000 0.000000
    23 -0.496338 -4.484375 0.849121 0.430357 1.517607 0.507516
    24 -0.000001 2.900391 1.067383 0.000000 0.000000 0.000000
    25 0.000000 -1.573242 2.900391 0.000000 0.000000 0.000000
    26 -0.021851 -0.544922 0.000001 0.000000 0.000000 0.000000
    27 0.589844 0.240234 0.590332 0.297069 -0.493084 -1.048320
    28 2.320313 0.013252 0.000003 0.000000 0.000000 -0.455531
    29 1.244141 -0.012520 -0.000002 0.000000 0.000000 -0.858702
    30 1.419922 -2.332031 -0.171265 -0.002072 -0.054730 -1.523603
    31 1.706055 0.018570 0.000000 0.000004 -0.376958 -0.010445
    32 1.164589 -0.005664 0.000000 -0.000983 -0.612611 0.016344
    33 0.510742 -2.585938 -0.171143 0.068179 -0.280440 -1.750247
    34 1.836914 0.009186 -0.000001 -3.141591 -1.523670 -3.131118
    35 1.439453 0.012917 -0.000002 0.000000 -1.099558 0.005236
    36 -0.359256 -2.265626 -0.168329 0.017968 -0.224442 -1.724665
    37 1.888672 -0.005322 0.000004 0.000002 -1.544617 0.036656
    38 1.374023 -0.013504 0.000000 0.000000 -1.130973 0.010472
    39 -1.195313 -1.695313 -0.171265 0.000000 -0.235619 -1.685988
    40 1.688477 -0.013481 0.000000 0.000000 -0.753982 0.005229
    41 1.072266 0.022141 0.000000 0.000000 -1.371829 -0.010472
    42 0.000000 -2.078125 1.572266 0.000000 0.000000 0.000000
    43 0.000000 -3.702027 1.590397 0.000000 0.000000 0.000000
    44 0.000001 -1.269191 2.088827 0.000000 0.000000 0.000000
    45 0.000001 -1.330078 2.132813 0.000000 0.000000 0.000000
    46 0.000000 -2.113281 1.572266 0.000000 0.000000 0.000000
    47 0.000001 -3.744141 1.535156 0.000000 0.000000 0.000000
    48 0.500002 9.999993 0.000002 -1.570796 0.000000 -1.570796
    49 0.500002 9.999993 0.000002 -1.570796 0.000000 -1.570796
    50 0.000000 0.000005 0.000001 -1.570796 0.000000 -1.570796
    51 0.000001 0.000003 -0.500010 -1.570796 0.000000 -1.570796
    52 -0.000001 0.000000 -0.000002 -1.570796 0.000000 0.000000
    53 0.000000 0.000000 0.000000 -1.570797 0.000000 0.000000
    54 0.000001 0.000000 0.000000 -1.570796 0.000000 0.000000
    55 0.000000 0.000000 0.000002 -1.570796 0.000000 0.000000
    56 -0.000003 0.000000 0.000001 -1.570796 0.000000 0.000000
    57 0.000000 0.000000 0.000000 -1.570796 0.000000 0.000000
    58 0.000000 0.000000 -0.000002 -1.570796 0.000000 0.000000
    59 0.000000 0.000000 0.000001 -1.570796 0.000000 0.000000
    60 -0.000003 0.000000 0.000000 -1.570796 0.000000 0.000000
    61 -0.000001 0.000000 0.000000 -1.570796 0.000000 0.000000
    62 0.000000 0.000000 0.000000 -1.570796 0.000001 0.000000
    63 0.000000 0.000000 0.000000 -1.570796 0.000001 0.000000
    64 0.000000 0.000000 0.000001 3.141593 0.000000 0.000000
    65 0.000000 0.000000 0.000000 3.141593 0.000000 0.000000
    66 0.000001 -0.000001 0.000002 3.141592 0.000000 0.000000
    67 0.000000 10.000002 -0.000005 -1.570796 0.000000 -1.570796
    68 0.000000 10.000002 -0.000005 -1.570796 0.000000 -1.570796
    69 0.000000 0.000005 -0.000003 -1.570796 0.000000 -1.570796
    70 -0.000002 0.000006 -0.500010 -1.570796 0.000000 -1.570796
    71 -0.000004 0.000000 -0.000002 -1.570796 0.000000 0.000000
    72 0.000000 0.000000 0.000000 -1.570796 0.000000 0.000000
    73 0.000000 0.000000 0.000000 -1.570796 0.000000 0.000000
    74 -0.000002 0.000000 0.000000 -1.570796 0.000000 0.000000
    75 0.000002 0.000000 0.000000 -1.570796 0.000000 0.000000
    76 0.000006 0.000000 0.000000 -1.570796 0.000000 0.000000
    77 0.000001 0.000000 0.000000 -1.570796 0.000000 0.000000
    78 0.000000 0.000000 0.000000 -1.570796 0.000000 0.000000
    79 0.000003 0.000000 0.000000 -1.570796 0.000000 0.000000
    80 0.000000 0.000000 0.000000 -1.570796 0.000000 0.000000
    81 0.000002 0.000000 -0.000001 -1.570796 0.000000 0.000000
    82 0.000000 0.000000 0.000000 -1.570796 0.000000 0.000000
    83 0.000000 0.000000 -0.000003 0.000000 0.000000 0.000000
    84 0.000000 0.000000 0.000000 0.000000 0.000000 0.000000
    85 0.000000 0.000001 -0.000001 0.000000 0.000000 0.000000
  time 11
    0 -11.279132 0.525807 -7.604560 -2.402498 1.259034 -2.017683
    1 0.026867 -11.331078 -0.000002 0.258207 -0.361548 0.296396
    2 0.000000 -0.570313 0.000000 0.000000 0.000000 0.000000
    3 -0.527344 0.291504 0.596680 -0.212797 -0.375551 -2.091539
    4 2.279297 -0.130615 -0.000002 0.000000 0.000000 0.523599
    5 1.069446 0.056463 0.000000 0.000000 0.000000 0.848230
    6 -1.361328 -2.283203 -0.153076 0.000000 0.000000 -1.638864
    7 1.730202 -0.000584 0.000001 -0.000515 -0.542951 0.008580
    8 1.203226 -0.010942 0.000001 0.000000 -0.739428 0.000000
    9 -0.435303 -2.492188 -0.153198 -0.078961 -0.260133 -1.437435
    10 1.931641 0.005783 -0.000001 -3.141592 -1.518438 -3.141593
    11 1.417969 0.010590 0.000003 0.000000 -1.110029 0.020944
    12 0.386963 -2.169922 -0.153198 -0.056428 -0.182688 -1.438565
    13 1.960938 0.062164 0.000000 -0.000001 -1.497494 -0.010473
    14 1.370117 0.004250 0.000000 0.000001 -1.214749 0.005236
    15 1.195313 -1.667969 -0.153198 0.000000 -0.267035 -1.445133
    16 1.681641 0.022751 0.000001 0.000000 -0.612611 -0.005236
    17 1.091797 -0.001311 -0.000001 0.000000 -1.392772 0.000000
    18 11.089914 -0.208456 -7.567971 -2.109817 -1.329847 1.730278
    19 -0.299444 -11.160193 0.000002 0.209146 0.299578 -0.249756
    20 0.288330 -4.437500 0.926270 0.080103 -1.549641 -0.151666
    21 0.000001 2.791016 0.898926 0.000000 0.000000 0.000000
    22 0.000000 -1.941578 2.901283 0.000000 0.000000 0.000000
    23 -0.496338 -4.484375 0.849121 0.430357 1.517607 0.507516
    24 -0.000001 2.900391 1.067383 0.000000 0.000000 0.000000
    25 0.000000 -1.573242 2.900391 0.000000 0.000000 0.000000
    26 -0.021851 -0.544922 0.000001 0.000000 0.000000 0.000000
    27 0.589844 0.240234 0.590332 0.297069 -0.493084 -1.048320
    28 2.320313 0.013252 0.000003 0.000000 0.000000 -0.455531
    29 1.244141 -0.012520 -0.000002 0.000000 0.000000 -0.858702
    30 1.419922 -2.332031 -0.171265 -0.002072 -0.054730 -1.523603
    31 1.706055 0.018570 0.000000 0.000004 -0.376958 -0.010445
    32 1.172402 -0.005664 0.000000 -0.000983 -0.612611 0.016344
    33 0.510742 -2.585938 -0.171143 0.068179 -0.280440 -1.750247
    34 1.836914 0.009186 -0.000001 -3.141591 -1.523670 -3.131118
    35 1.439453 0.012917 -0.000002 0.000000 -1.099558 0.005236
    36 -0.359256 -2.269533 -0.168329 0.017968 -0.224442 -1.724665
    37 1.888672 -0.005322 0.000004 0.000002 -1.544617 0.036656
    38 1.374023 -0.013504 0.000000 0.000000 -1.130973 0.010472
    39 -1.195313 -1.695313 -0.171265 0.000000 -0.235619 -1.685988
    40 1.688477 -0.013481 0.000000 0.000000 -0.753982 0.005229
    41 1.072266 0.022141 0.000000 0.000000 -1.371829 -0.010472
    42 0.000000 -2.078125 1.572266 0.000000 0.000000 0.000000
    43 0.000000 -3.702027 1.586491 0.000000 0.000000 0.000000
    44 0.000001 -1.269191 2.088827 0.000000 0.000000 0.000000
    45 0.000001 -1.330078 2.132813 0.000000 0.000000 0.000000
    46 0.000000 -2.113281 1.572266 0.000000 0.000000 0.000000
    47 0.000001 -3.744141 1.535156 0.000000 0.000000 0.000000
    48 0.500002 9.999993 0.000002 -1.570796 0.000000 -1.570796
    49 0.500002 9.999993 0.000002 -1.570796 0.000000 -1.570796
    50 0.000000 0.000005 0.000001 -1.570796 0.000000 -1.570796
    51 0.000001 0.000003 -0.500010 -1.570796 0.000000 -1.570796
    52 -0.000001 0.000000 -0.000002 -1.570796 0.000000 0.000000
    53 0.000000 0.000000 0.000000 -1.570797 0.000000 0.000000
    54 0.000001 0.000000 0.000000 -1.570796 0.000000 0.000000
    55 0.000000 0.000000 0.000002 -1.570796 0.000000 0.000000
    56 -0.000003 0.000000 0.000001 -1.570796 0.000000 0.000000
    57 0.000000 0.000000 0.000000 -1.570796 0.000000 0.000000
    58 0.000000 0.000000 -0.000002 -1.570796 0.000000 0.000000
    59 0.000000 0.000000 0.000001 -1.570796 0.000000 0.000000
    60 -0.000003 0.000000 0.000000 -1.570796 0.000000 0.000000
    61 -0.000001 0.000000 0.000000 -1.570796 0.000000 0.000000
    62 0.000000 0.000000 0.000000 -1.570796 0.000001 0.000000
    63 0.000000 0.000000 0.000000 -1.570796 0.000001 0.000000
    64 0.000000 0.000000 0.000001 3.141593 0.000000 0.000000
    65 0.000000 0.000000 0.000000 3.141593 0.000000 0.000000
    66 0.000001 -0.000001 0.000002 3.141592 0.000000 0.000000
    67 0.000000 10.000002 -0.000005 -1.570796 0.000000 -1.570796
    68 0.000000 10.000002 -0.000005 -1.570796 0.000000 -1.570796
    69 0.000000 0.000005 -0.000003 -1.570796 0.000000 -1.570796
    70 -0.000002 0.000006 -0.500010 -1.570796 0.000000 -1.570796
    71 -0.000004 0.000000 -0.000002 -1.570796 0.000000 0.000000
    72 0.000000 0.000000 0.000000 -1.570796 0.000000 0.000000
    73 0.000000 0.000000 0.000000 -1.570796 0.000000 0.000000
    74 -0.000002 0.000000 0.000000 -1.570796 0.000000 0.000000
    75 0.000002 0.000000 0.000000 -1.570796 0.000000 0.000000
    76 0.000006 0.000000 0.000000 -1.570796 0.000000 0.000000
    77 0.000001 0.000000 0.000000 -1.570796 0.000000 0.000000
    78 0.000000 0.000000 0.000000 -1.570796 0.000000 0.000000
    79 0.000003 0.000000 0.000000 -1.570796 0.000000 0.000000
    80 0.000000 0.000000 0.000000 -1.570796 0.000000 0.000000
    81 0.000002 0.000000 -0.000001 -1.570796 0.000000 0.000000
    82 0.000000 0.000000 0.000000 -1.570796 0.000000 0.000000
    83 0.000000 0.000000 -0.000003 0.000000 0.000000 0.000000
    84 0.000000 0.000000 0.000000 0.000000 0.000000 0.000000
    85 0.000000 0.000001 -0.000001 0.000000 0.000000 0.000000
  time 12
    0 -11.271319 0.502369 -7.627998 -2.407374 1.259840 -2.022855
    1 0.026867 -11.331078 -0.000002 0.255903 -0.359647 0.294519
    2 0.000000 -0.570313 0.000000 0.000000 0.000000 0.000000
    3 -0.527344 0.291504 0.596680 -0.212797 -0.375551 -2.091539
    4 2.279297 -0.130615 -0.000002 0.000000 0.000000 0.523599
    5 1.069446 0.056463 0.000000 0.000000 0.000000 0.848230
    6 -1.361328 -2.283203 -0.153076 0.000000 0.000000 -1.638864
    7 1.730202 -0.000584 0.000001 -0.000336 -0.481695 0.008472
    8 1.203226 -0.010942 0.000001 0.000000 -0.670206 0.000000
    9 -0.435303 -2.492188 -0.153198 -0.078961 -0.260133 -1.437435
    10 1.931641 0.005783 -0.000001 -3.141592 -1.518438 -3.141593
    11 1.417969 0.010590 0.000003 0.000000 -1.110029 0.020944
    12 0.386963 -2.169922 -0.153198 -0.056428 -0.182688 -1.438565
    13 1.960938 0.062164 0.000000 -0.000001 -1.497494 -0.010473
    14 1.370117 0.004250 0.000000 0.000001 -1.214749 0.005236
    15 1.195313 -1.667969 -0.153198 0.000000 -0.267035 -1.445133
    16 1.681641 0.022751 0.000001 0.000000 -0.612611 -0.005236
    17 1.091797 -0.001311 -0.000001 0.000000 -1.392772 0.000000
    18 11.105539 -0.157673 -7.560158 -2.124471 -1.328944 1.745539
    19 -0.295538 -11.160193 0.000002 0.209146 0.299578 -0.249756
    20 0.288330 -4.437500 0.926270 0.080103 -1.549641 -0.151666
    21 0.000001 2.791016 0.898926 0.000000 0.000000 0.000000
    22 0.000000 -1.945485 2.901283 0.000000 0.000000 0.000000
    23 -0.496338 -4.484375 0.849121 0.430357 1.517607 0.507516
    24 -0.000001 2.900391 1.067383 0.000000 0.000000 0.000000
    25 0.000000 -1.573242 2.900391 0.000000 0.000000 0.000000
    26 -0.021851 -0.544922 0.000001 0.000000 0.000000 0.000000
    27 0.589844 0.240234 0.590332 0.297069 -0.493084 -1.048320
    28 2.320313 0.013252 0.000003 0.000000 0.000000 -0.455531
    29 1.244141 -0.012520 -0.000002 0.000000 0.000000 -0.858702
    30 1.419922 -2.332031 -0.171265 -0.002072 -0.054730 -1.523603
    31 1.706055 0.018570 0.000000 0.000004 -0.376958 -0.010445
    32 1.164589 -0.005664 0.000000 -0.000983 -0.612611 0.016344
    33 0.510742 -2.585938 -0.171143 0.068179 -0.280440 -1.750247
    34 1.836914 0.009186 -0.000001 -3.141591 -1.523670 -3.131118
    35 1.439453 0.012917 -0.000002 0.000000 -1.099558 0.005236
    36 -0.359256 -2.261720 -0.168329 0.017968 -0.224442 -1.724665
    37 1.888672 -0.005322 0.000004 0.000002 -1.544617 0.036656
    38 1.374023 -0.013504 0.000000 0.000000 -1.130973 0.010472
    39 -1.195313 -1.695313 -0.171265 0.000000 -0.235619 -1.685988
    40 1.688477 -0.013481 0.000000 0.000000 -0.753982 0.005229
    41 1.072266 0.022141 0.000000 0.000000 -1.371829 -0.010472
    42 0.000000 -2.078125 1.572266 0.000000 0.000000 0.000000
    43 0.000000 -3.702027 1.590397 0.000000 0.000000 0.000000
    44 0.000001 -1.269191 2.084921 0.000000 0.000000 0.000000
    45 0.000001 -1.330078 2.132813 0.000000 0.000000 0.000000
    46 0.000000 -2.113281 1.572266 0.000000 0.000000 0.000000
    47 0.000001 -3.744141 1.535156 0.000000 0.000000 0.000000
    48 0.500002 9.999993 0.000002 -1.570796 0.000000 -1.570796
    49 0.500002 9.999993 0.000002 -1.570796 0.000000 -1.570796
    50 0.000000 0.000005 0.000001 -1.570796 0.000000 -1.570796
    51 0.000001 0.000003 -0.500010 -1.570796 0.000000 -1.570796
    52 -0.000001 0.000000 -0.000002 -1.570796 0.000000 0.000000
    53 0.000000 0.000000 0.000000 -1.570797 0.000000 0.000000
    54 0.000001 0.000000 0.000000 -1.570796 0.000000 0.000000
    55 0.000000 0.000000 0.000002 -1.570796 0.000000 0.000000
    56 -0.000003 0.000000 0.000001 -1.570796 0.000000 0.000000
    57 0.000000 0.000000 0.000000 -1.570796 0.000000 0.000000
    58 0.000000 0.000000 -0.000002 -1.570796 0.000000 0.000000
    59 0.000000 0.000000 0.000001 -1.570796 0.000000 0.000000
    60 -0.000003 0.000000 0.000000 -1.570796 0.000000 0.000000
    61 -0.000001 0.000000 0.000000 -1.570796 0.000000 0.000000
    62 0.000000 0.000000 0.000000 -1.570796 0.000001 0.000000
    63 0.000000 0.000000 0.000000 -1.570796 0.000001 0.000000
    64 0.000000 0.000000 0.000001 3.141593 0.000000 0.000000
    65 0.000000 0.000000 0.000000 3.141593 0.000000 0.000000
    66 0.000001 -0.000001 0.000002 3.141592 0.000000 0.000000
    67 0.000000 10.000002 -0.000005 -1.570796 0.000000 -1.570796
    68 0.000000 10.000002 -0.000005 -1.570796 0.000000 -1.570796
    69 0.000000 0.000005 -0.000003 -1.570796 0.000000 -1.570796
    70 -0.000002 0.000006 -0.500010 -1.570796 0.000000 -1.570796
    71 -0.000004 0.000000 -0.000002 -1.570796 0.000000 0.000000
    72 0.000000 0.000000 0.000000 -1.570796 0.000000 0.000000
    73 0.000000 0.000000 0.000000 -1.570796 0.000000 0.000000
    74 -0.000002 0.000000 0.000000 -1.570796 0.000000 0.000000
    75 0.000002 0.000000 0.000000 -1.570796 0.000000 0.000000
    76 0.000006 0.000000 0.000000 -1.570796 0.000000 0.000000
    77 0.000001 0.000000 0.000000 -1.570796 0.000000 0.000000
    78 0.000000 0.000000 0.000000 -1.570796 0.000000 0.000000
    79 0.000003 0.000000 0.000000 -1.570796 0.000000 0.000000
    80 0.000000 0.000000 0.000000 -1.570796 0.000000 0.000000
    81 0.000002 0.000000 -0.000001 -1.570796 0.000000 0.000000
    82 0.000000 0.000000 0.000000 -1.570796 0.000000 0.000000
    83 0.000000 0.000000 -0.000003 0.000000 0.000000 0.000000
    84 0.000000 0.000000 0.000000 0.000000 0.000000 0.000000
    85 0.000000 0.000001 -0.000001 0.000000 0.000000 0.000000
  time 13
    0 -11.271319 0.482837 -7.647530 -2.410652 1.260870 -2.026112
    1 0.026867 -11.338890 -0.000002 0.254875 -0.358462 0.288400
    2 0.000000 -0.570313 0.000000 0.000000 0.000000 0.000000
    3 -0.527344 0.291504 0.596680 -0.212797 -0.375551 -2.091539
    4 2.279297 -0.130615 -0.000002 0.000000 0.000000 0.523599
    5 1.069446 0.056463 0.000000 0.000000 0.000000 0.848230
    6 -1.361328 -2.283203 -0.153076 0.000000 0.000000 -1.638864
    7 1.730202 -0.000584 0.000001 -0.000336 -0.481695 0.008472
    8 1.203226 -0.010942 0.000001 0.000000 -0.670206 0.000000
    9 -0.435303 -2.492188 -0.153198 -0.078961 -0.260133 -1.437435
    10 1.931641 0.005783 -0.000001 -3.141592 -1.518438 -3.141593
    11 1.417969 0.010590 0.000003 0.000000 -1.110029 0.020944
    12 0.386963 -2.169922 -0.153198 -0.056428 -0.182688 -1.438565
    13 1.960938 0.062164 0.000000 -0.000001 -1.497494 -0.010473
    14 1.370117 0.004250 0.000000 0.000001 -1.214749 0.005236
    15 1.195313 -1.667969 -0.153198 0.000000 -0.267035 -1.445133
    16 1.681641 0.022751 0.000001 0.000000 -0.612611 -0.005236
    17 1.091797 -0.001311 -0.000001 0.000000 -1.392772 0.000000
    18 11.128977 -0.106890 -7.544533 -2.140909 -1.328004 1.762766
    19 -0.295538 -11.160193 0.000002 0.209146 0.299578 -0.249756
    20 0.288330 -4.437500 0.926270 0.080103 -1.549641 -0.151666
    21 0.000001 2.791016 0.898926 0.000000 0.000000 0.000000
    22 0.000000 -1.945485 2.901283 0.000000 0.000000 0.000000
    23 -0.496338 -4.484375 0.849121 0.430357 1.517607 0.507516
    24 -0.000001 2.900391 1.067383 0.000000 0.000000 0.000000
    25 0.000000 -1.573242 2.900391 0.000000 0.000000 0.000000
    26 -0.021851 -0.544922 0.000001 0.000000 0.000000 0.000000
    27 0.589844 0.240234 0.590332 0.297069 -0.493084 -1.048320
    28 2.320313 0.013252 0.000003 0.000000 0.000000 -0.455531
    29 1.244141 -0.012520 -0.000002 0.000000 0.000000 -0.858702
    30 1.419922 -2.332031 -0.171265 -0.002072 -0.054730 -1.523603
    31 1.706055 0.018570 0.000000 0.000004 -0.376958 -0.010445
    32 1.164589 -0.005664 0.000000 -0.000983 -0.612611 0.016344
    33 0.510742 -2.585938 -0.171143 0.068179 -0.280440 -1.750247
    34 1.836914 0.009186 -0.000001 -3.141591 -1.523670 -3.131118
    35 1.439453 0.012917 -0.000002 0.000000 -1.099558 0.005236
    36 -0.359256 -2.261720 -0.168329 0.017968 -0.224442 -1.724665
    37 1.888672 -0.005322 0.000004 0.000002 -1.544617 0.036656
    38 1.374023 -0.013504 0.000000 0.000000 -1.130973 0.010472
    39 -1.195313 -1.695313 -0.171265 0.000000 -0.235619 -1.685988
    40 1.688477 -0.013481 0.000000 0.000000 -0.753982 0.005229
    41 1.072266 0.022141 0.000000 0.000000 -1.371829 -0.010472
    42 0.000000 -2.078125 1.572266 0.000000 0.000000 0.000000
    43 0.000000 -3.698120 1.590397 0.000000 0.000000 0.000000
    44 0.000001 -1.269191 2.084921 0.000000 0.000000 0.000000
    45 0.000001 -1.330078 2.132813 0.000000 0.000000 0.000000
    46 0.000000 -2.113281 1.572266 0.000000 0.000000 0.000000
    47 0.000001 -3.744141 1.535156 0.000000 0.000000 0.000000
    48 0.500002 9.999993 0.000002 -1.570796 0.000000 -1.570796
    49 0.500002 9.999993 0.000002 -1.570796 0.000000 -1.570796
    50 0.000000 0.000005 0.000001 -1.570796 0.000000 -1.570796
    51 0.000001 0.000003 -0.500010 -1.570796 0.000000 -1.570796
    52 -0.000001 0.000000 -0.000002 -1.570796 0.000000 0.000000
    53 0.000000 0.000000 0.000000 -1.570797 0.000000 0.000000
    54 0.000001 0.000000 0.000000 -1.570796 0.000000 0.000000
    55 0.000000 0.000000 0.000002 -1.570796 0.000000 0.000000
    56 -0.000003 0.000000 0.000001 -1.570796 0.000000 0.000000
    57 0.000000 0.000000 0.000000 -1.570796 0.000000 0.000000
    58 0.000000 0.000000 -0.000002 -1.570796 0.000000 0.000000
    59 0.000000 0.000000 0.000001 -1.570796 0.000000 0.000000
    60 -0.000003 0.000000 0.000000 -1.570796 0.000000 0.000000
    61 -0.000001 0.000000 0.000000 -1.570796 0.000000 0.000000
    62 0.000000 0.000000 0.000000 -1.570796 0.000001 0.000000
    63 0.000000 0.000000 0.000000 -1.570796 0.000001 0.000000
    64 0.000000 0.000000 0.000001 3.141593 0.000000 0.000000
    65 0.000000 0.000000 0.000000 3.141593 0.000000 0.000000
    66 0.000001 -0.000001 0.000002 3.141592 0.000000 0.000000
    67 0.000000 10.000002 -0.000005 -1.570796 0.000000 -1.570796
    68 0.000000 10.000002 -0.000005 -1.570796 0.000000 -1.570796
    69 0.000000 0.000005 -0.000003 -1.570796 0.000000 -1.570796
    70 -0.000002 0.000006 -0.500010 -1.570796 0.000000 -1.570796
    71 -0.000004 0.000000 -0.000002 -1.570796 0.000000 0.000000
    72 0.000000 0.000000 0.000000 -1.570796 0.000000 0.000000
    73 0.000000 0.000000 0.000000 -1.570796 0.000000 0.000000
    74 -0.000002 0.000000 0.000000 -1.570796 0.000000 0.000000
    75 0.000002 0.000000 0.000000 -1.570796 0.000000 0.000000
    76 0.000006 0.000000 0.000000 -1.570796 0.000000 0.000000
    77 0.000001 0.000000 0.000000 -1.570796 0.000000 0.000000
    78 0.000000 0.000000 0.000000 -1.570796 0.000000 0.000000
    79 0.000003 0.000000 0.000000 -1.570796 0.000000 0.000000
    80 0.000000 0.000000 0.000000 -1.570796 0.000000 0.000000
    81 0.000002 0.000000 -0.000001 -1.570796 0.000000 0.000000
    82 0.000000 0.000000 0.000000 -1.570796 0.000000 0.000000
    83 0.000000 0.000000 -0.000003 0.000000 0.000000 0.000000
    84 0.000000 0.000000 0.000000 0.000000 0.000000 0.000000
    85 0.000000 0.000001 -0.000001 0.000000 0.000000 0.000000
  time 14
    0 -11.271319 0.463305 -7.670968 -2.412570 1.261900 -2.027932
    1 0.026867 -11.331078 -0.000002 0.254555 -0.357663 0.279391
    2 0.000000 -0.570313 0.000000 0.000000 0.000000 0.000000
    3 -0.527344 0.291504 0.596680 -0.212797 -0.375551 -2.091539
    4 2.279297 -0.130615 -0.000002 0.000000 0.000000 0.523599
    5 1.069446 0.056463 0.000000 0.000000 0.000000 0.848230
    6 -1.361328 -2.283203 -0.153076 0.000000 0.000000 -1.638864
    7 1.730202 -0.000584 0.000001 -0.000336 -0.481695 0.008472
    8 1.203226 -0.010942 0.000001 0.000000 -0.670206 0.000000
    9 -0.435303 -2.492188 -0.153198 -0.078961 -0.260133 -1.437435
    10 1.931641 0.005783 -0.000001 -3.141592 -1.518438 -3.141593
    11 1.417969 0.010590 0.000003 0.000000 -1.110029 0.020944
    12 0.386963 -2.169922 -0.153198 -0.056428 -0.182688 -1.438565
    13 1.960938 0.062164 0.000000 -0.000001 -1.497494 -0.010473
    14 1.370117 0.004250 0.000000 0.000001 -1.214749 0.005236
    15 1.195313 -1.667969 -0.153198 0.000000 -0.267035 -1.445133
    16 1.681641 0.022751 0.000001 0.000000 -0.612611 -0.005236
    17 1.091797 -0.001311 -0.000001 0.000000 -1.392772 0.000000
    18 11.152416 -0.044388 -7.525001 -2.159602 -1.326956 1.782053
    19 -0.295538 -11.160193 0.000002 0.209146 0.299578 -0.249756
    20 0.288330 -4.437500 0.926270 0.080103 -1.549641 -0.151666
    21 0.000001 2.791016 0.898926 0.000000 0.000000 0.000000
    22 0.000000 -1.945485 2.901283 0.000000 0.000000 0.000000
    23 -0.496338 -4.484375 0.849121 0.430357 1.517607 0.507516
    24 -0.000001 2.900391 1.067383 0.000000 0.000000 0.000000
    25 0.000000 -1.573242 2.900391 0.000000 0.000000 0.000000
    26 -0.021851 -0.544922 0.000001 0.000000 0.000000 0.000000
    27 0.589844 0.240234 0.590332 0.297069 -0.493084 -1.048320
    28 2.320313 0.013252 0.000003 0.000000 0.000000 -0.455531
    29 1.244141 -0.012520 -0.000002 0.000000 0.000000 -0.858702
    30 1.419922 -2.332031 -0.171265 -0.002072 -0.054730 -1.523603
    31 1.706055 0.018570 0.000000 0.000004 -0.376958 -0.010445
    32 1.160683 -0.005664 0.000000 -0.000983 -0.612611 0.016344
    33 0.510742 -2.585938 -0.171143 0.068179 -0.280440 -1.750247
    34 1.836914 0.009186 -0.000001 -3.141591 -1.523670 -3.131118
    35 1.439453 0.012917 -0.000002 0.000000 -1.099558 0.005236
    36 -0.359256 -2.261720 -0.168329 0.017968 -0.224442 -1.724665
    37 1.888672 -0.005322 0.000004 0.000002 -1.544617 0.036656
    38 1.374023 -0.013504 0.000000 0.000000 -1.130973 0.010472
    39 -1.195313 -1.695313 -0.171265 0.000000 -0.235619 -1.685988
    40 1.688477 -0.013481 0.000000 0.000000 -0.753982 0.005229
    41 1.072266 0.022141 0.000000 0.000000 -1.371829 -0.010472
    42 0.000000 -2.078125 1.572266 0.000000 0.000000 0.000000
    43 0.000000 -3.705933 1.586491 0.000000 0.000000 0.000000
    44 0.000001 -1.269191 2.084921 0.000000 0.000000 0.000000
    45 0.000001 -1.330078 2.132813 0.000000 0.000000 0.000000
    46 0.000000 -2.113281 1.572266 0.000000 0.000000 0.000000
    47 0.000001 -3.744141 1.535156 0.000000 0.000000 0.000000
    48 0.500002 9.999993 0.000002 -1.570796 0.000000 -1.570796
    49 0.500002 9.999993 0.000002 -1.570796 0.000000 -1.570796
    50 0.000000 0.000005 0.000001 -1.570796 0.000000 -1.570796
    51 0.000001 0.000003 -0.500010 -1.570796 0.000000 -1.570796
    52 -0.000001 0.000000 -0.000002 -1.570796 0.000000 0.000000
    53 0.000000 0.000000 0.000000 -1.570797 0.000000 0.000000
    54 0.000001 0.000000 0.000000 -1.570796 0.000000 0.000000
    55 0.000000 0.000000 0.000002 -1.570796 0.000000 0.000000
    56 -0.000003 0.000000 0.000001 -1.570796 0.000000 0.000000
    57 0.000000 0.000000 0.000000 -1.570796 0.000000 0.000000
    58 0.000000 0.000000 -0.000002 -1.570796 0.000000 0.000000
    59 0.000000 0.000000 0.000001 -1.570796 0.000000 0.000000
    60 -0.000003 0.000000 0.000000 -1.570796 0.000000 0.000000
    61 -0.000001 0.000000 0.000000 -1.570796 0.000000 0.000000
    62 0.000000 0.000000 0.000000 -1.570796 0.000001 0.000000
    63 0.000000 0.000000 0.000000 -1.570796 0.000001 0.000000
    64 0.000000 0.000000 0.000001 3.141593 0.000000 0.000000
    65 0.000000 0.000000 0.000000 3.141593 0.000000 0.000000
    66 0.000001 -0.000001 0.000002 3.141592 0.000000 0.000000
    67 0.000000 10.000002 -0.000005 -1.570796 0.000000 -1.570796
    68 0.000000 10.000002 -0.000005 -1.570796 0.000000 -1.570796
    69 0.000000 0.000005 -0.000003 -1.570796 0.000000 -1.570796
    70 -0.000002 0.000006 -0.500010 -1.570796 0.000000 -1.570796
    71 -0.000004 0.000000 -0.000002 -1.570796 0.000000 0.000000
    72 0.000000 0.000000 0.000000 -1.570796 0.000000 0.000000
    73 0.000000 0.000000 0.000000 -1.570796 0.000000 0.000000
    74 -0.000002 0.000000 0.000000 -1.570796 0.000000 0.000000
    75 0.000002 0.000000 0.000000 -1.570796 0.000000 0.000000
    76 0.000006 0.000000 0.000000 -1.570796 0.000000 0.000000
    77 0.000001 0.000000 0.000000 -1.570796 0.000000 0.000000
    78 0.000000 0.000000 0.000000 -1.570796 0.000000 0.000000
    79 0.000003 0.000000 0.000000 -1.570796 0.000000 0.000000
    80 0.000000 0.000000 0.000000 -1.570796 0.000000 0.000000
    81 0.000002 0.000000 -0.000001 -1.570796 0.000000 0.000000
    82 0.000000 0.000000 0.000000 -1.570796 0.000000 0.000000
    83 0.000000 0.000000 -0.000003 0.000000 0.000000 0.000000
    84 0.000000 0.000000 0.000000 0.000000 0.000000 0.000000
    85 0.000000 0.000001 -0.000001 0.000000 0.000000 0.000000
  time 15
    0 -11.263506 0.447680 -7.690500 -2.413050 1.263109 -2.028507
    1 0.026867 -11.331078 -0.000002 0.254485 -0.356974 0.269030
    2 0.000000 -0.570313 0.000000 0.000000 0.000000 0.000000
    3 -0.527344 0.291504 0.596680 -0.212797 -0.375551 -2.091539
    4 2.279297 -0.130615 -0.000002 0.000000 0.000000 0.523599
    5 1.069446 0.056463 0.000000 0.000000 0.000000 0.848230
    6 -1.361328 -2.283203 -0.153076 0.000000 0.000000 -1.638864
    7 1.730202 -0.000584 0.000001 -0.000336 -0.481711 0.008472
    8 1.203226 -0.010942 0.000001 0.000000 -0.670206 0.000000
    9 -0.435303 -2.492188 -0.153198 -0.078961 -0.260133 -1.437435
    10 1.931641 0.005783 -0.000001 -3.141592 -1.518438 -3.141593
    11 1.417969 0.010590 0.000003 0.000000 -1.110029 0.020944
    12 0.386963 -2.169922 -0.153198 -0.056428 -0.182688 -1.438565
    13 1.960938 0.062164 0.000000 -0.000001 -1.497494 -0.010473
    14 1.370117 0.004250 0.000000 0.000001 -1.214749 0.005236
    15 1.195313 -1.667969 -0.153198 0.000000 -0.267035 -1.445133
    16 1.681641 0.022751 0.000001 0.000000 -0.612611 -0.005236
    17 1.091797 -0.001311 -0.000001 0.000000 -1.392772 0.000000
    18 11.179760 0.033739 -7.501563 -2.181301 -1.326053 1.804056
    19 -0.295538 -11.160193 0.000002 0.209146 0.299578 -0.249756
    20 0.288330 -4.437500 0.926270 0.080103 -1.549641 -0.151666
    21 0.000001 2.791016 0.898926 0.000000 0.000000 0.000000
    22 0.000000 -1.937672 2.901283 0.000000 0.000000 0.000000
    23 -0.496338 -4.484375 0.849121 0.430357 1.517607 0.507516
    24 -0.000001 2.900391 1.067383 0.000000 0.000000 0.000000
    25 0.000000 -1.573242 2.900391 0.000000 0.000000 0.000000
    26 -0.021851 -0.544922 0.000001 0.000000 0.000000 0.000000
    27 0.589844 0.240234 0.590332 0.297069 -0.493084 -1.048320
    28 2.320313 0.013252 0.000003 0.000000 0.000000 -0.455531
    29 1.244141 -0.012520 -0.000002 0.000000 0.000000 -0.858702
    30 1.419922 -2.332031 -0.171265 -0.002072 -0.054730 -1.523603
    31 1.706055 0.018570 0.000000 0.000004 -0.376958 -0.010445
    32 1.164589 -0.005664 0.000000 -0.000983 -0.612579 0.016344
    33 0.510742 -2.585938 -0.171143 0.068179 -0.280440 -1.750247
    34 1.836914 0.009186 -0.000001 -3.141591 -1.523670 -3.131118
    35 1.439453 0.012917 -0.000002 0.000000 -1.099558 0.005236
    36 -0.359256 -2.261720 -0.168329 0.017968 -0.224442 -1.724665
    37 1.888672 -0.005322 0.000004 0.000002 -1.544617 0.036656
    38 1.374023 -0.013504 0.000000 0.000000 -1.130973 0.010472
    39 -1.195313 -1.695313 -0.171265 0.000000 -0.235619 -1.685988
    40 1.688477 -0.013481 0.000000 0.000000 -0.753982 0.005229
    41 1.072266 0.022141 0.000000 0.000000 -1.371829 -0.010472
    42 0.000000 -2.078125 1.572266 0.000000 0.000000 0.000000
    43 0.000000 -3.702027 1.586491 0.000000 0.000000 0.000000
    44 0.000001 -1.269191 2.088827 0.000000 0.000000 0.000000
    45 0.000001 -1.330078 2.132813 0.000000 0.000000 0.000000
    46 0.000000 -2.113281 1.572266 0.000000 0.000000 0.000000
    47 0.000001 -3.744141 1.535156 0.000000 0.000000 0.000000
    48 0.500002 9.999993 0.000002 -1.570796 0.000000 -1.570796
    49 0.500002 9.999993 0.000002 -1.570796 0.000000 -1.570796
    50 0.000000 0.000005 0.000001 -1.570796 0.000000 -1.570796
    51 0.000001 0.000003 -0.500010 -1.570796 0.000000 -1.570796
    52 -0.000001 0.000000 -0.000002 -1.570796 0.000000 0.000000
    53 0.000000 0.000000 0.000000 -1.570797 0.000000 0.000000
    54 0.000001 0.000000 0.000000 -1.570796 0.000000 0.000000
    55 0.000000 0.000000 0.000002 -1.570796 0.000000 0.000000
    56 -0.000003 0.000000 0.000001 -1.570796 0.000000 0.000000
    57 0.000000 0.000000 0.000000 -1.570796 0.000000 0.000000
    58 0.000000 0.000000 -0.000002 -1.570796 0.000000 0.000000
    59 0.000000 0.000000 0.000001 -1.570796 0.000000 0.000000
    60 -0.000003 0.000000 0.000000 -1.570796 0.000000 0.000000
    61 -0.000001 0.000000 0.000000 -1.570796 0.000000 0.000000
    62 0.000000 0.000000 0.000000 -1.570796 0.000001 0.000000
    63 0.000000 0.000000 0.000000 -1.570796 0.000001 0.000000
    64 0.000000 0.000000 0.000001 3.141593 0.000000 0.000000
    65 0.000000 0.000000 0.000000 3.141593 0.000000 0.000000
    66 0.000001 -0.000001 0.000002 3.141592 0.000000 0.000000
    67 0.000000 10.000002 -0.000005 -1.570796 0.000000 -1.570796
    68 0.000000 10.000002 -0.000005 -1.570796 0.000000 -1.570796
    69 0.000000 0.000005 -0.000003 -1.570796 0.000000 -1.570796
    70 -0.000002 0.000006 -0.500010 -1.570796 0.000000 -1.570796
    71 -0.000004 0.000000 -0.000002 -1.570796 0.000000 0.000000
    72 0.000000 0.000000 0.000000 -1.570796 0.000000 0.000000
    73 0.000000 0.000000 0.000000 -1.570796 0.000000 0.000000
    74 -0.000002 0.000000 0.000000 -1.570796 0.000000 0.000000
    75 0.000002 0.000000 0.000000 -1.570796 0.000000 0.000000
    76 0.000006 0.000000 0.000000 -1.570796 0.000000 0.000000
    77 0.000001 0.000000 0.000000 -1.570796 0.000000 0.000000
    78 0.000000 0.000000 0.000000 -1.570796 0.000000 0.000000
    79 0.000003 0.000000 0.000000 -1.570796 0.000000 0.000000
    80 0.000000 0.000000 0.000000 -1.570796 0.000000 0.000000
    81 0.000002 0.000000 -0.000001 -1.570796 0.000000 0.000000
    82 0.000000 0.000000 0.000000 -1.570796 0.000000 0.000000
    83 0.000000 0.000000 -0.000003 0.000000 0.000000 0.000000
    84 0.000000 0.000000 0.000000 0.000000 0.000000 0.000000
    85 0.000000 0.000001 -0.000001 0.000000 0.000000 0.000000
  time 16
    0 -11.263506 0.428148 -7.702219 -2.412170 1.264318 -2.027741
    1 0.026867 -11.331078 -0.000002 0.254095 -0.356120 0.258632
    2 0.000000 -0.570313 0.000000 0.000000 0.000000 0.000000
    3 -0.527344 0.291504 0.596680 -0.212797 -0.375551 -2.091539
    4 2.279297 -0.130615 -0.000002 0.000000 0.000000 0.523599
    5 1.069446 0.056463 0.000000 0.000000 0.000000 0.848230
    6 -1.361328 -2.283203 -0.153076 0.000000 0.000000 -1.638864
    7 1.730202 -0.000584 0.000001 -0.000336 -0.481695 0.008472
    8 1.203226 -0.010942 0.000001 0.000000 -0.670206 0.000000
    9 -0.435303 -2.492188 -0.153198 -0.078961 -0.260133 -1.437435
    10 1.931641 0.005783 -0.000001 -3.141592 -1.518438 -3.141593
    11 1.417969 0.010590 0.000003 0.000000 -1.110029 0.020944
    12 0.386963 -2.169922 -0.153198 -0.056428 -0.182688 -1.438565
    13 1.960938 0.062164 0.000000 -0.000001 -1.497494 -0.010473
    14 1.370117 0.004250 0.000000 0.000001 -1.214749 0.005236
    15 1.195313 -1.667969 -0.153198 0.000000 -0.267035 -1.445133
    16 1.681641 0.022751 0.000001 0.000000 -0.612611 -0.005236
    17 1.091797 -0.001311 -0.000001 0.000000 -1.392772 0.000000
    18 11.207105 0.115773 -7.470312 -2.205160 -1.325005 1.829148
    19 -0.295538 -11.160193 0.000002 0.209146 0.299578 -0.249756
    20 0.288330 -4.437500 0.926270 0.080103 -1.549641 -0.151666
    21 0.000001 2.791016 0.898926 0.000000 0.000000 0.000000
    22 0.000000 -1.937672 2.901283 0.000000 0.000000 0.000000
    23 -0.496338 -4.484375 0.849121 0.430357 1.517607 0.507516
    24 -0.000001 2.900391 1.067383 0.000000 0.000000 0.000000
    25 0.000000 -1.573242 2.900391 0.000000 0.000000 0.000000
    26 -0.021851 -0.544922 0.000001 0.000000 0.000000 0.000000
    27 0.589844 0.240234 0.590332 0.297069 -0.493084 -1.048320
    28 2.320313 0.013252 0.000003 0.000000 0.000000 -0.455531
    29 1.244141 -0.012520 -0.000002 0.000000 0.000000 -0.858702
    30 1.419922 -2.332031 -0.171265 -0.002072 -0.054730 -1.523603
    31 1.706055 0.018570 0.000000 0.000004 -0.376958 -0.010445
    32 1.160683 -0.005664 0.000000 -0.000983 -0.612611 0.016344
    33 0.510742 -2.585938 -0.171143 0.068179 -0.280440 -1.750247
    34 1.836914 0.009186 -0.000001 -3.141591 -1.523670 -3.131118
    35 1.439453 0.012917 -0.000002 0.000000 -1.099558 0.005236
    36 -0.359256 -2.261720 -0.168329 0.017968 -0.224442 -1.724665
    37 1.888672 -0.005322 0.000004 0.000002 -1.544617 0.036656
    38 1.374023 -0.013504 0.000000 0.000000 -1.130973 0.010472
    39 -1.195313 -1.695313 -0.171265 0.000000 -0.235619 -1.685988
    40 1.688477 -0.013481 0.000000 0.000000 -0.753982 0.005229
    41 1.072266 0.022141 0.000000 0.000000 -1.371829 -0.010472
    42 0.000000 -2.078125 1.572266 0.000000 0.000000 0.000000
    43 0.000000 -3.702027 1.590397 0.000000 0.000000 0.000000
    44 0.000001 -1.269191 2.088827 0.000000 0.000000 0.000000
    45 0.000001 -1.330078 2.132813 0.000000 0.000000 0.000000
    46 0.000000 -2.113281 1.572266 0.000000 0.000000 0.000000
    47 0.000001 -3.744141 1.535156 0.000000 0.000000 0.000000
    48 0.500002 9.999993 0.000002 -1.570796 0.000000 -1.570796
    49 0.500002 9.999993 0.000002 -1.570796 0.000000 -1.570796
    50 0.000000 0.000005 0.000001 -1.570796 0.000000 -1.570796
    51 0.000001 0.000003 -0.500010 -1.570796 0.000000 -1.570796
    52 -0.000001 0.000000 -0.000002 -1.570796 0.000000 0.000000
    53 0.000000 0.000000 0.000000 -1.570797 0.000000 0.000000
    54 0.000001 0.000000 0.000000 -1.570796 0.000000 0.000000
    55 0.000000 0.000000 0.000002 -1.570796 0.000000 0.000000
    56 -0.000003 0.000000 0.000001 -1.570796 0.000000 0.000000
    57 0.000000 0.000000 0.000000 -1.570796 0.000000 0.000000
    58 0.000000 0.000000 -0.000002 -1.570796 0.000000 0.000000
    59 0.000000 0.000000 0.000001 -1.570796 0.000000 0.000000
    60 -0.000003 0.000000 0.000000 -1.570796 0.000000 0.000000
    61 -0.000001 0.000000 0.000000 -1.570796 0.000000 0.000000
    62 0.000000 0.000000 0.000000 -1.570796 0.000001 0.000000
    63 0.000000 0.000000 0.000000 -1.570796 0.000001 0.000000
    64 0.000000 0.000000 0.000001 3.141593 0.000000 0.000000
    65 0.000000 0.000000 0.000000 3.141593 0.000000 0.000000
    66 0.000001 -0.000001 0.000002 3.141592 0.000000 0.000000
    67 0.000000 10.000002 -0.000005 -1.570796 0.000000 -1.570796
    68 0.000000 10.000002 -0.000005 -1.570796 0.000000 -1.570796
    69 0.000000 0.000005 -0.000003 -1.570796 0.000000 -1.570796
    70 -0.000002 0.000006 -0.500010 -1.570796 0.000000 -1.570796
    71 -0.000004 0.000000 -0.000002 -1.570796 0.000000 0.000000
    72 0.000000 0.000000 0.000000 -1.570796 0.000000 0.000000
    73 0.000000 0.000000 0.000000 -1.570796 0.000000 0.000000
    74 -0.000002 0.000000 0.000000 -1.570796 0.000000 0.000000
    75 0.000002 0.000000 0.000000 -1.570796 0.000000 0.000000
    76 0.000006 0.000000 0.000000 -1.570796 0.000000 0.000000
    77 0.000001 0.000000 0.000000 -1.570796 0.000000 0.000000
    78 0.000000 0.000000 0.000000 -1.570796 0.000000 0.000000
    79 0.000003 0.000000 0.000000 -1.570796 0.000000 0.000000
    80 0.000000 0.000000 0.000000 -1.570796 0.000000 0.000000
    81 0.000002 0.000000 -0.000001 -1.570796 0.000000 0.000000
    82 0.000000 0.000000 0.000000 -1.570796 0.000000 0.000000
    83 0.000000 0.000000 -0.000003 0.000000 0.000000 0.000000
    84 0.000000 0.000000 0.000000 0.000000 0.000000 0.000000
    85 0.000000 0.000001 -0.000001 0.000000 0.000000 0.000000
  time 17
    0 -11.259600 0.420335 -7.721751 -2.410652 1.265751 -2.026112
    1 0.026867 -11.331078 -0.000002 0.252854 -0.354632 0.249810
    2 0.000000 -0.570313 0.000000 0.000000 0.000000 0.000000
    3 -0.527344 0.291504 0.596680 -0.212797 -0.375551 -2.091539
    4 2.279297 -0.130615 -0.000002 0.000000 0.000000 0.523599
    5 1.069446 0.056463 0.000000 0.000000 0.000000 0.848230
    6 -1.361328 -2.283203 -0.153076 0.000000 0.000000 -1.638864
    7 1.730202 -0.000584 0.000001 -0.000336 -0.481695 0.008472
    8 1.199319 -0.010942 0.000001 0.000000 -0.670206 0.000000
    9 -0.435303 -2.492188 -0.153198 -0.078961 -0.260133 -1.437435
    10 1.931641 0.005783 -0.000001 -3.141592 -1.518438 -3.141593
    11 1.417969 0.010590 0.000003 0.000000 -1.110029 0.020944
    12 0.386963 -2.169922 -0.153198 -0.056428 -0.182688 -1.438565
    13 1.960938 0.062164 0.000000 -0.000001 -1.497494 -0.010473
    14 1.370117 0.004250 0.000000 0.000001 -1.214749 0.005236
    15 1.195313 -1.667969 -0.153198 0.000000 -0.267035 -1.445133
    16 1.681641 0.022751 0.000001 0.000000 -0.612611 -0.005236
    17 1.091797 -0.001311 -0.000001 0.000000 -1.392772 0.000000
    18 11.242262 0.209526 -7.442967 -2.205160 -1.325005 1.829148
    19 -0.295538 -11.160193 0.000002 0.209146 0.299578 -0.249756
    20 0.288330 -4.437500 0.926270 0.080103 -1.549641 -0.151666
    21 0.000001 2.791016 0.898926 0.000000 0.000000 0.000000
    22 0.000000 -1.933765 2.901283 0.000000 0.000000 0.000000
    23 -0.496338 -4.484375 0.849121 0.430357 1.517607 0.507516
    24 -0.000001 2.900391 1.067383 0.000000 0.000000 0.000000
    25 0.000000 -1.573242 2.900391 0.000000 0.000000 0.000000
    26 -0.021851 -0.544922 0.000001 0.000000 0.000000 0.000000
    27 0.589844 0.240234 0.590332 0.297069 -0.493084 -1.048320
    28 2.320313 0.013252 0.000003 0.000000 0.000000 -0.455531
    29 1.244141 -0.012520 -0.000002 0.000000 0.000000 -0.858702
    30 1.419922 -2.332031 -0.171265 -0.002072 -0.054730 -1.523603
    31 1.706055 0.018570 0.000000 0.000004 -0.376958 -0.010445
    32 1.168496 -0.005664 0.000000 -0.000983 -0.612611 0.016344
    33 0.510742 -2.585938 -0.171143 0.068179 -0.280440 -1.750247
    34 1.836914 0.009186 -0.000001 -3.141591 -1.523670 -3.131118
    35 1.439453 0.012917 -0.000002 0.000000 -1.099558 0.005236
    36 -0.359256 -2.261720 -0.168329 0.017968 -0.224442 -1.724665
    37 1.888672 -0.005322 0.000004 0.000002 -1.544617 0.036656
    38 1.374023 -0.013504 0.000000 0.000000 -1.130973 0.010472
    39 -1.195313 -1.695313 -0.171265 0.000000 -0.235619 -1.685988
    40 1.688477 -0.013481 0.000000 0.000000 -0.753982 0.005229
    41 1.072266 0.022141 0.000000 0.000000 -1.371829 -0.010472
    42 0.000000 -2.078125 1.572266 0.000000 0.000000 0.000000
    43 0.000000 -3.694214 1.590397 0.000000 0.000000 0.000000
    44 0.000001 -1.269191 2.088827 0.000000 0.000000 0.000000
    45 0.000001 -1.330078 2.132813 0.000000 0.000000 0.000000
    46 0.000000 -2.113281 1.572266 0.000000 0.000000 0.000000
    47 0.000001 -3.744141 1.535156 0.000000 0.000000 0.000000
    48 0.500002 9.999993 0.000002 -1.570796 0.000000 -1.570796
    49 0.500002 9.999993 0.000002 -1.570796 0.000000 -1.570796
    50 0.000000 0.000005 0.000001 -1.570796 0.000000 -1.570796
    51 0.000001 0.000003 -0.500010 -1.570796 0.000000 -1.570796
    52 -0.000001 0.000000 -0.000002 -1.570796 0.000000 0.000000
    53 0.000000 0.000000 0.000000 -1.570797 0.000000 0.000000
    54 0.000001 0.000000 0.000000 -1.570796 0.000000 0.000000
    55 0.000000 0.000000 0.000002 -1.570796 0.000000 0.000000
    56 -0.000003 0.000000 0.000001 -1.570796 0.000000 0.000000
    57 0.000000 0.000000 0.000000 -1.570796 0.000000 0.000000
    58 0.000000 0.000000 -0.000002 -1.570796 0.000000 0.000000
    59 0.000000 0.000000 0.000001 -1.570796 0.000000 0.000000
    60 -0.000003 0.000000 0.000000 -1.570796 0.000000 0.000000
    61 -0.000001 0.000000 0.000000 -1.570796 0.000000 0.000000
    62 0.000000 0.000000 0.000000 -1.570796 0.000001 0.000000
    63 0.000000 0.000000 0.000000 -1.570796 0.000001 0.000000
    64 0.000000 0.000000 0.000001 3.141593 0.000000 0.000000
    65 0.000000 0.000000 0.000000 3.141593 0.000000 0.000000
    66 0.000001 -0.000001 0.000002 3.141592 0.000000 0.000000
    67 0.000000 10.000002 -0.000005 -1.570796 0.000000 -1.570796
    68 0.000000 10.000002 -0.000005 -1.570796 0.000000 -1.570796
    69 0.000000 0.000005 -0.000003 -1.570796 0.000000 -1.570796
    70 -0.000002 0.000006 -0.500010 -1.570796 0.000000 -1.570796
    71 -0.000004 0.000000 -0.000002 -1.570796 0.000000 0.000000
    72 0.000000 0.000000 0.000000 -1.570796 0.000000 0.000000
    73 0.000000 0.000000 0.000000 -1.570796 0.000000 0.000000
    74 -0.000002 0.000000 0.000000 -1.570796 0.000000 0.000000
    75 0.000002 0.000000 0.000000 -1.570796 0.000000 0.000000
    76 0.000006 0.000000 0.000000 -1.570796 0.000000 0.000000
    77 0.000001 0.000000 0.000000 -1.570796 0.000000 0.000000
    78 0.000000 0.000000 0.000000 -1.570796 0.000000 0.000000
    79 0.000003 0.000000 0.000000 -1.570796 0.000000 0.000000
    80 0.000000 0.000000 0.000000 -1.570796 0.000000 0.000000
    81 0.000002 0.000000 -0.000001 -1.570796 0.000000 0.000000
    82 0.000000 0.000000 0.000000 -1.570796 0.000000 0.000000
    83 0.000000 0.000000 -0.000003 0.000000 0.000000 0.000000
    84 0.000000 0.000000 0.000000 0.000000 0.000000 0.000000
    85 0.000000 0.000001 -0.000001 0.000000 0.000000 0.000000
  time 18
    0 -11.259600 0.404710 -7.729564 -2.408094 1.267184 -2.023334
    1 0.026867 -11.331078 -0.000002 0.250301 -0.352428 0.243991
    2 0.000000 -0.570313 0.000000 0.000000 0.000000 0.000000
    3 -0.527344 0.291504 0.596680 -0.212797 -0.375551 -2.091539
    4 2.279297 -0.130615 -0.000002 0.000000 0.000000 0.523599
    5 1.069446 0.056463 0.000000 0.000000 0.000000 0.848230
    6 -1.361328 -2.283203 -0.153076 0.000000 0.000000 -1.638864
    7 1.734108 -0.000584 0.000001 -0.000336 -0.481695 0.008472
    8 1.195413 -0.010942 0.000001 0.000000 -0.670206 0.000000
    9 -0.435303 -2.492188 -0.153198 -0.078961 -0.260133 -1.437435
    10 1.931641 0.005783 -0.000001 -3.141592 -1.518438 -3.141593
    11 1.417969 0.010590 0.000003 0.000000 -1.110029 0.020944
    12 0.386963 -2.169922 -0.153198 -0.056428 -0.182688 -1.438565
    13 1.960938 0.062164 0.000000 -0.000001 -1.497494 -0.010473
    14 1.370117 0.004250 0.000000 0.000001 -1.214749 0.005236
    15 1.195313 -1.667969 -0.153198 0.000000 -0.267035 -1.445133
    16 1.681641 0.022751 0.000001 0.000000 -0.612611 -0.005236
    17 1.091797 -0.001311 -0.000001 0.000000 -1.392772 0.000000
    18 11.281326 0.307185 -7.403903 -2.205160 -1.325005 1.829148
    19 -0.295538 -11.160193 0.000002 0.209146 0.299578 -0.249756
    20 0.288330 -4.437500 0.926270 0.080103 -1.549641 -0.151666
    21 0.000001 2.791016 0.898926 0.000000 0.000000 0.000000
    22 0.000000 -1.945485 2.901283 0.000000 0.000000 0.000000
    23 -0.496338 -4.484375 0.849121 0.430357 1.517607 0.507516
    24 -0.000001 2.900391 1.067383 0.000000 0.000000 0.000000
    25 0.000000 -1.573242 2.900391 0.000000 0.000000 0.000000
    26 -0.021851 -0.544922 0.000001 0.000000 0.000000 0.000000
    27 0.589844 0.240234 0.590332 0.297069 -0.493084 -1.048320
    28 2.320313 0.013252 0.000003 0.000000 0.000000 -0.455531
    29 1.244141 -0.012520 -0.000002 0.000000 0.000000 -0.858702
    30 1.419922 -2.332031 -0.171265 -0.002072 -0.054730 -1.523603
    31 1.706055 0.018570 0.000000 0.000004 -0.376958 -0.010445
    32 1.164589 -0.005664 0.000000 -0.000983 -0.612611 0.016344
    33 0.510742 -2.585938 -0.171143 0.068179 -0.280440 -1.750247
    34 1.836914 0.009186 -0.000001 -3.141591 -1.523670 -3.131118
    35 1.439453 0.012917 -0.000002 0.000000 -1.099558 0.005236
    36 -0.359256 -2.261720 -0.168329 0.017968 -0.224442 -1.724665
    37 1.888672 -0.005322 0.000004 0.000002 -1.544617 0.036656
    38 1.374023 -0.013504 0.000000 0.000000 -1.130973 0.010472
    39 -1.195313 -1.695313 -0.171265 0.000000 -0.235619 -1.685988
    40 1.688477 -0.013481 0.000000 0.000000 -0.753982 0.005229
    41 1.072266 0.022141 0.000000 0.000000 -1.371829 -0.010472
    42 0.000000 -2.078125 1.572266 0.000000 0.000000 0.000000
    43 0.000000 -3.702027 1.586491 0.000000 0.000000 0.000000
    44 0.000001 -1.269191 2.084921 0.000000 0.000000 0.000000
    45 0.000001 -1.330078 2.132813 0.000000 0.000000 0.000000
    46 0.000000 -2.113281 1.572266 0.000000 0.000000 0.000000
    47 0.000001 -3.744141 1.535156 0.000000 0.000000 0.000000
    48 0.500002 9.999993 0.000002 -1.570796 0.000000 -1.570796
    49 0.500002 9.999993 0.000002 -1.570796 0.000000 -1.570796
    50 0.000000 0.000005 0.000001 -1.570796 0.000000 -1.570796
    51 0.000001 0.000003 -0.500010 -1.570796 0.000000 -1.570796
    52 -0.000001 0.000000 -0.000002 -1.570796 0.000000 0.000000
    53 0.000000 0.000000 0.000000 -1.570797 0.000000 0.000000
    54 0.000001 0.000000 0.000000 -1.570796 0.000000 0.000000
    55 0.000000 0.000000 0.000002 -1.570796 0.000000 0.000000
    56 -0.000003 0.000000 0.000001 -1.570796 0.000000 0.000000
    57 0.000000 0.000000 0.000000 -1.570796 0.000000 0.000000
    58 0.000000 0.000000 -0.000002 -1.570796 0.000000 0.000000
    59 0.000000 0.000000 0.000001 -1.570796 0.000000 0.000000
    60 -0.000003 0.000000 0.000000 -1.570796 0.000000 0.000000
    61 -0.000001 0.000000 0.000000 -1.570796 0.000000 0.000000
    62 0.000000 0.000000 0.000000 -1.570796 0.000001 0.000000
    63 0.000000 0.000000 0.000000 -1.570796 0.000001 0.000000
    64 0.000000 0.000000 0.000001 3.141593 0.000000 0.000000
    65 0.000000 0.000000 0.000000 3.141593 0.000000 0.000000
    66 0.000001 -0.000001 0.000002 3.141592 0.000000 0.000000
    67 0.000000 10.000002 -0.000005 -1.570796 0.000000 -1.570796
    68 0.000000 10.000002 -0.000005 -1.570796 0.000000 -1.570796
    69 0.000000 0.000005 -0.000003 -1.570796 0.000000 -1.570796
    70 -0.000002 0.000006 -0.500010 -1.570796 0.000000 -1.570796
    71 -0.000004 0.000000 -0.000002 -1.570796 0.000000 0.000000
    72 0.000000 0.000000 0.000000 -1.570796 0.000000 0.000000
    73 0.000000 0.000000 0.000000 -1.570796 0.000000 0.000000
    74 -0.000002 0.000000 0.000000 -1.570796 0.000000 0.000000
    75 0.000002 0.000000 0.000000 -1.570796 0.000000 0.000000
    76 0.000006 0.000000 0.000000 -1.570796 0.000000 0.000000
    77 0.000001 0.000000 0.000000 -1.570796 0.000000 0.000000
    78 0.000000 0.000000 0.000000 -1.570796 0.000000 0.000000
    79 0.000003 0.000000 0.000000 -1.570796 0.000000 0.000000
    80 0.000000 0.000000 0.000000 -1.570796 0.000000 0.000000
    81 0.000002 0.000000 -0.000001 -1.570796 0.000000 0.000000
    82 0.000000 0.000000 0.000000 -1.570796 0.000000 0.000000
    83 0.000000 0.000000 -0.000003 0.000000 0.000000 0.000000
    84 0.000000 0.000000 0.000000 0.000000 0.000000 0.000000
    85 0.000000 0.000001 -0.000001 0.000000 0.000000 0.000000
  time 19
    0 -11.259600 0.392991 -7.741283 -2.405136 1.268617 -2.020077
    1 0.026867 -11.334984 -0.000002 0.245798 -0.349066 0.242377
    2 0.000000 -0.570313 0.000000 0.000000 0.000000 0.000000
    3 -0.527344 0.291504 0.596680 -0.212797 -0.375551 -2.091539
    4 2.279297 -0.130615 -0.000002 0.000000 0.000000 0.523599
    5 1.069446 0.056463 0.000000 0.000000 0.000000 0.848230
    6 -1.361328 -2.283203 -0.153076 0.000000 0.000000 -1.638864
    7 1.730202 -0.000584 0.000001 -0.000336 -0.481695 0.008472
    8 1.203226 -0.010942 0.000001 0.000000 -0.670206 0.000000
    9 -0.435303 -2.492188 -0.153198 -0.078961 -0.260133 -1.437435
    10 1.931641 0.005783 -0.000001 -3.141592 -1.518438 -3.141593
    11 1.417969 0.010590 0.000003 0.000000 -1.110029 0.020944
    12 0.386963 -2.169922 -0.153198 -0.056428 -0.182688 -1.438565
    13 1.960938 0.062164 0.000000 -0.000001 -1.497494 -0.010473
    14 1.370117 0.004250 0.000000 0.000001 -1.214749 0.005236
    15 1.195313 -1.667969 -0.153198 0.000000 -0.267035 -1.445133
    16 1.681641 0.022751 0.000001 0.000000 -0.612611 -0.005236
    17 1.091797 -0.001311 -0.000001 0.000000 -1.392772 0.000000
    18 11.281326 0.307185 -7.403903 -2.205160 -1.325005 1.829148
    19 -0.295538 -11.160193 0.000002 0.209146 0.299578 -0.249756
    20 0.288330 -4.437500 0.926270 0.080103 -1.549641 -0.151666
    21 0.000001 2.791016 0.898926 0.000000 0.000000 0.000000
    22 0.000000 -1.945485 2.901283 0.000000 0.000000 0.000000
    23 -0.496338 -4.484375 0.849121 0.430357 1.517607 0.507516
    24 -0.000001 2.900391 1.067383 0.000000 0.000000 0.000000
    25 0.000000 -1.573242 2.900391 0.000000 0.000000 0.000000
    26 -0.021851 -0.544922 0.000001 0.000000 0.000000 0.000000
    27 0.589844 0.240234 0.590332 0.297069 -0.493084 -1.048320
    28 2.320313 0.013252 0.000003 0.000000 0.000000 -0.455531
    29 1.244141 -0.012520 -0.000002 0.000000 0.000000 -0.858702
    30 1.419922 -2.332031 -0.171265 -0.002072 -0.054730 -1.523603
    31 1.706055 0.018570 0.000000 0.000004 -0.376958 -0.010445
    32 1.164589 -0.005664 0.000000 -0.000983 -0.612611 0.016344
    33 0.510742 -2.585938 -0.171143 0.068179 -0.280440 -1.750247
    34 1.836914 0.009186 -0.000001 -3.141591 -1.523670 -3.131118
    35 1.439453 0.012917 -0.000002 0.000000 -1.099558 0.005236
    36 -0.359256 -2.261720 -0.168329 0.017968 -0.224442 -1.724665
    37 1.888672 -0.005322 0.000004 0.000002 -1.544617 0.036656
    38 1.374023 -0.013504 0.000000 0.000000 -1.130973 0.010472
    39 -1.195313 -1.695313 -0.171265 0.000000 -0.235619 -1.685988
    40 1.688477 -0.013481 0.000000 0.000000 -0.753982 0.005229
    41 1.072266 0.022141 0.000000 0.000000 -1.371829 -0.010472
    42 0.000000 -2.078125 1.572266 0.000000 0.000000 0.000000
    43 0.000000 -3.702027 1.590397 0.000000 0.000000 0.000000
    44 0.000001 -1.273097 2.084921 0.000000 0.000000 0.000000
    45 0.000001 -1.330078 2.132813 0.000000 0.000000 0.000000
    46 0.000000 -2.113281 1.572266 0.000000 0.000000 0.000000
    47 0.000001 -3.744141 1.535156 0.000000 0.000000 0.000000
    48 0.500002 9.999993 0.000002 -1.570796 0.000000 -1.570796
    49 0.500002 9.999993 0.000002 -1.570796 0.000000 -1.570796
    50 0.000000 0.000005 0.000001 -1.570796 0.000000 -1.570796
    51 0.000001 0.000003 -0.500010 -1.570796 0.000000 -1.570796
    52 -0.000001 0.000000 -0.000002 -1.570796 0.000000 0.000000
    53 0.000000 0.000000 0.000000 -1.570797 0.000000 0.000000
    54 0.000001 0.000000 0.000000 -1.570796 0.000000 0.000000
    55 0.000000 0.000000 0.000002 -1.570796 0.000000 0.000000
    56 -0.000003 0.000000 0.000001 -1.570796 0.000000 0.000000
    57 0.000000 0.000000 0.000000 -1.570796 0.000000 0.000000
    58 0.000000 0.000000 -0.000002 -1.570796 0.000000 0.000000
    59 0.000000 0.000000 0.000001 -1.570796 0.000000 0.000000
    60 -0.000003 0.000000 0.000000 -1.570796 0.000000 0.000000
    61 -0.000001 0.000000 0.000000 -1.570796 0.000000 0.000000
    62 0.000000 0.000000 0.000000 -1.570796 0.000001 0.000000
    63 0.000000 0.000000 0.000000 -1.570796 0.000001 0.000000
    64 0.000000 0.000000 0.000001 3.141593 0.000000 0.000000
    65 0.000000 0.000000 0.000000 3.141593 0.000000 0.000000
    66 0.000001 -0.000001 0.000002 3.141592 0.000000 0.000000
    67 0.000000 10.000002 -0.000005 -1.570796 0.000000 -1.570796
    68 0.000000 10.000002 -0.000005 -1.570796 0.000000 -1.570796
    69 0.000000 0.000005 -0.000003 -1.570796 0.000000 -1.570796
    70 -0.000002 0.000006 -0.500010 -1.570796 0.000000 -1.570796
    71 -0.000004 0.000000 -0.000002 -1.570796 0.000000 0.000000
    72 0.000000 0.000000 0.000000 -1.570796 0.000000 0.000000
    73 0.000000 0.000000 0.000000 -1.570796 0.000000 0.000000
    74 -0.000002 0.000000 0.000000 -1.570796 0.000000 0.000000
    75 0.000002 0.000000 0.000000 -1.570796 0.000000 0.000000
    76 0.000006 0.000000 0.000000 -1.570796 0.000000 0.000000
    77 0.000001 0.000000 0.000000 -1.570796 0.000000 0.000000
    78 0.000000 0.000000 0.000000 -1.570796 0.000000 0.000000
    79 0.000003 0.000000 0.000000 -1.570796 0.000000 0.000000
    80 0.000000 0.000000 0.000000 -1.570796 0.000000 0.000000
    81 0.000002 0.000000 -0.000001 -1.570796 0.000000 0.000000
    82 0.000000 0.000000 0.000000 -1.570796 0.000000 0.000000
    83 0.000000 0.000000 -0.000003 0.000000 0.000000 0.000000
    84 0.000000 0.000000 0.000000 0.000000 0.000000 0.000000
    85 0.000000 0.000001 -0.000001 0.000000 0.000000 0.000000
  time 20
    0 -11.259600 0.389084 -7.749096 -2.401539 1.270229 -2.016437
    1 0.026867 -11.331078 -0.000002 0.238955 -0.344244 0.246469
    2 0.000000 -0.570313 0.000000 0.000000 0.000000 0.000000
    3 -0.527344 0.291504 0.596680 -0.212797 -0.375551 -2.091539
    4 2.279297 -0.130615 -0.000002 0.000000 0.000000 0.523599
    5 1.069446 0.056463 0.000000 0.000000 0.000000 0.848230
    6 -1.361328 -2.283203 -0.153076 0.000000 0.000000 -1.638864
    7 1.730202 -0.000584 0.000001 -0.000336 -0.481695 0.008472
    8 1.199319 -0.010942 0.000001 0.000000 -0.670206 0.000000
    9 -0.435303 -2.492188 -0.153198 -0.078961 -0.260133 -1.437435
    10 1.931641 0.005783 -0.000001 -3.141592 -1.518438 -3.141593
    11 1.417969 0.010590 0.000003 0.000000 -1.110029 0.020944
    12 0.386963 -2.169922 -0.153198 -0.056428 -0.182688 -1.438565
    13 1.960938 0.062164 0.000000 -0.000001 -1.497494 -0.010473
    14 1.370117 0.004250 0.000000 0.000001 -1.214749 0.005236
    15 1.195313 -1.667969 -0.153198 0.000000 -0.267035 -1.445133
    16 1.681641 0.022751 0.000001 0.000000 -0.612611 -0.005236
    17 1.091797 -0.001311 -0.000001 0.000000 -1.392772 0.000000
    18 11.281326 0.307185 -7.403903 -2.205160 -1.325005 1.829148
    19 -0.295538 -11.160193 0.000002 0.209146 0.299578 -0.249756
    20 0.288330 -4.437500 0.926270 0.080103 -1.549641 -0.151666
    21 0.000001 2.791016 0.898926 0.000000 0.000000 0.000000
    22 0.000000 -1.945485 2.901283 0.000000 0.000000 0.000000
    23 -0.496338 -4.484375 0.849121 0.430357 1.517607 0.507516
    24 -0.000001 2.900391 1.067383 0.000000 0.000000 0.000000
    25 0.000000 -1.573242 2.900391 0.000000 0.000000 0.000000
    26 -0.021851 -0.544922 0.000001 0.000000 0.000000 0.000000
    27 0.589844 0.240234 0.590332 0.297069 -0.493084 -1.048320
    28 2.320313 0.013252 0.000003 0.000000 0.000000 -0.455531
    29 1.244141 -0.012520 -0.000002 0.000000 0.000000 -0.858702
    30 1.419922 -2.332031 -0.171265 -0.002072 -0.054730 -1.523603
    31 1.706055 0.018570 0.000000 0.000004 -0.376958 -0.010445
    32 1.164589 -0.005664 0.000000 -0.000983 -0.612611 0.016344
    33 0.510742 -2.585938 -0.171143 0.068179 -0.280440 -1.750247
    34 1.836914 0.009186 -0.000001 -3.141591 -1.523670 -3.131118
    35 1.439453 0.012917 -0.000002 0.000000 -1.099558 0.005236
    36 -0.359256 -2.261720 -0.168329 0.017968 -0.224442 -1.724665
    37 1.888672 -0.005322 0.000004 0.000002 -1.544617 0.036656
    38 1.374023 -0.013504 0.000000 0.000000 -1.130973 0.010472
    39 -1.195313 -1.695313 -0.171265 0.000000 -0.235619 -1.685988
    40 1.688477 -0.013481 0.000000 0.000000 -0.753982 0.005229
    41 1.072266 0.022141 0.000000 0.000000 -1.371829 -0.010472
    42 0.000000 -2.078125 1.572266 0.000000 0.000000 0.000000
    43 0.000000 -3.702027 1.586491 0.000000 0.000000 0.000000
    44 0.000001 -1.269191 2.084921 0.000000 0.000000 0.000000
    45 0.000001 -1.330078 2.132813 0.000000 0.000000 0.000000
    46 0.000000 -2.113281 1.572266 0.000000 0.000000 0.000000
    47 0.000001 -3.744141 1.535156 0.000000 0.000000 0.000000
    48 0.500002 9.999993 0.000002 -1.570796 0.000000 -1.570796
    49 0.500002 9.999993 0.000002 -1.570796 0.000000 -1.570796
    50 0.000000 0.000005 0.000001 -1.570796 0.000000 -1.570796
    51 0.000001 0.000003 -0.500010 -1.570796 0.000000 -1.570796
    52 -0.000001 0.000000 -0.000002 -1.570796 0.000000 0.000000
    53 0.000000 0.000000 0.000000 -1.570797 0.000000 0.000000
    54 0.000001 0.000000 0.000000 -1.570796 0.000000 0.000000
    55 0.000000 0.000000 0.000002 -1.570796 0.000000 0.000000
    56 -0.000003 0.000000 0.000001 -1.570796 0.000000 0.000000
    57 0.000000 0.000000 0.000000 -1.570796 0.000000 0.000000
    58 0.000000 0.000000 -0.000002 -1.570796 0.000000 0.000000
    59 0.000000 0.000000 0.000001 -1.570796 0.000000 0.000000
    60 -0.000003 0.000000 0.000000 -1.570796 0.000000 0.000000
    61 -0.000001 0.000000 0.000000 -1.570796 0.000000 0.000000
    62 0.000000 0.000000 0.000000 -1.570796 0.000001 0.000000
    63 0.000000 0.000000 0.000000 -1.570796 0.000001 0.000000
    64 0.000000 0.000000 0.000001 3.141593 0.000000 0.000000
    65 0.000000 0.000000 0.000000 3.141593 0.000000 0.000000
    66 0.000001 -0.000001 0.000002 3.141592 0.000000 0.000000
    67 0.000000 10.000002 -0.000005 -1.570796 0.000000 -1.570796
    68 0.000000 10.000002 -0.000005 -1.570796 0.000000 -1.570796
    69 0.000000 0.000005 -0.000003 -1.570796 0.000000 -1.570796
    70 -0.000002 0.000006 -0.500010 -1.570796 0.000000 -1.570796
    71 -0.000004 0.000000 -0.000002 -1.570796 0.000000 0.000000
    72 0.000000 0.000000 0.000000 -1.570796 0.000000 0.000000
    73 0.000000 0.000000 0.000000 -1.570796 0.000000 0.000000
    74 -0.000002 0.000000 0.000000 -1.570796 0.000000 0.000000
    75 0.000002 0.000000 0.000000 -1.570796 0.000000 0.000000
    76 0.000006 0.000000 0.000000 -1.570796 0.000000 0.000000
    77 0.000001 0.000000 0.000000 -1.570796 0.000000 0.000000
    78 0.000000 0.000000 0.000000 -1.570796 0.000000 0.000000
    79 0.000003 0.000000 0.000000 -1.570796 0.000000 0.000000
    80 0.000000 0.000000 0.000000 -1.570796 0.000000 0.000000
    81 0.000002 0.000000 -0.000001 -1.570796 0.000000 0.000000
    82 0.000000 0.000000 0.000000 -1.570796 0.000000 0.000000
    83 0.000000 0.000000 -0.000003 0.000000 0.000000 0.000000
    84 0.000000 0.000000 0.000000 0.000000 0.000000 0.000000
    85 0.000000 0.000001 -0.000001 0.000000 0.000000 0.000000
  time 21
    0 -11.255693 0.385178 -7.756908 -2.397622 1.272065 -2.012222
    1 0.026867 -11.331078 -0.000002 0.238955 -0.344244 0.246469
    2 0.000000 -0.570313 0.000000 0.000000 0.000000 0.000000
    3 -0.527344 0.291504 0.596680 -0.212797 -0.375551 -2.091539
    4 2.279297 -0.130615 -0.000002 0.000000 0.000000 0.523599
    5 1.069446 0.056463 0.000000 0.000000 0.000000 0.848230
    6 -1.361328 -2.283203 -0.153076 0.000000 0.000000 -1.638864
    7 1.730202 -0.000584 0.000001 -0.000336 -0.481695 0.008472
    8 1.195413 -0.010942 0.000001 0.000000 -0.670206 0.000000
    9 -0.435303 -2.492188 -0.153198 -0.078961 -0.260133 -1.437435
    10 1.931641 0.005783 -0.000001 -3.141592 -1.518438 -3.141593
    11 1.417969 0.010590 0.000003 0.000000 -1.110029 0.020944
    12 0.386963 -2.169922 -0.153198 -0.056428 -0.182688 -1.438565
    13 1.960938 0.062164 0.000000 -0.000001 -1.497494 -0.010473
    14 1.370117 0.004250 0.000000 0.000001 -1.214749 0.005236
    15 1.195313 -1.667969 -0.153198 0.000000 -0.267035 -1.445133
    16 1.681641 0.022751 0.000001 0.000000 -0.612611 -0.005236
    17 1.091797 -0.001311 -0.000001 0.000000 -1.392772 0.000000
    18 11.281326 0.307185 -7.403903 -2.205160 -1.325005 1.829148
    19 -0.295538 -11.160193 0.000002 0.209146 0.299578 -0.249756
    20 0.288330 -4.437500 0.926270 0.080103 -1.549641 -0.151666
    21 0.000001 2.791016 0.898926 0.000000 0.000000 0.000000
    22 0.000000 -1.941578 2.901283 0.000000 0.000000 0.000000
    23 -0.496338 -4.484375 0.849121 0.430357 1.517607 0.507516
    24 -0.000001 2.900391 1.067383 0.000000 0.000000 0.000000
    25 0.000000 -1.573242 2.900391 0.000000 0.000000 0.000000
    26 -0.021851 -0.544922 0.000001 0.000000 0.000000 0.000000
    27 0.589844 0.240234 0.590332 0.297069 -0.493084 -1.048320
    28 2.320313 0.013252 0.000003 0.000000 0.000000 -0.455531
    29 1.244141 -0.012520 -0.000002 0.000000 0.000000 -0.858702
    30 1.419922 -2.332031 -0.171265 -0.002072 -0.054730 -1.523603
    31 1.706055 0.018570 0.000000 0.000004 -0.376958 -0.010445
    32 1.164589 -0.005664 0.000000 -0.000983 -0.612611 0.016344
    33 0.510742 -2.585938 -0.171143 0.068179 -0.280440 -1.750247
    34 1.836914 0.009186 -0.000001 -3.141591 -1.523670 -3.131118
    35 1.439453 0.012917 -0.000002 0.000000 -1.099558 0.005236
    36 -0.359256 -2.261720 -0.168329 0.017968 -0.224442 -1.724665
    37 1.888672 -0.005322 0.000004 0.000002 -1.544617 0.036656
    38 1.374023 -0.013504 0.000000 0.000000 -1.130973 0.010472
    39 -1.195313 -1.695313 -0.171265 0.000000 -0.235619 -1.685988
    40 1.688477 -0.013481 0.000000 0.000000 -0.753982 0.005229
    41 1.072266 0.022141 0.000000 0.000000 -1.371829 -0.010472
    42 0.000000 -2.078125 1.572266 0.000000 0.000000 0.000000
    43 0.000000 -3.698120 1.590397 0.000000 0.000000 0.000000
    44 0.000001 -1.269191 2.088827 0.000000 0.000000 0.000000
    45 0.000001 -1.330078 2.132813 0.000000 0.000000 0.000000
    46 0.000000 -2.113281 1.572266 0.000000 0.000000 0.000000
    47 0.000001 -3.744141 1.535156 0.000000 0.000000 0.000000
    48 0.500002 9.999993 0.000002 -1.570796 0.000000 -1.570796
    49 0.500002 9.999993 0.000002 -1.570796 0.000000 -1.570796
    50 0.000000 0.000005 0.000001 -1.570796 0.000000 -1.570796
    51 0.000001 0.000003 -0.500010 -1.570796 0.000000 -1.570796
    52 -0.000001 0.000000 -0.000002 -1.570796 0.000000 0.000000
    53 0.000000 0.000000 0.000000 -1.570797 0.000000 0.000000
    54 0.000001 0.000000 0.000000 -1.570796 0.000000 0.000000
    55 0.000000 0.000000 0.000002 -1.570796 0.000000 0.000000
    56 -0.000003 0.000000 0.000001 -1.570796 0.000000 0.000000
    57 0.000000 0.000000 0.000000 -1.570796 0.000000 0.000000
    58 0.000000 0.000000 -0.000002 -1.570796 0.000000 0.000000
    59 0.000000 0.000000 0.000001 -1.570796 0.000000 0.000000
    60 -0.000003 0.000000 0.000000 -1.570796 0.000000 0.000000
    61 -0.000001 0.000000 0.000000 -1.570796 0.000000 0.000000
    62 0.000000 0.000000 0.000000 -1.570796 0.000001 0.000000
    63 0.000000 0.000000 0.000000 -1.570796 0.000001 0.000000
    64 0.000000 0.000000 0.000001 3.141593 0.000000 0.000000
    65 0.000000 0.000000 0.000000 3.141593 0.000000 0.000000
    66 0.000001 -0.000001 0.000002 3.141592 0.000000 0.000000
    67 0.000000 10.000002 -0.000005 -1.570796 0.000000 -1.570796
    68 0.000000 10.000002 -0.000005 -1.570796 0.000000 -1.570796
    69 0.000000 0.000005 -0.000003 -1.570796 0.000000 -1.570796
    70 -0.000002 0.000006 -0.500010 -1.570796 0.000000 -1.570796
    71 -0.000004 0.000000 -0.000002 -1.570796 0.000000 0.000000
    72 0.000000 0.000000 0.000000 -1.570796 0.000000 0.000000
    73 0.000000 0.000000 0.000000 -1.570796 0.000000 0.000000
    74 -0.000002 0.000000 0.000000 -1.570796 0.000000 0.000000
    75 0.000002 0.000000 0.000000 -1.570796 0.000000 0.000000
    76 0.000006 0.000000 0.000000 -1.570796 0.000000 0.000000
    77 0.000001 0.000000 0.000000 -1.570796 0.000000 0.000000
    78 0.000000 0.000000 0.000000 -1.570796 0.000000 0.000000
    79 0.000003 0.000000 0.000000 -1.570796 0.000000 0.000000
    80 0.000000 0.000000 0.000000 -1.570796 0.000000 0.000000
    81 0.000002 0.000000 -0.000001 -1.570796 0.000000 0.000000
    82 0.000000 0.000000 0.000000 -1.570796 0.000000 0.000000
    83 0.000000 0.000000 -0.000003 0.000000 0.000000 0.000000
    84 0.000000 0.000000 0.000000 0.000000 0.000000 0.000000
    85 0.000000 0.000001 -0.000001 0.000000 0.000000 0.000000
  time 22
    0 -11.255693 0.385178 -7.760815 -2.393625 1.273722 -2.008103
    1 0.030773 -11.331078 -0.000002 0.238955 -0.344244 0.246469
    2 0.000000 -0.570313 0.000000 0.000000 0.000000 0.000000
    3 -0.527344 0.291504 0.596680 -0.212797 -0.375551 -2.091539
    4 2.279297 -0.130615 -0.000002 0.000000 0.000000 0.523599
    5 1.069446 0.056463 0.000000 0.000000 0.000000 0.848230
    6 -1.361328 -2.283203 -0.153076 0.000000 0.000000 -1.638864
    7 1.734108 -0.000584 0.000001 -0.000336 -0.481695 0.008472
    8 1.195413 -0.010942 0.000001 0.000000 -0.670206 0.000000
    9 -0.435303 -2.492188 -0.153198 -0.078961 -0.260133 -1.437435
    10 1.931641 0.005783 -0.000001 -3.141592 -1.518438 -3.141593
    11 1.417969 0.010590 0.000003 0.000000 -1.110029 0.020944
    12 0.386963 -2.169922 -0.153198 -0.056428 -0.182688 -1.438565
    13 1.960938 0.062164 0.000000 -0.000001 -1.497494 -0.010473
    14 1.370117 0.004250 0.000000 0.000001 -1.214749 0.005236
    15 1.195313 -1.667969 -0.153198 0.000000 -0.267035 -1.445133
    16 1.681641 0.022751 0.000001 0.000000 -0.612611 -0.005236
    17 1.091797 -0.001311 -0.000001 0.000000 -1.392772 0.000000
    18 11.281326 0.307185 -7.403903 -2.205160 -1.325005 1.829148
    19 -0.295538 -11.160193 0.000002 0.209146 0.299578 -0.249756
    20 0.288330 -4.437500 0.926270 0.080103 -1.549641 -0.151666
    21 0.000001 2.791016 0.898926 0.000000 0.000000 0.000000
    22 0.000000 -1.933765 2.901283 0.000000 0.000000 0.000000
    23 -0.496338 -4.484375 0.849121 0.430357 1.517607 0.507516
    24 -0.000001 2.900391 1.067383 0.000000 0.000000 0.000000
    25 0.000000 -1.573242 2.900391 0.000000 0.000000 0.000000
    26 -0.021851 -0.544922 0.000001 0.000000 0.000000 0.000000
    27 0.589844 0.240234 0.590332 0.297069 -0.493084 -1.048320
    28 2.320313 0.013252 0.000003 0.000000 0.000000 -0.455531
    29 1.244141 -0.012520 -0.000002 0.000000 0.000000 -0.858702
    30 1.419922 -2.332031 -0.171265 -0.002072 -0.054730 -1.523603
    31 1.706055 0.018570 0.000000 0.000004 -0.376958 -0.010445
    32 1.164589 -0.005664 0.000000 -0.000983 -0.612611 0.016344
    33 0.510742 -2.585938 -0.171143 0.068179 -0.280440 -1.750247
    34 1.836914 0.009186 -0.000001 -3.141591 -1.523670 -3.131118
    35 1.439453 0.012917 -0.000002 0.000000 -1.099558 0.005236
    36 -0.359256 -2.261720 -0.168329 0.017968 -0.224442 -1.724665
    37 1.888672 -0.005322 0.000004 0.000002 -1.544617 0.036656
    38 1.374023 -0.013504 0.000000 0.000000 -1.130973 0.010472
    39 -1.195313 -1.695313 -0.171265 0.000000 -0.235619 -1.685988
    40 1.688477 -0.013481 0.000000 0.000000 -0.753982 0.005229
    41 1.072266 0.022141 0.000000 0.000000 -1.371829 -0.010472
    42 0.000000 -2.078125 1.572266 0.000000 0.000000 0.000000
    43 0.000000 -3.694214 1.586491 0.000000 0.000000 0.000000
    44 0.000001 -1.269191 2.084921 0.000000 0.000000 0.000000
    45 0.000001 -1.330078 2.132813 0.000000 0.000000 0.000000
    46 0.000000 -2.113281 1.572266 0.000000 0.000000 0.000000
    47 0.000001 -3.744141 1.535156 0.000000 0.000000 0.000000
    48 0.500002 9.999993 0.000002 -1.570796 0.000000 -1.570796
    49 0.500002 9.999993 0.000002 -1.570796 0.000000 -1.570796
    50 0.000000 0.000005 0.000001 -1.570796 0.000000 -1.570796
    51 0.000001 0.000003 -0.500010 -1.570796 0.000000 -1.570796
    52 -0.000001 0.000000 -0.000002 -1.570796 0.000000 0.000000
    53 0.000000 0.000000 0.000000 -1.570797 0.000000 0.000000
    54 0.000001 0.000000 0.000000 -1.570796 0.000000 0.000000
    55 0.000000 0.000000 0.000002 -1.570796 0.000000 0.000000
    56 -0.000003 0.000000 0.000001 -1.570796 0.000000 0.000000
    57 0.000000 0.000000 0.000000 -1.570796 0.000000 0.000000
    58 0.000000 0.000000 -0.000002 -1.570796 0.000000 0.000000
    59 0.000000 0.000000 0.000001 -1.570796 0.000000 0.000000
    60 -0.000003 0.000000 0.000000 -1.570796 0.000000 0.000000
    61 -0.000001 0.000000 0.000000 -1.570796 0.000000 0.000000
    62 0.000000 0.000000 0.000000 -1.570796 0.000001 0.000000
    63 0.000000 0.000000 0.000000 -1.570796 0.000001 0.000000
    64 0.000000 0.000000 0.000001 3.141593 0.000000 0.000000
    65 0.000000 0.000000 0.000000 3.141593 0.000000 0.000000
    66 0.000001 -0.000001 0.000002 3.141592 0.000000 0.000000
    67 0.000000 10.000002 -0.000005 -1.570796 0.000000 -1.570796
    68 0.000000 10.000002 -0.000005 -1.570796 0.000000 -1.570796
    69 0.000000 0.000005 -0.000003 -1.570796 0.000000 -1.570796
    70 -0.000002 0.000006 -0.500010 -1.570796 0.000000 -1.570796
    71 -0.000004 0.000000 -0.000002 -1.570796 0.000000 0.000000
    72 0.000000 0.000000 0.000000 -1.570796 0.000000 0.000000
    73 0.000000 0.000000 0.000000 -1.570796 0.000000 0.000000
    74 -0.000002 0.000000 0.000000 -1.570796 0.000000 0.000000
    75 0.000002 0.000000 0.000000 -1.570796 0.000000 0.000000
    76 0.000006 0.000000 0.000000 -1.570796 0.000000 0.000000
    77 0.000001 0.000000 0.000000 -1.570796 0.000000 0.000000
    78 0.000000 0.000000 0.000000 -1.570796 0.000000 0.000000
    79 0.000003 0.000000 0.000000 -1.570796 0.000000 0.000000
    80 0.000000 0.000000 0.000000 -1.570796 0.000000 0.000000
    81 0.000002 0.000000 -0.000001 -1.570796 0.000000 0.000000
    82 0.000000 0.000000 0.000000 -1.570796 0.000000 0.000000
    83 0.000000 0.000000 -0.000003 0.000000 0.000000 0.000000
    84 0.000000 0.000000 0.000000 0.000000 0.000000 0.000000
    85 0.000000 0.000001 -0.000001 0.000000 0.000000 0.000000
  time 23
    0 -11.259600 0.385178 -7.764721 -2.389628 1.275737 -2.003984
    1 0.026867 -11.331078 -0.000002 0.238955 -0.344244 0.246469
    2 0.000000 -0.570313 0.000000 0.000000 0.000000 0.000000
    3 -0.527344 0.291504 0.596680 -0.212797 -0.375551 -2.091539
    4 2.279297 -0.130615 -0.000002 0.000000 0.000000 0.523599
    5 1.069446 0.056463 0.000000 0.000000 0.000000 0.848230
    6 -1.361328 -2.283203 -0.153076 0.000000 0.000000 -1.638864
    7 1.726295 -0.000584 0.000001 -0.000336 -0.481695 0.008472
    8 1.199319 -0.010942 0.000001 0.000000 -0.670206 0.000000
    9 -0.435303 -2.492188 -0.153198 -0.078961 -0.260133 -1.437435
    10 1.931641 0.005783 -0.000001 -3.141592 -1.518438 -3.141593
    11 1.417969 0.010590 0.000003 0.000000 -1.110029 0.020944
    12 0.386963 -2.169922 -0.153198 -0.056428 -0.182688 -1.438565
    13 1.960938 0.062164 0.000000 -0.000001 -1.497494 -0.010473
    14 1.370117 0.004250 0.000000 0.000001 -1.214749 0.005236
    15 1.195313 -1.667969 -0.153198 0.000000 -0.267035 -1.445133
    16 1.681641 0.022751 0.000001 0.000000 -0.612611 -0.005236
    17 1.091797 -0.001311 -0.000001 0.000000 -1.392772 0.000000
    18 11.281326 0.307185 -7.403903 -2.205160 -1.325005 1.829148
    19 -0.295538 -11.160193 0.000002 0.209146 0.299578 -0.249756
    20 0.288330 -4.437500 0.926270 0.080103 -1.549641 -0.151666
    21 0.000001 2.791016 0.898926 0.000000 0.000000 0.000000
    22 0.000000 -1.941578 2.901283 0.000000 0.000000 0.000000
    23 -0.496338 -4.484375 0.849121 0.430357 1.517607 0.507516
    24 -0.000001 2.900391 1.067383 0.000000 0.000000 0.000000
    25 0.000000 -1.573242 2.900391 0.000000 0.000000 0.000000
    26 -0.021851 -0.544922 0.000001 0.000000 0.000000 0.000000
    27 0.589844 0.240234 0.590332 0.297069 -0.493084 -1.048320
    28 2.320313 0.013252 0.000003 0.000000 0.000000 -0.455531
    29 1.244141 -0.012520 -0.000002 0.000000 0.000000 -0.858702
    30 1.419922 -2.332031 -0.171265 -0.002072 -0.054730 -1.523603
    31 1.706055 0.018570 0.000000 0.000004 -0.376958 -0.010445
    32 1.164589 -0.005664 0.000000 -0.000983 -0.612611 0.016344
    33 0.510742 -2.585938 -0.171143 0.068179 -0.280440 -1.750247
    34 1.836914 0.009186 -0.000001 -3.141591 -1.523670 -3.131118
    35 1.439453 0.012917 -0.000002 0.000000 -1.099558 0.005236
    36 -0.359256 -2.261720 -0.168329 0.017968 -0.224442 -1.724665
    37 1.888672 -0.005322 0.000004 0.000002 -1.544617 0.036656
    38 1.374023 -0.013504 0.000000 0.000000 -1.130973 0.010472
    39 -1.195313 -1.695313 -0.171265 0.000000 -0.235619 -1.685988
    40 1.688477 -0.013481 0.000000 0.000000 -0.753982 0.005229
    41 1.072266 0.022141 0.000000 0.000000 -1.371829 -0.010472
    42 0.000000 -2.078125 1.572266 0.000000 0.000000 0.000000
    43 0.000000 -3.702027 1.586491 0.000000 0.000000 0.000000
    44 0.000001 -1.269191 2.084921 0.000000 0.000000 0.000000
    45 0.000001 -1.330078 2.132813 0.000000 0.000000 0.000000
    46 0.000000 -2.113281 1.572266 0.000000 0.000000 0.000000
    47 0.000001 -3.744141 1.535156 0.000000 0.000000 0.000000
    48 0.500002 9.999993 0.000002 -1.570796 0.000000 -1.570796
    49 0.500002 9.999993 0.000002 -1.570796 0.000000 -1.570796
    50 0.000000 0.000005 0.000001 -1.570796 0.000000 -1.570796
    51 0.000001 0.000003 -0.500010 -1.570796 0.000000 -1.570796
    52 -0.000001 0.000000 -0.000002 -1.570796 0.000000 0.000000
    53 0.000000 0.000000 0.000000 -1.570797 0.000000 0.000000
    54 0.000001 0.000000 0.000000 -1.570796 0.000000 0.000000
    55 0.000000 0.000000 0.000002 -1.570796 0.000000 0.000000
    56 -0.000003 0.000000 0.000001 -1.570796 0.000000 0.000000
    57 0.000000 0.000000 0.000000 -1.570796 0.000000 0.000000
    58 0.000000 0.000000 -0.000002 -1.570796 0.000000 0.000000
    59 0.000000 0.000000 0.000001 -1.570796 0.000000 0.000000
    60 -0.000003 0.000000 0.000000 -1.570796 0.000000 0.000000
    61 -0.000001 0.000000 0.000000 -1.570796 0.000000 0.000000
    62 0.000000 0.000000 0.000000 -1.570796 0.000001 0.000000
    63 0.000000 0.000000 0.000000 -1.570796 0.000001 0.000000
    64 0.000000 0.000000 0.000001 3.141593 0.000000 0.000000
    65 0.000000 0.000000 0.000000 3.141593 0.000000 0.000000
    66 0.000001 -0.000001 0.000002 3.141592 0.000000 0.000000
    67 0.000000 10.000002 -0.000005 -1.570796 0.000000 -1.570796
    68 0.000000 10.000002 -0.000005 -1.570796 0.000000 -1.570796
    69 0.000000 0.000005 -0.000003 -1.570796 0.000000 -1.570796
    70 -0.000002 0.000006 -0.500010 -1.570796 0.000000 -1.570796
    71 -0.000004 0.000000 -0.000002 -1.570796 0.000000 0.000000
    72 0.000000 0.000000 0.000000 -1.570796 0.000000 0.000000
    73 0.000000 0.000000 0.000000 -1.570796 0.000000 0.000000
    74 -0.000002 0.000000 0.000000 -1.570796 0.000000 0.000000
    75 0.000002 0.000000 0.000000 -1.570796 0.000000 0.000000
    76 0.000006 0.000000 0.000000 -1.570796 0.000000 0.000000
    77 0.000001 0.000000 0.000000 -1.570796 0.000000 0.000000
    78 0.000000 0.000000 0.000000 -1.570796 0.000000 0.000000
    79 0.000003 0.000000 0.000000 -1.570796 0.000000 0.000000
    80 0.000000 0.000000 0.000000 -1.570796 0.000000 0.000000
    81 0.000002 0.000000 -0.000001 -1.570796 0.000000 0.000000
    82 0.000000 0.000000 0.000000 -1.570796 0.000000 0.000000
    83 0.000000 0.000000 -0.000003 0.000000 0.000000 0.000000
    84 0.000000 0.000000 0.000000 0.000000 0.000000 0.000000
    85 0.000000 0.000001 -0.000001 0.000000 0.000000 0.000000
  time 24
    0 -11.259600 0.385178 -7.764721 -2.386191 1.277573 -2.000248
    1 0.026867 -11.331078 -0.000002 0.238955 -0.344244 0.246469
    2 0.000000 -0.570313 0.000000 0.000000 0.000000 0.000000
    3 -0.527344 0.291504 0.596680 -0.212797 -0.375551 -2.091539
    4 2.279297 -0.130615 -0.000002 0.000000 0.000000 0.523599
    5 1.069446 0.056463 0.000000 0.000000 0.000000 0.848230
    6 -1.361328 -2.283203 -0.153076 0.000000 0.000000 -1.638864
    7 1.734108 -0.000584 0.000001 -0.000336 -0.481695 0.008472
    8 1.199319 -0.010942 0.000001 0.000000 -0.670206 0.000000
    9 -0.435303 -2.492188 -0.153198 -0.078961 -0.260133 -1.437435
    10 1.931641 0.005783 -0.000001 -3.141592 -1.518438 -3.141593
    11 1.417969 0.010590 0.000003 0.000000 -1.110029 0.020944
    12 0.386963 -2.169922 -0.153198 -0.056428 -0.182688 -1.438565
    13 1.960938 0.062164 0.000000 -0.000001 -1.497494 -0.010473
    14 1.370117 0.004250 0.000000 0.000001 -1.214749 0.005236
    15 1.195313 -1.667969 -0.153198 0.000000 -0.267035 -1.445133
    16 1.681641 0.022751 0.000001 0.000000 -0.612611 -0.005236
    17 1.091797 -0.001311 -0.000001 0.000000 -1.392772 0.000000
    18 11.281326 0.307185 -7.403903 -2.205160 -1.325005 1.829148
    19 -0.295538 -11.160193 0.000002 0.209146 0.299578 -0.249756
    20 0.288330 -4.437500 0.926270 0.080103 -1.549641 -0.151666
    21 0.000001 2.791016 0.898926 0.000000 0.000000 0.000000
    22 0.000000 -1.945485 2.901283 0.000000 0.000000 0.000000
    23 -0.496338 -4.484375 0.849121 0.430357 1.517607 0.507516
    24 -0.000001 2.900391 1.067383 0.000000 0.000000 0.000000
    25 0.000000 -1.573242 2.900391 0.000000 0.000000 0.000000
    26 -0.021851 -0.544922 0.000001 0.000000 0.000000 0.000000
    27 0.589844 0.240234 0.590332 0.297069 -0.493084 -1.048320
    28 2.320313 0.013252 0.000003 0.000000 0.000000 -0.455531
    29 1.244141 -0.012520 -0.000002 0.000000 0.000000 -0.858702
    30 1.419922 -2.332031 -0.171265 -0.002072 -0.054730 -1.523603
    31 1.706055 0.018570 0.000000 0.000004 -0.376958 -0.010445
    32 1.164589 -0.005664 0.000000 -0.000983 -0.612611 0.016344
    33 0.510742 -2.585938 -0.171143 0.068179 -0.280440 -1.750247
    34 1.836914 0.009186 -0.000001 -3.141591 -1.523670 -3.131118
    35 1.439453 0.012917 -0.000002 0.000000 -1.099558 0.005236
    36 -0.359256 -2.261720 -0.168329 0.017968 -0.224442 -1.724665
    37 1.888672 -0.005322 0.000004 0.000002 -1.544617 0.036656
    38 1.374023 -0.013504 0.000000 0.000000 -1.130973 0.010472
    39 -1.195313 -1.695313 -0.171265 0.000000 -0.235619 -1.685988
    40 1.688477 -0.013481 0.000000 0.000000 -0.753982 0.005229
    41 1.072266 0.022141 0.000000 0.000000 -1.371829 -0.010472
    42 0.000000 -2.078125 1.572266 0.000000 0.000000 0.000000
    43 0.000000 -3.702027 1.586491 0.000000 0.000000 0.000000
    44 0.000001 -1.269191 2.088827 0.000000 0.000000 0.000000
    45 0.000001 -1.330078 2.132813 0.000000 0.000000 0.000000
    46 0.000000 -2.113281 1.572266 0.000000 0.000000 0.000000
    47 0.000001 -3.744141 1.535156 0.000000 0.000000 0.000000
    48 0.500002 9.999993 0.000002 -1.570796 0.000000 -1.570796
    49 0.500002 9.999993 0.000002 -1.570796 0.000000 -1.570796
    50 0.000000 0.000005 0.000001 -1.570796 0.000000 -1.570796
    51 0.000001 0.000003 -0.500010 -1.570796 0.000000 -1.570796
    52 -0.000001 0.000000 -0.000002 -1.570796 0.000000 0.000000
    53 0.000000 0.000000 0.000000 -1.570797 0.000000 0.000000
    54 0.000001 0.000000 0.000000 -1.570796 0.000000 0.000000
    55 0.000000 0.000000 0.000002 -1.570796 0.000000 0.000000
    56 -0.000003 0.000000 0.000001 -1.570796 0.000000 0.000000
    57 0.000000 0.000000 0.000000 -1.570796 0.000000 0.000000
    58 0.000000 0.000000 -0.000002 -1.570796 0.000000 0.000000
    59 0.000000 0.000000 0.000001 -1.570796 0.000000 0.000000
    60 -0.000003 0.000000 0.000000 -1.570796 0.000000 0.000000
    61 -0.000001 0.000000 0.000000 -1.570796 0.000000 0.000000
    62 0.000000 0.000000 0.000000 -1.570796 0.000001 0.000000
    63 0.000000 0.000000 0.000000 -1.570796 0.000001 0.000000
    64 0.000000 0.000000 0.000001 3.141593 0.000000 0.000000
    65 0.000000 0.000000 0.000000 3.141593 0.000000 0.000000
    66 0.000001 -0.000001 0.000002 3.141592 0.000000 0.000000
    67 0.000000 10.000002 -0.000005 -1.570796 0.000000 -1.570796
    68 0.000000 10.000002 -0.000005 -1.570796 0.000000 -1.570796
    69 0.000000 0.000005 -0.000003 -1.570796 0.000000 -1.570796
    70 -0.000002 0.000006 -0.500010 -1.570796 0.000000 -1.570796
    71 -0.000004 0.000000 -0.000002 -1.570796 0.000000 0.000000
    72 0.000000 0.000000 0.000000 -1.570796 0.000000 0.000000
    73 0.000000 0.000000 0.000000 -1.570796 0.000000 0.000000
    74 -0.000002 0.000000 0.000000 -1.570796 0.000000 0.000000
    75 0.000002 0.000000 0.000000 -1.570796 0.000000 0.000000
    76 0.000006 0.000000 0.000000 -1.570796 0.000000 0.000000
    77 0.000001 0.000000 0.000000 -1.570796 0.000000 0.000000
    78 0.000000 0.000000 0.000000 -1.570796 0.000000 0.000000
    79 0.000003 0.000000 0.000000 -1.570796 0.000000 0.000000
    80 0.000000 0.000000 0.000000 -1.570796 0.000000 0.000000
    81 0.000002 0.000000 -0.000001 -1.570796 0.000000 0.000000
    82 0.000000 0.000000 0.000000 -1.570796 0.000000 0.000000
    83 0.000000 0.000000 -0.000003 0.000000 0.000000 0.000000
    84 0.000000 0.000000 0.000000 0.000000 0.000000 0.000000
    85 0.000000 0.000001 -0.000001 0.000000 0.000000 0.000000
  time 25
    0 -11.259600 0.385178 -7.764721 -2.382834 1.279588 -1.996991
    1 0.026867 -11.331078 -0.000002 0.238955 -0.344244 0.246469
    2 0.000000 -0.570313 0.000000 0.000000 0.000000 0.000000
    3 -0.527344 0.291504 0.596680 -0.212797 -0.375551 -2.091539
    4 2.279297 -0.130615 -0.000002 0.000000 0.000000 0.523599
    5 1.069446 0.056463 0.000000 0.000000 0.000000 0.848230
    6 -1.361328 -2.283203 -0.153076 0.000000 0.000000 -1.638864
    7 1.730202 -0.000584 0.000001 -0.000336 -0.481711 0.008472
    8 1.195413 -0.010942 0.000001 0.000000 -0.670206 0.000000
    9 -0.435303 -2.492188 -0.153198 -0.078961 -0.260133 -1.437435
    10 1.931641 0.005783 -0.000001 -3.141592 -1.518438 -3.141593
    11 1.417969 0.010590 0.000003 0.000000 -1.110029 0.020944
    12 0.386963 -2.169922 -0.153198 -0.056428 -0.182688 -1.438565
    13 1.960938 0.062164 0.000000 -0.000001 -1.497494 -0.010473
    14 1.370117 0.004250 0.000000 0.000001 -1.214749 0.005236
    15 1.195313 -1.667969 -0.153198 0.000000 -0.267035 -1.445133
    16 1.681641 0.022751 0.000001 0.000000 -0.612611 -0.005236
    17 1.091797 -0.001311 -0.000001 0.000000 -1.392772 0.000000
    18 11.281326 0.307185 -7.403903 -2.205160 -1.325005 1.829148
    19 -0.295538 -11.160193 0.000002 0.209146 0.299578 -0.249756
    20 0.288330 -4.437500 0.926270 0.080103 -1.549641 -0.151666
    21 0.000001 2.791016 0.898926 0.000000 0.000000 0.000000
    22 0.000000 -1.937672 2.897376 0.000000 0.000000 0.000000
    23 -0.496338 -4.484375 0.849121 0.430357 1.517607 0.507516
    24 -0.000001 2.900391 1.067383 0.000000 0.000000 0.000000
    25 0.000000 -1.573242 2.900391 0.000000 0.000000 0.000000
    26 -0.021851 -0.544922 0.000001 0.000000 0.000000 0.000000
    27 0.589844 0.240234 0.590332 0.297069 -0.493084 -1.048320
    28 2.320313 0.013252 0.000003 0.000000 0.000000 -0.455531
    29 1.244141 -0.012520 -0.000002 0.000000 0.000000 -0.858702
    30 1.419922 -2.332031 -0.171265 -0.002072 -0.054730 -1.523603
    31 1.706055 0.018570 0.000000 0.000004 -0.376958 -0.010445
    32 1.164589 -0.005664 0.000000 -0.000983 -0.612611 0.016344
    33 0.510742 -2.585938 -0.171143 0.068179 -0.280440 -1.750247
    34 1.836914 0.009186 -0.000001 -3.141591 -1.523670 -3.131118
    35 1.439453 0.012917 -0.000002 0.000000 -1.099558 0.005236
    36 -0.359256 -2.261720 -0.168329 0.017968 -0.224442 -1.724665
    37 1.888672 -0.005322 0.000004 0.000002 -1.544617 0.036656
    38 1.374023 -0.013504 0.000000 0.000000 -1.130973 0.010472
    39 -1.195313 -1.695313 -0.171265 0.000000 -0.235619 -1.685988
    40 1.688477 -0.013481 0.000000 0.000000 -0.753982 0.005229
    41 1.072266 0.022141 0.000000 0.000000 -1.371829 -0.010472
    42 0.000000 -2.078125 1.572266 0.000000 0.000000 0.000000
    43 0.000000 -3.698120 1.586491 0.000000 0.000000 0.000000
    44 0.000001 -1.269191 2.084921 0.000000 0.000000 0.000000
    45 0.000001 -1.330078 2.132813 0.000000 0.000000 0.000000
    46 0.000000 -2.113281 1.572266 0.000000 0.000000 0.000000
    47 0.000001 -3.744141 1.535156 0.000000 0.000000 0.000000
    48 0.500002 9.999993 0.000002 -1.570796 0.000000 -1.570796
    49 0.500002 9.999993 0.000002 -1.570796 0.000000 -1.570796
    50 0.000000 0.000005 0.000001 -1.570796 0.000000 -1.570796
    51 0.000001 0.000003 -0.500010 -1.570796 0.000000 -1.570796
    52 -0.000001 0.000000 -0.000002 -1.570796 0.000000 0.000000
    53 0.000000 0.000000 0.000000 -1.570797 0.000000 0.000000
    54 0.000001 0.000000 0.000000 -1.570796 0.000000 0.000000
    55 0.000000 0.000000 0.000002 -1.570796 0.000000 0.000000
    56 -0.000003 0.000000 0.000001 -1.570796 0.000000 0.000000
    57 0.000000 0.000000 0.000000 -1.570796 0.000000 0.000000
    58 0.000000 0.000000 -0.000002 -1.570796 0.000000 0.000000
    59 0.000000 0.000000 0.000001 -1.570796 0.000000 0.000000
    60 -0.000003 0.000000 0.000000 -1.570796 0.000000 0.000000
    61 -0.000001 0.000000 0.000000 -1.570796 0.000000 0.000000
    62 0.000000 0.000000 0.000000 -1.570796 0.000001 0.000000
    63 0.000000 0.000000 0.000000 -1.570796 0.000001 0.000000
    64 0.000000 0.000000 0.000001 3.141593 0.000000 0.000000
    65 0.000000 0.000000 0.000000 3.141593 0.000000 0.000000
    66 0.000001 -0.000001 0.000002 3.141592 0.000000 0.000000
    67 0.000000 10.000002 -0.000005 -1.570796 0.000000 -1.570796
    68 0.000000 10.000002 -0.000005 -1.570796 0.000000 -1.570796
    69 0.000000 0.000005 -0.000003 -1.570796 0.000000 -1.570796
    70 -0.000002 0.000006 -0.500010 -1.570796 0.000000 -1.570796
    71 -0.000004 0.000000 -0.000002 -1.570796 0.000000 0.000000
    72 0.000000 0.000000 0.000000 -1.570796 0.000000 0.000000
    73 0.000000 0.000000 0.000000 -1.570796 0.000000 0.000000
    74 -0.000002 0.000000 0.000000 -1.570796 0.000000 0.000000
    75 0.000002 0.000000 0.000000 -1.570796 0.000000 0.000000
    76 0.000006 0.000000 0.000000 -1.570796 0.000000 0.000000
    77 0.000001 0.000000 0.000000 -1.570796 0.000000 0.000000
    78 0.000000 0.000000 0.000000 -1.570796 0.000000 0.000000
    79 0.000003 0.000000 0.000000 -1.570796 0.000000 0.000000
    80 0.000000 0.000000 0.000000 -1.570796 0.000000 0.000000
    81 0.000002 0.000000 -0.000001 -1.570796 0.000000 0.000000
    82 0.000000 0.000000 0.000000 -1.570796 0.000000 0.000000
    83 0.000000 0.000000 -0.000003 0.000000 0.000000 0.000000
    84 0.000000 0.000000 0.000000 0.000000 0.000000 0.000000
    85 0.000000 0.000001 -0.000001 0.000000 0.000000 0.000000
  time 26
    0 -11.259600 0.389084 -7.764721 -2.380276 1.281827 -1.994309
    1 0.026867 -11.331078 -0.000002 0.238955 -0.344244 0.246469
    2 0.000000 -0.570313 0.000000 0.000000 0.000000 0.000000
    3 -0.527344 0.291504 0.596680 -0.212797 -0.375551 -2.091539
    4 2.279297 -0.130615 -0.000002 0.000000 0.000000 0.523599
    5 1.069446 0.056463 0.000000 0.000000 0.000000 0.848230
    6 -1.361328 -2.283203 -0.153076 0.000000 0.000000 -1.638864
    7 1.734108 -0.000584 0.000001 -0.000336 -0.481695 0.008472
    8 1.203226 -0.010942 0.000001 0.000000 -0.670206 0.000000
    9 -0.435303 -2.492188 -0.153198 -0.078961 -0.260133 -1.437435
    10 1.931641 0.005783 -0.000001 -3.141592 -1.518438 -3.141593
    11 1.417969 0.010590 0.000003 0.000000 -1.110029 0.020944
    12 0.386963 -2.169922 -0.153198 -0.056428 -0.182688 -1.438565
    13 1.960938 0.062164 0.000000 -0.000001 -1.497494 -0.010473
    14 1.370117 0.004250 0.000000 0.000001 -1.214749 0.005236
    15 1.195313 -1.667969 -0.153198 0.000000 -0.267035 -1.445133
    16 1.681641 0.022751 0.000001 0.000000 -0.612611 -0.005236
    17 1.091797 -0.001311 -0.000001 0.000000 -1.392772 0.000000
    18 11.281326 0.307185 -7.403903 -2.205160 -1.325005 1.829148
    19 -0.295538 -11.160193 0.000002 0.209146 0.299578 -0.249756
    20 0.288330 -4.437500 0.926270 0.080103 -1.549641 -0.151666
    21 0.000001 2.791016 0.898926 0.000000 0.000000 0.000000
    22 0.000000 -1.945485 2.901283 0.000000 0.000000 0.000000
    23 -0.496338 -4.484375 0.849121 0.430357 1.517607 0.507516
    24 -0.000001 2.900391 1.067383 0.000000 0.000000 0.000000
    25 0.000000 -1.573242 2.900391 0.000000 0.000000 0.000000
    26 -0.021851 -0.544922 0.000001 0.000000 0.000000 0.000000
    27 0.589844 0.240234 0.590332 0.297069 -0.493084 -1.048320
    28 2.320313 0.013252 0.000003 0.000000 0.000000 -0.455531
    29 1.244141 -0.012520 -0.000002 0.000000 0.000000 -0.858702
    30 1.419922 -2.332031 -0.171265 -0.002072 -0.054730 -1.523603
    31 1.706055 0.018570 0.000000 0.000004 -0.376958 -0.010445
    32 1.164589 -0.005664 0.000000 -0.000983 -0.612611 0.016344
    33 0.510742 -2.585938 -0.171143 0.068179 -0.280440 -1.750247
    34 1.836914 0.009186 -0.000001 -3.141591 -1.523670 -3.131118
    35 1.439453 0.012917 -0.000002 0.000000 -1.099558 0.005236
    36 -0.359256 -2.261720 -0.168329 0.017968 -0.224442 -1.724665
    37 1.888672 -0.005322 0.000004 0.000002 -1.544617 0.036656
    38 1.374023 -0.013504 0.000000 0.000000 -1.130973 0.010472
    39 -1.195313 -1.695313 -0.171265 0.000000 -0.235619 -1.685988
    40 1.688477 -0.013481 0.000000 0.000000 -0.753982 0.005229
    41 1.072266 0.022141 0.000000 0.000000 -1.371829 -0.010472
    42 0.000000 -2.078125 1.572266 0.000000 0.000000 0.000000
    43 0.000000 -3.694214 1.586491 0.000000 0.000000 0.000000
    44 0.000001 -1.269191 2.084921 0.000000 0.000000 0.000000
    45 0.000001 -1.330078 2.132813 0.000000 0.000000 0.000000
    46 0.000000 -2.113281 1.572266 0.000000 0.000000 0.000000
    47 0.000001 -3.744141 1.535156 0.000000 0.000000 0.000000
    48 0.500002 9.999993 0.000002 -1.570796 0.000000 -1.570796
    49 0.500002 9.999993 0.000002 -1.570796 0.000000 -1.570796
    50 0.000000 0.000005 0.000001 -1.570796 0.000000 -1.570796
    51 0.000001 0.000003 -0.500010 -1.570796 0.000000 -1.570796
    52 -0.000001 0.000000 -0.000002 -1.570796 0.000000 0.000000
    53 0.000000 0.000000 0.000000 -1.570797 0.000000 0.000000
    54 0.000001 0.000000 0.000000 -1.570796 0.000000 0.000000
    55 0.000000 0.000000 0.000002 -1.570796 0.000000 0.000000
    56 -0.000003 0.000000 0.000001 -1.570796 0.000000 0.000000
    57 0.000000 0.000000 0.000000 -1.570796 0.000000 0.000000
    58 0.000000 0.000000 -0.000002 -1.570796 0.000000 0.000000
    59 0.000000 0.000000 0.000001 -1.570796 0.000000 0.000000
    60 -0.000003 0.000000 0.000000 -1.570796 0.000000 0.000000
    61 -0.000001 0.000000 0.000000 -1.570796 0.000000 0.000000
    62 0.000000 0.000000 0.000000 -1.570796 0.000001 0.000000
    63 0.000000 0.000000 0.000000 -1.570796 0.000001 0.000000
    64 0.000000 0.000000 0.000001 3.141593 0.000000 0.000000
    65 0.000000 0.000000 0.000000 3.141593 0.000000 0.000000
    66 0.000001 -0.000001 0.000002 3.141592 0.000000 0.000000
    67 0.000000 10.000002 -0.000005 -1.570796 0.000000 -1.570796
    68 0.000000 10.000002 -0.000005 -1.570796 0.000000 -1.570796
    69 0.000000 0.000005 -0.000003 -1.570796 0.000000 -1.570796
    70 -0.000002 0.000006 -0.500010 -1.570796 0.000000 -1.570796
    71 -0.000004 0.000000 -0.000002 -1.570796 0.000000 0.000000
    72 0.000000 0.000000 0.000000 -1.570796 0.000000 0.000000
    73 0.000000 0.000000 0.000000 -1.570796 0.000000 0.000000
    74 -0.000002 0.000000 0.000000 -1.570796 0.000000 0.000000
    75 0.000002 0.000000 0.000000 -1.570796 0.000000 0.000000
    76 0.000006 0.000000 0.000000 -1.570796 0.000000 0.000000
    77 0.000001 0.000000 0.000000 -1.570796 0.000000 0.000000
    78 0.000000 0.000000 0.000000 -1.570796 0.000000 0.000000
    79 0.000003 0.000000 0.000000 -1.570796 0.000000 0.000000
    80 0.000000 0.000000 0.000000 -1.570796 0.000000 0.000000
    81 0.000002 0.000000 -0.000001 -1.570796 0.000000 0.000000
    82 0.000000 0.000000 0.000000 -1.570796 0.000000 0.000000
    83 0.000000 0.000000 -0.000003 0.000000 0.000000 0.000000
    84 0.000000 0.000000 0.000000 0.000000 0.000000 0.000000
    85 0.000000 0.000001 -0.000001 0.000000 0.000000 0.000000
  time 27
    0 -11.263506 0.392991 -7.760815 -2.378997 1.284066 -1.992872
    1 0.026867 -11.331078 -0.000002 0.238955 -0.344244 0.246469
    2 0.000000 -0.570313 0.000000 0.000000 0.000000 0.000000
    3 -0.527344 0.291504 0.596680 -0.212797 -0.375551 -2.091539
    4 2.279297 -0.130615 -0.000002 0.000000 0.000000 0.523599
    5 1.069446 0.056463 0.000000 0.000000 0.000000 0.848230
    6 -1.361328 -2.283203 -0.153076 0.000000 0.000000 -1.638864
    7 1.730202 -0.000584 0.000001 -0.000336 -0.481695 0.008472
    8 1.195413 -0.010942 0.000001 0.000000 -0.670206 0.000000
    9 -0.435303 -2.492188 -0.153198 -0.078961 -0.260133 -1.437435
    10 1.931641 0.005783 -0.000001 -3.141592 -1.518438 -3.141593
    11 1.417969 0.010590 0.000003 0.000000 -1.110029 0.020944
    12 0.386963 -2.169922 -0.153198 -0.056428 -0.182688 -1.438565
    13 1.960938 0.062164 0.000000 -0.000001 -1.497494 -0.010473
    14 1.370117 0.004250 0.000000 0.000001 -1.214749 0.005236
    15 1.195313 -1.667969 -0.153198 0.000000 -0.267035 -1.445133
    16 1.681641 0.022751 0.000001 0.000000 -0.612611 -0.005236
    17 1.091797 -0.001311 -0.000001 0.000000 -1.392772 0.000000
    18 11.281326 0.307185 -7.403903 -2.205160 -1.325005 1.829148
    19 -0.295538 -11.160193 0.000002 0.209146 0.299578 -0.249756
    20 0.288330 -4.437500 0.926270 0.080103 -1.549641 -0.151666
    21 0.000001 2.791016 0.898926 0.000000 0.000000 0.000000
    22 0.000000 -1.945485 2.901283 0.000000 0.000000 0.000000
    23 -0.496338 -4.484375 0.849121 0.430357 1.517607 0.507516
    24 -0.000001 2.900391 1.067383 0.000000 0.000000 0.000000
    25 0.000000 -1.573242 2.900391 0.000000 0.000000 0.000000
    26 -0.021851 -0.544922 0.000001 0.000000 0.000000 0.000000
    27 0.589844 0.240234 0.590332 0.297069 -0.493084 -1.048320
    28 2.320313 0.013252 0.000003 0.000000 0.000000 -0.455531
    29 1.244141 -0.012520 -0.000002 0.000000 0.000000 -0.858702
    30 1.419922 -2.332031 -0.171265 -0.002072 -0.054730 -1.523603
    31 1.706055 0.018570 0.000000 0.000004 -0.376958 -0.010445
    32 1.164589 -0.005664 0.000000 -0.000983 -0.612611 0.016344
    33 0.510742 -2.585938 -0.171143 0.068179 -0.280440 -1.750247
    34 1.836914 0.009186 -0.000001 -3.141591 -1.523670 -3.131118
    35 1.439453 0.012917 -0.000002 0.000000 -1.099558 0.005236
    36 -0.359256 -2.261720 -0.168329 0.017968 -0.224442 -1.724665
    37 1.888672 -0.005322 0.000004 0.000002 -1.544617 0.036656
    38 1.374023 -0.013504 0.000000 0.000000 -1.130973 0.010472
    39 -1.195313 -1.695313 -0.171265 0.000000 -0.235619 -1.685988
    40 1.688477 -0.013481 0.000000 0.000000 -0.753982 0.005229
    41 1.072266 0.022141 0.000000 0.000000 -1.371829 -0.010472
    42 0.000000 -2.078125 1.572266 0.000000 0.000000 0.000000
    43 0.000000 -3.702027 1.586491 0.000000 0.000000 0.000000
    44 0.000001 -1.269191 2.088827 0.000000 0.000000 0.000000
    45 0.000001 -1.330078 2.132813 0.000000 0.000000 0.000000
    46 0.000000 -2.113281 1.572266 0.000000 0.000000 0.000000
    47 0.000001 -3.744141 1.535156 0.000000 0.000000 0.000000
    48 0.500002 9.999993 0.000002 -1.570796 0.000000 -1.570796
    49 0.500002 9.999993 0.000002 -1.570796 0.000000 -1.570796
    50 0.000000 0.000005 0.000001 -1.570796 0.000000 -1.570796
    51 0.000001 0.000003 -0.500010 -1.570796 0.000000 -1.570796
    52 -0.000001 0.000000 -0.000002 -1.570796 0.000000 0.000000
    53 0.000000 0.000000 0.000000 -1.570797 0.000000 0.000000
    54 0.000001 0.000000 0.000000 -1.570796 0.000000 0.000000
    55 0.000000 0.000000 0.000002 -1.570796 0.000000 0.000000
    56 -0.000003 0.000000 0.000001 -1.570796 0.000000 0.000000
    57 0.000000 0.000000 0.000000 -1.570796 0.000000 0.000000
    58 0.000000 0.000000 -0.000002 -1.570796 0.000000 0.000000
    59 0.000000 0.000000 0.000001 -1.570796 0.000000 0.000000
    60 -0.000003 0.000000 0.000000 -1.570796 0.000000 0.000000
    61 -0.000001 0.000000 0.000000 -1.570796 0.000000 0.000000
    62 0.000000 0.000000 0.000000 -1.570796 0.000001 0.000000
    63 0.000000 0.000000 0.000000 -1.570796 0.000001 0.000000
    64 0.000000 0.000000 0.000001 3.141593 0.000000 0.000000
    65 0.000000 0.000000 0.000000 3.141593 0.000000 0.000000
    66 0.000001 -0.000001 0.000002 3.141592 0.000000 0.000000
    67 0.000000 10.000002 -0.000005 -1.570796 0.000000 -1.570796
    68 0.000000 10.000002 -0.000005 -1.570796 0.000000 -1.570796
    69 0.000000 0.000005 -0.000003 -1.570796 0.000000 -1.570796
    70 -0.000002 0.000006 -0.500010 -1.570796 0.000000 -1.570796
    71 -0.000004 0.000000 -0.000002 -1.570796 0.000000 0.000000
    72 0.000000 0.000000 0.000000 -1.570796 0.000000 0.000000
    73 0.000000 0.000000 0.000000 -1.570796 0.000000 0.000000
    74 -0.000002 0.000000 0.000000 -1.570796 0.000000 0.000000
    75 0.000002 0.000000 0.000000 -1.570796 0.000000 0.000000
    76 0.000006 0.000000 0.000000 -1.570796 0.000000 0.000000
    77 0.000001 0.000000 0.000000 -1.570796 0.000000 0.000000
    78 0.000000 0.000000 0.000000 -1.570796 0.000000 0.000000
    79 0.000003 0.000000 0.000000 -1.570796 0.000000 0.000000
    80 0.000000 0.000000 0.000000 -1.570796 0.000000 0.000000
    81 0.000002 0.000000 -0.000001 -1.570796 0.000000 0.000000
    82 0.000000 0.000000 0.000000 -1.570796 0.000000 0.000000
    83 0.000000 0.000000 -0.000003 0.000000 0.000000 0.000000
    84 0.000000 0.000000 0.000000 0.000000 0.000000 0.000000
    85 0.000000 0.000001 -0.000001 0.000000 0.000000 0.000000
  time 28
    0 -11.263506 0.404710 -7.756908 -2.378757 1.286261 -1.992393
    1 0.026867 -11.334984 -0.000002 0.238955 -0.344244 0.246469
    2 0.000000 -0.570313 0.000000 0.000000 0.000000 0.000000
    3 -0.527344 0.291504 0.596680 -0.212797 -0.375551 -2.091539
    4 2.279297 -0.130615 -0.000002 0.000000 0.000000 0.523599
    5 1.069446 0.056463 0.000000 0.000000 0.000000 0.848230
    6 -1.361328 -2.283203 -0.153076 0.000000 0.000000 -1.638864
    7 1.730202 -0.000584 0.000001 -0.000336 -0.481695 0.008472
    8 1.199319 -0.010942 0.000001 0.000000 -0.670206 0.000000
    9 -0.435303 -2.492188 -0.153198 -0.078961 -0.260133 -1.437435
    10 1.931641 0.005783 -0.000001 -3.141592 -1.518438 -3.141593
    11 1.417969 0.010590 0.000003 0.000000 -1.110029 0.020944
    12 0.386963 -2.169922 -0.153198 -0.056428 -0.182688 -1.438565
    13 1.960938 0.062164 0.000000 -0.000001 -1.497494 -0.010473
    14 1.370117 0.004250 0.000000 0.000001 -1.214749 0.005236
    15 1.195313 -1.667969 -0.153198 0.000000 -0.267035 -1.445133
    16 1.681641 0.022751 0.000001 0.000000 -0.612611 -0.005236
    17 1.091797 -0.001311 -0.000001 0.000000 -1.392772 0.000000
    18 11.281326 0.307185 -7.403903 -2.205160 -1.325005 1.829148
    19 -0.295538 -11.160193 0.000002 0.209146 0.299578 -0.249756
    20 0.288330 -4.437500 0.926270 0.080103 -1.549641 -0.151666
    21 0.000001 2.791016 0.898926 0.000000 0.000000 0.000000
    22 0.000000 -1.945485 2.901283 0.000000 0.000000 0.000000
    23 -0.496338 -4.484375 0.849121 0.430357 1.517607 0.507516
    24 -0.000001 2.900391 1.067383 0.000000 0.000000 0.000000
    25 0.000000 -1.573242 2.900391 0.000000 0.000000 0.000000
    26 -0.021851 -0.544922 0.000001 0.000000 0.000000 0.000000
    27 0.589844 0.240234 0.590332 0.297069 -0.493084 -1.048320
    28 2.320313 0.013252 0.000003 0.000000 0.000000 -0.455531
    29 1.244141 -0.012520 -0.000002 0.000000 0.000000 -0.858702
    30 1.419922 -2.332031 -0.171265 -0.002072 -0.054730 -1.523603
    31 1.706055 0.018570 0.000000 0.000004 -0.376958 -0.010445
    32 1.164589 -0.005664 0.000000 -0.000983 -0.612611 0.016344
    33 0.510742 -2.585938 -0.171143 0.068179 -0.280440 -1.750247
    34 1.836914 0.009186 -0.000001 -3.141591 -1.523670 -3.131118
    35 1.439453 0.012917 -0.000002 0.000000 -1.099558 0.005236
    36 -0.359256 -2.261720 -0.168329 0.017968 -0.224442 -1.724665
    37 1.888672 -0.005322 0.000004 0.000002 -1.544617 0.036656
    38 1.374023 -0.013504 0.000000 0.000000 -1.130973 0.010472
    39 -1.195313 -1.695313 -0.171265 0.000000 -0.235619 -1.685988
    40 1.688477 -0.013481 0.000000 0.000000 -0.753982 0.005229
    41 1.072266 0.022141 0.000000 0.000000 -1.371829 -0.010472
    42 0.000000 -2.078125 1.572266 0.000000 0.000000 0.000000
    43 0.000000 -3.705933 1.586491 0.000000 0.000000 0.000000
    44 0.000001 -1.269191 2.084921 0.000000 0.000000 0.000000
    45 0.000001 -1.330078 2.132813 0.000000 0.000000 0.000000
    46 0.000000 -2.113281 1.572266 0.000000 0.000000 0.000000
    47 0.000001 -3.744141 1.535156 0.000000 0.000000 0.000000
    48 0.500002 9.999993 0.000002 -1.570796 0.000000 -1.570796
    49 0.500002 9.999993 0.000002 -1.570796 0.000000 -1.570796
    50 0.000000 0.000005 0.000001 -1.570796 0.000000 -1.570796
    51 0.000001 0.000003 -0.500010 -1.570796 0.000000 -1.570796
    52 -0.000001 0.000000 -0.000002 -1.570796 0.000000 0.000000
    53 0.000000 0.000000 0.000000 -1.570797 0.000000 0.000000
    54 0.000001 0.000000 0.000000 -1.570796 0.000000 0.000000
    55 0.000000 0.000000 0.000002 -1.570796 0.000000 0.000000
    56 -0.000003 0.000000 0.000001 -1.570796 0.000000 0.000000
    57 0.000000 0.000000 0.000000 -1.570796 0.000000 0.000000
    58 0.000000 0.000000 -0.000002 -1.570796 0.000000 0.000000
    59 0.000000 0.000000 0.000001 -1.570796 0.000000 0.000000
    60 -0.000003 0.000000 0.000000 -1.570796 0.000000 0.000000
    61 -0.000001 0.000000 0.000000 -1.570796 0.000000 0.000000
    62 0.000000 0.000000 0.000000 -1.570796 0.000001 0.000000
    63 0.000000 0.000000 0.000000 -1.570796 0.000001 0.000000
    64 0.000000 0.000000 0.000001 3.141593 0.000000 0.000000
    65 0.000000 0.000000 0.000000 3.141593 0.000000 0.000000
    66 0.000001 -0.000001 0.000002 3.141592 0.000000 0.000000
    67 0.000000 10.000002 -0.000005 -1.570796 0.000000 -1.570796
    68 0.000000 10.000002 -0.000005 -1.570796 0.000000 -1.570796
    69 0.000000 0.000005 -0.000003 -1.570796 0.000000 -1.570796
    70 -0.000002 0.000006 -0.500010 -1.570796 0.000000 -1.570796
    71 -0.000004 0.000000 -0.000002 -1.570796 0.000000 0.000000
    72 0.000000 0.000000 0.000000 -1.570796 0.000000 0.000000
    73 0.000000 0.000000 0.000000 -1.570796 0.000000 0.000000
    74 -0.000002 0.000000 0.000000 -1.570796 0.000000 0.000000
    75 0.000002 0.000000 0.000000 -1.570796 0.000000 0.000000
    76 0.000006 0.000000 0.000000 -1.570796 0.000000 0.000000
    77 0.000001 0.000000 0.000000 -1.570796 0.000000 0.000000
    78 0.000000 0.000000 0.000000 -1.570796 0.000000 0.000000
    79 0.000003 0.000000 0.000000 -1.570796 0.000000 0.000000
    80 0.000000 0.000000 0.000000 -1.570796 0.000000 0.000000
    81 0.000002 0.000000 -0.000001 -1.570796 0.000000 0.000000
    82 0.000000 0.000000 0.000000 -1.570796 0.000000 0.000000
    83 0.000000 0.000000 -0.000003 0.000000 0.000000 0.000000
    84 0.000000 0.000000 0.000000 0.000000 0.000000 0.000000
    85 0.000000 0.000001 -0.000001 0.000000 0.000000 0.000000
  time 29
    0 -11.263506 0.420335 -7.745189 -2.378757 1.286261 -1.992393
    1 0.026867 -11.334984 -0.000002 0.238955 -0.344244 0.246469
    2 0.000000 -0.570313 0.000000 0.000000 0.000000 0.000000
    3 -0.527344 0.291504 0.596680 -0.212797 -0.375551 -2.091539
    4 2.279297 -0.130615 -0.000002 0.000000 0.000000 0.523599
    5 1.069446 0.056463 0.000000 0.000000 0.000000 0.848230
    6 -1.361328 -2.283203 -0.153076 0.000000 0.000000 -1.638864
    7 1.726295 -0.000584 0.000001 -0.000336 -0.481695 0.008472
    8 1.203226 -0.010942 0.000001 0.000000 -0.670206 0.000000
    9 -0.435303 -2.492188 -0.153198 -0.078961 -0.260133 -1.437435
    10 1.931641 0.005783 -0.000001 -3.141592 -1.518438 -3.141593
    11 1.417969 0.010590 0.000003 0.000000 -1.110029 0.020944
    12 0.386963 -2.169922 -0.153198 -0.056428 -0.182688 -1.438565
    13 1.960938 0.062164 0.000000 -0.000001 -1.497494 -0.010473
    14 1.370117 0.004250 0.000000 0.000001 -1.214749 0.005236
    15 1.195313 -1.667969 -0.153198 0.000000 -0.267035 -1.445133
    16 1.681641 0.022751 0.000001 0.000000 -0.612611 -0.005236
    17 1.091797 -0.001311 -0.000001 0.000000 -1.392772 0.000000
    18 11.281326 0.307185 -7.403903 -2.205160 -1.325005 1.829148
    19 -0.295538 -11.160193 0.000002 0.209146 0.299578 -0.249756
    20 0.288330 -4.437500 0.926270 0.080103 -1.549641 -0.151666
    21 0.000001 2.791016 0.898926 0.000000 0.000000 0.000000
    22 0.000000 -1.945485 2.901283 0.000000 0.000000 0.000000
    23 -0.496338 -4.484375 0.849121 0.430357 1.517607 0.507516
    24 -0.000001 2.900391 1.067383 0.000000 0.000000 0.000000
    25 0.000000 -1.573242 2.900391 0.000000 0.000000 0.000000
    26 -0.021851 -0.544922 0.000001 0.000000 0.000000 0.000000
    27 0.589844 0.240234 0.590332 0.297069 -0.493084 -1.048320
    28 2.320313 0.013252 0.000003 0.000000 0.000000 -0.455531
    29 1.244141 -0.012520 -0.000002 0.000000 0.000000 -0.858702
    30 1.419922 -2.332031 -0.171265 -0.002072 -0.054730 -1.523603
    31 1.706055 0.018570 0.000000 0.000004 -0.376958 -0.010445
    32 1.164589 -0.005664 0.000000 -0.000983 -0.612611 0.016344
    33 0.510742 -2.585938 -0.171143 0.068179 -0.280440 -1.750247
    34 1.836914 0.009186 -0.000001 -3.141591 -1.523670 -3.131118
    35 1.439453 0.012917 -0.000002 0.000000 -1.099558 0.005236
    36 -0.359256 -2.261720 -0.168329 0.017968 -0.224442 -1.724665
    37 1.888672 -0.005322 0.000004 0.000002 -1.544617 0.036656
    38 1.374023 -0.013504 0.000000 0.000000 -1.130973 0.010472
    39 -1.195313 -1.695313 -0.171265 0.000000 -0.235619 -1.685988
    40 1.688477 -0.013481 0.000000 0.000000 -0.753982 0.005229
    41 1.072266 0.022141 0.000000 0.000000 -1.371829 -0.010472
    42 0.000000 -2.078125 1.572266 0.000000 0.000000 0.000000
    43 0.000000 -3.702027 1.586491 0.000000 0.000000 0.000000
    44 0.000001 -1.269191 2.084921 0.000000 0.000000 0.000000
    45 0.000001 -1.330078 2.132813 0.000000 0.000000 0.000000
    46 0.000000 -2.113281 1.572266 0.000000 0.000000 0.000000
    47 0.000001 -3.744141 1.535156 0.000000 0.000000 0.000000
    48 0.500002 9.999993 0.000002 -1.570796 0.000000 -1.570796
    49 0.500002 9.999993 0.000002 -1.570796 0.000000 -1.570796
    50 0.000000 0.000005 0.000001 -1.570796 0.000000 -1.570796
    51 0.000001 0.000003 -0.500010 -1.570796 0.000000 -1.570796
    52 -0.000001 0.000000 -0.000002 -1.570796 0.000000 0.000000
    53 0.000000 0.000000 0.000000 -1.570797 0.000000 0.000000
    54 0.000001 0.000000 0.000000 -1.570796 0.000000 0.000000
    55 0.000000 0.000000 0.000002 -1.570796 0.000000 0.000000
    56 -0.000003 0.000000 0.000001 -1.570796 0.000000 0.000000
    57 0.000000 0.000000 0.000000 -1.570796 0.000000 0.000000
    58 0.000000 0.000000 -0.000002 -1.570796 0.000000 0.000000
    59 0.000000 0.000000 0.000001 -1.570796 0.000000 0.000000
    60 -0.000003 0.000000 0.000000 -1.570796 0.000000 0.000000
    61 -0.000001 0.000000 0.000000 -1.570796 0.000000 0.000000
    62 0.000000 0.000000 0.000000 -1.570796 0.000001 0.000000
    63 0.000000 0.000000 0.000000 -1.570796 0.000001 0.000000
    64 0.000000 0.000000 0.000001 3.141593 0.000000 0.000000
    65 0.000000 0.000000 0.000000 3.141593 0.000000 0.000000
    66 0.000001 -0.000001 0.000002 3.141592 0.000000 0.000000
    67 0.000000 10.000002 -0.000005 -1.570796 0.000000 -1.570796
    68 0.000000 10.000002 -0.000005 -1.570796 0.000000 -1.570796
    69 0.000000 0.000005 -0.000003 -1.570796 0.000000 -1.570796
    70 -0.000002 0.000006 -0.500010 -1.570796 0.000000 -1.570796
    71 -0.000004 0.000000 -0.000002 -1.570796 0.000000 0.000000
    72 0.000000 0.000000 0.000000 -1.570796 0.000000 0.000000
    73 0.000000 0.000000 0.000000 -1.570796 0.000000 0.000000
    74 -0.000002 0.000000 0.000000 -1.570796 0.000000 0.000000
    75 0.000002 0.000000 0.000000 -1.570796 0.000000 0.000000
    76 0.000006 0.000000 0.000000 -1.570796 0.000000 0.000000
    77 0.000001 0.000000 0.000000 -1.570796 0.000000 0.000000
    78 0.000000 0.000000 0.000000 -1.570796 0.000000 0.000000
    79 0.000003 0.000000 0.000000 -1.570796 0.000000 0.000000
    80 0.000000 0.000000 0.000000 -1.570796 0.000000 0.000000
    81 0.000002 0.000000 -0.000001 -1.570796 0.000000 0.000000
    82 0.000000 0.000000 0.000000 -1.570796 0.000000 0.000000
    83 0.000000 0.000000 -0.000003 0.000000 0.000000 0.000000
    84 0.000000 0.000000 0.000000 0.000000 0.000000 0.000000
    85 0.000000 0.000001 -0.000001 0.000000 0.000000 0.000000
  time 30
    0 -11.271319 0.428148 -7.741283 -2.378757 1.286261 -1.992393
    1 0.026867 -11.334984 -0.000002 0.238955 -0.344244 0.246469
    2 0.000000 -0.570313 0.000000 0.000000 0.000000 0.000000
    3 -0.527344 0.291504 0.596680 -0.212797 -0.375551 -2.091539
    4 2.279297 -0.130615 -0.000002 0.000000 0.000000 0.523599
    5 1.069446 0.056463 0.000000 0.000000 0.000000 0.848230
    6 -1.361328 -2.283203 -0.153076 0.000000 0.000000 -1.638864
    7 1.734108 -0.000584 0.000001 -0.000336 -0.481695 0.008472
    8 1.203226 -0.010942 0.000001 0.000000 -0.670206 0.000000
    9 -0.435303 -2.492188 -0.153198 -0.078961 -0.260133 -1.437435
    10 1.931641 0.005783 -0.000001 -3.141592 -1.518438 -3.141593
    11 1.417969 0.010590 0.000003 0.000000 -1.110029 0.020944
    12 0.386963 -2.169922 -0.153198 -0.056428 -0.182688 -1.438565
    13 1.960938 0.062164 0.000000 -0.000001 -1.497494 -0.010473
    14 1.370117 0.004250 0.000000 0.000001 -1.214749 0.005236
    15 1.195313 -1.667969 -0.153198 0.000000 -0.267035 -1.445133
    16 1.681641 0.022751 0.000001 0.000000 -0.612611 -0.005236
    17 1.091797 -0.001311 -0.000001 0.000000 -1.392772 0.000000
    18 11.281326 0.307185 -7.403903 -2.205160 -1.325005 1.829148
    19 -0.295538 -11.160193 0.000002 0.209146 0.299578 -0.249756
    20 0.288330 -4.437500 0.926270 0.080103 -1.549641 -0.151666
    21 0.000001 2.791016 0.898926 0.000000 0.000000 0.000000
    22 0.000000 -1.945485 2.901283 0.000000 0.000000 0.000000
    23 -0.496338 -4.484375 0.849121 0.430357 1.517607 0.507516
    24 -0.000001 2.900391 1.067383 0.000000 0.000000 0.000000
    25 0.000000 -1.573242 2.900391 0.000000 0.000000 0.000000
    26 -0.021851 -0.544922 0.000001 0.000000 0.000000 0.000000
    27 0.589844 0.240234 0.590332 0.297069 -0.493084 -1.048320
    28 2.320313 0.013252 0.000003 0.000000 0.000000 -0.455531
    29 1.244141 -0.012520 -0.000002 0.000000 0.000000 -0.858702
    30 1.419922 -2.332031 -0.171265 -0.002072 -0.054730 -1.523603
    31 1.706055 0.018570 0.000000 0.000004 -0.376958 -0.010445
    32 1.164589 -0.005664 0.000000 -0.000983 -0.612611 0.016344
    33 0.510742 -2.585938 -0.171143 0.068179 -0.280440 -1.750247
    34 1.836914 0.009186 -0.000001 -3.141591 -1.523670 -3.131118
    35 1.439453 0.012917 -0.000002 0.000000 -1.099558 0.005236
    36 -0.359256 -2.261720 -0.168329 0.017968 -0.224442 -1.724665
    37 1.888672 -0.005322 0.000004 0.000002 -1.544617 0.036656
    38 1.374023 -0.013504 0.000000 0.000000 -1.130973 0.010472
    39 -1.195313 -1.695313 -0.171265 0.000000 -0.235619 -1.685988
    40 1.688477 -0.013481 0.000000 0.000000 -0.753982 0.005229
    41 1.072266 0.022141 0.000000 0.000000 -1.371829 -0.010472
    42 0.000000 -2.078125 1.572266 0.000000 0.000000 0.000000
    43 0.000000 -3.702027 1.586491 0.000000 0.000000 0.000000
    44 0.000001 -1.269191 2.084921 0.000000 0.000000 0.000000
    45 0.000001 -1.330078 2.132813 0.000000 0.000000 0.000000
    46 0.000000 -2.113281 1.572266 0.000000 0.000000 0.000000
    47 0.000001 -3.744141 1.535156 0.000000 0.000000 0.000000
    48 0.500002 9.999993 0.000002 -1.570796 0.000000 -1.570796
    49 0.500002 9.999993 0.000002 -1.570796 0.000000 -1.570796
    50 0.000000 0.000005 0.000001 -1.570796 0.000000 -1.570796
    51 0.000001 0.000003 -0.500010 -1.570796 0.000000 -1.570796
    52 -0.000001 0.000000 -0.000002 -1.570796 0.000000 0.000000
    53 0.000000 0.000000 0.000000 -1.570797 0.000000 0.000000
    54 0.000001 0.000000 0.000000 -1.570796 0.000000 0.000000
    55 0.000000 0.000000 0.000002 -1.570796 0.000000 0.000000
    56 -0.000003 0.000000 0.000001 -1.570796 0.000000 0.000000
    57 0.000000 0.000000 0.000000 -1.570796 0.000000 0.000000
    58 0.000000 0.000000 -0.000002 -1.570796 0.000000 0.000000
    59 0.000000 0.000000 0.000001 -1.570796 0.000000 0.000000
    60 -0.000003 0.000000 0.000000 -1.570796 0.000000 0.000000
    61 -0.000001 0.000000 0.000000 -1.570796 0.000000 0.000000
    62 0.000000 0.000000 0.000000 -1.570796 0.000001 0.000000
    63 0.000000 0.000000 0.000000 -1.570796 0.000001 0.000000
    64 0.000000 0.000000 0.000001 3.141593 0.000000 0.000000
    65 0.000000 0.000000 0.000000 3.141593 0.000000 0.000000
    66 0.000001 -0.000001 0.000002 3.141592 0.000000 0.000000
    67 0.000000 10.000002 -0.000005 -1.570796 0.000000 -1.570796
    68 0.000000 10.000002 -0.000005 -1.570796 0.000000 -1.570796
    69 0.000000 0.000005 -0.000003 -1.570796 0.000000 -1.570796
    70 -0.000002 0.000006 -0.500010 -1.570796 0.000000 -1.570796
    71 -0.000004 0.000000 -0.000002 -1.570796 0.000000 0.000000
    72 0.000000 0.000000 0.000000 -1.570796 0.000000 0.000000
    73 0.000000 0.000000 0.000000 -1.570796 0.000000 0.000000
    74 -0.000002 0.000000 0.000000 -1.570796 0.000000 0.000000
    75 0.000002 0.000000 0.000000 -1.570796 0.000000 0.000000
    76 0.000006 0.000000 0.000000 -1.570796 0.000000 0.000000
    77 0.000001 0.000000 0.000000 -1.570796 0.000000 0.000000
    78 0.000000 0.000000 0.000000 -1.570796 0.000000 0.000000
    79 0.000003 0.000000 0.000000 -1.570796 0.000000 0.000000
    80 0.000000 0.000000 0.000000 -1.570796 0.000000 0.000000
    81 0.000002 0.000000 -0.000001 -1.570796 0.000000 0.000000
    82 0.000000 0.000000 0.000000 -1.570796 0.000000 0.000000
    83 0.000000 0.000000 -0.000003 0.000000 0.000000 0.000000
    84 0.000000 0.000000 0.000000 0.000000 0.000000 0.000000
    85 0.000000 0.000001 -0.000001 0.000000 0.000000 0.000000
  time 31
    0 -11.271319 0.447680 -7.725657 -2.378757 1.286261 -1.992393
    1 0.026867 -11.334984 -0.000002 0.238955 -0.344244 0.246469
    2 0.000000 -0.570313 0.000000 0.000000 0.000000 0.000000
    3 -0.527344 0.291504 0.596680 -0.212797 -0.375551 -2.091539
    4 2.279297 -0.130615 -0.000002 0.000000 0.000000 0.523599
    5 1.069446 0.056463 0.000000 0.000000 0.000000 0.848230
    6 -1.361328 -2.283203 -0.153076 0.000000 0.000000 -1.638864
    7 1.730202 -0.000584 0.000001 -0.000336 -0.481695 0.008472
    8 1.203226 -0.010942 0.000001 0.000000 -0.670206 0.000000
    9 -0.435303 -2.492188 -0.153198 -0.078961 -0.260133 -1.437435
    10 1.931641 0.005783 -0.000001 -3.141592 -1.518438 -3.141593
    11 1.417969 0.010590 0.000003 0.000000 -1.110029 0.020944
    12 0.386963 -2.169922 -0.153198 -0.056428 -0.182688 -1.438565
    13 1.960938 0.062164 0.000000 -0.000001 -1.497494 -0.010473
    14 1.370117 0.004250 0.000000 0.000001 -1.214749 0.005236
    15 1.195313 -1.667969 -0.153198 0.000000 -0.267035 -1.445133
    16 1.681641 0.022751 0.000001 0.000000 -0.612611 -0.005236
    17 1.091797 -0.001311 -0.000001 0.000000 -1.392772 0.000000
    18 11.281326 0.307185 -7.403903 -2.205160 -1.325005 1.829148
    19 -0.295538 -11.160193 0.000002 0.209146 0.299578 -0.249756
    20 0.288330 -4.437500 0.926270 0.080103 -1.549641 -0.151666
    21 0.000001 2.791016 0.898926 0.000000 0.000000 0.000000
    22 0.000000 -1.945485 2.901283 0.000000 0.000000 0.000000
    23 -0.496338 -4.484375 0.849121 0.430357 1.517607 0.507516
    24 -0.000001 2.900391 1.067383 0.000000 0.000000 0.000000
    25 0.000000 -1.573242 2.900391 0.000000 0.000000 0.000000
    26 -0.021851 -0.544922 0.000001 0.000000 0.000000 0.000000
    27 0.589844 0.240234 0.590332 0.297069 -0.493084 -1.048320
    28 2.320313 0.013252 0.000003 0.000000 0.000000 -0.455531
    29 1.244141 -0.012520 -0.000002 0.000000 0.000000 -0.858702
    30 1.419922 -2.332031 -0.171265 -0.002072 -0.054730 -1.523603
    31 1.706055 0.018570 0.000000 0.000004 -0.376958 -0.010445
    32 1.164589 -0.005664 0.000000 -0.000983 -0.612611 0.016344
    33 0.510742 -2.585938 -0.171143 0.068179 -0.280440 -1.750247
    34 1.836914 0.009186 -0.000001 -3.141591 -1.523670 -3.131118
    35 1.439453 0.012917 -0.000002 0.000000 -1.099558 0.005236
    36 -0.359256 -2.261720 -0.168329 0.017968 -0.224442 -1.724665
    37 1.888672 -0.005322 0.000004 0.000002 -1.544617 0.036656
    38 1.374023 -0.013504 0.000000 0.000000 -1.130973 0.010472
    39 -1.195313 -1.695313 -0.171265 0.000000 -0.235619 -1.685988
    40 1.688477 -0.013481 0.000000 0.000000 -0.753982 0.005229
    41 1.072266 0.022141 0.000000 0.000000 -1.371829 -0.010472
    42 0.000000 -2.078125 1.572266 0.000000 0.000000 0.000000
    43 0.000000 -3.705933 1.590397 0.000000 0.000000 0.000000
    44 0.000001 -1.269191 2.084921 0.000000 0.000000 0.000000
    45 0.000001 -1.330078 2.132813 0.000000 0.000000 0.000000
    46 0.000000 -2.113281 1.572266 0.000000 0.000000 0.000000
    47 0.000001 -3.744141 1.535156 0.000000 0.000000 0.000000
    48 0.500002 9.999993 0.000002 -1.570796 0.000000 -1.570796
    49 0.500002 9.999993 0.000002 -1.570796 0.000000 -1.570796
    50 0.000000 0.000005 0.000001 -1.570796 0.000000 -1.570796
    51 0.000001 0.000003 -0.500010 -1.570796 0.000000 -1.570796
    52 -0.000001 0.000000 -0.000002 -1.570796 0.000000 0.000000
    53 0.000000 0.000000 0.000000 -1.570797 0.000000 0.000000
    54 0.000001 0.000000 0.000000 -1.570796 0.000000 0.000000
    55 0.000000 0.000000 0.000002 -1.570796 0.000000 0.000000
    56 -0.000003 0.000000 0.000001 -1.570796 0.000000 0.000000
    57 0.000000 0.000000 0.000000 -1.570796 0.000000 0.000000
    58 0.000000 0.000000 -0.000002 -1.570796 0.000000 0.000000
    59 0.000000 0.000000 0.000001 -1.570796 0.000000 0.000000
    60 -0.000003 0.000000 0.000000 -1.570796 0.000000 0.000000
    61 -0.000001 0.000000 0.000000 -1.570796 0.000000 0.000000
    62 0.000000 0.000000 0.000000 -1.570796 0.000001 0.000000
    63 0.000000 0.000000 0.000000 -1.570796 0.000001 0.000000
    64 0.000000 0.000000 0.000001 3.141593 0.000000 0.000000
    65 0.000000 0.000000 0.000000 3.141593 0.000000 0.000000
    66 0.000001 -0.000001 0.000002 3.141592 0.000000 0.000000
    67 0.000000 10.000002 -0.000005 -1.570796 0.000000 -1.570796
    68 0.000000 10.000002 -0.000005 -1.570796 0.000000 -1.570796
    69 0.000000 0.000005 -0.000003 -1.570796 0.000000 -1.570796
    70 -0.000002 0.000006 -0.500010 -1.570796 0.000000 -1.570796
    71 -0.000004 0.000000 -0.000002 -1.570796 0.000000 0.000000
    72 0.000000 0.000000 0.000000 -1.570796 0.000000 0.000000
    73 0.000000 0.000000 0.000000 -1.570796 0.000000 0.000000
    74 -0.000002 0.000000 0.000000 -1.570796 0.000000 0.000000
    75 0.000002 0.000000 0.000000 -1.570796 0.000000 0.000000
    76 0.000006 0.000000 0.000000 -1.570796 0.000000 0.000000
    77 0.000001 0.000000 0.000000 -1.570796 0.000000 0.000000
    78 0.000000 0.000000 0.000000 -1.570796 0.000000 0.000000
    79 0.000003 0.000000 0.000000 -1.570796 0.000000 0.000000
    80 0.000000 0.000000 0.000000 -1.570796 0.000000 0.000000
    81 0.000002 0.000000 -0.000001 -1.570796 0.000000 0.000000
    82 0.000000 0.000000 0.000000 -1.570796 0.000000 0.000000
    83 0.000000 0.000000 -0.000003 0.000000 0.000000 0.000000
    84 0.000000 0.000000 0.000000 0.000000 0.000000 0.000000
    85 0.000000 0.000001 -0.000001 0.000000 0.000000 0.000000
  time 32
    0 -11.271319 0.447680 -7.725657 -2.378757 1.286261 -1.992393
    1 0.026867 -11.334984 -0.000002 0.238955 -0.344244 0.246469
    2 0.000000 -0.570313 0.000000 0.000000 0.000000 0.000000
    3 -0.527344 0.291504 0.596680 -0.212797 -0.375551 -2.091539
    4 2.279297 -0.130615 -0.000002 0.000000 0.000000 0.523599
    5 1.069446 0.056463 0.000000 0.000000 0.000000 0.848230
    6 -1.361328 -2.283203 -0.153076 0.000000 0.000000 -1.638864
    7 1.730202 -0.000584 0.000001 -0.000336 -0.481695 0.008472
    8 1.203226 -0.010942 0.000001 0.000000 -0.670206 0.000000
    9 -0.435303 -2.492188 -0.153198 -0.078961 -0.260133 -1.437435
    10 1.931641 0.005783 -0.000001 -3.141592 -1.518438 -3.141593
    11 1.417969 0.010590 0.000003 0.000000 -1.110029 0.020944
    12 0.386963 -2.169922 -0.153198 -0.056428 -0.182688 -1.438565
    13 1.960938 0.062164 0.000000 -0.000001 -1.497494 -0.010473
    14 1.370117 0.004250 0.000000 0.000001 -1.214749 0.005236
    15 1.195313 -1.667969 -0.153198 0.000000 -0.267035 -1.445133
    16 1.681641 0.022751 0.000001 0.000000 -0.612611 -0.005236
    17 1.091797 -0.001311 -0.000001 0.000000 -1.392772 0.000000
    18 11.281326 0.307185 -7.403903 -2.205160 -1.325005 1.829148
    19 -0.295538 -11.160193 0.000002 0.209146 0.299578 -0.249756
    20 0.288330 -4.437500 0.926270 0.080103 -1.549641 -0.151666
    21 0.000001 2.791016 0.898926 0.000000 0.000000 0.000000
    22 0.000000 -1.945485 2.901283 0.000000 0.000000 0.000000
    23 -0.496338 -4.484375 0.849121 0.430357 1.517607 0.507516
    24 -0.000001 2.900391 1.067383 0.000000 0.000000 0.000000
    25 0.000000 -1.573242 2.900391 0.000000 0.000000 0.000000
    26 -0.021851 -0.544922 0.000001 0.000000 0.000000 0.000000
    27 0.589844 0.240234 0.590332 0.297069 -0.493084 -1.048320
    28 2.320313 0.013252 0.000003 0.000000 0.000000 -0.455531
    29 1.244141 -0.012520 -0.000002 0.000000 0.000000 -0.858702
    30 1.419922 -2.332031 -0.171265 -0.002072 -0.054730 -1.523603
    31 1.706055 0.018570 0.000000 0.000004 -0.376958 -0.010445
    32 1.164589 -0.005664 0.000000 -0.000983 -0.612611 0.016344
    33 0.510742 -2.585938 -0.171143 0.068179 -0.280440 -1.750247
    34 1.836914 0.009186 -0.000001 -3.141591 -1.523670 -3.131118
    35 1.439453 0.012917 -0.000002 0.000000 -1.099558 0.005236
    36 -0.359256 -2.261720 -0.168329 0.017968 -0.224442 -1.724665
    37 1.888672 -0.005322 0.000004 0.000002 -1.544617 0.036656
    38 1.374023 -0.013504 0.000000 0.000000 -1.130973 0.010472
    39 -1.195313 -1.695313 -0.171265 0.000000 -0.235619 -1.685988
    40 1.688477 -0.013481 0.000000 0.000000 -0.753982 0.005229
    41 1.072266 0.022141 0.000000 0.000000 -1.371829 -0.010472
    42 0.000000 -2.078125 1.572266 0.000000 0.000000 0.000000
    43 0.000000 -3.705933 1.590397 0.000000 0.000000 0.000000
    44 0.000001 -1.269191 2.084921 0.000000 0.000000 0.000000
    45 0.000001 -1.330078 2.132813 0.000000 0.000000 0.000000
    46 0.000000 -2.113281 1.572266 0.000000 0.000000 0.000000
    47 0.000001 -3.744141 1.535156 0.000000 0.000000 0.000000
    48 0.500002 9.999993 0.000002 -1.570796 0.000000 -1.570796
    49 0.500002 9.999993 0.000002 -1.570796 0.000000 -1.570796
    50 0.000000 0.000005 0.000001 -1.570796 0.000000 -1.570796
    51 0.000001 0.000003 -0.500010 -1.570796 0.000000 -1.570796
    52 -0.000001 0.000000 -0.000002 -1.570796 0.000000 0.000000
    53 0.000000 0.000000 0.000000 -1.570797 0.000000 0.000000
    54 0.000001 0.000000 0.000000 -1.570796 0.000000 0.000000
    55 0.000000 0.000000 0.000002 -1.570796 0.000000 0.000000
    56 -0.000003 0.000000 0.000001 -1.570796 0.000000 0.000000
    57 0.000000 0.000000 0.000000 -1.570796 0.000000 0.000000
    58 0.000000 0.000000 -0.000002 -1.570796 0.000000 0.000000
    59 0.000000 0.000000 0.000001 -1.570796 0.000000 0.000000
    60 -0.000003 0.000000 0.000000 -1.570796 0.000000 0.000000
    61 -0.000001 0.000000 0.000000 -1.570796 0.000000 0.000000
    62 0.000000 0.000000 0.000000 -1.570796 0.000001 0.000000
    63 0.000000 0.000000 0.000000 -1.570796 0.000001 0.000000
    64 0.000000 0.000000 0.000001 3.141593 0.000000 0.000000
    65 0.000000 0.000000 0.000000 3.141593 0.000000 0.000000
    66 0.000001 -0.000001 0.000002 3.141592 0.000000 0.000000
    67 0.000000 10.000002 -0.000005 -1.570796 0.000000 -1.570796
    68 0.000000 10.000002 -0.000005 -1.570796 0.000000 -1.570796
    69 0.000000 0.000005 -0.000003 -1.570796 0.000000 -1.570796
    70 -0.000002 0.000006 -0.500010 -1.570796 0.000000 -1.570796
    71 -0.000004 0.000000 -0.000002 -1.570796 0.000000 0.000000
    72 0.000000 0.000000 0.000000 -1.570796 0.000000 0.000000
    73 0.000000 0.000000 0.000000 -1.570796 0.000000 0.000000
    74 -0.000002 0.000000 0.000000 -1.570796 0.000000 0.000000
    75 0.000002 0.000000 0.000000 -1.570796 0.000000 0.000000
    76 0.000006 0.000000 0.000000 -1.570796 0.000000 0.000000
    77 0.000001 0.000000 0.000000 -1.570796 0.000000 0.000000
    78 0.000000 0.000000 0.000000 -1.570796 0.000000 0.000000
    79 0.000003 0.000000 0.000000 -1.570796 0.000000 0.000000
    80 0.000000 0.000000 0.000000 -1.570796 0.000000 0.000000
    81 0.000002 0.000000 -0.000001 -1.570796 0.000000 0.000000
    82 0.000000 0.000000 0.000000 -1.570796 0.000000 0.000000
    83 0.000000 0.000000 -0.000003 0.000000 0.000000 0.000000
    84 0.000000 0.000000 0.000000 0.000000 0.000000 0.000000
    85 0.000000 0.000001 -0.000001 0.000000 0.000000 0.000000
  time 33
    0 -11.271319 0.447680 -7.725657 -2.378757 1.286261 -1.992393
    1 0.026867 -11.334984 -0.000002 0.238955 -0.344244 0.246469
    2 0.000000 -0.570313 0.000000 0.000000 0.000000 0.000000
    3 -0.527344 0.291504 0.596680 -0.212797 -0.375551 -2.091539
    4 2.279297 -0.130615 -0.000002 0.000000 0.000000 0.523599
    5 1.069446 0.056463 0.000000 0.000000 0.000000 0.848230
    6 -1.361328 -2.283203 -0.153076 0.000000 0.000000 -1.638864
    7 1.730202 -0.000584 0.000001 -0.000336 -0.481695 0.008472
    8 1.203226 -0.010942 0.000001 0.000000 -0.670206 0.000000
    9 -0.435303 -2.492188 -0.153198 -0.078961 -0.260133 -1.437435
    10 1.931641 0.005783 -0.000001 -3.141592 -1.518438 -3.141593
    11 1.417969 0.010590 0.000003 0.000000 -1.110029 0.020944
    12 0.386963 -2.169922 -0.153198 -0.056428 -0.182688 -1.438565
    13 1.960938 0.062164 0.000000 -0.000001 -1.497494 -0.010473
    14 1.370117 0.004250 0.000000 0.000001 -1.214749 0.005236
    15 1.195313 -1.667969 -0.153198 0.000000 -0.267035 -1.445133
    16 1.681641 0.022751 0.000001 0.000000 -0.612611 -0.005236
    17 1.091797 -0.001311 -0.000001 0.000000 -1.392772 0.000000
    18 11.281326 0.307185 -7.403903 -2.205160 -1.325005 1.829148
    19 -0.295538 -11.160193 0.000002 0.209146 0.299578 -0.249756
    20 0.288330 -4.437500 0.926270 0.080103 -1.549641 -0.151666
    21 0.000001 2.791016 0.898926 0.000000 0.000000 0.000000
    22 0.000000 -1.945485 2.901283 0.000000 0.000000 0.000000
    23 -0.496338 -4.484375 0.849121 0.430357 1.517607 0.507516
    24 -0.000001 2.900391 1.067383 0.000000 0.000000 0.000000
    25 0.000000 -1.573242 2.900391 0.000000 0.000000 0.000000
    26 -0.021851 -0.544922 0.000001 0.000000 0.000000 0.000000
    27 0.589844 0.240234 0.590332 0.297069 -0.493084 -1.048320
    28 2.320313 0.013252 0.000003 0.000000 0.000000 -0.455531
    29 1.244141 -0.012520 -0.000002 0.000000 0.000000 -0.858702
    30 1.419922 -2.332031 -0.171265 -0.002072 -0.054730 -1.523603
    31 1.706055 0.018570 0.000000 0.000004 -0.376958 -0.010445
    32 1.164589 -0.005664 0.000000 -0.000983 -0.612611 0.016344
    33 0.510742 -2.585938 -0.171143 0.068179 -0.280440 -1.750247
    34 1.836914 0.009186 -0.000001 -3.141591 -1.523670 -3.131118
    35 1.439453 0.012917 -0.000002 0.000000 -1.099558 0.005236
    36 -0.359256 -2.261720 -0.168329 0.017968 -0.224442 -1.724665
    37 1.888672 -0.005322 0.000004 0.000002 -1.544617 0.036656
    38 1.374023 -0.013504 0.000000 0.000000 -1.130973 0.010472
    39 -1.195313 -1.695313 -0.171265 0.000000 -0.235619 -1.685988
    40 1.688477 -0.013481 0.000000 0.000000 -0.753982 0.005229
    41 1.072266 0.022141 0.000000 0.000000 -1.371829 -0.010472
    42 0.000000 -2.078125 1.572266 0.000000 0.000000 0.000000
    43 0.000000 -3.705933 1.590397 0.000000 0.000000 0.000000
    44 0.000001 -1.269191 2.084921 0.000000 0.000000 0.000000
    45 0.000001 -1.330078 2.132813 0.000000 0.000000 0.000000
    46 0.000000 -2.113281 1.572266 0.000000 0.000000 0.000000
    47 0.000001 -3.744141 1.535156 0.000000 0.000000 0.000000
    48 0.500002 9.999993 0.000002 -1.570796 0.000000 -1.570796
    49 0.500002 9.999993 0.000002 -1.570796 0.000000 -1.570796
    50 0.000000 0.000005 0.000001 -1.570796 0.000000 -1.570796
    51 0.000001 0.000003 -0.500010 -1.570796 0.000000 -1.570796
    52 -0.000001 0.000000 -0.000002 -1.570796 0.000000 0.000000
    53 0.000000 0.000000 0.000000 -1.570797 0.000000 0.000000
    54 0.000001 0.000000 0.000000 -1.570796 0.000000 0.000000
    55 0.000000 0.000000 0.000002 -1.570796 0.000000 0.000000
    56 -0.000003 0.000000 0.000001 -1.570796 0.000000 0.000000
    57 0.000000 0.000000 0.000000 -1.570796 0.000000 0.000000
    58 0.000000 0.000000 -0.000002 -1.570796 0.000000 0.000000
    59 0.000000 0.000000 0.000001 -1.570796 0.000000 0.000000
    60 -0.000003 0.000000 0.000000 -1.570796 0.000000 0.000000
    61 -0.000001 0.000000 0.000000 -1.570796 0.000000 0.000000
    62 0.000000 0.000000 0.000000 -1.570796 0.000001 0.000000
    63 0.000000 0.000000 0.000000 -1.570796 0.000001 0.000000
    64 0.000000 0.000000 0.000001 3.141593 0.000000 0.000000
    65 0.000000 0.000000 0.000000 3.141593 0.000000 0.000000
    66 0.000001 -0.000001 0.000002 3.141592 0.000000 0.000000
    67 0.000000 10.000002 -0.000005 -1.570796 0.000000 -1.570796
    68 0.000000 10.000002 -0.000005 -1.570796 0.000000 -1.570796
    69 0.000000 0.000005 -0.000003 -1.570796 0.000000 -1.570796
    70 -0.000002 0.000006 -0.500010 -1.570796 0.000000 -1.570796
    71 -0.000004 0.000000 -0.000002 -1.570796 0.000000 0.000000
    72 0.000000 0.000000 0.000000 -1.570796 0.000000 0.000000
    73 0.000000 0.000000 0.000000 -1.570796 0.000000 0.000000
    74 -0.000002 0.000000 0.000000 -1.570796 0.000000 0.000000
    75 0.000002 0.000000 0.000000 -1.570796 0.000000 0.000000
    76 0.000006 0.000000 0.000000 -1.570796 0.000000 0.000000
    77 0.000001 0.000000 0.000000 -1.570796 0.000000 0.000000
    78 0.000000 0.000000 0.000000 -1.570796 0.000000 0.000000
    79 0.000003 0.000000 0.000000 -1.570796 0.000000 0.000000
    80 0.000000 0.000000 0.000000 -1.570796 0.000000 0.000000
    81 0.000002 0.000000 -0.000001 -1.570796 0.000000 0.000000
    82 0.000000 0.000000 0.000000 -1.570796 0.000000 0.000000
    83 0.000000 0.000000 -0.000003 0.000000 0.000000 0.000000
    84 0.000000 0.000000 0.000000 0.000000 0.000000 0.000000
    85 0.000000 0.000001 -0.000001 0.000000 0.000000 0.000000
  time 34
    0 -11.271319 0.447680 -7.725657 -2.378757 1.286261 -1.992393
    1 0.026867 -11.334984 -0.000002 0.238955 -0.344244 0.246469
    2 0.000000 -0.570313 0.000000 0.000000 0.000000 0.000000
    3 -0.527344 0.291504 0.596680 -0.212797 -0.375551 -2.091539
    4 2.279297 -0.130615 -0.000002 0.000000 0.000000 0.523599
    5 1.069446 0.056463 0.000000 0.000000 0.000000 0.848230
    6 -1.361328 -2.283203 -0.153076 0.000000 0.000000 -1.638864
    7 1.730202 -0.000584 0.000001 -0.000336 -0.481695 0.008472
    8 1.203226 -0.010942 0.000001 0.000000 -0.670206 0.000000
    9 -0.435303 -2.492188 -0.153198 -0.078961 -0.260133 -1.437435
    10 1.931641 0.005783 -0.000001 -3.141592 -1.518438 -3.141593
    11 1.417969 0.010590 0.000003 0.000000 -1.110029 0.020944
    12 0.386963 -2.169922 -0.153198 -0.056428 -0.182688 -1.438565
    13 1.960938 0.062164 0.000000 -0.000001 -1.497494 -0.010473
    14 1.370117 0.004250 0.000000 0.000001 -1.214749 0.005236
    15 1.195313 -1.667969 -0.153198 0.000000 -0.267035 -1.445133
    16 1.681641 0.022751 0.000001 0.000000 -0.612611 -0.005236
    17 1.091797 -0.001311 -0.000001 0.000000 -1.392772 0.000000
    18 11.281326 0.307185 -7.403903 -2.205160 -1.325005 1.829148
    19 -0.295538 -11.160193 0.000002 0.209146 0.299578 -0.249756
    20 0.288330 -4.437500 0.926270 0.080103 -1.549641 -0.151666
    21 0.000001 2.791016 0.898926 0.000000 0.000000 0.000000
    22 0.000000 -1.945485 2.901283 0.000000 0.000000 0.000000
    23 -0.496338 -4.484375 0.849121 0.430357 1.517607 0.507516
    24 -0.000001 2.900391 1.067383 0.000000 0.000000 0.000000
    25 0.000000 -1.573242 2.900391 0.000000 0.000000 0.000000
    26 -0.021851 -0.544922 0.000001 0.000000 0.000000 0.000000
    27 0.589844 0.240234 0.590332 0.297069 -0.493084 -1.048320
    28 2.320313 0.013252 0.000003 0.000000 0.000000 -0.455531
    29 1.244141 -0.012520 -0.000002 0.000000 0.000000 -0.858702
    30 1.419922 -2.332031 -0.171265 -0.002072 -0.054730 -1.523603
    31 1.706055 0.018570 0.000000 0.000004 -0.376958 -0.010445
    32 1.164589 -0.005664 0.000000 -0.000983 -0.612611 0.016344
    33 0.510742 -2.585938 -0.171143 0.068179 -0.280440 -1.750247
    34 1.836914 0.009186 -0.000001 -3.141591 -1.523670 -3.131118
    35 1.439453 0.012917 -0.000002 0.000000 -1.099558 0.005236
    36 -0.359256 -2.261720 -0.168329 0.017968 -0.224442 -1.724665
    37 1.888672 -0.005322 0.000004 0.000002 -1.544617 0.036656
    38 1.374023 -0.013504 0.000000 0.000000 -1.130973 0.010472
    39 -1.195313 -1.695313 -0.171265 0.000000 -0.235619 -1.685988
    40 1.688477 -0.013481 0.000000 0.000000 -0.753982 0.005229
    41 1.072266 0.022141 0.000000 0.000000 -1.371829 -0.010472
    42 0.000000 -2.078125 1.572266 0.000000 0.000000 0.000000
    43 0.000000 -3.705933 1.590397 0.000000 0.000000 0.000000
    44 0.000001 -1.269191 2.084921 0.000000 0.000000 0.000000
    45 0.000001 -1.330078 2.132813 0.000000 0.000000 0.000000
    46 0.000000 -2.113281 1.572266 0.000000 0.000000 0.000000
    47 0.000001 -3.744141 1.535156 0.000000 0.000000 0.000000
    48 0.500002 9.999993 0.000002 -1.570796 0.000000 -1.570796
    49 0.500002 9.999993 0.000002 -1.570796 0.000000 -1.570796
    50 0.000000 0.000005 0.000001 -1.570796 0.000000 -1.570796
    51 0.000001 0.000003 -0.500010 -1.570796 0.000000 -1.570796
    52 -0.000001 0.000000 -0.000002 -1.570796 0.000000 0.000000
    53 0.000000 0.000000 0.000000 -1.570797 0.000000 0.000000
    54 0.000001 0.000000 0.000000 -1.570796 0.000000 0.000000
    55 0.000000 0.000000 0.000002 -1.570796 0.000000 0.000000
    56 -0.000003 0.000000 0.000001 -1.570796 0.000000 0.000000
    57 0.000000 0.000000 0.000000 -1.570796 0.000000 0.000000
    58 0.000000 0.000000 -0.000002 -1.570796 0.000000 0.000000
    59 0.000000 0.000000 0.000001 -1.570796 0.000000 0.000000
    60 -0.000003 0.000000 0.000000 -1.570796 0.000000 0.000000
    61 -0.000001 0.000000 0.000000 -1.570796 0.000000 0.000000
    62 0.000000 0.000000 0.000000 -1.570796 0.000001 0.000000
    63 0.000000 0.000000 0.000000 -1.570796 0.000001 0.000000
    64 0.000000 0.000000 0.000001 3.141593 0.000000 0.000000
    65 0.000000 0.000000 0.000000 3.141593 0.000000 0.000000
    66 0.000001 -0.000001 0.000002 3.141592 0.000000 0.000000
    67 0.000000 10.000002 -0.000005 -1.570796 0.000000 -1.570796
    68 0.000000 10.000002 -0.000005 -1.570796 0.000000 -1.570796
    69 0.000000 0.000005 -0.000003 -1.570796 0.000000 -1.570796
    70 -0.000002 0.000006 -0.500010 -1.570796 0.000000 -1.570796
    71 -0.000004 0.000000 -0.000002 -1.570796 0.000000 0.000000
    72 0.000000 0.000000 0.000000 -1.570796 0.000000 0.000000
    73 0.000000 0.000000 0.000000 -1.570796 0.000000 0.000000
    74 -0.000002 0.000000 0.000000 -1.570796 0.000000 0.000000
    75 0.000002 0.000000 0.000000 -1.570796 0.000000 0.000000
    76 0.000006 0.000000 0.000000 -1.570796 0.000000 0.000000
    77 0.000001 0.000000 0.000000 -1.570796 0.000000 0.000000
    78 0.000000 0.000000 0.000000 -1.570796 0.000000 0.000000
    79 0.000003 0.000000 0.000000 -1.570796 0.000000 0.000000
    80 0.000000 0.000000 0.000000 -1.570796 0.000000 0.000000
    81 0.000002 0.000000 -0.000001 -1.570796 0.000000 0.000000
    82 0.000000 0.000000 0.000000 -1.570796 0.000000 0.000000
    83 0.000000 0.000000 -0.000003 0.000000 0.000000 0.000000
    84 0.000000 0.000000 0.000000 0.000000 0.000000 0.000000
    85 0.000000 0.000001 -0.000001 0.000000 0.000000 0.000000
  time 35
    0 -11.271319 0.447680 -7.725657 -2.378757 1.286261 -1.992393
    1 0.026867 -11.334984 -0.000002 0.238955 -0.344244 0.246469
    2 0.000000 -0.570313 0.000000 0.000000 0.000000 0.000000
    3 -0.527344 0.291504 0.596680 -0.212797 -0.375551 -2.091539
    4 2.279297 -0.130615 -0.000002 0.000000 0.000000 0.523599
    5 1.069446 0.056463 0.000000 0.000000 0.000000 0.848230
    6 -1.361328 -2.283203 -0.153076 0.000000 0.000000 -1.638864
    7 1.730202 -0.000584 0.000001 -0.000336 -0.481695 0.008472
    8 1.203226 -0.010942 0.000001 0.000000 -0.670206 0.000000
    9 -0.435303 -2.492188 -0.153198 -0.078961 -0.260133 -1.437435
    10 1.931641 0.005783 -0.000001 -3.141592 -1.518438 -3.141593
    11 1.417969 0.010590 0.000003 0.000000 -1.110029 0.020944
    12 0.386963 -2.169922 -0.153198 -0.056428 -0.182688 -1.438565
    13 1.960938 0.062164 0.000000 -0.000001 -1.497494 -0.010473
    14 1.370117 0.004250 0.000000 0.000001 -1.214749 0.005236
    15 1.195313 -1.667969 -0.153198 0.000000 -0.267035 -1.445133
    16 1.681641 0.022751 0.000001 0.000000 -0.612611 -0.005236
    17 1.091797 -0.001311 -0.000001 0.000000 -1.392772 0.000000
    18 11.281326 0.307185 -7.403903 -2.205160 -1.325005 1.829148
    19 -0.295538 -11.160193 0.000002 0.209146 0.299578 -0.249756
    20 0.288330 -4.437500 0.926270 0.080103 -1.549641 -0.151666
    21 0.000001 2.791016 0.898926 0.000000 0.000000 0.000000
    22 0.000000 -1.945485 2.901283 0.000000 0.000000 0.000000
    23 -0.496338 -4.484375 0.849121 0.430357 1.517607 0.507516
    24 -0.000001 2.900391 1.067383 0.000000 0.000000 0.000000
    25 0.000000 -1.573242 2.900391 0.000000 0.000000 0.000000
    26 -0.021851 -0.544922 0.000001 0.000000 0.000000 0.000000
    27 0.589844 0.240234 0.590332 0.297069 -0.493084 -1.048320
    28 2.320313 0.013252 0.000003 0.000000 0.000000 -0.455531
    29 1.244141 -0.012520 -0.000002 0.000000 0.000000 -0.858702
    30 1.419922 -2.332031 -0.171265 -0.002072 -0.054730 -1.523603
    31 1.706055 0.018570 0.000000 0.000004 -0.376958 -0.010445
    32 1.164589 -0.005664 0.000000 -0.000983 -0.612611 0.016344
    33 0.510742 -2.585938 -0.171143 0.068179 -0.280440 -1.750247
    34 1.836914 0.009186 -0.000001 -3.141591 -1.523670 -3.131118
    35 1.439453 0.012917 -0.000002 0.000000 -1.099558 0.005236
    36 -0.359256 -2.261720 -0.168329 0.017968 -0.224442 -1.724665
    37 1.888672 -0.005322 0.000004 0.000002 -1.544617 0.036656
    38 1.374023 -0.013504 0.000000 0.000000 -1.130973 0.010472
    39 -1.195313 -1.695313 -0.171265 0.000000 -0.235619 -1.685988
    40 1.688477 -0.013481 0.000000 0.000000 -0.753982 0.005229
    41 1.072266 0.022141 0.000000 0.000000 -1.371829 -0.010472
    42 0.000000 -2.078125 1.572266 0.000000 0.000000 0.000000
    43 0.000000 -3.705933 1.590397 0.000000 0.000000 0.000000
    44 0.000001 -1.269191 2.084921 0.000000 0.000000 0.000000
    45 0.000001 -1.330078 2.132813 0.000000 0.000000 0.000000
    46 0.000000 -2.113281 1.572266 0.000000 0.000000 0.000000
    47 0.000001 -3.744141 1.535156 0.000000 0.000000 0.000000
    48 0.500002 9.999993 0.000002 -1.570796 0.000000 -1.570796
    49 0.500002 9.999993 0.000002 -1.570796 0.000000 -1.570796
    50 0.000000 0.000005 0.000001 -1.570796 0.000000 -1.570796
    51 0.000001 0.000003 -0.500010 -1.570796 0.000000 -1.570796
    52 -0.000001 0.000000 -0.000002 -1.570796 0.000000 0.000000
    53 0.000000 0.000000 0.000000 -1.570797 0.000000 0.000000
    54 0.000001 0.000000 0.000000 -1.570796 0.000000 0.000000
    55 0.000000 0.000000 0.000002 -1.570796 0.000000 0.000000
    56 -0.000003 0.000000 0.000001 -1.570796 0.000000 0.000000
    57 0.000000 0.000000 0.000000 -1.570796 0.000000 0.000000
    58 0.000000 0.000000 -0.000002 -1.570796 0.000000 0.000000
    59 0.000000 0.000000 0.000001 -1.570796 0.000000 0.000000
    60 -0.000003 0.000000 0.000000 -1.570796 0.000000 0.000000
    61 -0.000001 0.000000 0.000000 -1.570796 0.000000 0.000000
    62 0.000000 0.000000 0.000000 -1.570796 0.000001 0.000000
    63 0.000000 0.000000 0.000000 -1.570796 0.000001 0.000000
    64 0.000000 0.000000 0.000001 3.141593 0.000000 0.000000
    65 0.000000 0.000000 0.000000 3.141593 0.000000 0.000000
    66 0.000001 -0.000001 0.000002 3.141592 0.000000 0.000000
    67 0.000000 10.000002 -0.000005 -1.570796 0.000000 -1.570796
    68 0.000000 10.000002 -0.000005 -1.570796 0.000000 -1.570796
    69 0.000000 0.000005 -0.000003 -1.570796 0.000000 -1.570796
    70 -0.000002 0.000006 -0.500010 -1.570796 0.000000 -1.570796
    71 -0.000004 0.000000 -0.000002 -1.570796 0.000000 0.000000
    72 0.000000 0.000000 0.000000 -1.570796 0.000000 0.000000
    73 0.000000 0.000000 0.000000 -1.570796 0.000000 0.000000
    74 -0.000002 0.000000 0.000000 -1.570796 0.000000 0.000000
    75 0.000002 0.000000 0.000000 -1.570796 0.000000 0.000000
    76 0.000006 0.000000 0.000000 -1.570796 0.000000 0.000000
    77 0.000001 0.000000 0.000000 -1.570796 0.000000 0.000000
    78 0.000000 0.000000 0.000000 -1.570796 0.000000 0.000000
    79 0.000003 0.000000 0.000000 -1.570796 0.000000 0.000000
    80 0.000000 0.000000 0.000000 -1.570796 0.000000 0.000000
    81 0.000002 0.000000 -0.000001 -1.570796 0.000000 0.000000
    82 0.000000 0.000000 0.000000 -1.570796 0.000000 0.000000
    83 0.000000 0.000000 -0.000003 0.000000 0.000000 0.000000
    84 0.000000 0.000000 0.000000 0.000000 0.000000 0.000000
    85 0.000000 0.000001 -0.000001 0.000000 0.000000 0.000000
  time 36
    0 -11.271319 0.447680 -7.725657 -2.378757 1.286261 -1.992393
    1 0.026867 -11.334984 -0.000002 0.238955 -0.344244 0.246469
    2 0.000000 -0.570313 0.000000 0.000000 0.000000 0.000000
    3 -0.527344 0.291504 0.596680 -0.212797 -0.375551 -2.091539
    4 2.279297 -0.130615 -0.000002 0.000000 0.000000 0.523599
    5 1.069446 0.056463 0.000000 0.000000 0.000000 0.848230
    6 -1.361328 -2.283203 -0.153076 0.000000 0.000000 -1.638864
    7 1.730202 -0.000584 0.000001 -0.000336 -0.481695 0.008472
    8 1.203226 -0.010942 0.000001 0.000000 -0.670206 0.000000
    9 -0.435303 -2.492188 -0.153198 -0.078961 -0.260133 -1.437435
    10 1.931641 0.005783 -0.000001 -3.141592 -1.518438 -3.141593
    11 1.417969 0.010590 0.000003 0.000000 -1.110029 0.020944
    12 0.386963 -2.169922 -0.153198 -0.056428 -0.182688 -1.438565
    13 1.960938 0.062164 0.000000 -0.000001 -1.497494 -0.010473
    14 1.370117 0.004250 0.000000 0.000001 -1.214749 0.005236
    15 1.195313 -1.667969 -0.153198 0.000000 -0.267035 -1.445133
    16 1.681641 0.022751 0.000001 0.000000 -0.612611 -0.005236
    17 1.091797 -0.001311 -0.000001 0.000000 -1.392772 0.000000
    18 11.281326 0.307185 -7.403903 -2.205160 -1.325005 1.829148
    19 -0.295538 -11.160193 0.000002 0.209146 0.299578 -0.249756
    20 0.288330 -4.437500 0.926270 0.080103 -1.549641 -0.151666
    21 0.000001 2.791016 0.898926 0.000000 0.000000 0.000000
    22 0.000000 -1.945485 2.901283 0.000000 0.000000 0.000000
    23 -0.496338 -4.484375 0.849121 0.430357 1.517607 0.507516
    24 -0.000001 2.900391 1.067383 0.000000 0.000000 0.000000
    25 0.000000 -1.573242 2.900391 0.000000 0.000000 0.000000
    26 -0.021851 -0.544922 0.000001 0.000000 0.000000 0.000000
    27 0.589844 0.240234 0.590332 0.297069 -0.493084 -1.048320
    28 2.320313 0.013252 0.000003 0.000000 0.000000 -0.455531
    29 1.244141 -0.012520 -0.000002 0.000000 0.000000 -0.858702
    30 1.419922 -2.332031 -0.171265 -0.002072 -0.054730 -1.523603
    31 1.706055 0.018570 0.000000 0.000004 -0.376958 -0.010445
    32 1.164589 -0.005664 0.000000 -0.000983 -0.612611 0.016344
    33 0.510742 -2.585938 -0.171143 0.068179 -0.280440 -1.750247
    34 1.836914 0.009186 -0.000001 -3.141591 -1.523670 -3.131118
    35 1.439453 0.012917 -0.000002 0.000000 -1.099558 0.005236
    36 -0.359256 -2.261720 -0.168329 0.017968 -0.224442 -1.724665
    37 1.888672 -0.005322 0.000004 0.000002 -1.544617 0.036656
    38 1.374023 -0.013504 0.000000 0.000000 -1.130973 0.010472
    39 -1.195313 -1.695313 -0.171265 0.000000 -0.235619 -1.685988
    40 1.688477 -0.013481 0.000000 0.000000 -0.753982 0.005229
    41 1.072266 0.022141 0.000000 0.000000 -1.371829 -0.010472
    42 0.000000 -2.078125 1.572266 0.000000 0.000000 0.000000
    43 0.000000 -3.705933 1.590397 0.000000 0.000000 0.000000
    44 0.000001 -1.269191 2.084921 0.000000 0.000000 0.000000
    45 0.000001 -1.330078 2.132813 0.000000 0.000000 0.000000
    46 0.000000 -2.113281 1.572266 0.000000 0.000000 0.000000
    47 0.000001 -3.744141 1.535156 0.000000 0.000000 0.000000
    48 0.500002 9.999993 0.000002 -1.570796 0.000000 -1.570796
    49 0.500002 9.999993 0.000002 -1.570796 0.000000 -1.570796
    50 0.000000 0.000005 0.000001 -1.570796 0.000000 -1.570796
    51 0.000001 0.000003 -0.500010 -1.570796 0.000000 -1.570796
    52 -0.000001 0.000000 -0.000002 -1.570796 0.000000 0.000000
    53 0.000000 0.000000 0.000000 -1.570797 0.000000 0.000000
    54 0.000001 0.000000 0.000000 -1.570796 0.000000 0.000000
    55 0.000000 0.000000 0.000002 -1.570796 0.000000 0.000000
    56 -0.000003 0.000000 0.000001 -1.570796 0.000000 0.000000
    57 0.000000 0.000000 0.000000 -1.570796 0.000000 0.000000
    58 0.000000 0.000000 -0.000002 -1.570796 0.000000 0.000000
    59 0.000000 0.000000 0.000001 -1.570796 0.000000 0.000000
    60 -0.000003 0.000000 0.000000 -1.570796 0.000000 0.000000
    61 -0.000001 0.000000 0.000000 -1.570796 0.000000 0.000000
    62 0.000000 0.000000 0.000000 -1.570796 0.000001 0.000000
    63 0.000000 0.000000 0.000000 -1.570796 0.000001 0.000000
    64 0.000000 0.000000 0.000001 3.141593 0.000000 0.000000
    65 0.000000 0.000000 0.000000 3.141593 0.000000 0.000000
    66 0.000001 -0.000001 0.000002 3.141592 0.000000 0.000000
    67 0.000000 10.000002 -0.000005 -1.570796 0.000000 -1.570796
    68 0.000000 10.000002 -0.000005 -1.570796 0.000000 -1.570796
    69 0.000000 0.000005 -0.000003 -1.570796 0.000000 -1.570796
    70 -0.000002 0.000006 -0.500010 -1.570796 0.000000 -1.570796
    71 -0.000004 0.000000 -0.000002 -1.570796 0.000000 0.000000
    72 0.000000 0.000000 0.000000 -1.570796 0.000000 0.000000
    73 0.000000 0.000000 0.000000 -1.570796 0.000000 0.000000
    74 -0.000002 0.000000 0.000000 -1.570796 0.000000 0.000000
    75 0.000002 0.000000 0.000000 -1.570796 0.000000 0.000000
    76 0.000006 0.000000 0.000000 -1.570796 0.000000 0.000000
    77 0.000001 0.000000 0.000000 -1.570796 0.000000 0.000000
    78 0.000000 0.000000 0.000000 -1.570796 0.000000 0.000000
    79 0.000003 0.000000 0.000000 -1.570796 0.000000 0.000000
    80 0.000000 0.000000 0.000000 -1.570796 0.000000 0.000000
    81 0.000002 0.000000 -0.000001 -1.570796 0.000000 0.000000
    82 0.000000 0.000000 0.000000 -1.570796 0.000000 0.000000
    83 0.000000 0.000000 -0.000003 0.000000 0.000000 0.000000
    84 0.000000 0.000000 0.000000 0.000000 0.000000 0.000000
    85 0.000000 0.000001 -0.000001 0.000000 0.000000 0.000000
  time 37
    0 -11.271319 0.447680 -7.725657 -2.378757 1.286261 -1.992393
    1 0.026867 -11.334984 -0.000002 0.238955 -0.344244 0.246469
    2 0.000000 -0.570313 0.000000 0.000000 0.000000 0.000000
    3 -0.527344 0.291504 0.596680 -0.212797 -0.375551 -2.091539
    4 2.279297 -0.130615 -0.000002 0.000000 0.000000 0.523599
    5 1.069446 0.056463 0.000000 0.000000 0.000000 0.848230
    6 -1.361328 -2.283203 -0.153076 0.000000 0.000000 -1.638864
    7 1.730202 -0.000584 0.000001 -0.000336 -0.481695 0.008472
    8 1.203226 -0.010942 0.000001 0.000000 -0.670206 0.000000
    9 -0.435303 -2.492188 -0.153198 -0.078961 -0.260133 -1.437435
    10 1.931641 0.005783 -0.000001 -3.141592 -1.518438 -3.141593
    11 1.417969 0.010590 0.000003 0.000000 -1.110029 0.020944
    12 0.386963 -2.169922 -0.153198 -0.056428 -0.182688 -1.438565
    13 1.960938 0.062164 0.000000 -0.000001 -1.497494 -0.010473
    14 1.370117 0.004250 0.000000 0.000001 -1.214749 0.005236
    15 1.195313 -1.667969 -0.153198 0.000000 -0.267035 -1.445133
    16 1.681641 0.022751 0.000001 0.000000 -0.612611 -0.005236
    17 1.091797 -0.001311 -0.000001 0.000000 -1.392772 0.000000
    18 11.281326 0.307185 -7.403903 -2.205160 -1.325005 1.829148
    19 -0.295538 -11.160193 0.000002 0.209146 0.299578 -0.249756
    20 0.288330 -4.437500 0.926270 0.080103 -1.549641 -0.151666
    21 0.000001 2.791016 0.898926 0.000000 0.000000 0.000000
    22 0.000000 -1.945485 2.901283 0.000000 0.000000 0.000000
    23 -0.496338 -4.484375 0.849121 0.430357 1.517607 0.507516
    24 -0.000001 2.900391 1.067383 0.000000 0.000000 0.000000
    25 0.000000 -1.573242 2.900391 0.000000 0.000000 0.000000
    26 -0.021851 -0.544922 0.000001 0.000000 0.000000 0.000000
    27 0.589844 0.240234 0.590332 0.297069 -0.493084 -1.048320
    28 2.320313 0.013252 0.000003 0.000000 0.000000 -0.455531
    29 1.244141 -0.012520 -0.000002 0.000000 0.000000 -0.858702
    30 1.419922 -2.332031 -0.171265 -0.002072 -0.054730 -1.523603
    31 1.706055 0.018570 0.000000 0.000004 -0.376958 -0.010445
    32 1.164589 -0.005664 0.000000 -0.000983 -0.612611 0.016344
    33 0.510742 -2.585938 -0.171143 0.068179 -0.280440 -1.750247
    34 1.836914 0.009186 -0.000001 -3.141591 -1.523670 -3.131118
    35 1.439453 0.012917 -0.000002 0.000000 -1.099558 0.005236
    36 -0.359256 -2.261720 -0.168329 0.017968 -0.224442 -1.724665
    37 1.888672 -0.005322 0.000004 0.000002 -1.544617 0.036656
    38 1.374023 -0.013504 0.000000 0.000000 -1.130973 0.010472
    39 -1.195313 -1.695313 -0.171265 0.000000 -0.235619 -1.685988
    40 1.688477 -0.013481 0.000000 0.000000 -0.753982 0.005229
    41 1.072266 0.022141 0.000000 0.000000 -1.371829 -0.010472
    42 0.000000 -2.078125 1.572266 0.000000 0.000000 0.000000
    43 0.000000 -3.705933 1.590397 0.000000 0.000000 0.000000
    44 0.000001 -1.269191 2.084921 0.000000 0.000000 0.000000
    45 0.000001 -1.330078 2.132813 0.000000 0.000000 0.000000
    46 0.000000 -2.113281 1.572266 0.000000 0.000000 0.000000
    47 0.000001 -3.744141 1.535156 0.000000 0.000000 0.000000
    48 0.500002 9.999993 0.000002 -1.570796 0.000000 -1.570796
    49 0.500002 9.999993 0.000002 -1.570796 0.000000 -1.570796
    50 0.000000 0.000005 0.000001 -1.570796 0.000000 -1.570796
    51 0.000001 0.000003 -0.500010 -1.570796 0.000000 -1.570796
    52 -0.000001 0.000000 -0.000002 -1.570796 0.000000 0.000000
    53 0.000000 0.000000 0.000000 -1.570797 0.000000 0.000000
    54 0.000001 0.000000 0.000000 -1.570796 0.000000 0.000000
    55 0.000000 0.000000 0.000002 -1.570796 0.000000 0.000000
    56 -0.000003 0.000000 0.000001 -1.570796 0.000000 0.000000
    57 0.000000 0.000000 0.000000 -1.570796 0.000000 0.000000
    58 0.000000 0.000000 -0.000002 -1.570796 0.000000 0.000000
    59 0.000000 0.000000 0.000001 -1.570796 0.000000 0.000000
    60 -0.000003 0.000000 0.000000 -1.570796 0.000000 0.000000
    61 -0.000001 0.000000 0.000000 -1.570796 0.000000 0.000000
    62 0.000000 0.000000 0.000000 -1.570796 0.000001 0.000000
    63 0.000000 0.000000 0.000000 -1.570796 0.000001 0.000000
    64 0.000000 0.000000 0.000001 3.141593 0.000000 0.000000
    65 0.000000 0.000000 0.000000 3.141593 0.000000 0.000000
    66 0.000001 -0.000001 0.000002 3.141592 0.000000 0.000000
    67 0.000000 10.000002 -0.000005 -1.570796 0.000000 -1.570796
    68 0.000000 10.000002 -0.000005 -1.570796 0.000000 -1.570796
    69 0.000000 0.000005 -0.000003 -1.570796 0.000000 -1.570796
    70 -0.000002 0.000006 -0.500010 -1.570796 0.000000 -1.570796
    71 -0.000004 0.000000 -0.000002 -1.570796 0.000000 0.000000
    72 0.000000 0.000000 0.000000 -1.570796 0.000000 0.000000
    73 0.000000 0.000000 0.000000 -1.570796 0.000000 0.000000
    74 -0.000002 0.000000 0.000000 -1.570796 0.000000 0.000000
    75 0.000002 0.000000 0.000000 -1.570796 0.000000 0.000000
    76 0.000006 0.000000 0.000000 -1.570796 0.000000 0.000000
    77 0.000001 0.000000 0.000000 -1.570796 0.000000 0.000000
    78 0.000000 0.000000 0.000000 -1.570796 0.000000 0.000000
    79 0.000003 0.000000 0.000000 -1.570796 0.000000 0.000000
    80 0.000000 0.000000 0.000000 -1.570796 0.000000 0.000000
    81 0.000002 0.000000 -0.000001 -1.570796 0.000000 0.000000
    82 0.000000 0.000000 0.000000 -1.570796 0.000000 0.000000
    83 0.000000 0.000000 -0.000003 0.000000 0.000000 0.000000
    84 0.000000 0.000000 0.000000 0.000000 0.000000 0.000000
    85 0.000000 0.000001 -0.000001 0.000000 0.000000 0.000000
  time 38
    0 -11.271319 0.447680 -7.725657 -2.378757 1.286261 -1.992393
    1 0.026867 -11.334984 -0.000002 0.238955 -0.344244 0.246469
    2 0.000000 -0.570313 0.000000 0.000000 0.000000 0.000000
    3 -0.527344 0.291504 0.596680 -0.212797 -0.375551 -2.091539
    4 2.279297 -0.130615 -0.000002 0.000000 0.000000 0.523599
    5 1.069446 0.056463 0.000000 0.000000 0.000000 0.848230
    6 -1.361328 -2.283203 -0.153076 0.000000 0.000000 -1.638864
    7 1.730202 -0.000584 0.000001 -0.000336 -0.481695 0.008472
    8 1.203226 -0.010942 0.000001 0.000000 -0.670206 0.000000
    9 -0.435303 -2.492188 -0.153198 -0.078961 -0.260133 -1.437435
    10 1.931641 0.005783 -0.000001 -3.141592 -1.518438 -3.141593
    11 1.417969 0.010590 0.000003 0.000000 -1.110029 0.020944
    12 0.386963 -2.169922 -0.153198 -0.056428 -0.182688 -1.438565
    13 1.960938 0.062164 0.000000 -0.000001 -1.497494 -0.010473
    14 1.370117 0.004250 0.000000 0.000001 -1.214749 0.005236
    15 1.195313 -1.667969 -0.153198 0.000000 -0.267035 -1.445133
    16 1.681641 0.022751 0.000001 0.000000 -0.612611 -0.005236
    17 1.091797 -0.001311 -0.000001 0.000000 -1.392772 0.000000
    18 11.281326 0.307185 -7.403903 -2.205160 -1.325005 1.829148
    19 -0.295538 -11.160193 0.000002 0.209146 0.299578 -0.249756
    20 0.288330 -4.437500 0.926270 0.080103 -1.549641 -0.151666
    21 0.000001 2.791016 0.898926 0.000000 0.000000 0.000000
    22 0.000000 -1.945485 2.901283 0.000000 0.000000 0.000000
    23 -0.496338 -4.484375 0.849121 0.430357 1.517607 0.507516
    24 -0.000001 2.900391 1.067383 0.000000 0.000000 0.000000
    25 0.000000 -1.573242 2.900391 0.000000 0.000000 0.000000
    26 -0.021851 -0.544922 0.000001 0.000000 0.000000 0.000000
    27 0.589844 0.240234 0.590332 0.297069 -0.493084 -1.048320
    28 2.320313 0.013252 0.000003 0.000000 0.000000 -0.455531
    29 1.244141 -0.012520 -0.000002 0.000000 0.000000 -0.858702
    30 1.419922 -2.332031 -0.171265 -0.002072 -0.054730 -1.523603
    31 1.706055 0.018570 0.000000 0.000004 -0.376958 -0.010445
    32 1.164589 -0.005664 0.000000 -0.000983 -0.612611 0.016344
    33 0.510742 -2.585938 -0.171143 0.068179 -0.280440 -1.750247
    34 1.836914 0.009186 -0.000001 -3.141591 -1.523670 -3.131118
    35 1.439453 0.012917 -0.000002 0.000000 -1.099558 0.005236
    36 -0.359256 -2.261720 -0.168329 0.017968 -0.224442 -1.724665
    37 1.888672 -0.005322 0.000004 0.000002 -1.544617 0.036656
    38 1.374023 -0.013504 0.000000 0.000000 -1.130973 0.010472
    39 -1.195313 -1.695313 -0.171265 0.000000 -0.235619 -1.685988
    40 1.688477 -0.013481 0.000000 0.000000 -0.753982 0.005229
    41 1.072266 0.022141 0.000000 0.000000 -1.371829 -0.010472
    42 0.000000 -2.078125 1.572266 0.000000 0.000000 0.000000
    43 0.000000 -3.705933 1.590397 0.000000 0.000000 0.000000
    44 0.000001 -1.269191 2.084921 0.000000 0.000000 0.000000
    45 0.000001 -1.330078 2.132813 0.000000 0.000000 0.000000
    46 0.000000 -2.113281 1.572266 0.000000 0.000000 0.000000
    47 0.000001 -3.744141 1.535156 0.000000 0.000000 0.000000
    48 0.500002 9.999993 0.000002 -1.570796 0.000000 -1.570796
    49 0.500002 9.999993 0.000002 -1.570796 0.000000 -1.570796
    50 0.000000 0.000005 0.000001 -1.570796 0.000000 -1.570796
    51 0.000001 0.000003 -0.500010 -1.570796 0.000000 -1.570796
    52 -0.000001 0.000000 -0.000002 -1.570796 0.000000 0.000000
    53 0.000000 0.000000 0.000000 -1.570797 0.000000 0.000000
    54 0.000001 0.000000 0.000000 -1.570796 0.000000 0.000000
    55 0.000000 0.000000 0.000002 -1.570796 0.000000 0.000000
    56 -0.000003 0.000000 0.000001 -1.570796 0.000000 0.000000
    57 0.000000 0.000000 0.000000 -1.570796 0.000000 0.000000
    58 0.000000 0.000000 -0.000002 -1.570796 0.000000 0.000000
    59 0.000000 0.000000 0.000001 -1.570796 0.000000 0.000000
    60 -0.000003 0.000000 0.000000 -1.570796 0.000000 0.000000
    61 -0.000001 0.000000 0.000000 -1.570796 0.000000 0.000000
    62 0.000000 0.000000 0.000000 -1.570796 0.000001 0.000000
    63 0.000000 0.000000 0.000000 -1.570796 0.000001 0.000000
    64 0.000000 0.000000 0.000001 3.141593 0.000000 0.000000
    65 0.000000 0.000000 0.000000 3.141593 0.000000 0.000000
    66 0.000001 -0.000001 0.000002 3.141592 0.000000 0.000000
    67 0.000000 10.000002 -0.000005 -1.570796 0.000000 -1.570796
    68 0.000000 10.000002 -0.000005 -1.570796 0.000000 -1.570796
    69 0.000000 0.000005 -0.000003 -1.570796 0.000000 -1.570796
    70 -0.000002 0.000006 -0.500010 -1.570796 0.000000 -1.570796
    71 -0.000004 0.000000 -0.000002 -1.570796 0.000000 0.000000
    72 0.000000 0.000000 0.000000 -1.570796 0.000000 0.000000
    73 0.000000 0.000000 0.000000 -1.570796 0.000000 0.000000
    74 -0.000002 0.000000 0.000000 -1.570796 0.000000 0.000000
    75 0.000002 0.000000 0.000000 -1.570796 0.000000 0.000000
    76 0.000006 0.000000 0.000000 -1.570796 0.000000 0.000000
    77 0.000001 0.000000 0.000000 -1.570796 0.000000 0.000000
    78 0.000000 0.000000 0.000000 -1.570796 0.000000 0.000000
    79 0.000003 0.000000 0.000000 -1.570796 0.000000 0.000000
    80 0.000000 0.000000 0.000000 -1.570796 0.000000 0.000000
    81 0.000002 0.000000 -0.000001 -1.570796 0.000000 0.000000
    82 0.000000 0.000000 0.000000 -1.570796 0.000000 0.000000
    83 0.000000 0.000000 -0.000003 0.000000 0.000000 0.000000
    84 0.000000 0.000000 0.000000 0.000000 0.000000 0.000000
    85 0.000000 0.000001 -0.000001 0.000000 0.000000 0.000000
  time 39
    0 -11.271319 0.447680 -7.725657 -2.378757 1.286261 -1.992393
    1 0.026867 -11.334984 -0.000002 0.238955 -0.344244 0.246469
    2 0.000000 -0.570313 0.000000 0.000000 0.000000 0.000000
    3 -0.527344 0.291504 0.596680 -0.212797 -0.375551 -2.091539
    4 2.279297 -0.130615 -0.000002 0.000000 0.000000 0.523599
    5 1.069446 0.056463 0.000000 0.000000 0.000000 0.848230
    6 -1.361328 -2.283203 -0.153076 0.000000 0.000000 -1.638864
    7 1.730202 -0.000584 0.000001 -0.000336 -0.481695 0.008472
    8 1.203226 -0.010942 0.000001 0.000000 -0.670206 0.000000
    9 -0.435303 -2.492188 -0.153198 -0.078961 -0.260133 -1.437435
    10 1.931641 0.005783 -0.000001 -3.141592 -1.518438 -3.141593
    11 1.417969 0.010590 0.000003 0.000000 -1.110029 0.020944
    12 0.386963 -2.169922 -0.153198 -0.056428 -0.182688 -1.438565
    13 1.960938 0.062164 0.000000 -0.000001 -1.497494 -0.010473
    14 1.370117 0.004250 0.000000 0.000001 -1.214749 0.005236
    15 1.195313 -1.667969 -0.153198 0.000000 -0.267035 -1.445133
    16 1.681641 0.022751 0.000001 0.000000 -0.612611 -0.005236
    17 1.091797 -0.001311 -0.000001 0.000000 -1.392772 0.000000
    18 11.281326 0.307185 -7.403903 -2.205160 -1.325005 1.829148
    19 -0.295538 -11.160193 0.000002 0.209146 0.299578 -0.249756
    20 0.288330 -4.437500 0.926270 0.080103 -1.549641 -0.151666
    21 0.000001 2.791016 0.898926 0.000000 0.000000 0.000000
    22 0.000000 -1.945485 2.901283 0.000000 0.000000 0.000000
    23 -0.496338 -4.484375 0.849121 0.430357 1.517607 0.507516
    24 -0.000001 2.900391 1.067383 0.000000 0.000000 0.000000
    25 0.000000 -1.573242 2.900391 0.000000 0.000000 0.000000
    26 -0.021851 -0.544922 0.000001 0.000000 0.000000 0.000000
    27 0.589844 0.240234 0.590332 0.297069 -0.493084 -1.048320
    28 2.320313 0.013252 0.000003 0.000000 0.000000 -0.455531
    29 1.244141 -0.012520 -0.000002 0.000000 0.000000 -0.858702
    30 1.419922 -2.332031 -0.171265 -0.002072 -0.054730 -1.523603
    31 1.706055 0.018570 0.000000 0.000004 -0.376958 -0.010445
    32 1.164589 -0.005664 0.000000 -0.000983 -0.612611 0.016344
    33 0.510742 -2.585938 -0.171143 0.068179 -0.280440 -1.750247
    34 1.836914 0.009186 -0.000001 -3.141591 -1.523670 -3.131118
    35 1.439453 0.012917 -0.000002 0.000000 -1.099558 0.005236
    36 -0.359256 -2.261720 -0.168329 0.017968 -0.224442 -1.724665
    37 1.888672 -0.005322 0.000004 0.000002 -1.544617 0.036656
    38 1.374023 -0.013504 0.000000 0.000000 -1.130973 0.010472
    39 -1.195313 -1.695313 -0.171265 0.000000 -0.235619 -1.685988
    40 1.688477 -0.013481 0.000000 0.000000 -0.753982 0.005229
    41 1.072266 0.022141 0.000000 0.000000 -1.371829 -0.010472
    42 0.000000 -2.078125 1.572266 0.000000 0.000000 0.000000
    43 0.000000 -3.705933 1.590397 0.000000 0.000000 0.000000
    44 0.000001 -1.269191 2.084921 0.000000 0.000000 0.000000
    45 0.000001 -1.330078 2.132813 0.000000 0.000000 0.000000
    46 0.000000 -2.113281 1.572266 0.000000 0.000000 0.000000
    47 0.000001 -3.744141 1.535156 0.000000 0.000000 0.000000
    48 0.500002 9.999993 0.000002 -1.570796 0.000000 -1.570796
    49 0.500002 9.999993 0.000002 -1.570796 0.000000 -1.570796
    50 0.000000 0.000005 0.000001 -1.570796 0.000000 -1.570796
    51 0.000001 0.000003 -0.500010 -1.570796 0.000000 -1.570796
    52 -0.000001 0.000000 -0.000002 -1.570796 0.000000 0.000000
    53 0.000000 0.000000 0.000000 -1.570797 0.000000 0.000000
    54 0.000001 0.000000 0.000000 -1.570796 0.000000 0.000000
    55 0.000000 0.000000 0.000002 -1.570796 0.000000 0.000000
    56 -0.000003 0.000000 0.000001 -1.570796 0.000000 0.000000
    57 0.000000 0.000000 0.000000 -1.570796 0.000000 0.000000
    58 0.000000 0.000000 -0.000002 -1.570796 0.000000 0.000000
    59 0.000000 0.000000 0.000001 -1.570796 0.000000 0.000000
    60 -0.000003 0.000000 0.000000 -1.570796 0.000000 0.000000
    61 -0.000001 0.000000 0.000000 -1.570796 0.000000 0.000000
    62 0.000000 0.000000 0.000000 -1.570796 0.000001 0.000000
    63 0.000000 0.000000 0.000000 -1.570796 0.000001 0.000000
    64 0.000000 0.000000 0.000001 3.141593 0.000000 0.000000
    65 0.000000 0.000000 0.000000 3.141593 0.000000 0.000000
    66 0.000001 -0.000001 0.000002 3.141592 0.000000 0.000000
    67 0.000000 10.000002 -0.000005 -1.570796 0.000000 -1.570796
    68 0.000000 10.000002 -0.000005 -1.570796 0.000000 -1.570796
    69 0.000000 0.000005 -0.000003 -1.570796 0.000000 -1.570796
    70 -0.000002 0.000006 -0.500010 -1.570796 0.000000 -1.570796
    71 -0.000004 0.000000 -0.000002 -1.570796 0.000000 0.000000
    72 0.000000 0.000000 0.000000 -1.570796 0.000000 0.000000
    73 0.000000 0.000000 0.000000 -1.570796 0.000000 0.000000
    74 -0.000002 0.000000 0.000000 -1.570796 0.000000 0.000000
    75 0.000002 0.000000 0.000000 -1.570796 0.000000 0.000000
    76 0.000006 0.000000 0.000000 -1.570796 0.000000 0.000000
    77 0.000001 0.000000 0.000000 -1.570796 0.000000 0.000000
    78 0.000000 0.000000 0.000000 -1.570796 0.000000 0.000000
    79 0.000003 0.000000 0.000000 -1.570796 0.000000 0.000000
    80 0.000000 0.000000 0.000000 -1.570796 0.000000 0.000000
    81 0.000002 0.000000 -0.000001 -1.570796 0.000000 0.000000
    82 0.000000 0.000000 0.000000 -1.570796 0.000000 0.000000
    83 0.000000 0.000000 -0.000003 0.000000 0.000000 0.000000
    84 0.000000 0.000000 0.000000 0.000000 0.000000 0.000000
    85 0.000000 0.000001 -0.000001 0.000000 0.000000 0.000000
  time 40
    0 -11.271319 0.447680 -7.725657 -2.378757 1.286261 -1.992393
    1 0.026867 -11.334984 -0.000002 0.238955 -0.344244 0.246469
    2 0.000000 -0.570313 0.000000 0.000000 0.000000 0.000000
    3 -0.527344 0.291504 0.596680 -0.212797 -0.375551 -2.091539
    4 2.279297 -0.130615 -0.000002 0.000000 0.000000 0.523599
    5 1.069446 0.056463 0.000000 0.000000 0.000000 0.848230
    6 -1.361328 -2.283203 -0.153076 0.000000 0.000000 -1.638864
    7 1.730202 -0.000584 0.000001 -0.000336 -0.481695 0.008472
    8 1.203226 -0.010942 0.000001 0.000000 -0.670206 0.000000
    9 -0.435303 -2.492188 -0.153198 -0.078961 -0.260133 -1.437435
    10 1.931641 0.005783 -0.000001 -3.141592 -1.518438 -3.141593
    11 1.417969 0.010590 0.000003 0.000000 -1.110029 0.020944
    12 0.386963 -2.169922 -0.153198 -0.056428 -0.182688 -1.438565
    13 1.960938 0.062164 0.000000 -0.000001 -1.497494 -0.010473
    14 1.370117 0.004250 0.000000 0.000001 -1.214749 0.005236
    15 1.195313 -1.667969 -0.153198 0.000000 -0.267035 -1.445133
    16 1.681641 0.022751 0.000001 0.000000 -0.612611 -0.005236
    17 1.091797 -0.001311 -0.000001 0.000000 -1.392772 0.000000
    18 11.281326 0.307185 -7.403903 -2.205160 -1.325005 1.829148
    19 -0.295538 -11.160193 0.000002 0.209146 0.299578 -0.249756
    20 0.288330 -4.437500 0.926270 0.080103 -1.549641 -0.151666
    21 0.000001 2.791016 0.898926 0.000000 0.000000 0.000000
    22 0.000000 -1.945485 2.901283 0.000000 0.000000 0.000000
    23 -0.496338 -4.484375 0.849121 0.430357 1.517607 0.507516
    24 -0.000001 2.900391 1.067383 0.000000 0.000000 0.000000
    25 0.000000 -1.573242 2.900391 0.000000 0.000000 0.000000
    26 -0.021851 -0.544922 0.000001 0.000000 0.000000 0.000000
    27 0.589844 0.240234 0.590332 0.297069 -0.493084 -1.048320
    28 2.320313 0.013252 0.000003 0.000000 0.000000 -0.455531
    29 1.244141 -0.012520 -0.000002 0.000000 0.000000 -0.858702
    30 1.419922 -2.332031 -0.171265 -0.002072 -0.054730 -1.523603
    31 1.706055 0.018570 0.000000 0.000004 -0.376958 -0.010445
    32 1.164589 -0.005664 0.000000 -0.000983 -0.612611 0.016344
    33 0.510742 -2.585938 -0.171143 0.068179 -0.280440 -1.750247
    34 1.836914 0.009186 -0.000001 -3.141591 -1.523670 -3.131118
    35 1.439453 0.012917 -0.000002 0.000000 -1.099558 0.005236
    36 -0.359256 -2.261720 -0.168329 0.017968 -0.224442 -1.724665
    37 1.888672 -0.005322 0.000004 0.000002 -1.544617 0.036656
    38 1.374023 -0.013504 0.000000 0.000000 -1.130973 0.010472
    39 -1.195313 -1.695313 -0.171265 0.000000 -0.235619 -1.685988
    40 1.688477 -0.013481 0.000000 0.000000 -0.753982 0.005229
    41 1.072266 0.022141 0.000000 0.000000 -1.371829 -0.010472
    42 0.000000 -2.078125 1.572266 0.000000 0.000000 0.000000
    43 0.000000 -3.705933 1.590397 0.000000 0.000000 0.000000
    44 0.000001 -1.269191 2.084921 0.000000 0.000000 0.000000
    45 0.000001 -1.330078 2.132813 0.000000 0.000000 0.000000
    46 0.000000 -2.113281 1.572266 0.000000 0.000000 0.000000
    47 0.000001 -3.744141 1.535156 0.000000 0.000000 0.000000
    48 0.500002 9.999993 0.000002 -1.570796 0.000000 -1.570796
    49 0.500002 9.999993 0.000002 -1.570796 0.000000 -1.570796
    50 0.000000 0.000005 0.000001 -1.570796 0.000000 -1.570796
    51 0.000001 0.000003 -0.500010 -1.570796 0.000000 -1.570796
    52 -0.000001 0.000000 -0.000002 -1.570796 0.000000 0.000000
    53 0.000000 0.000000 0.000000 -1.570797 0.000000 0.000000
    54 0.000001 0.000000 0.000000 -1.570796 0.000000 0.000000
    55 0.000000 0.000000 0.000002 -1.570796 0.000000 0.000000
    56 -0.000003 0.000000 0.000001 -1.570796 0.000000 0.000000
    57 0.000000 0.000000 0.000000 -1.570796 0.000000 0.000000
    58 0.000000 0.000000 -0.000002 -1.570796 0.000000 0.000000
    59 0.000000 0.000000 0.000001 -1.570796 0.000000 0.000000
    60 -0.000003 0.000000 0.000000 -1.570796 0.000000 0.000000
    61 -0.000001 0.000000 0.000000 -1.570796 0.000000 0.000000
    62 0.000000 0.000000 0.000000 -1.570796 0.000001 0.000000
    63 0.000000 0.000000 0.000000 -1.570796 0.000001 0.000000
    64 0.000000 0.000000 0.000001 3.141593 0.000000 0.000000
    65 0.000000 0.000000 0.000000 3.141593 0.000000 0.000000
    66 0.000001 -0.000001 0.000002 3.141592 0.000000 0.000000
    67 0.000000 10.000002 -0.000005 -1.570796 0.000000 -1.570796
    68 0.000000 10.000002 -0.000005 -1.570796 0.000000 -1.570796
    69 0.000000 0.000005 -0.000003 -1.570796 0.000000 -1.570796
    70 -0.000002 0.000006 -0.500010 -1.570796 0.000000 -1.570796
    71 -0.000004 0.000000 -0.000002 -1.570796 0.000000 0.000000
    72 0.000000 0.000000 0.000000 -1.570796 0.000000 0.000000
    73 0.000000 0.000000 0.000000 -1.570796 0.000000 0.000000
    74 -0.000002 0.000000 0.000000 -1.570796 0.000000 0.000000
    75 0.000002 0.000000 0.000000 -1.570796 0.000000 0.000000
    76 0.000006 0.000000 0.000000 -1.570796 0.000000 0.000000
    77 0.000001 0.000000 0.000000 -1.570796 0.000000 0.000000
    78 0.000000 0.000000 0.000000 -1.570796 0.000000 0.000000
    79 0.000003 0.000000 0.000000 -1.570796 0.000000 0.000000
    80 0.000000 0.000000 0.000000 -1.570796 0.000000 0.000000
    81 0.000002 0.000000 -0.000001 -1.570796 0.000000 0.000000
    82 0.000000 0.000000 0.000000 -1.570796 0.000000 0.000000
    83 0.000000 0.000000 -0.000003 0.000000 0.000000 0.000000
    84 0.000000 0.000000 0.000000 0.000000 0.000000 0.000000
    85 0.000000 0.000001 -0.000001 0.000000 0.000000 0.000000
end
