// Created by Crowbar 0.74
version 1
nodes
  0 "root" -1
  1 "Bone01" 0
  2 "Bone_Lefthand" 1
  3 "Bone13" 2
  4 "Bone14" 3
  5 "Bone15" 4
  6 "ValveBiped.Bip01_L_Finger32" 5
  7 "ValveBiped.Bip01_L_Finger31" 4
  8 "ValveBiped.Bip01_L_Finger3" 3
  9 "Bone17" 2
  10 "Bone18" 9
  11 "Bone19" 10
  12 "ValveBiped.Bip01_L_Finger22" 11
  13 "ValveBiped.Bip01_L_Finger21" 10
  14 "ValveBiped.Bip01_L_Finger2" 9
  15 "Bone21" 2
  16 "Bone22" 15
  17 "Bone23" 16
  18 "ValveBiped.Bip01_L_Finger12" 17
  19 "ValveBiped.Bip01_L_Finger11" 16
  20 "ValveBiped.Bip01_L_Finger1" 15
  21 "Bone09" 2
  22 "Bone10" 21
  23 "Bone11" 22
  24 "ValveBiped.Bip01_L_Finger42" 23
  25 "ValveBiped.Bip01_L_Finger41" 22
  26 "ValveBiped.Bip01_L_Finger4" 21
  27 "Bone05" 2
  28 "Bone06" 27
  29 "Bone07" 28
  30 "ValveBiped.Bip01_L_Finger02" 29
  31 "ValveBiped.Bip01_L_Finger01" 28
  32 "ValveBiped.Bip01_L_Finger0" 27
  33 "ValveBiped.Bip01_L_Hand" 2
  34 "Bone_L_Upper" 1
  35 "ValveBiped.Bip01_L_UpperArm" 34
  36 "ValveBiped.Bip01_L_Forearm" 1
  37 "Bone04" 0
  38 "Bone_Righthand" 37
  39 "Bone39" 38
  40 "Bone40" 39
  41 "Bone41" 40
  42 "ValveBiped.Bip01_R_Finger32" 41
  43 "ValveBiped.Bip01_R_Finger31" 40
  44 "ValveBiped.Bip01_R_Finger3" 39
  45 "Bone35" 38
  46 "Bone36" 45
  47 "Bone37" 46
  48 "ValveBiped.Bip01_R_Finger22" 47
  49 "ValveBiped.Bip01_R_Finger21" 46
  50 "ValveBiped.Bip01_R_Finger2" 45
  51 "Bone31" 38
  52 "Bone32" 51
  53 "Bone33" 52
  54 "ValveBiped.Bip01_R_Finger12" 53
  55 "ValveBiped.Bip01_R_Finger11" 52
  56 "ValveBiped.Bip01_R_Finger1" 51
  57 "Bone43" 38
  58 "Bone44" 57
  59 "Bone45" 58
  60 "ValveBiped.Bip01_R_Finger42" 59
  61 "ValveBiped.Bip01_R_Finger41" 58
  62 "ValveBiped.Bip01_R_Finger4" 57
  63 "Bone27" 38
  64 "Bone28" 63
  65 "Bone29" 64
  66 "ValveBiped.Bip01_R_Finger02" 65
  67 "ValveBiped.Bip01_R_Finger01" 64
  68 "ValveBiped.Bip01_R_Finger0" 63
  69 "ValveBiped.Bip01_R_Hand" 38
  70 "Bone_R_Upper" 37
  71 "ValveBiped.Bip01_R_UpperArm" 70
  72 "ValveBiped.Bip01_R_Forearm" 37
  73 "Bone_Se_Hand-L" 2
  74 "Bone_Se_Hand-R" 38
  75 "Bone25" 2
  76 "Bone54" 2
  77 "Bone52" 2
  78 "Bone50" 2
  79 "Bone56" 2
  80 "Bone48" 2
end
skeleton
  time 0
    0 1.629157 0.000000 0.541027 0.000000 0.000000 -1.570796
    1 -3.455911 9.379379 -10.661919 5.744206 -1.241251 -4.400642
    2 -0.001605 -10.694113 -0.006478 0.344616 -0.091135 -0.140422
    3 -0.652832 -3.626953 -0.348633 -1.107361 -0.060909 -0.152581
    4 -0.006990 -1.507134 0.002508 -1.179809 -0.000001 -0.000002
    5 0.001444 -0.954641 -0.003577 -1.228687 0.000000 0.000000
    6 0.007988 0.172186 -0.118553 -1.598091 -0.216549 -1.570593
    7 0.080660 0.135929 -0.203919 -1.506824 -0.066185 -1.662786
    8 0.117288 -0.155554 -0.604544 -1.412988 -0.374558 -1.569222
    9 0.127930 -3.761719 -0.348633 -0.873865 -0.036146 -0.178589
    10 -0.006790 -1.571166 0.010633 -1.223362 0.000000 -0.000003
    11 -0.002891 -1.156134 0.010561 -1.567260 0.000000 0.000000
    12 -0.018589 0.129951 -0.123721 -1.294580 0.001302 -1.635383
    13 -0.006160 0.170065 -0.110169 -1.280084 -0.068681 -1.597215
    14 0.047100 -0.104074 -0.352264 -1.243368 -0.257298 -1.694346
    15 0.949219 -3.619141 -0.348633 -0.197224 0.000005 0.130897
    16 -0.015404 -1.599609 -0.000001 -0.589916 0.000000 0.000000
    17 -0.002829 -0.941812 0.007065 -0.593400 0.000000 -0.000001
    18 -0.022325 0.045425 -0.038284 -1.125544 -0.129230 -1.681412
    19 -0.042901 -0.061274 -0.071212 -1.124462 -0.060454 -1.586099
    20 0.063741 -0.109104 -0.248158 -1.142813 -0.125805 -1.693583
    21 -1.403345 -3.241619 -0.342301 -1.174547 -0.118715 -0.146526
    22 0.010184 -1.202054 0.005877 -0.977365 -0.000003 -0.000007
    23 -0.013000 -0.789063 0.000000 -1.034973 0.000000 0.000000
    24 -0.011720 0.093267 0.017949 -1.687855 -0.079155 -1.575164
    25 0.048864 -0.085541 0.028626 -1.715605 -0.034569 -1.653190
    26 0.173918 -0.198414 -0.336163 -1.668104 -0.422317 -1.710956
    27 0.438974 -0.490226 0.396323 0.457988 -0.443923 -1.167613
    28 2.357422 0.016083 -0.000001 -0.304010 -0.029872 -0.496328
    29 1.250977 -0.000336 0.000002 0.000000 0.000000 -0.577698
    30 -0.267709 0.037512 -0.093907 2.913812 -0.143386 0.078467
    31 -0.029266 0.205410 -0.329287 2.788574 -0.255486 -0.188917
    32 0.204373 0.521055 -0.268577 2.886669 0.042206 -0.230367
    33 0.195697 -0.010059 -0.293538 -1.333586 0.150863 -1.672749
    34 1.257181 8.762590 -0.153713 -1.570562 0.002683 -1.566808
    35 -0.093500 -0.114213 -0.738866 -1.570842 0.061811 0.002096
    36 0.010843 0.093623 -0.081439 -3.141462 0.041719 -1.568236
    37 13.108546 -1.274107 -14.298595 -0.788984 0.255043 2.219396
    38 0.108654 -10.673144 -0.009359 0.728138 -0.453671 0.233271
    39 0.549521 -3.646670 -0.337160 -1.168716 -0.027210 -0.041096
    40 0.017872 -1.503640 0.004947 -0.411829 0.000001 -0.000004
    41 0.012045 -0.932386 -0.008488 -0.645565 -0.000002 -0.000001
    42 0.006928 0.005327 -0.181358 -1.528500 -0.248579 -1.611362
    43 -0.052313 0.038588 -0.230758 -1.592493 -0.043415 -1.528515
    44 -0.232600 -0.209658 -0.420670 -1.713790 -0.167173 -1.438930
    45 -0.222187 -3.733712 -0.342176 -1.212892 -0.000005 -0.000032
    46 0.023707 -1.582373 0.006169 -0.357728 0.000031 -0.000009
    47 0.000478 -1.172547 0.000250 -0.532142 0.000033 0.000030
    48 -0.038065 0.069166 -0.159882 -1.816986 0.066178 -1.575392
    49 -0.025151 0.088760 -0.068837 -1.817843 0.044510 -1.568287
    50 -0.102916 -0.186983 -0.272246 -1.833683 -0.232962 -1.472375
    51 -1.030272 -3.582044 -0.339254 -0.989549 0.000031 -0.000003
    52 0.001134 -1.610108 0.006277 -0.418801 0.000003 -0.000002
    53 0.009693 -0.949964 0.008323 -0.643897 0.000001 0.000001
    54 -0.004241 0.043707 -0.080202 -2.014997 -0.186996 -1.460723
    55 0.015383 -0.089136 -0.030009 -2.006083 0.036346 -1.568629
    56 -0.022610 -0.212358 -0.177904 -1.933161 -0.118801 -1.518895
    57 1.309013 -3.227547 -0.338302 -0.954667 -0.047553 -0.066330
    58 0.004503 -1.238418 0.006086 -0.544517 0.000004 0.000009
    59 0.003174 -0.774607 -0.004222 -0.490435 -0.000006 -0.000004
    60 -0.067138 0.063251 -0.010961 -0.899214 -0.014515 -1.600326
    61 -0.151180 -0.007395 -0.070065 -0.913061 -0.118819 -1.408558
    62 -0.178164 -0.244680 -0.357067 -1.159916 -0.384260 -1.556110
    63 -0.391451 -0.467570 0.379860 -0.129639 -0.511367 -2.796919
    64 2.472082 0.027427 0.005130 -0.103292 -0.017074 0.386467
    65 1.219513 0.013261 -0.005766 -0.000003 -0.349054 0.300133
    66 -0.263408 -0.117640 -0.015657 0.000036 -0.082210 -0.026800
    67 0.007707 -0.334360 -0.191576 0.070788 -0.181563 0.282364
    68 0.225562 -0.567923 -0.420715 0.119895 -0.183798 0.223460
    69 -0.203683 -0.095654 -0.328304 -1.745077 0.075142 -1.515382
    70 -1.393460 8.839182 -0.239440 1.580804 -0.005024 -1.566848
    71 0.036020 0.082814 -0.692656 -1.570769 0.065989 0.001276
    72 -0.088586 0.054019 -0.088595 0.010231 0.033800 -1.560851
    73 0.120153 -0.050270 -0.054489 -2.854024 0.030688 -1.580508
    74 -0.139399 -0.111692 0.014400 0.285395 -0.031353 1.580313
    75 1.815922 -4.953960 0.956709 -1.247037 1.437608 -1.233843
    76 1.280673 -7.522364 1.257767 -1.247037 1.437608 -1.233843
    77 3.914122 -5.194223 1.336679 -1.102199 1.470090 -1.123171
    78 3.733238 -6.026484 1.177255 -1.247037 1.437608 -1.233843
    79 2.572266 -6.871094 2.244141 -0.148865 -1.070098 0.151247
    80 3.797684 -22.610472 3.277112 -1.247037 1.437608 -1.233843
  time 1
    0 1.629157 0.000000 0.541027 0.000000 0.000000 -1.570796
    1 -3.338720 9.633293 -10.790829 5.688936 -1.229709 -4.374757
    2 -0.001605 -10.698019 -0.002571 0.331486 -0.076812 -0.159362
    3 -0.652832 -3.626953 -0.348633 -1.107361 -0.060909 -0.152581
    4 -0.010896 -1.503228 0.002508 -1.179809 -0.000001 -0.000002
    5 0.001444 -0.954641 -0.007484 -1.228687 0.000000 0.000000
    6 0.007988 0.172186 -0.118553 -1.598091 -0.216549 -1.570593
    7 0.080660 0.135929 -0.203919 -1.506824 -0.066185 -1.662786
    8 0.117288 -0.155554 -0.604544 -1.412988 -0.374558 -1.569222
    9 0.127930 -3.761719 -0.348633 -0.873865 -0.036146 -0.178589
    10 -0.010696 -1.567259 0.006726 -1.223362 0.000000 -0.000003
    11 -0.002891 -1.156134 0.002748 -1.567260 0.000000 0.000000
    12 -0.018589 0.129951 -0.123721 -1.294580 0.001302 -1.635383
    13 -0.006160 0.170065 -0.110169 -1.280084 -0.068681 -1.597215
    14 0.047100 -0.104074 -0.352264 -1.243368 -0.257298 -1.694346
    15 0.949219 -3.619141 -0.348633 -0.197224 0.000005 0.130897
    16 -0.015404 -1.599609 -0.000001 -0.589916 0.000000 0.000000
    17 -0.006736 -0.937906 0.007065 -0.593400 0.000000 -0.000001
    18 -0.022325 0.045425 -0.038284 -1.125544 -0.129230 -1.681412
    19 -0.042901 -0.061274 -0.071212 -1.124462 -0.060454 -1.586099
    20 0.063741 -0.109104 -0.248158 -1.142813 -0.125805 -1.693583
    21 -1.403345 -3.241619 -0.346207 -1.174547 -0.118715 -0.146526
    22 0.010184 -1.202054 0.009783 -0.977365 -0.000003 -0.000007
    23 -0.013000 -0.789063 0.000000 -1.034973 0.000000 0.000000
    24 -0.011720 0.093267 0.017949 -1.687855 -0.079155 -1.575164
    25 0.048864 -0.085541 0.028626 -1.715605 -0.034569 -1.653190
    26 0.173918 -0.198414 -0.336163 -1.668104 -0.422317 -1.710956
    27 0.438974 -0.490226 0.396323 0.457988 -0.443923 -1.167613
    28 2.357422 0.016083 -0.000001 -0.304010 -0.029872 -0.496328
    29 1.250977 -0.000336 0.000002 0.000000 0.000000 -0.577698
    30 -0.267709 0.037512 -0.093907 2.913812 -0.143386 0.078467
    31 -0.029266 0.205410 -0.329287 2.788574 -0.255486 -0.188917
    32 0.204373 0.521055 -0.268577 2.886669 0.042206 -0.230367
    33 0.195697 -0.010059 -0.293538 -1.333586 0.150863 -1.672749
    34 1.257181 8.762590 -0.153713 -1.570562 0.002683 -1.566808
    35 -0.093500 -0.114213 -0.738866 -1.570842 0.061811 0.002096
    36 0.010843 0.093623 -0.081439 -3.141462 0.041719 -1.568236
    37 13.245269 -1.520208 -14.490007 -0.801044 0.274446 2.222735
    38 0.104748 -10.673144 -0.009359 0.777931 -0.438164 0.214822
    39 0.549521 -3.642764 -0.341066 -0.969650 -0.027846 -0.037873
    40 0.021779 -1.503640 0.001040 -0.396787 0.000001 -0.000004
    41 0.008139 -0.932386 -0.004582 -1.875626 -0.000002 -0.000001
    42 0.006928 0.005327 -0.181358 -1.528500 -0.248579 -1.611362
    43 -0.052313 0.038588 -0.230758 -1.592493 -0.043415 -1.528515
    44 -0.232600 -0.209658 -0.420670 -1.713790 -0.167173 -1.438930
    45 -0.218280 -3.737618 -0.342176 -1.012586 -0.000005 -0.000032
    46 0.023707 -1.582373 0.006169 -0.353996 0.000031 -0.000009
    47 0.000478 -1.168640 0.000250 -0.530456 0.000033 0.000030
    48 -0.038065 0.069166 -0.159882 -1.816986 0.066178 -1.575392
    49 -0.025151 0.088760 -0.068837 -1.817843 0.044510 -1.568287
    50 -0.102916 -0.186983 -0.272246 -1.833683 -0.232962 -1.472375
    51 -1.030272 -3.578138 -0.343160 -0.810119 0.000031 -0.000003
    52 0.001134 -1.606202 0.006277 -0.413087 0.000003 -0.000002
    53 0.001880 -0.949964 0.004417 -0.623904 0.000001 0.000001
    54 -0.004241 0.043707 -0.080202 -2.014997 -0.186996 -1.460723
    55 0.015383 -0.089136 -0.030009 -2.006083 0.036346 -1.568629
    56 -0.022610 -0.212358 -0.177904 -1.933161 -0.118801 -1.518895
    57 1.305107 -3.227547 -0.338302 -0.783345 -0.048763 -0.061065
    58 0.000596 -1.238418 0.002180 -0.502129 0.000004 0.000009
    59 0.007081 -0.778514 -0.000316 -0.195320 -0.000006 -0.000004
    60 -0.067138 0.063251 -0.010961 -0.899214 -0.014515 -1.600326
    61 -0.151180 -0.007395 -0.070065 -0.913061 -0.118819 -1.408558
    62 -0.178164 -0.244680 -0.357067 -1.159916 -0.384260 -1.556110
    63 -0.391451 -0.467570 0.379860 -0.147414 -0.511215 -2.778256
    64 2.468175 0.027427 0.005130 -0.102082 -0.023342 0.325533
    65 1.219513 0.013261 -0.005766 0.009069 -0.296440 0.239280
    66 -0.263408 -0.117640 -0.015657 0.000036 -0.082210 -0.026800
    67 0.007707 -0.334360 -0.191576 0.070788 -0.181563 0.282364
    68 0.225562 -0.567923 -0.420715 0.119895 -0.183798 0.223460
    69 -0.203683 -0.095654 -0.328304 -1.745077 0.075142 -1.515382
    70 -1.393460 8.839182 -0.239440 1.580804 -0.005024 -1.566848
    71 0.036020 0.082814 -0.692656 -1.570769 0.065989 0.001276
    72 -0.088586 0.054019 -0.088595 0.010231 0.033800 -1.560851
    73 0.120153 -0.050270 -0.054489 -2.854024 0.030688 -1.580508
    74 -0.139399 -0.111692 0.014400 0.285395 -0.031353 1.580313
    75 1.815922 -4.953960 0.956709 -1.247037 1.437608 -1.233843
    76 1.280673 -7.522364 1.257767 -1.247037 1.437608 -1.233843
    77 3.914122 -5.194223 1.336679 -1.102199 1.470090 -1.123171
    78 3.733238 -6.026484 1.177255 -1.247037 1.437608 -1.233843
    79 2.572266 -6.871094 2.244141 -0.148865 -1.070098 0.151247
    80 3.797684 -22.610472 3.277112 -1.260152 1.438143 -1.247110
  time 2
    0 1.629157 0.000000 0.541027 0.000000 0.000000 -1.570796
    1 -3.065274 10.207529 -11.095526 5.618634 -1.213823 -4.343503
    2 -0.001605 -10.701926 -0.002571 0.313667 -0.058626 -0.184608
    3 -0.652832 -3.626953 -0.348633 -1.107361 -0.060909 -0.152581
    4 -0.010896 -1.507134 0.002508 -1.179809 -0.000001 -0.000002
    5 0.001444 -0.958548 -0.011390 -1.228687 0.000000 0.000000
    6 0.007988 0.172186 -0.118553 -1.598091 -0.216549 -1.570593
    7 0.080660 0.135929 -0.203919 -1.506824 -0.066185 -1.662786
    8 0.117288 -0.155554 -0.604544 -1.412988 -0.374558 -1.569222
    9 0.127930 -3.761719 -0.348633 -0.873865 -0.036146 -0.178589
    10 -0.006790 -1.567259 0.006726 -1.223476 0.000000 -0.000003
    11 -0.006798 -1.156134 0.006655 -1.567260 0.000000 0.000000
    12 -0.018589 0.129951 -0.123721 -1.294580 0.001302 -1.635383
    13 -0.006160 0.170065 -0.110169 -1.280084 -0.068681 -1.597215
    14 0.047100 -0.104074 -0.352264 -1.243368 -0.257298 -1.694346
    15 0.949219 -3.619141 -0.348633 -0.197224 0.000005 0.130897
    16 -0.015404 -1.599609 -0.000001 -0.589916 0.000000 0.000000
    17 -0.006736 -0.945718 0.007065 -0.593400 0.000000 -0.000001
    18 -0.022325 0.045425 -0.038284 -1.125544 -0.129230 -1.681412
    19 -0.042901 -0.061274 -0.071212 -1.124462 -0.060454 -1.586099
    20 0.063741 -0.109104 -0.248158 -1.142813 -0.125805 -1.693583
    21 -1.403345 -3.245525 -0.346207 -1.174547 -0.118715 -0.146526
    22 0.010184 -1.202054 0.005877 -0.977365 -0.000003 -0.000007
    23 -0.013000 -0.789063 0.000000 -1.034973 0.000000 0.000000
    24 -0.011720 0.093267 0.017949 -1.687855 -0.079155 -1.575164
    25 0.048864 -0.085541 0.028626 -1.715605 -0.034569 -1.653190
    26 0.173918 -0.198414 -0.336163 -1.668104 -0.422317 -1.710956
    27 0.446787 -0.494133 0.388510 0.457988 -0.443923 -1.167613
    28 2.357422 0.016083 -0.000001 -0.304010 -0.029872 -0.496328
    29 1.250977 -0.000336 0.000002 0.000000 0.000000 -0.577698
    30 -0.267709 0.037512 -0.093907 2.913812 -0.143386 0.078467
    31 -0.029266 0.205410 -0.329287 2.788574 -0.255486 -0.188917
    32 0.204373 0.521055 -0.268577 2.886669 0.042206 -0.230367
    33 0.195697 -0.010059 -0.293538 -1.333586 0.150863 -1.672749
    34 1.257181 8.762590 -0.153713 -1.570562 0.002683 -1.566808
    35 -0.093500 -0.114213 -0.738866 -1.570842 0.061811 0.002096
    36 0.010843 0.093623 -0.081439 -3.141462 0.041719 -1.568236
    37 13.542153 -2.028036 -14.915801 -0.816358 0.304895 2.230081
    38 0.100841 -10.673144 -0.001547 0.850491 -0.413909 0.188114
    39 0.553428 -3.646670 -0.341066 -0.669229 -0.029847 -0.033414
    40 0.017872 -1.503640 0.001040 -0.373252 0.000001 -0.000004
    41 0.008139 -0.932386 -0.008488 -3.101519 -0.000002 -0.000001
    42 0.006928 0.005327 -0.181358 -1.528500 -0.248579 -1.611362
    43 -0.052313 0.038588 -0.230758 -1.592493 -0.043415 -1.528515
    44 -0.232600 -0.209658 -0.420670 -1.713790 -0.167173 -1.438930
    45 -0.214374 -3.741524 -0.346082 -0.708515 -0.000005 -0.000032
    46 0.023707 -1.582373 0.006169 -0.347298 0.000031 -0.000009
    47 0.004385 -1.168640 0.000250 -0.526053 0.000033 0.000030
    48 -0.038065 0.069166 -0.159882 -1.816986 0.066178 -1.575392
    49 -0.025151 0.088760 -0.068837 -1.817843 0.044510 -1.568287
    50 -0.102916 -0.186983 -0.272246 -1.833683 -0.232962 -1.472375
    51 -1.026365 -3.578138 -0.343160 -0.536017 0.000031 -0.000003
    52 0.001134 -1.610108 0.002371 -0.404516 0.000003 -0.000002
    53 0.005787 -0.949964 0.008323 -0.599870 0.000001 0.000001
    54 -0.004241 0.043707 -0.080202 -2.014997 -0.186996 -1.460723
    55 0.015383 -0.089136 -0.030009 -2.006083 0.036346 -1.568629
    56 -0.022610 -0.212358 -0.177904 -1.933161 -0.118801 -1.518895
    57 1.305107 -3.227547 -0.338302 -0.524643 -0.052059 -0.053900
    58 0.000596 -1.238418 0.006086 -0.439419 0.000004 0.000009
    59 0.007081 -0.774607 -0.000316 -0.204783 -0.000006 -0.000004
    60 -0.067138 0.063251 -0.010961 -0.899214 -0.014515 -1.600326
    61 -0.151180 -0.007395 -0.070065 -0.913061 -0.118819 -1.408558
    62 -0.178164 -0.244680 -0.357067 -1.159916 -0.384260 -1.556110
    63 -0.395357 -0.467570 0.379860 -0.173508 -0.509327 -2.748455
    64 2.472082 0.027427 0.005130 -0.099421 -0.032845 0.231508
    65 1.223420 0.013261 -0.005766 0.016631 -0.218169 0.148340
    66 -0.263408 -0.117640 -0.015657 0.000036 -0.082210 -0.026800
    67 0.007707 -0.334360 -0.191576 0.070788 -0.181563 0.282364
    68 0.225562 -0.567923 -0.420715 0.119895 -0.183798 0.223460
    69 -0.203683 -0.095654 -0.328304 -1.745077 0.075142 -1.515382
    70 -1.393460 8.839182 -0.239440 1.580804 -0.005024 -1.566848
    71 0.036020 0.082814 -0.692656 -1.570769 0.065989 0.001276
    72 -0.088586 0.054019 -0.088595 0.010231 0.033800 -1.560851
    73 0.120153 -0.050270 -0.054489 -2.854024 0.030688 -1.580508
    74 -0.139399 -0.111692 0.014400 0.285395 -0.031353 1.580313
    75 1.815922 -4.953960 0.956709 -1.247037 1.437608 -1.233843
    76 1.280673 -7.522364 1.257767 -1.247037 1.437608 -1.233843
    77 3.914122 -5.194223 1.336679 -1.102199 1.470090 -1.123171
    78 3.733238 -6.026484 1.177255 -1.247037 1.437608 -1.233843
    79 2.572266 -6.871094 2.244141 -0.148865 -1.070098 0.151247
    80 3.797684 -22.610472 3.277112 -1.297643 1.439650 -1.284931
  time 3
    0 1.629157 0.000000 0.541027 0.000000 0.000000 -1.570796
    1 -2.666825 11.051305 -11.540852 5.539075 -1.193855 -4.311291
    2 -0.001605 -10.701926 -0.002571 0.291800 -0.037500 -0.215242
    3 -0.652832 -3.626953 -0.348633 -1.107361 -0.060909 -0.152581
    4 -0.006990 -1.507134 0.002508 -1.179809 -0.000001 -0.000002
    5 0.001444 -0.954641 -0.003577 -1.228687 0.000000 0.000000
    6 0.007988 0.172186 -0.118553 -1.598091 -0.216549 -1.570593
    7 0.080660 0.135929 -0.203919 -1.506824 -0.066185 -1.662786
    8 0.117288 -0.155554 -0.604544 -1.412988 -0.374558 -1.569222
    9 0.127930 -3.761719 -0.348633 -0.873865 -0.036146 -0.178589
    10 -0.010696 -1.567259 0.010633 -1.223438 0.000000 -0.000003
    11 -0.006798 -1.156134 0.002748 -1.567260 0.000000 0.000000
    12 -0.018589 0.129951 -0.123721 -1.294580 0.001302 -1.635383
    13 -0.006160 0.170065 -0.110169 -1.280084 -0.068681 -1.597215
    14 0.047100 -0.104074 -0.352264 -1.243368 -0.257298 -1.694346
    15 0.949219 -3.619141 -0.348633 -0.197224 0.000005 0.130897
    16 -0.015404 -1.599609 -0.000001 -0.589916 0.000000 0.000000
    17 -0.002829 -0.945718 0.007065 -0.593400 0.000000 -0.000001
    18 -0.022325 0.045425 -0.038284 -1.125544 -0.129230 -1.681412
    19 -0.042901 -0.061274 -0.071212 -1.124462 -0.060454 -1.586099
    20 0.063741 -0.109104 -0.248158 -1.142813 -0.125805 -1.693583
    21 -1.403345 -3.245525 -0.338395 -1.174547 -0.118715 -0.146526
    22 0.010184 -1.202054 0.009783 -0.977365 -0.000003 -0.000007
    23 -0.013000 -0.789063 0.000000 -1.034973 0.000000 0.000000
    24 -0.011720 0.093267 0.017949 -1.687855 -0.079155 -1.575164
    25 0.048864 -0.085541 0.028626 -1.715605 -0.034569 -1.653190
    26 0.173918 -0.198414 -0.336163 -1.668104 -0.422317 -1.710956
    27 0.438974 -0.494133 0.392416 0.457988 -0.443923 -1.167613
    28 2.357422 0.016083 -0.000001 -0.304010 -0.029872 -0.496328
    29 1.250977 -0.000336 0.000002 0.000000 0.000000 -0.577698
    30 -0.267709 0.037512 -0.093907 2.913812 -0.143386 0.078467
    31 -0.029266 0.205410 -0.329287 2.788574 -0.255486 -0.188917
    32 0.204373 0.521055 -0.268577 2.886669 0.042206 -0.230367
    33 0.195697 -0.010059 -0.293538 -1.333586 0.150863 -1.672749
    34 1.257181 8.762590 -0.153713 -1.570562 0.002683 -1.566808
    35 -0.093500 -0.114213 -0.738866 -1.570842 0.061811 0.002096
    36 0.010843 0.093623 -0.081439 -3.141462 0.041719 -1.568236
    37 13.960134 -2.735089 -15.497850 -0.834543 0.341622 2.238477
    38 0.104748 -10.673144 -0.005453 0.928613 -0.385149 0.163012
    39 0.549521 -3.646670 -0.337160 -0.346123 -0.033502 -0.029447
    40 0.025685 -1.503640 0.001040 -0.349007 0.000001 -0.000004
    41 0.008139 -0.928479 -0.008488 1.956251 -0.000002 -0.000001
    42 0.006928 0.005327 -0.181358 -1.528500 -0.248579 -1.611362
    43 -0.052313 0.038588 -0.230758 -1.592493 -0.043415 -1.528515
    44 -0.232600 -0.209658 -0.420670 -1.713790 -0.167173 -1.438930
    45 -0.218280 -3.737618 -0.342176 -0.383644 -0.000005 -0.000032
    46 0.019801 -1.582373 0.010076 -0.338112 0.000031 -0.000009
    47 0.008291 -1.172547 0.004156 -0.519775 0.000033 0.000030
    48 -0.038065 0.069166 -0.159882 -1.816986 0.066178 -1.575392
    49 -0.025151 0.088760 -0.068837 -1.817843 0.044510 -1.568287
    50 -0.102916 -0.186983 -0.272246 -1.833683 -0.232962 -1.472375
    51 -1.030272 -3.578138 -0.343160 -0.245737 0.000031 -0.000003
    52 0.005040 -1.610108 0.002371 -0.394088 0.000003 -0.000002
    53 0.009693 -0.946058 0.004417 -0.572764 0.000001 0.000001
    54 -0.004241 0.043707 -0.080202 -2.014997 -0.186996 -1.460723
    55 0.015383 -0.089136 -0.030009 -2.006083 0.036346 -1.568629
    56 -0.022610 -0.212358 -0.177904 -1.933161 -0.118801 -1.518895
    57 1.305107 -3.227547 -0.338302 -0.246478 -0.057836 -0.047239
    58 0.000596 -1.242324 0.006086 -0.370435 0.000004 0.000009
    59 0.010987 -0.778514 -0.004222 -0.379662 -0.000006 -0.000004
    60 -0.067138 0.063251 -0.010961 -0.899214 -0.014515 -1.600326
    61 -0.151180 -0.007395 -0.070065 -0.913061 -0.118819 -1.408558
    62 -0.178164 -0.244680 -0.357067 -1.159916 -0.384260 -1.556110
    63 -0.391451 -0.467570 0.379860 -0.202333 -0.508024 -2.718653
    64 2.472082 0.027427 0.009037 -0.095706 -0.042517 0.132973
    65 1.223420 0.013261 -0.005766 0.016188 -0.131105 0.054845
    66 -0.263408 -0.117640 -0.015657 0.000036 -0.082210 -0.026800
    67 0.007707 -0.334360 -0.191576 0.070788 -0.181563 0.282364
    68 0.225562 -0.567923 -0.420715 0.119895 -0.183798 0.223460
    69 -0.203683 -0.095654 -0.328304 -1.745077 0.075142 -1.515382
    70 -1.393460 8.839182 -0.239440 1.580804 -0.005024 -1.566848
    71 0.036020 0.082814 -0.692656 -1.570769 0.065989 0.001276
    72 -0.088586 0.054019 -0.088595 0.010231 0.033800 -1.560851
    73 0.120153 -0.050270 -0.054489 -2.854024 0.030688 -1.580508
    74 -0.139399 -0.111692 0.014400 0.285395 -0.031353 1.580313
    75 1.815922 -4.953960 0.956709 -1.247037 1.437608 -1.233843
    76 1.280673 -7.522364 1.257767 -1.247037 1.437608 -1.233843
    77 3.914122 -5.194223 1.336679 -1.102199 1.470090 -1.123171
    78 3.733238 -6.026484 1.177255 -1.247037 1.437608 -1.233843
    79 2.572266 -6.871094 2.244141 -0.148865 -1.070098 0.151247
    80 3.797684 -22.610472 3.277112 -1.356767 1.441546 -1.344515
  time 4
    0 1.629157 0.000000 0.541027 0.000000 0.000000 -1.570796
    1 -2.170716 12.098212 -12.091650 5.456124 -1.170376 -4.281667
    2 -0.001605 -10.698019 -0.002571 0.266256 -0.014665 -0.250302
    3 -0.652832 -3.626953 -0.348633 -1.107361 -0.060909 -0.152581
    4 -0.010896 -1.503228 0.002508 -1.179809 -0.000001 -0.000002
    5 0.009257 -0.954641 -0.011390 -1.228687 0.000000 0.000000
    6 0.007988 0.172186 -0.118553 -1.598091 -0.216549 -1.570593
    7 0.080660 0.135929 -0.203919 -1.506824 -0.066185 -1.662786
    8 0.117288 -0.155554 -0.604544 -1.412988 -0.374558 -1.569222
    9 0.127930 -3.761719 -0.348633 -0.873865 -0.036146 -0.178589
    10 -0.006790 -1.571166 0.006726 -1.223438 0.000000 -0.000003
    11 -0.002891 -1.156134 0.006655 -1.567260 0.000000 0.000000
    12 -0.018589 0.129951 -0.123721 -1.294580 0.001302 -1.635383
    13 -0.006160 0.170065 -0.110169 -1.280084 -0.068681 -1.597215
    14 0.047100 -0.104074 -0.352264 -1.243368 -0.257298 -1.694346
    15 0.949219 -3.619141 -0.348633 -0.197224 0.000005 0.130897
    16 -0.015404 -1.599609 -0.000001 -0.589916 0.000000 0.000000
    17 -0.006736 -0.941812 0.007065 -0.593400 0.000000 -0.000001
    18 -0.022325 0.045425 -0.038284 -1.125544 -0.129230 -1.681412
    19 -0.042901 -0.061274 -0.071212 -1.124462 -0.060454 -1.586099
    20 0.063741 -0.109104 -0.248158 -1.142813 -0.125805 -1.693583
    21 -1.403345 -3.241619 -0.342301 -1.174547 -0.118715 -0.146526
    22 0.006278 -1.202054 0.005877 -0.977365 -0.000003 -0.000007
    23 -0.013000 -0.789063 0.000000 -1.034973 0.000000 0.000000
    24 -0.011720 0.093267 0.017949 -1.687855 -0.079155 -1.575164
    25 0.048864 -0.085541 0.028626 -1.715605 -0.034569 -1.653190
    26 0.173918 -0.198414 -0.336163 -1.668104 -0.422317 -1.710956
    27 0.446787 -0.494133 0.388510 0.457988 -0.443923 -1.167613
    28 2.357422 0.016083 -0.000001 -0.304010 -0.029872 -0.496328
    29 1.250977 -0.000336 0.000002 0.000000 0.000000 -0.577698
    30 -0.267709 0.037512 -0.093907 2.913812 -0.143386 0.078467
    31 -0.029266 0.205410 -0.329287 2.788574 -0.255486 -0.188917
    32 0.204373 0.521055 -0.268577 2.886669 0.042206 -0.230367
    33 0.195697 -0.010059 -0.293538 -1.333586 0.150863 -1.672749
    34 1.257181 8.762590 -0.153713 -1.570562 0.002683 -1.566808
    35 -0.093500 -0.114213 -0.738866 -1.570842 0.061811 0.002096
    36 0.010843 0.093623 -0.081439 -3.141462 0.041719 -1.568236
    37 14.440618 -3.574958 -16.161933 -0.854930 0.380278 2.245346
    38 0.100841 -10.673144 -0.009359 0.996307 -0.357779 0.147456
    39 0.549521 -3.650577 -0.341066 -0.078230 -0.037841 -0.027074
    40 0.017872 -1.507546 0.001040 -0.331680 0.000001 -0.000004
    41 0.012045 -0.928479 -0.008488 0.728842 -0.000002 -0.000001
    42 0.006928 0.005327 -0.181358 -1.528500 -0.248579 -1.611362
    43 -0.052313 0.038588 -0.230758 -1.592493 -0.043415 -1.528515
    44 -0.232600 -0.209658 -0.420670 -1.713790 -0.167173 -1.438930
    45 -0.214374 -3.741524 -0.342176 -0.121289 -0.000005 -0.000032
    46 0.015894 -1.582373 0.010076 -0.327778 0.000031 -0.000009
    47 0.008291 -1.172547 0.000250 -0.512468 0.000033 0.000030
    48 -0.038065 0.069166 -0.159882 -1.816986 0.066178 -1.575392
    49 -0.025151 0.088760 -0.068837 -1.817843 0.044510 -1.568287
    50 -0.102916 -0.186983 -0.272246 -1.833683 -0.232962 -1.472375
    51 -1.026365 -3.582044 -0.339254 -0.017555 0.000031 -0.000003
    52 0.001134 -1.610108 0.002371 -0.382327 0.000003 -0.000002
    53 0.009693 -0.949964 0.004417 -0.543664 0.000001 0.000001
    54 -0.004241 0.043707 -0.080202 -2.014997 -0.186996 -1.460723
    55 0.015383 -0.089136 -0.030009 -2.006083 0.036346 -1.568629
    56 -0.022610 -0.212358 -0.177904 -1.933161 -0.118801 -1.518895
    57 1.305107 -3.227547 -0.338302 -0.015879 -0.064451 -0.042832
    58 0.000596 -1.242324 0.006086 -0.309305 0.000004 0.000009
    59 0.007081 -0.774607 -0.000316 -0.581354 -0.000006 -0.000004
    60 -0.067138 0.063251 -0.010961 -0.899214 -0.014515 -1.600326
    61 -0.151180 -0.007395 -0.070065 -0.913061 -0.118819 -1.408558
    62 -0.178164 -0.244680 -0.357067 -1.159916 -0.384260 -1.556110
    63 -0.391451 -0.467570 0.379860 -0.228514 -0.510479 -2.699471
    64 2.468175 0.027427 0.005130 -0.092303 -0.049528 0.058638
    65 1.219513 0.013261 -0.005766 0.008422 -0.052747 -0.016390
    66 -0.263408 -0.117640 -0.015657 0.000036 -0.082210 -0.026800
    67 0.007707 -0.334360 -0.191576 0.070788 -0.181563 0.282364
    68 0.225562 -0.567923 -0.420715 0.119895 -0.183798 0.223460
    69 -0.203683 -0.095654 -0.328304 -1.745077 0.075142 -1.515382
    70 -1.393460 8.839182 -0.239440 1.580804 -0.005024 -1.566848
    71 0.036020 0.082814 -0.692656 -1.570769 0.065989 0.001276
    72 -0.088586 0.054019 -0.088595 0.010231 0.033800 -1.560851
    73 0.120153 -0.050270 -0.054489 -2.854024 0.030688 -1.580508
    74 -0.139399 -0.111692 0.014400 0.285395 -0.031353 1.580313
    75 1.815922 -4.953960 0.956709 -1.247037 1.437608 -1.233843
    76 1.280673 -7.522364 1.257767 -1.247037 1.437608 -1.233843
    77 3.914122 -5.194223 1.336679 -1.102199 1.470090 -1.123171
    78 3.733238 -6.026484 1.177255 -1.247037 1.437608 -1.233843
    79 2.572266 -6.871094 2.244141 -0.148865 -1.070098 0.151247
    80 3.797684 -22.610472 3.277112 -1.433710 1.443345 -1.422098
  time 5
    0 1.629157 0.000000 0.541027 0.000000 0.000000 -1.570796
    1 -1.600386 13.289654 -12.712762 5.374090 -1.144309 -4.257315
    2 -0.001605 -10.701926 -0.006478 0.237849 0.009093 -0.288934
    3 -0.652832 -3.626953 -0.348633 -1.107361 -0.060909 -0.152581
    4 -0.010896 -1.503228 0.002508 -1.179809 -0.000001 -0.000002
    5 0.001444 -0.954641 -0.003577 -1.228687 0.000000 0.000000
    6 0.007988 0.172186 -0.118553 -1.598091 -0.216549 -1.570593
    7 0.080660 0.135929 -0.203919 -1.506824 -0.066185 -1.662786
    8 0.117288 -0.155554 -0.604544 -1.412988 -0.374558 -1.569222
    9 0.127930 -3.761719 -0.348633 -0.873865 -0.036146 -0.178589
    10 -0.002883 -1.563353 0.002820 -1.223438 0.000000 -0.000003
    11 -0.002891 -1.156134 0.010561 -1.567260 0.000000 0.000000
    12 -0.018589 0.129951 -0.123721 -1.294580 0.001302 -1.635383
    13 -0.006160 0.170065 -0.110169 -1.280084 -0.068681 -1.597215
    14 0.047100 -0.104074 -0.352264 -1.243368 -0.257298 -1.694346
    15 0.949219 -3.619141 -0.348633 -0.197224 0.000005 0.130897
    16 -0.015404 -1.599609 -0.000001 -0.589916 0.000000 0.000000
    17 -0.006736 -0.941812 0.007065 -0.593400 0.000000 -0.000001
    18 -0.022325 0.045425 -0.038284 -1.125544 -0.129230 -1.681412
    19 -0.042901 -0.061274 -0.071212 -1.124462 -0.060454 -1.586099
    20 0.063741 -0.109104 -0.248158 -1.142813 -0.125805 -1.693583
    21 -1.403345 -3.241619 -0.342301 -1.174547 -0.118715 -0.146526
    22 0.006278 -1.202054 0.005877 -0.977365 -0.000003 -0.000007
    23 -0.013000 -0.789063 0.000000 -1.034973 0.000000 0.000000
    24 -0.011720 0.093267 0.017949 -1.687855 -0.079155 -1.575164
    25 0.048864 -0.085541 0.028626 -1.715605 -0.034569 -1.653190
    26 0.173918 -0.198414 -0.336163 -1.668104 -0.422317 -1.710956
    27 0.446787 -0.490226 0.396323 0.457988 -0.443923 -1.167613
    28 2.357422 0.016083 -0.000001 -0.304010 -0.029872 -0.496328
    29 1.250977 -0.000336 0.000002 0.000000 0.000000 -0.577698
    30 -0.267709 0.037512 -0.093907 2.913812 -0.143386 0.078467
    31 -0.029266 0.205410 -0.329287 2.788574 -0.255486 -0.188917
    32 0.204373 0.521055 -0.268577 2.886669 0.042206 -0.230367
    33 0.195697 -0.010059 -0.293538 -1.333586 0.150863 -1.672749
    34 1.257181 8.762590 -0.153713 -1.570562 0.002683 -1.566808
    35 -0.093500 -0.114213 -0.738866 -1.570842 0.061811 0.002096
    36 0.010843 0.093623 -0.081439 -3.141462 0.041719 -1.568236
    37 14.960165 -4.453891 -16.849454 -0.878092 0.415718 2.247636
    38 0.100841 -10.673144 -0.005453 1.038800 -0.339060 0.147327
    39 0.549521 -3.646670 -0.344972 0.055524 -0.041053 -0.026176
    40 0.017872 -1.503640 0.004947 -0.328993 0.000001 -0.000004
    41 0.008139 -0.932386 -0.008488 -0.504156 -0.000002 -0.000001
    42 0.006928 0.005327 -0.181358 -1.528500 -0.248579 -1.611362
    43 -0.052313 0.038588 -0.230758 -1.592493 -0.043415 -1.528515
    44 -0.232600 -0.209658 -0.420670 -1.713790 -0.167173 -1.438930
    45 -0.218280 -3.737618 -0.346082 -0.004473 -0.000005 -0.000032
    46 0.023707 -1.578467 0.006169 -0.316869 0.000031 -0.000009
    47 0.004385 -1.172547 0.000250 -0.504598 0.000033 0.000030
    48 -0.038065 0.069166 -0.159882 -1.816986 0.066178 -1.575392
    49 -0.025151 0.088760 -0.068837 -1.817843 0.044510 -1.568287
    50 -0.102916 -0.186983 -0.272246 -1.833683 -0.232962 -1.472375
    51 -1.030272 -3.582044 -0.343160 0.069709 0.000031 -0.000003
    52 0.001134 -1.610108 0.002371 -0.370137 0.000003 -0.000002
    53 0.001880 -0.949964 0.004417 -0.513593 0.000001 0.000001
    54 -0.004241 0.043707 -0.080202 -2.014997 -0.186996 -1.460723
    55 0.015383 -0.089136 -0.030009 -2.006083 0.036346 -1.568629
    56 -0.022610 -0.212358 -0.177904 -1.933161 -0.118801 -1.518895
    57 1.305107 -3.227547 -0.338302 0.099030 -0.069497 -0.040763
    58 0.008409 -1.242324 0.002180 -0.270075 0.000004 0.000009
    59 0.003174 -0.774607 -0.000316 -0.670603 -0.000006 -0.000004
    60 -0.067138 0.063251 -0.010961 -0.899214 -0.014515 -1.600326
    61 -0.151180 -0.007395 -0.070065 -0.913061 -0.118819 -1.408558
    62 -0.178164 -0.244680 -0.357067 -1.159916 -0.384260 -1.556110
    63 -0.387544 -0.467570 0.383766 -0.246709 -0.520470 -2.701550
    64 2.468175 0.027427 0.005130 -0.091224 -0.051469 0.037170
    65 1.223420 0.013261 -0.005766 -0.000003 -0.000017 -0.040253
    66 -0.263408 -0.117640 -0.015657 0.000036 -0.082210 -0.026800
    67 0.007707 -0.334360 -0.191576 0.070788 -0.181563 0.282364
    68 0.225562 -0.567923 -0.420715 0.119895 -0.183798 0.223460
    69 -0.203683 -0.095654 -0.328304 -1.745077 0.075142 -1.515382
    70 -1.393460 8.839182 -0.239440 1.580804 -0.005024 -1.566848
    71 0.036020 0.082814 -0.692656 -1.570769 0.065989 0.001276
    72 -0.088586 0.054019 -0.088595 0.010231 0.033800 -1.560851
    73 0.120153 -0.050270 -0.054489 -2.854024 0.030688 -1.580508
    74 -0.139399 -0.111692 0.014400 0.285395 -0.031353 1.580313
    75 1.815922 -4.953960 0.956709 -1.247037 1.437608 -1.233843
    76 1.280673 -7.522364 1.257767 -1.247037 1.437608 -1.233843
    77 3.914122 -5.194223 1.336679 -1.102199 1.470090 -1.123171
    78 3.733238 -6.026484 1.177255 -1.247037 1.437608 -1.233843
    79 2.572266 -6.871094 2.244141 -0.148865 -1.070098 0.151247
    80 3.797684 -22.610472 3.277112 -1.524872 1.444366 -1.514034
  time 6
    0 1.629157 0.000000 0.541027 0.000000 0.000000 -1.570796
    1 -0.990992 14.555318 -13.376845 5.295997 -1.116442 -4.239100
    2 -0.009418 -10.694113 -0.006478 0.207196 0.032885 -0.330030
    3 -0.652832 -3.626953 -0.348633 -1.107361 -0.060909 -0.152581
    4 -0.006990 -1.507134 0.006415 -1.179809 -0.000001 -0.000002
    5 0.001444 -0.954641 -0.003577 -1.228687 0.000000 0.000000
    6 0.007988 0.172186 -0.118553 -1.598091 -0.216549 -1.570593
    7 0.080660 0.135929 -0.203919 -1.506824 -0.066185 -1.662786
    8 0.117288 -0.155554 -0.604544 -1.412988 -0.374558 -1.569222
    9 0.127930 -3.761719 -0.348633 -0.873865 -0.036146 -0.178589
    10 -0.006790 -1.567259 0.006726 -1.223362 0.000000 -0.000003
    11 -0.006798 -1.156134 0.002748 -1.567260 0.000000 0.000000
    12 -0.018589 0.129951 -0.123721 -1.294580 0.001302 -1.635383
    13 -0.006160 0.170065 -0.110169 -1.280084 -0.068681 -1.597215
    14 0.047100 -0.104074 -0.352264 -1.243368 -0.257298 -1.694346
    15 0.949219 -3.619141 -0.348633 -0.197224 0.000005 0.130897
    16 -0.015404 -1.599609 -0.000001 -0.589916 0.000000 0.000000
    17 -0.002829 -0.945718 0.007065 -0.593400 0.000000 -0.000001
    18 -0.022325 0.045425 -0.038284 -1.125544 -0.129230 -1.681412
    19 -0.042901 -0.061274 -0.071212 -1.124462 -0.060454 -1.586099
    20 0.063741 -0.109104 -0.248158 -1.142813 -0.125805 -1.693583
    21 -1.403345 -3.249431 -0.342301 -1.174547 -0.118715 -0.146526
    22 0.010184 -1.202054 0.005877 -0.977365 -0.000003 -0.000007
    23 -0.013000 -0.789063 0.000000 -1.034973 0.000000 0.000000
    24 -0.011720 0.093267 0.017949 -1.687855 -0.079155 -1.575164
    25 0.048864 -0.085541 0.028626 -1.715605 -0.034569 -1.653190
    26 0.173918 -0.198414 -0.336163 -1.668104 -0.422317 -1.710956
    27 0.442881 -0.490226 0.388510 0.457988 -0.443923 -1.167613
    28 2.357422 0.016083 -0.000001 -0.304010 -0.029872 -0.496328
    29 1.250977 -0.000336 0.000002 0.000000 0.000000 -0.577698
    30 -0.267709 0.037512 -0.093907 2.913812 -0.143386 0.078467
    31 -0.029266 0.205410 -0.329287 2.788574 -0.255486 -0.188917
    32 0.204373 0.521055 -0.268577 2.886669 0.042206 -0.230367
    33 0.195697 -0.010059 -0.293538 -1.333586 0.150863 -1.672749
    34 1.257181 8.762590 -0.153713 -1.570562 0.002683 -1.566808
    35 -0.093500 -0.114213 -0.738866 -1.570842 0.061811 0.002096
    36 0.010843 0.093623 -0.081439 -3.141462 0.041719 -1.568236
    37 15.464086 -5.301574 -17.486192 -0.903647 0.443519 2.243056
    38 0.104748 -10.673144 -0.009359 1.036150 -0.349174 0.238638
    39 0.545615 -3.646670 -0.341066 0.055908 -0.041963 -0.025984
    40 0.017872 -1.499734 0.001040 -0.335108 0.000001 -0.000004
    41 0.012045 -0.932386 -0.008488 -0.482182 -0.000002 -0.000001
    42 0.006928 0.005327 -0.181358 -1.528500 -0.248579 -1.611362
    43 -0.052313 0.038588 -0.230758 -1.592493 -0.043415 -1.528515
    44 -0.232600 -0.209658 -0.420670 -1.713790 -0.167173 -1.438930
    45 -0.222187 -3.741524 -0.346082 -0.023758 -0.000005 -0.000032
    46 0.023707 -1.578467 0.010076 -0.306057 0.000031 -0.000009
    47 0.004385 -1.172547 0.000250 -0.497009 0.000033 0.000030
    48 -0.038065 0.069166 -0.159882 -1.816986 0.066178 -1.575392
    49 -0.025151 0.088760 -0.068837 -1.817843 0.044510 -1.568287
    50 -0.102916 -0.186983 -0.272246 -1.833683 -0.232962 -1.472375
    51 -1.030272 -3.578138 -0.343160 0.035719 0.000031 -0.000003
    52 0.005040 -1.606202 0.002371 -0.358090 0.000003 -0.000002
    53 0.005787 -0.949964 0.008323 -0.483847 0.000001 0.000001
    54 -0.004241 0.043707 -0.080202 -2.014997 -0.186996 -1.460723
    55 0.015383 -0.089136 -0.030009 -2.006083 0.036346 -1.568629
    56 -0.022610 -0.212358 -0.177904 -1.933161 -0.118801 -1.518895
    57 1.301201 -3.227547 -0.338302 0.098718 -0.070971 -0.040225
    58 0.000596 -1.242324 0.006086 -0.259104 0.000004 0.000009
    59 0.010987 -0.774607 -0.004222 -0.647595 -0.000006 -0.000004
    60 -0.067138 0.063251 -0.010961 -0.899214 -0.014515 -1.600326
    61 -0.151180 -0.007395 -0.070065 -0.913061 -0.118819 -1.408558
    62 -0.178164 -0.244680 -0.357067 -1.159916 -0.384260 -1.556110
    63 -0.395357 -0.467570 0.383766 -0.250457 -0.530574 -2.718258
    64 2.472082 0.027427 0.005130 -0.092219 -0.049684 0.056773
    65 1.223420 0.013261 -0.005766 -0.002472 0.015201 -0.026827
    66 -0.263408 -0.117640 -0.015657 0.000036 -0.082210 -0.026800
    67 0.007707 -0.334360 -0.191576 0.070788 -0.181563 0.282364
    68 0.225562 -0.567923 -0.420715 0.119895 -0.183798 0.223460
    69 -0.203683 -0.095654 -0.328304 -1.745077 0.075142 -1.515382
    70 -1.393460 8.839182 -0.239440 1.580804 -0.005024 -1.566848
    71 0.036020 0.082814 -0.692656 -1.570769 0.065989 0.001276
    72 -0.088586 0.054019 -0.088595 0.010231 0.033800 -1.560851
    73 0.120153 -0.050270 -0.054489 -2.854024 0.030688 -1.580508
    74 -0.139399 -0.111692 0.014400 0.285395 -0.031353 1.580313
    75 1.815922 -4.953960 0.956709 -1.247037 1.437608 -1.233843
    76 1.280673 -7.522364 1.257767 -1.247037 1.437608 -1.233843
    77 3.914122 -5.194223 1.336679 -1.102199 1.470090 -1.123171
    78 3.733238 -6.026484 1.177255 -1.247037 1.437608 -1.233843
    79 2.572266 -6.871094 2.244141 -0.148865 -1.070098 0.151247
    80 3.797684 -22.610472 3.277112 -1.624873 1.444366 -1.614854
  time 7
    0 1.629157 0.000000 0.541027 0.000000 0.000000 -1.570796
    1 -0.362067 15.844420 -14.048741 5.223862 -1.088092 -4.227404
    2 -0.001605 -10.694113 -0.002571 0.175013 0.055891 -0.372504
    3 -0.652832 -3.626953 -0.348633 -1.107361 -0.060909 -0.152581
    4 -0.006990 -1.507134 0.002508 -1.179809 -0.000001 -0.000002
    5 0.001444 -0.954641 -0.003577 -1.228687 0.000000 0.000000
    6 0.007988 0.172186 -0.118553 -1.598091 -0.216549 -1.570593
    7 0.080660 0.135929 -0.203919 -1.506824 -0.066185 -1.662786
    8 0.117288 -0.155554 -0.604544 -1.412988 -0.374558 -1.569222
    9 0.127930 -3.761719 -0.348633 -0.873865 -0.036146 -0.178589
    10 -0.006790 -1.567259 0.006726 -1.223362 0.000000 -0.000003
    11 -0.006798 -1.156134 0.006655 -1.567260 0.000000 0.000000
    12 -0.018589 0.129951 -0.123721 -1.294580 0.001302 -1.635383
    13 -0.006160 0.170065 -0.110169 -1.280084 -0.068681 -1.597215
    14 0.047100 -0.104074 -0.352264 -1.243368 -0.257298 -1.694346
    15 0.949219 -3.619141 -0.348633 -0.197224 0.000005 0.130897
    16 -0.015404 -1.599609 -0.000001 -0.589916 0.000000 0.000000
    17 -0.002829 -0.941812 0.007065 -0.593400 0.000000 -0.000001
    18 -0.022325 0.045425 -0.038284 -1.125544 -0.129230 -1.681412
    19 -0.042901 -0.061274 -0.071212 -1.124462 -0.060454 -1.586099
    20 0.063741 -0.109104 -0.248158 -1.142813 -0.125805 -1.693583
    21 -1.399439 -3.241619 -0.342301 -1.174547 -0.118715 -0.146526
    22 0.010184 -1.202054 0.005877 -0.977365 -0.000003 -0.000007
    23 -0.013000 -0.789063 0.000000 -1.034973 0.000000 0.000000
    24 -0.011720 0.093267 0.017949 -1.687855 -0.079155 -1.575164
    25 0.048864 -0.085541 0.028626 -1.715605 -0.034569 -1.653190
    26 0.173918 -0.198414 -0.336163 -1.668104 -0.422317 -1.710956
    27 0.446787 -0.490226 0.388510 0.457988 -0.443923 -1.167613
    28 2.357422 0.016083 -0.000001 -0.304010 -0.029872 -0.496328
    29 1.250977 -0.000336 0.000002 0.000000 0.000000 -0.577698
    30 -0.267709 0.037512 -0.093907 2.913812 -0.143386 0.078467
    31 -0.029266 0.205410 -0.329287 2.788574 -0.255486 -0.188917
    32 0.204373 0.521055 -0.268577 2.886669 0.042206 -0.230367
    33 0.195697 -0.010059 -0.293538 -1.333586 0.150863 -1.672749
    34 1.257181 8.762590 -0.153713 -1.570562 0.002683 -1.566808
    35 -0.093500 -0.114213 -0.738866 -1.570842 0.061811 0.002096
    36 0.010843 0.093623 -0.081439 -3.141462 0.041719 -1.568236
    37 15.905506 -6.043784 -18.001833 -0.931691 0.458422 2.229032
    38 0.104748 -10.673144 -0.009359 0.991484 -0.342464 0.304687
    39 0.549521 -3.642764 -0.337160 0.016031 -0.042491 -0.025828
    40 0.025685 -1.503640 0.001040 -0.344991 0.000001 -0.000004
    41 0.008139 -0.928479 -0.004582 -0.456893 -0.000002 -0.000001
    42 0.006928 0.005327 -0.181358 -1.528500 -0.248579 -1.611362
    43 -0.052313 0.038588 -0.230758 -1.592493 -0.043415 -1.528515
    44 -0.232600 -0.209658 -0.420670 -1.713790 -0.167173 -1.438930
    45 -0.218280 -3.737618 -0.342176 -0.092449 -0.000005 -0.000032
    46 0.019801 -1.578467 0.006169 -0.296584 0.000031 -0.000009
    47 0.000478 -1.172547 0.000250 -0.490170 0.000033 0.000030
    48 -0.038065 0.069166 -0.159882 -1.816986 0.066178 -1.575392
    49 -0.025151 0.088760 -0.068837 -1.817843 0.044510 -1.568287
    50 -0.102916 -0.186983 -0.272246 -1.833683 -0.232962 -1.472375
    51 -1.030272 -3.578138 -0.339254 -0.048168 0.000031 -0.000003
    52 0.001134 -1.606202 0.006277 -0.346948 0.000003 -0.000002
    53 0.009693 -0.946058 0.008323 -0.455231 0.000001 0.000001
    54 -0.004241 0.043707 -0.080202 -2.014997 -0.186996 -1.460723
    55 0.015383 -0.089136 -0.030009 -2.006083 0.036346 -1.568629
    56 -0.022610 -0.212358 -0.177904 -1.933161 -0.118801 -1.518895
    57 1.305107 -3.227547 -0.338302 0.063381 -0.071750 -0.039939
    58 0.000596 -1.242324 0.002180 -0.252164 0.000004 0.000009
    59 0.010987 -0.774607 -0.004222 -0.608444 -0.000006 -0.000004
    60 -0.067138 0.063251 -0.010961 -0.899214 -0.014515 -1.600326
    61 -0.151180 -0.007395 -0.070065 -0.913061 -0.118819 -1.408558
    62 -0.178164 -0.244680 -0.357067 -1.159916 -0.384260 -1.556110
    63 -0.391451 -0.467570 0.379860 -0.248933 -0.543492 -2.747727
    64 2.472082 0.027427 0.005130 -0.094076 -0.045992 0.096152
    65 1.219513 0.013261 -0.005766 -0.003503 0.023431 0.001928
    66 -0.263408 -0.117640 -0.015657 0.000036 -0.082210 -0.026800
    67 0.007707 -0.334360 -0.191576 0.070788 -0.181563 0.282364
    68 0.225562 -0.567923 -0.420715 0.119895 -0.183798 0.223460
    69 -0.203683 -0.095654 -0.328304 -1.745077 0.075142 -1.515382
    70 -1.393460 8.839182 -0.239440 1.580804 -0.005024 -1.566848
    71 0.036020 0.082814 -0.692656 -1.570769 0.065989 0.001276
    72 -0.088586 0.054019 -0.088595 0.010231 0.033800 -1.560851
    73 0.120153 -0.050270 -0.054489 -2.854024 0.030688 -1.580508
    74 -0.139399 -0.111692 0.014400 0.285395 -0.031353 1.580313
    75 1.815922 -4.953960 0.956709 -1.247037 1.437608 -1.233843
    76 1.280673 -7.522364 1.257767 -1.247037 1.437608 -1.233843
    77 3.914122 -5.194223 1.336679 -1.102199 1.470090 -1.123171
    78 3.733238 -6.026484 1.177255 -1.247037 1.437608 -1.233843
    79 2.572266 -6.871094 2.244141 -0.148865 -1.070098 0.151247
    80 3.797684 -22.610472 3.277112 -1.726193 1.442956 -1.716992
  time 8
    0 1.629157 0.000000 0.541027 0.000000 0.000000 -1.570796
    1 0.262952 17.094458 -14.712823 5.159426 -1.060181 -4.221460
    2 -0.005512 -10.694113 -0.006478 0.142287 0.077530 -0.415249
    3 -0.652832 -3.626953 -0.348633 -1.107361 -0.060909 -0.152581
    4 -0.010896 -1.503228 0.002508 -1.179809 -0.000001 -0.000002
    5 0.005351 -0.954641 -0.007484 -1.228687 0.000000 0.000000
    6 0.007988 0.172186 -0.118553 -1.598091 -0.216549 -1.570593
    7 0.080660 0.135929 -0.203919 -1.506824 -0.066185 -1.662786
    8 0.117288 -0.155554 -0.604544 -1.412988 -0.374558 -1.569222
    9 0.127930 -3.761719 -0.348633 -0.873865 -0.036146 -0.178589
    10 -0.010696 -1.567259 0.010633 -1.223438 0.000000 -0.000003
    11 -0.006798 -1.156134 0.002748 -1.567260 0.000000 0.000000
    12 -0.018589 0.129951 -0.123721 -1.294580 0.001302 -1.635383
    13 -0.006160 0.170065 -0.110169 -1.280084 -0.068681 -1.597215
    14 0.047100 -0.104074 -0.352264 -1.243368 -0.257298 -1.694346
    15 0.949219 -3.619141 -0.348633 -0.197224 0.000005 0.130897
    16 -0.015404 -1.599609 -0.000001 -0.589916 0.000000 0.000000
    17 -0.002829 -0.941812 0.007065 -0.593400 0.000000 -0.000001
    18 -0.022325 0.045425 -0.038284 -1.125544 -0.129230 -1.681412
    19 -0.042901 -0.061274 -0.071212 -1.124462 -0.060454 -1.586099
    20 0.063741 -0.109104 -0.248158 -1.142813 -0.125805 -1.693583
    21 -1.403345 -3.241619 -0.342301 -1.174547 -0.118715 -0.146526
    22 0.010184 -1.202054 0.005877 -0.977365 -0.000003 -0.000007
    23 -0.013000 -0.789063 0.000000 -1.034973 0.000000 0.000000
    24 -0.011720 0.093267 0.017949 -1.687855 -0.079155 -1.575164
    25 0.048864 -0.085541 0.028626 -1.715605 -0.034569 -1.653190
    26 0.173918 -0.198414 -0.336163 -1.668104 -0.422317 -1.710956
    27 0.442881 -0.486320 0.396323 0.457988 -0.443923 -1.167613
    28 2.357422 0.016083 -0.000001 -0.304010 -0.029872 -0.496328
    29 1.250977 -0.000336 0.000002 0.000000 0.000000 -0.577698
    30 -0.267709 0.037512 -0.093907 2.913812 -0.143386 0.078467
    31 -0.029266 0.205410 -0.329287 2.788574 -0.255486 -0.188917
    32 0.204373 0.521055 -0.268577 2.886669 0.042206 -0.230367
    33 0.195697 -0.010059 -0.293538 -1.333586 0.150863 -1.672749
    34 1.257181 8.762590 -0.153713 -1.570562 0.002683 -1.566808
    35 -0.093500 -0.114213 -0.738866 -1.570842 0.061811 0.002096
    36 0.010843 0.093623 -0.081439 -3.141462 0.041719 -1.568236
    37 16.253173 -6.618020 -18.329968 -0.961840 0.455547 2.204131
    38 0.108654 -10.673144 -0.009359 0.988964 -0.320055 0.285371
    39 0.553428 -3.646670 -0.341066 -0.056566 -0.042623 -0.025720
    40 0.025685 -1.499734 0.001040 -0.358396 0.000001 -0.000004
    41 0.004232 -0.932386 -0.004582 -0.430089 -0.000002 -0.000001
    42 0.006928 0.005327 -0.181358 -1.528500 -0.248579 -1.611362
    43 -0.052313 0.038588 -0.230758 -1.592493 -0.043415 -1.528515
    44 -0.232600 -0.209658 -0.420670 -1.713790 -0.167173 -1.438930
    45 -0.218280 -3.737618 -0.342176 -0.199943 -0.000005 -0.000032
    46 0.023707 -1.582373 0.006169 -0.288929 0.000031 -0.000009
    47 0.000478 -1.176453 0.000250 -0.485111 0.000033 0.000030
    48 -0.038065 0.069166 -0.159882 -1.816986 0.066178 -1.575392
    49 -0.025151 0.088760 -0.068837 -1.817843 0.044510 -1.568287
    50 -0.102916 -0.186983 -0.272246 -1.833683 -0.232962 -1.472375
    51 -1.030272 -3.582044 -0.343160 -0.171002 0.000031 -0.000003
    52 0.005040 -1.606202 0.002371 -0.337472 0.000003 -0.000002
    53 0.009693 -0.949964 0.004417 -0.428987 0.000001 0.000001
    54 -0.004241 0.043707 -0.080202 -2.014997 -0.186996 -1.460723
    55 0.015383 -0.089136 -0.030009 -2.006083 0.036346 -1.568629
    56 -0.022610 -0.212358 -0.177904 -1.933161 -0.118801 -1.518895
    57 1.305107 -3.227547 -0.346115 -0.000371 -0.071978 -0.039754
    58 0.000596 -1.242324 0.006086 -0.249380 0.000004 0.000009
    59 0.007081 -0.774607 -0.004222 -0.558346 -0.000006 -0.000004
    60 -0.067138 0.063251 -0.010961 -0.899214 -0.014515 -1.600326
    61 -0.151180 -0.007395 -0.070065 -0.913061 -0.118819 -1.408558
    62 -0.178164 -0.244680 -0.357067 -1.159916 -0.384260 -1.556110
    63 -0.391451 -0.467570 0.375953 -0.243487 -0.558582 -2.786091
    64 2.468175 0.027427 0.005130 -0.096437 -0.040791 0.150624
    65 1.223420 0.013261 -0.005766 -0.003335 0.025958 0.043131
    66 -0.263408 -0.117640 -0.015657 0.000036 -0.082210 -0.026800
    67 0.007707 -0.334360 -0.191576 0.070788 -0.181563 0.282364
    68 0.225562 -0.567923 -0.420715 0.119895 -0.183798 0.223460
    69 -0.203683 -0.095654 -0.328304 -1.745077 0.075142 -1.515382
    70 -1.393460 8.839182 -0.239440 1.580804 -0.005024 -1.566848
    71 0.036020 0.082814 -0.692656 -1.570769 0.065989 0.001276
    72 -0.088586 0.054019 -0.088595 0.010231 0.033800 -1.560851
    73 0.120153 -0.050270 -0.054489 -2.854024 0.030688 -1.580508
    74 -0.139399 -0.111692 0.014400 0.285395 -0.031353 1.580313
    75 1.815922 -4.953960 0.956709 -1.247037 1.437608 -1.233843
    76 1.280673 -7.522364 1.257767 -1.247037 1.437608 -1.233843
    77 3.914122 -5.194223 1.336679 -1.102199 1.470090 -1.123171
    78 3.733238 -6.026484 1.177255 -1.247037 1.437608 -1.233843
    79 2.572266 -6.871094 2.244141 -0.148865 -1.070098 0.151247
    80 3.797684 -22.610472 3.277112 -1.823271 1.440379 -1.814824
  time 9
    0 1.629157 0.000000 0.541027 0.000000 0.000000 -1.570796
    1 0.852814 18.235118 -15.310498 5.103789 -1.033894 -4.220693
    2 -0.009418 -10.698019 -0.002571 0.110005 0.097288 -0.456866
    3 -0.652832 -3.626953 -0.348633 -1.107361 -0.060909 -0.152581
    4 -0.006990 -1.503228 0.002508 -1.179809 -0.000001 -0.000002
    5 0.001444 -0.954641 -0.007484 -1.228687 0.000000 0.000000
    6 0.007988 0.172186 -0.118553 -1.598091 -0.216549 -1.570593
    7 0.080660 0.135929 -0.203919 -1.506824 -0.066185 -1.662786
    8 0.117288 -0.155554 -0.604544 -1.412988 -0.374558 -1.569222
    9 0.127930 -3.761719 -0.348633 -0.873865 -0.036146 -0.178589
    10 -0.002883 -1.567259 0.010633 -1.223362 0.000000 -0.000003
    11 -0.006798 -1.156134 0.002748 -1.567260 0.000000 0.000000
    12 -0.018589 0.129951 -0.123721 -1.294580 0.001302 -1.635383
    13 -0.006160 0.170065 -0.110169 -1.280084 -0.068681 -1.597215
    14 0.047100 -0.104074 -0.352264 -1.243368 -0.257298 -1.694346
    15 0.949219 -3.619141 -0.348633 -0.197224 0.000005 0.130897
    16 -0.015404 -1.599609 -0.000001 -0.589916 0.000000 0.000000
    17 -0.002829 -0.945718 0.007065 -0.593400 0.000000 -0.000001
    18 -0.022325 0.045425 -0.038284 -1.125544 -0.129230 -1.681412
    19 -0.042901 -0.061274 -0.071212 -1.124462 -0.060454 -1.586099
    20 0.063741 -0.109104 -0.248158 -1.142813 -0.125805 -1.693583
    21 -1.403345 -3.249431 -0.342301 -1.174547 -0.118715 -0.146526
    22 0.010184 -1.202054 0.009783 -0.977365 -0.000003 -0.000007
    23 -0.013000 -0.789063 0.000000 -1.034973 0.000000 0.000000
    24 -0.011720 0.093267 0.017949 -1.687855 -0.079155 -1.575164
    25 0.048864 -0.085541 0.028626 -1.715605 -0.034569 -1.653190
    26 0.173918 -0.198414 -0.336163 -1.668104 -0.422317 -1.710956
    27 0.446787 -0.490226 0.396323 0.457988 -0.443923 -1.167613
    28 2.357422 0.016083 -0.000001 -0.304010 -0.029872 -0.496328
    29 1.250977 -0.000336 0.000002 0.000000 0.000000 -0.577698
    30 -0.267709 0.037512 -0.093907 2.913812 -0.143386 0.078467
    31 -0.029266 0.205410 -0.329287 2.788574 -0.255486 -0.188917
    32 0.204373 0.521055 -0.268577 2.886669 0.042206 -0.230367
    33 0.195697 -0.010059 -0.293538 -1.333586 0.150863 -1.672749
    34 1.257181 8.762590 -0.153713 -1.570562 0.002683 -1.566808
    35 -0.093500 -0.114213 -0.738866 -1.570842 0.061811 0.002096
    36 0.010843 0.093623 -0.081439 -3.141462 0.041719 -1.568236
    37 16.522712 -7.051627 -18.501848 -1.001656 0.424002 2.157955
    38 0.108654 -10.673144 -0.009359 0.988573 -0.288202 0.248923
    39 0.553428 -3.646670 -0.337160 -0.154470 -0.042515 -0.025672
    40 0.021779 -1.507546 0.001040 -0.374673 0.000001 -0.000004
    41 0.004232 -0.928479 -0.004582 -0.404516 -0.000002 -0.000001
    42 0.006928 0.005327 -0.181358 -1.528500 -0.248579 -1.611362
    43 -0.052313 0.038588 -0.230758 -1.592493 -0.043415 -1.528515
    44 -0.232600 -0.209658 -0.420670 -1.713790 -0.167173 -1.438930
    45 -0.214374 -3.733712 -0.346082 -0.335170 -0.000005 -0.000032
    46 0.023707 -1.578467 0.006169 -0.283762 0.000031 -0.000009
    47 0.004385 -1.172547 0.004156 -0.482394 0.000033 0.000030
    48 -0.038065 0.069166 -0.159882 -1.816986 0.066178 -1.575392
    49 -0.025151 0.088760 -0.068837 -1.817843 0.044510 -1.568287
    50 -0.102916 -0.186983 -0.272246 -1.833683 -0.232962 -1.472375
    51 -1.026365 -3.574231 -0.339254 -0.321126 0.000031 -0.000003
    52 0.001134 -1.606202 0.002371 -0.330330 0.000003 -0.000002
    53 0.005787 -0.949964 0.004417 -0.406085 0.000001 0.000001
    54 -0.004241 0.043707 -0.080202 -2.014997 -0.186996 -1.460723
    55 0.015383 -0.089136 -0.030009 -2.006083 0.036346 -1.568629
    56 -0.022610 -0.212358 -0.177904 -1.933161 -0.118801 -1.518895
    57 1.309013 -3.227547 -0.338302 -0.085876 -0.071762 -0.039737
    58 0.000596 -1.242324 0.002180 -0.250377 0.000004 0.000009
    59 0.007081 -0.774607 -0.008129 -0.502032 -0.000006 -0.000004
    60 -0.067138 0.063251 -0.010961 -0.899214 -0.014515 -1.600326
    61 -0.151180 -0.007395 -0.070065 -0.913061 -0.118819 -1.408558
    62 -0.178164 -0.244680 -0.357067 -1.159916 -0.384260 -1.556110
    63 -0.387544 -0.467570 0.383766 -0.235589 -0.575145 -2.829443
    64 2.472082 0.027427 0.005130 -0.098894 -0.034439 0.215505
    65 1.223420 0.013261 -0.005766 -0.002460 0.024124 0.093548
    66 -0.263408 -0.117640 -0.015657 0.000036 -0.082210 -0.026800
    67 0.007707 -0.334360 -0.191576 0.070788 -0.181563 0.282364
    68 0.225562 -0.567923 -0.420715 0.119895 -0.183798 0.223460
    69 -0.203683 -0.095654 -0.328304 -1.745077 0.075142 -1.515382
    70 -1.393460 8.839182 -0.239440 1.580804 -0.005024 -1.566848
    71 0.036020 0.082814 -0.692656 -1.570769 0.065989 0.001276
    72 -0.088586 0.054019 -0.088595 0.010231 0.033800 -1.560851
    73 0.120153 -0.050270 -0.054489 -2.854024 0.030688 -1.580508
    74 -0.139399 -0.111692 0.014400 0.285395 -0.031353 1.580313
    75 1.815922 -4.953960 0.956709 -1.247037 1.437608 -1.233843
    76 1.280673 -7.522364 1.257767 -1.247037 1.437608 -1.233843
    77 3.914122 -5.194223 1.336679 -1.102199 1.470090 -1.123171
    78 3.733238 -6.026484 1.177255 -1.247037 1.437608 -1.233843
    79 2.572266 -6.871094 2.244141 -0.148865 -1.070098 0.151247
    80 3.797684 -22.610472 3.277112 -1.910228 1.436927 -1.902571
  time 10
    0 1.629157 0.000000 0.541027 0.000000 0.000000 -1.570796
    1 1.380174 19.215616 -15.826139 5.058052 -1.010284 -4.223665
    2 -0.001605 -10.701926 -0.002571 0.079352 0.114722 -0.496104
    3 -0.652832 -3.626953 -0.348633 -1.107361 -0.060909 -0.152581
    4 -0.010896 -1.507134 0.002508 -1.179809 -0.000001 -0.000002
    5 0.001444 -0.954641 -0.003577 -1.228687 0.000000 0.000000
    6 0.007988 0.172186 -0.118553 -1.598091 -0.216549 -1.570593
    7 0.080660 0.135929 -0.203919 -1.506824 -0.066185 -1.662786
    8 0.117288 -0.155554 -0.604544 -1.412988 -0.374558 -1.569222
    9 0.127930 -3.761719 -0.348633 -0.873865 -0.036146 -0.178589
    10 -0.006790 -1.563353 0.006726 -1.223362 0.000000 -0.000003
    11 -0.006798 -1.156134 0.002748 -1.567260 0.000000 0.000000
    12 -0.018589 0.129951 -0.123721 -1.294580 0.001302 -1.635383
    13 -0.006160 0.170065 -0.110169 -1.280084 -0.068681 -1.597215
    14 0.047100 -0.104074 -0.352264 -1.243368 -0.257298 -1.694346
    15 0.949219 -3.619141 -0.348633 -0.197224 0.000005 0.130897
    16 -0.015404 -1.599609 -0.000001 -0.589916 0.000000 0.000000
    17 -0.002829 -0.941812 0.010971 -0.593400 0.000000 -0.000001
    18 -0.022325 0.045425 -0.038284 -1.125544 -0.129230 -1.681412
    19 -0.042901 -0.061274 -0.071212 -1.124462 -0.060454 -1.586099
    20 0.063741 -0.109104 -0.248158 -1.142813 -0.125805 -1.693583
    21 -1.399439 -3.241619 -0.342301 -1.174547 -0.118715 -0.146526
    22 0.010184 -1.202054 0.005877 -0.977365 -0.000003 -0.000007
    23 -0.013000 -0.789063 0.000000 -1.034973 0.000000 0.000000
    24 -0.011720 0.093267 0.017949 -1.687855 -0.079155 -1.575164
    25 0.048864 -0.085541 0.028626 -1.715605 -0.034569 -1.653190
    26 0.173918 -0.198414 -0.336163 -1.668104 -0.422317 -1.710956
    27 0.446787 -0.486320 0.388510 0.457988 -0.443911 -1.167613
    28 2.357422 0.016083 -0.000001 -0.304010 -0.029872 -0.496328
    29 1.250977 -0.000336 0.000002 0.000000 0.000000 -0.577698
    30 -0.267709 0.037512 -0.093907 2.913812 -0.143386 0.078467
    31 -0.029266 0.205410 -0.329287 2.788574 -0.255486 -0.188917
    32 0.204373 0.521055 -0.268577 2.886669 0.042206 -0.230367
    33 0.195697 -0.010059 -0.293538 -1.333586 0.150863 -1.672749
    34 1.257181 8.762590 -0.153713 -1.570562 0.002683 -1.566808
    35 -0.093500 -0.114213 -0.738866 -1.570842 0.061811 0.002096
    36 0.010843 0.093623 -0.081439 -3.141462 0.041719 -1.568236
    37 16.772720 -7.434451 -18.607320 -1.045684 0.365678 2.096610
    38 0.100841 -10.673144 -0.005453 0.987704 -0.250406 0.202063
    39 0.553428 -3.650577 -0.337160 -0.269819 -0.042179 -0.025696
    40 0.021779 -1.503640 0.001040 -0.393421 0.000001 -0.000004
    41 0.008139 -0.928479 -0.008488 -0.382258 -0.000002 -0.000001
    42 0.006928 0.005327 -0.181358 -1.528500 -0.248579 -1.611362
    43 -0.052313 0.038588 -0.230758 -1.592493 -0.043415 -1.528515
    44 -0.232600 -0.209658 -0.420670 -1.713790 -0.167173 -1.438930
    45 -0.218280 -3.733712 -0.342176 -0.487468 -0.000005 -0.000032
    46 0.019801 -1.582373 0.010076 -0.282422 0.000031 -0.000009
    47 0.004385 -1.176453 0.004156 -0.482487 0.000033 0.000030
    48 -0.038065 0.069166 -0.159882 -1.816986 0.066178 -1.575392
    49 -0.025151 0.088760 -0.068837 -1.817843 0.044510 -1.568287
    50 -0.102916 -0.186983 -0.272246 -1.833683 -0.232962 -1.472375
    51 -1.026365 -3.574231 -0.339254 -0.487047 0.000031 -0.000003
    52 0.005040 -1.606202 0.002371 -0.326330 0.000003 -0.000002
    53 0.009693 -0.949964 0.008323 -0.387655 0.000001 0.000001
    54 -0.004241 0.043707 -0.080202 -2.014997 -0.186996 -1.460723
    55 0.015383 -0.089136 -0.030009 -2.006083 0.036346 -1.568629
    56 -0.022610 -0.212358 -0.177904 -1.933161 -0.118801 -1.518895
    57 1.305107 -3.227547 -0.338302 -0.186317 -0.071259 -0.039838
    58 0.004503 -1.238418 0.009992 -0.255156 0.000004 0.000009
    59 0.007081 -0.774607 -0.004222 -0.444883 -0.000006 -0.000004
    60 -0.067138 0.063251 -0.010961 -0.899214 -0.014515 -1.600326
    61 -0.151180 -0.007395 -0.070065 -0.913061 -0.118819 -1.408558
    62 -0.178164 -0.244680 -0.357067 -1.159916 -0.384260 -1.556110
    63 -0.395357 -0.467570 0.379860 -0.226973 -0.592633 -2.873875
    64 2.464269 0.027427 0.005130 -0.101051 -0.027368 0.286067
    65 1.219513 0.013261 -0.005766 -0.001417 0.019374 0.150460
    66 -0.263408 -0.117640 -0.015657 0.000036 -0.082210 -0.026800
    67 0.007707 -0.334360 -0.191576 0.070788 -0.181563 0.282364
    68 0.225562 -0.567923 -0.420715 0.119895 -0.183798 0.223460
    69 -0.203683 -0.095654 -0.328304 -1.745077 0.075142 -1.515382
    70 -1.393460 8.839182 -0.239440 1.580804 -0.005024 -1.566848
    71 0.036020 0.082814 -0.692656 -1.570769 0.065989 0.001276
    72 -0.088586 0.054019 -0.088595 0.010231 0.033800 -1.560851
    73 0.120153 -0.050270 -0.054489 -2.854024 0.030688 -1.580508
    74 -0.139399 -0.111692 0.014400 0.285395 -0.031353 1.580313
    75 1.815922 -4.953960 0.956709 -1.247037 1.437608 -1.233843
    76 1.280673 -7.522364 1.257767 -1.247037 1.437608 -1.233843
    77 3.914122 -5.194223 1.336679 -1.102199 1.470090 -1.123171
    78 3.733238 -6.026484 1.177255 -1.247037 1.437608 -1.233843
    79 2.572266 -6.871094 2.244141 -0.148865 -1.070098 0.151247
    80 3.797684 -22.610472 3.277112 -1.983037 1.432989 -1.976081
  time 11
    0 1.629157 0.000000 0.541027 0.000000 0.000000 -1.570796
    1 1.813781 19.973452 -16.228495 5.023222 -0.990404 -4.229417
    2 -0.005512 -10.698019 -0.006478 0.051414 0.129968 -0.531603
    3 -0.652832 -3.626953 -0.348633 -1.107361 -0.060909 -0.152581
    4 -0.006990 -1.507134 0.002508 -1.179809 -0.000001 -0.000002
    5 0.001444 -0.954641 -0.003577 -1.228687 0.000000 0.000000
    6 0.007988 0.172186 -0.118553 -1.598091 -0.216549 -1.570593
    7 0.080660 0.135929 -0.203919 -1.506824 -0.066185 -1.662786
    8 0.117288 -0.155554 -0.604544 -1.412988 -0.374558 -1.569222
    9 0.127930 -3.761719 -0.348633 -0.873865 -0.036146 -0.178589
    10 -0.006790 -1.563353 0.010633 -1.223362 0.000000 -0.000003
    11 -0.010704 -1.156134 0.002748 -1.567260 0.000000 0.000000
    12 -0.018589 0.129951 -0.123721 -1.294580 0.001302 -1.635383
    13 -0.006160 0.170065 -0.110169 -1.280084 -0.068681 -1.597215
    14 0.047100 -0.104074 -0.352264 -1.243368 -0.257298 -1.694346
    15 0.949219 -3.619141 -0.348633 -0.197224 0.000005 0.130897
    16 -0.015404 -1.599609 -0.000001 -0.589916 0.000000 0.000000
    17 -0.002829 -0.941812 0.007065 -0.593382 0.000000 -0.000001
    18 -0.022325 0.045425 -0.038284 -1.125544 -0.129230 -1.681412
    19 -0.042901 -0.061274 -0.071212 -1.124462 -0.060454 -1.586099
    20 0.063741 -0.109104 -0.248158 -1.142813 -0.125805 -1.693583
    21 -1.403345 -3.245525 -0.338395 -1.174547 -0.118715 -0.146526
    22 0.010184 -1.202054 0.005877 -0.977365 -0.000003 -0.000007
    23 -0.013000 -0.789063 0.000000 -1.034973 0.000000 0.000000
    24 -0.011720 0.093267 0.017949 -1.687855 -0.079155 -1.575164
    25 0.048864 -0.085541 0.028626 -1.715605 -0.034569 -1.653190
    26 0.173918 -0.198414 -0.336163 -1.668104 -0.422317 -1.710956
    27 0.442881 -0.494133 0.396323 0.457988 -0.443911 -1.167613
    28 2.357422 0.016083 -0.000001 -0.304010 -0.029872 -0.496328
    29 1.250977 -0.000336 0.000002 0.000000 0.000000 -0.577698
    30 -0.267709 0.037512 -0.093907 2.913812 -0.143386 0.078467
    31 -0.029266 0.205410 -0.329287 2.788574 -0.255486 -0.188917
    32 0.204373 0.521055 -0.268577 2.886669 0.042206 -0.230367
    33 0.195697 -0.010059 -0.293538 -1.333586 0.150863 -1.672749
    34 1.257181 8.762590 -0.153713 -1.570562 0.002683 -1.566808
    35 -0.093500 -0.114213 -0.738866 -1.570842 0.061811 0.002096
    36 0.010843 0.093623 -0.081439 -3.141462 0.041719 -1.568236
    37 16.983664 -7.762586 -18.638571 -1.086457 0.288782 2.030017
    38 0.104748 -10.673144 -0.009359 0.983576 -0.210573 0.150959
    39 0.545615 -3.646670 -0.341066 -0.395522 -0.041808 -0.025804
    40 0.021779 -1.503640 0.004947 -0.414238 0.000001 -0.000004
    41 0.008139 -0.932386 -0.004582 -0.365872 -0.000002 -0.000001
    42 0.006928 0.005327 -0.181358 -1.528500 -0.248579 -1.611362
    43 -0.052313 0.038588 -0.230758 -1.592493 -0.043415 -1.528515
    44 -0.232600 -0.209658 -0.420670 -1.713790 -0.167173 -1.438930
    45 -0.222187 -3.733712 -0.342176 -0.645708 -0.000005 -0.000032
    46 0.019801 -1.578467 0.006169 -0.285197 0.000031 -0.000009
    47 0.004385 -1.172547 0.000250 -0.486516 0.000033 0.000030
    48 -0.038065 0.069166 -0.159882 -1.816986 0.066178 -1.575392
    49 -0.025151 0.088760 -0.068837 -1.817843 0.044510 -1.568287
    50 -0.102916 -0.186983 -0.272246 -1.833683 -0.232962 -1.472375
    51 -1.030272 -3.574231 -0.339254 -0.657380 0.000031 -0.000003
    52 0.001134 -1.606202 0.002371 -0.326092 0.000003 -0.000002
    53 0.009693 -0.949964 0.008323 -0.374829 0.000001 0.000001
    54 -0.004241 0.043707 -0.080202 -2.014997 -0.186996 -1.460723
    55 0.015383 -0.089136 -0.030009 -2.006083 0.036346 -1.568629
    56 -0.022610 -0.212358 -0.177904 -1.933161 -0.118801 -1.518895
    57 1.305107 -3.227547 -0.338302 -0.295293 -0.070635 -0.040040
    58 0.004503 -1.238418 0.006086 -0.263509 0.000004 0.000009
    59 0.007081 -0.774607 -0.004222 -0.391445 -0.000006 -0.000004
    60 -0.067138 0.063251 -0.010961 -0.899214 -0.014515 -1.600326
    61 -0.151180 -0.007395 -0.070065 -0.913061 -0.118819 -1.408558
    62 -0.178164 -0.244680 -0.357067 -1.159916 -0.384260 -1.556110
    63 -0.395357 -0.467570 0.383766 -0.219565 -0.610669 -2.915169
    64 2.468175 0.027427 0.005130 -0.102777 -0.020058 0.357713
    65 1.223420 0.013261 -0.005766 -0.000567 0.013122 0.210851
    66 -0.263408 -0.117640 -0.015657 0.000036 -0.082210 -0.026800
    67 0.007707 -0.334360 -0.191576 0.070788 -0.181563 0.282364
    68 0.225562 -0.567923 -0.420715 0.119895 -0.183798 0.223460
    69 -0.203683 -0.095654 -0.328304 -1.745077 0.075142 -1.515382
    70 -1.393460 8.839182 -0.239440 1.580804 -0.005024 -1.566848
    71 0.036020 0.082814 -0.692656 -1.570769 0.065989 0.001276
    72 -0.088586 0.054019 -0.088595 0.010231 0.033800 -1.560851
    73 0.120153 -0.050270 -0.054489 -2.854024 0.030688 -1.580508
    74 -0.139399 -0.111692 0.014400 0.285395 -0.031353 1.580313
    75 1.815922 -4.953960 0.956709 -1.247037 1.437608 -1.233843
    76 1.280673 -7.522364 1.257767 -1.247037 1.437608 -1.233843
    77 3.914122 -5.194223 1.336679 -1.102199 1.470090 -1.123171
    78 3.733238 -6.026484 1.177255 -1.247037 1.437608 -1.233843
    79 2.572266 -6.871094 2.244141 -0.148865 -1.070098 0.151247
    80 3.797684 -22.610472 3.277112 -2.039274 1.429295 -2.032871
  time 12
    0 1.629157 0.000000 0.541027 0.000000 0.000000 -1.570796
    1 2.134103 20.442216 -16.470690 5.000949 -0.975351 -4.237279
    2 -0.001605 -10.694113 -0.006478 0.027400 0.142753 -0.561715
    3 -0.652832 -3.626953 -0.348633 -1.107361 -0.060909 -0.152581
    4 -0.003083 -1.503228 0.002508 -1.179809 -0.000001 -0.000002
    5 0.001444 -0.954641 -0.007484 -1.228687 0.000000 0.000000
    6 0.007988 0.172186 -0.118553 -1.598091 -0.216549 -1.570593
    7 0.080660 0.135929 -0.203919 -1.506824 -0.066185 -1.662786
    8 0.117288 -0.155554 -0.604544 -1.412988 -0.374558 -1.569222
    9 0.127930 -3.761719 -0.348633 -0.873865 -0.036146 -0.178589
    10 -0.010696 -1.563353 0.006726 -1.223362 0.000000 -0.000003
    11 -0.006798 -1.156134 0.006655 -1.567260 0.000000 0.000000
    12 -0.018589 0.129951 -0.123721 -1.294580 0.001302 -1.635383
    13 -0.006160 0.170065 -0.110169 -1.280084 -0.068681 -1.597215
    14 0.047100 -0.104074 -0.352264 -1.243368 -0.257298 -1.694346
    15 0.949219 -3.619141 -0.348633 -0.197224 0.000005 0.130897
    16 -0.015404 -1.599609 -0.000001 -0.589916 0.000000 0.000000
    17 -0.002829 -0.945718 0.010971 -0.593400 0.000000 -0.000001
    18 -0.022325 0.045425 -0.038284 -1.125544 -0.129230 -1.681412
    19 -0.042901 -0.061274 -0.071212 -1.124462 -0.060454 -1.586099
    20 0.063741 -0.109104 -0.248158 -1.142813 -0.125805 -1.693583
    21 -1.403345 -3.245525 -0.338395 -1.174547 -0.118715 -0.146526
    22 0.006278 -1.202054 0.005877 -0.977365 -0.000003 -0.000007
    23 -0.013000 -0.789063 0.000000 -1.034973 0.000000 0.000000
    24 -0.011720 0.093267 0.017949 -1.687855 -0.079155 -1.575164
    25 0.048864 -0.085541 0.028626 -1.715605 -0.034569 -1.653190
    26 0.173918 -0.198414 -0.336163 -1.668104 -0.422317 -1.710956
    27 0.442881 -0.490226 0.396323 0.457988 -0.443911 -1.167613
    28 2.357422 0.016083 -0.000001 -0.304010 -0.029872 -0.496328
    29 1.250977 -0.000336 0.000002 0.000000 0.000000 -0.577698
    30 -0.267709 0.037512 -0.093907 2.913812 -0.143386 0.078467
    31 -0.029266 0.205410 -0.329287 2.788574 -0.255486 -0.188917
    32 0.204373 0.521055 -0.268577 2.886669 0.042206 -0.230367
    33 0.195697 -0.010059 -0.293538 -1.333586 0.150863 -1.672749
    34 1.257181 8.762590 -0.153713 -1.570562 0.002683 -1.566808
    35 -0.093500 -0.114213 -0.738866 -1.570842 0.061811 0.002096
    36 0.010843 0.093623 -0.081439 -3.141462 0.041719 -1.568236
    37 17.182889 -8.032126 -18.583882 -1.118712 0.202619 1.965905
    38 0.100841 -10.673144 -0.005453 0.974843 -0.172585 0.101559
    39 0.549521 -3.646670 -0.344972 -0.524164 -0.041412 -0.025972
    40 0.021779 -1.503640 0.004947 -0.436537 0.000001 -0.000004
    41 0.008139 -0.936292 -0.004582 -0.357348 -0.000002 -0.000001
    42 0.006928 0.005327 -0.181358 -1.528500 -0.248579 -1.611362
    43 -0.052313 0.038588 -0.230758 -1.592493 -0.043415 -1.528515
    44 -0.232600 -0.209658 -0.420670 -1.713790 -0.167173 -1.438930
    45 -0.218280 -3.737618 -0.342176 -0.799346 -0.000005 -0.000032
    46 0.023707 -1.582373 0.006169 -0.293139 0.000031 -0.000009
    47 0.000478 -1.176453 0.000250 -0.494667 0.000033 0.000030
    48 -0.038065 0.069166 -0.159882 -1.816986 0.066178 -1.575392
    49 -0.025151 0.088760 -0.068837 -1.817843 0.044510 -1.568287
    50 -0.102916 -0.186983 -0.272246 -1.833683 -0.232962 -1.472375
    51 -1.030272 -3.574231 -0.343160 -0.820632 0.000031 -0.000003
    52 0.001134 -1.610108 0.002371 -0.330520 0.000003 -0.000002
    53 0.009693 -0.949964 0.008323 -0.368470 0.000001 0.000001
    54 -0.004241 0.043707 -0.080202 -2.014997 -0.186996 -1.460723
    55 0.015383 -0.089136 -0.030009 -2.006083 0.036346 -1.568629
    56 -0.022610 -0.212358 -0.177904 -1.933161 -0.118801 -1.518895
    57 1.305107 -3.227547 -0.338302 -0.406091 -0.070060 -0.040376
    58 0.000596 -1.238418 0.002180 -0.275436 0.000004 0.000009
    59 0.007081 -0.774607 -0.000316 -0.347006 -0.000006 -0.000004
    60 -0.067138 0.063251 -0.010961 -0.899214 -0.014515 -1.600326
    61 -0.151180 -0.007395 -0.070065 -0.913061 -0.118819 -1.408558
    62 -0.178164 -0.244680 -0.357067 -1.159916 -0.384260 -1.556110
    63 -0.391451 -0.467570 0.375953 -0.215520 -0.629026 -2.948815
    64 2.468175 0.027427 0.005130 -0.103904 -0.012975 0.425933
    65 1.223420 0.013261 -0.005766 -0.000099 0.006798 0.271677
    66 -0.263408 -0.117640 -0.015657 0.000036 -0.082210 -0.026800
    67 0.007707 -0.334360 -0.191576 0.070788 -0.181563 0.282364
    68 0.225562 -0.567923 -0.420715 0.119895 -0.183798 0.223460
    69 -0.203683 -0.095654 -0.328304 -1.745077 0.075142 -1.515382
    70 -1.393460 8.839182 -0.239440 1.580804 -0.005024 -1.566848
    71 0.036020 0.082814 -0.692656 -1.570769 0.065989 0.001276
    72 -0.088586 0.054019 -0.088595 0.010231 0.033800 -1.560851
    73 0.120153 -0.050270 -0.054489 -2.854024 0.030688 -1.580508
    74 -0.139399 -0.111692 0.014400 0.285395 -0.031353 1.580313
    75 1.815922 -4.953960 0.956709 -1.247037 1.437608 -1.233843
    76 1.280673 -7.522364 1.257767 -1.247037 1.437608 -1.233843
    77 3.914122 -5.194223 1.336679 -1.102199 1.470090 -1.123171
    78 3.733238 -6.026484 1.177255 -1.247037 1.437608 -1.233843
    79 2.572266 -6.871094 2.244141 -0.148865 -1.070098 0.151247
    80 3.797684 -22.610472 3.277112 -2.077193 1.426426 -2.071120
  time 13
    0 1.629157 0.000000 0.541027 0.000000 0.000000 -1.570796
    1 2.399736 20.657066 -16.583974 4.992333 -0.956261 -4.260671
    2 -0.009418 -10.694113 -0.002571 0.008643 0.153179 -0.585207
    3 -0.652832 -3.626953 -0.348633 -1.107361 -0.060909 -0.152581
    4 -0.003083 -1.499322 0.002508 -1.179809 -0.000001 -0.000002
    5 0.001444 -0.954641 -0.007484 -1.228687 0.000000 0.000000
    6 0.007988 0.172186 -0.118553 -1.598091 -0.216549 -1.570593
    7 0.080660 0.135929 -0.203919 -1.506824 -0.066185 -1.662786
    8 0.117288 -0.155554 -0.604544 -1.412988 -0.374558 -1.569222
    9 0.127930 -3.761719 -0.348633 -0.873865 -0.036146 -0.178589
    10 -0.010696 -1.567259 0.010633 -1.223362 0.000000 -0.000003
    11 -0.006798 -1.156134 0.002748 -1.567260 0.000000 0.000000
    12 -0.018589 0.129951 -0.123721 -1.294580 0.001302 -1.635383
    13 -0.006160 0.170065 -0.110169 -1.280084 -0.068681 -1.597215
    14 0.047100 -0.104074 -0.352264 -1.243368 -0.257298 -1.694346
    15 0.949219 -3.619141 -0.348633 -0.197224 0.000005 0.130897
    16 -0.015404 -1.599609 -0.000001 -0.589916 0.000000 0.000000
    17 -0.006736 -0.945718 0.007065 -0.593400 0.000000 -0.000001
    18 -0.022325 0.045425 -0.038284 -1.125544 -0.129230 -1.681412
    19 -0.042901 -0.061274 -0.071212 -1.124462 -0.060454 -1.586099
    20 0.063741 -0.109104 -0.248158 -1.142813 -0.125805 -1.693583
    21 -1.403345 -3.245525 -0.342301 -1.174547 -0.118715 -0.146526
    22 0.006278 -1.202054 0.005877 -0.977365 -0.000003 -0.000007
    23 -0.013000 -0.789063 0.000000 -1.034973 0.000000 0.000000
    24 -0.011720 0.093267 0.017949 -1.687855 -0.079155 -1.575164
    25 0.048864 -0.085541 0.028626 -1.715605 -0.034569 -1.653190
    26 0.173918 -0.198414 -0.336163 -1.668104 -0.422317 -1.710956
    27 0.442881 -0.490226 0.396323 0.457988 -0.443911 -1.167613
    28 2.357422 0.016083 -0.000001 -0.304010 -0.029872 -0.496328
    29 1.250977 -0.000336 0.000002 0.000000 0.000000 -0.577698
    30 -0.267709 0.037512 -0.093907 2.913812 -0.143386 0.078467
    31 -0.029266 0.205410 -0.329287 2.788574 -0.255486 -0.188917
    32 0.204373 0.521055 -0.268577 2.886669 0.042206 -0.230367
    33 0.195697 -0.010059 -0.293538 -1.333586 0.150863 -1.672749
    34 1.257181 8.762590 -0.153713 -1.570562 0.002683 -1.566808
    35 -0.093500 -0.114213 -0.738866 -1.570842 0.061811 0.002096
    36 0.010843 0.093623 -0.081439 -3.141462 0.041719 -1.568236
    37 17.339144 -8.254789 -18.466691 -1.140726 0.117704 1.908853
    38 0.104748 -10.673144 -0.005453 0.960635 -0.140374 0.059552
    39 0.549521 -3.646670 -0.344972 -0.647949 -0.041124 -0.026116
    40 0.021779 -1.499734 0.001040 -0.460072 0.000001 -0.000004
    41 0.004232 -0.928479 -0.008488 -0.359337 -0.000002 -0.000001
    42 0.006928 0.005327 -0.181358 -1.528500 -0.248579 -1.611362
    43 -0.052313 0.038588 -0.230758 -1.592493 -0.043415 -1.528515
    44 -0.232600 -0.209658 -0.420670 -1.713790 -0.167173 -1.438930
    45 -0.218280 -3.737618 -0.346082 -0.937311 -0.000005 -0.000032
    46 0.015894 -1.586280 0.006169 -0.307014 0.000031 -0.000009
    47 0.004385 -1.172547 0.000250 -0.507971 0.000033 0.000030
    48 -0.038065 0.069166 -0.159882 -1.816986 0.066178 -1.575392
    49 -0.025151 0.088760 -0.068837 -1.817843 0.044510 -1.568287
    50 -0.102916 -0.186983 -0.272246 -1.833683 -0.232962 -1.472375
    51 -1.026365 -3.582044 -0.343160 -0.965309 0.000031 -0.000003
    52 0.001134 -1.610108 0.006277 -0.340091 0.000003 -0.000002
    53 0.009693 -0.949964 0.000511 -0.369656 0.000001 0.000001
    54 -0.004241 0.043707 -0.080202 -2.014997 -0.186996 -1.460723
    55 0.015383 -0.089136 -0.030009 -2.006083 0.036346 -1.568629
    56 -0.022610 -0.212358 -0.177904 -1.933161 -0.118801 -1.518895
    57 1.305107 -3.227547 -0.338302 -0.512049 -0.069653 -0.040628
    58 0.000596 -1.238418 0.006086 -0.290729 0.000004 0.000009
    59 0.007081 -0.774607 -0.008129 -0.316576 -0.000006 -0.000004
    60 -0.067138 0.063251 -0.010961 -0.899214 -0.014515 -1.600326
    61 -0.151180 -0.007395 -0.070065 -0.913061 -0.118819 -1.408558
    62 -0.178164 -0.244680 -0.357067 -1.159916 -0.384260 -1.556110
    63 -0.395357 -0.467570 0.379860 -0.217446 -0.647686 -2.970137
    64 2.472082 0.027427 0.005130 -0.104503 -0.006695 0.485913
    65 1.223420 0.013261 -0.005766 0.000021 0.001932 0.330057
    66 -0.263408 -0.117640 -0.015657 0.000036 -0.082210 -0.026800
    67 0.007707 -0.334360 -0.191576 0.070788 -0.181563 0.282364
    68 0.225562 -0.567923 -0.420715 0.119895 -0.183798 0.223460
    69 -0.203683 -0.095654 -0.328304 -1.745077 0.075142 -1.515382
    70 -1.393460 8.839182 -0.239440 1.580804 -0.005024 -1.566848
    71 0.036020 0.082814 -0.692656 -1.570769 0.065989 0.001276
    72 -0.088586 0.054019 -0.088595 0.010231 0.033800 -1.560851
    73 0.120153 -0.050270 -0.054489 -2.854024 0.030688 -1.580508
    74 -0.139399 -0.111692 0.014400 0.285395 -0.031353 1.580313
    75 1.815922 -4.953960 0.956709 -1.247037 1.437608 -1.233843
    76 1.280673 -7.522364 1.257767 -1.247037 1.437608 -1.233843
    77 3.914122 -5.194223 1.336679 -1.102199 1.470090 -1.123171
    78 3.733238 -6.026484 1.177255 -1.247037 1.437608 -1.233843
    79 2.572266 -6.871094 2.244141 -0.148865 -1.070098 0.151247
    80 3.797684 -22.610472 3.277112 -2.095547 1.424870 -2.089662
  time 14
    0 1.629157 0.000000 0.541027 0.000000 0.000000 -1.570796
    1 2.661463 20.715662 -16.619132 5.018089 -0.946650 -4.292021
    2 -0.001605 -10.698019 -0.002571 -0.016531 0.173245 -0.616551
    3 -0.652832 -3.626953 -0.348633 -1.107361 -0.060909 -0.152581
    4 -0.006990 -1.503228 0.002508 -1.179809 -0.000001 -0.000002
    5 0.001444 -0.958548 -0.007484 -1.228687 0.000000 0.000000
    6 0.007988 0.172186 -0.118553 -1.598091 -0.216549 -1.570593
    7 0.080660 0.135929 -0.203919 -1.506824 -0.066185 -1.662786
    8 0.117288 -0.155554 -0.604544 -1.412988 -0.374558 -1.569222
    9 0.127930 -3.761719 -0.348633 -0.873865 -0.036146 -0.178589
    10 -0.006790 -1.567259 0.010633 -1.223362 0.000000 -0.000003
    11 -0.006798 -1.156134 0.002748 -1.567260 0.000000 0.000000
    12 -0.018589 0.129951 -0.123721 -1.294580 0.001302 -1.635383
    13 -0.006160 0.170065 -0.110169 -1.280084 -0.068681 -1.597215
    14 0.047100 -0.104074 -0.352264 -1.243368 -0.257298 -1.694346
    15 0.949219 -3.619141 -0.348633 -0.197224 0.000005 0.130897
    16 -0.015404 -1.599609 -0.000001 -0.589916 0.000000 0.000000
    17 -0.002829 -0.945718 0.010971 -0.593400 0.000000 -0.000001
    18 -0.022325 0.045425 -0.038284 -1.125544 -0.129230 -1.681412
    19 -0.042901 -0.061274 -0.071212 -1.124462 -0.060454 -1.586099
    20 0.063741 -0.109104 -0.248158 -1.142813 -0.125805 -1.693583
    21 -1.403345 -3.245525 -0.342301 -1.174547 -0.118715 -0.146526
    22 0.010184 -1.202054 0.005877 -0.977365 -0.000003 -0.000007
    23 -0.013000 -0.789063 0.000000 -1.034973 0.000000 0.000000
    24 -0.011720 0.093267 0.017949 -1.687855 -0.079155 -1.575164
    25 0.048864 -0.085541 0.028626 -1.715605 -0.034569 -1.653190
    26 0.173918 -0.198414 -0.336163 -1.668104 -0.422317 -1.710956
    27 0.442881 -0.486320 0.388510 0.457988 -0.443923 -1.167613
    28 2.357422 0.016083 -0.000001 -0.304010 -0.029872 -0.496328
    29 1.250977 -0.000336 0.000002 0.000000 0.000000 -0.577698
    30 -0.267709 0.037512 -0.093907 2.913812 -0.143386 0.078467
    31 -0.029266 0.205410 -0.329287 2.788574 -0.255486 -0.188917
    32 0.204373 0.521055 -0.268577 2.886669 0.042206 -0.230367
    33 0.195697 -0.010059 -0.293538 -1.333586 0.150863 -1.672749
    34 1.257181 8.762590 -0.153713 -1.570562 0.002683 -1.566808
    35 -0.093500 -0.114213 -0.738866 -1.570842 0.061811 0.002096
    36 0.010843 0.093623 -0.081439 -3.141462 0.041719 -1.568236
    37 17.448522 -8.399324 -18.271372 -1.152881 0.044818 1.863154
    38 0.100841 -10.673144 -0.005453 0.941126 -0.117701 0.030690
    39 0.545615 -3.642764 -0.344972 -0.759656 -0.041053 -0.026176
    40 0.021779 -1.499734 0.001040 -0.484318 0.000001 -0.000004
    41 0.008139 -0.928479 -0.008488 -0.373923 -0.000002 -0.000001
    42 0.006928 0.005327 -0.181358 -1.528500 -0.248579 -1.611362
    43 -0.052313 0.038588 -0.230758 -1.592493 -0.043415 -1.528515
    44 -0.232600 -0.209658 -0.420670 -1.713790 -0.167173 -1.438930
    45 -0.218280 -3.737618 -0.346082 -1.048767 -0.000005 -0.000032
    46 0.015894 -1.582373 0.006169 -0.327491 0.000031 -0.000009
    47 0.008291 -1.172547 0.000250 -0.527177 0.000033 0.000030
    48 -0.038065 0.069166 -0.159882 -1.816986 0.066178 -1.575392
    49 -0.025151 0.088760 -0.068837 -1.817843 0.044510 -1.568287
    50 -0.102916 -0.186983 -0.272246 -1.833683 -0.232962 -1.472375
    51 -1.030272 -3.578138 -0.343160 -1.080190 0.000031 -0.000003
    52 0.001134 -1.610108 0.006277 -0.355757 0.000003 -0.000002
    53 0.009693 -0.949964 0.004417 -0.379571 0.000001 0.000001
    54 -0.004241 0.043707 -0.080202 -2.014997 -0.186996 -1.460723
    55 0.015383 -0.089136 -0.030009 -2.006083 0.036346 -1.568629
    56 -0.022610 -0.212358 -0.177904 -1.933161 -0.118801 -1.518895
    57 1.305107 -3.227547 -0.346115 -0.606349 -0.069497 -0.040763
    58 0.000596 -1.238418 0.006086 -0.309305 0.000004 0.000009
    59 0.003174 -0.774607 -0.004222 -0.305164 -0.000006 -0.000004
    60 -0.067138 0.063251 -0.010961 -0.899214 -0.014515 -1.600326
    61 -0.151180 -0.007395 -0.070065 -0.913061 -0.118819 -1.408558
    62 -0.178164 -0.244680 -0.357067 -1.159916 -0.384260 -1.556110
    63 -0.391451 -0.467570 0.375953 -0.228076 -0.666288 -2.974190
    64 2.472082 0.027427 0.005130 -0.104695 -0.001721 0.533142
    65 1.223420 0.013261 -0.005766 -0.000003 -0.000017 0.382946
    66 -0.263408 -0.117640 -0.015657 0.000036 -0.082210 -0.026800
    67 0.007707 -0.334360 -0.191576 0.070788 -0.181563 0.282364
    68 0.225562 -0.567923 -0.420715 0.119895 -0.183798 0.223460
    69 -0.203683 -0.095654 -0.328304 -1.745077 0.075142 -1.515382
    70 -1.393460 8.839182 -0.239440 1.580804 -0.005024 -1.566848
    71 0.036020 0.082814 -0.692656 -1.570769 0.065989 0.001276
    72 -0.088586 0.054019 -0.088595 0.010231 0.033800 -1.560851
    73 0.120153 -0.050270 -0.054489 -2.854024 0.030688 -1.580508
    74 -0.139399 -0.111692 0.014400 0.285395 -0.031353 1.580313
    75 1.815922 -4.953960 0.956709 -1.247037 1.437608 -1.233843
    76 1.280673 -7.522364 1.257767 -1.247037 1.437608 -1.233843
    77 3.914122 -5.194223 1.336679 -1.102199 1.470090 -1.123171
    78 3.733238 -6.026484 1.177255 -1.247037 1.437608 -1.233843
    79 2.572266 -6.871094 2.244141 -0.148865 -1.070098 0.151247
    80 3.797684 -22.610472 3.277112 -2.091235 1.425259 -2.085395
  time 15
    0 1.629157 0.000000 0.541027 0.000000 0.000000 -1.570796
    1 2.888032 20.672692 -16.591787 5.063185 -0.943052 -4.325288
    2 -0.009418 -10.701926 -0.006478 -0.026922 0.192764 -0.629497
    3 -0.652832 -3.626953 -0.348633 -1.107361 -0.060909 -0.152581
    4 -0.006990 -1.503228 0.010321 -1.179809 -0.000001 -0.000002
    5 0.001444 -0.954641 -0.007484 -1.228687 0.000000 0.000000
    6 0.007988 0.172186 -0.118553 -1.598091 -0.216549 -1.570593
    7 0.080660 0.135929 -0.203919 -1.506824 -0.066185 -1.662786
    8 0.117288 -0.155554 -0.604544 -1.412988 -0.374558 -1.569222
    9 0.127930 -3.761719 -0.348633 -0.873865 -0.036146 -0.178589
    10 -0.006790 -1.563353 0.006726 -1.223438 0.000000 -0.000003
    11 -0.002891 -1.156134 0.002748 -1.567260 0.000000 0.000000
    12 -0.018589 0.129951 -0.123721 -1.294580 0.001302 -1.635383
    13 -0.006160 0.170065 -0.110169 -1.280084 -0.068681 -1.597215
    14 0.047100 -0.104074 -0.352264 -1.243368 -0.257298 -1.694346
    15 0.949219 -3.619141 -0.348633 -0.197224 0.000005 0.130897
    16 -0.015404 -1.599609 -0.000001 -0.589916 0.000000 0.000000
    17 -0.006736 -0.941812 0.007065 -0.593400 0.000000 -0.000001
    18 -0.022325 0.045425 -0.038284 -1.125544 -0.129230 -1.681412
    19 -0.042901 -0.061274 -0.071212 -1.124462 -0.060454 -1.586099
    20 0.063741 -0.109104 -0.248158 -1.142813 -0.125805 -1.693583
    21 -1.399439 -3.241619 -0.338395 -1.174547 -0.118715 -0.146526
    22 0.010184 -1.202054 0.009783 -0.977365 -0.000003 -0.000007
    23 -0.013000 -0.789063 0.000000 -1.034973 0.000000 0.000000
    24 -0.011720 0.093267 0.017949 -1.687855 -0.079155 -1.575164
    25 0.048864 -0.085541 0.028626 -1.715605 -0.034569 -1.653190
    26 0.173918 -0.198414 -0.336163 -1.668104 -0.422317 -1.710956
    27 0.446787 -0.490226 0.388510 0.457988 -0.443923 -1.167613
    28 2.357422 0.016083 -0.000001 -0.304010 -0.029872 -0.496328
    29 1.250977 -0.000336 0.000002 0.000000 0.000000 -0.577698
    30 -0.267709 0.037512 -0.093907 2.913812 -0.143386 0.078467
    31 -0.029266 0.205410 -0.329287 2.788574 -0.255486 -0.188917
    32 0.204373 0.521055 -0.268577 2.886669 0.042206 -0.230367
    33 0.195697 -0.010059 -0.293538 -1.333586 0.150863 -1.672749
    34 1.257181 8.762590 -0.153713 -1.570562 0.002683 -1.566808
    35 -0.093500 -0.114213 -0.738866 -1.570842 0.061811 0.002096
    36 0.010843 0.093623 -0.081439 -3.141462 0.041719 -1.568236
    37 17.514930 -8.477452 -17.997926 -1.155944 -0.005563 1.832815
    38 0.104748 -10.673144 -0.009359 0.709194 -0.102650 0.019505
    39 0.549521 -3.650577 -0.341066 -0.932073 -0.041053 -0.026176
    40 0.021779 -1.503640 0.001040 -0.527435 0.000001 -0.000004
    41 0.004232 -0.928479 -0.004582 -0.420807 -0.000002 -0.000001
    42 0.006928 0.005327 -0.181358 -1.528500 -0.248579 -1.611362
    43 -0.052313 0.038588 -0.230758 -1.592493 -0.043415 -1.528515
    44 -0.232600 -0.209658 -0.420670 -1.713790 -0.167173 -1.438930
    45 -0.218280 -3.737618 -0.342176 -1.188713 -0.000005 -0.000032
    46 0.015894 -1.582373 0.010076 -0.380310 0.000031 -0.000009
    47 0.004385 -1.176453 0.004156 -0.573553 0.000033 0.000030
    48 -0.038065 0.069166 -0.159882 -1.816986 0.066178 -1.575392
    49 -0.025151 0.088760 -0.068837 -1.817843 0.044510 -1.568287
    50 -0.102916 -0.186983 -0.272246 -1.833683 -0.232962 -1.472375
    51 -1.030272 -3.582044 -0.343160 -1.216206 0.000031 -0.000003
    52 0.001134 -1.606202 0.006277 -0.399183 0.000003 -0.000002
    53 0.009693 -0.949964 0.004417 -0.428395 0.000001 0.000001
    54 -0.004241 0.043707 -0.080202 -2.014997 -0.186996 -1.460723
    55 0.015383 -0.089136 -0.030009 -2.006083 0.036346 -1.568629
    56 -0.022610 -0.212358 -0.177904 -1.933161 -0.118801 -1.518895
    57 1.305107 -3.227547 -0.342208 -0.749413 -0.069497 -0.040763
    58 0.004503 -1.238418 0.002180 -0.350654 0.000004 0.000009
    59 0.007081 -0.774607 -0.004222 -0.331049 -0.000006 -0.000004
    60 -0.067138 0.063251 -0.010961 -0.899214 -0.014515 -1.600326
    61 -0.151180 -0.007395 -0.070065 -0.913061 -0.118819 -1.408558
    62 -0.178164 -0.244680 -0.357067 -1.159916 -0.384260 -1.556110
    63 -0.387544 -0.467570 0.383766 -0.266743 -0.697092 -2.941292
    64 2.472082 0.027427 0.005130 -0.104635 0.003935 0.587180
    65 1.219513 0.013261 -0.005766 -0.000003 -0.000017 0.463015
    66 -0.263408 -0.117640 -0.015657 0.000036 -0.082210 -0.026800
    67 0.007707 -0.334360 -0.191576 0.070788 -0.181563 0.282364
    68 0.225562 -0.567923 -0.420715 0.119895 -0.183798 0.223460
    69 -0.203683 -0.095654 -0.328304 -1.745077 0.075142 -1.515382
    70 -1.393460 8.839182 -0.239440 1.580804 -0.005024 -1.566848
    71 0.036020 0.082814 -0.692656 -1.570769 0.065989 0.001276
    72 -0.088586 0.054019 -0.088595 0.010231 0.033800 -1.560851
    73 0.120153 -0.050270 -0.054489 -2.854024 0.030688 -1.580508
    74 -0.139399 -0.111692 0.014400 0.285395 -0.031353 1.580313
    75 1.815922 -4.953960 0.956709 -1.247037 1.437608 -1.233843
    76 1.280673 -7.522364 1.257767 -1.247037 1.437608 -1.233843
    77 3.914122 -5.194223 1.336679 -1.102199 1.470090 -1.123171
    78 3.733238 -6.026484 1.177255 -1.247037 1.437608 -1.233843
    79 2.572266 -6.871094 2.244141 -0.148865 -1.070098 0.151247
    80 3.797684 -22.610472 3.277112 -2.061263 1.427690 -2.055060
  time 16
    0 1.629157 0.000000 0.541027 0.000000 0.000000 -1.570796
    1 3.044287 20.578939 -16.544911 5.113230 -0.942964 -4.355391
    2 -0.009418 -10.694113 -0.002571 -0.026848 0.210369 -0.629289
    3 -0.652832 -3.626953 -0.348633 -1.107361 -0.060909 -0.152581
    4 -0.006990 -1.503228 0.002508 -1.179809 -0.000001 -0.000002
    5 0.009257 -0.954641 -0.011390 -1.228687 0.000000 0.000000
    6 0.007988 0.172186 -0.118553 -1.598091 -0.216549 -1.570593
    7 0.080660 0.135929 -0.203919 -1.506824 -0.066185 -1.662786
    8 0.117288 -0.155554 -0.604544 -1.412988 -0.374558 -1.569222
    9 0.127930 -3.761719 -0.348633 -0.873865 -0.036146 -0.178589
    10 -0.006790 -1.563353 0.006726 -1.223438 0.000000 -0.000003
    11 -0.002891 -1.156134 0.006655 -1.567260 0.000000 0.000000
    12 -0.018589 0.129951 -0.123721 -1.294580 0.001302 -1.635383
    13 -0.006160 0.170065 -0.110169 -1.280084 -0.068681 -1.597215
    14 0.047100 -0.104074 -0.352264 -1.243368 -0.257298 -1.694346
    15 0.949219 -3.619141 -0.348633 -0.197224 0.000005 0.130897
    16 -0.015404 -1.599609 -0.000001 -0.589916 0.000000 0.000000
    17 -0.006736 -0.941812 0.007065 -0.593400 0.000000 -0.000001
    18 -0.022325 0.045425 -0.038284 -1.125544 -0.129230 -1.681412
    19 -0.042901 -0.061274 -0.071212 -1.124462 -0.060454 -1.586099
    20 0.063741 -0.109104 -0.248158 -1.142813 -0.125805 -1.693583
    21 -1.403345 -3.245525 -0.338395 -1.174547 -0.118715 -0.146526
    22 0.006278 -1.202054 0.005877 -0.977365 -0.000003 -0.000007
    23 -0.013000 -0.789063 0.000000 -1.034973 0.000000 0.000000
    24 -0.011720 0.093267 0.017949 -1.687855 -0.079155 -1.575164
    25 0.048864 -0.085541 0.028626 -1.715605 -0.034569 -1.653190
    26 0.173918 -0.198414 -0.336163 -1.668104 -0.422317 -1.710956
    27 0.446787 -0.486320 0.396323 0.457988 -0.443911 -1.167613
    28 2.357422 0.016083 -0.000001 -0.304010 -0.029872 -0.496328
    29 1.250977 -0.000336 0.000002 0.000000 0.000000 -0.577698
    30 -0.267709 0.037512 -0.093907 2.913812 -0.143386 0.078467
    31 -0.029266 0.205410 -0.329287 2.788574 -0.255486 -0.188917
    32 0.204373 0.521055 -0.268577 2.886669 0.042206 -0.230367
    33 0.195697 -0.010059 -0.293538 -1.333586 0.150863 -1.672749
    34 1.257181 8.762590 -0.153713 -1.570562 0.002683 -1.566808
    35 -0.093500 -0.114213 -0.738866 -1.570842 0.061811 0.002096
    36 0.010843 0.093623 -0.081439 -3.141462 0.041719 -1.568236
    37 17.628215 -8.426669 -17.583851 -1.131346 -0.044825 1.814211
    38 0.104748 -10.673144 -0.005453 0.753599 -0.107203 0.017126
    39 0.553428 -3.650577 -0.337160 -1.128391 -0.041053 -0.026176
    40 0.017872 -1.503640 0.004947 -0.579848 0.000001 -0.000004
    41 0.008139 -0.932386 -0.008488 -0.504440 -0.000002 -0.000001
    42 0.006928 0.005327 -0.181358 -1.528500 -0.248579 -1.611362
    43 -0.052313 0.038588 -0.230758 -1.592493 -0.043415 -1.528515
    44 -0.232600 -0.209658 -0.420670 -1.713790 -0.167173 -1.438930
    45 -0.218280 -3.733712 -0.342176 -1.321726 -0.000005 -0.000032
    46 0.019801 -1.578467 0.010076 -0.475040 0.000031 -0.000009
    47 0.004385 -1.172547 0.000250 -0.656280 0.000033 0.000030
    48 -0.038065 0.069166 -0.159882 -1.816986 0.066178 -1.575392
    49 -0.025151 0.088760 -0.068837 -1.817843 0.044510 -1.568287
    50 -0.102916 -0.186983 -0.272246 -1.833683 -0.232962 -1.472375
    51 -1.030272 -3.578138 -0.339254 -1.336534 0.000031 -0.000003
    52 0.001134 -1.610108 0.006277 -0.479607 0.000003 -0.000002
    53 0.005787 -0.949964 0.000511 -0.528413 0.000001 0.000001
    54 -0.004241 0.043707 -0.080202 -2.014997 -0.186996 -1.460723
    55 0.015383 -0.089136 -0.030009 -2.006083 0.036346 -1.568629
    56 -0.022610 -0.212358 -0.177904 -1.933161 -0.118801 -1.518895
    57 1.305107 -3.227547 -0.338302 -0.910275 -0.069497 -0.040763
    58 0.000596 -1.238418 0.002180 -0.408335 0.000004 0.000009
    59 0.007081 -0.774607 -0.008129 -0.395805 -0.000006 -0.000004
    60 -0.067138 0.063251 -0.010961 -0.899214 -0.014515 -1.600326
    61 -0.151180 -0.007395 -0.070065 -0.913061 -0.118819 -1.408558
    62 -0.178164 -0.244680 -0.357067 -1.159916 -0.384260 -1.556110
    63 -0.391451 -0.467570 0.379860 -0.330453 -0.729557 -2.869406
    64 2.468175 0.027427 0.005130 -0.104359 0.008669 0.632371
    65 1.219513 0.013261 -0.005766 -0.000003 -0.000017 0.551074
    66 -0.263408 -0.117640 -0.015657 0.000036 -0.082210 -0.026800
    67 0.007707 -0.334360 -0.191576 0.070788 -0.181563 0.282364
    68 0.225562 -0.567923 -0.420715 0.119895 -0.183798 0.223460
    69 -0.203683 -0.095654 -0.328304 -1.745077 0.075142 -1.515382
    70 -1.393460 8.839182 -0.239440 1.580804 -0.005024 -1.566848
    71 0.036020 0.082814 -0.692656 -1.570769 0.065989 0.001276
    72 -0.088586 0.054019 -0.088595 0.010231 0.033800 -1.560851
    73 0.120153 -0.050270 -0.054489 -2.854024 0.030688 -1.580508
    74 -0.139399 -0.111692 0.014400 0.285395 -0.031353 1.580313
    75 1.815922 -4.953960 0.956709 -1.247037 1.437608 -1.233843
    76 1.280673 -7.522364 1.257767 -1.247037 1.437608 -1.233843
    77 3.914122 -5.194223 1.336679 -1.102199 1.470090 -1.123171
    78 3.733238 -6.026484 1.177255 -1.247037 1.437608 -1.233843
    79 2.572266 -6.871094 2.244141 -0.148865 -1.070098 0.151247
    80 3.797684 -22.610472 3.277112 -1.998540 1.432017 -1.991752
  time 17
    0 1.629157 0.000000 0.541027 0.000000 0.000000 -1.570796
    1 3.106789 20.485186 -16.494128 5.153285 -0.944193 -4.376866
    2 -0.005512 -10.698019 -0.002571 -0.020974 0.223974 -0.621646
    3 -0.652832 -3.626953 -0.348633 -1.107361 -0.060909 -0.152581
    4 -0.006990 -1.503228 0.002508 -1.179809 -0.000001 -0.000002
    5 0.005351 -0.954641 -0.011390 -1.228687 0.000000 0.000000
    6 0.007988 0.172186 -0.118553 -1.598091 -0.216549 -1.570593
    7 0.080660 0.135929 -0.203919 -1.506824 -0.066185 -1.662786
    8 0.117288 -0.155554 -0.604544 -1.412988 -0.374558 -1.569222
    9 0.127930 -3.761719 -0.348633 -0.873865 -0.036146 -0.178589
    10 -0.006790 -1.563353 0.010633 -1.223438 0.000000 -0.000003
    11 -0.006798 -1.156134 0.002748 -1.567260 0.000000 0.000000
    12 -0.018589 0.129951 -0.123721 -1.294580 0.001302 -1.635383
    13 -0.006160 0.170065 -0.110169 -1.280084 -0.068681 -1.597215
    14 0.047100 -0.104074 -0.352264 -1.243368 -0.257298 -1.694346
    15 0.949219 -3.619141 -0.348633 -0.197224 0.000005 0.130897
    16 -0.015404 -1.599609 -0.000001 -0.589916 0.000000 0.000000
    17 -0.002829 -0.941812 0.010971 -0.593400 0.000000 -0.000001
    18 -0.022325 0.045425 -0.038284 -1.125544 -0.129230 -1.681412
    19 -0.042901 -0.061274 -0.071212 -1.124462 -0.060454 -1.586099
    20 0.063741 -0.109104 -0.248158 -1.142813 -0.125805 -1.693583
    21 -1.403345 -3.241619 -0.338395 -1.174547 -0.118715 -0.146526
    22 0.010184 -1.202054 0.005877 -0.977365 -0.000003 -0.000007
    23 -0.013000 -0.789063 0.000000 -1.034973 0.000000 0.000000
    24 -0.011720 0.093267 0.017949 -1.687855 -0.079155 -1.575164
    25 0.048864 -0.085541 0.028626 -1.715605 -0.034569 -1.653190
    26 0.173918 -0.198414 -0.336163 -1.668104 -0.422317 -1.710956
    27 0.442881 -0.494133 0.396323 0.457988 -0.443923 -1.167613
    28 2.357422 0.016083 -0.000001 -0.304010 -0.029872 -0.496328
    29 1.250977 -0.000336 0.000002 0.000000 0.000000 -0.577698
    30 -0.267709 0.037512 -0.093907 2.913812 -0.143386 0.078467
    31 -0.029266 0.205410 -0.329287 2.788574 -0.255486 -0.188917
    32 0.204373 0.521055 -0.268577 2.886669 0.042206 -0.230367
    33 0.195697 -0.010059 -0.293538 -1.333586 0.150863 -1.672749
    34 1.257181 8.762590 -0.153713 -1.570562 0.002683 -1.566808
    35 -0.093500 -0.114213 -0.738866 -1.570842 0.061811 0.002096
    36 0.010843 0.093623 -0.081439 -3.141462 0.041719 -1.568236
    37 17.698529 -8.301665 -17.083836 -1.083299 -0.031473 1.833960
    38 0.104748 -10.673144 -0.009359 0.848536 -0.112308 0.013719
    39 0.549521 -3.650577 -0.341066 -1.331100 -0.041053 -0.026176
    40 0.017872 -1.499734 0.001040 -0.635752 0.000001 -0.000004
    41 0.004232 -0.928479 -0.004582 -0.606448 -0.000002 -0.000001
    42 0.006928 0.005327 -0.181358 -1.528500 -0.248579 -1.611362
    43 -0.052313 0.038588 -0.230758 -1.592493 -0.043415 -1.528515
    44 -0.232600 -0.209658 -0.420670 -1.713790 -0.167173 -1.438930
    45 -0.218280 -3.741524 -0.342176 -1.443902 -0.000005 -0.000032
    46 0.019801 -1.582373 0.006169 -0.590534 0.000031 -0.000009
    47 0.000478 -1.168640 0.000250 -0.756808 0.000033 0.000030
    48 -0.038065 0.069166 -0.159882 -1.816986 0.066178 -1.575392
    49 -0.025151 0.088760 -0.068837 -1.817843 0.044510 -1.568287
    50 -0.102916 -0.186983 -0.272246 -1.833683 -0.232962 -1.472375
    51 -1.030272 -3.582044 -0.339254 -1.440847 0.000031 -0.000003
    52 0.001134 -1.606202 0.006277 -0.578078 0.000003 -0.000002
    53 0.009693 -0.949964 0.000511 -0.654460 0.000001 0.000001
    54 -0.004241 0.043707 -0.080202 -2.014997 -0.186996 -1.460723
    55 0.015383 -0.089136 -0.030009 -2.006083 0.036346 -1.568629
    56 -0.022610 -0.212358 -0.177904 -1.933161 -0.118801 -1.518895
    57 1.305107 -3.227547 -0.338302 -1.075249 -0.069497 -0.040763
    58 0.000596 -1.242324 0.002180 -0.473870 0.000004 0.000009
    59 0.007081 -0.774607 -0.004222 -0.480601 -0.000006 -0.000004
    60 -0.067138 0.063251 -0.010961 -0.899214 -0.014515 -1.600326
    61 -0.151180 -0.007395 -0.070065 -0.913061 -0.118819 -1.408558
    62 -0.178164 -0.244680 -0.357067 -1.159916 -0.384260 -1.556110
    63 -0.387544 -0.467570 0.379860 -0.411237 -0.757451 -2.772146
    64 2.464269 0.027427 0.005130 -0.103964 0.012528 0.669582
    65 1.223420 0.013261 -0.005766 -0.000003 -0.000017 0.640220
    66 -0.263408 -0.117640 -0.015657 0.000036 -0.082210 -0.026800
    67 0.007707 -0.334360 -0.191576 0.070788 -0.181563 0.282364
    68 0.225562 -0.567923 -0.420715 0.119895 -0.183798 0.223460
    69 -0.203683 -0.095654 -0.328304 -1.745077 0.075142 -1.515382
    70 -1.393460 8.839182 -0.239440 1.580804 -0.005024 -1.566848
    71 0.036020 0.082814 -0.692656 -1.570769 0.065989 0.001276
    72 -0.088586 0.054019 -0.088595 0.010231 0.033800 -1.560851
    73 0.120153 -0.050270 -0.054489 -2.854024 0.030688 -1.580508
    74 -0.139399 -0.111692 0.014400 0.285395 -0.031353 1.580313
    75 1.815922 -4.953960 0.956709 -1.247037 1.437608 -1.233843
    76 1.280673 -7.522364 1.257767 -1.247037 1.437608 -1.233843
    77 3.914122 -5.194223 1.336679 -1.102199 1.470090 -1.123171
    78 3.733238 -6.026484 1.177255 -1.247037 1.437608 -1.233843
    79 2.572266 -6.871094 2.244141 -0.148865 -1.070098 0.151247
    80 3.797684 -22.610472 3.277112 -1.893550 1.437608 -1.885813
  time 18
    0 1.629157 0.000000 0.541027 0.000000 0.000000 -1.570796
    1 3.028662 20.442216 -16.470690 5.168042 -0.945334 -4.383673
    2 -0.005512 -10.698019 -0.002571 -0.014063 0.231700 -0.612416
    3 -0.652832 -3.626953 -0.348633 -1.107361 -0.060909 -0.152581
    4 -0.010896 -1.503228 0.006415 -1.179809 -0.000001 -0.000002
    5 0.001444 -0.954641 -0.007484 -1.228687 0.000000 0.000000
    6 0.007988 0.172186 -0.118553 -1.598091 -0.216549 -1.570593
    7 0.080660 0.135929 -0.203919 -1.506824 -0.066185 -1.662786
    8 0.117288 -0.155554 -0.604544 -1.412988 -0.374558 -1.569222
    9 0.127930 -3.761719 -0.348633 -0.873865 -0.036146 -0.178589
    10 -0.010696 -1.563353 0.010633 -1.223438 0.000000 -0.000003
    11 -0.002891 -1.156134 0.002748 -1.567260 0.000000 0.000000
    12 -0.018589 0.129951 -0.123721 -1.294580 0.001302 -1.635383
    13 -0.006160 0.170065 -0.110169 -1.280084 -0.068681 -1.597215
    14 0.047100 -0.104074 -0.352264 -1.243368 -0.257298 -1.694346
    15 0.949219 -3.619141 -0.348633 -0.197224 0.000005 0.130897
    16 -0.015404 -1.599609 -0.000001 -0.589916 0.000000 0.000000
    17 -0.002829 -0.941812 0.010971 -0.593400 0.000000 -0.000001
    18 -0.022325 0.045425 -0.038284 -1.125544 -0.129230 -1.681412
    19 -0.042901 -0.061274 -0.071212 -1.124462 -0.060454 -1.586099
    20 0.063741 -0.109104 -0.248158 -1.142813 -0.125805 -1.693583
    21 -1.399439 -3.249431 -0.338395 -1.174547 -0.118715 -0.146526
    22 0.010184 -1.202054 0.009783 -0.977394 -0.000003 -0.000007
    23 -0.013000 -0.789063 0.000000 -1.034973 0.000000 0.000000
    24 -0.011720 0.093267 0.017949 -1.687855 -0.079155 -1.575164
    25 0.048864 -0.085541 0.028626 -1.715605 -0.034569 -1.653190
    26 0.173918 -0.198414 -0.336163 -1.668104 -0.422317 -1.710956
    27 0.446787 -0.494133 0.388510 0.457988 -0.443911 -1.167613
    28 2.357422 0.016083 -0.000001 -0.304010 -0.029872 -0.496328
    29 1.250977 -0.000336 0.000002 0.000000 0.000000 -0.577698
    30 -0.267709 0.037512 -0.093907 2.913812 -0.143386 0.078467
    31 -0.029266 0.205410 -0.329287 2.788574 -0.255486 -0.188917
    32 0.204373 0.521055 -0.268577 2.886669 0.042206 -0.230367
    33 0.195697 -0.010059 -0.293538 -1.333586 0.150863 -1.672749
    34 1.257181 8.762590 -0.153713 -1.570562 0.002683 -1.566808
    35 -0.093500 -0.114213 -0.738866 -1.570842 0.061811 0.002096
    36 0.010843 0.093623 -0.081439 -3.141462 0.041719 -1.568236
    37 17.471960 -8.313384 -16.693199 -1.043291 -0.015625 1.853995
    38 0.100841 -10.673144 -0.009359 0.948556 -0.121727 0.010184
    39 0.545615 -3.646670 -0.344972 -1.522241 -0.041053 -0.026176
    40 0.021779 -1.499734 0.001040 -0.689617 0.000001 -0.000004
    41 0.008139 -0.936292 -0.004582 -0.707414 -0.000002 -0.000001
    42 0.006928 0.005327 -0.181358 -1.528500 -0.248579 -1.611362
    43 -0.052313 0.038588 -0.230758 -1.592493 -0.043415 -1.528515
    44 -0.232600 -0.209658 -0.420670 -1.713790 -0.167173 -1.438930
    45 -0.218280 -3.737618 -0.342176 -1.551862 -0.000005 -0.000032
    46 0.023707 -1.586280 0.006169 -0.704879 0.000031 -0.000009
    47 0.000478 -1.168640 0.000250 -0.856118 0.000033 0.000030
    48 -0.038065 0.069166 -0.159882 -1.816986 0.066178 -1.575392
    49 -0.025151 0.088760 -0.068837 -1.817843 0.044510 -1.568287
    50 -0.102916 -0.186983 -0.272246 -1.833683 -0.232962 -1.472375
    51 -1.030272 -3.578138 -0.339254 -1.529364 0.000031 -0.000003
    52 0.005040 -1.606202 0.006277 -0.676120 0.000003 -0.000002
    53 0.009693 -0.949964 0.004417 -0.781368 0.000001 0.000001
    54 -0.004241 0.043707 -0.080202 -2.014997 -0.186996 -1.460723
    55 0.015383 -0.089136 -0.030009 -2.006083 0.036346 -1.568629
    56 -0.022610 -0.212358 -0.177904 -1.933161 -0.118801 -1.518895
    57 1.305107 -3.227547 -0.338302 -1.230335 -0.069497 -0.040763
    58 0.000596 -1.238418 0.006086 -0.538948 0.000004 0.000009
    59 0.010987 -0.774607 -0.004222 -0.566974 -0.000006 -0.000004
    60 -0.067138 0.063251 -0.010961 -0.899214 -0.014515 -1.600326
    61 -0.151180 -0.007395 -0.070065 -0.913061 -0.118819 -1.408558
    62 -0.178164 -0.244680 -0.357067 -1.159916 -0.384260 -1.556110
    63 -0.395357 -0.467570 0.379860 -0.497608 -0.776828 -2.666012
    64 2.468175 0.027427 0.001224 -0.103508 0.015692 0.699984
    65 1.223420 0.013261 -0.005766 -0.000003 -0.000017 0.723550
    66 -0.263408 -0.117640 -0.015657 0.000036 -0.082210 -0.026800
    67 0.007707 -0.334360 -0.191576 0.070788 -0.181563 0.282364
    68 0.225562 -0.567923 -0.420715 0.119895 -0.183798 0.223460
    69 -0.203683 -0.095654 -0.328304 -1.745077 0.075142 -1.515382
    70 -1.393460 8.839182 -0.239440 1.580804 -0.005024 -1.566848
    71 0.036020 0.082814 -0.692656 -1.570769 0.065989 0.001276
    72 -0.088586 0.054019 -0.088595 0.010231 0.033800 -1.560851
    73 0.120153 -0.050270 -0.054489 -2.854024 0.030688 -1.580508
    74 -0.139399 -0.111692 0.014400 0.285395 -0.031353 1.580313
    75 1.815922 -4.953960 0.956709 -1.247037 1.437608 -1.233843
    76 1.280673 -7.522364 1.257767 -1.247037 1.437608 -1.233843
    77 3.914122 -5.194223 1.336679 -1.102199 1.470090 -1.123171
    78 3.733238 -6.026484 1.177255 -1.247037 1.437608 -1.233843
    79 2.572266 -6.871094 2.244141 -0.148865 -1.070098 0.151247
    80 3.797684 -22.610472 3.277112 -1.734532 1.442810 -1.725332
  time 19
    0 1.629157 0.000000 0.541027 0.000000 0.000000 -1.570796
    1 2.774748 20.434403 -16.466783 5.122396 -0.957753 -4.343887
    2 -0.009418 -10.694113 -0.002571 -0.011422 0.231392 -0.607697
    3 -0.652832 -3.626953 -0.348633 -1.107361 -0.060909 -0.152581
    4 -0.003083 -1.507134 0.006415 -1.179809 -0.000001 -0.000002
    5 0.001444 -0.954641 -0.007484 -1.228687 0.000000 0.000000
    6 0.007988 0.172186 -0.118553 -1.598091 -0.216549 -1.570593
    7 0.080660 0.135929 -0.203919 -1.506824 -0.066185 -1.662786
    8 0.117288 -0.155554 -0.604544 -1.412988 -0.374558 -1.569222
    9 0.127930 -3.761719 -0.348633 -0.873865 -0.036146 -0.178589
    10 -0.010696 -1.563353 0.006726 -1.223438 0.000000 -0.000003
    11 -0.006798 -1.156134 0.010561 -1.567260 0.000000 0.000000
    12 -0.018589 0.129951 -0.123721 -1.294580 0.001302 -1.635383
    13 -0.006160 0.170065 -0.110169 -1.280084 -0.068681 -1.597215
    14 0.047100 -0.104074 -0.352264 -1.243368 -0.257298 -1.694346
    15 0.949219 -3.619141 -0.348633 -0.197224 0.000005 0.130897
    16 -0.015404 -1.599609 -0.000001 -0.589916 0.000000 0.000000
    17 -0.006736 -0.941812 0.010971 -0.593400 0.000000 -0.000001
    18 -0.022325 0.045425 -0.038284 -1.125544 -0.129230 -1.681412
    19 -0.042901 -0.061274 -0.071212 -1.124462 -0.060454 -1.586099
    20 0.063741 -0.109104 -0.248158 -1.142813 -0.125805 -1.693583
    21 -1.403345 -3.245525 -0.338395 -1.174547 -0.118715 -0.146526
    22 0.010184 -1.202054 0.009783 -0.977365 -0.000003 -0.000007
    23 -0.013000 -0.789063 0.000000 -1.034973 0.000000 0.000000
    24 -0.011720 0.093267 0.017949 -1.687855 -0.079155 -1.575164
    25 0.048864 -0.085541 0.028626 -1.715605 -0.034569 -1.653190
    26 0.173918 -0.198414 -0.336163 -1.668104 -0.422317 -1.710956
    27 0.438974 -0.494133 0.396323 0.457988 -0.443911 -1.167613
    28 2.357422 0.016083 -0.000001 -0.304010 -0.029872 -0.496328
    29 1.250977 -0.000336 0.000002 0.000000 0.000000 -0.577698
    30 -0.267709 0.037512 -0.093907 2.913812 -0.143386 0.078467
    31 -0.029266 0.205410 -0.329287 2.788574 -0.255486 -0.188917
    32 0.204373 0.521055 -0.268577 2.886669 0.042206 -0.230367
    33 0.195697 -0.010059 -0.293538 -1.333586 0.150863 -1.672749
    34 1.257181 8.762590 -0.153713 -1.570562 0.002683 -1.566808
    35 -0.093500 -0.114213 -0.738866 -1.570842 0.061811 0.002096
    36 0.010843 0.093623 -0.081439 -3.141462 0.041719 -1.568236
    37 16.737563 -8.582924 -16.384596 -1.014290 -0.006471 1.866493
    38 0.104748 -10.673144 -0.009359 1.008038 -0.139583 0.007452
    39 0.545615 -3.646670 -0.341066 -1.684689 -0.041053 -0.026176
    40 0.021779 -1.499734 0.004947 -0.735575 0.000001 -0.000004
    41 0.008139 -0.932386 -0.000676 -0.788395 -0.000002 -0.000001
    42 0.006928 0.005327 -0.181358 -1.528500 -0.248579 -1.611362
    43 -0.052313 0.038588 -0.230758 -1.592493 -0.043415 -1.528515
    44 -0.232600 -0.209658 -0.420670 -1.713790 -0.167173 -1.438930
    45 -0.218280 -3.733712 -0.346082 -1.641295 -0.000005 -0.000032
    46 0.019801 -1.578467 0.010076 -0.796834 0.000031 -0.000009
    47 0.000478 -1.168640 0.000250 -0.935753 0.000033 0.000030
    48 -0.038065 0.069166 -0.159882 -1.816986 0.066178 -1.575392
    49 -0.025151 0.088760 -0.068837 -1.817843 0.044510 -1.568287
    50 -0.102916 -0.186983 -0.272246 -1.833683 -0.232962 -1.472375
    51 -1.026365 -3.574231 -0.343160 -1.601648 0.000031 -0.000003
    52 0.005040 -1.606202 0.006277 -0.754925 0.000003 -0.000002
    53 0.005787 -0.949964 0.004417 -0.883973 0.000001 0.000001
    54 -0.004241 0.043707 -0.080202 -2.014997 -0.186996 -1.460723
    55 0.015383 -0.089136 -0.030009 -2.006083 0.036346 -1.568629
    56 -0.022610 -0.212358 -0.177904 -1.933161 -0.118801 -1.518895
    57 1.305107 -3.227547 -0.338302 -1.361793 -0.069497 -0.040763
    58 0.004503 -1.238418 0.006086 -0.594967 0.000004 0.000009
    59 0.007081 -0.774607 -0.004222 -0.635627 -0.000006 -0.000004
    60 -0.067138 0.063251 -0.010961 -0.899214 -0.014515 -1.600326
    61 -0.151180 -0.007395 -0.070065 -0.913061 -0.118819 -1.408558
    62 -0.178164 -0.244680 -0.357067 -1.159916 -0.384260 -1.556110
    63 -0.391451 -0.463663 0.383766 -0.575275 -0.787499 -2.570477
    64 2.464269 0.027427 0.005130 -0.103113 0.018245 0.724487
    65 1.223420 0.013261 -0.005766 -0.000003 -0.000017 0.793997
    66 -0.263408 -0.117640 -0.015657 0.000036 -0.082210 -0.026800
    67 0.007707 -0.334360 -0.191576 0.070788 -0.181563 0.282364
    68 0.225562 -0.567923 -0.420715 0.119895 -0.183798 0.223460
    69 -0.203683 -0.095654 -0.328304 -1.745077 0.075142 -1.515382
    70 -1.393460 8.839182 -0.239440 1.580804 -0.005024 -1.566848
    71 0.036020 0.082814 -0.692656 -1.570769 0.065989 0.001276
    72 -0.088586 0.054019 -0.088595 0.010231 0.033800 -1.560851
    73 0.120153 -0.050270 -0.054489 -2.854024 0.030688 -1.580508
    74 -0.139399 -0.111692 0.014400 0.285395 -0.031353 1.580313
    75 1.815922 -4.953960 0.956709 -1.247037 1.437608 -1.233843
    76 1.280673 -7.522364 1.257767 -1.247037 1.437608 -1.233843
    77 3.914122 -5.194223 1.336679 -1.102199 1.470090 -1.123171
    78 3.733238 -6.026484 1.177255 -1.247037 1.437608 -1.233843
    79 2.572266 -6.871094 2.244141 -0.148865 -1.070098 0.151247
    80 3.797684 -22.610472 3.277112 -1.514324 1.444220 -1.503444
  time 20
    0 1.629157 0.000000 0.541027 0.000000 0.000000 -1.570796
    1 2.419268 20.418778 -16.462877 5.032754 -0.975878 -4.265369
    2 -0.009418 -10.701926 -0.010384 -0.010509 0.197003 -0.597611
    3 -0.652832 -3.626953 -0.348633 -1.107361 -0.060909 -0.152581
    4 -0.010896 -1.503228 0.010321 -1.179809 -0.000001 -0.000002
    5 0.001444 -0.954641 -0.011390 -1.228687 0.000000 0.000000
    6 0.007988 0.172186 -0.118553 -1.598091 -0.216549 -1.570593
    7 0.080660 0.135929 -0.203919 -1.506824 -0.066185 -1.662786
    8 0.117288 -0.155554 -0.604544 -1.412988 -0.374558 -1.569222
    9 0.127930 -3.761719 -0.348633 -0.873865 -0.036146 -0.178589
    10 -0.010696 -1.571166 0.010633 -1.223400 0.000000 -0.000003
    11 -0.002891 -1.156134 0.010561 -1.567260 0.000000 0.000000
    12 -0.018589 0.129951 -0.123721 -1.294580 0.001302 -1.635383
    13 -0.006160 0.170065 -0.110169 -1.280084 -0.068681 -1.597215
    14 0.047100 -0.104074 -0.352264 -1.243368 -0.257298 -1.694346
    15 0.949219 -3.619141 -0.348633 -0.197224 0.000005 0.130897
    16 -0.015404 -1.599609 -0.000001 -0.589916 0.000000 0.000000
    17 -0.002829 -0.941812 0.010971 -0.593400 0.000000 -0.000001
    18 -0.022325 0.045425 -0.038284 -1.125544 -0.129230 -1.681412
    19 -0.042901 -0.061274 -0.071212 -1.124462 -0.060454 -1.586099
    20 0.063741 -0.109104 -0.248158 -1.142813 -0.125805 -1.693583
    21 -1.403345 -3.241619 -0.342301 -1.174547 -0.118715 -0.146538
    22 0.006278 -1.198147 0.005877 -0.977365 -0.000003 -0.000007
    23 -0.013000 -0.789063 0.000000 -1.034973 0.000000 0.000000
    24 -0.011720 0.093267 0.017949 -1.687855 -0.079155 -1.575164
    25 0.048864 -0.085541 0.028626 -1.715605 -0.034569 -1.653190
    26 0.173918 -0.198414 -0.336163 -1.668104 -0.422317 -1.710956
    27 0.442881 -0.490226 0.388510 0.457988 -0.443923 -1.167613
    28 2.357422 0.016083 -0.000001 -0.304010 -0.029872 -0.496328
    29 1.250977 -0.000336 0.000002 0.000000 0.000000 -0.577698
    30 -0.267709 0.037512 -0.093907 2.913812 -0.143386 0.078467
    31 -0.029266 0.205410 -0.329287 2.788574 -0.255486 -0.188917
    32 0.204373 0.521055 -0.268577 2.886669 0.042206 -0.230367
    33 0.195697 -0.010059 -0.293538 -1.333586 0.150863 -1.672749
    34 1.257181 8.762590 -0.153713 -1.570562 0.002683 -1.566808
    35 -0.093500 -0.114213 -0.738866 -1.570842 0.061811 0.002096
    36 0.010843 0.093623 -0.081439 -3.141462 0.041719 -1.568236
    37 15.995353 -8.829025 -16.329907 -1.004336 0.003023 1.874221
    38 0.104748 -10.673144 -0.009359 0.981230 -0.170141 0.008320
    39 0.545615 -3.646670 -0.341066 -1.800422 -0.041053 -0.026176
    40 0.017872 -1.507546 0.004947 -0.767851 0.000001 -0.000004
    41 0.008139 -0.936292 -0.008488 -0.830543 -0.000002 -0.000001
    42 0.006928 0.005327 -0.181358 -1.528500 -0.248579 -1.611362
    43 -0.052313 0.038588 -0.230758 -1.592493 -0.043415 -1.528515
    44 -0.232600 -0.209658 -0.420670 -1.713790 -0.167173 -1.438930
    45 -0.218280 -3.733712 -0.342176 -1.708588 -0.000005 -0.000032
    46 0.019801 -1.582373 0.006169 -0.844678 0.000031 -0.000009
    47 0.004385 -1.168640 0.000250 -0.977164 0.000033 0.000030
    48 -0.038065 0.069166 -0.159882 -1.816986 0.066178 -1.575392
    49 -0.025151 0.088760 -0.068837 -1.817843 0.044510 -1.568287
    50 -0.102916 -0.186983 -0.272246 -1.833683 -0.232962 -1.472375
    51 -1.030272 -3.578138 -0.343160 -1.658026 0.000031 -0.000003
    52 0.005040 -1.606202 0.006277 -0.795780 0.000003 -0.000002
    53 0.009693 -0.946058 0.008323 -0.937216 0.000001 0.000001
    54 -0.004241 0.043707 -0.080202 -2.014997 -0.186996 -1.460723
    55 0.015383 -0.089136 -0.030009 -2.006083 0.036346 -1.568629
    56 -0.022610 -0.212358 -0.177904 -1.933161 -0.118801 -1.518895
    57 1.305107 -3.223640 -0.338302 -1.455781 -0.069497 -0.040763
    58 0.000596 -1.238418 0.006086 -0.633490 0.000004 0.000009
    59 0.007081 -0.778514 -0.004222 -0.668005 -0.000006 -0.000004
    60 -0.067138 0.063251 -0.010961 -0.899214 -0.014515 -1.600326
    61 -0.151180 -0.007395 -0.070065 -0.913061 -0.118819 -1.408558
    62 -0.178164 -0.244680 -0.357067 -1.159916 -0.384260 -1.556110
    63 -0.391451 -0.467570 0.379860 -0.629563 -0.792806 -2.505429
    64 2.468175 0.027427 0.005130 -0.102705 0.020270 0.744134
    65 1.223420 0.013261 -0.005766 -0.000003 -0.000017 0.844658
    66 -0.263408 -0.117640 -0.015657 0.000036 -0.082210 -0.026800
    67 0.007707 -0.334360 -0.191576 0.070788 -0.181563 0.282364
    68 0.225562 -0.567923 -0.420715 0.119895 -0.183798 0.223460
    69 -0.203683 -0.095654 -0.328304 -1.745077 0.075142 -1.515382
    70 -1.393460 8.839182 -0.239440 1.580804 -0.005024 -1.566848
    71 0.036020 0.082814 -0.692656 -1.570769 0.065989 0.001276
    72 -0.088586 0.054019 -0.088595 0.010231 0.033800 -1.560851
    73 0.120153 -0.050270 -0.054489 -2.854024 0.030688 -1.580508
    74 -0.139399 -0.111692 0.014400 0.285395 -0.031353 1.580313
    75 1.815922 -4.953960 0.956709 -1.247037 1.437608 -1.233843
    76 1.280673 -7.522364 1.257767 -1.247037 1.437608 -1.233843
    77 3.914122 -5.194223 1.336679 -1.102199 1.470090 -1.123171
    78 3.733238 -6.026484 1.177255 -1.247037 1.437608 -1.233843
    79 2.572266 -6.871094 2.244141 -0.148865 -1.070098 0.151247
    80 3.797684 -22.610472 3.277112 -1.247037 1.437608 -1.233843
  time 21
    0 1.629157 0.000000 0.541027 0.000000 0.000000 -1.570796
    1 2.134103 20.442216 -16.470690 4.960802 -0.981539 -4.201423
    2 -0.001605 -10.698019 -0.002571 -0.007424 0.138753 -0.582200
    3 -0.652832 -3.626953 -0.348633 -1.107361 -0.060909 -0.152581
    4 -0.006990 -1.507134 0.010321 -1.179809 -0.000001 -0.000002
    5 0.005351 -0.954641 -0.003577 -1.228687 0.000000 0.000000
    6 0.007988 0.172186 -0.118553 -1.598091 -0.216549 -1.570593
    7 0.080660 0.135929 -0.203919 -1.506824 -0.066185 -1.662786
    8 0.117288 -0.155554 -0.604544 -1.412988 -0.374558 -1.569222
    9 0.127930 -3.761719 -0.348633 -0.873865 -0.036146 -0.178589
    10 -0.006790 -1.567259 0.006726 -1.223400 0.000000 -0.000003
    11 -0.006798 -1.156134 0.010561 -1.567260 0.000000 0.000000
    12 -0.018589 0.129951 -0.123721 -1.294580 0.001302 -1.635383
    13 -0.006160 0.170065 -0.110169 -1.280084 -0.068681 -1.597215
    14 0.047100 -0.104074 -0.352264 -1.243368 -0.257298 -1.694346
    15 0.949219 -3.619141 -0.348633 -0.197224 0.000005 0.130897
    16 -0.015404 -1.599609 -0.000001 -0.589916 0.000000 0.000000
    17 -0.010642 -0.945718 0.007065 -0.593400 0.000000 -0.000001
    18 -0.022325 0.045425 -0.038284 -1.125544 -0.129230 -1.681412
    19 -0.042901 -0.061274 -0.071212 -1.124462 -0.060454 -1.586099
    20 0.063741 -0.109104 -0.248158 -1.142813 -0.125805 -1.693583
    21 -1.399439 -3.241619 -0.342301 -1.174547 -0.118715 -0.146526
    22 0.010184 -1.202054 0.005877 -0.977365 -0.000003 -0.000007
    23 -0.013000 -0.789063 0.000000 -1.034973 0.000000 0.000000
    24 -0.011720 0.093267 0.017949 -1.687855 -0.079155 -1.575164
    25 0.048864 -0.085541 0.028626 -1.715605 -0.034569 -1.653190
    26 0.173918 -0.198414 -0.336163 -1.668104 -0.422317 -1.710956
    27 0.442881 -0.490226 0.388510 0.457988 -0.443923 -1.167613
    28 2.357422 0.016083 -0.000001 -0.304010 -0.029872 -0.496328
    29 1.250977 -0.000336 0.000002 0.000000 0.000000 -0.577698
    30 -0.267709 0.037512 -0.093907 2.913812 -0.143386 0.078467
    31 -0.029266 0.205410 -0.329287 2.788574 -0.255486 -0.188917
    32 0.204373 0.521055 -0.268577 2.886669 0.042206 -0.230367
    33 0.195697 -0.010059 -0.293538 -1.333586 0.150863 -1.672749
    34 1.257181 8.762590 -0.153713 -1.570562 0.002683 -1.566808
    35 -0.093500 -0.114213 -0.738866 -1.570842 0.061811 0.002096
    36 0.010843 0.093623 -0.081439 -3.141462 0.041719 -1.568236
    37 15.628154 -8.782148 -16.775233 -1.045301 -0.003407 1.856380
    38 0.104748 -10.673144 -0.009359 0.822901 -0.222197 0.023361
    39 0.549521 -3.642764 -0.337160 -1.823237 -0.041053 -0.026176
    40 0.021779 -1.503640 0.004947 -0.774337 0.000001 -0.000004
    41 0.004232 -0.928479 -0.008488 -0.846171 -0.000002 -0.000001
    42 0.006928 0.005327 -0.181358 -1.528500 -0.248579 -1.611362
    43 -0.052313 0.038588 -0.230758 -1.592493 -0.043415 -1.528515
    44 -0.232600 -0.209658 -0.420670 -1.713790 -0.167173 -1.438930
    45 -0.218280 -3.737618 -0.342176 -1.723445 -0.000005 -0.000032
    46 0.023707 -1.578467 0.010076 -0.861902 0.000031 -0.000009
    47 0.000478 -1.172547 0.000250 -0.992435 0.000033 0.000030
    48 -0.038065 0.069166 -0.159882 -1.816986 0.066178 -1.575392
    49 -0.025151 0.088760 -0.068837 -1.817843 0.044510 -1.568287
    50 -0.102916 -0.186983 -0.272246 -1.833683 -0.232962 -1.472375
    51 -1.030272 -3.578138 -0.339254 -1.670936 0.000031 -0.000003
    52 0.001134 -1.606202 0.006277 -0.810684 0.000003 -0.000002
    53 0.009693 -0.949964 0.008323 -0.955861 0.000001 0.000001
    54 -0.004241 0.043707 -0.080202 -2.014997 -0.186996 -1.460723
    55 0.015383 -0.089136 -0.030009 -2.006083 0.036346 -1.568629
    56 -0.022610 -0.212358 -0.177904 -1.933161 -0.118801 -1.518895
    57 1.309013 -3.223640 -0.338302 -1.474360 -0.069497 -0.040763
    58 0.004503 -1.238418 0.006086 -0.640555 0.000004 0.000009
    59 0.007081 -0.774607 -0.000316 -0.675520 -0.000006 -0.000004
    60 -0.067138 0.063251 -0.010961 -0.899214 -0.014515 -1.600326
    61 -0.151180 -0.007395 -0.070065 -0.913061 -0.118819 -1.408558
    62 -0.178164 -0.244680 -0.357067 -1.159916 -0.384260 -1.556110
    63 -0.387544 -0.467570 0.383766 -0.639615 -0.794222 -2.494269
    64 2.464269 0.027427 0.005130 -0.102609 0.020810 0.749208
    65 1.219513 0.013261 -0.005766 -0.000003 -0.000017 0.855095
    66 -0.263408 -0.117640 -0.015657 0.000036 -0.082210 -0.026800
    67 0.007707 -0.334360 -0.191576 0.070788 -0.181563 0.282364
    68 0.225562 -0.567923 -0.420715 0.119895 -0.183798 0.223460
    69 -0.203683 -0.095654 -0.328304 -1.745077 0.075142 -1.515382
    70 -1.393460 8.839182 -0.239440 1.580804 -0.005024 -1.566848
    71 0.036020 0.082814 -0.692656 -1.570769 0.065989 0.001276
    72 -0.088586 0.054019 -0.088595 0.010231 0.033800 -1.560851
    73 0.120153 -0.050270 -0.054489 -2.854024 0.030688 -1.580508
    74 -0.139399 -0.111692 0.014400 0.285395 -0.031353 1.580313
    75 1.815922 -4.953960 0.956709 -1.247037 1.437608 -1.233843
    76 1.280673 -7.522364 1.257767 -1.247037 1.437608 -1.233843
    77 3.914122 -5.194223 1.336679 -1.102199 1.470090 -1.123171
    78 3.733238 -6.026484 1.177255 -1.247037 1.437608 -1.233843
    79 2.572266 -6.871094 2.244141 -0.148865 -1.070098 0.151247
    80 3.770340 -22.610472 3.277112 -0.428784 1.263124 -0.400406
  time 22
    0 1.629157 0.000000 0.541027 0.000000 0.000000 -1.570796
    1 2.016912 20.578939 -16.533191 4.943479 -0.974210 -4.185317
    2 -0.005512 -10.694113 -0.002571 -0.006338 0.095579 -0.579924
    3 -0.652832 -3.626953 -0.348633 -1.107361 -0.060909 -0.152581
    4 -0.003083 -1.507134 0.002508 -1.179809 -0.000001 -0.000002
    5 0.001444 -0.954641 -0.007484 -1.228687 0.000000 0.000000
    6 0.007988 0.172186 -0.118553 -1.598091 -0.216549 -1.570593
    7 0.080660 0.135929 -0.203919 -1.506824 -0.066185 -1.662786
    8 0.117288 -0.155554 -0.604544 -1.412988 -0.374558 -1.569222
    9 0.127930 -3.761719 -0.348633 -0.873865 -0.036146 -0.178589
    10 -0.010696 -1.567259 0.006726 -1.223362 0.000000 -0.000003
    11 -0.006798 -1.156134 0.006655 -1.567260 0.000000 0.000000
    12 -0.018589 0.129951 -0.123721 -1.294580 0.001302 -1.635383
    13 -0.006160 0.170065 -0.110169 -1.280084 -0.068681 -1.597215
    14 0.047100 -0.104074 -0.352264 -1.243368 -0.257298 -1.694346
    15 0.949219 -3.619141 -0.348633 -0.197224 0.000005 0.130897
    16 -0.015404 -1.599609 -0.000001 -0.589916 0.000000 0.000000
    17 -0.006736 -0.941812 0.010971 -0.593400 0.000000 -0.000001
    18 -0.022325 0.045425 -0.038284 -1.125544 -0.129230 -1.681412
    19 -0.042901 -0.061274 -0.071212 -1.124462 -0.060454 -1.586099
    20 0.063741 -0.109104 -0.248158 -1.142813 -0.125805 -1.693583
    21 -1.399439 -3.241619 -0.342301 -1.174547 -0.118715 -0.146538
    22 0.010184 -1.202054 0.009783 -0.977365 -0.000003 -0.000007
    23 -0.013000 -0.789063 0.000000 -1.034973 0.000000 0.000000
    24 -0.011720 0.093267 0.017949 -1.687855 -0.079155 -1.575164
    25 0.048864 -0.085541 0.028626 -1.715605 -0.034569 -1.653190
    26 0.173918 -0.198414 -0.336163 -1.668104 -0.422317 -1.710956
    27 0.438974 -0.486320 0.392416 0.457988 -0.443911 -1.167613
    28 2.357422 0.016083 -0.000001 -0.304010 -0.029872 -0.496328
    29 1.250977 -0.000336 0.000002 0.000000 0.000000 -0.577698
    30 -0.267709 0.037512 -0.093907 2.913812 -0.143386 0.078467
    31 -0.029266 0.205410 -0.329287 2.788574 -0.255486 -0.188917
    32 0.204373 0.521055 -0.268577 2.886669 0.042206 -0.230367
    33 0.195697 -0.010059 -0.293538 -1.333586 0.150863 -1.672749
    34 1.257181 8.762590 -0.153713 -1.570562 0.002683 -1.566808
    35 -0.093500 -0.114213 -0.738866 -1.570842 0.061811 0.002096
    36 0.010843 0.093623 -0.081439 -3.141462 0.041719 -1.568236
    37 16.542244 -8.000875 -17.505724 -1.119765 -0.016457 1.826900
    38 0.108654 -10.673144 -0.009359 0.558729 -0.286525 0.064051
    39 0.545615 -3.650577 -0.341066 -1.843687 -0.041053 -0.026176
    40 0.021779 -1.503640 0.001040 -0.780699 0.000001 -0.000004
    41 0.008139 -0.928479 -0.008488 -0.859715 -0.000002 -0.000001
    42 0.006928 0.005327 -0.181358 -1.528500 -0.248579 -1.611362
    43 -0.052313 0.038588 -0.230758 -1.592493 -0.043415 -1.528515
    44 -0.232600 -0.209658 -0.420670 -1.713790 -0.167173 -1.438930
    45 -0.214374 -3.741524 -0.342176 -1.737719 -0.000005 -0.000032
    46 0.015894 -1.582373 0.010076 -0.877116 0.000031 -0.000009
    47 0.000478 -1.172547 0.000250 -1.005926 0.000033 0.000030
    48 -0.038065 0.069166 -0.159882 -1.816986 0.066178 -1.575392
    49 -0.025151 0.088760 -0.068837 -1.817843 0.044510 -1.568287
    50 -0.102916 -0.186983 -0.272246 -1.833683 -0.232962 -1.472375
    51 -1.030272 -3.578138 -0.339254 -1.683737 0.000031 -0.000003
    52 0.001134 -1.610108 0.002371 -0.824064 0.000003 -0.000002
    53 0.009693 -0.949964 0.008323 -0.972405 0.000001 0.000001
    54 -0.004241 0.043707 -0.080202 -2.014997 -0.186996 -1.460723
    55 0.015383 -0.089136 -0.030009 -2.006083 0.036346 -1.568629
    56 -0.022610 -0.212358 -0.177904 -1.933161 -0.118801 -1.518895
    57 1.305107 -3.227547 -0.338302 -1.491638 -0.069497 -0.040763
    58 0.004503 -1.238418 0.006086 -0.646830 0.000004 0.000009
    59 0.007081 -0.774607 -0.004222 -0.682107 -0.000006 -0.000004
    60 -0.067138 0.063251 -0.010961 -0.899214 -0.014515 -1.600326
    61 -0.151180 -0.007395 -0.070065 -0.913061 -0.118819 -1.408558
    62 -0.178164 -0.244680 -0.357067 -1.159916 -0.384260 -1.556110
    63 -0.387544 -0.467570 0.379860 -0.649019 -0.796168 -2.484294
    64 2.464269 0.027427 0.005130 -0.102489 0.021385 0.754803
    65 1.223420 0.013261 -0.005766 -0.000003 -0.000017 0.865151
    66 -0.263408 -0.117640 -0.015657 0.000036 -0.082210 -0.026800
    67 0.007707 -0.334360 -0.191576 0.070788 -0.181563 0.282364
    68 0.225562 -0.567923 -0.420715 0.119895 -0.183798 0.223460
    69 -0.203683 -0.095654 -0.328304 -1.745077 0.075142 -1.515382
    70 -1.393460 8.839182 -0.239440 1.580804 -0.005024 -1.566848
    71 0.036020 0.082814 -0.692656 -1.570769 0.065989 0.001276
    72 -0.088586 0.054019 -0.088595 0.010231 0.033800 -1.560851
    73 0.120153 -0.050270 -0.054489 -2.854024 0.030688 -1.580508
    74 -0.139399 -0.111692 0.014400 0.285395 -0.031353 1.580313
    75 1.815922 -4.953960 0.956709 -1.247037 1.437608 -1.233843
    76 1.280673 -7.522364 1.257767 -1.247037 1.437608 -1.233843
    77 3.914122 -5.194223 1.336679 -1.102199 1.470090 -1.123171
    78 3.733238 -6.026484 1.177255 -1.247037 1.437608 -1.233843
    79 2.572266 -6.871094 2.244141 -0.148865 -1.070098 0.151247
    80 3.676587 -22.610472 3.257580 -0.211285 0.926943 -0.159433
  time 23
    0 1.629157 0.000000 0.541027 0.000000 0.000000 -1.570796
    1 2.005193 20.813321 -16.646476 4.937338 -0.960606 -4.178031
    2 -0.009418 -10.701926 -0.002571 -0.007967 0.085802 -0.597987
    3 -0.652832 -3.626953 -0.348633 -1.107361 -0.060909 -0.152581
    4 -0.006990 -1.507134 0.010321 -1.179809 -0.000001 -0.000002
    5 0.001444 -0.954641 -0.003577 -1.228687 0.000000 0.000000
    6 0.007988 0.172186 -0.118553 -1.598091 -0.216549 -1.570593
    7 0.080660 0.135929 -0.203919 -1.506824 -0.066185 -1.662786
    8 0.117288 -0.155554 -0.604544 -1.412988 -0.374558 -1.569222
    9 0.127930 -3.761719 -0.348633 -0.873865 -0.036146 -0.178589
    10 -0.010696 -1.567259 0.010633 -1.223362 0.000000 -0.000003
    11 -0.010704 -1.156134 0.002748 -1.567260 0.000000 0.000000
    12 -0.018589 0.129951 -0.123721 -1.294580 0.001302 -1.635383
    13 -0.006160 0.170065 -0.110169 -1.280084 -0.068681 -1.597215
    14 0.047100 -0.104074 -0.352264 -1.243368 -0.257298 -1.694346
    15 0.949219 -3.619141 -0.348633 -0.197224 0.000005 0.130897
    16 -0.015404 -1.599609 -0.000001 -0.589916 0.000000 0.000000
    17 -0.006736 -0.941812 0.010971 -0.593400 0.000000 -0.000001
    18 -0.022325 0.045425 -0.038284 -1.125544 -0.129230 -1.681412
    19 -0.042901 -0.061274 -0.071212 -1.124462 -0.060454 -1.586099
    20 0.063741 -0.109104 -0.248158 -1.142813 -0.125805 -1.693583
    21 -1.403345 -3.241619 -0.342301 -1.174547 -0.118715 -0.146526
    22 0.006278 -1.198147 0.005877 -0.977365 -0.000003 -0.000007
    23 -0.013000 -0.789063 0.000000 -1.034973 0.000000 0.000000
    24 -0.011720 0.093267 0.017949 -1.687855 -0.079155 -1.575164
    25 0.048864 -0.085541 0.028626 -1.715605 -0.034569 -1.653190
    26 0.173918 -0.198414 -0.336163 -1.668104 -0.422317 -1.710956
    27 0.446787 -0.494133 0.388510 0.457988 -0.443911 -1.167613
    28 2.357422 0.016083 -0.000001 -0.304010 -0.029872 -0.496328
    29 1.250977 -0.000336 0.000002 0.000000 0.000000 -0.577698
    30 -0.267709 0.037512 -0.093907 2.913812 -0.143386 0.078467
    31 -0.029266 0.205410 -0.329287 2.788574 -0.255486 -0.188917
    32 0.204373 0.521055 -0.268577 2.886669 0.042206 -0.230367
    33 0.195697 -0.010059 -0.293538 -1.333586 0.150863 -1.672749
    34 1.257181 8.762590 -0.153713 -1.570562 0.002683 -1.566808
    35 -0.093500 -0.114213 -0.738866 -1.570842 0.061811 0.002096
    36 0.010843 0.093623 -0.081439 -3.141462 0.041719 -1.568236
    37 17.956350 -6.996938 -18.302623 -1.204470 -0.032154 1.794367
    38 0.104748 -10.673144 -0.009359 0.251152 -0.339588 0.127593
    39 0.553428 -3.646670 -0.341066 -1.862091 -0.041053 -0.026176
    40 0.017872 -1.503640 0.001040 -0.786815 0.000001 -0.000004
    41 0.008139 -0.932386 -0.008488 -0.871460 -0.000002 -0.000001
    42 0.006928 0.005327 -0.181358 -1.528500 -0.248579 -1.611362
    43 -0.052313 0.038588 -0.230758 -1.592493 -0.043415 -1.528515
    44 -0.232600 -0.209658 -0.420670 -1.713790 -0.167173 -1.438930
    45 -0.218280 -3.737618 -0.346082 -1.751644 -0.000005 -0.000032
    46 0.019801 -1.582373 0.010076 -0.890225 0.000031 -0.000009
    47 0.000478 -1.172547 0.000250 -1.017731 0.000033 0.000030
    48 -0.038065 0.069166 -0.159882 -1.816986 0.066178 -1.575392
    49 -0.025151 0.088760 -0.068837 -1.817843 0.044510 -1.568287
    50 -0.102916 -0.186983 -0.272246 -1.833683 -0.232962 -1.472375
    51 -1.026365 -3.578138 -0.347066 -1.696102 0.000031 -0.000003
    52 0.001134 -1.606202 0.002371 -0.835730 0.000003 -0.000002
    53 0.009693 -0.949964 0.008323 -0.986848 0.000001 0.000001
    54 -0.004241 0.043707 -0.080202 -2.014997 -0.186996 -1.460723
    55 0.015383 -0.089136 -0.030009 -2.006083 0.036346 -1.568629
    56 -0.022610 -0.212358 -0.177904 -1.933161 -0.118801 -1.518895
    57 1.305107 -3.227547 -0.342208 -1.507511 -0.069497 -0.040763
    58 0.000596 -1.238418 0.006086 -0.652440 0.000004 0.000009
    59 0.010987 -0.774607 -0.004222 -0.687859 -0.000006 -0.000004
    60 -0.067138 0.063251 -0.010961 -0.899214 -0.014515 -1.600326
    61 -0.151180 -0.007395 -0.070065 -0.913061 -0.118819 -1.408558
    62 -0.178164 -0.244680 -0.357067 -1.159916 -0.384260 -1.556110
    63 -0.391451 -0.467570 0.383766 -0.657793 -0.798509 -2.475586
    64 2.472082 0.027427 0.005130 -0.102382 0.021972 0.760701
    65 1.219513 0.013261 -0.005766 -0.000003 -0.000017 0.874854
    66 -0.263408 -0.117640 -0.015657 0.000036 -0.082210 -0.026800
    67 0.007707 -0.334360 -0.191576 0.070788 -0.181563 0.282364
    68 0.225562 -0.567923 -0.420715 0.119895 -0.183798 0.223460
    69 -0.203683 -0.095654 -0.328304 -1.745077 0.075142 -1.515382
    70 -1.393460 8.839182 -0.239440 1.580804 -0.005024 -1.566848
    71 0.036020 0.082814 -0.692656 -1.570769 0.065989 0.001276
    72 -0.088586 0.054019 -0.088595 0.010231 0.033800 -1.560851
    73 0.120153 -0.050270 -0.054489 -2.854024 0.030688 -1.580508
    74 -0.139399 -0.111692 0.014400 0.285395 -0.031353 1.580313
    75 1.815922 -4.953960 0.956709 -1.247037 1.437608 -1.233843
    76 1.280673 -7.522364 1.257767 -1.247037 1.437608 -1.233843
    77 3.914122 -5.194223 1.336679 -1.102199 1.470090 -1.123171
    78 3.733238 -6.026484 1.177255 -1.247037 1.437608 -1.233843
    79 2.572266 -6.871094 2.244141 -0.148865 -1.070098 0.151247
    80 3.559396 -22.610472 3.249767 -0.147670 0.543264 -0.066256
  time 24
    0 1.629157 0.000000 0.541027 0.000000 0.000000 -1.570796
    1 2.048163 21.059422 -16.759761 4.937796 -0.945729 -4.176688
    2 -0.001605 -10.701926 -0.006478 -0.010682 0.086623 -0.627848
    3 -0.652832 -3.626953 -0.348633 -1.107361 -0.060909 -0.152581
    4 -0.010896 -1.503228 0.010321 -1.179809 -0.000001 -0.000002
    5 0.005351 -0.954641 -0.007484 -1.228687 0.000000 0.000000
    6 0.007988 0.172186 -0.118553 -1.598091 -0.216549 -1.570593
    7 0.080660 0.135929 -0.203919 -1.506824 -0.066185 -1.662786
    8 0.117288 -0.155554 -0.604544 -1.412988 -0.374558 -1.569222
    9 0.127930 -3.761719 -0.348633 -0.873865 -0.036146 -0.178589
    10 -0.006790 -1.567259 0.010633 -1.223362 0.000000 -0.000003
    11 -0.006798 -1.156134 0.010561 -1.567260 0.000000 0.000000
    12 -0.018589 0.129951 -0.123721 -1.294580 0.001302 -1.635383
    13 -0.006160 0.170065 -0.110169 -1.280084 -0.068681 -1.597215
    14 0.047100 -0.104074 -0.352264 -1.243368 -0.257298 -1.694346
    15 0.949219 -3.619141 -0.348633 -0.197224 0.000005 0.130897
    16 -0.015404 -1.599609 -0.000001 -0.589916 0.000000 0.000000
    17 -0.006736 -0.941812 0.010971 -0.593400 0.000000 -0.000001
    18 -0.022325 0.045425 -0.038284 -1.125544 -0.129230 -1.681412
    19 -0.042901 -0.061274 -0.071212 -1.124462 -0.060454 -1.586099
    20 0.063741 -0.109104 -0.248158 -1.142813 -0.125805 -1.693583
    21 -1.403345 -3.245525 -0.342301 -1.174547 -0.118715 -0.146550
    22 0.010184 -1.202054 0.005877 -0.977365 -0.000003 -0.000007
    23 -0.013000 -0.789063 0.000000 -1.034973 0.000000 0.000000
    24 -0.011720 0.093267 0.017949 -1.687855 -0.079155 -1.575164
    25 0.048864 -0.085541 0.028626 -1.715605 -0.034569 -1.653190
    26 0.173918 -0.198414 -0.336163 -1.668104 -0.422317 -1.710956
    27 0.442881 -0.490226 0.396323 0.457988 -0.443911 -1.167613
    28 2.357422 0.016083 -0.000001 -0.304010 -0.029872 -0.496328
    29 1.250977 -0.000336 0.000002 0.000000 0.000000 -0.577698
    30 -0.267709 0.037512 -0.093907 2.913812 -0.143386 0.078467
    31 -0.029266 0.205410 -0.329287 2.788574 -0.255486 -0.188917
    32 0.204373 0.521055 -0.268577 2.886669 0.042206 -0.230367
    33 0.195697 -0.010059 -0.293538 -1.333586 0.150863 -1.672749
    34 1.257181 8.762590 -0.153713 -1.570562 0.002683 -1.566808
    35 -0.093500 -0.114213 -0.738866 -1.570842 0.061811 0.002096
    36 0.010843 0.093623 -0.081439 -3.141462 0.041719 -1.568236
    37 19.257171 -6.090660 -19.060459 -1.276254 -0.044182 1.766795
    38 0.104748 -10.673144 -0.009359 -0.029617 -0.369474 0.194060
    39 0.549521 -3.650577 -0.344972 -1.878451 -0.041053 -0.026176
    40 0.021779 -1.499734 0.001040 -0.792776 0.000001 -0.000004
    41 0.008139 -0.928479 -0.004582 -0.881499 -0.000002 -0.000001
    42 0.006928 0.005327 -0.181358 -1.528500 -0.248579 -1.611362
    43 -0.052313 0.038588 -0.230758 -1.592493 -0.043415 -1.528515
    44 -0.232600 -0.209658 -0.420670 -1.713790 -0.167173 -1.438930
    45 -0.218280 -3.737618 -0.342176 -1.764753 -0.000005 -0.000032
    46 0.019801 -1.582373 0.010076 -0.901324 0.000031 -0.000009
    47 0.000478 -1.172547 0.000250 -1.027662 0.000033 0.000030
    48 -0.038065 0.069166 -0.159882 -1.816986 0.066178 -1.575392
    49 -0.025151 0.088760 -0.068837 -1.817843 0.044510 -1.568287
    50 -0.102916 -0.186983 -0.272246 -1.833683 -0.232962 -1.472375
    51 -1.030272 -3.578138 -0.347066 -1.707922 0.000031 -0.000003
    52 0.001134 -1.610108 0.002371 -0.845920 0.000003 -0.000002
    53 0.005787 -0.949964 0.008323 -0.999081 0.000001 0.000001
    54 -0.004241 0.043707 -0.080202 -2.014997 -0.186996 -1.460723
    55 0.015383 -0.089136 -0.030009 -2.006083 0.036346 -1.568629
    56 -0.022610 -0.212358 -0.177904 -1.933161 -0.118801 -1.518895
    57 1.305107 -3.227547 -0.338302 -1.521823 -0.069497 -0.040763
    58 0.000596 -1.242324 0.006086 -0.657344 0.000004 0.000009
    59 0.003174 -0.774607 -0.004222 -0.693147 -0.000006 -0.000004
    60 -0.067138 0.063251 -0.010961 -0.899214 -0.014515 -1.600326
    61 -0.151180 -0.007395 -0.070065 -0.913061 -0.118819 -1.408558
    62 -0.178164 -0.244680 -0.357067 -1.159916 -0.384260 -1.556110
    63 -0.387544 -0.467570 0.383766 -0.665866 -0.801172 -2.467980
    64 2.464269 0.027427 0.005130 -0.102250 0.022595 0.766816
    65 1.219513 0.013261 -0.005766 -0.000003 -0.000017 0.884013
    66 -0.263408 -0.117640 -0.015657 0.000036 -0.082210 -0.026800
    67 0.007707 -0.334360 -0.191576 0.070788 -0.181563 0.282364
    68 0.225562 -0.567923 -0.420715 0.119895 -0.183798 0.223460
    69 -0.203683 -0.095654 -0.328304 -1.745077 0.075142 -1.515382
    70 -1.393460 8.839182 -0.239440 1.580804 -0.005024 -1.566848
    71 0.036020 0.082814 -0.692656 -1.570769 0.065989 0.001276
    72 -0.088586 0.054019 -0.088595 0.010231 0.033800 -1.560851
    73 0.120153 -0.050270 -0.054489 -2.854024 0.030688 -1.580508
    74 -0.139399 -0.111692 0.014400 0.285395 -0.031353 1.580313
    75 1.815922 -4.953960 0.956709 -1.247037 1.437608 -1.233843
    76 1.280673 -7.522364 1.257767 -1.247037 1.437608 -1.233843
    77 3.914122 -5.194223 1.336679 -1.102199 1.470090 -1.123171
    78 3.733238 -6.026484 1.177255 -1.247037 1.437608 -1.233843
    79 2.572266 -6.871094 2.244141 -0.148865 -1.070098 0.151247
    80 3.450017 -22.614378 3.230235 -0.128675 0.194637 -0.014624
  time 25
    0 1.629157 0.000000 0.541027 0.000000 0.000000 -1.570796
    1 2.114571 21.219584 -16.837888 4.940821 -0.934231 -4.178222
    2 -0.005512 -10.694113 -0.002571 -0.013446 0.091579 -0.656038
    3 -0.652832 -3.626953 -0.348633 -1.107361 -0.060909 -0.152581
    4 -0.006990 -1.503228 0.002508 -1.179809 -0.000001 -0.000002
    5 0.009257 -0.954641 -0.011390 -1.228687 0.000000 0.000000
    6 0.007988 0.172186 -0.118553 -1.598091 -0.216549 -1.570593
    7 0.080660 0.135929 -0.203919 -1.506824 -0.066185 -1.662786
    8 0.117288 -0.155554 -0.604544 -1.412988 -0.374558 -1.569222
    9 0.127930 -3.761719 -0.348633 -0.873865 -0.036146 -0.178589
    10 -0.010696 -1.563353 0.010633 -1.223362 0.000000 -0.000003
    11 -0.006798 -1.156134 0.002748 -1.567260 0.000000 0.000000
    12 -0.018589 0.129951 -0.123721 -1.294580 0.001302 -1.635383
    13 -0.006160 0.170065 -0.110169 -1.280084 -0.068681 -1.597215
    14 0.047100 -0.104074 -0.352264 -1.243368 -0.257298 -1.694346
    15 0.949219 -3.619141 -0.348633 -0.197224 0.000005 0.130897
    16 -0.015404 -1.599609 -0.000001 -0.589916 0.000000 0.000000
    17 -0.006736 -0.941812 0.010971 -0.593400 0.000000 -0.000001
    18 -0.022325 0.045425 -0.038284 -1.125544 -0.129230 -1.681412
    19 -0.042901 -0.061274 -0.071212 -1.124462 -0.060454 -1.586099
    20 0.063741 -0.109104 -0.248158 -1.142813 -0.125805 -1.693583
    21 -1.407252 -3.241619 -0.342301 -1.174547 -0.118715 -0.146526
    22 0.010184 -1.202054 0.005877 -0.977365 -0.000003 -0.000007
    23 -0.013000 -0.789063 0.000000 -1.034973 0.000000 0.000000
    24 -0.011720 0.093267 0.017949 -1.687855 -0.079155 -1.575164
    25 0.048864 -0.085541 0.028626 -1.715605 -0.034569 -1.653190
    26 0.173918 -0.198414 -0.336163 -1.668104 -0.422317 -1.710956
    27 0.442881 -0.490226 0.392416 0.457988 -0.443899 -1.167613
    28 2.357422 0.016083 -0.000001 -0.304010 -0.029872 -0.496328
    29 1.250977 -0.000336 0.000002 0.000000 0.000000 -0.577698
    30 -0.267709 0.037512 -0.093907 2.913812 -0.143386 0.078467
    31 -0.029266 0.205410 -0.329287 2.788574 -0.255486 -0.188917
    32 0.204373 0.521055 -0.268577 2.886669 0.042206 -0.230367
    33 0.195697 -0.010059 -0.293538 -1.333586 0.150863 -1.672749
    34 1.257181 8.762590 -0.153713 -1.570562 0.002683 -1.566808
    35 -0.093500 -0.114213 -0.738866 -1.570842 0.061811 0.002096
    36 0.010843 0.093623 -0.081439 -3.141462 0.041719 -1.568236
    37 20.218138 -5.571113 -19.583912 -1.329087 -0.049704 1.746283
    38 0.104748 -10.673144 -0.009359 -0.207803 -0.383064 0.235906
    39 0.549521 -3.646670 -0.341066 -1.892638 -0.041053 -0.026176
    40 0.021779 -1.503640 0.001040 -0.798366 0.000001 -0.000004
    41 0.004232 -0.928479 -0.008488 -0.890024 -0.000002 -0.000001
    42 0.006928 0.005327 -0.181358 -1.528500 -0.248579 -1.611362
    43 -0.052313 0.038588 -0.230758 -1.592493 -0.043415 -1.528515
    44 -0.232600 -0.209658 -0.420670 -1.713790 -0.167173 -1.438930
    45 -0.218280 -3.737618 -0.346082 -1.776813 -0.000005 -0.000032
    46 0.019801 -1.582373 0.010076 -0.910510 0.000031 -0.000009
    47 0.004385 -1.172547 0.000250 -1.036375 0.000033 0.000030
    48 -0.038065 0.069166 -0.159882 -1.816986 0.066178 -1.575392
    49 -0.025151 0.088760 -0.068837 -1.817843 0.044510 -1.568287
    50 -0.102916 -0.186983 -0.272246 -1.833683 -0.232962 -1.472375
    51 -1.030272 -3.578138 -0.343160 -1.718980 0.000031 -0.000003
    52 0.005040 -1.606202 0.002371 -0.854491 0.000003 -0.000002
    53 0.009693 -0.949964 0.008323 -1.009320 0.000001 0.000001
    54 -0.004241 0.043707 -0.080202 -2.014997 -0.186996 -1.460723
    55 0.015383 -0.089136 -0.030009 -2.006083 0.036346 -1.568629
    56 -0.022610 -0.212358 -0.177904 -1.933161 -0.118801 -1.518895
    57 1.305107 -3.227547 -0.338302 -1.534625 -0.069497 -0.040763
    58 0.000596 -1.238418 0.006086 -0.661624 0.000004 0.000009
    59 0.003174 -0.774607 -0.004222 -0.697507 -0.000006 -0.000004
    60 -0.067138 0.063251 -0.010961 -0.899214 -0.014515 -1.600326
    61 -0.151180 -0.007395 -0.070065 -0.913061 -0.118819 -1.408558
    62 -0.178164 -0.244680 -0.357067 -1.159916 -0.384260 -1.556110
    63 -0.387544 -0.467570 0.383766 -0.673151 -0.804119 -2.461558
    64 2.472082 0.027427 0.005130 -0.102106 0.023255 0.772931
    65 1.223420 0.013261 -0.005766 -0.000003 -0.000017 0.892547
    66 -0.263408 -0.117640 -0.015657 0.000036 -0.082210 -0.026800
    67 0.007707 -0.334360 -0.191576 0.070788 -0.181563 0.282364
    68 0.225562 -0.567923 -0.420715 0.119895 -0.183798 0.223460
    69 -0.203683 -0.095654 -0.328304 -1.745077 0.075142 -1.515382
    70 -1.393460 8.839182 -0.239440 1.580804 -0.005024 -1.566848
    71 0.036020 0.082814 -0.692656 -1.570769 0.065989 0.001276
    72 -0.088586 0.054019 -0.088595 0.010231 0.033800 -1.560851
    73 0.120153 -0.050270 -0.054489 -2.854024 0.030688 -1.580508
    74 -0.139399 -0.111692 0.014400 0.285395 -0.031353 1.580313
    75 1.815922 -4.953960 0.956709 -1.247037 1.437608 -1.233843
    76 1.280673 -7.522364 1.257767 -1.247037 1.437608 -1.233843
    77 3.914122 -5.194223 1.336679 -1.102199 1.470090 -1.123171
    78 3.733238 -6.026484 1.177255 -1.247037 1.437608 -1.233843
    79 2.572266 -6.871094 2.244141 -0.148865 -1.070098 0.151247
    80 3.371890 -22.610472 3.210703 -0.126394 -0.042221 0.015827
  time 26
    0 1.629157 0.000000 0.541027 0.000000 0.000000 -1.570796
    1 2.134103 21.215677 -16.841795 4.943204 -0.930676 -4.179852
    2 -0.009418 -10.694113 -0.002571 -0.014828 0.094553 -0.669361
    3 -0.652832 -3.626953 -0.348633 -1.107361 -0.060909 -0.152581
    4 -0.006990 -1.503228 0.006415 -1.179809 -0.000001 -0.000002
    5 0.005351 -0.954641 -0.007484 -1.228687 0.000000 0.000000
    6 0.007988 0.172186 -0.118553 -1.598091 -0.216549 -1.570593
    7 0.080660 0.135929 -0.203919 -1.506824 -0.066185 -1.662786
    8 0.117288 -0.155554 -0.604544 -1.412988 -0.374558 -1.569222
    9 0.127930 -3.761719 -0.348633 -0.873865 -0.036146 -0.178589
    10 -0.010696 -1.563353 0.010633 -1.223362 0.000000 -0.000003
    11 -0.006798 -1.156134 0.006655 -1.567260 0.000000 0.000000
    12 -0.018589 0.129951 -0.123721 -1.294580 0.001302 -1.635383
    13 -0.006160 0.170065 -0.110169 -1.280084 -0.068681 -1.597215
    14 0.047100 -0.104074 -0.352264 -1.243368 -0.257298 -1.694346
    15 0.949219 -3.619141 -0.348633 -0.197224 0.000005 0.130897
    16 -0.015404 -1.599609 -0.000001 -0.589916 0.000000 0.000000
    17 -0.006736 -0.945718 0.007065 -0.593400 0.000000 -0.000001
    18 -0.022325 0.045425 -0.038284 -1.125544 -0.129230 -1.681412
    19 -0.042901 -0.061274 -0.071212 -1.124462 -0.060454 -1.586099
    20 0.063741 -0.109104 -0.248158 -1.142813 -0.125805 -1.693583
    21 -1.403345 -3.241619 -0.338395 -1.174547 -0.118715 -0.146526
    22 0.010184 -1.202054 0.005877 -0.977365 -0.000003 -0.000007
    23 -0.013000 -0.789063 0.000000 -1.034973 0.000000 0.000000
    24 -0.011720 0.093267 0.017949 -1.687855 -0.079155 -1.575164
    25 0.048864 -0.085541 0.028626 -1.715605 -0.034569 -1.653190
    26 0.173918 -0.198414 -0.336163 -1.668104 -0.422317 -1.710956
    27 0.442881 -0.490226 0.392416 0.457988 -0.443923 -1.167613
    28 2.357422 0.016083 -0.000001 -0.304010 -0.029872 -0.496328
    29 1.250977 -0.000336 0.000002 0.000000 0.000000 -0.577698
    30 -0.267709 0.037512 -0.093907 2.913812 -0.143386 0.078467
    31 -0.029266 0.205410 -0.329287 2.788574 -0.255486 -0.188917
    32 0.204373 0.521055 -0.268577 2.886669 0.042206 -0.230367
    33 0.195697 -0.010059 -0.293538 -1.333586 0.150863 -1.672749
    34 1.257181 8.762590 -0.153713 -1.570562 0.002683 -1.566808
    35 -0.093500 -0.114213 -0.738866 -1.570842 0.061811 0.002096
    36 0.010843 0.093623 -0.081439 -3.141462 0.041719 -1.568236
    37 20.358767 -5.875810 -19.642508 -1.337701 -0.023908 1.740940
    38 0.104748 -10.673144 -0.009359 -0.247081 -0.402142 0.225397
    39 0.553428 -3.642764 -0.341066 -1.904716 -0.041053 -0.026176
    40 0.021779 -1.507546 0.001040 -0.803555 0.000001 -0.000004
    41 0.004232 -0.936292 -0.004582 -0.896843 -0.000002 -0.000001
    42 0.006928 0.005327 -0.181358 -1.528500 -0.248579 -1.611362
    43 -0.052313 0.038588 -0.230758 -1.592493 -0.043415 -1.528515
    44 -0.232600 -0.209658 -0.420670 -1.713790 -0.167173 -1.438930
    45 -0.218280 -3.733712 -0.346082 -1.788116 -0.000005 -0.000032
    46 0.015894 -1.582373 0.010076 -0.917783 0.000031 -0.000009
    47 0.008291 -1.176453 0.000250 -1.043308 0.000033 0.000030
    48 -0.038065 0.069166 -0.159882 -1.816986 0.066178 -1.575392
    49 -0.025151 0.088760 -0.068837 -1.817843 0.044510 -1.568287
    50 -0.102916 -0.186983 -0.272246 -1.833683 -0.232962 -1.472375
    51 -1.026365 -3.578138 -0.343160 -1.729275 0.000031 -0.000003
    52 0.001134 -1.610108 0.002371 -0.861681 0.000003 -0.000002
    53 0.009693 -0.949964 0.008323 -1.017565 0.000001 0.000001
    54 -0.004241 0.043707 -0.080202 -2.014997 -0.186996 -1.460723
    55 0.015383 -0.089136 -0.030009 -2.006083 0.036346 -1.568629
    56 -0.022610 -0.212358 -0.177904 -1.933161 -0.118801 -1.518895
    57 1.309013 -3.227547 -0.342208 -1.545710 -0.069497 -0.040763
    58 0.000596 -1.242324 0.006086 -0.665115 0.000004 0.000009
    59 0.003174 -0.774607 -0.004222 -0.700940 -0.000006 -0.000004
    60 -0.067138 0.063251 -0.010961 -0.899214 -0.014515 -1.600326
    61 -0.151180 -0.007395 -0.070065 -0.913061 -0.118819 -1.408558
    62 -0.178164 -0.244680 -0.357067 -1.159916 -0.384260 -1.556110
    63 -0.387544 -0.467570 0.379860 -0.679683 -0.807121 -2.456280
    64 2.472082 0.027427 0.005130 -0.101938 0.023866 0.779003
    65 1.223420 0.013261 -0.005766 -0.000003 -0.000017 0.900402
    66 -0.263408 -0.117640 -0.015657 0.000036 -0.082210 -0.026800
    67 0.007707 -0.334360 -0.191576 0.070788 -0.181563 0.282364
    68 0.225562 -0.567923 -0.420715 0.119895 -0.183798 0.223460
    69 -0.203683 -0.095654 -0.328304 -1.745077 0.075142 -1.515382
    70 -1.393460 8.839182 -0.239440 1.580804 -0.005024 -1.566848
    71 0.036020 0.082814 -0.692656 -1.570769 0.065989 0.001276
    72 -0.088586 0.054019 -0.088595 0.010231 0.033800 -1.560851
    73 0.120153 -0.050270 -0.054489 -2.854024 0.030688 -1.580508
    74 -0.139399 -0.111692 0.014400 0.285395 -0.031353 1.580313
    75 1.815922 -4.953960 0.956709 -1.247037 1.437608 -1.233843
    76 1.280673 -7.522364 1.257767 -1.247037 1.437608 -1.233843
    77 3.914122 -5.194223 1.336679 -1.102199 1.470090 -1.123171
    78 3.733238 -6.026484 1.177255 -1.247037 1.437608 -1.233843
    79 2.572266 -6.871094 2.244141 -0.148865 -1.070098 0.151247
    80 3.344545 -22.614378 3.206797 -0.124506 -0.155448 0.033206
  time 27
    0 1.629157 0.000000 0.541027 0.000000 0.000000 -1.570796
    1 2.134103 20.981295 -16.744135 4.948887 -0.948011 -4.186947
    2 -0.009418 -10.701926 -0.006478 -0.013273 0.094861 -0.652593
    3 -0.652832 -3.626953 -0.348633 -1.107361 -0.060909 -0.152581
    4 -0.006990 -1.503228 0.002508 -1.179809 -0.000001 -0.000002
    5 0.009257 -0.954641 -0.007484 -1.228687 0.000000 0.000000
    6 0.007988 0.172186 -0.118553 -1.598091 -0.216549 -1.570593
    7 0.080660 0.135929 -0.203919 -1.506824 -0.066185 -1.662786
    8 0.117288 -0.155554 -0.604544 -1.412988 -0.374558 -1.569222
    9 0.127930 -3.761719 -0.348633 -0.873865 -0.036146 -0.178589
    10 -0.006790 -1.563353 0.010633 -1.223362 0.000000 -0.000003
    11 -0.002891 -1.156134 0.006655 -1.567260 0.000000 0.000000
    12 -0.018589 0.129951 -0.123721 -1.294580 0.001302 -1.635383
    13 -0.006160 0.170065 -0.110169 -1.280084 -0.068681 -1.597215
    14 0.047100 -0.104074 -0.352264 -1.243368 -0.257298 -1.694346
    15 0.949219 -3.619141 -0.348633 -0.197224 0.000005 0.130897
    16 -0.015404 -1.599609 -0.000001 -0.589916 0.000000 0.000000
    17 -0.002829 -0.945718 0.007065 -0.593400 0.000000 -0.000001
    18 -0.022325 0.045425 -0.038284 -1.125544 -0.129230 -1.681412
    19 -0.042901 -0.061274 -0.071212 -1.124462 -0.060454 -1.586099
    20 0.063741 -0.109104 -0.248158 -1.142813 -0.125805 -1.693583
    21 -1.399439 -3.245525 -0.342301 -1.174547 -0.118715 -0.146526
    22 0.010184 -1.202054 0.009783 -0.977365 -0.000003 -0.000007
    23 -0.013000 -0.789063 0.000000 -1.034973 0.000000 0.000000
    24 -0.011720 0.093267 0.017949 -1.687855 -0.079155 -1.575164
    25 0.048864 -0.085541 0.028626 -1.715605 -0.034569 -1.653190
    26 0.173918 -0.198414 -0.336163 -1.668104 -0.422317 -1.710956
    27 0.438974 -0.486320 0.388510 0.457988 -0.443911 -1.167613
    28 2.357422 0.016083 -0.000001 -0.304010 -0.029872 -0.496328
    29 1.250977 -0.000336 0.000002 0.000000 0.000000 -0.577698
    30 -0.267709 0.037512 -0.093907 2.913812 -0.143386 0.078467
    31 -0.029266 0.205410 -0.329287 2.788574 -0.255486 -0.188917
    32 0.204373 0.521055 -0.268577 2.886669 0.042206 -0.230367
    33 0.195697 -0.010059 -0.293538 -1.333586 0.150863 -1.672749
    34 1.257181 8.762590 -0.153713 -1.570562 0.002683 -1.566808
    35 -0.093500 -0.114213 -0.738866 -1.570842 0.061811 0.002096
    36 0.010843 0.093623 -0.081439 -3.141462 0.041719 -1.568236
    37 20.163448 -6.793807 -19.693290 -1.318080 0.024280 1.745806
    38 0.100841 -10.673144 -0.009359 -0.164180 -0.422969 0.168283
    39 0.549521 -3.650577 -0.341066 -1.914814 -0.041053 -0.026176
    40 0.021779 -1.503640 0.001040 -0.808188 0.000001 -0.000004
    41 0.004232 -0.932386 -0.008488 -0.901958 -0.000002 -0.000001
    42 0.006928 0.005327 -0.181358 -1.528500 -0.248579 -1.611362
    43 -0.052313 0.038588 -0.230758 -1.592493 -0.043415 -1.528515
    44 -0.232600 -0.209658 -0.420670 -1.713790 -0.167173 -1.438930
    45 -0.218280 -3.737618 -0.346082 -1.798079 -0.000005 -0.000032
    46 0.015894 -1.586280 0.010076 -0.923332 0.000031 -0.000009
    47 0.008291 -1.176453 0.000250 -1.048742 0.000033 0.000030
    48 -0.038065 0.069166 -0.159882 -1.816986 0.066178 -1.575392
    49 -0.025151 0.088760 -0.068837 -1.817843 0.044510 -1.568287
    50 -0.102916 -0.186983 -0.272246 -1.833683 -0.232962 -1.472375
    51 -1.030272 -3.578138 -0.343160 -1.738481 0.000031 -0.000003
    52 0.001134 -1.610108 0.002371 -0.867395 0.000003 -0.000002
    53 0.009693 -0.949964 0.004417 -1.023870 0.000001 0.000001
    54 -0.004241 0.043707 -0.080202 -2.014997 -0.186996 -1.460723
    55 0.015383 -0.089136 -0.030009 -2.006083 0.036346 -1.568629
    56 -0.022610 -0.212358 -0.177904 -1.933161 -0.118801 -1.518895
    57 1.305107 -3.227547 -0.346115 -1.555130 -0.069497 -0.040763
    58 0.000596 -1.238418 0.006086 -0.667941 0.000004 0.000009
    59 0.010987 -0.774607 -0.000316 -0.704187 -0.000006 -0.000004
    60 -0.067138 0.063251 -0.010961 -0.899214 -0.014515 -1.600326
    61 -0.151180 -0.007395 -0.070065 -0.913061 -0.118819 -1.408558
    62 -0.178164 -0.244680 -0.357067 -1.159916 -0.384260 -1.556110
    63 -0.391451 -0.467570 0.379860 -0.685304 -0.810238 -2.452103
    64 2.468175 0.027427 0.009037 -0.101794 0.024453 0.784858
    65 1.223420 0.013261 -0.005766 -0.000003 -0.000017 0.907441
    66 -0.263408 -0.117640 -0.015657 0.000036 -0.082210 -0.026800
    67 0.007707 -0.334360 -0.191576 0.070788 -0.181563 0.282364
    68 0.225562 -0.567923 -0.420715 0.119895 -0.183798 0.223460
    69 -0.203683 -0.095654 -0.328304 -1.745077 0.075142 -1.515382
    70 -1.393460 8.839182 -0.239440 1.580804 -0.005024 -1.566848
    71 0.036020 0.082814 -0.692656 -1.570769 0.065989 0.001276
    72 -0.088586 0.054019 -0.088595 0.010231 0.033800 -1.560851
    73 0.120153 -0.050270 -0.054489 -2.854024 0.030688 -1.580508
    74 -0.139399 -0.111692 0.014400 0.285395 -0.031353 1.580313
    75 1.815922 -4.953960 0.956709 -1.247037 1.437608 -1.233843
    76 1.280673 -7.522364 1.257767 -1.247037 1.437608 -1.233843
    77 3.914122 -5.194223 1.336679 -1.102199 1.470090 -1.123171
    78 3.733238 -6.026484 1.177255 -1.247037 1.437608 -1.233843
    79 2.572266 -6.871094 2.244141 -0.148865 -1.070098 0.151247
    80 3.332826 -22.614378 3.210703 -0.118910 -0.149274 0.037240
  time 28
    0 1.629157 0.000000 0.541027 0.000000 0.000000 -1.570796
    1 2.134103 20.637535 -16.591787 4.959611 -0.978906 -4.200273
    2 -0.001605 -10.694113 -0.002571 -0.009892 0.095237 -0.617135
    3 -0.652832 -3.626953 -0.348633 -1.107361 -0.060909 -0.152581
    4 -0.003083 -1.503228 0.002508 -1.179809 -0.000001 -0.000002
    5 0.001444 -0.954641 -0.003577 -1.228687 0.000000 0.000000
    6 0.007988 0.172186 -0.118553 -1.598091 -0.216549 -1.570593
    7 0.080660 0.135929 -0.203919 -1.506824 -0.066185 -1.662786
    8 0.117288 -0.155554 -0.604544 -1.412988 -0.374558 -1.569222
    9 0.127930 -3.761719 -0.348633 -0.873865 -0.036146 -0.178589
    10 -0.006790 -1.567259 0.010633 -1.223362 0.000000 -0.000003
    11 -0.002891 -1.156134 0.006655 -1.567260 0.000000 0.000000
    12 -0.018589 0.129951 -0.123721 -1.294580 0.001302 -1.635383
    13 -0.006160 0.170065 -0.110169 -1.280084 -0.068681 -1.597215
    14 0.047100 -0.104074 -0.352264 -1.243368 -0.257298 -1.694346
    15 0.949219 -3.619141 -0.348633 -0.197224 0.000005 0.130897
    16 -0.015404 -1.599609 -0.000001 -0.589916 0.000000 0.000000
    17 -0.006736 -0.941812 0.007065 -0.593400 0.000000 -0.000001
    18 -0.022325 0.045425 -0.038284 -1.125544 -0.129230 -1.681412
    19 -0.042901 -0.061274 -0.071212 -1.124462 -0.060454 -1.586099
    20 0.063741 -0.109104 -0.248158 -1.142813 -0.125805 -1.693583
    21 -1.403345 -3.245525 -0.346207 -1.174547 -0.118715 -0.146526
    22 0.010184 -1.202054 0.005877 -0.977365 -0.000003 -0.000007
    23 -0.013000 -0.789063 0.000000 -1.034973 0.000000 0.000000
    24 -0.011720 0.093267 0.017949 -1.687855 -0.079155 -1.575164
    25 0.048864 -0.085541 0.028626 -1.715605 -0.034569 -1.653190
    26 0.173918 -0.198414 -0.336163 -1.668104 -0.422317 -1.710956
    27 0.438974 -0.490226 0.388510 0.457988 -0.443923 -1.167613
    28 2.357422 0.016083 -0.000001 -0.304010 -0.029872 -0.496328
    29 1.250977 -0.000336 0.000002 0.000000 0.000000 -0.577698
    30 -0.267709 0.037512 -0.093907 2.913812 -0.143386 0.078467
    31 -0.029266 0.205410 -0.329287 2.788574 -0.255486 -0.188917
    32 0.204373 0.521055 -0.268577 2.886669 0.042206 -0.230367
    33 0.195697 -0.010059 -0.293538 -1.333586 0.150863 -1.672749
    34 1.257181 8.762590 -0.153713 -1.570562 0.002683 -1.566808
    35 -0.093500 -0.114213 -0.738866 -1.570842 0.061811 0.002096
    36 0.010843 0.093623 -0.081439 -3.141462 0.041719 -1.568236
    37 19.784531 -7.664927 -19.693290 -1.284964 0.048260 1.751053
    38 0.104748 -10.673144 -0.009359 -0.045129 -0.429392 0.109659
    39 0.553428 -3.650577 -0.344972 -1.922610 -0.041053 -0.026176
    40 0.021779 -1.503640 0.001040 -0.812388 0.000001 -0.000004
    41 0.008139 -0.928479 -0.008488 -0.905936 -0.000002 -0.000001
    42 0.006928 0.005327 -0.181358 -1.528500 -0.248579 -1.611362
    43 -0.052313 0.038588 -0.230758 -1.592493 -0.043415 -1.528515
    44 -0.232600 -0.209658 -0.420670 -1.713790 -0.167173 -1.438930
    45 -0.218280 -3.733712 -0.342176 -1.806760 -0.000005 -0.000032
    46 0.015894 -1.582373 0.010076 -0.927256 0.000031 -0.000009
    47 0.004385 -1.176453 0.000250 -1.052677 0.000033 0.000030
    48 -0.038065 0.069166 -0.159882 -1.816986 0.066178 -1.575392
    49 -0.025151 0.088760 -0.068837 -1.817843 0.044510 -1.568287
    50 -0.102916 -0.186983 -0.272246 -1.833683 -0.232962 -1.472375
    51 -1.030272 -3.578138 -0.347066 -1.746597 0.000031 -0.000003
    52 0.001134 -1.610108 0.006277 -0.871633 0.000003 -0.000002
    53 0.009693 -0.949964 0.008323 -1.028288 0.000001 0.000001
    54 -0.004241 0.043707 -0.080202 -2.014997 -0.186996 -1.460723
    55 0.015383 -0.089136 -0.030009 -2.006083 0.036346 -1.568629
    56 -0.022610 -0.212358 -0.177904 -1.933161 -0.118801 -1.518895
    57 1.305107 -3.227547 -0.346115 -1.562884 -0.069497 -0.040763
    58 0.000596 -1.242324 0.002180 -0.670185 0.000004 0.000009
    59 0.007081 -0.774607 -0.008129 -0.706321 -0.000006 -0.000004
    60 -0.067138 0.063251 -0.010961 -0.899214 -0.014515 -1.600326
    61 -0.151180 -0.007395 -0.070065 -0.913061 -0.118819 -1.408558
    62 -0.178164 -0.244680 -0.357067 -1.159916 -0.384260 -1.556110
    63 -0.395357 -0.467570 0.383766 -0.690033 -0.813259 -2.448964
    64 2.468175 0.027427 0.005130 -0.101662 0.024992 0.790279
    65 1.223420 0.013261 -0.005766 -0.000003 -0.000017 0.913502
    66 -0.263408 -0.117640 -0.015657 0.000036 -0.082210 -0.026800
    67 0.007707 -0.334360 -0.191576 0.070788 -0.181563 0.282364
    68 0.225562 -0.567923 -0.420715 0.119895 -0.183798 0.223460
    69 -0.203683 -0.095654 -0.328304 -1.745077 0.075142 -1.515382
    70 -1.393460 8.839182 -0.239440 1.580804 -0.005024 -1.566848
    71 0.036020 0.082814 -0.692656 -1.570769 0.065989 0.001276
    72 -0.088586 0.054019 -0.088595 0.010231 0.033800 -1.560851
    73 0.120153 -0.050270 -0.054489 -2.854024 0.030688 -1.580508
    74 -0.139399 -0.111692 0.014400 0.285395 -0.031353 1.580313
    75 1.815922 -4.953960 0.956709 -1.247037 1.437608 -1.233843
    76 1.280673 -7.522364 1.257767 -1.247037 1.437608 -1.233843
    77 3.914122 -5.194223 1.336679 -1.102199 1.470090 -1.123171
    78 3.733238 -6.026484 1.177255 -1.247037 1.437608 -1.233843
    79 2.572266 -6.871094 2.244141 -0.148865 -1.070098 0.151247
    80 3.344545 -22.614378 3.210703 -0.116630 -0.089622 0.030723
  time 29
    0 1.629157 0.000000 0.541027 0.000000 0.000000 -1.570796
    1 2.134103 20.356276 -16.470690 4.968685 -1.001814 -4.211010
    2 -0.001605 -10.694113 -0.002571 -0.007350 0.095442 -0.590448
    3 -0.652832 -3.626953 -0.348633 -1.107361 -0.060909 -0.152581
    4 -0.006990 -1.507134 0.006415 -1.179809 -0.000001 -0.000002
    5 0.009257 -0.954641 -0.003577 -1.228687 0.000000 0.000000
    6 0.007988 0.172186 -0.118553 -1.598091 -0.216549 -1.570593
    7 0.080660 0.135929 -0.203919 -1.506824 -0.066185 -1.662786
    8 0.117288 -0.155554 -0.604544 -1.412988 -0.374558 -1.569222
    9 0.127930 -3.761719 -0.348633 -0.873865 -0.036146 -0.178589
    10 -0.006790 -1.563353 0.010633 -1.223362 0.000000 -0.000003
    11 -0.010704 -1.156134 0.010561 -1.567260 0.000000 0.000000
    12 -0.018589 0.129951 -0.123721 -1.294580 0.001302 -1.635383
    13 -0.006160 0.170065 -0.110169 -1.280084 -0.068681 -1.597215
    14 0.047100 -0.104074 -0.352264 -1.243368 -0.257298 -1.694346
    15 0.949219 -3.619141 -0.348633 -0.197224 0.000005 0.130897
    16 -0.015404 -1.599609 -0.000001 -0.589916 0.000000 0.000000
    17 -0.006736 -0.945718 0.007065 -0.593400 0.000000 -0.000001
    18 -0.022325 0.045425 -0.038284 -1.125544 -0.129230 -1.681412
    19 -0.042901 -0.061274 -0.071212 -1.124462 -0.060454 -1.586099
    20 0.063741 -0.109104 -0.248158 -1.142813 -0.125805 -1.693583
    21 -1.403345 -3.245525 -0.342301 -1.174547 -0.118715 -0.146526
    22 0.006278 -1.202054 0.005877 -0.977365 -0.000003 -0.000007
    23 -0.013000 -0.789063 0.000000 -1.034973 0.000000 0.000000
    24 -0.011720 0.093267 0.017949 -1.687855 -0.079155 -1.575164
    25 0.048864 -0.085541 0.028626 -1.715605 -0.034569 -1.653190
    26 0.173918 -0.198414 -0.336163 -1.668104 -0.422317 -1.710956
    27 0.442881 -0.494133 0.388510 0.457988 -0.443899 -1.167613
    28 2.357422 0.016083 -0.000001 -0.304010 -0.029872 -0.496328
    29 1.250977 -0.000336 0.000002 0.000000 0.000000 -0.577698
    30 -0.267709 0.037512 -0.093907 2.913812 -0.143386 0.078467
    31 -0.029266 0.205410 -0.329287 2.788574 -0.255486 -0.188917
    32 0.204373 0.521055 -0.268577 2.886669 0.042206 -0.230367
    33 0.195697 -0.010059 -0.293538 -1.333586 0.150863 -1.672749
    34 1.257181 8.762590 -0.153713 -1.570562 0.002683 -1.566808
    35 -0.093500 -0.114213 -0.738866 -1.570842 0.061811 0.002096
    36 0.010843 0.093623 -0.081439 -3.141462 0.041719 -1.568236
    37 19.304047 -8.106347 -19.662040 -1.249646 0.057527 1.753820
    38 0.104748 -10.673144 -0.009359 0.019828 -0.420045 0.099824
    39 0.549521 -3.642764 -0.344972 -1.928298 -0.041053 -0.026176
    40 0.021779 -1.507546 0.001040 -0.815847 0.000001 -0.000004
    41 0.004232 -0.928479 -0.004582 -0.908304 -0.000002 -0.000001
    42 0.006928 0.005327 -0.181358 -1.528500 -0.248579 -1.611362
    43 -0.052313 0.038588 -0.230758 -1.592493 -0.043415 -1.528515
    44 -0.232600 -0.209658 -0.420670 -1.713790 -0.167173 -1.438930
    45 -0.218280 -3.737618 -0.346082 -1.813926 -0.000005 -0.000032
    46 0.019801 -1.586280 0.010076 -0.929361 0.000031 -0.000009
    47 0.000478 -1.172547 0.000250 -1.055113 0.000033 0.000030
    48 -0.038065 0.069166 -0.159882 -1.816986 0.066178 -1.575392
    49 -0.025151 0.088760 -0.068837 -1.817843 0.044510 -1.568287
    50 -0.102916 -0.186983 -0.272246 -1.833683 -0.232962 -1.472375
    51 -1.030272 -3.578138 -0.343160 -1.753297 0.000031 -0.000003
    52 0.001134 -1.606202 0.002371 -0.874490 0.000003 -0.000002
    53 0.009693 -0.949964 0.004417 -1.031145 0.000001 0.000001
    54 -0.004241 0.043707 -0.080202 -2.014997 -0.186996 -1.460723
    55 0.015383 -0.089136 -0.030009 -2.006083 0.036346 -1.568629
    56 -0.022610 -0.212358 -0.177904 -1.933161 -0.118801 -1.518895
    57 1.305107 -3.227547 -0.338302 -1.568765 -0.069497 -0.040763
    58 0.000596 -1.242324 0.006086 -0.671681 0.000004 0.000009
    59 0.010987 -0.774607 -0.004222 -0.708269 -0.000006 -0.000004
    60 -0.067138 0.063251 -0.010961 -0.899214 -0.014515 -1.600326
    61 -0.151180 -0.007395 -0.070065 -0.913061 -0.118819 -1.408558
    62 -0.178164 -0.244680 -0.357067 -1.159916 -0.384260 -1.556110
    63 -0.391451 -0.467570 0.375953 -0.693763 -0.816187 -2.446886
    64 2.472082 0.027427 0.001224 -0.101567 0.025520 0.795180
    65 1.219513 0.013261 -0.005766 -0.000003 -0.000017 0.918584
    66 -0.263408 -0.117640 -0.015657 0.000036 -0.082210 -0.026800
    67 0.007707 -0.334360 -0.191576 0.070788 -0.181563 0.282364
    68 0.225562 -0.567923 -0.420715 0.119895 -0.183798 0.223460
    69 -0.203683 -0.095654 -0.328304 -1.745077 0.075142 -1.515382
    70 -1.393460 8.839182 -0.239440 1.580804 -0.005024 -1.566848
    71 0.036020 0.082814 -0.692656 -1.570769 0.065989 0.001276
    72 -0.088586 0.054019 -0.088595 0.010231 0.033800 -1.560851
    73 0.120153 -0.050270 -0.054489 -2.854024 0.030688 -1.580508
    74 -0.139399 -0.111692 0.014400 0.285395 -0.031353 1.580313
    75 1.815922 -4.953960 0.956709 -1.247037 1.437608 -1.233843
    76 1.280673 -7.522364 1.257767 -1.247037 1.437608 -1.233843
    77 3.914122 -5.194223 1.336679 -1.102199 1.470090 -1.123171
    78 3.733238 -6.026484 1.177255 -1.247037 1.437608 -1.233843
    79 2.572266 -6.871094 2.244141 -0.148865 -1.070098 0.151247
    80 3.379703 -22.622191 3.214610 -0.126394 -0.042221 0.015749
  time 30
    0 1.629157 0.000000 0.541027 0.000000 0.000000 -1.570796
    1 2.134103 20.223459 -16.416000 4.970426 -1.005939 -4.212927
    2 -0.009418 -10.694113 -0.002571 -0.006931 0.095476 -0.585896
    3 -0.652832 -3.626953 -0.348633 -1.107361 -0.060909 -0.152581
    4 -0.010896 -1.507134 0.010321 -1.179809 -0.000001 -0.000002
    5 0.009257 -0.958548 -0.007484 -1.228687 0.000000 0.000000
    6 0.007988 0.172186 -0.118553 -1.598091 -0.216549 -1.570593
    7 0.080660 0.135929 -0.203919 -1.506824 -0.066185 -1.662786
    8 0.117288 -0.155554 -0.604544 -1.412988 -0.374558 -1.569222
    9 0.127930 -3.761719 -0.348633 -0.873865 -0.036146 -0.178589
    10 -0.006790 -1.563353 0.006726 -1.223362 0.000000 -0.000003
    11 -0.006798 -1.156134 0.010561 -1.567260 0.000000 0.000000
    12 -0.018589 0.129951 -0.123721 -1.294580 0.001302 -1.635383
    13 -0.006160 0.170065 -0.110169 -1.280084 -0.068681 -1.597215
    14 0.047100 -0.104074 -0.352264 -1.243368 -0.257298 -1.694346
    15 0.949219 -3.619141 -0.348633 -0.197224 0.000005 0.130897
    16 -0.015404 -1.599609 -0.000001 -0.589916 0.000000 0.000000
    17 -0.006736 -0.941812 0.007065 -0.593400 0.000000 -0.000001
    18 -0.022325 0.045425 -0.038284 -1.125544 -0.129230 -1.681412
    19 -0.042901 -0.061274 -0.071212 -1.124462 -0.060454 -1.586099
    20 0.063741 -0.109104 -0.248158 -1.142813 -0.125805 -1.693583
    21 -1.403345 -3.245525 -0.338395 -1.174547 -0.118715 -0.146526
    22 0.006278 -1.202054 0.005877 -0.977365 -0.000003 -0.000007
    23 -0.013000 -0.789063 0.000000 -1.034973 0.000000 0.000000
    24 -0.011720 0.093267 0.017949 -1.687855 -0.079155 -1.575164
    25 0.048864 -0.085541 0.028626 -1.715605 -0.034569 -1.653190
    26 0.173918 -0.198414 -0.336163 -1.668104 -0.422317 -1.710956
    27 0.438974 -0.486320 0.396323 0.457988 -0.443911 -1.167613
    28 2.357422 0.016083 -0.000001 -0.304010 -0.029872 -0.496328
    29 1.250977 -0.000336 0.000002 0.000000 0.000000 -0.577698
    30 -0.267709 0.037512 -0.093907 2.913812 -0.143386 0.078467
    31 -0.029266 0.205410 -0.329287 2.788574 -0.255486 -0.188917
    32 0.204373 0.521055 -0.268577 2.886669 0.042206 -0.230367
    33 0.195697 -0.010059 -0.293538 -1.333586 0.150863 -1.672749
    34 1.257181 8.762590 -0.153713 -1.570562 0.002683 -1.566808
    35 -0.093500 -0.114213 -0.738866 -1.570842 0.061811 0.002096
    36 0.010843 0.093623 -0.081439 -3.141462 0.041719 -1.568236
    37 18.823564 -7.719616 -19.615163 -1.211170 -0.009421 1.734739
    38 0.104748 -10.673144 -0.005453 0.006489 -0.402669 0.153241
    39 0.549521 -3.650577 -0.341066 -1.931749 -0.041053 -0.026176
    40 0.021779 -1.507546 0.001040 -0.818689 0.000001 -0.000004
    41 0.008139 -0.932386 -0.008488 -0.909251 -0.000002 -0.000001
    42 0.006928 0.005327 -0.181358 -1.528500 -0.248579 -1.611362
    43 -0.052313 0.038588 -0.230758 -1.592493 -0.043415 -1.528515
    44 -0.232600 -0.209658 -0.420670 -1.713790 -0.167173 -1.438930
    45 -0.214374 -3.737618 -0.342176 -1.819636 -0.000005 -0.000032
    46 0.019801 -1.582373 0.010076 -0.930031 0.000031 -0.000009
    47 0.008291 -1.172547 0.000250 -1.056237 0.000033 0.000030
    48 -0.038065 0.069166 -0.159882 -1.816986 0.066178 -1.575392
    49 -0.025151 0.088760 -0.068837 -1.817843 0.044510 -1.568287
    50 -0.102916 -0.186983 -0.272246 -1.833683 -0.232962 -1.472375
    51 -1.026365 -3.582044 -0.339254 -1.758690 0.000031 -0.000003
    52 0.001134 -1.606202 0.002371 -0.875966 0.000003 -0.000002
    53 0.009693 -0.949964 0.004417 -1.032115 0.000001 0.000001
    54 -0.004241 0.043707 -0.080202 -2.014997 -0.186996 -1.460723
    55 0.015383 -0.089136 -0.030009 -2.006083 0.036346 -1.568629
    56 -0.022610 -0.212358 -0.177904 -1.933161 -0.118801 -1.518895
    57 1.309013 -3.227547 -0.338302 -1.572824 -0.069497 -0.040763
    58 0.000596 -1.238418 0.006086 -0.672595 0.000004 0.000009
    59 0.007081 -0.774607 -0.000316 -0.709382 -0.000006 -0.000004
    60 -0.067138 0.063251 -0.010961 -0.899214 -0.014515 -1.600326
    61 -0.151180 -0.007395 -0.070065 -0.913061 -0.118819 -1.408558
    62 -0.178164 -0.244680 -0.357067 -1.159916 -0.384260 -1.556110
    63 -0.391451 -0.467570 0.383766 -0.696495 -0.818850 -2.445930
    64 2.468175 0.027427 0.005130 -0.101459 0.025939 0.799343
    65 1.223420 0.013261 -0.005766 -0.000003 -0.000017 0.922525
    66 -0.263408 -0.117640 -0.015657 0.000036 -0.082210 -0.026800
    67 0.007707 -0.334360 -0.191576 0.070788 -0.181563 0.282364
    68 0.225562 -0.567923 -0.420715 0.119895 -0.183798 0.223460
    69 -0.203683 -0.095654 -0.328304 -1.745077 0.075142 -1.515382
    70 -1.393460 8.839182 -0.239440 1.580804 -0.005024 -1.566848
    71 0.036020 0.082814 -0.692656 -1.570769 0.065989 0.001276
    72 -0.088586 0.054019 -0.088595 0.010231 0.033800 -1.560851
    73 0.120153 -0.050270 -0.054489 -2.854024 0.030688 -1.580508
    74 -0.139399 -0.111692 0.014400 0.285395 -0.031353 1.580313
    75 1.815922 -4.953960 0.956709 -1.247037 1.437608 -1.233843
    76 1.280673 -7.522364 1.257767 -1.247037 1.437608 -1.233843
    77 3.914122 -5.194223 1.336679 -1.102199 1.470090 -1.123171
    78 3.733238 -6.026484 1.177255 -1.247037 1.437608 -1.233843
    79 2.572266 -6.871094 2.244141 -0.148865 -1.070098 0.151247
    80 3.446111 -22.696412 3.378677 -0.149737 -0.032984 -0.005935
  time 31
    0 1.629157 0.000000 0.541027 0.000000 0.000000 -1.570796
    1 2.134103 20.188302 -16.396469 4.970885 -1.007080 -4.213503
    2 -0.001605 -10.694113 -0.002571 -0.006807 0.095476 -0.584601
    3 -0.652832 -3.626953 -0.348633 -1.107361 -0.060909 -0.152581
    4 -0.010896 -1.503228 0.010321 -1.179809 -0.000001 -0.000002
    5 0.005351 -0.954641 -0.003577 -1.228687 0.000000 0.000000
    6 0.007988 0.172186 -0.118553 -1.598091 -0.216549 -1.570593
    7 0.080660 0.135929 -0.203919 -1.506824 -0.066185 -1.662786
    8 0.117288 -0.155554 -0.604544 -1.412988 -0.374558 -1.569222
    9 0.127930 -3.761719 -0.348633 -0.873865 -0.036146 -0.178589
    10 -0.006790 -1.567259 0.006726 -1.223362 0.000000 -0.000003
    11 -0.006798 -1.156134 0.010561 -1.567260 0.000000 0.000000
    12 -0.018589 0.129951 -0.123721 -1.294580 0.001302 -1.635383
    13 -0.006160 0.170065 -0.110169 -1.280084 -0.068681 -1.597215
    14 0.047100 -0.104074 -0.352264 -1.243368 -0.257298 -1.694346
    15 0.949219 -3.619141 -0.348633 -0.197224 0.000005 0.130897
    16 -0.015404 -1.599609 -0.000001 -0.589916 0.000000 0.000000
    17 -0.006736 -0.941812 0.007065 -0.593418 0.000000 -0.000001
    18 -0.022325 0.045425 -0.038284 -1.125544 -0.129230 -1.681412
    19 -0.042901 -0.061274 -0.071212 -1.124462 -0.060454 -1.586099
    20 0.063741 -0.109104 -0.248158 -1.142813 -0.125805 -1.693583
    21 -1.403345 -3.241619 -0.342301 -1.174547 -0.118715 -0.146526
    22 0.006278 -1.202054 0.005877 -0.977365 -0.000003 -0.000007
    23 -0.013000 -0.789063 0.000000 -1.034973 0.000000 0.000000
    24 -0.011720 0.093267 0.017949 -1.687855 -0.079155 -1.575164
    25 0.048864 -0.085541 0.028626 -1.715605 -0.034569 -1.653190
    26 0.173918 -0.198414 -0.336163 -1.668104 -0.422317 -1.710956
    27 0.442881 -0.490226 0.392416 0.457988 -0.443911 -1.167613
    28 2.357422 0.016083 -0.000001 -0.304010 -0.029872 -0.496328
    29 1.250977 -0.000336 0.000002 0.000000 0.000000 -0.577698
    30 -0.267709 0.037512 -0.093907 2.913812 -0.143386 0.078467
    31 -0.029266 0.205410 -0.329287 2.788574 -0.255486 -0.188917
    32 0.204373 0.521055 -0.268577 2.886669 0.042206 -0.230367
    33 0.195697 -0.010059 -0.293538 -1.333586 0.150863 -1.672749
    34 1.257181 8.762590 -0.153713 -1.570562 0.002683 -1.566808
    35 -0.093500 -0.114213 -0.738866 -1.570842 0.061811 0.002096
    36 0.010843 0.093623 -0.081439 -3.141462 0.041719 -1.568236
    37 18.221983 -6.973500 -19.326092 -1.160921 -0.115820 1.698294
    38 0.104748 -10.673144 -0.001547 -0.032702 -0.373980 0.244295
    39 0.545615 -3.642764 -0.341066 -1.933027 -0.041053 -0.026176
    40 0.017872 -1.499734 0.001040 -0.820666 0.000001 -0.000004
    41 0.008139 -0.928479 -0.004582 -0.908872 -0.000002 -0.000001
    42 0.006928 0.005327 -0.181358 -1.528500 -0.248579 -1.611362
    43 -0.052313 0.038588 -0.230758 -1.592493 -0.043415 -1.528515
    44 -0.232600 -0.209658 -0.420670 -1.713790 -0.167173 -1.438930
    45 -0.218280 -3.733712 -0.342176 -1.823481 -0.000005 -0.000032
    46 0.019801 -1.578467 0.010076 -0.929074 0.000031 -0.000009
    47 0.004385 -1.168640 0.000250 -1.056143 0.000033 0.000030
    48 -0.038065 0.069166 -0.159882 -1.816986 0.066178 -1.575392
    49 -0.025151 0.088760 -0.068837 -1.817843 0.044510 -1.568287
    50 -0.102916 -0.186983 -0.272246 -1.833683 -0.232962 -1.472375
    51 -1.026365 -3.574231 -0.343160 -1.762503 0.000031 -0.000003
    52 0.005040 -1.606202 0.002371 -0.875966 0.000003 -0.000002
    53 0.005787 -0.949964 0.008323 -1.031630 0.000001 0.000001
    54 -0.004241 0.043707 -0.080202 -2.014997 -0.186996 -1.460723
    55 0.015383 -0.089136 -0.030009 -2.006083 0.036346 -1.568629
    56 -0.022610 -0.212358 -0.177904 -1.933161 -0.118801 -1.518895
    57 1.305107 -3.227547 -0.338302 -1.574958 -0.069497 -0.040763
    58 0.000596 -1.238418 0.006086 -0.672720 0.000004 0.000009
    59 0.007081 -0.778514 -0.000316 -0.710032 -0.000006 -0.000004
    60 -0.067138 0.063251 -0.010961 -0.899214 -0.014515 -1.600326
    61 -0.151180 -0.007395 -0.070065 -0.913061 -0.118819 -1.408558
    62 -0.178164 -0.244680 -0.357067 -1.159916 -0.384260 -1.556110
    63 -0.395357 -0.467570 0.383766 -0.698071 -0.821173 -2.445930
    64 2.468175 0.027427 0.005130 -0.101363 0.026287 0.802726
    65 1.223420 0.013261 -0.005766 -0.000003 -0.000017 0.925270
    66 -0.263408 -0.117640 -0.015657 0.000036 -0.082210 -0.026800
    67 0.007707 -0.334360 -0.191576 0.070788 -0.181563 0.282364
    68 0.225562 -0.567923 -0.420715 0.119895 -0.183798 0.223460
    69 -0.203683 -0.095654 -0.328304 -1.745077 0.075142 -1.515382
    70 -1.393460 8.839182 -0.239440 1.580804 -0.005024 -1.566848
    71 0.036020 0.082814 -0.692656 -1.570769 0.065989 0.001276
    72 -0.088586 0.054019 -0.088595 0.010231 0.033800 -1.560851
    73 0.120153 -0.050270 -0.054489 -2.854024 0.030688 -1.580508
    74 -0.139399 -0.111692 0.014400 0.285395 -0.031353 1.580313
    75 1.815922 -4.953960 0.956709 -1.247037 1.437608 -1.233843
    76 1.280673 -7.522364 1.257767 -1.247037 1.437608 -1.233843
    77 3.914122 -5.194223 1.336679 -1.102199 1.470090 -1.123171
    78 3.733238 -6.026484 1.177255 -1.247037 1.437608 -1.233843
    79 2.572266 -6.871094 2.244141 -0.148865 -1.070098 0.151247
    80 3.559396 -22.938607 3.741969 -0.184734 -0.027685 -0.037589
  time 32
    0 1.629157 0.000000 0.541027 0.000000 0.000000 -1.570796
    1 2.134103 20.211740 -16.412094 4.970610 -1.006290 -4.213023
    2 -0.009418 -10.694113 -0.006478 -0.006881 0.095476 -0.585541
    3 -0.652832 -3.626953 -0.348633 -1.107361 -0.060909 -0.152581
    4 -0.010896 -1.507134 0.006415 -1.179809 -0.000001 -0.000002
    5 0.001444 -0.954641 -0.007484 -1.228687 0.000000 0.000000
    6 0.007988 0.172186 -0.118553 -1.598091 -0.216549 -1.570593
    7 0.080660 0.135929 -0.203919 -1.506824 -0.066185 -1.662786
    8 0.117288 -0.155554 -0.604544 -1.412988 -0.374558 -1.569222
    9 0.127930 -3.761719 -0.348633 -0.873865 -0.036146 -0.178589
    10 -0.006790 -1.571166 0.010633 -1.223438 0.000000 -0.000003
    11 -0.006798 -1.156134 0.006655 -1.567260 0.000000 0.000000
    12 -0.018589 0.129951 -0.123721 -1.294580 0.001302 -1.635383
    13 -0.006160 0.170065 -0.110169 -1.280084 -0.068681 -1.597215
    14 0.047100 -0.104074 -0.352264 -1.243368 -0.257298 -1.694346
    15 0.949219 -3.619141 -0.348633 -0.197224 0.000005 0.130897
    16 -0.015404 -1.599609 -0.000001 -0.589916 0.000000 0.000000
    17 -0.006736 -0.941812 0.010971 -0.593400 0.000000 -0.000001
    18 -0.022325 0.045425 -0.038284 -1.125544 -0.129230 -1.681412
    19 -0.042901 -0.061274 -0.071212 -1.124462 -0.060454 -1.586099
    20 0.063741 -0.109104 -0.248158 -1.142813 -0.125805 -1.693583
    21 -1.403345 -3.241619 -0.346207 -1.174547 -0.118715 -0.146526
    22 0.006278 -1.202054 0.009783 -0.977365 -0.000003 -0.000007
    23 -0.013000 -0.789063 0.000000 -1.034973 0.000000 0.000000
    24 -0.011720 0.093267 0.017949 -1.687855 -0.079155 -1.575164
    25 0.048864 -0.085541 0.028626 -1.715605 -0.034569 -1.653190
    26 0.173918 -0.198414 -0.336163 -1.668104 -0.422317 -1.710956
    27 0.442881 -0.490226 0.388510 0.457988 -0.443923 -1.167613
    28 2.357422 0.016083 -0.000001 -0.304010 -0.029872 -0.496328
    29 1.250977 -0.000336 0.000002 0.000000 0.000000 -0.577698
    30 -0.267709 0.037512 -0.093907 2.913812 -0.143386 0.078467
    31 -0.029266 0.205410 -0.329287 2.788574 -0.255486 -0.188917
    32 0.204373 0.521055 -0.268577 2.886669 0.042206 -0.230367
    33 0.195697 -0.010059 -0.293538 -1.333586 0.150863 -1.672749
    34 1.257181 8.762590 -0.153713 -1.570562 0.002683 -1.566808
    35 -0.093500 -0.114213 -0.738866 -1.570842 0.061811 0.002096
    36 0.010843 0.093623 -0.081439 -3.141462 0.041719 -1.568236
    37 17.702436 -6.223477 -18.954987 -1.103207 -0.229594 1.656316
    38 0.104748 -10.673144 -0.005453 -0.076282 -0.335010 0.343673
    39 0.549521 -3.642764 -0.344972 -1.932132 -0.041053 -0.026176
    40 0.021779 -1.503640 0.001040 -0.821747 0.000001 -0.000004
    41 0.004232 -0.928479 -0.004582 -0.907167 -0.000002 -0.000001
    42 0.006928 0.005327 -0.181358 -1.528500 -0.248579 -1.611362
    43 -0.052313 0.038588 -0.230758 -1.592493 -0.043415 -1.528515
    44 -0.232600 -0.209658 -0.420670 -1.713790 -0.167173 -1.438930
    45 -0.222187 -3.737618 -0.346082 -1.825462 -0.000005 -0.000032
    46 0.019801 -1.578467 0.010076 -0.926969 0.000031 -0.000009
    47 0.008291 -1.168640 0.000250 -1.054457 0.000033 0.000030
    48 -0.038065 0.069166 -0.159882 -1.816986 0.066178 -1.575392
    49 -0.025151 0.088760 -0.068837 -1.817843 0.044510 -1.568287
    50 -0.102916 -0.186983 -0.272246 -1.833683 -0.232962 -1.472375
    51 -1.030272 -3.578138 -0.347066 -1.764464 0.000031 -0.000003
    52 0.001134 -1.610108 0.002371 -0.874871 0.000003 -0.000002
    53 0.009693 -0.949964 0.004417 -1.029366 0.000001 0.000001
    54 -0.004241 0.043707 -0.080202 -2.014997 -0.186996 -1.460723
    55 0.015383 -0.089136 -0.030009 -2.006083 0.036346 -1.568629
    56 -0.022610 -0.212358 -0.177904 -1.933161 -0.118801 -1.518895
    57 1.305107 -3.227547 -0.342208 -1.575166 -0.069497 -0.040763
    58 0.000596 -1.238418 0.002180 -0.672346 0.000004 0.000009
    59 0.003174 -0.774607 -0.004222 -0.710032 -0.000006 -0.000004
    60 -0.067138 0.063251 -0.010961 -0.899214 -0.014515 -1.600326
    61 -0.151180 -0.007395 -0.070065 -0.913061 -0.118819 -1.408558
    62 -0.178164 -0.244680 -0.357067 -1.159916 -0.384260 -1.556110
    63 -0.395357 -0.467570 0.379860 -0.698509 -0.823023 -2.446969
    64 2.472082 0.027427 0.005130 -0.101291 0.026514 0.805198
    65 1.223420 0.013261 -0.005766 -0.000003 -0.000017 0.926711
    66 -0.263408 -0.117640 -0.015657 0.000036 -0.082210 -0.026800
    67 0.007707 -0.334360 -0.191576 0.070788 -0.181563 0.282364
    68 0.225562 -0.567923 -0.420715 0.119895 -0.183798 0.223460
    69 -0.203683 -0.095654 -0.328304 -1.745077 0.075142 -1.515382
    70 -1.393460 8.839182 -0.239440 1.580804 -0.005024 -1.566848
    71 0.036020 0.082814 -0.692656 -1.570769 0.065989 0.001276
    72 -0.088586 0.054019 -0.088595 0.010231 0.033800 -1.560851
    73 0.120153 -0.050270 -0.054489 -2.854024 0.030688 -1.580508
    74 -0.139399 -0.111692 0.014400 0.285395 -0.031353 1.580313
    75 1.815922 -4.953960 0.956709 -1.247037 1.437608 -1.233843
    76 1.280673 -7.522364 1.257767 -1.247037 1.437608 -1.233843
    77 3.914122 -5.194223 1.336679 -1.102199 1.470090 -1.123171
    78 3.733238 -6.026484 1.177255 -1.247037 1.437608 -1.233843
    79 2.572266 -6.871094 2.244141 -0.148865 -1.070098 0.151247
    80 3.684399 -23.294086 4.050573 -0.223402 -0.013100 -0.074014
  time 33
    0 1.629157 0.000000 0.541027 0.000000 0.000000 -1.570796
    1 2.134103 20.270336 -16.431626 4.969785 -1.004447 -4.212448
    2 -0.005512 -10.701926 -0.002571 -0.007054 0.095442 -0.587525
    3 -0.652832 -3.626953 -0.348633 -1.107361 -0.060909 -0.152581
    4 -0.006990 -1.507134 0.002508 -1.179809 -0.000001 -0.000002
    5 0.001444 -0.958548 -0.003577 -1.228687 0.000000 0.000000
    6 0.007988 0.172186 -0.118553 -1.598091 -0.216549 -1.570593
    7 0.080660 0.135929 -0.203919 -1.506824 -0.066185 -1.662786
    8 0.117288 -0.155554 -0.604544 -1.412988 -0.374558 -1.569222
    9 0.127930 -3.761719 -0.348633 -0.873865 -0.036146 -0.178589
    10 -0.006790 -1.563353 0.002820 -1.223438 0.000000 -0.000003
    11 -0.002891 -1.156134 0.006655 -1.567260 0.000000 0.000000
    12 -0.018589 0.129951 -0.123721 -1.294580 0.001302 -1.635383
    13 -0.006160 0.170065 -0.110169 -1.280084 -0.068681 -1.597215
    14 0.047100 -0.104074 -0.352264 -1.243368 -0.257298 -1.694346
    15 0.949219 -3.619141 -0.348633 -0.197224 0.000005 0.130897
    16 -0.015404 -1.599609 -0.000001 -0.589916 0.000000 0.000000
    17 -0.006736 -0.937906 0.007065 -0.593400 0.000000 -0.000001
    18 -0.022325 0.045425 -0.038284 -1.125544 -0.129230 -1.681412
    19 -0.042901 -0.061274 -0.071212 -1.124462 -0.060454 -1.586099
    20 0.063741 -0.109104 -0.248158 -1.142813 -0.125805 -1.693583
    21 -1.399439 -3.245525 -0.338395 -1.174547 -0.118715 -0.146526
    22 0.006278 -1.202054 0.009783 -0.977365 -0.000003 -0.000007
    23 -0.013000 -0.789063 0.000000 -1.034973 0.000000 0.000000
    24 -0.011720 0.093267 0.017949 -1.687855 -0.079155 -1.575164
    25 0.048864 -0.085541 0.028626 -1.715605 -0.034569 -1.653190
    26 0.173918 -0.198414 -0.336163 -1.668104 -0.422317 -1.710956
    27 0.446787 -0.490226 0.392416 0.457988 -0.443911 -1.167613
    28 2.357422 0.016083 -0.000001 -0.304010 -0.029872 -0.496328
    29 1.250977 -0.000336 0.000002 0.000000 0.000000 -0.577698
    30 -0.267709 0.037512 -0.093907 2.913812 -0.143386 0.078467
    31 -0.029266 0.205410 -0.329287 2.788574 -0.255486 -0.188917
    32 0.204373 0.521055 -0.268577 2.886669 0.042206 -0.230367
    33 0.195697 -0.010059 -0.293538 -1.333586 0.150863 -1.672749
    34 1.257181 8.762590 -0.153713 -1.570562 0.002683 -1.566808
    35 -0.093500 -0.114213 -0.738866 -1.570842 0.061811 0.002096
    36 0.010843 0.093623 -0.081439 -3.141462 0.041719 -1.568236
    37 17.690717 -5.770338 -18.540912 -1.060328 -0.312126 1.629889
    38 0.100841 -10.673144 -0.005453 -0.105871 -0.291510 0.424507
    39 0.545615 -3.642764 -0.337160 -1.929001 -0.041053 -0.026176
    40 0.021779 -1.499734 0.001040 -0.821994 0.000001 -0.000004
    41 0.004232 -0.936292 -0.008488 -0.904231 -0.000002 -0.000001
    42 0.006928 0.005327 -0.181358 -1.528500 -0.248579 -1.611362
    43 -0.052313 0.038588 -0.230758 -1.592493 -0.043415 -1.528515
    44 -0.232600 -0.209658 -0.420670 -1.713790 -0.167173 -1.438930
    45 -0.222187 -3.737618 -0.342176 -1.825404 -0.000005 -0.000032
    46 0.019801 -1.582373 0.010076 -0.923332 0.000031 -0.000009
    47 0.004385 -1.176453 0.000250 -1.051740 0.000033 0.000030
    48 -0.038065 0.069166 -0.159882 -1.816986 0.066178 -1.575392
    49 -0.025151 0.088760 -0.068837 -1.817843 0.044510 -1.568287
    50 -0.102916 -0.186983 -0.272246 -1.833683 -0.232962 -1.472375
    51 -1.030272 -3.578138 -0.343160 -1.764573 0.000031 -0.000003
    52 0.001134 -1.610108 0.002371 -0.872347 0.000003 -0.000002
    53 0.009693 -0.949964 0.008323 -1.025810 0.000001 0.000001
    54 -0.004241 0.043707 -0.080202 -2.014997 -0.186996 -1.460723
    55 0.015383 -0.089136 -0.030009 -2.006083 0.036346 -1.568629
    56 -0.022610 -0.212358 -0.177904 -1.933161 -0.118801 -1.518895
    57 1.301201 -3.227547 -0.338302 -1.573188 -0.069497 -0.040763
    58 0.000596 -1.242324 0.006086 -0.671224 0.000004 0.000009
    59 0.007081 -0.778514 -0.000316 -0.709568 -0.000006 -0.000004
    60 -0.067138 0.063251 -0.010961 -0.899214 -0.014515 -1.600326
    61 -0.151180 -0.007395 -0.070065 -0.913061 -0.118819 -1.408558
    62 -0.178164 -0.244680 -0.357067 -1.159916 -0.384260 -1.556110
    63 -0.395357 -0.467570 0.383766 -0.697686 -0.824327 -2.449027
    64 2.472082 0.027427 0.005130 -0.101255 0.026646 0.806499
    65 1.219513 0.013261 -0.005766 -0.000003 -0.000017 0.926602
    66 -0.263408 -0.117640 -0.015657 0.000036 -0.082210 -0.026800
    67 0.007707 -0.334360 -0.191576 0.070788 -0.181563 0.282364
    68 0.225562 -0.567923 -0.420715 0.119895 -0.183798 0.223460
    69 -0.203683 -0.095654 -0.328304 -1.745077 0.075142 -1.515382
    70 -1.393460 8.839182 -0.239440 1.580804 -0.005024 -1.566848
    71 0.036020 0.082814 -0.692656 -1.570769 0.065989 0.001276
    72 -0.088586 0.054019 -0.088595 0.010231 0.033800 -1.560851
    73 0.120153 -0.050270 -0.054489 -2.854024 0.030688 -1.580508
    74 -0.139399 -0.111692 0.014400 0.285395 -0.031353 1.580313
    75 1.815922 -4.953960 0.956709 -1.247037 1.437608 -1.233843
    76 1.280673 -7.522364 1.257767 -1.247037 1.437608 -1.233843
    77 3.914122 -5.194223 1.336679 -1.102199 1.470090 -1.123171
    78 3.733238 -6.026484 1.177255 -1.247037 1.437608 -1.233843
    79 2.572266 -6.871094 2.244141 -0.148865 -1.070098 0.151247
    80 3.782059 -23.739412 4.042760 -0.258576 0.024286 -0.110827
  time 34
    0 1.629157 0.000000 0.541027 0.000000 0.000000 -1.570796
    1 2.134103 20.328931 -16.462877 4.969052 -1.002604 -4.211394
    2 -0.005512 -10.701926 -0.006478 -0.007251 0.095442 -0.589508
    3 -0.652832 -3.626953 -0.348633 -1.107361 -0.060909 -0.152581
    4 -0.003083 -1.503228 0.002508 -1.179809 -0.000001 -0.000002
    5 0.001444 -0.954641 -0.007484 -1.228687 0.000000 0.000000
    6 0.007988 0.172186 -0.118553 -1.598091 -0.216549 -1.570593
    7 0.080660 0.135929 -0.203919 -1.506824 -0.066185 -1.662786
    8 0.117288 -0.155554 -0.604544 -1.412988 -0.374558 -1.569222
    9 0.127930 -3.761719 -0.348633 -0.873865 -0.036146 -0.178589
    10 -0.010696 -1.567259 0.010633 -1.223362 0.000000 -0.000003
    11 -0.006798 -1.156134 0.002748 -1.567260 0.000000 0.000000
    12 -0.018589 0.129951 -0.123721 -1.294580 0.001302 -1.635383
    13 -0.006160 0.170065 -0.110169 -1.280084 -0.068681 -1.597215
    14 0.047100 -0.104074 -0.352264 -1.243368 -0.257298 -1.694346
    15 0.949219 -3.619141 -0.348633 -0.197224 0.000005 0.130897
    16 -0.015404 -1.599609 -0.000001 -0.589916 0.000000 0.000000
    17 -0.002829 -0.945718 0.010971 -0.593400 0.000000 -0.000001
    18 -0.022325 0.045425 -0.038284 -1.125544 -0.129230 -1.681412
    19 -0.042901 -0.061274 -0.071212 -1.124462 -0.060454 -1.586099
    20 0.063741 -0.109104 -0.248158 -1.142813 -0.125805 -1.693583
    21 -1.399439 -3.245525 -0.338395 -1.174547 -0.118715 -0.146526
    22 0.010184 -1.202054 0.005877 -0.977365 -0.000003 -0.000007
    23 -0.013000 -0.789063 0.000000 -1.034973 0.000000 0.000000
    24 -0.011720 0.093267 0.017949 -1.687855 -0.079155 -1.575164
    25 0.048864 -0.085541 0.028626 -1.715605 -0.034569 -1.653190
    26 0.173918 -0.198414 -0.336163 -1.668104 -0.422317 -1.710956
    27 0.446787 -0.494133 0.396323 0.457988 -0.443923 -1.167613
    28 2.357422 0.016083 -0.000001 -0.304010 -0.029872 -0.496328
    29 1.250977 -0.000336 0.000002 0.000000 0.000000 -0.577698
    30 -0.267709 0.037512 -0.093907 2.913812 -0.143386 0.078467
    31 -0.029266 0.205410 -0.329287 2.788574 -0.255486 -0.188917
    32 0.204373 0.521055 -0.268577 2.886669 0.042206 -0.230367
    33 0.195697 -0.010059 -0.293538 -1.333586 0.150863 -1.672749
    34 1.257181 8.762590 -0.153713 -1.570562 0.002683 -1.566808
    35 -0.093500 -0.114213 -0.738866 -1.570842 0.061811 0.002096
    36 0.010843 0.093623 -0.081439 -3.141462 0.041719 -1.568236
    37 17.362582 -5.598458 -18.376844 -1.036591 -0.366668 1.626836
    38 0.104748 -10.673144 -0.005453 -0.107392 -0.252827 0.463172
    39 0.553428 -3.650577 -0.341066 -1.923696 -0.041053 -0.026176
    40 0.021779 -1.499734 0.001040 -0.821129 0.000001 -0.000004
    41 0.004232 -0.932386 -0.008488 -0.899969 -0.000002 -0.000001
    42 0.006928 0.005327 -0.181358 -1.528500 -0.248579 -1.611362
    43 -0.052313 0.038588 -0.230758 -1.592493 -0.043415 -1.528515
    44 -0.232600 -0.209658 -0.420670 -1.713790 -0.167173 -1.438930
    45 -0.218280 -3.737618 -0.346082 -1.823015 -0.000005 -0.000032
    46 0.019801 -1.582373 0.010076 -0.918644 0.000031 -0.000009
    47 0.008291 -1.176453 0.000250 -1.047899 0.000033 0.000030
    48 -0.038065 0.069166 -0.159882 -1.816986 0.066178 -1.575392
    49 -0.025151 0.088760 -0.068837 -1.817843 0.044510 -1.568287
    50 -0.102916 -0.186983 -0.272246 -1.833683 -0.232962 -1.472375
    51 -1.026365 -3.582044 -0.343160 -1.762721 0.000031 -0.000003
    52 0.001134 -1.606202 0.006277 -0.868538 0.000003 -0.000002
    53 0.009693 -0.949964 0.008323 -1.020744 0.000001 0.000001
    54 -0.004241 0.043707 -0.080202 -2.014997 -0.186996 -1.460723
    55 0.015383 -0.089136 -0.030009 -2.006083 0.036346 -1.568629
    56 -0.022610 -0.212358 -0.177904 -1.933161 -0.118801 -1.518895
    57 1.305107 -3.227547 -0.346115 -1.569285 -0.069497 -0.040763
    58 0.000596 -1.242324 0.006086 -0.669520 0.000004 0.000009
    59 0.003174 -0.778514 -0.004222 -0.708547 -0.000006 -0.000004
    60 -0.067138 0.063251 -0.010961 -0.899214 -0.014515 -1.600326
    61 -0.151180 -0.007395 -0.070065 -0.913061 -0.118819 -1.408558
    62 -0.178164 -0.244680 -0.357067 -1.159916 -0.384260 -1.556110
    63 -0.387544 -0.467570 0.379860 -0.695602 -0.824988 -2.452040
    64 2.468175 0.027427 0.005130 -0.101255 0.026646 0.806499
    65 1.223420 0.013261 -0.005766 -0.000003 -0.000017 0.925080
    66 -0.263408 -0.117640 -0.015657 0.000036 -0.082210 -0.026800
    67 0.007707 -0.334360 -0.191576 0.070788 -0.181563 0.282364
    68 0.225562 -0.567923 -0.420715 0.119895 -0.183798 0.223460
    69 -0.203683 -0.095654 -0.328304 -1.745077 0.075142 -1.515382
    70 -1.393460 8.839182 -0.239440 1.580804 -0.005024 -1.566848
    71 0.036020 0.082814 -0.692656 -1.570769 0.065989 0.001276
    72 -0.088586 0.054019 -0.088595 0.010231 0.033800 -1.560851
    73 0.120153 -0.050270 -0.054489 -2.854024 0.030688 -1.580508
    74 -0.139399 -0.111692 0.014400 0.285395 -0.031353 1.580313
    75 1.815922 -4.953960 0.956709 -1.247037 1.437608 -1.233843
    76 1.280673 -7.522364 1.257767 -1.247037 1.437608 -1.233843
    77 3.914122 -5.194223 1.336679 -1.102199 1.470090 -1.123171
    78 3.733238 -6.026484 1.177255 -1.247037 1.437608 -1.233843
    79 2.572266 -6.871094 2.244141 -0.148865 -1.070098 0.151247
    80 3.797684 -24.227709 3.480243 -0.284093 0.099495 -0.144033
  time 35
    0 1.629157 0.000000 0.541027 0.000000 0.000000 -1.570796
    1 2.134103 20.356276 -16.470690 4.968685 -1.001814 -4.211010
    2 -0.001605 -10.694113 -0.002571 -0.007350 0.095442 -0.590448
    3 -0.652832 -3.626953 -0.348633 -1.107361 -0.060909 -0.152581
    4 -0.006990 -1.507134 0.006415 -1.179809 -0.000001 -0.000002
    5 0.009257 -0.954641 -0.003577 -1.228687 0.000000 0.000000
    6 0.007988 0.172186 -0.118553 -1.598091 -0.216549 -1.570593
    7 0.080660 0.135929 -0.203919 -1.506824 -0.066185 -1.662786
    8 0.117288 -0.155554 -0.604544 -1.412988 -0.374558 -1.569222
    9 0.127930 -3.761719 -0.348633 -0.873865 -0.036146 -0.178589
    10 -0.006790 -1.563353 0.010633 -1.223362 0.000000 -0.000003
    11 -0.010704 -1.156134 0.010561 -1.567260 0.000000 0.000000
    12 -0.018589 0.129951 -0.123721 -1.294580 0.001302 -1.635383
    13 -0.006160 0.170065 -0.110169 -1.280084 -0.068681 -1.597215
    14 0.047100 -0.104074 -0.352264 -1.243368 -0.257298 -1.694346
    15 0.949219 -3.619141 -0.348633 -0.197224 0.000005 0.130897
    16 -0.015404 -1.599609 -0.000001 -0.589916 0.000000 0.000000
    17 -0.006736 -0.945718 0.007065 -0.593400 0.000000 -0.000001
    18 -0.022325 0.045425 -0.038284 -1.125544 -0.129230 -1.681412
    19 -0.042901 -0.061274 -0.071212 -1.124462 -0.060454 -1.586099
    20 0.063741 -0.109104 -0.248158 -1.142813 -0.125805 -1.693583
    21 -1.403345 -3.245525 -0.342301 -1.174547 -0.118715 -0.146526
    22 0.006278 -1.202054 0.005877 -0.977365 -0.000003 -0.000007
    23 -0.013000 -0.789063 0.000000 -1.034973 0.000000 0.000000
    24 -0.011720 0.093267 0.017949 -1.687855 -0.079155 -1.575164
    25 0.048864 -0.085541 0.028626 -1.715605 -0.034569 -1.653190
    26 0.173918 -0.198414 -0.336163 -1.668104 -0.422317 -1.710956
    27 0.442881 -0.494133 0.388510 0.457988 -0.443899 -1.167613
    28 2.357422 0.016083 -0.000001 -0.304010 -0.029872 -0.496328
    29 1.250977 -0.000336 0.000002 0.000000 0.000000 -0.577698
    30 -0.267709 0.037512 -0.093907 2.913812 -0.143386 0.078467
    31 -0.029266 0.205410 -0.329287 2.788574 -0.255486 -0.188917
    32 0.204373 0.521055 -0.268577 2.886669 0.042206 -0.230367
    33 0.195697 -0.010059 -0.293538 -1.333586 0.150863 -1.672749
    34 1.257181 8.762590 -0.153713 -1.570562 0.002683 -1.566808
    35 -0.093500 -0.114213 -0.738866 -1.570842 0.061811 0.002096
    36 0.010843 0.093623 -0.081439 -3.141462 0.041719 -1.568236
    37 16.108637 -6.004720 -18.927642 -1.047407 -0.375480 1.667383
    38 0.104748 -10.673144 -0.009359 -0.066289 -0.206043 0.437524
    39 0.545615 -3.642764 -0.344972 -1.916219 -0.041053 -0.026176
    40 0.021779 -1.503640 0.001040 -0.819183 0.000001 -0.000004
    41 0.008139 -0.928479 -0.008488 -0.894854 -0.000002 -0.000001
    42 0.006928 0.005327 -0.181358 -1.528500 -0.248579 -1.611362
    43 -0.052313 0.038588 -0.230758 -1.592493 -0.043415 -1.528515
    44 -0.232600 -0.209658 -0.420670 -1.713790 -0.167173 -1.438930
    45 -0.222187 -3.733712 -0.346082 -1.818529 -0.000005 -0.000032
    46 0.019801 -1.582373 0.010076 -0.912616 0.000031 -0.000009
    47 0.008291 -1.172547 0.000250 -1.042746 0.000033 0.000030
    48 -0.038065 0.069166 -0.159882 -1.816986 0.066178 -1.575392
    49 -0.025151 0.088760 -0.068837 -1.817843 0.044510 -1.568287
    50 -0.102916 -0.186983 -0.272246 -1.833683 -0.232962 -1.472375
    51 -1.034178 -3.574231 -0.343160 -1.758690 0.000031 -0.000003
    52 0.001134 -1.610108 0.002371 -0.863443 0.000003 -0.000002
    53 0.009693 -0.949964 0.008323 -1.014277 0.000001 0.000001
    54 -0.004241 0.043707 -0.080202 -2.014997 -0.186996 -1.460723
    55 0.015383 -0.089136 -0.030009 -2.006083 0.036346 -1.568629
    56 -0.022610 -0.212358 -0.177904 -1.933161 -0.118801 -1.518895
    57 1.305107 -3.227547 -0.342208 -1.563196 -0.069497 -0.040763
    58 0.004503 -1.242324 0.006086 -0.667193 0.000004 0.000009
    59 0.010987 -0.774607 -0.004222 -0.707156 -0.000006 -0.000004
    60 -0.067138 0.063251 -0.010961 -0.899214 -0.014515 -1.600326
    61 -0.151180 -0.007395 -0.070065 -0.913061 -0.118819 -1.408558
    62 -0.178164 -0.244680 -0.357067 -1.159916 -0.384260 -1.556110
    63 -0.395357 -0.467570 0.379860 -0.692187 -0.824931 -2.456030
    64 2.464269 0.027427 0.005130 -0.101279 0.026514 0.805198
    65 1.223420 0.013261 -0.005766 -0.000003 -0.000017 0.921873
    66 -0.263408 -0.117640 -0.015657 0.000036 -0.082210 -0.026800
    67 0.007707 -0.334360 -0.191576 0.070788 -0.181563 0.282364
    68 0.225562 -0.567923 -0.420715 0.119895 -0.183798 0.223460
    69 -0.203683 -0.095654 -0.328304 -1.745077 0.075142 -1.515382
    70 -1.393460 8.839182 -0.239440 1.580804 -0.005024 -1.566848
    71 0.036020 0.082814 -0.692656 -1.570769 0.065989 0.001276
    72 -0.088586 0.054019 -0.088595 0.010231 0.033800 -1.560851
    73 0.120153 -0.050270 -0.054489 -2.854024 0.030688 -1.580508
    74 -0.139399 -0.111692 0.014400 0.285395 -0.031353 1.580313
    75 1.815922 -4.953960 0.956709 -1.247037 1.437608 -1.233843
    76 1.280673 -7.522364 1.257767 -1.247037 1.437608 -1.233843
    77 3.914122 -5.194223 1.336679 -1.102199 1.470090 -1.123171
    78 3.733238 -6.026484 1.177255 -1.247037 1.437608 -1.233843
    79 2.572266 -6.871094 2.244141 -0.148865 -1.070098 0.151247
    80 3.492987 -24.044109 3.238048 -0.294428 0.174121 -0.163118
  time 36
    0 1.629157 0.000000 0.541027 0.000000 0.000000 -1.570796
    1 2.149729 20.387527 -16.490221 4.962269 -0.997206 -4.212927
    2 -0.001605 -10.701926 -0.006478 -0.036103 0.093220 -0.610035
    3 -0.652832 -3.626953 -0.348633 -1.107361 -0.060909 -0.152581
    4 -0.006990 -1.503228 0.002508 -1.179809 -0.000001 -0.000002
    5 0.001444 -0.954641 -0.007484 -1.228687 0.000000 0.000000
    6 0.007988 0.172186 -0.118553 -1.598091 -0.216549 -1.570593
    7 0.080660 0.135929 -0.203919 -1.506824 -0.066185 -1.662786
    8 0.117288 -0.155554 -0.604544 -1.412988 -0.374558 -1.569222
    9 0.127930 -3.761719 -0.348633 -0.873865 -0.036146 -0.178589
    10 -0.010696 -1.563353 0.006726 -1.223362 0.000000 -0.000003
    11 -0.006798 -1.156134 0.010561 -1.567260 0.000000 0.000000
    12 -0.018589 0.129951 -0.123721 -1.294580 0.001302 -1.635383
    13 -0.006160 0.170065 -0.110169 -1.280084 -0.068681 -1.597215
    14 0.047100 -0.104074 -0.352264 -1.243368 -0.257298 -1.694346
    15 0.949219 -3.619141 -0.348633 -0.197224 0.000005 0.130897
    16 -0.015404 -1.599609 -0.000001 -0.589916 0.000000 0.000000
    17 -0.006736 -0.941812 0.007065 -0.593400 0.000000 -0.000001
    18 -0.022325 0.045425 -0.038284 -1.125544 -0.129230 -1.681412
    19 -0.042901 -0.061274 -0.071212 -1.124462 -0.060454 -1.586099
    20 0.063741 -0.109104 -0.248158 -1.142813 -0.125805 -1.693583
    21 -1.403345 -3.241619 -0.342301 -1.174547 -0.118715 -0.146526
    22 0.006278 -1.202054 0.005877 -0.977365 -0.000003 -0.000007
    23 -0.013000 -0.789063 0.000000 -1.034973 0.000000 0.000000
    24 -0.011720 0.093267 0.017949 -1.687855 -0.079155 -1.575164
    25 0.048864 -0.085541 0.028626 -1.715605 -0.034569 -1.653190
    26 0.173918 -0.198414 -0.336163 -1.668104 -0.422317 -1.710956
    27 0.438974 -0.490226 0.388510 0.457988 -0.443923 -1.167613
    28 2.357422 0.016083 -0.000001 -0.304010 -0.029872 -0.496328
    29 1.250977 -0.000336 0.000002 0.000000 0.000000 -0.577698
    30 -0.267709 0.037512 -0.093907 2.913812 -0.143386 0.078467
    31 -0.029266 0.205410 -0.329287 2.788574 -0.255486 -0.188917
    32 0.204373 0.521055 -0.268577 2.886669 0.042206 -0.230367
    33 0.195697 -0.010059 -0.293538 -1.333586 0.150863 -1.672749
    34 1.257181 8.762590 -0.153713 -1.570562 0.002683 -1.566808
    35 -0.093500 -0.114213 -0.738866 -1.570842 0.061811 0.002096
    36 0.010843 0.093623 -0.081439 -3.141462 0.041719 -1.568236
    37 13.815598 -6.418795 -19.751886 -1.077460 -0.359141 1.732449
    38 0.104748 -10.673144 -0.005453 -0.000897 -0.153604 0.365433
    39 0.545615 -3.646670 -0.341066 -1.906506 -0.041053 -0.026176
    40 0.025685 -1.503640 0.001040 -0.816033 0.000001 -0.000004
    41 0.004232 -0.928479 -0.008488 -0.888603 -0.000002 -0.000001
    42 0.006928 0.005327 -0.181358 -1.528500 -0.248579 -1.611362
    43 -0.052313 0.038588 -0.230758 -1.592493 -0.043415 -1.528515
    44 -0.232600 -0.209658 -0.420670 -1.713790 -0.167173 -1.438930
    45 -0.222187 -3.733712 -0.346082 -1.811421 -0.000005 -0.000032
    46 0.015894 -1.582373 0.010076 -0.905630 0.000031 -0.000009
    47 0.004385 -1.168640 0.000250 -1.036375 0.000033 0.000030
    48 -0.038065 0.069166 -0.159882 -1.816986 0.066178 -1.575392
    49 -0.025151 0.088760 -0.068837 -1.817843 0.044510 -1.568287
    50 -0.102916 -0.186983 -0.272246 -1.833683 -0.232962 -1.472375
    51 -1.026365 -3.578138 -0.339254 -1.752480 0.000031 -0.000003
    52 0.001134 -1.610108 0.002371 -0.857253 0.000003 -0.000002
    53 0.009693 -0.949964 0.008323 -1.006679 0.000001 0.000001
    54 -0.004241 0.043707 -0.080202 -2.014997 -0.186996 -1.460723
    55 0.015383 -0.089136 -0.030009 -2.006083 0.036346 -1.568629
    56 -0.022610 -0.212358 -0.177904 -1.933161 -0.118801 -1.518895
    57 1.309013 -3.223640 -0.338302 -1.555026 -0.069497 -0.040763
    58 0.000596 -1.242324 0.006086 -0.664159 0.000004 0.000009
    59 0.007081 -0.774607 -0.004222 -0.705486 -0.000006 -0.000004
    60 -0.067138 0.063251 -0.010961 -0.899214 -0.014515 -1.600326
    61 -0.151180 -0.007395 -0.070065 -0.913061 -0.118819 -1.408558
    62 -0.178164 -0.244680 -0.357067 -1.159916 -0.384260 -1.556110
    63 -0.391451 -0.467570 0.383766 -0.687406 -0.823949 -2.460893
    64 2.468175 0.027427 0.005130 -0.101375 0.026239 0.802249
    65 1.223420 0.013261 -0.005766 -0.000003 -0.000017 0.916899
    66 -0.263408 -0.117640 -0.015657 0.000036 -0.082210 -0.026800
    67 0.007707 -0.334360 -0.191576 0.070788 -0.181563 0.282364
    68 0.225562 -0.567923 -0.420715 0.119895 -0.183798 0.223460
    69 -0.203683 -0.095654 -0.328304 -1.745077 0.075142 -1.515382
    70 -1.393460 8.839182 -0.239440 1.580804 -0.005024 -1.566848
    71 0.036020 0.082814 -0.692656 -1.570769 0.065989 0.001276
    72 -0.088586 0.054019 -0.088595 0.010231 0.033800 -1.560851
    73 0.120153 -0.050270 -0.054489 -2.854024 0.030688 -1.580508
    74 -0.139399 -0.111692 0.014400 0.285395 -0.031353 1.580313
    75 1.815922 -4.953960 0.956709 -1.247037 1.437608 -1.233843
    76 1.280673 -7.522364 1.257767 -1.247037 1.437608 -1.233843
    77 3.914122 -5.194223 1.336679 -1.102199 1.470090 -1.123171
    78 3.733238 -6.026484 1.177255 -1.247037 1.437608 -1.233843
    79 2.572266 -6.871094 2.244141 -0.148865 -1.070098 0.151247
    80 2.574991 -22.493281 4.339644 -0.303124 0.270381 -0.183057
  time 37
    0 1.629157 0.000000 0.541027 0.000000 0.000000 -1.570796
    1 2.184886 20.457842 -16.529285 4.948612 -0.986981 -4.217913
    2 -0.009418 -10.701926 -0.002571 -0.064905 0.090451 -0.629602
    3 -0.652832 -3.626953 -0.348633 -1.107361 -0.060909 -0.152581
    4 -0.006990 -1.507134 0.002508 -1.179809 -0.000001 -0.000002
    5 0.009257 -0.958548 -0.007484 -1.228687 0.000000 0.000000
    6 0.007988 0.172186 -0.118553 -1.598091 -0.216549 -1.570593
    7 0.080660 0.135929 -0.203919 -1.506824 -0.066185 -1.662786
    8 0.117288 -0.155554 -0.604544 -1.412988 -0.374558 -1.569222
    9 0.127930 -3.761719 -0.348633 -0.873865 -0.036146 -0.178589
    10 -0.006790 -1.567259 0.006726 -1.223438 0.000000 -0.000003
    11 -0.010704 -1.156134 0.010561 -1.567260 0.000000 0.000000
    12 -0.018589 0.129951 -0.123721 -1.294580 0.001302 -1.635383
    13 -0.006160 0.170065 -0.110169 -1.280084 -0.068681 -1.597215
    14 0.047100 -0.104074 -0.352264 -1.243368 -0.257298 -1.694346
    15 0.949219 -3.619141 -0.348633 -0.197224 0.000005 0.130897
    16 -0.015404 -1.599609 -0.000001 -0.589916 0.000000 0.000000
    17 -0.006736 -0.945718 0.007065 -0.593400 0.000000 -0.000001
    18 -0.022325 0.045425 -0.038284 -1.125544 -0.129230 -1.681412
    19 -0.042901 -0.061274 -0.071212 -1.124462 -0.060454 -1.586099
    20 0.063741 -0.109104 -0.248158 -1.142813 -0.125805 -1.693583
    21 -1.403345 -3.241619 -0.338395 -1.174547 -0.118715 -0.146526
    22 0.006278 -1.202054 0.005877 -0.977365 -0.000003 -0.000007
    23 -0.013000 -0.789063 0.000000 -1.034973 0.000000 0.000000
    24 -0.011720 0.093267 0.017949 -1.687855 -0.079155 -1.575164
    25 0.048864 -0.085541 0.028626 -1.715605 -0.034569 -1.653190
    26 0.173918 -0.198414 -0.336163 -1.668104 -0.422317 -1.710956
    27 0.438974 -0.494133 0.392416 0.457988 -0.443911 -1.167613
    28 2.357422 0.016083 -0.000001 -0.304010 -0.029872 -0.496328
    29 1.250977 -0.000336 0.000002 0.000000 0.000000 -0.577698
    30 -0.267709 0.037512 -0.093907 2.913812 -0.143386 0.078467
    31 -0.029266 0.205410 -0.329287 2.788574 -0.255486 -0.188917
    32 0.204373 0.521055 -0.268577 2.886669 0.042206 -0.230367
    33 0.195697 -0.010059 -0.293538 -1.333586 0.150863 -1.672749
    34 1.257181 8.762590 -0.153713 -1.570562 0.002683 -1.566808
    35 -0.093500 -0.114213 -0.738866 -1.570842 0.061811 0.002096
    36 0.010843 0.093623 -0.081439 -3.141462 0.041719 -1.568236
    37 9.608439 -6.297698 -20.529253 -1.115075 -0.332929 1.809441
    38 0.104748 -10.669237 -0.005453 0.067970 -0.106796 0.288778
    39 0.553428 -3.650577 -0.341066 -1.894492 -0.041053 -0.026176
    40 0.021779 -1.503640 0.001040 -0.811647 0.000001 -0.000004
    41 0.004232 -0.932386 -0.008488 -0.881026 -0.000002 -0.000001
    42 0.006928 0.005327 -0.181358 -1.528500 -0.248579 -1.611362
    43 -0.052313 0.038588 -0.230758 -1.592493 -0.043415 -1.528515
    44 -0.232600 -0.209658 -0.420670 -1.713790 -0.167173 -1.438930
    45 -0.214374 -3.737618 -0.346082 -1.801691 -0.000005 -0.000032
    46 0.019801 -1.582373 0.010076 -0.897593 0.000031 -0.000009
    47 0.008291 -1.172547 0.000250 -1.028880 0.000033 0.000030
    48 -0.038065 0.069166 -0.159882 -1.816986 0.066178 -1.575392
    49 -0.025151 0.088760 -0.068837 -1.817843 0.044510 -1.568287
    50 -0.102916 -0.186983 -0.272246 -1.833683 -0.232962 -1.472375
    51 -1.026365 -3.582044 -0.343160 -1.743710 0.000031 -0.000003
    52 0.001134 -1.606202 0.002371 -0.849777 0.000003 -0.000002
    53 0.009693 -0.949964 0.008323 -0.997679 0.000001 0.000001
    54 -0.004241 0.043707 -0.080202 -2.014997 -0.186996 -1.460723
    55 0.015383 -0.089136 -0.030009 -2.006083 0.036346 -1.568629
    56 -0.022610 -0.212358 -0.177904 -1.933161 -0.118801 -1.518895
    57 1.309013 -3.227547 -0.342208 -1.544461 -0.069497 -0.040763
    58 0.000596 -1.238418 0.006086 -0.660627 0.000004 0.000009
    59 0.007081 -0.774607 -0.008129 -0.703259 -0.000006 -0.000004
    60 -0.067138 0.063251 -0.010961 -0.899214 -0.014515 -1.600326
    61 -0.151180 -0.007395 -0.070065 -0.913061 -0.118819 -1.408558
    62 -0.178164 -0.244680 -0.357067 -1.159916 -0.384260 -1.556110
    63 -0.387544 -0.467570 0.383766 -0.681277 -0.821947 -2.466608
    64 2.472082 0.027427 0.005130 -0.101495 0.025747 0.797652
    65 1.227326 0.013261 -0.005766 -0.000003 -0.000017 0.910050
    66 -0.263408 -0.117640 -0.015657 0.000036 -0.082210 -0.026800
    67 0.007707 -0.334360 -0.191576 0.070788 -0.181563 0.282364
    68 0.225562 -0.567923 -0.420715 0.119895 -0.183798 0.223460
    69 -0.203683 -0.095654 -0.328304 -1.745077 0.075142 -1.515382
    70 -1.393460 8.839182 -0.239440 1.580804 -0.005024 -1.566848
    71 0.036020 0.082814 -0.692656 -1.570769 0.065989 0.001276
    72 -0.088586 0.054019 -0.088595 0.010231 0.033800 -1.560851
    73 0.120153 -0.050270 -0.054489 -2.854024 0.030688 -1.580508
    74 -0.139399 -0.111692 0.014400 0.285395 -0.031353 1.580313
    75 1.815922 -4.953960 0.956709 -1.247037 1.437608 -1.233843
    76 1.280673 -7.522364 1.257767 -1.247037 1.437608 -1.233843
    77 3.914122 -5.194223 1.336679 -1.102199 1.470090 -1.123171
    78 3.733238 -6.026484 1.177255 -1.247037 1.437608 -1.233843
    79 2.572266 -6.871094 2.244141 -0.148865 -1.070098 0.151247
    80 1.059319 -19.571316 6.828001 -0.311784 0.382101 -0.203888
  time 38
    0 1.629157 0.000000 0.541027 0.000000 0.000000 -1.570796
    1 2.212231 20.524250 -16.556630 4.935046 -0.976975 -4.222898
    2 -0.005512 -10.694113 -0.002571 -0.007350 0.095442 -0.590448
    3 -0.652832 -3.626953 -0.348633 -1.107361 -0.060909 -0.152581
    4 -0.006990 -1.503228 0.006415 -1.179809 -0.000001 -0.000002
    5 0.001444 -0.954641 -0.007484 -1.228687 0.000000 0.000000
    6 0.007988 0.172186 -0.118553 -1.598091 -0.216549 -1.570593
    7 0.080660 0.135929 -0.203919 -1.506824 -0.066185 -1.662786
    8 0.117288 -0.155554 -0.604544 -1.412988 -0.374558 -1.569222
    9 0.127930 -3.761719 -0.348633 -0.873865 -0.036146 -0.178589
    10 -0.010696 -1.563353 0.006726 -1.223362 0.000000 -0.000003
    11 -0.006798 -1.156134 0.002748 -1.567260 0.000000 0.000000
    12 -0.018589 0.129951 -0.123721 -1.294580 0.001302 -1.635383
    13 -0.006160 0.170065 -0.110169 -1.280084 -0.068681 -1.597215
    14 0.047100 -0.104074 -0.352264 -1.243368 -0.257298 -1.694346
    15 0.949219 -3.619141 -0.348633 -0.197224 0.000005 0.130897
    16 -0.015404 -1.599609 -0.000001 -0.589916 0.000000 0.000000
    17 -0.006736 -0.941812 0.007065 -0.593382 0.000000 -0.000001
    18 -0.022325 0.045425 -0.038284 -1.125544 -0.129230 -1.681412
    19 -0.042901 -0.061274 -0.071212 -1.124462 -0.060454 -1.586099
    20 0.063741 -0.109104 -0.248158 -1.142813 -0.125805 -1.693583
    21 -1.403345 -3.241619 -0.342301 -1.174547 -0.118715 -0.146526
    22 0.010184 -1.198147 0.005877 -0.977365 -0.000003 -0.000007
    23 -0.013000 -0.789063 0.000000 -1.034973 0.000000 0.000000
    24 -0.011720 0.093267 0.017949 -1.687855 -0.079155 -1.575164
    25 0.048864 -0.085541 0.028626 -1.715605 -0.034569 -1.653190
    26 0.173918 -0.198414 -0.336163 -1.668104 -0.422317 -1.710956
    27 0.438974 -0.490226 0.388510 0.457988 -0.443911 -1.167613
    28 2.357422 0.016083 -0.000001 -0.304010 -0.029872 -0.496328
    29 1.250977 -0.000336 0.000002 0.000000 0.000000 -0.577698
    30 -0.267709 0.037512 -0.093907 2.913812 -0.143386 0.078467
    31 -0.029266 0.205410 -0.329287 2.788574 -0.255486 -0.188917
    32 0.204373 0.521055 -0.268577 2.886669 0.042206 -0.230367
    33 0.195697 -0.010059 -0.293538 -1.333586 0.150863 -1.672749
    34 1.257181 8.762590 -0.153713 -1.570562 0.002683 -1.566808
    35 -0.093500 -0.114213 -0.738866 -1.570842 0.061811 0.002096
    36 0.010843 0.093623 -0.081439 -3.141462 0.041719 -1.568236
    37 5.135646 -5.957844 -21.294902 -1.154604 -0.292382 1.890917
    38 0.104748 -10.673144 -0.009359 0.126192 -0.084147 0.244938
    39 0.545615 -3.642764 -0.341066 -1.880241 -0.041053 -0.026176
    40 0.021779 -1.499734 0.001040 -0.805902 0.000001 -0.000004
    41 0.008139 -0.928479 -0.004582 -0.872786 -0.000002 -0.000001
    42 0.006928 0.005327 -0.181358 -1.528500 -0.248579 -1.611362
    43 -0.052313 0.038588 -0.230758 -1.592493 -0.043415 -1.528515
    44 -0.232600 -0.209658 -0.420670 -1.713790 -0.167173 -1.438930
    45 -0.222187 -3.737618 -0.346082 -1.789223 -0.000005 -0.000032
    46 0.023707 -1.582373 0.010076 -0.888502 0.000031 -0.000009
    47 0.004385 -1.176453 0.000250 -1.020448 0.000033 0.000030
    48 -0.038065 0.069166 -0.159882 -1.816986 0.066178 -1.575392
    49 -0.025151 0.088760 -0.068837 -1.817843 0.044510 -1.568287
    50 -0.102916 -0.186983 -0.272246 -1.833683 -0.232962 -1.472375
    51 -1.030272 -3.574231 -0.339254 -1.732380 0.000031 -0.000003
    52 0.001134 -1.610108 0.002371 -0.841206 0.000003 -0.000002
    53 0.009693 -0.949964 0.008323 -0.987548 0.000001 0.000001
    54 -0.004241 0.043707 -0.080202 -2.014997 -0.186996 -1.460723
    55 0.015383 -0.089136 -0.030009 -2.006083 0.036346 -1.568629
    56 -0.022610 -0.212358 -0.177904 -1.933161 -0.118801 -1.518895
    57 1.305107 -3.227547 -0.338302 -1.531659 -0.069497 -0.040763
    58 0.004503 -1.242324 0.006086 -0.656388 0.000004 0.000009
    59 0.007081 -0.774607 -0.004222 -0.700569 -0.000006 -0.000004
    60 -0.067138 0.063251 -0.010961 -0.899214 -0.014515 -1.600326
    61 -0.151180 -0.007395 -0.070065 -0.913061 -0.118819 -1.408558
    62 -0.178164 -0.244680 -0.357067 -1.159916 -0.384260 -1.556110
    63 -0.395357 -0.467570 0.379860 -0.673694 -0.818850 -2.473176
    64 2.472082 0.027427 0.005130 -0.101638 0.025088 0.791233
    65 1.223420 0.013261 -0.005766 -0.000003 -0.000017 0.901353
    66 -0.263408 -0.117640 -0.015657 0.000036 -0.082210 -0.026800
    67 0.007707 -0.334360 -0.191576 0.070788 -0.181563 0.282364
    68 0.225562 -0.567923 -0.420715 0.119895 -0.183798 0.223460
    69 -0.203683 -0.095654 -0.328304 -1.745077 0.075142 -1.515382
    70 -1.393460 8.839182 -0.239440 1.580804 -0.005024 -1.566848
    71 0.036020 0.082814 -0.692656 -1.570769 0.065989 0.001276
    72 -0.088586 0.054019 -0.088595 0.010231 0.033800 -1.560851
    73 0.120153 -0.050270 -0.054489 -2.854024 0.030688 -1.580508
    74 -0.139399 -0.111692 0.014400 0.285395 -0.031353 1.580313
    75 1.815922 -4.953960 0.956709 -1.247037 1.437608 -1.233843
    76 1.280673 -7.522364 1.257767 -1.247037 1.437608 -1.233843
    77 3.914122 -5.194223 1.336679 -1.102199 1.470090 -1.123171
    78 3.733238 -6.026484 1.177255 -1.247037 1.437608 -1.233843
    79 2.572266 -6.871094 2.244141 -0.148865 -1.070098 0.151247
    80 -1.050120 -15.258685 10.675775 -0.321407 0.503010 -0.225844
  time 39
    0 1.629157 0.000000 0.541027 0.000000 0.000000 -1.570796
    1 2.227856 20.555501 -16.583974 4.928722 -0.972411 -4.225007
    2 -0.009418 -10.698019 -0.002571 0.051488 0.098997 -0.551608
    3 -0.652832 -3.626953 -0.348633 -1.107361 -0.060909 -0.152581
    4 -0.003083 -1.507134 0.002508 -1.179809 -0.000001 -0.000002
    5 0.005351 -0.954641 -0.003577 -1.228687 0.000000 0.000000
    6 0.007988 0.172186 -0.118553 -1.598091 -0.216549 -1.570593
    7 0.080660 0.135929 -0.203919 -1.506824 -0.066185 -1.662786
    8 0.117288 -0.155554 -0.604544 -1.412988 -0.374558 -1.569222
    9 0.127930 -3.761719 -0.348633 -0.873865 -0.036146 -0.178589
    10 -0.010696 -1.563353 0.006726 -1.223362 0.000000 -0.000003
    11 -0.010704 -1.156134 0.002748 -1.567260 0.000000 0.000000
    12 -0.018589 0.129951 -0.123721 -1.294580 0.001302 -1.635383
    13 -0.006160 0.170065 -0.110169 -1.280084 -0.068681 -1.597215
    14 0.047100 -0.104074 -0.352264 -1.243368 -0.257298 -1.694346
    15 0.949219 -3.619141 -0.348633 -0.197224 0.000005 0.130897
    16 -0.015404 -1.599609 -0.000001 -0.589916 0.000000 0.000000
    17 -0.002829 -0.941812 0.010971 -0.593400 0.000000 -0.000001
    18 -0.022325 0.045425 -0.038284 -1.125544 -0.129230 -1.681412
    19 -0.042901 -0.061274 -0.071212 -1.124462 -0.060454 -1.586099
    20 0.063741 -0.109104 -0.248158 -1.142813 -0.125805 -1.693583
    21 -1.403345 -3.245525 -0.342301 -1.174547 -0.118715 -0.146526
    22 0.010184 -1.198147 0.005877 -0.977365 -0.000003 -0.000007
    23 -0.013000 -0.789063 0.000000 -1.034973 0.000000 0.000000
    24 -0.011720 0.093267 0.017949 -1.687855 -0.079155 -1.575164
    25 0.048864 -0.085541 0.028626 -1.715605 -0.034569 -1.653190
    26 0.173918 -0.198414 -0.336163 -1.668104 -0.422317 -1.710956
    27 0.446787 -0.490226 0.388510 0.457988 -0.443923 -1.167613
    28 2.357422 0.016083 -0.000001 -0.304010 -0.029872 -0.496328
    29 1.250977 -0.000336 0.000002 0.000000 0.000000 -0.577698
    30 -0.267709 0.037512 -0.093907 2.913812 -0.143386 0.078467
    31 -0.029266 0.205410 -0.329287 2.788574 -0.255486 -0.188917
    32 0.204373 0.521055 -0.268577 2.886669 0.042206 -0.230367
    33 0.195697 -0.010059 -0.293538 -1.333586 0.150863 -1.672749
    34 1.257181 8.762590 -0.153713 -1.570562 0.002683 -1.566808
    35 -0.093500 -0.114213 -0.738866 -1.570842 0.061811 0.002096
    36 0.010843 0.093623 -0.081439 -3.141462 0.041719 -1.568236
    37 1.854296 -5.442203 -21.966797 -1.190209 -0.239542 1.968099
    38 0.104748 -10.673144 -0.009359 0.168294 -0.106341 0.237031
    39 0.545615 -3.650577 -0.341066 -1.863753 -0.041053 -0.026176
    40 0.021779 -1.503640 0.004947 -0.798706 0.000001 -0.000004
    41 0.008139 -0.928479 -0.008488 -0.863504 -0.000002 -0.000001
    42 0.006928 0.005327 -0.181358 -1.528500 -0.248579 -1.611362
    43 -0.052313 0.038588 -0.230758 -1.592493 -0.043415 -1.528515
    44 -0.232600 -0.209658 -0.420670 -1.713790 -0.167173 -1.438930
    45 -0.222187 -3.737618 -0.346082 -1.773725 -0.000005 -0.000032
    46 0.023707 -1.582373 0.006169 -0.878647 0.000031 -0.000009
    47 0.000478 -1.172547 0.000250 -1.011173 0.000033 0.000030
    48 -0.038065 0.069166 -0.159882 -1.816986 0.066178 -1.575392
    49 -0.025151 0.088760 -0.068837 -1.817843 0.044510 -1.568287
    50 -0.102916 -0.186983 -0.272246 -1.833683 -0.232962 -1.472375
    51 -1.030272 -3.574231 -0.343160 -1.718163 0.000031 -0.000003
    52 0.001134 -1.610108 0.002371 -0.831397 0.000003 -0.000002
    53 0.009693 -0.949964 0.008323 -0.976393 0.000001 0.000001
    54 -0.004241 0.043707 -0.080202 -2.014997 -0.186996 -1.460723
    55 0.015383 -0.089136 -0.030009 -2.006083 0.036346 -1.568629
    56 -0.022610 -0.212358 -0.177904 -1.933161 -0.118801 -1.518895
    57 1.305107 -3.227547 -0.338302 -1.516254 -0.069497 -0.040763
    58 0.004503 -1.238418 0.006086 -0.651526 0.000004 0.000009
    59 0.007081 -0.778514 -0.004222 -0.697693 -0.000006 -0.000004
    60 -0.067138 0.063251 -0.010961 -0.899214 -0.014515 -1.600326
    61 -0.151180 -0.007395 -0.070065 -0.913061 -0.118819 -1.408558
    62 -0.178164 -0.244680 -0.357067 -1.159916 -0.384260 -1.556110
    63 -0.391451 -0.467570 0.383766 -0.664745 -0.814506 -2.480429
    64 2.468175 0.027427 0.005130 -0.101842 0.024237 0.782776
    65 1.223420 0.013261 -0.005766 -0.000003 -0.000017 0.890536
    66 -0.263408 -0.117640 -0.015657 0.000036 -0.082210 -0.026800
    67 0.007707 -0.334360 -0.191576 0.070788 -0.181563 0.282364
    68 0.225562 -0.567923 -0.420715 0.119895 -0.183798 0.223460
    69 -0.203683 -0.095654 -0.328304 -1.745077 0.075142 -1.515382
    70 -1.393460 8.839182 -0.239440 1.580804 -0.005024 -1.566848
    71 0.036020 0.082814 -0.692656 -1.570769 0.065989 0.001276
    72 -0.088586 0.054019 -0.088595 0.010231 0.033800 -1.560851
    73 0.120153 -0.050270 -0.054489 -2.854024 0.030688 -1.580508
    74 -0.139399 -0.111692 0.014400 0.285395 -0.031353 1.580313
    75 1.815922 -4.953960 0.956709 -1.247037 1.437608 -1.233843
    76 1.280673 -7.522364 1.257767 -1.247037 1.437608 -1.233843
    77 3.914122 -5.194223 1.336679 -1.102199 1.470090 -1.123171
    78 3.733238 -6.026484 1.177255 -1.247037 1.437608 -1.233843
    79 2.572266 -6.871094 2.244141 -0.148865 -1.070098 0.151247
    80 -2.694701 -11.004649 13.714930 -0.333310 0.627127 -0.249701
  time 40
    0 1.629157 0.000000 0.541027 0.000000 0.000000 -1.570796
    1 2.208324 20.512531 -16.556630 4.937338 -0.978818 -4.221843
    2 -0.009418 -10.701926 -0.002571 0.136314 0.101014 -0.496814
    3 -0.652832 -3.626953 -0.348633 -1.107361 -0.060909 -0.152581
    4 -0.010896 -1.503228 0.002508 -1.179809 -0.000001 -0.000002
    5 0.005351 -0.954641 -0.007484 -1.228687 0.000000 0.000000
    6 0.007988 0.172186 -0.118553 -1.598091 -0.216549 -1.570593
    7 0.080660 0.135929 -0.203919 -1.506824 -0.066185 -1.662786
    8 0.117288 -0.155554 -0.604544 -1.412988 -0.374558 -1.569222
    9 0.127930 -3.761719 -0.348633 -0.873865 -0.036146 -0.178589
    10 -0.010696 -1.563353 0.010633 -1.223362 0.000000 -0.000003
    11 -0.006798 -1.156134 0.002748 -1.567260 0.000000 0.000000
    12 -0.018589 0.129951 -0.123721 -1.294580 0.001302 -1.635383
    13 -0.006160 0.170065 -0.110169 -1.280084 -0.068681 -1.597215
    14 0.047100 -0.104074 -0.352264 -1.243368 -0.257298 -1.694346
    15 0.949219 -3.619141 -0.348633 -0.197224 0.000005 0.130897
    16 -0.015404 -1.599609 -0.000001 -0.589916 0.000000 0.000000
    17 -0.006736 -0.937906 0.007065 -0.593382 0.000000 -0.000001
    18 -0.022325 0.045425 -0.038284 -1.125544 -0.129230 -1.681412
    19 -0.042901 -0.061274 -0.071212 -1.124462 -0.060454 -1.586099
    20 0.063741 -0.109104 -0.248158 -1.142813 -0.125805 -1.693583
    21 -1.403345 -3.245525 -0.342301 -1.174547 -0.118715 -0.146526
    22 0.010184 -1.198147 0.005877 -0.977365 -0.000003 -0.000007
    23 -0.013000 -0.789063 0.000000 -1.034973 0.000000 0.000000
    24 -0.011720 0.093267 0.017949 -1.687855 -0.079155 -1.575164
    25 0.048864 -0.085541 0.028626 -1.715605 -0.034569 -1.653190
    26 0.173918 -0.198414 -0.336163 -1.668104 -0.422317 -1.710956
    27 0.438974 -0.490226 0.388510 0.457988 -0.443911 -1.167613
    28 2.357422 0.016083 -0.000001 -0.304010 -0.029872 -0.496328
    29 1.250977 -0.000336 0.000002 0.000000 0.000000 -0.577698
    30 -0.267709 0.037512 -0.093907 2.913812 -0.143386 0.078467
    31 -0.029266 0.205410 -0.329287 2.788574 -0.255486 -0.188917
    32 0.204373 0.521055 -0.268577 2.886669 0.042206 -0.230367
    33 0.195697 -0.010059 -0.293538 -1.333586 0.150863 -1.672749
    34 1.257181 8.762590 -0.153713 -1.570562 0.002683 -1.566808
    35 -0.093500 -0.114213 -0.738866 -1.570842 0.061811 0.002096
    36 0.010843 0.093623 -0.081439 -3.141462 0.041719 -1.568236
    37 -0.509057 -4.996877 -22.478532 -1.217104 -0.177927 2.034501
    38 0.104748 -10.669237 -0.009359 0.204531 -0.160722 0.243717
    39 0.545615 -3.642764 -0.341066 -1.845029 -0.041053 -0.026176
    40 0.017872 -1.503640 0.001040 -0.790058 0.000001 -0.000004
    41 0.008139 -0.932386 -0.008488 -0.853464 -0.000002 -0.000001
    42 0.006928 0.005327 -0.181358 -1.528500 -0.248579 -1.611362
    43 -0.052313 0.038588 -0.230758 -1.592493 -0.043415 -1.528515
    44 -0.232600 -0.209658 -0.420670 -1.713790 -0.167173 -1.438930
    45 -0.222187 -3.737618 -0.346082 -1.755256 -0.000005 -0.000032
    46 0.023707 -1.582373 0.010076 -0.868025 0.000031 -0.000009
    47 0.004385 -1.172547 0.000250 -1.000586 0.000033 0.000030
    48 -0.038065 0.069166 -0.159882 -1.816986 0.066178 -1.575392
    49 -0.025151 0.088760 -0.068837 -1.817843 0.044510 -1.568287
    50 -0.102916 -0.186983 -0.272246 -1.833683 -0.232962 -1.472375
    51 -1.026365 -3.578138 -0.347066 -1.701222 0.000031 -0.000003
    52 0.001134 -1.610108 0.006277 -0.820636 0.000003 -0.000002
    53 0.009693 -0.949964 0.008323 -0.964214 0.000001 0.000001
    54 -0.004241 0.043707 -0.080202 -2.014997 -0.186996 -1.460723
    55 0.015383 -0.089136 -0.030009 -2.006083 0.036346 -1.568629
    56 -0.022610 -0.212358 -0.177904 -1.933161 -0.118801 -1.518895
    57 1.305107 -3.227547 -0.338302 -1.498716 -0.069497 -0.040763
    58 0.000596 -1.242324 0.006086 -0.646165 0.000004 0.000009
    59 0.007081 -0.774607 -0.004222 -0.694446 -0.000006 -0.000004
    60 -0.067138 0.063251 -0.010961 -0.899214 -0.014515 -1.600326
    61 -0.151180 -0.007395 -0.070065 -0.913061 -0.118819 -1.408558
    62 -0.178164 -0.244680 -0.357067 -1.159916 -0.384260 -1.556110
    63 -0.387544 -0.467570 0.379860 -0.654378 -0.808765 -2.488263
    64 2.472082 0.027427 0.005130 -0.102118 0.023171 0.772280
    65 1.219513 0.013261 -0.005766 -0.000003 -0.000017 0.877490
    66 -0.263408 -0.117640 -0.015657 0.000036 -0.082210 -0.026800
    67 0.007707 -0.334360 -0.191576 0.070788 -0.181563 0.282364
    68 0.225562 -0.567923 -0.420715 0.119895 -0.183798 0.223460
    69 -0.203683 -0.095654 -0.328304 -1.745077 0.075142 -1.515382
    70 -1.393460 8.839182 -0.239440 1.580804 -0.005024 -1.566848
    71 0.036020 0.082814 -0.692656 -1.570769 0.065989 0.001276
    72 -0.088586 0.054019 -0.088595 0.010231 0.033800 -1.560851
    73 0.120153 -0.050270 -0.054489 -2.854024 0.030688 -1.580508
    74 -0.139399 -0.111692 0.014400 0.285395 -0.031353 1.580313
    75 1.815922 -4.953960 0.956709 -1.247037 1.437608 -1.233843
    76 1.280673 -7.522364 1.257767 -1.247037 1.437608 -1.233843
    77 3.914122 -5.194223 1.336679 -1.102199 1.470090 -1.123171
    78 3.733238 -6.026484 1.177255 -1.247037 1.437608 -1.233843
    79 2.572266 -6.871094 2.244141 -0.148865 -1.070098 0.151247
    80 -3.854893 -6.813115 15.910310 -0.348777 0.747938 -0.276196
  time 41
    0 1.629157 0.000000 0.541027 0.000000 0.000000 -1.570796
    1 2.134103 20.356276 -16.470690 4.968685 -1.001814 -4.211010
    2 -0.001605 -10.694113 -0.002571 0.238713 0.097459 -0.430973
    3 -0.652832 -3.626953 -0.348633 -1.107361 -0.060909 -0.152581
    4 -0.006990 -1.507134 0.002508 -1.179809 -0.000001 -0.000002
    5 0.009257 -0.954641 -0.003577 -1.228687 0.000000 0.000000
    6 0.007988 0.172186 -0.118553 -1.598091 -0.216549 -1.570593
    7 0.080660 0.135929 -0.203919 -1.506824 -0.066185 -1.662786
    8 0.117288 -0.155554 -0.604544 -1.412988 -0.374558 -1.569222
    9 0.127930 -3.761719 -0.348633 -0.873865 -0.036146 -0.178589
    10 -0.006790 -1.567259 0.006726 -1.223438 0.000000 -0.000003
    11 -0.006798 -1.156134 0.006655 -1.567260 0.000000 0.000000
    12 -0.018589 0.129951 -0.123721 -1.294580 0.001302 -1.635383
    13 -0.006160 0.170065 -0.110169 -1.280084 -0.068681 -1.597215
    14 0.047100 -0.104074 -0.352264 -1.243368 -0.257298 -1.694346
    15 0.949219 -3.619141 -0.348633 -0.197224 0.000005 0.130897
    16 -0.015404 -1.599609 -0.000001 -0.589916 0.000000 0.000000
    17 -0.006736 -0.945718 0.007065 -0.593400 0.000000 -0.000001
    18 -0.022325 0.045425 -0.038284 -1.125544 -0.129230 -1.681412
    19 -0.042901 -0.061274 -0.071212 -1.124462 -0.060454 -1.586099
    20 0.063741 -0.109104 -0.248158 -1.142813 -0.125805 -1.693583
    21 -1.403345 -3.245525 -0.342301 -1.174547 -0.118715 -0.146526
    22 0.010184 -1.202054 0.005877 -0.977365 -0.000003 -0.000007
    23 -0.013000 -0.789063 0.000000 -1.034973 0.000000 0.000000
    24 -0.011720 0.093267 0.017949 -1.687855 -0.079155 -1.575164
    25 0.048864 -0.085541 0.028626 -1.715605 -0.034569 -1.653190
    26 0.173918 -0.198414 -0.336163 -1.668104 -0.422317 -1.710956
    27 0.442881 -0.490226 0.388510 0.457988 -0.443923 -1.167613
    28 2.357422 0.016083 -0.000001 -0.304010 -0.029872 -0.496328
    29 1.250977 -0.000336 0.000002 0.000000 0.000000 -0.577698
    30 -0.267709 0.037512 -0.093907 2.913812 -0.143386 0.078467
    31 -0.029266 0.205410 -0.329287 2.788574 -0.255486 -0.188917
    32 0.204373 0.521055 -0.268577 2.886669 0.042206 -0.230367
    33 0.195697 -0.010059 -0.293538 -1.333586 0.150863 -1.672749
    34 1.257181 8.762590 -0.153713 -1.570562 0.002683 -1.566808
    35 -0.093500 -0.114213 -0.738866 -1.570842 0.061811 0.002096
    36 0.010843 0.093623 -0.081439 -3.141462 0.041719 -1.568236
    37 -1.520807 -4.934375 -22.705101 -1.242085 -0.154741 2.092412
    38 0.100841 -10.673144 -0.005453 0.245373 -0.219896 0.264351
    39 0.553428 -3.646670 -0.341066 -1.823940 -0.041053 -0.026176
    40 0.017872 -1.503640 0.001040 -0.779773 0.000001 -0.000004
    41 0.008139 -0.928479 -0.008488 -0.842477 -0.000002 -0.000001
    42 0.006928 0.005327 -0.181358 -1.528500 -0.248579 -1.611362
    43 -0.052313 0.038588 -0.230758 -1.592493 -0.043415 -1.528515
    44 -0.232600 -0.209658 -0.420670 -1.713790 -0.167173 -1.438930
    45 -0.222187 -3.737618 -0.346082 -1.733524 -0.000005 -0.000032
    46 0.023707 -1.586280 0.006169 -0.856639 0.000031 -0.000009
    47 0.004385 -1.172547 0.000250 -0.989249 0.000033 0.000030
    48 -0.038065 0.069166 -0.159882 -1.816986 0.066178 -1.575392
    49 -0.025151 0.088760 -0.068837 -1.817843 0.044510 -1.568287
    50 -0.102916 -0.186983 -0.272246 -1.833683 -0.232962 -1.472375
    51 -1.030272 -3.578138 -0.339254 -1.681231 0.000031 -0.000003
    52 0.001134 -1.610108 0.002371 -0.808731 0.000003 -0.000002
    53 0.009693 -0.949964 0.004417 -0.951119 0.000001 0.000001
    54 -0.004241 0.043707 -0.080202 -2.014997 -0.186996 -1.460723
    55 0.015383 -0.089136 -0.030009 -2.006083 0.036346 -1.568629
    56 -0.022610 -0.212358 -0.177904 -1.933161 -0.118801 -1.518895
    57 1.305107 -3.227547 -0.338302 -1.478576 -0.069497 -0.040763
    58 0.000596 -1.238418 0.006086 -0.640181 0.000004 0.000009
    59 0.007081 -0.774607 -0.004222 -0.691106 -0.000006 -0.000004
    60 -0.067138 0.063251 -0.010961 -0.899214 -0.014515 -1.600326
    61 -0.151180 -0.007395 -0.070065 -0.913061 -0.118819 -1.408558
    62 -0.178164 -0.244680 -0.357067 -1.159916 -0.384260 -1.556110
    63 -0.387544 -0.467570 0.383766 -0.642627 -0.801607 -2.496659
    64 2.472082 0.027427 0.005130 -0.102406 0.021840 0.759400
    65 1.219513 0.013261 -0.005766 -0.000003 -0.000017 0.862297
    66 -0.263408 -0.117640 -0.015657 0.000036 -0.082210 -0.026800
    67 0.007707 -0.334360 -0.191576 0.070788 -0.181563 0.282364
    68 0.225562 -0.567923 -0.420715 0.119895 -0.183798 0.223460
    69 -0.203683 -0.095654 -0.328304 -1.745077 0.075142 -1.515382
    70 -1.393460 8.839182 -0.239440 1.580804 -0.005024 -1.566848
    71 0.036020 0.082814 -0.692656 -1.570769 0.065989 0.001276
    72 -0.088586 0.054019 -0.088595 0.010231 0.033800 -1.560851
    73 0.120153 -0.050270 -0.054489 -2.854024 0.030688 -1.580508
    74 -0.139399 -0.111692 0.014400 0.285395 -0.031353 1.580313
    75 1.815922 -4.953960 0.956709 -1.247037 1.437608 -1.233843
    76 1.280673 -7.522364 1.257767 -1.247037 1.437608 -1.233843
    77 3.914122 -5.194223 1.336679 -1.102199 1.470090 -1.123171
    78 3.733238 -6.026484 1.177255 -1.247037 1.437608 -1.233843
    79 2.572266 -6.871094 2.244141 -0.148865 -1.070098 0.151247
    80 -4.479912 -2.746584 17.050969 -0.369126 0.859318 -0.306259
  time 42
    0 1.629157 0.000000 0.541027 0.000000 0.000000 -1.570796
    1 1.981755 20.012516 -16.275371 4.990591 -1.017920 -4.203724
    2 -0.009418 -10.698019 -0.002571 0.350120 0.085563 -0.359390
    3 -0.652832 -3.626953 -0.348633 -1.107361 -0.060909 -0.152581
    4 -0.006990 -1.503228 0.006415 -1.179809 -0.000001 -0.000002
    5 0.001444 -0.954641 -0.011390 -1.228687 0.000000 0.000000
    6 0.007988 0.172186 -0.118553 -1.598091 -0.216549 -1.570593
    7 0.080660 0.135929 -0.203919 -1.506824 -0.066185 -1.662786
    8 0.117288 -0.155554 -0.604544 -1.412988 -0.374558 -1.569222
    9 0.127930 -3.761719 -0.348633 -0.873865 -0.036146 -0.178589
    10 -0.002883 -1.567259 0.002820 -1.223362 0.000000 -0.000003
    11 -0.010704 -1.156134 0.002748 -1.567260 0.000000 0.000000
    12 -0.018589 0.129951 -0.123721 -1.294580 0.001302 -1.635383
    13 -0.006160 0.170065 -0.110169 -1.280084 -0.068681 -1.597215
    14 0.047100 -0.104074 -0.352264 -1.243368 -0.257298 -1.694346
    15 0.949219 -3.619141 -0.348633 -0.197224 0.000005 0.130897
    16 -0.015404 -1.599609 -0.000001 -0.589916 0.000000 0.000000
    17 -0.006736 -0.941812 0.010971 -0.593400 0.000000 -0.000001
    18 -0.022325 0.045425 -0.038284 -1.125544 -0.129230 -1.681412
    19 -0.042901 -0.061274 -0.071212 -1.124462 -0.060454 -1.586099
    20 0.063741 -0.109104 -0.248158 -1.142813 -0.125805 -1.693583
    21 -1.399439 -3.245525 -0.338395 -1.174547 -0.118715 -0.146526
    22 0.010184 -1.202054 0.005877 -0.977365 -0.000003 -0.000007
    23 -0.013000 -0.789063 0.000000 -1.034973 0.000000 0.000000
    24 -0.011720 0.093267 0.017949 -1.687855 -0.079155 -1.575164
    25 0.048864 -0.085541 0.028626 -1.715605 -0.034569 -1.653190
    26 0.173918 -0.198414 -0.336163 -1.668104 -0.422317 -1.710956
    27 0.438974 -0.490226 0.388510 0.457988 -0.443911 -1.167613
    28 2.357422 0.016083 -0.000001 -0.304010 -0.029872 -0.496328
    29 1.250977 -0.000336 0.000002 0.000000 0.000000 -0.577698
    30 -0.267709 0.037512 -0.093907 2.913812 -0.143386 0.078467
    31 -0.029266 0.205410 -0.329287 2.788574 -0.255486 -0.188917
    32 0.204373 0.521055 -0.268577 2.886669 0.042206 -0.230367
    33 0.195697 -0.010059 -0.293538 -1.333586 0.150863 -1.672749
    34 1.257181 8.762590 -0.153713 -1.570562 0.002683 -1.566808
    35 -0.093500 -0.114213 -0.738866 -1.570842 0.061811 0.002096
    36 0.010843 0.093623 -0.081439 -3.141462 0.041719 -1.568236
    37 -1.841129 -5.004689 -22.748071 -1.234811 -0.046111 2.112256
    38 0.104748 -10.673144 -0.009359 0.301553 -0.257045 0.299352
    39 0.553428 -3.642764 -0.341066 -1.800422 -0.041053 -0.026176
    40 0.017872 -1.499734 0.001040 -0.767851 0.000001 -0.000004
    41 0.008139 -0.928479 -0.008488 -0.830543 -0.000002 -0.000001
    42 0.006928 0.005327 -0.181358 -1.528500 -0.248579 -1.611362
    43 -0.052313 0.038588 -0.230758 -1.592493 -0.043415 -1.528515
    44 -0.232600 -0.209658 -0.420670 -1.713790 -0.167173 -1.438930
    45 -0.218280 -3.733712 -0.346082 -1.708588 -0.000005 -0.000032
    46 0.023707 -1.582373 0.010076 -0.844678 0.000031 -0.000009
    47 0.000478 -1.172547 0.000250 -0.977164 0.000033 0.000030
    48 -0.038065 0.069166 -0.159882 -1.816986 0.066178 -1.575392
    49 -0.025151 0.088760 -0.068837 -1.817843 0.044510 -1.568287
    50 -0.102916 -0.186983 -0.272246 -1.833683 -0.232962 -1.472375
    51 -1.030272 -3.578138 -0.347066 -1.658026 0.000031 -0.000003
    52 0.001134 -1.610108 0.002371 -0.795780 0.000003 -0.000002
    53 0.009693 -0.949964 0.008323 -0.937162 0.000001 0.000001
    54 -0.004241 0.043707 -0.080202 -2.014997 -0.186996 -1.460723
    55 0.015383 -0.089136 -0.030009 -2.006083 0.036346 -1.568629
    56 -0.022610 -0.212358 -0.177904 -1.933161 -0.118801 -1.518895
    57 1.305107 -3.227547 -0.338302 -1.455781 -0.069497 -0.040763
    58 0.000596 -1.238418 0.006086 -0.633490 0.000004 0.000009
    59 0.007081 -0.774607 -0.000316 -0.687395 -0.000006 -0.000004
    60 -0.067138 0.063251 -0.010961 -0.899214 -0.014515 -1.600326
    61 -0.151180 -0.007395 -0.070065 -0.913061 -0.118819 -1.408558
    62 -0.178164 -0.244680 -0.357067 -1.159916 -0.384260 -1.556110
    63 -0.387544 -0.467570 0.379860 -0.629563 -0.792806 -2.505429
    64 2.472082 0.027427 0.005130 -0.102705 0.020270 0.744134
    65 1.223420 0.013261 -0.005766 -0.000003 -0.000017 0.844658
    66 -0.263408 -0.117640 -0.015657 0.000036 -0.082210 -0.026800
    67 0.007707 -0.334360 -0.191576 0.070788 -0.181563 0.282364
    68 0.225562 -0.567923 -0.420715 0.119895 -0.183798 0.223460
    69 -0.203683 -0.095654 -0.328304 -1.745077 0.075142 -1.515382
    70 -1.393460 8.839182 -0.239440 1.580804 -0.005024 -1.566848
    71 0.036020 0.082814 -0.692656 -1.570769 0.065989 0.001276
    72 -0.088586 0.054019 -0.088595 0.010231 0.033800 -1.560851
    73 0.120153 -0.050270 -0.054489 -2.854024 0.030688 -1.580508
    74 -0.139399 -0.111692 0.014400 0.285395 -0.031353 1.580313
    75 1.815922 -4.953960 0.956709 -1.247037 1.437608 -1.233843
    76 1.280673 -7.522364 1.257767 -1.247037 1.437608 -1.233843
    77 3.914122 -5.194223 1.336679 -1.102199 1.470090 -1.123171
    78 3.733238 -6.026484 1.177255 -1.247037 1.437608 -1.233843
    79 2.572266 -6.871094 2.244141 -0.148865 -1.070098 0.151247
    80 -4.550227 1.128534 16.949404 -0.395285 0.955043 -0.340357
  time 43
    0 1.629157 0.000000 0.541027 0.000000 0.000000 -1.570796
    1 1.739560 19.446092 -15.958955 5.019005 -1.039379 -4.194712
    2 -0.005512 -10.701926 -0.006478 0.461724 0.064642 -0.287848
    3 -0.652832 -3.626953 -0.348633 -1.107361 -0.060909 -0.152581
    4 -0.006990 -1.507134 0.010321 -1.179809 -0.000001 -0.000002
    5 0.005351 -0.958548 -0.007484 -1.228687 0.000000 0.000000
    6 0.007988 0.172186 -0.118553 -1.598091 -0.216549 -1.570593
    7 0.080660 0.135929 -0.203919 -1.506824 -0.066185 -1.662786
    8 0.117288 -0.155554 -0.604544 -1.412988 -0.374558 -1.569222
    9 0.127930 -3.761719 -0.348633 -0.873865 -0.036146 -0.178589
    10 -0.006790 -1.571166 0.006726 -1.223362 0.000000 -0.000003
    11 -0.006798 -1.156134 0.010561 -1.567260 0.000000 0.000000
    12 -0.018589 0.129951 -0.123721 -1.294580 0.001302 -1.635383
    13 -0.006160 0.170065 -0.110169 -1.280084 -0.068681 -1.597215
    14 0.047100 -0.104074 -0.352264 -1.243368 -0.257298 -1.694346
    15 0.949219 -3.619141 -0.348633 -0.197224 0.000005 0.130897
    16 -0.015404 -1.599609 -0.000001 -0.589916 0.000000 0.000000
    17 -0.006736 -0.941812 0.007065 -0.593400 0.000000 -0.000001
    18 -0.022325 0.045425 -0.038284 -1.125544 -0.129230 -1.681412
    19 -0.042901 -0.061274 -0.071212 -1.124462 -0.060454 -1.586099
    20 0.063741 -0.109104 -0.248158 -1.142813 -0.125805 -1.693583
    21 -1.407252 -3.241619 -0.342301 -1.174547 -0.118715 -0.146526
    22 0.010184 -1.202054 0.005877 -0.977365 -0.000003 -0.000007
    23 -0.013000 -0.789063 0.000000 -1.034973 0.000000 0.000000
    24 -0.011720 0.093267 0.017949 -1.687855 -0.079155 -1.575164
    25 0.048864 -0.085541 0.028626 -1.715605 -0.034569 -1.653190
    26 0.173918 -0.198414 -0.336163 -1.668104 -0.422317 -1.710956
    27 0.442881 -0.490226 0.388510 0.457988 -0.443899 -1.167613
    28 2.357422 0.016083 -0.000001 -0.304010 -0.029872 -0.496328
    29 1.250977 -0.000336 0.000002 0.000000 0.000000 -0.577698
    30 -0.267709 0.037512 -0.093907 2.913812 -0.143386 0.078467
    31 -0.029266 0.205410 -0.329287 2.788574 -0.255486 -0.188917
    32 0.204373 0.521055 -0.268577 2.886669 0.042206 -0.230367
    33 0.195697 -0.010059 -0.293538 -1.333586 0.150863 -1.672749
    34 1.257181 8.762590 -0.153713 -1.570562 0.002683 -1.566808
    35 -0.093500 -0.114213 -0.738866 -1.570842 0.061811 0.002096
    36 0.010843 0.093623 -0.081439 -3.141462 0.041719 -1.568236
    37 -1.880193 -5.231259 -22.623067 -1.224378 0.012063 2.104433
    38 0.104748 -10.673144 -0.009359 0.330447 -0.260041 0.322557
    39 0.553428 -3.642764 -0.341066 -1.765850 -0.040753 -0.026799
    40 0.017872 -1.503640 0.001040 -0.758183 0.000001 -0.000004
    41 0.008139 -0.928479 -0.004582 -0.813968 -0.000002 -0.000001
    42 0.006928 0.005327 -0.181358 -1.528500 -0.248579 -1.611362
    43 -0.052313 0.038588 -0.230758 -1.592493 -0.043415 -1.528515
    44 -0.232600 -0.209658 -0.420670 -1.713790 -0.167173 -1.438930
    45 -0.218280 -3.733712 -0.346082 -1.668678 -0.000005 -0.000032
    46 0.023707 -1.582373 0.010076 -1.312012 0.000031 -0.000009
    47 0.000478 -1.172547 0.000250 -1.444108 0.000033 0.000030
    48 -0.038065 0.069166 -0.159882 -1.816986 0.066178 -1.575392
    49 -0.025151 0.088760 -0.068837 -1.817843 0.044510 -1.568287
    50 -0.102916 -0.186983 -0.272246 -1.833683 -0.232962 -1.472375
    51 -1.030272 -3.578138 -0.343160 -1.622674 0.000031 -0.000003
    52 0.001134 -1.610108 0.002371 -0.777924 0.000003 -0.000002
    53 0.009693 -0.949964 0.008323 -0.917439 0.000001 0.000001
    54 -0.004241 0.043707 -0.080202 -2.014997 -0.186996 -1.460723
    55 0.015383 -0.089136 -0.030009 -2.006083 0.036346 -1.568629
    56 -0.022610 -0.212358 -0.177904 -1.933161 -0.118801 -1.518895
    57 1.305107 -3.227547 -0.338302 -1.421902 -0.069065 -0.041537
    58 0.000596 -1.242324 0.006086 -0.635859 0.000004 0.000009
    59 0.007081 -0.774607 -0.004222 -0.683313 -0.000006 -0.000004
    60 -0.067138 0.063251 -0.010961 -0.899214 -0.014515 -1.600326
    61 -0.151180 -0.007395 -0.070065 -0.913061 -0.118819 -1.408558
    62 -0.178164 -0.244680 -0.357067 -1.159916 -0.384260 -1.556110
    63 -0.387544 -0.467570 0.379860 -0.601596 -0.789520 -2.525068
    64 2.468175 0.027427 0.005130 -0.103352 0.016639 0.709048
    65 1.223420 0.013261 -0.005766 -0.003083 -0.011799 0.817072
    66 -0.263408 -0.117640 -0.015657 0.000036 -0.082210 -0.026800
    67 0.007707 -0.334360 -0.191576 0.070788 -0.181563 0.282364
    68 0.225562 -0.567923 -0.420715 0.119895 -0.183798 0.223460
    69 -0.203683 -0.095654 -0.328304 -1.745077 0.075142 -1.515382
    70 -1.393460 8.839182 -0.239440 1.580804 -0.005024 -1.566848
    71 0.036020 0.082814 -0.692656 -1.570769 0.065989 0.001276
    72 -0.088586 0.054019 -0.088595 0.010231 0.033800 -1.560851
    73 0.120153 -0.050270 -0.054489 -2.854024 0.030688 -1.580508
    74 -0.139399 -0.111692 0.014400 0.285395 -0.031353 1.580313
    75 1.815922 -4.953960 0.956709 -1.247037 1.437608 -1.233843
    76 1.280673 -7.522364 1.257767 -1.247037 1.437608 -1.233843
    77 3.914122 -5.194223 1.336679 -1.102199 1.470090 -1.123171
    78 3.733238 -6.026484 1.177255 -1.247037 1.437608 -1.233843
    79 2.572266 -6.871094 2.244141 -0.148865 -1.070098 0.151247
    80 -4.061931 4.808334 15.547017 -0.451130 1.088544 -0.407117
  time 44
    0 1.629157 0.000000 0.541027 0.000000 0.000000 -1.570796
    1 1.415331 18.703882 -15.533161 5.054019 -1.065359 -4.184742
    2 -0.001605 -10.698019 -0.002571 0.564888 0.036440 -0.221632
    3 -0.652832 -3.626953 -0.348633 -1.107361 -0.060909 -0.152581
    4 -0.006990 -1.503228 0.006415 -1.179809 -0.000001 -0.000002
    5 0.001444 -0.954641 -0.007484 -1.228687 0.000000 0.000000
    6 0.007988 0.172186 -0.118553 -1.598091 -0.216549 -1.570593
    7 0.080660 0.135929 -0.203919 -1.506824 -0.066185 -1.662786
    8 0.117288 -0.155554 -0.604544 -1.412988 -0.374558 -1.569222
    9 0.127930 -3.761719 -0.348633 -0.873865 -0.036146 -0.178589
    10 -0.006790 -1.567259 0.010633 -1.223438 0.000000 -0.000003
    11 -0.006798 -1.156134 0.010561 -1.567260 0.000000 0.000000
    12 -0.018589 0.129951 -0.123721 -1.294580 0.001302 -1.635383
    13 -0.006160 0.170065 -0.110169 -1.280084 -0.068681 -1.597215
    14 0.047100 -0.104074 -0.352264 -1.243368 -0.257298 -1.694346
    15 0.949219 -3.619141 -0.348633 -0.197224 0.000005 0.130897
    16 -0.015404 -1.599609 -0.000001 -0.589916 0.000000 0.000000
    17 -0.006736 -0.945718 0.007065 -0.593400 0.000000 -0.000001
    18 -0.022325 0.045425 -0.038284 -1.125544 -0.129230 -1.681412
    19 -0.042901 -0.061274 -0.071212 -1.124462 -0.060454 -1.586099
    20 0.063741 -0.109104 -0.248158 -1.142813 -0.125805 -1.693583
    21 -1.403345 -3.241619 -0.346207 -1.174547 -0.118715 -0.146526
    22 0.010184 -1.202054 0.009783 -0.977365 -0.000003 -0.000007
    23 -0.013000 -0.789063 0.000000 -1.034973 0.000000 0.000000
    24 -0.011720 0.093267 0.017949 -1.687855 -0.079155 -1.575164
    25 0.048864 -0.085541 0.028626 -1.715605 -0.034569 -1.653190
    26 0.173918 -0.198414 -0.336163 -1.668104 -0.422317 -1.710956
    27 0.442881 -0.494133 0.392416 0.457988 -0.443923 -1.167613
    28 2.357422 0.016083 -0.000001 -0.304010 -0.029872 -0.496328
    29 1.250977 -0.000336 0.000002 0.000000 0.000000 -0.577698
    30 -0.267709 0.037512 -0.093907 2.913812 -0.143386 0.078467
    31 -0.029266 0.205410 -0.329287 2.788574 -0.255486 -0.188917
    32 0.204373 0.521055 -0.268577 2.886669 0.042206 -0.230367
    33 0.195697 -0.010059 -0.293538 -1.333586 0.150863 -1.672749
    34 1.257181 8.762590 -0.153713 -1.570562 0.002683 -1.566808
    35 -0.093500 -0.114213 -0.738866 -1.570842 0.061811 0.002096
    36 0.010843 0.093623 -0.081439 -3.141462 0.041719 -1.568236
    37 -1.341114 -5.746900 -22.251962 -1.212127 0.089904 2.090504
    38 0.108654 -10.673144 -0.005453 0.362469 -0.256949 0.355951
    39 0.553428 -3.646670 -0.341066 -1.741502 -0.039914 -0.028453
    40 0.017872 -1.507546 0.001040 -0.767789 0.000001 -0.000004
    41 0.008139 -0.928479 -0.004582 -0.789058 -0.000002 -0.000001
    42 0.006928 0.005327 -0.181358 -1.528500 -0.248579 -1.611362
    43 -0.052313 0.038588 -0.230758 -1.592493 -0.043415 -1.528515
    44 -0.232600 -0.209658 -0.420670 -1.713790 -0.167173 -1.438930
    45 -0.218280 -3.737618 -0.342176 -1.636459 -0.000005 -0.000032
    46 0.023707 -1.578467 0.010076 -1.773319 0.000031 -0.000009
    47 0.004385 -1.172547 0.000250 -1.904026 0.000033 0.000030
    48 -0.038065 0.069166 -0.159882 -1.816986 0.066178 -1.575392
    49 -0.025151 0.088760 -0.068837 -1.817843 0.044510 -1.568287
    50 -0.102916 -0.186983 -0.272246 -1.833683 -0.232962 -1.472375
    51 -1.034178 -3.578138 -0.343160 -1.597726 0.000031 -0.000003
    52 0.001134 -1.606202 0.006277 -0.751973 0.000003 -0.000002
    53 0.009693 -0.949964 0.004417 -0.888608 0.000001 0.000001
    54 -0.004241 0.043707 -0.080202 -2.014997 -0.186996 -1.460723
    55 0.015383 -0.089136 -0.030009 -2.006083 0.036346 -1.568629
    56 -0.022610 -0.212358 -0.177904 -1.933161 -0.118801 -1.518895
    57 1.309013 -3.227547 -0.338302 -1.397910 -0.067939 -0.043690
    58 0.000596 -1.242324 0.002180 -0.661250 0.000004 0.000009
    59 0.007081 -0.774607 -0.004222 -0.679231 -0.000006 -0.000004
    60 -0.067138 0.063251 -0.010961 -0.899214 -0.014515 -1.600326
    61 -0.151180 -0.007395 -0.070065 -0.913061 -0.118819 -1.408558
    62 -0.178164 -0.244680 -0.357067 -1.159916 -0.384260 -1.556110
    63 -0.387544 -0.467570 0.383766 -0.563699 -0.807121 -2.553955
    64 2.472082 0.027427 0.005130 -0.104035 0.011677 0.661472
    65 1.219513 0.013261 -0.005766 -0.010945 -0.043391 0.795628
    66 -0.263408 -0.117640 -0.015657 0.000036 -0.082210 -0.026800
    67 0.007707 -0.334360 -0.191576 0.070788 -0.181563 0.282364
    68 0.225562 -0.567923 -0.420715 0.119895 -0.183798 0.223460
    69 -0.203683 -0.095654 -0.328304 -1.745077 0.075142 -1.515382
    70 -1.393460 8.839182 -0.239440 1.580804 -0.005024 -1.566848
    71 0.036020 0.082814 -0.692656 -1.570769 0.065989 0.001276
    72 -0.088586 0.054019 -0.088595 0.010231 0.033800 -1.560851
    73 0.120153 -0.050270 -0.054489 -2.854024 0.030688 -1.580508
    74 -0.139399 -0.111692 0.014400 0.285395 -0.031353 1.580313
    75 1.815922 -4.953960 0.956709 -1.247037 1.437608 -1.233843
    76 1.280673 -7.522364 1.257767 -1.247037 1.437608 -1.233843
    77 3.914122 -5.194223 1.336679 -1.102199 1.470090 -1.123171
    78 3.733238 -6.026484 1.177255 -1.247037 1.437608 -1.233843
    79 2.572266 -6.871094 2.244141 -0.148865 -1.070098 0.151247
    80 -3.026743 8.324066 12.972720 -0.536234 1.210813 -0.502079
  time 45
    0 1.629157 0.000000 0.541027 0.000000 0.000000 -1.570796
    1 1.036413 17.809323 -15.025333 5.094807 -1.095070 -4.175155
    2 -0.009418 -10.694113 -0.002571 0.651960 0.004478 -0.165042
    3 -0.652832 -3.626953 -0.348633 -1.107361 -0.060909 -0.152581
    4 -0.006990 -1.503228 0.002508 -1.179809 -0.000001 -0.000002
    5 0.001444 -0.954641 -0.007484 -1.228687 0.000000 0.000000
    6 0.007988 0.172186 -0.118553 -1.598091 -0.216549 -1.570593
    7 0.080660 0.135929 -0.203919 -1.506824 -0.066185 -1.662786
    8 0.117288 -0.155554 -0.604544 -1.412988 -0.374558 -1.569222
    9 0.127930 -3.761719 -0.348633 -0.873865 -0.036146 -0.178589
    10 -0.010696 -1.563353 0.006726 -1.223362 0.000000 -0.000003
    11 -0.002891 -1.156134 0.010561 -1.567260 0.000000 0.000000
    12 -0.018589 0.129951 -0.123721 -1.294580 0.001302 -1.635383
    13 -0.006160 0.170065 -0.110169 -1.280084 -0.068681 -1.597215
    14 0.047100 -0.104074 -0.352264 -1.243368 -0.257298 -1.694346
    15 0.949219 -3.619141 -0.348633 -0.197224 0.000005 0.130897
    16 -0.015404 -1.599609 -0.000001 -0.589916 0.000000 0.000000
    17 -0.006736 -0.941812 0.010971 -0.593382 0.000000 -0.000001
    18 -0.022325 0.045425 -0.038284 -1.125544 -0.129230 -1.681412
    19 -0.042901 -0.061274 -0.071212 -1.124462 -0.060454 -1.586099
    20 0.063741 -0.109104 -0.248158 -1.142813 -0.125805 -1.693583
    21 -1.403345 -3.241619 -0.338395 -1.174547 -0.118715 -0.146526
    22 0.010184 -1.202054 0.005877 -0.977365 -0.000003 -0.000007
    23 -0.013000 -0.789063 0.000000 -1.034973 0.000000 0.000000
    24 -0.011720 0.093267 0.017949 -1.687855 -0.079155 -1.575164
    25 0.048864 -0.085541 0.028626 -1.715605 -0.034569 -1.653190
    26 0.173918 -0.198414 -0.336163 -1.668104 -0.422317 -1.710956
    27 0.442881 -0.486320 0.388510 0.457988 -0.443923 -1.167613
    28 2.357422 0.016083 -0.000001 -0.304010 -0.029872 -0.496328
    29 1.250977 -0.000336 0.000002 0.000000 0.000000 -0.577698
    30 -0.267709 0.037512 -0.093907 2.913812 -0.143386 0.078467
    31 -0.029266 0.205410 -0.329287 2.788574 -0.255486 -0.188917
    32 0.204373 0.521055 -0.268577 2.886669 0.042206 -0.230367
    33 0.195697 -0.010059 -0.293538 -1.333586 0.150863 -1.672749
    34 1.257181 8.762590 -0.153713 -1.570562 0.002683 -1.566808
    35 -0.093500 -0.114213 -0.738866 -1.570842 0.061811 0.002096
    36 0.010843 0.093623 -0.081439 -3.141462 0.041719 -1.568236
    37 -0.337177 -6.465672 -21.677726 -1.198536 0.181892 2.072854
    38 0.108654 -10.673144 -0.009359 0.397402 -0.250334 0.396512
    39 0.553428 -3.650577 -0.341066 -1.722458 -0.038704 -0.030826
    40 0.017872 -1.503640 0.001040 -0.789780 0.000001 -0.000004
    41 0.008139 -0.928479 -0.008488 -0.757328 -0.000002 -0.000001
    42 0.006928 0.005327 -0.181358 -1.528500 -0.248579 -1.611362
    43 -0.052313 0.038588 -0.230758 -1.592493 -0.043415 -1.528515
    44 -0.232600 -0.209658 -0.420670 -1.713790 -0.167173 -1.438930
    45 -0.214374 -3.737618 -0.342176 -1.607794 -0.000005 -0.000032
    46 0.023707 -1.582373 0.010076 -2.228979 0.000031 -0.000009
    47 0.000478 -1.176453 0.000250 -2.358135 0.000033 0.000030
    48 -0.038065 0.069166 -0.159882 -1.816986 0.066178 -1.575392
    49 -0.025151 0.088760 -0.068837 -1.817843 0.044510 -1.568287
    50 -0.102916 -0.186983 -0.272246 -1.833683 -0.232962 -1.472375
    51 -1.026365 -3.578138 -0.339254 -1.577898 0.000031 -0.000003
    52 0.001134 -1.610108 0.002371 -0.719308 0.000003 -0.000002
    53 0.009693 -0.949964 0.008323 -0.851855 0.000001 0.000001
    54 -0.004241 0.043707 -0.080202 -2.014997 -0.186996 -1.460723
    55 0.015383 -0.089136 -0.030009 -2.006083 0.036346 -1.568629
    56 -0.022610 -0.212358 -0.177904 -1.933161 -0.118801 -1.518895
    57 1.305107 -3.227547 -0.338302 -1.379279 -0.066225 -0.046768
    58 0.000596 -1.242324 0.006086 -0.702267 0.000004 0.000009
    59 0.007081 -0.774607 -0.004222 -0.674963 -0.000006 -0.000004
    60 -0.067138 0.063251 -0.010961 -0.899214 -0.014515 -1.600326
    61 -0.151180 -0.007395 -0.070065 -0.913061 -0.118819 -1.408558
    62 -0.178164 -0.244680 -0.357067 -1.159916 -0.384260 -1.556110
    63 -0.387544 -0.467570 0.383766 -0.514980 -0.837773 -2.592963
    64 2.472082 0.027427 0.005130 -0.104563 0.005673 0.603704
    65 1.223420 0.013261 -0.005766 -0.021635 -0.089074 0.777228
    66 -0.263408 -0.117640 -0.015657 0.000036 -0.082210 -0.026800
    67 0.007707 -0.334360 -0.191576 0.070788 -0.181563 0.282364
    68 0.225562 -0.567923 -0.420715 0.119895 -0.183798 0.223460
    69 -0.203683 -0.095654 -0.328304 -1.745077 0.075142 -1.515382
    70 -1.393460 8.839182 -0.239440 1.580804 -0.005024 -1.566848
    71 0.036020 0.082814 -0.692656 -1.570769 0.065989 0.001276
    72 -0.088586 0.054019 -0.088595 0.010231 0.033800 -1.560851
    73 0.120153 -0.050270 -0.054489 -2.854024 0.030688 -1.580508
    74 -0.139399 -0.111692 0.014400 0.285395 -0.031353 1.580313
    75 1.815922 -4.953960 0.956709 -1.247037 1.437608 -1.233843
    76 1.280673 -7.522364 1.257767 -1.247037 1.437608 -1.233843
    77 3.914122 -5.194223 1.336679 -1.102199 1.470090 -1.123171
    78 3.733238 -6.026484 1.177255 -1.247037 1.437608 -1.233843
    79 2.572266 -6.871094 2.244141 -0.148865 -1.070098 0.151247
    80 -1.429038 11.667918 9.206980 -0.675721 1.315192 -0.650340
  time 46
    0 1.629157 0.000000 0.541027 0.000000 0.000000 -1.570796
    1 0.606713 16.809293 -14.455003 5.141278 -1.127501 -4.167389
    2 -0.009418 -10.701926 -0.002571 0.715734 -0.026390 -0.121315
    3 -0.652832 -3.626953 -0.348633 -1.107361 -0.060909 -0.152581
    4 -0.010896 -1.507134 0.002508 -1.179809 -0.000001 -0.000002
    5 0.001444 -0.954641 -0.011390 -1.228687 0.000000 0.000000
    6 0.007988 0.172186 -0.118553 -1.598091 -0.216549 -1.570593
    7 0.080660 0.135929 -0.203919 -1.506824 -0.066185 -1.662786
    8 0.117288 -0.155554 -0.604544 -1.412988 -0.374558 -1.569222
    9 0.127930 -3.761719 -0.348633 -0.873865 -0.036146 -0.178589
    10 -0.010696 -1.567259 0.010633 -1.223438 0.000000 -0.000003
    11 -0.002891 -1.156134 0.006655 -1.567260 0.000000 0.000000
    12 -0.018589 0.129951 -0.123721 -1.294580 0.001302 -1.635383
    13 -0.006160 0.170065 -0.110169 -1.280084 -0.068681 -1.597215
    14 0.047100 -0.104074 -0.352264 -1.243368 -0.257298 -1.694346
    15 0.949219 -3.619141 -0.348633 -0.197224 0.000005 0.130897
    16 -0.015404 -1.599609 -0.000001 -0.589916 0.000000 0.000000
    17 -0.006736 -0.945718 0.010971 -0.593400 0.000000 -0.000001
    18 -0.022325 0.045425 -0.038284 -1.125544 -0.129230 -1.681412
    19 -0.042901 -0.061274 -0.071212 -1.124462 -0.060454 -1.586099
    20 0.063741 -0.109104 -0.248158 -1.142813 -0.125805 -1.693583
    21 -1.403345 -3.241619 -0.338395 -1.174547 -0.118715 -0.146526
    22 0.010184 -1.202054 0.001971 -0.977365 -0.000003 -0.000007
    23 -0.013000 -0.789063 0.000000 -1.034973 0.000000 0.000000
    24 -0.011720 0.093267 0.017949 -1.687855 -0.079155 -1.575164
    25 0.048864 -0.085541 0.028626 -1.715605 -0.034569 -1.653190
    26 0.173918 -0.198414 -0.336163 -1.668104 -0.422317 -1.710956
    27 0.438974 -0.490226 0.396323 0.457988 -0.443923 -1.167613
    28 2.357422 0.016083 -0.000001 -0.304010 -0.029872 -0.496328
    29 1.250977 -0.000336 0.000002 0.000000 0.000000 -0.577698
    30 -0.267709 0.037512 -0.093907 2.913812 -0.143386 0.078467
    31 -0.029266 0.205410 -0.329287 2.788574 -0.255486 -0.188917
    32 0.204373 0.521055 -0.268577 2.886669 0.042206 -0.230367
    33 0.195697 -0.010059 -0.293538 -1.333586 0.150863 -1.672749
    34 1.257181 8.762590 -0.153713 -1.570562 0.002683 -1.566808
    35 -0.093500 -0.114213 -0.738866 -1.570842 0.061811 0.002096
    36 0.010843 0.093623 -0.081439 -3.141462 0.041719 -1.568236
    37 0.998801 -7.250852 -20.974580 -1.184849 0.282806 2.053582
    38 0.100841 -10.673144 -0.009359 0.434725 -0.242545 0.441059
    39 0.553428 -3.650577 -0.344972 -1.703605 -0.037182 -0.033558
    40 0.017872 -1.503640 0.001040 -0.817484 0.000001 -0.000004
    41 0.012045 -0.928479 -0.008488 -0.720579 -0.000002 -0.000001
    42 0.006928 0.005327 -0.181358 -1.528500 -0.248579 -1.611362
    43 -0.052313 0.038588 -0.230758 -1.592493 -0.043415 -1.528515
    44 -0.232600 -0.209658 -0.420670 -1.713790 -0.167173 -1.438930
    45 -0.218280 -3.737618 -0.346082 -1.577964 -0.000005 -0.000032
    46 0.023707 -1.582373 0.010076 -2.680334 0.000031 -0.000009
    47 0.004385 -1.172547 0.000250 -2.807466 0.000033 0.000030
    48 -0.038065 0.069166 -0.159882 -1.816986 0.066178 -1.575392
    49 -0.025151 0.088760 -0.068837 -1.817843 0.044510 -1.568287
    50 -0.102916 -0.186983 -0.272246 -1.833683 -0.232962 -1.472375
    51 -1.034178 -3.582044 -0.343160 -1.558234 0.000031 -0.000003
    52 0.001134 -1.606202 0.002371 -0.681453 0.000003 -0.000002
    53 0.005787 -0.949964 0.008323 -0.809391 0.000001 0.000001
    54 -0.004241 0.043707 -0.080202 -2.014997 -0.186996 -1.460723
    55 0.015383 -0.089136 -0.030009 -2.006083 0.036346 -1.568629
    56 -0.022610 -0.212358 -0.177904 -1.933161 -0.118801 -1.518895
    57 1.305107 -3.227547 -0.338302 -1.360804 -0.064188 -0.050334
    58 0.000596 -1.238418 0.006086 -0.751387 0.000004 0.000009
    59 0.007081 -0.774607 -0.004222 -0.670510 -0.000006 -0.000004
    60 -0.067138 0.063251 -0.010961 -0.899214 -0.014515 -1.600326
    61 -0.151180 -0.007395 -0.070065 -0.913061 -0.118819 -1.408558
    62 -0.178164 -0.244680 -0.357067 -1.159916 -0.384260 -1.556110
    63 -0.395357 -0.467570 0.379860 -0.454808 -0.873506 -2.642445
    64 2.472082 0.027427 0.005130 -0.104707 -0.001170 0.538390
    65 1.223420 0.013261 -0.005766 -0.033380 -0.142959 0.758638
    66 -0.263408 -0.117640 -0.015657 0.000036 -0.082210 -0.026800
    67 0.007707 -0.334360 -0.191576 0.070788 -0.181563 0.282364
    68 0.225562 -0.567923 -0.420715 0.119895 -0.183798 0.223460
    69 -0.203683 -0.095654 -0.328304 -1.745077 0.075142 -1.515382
    70 -1.393460 8.839182 -0.239440 1.580804 -0.005024 -1.566848
    71 0.036020 0.082814 -0.692656 -1.570769 0.065989 0.001276
    72 -0.088586 0.054019 -0.088595 0.010231 0.033800 -1.560851
    73 0.120153 -0.050270 -0.054489 -2.854024 0.030688 -1.580508
    74 -0.139399 -0.111692 0.014400 0.285395 -0.031353 1.580313
    75 1.815922 -4.953960 0.956709 -1.247037 1.437608 -1.233843
    76 1.280673 -7.522364 1.257767 -1.247037 1.437608 -1.233843
    77 3.914122 -5.194223 1.336679 -1.102199 1.470090 -1.123171
    78 3.733238 -6.026484 1.177255 -1.247037 1.437608 -1.233843
    79 2.572266 -6.871094 2.244141 -0.148865 -1.070098 0.151247
    80 0.696027 14.847703 4.265423 -0.910435 1.393464 -0.892051
  time 47
    0 1.629157 0.000000 0.541027 0.000000 0.000000 -1.570796
    1 0.141855 15.731135 -13.837797 5.194073 -1.161950 -4.162595
    2 -0.001605 -10.701926 -0.002571 0.749546 -0.050900 -0.092707
    3 -0.652832 -3.626953 -0.348633 -1.107361 -0.060909 -0.152581
    4 -0.006990 -1.507134 0.002508 -1.179809 -0.000001 -0.000002
    5 0.001444 -0.958548 -0.003577 -1.228687 0.000000 0.000000
    6 0.007988 0.172186 -0.118553 -1.598091 -0.216549 -1.570593
    7 0.080660 0.135929 -0.203919 -1.506824 -0.066185 -1.662786
    8 0.117288 -0.155554 -0.604544 -1.412988 -0.374558 -1.569222
    9 0.127930 -3.761719 -0.348633 -0.873865 -0.036146 -0.178589
    10 -0.006790 -1.567259 0.002820 -1.223362 0.000000 -0.000003
    11 -0.006798 -1.156134 0.010561 -1.567260 0.000000 0.000000
    12 -0.018589 0.129951 -0.123721 -1.294580 0.001302 -1.635383
    13 -0.006160 0.170065 -0.110169 -1.280084 -0.068681 -1.597215
    14 0.047100 -0.104074 -0.352264 -1.243368 -0.257298 -1.694346
    15 0.949219 -3.619141 -0.348633 -0.197224 0.000005 0.130897
    16 -0.015404 -1.599609 -0.000001 -0.589916 0.000000 0.000000
    17 -0.006736 -0.941812 0.007065 -0.593382 0.000000 -0.000001
    18 -0.022325 0.045425 -0.038284 -1.125544 -0.129230 -1.681412
    19 -0.042901 -0.061274 -0.071212 -1.124462 -0.060454 -1.586099
    20 0.063741 -0.109104 -0.248158 -1.142813 -0.125805 -1.693583
    21 -1.407252 -3.249431 -0.342301 -1.174547 -0.118715 -0.146526
    22 0.006278 -1.202054 0.001971 -0.977365 -0.000003 -0.000007
    23 -0.013000 -0.789063 0.000000 -1.034973 0.000000 0.000000
    24 -0.011720 0.093267 0.017949 -1.687855 -0.079155 -1.575164
    25 0.048864 -0.085541 0.028626 -1.715605 -0.034569 -1.653190
    26 0.173918 -0.198414 -0.336163 -1.668104 -0.422317 -1.710956
    27 0.438974 -0.490226 0.388510 0.457988 -0.443911 -1.167613
    28 2.357422 0.016083 -0.000001 -0.304010 -0.029872 -0.496328
    29 1.250977 -0.000336 0.000002 0.000000 0.000000 -0.577698
    30 -0.267709 0.037512 -0.093907 2.913812 -0.143386 0.078467
    31 -0.029266 0.205410 -0.329287 2.788574 -0.255486 -0.188917
    32 0.204373 0.521055 -0.268577 2.886669 0.042206 -0.230367
    33 0.195697 -0.010059 -0.293538 -1.333586 0.150863 -1.672749
    34 1.257181 8.762590 -0.153713 -1.570562 0.002683 -1.566808
    35 -0.093500 -0.114213 -0.738866 -1.570842 0.061811 0.002096
    36 0.010843 0.093623 -0.081439 -3.141462 0.041719 -1.568236
    37 2.561349 -7.993062 -20.185493 -1.171258 0.387124 2.034692
    38 0.104748 -10.673144 -0.005453 0.474003 -0.235906 0.486313
    39 0.545615 -3.650577 -0.344972 -1.680088 -0.035576 -0.036410
    40 0.017872 -1.507546 0.001040 -0.844201 0.000001 -0.000004
    41 0.008139 -0.928479 -0.008488 -0.679946 -0.000002 -0.000001
    42 0.006928 0.005327 -0.181358 -1.528500 -0.248579 -1.611362
    43 -0.052313 0.038588 -0.230758 -1.592493 -0.043415 -1.528515
    44 -0.232600 -0.209658 -0.420670 -1.713790 -0.167173 -1.438930
    45 -0.218280 -3.733712 -0.346082 -1.542715 -0.000005 -0.000032
    46 0.023707 -1.578467 0.010076 3.155128 0.000031 -0.000009
    47 0.004385 -1.172547 0.000250 3.029714 0.000033 0.000030
    48 -0.038065 0.069166 -0.159882 -1.816986 0.066178 -1.575392
    49 -0.025151 0.088760 -0.068837 -1.817843 0.044510 -1.568287
    50 -0.102916 -0.186983 -0.272246 -1.833683 -0.232962 -1.472375
    51 -1.030272 -3.578138 -0.339254 -1.533885 0.000031 -0.000003
    52 0.001134 -1.610108 0.002371 -0.639598 0.000003 -0.000002
    53 0.009693 -0.949964 0.008323 -0.762400 0.000001 0.000001
    54 -0.004241 0.043707 -0.080202 -2.014997 -0.186996 -1.460723
    55 0.015383 -0.089136 -0.030009 -2.006083 0.036346 -1.568629
    56 -0.022610 -0.212358 -0.177904 -1.933161 -0.118801 -1.518895
    57 1.309013 -3.227547 -0.338302 -1.337906 -0.061923 -0.054001
    58 0.000596 -1.242324 0.006086 -0.801214 0.000004 0.000009
    59 0.003174 -0.778514 -0.004222 -0.665593 -0.000006 -0.000004
    60 -0.067138 0.063251 -0.010961 -0.899214 -0.014515 -1.600326
    61 -0.151180 -0.007395 -0.070065 -0.913061 -0.118819 -1.408558
    62 -0.178164 -0.244680 -0.357067 -1.159916 -0.384260 -1.556110
    63 -0.387544 -0.467570 0.379860 -0.384198 -0.906330 -2.701155
    64 2.472082 0.027427 0.005130 -0.104347 -0.008565 0.467871
    65 1.223420 0.013261 -0.005766 -0.044262 -0.199269 0.736324
    66 -0.263408 -0.117640 -0.015657 0.000036 -0.082210 -0.026800
    67 0.007707 -0.334360 -0.191576 0.070788 -0.181563 0.282364
    68 0.225562 -0.567923 -0.420715 0.119895 -0.183798 0.223460
    69 -0.203683 -0.095654 -0.328304 -1.745077 0.075142 -1.515382
    70 -1.393460 8.839182 -0.239440 1.580804 -0.005024 -1.566848
    71 0.036020 0.082814 -0.692656 -1.570769 0.065989 0.001276
    72 -0.088586 0.054019 -0.088595 0.010231 0.033800 -1.560851
    73 0.120153 -0.050270 -0.054489 -2.854024 0.030688 -1.580508
    74 -0.139399 -0.111692 0.014400 0.285395 -0.031353 1.580313
    75 1.815922 -4.953960 0.956709 -1.247037 1.437608 -1.233843
    76 1.280673 -7.522364 1.257767 -1.247037 1.437608 -1.233843
    77 3.914122 -5.194223 1.336679 -1.102199 1.470090 -1.123171
    78 3.733238 -6.026484 1.177255 -1.247037 1.437608 -1.233843
    79 2.572266 -6.871094 2.244141 -0.148865 -1.070098 0.151247
    80 3.383609 17.855607 -1.855858 -1.247037 1.437608 -1.233843
  time 48
    0 1.629157 0.000000 0.541027 0.000000 0.000000 -1.570796
    1 -0.342535 14.617820 -13.204965 5.252826 -1.197410 -4.162979
    2 -0.001605 -10.698019 -0.002571 0.752557 -0.063138 -0.081681
    3 -0.652832 -3.626953 -0.348633 -1.107361 -0.060909 -0.152581
    4 -0.010896 -1.503228 0.002508 -1.179809 -0.000001 -0.000002
    5 0.001444 -0.954641 -0.007484 -1.228687 0.000000 0.000000
    6 0.007988 0.172186 -0.118553 -1.598091 -0.216549 -1.570593
    7 0.080660 0.135929 -0.203919 -1.506824 -0.066185 -1.662786
    8 0.117288 -0.155554 -0.604544 -1.412988 -0.374558 -1.569222
    9 0.127930 -3.761719 -0.348633 -0.873865 -0.036146 -0.178589
    10 -0.006790 -1.567259 0.006726 -1.223362 0.000000 -0.000003
    11 -0.006798 -1.156134 0.010561 -1.567260 0.000000 0.000000
    12 -0.018589 0.129951 -0.123721 -1.294580 0.001302 -1.635383
    13 -0.006160 0.170065 -0.110169 -1.280084 -0.068681 -1.597215
    14 0.047100 -0.104074 -0.352264 -1.243368 -0.257298 -1.694346
    15 0.949219 -3.619141 -0.348633 -0.197224 0.000005 0.130897
    16 -0.015404 -1.599609 -0.000001 -0.589916 0.000000 0.000000
    17 -0.006736 -0.945718 0.007065 -0.593400 0.000000 -0.000001
    18 -0.022325 0.045425 -0.038284 -1.125544 -0.129230 -1.681412
    19 -0.042901 -0.061274 -0.071212 -1.124462 -0.060454 -1.586099
    20 0.063741 -0.109104 -0.248158 -1.142813 -0.125805 -1.693583
    21 -1.403345 -3.241619 -0.346207 -1.174547 -0.118715 -0.146526
    22 0.010184 -1.202054 0.001971 -0.977365 -0.000003 -0.000007
    23 -0.013000 -0.789063 0.000000 -1.034973 0.000000 0.000000
    24 -0.011720 0.093267 0.017949 -1.687855 -0.079155 -1.575164
    25 0.048864 -0.085541 0.028626 -1.715605 -0.034569 -1.653190
    26 0.173918 -0.198414 -0.336163 -1.668104 -0.422317 -1.710956
    27 0.438974 -0.490226 0.388510 0.457988 -0.443923 -1.167613
    28 2.357422 0.016083 -0.000001 -0.304010 -0.029872 -0.496328
    29 1.250977 -0.000336 0.000002 0.000000 0.000000 -0.577698
    30 -0.267709 0.037512 -0.093907 2.913812 -0.143386 0.078467
    31 -0.029266 0.205410 -0.329287 2.788574 -0.255486 -0.188917
    32 0.204373 0.521055 -0.268577 2.886669 0.042206 -0.230367
    33 0.195697 -0.010059 -0.293538 -1.333586 0.150863 -1.672749
    34 1.257181 8.762590 -0.153713 -1.570562 0.002683 -1.566808
    35 -0.093500 -0.114213 -0.738866 -1.570842 0.061811 0.002096
    36 0.010843 0.093623 -0.081439 -3.141462 0.041719 -1.568236
    37 4.213743 -8.586830 -19.361249 -1.157380 0.489135 2.017805
    38 0.104748 -10.673144 -0.009359 0.514585 -0.232263 0.528931
    39 0.549521 -3.650577 -0.344972 -1.646985 -0.033922 -0.038975
    40 0.017872 -1.499734 0.001040 -0.862979 0.000001 -0.000004
    41 0.008139 -0.932386 -0.008488 -0.637325 -0.000002 -0.000001
    42 0.006928 0.005327 -0.181358 -1.528500 -0.248579 -1.611362
    43 -0.052313 0.038588 -0.230758 -1.592493 -0.043415 -1.528515
    44 -0.232600 -0.209658 -0.420670 -1.713790 -0.167173 -1.438930
    45 -0.218280 -3.737618 -0.346082 -1.497387 -0.000005 -0.000032
    46 0.023707 -1.582373 0.010076 2.709801 0.000031 -0.000009
    47 0.000478 -1.168640 0.000250 2.586473 0.000033 0.000030
    48 -0.038065 0.069166 -0.159882 -1.816986 0.066178 -1.575392
    49 -0.025151 0.088760 -0.068837 -1.817843 0.044510 -1.568287
    50 -0.102916 -0.186983 -0.272246 -1.833683 -0.232962 -1.472375
    51 -1.030272 -3.582044 -0.347066 -1.499731 0.000031 -0.000003
    52 0.001134 -1.610108 0.002371 -0.595077 0.000003 -0.000002
    53 0.009693 -0.949964 0.008323 -0.712875 0.000001 0.000001
    54 -0.004241 0.043707 -0.080202 -2.014997 -0.186996 -1.460723
    55 0.015383 -0.089136 -0.030009 -2.006083 0.036346 -1.568629
    56 -0.022610 -0.212358 -0.177904 -1.933161 -0.118801 -1.518895
    57 1.309013 -3.227547 -0.338302 -1.305223 -0.059669 -0.057365
    58 0.000596 -1.242324 0.002180 -0.844225 0.000004 0.000009
    59 0.007081 -0.774607 -0.004222 -0.661140 -0.000006 -0.000004
    60 -0.067138 0.063251 -0.010961 -0.899214 -0.014515 -1.600326
    61 -0.151180 -0.007395 -0.070065 -0.913061 -0.118819 -1.408558
    62 -0.178164 -0.244680 -0.357067 -1.159916 -0.384260 -1.556110
    63 -0.387544 -0.467570 0.375953 -0.307249 -0.928728 -2.764810
    64 2.468175 0.027427 0.005130 -0.103424 -0.016223 0.394794
    65 1.223420 0.013261 -0.005766 -0.052172 -0.252114 0.706400
    66 -0.263408 -0.117640 -0.015657 0.000036 -0.082210 -0.026800
    67 0.007707 -0.334360 -0.191576 0.070788 -0.181563 0.282364
    68 0.225562 -0.567923 -0.420715 0.119895 -0.183798 0.223460
    69 -0.203683 -0.095654 -0.328304 -1.745077 0.075142 -1.515382
    70 -1.393460 8.839182 -0.239440 1.580804 -0.005024 -1.566848
    71 0.036020 0.082814 -0.692656 -1.570769 0.065989 0.001276
    72 -0.088586 0.054019 -0.088595 0.010231 0.033800 -1.560851
    73 0.120153 -0.050270 -0.054489 -2.854024 0.030688 -1.580508
    74 -0.139399 -0.111692 0.014400 0.285395 -0.031353 1.580313
    75 1.815922 -4.953960 0.956709 -1.247037 1.437608 -1.233843
    76 1.280673 -7.522364 1.257767 -1.247037 1.437608 -1.233843
    77 3.914122 -5.194223 1.336679 -1.102199 1.470090 -1.123171
    78 3.733238 -6.026484 1.177255 -1.247037 1.437608 -1.233843
    79 2.572266 -6.871094 2.244141 -0.148865 -1.070098 0.151247
    80 3.375796 17.851701 -1.851951 -1.369276 1.445241 -1.357433
  time 49
    0 1.629157 0.000000 0.541027 0.000000 0.000000 -1.570796
    1 -0.830831 13.496692 -12.576039 5.318270 -1.232957 -4.169882
    2 -0.005512 -10.701926 -0.002571 0.740118 -0.072436 -0.075897
    3 -0.652832 -3.626953 -0.348633 -1.107361 -0.060909 -0.152581
    4 -0.003083 -1.507134 0.002508 -1.179809 -0.000001 -0.000002
    5 0.009257 -0.954641 -0.011390 -1.228687 0.000000 0.000000
    6 0.007988 0.172186 -0.118553 -1.598091 -0.216549 -1.570593
    7 0.080660 0.135929 -0.203919 -1.506824 -0.066185 -1.662786
    8 0.117288 -0.155554 -0.604544 -1.412988 -0.374558 -1.569222
    9 0.127930 -3.761719 -0.348633 -0.873865 -0.036146 -0.178589
    10 -0.010696 -1.567259 0.006726 -1.223362 0.000000 -0.000003
    11 -0.006798 -1.156134 0.010561 -1.567260 0.000000 0.000000
    12 -0.018589 0.129951 -0.123721 -1.294580 0.001302 -1.635383
    13 -0.006160 0.170065 -0.110169 -1.280084 -0.068681 -1.597215
    14 0.047100 -0.104074 -0.352264 -1.243368 -0.257298 -1.694346
    15 0.949219 -3.619141 -0.348633 -0.197224 0.000005 0.130897
    16 -0.015404 -1.599609 -0.000001 -0.589916 0.000000 0.000000
    17 -0.006736 -0.941812 0.010971 -0.593400 0.000000 -0.000001
    18 -0.022325 0.045425 -0.038284 -1.125544 -0.129230 -1.681412
    19 -0.042901 -0.061274 -0.071212 -1.124462 -0.060454 -1.586099
    20 0.063741 -0.109104 -0.248158 -1.142813 -0.125805 -1.693583
    21 -1.399439 -3.245525 -0.346207 -1.174547 -0.118715 -0.146526
    22 0.006278 -1.202054 0.001971 -0.977365 -0.000003 -0.000007
    23 -0.013000 -0.789063 0.000000 -1.034973 0.000000 0.000000
    24 -0.011720 0.093267 0.017949 -1.687855 -0.079155 -1.575164
    25 0.048864 -0.085541 0.028626 -1.715605 -0.034569 -1.653190
    26 0.173918 -0.198414 -0.336163 -1.668104 -0.422317 -1.710956
    27 0.446787 -0.486320 0.388510 0.457988 -0.443923 -1.167613
    28 2.357422 0.016083 -0.000001 -0.304010 -0.029872 -0.496328
    29 1.250977 -0.000336 0.000002 0.000000 0.000000 -0.577698
    30 -0.267709 0.037512 -0.093907 2.913812 -0.143386 0.078467
    31 -0.029266 0.205410 -0.329287 2.788574 -0.255486 -0.188917
    32 0.204373 0.521055 -0.268577 2.886669 0.042206 -0.230367
    33 0.195697 -0.010059 -0.293538 -1.333586 0.150863 -1.672749
    34 1.257181 8.762590 -0.153713 -1.570562 0.002683 -1.566808
    35 -0.093500 -0.114213 -0.738866 -1.570842 0.061811 0.002096
    36 0.010843 0.093623 -0.081439 -3.141462 0.041719 -1.568236
    37 5.830980 -8.899340 -18.572163 -1.142353 0.583392 2.004735
    38 0.104748 -10.673144 -0.009359 0.555427 -0.233174 0.565443
    39 0.549521 -3.646670 -0.341066 -1.599056 -0.032352 -0.040989
    40 0.017872 -1.503640 0.001040 -0.867211 0.000001 -0.000004
    41 0.008139 -0.928479 -0.008488 -0.594040 -0.000002 -0.000001
    42 0.006928 0.005327 -0.181358 -1.528500 -0.248579 -1.611362
    43 -0.052313 0.038588 -0.230758 -1.592493 -0.043415 -1.528515
    44 -0.232600 -0.209658 -0.420670 -1.713790 -0.167173 -1.438930
    45 -0.218280 -3.737618 -0.342176 -1.437843 -0.000005 -0.000032
    46 0.023707 -1.582373 0.010076 2.266293 0.000031 -0.000009
    47 0.000478 -1.168640 0.000250 2.144731 0.000033 0.000030
    48 -0.038065 0.069166 -0.159882 -1.816986 0.066178 -1.575392
    49 -0.025151 0.088760 -0.068837 -1.817843 0.044510 -1.568287
    50 -0.102916 -0.186983 -0.272246 -1.833683 -0.232962 -1.472375
    51 -1.030272 -3.578138 -0.343160 -1.450761 0.000031 -0.000003
    52 0.001134 -1.606202 0.002371 -0.549413 0.000003 -0.000002
    53 0.005787 -0.949964 0.008323 -0.662381 0.000001 0.000001
    54 -0.004241 0.043707 -0.080202 -2.014997 -0.186996 -1.460723
    55 0.015383 -0.089136 -0.030009 -2.006083 0.036346 -1.568629
    56 -0.022610 -0.212358 -0.177904 -1.933161 -0.118801 -1.518895
    57 1.305107 -3.227547 -0.342208 -1.258281 -0.057536 -0.059888
    58 0.004503 -1.242324 0.002180 -0.873107 0.000004 0.000009
    59 0.003174 -0.774607 -0.000316 -0.656315 -0.000006 -0.000004
    60 -0.067138 0.063251 -0.010961 -0.899214 -0.014515 -1.600326
    61 -0.151180 -0.007395 -0.070065 -0.913061 -0.118819 -1.408558
    62 -0.178164 -0.244680 -0.357067 -1.159916 -0.384260 -1.556110
    63 -0.391451 -0.467570 0.379860 -0.231929 -0.934149 -2.825037
    64 2.472082 0.027427 0.005130 -0.101962 -0.023773 0.321456
    65 1.219513 0.013261 -0.005766 -0.054917 -0.295747 0.664871
    66 -0.263408 -0.117640 -0.015657 0.000036 -0.082210 -0.026800
    67 0.007707 -0.334360 -0.191576 0.070788 -0.181563 0.282364
    68 0.225562 -0.567923 -0.420715 0.119895 -0.183798 0.223460
    69 -0.203683 -0.095654 -0.328304 -1.745077 0.075142 -1.515382
    70 -1.393460 8.839182 -0.239440 1.580804 -0.005024 -1.566848
    71 0.036020 0.082814 -0.692656 -1.570769 0.065989 0.001276
    72 -0.088586 0.054019 -0.088595 0.010231 0.033800 -1.560851
    73 0.120153 -0.050270 -0.054489 -2.854024 0.030688 -1.580508
    74 -0.139399 -0.111692 0.014400 0.285395 -0.031353 1.580313
    75 1.815922 -4.953960 0.956709 -1.247037 1.437608 -1.233843
    76 1.280673 -7.522364 1.257767 -1.247037 1.437608 -1.233843
    77 3.914122 -5.194223 1.336679 -1.102199 1.470090 -1.123171
    78 3.733238 -6.026484 1.177255 -1.247037 1.437608 -1.233843
    79 2.572266 -6.871094 2.244141 -0.148865 -1.070098 0.151247
    80 3.383609 17.855607 -1.851951 -1.460866 1.449373 -1.449951
  time 50
    0 1.629157 0.000000 0.541027 0.000000 0.000000 -1.570796
    1 -1.323034 12.410721 -11.962739 5.391230 -1.267362 -4.185509
    2 -0.009418 -10.698019 -0.002571 0.714969 -0.079239 -0.074498
    3 -0.652832 -3.626953 -0.348633 -1.107361 -0.060909 -0.152581
    4 -0.010896 -1.507134 0.010321 -1.179809 -0.000001 -0.000002
    5 0.001444 -0.954641 -0.007484 -1.228687 0.000000 0.000000
    6 0.007988 0.172186 -0.118553 -1.598091 -0.216549 -1.570593
    7 0.080660 0.135929 -0.203919 -1.506824 -0.066185 -1.662786
    8 0.117288 -0.155554 -0.604544 -1.412988 -0.374558 -1.569222
    9 0.127930 -3.761719 -0.348633 -0.873865 -0.036146 -0.178589
    10 -0.010696 -1.571166 0.006726 -1.223438 0.000000 -0.000003
    11 -0.002891 -1.156134 0.002748 -1.567260 0.000000 0.000000
    12 -0.018589 0.129951 -0.123721 -1.294580 0.001302 -1.635383
    13 -0.006160 0.170065 -0.110169 -1.280084 -0.068681 -1.597215
    14 0.047100 -0.104074 -0.352264 -1.243368 -0.257298 -1.694346
    15 0.949219 -3.619141 -0.348633 -0.197224 0.000005 0.130897
    16 -0.015404 -1.599609 -0.000001 -0.589916 0.000000 0.000000
    17 -0.006736 -0.945718 0.007065 -0.593400 0.000000 -0.000001
    18 -0.022325 0.045425 -0.038284 -1.125544 -0.129230 -1.681412
    19 -0.042901 -0.061274 -0.071212 -1.124462 -0.060454 -1.586099
    20 0.063741 -0.109104 -0.248158 -1.142813 -0.125805 -1.693583
    21 -1.403345 -3.245525 -0.342301 -1.174547 -0.118715 -0.146526
    22 0.010184 -1.202054 0.001971 -0.977365 -0.000003 -0.000007
    23 -0.013000 -0.789063 0.000000 -1.034973 0.000000 0.000000
    24 -0.011720 0.093267 0.017949 -1.687855 -0.079155 -1.575164
    25 0.048864 -0.085541 0.028626 -1.715605 -0.034569 -1.653190
    26 0.173918 -0.198414 -0.336163 -1.668104 -0.422317 -1.710956
    27 0.442881 -0.490226 0.388510 0.457988 -0.443923 -1.167613
    28 2.357422 0.016083 -0.000001 -0.304010 -0.029872 -0.496328
    29 1.250977 -0.000336 0.000002 0.000000 0.000000 -0.577698
    30 -0.267709 0.037512 -0.093907 2.913812 -0.143386 0.078467
    31 -0.029266 0.205410 -0.329287 2.788574 -0.255486 -0.188917
    32 0.204373 0.521055 -0.268577 2.886669 0.042206 -0.230367
    33 0.195697 -0.010059 -0.293538 -1.333586 0.150863 -1.672749
    34 1.257181 8.762590 -0.153713 -1.570562 0.002683 -1.566808
    35 -0.093500 -0.114213 -0.738866 -1.570842 0.061811 0.002096
    36 0.010843 0.093623 -0.081439 -3.141462 0.041719 -1.568236
    37 7.303681 -8.848557 -17.857297 -1.124646 0.664108 1.998629
    38 0.104748 -10.673144 -0.009359 0.595574 -0.239933 0.592280
    39 0.549521 -3.642764 -0.344972 -1.531444 -0.030973 -0.042019
    40 0.017872 -1.503640 0.001040 -0.850162 0.000001 -0.000004
    41 0.004232 -0.928479 -0.008488 -0.551608 -0.000002 -0.000001
    42 0.006928 0.005327 -0.181358 -1.528500 -0.248579 -1.611362
    43 -0.052313 0.038588 -0.230758 -1.592493 -0.043415 -1.528515
    44 -0.232600 -0.209658 -0.420670 -1.713790 -0.167173 -1.438930
    45 -0.222187 -3.741524 -0.346082 -1.359305 -0.000005 -0.000032
    46 0.023707 -1.586280 0.006169 1.823358 0.000031 -0.000009
    47 0.004385 -1.172547 0.000250 1.703270 0.000033 0.000030
    48 -0.038065 0.069166 -0.159882 -1.816986 0.066178 -1.575392
    49 -0.025151 0.088760 -0.068837 -1.817843 0.044510 -1.568287
    50 -0.102916 -0.186983 -0.272246 -1.833683 -0.232962 -1.472375
    51 -1.026365 -3.578138 -0.343160 -1.381909 0.000031 -0.000003
    52 0.001134 -1.606202 0.002371 -0.503701 0.000003 -0.000002
    53 0.001880 -0.949964 0.008323 -0.612642 0.000001 0.000001
    54 -0.004241 0.043707 -0.080202 -2.014997 -0.186996 -1.460723
    55 0.015383 -0.089136 -0.030009 -2.006083 0.036346 -1.568629
    56 -0.022610 -0.212358 -0.177904 -1.933161 -0.118801 -1.518895
    57 1.305107 -3.227547 -0.338302 -1.192188 -0.055750 -0.061217
    58 0.004503 -1.238418 0.006086 -0.880255 0.000004 0.000009
    59 0.007081 -0.774607 -0.004222 -0.651677 -0.000006 -0.000004
    60 -0.067138 0.063251 -0.010961 -0.899214 -0.014515 -1.600326
    61 -0.151180 -0.007395 -0.070065 -0.913061 -0.118819 -1.408558
    62 -0.178164 -0.244680 -0.357067 -1.159916 -0.384260 -1.556110
    63 -0.387544 -0.467570 0.383766 -0.168972 -0.916944 -2.870820
    64 2.468175 0.027427 0.005130 -0.100057 -0.030964 0.250504
    65 1.223420 0.013261 -0.005766 -0.050590 -0.323960 0.607524
    66 -0.263408 -0.117640 -0.015657 0.000036 -0.082210 -0.026800
    67 0.007707 -0.334360 -0.191576 0.070788 -0.181563 0.282364
    68 0.225562 -0.567923 -0.420715 0.119895 -0.183798 0.223460
    69 -0.203683 -0.095654 -0.328304 -1.745077 0.075142 -1.515382
    70 -1.393460 8.839182 -0.239440 1.580804 -0.005024 -1.566848
    71 0.036020 0.082814 -0.692656 -1.570769 0.065989 0.001276
    72 -0.088586 0.054019 -0.088595 0.010231 0.033800 -1.560851
    73 0.120153 -0.050270 -0.054489 -2.854024 0.030688 -1.580508
    74 -0.139399 -0.111692 0.014400 0.285395 -0.031353 1.580313
    75 1.815922 -4.953960 0.956709 -1.247037 1.437608 -1.233843
    76 1.280673 -7.522364 1.257767 -1.247037 1.437608 -1.233843
    77 3.914122 -5.194223 1.336679 -1.102199 1.470090 -1.123171
    78 3.733238 -6.026484 1.177255 -1.247037 1.437608 -1.233843
    79 2.572266 -6.871094 2.244141 -0.148865 -1.070098 0.151247
    80 3.375796 17.855607 -1.851951 -1.517531 1.451172 -1.507013
  time 51
    0 1.629157 0.000000 0.541027 0.000000 0.000000 -1.570796
    1 -1.787892 11.391159 -11.396316 5.472256 -1.299750 -4.211777
    2 -0.009418 -10.694113 -0.010384 0.679824 -0.083751 -0.076753
    3 -0.652832 -3.626953 -0.348633 -1.107361 -0.060909 -0.152581
    4 -0.006990 -1.503228 0.002508 -1.179809 -0.000001 -0.000002
    5 0.001444 -0.954641 -0.003577 -1.228687 0.000000 0.000000
    6 0.007988 0.172186 -0.118553 -1.598091 -0.216549 -1.570593
    7 0.080660 0.135929 -0.203919 -1.506824 -0.066185 -1.662786
    8 0.117288 -0.155554 -0.604544 -1.412988 -0.374558 -1.569222
    9 0.127930 -3.761719 -0.348633 -0.873865 -0.036146 -0.178589
    10 -0.006790 -1.567259 0.006726 -1.223362 0.000000 -0.000003
    11 -0.006798 -1.156134 0.010561 -1.567260 0.000000 0.000000
    12 -0.018589 0.129951 -0.123721 -1.294580 0.001302 -1.635383
    13 -0.006160 0.170065 -0.110169 -1.280084 -0.068681 -1.597215
    14 0.047100 -0.104074 -0.352264 -1.243368 -0.257298 -1.694346
    15 0.949219 -3.619141 -0.348633 -0.197224 0.000005 0.130897
    16 -0.015404 -1.599609 -0.000001 -0.589916 0.000000 0.000000
    17 -0.002829 -0.945718 0.007065 -0.593400 0.000000 -0.000001
    18 -0.022325 0.045425 -0.038284 -1.125544 -0.129230 -1.681412
    19 -0.042901 -0.061274 -0.071212 -1.124462 -0.060454 -1.586099
    20 0.063741 -0.109104 -0.248158 -1.142813 -0.125805 -1.693583
    21 -1.399439 -3.241619 -0.338395 -1.174547 -0.118715 -0.146526
    22 0.006278 -1.202054 0.005877 -0.977365 -0.000003 -0.000007
    23 -0.013000 -0.789063 0.000000 -1.034973 0.000000 0.000000
    24 -0.011720 0.093267 0.017949 -1.687855 -0.079155 -1.575164
    25 0.048864 -0.085541 0.028626 -1.715605 -0.034569 -1.653190
    26 0.173918 -0.198414 -0.336163 -1.668104 -0.422317 -1.710956
    27 0.438974 -0.486320 0.396323 0.457988 -0.443911 -1.167613
    28 2.357422 0.016083 -0.000001 -0.304010 -0.029872 -0.496328
    29 1.250977 -0.000336 0.000002 0.000000 0.000000 -0.577698
    30 -0.267709 0.037512 -0.093907 2.913812 -0.143386 0.078467
    31 -0.029266 0.205410 -0.329287 2.788574 -0.255486 -0.188917
    32 0.204373 0.521055 -0.268577 2.886669 0.042206 -0.230367
    33 0.195697 -0.010059 -0.293538 -1.333586 0.150863 -1.672749
    34 1.257181 8.762590 -0.153713 -1.570562 0.002683 -1.566808
    35 -0.093500 -0.114213 -0.738866 -1.570842 0.061811 0.002096
    36 0.010843 0.093623 -0.081439 -3.141462 0.041719 -1.568236
    37 8.502936 -8.297759 -17.275248 -1.102728 0.725874 2.001300
    38 0.108654 -10.669237 -0.009359 0.634331 -0.253258 0.605747
    39 0.553428 -3.650577 -0.341066 -1.438908 -0.030075 -0.041816
    40 0.017872 -1.503640 0.001040 -0.804883 0.000001 -0.000004
    41 0.008139 -0.932386 -0.008488 -0.511733 -0.000002 -0.000001
    42 0.006928 0.005327 -0.181358 -1.528500 -0.248579 -1.611362
    43 -0.052313 0.038588 -0.230758 -1.592493 -0.043415 -1.528515
    44 -0.232600 -0.209658 -0.420670 -1.713790 -0.167173 -1.438930
    45 -0.218280 -3.737618 -0.346082 -1.257754 -0.000005 -0.000032
    46 0.023707 -1.582373 0.006169 1.379945 0.000031 -0.000009
    47 0.004385 -1.168640 0.000250 1.261247 0.000033 0.000030
    48 -0.038065 0.069166 -0.159882 -1.816986 0.066178 -1.575392
    49 -0.025151 0.088760 -0.068837 -1.817843 0.044510 -1.568287
    50 -0.102916 -0.186983 -0.272246 -1.833683 -0.232962 -1.472375
    51 -1.030272 -3.582044 -0.343160 -1.288163 0.000031 -0.000003
    52 0.001134 -1.610108 0.002371 -0.459656 0.000003 -0.000002
    53 0.009693 -0.949964 0.008323 -0.565111 0.000001 0.000001
    54 -0.004241 0.043707 -0.080202 -2.014997 -0.186996 -1.460723
    55 0.015383 -0.089136 -0.030009 -2.006083 0.036346 -1.568629
    56 -0.022610 -0.212358 -0.177904 -1.933161 -0.118801 -1.518895
    57 1.305107 -3.227547 -0.338302 -1.101582 -0.054612 -0.060931
    58 0.000596 -1.238418 0.002180 -0.858313 0.000004 0.000009
    59 0.003174 -0.778514 -0.004222 -0.646945 -0.000006 -0.000004
    60 -0.067138 0.063251 -0.010961 -0.899214 -0.014515 -1.600326
    61 -0.151180 -0.007395 -0.070065 -0.913061 -0.118819 -1.408558
    62 -0.178164 -0.244680 -0.357067 -1.159916 -0.384260 -1.556110
    63 -0.387544 -0.467570 0.383766 -0.128063 -0.872713 -2.891997
    64 2.464269 0.027427 0.005130 -0.097767 -0.037507 0.184322
    65 1.219513 0.013261 -0.005766 -0.038666 -0.330356 0.531152
    66 -0.263408 -0.117640 -0.015657 0.000036 -0.082210 -0.026800
    67 0.007707 -0.334360 -0.191576 0.070788 -0.181563 0.282364
    68 0.225562 -0.567923 -0.420715 0.119895 -0.183798 0.223460
    69 -0.203683 -0.095654 -0.328304 -1.745077 0.075142 -1.515382
    70 -1.393460 8.839182 -0.239440 1.580804 -0.005024 -1.566848
    71 0.036020 0.082814 -0.692656 -1.570769 0.065989 0.001276
    72 -0.088586 0.054019 -0.088595 0.010231 0.033800 -1.560851
    73 0.120153 -0.050270 -0.054489 -2.854024 0.030688 -1.580508
    74 -0.139399 -0.111692 0.014400 0.285395 -0.031353 1.580313
    75 1.815922 -4.953960 0.956709 -1.247037 1.437608 -1.233843
    76 1.280673 -7.522364 1.257767 -1.247037 1.437608 -1.233843
    77 3.914122 -5.194223 1.336679 -1.102199 1.470090 -1.123171
    78 3.733238 -6.026484 1.177255 -1.247037 1.437608 -1.233843
    79 2.572266 -6.871094 2.244141 -0.148865 -1.070098 0.151247
    80 3.375796 17.859513 -1.855858 -1.541729 1.451950 -1.531529
  time 52
    0 1.629157 0.000000 0.541027 0.000000 0.000000 -1.570796
    1 -2.217592 10.477068 -10.896301 5.561348 -1.328802 -4.249838
    2 -0.009418 -10.701926 -0.006478 0.637349 -0.086657 -0.081890
    3 -0.652832 -3.626953 -0.348633 -1.107361 -0.060909 -0.152581
    4 -0.010896 -1.507134 0.002508 -1.179809 -0.000001 -0.000002
    5 0.001444 -0.954641 -0.007484 -1.228687 0.000000 0.000000
    6 0.007988 0.172186 -0.118553 -1.598091 -0.216549 -1.570593
    7 0.080660 0.135929 -0.203919 -1.506824 -0.066185 -1.662786
    8 0.117288 -0.155554 -0.604544 -1.412988 -0.374558 -1.569222
    9 0.127930 -3.761719 -0.348633 -0.873865 -0.036146 -0.178589
    10 -0.010696 -1.571166 0.010633 -1.223362 0.000000 -0.000003
    11 -0.006798 -1.156134 0.002748 -1.567260 0.000000 0.000000
    12 -0.018589 0.129951 -0.123721 -1.294580 0.001302 -1.635383
    13 -0.006160 0.170065 -0.110169 -1.280084 -0.068681 -1.597215
    14 0.047100 -0.104074 -0.352264 -1.243368 -0.257298 -1.694346
    15 0.949219 -3.619141 -0.348633 -0.197224 0.000005 0.130897
    16 -0.015404 -1.599609 -0.000001 -0.589916 0.000000 0.000000
    17 -0.006736 -0.945718 0.007065 -0.593400 0.000000 -0.000001
    18 -0.022325 0.045425 -0.038284 -1.125544 -0.129230 -1.681412
    19 -0.042901 -0.061274 -0.071212 -1.124462 -0.060454 -1.586099
    20 0.063741 -0.109104 -0.248158 -1.142813 -0.125805 -1.693583
    21 -1.403345 -3.245525 -0.338395 -1.174547 -0.118715 -0.146526
    22 0.010184 -1.202054 0.001971 -0.977365 -0.000003 -0.000007
    23 -0.013000 -0.789063 0.000000 -1.034973 0.000000 0.000000
    24 -0.011720 0.093267 0.017949 -1.687855 -0.079155 -1.575164
    25 0.048864 -0.085541 0.028626 -1.715605 -0.034569 -1.653190
    26 0.173918 -0.198414 -0.336163 -1.668104 -0.422317 -1.710956
    27 0.446787 -0.494133 0.396323 0.457988 -0.443923 -1.167613
    28 2.357422 0.016083 -0.000001 -0.304010 -0.029872 -0.496328
    29 1.250977 -0.000336 0.000002 0.000000 0.000000 -0.577698
    30 -0.267709 0.037512 -0.093907 2.913812 -0.143386 0.078467
    31 -0.029266 0.205410 -0.329287 2.788574 -0.255486 -0.188917
    32 0.204373 0.521055 -0.268577 2.886669 0.042206 -0.230367
    33 0.195697 -0.010059 -0.293538 -1.333586 0.150863 -1.672749
    34 1.257181 8.762590 -0.153713 -1.570562 0.002683 -1.566808
    35 -0.093500 -0.114213 -0.738866 -1.570842 0.061811 0.002096
    36 0.010843 0.093623 -0.081439 -3.141462 0.041719 -1.568236
    37 9.311555 -7.137567 -16.892424 -1.075450 0.762450 2.015134
    38 0.104748 -10.673144 -0.009359 0.671089 -0.273870 0.602051
    39 0.545615 -3.650577 -0.341066 -1.316913 -0.029955 -0.040126
    40 0.021779 -1.507546 0.001040 -0.724703 0.000001 -0.000004
    41 0.008139 -0.932386 -0.008488 -0.475552 -0.000002 -0.000001
    42 0.006928 0.005327 -0.181358 -1.528500 -0.248579 -1.611362
    43 -0.052313 0.038588 -0.230758 -1.592493 -0.043415 -1.528515
    44 -0.232600 -0.209658 -0.420670 -1.713790 -0.167173 -1.438930
    45 -0.218280 -3.737618 -0.342176 -1.128528 -0.000005 -0.000032
    46 0.023707 -1.586280 0.006169 0.935671 0.000031 -0.000009
    47 0.004385 -1.176453 0.000250 0.817537 0.000033 0.000030
    48 -0.038065 0.069166 -0.159882 -1.816986 0.066178 -1.575392
    49 -0.025151 0.088760 -0.068837 -1.817843 0.044510 -1.568287
    50 -0.102916 -0.186983 -0.272246 -1.833683 -0.232962 -1.472375
    51 -1.026365 -3.582044 -0.339254 -1.164621 0.000031 -0.000003
    52 0.001134 -1.606202 0.006277 -0.418325 0.000003 -0.000002
    53 0.009693 -0.949964 0.008323 -0.521731 0.000001 0.000001
    54 -0.004241 0.043707 -0.080202 -2.014997 -0.186996 -1.460723
    55 0.015383 -0.089136 -0.030009 -2.006083 0.036346 -1.568629
    56 -0.022610 -0.212358 -0.177904 -1.933161 -0.118801 -1.518895
    57 1.305107 -3.227547 -0.338302 -0.982094 -0.054504 -0.058677
    58 0.004503 -1.238418 0.002180 -0.799759 0.000004 0.000009
    59 0.003174 -0.774607 -0.004222 -0.642214 -0.000006 -0.000004
    60 -0.067138 0.063251 -0.010961 -0.899214 -0.014515 -1.600326
    61 -0.151180 -0.007395 -0.070065 -0.913061 -0.118819 -1.408558
    62 -0.178164 -0.244680 -0.357067 -1.159916 -0.384260 -1.556110
    63 -0.387544 -0.467570 0.379860 -0.113510 -0.796829 -2.883497
    64 2.472082 0.027427 0.005130 -0.095407 -0.043224 0.125470
    65 1.223420 0.013261 -0.001860 -0.020749 -0.307962 0.433771
    66 -0.263408 -0.117640 -0.015657 0.000036 -0.082210 -0.026800
    67 0.007707 -0.334360 -0.191576 0.070788 -0.181563 0.282364
    68 0.225562 -0.567923 -0.420715 0.119895 -0.183798 0.223460
    69 -0.203683 -0.095654 -0.328304 -1.745077 0.075142 -1.515382
    70 -1.393460 8.839182 -0.239440 1.580804 -0.005024 -1.566848
    71 0.036020 0.082814 -0.692656 -1.570769 0.065989 0.001276
    72 -0.088586 0.054019 -0.088595 0.010231 0.033800 -1.560851
    73 0.120153 -0.050270 -0.054489 -2.854024 0.030688 -1.580508
    74 -0.139399 -0.111692 0.014400 0.285395 -0.031353 1.580313
    75 1.815922 -4.953960 0.956709 -1.247037 1.437608 -1.233843
    76 1.280673 -7.522364 1.257767 -1.247037 1.437608 -1.233843
    77 3.914122 -5.194223 1.336679 -1.102199 1.470090 -1.123171
    78 3.733238 -6.026484 1.177255 -1.247037 1.437608 -1.233843
    79 2.572266 -6.871094 2.244141 -0.148865 -1.070098 0.151247
    80 3.375796 17.859513 -1.855858 -1.537453 1.451804 -1.527224
  time 53
    0 1.629157 0.000000 0.541027 0.000000 0.000000 -1.570796
    1 -2.596510 9.699701 -10.474413 5.657406 -1.353684 -4.299882
    2 -0.009418 -10.698019 -0.002571 0.590037 -0.088366 -0.089198
    3 -0.652832 -3.626953 -0.348633 -1.107361 -0.060909 -0.152581
    4 -0.006990 -1.503228 0.002508 -1.179809 -0.000001 -0.000002
    5 0.001444 -0.954641 -0.007484 -1.228687 0.000000 0.000000
    6 0.007988 0.172186 -0.118553 -1.598091 -0.216549 -1.570593
    7 0.080660 0.135929 -0.203919 -1.506824 -0.066185 -1.662786
    8 0.117288 -0.155554 -0.604544 -1.412988 -0.374558 -1.569222
    9 0.127930 -3.761719 -0.348633 -0.873865 -0.036146 -0.178589
    10 -0.010696 -1.567259 0.006726 -1.223362 0.000000 -0.000003
    11 -0.006798 -1.156134 0.002748 -1.567260 0.000000 0.000000
    12 -0.018589 0.129951 -0.123721 -1.294580 0.001302 -1.635383
    13 -0.006160 0.170065 -0.110169 -1.280084 -0.068681 -1.597215
    14 0.047100 -0.104074 -0.352264 -1.243368 -0.257298 -1.694346
    15 0.949219 -3.619141 -0.348633 -0.197224 0.000005 0.130897
    16 -0.015404 -1.599609 -0.000001 -0.589916 0.000000 0.000000
    17 -0.006736 -0.941812 0.010971 -0.593400 0.000000 -0.000001
    18 -0.022325 0.045425 -0.038284 -1.125544 -0.129230 -1.681412
    19 -0.042901 -0.061274 -0.071212 -1.124462 -0.060454 -1.586099
    20 0.063741 -0.109104 -0.248158 -1.142813 -0.125805 -1.693583
    21 -1.403345 -3.245525 -0.342301 -1.174547 -0.118715 -0.146526
    22 0.010184 -1.202054 0.001971 -0.977365 -0.000003 -0.000007
    23 -0.013000 -0.789063 0.000000 -1.034973 0.000000 0.000000
    24 -0.011720 0.093267 0.017949 -1.687855 -0.079155 -1.575164
    25 0.048864 -0.085541 0.028626 -1.715605 -0.034569 -1.653190
    26 0.173918 -0.198414 -0.336163 -1.668104 -0.422317 -1.710956
    27 0.438974 -0.486320 0.392416 0.457988 -0.443911 -1.167613
    28 2.357422 0.016083 -0.000001 -0.304010 -0.029872 -0.496328
    29 1.250977 -0.000336 0.000002 0.000000 0.000000 -0.577698
    30 -0.267709 0.037512 -0.093907 2.913812 -0.143386 0.078467
    31 -0.029266 0.205410 -0.329287 2.788574 -0.255486 -0.188917
    32 0.204373 0.521055 -0.268577 2.886669 0.042206 -0.230367
    33 0.195697 -0.010059 -0.293538 -1.333586 0.150863 -1.672749
    34 1.257181 8.762590 -0.153713 -1.570562 0.002683 -1.566808
    35 -0.093500 -0.114213 -0.738866 -1.570842 0.061811 0.002096
    36 0.010843 0.093623 -0.081439 -3.141462 0.041719 -1.568236
    37 9.772506 -5.192195 -16.689293 -0.939061 0.710858 2.137634
    38 0.108654 -10.673144 -0.009359 0.812864 -0.407031 0.431128
    39 0.549521 -3.646670 -0.341066 -1.159897 -0.031141 -0.036746
    40 0.017872 -1.499734 0.001040 -0.602796 0.000001 -0.000004
    41 0.004232 -0.932386 -0.004582 -0.445243 -0.000002 -0.000001
    42 0.006928 0.005327 -0.181358 -1.528500 -0.248579 -1.611362
    43 -0.052313 0.038588 -0.230758 -1.592493 -0.043415 -1.528515
    44 -0.232600 -0.209658 -0.420670 -1.713790 -0.167173 -1.438930
    45 -0.218280 -3.741524 -0.346082 -0.967200 -0.000005 -0.000032
    46 0.023707 -1.578467 0.010076 0.489005 0.000031 -0.000009
    47 0.000478 -1.168640 0.000250 0.370736 0.000033 0.000030
    48 -0.038065 0.069166 -0.159882 -1.816986 0.066178 -1.575392
    49 -0.025151 0.088760 -0.068837 -1.817843 0.044510 -1.568287
    50 -0.102916 -0.186983 -0.272246 -1.833683 -0.232962 -1.472375
    51 -1.034178 -3.578138 -0.339254 -1.006163 0.000031 -0.000003
    52 0.001134 -1.606202 0.006277 -0.381089 0.000003 -0.000002
    53 0.009693 -0.949964 0.004417 -0.483900 0.000001 0.000001
    54 -0.004241 0.043707 -0.080202 -2.014997 -0.186996 -1.460723
    55 0.015383 -0.089136 -0.030009 -2.006083 0.036346 -1.568629
    56 -0.022610 -0.212358 -0.177904 -1.933161 -0.118801 -1.518895
    57 1.309013 -3.227547 -0.338302 -0.828465 -0.056242 -0.054371
    58 0.000596 -1.238418 0.006086 -0.697030 0.000004 0.000009
    59 0.003174 -0.774607 -0.004222 -0.637297 -0.000006 -0.000004
    60 -0.067138 0.063251 -0.010961 -0.899214 -0.014515 -1.600326
    61 -0.151180 -0.007395 -0.070065 -0.913061 -0.118819 -1.408558
    62 -0.178164 -0.244680 -0.357067 -1.159916 -0.384260 -1.556110
    63 -0.391451 -0.467570 0.383766 -0.123282 -0.683682 -2.846692
    64 2.472082 0.027427 0.001224 -0.093153 -0.047874 0.076376
    65 1.219513 0.013261 -0.005766 -0.001885 -0.249645 0.315299
    66 -0.263408 -0.117640 -0.015657 0.000036 -0.082210 -0.026800
    67 0.007707 -0.334360 -0.191576 0.070788 -0.181563 0.282364
    68 0.225562 -0.567923 -0.420715 0.119895 -0.183798 0.223460
    69 -0.203683 -0.095654 -0.328304 -1.745077 0.075142 -1.515382
    70 -1.393460 8.839182 -0.239440 1.580804 -0.005024 -1.566848
    71 0.036020 0.082814 -0.692656 -1.570769 0.065989 0.001276
    72 -0.088586 0.054019 -0.088595 0.010231 0.033800 -1.560851
    73 0.120153 -0.050270 -0.054489 -2.854024 0.030688 -1.580508
    74 -0.139399 -0.111692 0.014400 0.285395 -0.031353 1.580313
    75 1.815922 -4.953960 0.956709 -1.247037 1.437608 -1.233843
    76 1.280673 -7.522364 1.257767 -1.247037 1.437608 -1.233843
    77 3.914122 -5.194223 1.336679 -1.102199 1.470090 -1.123171
    78 3.733238 -6.026484 1.177255 -1.247037 1.437608 -1.233843
    79 2.572266 -6.871094 2.244141 -0.148865 -1.070098 0.151247
    80 3.375796 17.859513 -1.855858 -1.511615 1.451075 -1.501117
  time 54
    0 1.629157 0.000000 0.541027 0.000000 0.000000 -1.570796
    1 -2.920739 9.098120 -10.165810 5.756305 -1.373520 -4.359034
    2 -0.009418 -10.694113 -0.006478 0.540578 -0.089289 -0.098052
    3 -0.652832 -3.626953 -0.348633 -1.107361 -0.060909 -0.152581
    4 -0.006990 -1.503228 0.010321 -1.179809 -0.000001 -0.000002
    5 0.001444 -0.954641 -0.003577 -1.228687 0.000000 0.000000
    6 0.007988 0.172186 -0.118553 -1.598091 -0.216549 -1.570593
    7 0.080660 0.135929 -0.203919 -1.506824 -0.066185 -1.662786
    8 0.117288 -0.155554 -0.604544 -1.412988 -0.374558 -1.569222
    9 0.127930 -3.761719 -0.348633 -0.873865 -0.036146 -0.178589
    10 -0.010696 -1.567259 0.006726 -1.223362 0.000000 -0.000003
    11 -0.002891 -1.156134 0.006655 -1.567260 0.000000 0.000000
    12 -0.018589 0.129951 -0.123721 -1.294580 0.001302 -1.635383
    13 -0.006160 0.170065 -0.110169 -1.280084 -0.068681 -1.597215
    14 0.047100 -0.104074 -0.352264 -1.243368 -0.257298 -1.694346
    15 0.949219 -3.619141 -0.348633 -0.197224 0.000005 0.130897
    16 -0.015404 -1.599609 -0.000001 -0.589916 0.000000 0.000000
    17 -0.002829 -0.941812 0.010971 -0.593400 0.000000 -0.000001
    18 -0.022325 0.045425 -0.038284 -1.125544 -0.129230 -1.681412
    19 -0.042901 -0.061274 -0.071212 -1.124462 -0.060454 -1.586099
    20 0.063741 -0.109104 -0.248158 -1.142813 -0.125805 -1.693583
    21 -1.407252 -3.245525 -0.342301 -1.174547 -0.118715 -0.146526
    22 0.006278 -1.202054 0.001971 -0.977365 -0.000003 -0.000007
    23 -0.013000 -0.789063 0.000000 -1.034973 0.000000 0.000000
    24 -0.011720 0.093267 0.017949 -1.687855 -0.079155 -1.575164
    25 0.048864 -0.085541 0.028626 -1.715605 -0.034569 -1.653190
    26 0.173918 -0.198414 -0.336163 -1.668104 -0.422317 -1.710956
    27 0.438974 -0.494133 0.388510 0.457988 -0.443923 -1.167613
    28 2.357422 0.016083 -0.000001 -0.304010 -0.029872 -0.496328
    29 1.250977 -0.000336 0.000002 0.000000 0.000000 -0.577698
    30 -0.267709 0.037512 -0.093907 2.913812 -0.143386 0.078467
    31 -0.029266 0.205410 -0.329287 2.788574 -0.255486 -0.188917
    32 0.204373 0.521055 -0.268577 2.886669 0.042206 -0.230367
    33 0.195697 -0.010059 -0.293538 -1.333586 0.150863 -1.672749
    34 1.257181 8.762590 -0.153713 -1.570562 0.002683 -1.566808
    35 -0.093500 -0.114213 -0.738866 -1.570842 0.061811 0.002096
    36 0.010843 0.093623 -0.081439 -3.141462 0.041719 -1.568236
    37 10.131892 -2.883531 -16.544757 -0.825929 0.512094 2.259180
    38 0.100841 -10.673144 -0.005453 1.008125 -0.533936 0.119012
    39 0.549521 -3.650577 -0.337160 -0.963451 -0.034533 -0.031892
    40 0.021779 -1.503640 0.004947 -0.432584 0.000001 -0.000004
    41 0.008139 -0.932386 -0.004582 -0.421754 -0.000002 -0.000001
    42 0.006928 0.005327 -0.181358 -1.528500 -0.248579 -1.611362
    43 -0.052313 0.038588 -0.230758 -1.592493 -0.043415 -1.528515
    44 -0.232600 -0.209658 -0.420670 -1.713790 -0.167173 -1.438930
    45 -0.222187 -3.737618 -0.346082 -0.769341 -0.000005 -0.000032
    46 0.019801 -1.578467 0.010076 0.039086 0.000031 -0.000009
    47 0.000478 -1.176453 0.000250 -0.079720 0.000033 0.000030
    48 -0.038065 0.069166 -0.159882 -1.816986 0.066178 -1.575392
    49 -0.025151 0.088760 -0.068837 -1.817843 0.044510 -1.568287
    50 -0.102916 -0.186983 -0.272246 -1.833683 -0.232962 -1.472375
    51 -1.034178 -3.582044 -0.343160 -0.807831 0.000031 -0.000003
    52 0.001134 -1.606202 0.002371 -0.349424 0.000003 -0.000002
    53 0.009693 -0.949964 0.008323 -0.453615 0.000001 0.000001
    54 -0.004241 0.043707 -0.080202 -2.014997 -0.186996 -1.460723
    55 0.015383 -0.089136 -0.030009 -2.006083 0.036346 -1.568629
    56 -0.022610 -0.212358 -0.177904 -1.933161 -0.118801 -1.518895
    57 1.305107 -3.227547 -0.338302 -0.635909 -0.060808 -0.048080
    58 0.000596 -1.242324 0.006086 -0.542979 0.000004 0.000009
    59 0.003174 -0.774607 -0.004222 -0.632751 -0.000006 -0.000004
    60 -0.067138 0.063251 -0.010961 -0.899214 -0.014515 -1.600326
    61 -0.151180 -0.007395 -0.070065 -0.913061 -0.118819 -1.408558
    62 -0.178164 -0.244680 -0.357067 -1.159916 -0.384260 -1.556110
    63 -0.391451 -0.467570 0.383766 -0.150496 -0.526608 -2.787130
    64 2.468175 0.027427 0.005130 -0.091344 -0.051278 0.039512
    65 1.223420 0.013261 -0.005766 0.009189 -0.148633 0.176633
    66 -0.263408 -0.117640 -0.015657 0.000036 -0.082210 -0.026800
    67 0.007707 -0.334360 -0.191576 0.070788 -0.181563 0.282364
    68 0.225562 -0.567923 -0.420715 0.119895 -0.183798 0.223460
    69 -0.203683 -0.095654 -0.328304 -1.745077 0.075142 -1.515382
    70 -1.393460 8.839182 -0.239440 1.580804 -0.005024 -1.566848
    71 0.036020 0.082814 -0.692656 -1.570769 0.065989 0.001276
    72 -0.088586 0.054019 -0.088595 0.010231 0.033800 -1.560851
    73 0.120153 -0.050270 -0.054489 -2.854024 0.030688 -1.580508
    74 -0.139399 -0.111692 0.014400 0.285395 -0.031353 1.580313
    75 1.815922 -4.953960 0.956709 -1.247037 1.437608 -1.233843
    76 1.280673 -7.522364 1.257767 -1.247037 1.437608 -1.233843
    77 3.914122 -5.194223 1.336679 -1.102199 1.470090 -1.123171
    78 3.733238 -6.026484 1.177255 -1.247037 1.437608 -1.233843
    79 2.572266 -6.871094 2.244141 -0.148865 -1.070098 0.151247
    80 3.375796 17.851701 -1.848045 -1.470310 1.449665 -1.459493
  time 55
    0 1.629157 0.000000 0.541027 0.000000 0.000000 -1.570796
    1 -3.162933 8.715296 -9.986117 5.849980 -1.387651 -4.420104
    2 -0.001605 -10.701926 -0.006478 0.491538 -0.089870 -0.107721
    3 -0.652832 -3.626953 -0.348633 -1.107361 -0.060909 -0.152581
    4 -0.006990 -1.503228 0.002508 -1.179809 -0.000001 -0.000002
    5 0.001444 -0.954641 -0.011390 -1.228687 0.000000 0.000000
    6 0.007988 0.172186 -0.118553 -1.598091 -0.216549 -1.570593
    7 0.080660 0.135929 -0.203919 -1.506824 -0.066185 -1.662786
    8 0.117288 -0.155554 -0.604544 -1.412988 -0.374558 -1.569222
    9 0.127930 -3.761719 -0.348633 -0.873865 -0.036146 -0.178589
    10 -0.010696 -1.567259 0.006726 -1.223438 0.000000 -0.000003
    11 -0.006798 -1.156134 0.002748 -1.567260 0.000000 0.000000
    12 -0.018589 0.129951 -0.123721 -1.294580 0.001302 -1.635383
    13 -0.006160 0.170065 -0.110169 -1.280084 -0.068681 -1.597215
    14 0.047100 -0.104074 -0.352264 -1.243368 -0.257298 -1.694346
    15 0.949219 -3.619141 -0.348633 -0.197224 0.000005 0.130897
    16 -0.015404 -1.599609 -0.000001 -0.589916 0.000000 0.000000
    17 -0.006736 -0.941812 0.007065 -0.593400 0.000000 -0.000001
    18 -0.022325 0.045425 -0.038284 -1.125544 -0.129230 -1.681412
    19 -0.042901 -0.061274 -0.071212 -1.124462 -0.060454 -1.586099
    20 0.063741 -0.109104 -0.248158 -1.142813 -0.125805 -1.693583
    21 -1.403345 -3.245525 -0.342301 -1.174547 -0.118715 -0.146526
    22 0.010184 -1.202054 0.009783 -0.977365 -0.000003 -0.000007
    23 -0.013000 -0.789063 0.000000 -1.034973 0.000000 0.000000
    24 -0.011720 0.093267 0.017949 -1.687855 -0.079155 -1.575164
    25 0.048864 -0.085541 0.028626 -1.715605 -0.034569 -1.653190
    26 0.173918 -0.198414 -0.336163 -1.668104 -0.422317 -1.710956
    27 0.446787 -0.490226 0.392416 0.457988 -0.443923 -1.167613
    28 2.357422 0.016083 -0.000001 -0.304010 -0.029872 -0.496328
    29 1.250977 -0.000336 0.000002 0.000000 0.000000 -0.577698
    30 -0.267709 0.037512 -0.093907 2.913812 -0.143386 0.078467
    31 -0.029266 0.205410 -0.329287 2.788574 -0.255486 -0.188917
    32 0.204373 0.521055 -0.268577 2.886669 0.042206 -0.230367
    33 0.195697 -0.010059 -0.293538 -1.333586 0.150863 -1.672749
    34 1.257181 8.762590 -0.153713 -1.570562 0.002683 -1.566808
    35 -0.093500 -0.114213 -0.738866 -1.570842 0.061811 0.002096
    36 0.010843 0.093623 -0.081439 -3.141462 0.041719 -1.568236
    37 10.514717 -1.098320 -16.337719 -0.772426 0.345026 2.313465
    38 0.104748 -10.673144 -0.009359 1.163934 -0.556345 -0.088295
    39 0.545615 -3.642764 -0.341066 -0.721888 -0.041053 -0.026176
    40 0.021779 -1.507546 0.001040 -0.207117 0.000001 -0.000004
    41 0.004232 -0.928479 -0.004582 -0.406505 -0.000002 -0.000001
    42 0.006928 0.005327 -0.181358 -1.528500 -0.248579 -1.611362
    43 -0.052313 0.038588 -0.230758 -1.592493 -0.043415 -1.528515
    44 -0.232600 -0.209658 -0.420670 -1.713790 -0.167173 -1.438930
    45 -0.222187 -3.737618 -0.346082 -0.530582 -0.000005 -0.000032
    46 0.023707 -1.578467 0.010076 -0.414278 0.000031 -0.000009
    47 0.008291 -1.172547 0.000250 -0.535328 0.000033 0.000030
    48 -0.038065 0.069166 -0.159882 -1.816986 0.066178 -1.575392
    49 -0.025151 0.088760 -0.068837 -1.817843 0.044510 -1.568287
    50 -0.102916 -0.186983 -0.272246 -1.833683 -0.232962 -1.472375
    51 -1.034178 -3.574231 -0.343160 -0.564615 0.000031 -0.000003
    52 0.005040 -1.606202 0.002371 -0.324616 0.000003 -0.000002
    53 0.005787 -0.949964 0.008323 -0.432221 0.000001 0.000001
    54 -0.004241 0.043707 -0.080202 -2.014997 -0.186996 -1.460723
    55 0.015383 -0.089136 -0.030009 -2.006083 0.036346 -1.568629
    56 -0.022610 -0.212358 -0.177904 -1.933161 -0.118801 -1.518895
    57 1.305107 -3.227547 -0.338302 -0.399690 -0.069497 -0.040763
    58 0.000596 -1.242324 0.006086 -0.329834 0.000004 0.000009
    59 0.007081 -0.778514 -0.000316 -0.628205 -0.000006 -0.000004
    60 -0.067138 0.063251 -0.010961 -0.899214 -0.014515 -1.600326
    61 -0.151180 -0.007395 -0.070065 -0.913061 -0.118819 -1.408558
    62 -0.178164 -0.244680 -0.357067 -1.159916 -0.384260 -1.556110
    63 -0.391451 -0.467570 0.379860 -0.186992 -0.318200 -2.710735
    64 2.468175 0.027427 0.005130 -0.090169 -0.053255 0.017437
    65 1.223420 0.013261 -0.005766 -0.000003 -0.000017 0.016931
    66 -0.263408 -0.117640 -0.015657 0.000036 -0.082210 -0.026800
    67 0.007707 -0.334360 -0.191576 0.070788 -0.181563 0.282364
    68 0.225562 -0.567923 -0.420715 0.119895 -0.183798 0.223460
    69 -0.203683 -0.095654 -0.328304 -1.745077 0.075142 -1.515382
    70 -1.393460 8.839182 -0.239440 1.580804 -0.005024 -1.566848
    71 0.036020 0.082814 -0.692656 -1.570769 0.065989 0.001276
    72 -0.088586 0.054019 -0.088595 0.010231 0.033800 -1.560851
    73 0.120153 -0.050270 -0.054489 -2.854024 0.030688 -1.580508
    74 -0.139399 -0.111692 0.014400 0.285395 -0.031353 1.580313
    75 1.815922 -4.953960 0.956709 -1.247037 1.437608 -1.233843
    76 1.280673 -7.522364 1.257767 -1.247037 1.437608 -1.233843
    77 3.914122 -5.194223 1.336679 -1.102199 1.470090 -1.123171
    78 3.733238 -6.026484 1.177255 -1.247037 1.437608 -1.233843
    79 2.572266 -6.871094 2.244141 -0.148865 -1.070098 0.151247
    80 3.375796 17.855607 -1.848045 -1.420916 1.447769 -1.409530
  time 56
    0 1.629157 0.000000 0.541027 0.000000 0.000000 -1.570796
    1 -3.315282 8.562947 -9.950959 5.927065 -1.395946 -4.473503
    2 -0.009418 -10.701926 -0.002571 0.445608 -0.090246 -0.117326
    3 -0.652832 -3.626953 -0.348633 -1.107361 -0.060909 -0.152581
    4 -0.006990 -1.503228 0.002508 -1.179809 -0.000001 -0.000002
    5 0.001444 -0.954641 -0.007484 -1.228687 0.000000 0.000000
    6 0.007988 0.172186 -0.118553 -1.598091 -0.216549 -1.570593
    7 0.080660 0.135929 -0.203919 -1.506824 -0.066185 -1.662786
    8 0.117288 -0.155554 -0.604544 -1.412988 -0.374558 -1.569222
    9 0.127930 -3.761719 -0.348633 -0.873865 -0.036146 -0.178589
    10 -0.010696 -1.567259 0.006726 -1.223438 0.000000 -0.000003
    11 -0.006798 -1.156134 0.002748 -1.567260 0.000000 0.000000
    12 -0.018589 0.129951 -0.123721 -1.294580 0.001302 -1.635383
    13 -0.006160 0.170065 -0.110169 -1.280084 -0.068681 -1.597215
    14 0.047100 -0.104074 -0.352264 -1.243368 -0.257298 -1.694346
    15 0.949219 -3.619141 -0.348633 -0.197224 0.000005 0.130897
    16 -0.015404 -1.599609 -0.000001 -0.589916 0.000000 0.000000
    17 -0.002829 -0.941812 0.007065 -0.593400 0.000000 -0.000001
    18 -0.022325 0.045425 -0.038284 -1.125544 -0.129230 -1.681412
    19 -0.042901 -0.061274 -0.071212 -1.124462 -0.060454 -1.586099
    20 0.063741 -0.109104 -0.248158 -1.142813 -0.125805 -1.693583
    21 -1.403345 -3.245525 -0.342301 -1.174547 -0.118715 -0.146526
    22 0.006278 -1.202054 0.001971 -0.977365 -0.000003 -0.000007
    23 -0.013000 -0.789063 0.000000 -1.034973 0.000000 0.000000
    24 -0.011720 0.093267 0.017949 -1.687855 -0.079155 -1.575164
    25 0.048864 -0.085541 0.028626 -1.715605 -0.034569 -1.653190
    26 0.173918 -0.198414 -0.336163 -1.668104 -0.422317 -1.710956
    27 0.442881 -0.490226 0.392416 0.457988 -0.443923 -1.167613
    28 2.357422 0.016083 -0.000001 -0.304010 -0.029872 -0.496328
    29 1.250977 -0.000336 0.000002 0.000000 0.000000 -0.577698
    30 -0.267709 0.037512 -0.093907 2.913812 -0.143386 0.078467
    31 -0.029266 0.205410 -0.329287 2.788574 -0.255486 -0.188917
    32 0.204373 0.521055 -0.268577 2.886669 0.042206 -0.230367
    33 0.195697 -0.010059 -0.293538 -1.333586 0.150863 -1.672749
    34 1.257181 8.762590 -0.153713 -1.570562 0.002683 -1.566808
    35 -0.093500 -0.114213 -0.738866 -1.570842 0.061811 0.002096
    36 0.010843 0.093623 -0.081439 -3.141462 0.041719 -1.568236
    37 10.971762 -0.102196 -16.048648 -0.762759 0.301377 2.310126
    38 0.104748 -10.673144 -0.009359 1.176143 -0.395958 0.104163
    39 0.553428 -3.646670 -0.344972 -1.129350 -0.026012 -0.041792
    40 0.017872 -1.499734 0.001040 -0.607707 0.000001 -0.000004
    41 0.008139 -0.928479 -0.008488 -0.417113 -0.000002 -0.000001
    42 0.006928 0.005327 -0.181358 -1.528500 -0.248579 -1.611362
    43 -0.052313 0.038588 -0.230758 -1.592493 -0.043415 -1.528515
    44 -0.232600 -0.209658 -0.420670 -1.713790 -0.167173 -1.438930
    45 -0.218280 -3.737618 -0.342176 -0.971919 -0.000005 -0.000032
    46 0.023707 -1.582373 0.006169 -0.392845 0.000031 -0.000009
    47 0.008291 -1.172547 0.004156 -0.519401 0.000033 0.000030
    48 -0.038065 0.069166 -0.159882 -1.816986 0.066178 -1.575392
    49 -0.025151 0.088760 -0.068837 -1.817843 0.044510 -1.568287
    50 -0.102916 -0.186983 -0.272246 -1.833683 -0.232962 -1.472375
    51 -1.030272 -3.582044 -0.343160 -0.968087 0.000031 -0.000003
    52 0.001134 -1.606202 0.002371 -0.317997 0.000003 -0.000002
    53 0.001880 -0.949964 0.004417 -0.437071 0.000001 0.000001
    54 -0.004241 0.043707 -0.080202 -2.014997 -0.186996 -1.460723
    55 0.015383 -0.089136 -0.030009 -2.006083 0.036346 -1.568629
    56 -0.022610 -0.212358 -0.177904 -1.933161 -0.118801 -1.518895
    57 1.305107 -3.227547 -0.338302 -0.825759 -0.048500 -0.062243
    58 0.000596 -1.238418 0.009992 -0.748561 0.000004 0.000009
    59 0.003174 -0.774607 -0.004222 -0.615495 -0.000006 -0.000004
    60 -0.067138 0.063251 -0.010961 -0.899214 -0.014515 -1.600326
    61 -0.151180 -0.007395 -0.070065 -0.913061 -0.118819 -1.408558
    62 -0.178164 -0.244680 -0.357067 -1.159916 -0.384260 -1.556110
    63 -0.387544 -0.467570 0.379860 -0.014443 -0.679679 -2.924791
    64 2.468175 0.027427 0.005130 -0.090984 -0.051877 0.032963
    65 1.223420 0.013261 -0.005766 0.006684 -0.371405 0.264393
    66 -0.263408 -0.117640 -0.015657 0.000036 -0.082210 -0.026800
    67 0.007707 -0.334360 -0.191576 0.070788 -0.181563 0.282364
    68 0.225562 -0.567923 -0.420715 0.119895 -0.183798 0.223460
    69 -0.203683 -0.095654 -0.328304 -1.745077 0.075142 -1.515382
    70 -1.393460 8.839182 -0.239440 1.580804 -0.005024 -1.566848
    71 0.036020 0.082814 -0.692656 -1.570769 0.065989 0.001276
    72 -0.088586 0.054019 -0.088595 0.010231 0.033800 -1.560851
    73 0.120153 -0.050270 -0.054489 -2.854024 0.030688 -1.580508
    74 -0.139399 -0.111692 0.014400 0.285395 -0.031353 1.580313
    75 1.815922 -4.953960 0.956709 -1.247037 1.437608 -1.233843
    76 1.280673 -7.522364 1.257767 -1.247037 1.437608 -1.233843
    77 3.914122 -5.194223 1.336679 -1.102199 1.470090 -1.123171
    78 3.733238 -6.026484 1.177255 -1.247037 1.437608 -1.233843
    79 2.572266 -6.871094 2.244141 -0.148865 -1.070098 0.151247
    80 3.375796 17.859513 -1.851951 -1.369276 1.445241 -1.357433
  time 57
    0 1.629157 0.000000 0.541027 0.000000 0.000000 -1.570796
    1 -3.401222 8.617637 -10.029087 6.012032 -1.382561 -4.535723
    2 -0.001605 -10.701926 -0.006478 0.405379 -0.090588 -0.126243
    3 -0.652832 -3.626953 -0.348633 -1.107361 -0.060909 -0.152581
    4 -0.006990 -1.507134 0.002508 -1.179809 -0.000001 -0.000002
    5 0.001444 -0.954641 -0.003577 -1.228687 0.000000 0.000000
    6 0.007988 0.172186 -0.118553 -1.598091 -0.216549 -1.570593
    7 0.080660 0.135929 -0.203919 -1.506824 -0.066185 -1.662786
    8 0.117288 -0.155554 -0.604544 -1.412988 -0.374558 -1.569222
    9 0.127930 -3.761719 -0.348633 -0.873865 -0.036146 -0.178589
    10 -0.006790 -1.567259 0.006726 -1.223362 0.000000 -0.000003
    11 -0.002891 -1.156134 0.002748 -1.567260 0.000000 0.000000
    12 -0.018589 0.129951 -0.123721 -1.294580 0.001302 -1.635383
    13 -0.006160 0.170065 -0.110169 -1.280084 -0.068681 -1.597215
    14 0.047100 -0.104074 -0.352264 -1.243368 -0.257298 -1.694346
    15 0.949219 -3.619141 -0.348633 -0.197224 0.000005 0.130897
    16 -0.015404 -1.599609 -0.000001 -0.589916 0.000000 0.000000
    17 -0.002829 -0.941812 0.007065 -0.593400 0.000000 -0.000001
    18 -0.022325 0.045425 -0.038284 -1.125544 -0.129230 -1.681412
    19 -0.042901 -0.061274 -0.071212 -1.124462 -0.060454 -1.586099
    20 0.063741 -0.109104 -0.248158 -1.142813 -0.125805 -1.693583
    21 -1.403345 -3.245525 -0.338395 -1.174547 -0.118715 -0.146526
    22 0.010184 -1.202054 0.005877 -0.977365 -0.000003 -0.000007
    23 -0.013000 -0.789063 0.000000 -1.034973 0.000000 0.000000
    24 -0.011720 0.093267 0.017949 -1.687855 -0.079155 -1.575164
    25 0.048864 -0.085541 0.028626 -1.715605 -0.034569 -1.653190
    26 0.173918 -0.198414 -0.336163 -1.668104 -0.422317 -1.710956
    27 0.438974 -0.490226 0.388510 0.457988 -0.443911 -1.167613
    28 2.357422 0.016083 -0.000001 -0.304010 -0.029872 -0.496328
    29 1.250977 -0.000336 0.000002 0.000000 0.000000 -0.577698
    30 -0.267709 0.037512 -0.093907 2.913812 -0.143386 0.078467
    31 -0.029266 0.205410 -0.329287 2.788574 -0.255486 -0.188917
    32 0.204373 0.521055 -0.268577 2.886669 0.042206 -0.230367
    33 0.195697 -0.010059 -0.293538 -1.333586 0.150863 -1.672749
    34 1.257181 8.762590 -0.153713 -1.570562 0.002683 -1.566808
    35 -0.093500 -0.114213 -0.738866 -1.570842 0.061811 0.002096
    36 0.010843 0.093623 -0.081439 -3.141462 0.041719 -1.568236
    37 11.463964 0.370475 -15.700981 -0.765726 0.275014 2.287324
    38 0.108654 -10.673144 -0.009359 1.116270 -0.239477 0.350519
    39 0.549521 -3.650577 -0.341066 -1.285152 -0.022620 -0.048563
    40 0.017872 -1.507546 0.001040 -0.705863 0.000001 -0.000004
    41 0.004232 -0.928479 -0.004582 -0.460303 -0.000002 -0.000001
    42 0.006928 0.005327 -0.181358 -1.528500 -0.248579 -1.611362
    43 -0.052313 0.038588 -0.230758 -1.592493 -0.043415 -1.528515
    44 -0.232600 -0.209658 -0.420670 -1.713790 -0.167173 -1.438930
    45 -0.218280 -3.737618 -0.346082 -1.187548 -0.000005 -0.000032
    46 0.019801 -1.578467 0.010076 -0.380310 0.000031 -0.000009
    47 0.004385 -1.172547 0.000250 -0.516777 0.000033 0.000030
    48 -0.038065 0.069166 -0.159882 -1.816986 0.066178 -1.575392
    49 -0.025151 0.088760 -0.068837 -1.817843 0.044510 -1.568287
    50 -0.102916 -0.186983 -0.272246 -1.833683 -0.232962 -1.472375
    51 -1.026365 -3.582044 -0.347066 -1.118429 0.000031 -0.000003
    52 0.001134 -1.606202 0.006277 -0.333663 0.000003 -0.000002
    53 0.005787 -0.949964 0.008323 -0.474632 0.000001 0.000001
    54 -0.004241 0.043707 -0.080202 -2.014997 -0.186996 -1.460723
    55 0.015383 -0.089136 -0.030009 -2.006083 0.036346 -1.568629
    56 -0.022610 -0.212358 -0.177904 -1.933161 -0.118801 -1.518895
    57 1.305107 -3.227547 -0.342208 -1.009468 -0.043370 -0.072924
    58 0.000596 -1.242324 0.002180 -0.851373 0.000004 0.000009
    59 0.003174 -0.774607 -0.000316 -0.589889 -0.000006 -0.000004
    60 -0.067138 0.063251 -0.010961 -0.899214 -0.014515 -1.600326
    61 -0.151180 -0.007395 -0.070065 -0.913061 -0.118819 -1.408558
    62 -0.178164 -0.244680 -0.357067 -1.159916 -0.384260 -1.556110
    63 -0.395357 -0.467570 0.379860 0.047393 -0.763495 -2.997175
    64 2.472082 0.027427 0.005130 -0.095251 -0.043572 0.121697
    65 1.223420 0.013261 -0.005766 -0.018220 -0.498319 0.371749
    66 -0.263408 -0.117640 -0.015657 0.000036 -0.082210 -0.026800
    67 0.007707 -0.334360 -0.191576 0.070788 -0.181563 0.282364
    68 0.225562 -0.567923 -0.420715 0.119895 -0.183798 0.223460
    69 -0.203683 -0.095654 -0.328304 -1.745077 0.075142 -1.515382
    70 -1.393460 8.839182 -0.239440 1.580804 -0.005024 -1.566848
    71 0.036020 0.082814 -0.692656 -1.570769 0.065989 0.001276
    72 -0.088586 0.054019 -0.088595 0.010231 0.033800 -1.560851
    73 0.120153 -0.050270 -0.054489 -2.854024 0.030688 -1.580508
    74 -0.139399 -0.111692 0.014400 0.285395 -0.031353 1.580313
    75 1.815922 -4.953960 0.956709 -1.247037 1.437608 -1.233843
    76 1.280673 -7.522364 1.257767 -1.247037 1.437608 -1.233843
    77 3.914122 -5.194223 1.336679 -1.102199 1.470090 -1.123171
    78 3.733238 -6.026484 1.177255 -1.247037 1.437608 -1.233843
    79 2.572266 -6.871094 2.244141 -0.148865 -1.070098 0.151247
    80 3.379703 17.859513 -1.855858 -1.321628 1.442567 -1.309293
  time 58
    0 1.629157 0.000000 0.541027 0.000000 0.000000 -1.570796
    1 -3.455911 8.766079 -10.177529 5.905800 -1.329416 -4.471298
    2 -0.001605 -10.701926 -0.002571 0.373344 -0.090793 -0.133552
    3 -0.652832 -3.626953 -0.348633 -1.107361 -0.060909 -0.152581
    4 -0.003083 -1.507134 0.002508 -1.179809 -0.000001 -0.000002
    5 0.001444 -0.954641 -0.003577 -1.228687 0.000000 0.000000
    6 0.007988 0.172186 -0.118553 -1.598091 -0.216549 -1.570593
    7 0.080660 0.135929 -0.203919 -1.506824 -0.066185 -1.662786
    8 0.117288 -0.155554 -0.604544 -1.412988 -0.374558 -1.569222
    9 0.127930 -3.761719 -0.348633 -0.873865 -0.036146 -0.178589
    10 -0.006790 -1.567259 0.002820 -1.223438 0.000000 -0.000003
    11 -0.006798 -1.156134 0.010561 -1.567260 0.000000 0.000000
    12 -0.018589 0.129951 -0.123721 -1.294580 0.001302 -1.635383
    13 -0.006160 0.170065 -0.110169 -1.280084 -0.068681 -1.597215
    14 0.047100 -0.104074 -0.352264 -1.243368 -0.257298 -1.694346
    15 0.949219 -3.619141 -0.348633 -0.197224 0.000005 0.130897
    16 -0.015404 -1.599609 -0.000001 -0.589916 0.000000 0.000000
    17 -0.006736 -0.941812 0.010971 -0.593400 0.000000 -0.000001
    18 -0.022325 0.045425 -0.038284 -1.125544 -0.129230 -1.681412
    19 -0.042901 -0.061274 -0.071212 -1.124462 -0.060454 -1.586099
    20 0.063741 -0.109104 -0.248158 -1.142813 -0.125805 -1.693583
    21 -1.399439 -3.245525 -0.338395 -1.174547 -0.118715 -0.146526
    22 0.010184 -1.202054 0.005877 -0.977365 -0.000003 -0.000007
    23 -0.013000 -0.789063 0.000000 -1.034973 0.000000 0.000000
    24 -0.011720 0.093267 0.017949 -1.687855 -0.079155 -1.575164
    25 0.048864 -0.085541 0.028626 -1.715605 -0.034569 -1.653190
    26 0.173918 -0.198414 -0.336163 -1.668104 -0.422317 -1.710956
    27 0.446787 -0.490226 0.396323 0.457988 -0.443911 -1.167613
    28 2.357422 0.016083 -0.000001 -0.304010 -0.029872 -0.496328
    29 1.250977 -0.000336 0.000002 0.000000 0.000000 -0.577698
    30 -0.267709 0.037512 -0.093907 2.913812 -0.143386 0.078467
    31 -0.029266 0.205410 -0.329287 2.788574 -0.255486 -0.188917
    32 0.204373 0.521055 -0.268577 2.886669 0.042206 -0.230367
    33 0.195697 -0.010059 -0.293538 -1.333586 0.150863 -1.672749
    34 1.257181 8.762590 -0.153713 -1.570562 0.002683 -1.566808
    35 -0.093500 -0.114213 -0.738866 -1.570842 0.061811 0.002096
    36 0.010843 0.093623 -0.081439 -3.141462 0.041719 -1.568236
    37 11.987418 0.335317 -15.286906 -0.774723 0.261322 2.256985
    38 0.100841 -10.669237 -0.009359 0.987704 -0.280054 0.332135
    39 0.549521 -3.646670 -0.337160 -1.282212 -0.023411 -0.047508
    40 0.021779 -1.503640 0.004947 -0.624293 0.000001 -0.000004
    41 0.008139 -0.928479 -0.008488 -0.522057 -0.000002 -0.000001
    42 0.006928 0.005327 -0.181358 -1.528500 -0.248579 -1.611362
    43 -0.052313 0.038588 -0.230758 -1.592493 -0.043415 -1.528515
    44 -0.232600 -0.209658 -0.420670 -1.713790 -0.167173 -1.438930
    45 -0.214374 -3.737618 -0.342176 -1.250588 -0.000005 -0.000032
    46 0.015894 -1.578467 0.006169 -0.372655 0.000031 -0.000009
    47 0.004385 -1.172547 0.004156 -0.521837 0.000033 0.000030
    48 -0.038065 0.069166 -0.159882 -1.816986 0.066178 -1.575392
    49 -0.025151 0.088760 -0.068837 -1.817843 0.044510 -1.568287
    50 -0.102916 -0.186983 -0.272246 -1.833683 -0.232962 -1.472375
    51 -1.026365 -3.582044 -0.339254 -1.109441 0.000031 -0.000003
    52 0.005040 -1.606202 0.006277 -0.362090 0.000003 -0.000002
    53 0.005787 -0.949964 0.008323 -0.531053 0.000001 0.000001
    54 -0.004241 0.043707 -0.080202 -2.014997 -0.186996 -1.460723
    55 0.015383 -0.089136 -0.030009 -2.006083 0.036346 -1.568629
    56 -0.022610 -0.212358 -0.177904 -1.933161 -0.118801 -1.518895
    57 1.309013 -3.227547 -0.338302 -1.035645 -0.043814 -0.073260
    58 0.000596 -1.238418 0.006086 -0.766223 0.000004 0.000009
    59 0.003174 -0.774607 -0.004222 -0.556676 -0.000006 -0.000004
    60 -0.067138 0.063251 -0.010961 -0.899214 -0.014515 -1.600326
    61 -0.151180 -0.007395 -0.070065 -0.913061 -0.118819 -1.408558
    62 -0.178164 -0.244680 -0.357067 -1.159916 -0.384260 -1.556110
    63 -0.387544 -0.467570 0.383766 -0.014093 -0.697243 -2.930319
    64 2.468175 0.027427 0.005130 -0.099697 -0.032030 0.239618
    65 1.219513 0.013261 -0.005766 -0.017573 -0.475983 0.372619
    66 -0.263408 -0.117640 -0.015657 0.000036 -0.082210 -0.026800
    67 0.007707 -0.334360 -0.191576 0.070788 -0.181563 0.282364
    68 0.225562 -0.567923 -0.420715 0.119895 -0.183798 0.223460
    69 -0.203683 -0.095654 -0.328304 -1.745077 0.075142 -1.515382
    70 -1.393460 8.839182 -0.239440 1.580804 -0.005024 -1.566848
    71 0.036020 0.082814 -0.692656 -1.570769 0.065989 0.001276
    72 -0.088586 0.054019 -0.088595 0.010231 0.033800 -1.560851
    73 0.120153 -0.050270 -0.054489 -2.854024 0.030688 -1.580508
    74 -0.139399 -0.111692 0.014400 0.285395 -0.031353 1.580313
    75 1.815922 -4.953960 0.956709 -1.247037 1.437608 -1.233843
    76 1.280673 -7.522364 1.257767 -1.247037 1.437608 -1.233843
    77 3.914122 -5.194223 1.336679 -1.102199 1.470090 -1.123171
    78 3.733238 -6.026484 1.177255 -1.247037 1.437608 -1.233843
    79 2.572266 -6.871094 2.244141 -0.148865 -1.070098 0.151247
    80 3.383609 17.859513 -1.851951 -1.282711 1.440136 -1.269880
  time 59
    0 1.629157 0.000000 0.541027 0.000000 0.000000 -1.570796
    1 -3.475443 9.019993 -10.388473 5.792052 -1.269820 -4.417803
    2 -0.005512 -10.701926 -0.002571 0.352267 -0.090998 -0.138522
    3 -0.652832 -3.626953 -0.348633 -1.107361 -0.060909 -0.152581
    4 -0.006990 -1.503228 0.002508 -1.179809 -0.000001 -0.000002
    5 0.005351 -0.954641 -0.007484 -1.228687 0.000000 0.000000
    6 0.007988 0.172186 -0.118553 -1.598091 -0.216549 -1.570593
    7 0.080660 0.135929 -0.203919 -1.506824 -0.066185 -1.662786
    8 0.117288 -0.155554 -0.604544 -1.412988 -0.374558 -1.569222
    9 0.127930 -3.761719 -0.348633 -0.873865 -0.036146 -0.178589
    10 -0.006790 -1.571166 0.006726 -1.223362 0.000000 -0.000003
    11 -0.010704 -1.156134 0.010561 -1.567260 0.000000 0.000000
    12 -0.018589 0.129951 -0.123721 -1.294580 0.001302 -1.635383
    13 -0.006160 0.170065 -0.110169 -1.280084 -0.068681 -1.597215
    14 0.047100 -0.104074 -0.352264 -1.243368 -0.257298 -1.694346
    15 0.949219 -3.619141 -0.348633 -0.197224 0.000005 0.130897
    16 -0.015404 -1.599609 -0.000001 -0.589916 0.000000 0.000000
    17 -0.002829 -0.941812 0.007065 -0.593400 0.000000 -0.000001
    18 -0.022325 0.045425 -0.038284 -1.125544 -0.129230 -1.681412
    19 -0.042901 -0.061274 -0.071212 -1.124462 -0.060454 -1.586099
    20 0.063741 -0.109104 -0.248158 -1.142813 -0.125805 -1.693583
    21 -1.403345 -3.245525 -0.338395 -1.174547 -0.118715 -0.146526
    22 0.010184 -1.202054 0.009783 -0.977365 -0.000003 -0.000007
    23 -0.013000 -0.789063 0.000000 -1.034973 0.000000 0.000000
    24 -0.011720 0.093267 0.017949 -1.687855 -0.079155 -1.575164
    25 0.048864 -0.085541 0.028626 -1.715605 -0.034569 -1.653190
    26 0.173918 -0.198414 -0.336163 -1.668104 -0.422317 -1.710956
    27 0.446787 -0.490226 0.392416 0.457988 -0.443923 -1.167613
    28 2.357422 0.016083 -0.000001 -0.304010 -0.029872 -0.496328
    29 1.250977 -0.000336 0.000002 0.000000 0.000000 -0.577698
    30 -0.267709 0.037512 -0.093907 2.913812 -0.143386 0.078467
    31 -0.029266 0.205410 -0.329287 2.788574 -0.255486 -0.188917
    32 0.204373 0.521055 -0.268577 2.886669 0.042206 -0.230367
    33 0.195697 -0.010059 -0.293538 -1.333586 0.150863 -1.672749
    34 1.257181 8.762590 -0.153713 -1.570562 0.002683 -1.566808
    35 -0.093500 -0.114213 -0.738866 -1.570842 0.061811 0.002096
    36 0.010843 0.093623 -0.081439 -3.141462 0.041719 -1.568236
    37 12.534309 -0.219387 -14.829861 -0.784390 0.255951 2.230749
    38 0.100841 -10.673144 -0.009359 0.814428 -0.388360 0.266247
    39 0.545615 -3.650577 -0.341066 -1.212555 -0.025748 -0.043421
    40 0.017872 -1.499734 0.001040 -0.485399 0.000001 -0.000004
    41 0.008139 -0.928479 -0.004582 -0.588452 -0.000002 -0.000001
    42 0.006928 0.005327 -0.181358 -1.528500 -0.248579 -1.611362
    43 -0.052313 0.038588 -0.230758 -1.592493 -0.043415 -1.528515
    44 -0.232600 -0.209658 -0.420670 -1.713790 -0.167173 -1.438930
    45 -0.222187 -3.737618 -0.342176 -1.234624 -0.000005 -0.000032
    46 0.023707 -1.578467 0.006169 -0.366531 0.000031 -0.000009
    47 0.004385 -1.172547 0.000250 -0.529051 0.000033 0.000030
    48 -0.038065 0.069166 -0.159882 -1.816986 0.066178 -1.575392
    49 -0.025151 0.088760 -0.068837 -1.817843 0.044510 -1.568287
    50 -0.102916 -0.186983 -0.272246 -1.833683 -0.232962 -1.472375
    51 -1.026365 -3.578138 -0.343160 -1.035196 0.000031 -0.000003
    52 0.001134 -1.610108 0.006277 -0.393612 0.000003 -0.000002
    53 0.009693 -0.949964 0.004417 -0.592272 0.000001 0.000001
    54 -0.004241 0.043707 -0.080202 -2.014997 -0.186996 -1.460723
    55 0.015383 -0.089136 -0.030009 -2.006083 0.036346 -1.568629
    56 -0.022610 -0.212358 -0.177904 -1.933161 -0.118801 -1.518895
    57 1.305107 -3.227547 -0.338302 -0.989015 -0.046079 -0.068988
    58 0.000596 -1.238418 0.006086 -0.621314 0.000004 0.000009
    59 0.007081 -0.774607 -0.004222 -0.521700 -0.000006 -0.000004
    60 -0.067138 0.063251 -0.010961 -0.899214 -0.014515 -1.600326
    61 -0.151180 -0.007395 -0.070065 -0.913061 -0.118819 -1.408558
    62 -0.178164 -0.244680 -0.357067 -1.159916 -0.384260 -1.556110
    63 -0.391451 -0.463663 0.379860 -0.094947 -0.577241 -2.838109
    64 2.468175 0.027427 0.005130 -0.102441 -0.021628 0.342447
    65 1.227326 0.013261 -0.005766 -0.005492 -0.396037 0.327747
    66 -0.263408 -0.117640 -0.015657 0.000036 -0.082210 -0.026800
    67 0.007707 -0.334360 -0.191576 0.070788 -0.181563 0.282364
    68 0.225562 -0.567923 -0.420715 0.119895 -0.183798 0.223460
    69 -0.203683 -0.095654 -0.328304 -1.745077 0.075142 -1.515382
    70 -1.393460 8.839182 -0.239440 1.580804 -0.005024 -1.566848
    71 0.036020 0.082814 -0.692656 -1.570769 0.065989 0.001276
    72 -0.088586 0.054019 -0.088595 0.010231 0.033800 -1.560851
    73 0.120153 -0.050270 -0.054489 -2.854024 0.030688 -1.580508
    74 -0.139399 -0.111692 0.014400 0.285395 -0.031353 1.580313
    75 1.815922 -4.953960 0.956709 -1.247037 1.437608 -1.233843
    76 1.280673 -7.522364 1.257767 -1.247037 1.437608 -1.233843
    77 3.914122 -5.194223 1.336679 -1.102199 1.470090 -1.123171
    78 3.733238 -6.026484 1.177255 -1.247037 1.437608 -1.233843
    79 2.572266 -6.871094 2.244141 -0.148865 -1.070098 0.151247
    80 3.375796 17.859513 -1.851951 -1.256624 1.438289 -1.243541
  time 60
    0 1.629157 0.000000 0.541027 0.000000 0.000000 -1.570796
    1 -3.455911 9.379379 -10.661919 5.744206 -1.241251 -4.400642
    2 -0.001605 -10.694113 -0.006478 0.344616 -0.091135 -0.140422
    3 -0.652832 -3.626953 -0.348633 -1.107361 -0.060909 -0.152581
    4 -0.006990 -1.507134 0.002508 -1.179809 -0.000001 -0.000002
    5 0.001444 -0.954641 -0.003577 -1.228687 0.000000 0.000000
    6 0.007988 0.172186 -0.118553 -1.598091 -0.216549 -1.570593
    7 0.080660 0.135929 -0.203919 -1.506824 -0.066185 -1.662786
    8 0.117288 -0.155554 -0.604544 -1.412988 -0.374558 -1.569222
    9 0.127930 -3.761719 -0.348633 -0.873865 -0.036146 -0.178589
    10 -0.006790 -1.571166 0.010633 -1.223362 0.000000 -0.000003
    11 -0.002891 -1.156134 0.010561 -1.567260 0.000000 0.000000
    12 -0.018589 0.129951 -0.123721 -1.294580 0.001302 -1.635383
    13 -0.006160 0.170065 -0.110169 -1.280084 -0.068681 -1.597215
    14 0.047100 -0.104074 -0.352264 -1.243368 -0.257298 -1.694346
    15 0.949219 -3.619141 -0.348633 -0.197224 0.000005 0.130897
    16 -0.015404 -1.599609 -0.000001 -0.589916 0.000000 0.000000
    17 -0.002829 -0.941812 0.007065 -0.593400 0.000000 -0.000001
    18 -0.022325 0.045425 -0.038284 -1.125544 -0.129230 -1.681412
    19 -0.042901 -0.061274 -0.071212 -1.124462 -0.060454 -1.586099
    20 0.063741 -0.109104 -0.248158 -1.142813 -0.125805 -1.693583
    21 -1.403345 -3.241619 -0.342301 -1.174547 -0.118715 -0.146526
    22 0.010184 -1.202054 0.005877 -0.977365 -0.000003 -0.000007
    23 -0.013000 -0.789063 0.000000 -1.034973 0.000000 0.000000
    24 -0.011720 0.093267 0.017949 -1.687855 -0.079155 -1.575164
    25 0.048864 -0.085541 0.028626 -1.715605 -0.034569 -1.653190
    26 0.173918 -0.198414 -0.336163 -1.668104 -0.422317 -1.710956
    27 0.438974 -0.490226 0.396323 0.457988 -0.443923 -1.167613
    28 2.357422 0.016083 -0.000001 -0.304010 -0.029872 -0.496328
    29 1.250977 -0.000336 0.000002 0.000000 0.000000 -0.577698
    30 -0.267709 0.037512 -0.093907 2.913812 -0.143386 0.078467
    31 -0.029266 0.205410 -0.329287 2.788574 -0.255486 -0.188917
    32 0.204373 0.521055 -0.268577 2.886669 0.042206 -0.230367
    33 0.195697 -0.010059 -0.293538 -1.333586 0.150863 -1.672749
    34 1.257181 8.762590 -0.153713 -1.570562 0.002683 -1.566808
    35 -0.093500 -0.114213 -0.738866 -1.570842 0.061811 0.002096
    36 0.010843 0.093623 -0.081439 -3.141462 0.041719 -1.568236
    37 13.108546 -1.274107 -14.298595 -0.788984 0.255043 2.219396
    38 0.108654 -10.673144 -0.009359 0.728138 -0.453671 0.233271
    39 0.549521 -3.646670 -0.337160 -1.168716 -0.027210 -0.041096
    40 0.017872 -1.503640 0.004947 -0.411829 0.000001 -0.000004
    41 0.012045 -0.932386 -0.008488 -0.645565 -0.000002 -0.000001
    42 0.006928 0.005327 -0.181358 -1.528500 -0.248579 -1.611362
    43 -0.052313 0.038588 -0.230758 -1.592493 -0.043415 -1.528515
    44 -0.232600 -0.209658 -0.420670 -1.713790 -0.167173 -1.438930
    45 -0.222187 -3.733712 -0.342176 -1.212892 -0.000005 -0.000032
    46 0.023707 -1.582373 0.006169 -0.357728 0.000031 -0.000009
    47 0.000478 -1.172547 0.000250 -0.532142 0.000033 0.000030
    48 -0.038065 0.069166 -0.159882 -1.816986 0.066178 -1.575392
    49 -0.025151 0.088760 -0.068837 -1.817843 0.044510 -1.568287
    50 -0.102916 -0.186983 -0.272246 -1.833683 -0.232962 -1.472375
    51 -1.030272 -3.582044 -0.339254 -0.989549 0.000031 -0.000003
    52 0.001134 -1.610108 0.006277 -0.418801 0.000003 -0.000002
    53 0.009693 -0.949964 0.008323 -0.643897 0.000001 0.000001
    54 -0.004241 0.043707 -0.080202 -2.014997 -0.186996 -1.460723
    55 0.015383 -0.089136 -0.030009 -2.006083 0.036346 -1.568629
    56 -0.022610 -0.212358 -0.177904 -1.933161 -0.118801 -1.518895
    57 1.309013 -3.227547 -0.338302 -0.954667 -0.047553 -0.066330
    58 0.004503 -1.238418 0.006086 -0.544517 0.000004 0.000009
    59 0.003174 -0.774607 -0.004222 -0.490435 -0.000006 -0.000004
    60 -0.067138 0.063251 -0.010961 -0.899214 -0.014515 -1.600326
    61 -0.151180 -0.007395 -0.070065 -0.913061 -0.118819 -1.408558
    62 -0.178164 -0.244680 -0.357067 -1.159916 -0.384260 -1.556110
    63 -0.391451 -0.467570 0.379860 -0.129639 -0.511367 -2.796919
    64 2.472082 0.027427 0.005130 -0.103292 -0.017074 0.386467
    65 1.219513 0.013261 -0.005766 -0.000003 -0.349054 0.300133
    66 -0.263408 -0.117640 -0.015657 0.000036 -0.082210 -0.026800
    67 0.007707 -0.334360 -0.191576 0.070788 -0.181563 0.282364
    68 0.225562 -0.567923 -0.420715 0.119895 -0.183798 0.223460
    69 -0.203683 -0.095654 -0.328304 -1.745077 0.075142 -1.515382
    70 -1.393460 8.839182 -0.239440 1.580804 -0.005024 -1.566848
    71 0.036020 0.082814 -0.692656 -1.570769 0.065989 0.001276
    72 -0.088586 0.054019 -0.088595 0.010231 0.033800 -1.560851
    73 0.120153 -0.050270 -0.054489 -2.854024 0.030688 -1.580508
    74 -0.139399 -0.111692 0.014400 0.285395 -0.031353 1.580313
    75 1.815922 -4.953960 0.956709 -1.247037 1.437608 -1.233843
    76 1.280673 -7.522364 1.257767 -1.247037 1.437608 -1.233843
    77 3.914122 -5.194223 1.336679 -1.102199 1.470090 -1.123171
    78 3.733238 -6.026484 1.177255 -1.247037 1.437608 -1.233843
    79 2.572266 -6.871094 2.244141 -0.148865 -1.070098 0.151247
    80 3.375796 17.851701 -1.851951 -1.247037 1.437608 -1.233843
end
