// Created by Crowbar 0.74
version 1
nodes
  0 "root" -1
  1 "Bone01" 0
  2 "Bone_Lefthand" 1
  3 "Bone13" 2
  4 "Bone14" 3
  5 "Bone15" 4
  6 "ValveBiped.Bip01_L_Finger32" 5
  7 "ValveBiped.Bip01_L_Finger31" 4
  8 "ValveBiped.Bip01_L_Finger3" 3
  9 "Bone17" 2
  10 "Bone18" 9
  11 "Bone19" 10
  12 "ValveBiped.Bip01_L_Finger22" 11
  13 "ValveBiped.Bip01_L_Finger21" 10
  14 "ValveBiped.Bip01_L_Finger2" 9
  15 "Bone21" 2
  16 "Bone22" 15
  17 "Bone23" 16
  18 "ValveBiped.Bip01_L_Finger12" 17
  19 "ValveBiped.Bip01_L_Finger11" 16
  20 "ValveBiped.Bip01_L_Finger1" 15
  21 "Bone09" 2
  22 "Bone10" 21
  23 "Bone11" 22
  24 "ValveBiped.Bip01_L_Finger42" 23
  25 "ValveBiped.Bip01_L_Finger41" 22
  26 "ValveBiped.Bip01_L_Finger4" 21
  27 "Bone05" 2
  28 "Bone06" 27
  29 "Bone07" 28
  30 "ValveBiped.Bip01_L_Finger02" 29
  31 "ValveBiped.Bip01_L_Finger01" 28
  32 "ValveBiped.Bip01_L_Finger0" 27
  33 "ValveBiped.Bip01_L_Hand" 2
  34 "Bone_L_Upper" 1
  35 "ValveBiped.Bip01_L_UpperArm" 34
  36 "ValveBiped.Bip01_L_Forearm" 1
  37 "Bone04" 0
  38 "Bone_Righthand" 37
  39 "Bone39" 38
  40 "Bone40" 39
  41 "Bone41" 40
  42 "ValveBiped.Bip01_R_Finger32" 41
  43 "ValveBiped.Bip01_R_Finger31" 40
  44 "ValveBiped.Bip01_R_Finger3" 39
  45 "Bone35" 38
  46 "Bone36" 45
  47 "Bone37" 46
  48 "ValveBiped.Bip01_R_Finger22" 47
  49 "ValveBiped.Bip01_R_Finger21" 46
  50 "ValveBiped.Bip01_R_Finger2" 45
  51 "Bone31" 38
  52 "Bone32" 51
  53 "Bone33" 52
  54 "ValveBiped.Bip01_R_Finger12" 53
  55 "ValveBiped.Bip01_R_Finger11" 52
  56 "ValveBiped.Bip01_R_Finger1" 51
  57 "Bone43" 38
  58 "Bone44" 57
  59 "Bone45" 58
  60 "ValveBiped.Bip01_R_Finger42" 59
  61 "ValveBiped.Bip01_R_Finger41" 58
  62 "ValveBiped.Bip01_R_Finger4" 57
  63 "Bone27" 38
  64 "Bone28" 63
  65 "Bone29" 64
  66 "ValveBiped.Bip01_R_Finger02" 65
  67 "ValveBiped.Bip01_R_Finger01" 64
  68 "ValveBiped.Bip01_R_Finger0" 63
  69 "ValveBiped.Bip01_R_Hand" 38
  70 "Bone_R_Upper" 37
  71 "ValveBiped.Bip01_R_UpperArm" 70
  72 "ValveBiped.Bip01_R_Forearm" 37
  73 "Bone_Se_Hand-L" 2
  74 "Bone_Se_Hand-R" 38
  75 "Bone25" 2
  76 "Bone54" 2
  77 "Bone52" 2
  78 "Bone50" 2
  79 "Bone56" 2
  80 "Bone48" 2
end
skeleton
  time 0
    0 1.629157 0.000000 0.541027 0.000000 0.000000 -1.570796
    1 -3.455911 9.379379 -13.232309 1.112343 -1.075585 0.742329
    2 -0.009418 -10.694113 -0.006478 0.200261 -0.347584 -0.203068
    3 -0.652832 -3.630859 -0.348633 -1.107361 -0.060909 -0.152581
    4 -0.013245 -1.508789 0.000002 -1.179837 0.000000 0.000000
    5 -0.000001 -0.953613 0.000000 -1.228718 0.000000 0.000000
    6 0.007988 0.172186 -0.118553 -1.598091 -0.216549 -1.570593
    7 0.080660 0.135929 -0.203919 -1.506824 -0.066185 -1.662786
    8 0.117288 -0.155554 -0.604544 -1.412988 -0.374558 -1.569222
    9 0.128052 -3.761719 -0.348633 -0.873865 -0.036146 -0.178589
    10 -0.006790 -1.563353 0.006726 -1.223362 0.000000 -0.000003
    11 0.000002 -1.163086 -0.000004 -1.567299 0.000000 0.000000
    12 -0.018589 0.129951 -0.123721 -1.294580 0.001302 -1.635383
    13 -0.006160 0.170065 -0.110169 -1.280084 -0.068681 -1.597215
    14 0.047100 -0.104074 -0.352264 -1.243368 -0.257298 -1.694346
    15 0.949219 -3.619141 -0.348633 -0.197224 0.000005 0.130897
    16 -0.015396 -1.600586 0.000000 -0.589916 0.000000 0.000000
    17 -0.006736 -0.937906 0.010971 -0.593400 0.000000 -0.000001
    18 -0.022325 0.045425 -0.038284 -1.125544 -0.129230 -1.681412
    19 -0.042901 -0.061274 -0.071212 -1.124462 -0.060454 -1.586099
    20 0.063741 -0.109104 -0.248158 -1.142813 -0.125805 -1.693583
    21 -1.403345 -3.245525 -0.338395 -1.174547 -0.118715 -0.146526
    22 0.013458 -1.203125 0.000002 -0.977387 0.000000 0.000000
    23 -0.020049 -0.793311 0.006185 -1.034950 0.000001 0.000004
    24 -0.011720 0.093267 0.017949 -1.687855 -0.079155 -1.575164
    25 0.048864 -0.085541 0.028626 -1.715605 -0.034569 -1.653190
    26 0.173918 -0.198414 -0.336163 -1.668104 -0.422317 -1.710956
    27 0.438974 -0.490226 0.392416 0.457988 -0.443911 -1.167613
    28 2.356265 0.010252 0.001103 -0.304005 -0.029854 -0.496318
    29 1.245306 0.004522 -0.002867 -0.000028 0.000034 -0.577668
    30 -0.267709 0.037512 -0.093907 2.913812 -0.143386 0.078467
    31 -0.029266 0.205410 -0.329287 2.788574 -0.255486 -0.188917
    32 0.204373 0.521055 -0.268577 2.886669 0.042206 -0.230367
    33 0.195697 -0.010059 -0.293538 -1.333586 0.150863 -1.672749
    34 1.257181 8.762590 -0.153713 -1.570562 0.002683 -1.566808
    35 -0.093500 -0.114213 -0.738866 -1.570842 0.061811 0.002096
    36 0.010843 0.093623 -0.081439 -3.141462 0.041719 -1.568236
    37 16.331300 -0.938159 -24.892668 -4.545586 0.217749 3.788330
    38 0.108654 -10.673144 -0.005453 -0.162833 -0.230753 0.286174
    39 0.549521 -3.650577 -0.341066 -1.570171 -0.041053 -0.026176
    40 0.017872 -1.503640 0.004947 -0.411829 0.000001 -0.000004
    41 0.004232 -0.936292 -0.000676 -0.872407 -0.000002 -0.000001
    42 0.006928 0.005327 -0.181358 -1.528500 -0.248579 -1.611362
    43 -0.052313 0.038588 -0.230758 -1.592493 -0.043415 -1.528515
    44 -0.232600 -0.209658 -0.420670 -1.713790 -0.167173 -1.438930
    45 -0.218280 -3.733712 -0.346082 -1.614436 -0.000005 -0.000032
    46 0.019801 -1.578467 0.002263 -0.357728 0.000031 -0.000009
    47 0.004385 -1.172547 0.000250 -0.532236 0.000033 0.000030
    48 -0.038065 0.069166 -0.159882 -1.816986 0.066178 -1.575392
    49 -0.025151 0.088760 -0.068837 -1.817843 0.044510 -1.568287
    50 -0.102916 -0.186983 -0.272246 -1.833683 -0.232962 -1.472375
    51 -1.030272 -3.578138 -0.343160 -1.390951 0.000031 -0.000003
    52 0.001134 -1.606202 0.006277 -0.418801 0.000003 -0.000002
    53 0.009693 -0.949964 0.004417 -0.643897 0.000001 0.000001
    54 -0.004241 0.043707 -0.080202 -2.014997 -0.186996 -1.460723
    55 0.015383 -0.089136 -0.030009 -2.006083 0.036346 -1.568629
    56 -0.022610 -0.212358 -0.177904 -1.933161 -0.118801 -1.518895
    57 1.305107 -3.227547 -0.338302 -1.356381 -0.069497 -0.040763
    58 0.000596 -1.238418 0.006086 -1.199038 0.000004 0.000009
    59 0.003174 -0.778514 -0.004222 -1.031402 -0.000006 -0.000004
    60 -0.067138 0.063251 -0.010961 -0.899214 -0.014515 -1.600326
    61 -0.151180 -0.007395 -0.070065 -0.913061 -0.118819 -1.408558
    62 -0.178164 -0.244680 -0.357067 -1.159916 -0.384260 -1.556110
    63 -0.385010 -0.459229 0.383545 -0.129647 -0.511419 -2.796852
    64 2.464269 0.027427 0.005130 -0.100488 -0.029514 0.264946
    65 1.223420 0.013261 -0.005766 -0.000003 -0.000017 0.300133
    66 -0.263408 -0.117640 -0.015657 0.000036 -0.082210 -0.026800
    67 0.007707 -0.334360 -0.191576 0.070788 -0.181563 0.282364
    68 0.225562 -0.567923 -0.420715 0.119895 -0.183798 0.223460
    69 -0.203683 -0.095654 -0.328304 -1.745077 0.075142 -1.515382
    70 -1.393460 8.839182 -0.239440 1.580804 -0.005024 -1.566848
    71 0.036020 0.082814 -0.692656 -1.570769 0.065989 0.001276
    72 -0.088586 0.054019 -0.088595 0.010231 0.033800 -1.560851
    73 0.120153 -0.050270 -0.054489 -2.854024 0.030688 -1.580508
    74 -0.139399 -0.111692 0.014400 0.285395 -0.031353 1.580313
    75 1.815922 -4.953960 0.956709 -1.247037 1.437608 -1.233843
    76 1.280673 -7.522364 1.257767 -1.247037 1.437608 -1.233843
    77 3.914122 -5.194223 1.336679 -1.102199 1.470090 -1.123171
    78 3.733238 -6.026484 1.177255 -1.247037 1.437608 -1.233843
    79 3.354242 -6.873898 2.031802 -2.592087 1.327342 -2.594822
    80 3.371094 17.859375 -1.857422 -1.247037 1.437608 -1.233843
  time 1
    0 1.629157 0.000000 0.541027 0.000000 0.000000 -1.570796
    1 -3.030117 9.137184 -15.099554 1.113993 -1.110385 0.733125
    2 -0.005512 -10.701926 -0.010384 0.201248 -0.353122 -0.238066
    3 -0.652832 -3.630859 -0.348633 -1.107361 -0.060909 -0.152581
    4 -0.013245 -1.508789 0.000002 -1.179837 0.000000 0.000000
    5 -0.000001 -0.953613 0.000000 -1.228718 0.000000 0.000000
    6 0.007988 0.172186 -0.118553 -1.598091 -0.216549 -1.570593
    7 0.080660 0.135929 -0.203919 -1.506824 -0.066185 -1.662786
    8 0.117288 -0.155554 -0.604544 -1.412988 -0.374558 -1.569222
    9 0.128052 -3.761719 -0.348633 -0.873865 -0.036146 -0.178589
    10 -0.006790 -1.571166 0.002820 -1.223362 0.000000 -0.000003
    11 0.000002 -1.163086 -0.000004 -1.567299 0.000000 0.000000
    12 -0.018589 0.129951 -0.123721 -1.294580 0.001302 -1.635383
    13 -0.006160 0.170065 -0.110169 -1.280084 -0.068681 -1.597215
    14 0.047100 -0.104074 -0.352264 -1.243368 -0.257298 -1.694346
    15 0.949219 -3.619141 -0.348633 -0.197224 0.000005 0.130897
    16 -0.015396 -1.600586 0.000000 -0.589916 0.000000 0.000000
    17 -0.006736 -0.945718 0.010971 -0.593400 0.000000 -0.000001
    18 -0.022325 0.045425 -0.038284 -1.125544 -0.129230 -1.681412
    19 -0.042901 -0.061274 -0.071212 -1.124462 -0.060454 -1.586099
    20 0.063741 -0.109104 -0.248158 -1.142813 -0.125805 -1.693583
    21 -1.403345 -3.249431 -0.338395 -1.174547 -0.118715 -0.146526
    22 0.013458 -1.203125 0.000002 -0.977387 0.000000 0.000000
    23 -0.020049 -0.801124 0.002278 -1.034950 0.000001 0.000004
    24 -0.011720 0.093267 0.017949 -1.687855 -0.079155 -1.575164
    25 0.048864 -0.085541 0.028626 -1.715605 -0.034569 -1.653190
    26 0.173918 -0.198414 -0.336163 -1.668104 -0.422317 -1.710956
    27 0.442881 -0.494133 0.396323 0.457988 -0.443911 -1.167613
    28 2.356265 0.010252 0.005009 -0.303993 -0.029854 -0.496318
    29 1.245306 0.004522 -0.006774 -0.000028 0.000034 -0.577668
    30 -0.267709 0.037512 -0.093907 2.913812 -0.143386 0.078467
    31 -0.029266 0.205410 -0.329287 2.788574 -0.255486 -0.188917
    32 0.204373 0.521055 -0.268577 2.886669 0.042206 -0.230367
    33 0.195697 -0.010059 -0.293538 -1.333586 0.150863 -1.672749
    34 1.257181 8.762590 -0.153713 -1.570562 0.002683 -1.566808
    35 -0.093500 -0.114213 -0.738866 -1.570842 0.061811 0.002096
    36 0.010843 0.093623 -0.081439 -3.141462 0.041719 -1.568236
    37 17.788376 -1.649118 -31.131140 -4.354927 0.180379 3.905105
    38 0.104748 -10.677050 -0.005453 -0.181212 -0.225720 0.284889
    39 0.553428 -3.642764 -0.341066 -1.584741 -0.041376 -0.025576
    40 0.021779 -1.503640 0.001040 -0.412107 0.000001 -0.000004
    41 0.004232 -0.932386 -0.000676 -0.879416 -0.000002 -0.000001
    42 0.006928 0.005327 -0.181358 -1.528500 -0.248579 -1.611362
    43 -0.052313 0.038588 -0.230758 -1.592493 -0.043415 -1.528515
    44 -0.232600 -0.209658 -0.420670 -1.713790 -0.167173 -1.438930
    45 -0.214374 -3.737618 -0.342176 -1.628885 -0.000005 -0.000032
    46 0.023707 -1.586280 0.002263 -0.357728 0.000031 -0.000009
    47 0.008291 -1.168640 0.008063 -0.531674 0.000033 0.000030
    48 -0.038065 0.069166 -0.159882 -1.816986 0.066178 -1.575392
    49 -0.025151 0.088760 -0.068837 -1.817843 0.044510 -1.568287
    50 -0.102916 -0.186983 -0.272246 -1.833683 -0.232962 -1.472375
    51 -1.026365 -3.578138 -0.339254 -1.405495 0.000031 -0.000003
    52 0.001134 -1.610108 0.006277 -0.419039 0.000003 -0.000002
    53 0.009693 -0.949964 0.008323 -0.643305 0.000001 0.000001
    54 -0.004241 0.043707 -0.080202 -2.014997 -0.186996 -1.460723
    55 0.015383 -0.089136 -0.030009 -2.006083 0.036346 -1.568629
    56 -0.022610 -0.212358 -0.177904 -1.933161 -0.118801 -1.518895
    57 1.309013 -3.223640 -0.338302 -1.370432 -0.069976 -0.039821
    58 0.000596 -1.238418 0.002180 -1.221728 0.000004 0.000009
    59 0.007081 -0.778514 -0.004222 -1.048751 -0.000006 -0.000004
    60 -0.067138 0.063251 -0.010961 -0.899214 -0.014515 -1.600326
    61 -0.151180 -0.007395 -0.070065 -0.913061 -0.118819 -1.408558
    62 -0.178164 -0.244680 -0.357067 -1.159916 -0.384260 -1.556110
    63 -0.385010 -0.459229 0.383545 -0.129647 -0.511419 -2.796852
    64 2.464269 0.031333 0.005130 -0.100392 -0.029729 0.262474
    65 1.223420 0.013261 -0.005766 -0.000003 0.007072 0.300133
    66 -0.263408 -0.117640 -0.015657 0.000036 -0.082210 -0.026800
    67 0.007707 -0.334360 -0.191576 0.070788 -0.181563 0.282364
    68 0.225562 -0.567923 -0.420715 0.119895 -0.183798 0.223460
    69 -0.203683 -0.095654 -0.328304 -1.745077 0.075142 -1.515382
    70 -1.393460 8.839182 -0.239440 1.580804 -0.005024 -1.566848
    71 0.036020 0.082814 -0.692656 -1.570769 0.065989 0.001276
    72 -0.088586 0.054019 -0.088595 0.010231 0.033800 -1.560851
    73 0.120153 -0.050270 -0.054489 -2.854024 0.030688 -1.580508
    74 -0.139399 -0.111692 0.014400 0.285395 -0.031353 1.580313
    75 1.815922 -4.953960 0.956709 -1.247037 1.437608 -1.233843
    76 1.280673 -7.522364 1.257767 -1.247037 1.437608 -1.233843
    77 3.914122 -5.194223 1.336679 -1.102199 1.470090 -1.123171
    78 3.733238 -6.026484 1.177255 -1.247037 1.437608 -1.233843
    79 3.354242 -6.873898 2.031802 -2.592087 1.327342 -2.594822
    80 3.371094 17.859375 -1.857422 -1.247037 1.437608 -1.233843
  time 2
    0 1.629157 0.000000 0.541027 0.000000 0.000000 -1.570796
    1 -2.143371 8.644981 -16.216776 1.056615 -1.190564 0.745972
    2 -0.005512 -10.694113 -0.006478 0.211367 -0.346114 -0.289728
    3 -0.652832 -3.630859 -0.348633 -1.107361 -0.060909 -0.152581
    4 -0.013245 -1.508789 0.000002 -1.179837 0.000000 0.000000
    5 -0.000001 -0.953613 0.000000 -1.228718 0.000000 0.000000
    6 0.007988 0.172186 -0.118553 -1.598091 -0.216549 -1.570593
    7 0.080660 0.135929 -0.203919 -1.506824 -0.066185 -1.662786
    8 0.117288 -0.155554 -0.604544 -1.412988 -0.374558 -1.569222
    9 0.128052 -3.761719 -0.348633 -0.873865 -0.036146 -0.178589
    10 -0.002883 -1.567259 0.010633 -1.223438 0.000000 -0.000003
    11 0.000002 -1.163086 -0.000004 -1.567299 0.000000 0.000000
    12 -0.018589 0.129951 -0.123721 -1.294580 0.001302 -1.635383
    13 -0.006160 0.170065 -0.110169 -1.280084 -0.068681 -1.597215
    14 0.047100 -0.104074 -0.352264 -1.243368 -0.257298 -1.694346
    15 0.949219 -3.619141 -0.348633 -0.197224 0.000005 0.130897
    16 -0.015396 -1.600586 0.000000 -0.589916 0.000000 0.000000
    17 -0.006736 -0.941812 0.010971 -0.593400 0.000000 -0.000001
    18 -0.022325 0.045425 -0.038284 -1.125544 -0.129230 -1.681412
    19 -0.042901 -0.061274 -0.071212 -1.124462 -0.060454 -1.586099
    20 0.063741 -0.109104 -0.248158 -1.142813 -0.125805 -1.693583
    21 -1.399439 -3.241619 -0.338395 -1.174547 -0.118715 -0.146526
    22 0.013458 -1.203125 0.000002 -0.977387 0.000000 0.000000
    23 -0.020049 -0.793311 0.006185 -1.034950 0.000001 0.000004
    24 -0.011720 0.093267 0.017949 -1.687855 -0.079155 -1.575164
    25 0.048864 -0.085541 0.028626 -1.715605 -0.034569 -1.653190
    26 0.173918 -0.198414 -0.336163 -1.668104 -0.422317 -1.710956
    27 0.446787 -0.486320 0.392416 0.457988 -0.443923 -1.167613
    28 2.352359 0.010252 0.005009 -0.304005 -0.029854 -0.496318
    29 1.245306 0.004522 -0.002867 -0.000028 0.000034 -0.577668
    30 -0.267709 0.037512 -0.093907 2.913812 -0.143386 0.078467
    31 -0.029266 0.205410 -0.329287 2.788574 -0.255486 -0.188917
    32 0.204373 0.521055 -0.268577 2.886669 0.042206 -0.230367
    33 0.195697 -0.010059 -0.293538 -1.333586 0.150863 -1.672749
    34 1.257181 8.762590 -0.153713 -1.570562 0.002683 -1.566808
    35 -0.093500 -0.114213 -0.738866 -1.570842 0.061811 0.002096
    36 0.010843 0.093623 -0.081439 -3.141462 0.041719 -1.568236
    37 17.292267 -3.594490 -32.603841 -4.142351 0.141723 4.044683
    38 0.104748 -10.669237 -0.005453 -0.199070 -0.220615 0.283314
    39 0.549521 -3.646670 -0.341066 -1.599567 -0.041688 -0.025121
    40 0.017872 -1.503640 0.004947 -0.412940 0.000001 -0.000004
    41 0.012045 -0.928479 -0.004582 -0.883962 -0.000002 -0.000001
    42 0.006928 0.005327 -0.181358 -1.528500 -0.248579 -1.611362
    43 -0.052313 0.038588 -0.230758 -1.592493 -0.043415 -1.528515
    44 -0.232600 -0.209658 -0.420670 -1.713790 -0.167173 -1.438930
    45 -0.222187 -3.737618 -0.342176 -1.643800 -0.000005 -0.000032
    46 0.019801 -1.586280 0.006169 -0.357728 0.000031 -0.000009
    47 0.000478 -1.172547 0.000250 -0.529894 0.000033 0.000030
    48 -0.038065 0.069166 -0.159882 -1.816986 0.066178 -1.575392
    49 -0.025151 0.088760 -0.068837 -1.817843 0.044510 -1.568287
    50 -0.102916 -0.186983 -0.272246 -1.833683 -0.232962 -1.472375
    51 -1.030272 -3.574231 -0.343160 -1.420366 0.000031 -0.000003
    52 0.005040 -1.606202 0.006277 -0.419944 0.000003 -0.000002
    53 0.005787 -0.949964 0.008323 -0.641688 0.000001 0.000001
    54 -0.004241 0.043707 -0.080202 -2.014997 -0.186996 -1.460723
    55 0.015383 -0.089136 -0.030009 -2.006083 0.036346 -1.568629
    56 -0.022610 -0.212358 -0.177904 -1.933161 -0.118801 -1.518895
    57 1.305107 -3.223640 -0.342208 -1.384900 -0.070456 -0.038997
    58 0.000596 -1.242324 0.002180 -1.243171 0.000004 0.000009
    59 0.007081 -0.774607 -0.008129 -1.062667 -0.000006 -0.000004
    60 -0.067138 0.063251 -0.010961 -0.899214 -0.014515 -1.600326
    61 -0.151180 -0.007395 -0.070065 -0.913061 -0.118819 -1.408558
    62 -0.178164 -0.244680 -0.357067 -1.159916 -0.384260 -1.556110
    63 -0.385010 -0.459229 0.383545 -0.129647 -0.511419 -2.796852
    64 2.464269 0.027427 0.005130 -0.100320 -0.029981 0.260132
    65 1.223420 0.009354 -0.005766 -0.000003 0.013844 0.300133
    66 -0.263408 -0.117640 -0.015657 0.000036 -0.082210 -0.026800
    67 0.007707 -0.334360 -0.191576 0.070788 -0.181563 0.282364
    68 0.225562 -0.567923 -0.420715 0.119895 -0.183798 0.223460
    69 -0.203683 -0.095654 -0.328304 -1.745077 0.075142 -1.515382
    70 -1.393460 8.839182 -0.239440 1.580804 -0.005024 -1.566848
    71 0.036020 0.082814 -0.692656 -1.570769 0.065989 0.001276
    72 -0.088586 0.054019 -0.088595 0.010231 0.033800 -1.560851
    73 0.120153 -0.050270 -0.054489 -2.854024 0.030688 -1.580508
    74 -0.139399 -0.111692 0.014400 0.285395 -0.031353 1.580313
    75 1.815922 -4.953960 0.956709 -1.247037 1.437608 -1.233843
    76 1.280673 -7.522364 1.257767 -1.247037 1.437608 -1.233843
    77 3.914122 -5.194223 1.336679 -1.102199 1.470090 -1.123171
    78 3.733238 -6.026484 1.177255 -1.247037 1.437608 -1.233843
    79 3.354242 -6.873898 2.031802 -2.592087 1.327342 -2.594822
    80 3.371094 17.859375 -1.857422 -1.247037 1.437608 -1.233843
  time 3
    0 1.629157 0.000000 0.541027 0.000000 0.000000 -1.570796
    1 -1.026150 8.016056 -16.724604 0.908495 -1.293693 0.826886
    2 -0.009418 -10.698019 -0.002571 0.226027 -0.330013 -0.348635
    3 -0.652832 -3.630859 -0.348633 -1.107361 -0.060909 -0.152581
    4 -0.013245 -1.508789 0.000002 -1.179837 0.000000 0.000000
    5 -0.000001 -0.953613 0.000000 -1.228718 0.000000 0.000000
    6 0.007988 0.172186 -0.118553 -1.598091 -0.216549 -1.570593
    7 0.080660 0.135929 -0.203919 -1.506824 -0.066185 -1.662786
    8 0.117288 -0.155554 -0.604544 -1.412988 -0.374558 -1.569222
    9 0.128052 -3.761719 -0.348633 -0.873865 -0.036146 -0.178589
    10 -0.010696 -1.567259 0.006726 -1.223362 0.000000 -0.000003
    11 0.000002 -1.163086 -0.000004 -1.567299 0.000000 0.000000
    12 -0.018589 0.129951 -0.123721 -1.294580 0.001302 -1.635383
    13 -0.006160 0.170065 -0.110169 -1.280084 -0.068681 -1.597215
    14 0.047100 -0.104074 -0.352264 -1.243368 -0.257298 -1.694346
    15 0.949219 -3.619141 -0.348633 -0.197224 0.000005 0.130897
    16 -0.015396 -1.600586 0.000000 -0.589916 0.000000 0.000000
    17 -0.002829 -0.945718 0.007065 -0.593382 0.000000 -0.000001
    18 -0.022325 0.045425 -0.038284 -1.125544 -0.129230 -1.681412
    19 -0.042901 -0.061274 -0.071212 -1.124462 -0.060454 -1.586099
    20 0.063741 -0.109104 -0.248158 -1.142813 -0.125805 -1.693583
    21 -1.407252 -3.245525 -0.342301 -1.174547 -0.118715 -0.146526
    22 0.013458 -1.203125 0.000002 -0.977387 0.000000 0.000000
    23 -0.020049 -0.797217 0.010091 -1.034950 0.000001 0.000004
    24 -0.011720 0.093267 0.017949 -1.687855 -0.079155 -1.575164
    25 0.048864 -0.085541 0.028626 -1.715605 -0.034569 -1.653190
    26 0.173918 -0.198414 -0.336163 -1.668104 -0.422317 -1.710956
    27 0.446787 -0.490226 0.388510 0.457988 -0.443911 -1.167613
    28 2.356265 0.010252 0.005009 -0.304005 -0.029854 -0.496318
    29 1.249213 0.004522 -0.002867 -0.000028 0.000034 -0.577668
    30 -0.267709 0.037512 -0.093907 2.913812 -0.143386 0.078467
    31 -0.029266 0.205410 -0.329287 2.788574 -0.255486 -0.188917
    32 0.204373 0.521055 -0.268577 2.886669 0.042206 -0.230367
    33 0.195697 -0.010059 -0.293538 -1.333586 0.150863 -1.672749
    34 1.257181 8.762590 -0.153713 -1.570562 0.002683 -1.566808
    35 -0.093500 -0.114213 -0.738866 -1.570842 0.061811 0.002096
    36 0.010843 0.093623 -0.081439 -3.141462 0.041719 -1.568236
    37 15.397678 -6.227383 -30.592061 -3.918576 0.093422 4.200479
    38 0.104748 -10.669237 -0.005453 -0.216710 -0.215462 0.281578
    39 0.549521 -3.650577 -0.337160 -1.614841 -0.041891 -0.024702
    40 0.017872 -1.503640 0.004947 -0.414269 0.000001 -0.000004
    41 0.008139 -0.932386 -0.004582 -0.886140 -0.000002 -0.000001
    42 0.006928 0.005327 -0.181358 -1.528500 -0.248579 -1.611362
    43 -0.052313 0.038588 -0.230758 -1.592493 -0.043415 -1.528515
    44 -0.232600 -0.209658 -0.420670 -1.713790 -0.167173 -1.438930
    45 -0.218280 -3.733712 -0.346082 -1.658890 -0.000005 -0.000032
    46 0.023707 -1.578467 0.006169 -0.357728 0.000019 -0.000009
    47 0.004385 -1.172547 0.000250 -0.527177 0.000033 0.000030
    48 -0.038065 0.069166 -0.159882 -1.816986 0.066178 -1.575392
    49 -0.025151 0.088760 -0.068837 -1.817843 0.044510 -1.568287
    50 -0.102916 -0.186983 -0.272246 -1.833683 -0.232962 -1.472375
    51 -1.030272 -3.574231 -0.343160 -1.435509 0.000031 -0.000003
    52 0.001134 -1.610108 0.006277 -0.421277 0.000003 -0.000002
    53 0.009693 -0.946058 0.008323 -0.638940 0.000001 0.000001
    54 -0.004241 0.043707 -0.080202 -2.014997 -0.186996 -1.460723
    55 0.015383 -0.089136 -0.030009 -2.006083 0.036346 -1.568629
    56 -0.022610 -0.212358 -0.177904 -1.933161 -0.118801 -1.518895
    57 1.305107 -3.223640 -0.342208 -1.399524 -0.070767 -0.038341
    58 0.008409 -1.238418 0.006086 -1.263326 0.000004 0.000009
    59 0.003174 -0.774607 -0.004222 -1.072965 -0.000006 -0.000004
    60 -0.067138 0.063251 -0.010961 -0.899214 -0.014515 -1.600326
    61 -0.151180 -0.007395 -0.070065 -0.913061 -0.118819 -1.408558
    62 -0.178164 -0.244680 -0.357067 -1.159916 -0.384260 -1.556110
    63 -0.385010 -0.459229 0.383545 -0.129647 -0.511419 -2.796852
    64 2.464269 0.031333 0.005130 -0.100260 -0.030221 0.257876
    65 1.223420 0.013261 -0.005766 -0.000003 0.020269 0.300133
    66 -0.263408 -0.117640 -0.015657 0.000036 -0.082210 -0.026800
    67 0.007707 -0.334360 -0.191576 0.070788 -0.181563 0.282364
    68 0.225562 -0.567923 -0.420715 0.119895 -0.183798 0.223460
    69 -0.203683 -0.095654 -0.328304 -1.745077 0.075142 -1.515382
    70 -1.393460 8.839182 -0.239440 1.580804 -0.005024 -1.566848
    71 0.036020 0.082814 -0.692656 -1.570769 0.065989 0.001276
    72 -0.088586 0.054019 -0.088595 0.010231 0.033800 -1.560851
    73 0.120153 -0.050270 -0.054489 -2.854024 0.030688 -1.580508
    74 -0.139399 -0.111692 0.014400 0.285395 -0.031353 1.580313
    75 1.815922 -4.953960 0.956709 -1.247037 1.437608 -1.233843
    76 1.280673 -7.522364 1.257767 -1.247037 1.437608 -1.233843
    77 3.914122 -5.194223 1.336679 -1.102199 1.470090 -1.123171
    78 3.733238 -6.026484 1.177255 -1.247037 1.437608 -1.233843
    79 3.354242 -6.873898 2.031802 -2.592087 1.327342 -2.594822
    80 3.371094 17.859375 -1.857422 -1.247037 1.437608 -1.233843
  time 4
    0 1.629157 0.000000 0.541027 0.000000 0.000000 -1.570796
    1 0.075447 7.359786 -16.736323 0.549286 -1.388793 1.108937
    2 -0.001605 -10.694113 -0.002571 0.240860 -0.308546 -0.405706
    3 -0.652832 -3.630859 -0.348633 -1.107361 -0.060909 -0.152581
    4 -0.013245 -1.508789 0.000002 -1.179837 0.000000 0.000000
    5 -0.000001 -0.953613 0.000000 -1.228718 0.000000 0.000000
    6 0.007988 0.172186 -0.118553 -1.598091 -0.216549 -1.570593
    7 0.080660 0.135929 -0.203919 -1.506824 -0.066185 -1.662786
    8 0.117288 -0.155554 -0.604544 -1.412988 -0.374558 -1.569222
    9 0.128052 -3.761719 -0.348633 -0.873865 -0.036146 -0.178589
    10 -0.002883 -1.567259 0.002820 -1.223438 0.000000 -0.000003
    11 0.000002 -1.163086 -0.000004 -1.567299 0.000000 0.000000
    12 -0.018589 0.129951 -0.123721 -1.294580 0.001302 -1.635383
    13 -0.006160 0.170065 -0.110169 -1.280084 -0.068681 -1.597215
    14 0.047100 -0.104074 -0.352264 -1.243368 -0.257298 -1.694346
    15 0.949219 -3.619141 -0.348633 -0.197224 0.000005 0.130897
    16 -0.015396 -1.600586 0.000000 -0.589916 0.000000 0.000000
    17 -0.006736 -0.945718 0.007065 -0.593400 0.000000 -0.000001
    18 -0.022325 0.045425 -0.038284 -1.125544 -0.129230 -1.681412
    19 -0.042901 -0.061274 -0.071212 -1.124462 -0.060454 -1.586099
    20 0.063741 -0.109104 -0.248158 -1.142813 -0.125805 -1.693583
    21 -1.403345 -3.245525 -0.342301 -1.174547 -0.118715 -0.146526
    22 0.013458 -1.203125 0.000002 -0.977387 0.000000 0.000000
    23 -0.020049 -0.797217 0.002278 -1.034950 0.000001 0.000004
    24 -0.011720 0.093267 0.017949 -1.687855 -0.079155 -1.575164
    25 0.048864 -0.085541 0.028626 -1.715605 -0.034569 -1.653190
    26 0.173918 -0.198414 -0.336163 -1.668104 -0.422317 -1.710956
    27 0.446787 -0.494133 0.396323 0.457988 -0.443923 -1.167613
    28 2.356265 0.010252 0.005009 -0.304005 -0.029854 -0.496318
    29 1.241400 0.004522 -0.010680 -0.000028 0.000034 -0.577668
    30 -0.267709 0.037512 -0.093907 2.913812 -0.143386 0.078467
    31 -0.029266 0.205410 -0.329287 2.788574 -0.255486 -0.188917
    32 0.204373 0.521055 -0.268577 2.886669 0.042206 -0.230367
    33 0.195697 -0.010059 -0.293538 -1.333586 0.150863 -1.672749
    34 1.257181 8.762590 -0.153713 -1.570562 0.002683 -1.566808
    35 -0.093500 -0.114213 -0.738866 -1.570842 0.061811 0.002096
    36 0.010843 0.093623 -0.081439 -3.141462 0.041719 -1.568236
    37 12.639781 -9.012624 -26.380995 -3.694036 0.028781 4.364862
    38 0.104748 -10.669237 -0.009359 -0.233742 -0.210334 0.279585
    39 0.549521 -3.646670 -0.341066 -1.629795 -0.042071 -0.024402
    40 0.021779 -1.499734 0.004947 -0.415936 0.000001 -0.000004
    41 0.008139 -0.932386 -0.004582 -0.886709 -0.000002 -0.000001
    42 0.006928 0.005327 -0.181358 -1.528500 -0.248579 -1.611362
    43 -0.052313 0.038588 -0.230758 -1.592493 -0.043415 -1.528515
    44 -0.232600 -0.209658 -0.420670 -1.713790 -0.167173 -1.438930
    45 -0.222187 -3.737618 -0.342176 -1.674038 -0.000005 -0.000032
    46 0.023707 -1.578467 0.010076 -0.357728 0.000008 -0.000021
    47 0.008291 -1.172547 0.004156 -0.523617 0.000033 0.000030
    48 -0.038065 0.069166 -0.159882 -1.816986 0.066178 -1.575392
    49 -0.025151 0.088760 -0.068837 -1.817843 0.044510 -1.568287
    50 -0.102916 -0.186983 -0.272246 -1.833683 -0.232962 -1.472375
    51 -1.030272 -3.574231 -0.339254 -1.450652 0.000031 -0.000003
    52 0.001134 -1.610108 0.006277 -0.422896 0.000003 -0.000002
    53 0.009693 -0.949964 0.004417 -0.635221 0.000001 0.000001
    54 -0.004241 0.043707 -0.080202 -2.014997 -0.186996 -1.460723
    55 0.015383 -0.089136 -0.030009 -2.006083 0.036346 -1.568629
    56 -0.022610 -0.212358 -0.177904 -1.933161 -0.118801 -1.518895
    57 1.309013 -3.223640 -0.342208 -1.414043 -0.071091 -0.037819
    58 0.004503 -1.238418 0.006086 -1.282027 0.000004 0.000009
    59 0.007081 -0.778514 -0.004222 -1.080387 -0.000006 -0.000004
    60 -0.067138 0.063251 -0.010961 -0.899214 -0.014515 -1.600326
    61 -0.151180 -0.007395 -0.070065 -0.913061 -0.118819 -1.408558
    62 -0.178164 -0.244680 -0.357067 -1.159916 -0.384260 -1.556110
    63 -0.385010 -0.459229 0.383545 -0.129647 -0.511419 -2.796852
    64 2.472082 0.027427 0.005130 -0.100200 -0.030412 0.255795
    65 1.219513 0.005448 -0.005766 -0.000003 0.026333 0.300133
    66 -0.263408 -0.117640 -0.015657 0.000036 -0.082210 -0.026800
    67 0.007707 -0.334360 -0.191576 0.070788 -0.181563 0.282364
    68 0.225562 -0.567923 -0.420715 0.119895 -0.183798 0.223460
    69 -0.203683 -0.095654 -0.328304 -1.745077 0.075142 -1.515382
    70 -1.393460 8.839182 -0.239440 1.580804 -0.005024 -1.566848
    71 0.036020 0.082814 -0.692656 -1.570769 0.065989 0.001276
    72 -0.088586 0.054019 -0.088595 0.010231 0.033800 -1.560851
    73 0.120153 -0.050270 -0.054489 -2.854024 0.030688 -1.580508
    74 -0.139399 -0.111692 0.014400 0.285395 -0.031353 1.580313
    75 1.815922 -4.953960 0.956709 -1.247037 1.437608 -1.233843
    76 1.280673 -7.522364 1.257767 -1.247037 1.437608 -1.233843
    77 3.914122 -5.194223 1.336679 -1.102199 1.470090 -1.123171
    78 3.733238 -6.026484 1.177255 -1.247037 1.437608 -1.233843
    79 3.354242 -6.873898 2.031802 -2.592087 1.327342 -2.594822
    80 3.371094 17.859375 -1.857422 -1.247037 1.437608 -1.233843
  time 5
    0 1.629157 0.000000 0.541027 0.000000 0.000000 -1.570796
    1 0.919222 6.820707 -16.369124 6.142278 -1.421136 -4.558349
    2 -0.005512 -10.698019 -0.006478 0.252583 -0.286087 -0.452231
    3 -0.652832 -3.630859 -0.348633 -1.107361 -0.060909 -0.152581
    4 -0.013245 -1.508789 0.000002 -1.179837 0.000000 0.000000
    5 -0.000001 -0.953613 0.000000 -1.228718 0.000000 0.000000
    6 0.007988 0.172186 -0.118553 -1.598091 -0.216549 -1.570593
    7 0.080660 0.135929 -0.203919 -1.506824 -0.066185 -1.662786
    8 0.117288 -0.155554 -0.604544 -1.412988 -0.374558 -1.569222
    9 0.128052 -3.761719 -0.348633 -0.873865 -0.036146 -0.178589
    10 -0.006790 -1.567259 0.006726 -1.223362 0.000000 -0.000003
    11 0.000002 -1.163086 -0.000004 -1.567299 0.000000 0.000000
    12 -0.018589 0.129951 -0.123721 -1.294580 0.001302 -1.635383
    13 -0.006160 0.170065 -0.110169 -1.280084 -0.068681 -1.597215
    14 0.047100 -0.104074 -0.352264 -1.243368 -0.257298 -1.694346
    15 0.949219 -3.619141 -0.348633 -0.197224 0.000005 0.130897
    16 -0.015396 -1.600586 0.000000 -0.589916 0.000000 0.000000
    17 -0.006736 -0.941812 0.007065 -0.593400 0.000000 -0.000001
    18 -0.022325 0.045425 -0.038284 -1.125544 -0.129230 -1.681412
    19 -0.042901 -0.061274 -0.071212 -1.124462 -0.060454 -1.586099
    20 0.063741 -0.109104 -0.248158 -1.142813 -0.125805 -1.693583
    21 -1.399439 -3.245525 -0.346207 -1.174547 -0.118715 -0.146526
    22 0.013458 -1.203125 0.000002 -0.977387 0.000000 0.000000
    23 -0.020049 -0.797217 0.006185 -1.034950 0.000001 0.000004
    24 -0.011720 0.093267 0.017949 -1.687855 -0.079155 -1.575164
    25 0.048864 -0.085541 0.028626 -1.715605 -0.034569 -1.653190
    26 0.173918 -0.198414 -0.336163 -1.668104 -0.422317 -1.710956
    27 0.442881 -0.490226 0.396323 0.457988 -0.443923 -1.167613
    28 2.356265 0.010252 0.001103 -0.304005 -0.029854 -0.496318
    29 1.249213 0.004522 -0.010680 -0.000028 0.000034 -0.577668
    30 -0.267709 0.037512 -0.093907 2.913812 -0.143386 0.078467
    31 -0.029266 0.205410 -0.329287 2.788574 -0.255486 -0.188917
    32 0.204373 0.521055 -0.268577 2.886669 0.042206 -0.230367
    33 0.195697 -0.010059 -0.293538 -1.333586 0.150863 -1.672749
    34 1.257181 8.762590 -0.153713 -1.570562 0.002683 -1.566808
    35 -0.093500 -0.114213 -0.738866 -1.570842 0.061811 0.002096
    36 0.010843 0.093623 -0.081439 -3.141462 0.041719 -1.568236
    37 9.577188 -11.422854 -21.275370 -3.478014 -0.054923 4.529340
    38 0.104748 -10.677050 -0.009359 -0.250079 -0.205229 0.277432
    39 0.549521 -3.650577 -0.344972 -1.644748 -0.042239 -0.024150
    40 0.021779 -1.503640 0.001040 -0.418037 0.000001 -0.000004
    41 0.008139 -0.932386 -0.004582 -0.885383 -0.000002 -0.000001
    42 0.006928 0.005327 -0.181358 -1.528500 -0.248579 -1.611362
    43 -0.052313 0.038588 -0.230758 -1.592493 -0.043415 -1.528515
    44 -0.232600 -0.209658 -0.420670 -1.713790 -0.167173 -1.438930
    45 -0.214374 -3.733712 -0.346082 -1.689012 -0.000005 -0.000032
    46 0.019801 -1.582373 0.002263 -0.357728 -0.000004 -0.000021
    47 0.004385 -1.172547 0.008063 -0.519307 0.000033 0.000030
    48 -0.038065 0.069166 -0.159882 -1.816986 0.066178 -1.575392
    49 -0.025151 0.088760 -0.068837 -1.817843 0.044510 -1.568287
    50 -0.102916 -0.186983 -0.272246 -1.833683 -0.232962 -1.472375
    51 -1.030272 -3.578138 -0.335347 -1.465632 0.000031 -0.000003
    52 0.005040 -1.610108 0.002371 -0.424991 0.000003 -0.000002
    53 0.009693 -0.949964 0.004417 -0.631072 0.000001 0.000001
    54 -0.004241 0.043707 -0.080202 -2.014997 -0.186996 -1.460723
    55 0.015383 -0.089136 -0.030009 -2.006083 0.036346 -1.568629
    56 -0.022610 -0.212358 -0.177904 -1.933161 -0.118801 -1.518895
    57 1.305107 -3.227547 -0.346115 -1.428563 -0.071283 -0.037399
    58 0.000596 -1.242324 0.009992 -1.299190 0.000004 0.000009
    59 0.007081 -0.774607 -0.008129 -1.085211 -0.000006 -0.000004
    60 -0.067138 0.063251 -0.010961 -0.899214 -0.014515 -1.600326
    61 -0.151180 -0.007395 -0.070065 -0.913061 -0.118819 -1.408558
    62 -0.178164 -0.244680 -0.357067 -1.159916 -0.384260 -1.556110
    63 -0.385010 -0.459229 0.383545 -0.129647 -0.511419 -2.796852
    64 2.472082 0.027427 0.001224 -0.100128 -0.030604 0.253800
    65 1.219513 0.013261 -0.005766 -0.000003 0.032094 0.300133
    66 -0.263408 -0.117640 -0.015657 0.000036 -0.082210 -0.026800
    67 0.007707 -0.334360 -0.191576 0.070788 -0.181563 0.282364
    68 0.225562 -0.567923 -0.420715 0.119895 -0.183798 0.223460
    69 -0.203683 -0.095654 -0.328304 -1.745077 0.075142 -1.515382
    70 -1.393460 8.839182 -0.239440 1.580804 -0.005024 -1.566848
    71 0.036020 0.082814 -0.692656 -1.570769 0.065989 0.001276
    72 -0.088586 0.054019 -0.088595 0.010231 0.033800 -1.560851
    73 0.120153 -0.050270 -0.054489 -2.854024 0.030688 -1.580508
    74 -0.139399 -0.111692 0.014400 0.285395 -0.031353 1.580313
    75 1.815922 -4.953960 0.956709 -1.247037 1.437608 -1.233843
    76 1.280673 -7.522364 1.257767 -1.247037 1.437608 -1.233843
    77 3.914122 -5.194223 1.336679 -1.102199 1.470090 -1.123171
    78 3.733238 -6.026484 1.177255 -1.247037 1.437608 -1.233843
    79 3.354242 -6.873898 2.031802 -2.592087 1.327342 -2.594822
    80 3.371094 17.859375 -1.857422 -1.247037 1.437608 -1.233843
  time 6
    0 1.629157 0.000000 0.541027 0.000000 0.000000 -1.570796
    1 1.259076 6.488665 -15.759730 5.674546 -1.373872 -4.150708
    2 -0.001605 -10.694113 -0.002571 0.258778 -0.267525 -0.480150
    3 -0.652832 -3.630859 -0.348633 -1.107361 -0.060909 -0.152581
    4 -0.013245 -1.508789 0.000002 -1.179837 0.000000 0.000000
    5 -0.000001 -0.953613 0.000000 -1.228718 0.000000 0.000000
    6 0.007988 0.172186 -0.118553 -1.598091 -0.216549 -1.570593
    7 0.080660 0.135929 -0.203919 -1.506824 -0.066185 -1.662786
    8 0.117288 -0.155554 -0.604544 -1.412988 -0.374558 -1.569222
    9 0.128052 -3.761719 -0.348633 -0.873865 -0.036146 -0.178589
    10 -0.002883 -1.567259 0.006726 -1.223438 0.000000 -0.000003
    11 0.000002 -1.163086 -0.000004 -1.567299 0.000000 0.000000
    12 -0.018589 0.129951 -0.123721 -1.294580 0.001302 -1.635383
    13 -0.006160 0.170065 -0.110169 -1.280084 -0.068681 -1.597215
    14 0.047100 -0.104074 -0.352264 -1.243368 -0.257298 -1.694346
    15 0.949219 -3.619141 -0.348633 -0.197224 0.000005 0.130897
    16 -0.015396 -1.600586 0.000000 -0.589916 0.000000 0.000000
    17 -0.006736 -0.945718 0.003159 -0.593400 0.000000 -0.000001
    18 -0.022325 0.045425 -0.038284 -1.125544 -0.129230 -1.681412
    19 -0.042901 -0.061274 -0.071212 -1.124462 -0.060454 -1.586099
    20 0.063741 -0.109104 -0.248158 -1.142813 -0.125805 -1.693583
    21 -1.403345 -3.245525 -0.338395 -1.174547 -0.118715 -0.146526
    22 0.013458 -1.203125 0.000002 -0.977387 0.000000 0.000000
    23 -0.020049 -0.797217 0.002278 -1.034950 0.000001 0.000004
    24 -0.011720 0.093267 0.017949 -1.687855 -0.079155 -1.575164
    25 0.048864 -0.085541 0.028626 -1.715605 -0.034569 -1.653190
    26 0.173918 -0.198414 -0.336163 -1.668104 -0.422317 -1.710956
    27 0.446787 -0.490226 0.396323 0.457988 -0.443923 -1.167613
    28 2.356265 0.014158 0.005009 -0.304005 -0.029854 -0.496318
    29 1.249213 0.004522 -0.002867 -0.000028 0.000034 -0.577668
    30 -0.267709 0.037512 -0.093907 2.913812 -0.143386 0.078467
    31 -0.029266 0.205410 -0.329287 2.788574 -0.255486 -0.188917
    32 0.204373 0.521055 -0.268577 2.886669 0.042206 -0.230367
    33 0.195697 -0.010059 -0.293538 -1.333586 0.150863 -1.672749
    34 1.257181 8.762590 -0.153713 -1.570562 0.002683 -1.566808
    35 -0.093500 -0.114213 -0.738866 -1.570842 0.061811 0.002096
    36 0.010843 0.093623 -0.081439 -3.141462 0.041719 -1.568236
    37 6.745070 -12.887743 -16.552570 -3.277784 -0.156821 4.686376
    38 0.104748 -10.669237 -0.005453 -0.265851 -0.200243 0.275214
    39 0.549521 -3.650577 -0.344972 -1.659447 -0.042335 -0.023982
    40 0.017872 -1.507546 0.001040 -0.420291 0.000001 -0.000004
    41 0.004232 -0.932386 -0.004582 -0.882636 -0.000002 -0.000001
    42 0.006928 0.005327 -0.181358 -1.528500 -0.248579 -1.611362
    43 -0.052313 0.038588 -0.230758 -1.592493 -0.043415 -1.528515
    44 -0.232600 -0.209658 -0.420670 -1.713790 -0.167173 -1.438930
    45 -0.214374 -3.733712 -0.342176 -1.703519 -0.000005 -0.000032
    46 0.019801 -1.578467 0.006169 -0.358015 -0.000016 -0.000033
    47 0.004385 -1.168640 0.000250 -0.514248 0.000033 0.000030
    48 -0.038065 0.069166 -0.159882 -1.816986 0.066178 -1.575392
    49 -0.025151 0.088760 -0.068837 -1.817843 0.044510 -1.568287
    50 -0.102916 -0.186983 -0.272246 -1.833683 -0.232962 -1.472375
    51 -1.030272 -3.578138 -0.343160 -1.480176 0.000031 -0.000003
    52 0.001134 -1.610108 0.002371 -0.427277 0.000003 -0.000002
    53 0.009693 -0.949964 0.004417 -0.626222 0.000001 0.000001
    54 -0.004241 0.043707 -0.080202 -2.014997 -0.186996 -1.460723
    55 0.015383 -0.089136 -0.030009 -2.006083 0.036346 -1.568629
    56 -0.022610 -0.212358 -0.177904 -1.933161 -0.118801 -1.518895
    57 1.305107 -3.227547 -0.338302 -1.442823 -0.071426 -0.037130
    58 0.004503 -1.238418 0.002180 -1.314940 0.000004 0.000009
    59 0.007081 -0.774607 -0.004222 -1.087345 -0.000006 -0.000004
    60 -0.067138 0.063251 -0.010961 -0.899214 -0.014515 -1.600326
    61 -0.151180 -0.007395 -0.070065 -0.913061 -0.118819 -1.408558
    62 -0.178164 -0.244680 -0.357067 -1.159916 -0.384260 -1.556110
    63 -0.385010 -0.459229 0.383545 -0.129647 -0.511419 -2.796852
    64 2.464269 0.027427 0.005130 -0.100081 -0.030820 0.251935
    65 1.219513 0.013261 -0.005766 -0.000003 0.037494 0.300133
    66 -0.263408 -0.117640 -0.015657 0.000036 -0.082210 -0.026800
    67 0.007707 -0.334360 -0.191576 0.070788 -0.181563 0.282364
    68 0.225562 -0.567923 -0.420715 0.119895 -0.183798 0.223460
    69 -0.203683 -0.095654 -0.328304 -1.745077 0.075142 -1.515382
    70 -1.393460 8.839182 -0.239440 1.580804 -0.005024 -1.566848
    71 0.036020 0.082814 -0.692656 -1.570769 0.065989 0.001276
    72 -0.088586 0.054019 -0.088595 0.010231 0.033800 -1.560851
    73 0.120153 -0.050270 -0.054489 -2.854024 0.030688 -1.580508
    74 -0.139399 -0.111692 0.014400 0.285395 -0.031353 1.580313
    75 1.815922 -4.953960 0.956709 -1.247037 1.437608 -1.233843
    76 1.280673 -7.522364 1.257767 -1.247037 1.437608 -1.233843
    77 3.914122 -5.194223 1.336679 -1.102199 1.470090 -1.123171
    78 3.733238 -6.026484 1.177255 -1.247037 1.437608 -1.233843
    79 3.354242 -6.873898 2.031802 -2.592087 1.327342 -2.594822
    80 3.371094 17.859375 -1.857422 -1.247037 1.437608 -1.233843
  time 7
    0 1.629157 0.000000 0.541027 0.000000 0.000000 -1.570796
    1 0.977818 6.379287 -14.478441 5.545491 -1.180119 -4.123672
    2 -0.009418 -10.698019 -0.002571 0.257618 -0.257782 -0.481591
    3 -0.652832 -3.630859 -0.348633 -1.107361 -0.060909 -0.152581
    4 -0.013245 -1.508789 0.000002 -1.179837 0.000000 0.000000
    5 -0.000001 -0.953613 0.000000 -1.228718 0.000000 0.000000
    6 0.007988 0.172186 -0.118553 -1.598091 -0.216549 -1.570593
    7 0.080660 0.135929 -0.203919 -1.506824 -0.066185 -1.662786
    8 0.117288 -0.155554 -0.604544 -1.412988 -0.374558 -1.569222
    9 0.128052 -3.761719 -0.348633 -0.873865 -0.036146 -0.178589
    10 -0.006790 -1.567259 0.006726 -1.223438 0.000000 -0.000003
    11 0.000002 -1.163086 -0.000004 -1.567299 0.000000 0.000000
    12 -0.018589 0.129951 -0.123721 -1.294580 0.001302 -1.635383
    13 -0.006160 0.170065 -0.110169 -1.280084 -0.068681 -1.597215
    14 0.047100 -0.104074 -0.352264 -1.243368 -0.257298 -1.694346
    15 0.949219 -3.619141 -0.348633 -0.197224 0.000005 0.130897
    16 -0.015396 -1.600586 0.000000 -0.589916 0.000000 0.000000
    17 -0.006736 -0.941812 0.010971 -0.593400 0.000000 -0.000001
    18 -0.022325 0.045425 -0.038284 -1.125544 -0.129230 -1.681412
    19 -0.042901 -0.061274 -0.071212 -1.124462 -0.060454 -1.586099
    20 0.063741 -0.109104 -0.248158 -1.142813 -0.125805 -1.693583
    21 -1.403345 -3.241619 -0.338395 -1.174547 -0.118715 -0.146526
    22 0.013458 -1.203125 0.000002 -0.977387 0.000000 0.000000
    23 -0.020049 -0.797217 0.002278 -1.034950 0.000001 0.000004
    24 -0.011720 0.093267 0.017949 -1.687855 -0.079155 -1.575164
    25 0.048864 -0.085541 0.028626 -1.715605 -0.034569 -1.653190
    26 0.173918 -0.198414 -0.336163 -1.668104 -0.422317 -1.710956
    27 0.442881 -0.486320 0.396323 0.457988 -0.443923 -1.167613
    28 2.356265 0.010252 0.005009 -0.303993 -0.029854 -0.496318
    29 1.245306 0.004522 -0.002867 -0.000028 0.000034 -0.577668
    30 -0.267709 0.037512 -0.093907 2.913812 -0.143386 0.078467
    31 -0.029266 0.205410 -0.329287 2.788574 -0.255486 -0.188917
    32 0.204373 0.521055 -0.268577 2.886669 0.042206 -0.230367
    33 0.195697 -0.010059 -0.293538 -1.333586 0.150863 -1.672749
    34 1.257181 8.762590 -0.153713 -1.570562 0.002683 -1.566808
    35 -0.093500 -0.114213 -0.738866 -1.570842 0.061811 0.002096
    36 0.010843 0.093623 -0.081439 -3.141462 0.041719 -1.568236
    37 4.694226 -12.879930 -13.509508 -3.099185 -0.271957 -1.453885
    38 0.104748 -10.673144 -0.005453 -0.280624 -0.195474 0.272900
    39 0.549521 -3.646670 -0.337160 -1.673506 -0.042395 -0.023899
    40 0.021779 -1.503640 0.001040 -0.422855 0.000001 -0.000004
    41 0.008139 -0.928479 -0.008488 -0.878374 -0.000002 -0.000001
    42 0.006928 0.005327 -0.181358 -1.528500 -0.248579 -1.611362
    43 -0.052313 0.038588 -0.230758 -1.592493 -0.043415 -1.528515
    44 -0.232600 -0.209658 -0.420670 -1.713790 -0.167173 -1.438930
    45 -0.218280 -3.733712 -0.338269 -1.717677 -0.000005 -0.000032
    46 0.023707 -1.582373 0.006169 -0.358015 -0.000028 -0.000033
    47 0.000478 -1.172547 0.000250 -0.509189 0.000033 0.000030
    48 -0.038065 0.069166 -0.159882 -1.816986 0.066178 -1.575392
    49 -0.025151 0.088760 -0.068837 -1.817843 0.044510 -1.568287
    50 -0.102916 -0.186983 -0.272246 -1.833683 -0.232962 -1.472375
    51 -1.030272 -3.578138 -0.339254 -1.494175 0.000031 -0.000003
    52 0.001134 -1.606202 0.006277 -0.429753 0.000003 -0.000002
    53 0.005787 -0.949964 0.008323 -0.620941 0.000001 0.000001
    54 -0.004241 0.043707 -0.080202 -2.014997 -0.186996 -1.460723
    55 0.015383 -0.089136 -0.030009 -2.006083 0.036346 -1.568629
    56 -0.022610 -0.212358 -0.177904 -1.933161 -0.118801 -1.518895
    57 1.305107 -3.227547 -0.338302 -1.456562 -0.071534 -0.036945
    58 0.000596 -1.238418 0.009992 -1.329111 0.000004 0.000009
    59 0.007081 -0.778514 -0.004222 -1.087252 -0.000006 -0.000004
    60 -0.067138 0.063251 -0.010961 -0.899214 -0.014515 -1.600326
    61 -0.151180 -0.007395 -0.070065 -0.913061 -0.118819 -1.408558
    62 -0.178164 -0.244680 -0.357067 -1.159916 -0.384260 -1.556110
    63 -0.385010 -0.459229 0.383545 -0.129647 -0.511419 -2.796852
    64 2.472082 0.027427 0.005130 -0.100045 -0.031000 0.250157
    65 1.223420 0.013261 -0.005766 -0.000003 0.042591 0.300133
    66 -0.263408 -0.117640 -0.015657 0.000036 -0.082210 -0.026800
    67 0.007707 -0.334360 -0.191576 0.070788 -0.181563 0.282364
    68 0.225562 -0.567923 -0.420715 0.119895 -0.183798 0.223460
    69 -0.203683 -0.095654 -0.328304 -1.745077 0.075142 -1.515382
    70 -1.393460 8.839182 -0.239440 1.580804 -0.005024 -1.566848
    71 0.036020 0.082814 -0.692656 -1.570769 0.065989 0.001276
    72 -0.088586 0.054019 -0.088595 0.010231 0.033800 -1.560851
    73 0.120153 -0.050270 -0.054489 -2.854024 0.030688 -1.580508
    74 -0.139399 -0.111692 0.014400 0.285395 -0.031353 1.580313
    75 1.815922 -4.953960 0.956709 -1.247037 1.437608 -1.233843
    76 1.280673 -7.522364 1.257767 -1.247037 1.437608 -1.233843
    77 3.914122 -5.194223 1.336679 -1.102199 1.470090 -1.123171
    78 3.733238 -6.026484 1.177255 -1.247037 1.437608 -1.233843
    79 3.354242 -6.873898 2.031802 -2.592087 1.327342 -2.594822
    80 3.371094 17.859375 -1.857422 -1.247037 1.437608 -1.233843
  time 8
    0 1.629157 0.000000 0.541027 0.000000 0.000000 -1.570796
    1 0.427020 6.375381 -12.818234 5.571522 -0.942744 -4.248208
    2 -0.001605 -10.701926 -0.006478 0.224497 -0.262124 -0.359933
    3 -0.652832 -3.630859 -0.348633 -1.107361 -0.060909 -0.152581
    4 -0.013245 -1.508789 0.000002 -1.179837 0.000000 0.000000
    5 -0.000001 -0.953613 0.000000 -1.228718 0.000000 0.000000
    6 0.007988 0.172186 -0.118553 -1.598091 -0.216549 -1.570593
    7 0.080660 0.135929 -0.203919 -1.506824 -0.066185 -1.662786
    8 0.117288 -0.155554 -0.604544 -1.412988 -0.374558 -1.569222
    9 0.128052 -3.761719 -0.348633 -0.873865 -0.036146 -0.178589
    10 -0.010696 -1.567259 0.006726 -1.223362 0.000000 -0.000003
    11 0.000002 -1.163086 -0.000004 -1.567299 0.000000 0.000000
    12 -0.018589 0.129951 -0.123721 -1.294580 0.001302 -1.635383
    13 -0.006160 0.170065 -0.110169 -1.280084 -0.068681 -1.597215
    14 0.047100 -0.104074 -0.352264 -1.243368 -0.257298 -1.694346
    15 0.949219 -3.619141 -0.348633 -0.197224 0.000005 0.130897
    16 -0.015396 -1.600586 0.000000 -0.589916 0.000000 0.000000
    17 -0.006736 -0.941812 0.007065 -0.593400 0.000000 -0.000001
    18 -0.022325 0.045425 -0.038284 -1.125544 -0.129230 -1.681412
    19 -0.042901 -0.061274 -0.071212 -1.124462 -0.060454 -1.586099
    20 0.063741 -0.109104 -0.248158 -1.142813 -0.125805 -1.693583
    21 -1.403345 -3.249431 -0.338395 -1.174547 -0.118715 -0.146526
    22 0.013458 -1.203125 0.000002 -0.977387 0.000000 0.000000
    23 -0.020049 -0.797217 0.002278 -1.034950 0.000001 0.000004
    24 -0.011720 0.093267 0.017949 -1.687855 -0.079155 -1.575164
    25 0.048864 -0.085541 0.028626 -1.715605 -0.034569 -1.653190
    26 0.173918 -0.198414 -0.336163 -1.668104 -0.422317 -1.710956
    27 0.438974 -0.490226 0.396323 0.457988 -0.443923 -1.167613
    28 2.356265 0.010252 0.005009 -0.304005 -0.029854 -0.496318
    29 1.245306 0.004522 -0.002867 -0.000028 0.000034 -0.577668
    30 -0.267709 0.037512 -0.093907 2.913812 -0.143386 0.078467
    31 -0.029266 0.205410 -0.329287 2.788574 -0.255486 -0.188917
    32 0.204373 0.521055 -0.268577 2.886669 0.042206 -0.230367
    33 0.195697 -0.010059 -0.293538 -1.333586 0.150863 -1.672749
    34 1.257181 8.762590 -0.153713 -1.570562 0.002683 -1.566808
    35 -0.093500 -0.114213 -0.738866 -1.570842 0.061811 0.002096
    36 0.010843 0.093623 -0.081439 -3.141462 0.041719 -1.568236
    37 3.006675 -10.848618 -11.357099 -2.944036 -0.393485 -1.329954
    38 0.100841 -10.673144 -0.009359 -0.294528 -0.190920 0.270586
    39 0.549521 -3.650577 -0.337160 -1.686734 -0.042431 -0.023863
    40 0.017872 -1.503640 0.004947 -0.425418 0.000001 -0.000004
    41 0.004232 -0.932386 -0.008488 -0.873449 -0.000002 -0.000001
    42 0.006928 0.005327 -0.181358 -1.528500 -0.248579 -1.611362
    43 -0.052313 0.038588 -0.230758 -1.592493 -0.043415 -1.528515
    44 -0.232600 -0.209658 -0.420670 -1.713790 -0.167173 -1.438930
    45 -0.222187 -3.737618 -0.346082 -1.730844 -0.000005 -0.000032
    46 0.023707 -1.582373 0.006169 -0.358015 -0.000052 -0.000045
    47 0.004385 -1.172547 0.000250 -0.503755 0.000033 0.000030
    48 -0.038065 0.069166 -0.159882 -1.816986 0.066178 -1.575392
    49 -0.025151 0.088760 -0.068837 -1.817843 0.044510 -1.568287
    50 -0.102916 -0.186983 -0.272246 -1.833683 -0.232962 -1.472375
    51 -1.030272 -3.578138 -0.339254 -1.507575 0.000031 -0.000003
    52 0.001134 -1.610108 0.002371 -0.432467 0.000003 -0.000002
    53 0.005787 -0.949964 0.008323 -0.615336 0.000001 0.000001
    54 -0.004241 0.043707 -0.080202 -2.014997 -0.186996 -1.460723
    55 0.015383 -0.089136 -0.030009 -2.006083 0.036346 -1.568629
    56 -0.022610 -0.212358 -0.177904 -1.933161 -0.118801 -1.518895
    57 1.305107 -3.227547 -0.338302 -1.469624 -0.071618 -0.036844
    58 0.000596 -1.242324 0.006086 -1.341661 0.000004 0.000009
    59 0.007081 -0.774607 -0.004222 -1.084933 -0.000006 -0.000004
    60 -0.067138 0.063251 -0.010961 -0.899214 -0.014515 -1.600326
    61 -0.151180 -0.007395 -0.070065 -0.913061 -0.118819 -1.408558
    62 -0.178164 -0.244680 -0.357067 -1.159916 -0.384260 -1.556110
    63 -0.385010 -0.459229 0.383545 -0.129647 -0.511419 -2.796852
    64 2.472082 0.027427 0.005130 -0.099997 -0.031144 0.248509
    65 1.223420 0.013261 -0.005766 -0.000003 0.047341 0.300133
    66 -0.263408 -0.117640 -0.015657 0.000036 -0.082210 -0.026800
    67 0.007707 -0.334360 -0.191576 0.070788 -0.181563 0.282364
    68 0.225562 -0.567923 -0.420715 0.119895 -0.183798 0.223460
    69 -0.203683 -0.095654 -0.328304 -1.745077 0.075142 -1.515382
    70 -1.393460 8.839182 -0.239440 1.580804 -0.005024 -1.566848
    71 0.036020 0.082814 -0.692656 -1.570769 0.065989 0.001276
    72 -0.088586 0.054019 -0.088595 0.010231 0.033800 -1.560851
    73 0.120153 -0.050270 -0.054489 -2.854024 0.030688 -1.580508
    74 -0.139399 -0.111692 0.014400 0.285395 -0.031353 1.580313
    75 1.815922 -4.953960 0.956709 -1.247037 1.437608 -1.233843
    76 1.280673 -7.522364 1.257767 -1.247037 1.437608 -1.233843
    77 3.914122 -5.194223 1.336679 -1.102199 1.470090 -1.123171
    78 3.733238 -6.026484 1.177255 -1.247037 1.437608 -1.233843
    79 3.354242 -6.873898 2.031802 -2.592087 1.327342 -2.594822
    80 3.371094 17.859375 -1.857422 -1.247037 1.437608 -1.233843
  time 9
    0 1.629157 0.000000 0.541027 0.000000 0.000000 -1.570796
    1 0.134042 6.387100 -12.001803 5.569505 -0.771812 -4.318577
    2 -0.009418 -10.701926 -0.006478 0.170299 -0.272379 -0.154079
    3 -0.652832 -3.630859 -0.348633 -1.107361 -0.060909 -0.152581
    4 -0.013245 -1.508789 0.000002 -1.179837 0.000000 0.000000
    5 -0.000001 -0.953613 0.000000 -1.228718 0.000000 0.000000
    6 0.007988 0.172186 -0.118553 -1.598091 -0.216549 -1.570593
    7 0.080660 0.135929 -0.203919 -1.506824 -0.066185 -1.662786
    8 0.117288 -0.155554 -0.604544 -1.412988 -0.374558 -1.569222
    9 0.128052 -3.761719 -0.348633 -0.873865 -0.036146 -0.178589
    10 -0.010696 -1.567259 0.006726 -1.223362 0.000000 -0.000003
    11 0.000002 -1.163086 -0.000004 -1.567299 0.000000 0.000000
    12 -0.018589 0.129951 -0.123721 -1.294580 0.001302 -1.635383
    13 -0.006160 0.170065 -0.110169 -1.280084 -0.068681 -1.597215
    14 0.047100 -0.104074 -0.352264 -1.243368 -0.257298 -1.694346
    15 0.949219 -3.619141 -0.348633 -0.197224 0.000005 0.130897
    16 -0.015396 -1.600586 0.000000 -0.589916 0.000000 0.000000
    17 -0.002829 -0.945718 0.010971 -0.593400 0.000000 -0.000001
    18 -0.022325 0.045425 -0.038284 -1.125544 -0.129230 -1.681412
    19 -0.042901 -0.061274 -0.071212 -1.124462 -0.060454 -1.586099
    20 0.063741 -0.109104 -0.248158 -1.142813 -0.125805 -1.693583
    21 -1.403345 -3.245525 -0.342301 -1.174547 -0.118715 -0.146526
    22 0.013458 -1.203125 0.000002 -0.977387 0.000000 0.000000
    23 -0.020049 -0.797217 0.010091 -1.034950 0.000001 0.000004
    24 -0.011720 0.093267 0.017949 -1.687855 -0.079155 -1.575164
    25 0.048864 -0.085541 0.028626 -1.715605 -0.034569 -1.653190
    26 0.173918 -0.198414 -0.336163 -1.668104 -0.422317 -1.710956
    27 0.446787 -0.490226 0.392416 0.457988 -0.443923 -1.167613
    28 2.356265 0.010252 0.001103 -0.304005 -0.029854 -0.496318
    29 1.245306 0.004522 -0.002867 -0.000028 0.000034 -0.577668
    30 -0.267709 0.037512 -0.093907 2.913812 -0.143386 0.078467
    31 -0.029266 0.205410 -0.329287 2.788574 -0.255486 -0.188917
    32 0.204373 0.521055 -0.268577 2.886669 0.042206 -0.230367
    33 0.195697 -0.010059 -0.293538 -1.333586 0.150863 -1.672749
    34 1.257181 8.762590 -0.153713 -1.570562 0.002683 -1.566808
    35 -0.093500 -0.114213 -0.738866 -1.570842 0.061811 0.002096
    36 0.010843 0.093623 -0.081439 -3.141462 0.041719 -1.568236
    37 1.209745 -7.571174 -8.911711 -2.813389 -0.513537 -1.230065
    38 0.104748 -10.673144 -0.009359 -0.307389 -0.186654 0.268304
    39 0.553428 -3.646670 -0.337160 -1.699324 -0.042431 -0.023875
    40 0.017872 -1.499734 0.001040 -0.428136 0.000001 -0.000004
    41 0.008139 -0.928479 -0.008488 -0.867671 -0.000002 -0.000001
    42 0.006928 0.005327 -0.181358 -1.528500 -0.248579 -1.611362
    43 -0.052313 0.038588 -0.230758 -1.592493 -0.043415 -1.528515
    44 -0.232600 -0.209658 -0.420670 -1.713790 -0.167173 -1.438930
    45 -0.214374 -3.737618 -0.346082 -1.743487 -0.000005 -0.000032
    46 0.023707 -1.582373 0.010076 -0.358302 -0.000064 -0.000045
    47 0.000478 -1.172547 0.000250 -0.498040 0.000033 0.000030
    48 -0.038065 0.069166 -0.159882 -1.816986 0.066178 -1.575392
    49 -0.025151 0.088760 -0.068837 -1.817843 0.044510 -1.568287
    50 -0.102916 -0.186983 -0.272246 -1.833683 -0.232962 -1.472375
    51 -1.026365 -3.578138 -0.343160 -1.520049 0.000031 -0.000003
    52 0.001134 -1.610108 0.002371 -0.435181 0.000003 -0.000002
    53 0.009693 -0.949964 0.008323 -0.609678 0.000001 0.000001
    54 -0.004241 0.043707 -0.080202 -2.014997 -0.186996 -1.460723
    55 0.015383 -0.089136 -0.030009 -2.006083 0.036346 -1.568629
    56 -0.022610 -0.212358 -0.177904 -1.933161 -0.118801 -1.518895
    57 1.309013 -3.227547 -0.338302 -1.481958 -0.071630 -0.036844
    58 0.000596 -1.238418 0.009992 -1.352549 0.000004 0.000009
    59 0.007081 -0.774607 -0.004222 -1.081222 -0.000006 -0.000004
    60 -0.067138 0.063251 -0.010961 -0.899214 -0.014515 -1.600326
    61 -0.151180 -0.007395 -0.070065 -0.913061 -0.118819 -1.408558
    62 -0.178164 -0.244680 -0.357067 -1.159916 -0.384260 -1.556110
    63 -0.385010 -0.459229 0.383545 -0.129647 -0.511419 -2.796852
    64 2.472082 0.027427 0.005130 -0.099949 -0.031299 0.246861
    65 1.223420 0.013261 -0.005766 -0.000003 0.051774 0.300133
    66 -0.263408 -0.117640 -0.015657 0.000036 -0.082210 -0.026800
    67 0.007707 -0.334360 -0.191576 0.070788 -0.181563 0.282364
    68 0.225562 -0.567923 -0.420715 0.119895 -0.183798 0.223460
    69 -0.203683 -0.095654 -0.328304 -1.745077 0.075142 -1.515382
    70 -1.393460 8.839182 -0.239440 1.580804 -0.005024 -1.566848
    71 0.036020 0.082814 -0.692656 -1.570769 0.065989 0.001276
    72 -0.088586 0.054019 -0.088595 0.010231 0.033800 -1.560851
    73 0.120153 -0.050270 -0.054489 -2.854024 0.030688 -1.580508
    74 -0.139399 -0.111692 0.014400 0.285395 -0.031353 1.580313
    75 1.815922 -4.953960 0.956709 -1.247037 1.437608 -1.233843
    76 1.280673 -7.522364 1.257767 -1.247037 1.437608 -1.233843
    77 3.914122 -5.194223 1.336679 -1.102199 1.470090 -1.123171
    78 3.733238 -6.026484 1.177255 -1.247037 1.437608 -1.233843
    79 3.354242 -6.873898 2.031802 -2.592087 1.327342 -2.594822
    80 3.371094 17.859375 -1.857422 -1.247037 1.437608 -1.233843
  time 10
    0 1.629157 0.000000 0.541027 0.000000 0.000000 -1.570796
    1 0.134042 6.387100 -11.986178 5.558873 -0.727620 -4.330369
    2 -0.009418 -10.694113 -0.002571 0.130218 -0.272960 -0.004460
    3 -0.652832 -3.630859 -0.348633 -1.107361 -0.060909 -0.152581
    4 -0.013245 -1.508789 0.000002 -1.179837 0.000000 0.000000
    5 -0.000001 -0.953613 0.000000 -1.228718 0.000000 0.000000
    6 0.007988 0.172186 -0.118553 -1.598091 -0.216549 -1.570593
    7 0.080660 0.135929 -0.203919 -1.506824 -0.066185 -1.662786
    8 0.117288 -0.155554 -0.604544 -1.412988 -0.374558 -1.569222
    9 0.128052 -3.761719 -0.348633 -0.873865 -0.036146 -0.178589
    10 -0.010696 -1.571166 0.006726 -1.223362 0.000000 -0.000003
    11 0.000002 -1.163086 -0.000004 -1.567299 0.000000 0.000000
    12 -0.018589 0.129951 -0.123721 -1.294580 0.001302 -1.635383
    13 -0.006160 0.170065 -0.110169 -1.280084 -0.068681 -1.597215
    14 0.047100 -0.104074 -0.352264 -1.243368 -0.257298 -1.694346
    15 0.949219 -3.619141 -0.348633 -0.197224 0.000005 0.130897
    16 -0.015396 -1.600586 0.000000 -0.589916 0.000000 0.000000
    17 -0.006736 -0.941812 0.007065 -0.593400 0.000000 -0.000001
    18 -0.022325 0.045425 -0.038284 -1.125544 -0.129230 -1.681412
    19 -0.042901 -0.061274 -0.071212 -1.124462 -0.060454 -1.586099
    20 0.063741 -0.109104 -0.248158 -1.142813 -0.125805 -1.693583
    21 -1.399439 -3.241619 -0.338395 -1.174547 -0.118715 -0.146526
    22 0.013458 -1.203125 0.000002 -0.977387 0.000000 0.000000
    23 -0.020049 -0.797217 0.002278 -1.034950 0.000001 0.000004
    24 -0.011720 0.093267 0.017949 -1.687855 -0.079155 -1.575164
    25 0.048864 -0.085541 0.028626 -1.715605 -0.034569 -1.653190
    26 0.173918 -0.198414 -0.336163 -1.668104 -0.422317 -1.710956
    27 0.442881 -0.490226 0.396323 0.457988 -0.443923 -1.167613
    28 2.356265 0.010252 0.005009 -0.303993 -0.029854 -0.496318
    29 1.245306 0.004522 -0.002867 -0.000028 0.000034 -0.577668
    30 -0.267709 0.037512 -0.093907 2.913812 -0.143386 0.078467
    31 -0.029266 0.205410 -0.329287 2.788574 -0.255486 -0.188917
    32 0.204373 0.521055 -0.268577 2.886669 0.042206 -0.230367
    33 0.195697 -0.010059 -0.293538 -1.333586 0.150863 -1.672749
    34 1.257181 8.762590 -0.153713 -1.570562 0.002683 -1.566808
    35 -0.093500 -0.114213 -0.738866 -1.570842 0.061811 0.002096
    36 0.010843 0.093623 -0.081439 -3.141462 0.041719 -1.568236
    37 -0.216080 -4.535925 -6.907744 -2.707053 -0.624664 -1.160038
    38 0.104748 -10.673144 -0.009359 -0.318946 -0.182748 0.266086
    39 0.553428 -3.642764 -0.341066 -1.710571 -0.042419 -0.023923
    40 0.021779 -1.503640 0.001040 -0.430854 0.000001 -0.000004
    41 0.012045 -0.928479 -0.008488 -0.861136 -0.000002 -0.000001
    42 0.006928 0.005327 -0.181358 -1.528500 -0.248579 -1.611362
    43 -0.052313 0.038588 -0.230758 -1.592493 -0.043415 -1.528515
    44 -0.232600 -0.209658 -0.420670 -1.713790 -0.167173 -1.438930
    45 -0.214374 -3.733712 -0.342176 -1.754790 -0.000005 -0.000032
    46 0.023707 -1.582373 0.010076 -0.358302 -0.000088 -0.000057
    47 0.004385 -1.176453 0.000250 -0.492325 0.000033 0.000030
    48 -0.038065 0.069166 -0.159882 -1.816986 0.066178 -1.575392
    49 -0.025151 0.088760 -0.068837 -1.817843 0.044510 -1.568287
    50 -0.102916 -0.186983 -0.272246 -1.833683 -0.232962 -1.472375
    51 -1.026365 -3.578138 -0.343160 -1.531325 0.000031 -0.000003
    52 0.001134 -1.610108 0.006277 -0.437895 0.000003 -0.000002
    53 0.005787 -0.949964 0.004417 -0.603912 0.000001 0.000001
    54 -0.004241 0.043707 -0.080202 -2.014997 -0.186996 -1.460723
    55 0.015383 -0.089136 -0.030009 -2.006083 0.036346 -1.568629
    56 -0.022610 -0.212358 -0.177904 -1.933161 -0.118801 -1.518895
    57 1.305107 -3.227547 -0.338302 -1.493460 -0.071594 -0.036945
    58 0.004503 -1.238418 0.006086 -1.361650 0.000004 0.000009
    59 0.007081 -0.778514 -0.000316 -1.075934 -0.000006 -0.000004
    60 -0.067138 0.063251 -0.010961 -0.899214 -0.014515 -1.600326
    61 -0.151180 -0.007395 -0.070065 -0.913061 -0.118819 -1.408558
    62 -0.178164 -0.244680 -0.357067 -1.159916 -0.384260 -1.556110
    63 -0.385010 -0.459229 0.383545 -0.129647 -0.511419 -2.796852
    64 2.472082 0.027427 0.005130 -0.099901 -0.031443 0.245560
    65 1.219513 0.013261 -0.005766 -0.000003 0.055860 0.300133
    66 -0.263408 -0.117640 -0.015657 0.000036 -0.082210 -0.026800
    67 0.007707 -0.334360 -0.191576 0.070788 -0.181563 0.282364
    68 0.225562 -0.567923 -0.420715 0.119895 -0.183798 0.223460
    69 -0.203683 -0.095654 -0.328304 -1.745077 0.075142 -1.515382
    70 -1.393460 8.839182 -0.239440 1.580804 -0.005024 -1.566848
    71 0.036020 0.082814 -0.692656 -1.570769 0.065989 0.001276
    72 -0.088586 0.054019 -0.088595 0.010231 0.033800 -1.560851
    73 0.120153 -0.050270 -0.054489 -2.854024 0.030688 -1.580508
    74 -0.139399 -0.111692 0.014400 0.285395 -0.031353 1.580313
    75 1.815922 -4.953960 0.956709 -1.247037 1.437608 -1.233843
    76 1.280673 -7.522364 1.257767 -1.247037 1.437608 -1.233843
    77 3.914122 -5.194223 1.336679 -1.102199 1.470090 -1.123171
    78 3.733238 -6.026484 1.177255 -1.247037 1.437608 -1.233843
    79 3.354242 -6.873898 2.031802 -2.592087 1.327342 -2.594822
    80 3.371094 17.859375 -1.857422 -1.247037 1.437608 -1.233843
  time 11
    0 1.629157 0.000000 0.541027 0.000000 0.000000 -1.570796
    1 0.134042 6.387100 -11.978365 5.564281 -0.749738 -4.324425
    2 -0.001605 -10.694113 -0.006478 0.124443 -0.269234 0.016151
    3 -0.652832 -3.630859 -0.348633 -1.107361 -0.060909 -0.152581
    4 -0.013245 -1.508789 0.000002 -1.179837 0.000000 0.000000
    5 -0.000001 -0.953613 0.000000 -1.228718 0.000000 0.000000
    6 0.007988 0.172186 -0.118553 -1.598091 -0.216549 -1.570593
    7 0.080660 0.135929 -0.203919 -1.506824 -0.066185 -1.662786
    8 0.117288 -0.155554 -0.604544 -1.412988 -0.374558 -1.569222
    9 0.128052 -3.761719 -0.348633 -0.873865 -0.036146 -0.178589
    10 -0.010696 -1.567259 0.006726 -1.223362 0.000000 -0.000003
    11 0.000002 -1.163086 -0.000004 -1.567299 0.000000 0.000000
    12 -0.018589 0.129951 -0.123721 -1.294580 0.001302 -1.635383
    13 -0.006160 0.170065 -0.110169 -1.280084 -0.068681 -1.597215
    14 0.047100 -0.104074 -0.352264 -1.243368 -0.257298 -1.694346
    15 0.949219 -3.619141 -0.348633 -0.197224 0.000005 0.130897
    16 -0.015396 -1.600586 0.000000 -0.589916 0.000000 0.000000
    17 -0.006736 -0.941812 0.007065 -0.593400 0.000000 -0.000001
    18 -0.022325 0.045425 -0.038284 -1.125544 -0.129230 -1.681412
    19 -0.042901 -0.061274 -0.071212 -1.124462 -0.060454 -1.586099
    20 0.063741 -0.109104 -0.248158 -1.142813 -0.125805 -1.693583
    21 -1.399439 -3.241619 -0.342301 -1.174547 -0.118715 -0.146526
    22 0.013458 -1.203125 0.000002 -0.977387 0.000000 0.000000
    23 -0.020049 -0.801124 0.002278 -1.034950 0.000001 0.000004
    24 -0.011720 0.093267 0.017949 -1.687855 -0.079155 -1.575164
    25 0.048864 -0.085541 0.028626 -1.715605 -0.034569 -1.653190
    26 0.173918 -0.198414 -0.336163 -1.668104 -0.422317 -1.710956
    27 0.442881 -0.494133 0.396323 0.457988 -0.443923 -1.167613
    28 2.356265 0.010252 0.001103 -0.304005 -0.029854 -0.496318
    29 1.245306 0.004522 -0.010680 -0.000028 0.000034 -0.577668
    30 -0.267709 0.037512 -0.093907 2.913812 -0.143386 0.078467
    31 -0.029266 0.205410 -0.329287 2.788574 -0.255486 -0.188917
    32 0.204373 0.521055 -0.268577 2.886669 0.042206 -0.230367
    33 0.195697 -0.010059 -0.293538 -1.333586 0.150863 -1.672749
    34 1.257181 8.762590 -0.153713 -1.570562 0.002683 -1.566808
    35 -0.093500 -0.114213 -0.738866 -1.570842 0.061811 0.002096
    36 0.010843 0.093623 -0.081439 -3.141462 0.041719 -1.568236
    37 -0.794222 -3.188228 -6.075687 -2.622635 -0.720396 -1.127791
    38 0.104748 -10.673144 -0.001547 -0.329461 -0.179152 0.264029
    39 0.549521 -3.646670 -0.341066 -1.720860 -0.042371 -0.024030
    40 0.017872 -1.503640 0.001040 -0.433480 0.000001 -0.000004
    41 0.008139 -0.928479 -0.004582 -0.854411 -0.000002 -0.000001
    42 0.006928 0.005327 -0.181358 -1.528500 -0.248579 -1.611362
    43 -0.052313 0.038588 -0.230758 -1.592493 -0.043415 -1.528515
    44 -0.232600 -0.209658 -0.420670 -1.713790 -0.167173 -1.438930
    45 -0.222187 -3.737618 -0.346082 -1.764986 -0.000005 -0.000032
    46 0.015894 -1.578467 0.010076 -0.358302 -0.000100 -0.000069
    47 0.000478 -1.172547 0.000250 -0.486610 0.000033 0.000030
    48 -0.038065 0.069166 -0.159882 -1.816986 0.066178 -1.575392
    49 -0.025151 0.088760 -0.068837 -1.817843 0.044510 -1.568287
    50 -0.102916 -0.186983 -0.272246 -1.833683 -0.232962 -1.472375
    51 -1.034178 -3.578138 -0.343160 -1.541620 0.000031 -0.000003
    52 0.001134 -1.606202 0.006277 -0.440514 0.000003 -0.000002
    53 0.009693 -0.949964 0.008323 -0.598415 0.000001 0.000001
    54 -0.004241 0.043707 -0.080202 -2.014997 -0.186996 -1.460723
    55 0.015383 -0.089136 -0.030009 -2.006083 0.036346 -1.568629
    56 -0.022610 -0.212358 -0.177904 -1.933161 -0.118801 -1.518895
    57 1.309013 -3.227547 -0.338302 -1.503764 -0.071546 -0.037079
    58 0.000596 -1.238418 0.006086 -1.368964 0.000004 0.000009
    59 0.007081 -0.778514 -0.004222 -1.069625 -0.000006 -0.000004
    60 -0.067138 0.063251 -0.010961 -0.899214 -0.014515 -1.600326
    61 -0.151180 -0.007395 -0.070065 -0.913061 -0.118819 -1.408558
    62 -0.178164 -0.244680 -0.357067 -1.159916 -0.384260 -1.556110
    63 -0.385010 -0.459229 0.383545 -0.129647 -0.511419 -2.796852
    64 2.472082 0.027427 0.005130 -0.099865 -0.031587 0.244172
    65 1.223420 0.013261 -0.005766 -0.000003 0.059657 0.300133
    66 -0.263408 -0.117640 -0.015657 0.000036 -0.082210 -0.026800
    67 0.007707 -0.334360 -0.191576 0.070788 -0.181563 0.282364
    68 0.225562 -0.567923 -0.420715 0.119895 -0.183798 0.223460
    69 -0.203683 -0.095654 -0.328304 -1.745077 0.075142 -1.515382
    70 -1.393460 8.839182 -0.239440 1.580804 -0.005024 -1.566848
    71 0.036020 0.082814 -0.692656 -1.570769 0.065989 0.001276
    72 -0.088586 0.054019 -0.088595 0.010231 0.033800 -1.560851
    73 0.120153 -0.050270 -0.054489 -2.854024 0.030688 -1.580508
    74 -0.139399 -0.111692 0.014400 0.285395 -0.031353 1.580313
    75 1.815922 -4.953960 0.956709 -1.247037 1.437608 -1.233843
    76 1.280673 -7.522364 1.257767 -1.247037 1.437608 -1.233843
    77 3.914122 -5.194223 1.336679 -1.102199 1.470090 -1.123171
    78 3.733238 -6.026484 1.177255 -1.247037 1.437608 -1.233843
    79 3.354242 -6.873898 2.031802 -2.592087 1.327342 -2.594822
    80 3.371094 17.859375 -1.857422 -1.247037 1.437608 -1.233843
  time 12
    0 1.629157 0.000000 0.541027 0.000000 0.000000 -1.570796
    1 0.134042 6.387100 -12.001803 5.569505 -0.771812 -4.318577
    2 -0.009418 -10.701926 -0.006478 0.133772 -0.266465 -0.019996
    3 -0.652832 -3.630859 -0.348633 -1.107361 -0.060909 -0.152581
    4 -0.013245 -1.508789 0.000002 -1.179837 0.000000 0.000000
    5 -0.000001 -0.953613 0.000000 -1.228718 0.000000 0.000000
    6 0.007988 0.172186 -0.118553 -1.598091 -0.216549 -1.570593
    7 0.080660 0.135929 -0.203919 -1.506824 -0.066185 -1.662786
    8 0.117288 -0.155554 -0.604544 -1.412988 -0.374558 -1.569222
    9 0.128052 -3.761719 -0.348633 -0.873865 -0.036146 -0.178589
    10 -0.010696 -1.563353 0.006726 -1.223476 0.000000 -0.000003
    11 0.000002 -1.163086 -0.000004 -1.567299 0.000000 0.000000
    12 -0.018589 0.129951 -0.123721 -1.294580 0.001302 -1.635383
    13 -0.006160 0.170065 -0.110169 -1.280084 -0.068681 -1.597215
    14 0.047100 -0.104074 -0.352264 -1.243368 -0.257298 -1.694346
    15 0.949219 -3.619141 -0.348633 -0.197224 0.000005 0.130897
    16 -0.015396 -1.600586 0.000000 -0.589916 0.000000 0.000000
    17 -0.006736 -0.941812 0.007065 -0.593400 0.000000 -0.000001
    18 -0.022325 0.045425 -0.038284 -1.125544 -0.129230 -1.681412
    19 -0.042901 -0.061274 -0.071212 -1.124462 -0.060454 -1.586099
    20 0.063741 -0.109104 -0.248158 -1.142813 -0.125805 -1.693583
    21 -1.403345 -3.245525 -0.342301 -1.174547 -0.118715 -0.146526
    22 0.013458 -1.203125 0.000002 -0.977387 0.000000 0.000000
    23 -0.020049 -0.797217 0.006185 -1.034950 0.000001 0.000004
    24 -0.011720 0.093267 0.017949 -1.687855 -0.079155 -1.575164
    25 0.048864 -0.085541 0.028626 -1.715605 -0.034569 -1.653190
    26 0.173918 -0.198414 -0.336163 -1.668104 -0.422317 -1.710956
    27 0.442881 -0.490226 0.396323 0.457988 -0.443911 -1.167613
    28 2.356265 0.010252 0.001103 -0.304005 -0.029854 -0.496318
    29 1.245306 0.004522 -0.002867 -0.000028 0.000034 -0.577668
    30 -0.267709 0.037512 -0.093907 2.913812 -0.143386 0.078467
    31 -0.029266 0.205410 -0.329287 2.788574 -0.255486 -0.188917
    32 0.204373 0.521055 -0.268577 2.886669 0.042206 -0.230367
    33 0.195697 -0.010059 -0.293538 -1.333586 0.150863 -1.672749
    34 1.257181 8.762590 -0.153713 -1.570562 0.002683 -1.566808
    35 -0.093500 -0.114213 -0.738866 -1.570842 0.061811 0.002096
    36 0.010843 0.093623 -0.081439 -3.141462 0.041719 -1.568236
    37 -0.794222 -3.188228 -6.075687 -2.622635 -0.720396 -1.127791
    38 0.104748 -10.673144 -0.001547 -0.338542 -0.176037 0.262101
    39 0.549521 -3.650577 -0.341066 -1.729487 -0.042323 -0.024174
    40 0.017872 -1.499734 0.001040 -0.436074 0.000001 -0.000004
    41 0.008139 -0.928479 -0.008488 -0.847213 -0.000002 -0.000001
    42 0.006928 0.005327 -0.181358 -1.528500 -0.248579 -1.611362
    43 -0.052313 0.038588 -0.230758 -1.592493 -0.043415 -1.528515
    44 -0.232600 -0.209658 -0.420670 -1.713790 -0.167173 -1.438930
    45 -0.218280 -3.737618 -0.346082 -1.773725 -0.000005 -0.000032
    46 0.023707 -1.582373 0.006169 -0.358589 -0.000112 -0.000069
    47 0.000478 -1.172547 0.000250 -0.481457 0.000033 0.000030
    48 -0.038065 0.069166 -0.159882 -1.816986 0.066178 -1.575392
    49 -0.025151 0.088760 -0.068837 -1.817843 0.044510 -1.568287
    50 -0.102916 -0.186983 -0.272246 -1.833683 -0.232962 -1.472375
    51 -1.030272 -3.582044 -0.343160 -1.550390 0.000031 -0.000003
    52 0.001134 -1.606202 0.002371 -0.442990 0.000003 -0.000002
    53 0.009693 -0.949964 0.008323 -0.593134 0.000001 0.000001
    54 -0.004241 0.043707 -0.080202 -2.014997 -0.186996 -1.460723
    55 0.015383 -0.089136 -0.030009 -2.006083 0.036346 -1.568629
    56 -0.022610 -0.212358 -0.177904 -1.933161 -0.118801 -1.518895
    57 1.305107 -3.227547 -0.338302 -1.512715 -0.071474 -0.037298
    58 0.004503 -1.238418 0.002180 -1.374491 0.000004 0.000009
    59 0.007081 -0.774607 -0.000316 -1.062296 -0.000006 -0.000004
    60 -0.067138 0.063251 -0.010961 -0.899214 -0.014515 -1.600326
    61 -0.151180 -0.007395 -0.070065 -0.913061 -0.118819 -1.408558
    62 -0.178164 -0.244680 -0.357067 -1.159916 -0.384260 -1.556110
    63 -0.385010 -0.459229 0.383545 -0.129647 -0.511419 -2.796852
    64 2.472082 0.027427 0.005130 -0.099817 -0.031707 0.243001
    65 1.219513 0.013261 -0.005766 -0.000003 0.063137 0.300133
    66 -0.263408 -0.117640 -0.015657 0.000036 -0.082210 -0.026800
    67 0.007707 -0.334360 -0.191576 0.070788 -0.181563 0.282364
    68 0.225562 -0.567923 -0.420715 0.119895 -0.183798 0.223460
    69 -0.203683 -0.095654 -0.328304 -1.745077 0.075142 -1.515382
    70 -1.393460 8.839182 -0.239440 1.580804 -0.005024 -1.566848
    71 0.036020 0.082814 -0.692656 -1.570769 0.065989 0.001276
    72 -0.088586 0.054019 -0.088595 0.010231 0.033800 -1.560851
    73 0.120153 -0.050270 -0.054489 -2.854024 0.030688 -1.580508
    74 -0.139399 -0.111692 0.014400 0.285395 -0.031353 1.580313
    75 1.815922 -4.953960 0.956709 -1.247037 1.437608 -1.233843
    76 1.280673 -7.522364 1.257767 -1.247037 1.437608 -1.233843
    77 3.914122 -5.194223 1.336679 -1.102199 1.470090 -1.123171
    78 3.733238 -6.026484 1.177255 -1.247037 1.437608 -1.233843
    79 3.354242 -6.873898 2.031802 -2.592087 1.327342 -2.594822
    80 3.371094 17.859375 -1.857422 -1.247037 1.437608 -1.233843
  time 13
    0 1.629157 0.000000 0.541027 0.000000 0.000000 -1.570796
    1 0.134042 6.387100 -12.099462 5.575188 -0.776859 -4.326438
    2 -0.009418 -10.694113 -0.006478 0.138264 -0.266226 -0.038226
    3 -0.652832 -3.630859 -0.348633 -1.107361 -0.060909 -0.152581
    4 -0.013245 -1.508789 0.000002 -1.179837 0.000000 0.000000
    5 -0.000001 -0.953613 0.000000 -1.228718 0.000000 0.000000
    6 0.007988 0.172186 -0.118553 -1.598091 -0.216549 -1.570593
    7 0.080660 0.135929 -0.203919 -1.506824 -0.066185 -1.662786
    8 0.117288 -0.155554 -0.604544 -1.412988 -0.374558 -1.569222
    9 0.128052 -3.761719 -0.348633 -0.873865 -0.036146 -0.178589
    10 -0.006790 -1.571166 0.010633 -1.223438 0.000000 -0.000003
    11 0.000002 -1.163086 -0.000004 -1.567299 0.000000 0.000000
    12 -0.018589 0.129951 -0.123721 -1.294580 0.001302 -1.635383
    13 -0.006160 0.170065 -0.110169 -1.280084 -0.068681 -1.597215
    14 0.047100 -0.104074 -0.352264 -1.243368 -0.257298 -1.694346
    15 0.949219 -3.619141 -0.348633 -0.197224 0.000005 0.130897
    16 -0.015396 -1.600586 0.000000 -0.589916 0.000000 0.000000
    17 -0.002829 -0.941812 0.007065 -0.593400 0.000000 -0.000001
    18 -0.022325 0.045425 -0.038284 -1.125544 -0.129230 -1.681412
    19 -0.042901 -0.061274 -0.071212 -1.124462 -0.060454 -1.586099
    20 0.063741 -0.109104 -0.248158 -1.142813 -0.125805 -1.693583
    21 -1.403345 -3.241619 -0.342301 -1.174547 -0.118715 -0.146526
    22 0.013458 -1.203125 0.000002 -0.977387 0.000000 0.000000
    23 -0.020049 -0.797217 0.002278 -1.034950 0.000001 0.000004
    24 -0.011720 0.093267 0.017949 -1.687855 -0.079155 -1.575164
    25 0.048864 -0.085541 0.028626 -1.715605 -0.034569 -1.653190
    26 0.173918 -0.198414 -0.336163 -1.668104 -0.422317 -1.710956
    27 0.438974 -0.494133 0.388510 0.457988 -0.443911 -1.167613
    28 2.356265 0.010252 0.005009 -0.304005 -0.029854 -0.496318
    29 1.241400 0.004522 -0.002867 -0.000028 0.000034 -0.577668
    30 -0.267709 0.037512 -0.093907 2.913812 -0.143386 0.078467
    31 -0.029266 0.205410 -0.329287 2.788574 -0.255486 -0.188917
    32 0.204373 0.521055 -0.268577 2.886669 0.042206 -0.230367
    33 0.195697 -0.010059 -0.293538 -1.333586 0.150863 -1.672749
    34 1.257181 8.762590 -0.153713 -1.570562 0.002683 -1.566808
    35 -0.093500 -0.114213 -0.738866 -1.570842 0.061811 0.002096
    36 0.010843 0.093623 -0.081439 -3.141462 0.041719 -1.568236
    37 -0.794222 -3.188228 -6.075687 -2.622635 -0.720396 -1.127791
    38 0.104748 -10.673144 -0.001547 -0.346189 -0.173328 0.260430
    39 0.545615 -3.650577 -0.341066 -1.736709 -0.042251 -0.024378
    40 0.017872 -1.503640 0.004947 -0.438360 0.000001 -0.000004
    41 0.012045 -0.928479 -0.004582 -0.840393 -0.000002 -0.000001
    42 0.006928 0.005327 -0.181358 -1.528500 -0.248579 -1.611362
    43 -0.052313 0.038588 -0.230758 -1.592493 -0.043415 -1.528515
    44 -0.232600 -0.209658 -0.420670 -1.713790 -0.167173 -1.438930
    45 -0.214374 -3.737618 -0.342176 -1.780833 -0.000005 -0.000032
    46 0.023707 -1.582373 0.006169 -0.358589 -0.000124 -0.000093
    47 0.000478 -1.172547 0.000250 -0.476585 0.000033 0.000030
    48 -0.038065 0.069166 -0.159882 -1.816986 0.066178 -1.575392
    49 -0.025151 0.088760 -0.068837 -1.817843 0.044510 -1.568287
    50 -0.102916 -0.186983 -0.272246 -1.833683 -0.232962 -1.472375
    51 -1.030272 -3.578138 -0.343160 -1.557471 0.000031 -0.000003
    52 0.001134 -1.606202 0.006277 -0.445371 0.000003 -0.000002
    53 0.005787 -0.949964 0.008323 -0.588284 0.000001 0.000001
    54 -0.004241 0.043707 -0.080202 -2.014997 -0.186996 -1.460723
    55 0.015383 -0.089136 -0.030009 -2.006083 0.036346 -1.568629
    56 -0.022610 -0.212358 -0.177904 -1.933161 -0.118801 -1.518895
    57 1.309013 -3.227547 -0.338302 -1.520470 -0.071390 -0.037550
    58 0.000596 -1.238418 0.006086 -1.378148 0.000004 0.000009
    59 0.003174 -0.778514 -0.000316 -1.054410 -0.000006 -0.000004
    60 -0.067138 0.063251 -0.010961 -0.899214 -0.014515 -1.600326
    61 -0.151180 -0.007395 -0.070065 -0.913061 -0.118819 -1.408558
    62 -0.178164 -0.244680 -0.357067 -1.159916 -0.384260 -1.556110
    63 -0.385010 -0.459229 0.383545 -0.129647 -0.511419 -2.796852
    64 2.468175 0.027427 0.005130 -0.099781 -0.031827 0.241917
    65 1.223420 0.013261 -0.005766 -0.000003 0.066270 0.300133
    66 -0.263408 -0.117640 -0.015657 0.000036 -0.082210 -0.026800
    67 0.007707 -0.334360 -0.191576 0.070788 -0.181563 0.282364
    68 0.225562 -0.567923 -0.420715 0.119895 -0.183798 0.223460
    69 -0.203683 -0.095654 -0.328304 -1.745077 0.075142 -1.515382
    70 -1.393460 8.839182 -0.239440 1.580804 -0.005024 -1.566848
    71 0.036020 0.082814 -0.692656 -1.570769 0.065989 0.001276
    72 -0.088586 0.054019 -0.088595 0.010231 0.033800 -1.560851
    73 0.120153 -0.050270 -0.054489 -2.854024 0.030688 -1.580508
    74 -0.139399 -0.111692 0.014400 0.285395 -0.031353 1.580313
    75 1.815922 -4.953960 0.956709 -1.247037 1.437608 -1.233843
    76 1.280673 -7.522364 1.257767 -1.247037 1.437608 -1.233843
    77 3.914122 -5.194223 1.336679 -1.102199 1.470090 -1.123171
    78 3.733238 -6.026484 1.177255 -1.247037 1.437608 -1.233843
    79 3.354242 -6.873898 2.031802 -2.592087 1.327342 -2.594822
    80 3.371094 17.859375 -1.857422 -1.247037 1.437608 -1.233843
  time 14
    0 1.629157 0.000000 0.541027 0.000000 0.000000 -1.570796
    1 0.134042 6.387100 -12.001803 5.569505 -0.771812 -4.318577
    2 -0.009418 -10.701926 -0.006478 0.126121 -0.271900 0.006503
    3 -0.652832 -3.630859 -0.348633 -1.107361 -0.060909 -0.152581
    4 -0.013245 -1.508789 0.000002 -1.179837 0.000000 0.000000
    5 -0.000001 -0.953613 0.000000 -1.228718 0.000000 0.000000
    6 0.007988 0.172186 -0.118553 -1.598091 -0.216549 -1.570593
    7 0.080660 0.135929 -0.203919 -1.506824 -0.066185 -1.662786
    8 0.117288 -0.155554 -0.604544 -1.412988 -0.374558 -1.569222
    9 0.128052 -3.761719 -0.348633 -0.873865 -0.036146 -0.178589
    10 -0.010696 -1.567259 0.002820 -1.223362 0.000000 -0.000003
    11 0.000002 -1.163086 -0.000004 -1.567299 0.000000 0.000000
    12 -0.018589 0.129951 -0.123721 -1.294580 0.001302 -1.635383
    13 -0.006160 0.170065 -0.110169 -1.280084 -0.068681 -1.597215
    14 0.047100 -0.104074 -0.352264 -1.243368 -0.257298 -1.694346
    15 0.949219 -3.619141 -0.348633 -0.197224 0.000005 0.130897
    16 -0.015396 -1.600586 0.000000 -0.589916 0.000000 0.000000
    17 -0.002829 -0.945718 0.007065 -0.593400 0.000000 -0.000001
    18 -0.022325 0.045425 -0.038284 -1.125544 -0.129230 -1.681412
    19 -0.042901 -0.061274 -0.071212 -1.124462 -0.060454 -1.586099
    20 0.063741 -0.109104 -0.248158 -1.142813 -0.125805 -1.693583
    21 -1.403345 -3.249431 -0.342301 -1.174547 -0.118715 -0.146526
    22 0.013458 -1.203125 0.000002 -0.977387 0.000000 0.000000
    23 -0.020049 -0.797217 0.002278 -1.034950 0.000001 0.000004
    24 -0.011720 0.093267 0.017949 -1.687855 -0.079155 -1.575164
    25 0.048864 -0.085541 0.028626 -1.715605 -0.034569 -1.653190
    26 0.173918 -0.198414 -0.336163 -1.668104 -0.422317 -1.710956
    27 0.438974 -0.494133 0.396323 0.457988 -0.443911 -1.167613
    28 2.352359 0.010252 0.005009 -0.303993 -0.029854 -0.496318
    29 1.245306 0.004522 -0.006774 -0.000028 0.000034 -0.577668
    30 -0.267709 0.037512 -0.093907 2.913812 -0.143386 0.078467
    31 -0.029266 0.205410 -0.329287 2.788574 -0.255486 -0.188917
    32 0.204373 0.521055 -0.268577 2.886669 0.042206 -0.230367
    33 0.195697 -0.010059 -0.293538 -1.333586 0.150863 -1.672749
    34 1.257181 8.762590 -0.153713 -1.570562 0.002683 -1.566808
    35 -0.093500 -0.114213 -0.738866 -1.570842 0.061811 0.002096
    36 0.010843 0.093623 -0.081439 -3.141462 0.041719 -1.568236
    37 -1.794253 -3.141351 -6.599141 -2.625889 -0.720396 -1.127791
    38 0.104748 -10.673144 -0.005453 -0.352272 -0.171147 0.259015
    39 0.545615 -3.642764 -0.341066 -1.742141 -0.042143 -0.024582
    40 0.017872 -1.503640 0.001040 -0.440398 0.000001 -0.000004
    41 0.008139 -0.928479 -0.008488 -0.833574 -0.000002 -0.000001
    42 0.006928 0.005327 -0.181358 -1.528500 -0.248579 -1.611362
    43 -0.052313 0.038588 -0.230758 -1.592493 -0.043415 -1.528515
    44 -0.232600 -0.209658 -0.420670 -1.713790 -0.167173 -1.438930
    45 -0.222187 -3.737618 -0.346082 -1.786135 -0.000005 -0.000032
    46 0.023707 -1.582373 0.010076 -0.358589 -0.000136 -0.000081
    47 0.004385 -1.172547 0.000250 -0.472182 0.000033 0.000030
    48 -0.038065 0.069166 -0.159882 -1.816986 0.066178 -1.575392
    49 -0.025151 0.088760 -0.068837 -1.817843 0.044510 -1.568287
    50 -0.102916 -0.186983 -0.272246 -1.833683 -0.232962 -1.472375
    51 -1.034178 -3.578138 -0.343160 -1.562864 0.000031 -0.000003
    52 0.001134 -1.606202 0.002371 -0.447371 0.000003 -0.000002
    53 0.009693 -0.949964 0.008323 -0.583973 0.000001 0.000001
    54 -0.004241 0.043707 -0.080202 -2.014997 -0.186996 -1.460723
    55 0.015383 -0.089136 -0.030009 -2.006083 0.036346 -1.568629
    56 -0.022610 -0.212358 -0.177904 -1.933161 -0.118801 -1.518895
    57 1.305107 -3.227547 -0.338302 -1.526402 -0.071283 -0.037870
    58 0.000596 -1.238418 0.006086 -1.379810 0.000004 0.000009
    59 0.007081 -0.774607 -0.004222 -1.046246 -0.000006 -0.000004
    60 -0.067138 0.063251 -0.010961 -0.899214 -0.014515 -1.600326
    61 -0.151180 -0.007395 -0.070065 -0.913061 -0.118819 -1.408558
    62 -0.178164 -0.244680 -0.357067 -1.159916 -0.384260 -1.556110
    63 -0.385010 -0.459229 0.383545 -0.129647 -0.511419 -2.796852
    64 2.468175 0.027427 0.005130 -0.099757 -0.031899 0.240919
    65 1.223420 0.013261 -0.005766 -0.000003 0.069100 0.300160
    66 -0.263408 -0.117640 -0.015657 0.000036 -0.082210 -0.026800
    67 0.007707 -0.334360 -0.191576 0.070788 -0.181563 0.282364
    68 0.225562 -0.567923 -0.420715 0.119895 -0.183798 0.223460
    69 -0.203683 -0.095654 -0.328304 -1.745077 0.075142 -1.515382
    70 -1.393460 8.839182 -0.239440 1.580804 -0.005024 -1.566848
    71 0.036020 0.082814 -0.692656 -1.570769 0.065989 0.001276
    72 -0.088586 0.054019 -0.088595 0.010231 0.033800 -1.560851
    73 0.120153 -0.050270 -0.054489 -2.854024 0.030688 -1.580508
    74 -0.139399 -0.111692 0.014400 0.285395 -0.031353 1.580313
    75 1.815922 -4.953960 0.956709 -1.247037 1.437608 -1.233843
    76 1.280673 -7.522364 1.257767 -1.247037 1.437608 -1.233843
    77 3.890684 -3.522297 1.180424 -1.102199 1.470090 -1.123171
    78 3.733238 -5.503030 1.142097 -1.247037 1.437608 -1.233843
    79 3.354242 -6.873898 2.031802 -2.592087 1.327342 -2.594822
    80 3.371094 17.859375 -1.857422 -1.247037 1.437608 -1.233843
  time 15
    0 1.629157 0.000000 0.541027 0.000000 0.000000 -1.570796
    1 0.134042 6.387100 -11.665855 5.543383 -0.755838 -4.285214
    2 -0.001605 -10.694113 -0.002571 0.108697 -0.279318 0.069275
    3 -0.652832 -3.630859 -0.348633 -1.107361 -0.060909 -0.152581
    4 -0.013245 -1.508789 0.000002 -1.179837 0.000000 0.000000
    5 -0.000001 -0.953613 0.000000 -1.228718 0.000000 0.000000
    6 0.007988 0.172186 -0.118553 -1.598091 -0.216549 -1.570593
    7 0.080660 0.135929 -0.203919 -1.506824 -0.066185 -1.662786
    8 0.117288 -0.155554 -0.604544 -1.412988 -0.374558 -1.569222
    9 0.128052 -3.761719 -0.348633 -0.873865 -0.036146 -0.178589
    10 -0.010696 -1.567259 0.002820 -1.223438 0.000000 -0.000003
    11 0.000002 -1.163086 -0.000004 -1.567299 0.000000 0.000000
    12 -0.018589 0.129951 -0.123721 -1.294580 0.001302 -1.635383
    13 -0.006160 0.170065 -0.110169 -1.280084 -0.068681 -1.597215
    14 0.047100 -0.104074 -0.352264 -1.243368 -0.257298 -1.694346
    15 0.949219 -3.619141 -0.348633 -0.197224 0.000005 0.130897
    16 -0.015396 -1.600586 0.000000 -0.589916 0.000000 0.000000
    17 -0.006736 -0.945718 0.007065 -0.593400 0.000000 -0.000001
    18 -0.022325 0.045425 -0.038284 -1.125544 -0.129230 -1.681412
    19 -0.042901 -0.061274 -0.071212 -1.124462 -0.060454 -1.586099
    20 0.063741 -0.109104 -0.248158 -1.142813 -0.125805 -1.693583
    21 -1.403345 -3.241619 -0.342301 -1.174547 -0.118715 -0.146526
    22 0.013458 -1.203125 0.000002 -0.977387 0.000000 0.000000
    23 -0.020049 -0.797217 0.006185 -1.034950 0.000001 0.000004
    24 -0.011720 0.093267 0.017949 -1.687855 -0.079155 -1.575164
    25 0.048864 -0.085541 0.028626 -1.715605 -0.034569 -1.653190
    26 0.173918 -0.198414 -0.336163 -1.668104 -0.422317 -1.710956
    27 0.442881 -0.490226 0.388510 0.457988 -0.443923 -1.167613
    28 2.356265 0.010252 0.005009 -0.304005 -0.029854 -0.496318
    29 1.241400 0.004522 -0.006774 -0.000028 0.000034 -0.577668
    30 -0.267709 0.037512 -0.093907 2.913812 -0.143386 0.078467
    31 -0.029266 0.205410 -0.329287 2.788574 -0.255486 -0.188917
    32 0.204373 0.521055 -0.268577 2.886669 0.042206 -0.230367
    33 0.195697 -0.010059 -0.293538 -1.333586 0.150863 -1.672749
    34 1.257181 8.762590 -0.153713 -1.570562 0.002683 -1.566808
    35 -0.093500 -0.114213 -0.738866 -1.570842 0.061811 0.002096
    36 0.010843 0.093623 -0.081439 -3.141462 0.041719 -1.568236
    37 -3.774782 -3.043692 -7.649954 -2.632972 -0.720396 -1.127791
    38 0.104748 -10.673144 -0.009359 -0.356660 -0.169590 0.257955
    39 0.549521 -3.642764 -0.341066 -1.745528 -0.042047 -0.024773
    40 0.017872 -1.499734 0.001040 -0.442128 0.000001 -0.000004
    41 0.008139 -0.928479 -0.008488 -0.827512 -0.000002 -0.000001
    42 0.006928 0.005327 -0.181358 -1.528500 -0.248579 -1.611362
    43 -0.052313 0.038588 -0.230758 -1.592493 -0.043415 -1.528515
    44 -0.232600 -0.209658 -0.420670 -1.713790 -0.167173 -1.438930
    45 -0.218280 -3.733712 -0.346082 -1.789631 -0.000005 -0.000032
    46 0.023707 -1.578467 0.006169 -0.358876 -0.000148 -0.000093
    47 0.004385 -1.172547 0.000250 -0.468621 0.000033 0.000030
    48 -0.038065 0.069166 -0.159882 -1.816986 0.066178 -1.575392
    49 -0.025151 0.088760 -0.068837 -1.817843 0.044510 -1.568287
    50 -0.102916 -0.186983 -0.272246 -1.833683 -0.232962 -1.472375
    51 -1.030272 -3.574231 -0.347066 -1.566241 0.000031 -0.000003
    52 0.001134 -1.606202 0.002371 -0.449085 0.000003 -0.000002
    53 0.005787 -0.949964 0.008323 -0.580416 0.000001 0.000001
    54 -0.004241 0.043707 -0.080202 -2.014997 -0.186996 -1.460723
    55 0.015383 -0.089136 -0.030009 -2.006083 0.036346 -1.568629
    56 -0.022610 -0.212358 -0.177904 -1.933161 -0.118801 -1.518895
    57 1.305107 -3.227547 -0.338302 -1.530774 -0.071187 -0.038173
    58 0.000596 -1.238418 0.002180 -1.379478 0.000004 0.000009
    59 0.007081 -0.774607 -0.004222 -1.037803 -0.000006 -0.000004
    60 -0.067138 0.063251 -0.010961 -0.899214 -0.014515 -1.600326
    61 -0.151180 -0.007395 -0.070065 -0.913061 -0.118819 -1.408558
    62 -0.178164 -0.244680 -0.357067 -1.159916 -0.384260 -1.556110
    63 -0.385010 -0.459229 0.383545 -0.129647 -0.511419 -2.796852
    64 2.464269 0.027427 0.005130 -0.099721 -0.031994 0.240052
    65 1.219513 0.013261 -0.005766 -0.000003 0.071627 0.300133
    66 -0.263408 -0.117640 -0.015657 0.000036 -0.082210 -0.026800
    67 0.007707 -0.334360 -0.191576 0.070788 -0.181563 0.282364
    68 0.225562 -0.567923 -0.420715 0.119895 -0.183798 0.223460
    69 -0.203683 -0.095654 -0.328304 -1.745077 0.075142 -1.515382
    70 -1.393460 8.839182 -0.239440 1.580804 -0.005024 -1.566848
    71 0.036020 0.082814 -0.692656 -1.570769 0.065989 0.001276
    72 -0.088586 0.054019 -0.088595 0.010231 0.033800 -1.560851
    73 0.120153 -0.050270 -0.054489 -2.854024 0.030688 -1.580508
    74 -0.139399 -0.111692 0.014400 0.285395 -0.031353 1.580313
    75 1.815922 -4.953960 0.956709 -1.247037 1.437608 -1.233843
    76 1.280673 -7.522364 1.257767 -1.247037 1.437608 -1.233843
    77 3.851620 -1.846465 1.016357 -1.102199 1.470090 -1.123171
    78 3.729332 -4.358464 1.032719 -1.247037 1.437608 -1.233843
    79 2.940167 -6.838740 2.488847 -0.091811 0.076021 -0.016186
    80 3.371094 17.859375 -1.857422 -1.247037 1.437608 -1.233843
  time 16
    0 1.629157 0.000000 0.541027 0.000000 0.000000 -1.570796
    1 0.134042 6.387100 -11.353346 5.505528 -0.731438 -4.236512
    2 -0.005512 -10.698019 -0.002571 0.102576 -0.282019 0.089593
    3 -0.652832 -3.630859 -0.348633 -1.107361 -0.060909 -0.152581
    4 -0.013245 -1.508789 0.000002 -1.179837 0.000000 0.000000
    5 -0.000001 -0.953613 0.000000 -1.228718 0.000000 0.000000
    6 0.007988 0.172186 -0.118553 -1.598091 -0.216549 -1.570593
    7 0.080660 0.135929 -0.203919 -1.506824 -0.066185 -1.662786
    8 0.117288 -0.155554 -0.604544 -1.412988 -0.374558 -1.569222
    9 0.128052 -3.761719 -0.348633 -0.873865 -0.036146 -0.178589
    10 -0.006790 -1.567259 0.010633 -1.223362 0.000000 -0.000003
    11 0.000002 -1.163086 -0.000004 -1.567299 0.000000 0.000000
    12 -0.018589 0.129951 -0.123721 -1.294580 0.001302 -1.635383
    13 -0.006160 0.170065 -0.110169 -1.280084 -0.068681 -1.597215
    14 0.047100 -0.104074 -0.352264 -1.243368 -0.257298 -1.694346
    15 0.949219 -3.619141 -0.348633 -0.197224 0.000005 0.130897
    16 -0.015396 -1.600586 0.000000 -0.589916 0.000000 0.000000
    17 -0.006736 -0.941812 0.007065 -0.593400 0.000000 -0.000001
    18 -0.022325 0.045425 -0.038284 -1.125544 -0.129230 -1.681412
    19 -0.042901 -0.061274 -0.071212 -1.124462 -0.060454 -1.586099
    20 0.063741 -0.109104 -0.248158 -1.142813 -0.125805 -1.693583
    21 -1.403345 -3.249431 -0.342301 -1.174547 -0.118715 -0.146526
    22 0.013458 -1.203125 0.000002 -0.977387 0.000000 0.000000
    23 -0.020049 -0.793311 0.010091 -1.034950 0.000001 0.000004
    24 -0.011720 0.093267 0.017949 -1.687855 -0.079155 -1.575164
    25 0.048864 -0.085541 0.028626 -1.715605 -0.034569 -1.653190
    26 0.173918 -0.198414 -0.336163 -1.668104 -0.422317 -1.710956
    27 0.442881 -0.490226 0.396323 0.457988 -0.443923 -1.167613
    28 2.356265 0.010252 0.005009 -0.303993 -0.029854 -0.496318
    29 1.245306 0.004522 -0.006774 -0.000028 0.000034 -0.577668
    30 -0.267709 0.037512 -0.093907 2.913812 -0.143386 0.078467
    31 -0.029266 0.205410 -0.329287 2.788574 -0.255486 -0.188917
    32 0.204373 0.521055 -0.268577 2.886669 0.042206 -0.230367
    33 0.195697 -0.010059 -0.293538 -1.333586 0.150863 -1.672749
    34 1.257181 8.762590 -0.153713 -1.570562 0.002683 -1.566808
    35 -0.093500 -0.114213 -0.738866 -1.570842 0.061811 0.002096
    36 0.010843 0.093623 -0.081439 -3.141462 0.041719 -1.568236
    37 -5.259202 -2.973377 -8.431228 -2.640246 -0.720396 -1.127791
    38 0.104748 -10.673144 -0.005453 -0.359267 -0.168535 0.257280
    39 0.545615 -3.650577 -0.341066 -1.746870 -0.041951 -0.024989
    40 0.017872 -1.499734 0.001040 -0.443425 0.000001 -0.000004
    41 0.008139 -0.932386 -0.008488 -0.821924 -0.000002 -0.000001
    42 0.006928 0.005327 -0.181358 -1.528500 -0.248579 -1.611362
    43 -0.052313 0.038588 -0.230758 -1.592493 -0.043415 -1.528515
    44 -0.232600 -0.209658 -0.420670 -1.713790 -0.167173 -1.438930
    45 -0.222187 -3.737618 -0.342176 -1.790971 -0.000005 -0.000032
    46 0.023707 -1.578467 0.010076 -0.358971 -0.000160 -0.000093
    47 0.004385 -1.172547 0.000250 -0.465811 0.000033 0.000030
    48 -0.038065 0.069166 -0.159882 -1.816986 0.066178 -1.575392
    49 -0.025151 0.088760 -0.068837 -1.817843 0.044510 -1.568287
    50 -0.102916 -0.186983 -0.272246 -1.833683 -0.232962 -1.472375
    51 -1.030272 -3.578138 -0.339254 -1.567603 0.000031 -0.000003
    52 0.005040 -1.606202 0.002371 -0.450323 0.000003 -0.000002
    53 0.009693 -0.949964 0.008323 -0.577668 0.000001 0.000001
    54 -0.004241 0.043707 -0.080202 -2.014997 -0.186996 -1.460723
    55 0.015383 -0.089136 -0.030009 -2.006083 0.036346 -1.568629
    56 -0.022610 -0.212358 -0.177904 -1.933161 -0.118801 -1.518895
    57 1.301201 -3.227547 -0.338302 -1.533272 -0.071043 -0.038543
    58 0.000596 -1.238418 0.002180 -1.377026 0.000004 0.000009
    59 0.007081 -0.774607 -0.004222 -1.029825 -0.000006 -0.000004
    60 -0.067138 0.063251 -0.010961 -0.899214 -0.014515 -1.600326
    61 -0.151180 -0.007395 -0.070065 -0.913061 -0.118819 -1.408558
    62 -0.178164 -0.244680 -0.357067 -1.159916 -0.384260 -1.556110
    63 -0.385010 -0.459229 0.383545 -0.129647 -0.511419 -2.796852
    64 2.472082 0.027427 0.005130 -0.099697 -0.032066 0.239228
    65 1.223420 0.013261 -0.005766 -0.000003 0.073807 0.300160
    66 -0.263408 -0.117640 -0.015657 0.000036 -0.082210 -0.026800
    67 0.007707 -0.334360 -0.191576 0.070788 -0.181563 0.282364
    68 0.225562 -0.567923 -0.420715 0.119895 -0.183798 0.223460
    69 -0.203683 -0.095654 -0.328304 -1.745077 0.075142 -1.515382
    70 -1.393460 8.839182 -0.239440 1.580804 -0.005024 -1.566848
    71 0.036020 0.082814 -0.692656 -1.570769 0.065989 0.001276
    72 -0.088586 0.054019 -0.088595 0.010231 0.033800 -1.560851
    73 0.120153 -0.050270 -0.054489 -2.854024 0.030688 -1.580508
    74 -0.139399 -0.111692 0.014400 0.285395 -0.031353 1.580313
    75 1.815922 -4.953960 0.956709 -1.247037 1.437608 -1.233843
    76 1.280673 -7.522364 1.257767 -1.247037 1.437608 -1.233843
    77 3.824276 -0.174539 0.852289 -1.102199 1.470090 -1.123171
    78 3.729332 -3.276400 0.938966 -1.247037 1.437608 -1.233843
    79 2.529998 -6.881710 2.008363 -2.157837 -1.478637 -4.095455
    80 3.371094 17.859375 -1.857422 -1.247037 1.437608 -1.233843
  time 17
    0 1.629157 0.000000 0.541027 0.000000 0.000000 -1.570796
    1 0.134042 6.387100 -11.079900 5.480872 -0.705458 -4.200560
    2 -0.001605 -10.694113 -0.002571 0.110548 -0.278293 0.048184
    3 -0.652832 -3.630859 -0.348633 -1.107361 -0.060909 -0.152581
    4 -0.013245 -1.508789 0.000002 -1.179837 0.000000 0.000000
    5 -0.000001 -0.953613 0.000000 -1.228718 0.000000 0.000000
    6 0.007988 0.172186 -0.118553 -1.598091 -0.216549 -1.570593
    7 0.080660 0.135929 -0.203919 -1.506824 -0.066185 -1.662786
    8 0.117288 -0.155554 -0.604544 -1.412988 -0.374558 -1.569222
    9 0.128052 -3.761719 -0.348633 -0.873865 -0.036146 -0.178589
    10 -0.010696 -1.567259 0.010633 -1.223362 0.000000 -0.000003
    11 0.000002 -1.163086 -0.000004 -1.567299 0.000000 0.000000
    12 -0.018589 0.129951 -0.123721 -1.294580 0.001302 -1.635383
    13 -0.006160 0.170065 -0.110169 -1.280084 -0.068681 -1.597215
    14 0.047100 -0.104074 -0.352264 -1.243368 -0.257298 -1.694346
    15 0.949219 -3.619141 -0.348633 -0.197224 0.000005 0.130897
    16 -0.015396 -1.600586 0.000000 -0.589916 0.000000 0.000000
    17 -0.006736 -0.941812 0.010971 -0.593400 0.000000 -0.000001
    18 -0.022325 0.045425 -0.038284 -1.125544 -0.129230 -1.681412
    19 -0.042901 -0.061274 -0.071212 -1.124462 -0.060454 -1.586099
    20 0.063741 -0.109104 -0.248158 -1.142813 -0.125805 -1.693583
    21 -1.399439 -3.245525 -0.342301 -1.174547 -0.118727 -0.146526
    22 0.013458 -1.203125 0.000002 -0.977387 0.000000 0.000000
    23 -0.020049 -0.801124 0.002278 -1.034950 0.000001 0.000004
    24 -0.011720 0.093267 0.017949 -1.687855 -0.079155 -1.575164
    25 0.048864 -0.085541 0.028626 -1.715605 -0.034569 -1.653190
    26 0.173918 -0.198414 -0.336163 -1.668104 -0.422317 -1.710956
    27 0.438974 -0.494133 0.396323 0.457988 -0.443923 -1.167613
    28 2.356265 0.010252 0.001103 -0.303993 -0.029854 -0.496318
    29 1.245306 0.004522 -0.002867 -0.000028 0.000034 -0.577668
    30 -0.267709 0.037512 -0.093907 2.913812 -0.143386 0.078467
    31 -0.029266 0.205410 -0.329287 2.788574 -0.255486 -0.188917
    32 0.204373 0.521055 -0.268577 2.886669 0.042206 -0.230367
    33 0.195697 -0.010059 -0.293538 -1.333586 0.150863 -1.672749
    34 1.257181 8.762590 -0.153713 -1.570562 0.002683 -1.566808
    35 -0.093500 -0.114213 -0.738866 -1.570842 0.061811 0.002096
    36 0.010843 0.093623 -0.081439 -3.141462 0.041719 -1.568236
    37 -5.626401 -2.973377 -8.603108 -2.643501 -0.720396 -1.127791
    38 0.104748 -10.673144 -0.005453 -0.360006 -0.168223 0.256991
    39 0.545615 -3.642764 -0.341066 -1.745719 -0.041855 -0.025253
    40 0.017872 -1.503640 0.001040 -0.444228 0.000001 -0.000004
    41 0.012045 -0.928479 -0.008488 -0.817567 -0.000002 -0.000001
    42 0.006928 0.005327 -0.181358 -1.528500 -0.248579 -1.611362
    43 -0.052313 0.038588 -0.230758 -1.592493 -0.043415 -1.528515
    44 -0.232600 -0.209658 -0.420670 -1.713790 -0.167173 -1.438930
    45 -0.222187 -3.737618 -0.342176 -1.789922 -0.000005 -0.000032
    46 0.023707 -1.582373 0.010076 -0.358971 -0.000160 -0.000093
    47 0.000478 -1.172547 0.000250 -0.464218 0.000033 0.000030
    48 -0.038065 0.069166 -0.159882 -1.816986 0.066178 -1.575392
    49 -0.025151 0.088760 -0.068837 -1.817843 0.044510 -1.568287
    50 -0.102916 -0.186983 -0.272246 -1.833683 -0.232962 -1.472375
    51 -1.034178 -3.578138 -0.343160 -1.566568 0.000031 -0.000003
    52 0.001134 -1.606202 0.002371 -0.451180 0.000003 -0.000002
    53 0.009693 -0.949964 0.008323 -0.575835 0.000001 0.000001
    54 -0.004241 0.043707 -0.080202 -2.014997 -0.186996 -1.460723
    55 0.015383 -0.089136 -0.030009 -2.006083 0.036346 -1.568629
    56 -0.022610 -0.212358 -0.177904 -1.933161 -0.118801 -1.518895
    57 1.309013 -3.227547 -0.338302 -1.533532 -0.070899 -0.038913
    58 0.000596 -1.238418 0.002180 -1.372538 0.000004 0.000009
    59 0.007081 -0.778514 -0.004222 -1.022032 -0.000006 -0.000004
    60 -0.067138 0.063251 -0.010961 -0.899214 -0.014515 -1.600326
    61 -0.151180 -0.007395 -0.070065 -0.913061 -0.118819 -1.408558
    62 -0.178164 -0.244680 -0.357067 -1.159916 -0.384260 -1.556110
    63 -0.385010 -0.459229 0.383545 -0.129647 -0.511419 -2.796852
    64 2.464269 0.027427 0.005130 -0.099673 -0.032138 0.238577
    65 1.227326 0.013261 -0.005766 -0.000003 0.075713 0.300133
    66 -0.263408 -0.117640 -0.015657 0.000036 -0.082210 -0.026800
    67 0.007707 -0.334360 -0.191576 0.070788 -0.181563 0.282364
    68 0.225562 -0.567923 -0.420715 0.119895 -0.183798 0.223460
    69 -0.203683 -0.095654 -0.328304 -1.745077 0.075142 -1.515382
    70 -1.393460 8.839182 -0.239440 1.580804 -0.005024 -1.566848
    71 0.036020 0.082814 -0.692656 -1.570769 0.065989 0.001276
    72 -0.088586 0.054019 -0.088595 0.010231 0.033800 -1.560851
    73 0.120153 -0.050270 -0.054489 -2.854024 0.030688 -1.580508
    74 -0.139399 -0.111692 0.014400 0.285395 -0.031353 1.580313
    75 1.815922 -4.953960 0.956709 -1.247037 1.437608 -1.233843
    76 1.280673 -7.522364 1.257767 -1.247037 1.437608 -1.233843
    77 3.828182 -0.174539 0.852289 -1.102199 1.470090 -1.123171
    78 3.729332 -2.581066 0.876464 -1.247037 1.437608 -1.233843
    79 2.533905 -6.885617 2.008363 -2.162034 -1.478379 -4.091257
    80 3.371094 17.859375 -1.857422 -1.247037 1.437608 -1.233843
  time 18
    0 1.629157 0.000000 0.541027 0.000000 0.000000 -1.570796
    1 0.134042 6.387100 -10.829892 5.490679 -0.686806 -4.201711
    2 -0.005512 -10.694113 -0.002571 0.125134 -0.270465 -0.025989
    3 -0.652832 -3.630859 -0.348633 -1.107361 -0.060909 -0.152581
    4 -0.013245 -1.508789 0.000002 -1.179837 0.000000 0.000000
    5 -0.000001 -0.953613 0.000000 -1.228718 0.000000 0.000000
    6 0.007988 0.172186 -0.118553 -1.598091 -0.216549 -1.570593
    7 0.080660 0.135929 -0.203919 -1.506824 -0.066185 -1.662786
    8 0.117288 -0.155554 -0.604544 -1.412988 -0.374558 -1.569222
    9 0.128052 -3.761719 -0.348633 -0.873865 -0.036146 -0.178589
    10 -0.010696 -1.563353 0.010633 -1.223438 0.000000 -0.000003
    11 0.000002 -1.163086 -0.000004 -1.567299 0.000000 0.000000
    12 -0.018589 0.129951 -0.123721 -1.294580 0.001302 -1.635383
    13 -0.006160 0.170065 -0.110169 -1.280084 -0.068681 -1.597215
    14 0.047100 -0.104074 -0.352264 -1.243368 -0.257298 -1.694346
    15 0.949219 -3.619141 -0.348633 -0.197224 0.000005 0.130897
    16 -0.015396 -1.600586 0.000000 -0.589916 0.000000 0.000000
    17 -0.006736 -0.941812 0.010971 -0.593400 0.000000 -0.000001
    18 -0.022325 0.045425 -0.038284 -1.125544 -0.129230 -1.681412
    19 -0.042901 -0.061274 -0.071212 -1.124462 -0.060454 -1.586099
    20 0.063741 -0.109104 -0.248158 -1.142813 -0.125805 -1.693583
    21 -1.403345 -3.245525 -0.342301 -1.174547 -0.118715 -0.146526
    22 0.013458 -1.203125 0.000002 -0.977387 0.000000 0.000000
    23 -0.020049 -0.801124 0.002278 -1.034950 0.000001 0.000004
    24 -0.011720 0.093267 0.017949 -1.687855 -0.079155 -1.575164
    25 0.048864 -0.085541 0.028626 -1.715605 -0.034569 -1.653190
    26 0.173918 -0.198414 -0.336163 -1.668104 -0.422317 -1.710956
    27 0.446787 -0.494133 0.392416 0.457988 -0.443923 -1.167613
    28 2.356265 0.014158 0.005009 -0.303993 -0.029854 -0.496318
    29 1.245306 0.004522 -0.002867 -0.000028 0.000034 -0.577668
    30 -0.267709 0.037512 -0.093907 2.913812 -0.143386 0.078467
    31 -0.029266 0.205410 -0.329287 2.788574 -0.255486 -0.188917
    32 0.204373 0.521055 -0.268577 2.886669 0.042206 -0.230367
    33 0.195697 -0.010059 -0.293538 -1.333586 0.150863 -1.672749
    34 1.257181 8.762590 -0.153713 -1.570562 0.002683 -1.566808
    35 -0.093500 -0.114213 -0.738866 -1.570842 0.061811 0.002096
    36 0.010843 0.093623 -0.081439 -3.141462 0.041719 -1.568236
    37 -5.489678 -3.004628 -8.513262 -2.638906 -0.720396 -1.127791
    38 0.100841 -10.673144 -0.005453 -0.358789 -0.168511 0.257216
    39 0.545615 -3.650577 -0.341066 -1.742204 -0.041772 -0.025457
    40 0.017872 -1.503640 0.001040 -0.444537 0.000001 -0.000004
    41 0.008139 -0.928479 -0.008488 -0.813968 -0.000002 -0.000001
    42 0.006928 0.005327 -0.181358 -1.528500 -0.248579 -1.611362
    43 -0.052313 0.038588 -0.230758 -1.592493 -0.043415 -1.528515
    44 -0.232600 -0.209658 -0.420670 -1.713790 -0.167173 -1.438930
    45 -0.218280 -3.737618 -0.342176 -1.786368 -0.000005 -0.000032
    46 0.023707 -1.582373 0.010076 -0.358971 -0.000172 -0.000093
    47 0.000478 -1.172547 0.000250 -0.463656 0.000033 0.000030
    48 -0.038065 0.069166 -0.159882 -1.816986 0.066178 -1.575392
    49 -0.025151 0.088760 -0.068837 -1.817843 0.044510 -1.568287
    50 -0.102916 -0.186983 -0.272246 -1.833683 -0.232962 -1.472375
    51 -1.034178 -3.582044 -0.343160 -1.563082 0.000031 -0.000003
    52 0.001134 -1.610108 0.002371 -0.451466 0.000003 -0.000002
    53 0.009693 -0.949964 0.008323 -0.575243 0.000001 0.000001
    54 -0.004241 0.043707 -0.080202 -2.014997 -0.186996 -1.460723
    55 0.015383 -0.089136 -0.030009 -2.006083 0.036346 -1.568629
    56 -0.022610 -0.212358 -0.177904 -1.933161 -0.118801 -1.518895
    57 1.305107 -3.227547 -0.338302 -1.531763 -0.070707 -0.039283
    58 0.000596 -1.238418 0.006086 -1.365847 0.000004 0.000009
    59 0.007081 -0.774607 -0.004222 -1.015074 -0.000006 -0.000004
    60 -0.067138 0.063251 -0.010961 -0.899214 -0.014515 -1.600326
    61 -0.151180 -0.007395 -0.070065 -0.913061 -0.118819 -1.408558
    62 -0.178164 -0.244680 -0.357067 -1.159916 -0.384260 -1.556110
    63 -0.385010 -0.459229 0.383545 -0.129647 -0.511419 -2.796852
    64 2.472082 0.027427 0.005130 -0.099661 -0.032186 0.238057
    65 1.219513 0.013261 -0.005766 -0.000003 0.077330 0.300133
    66 -0.263408 -0.117640 -0.015657 0.000036 -0.082210 -0.026800
    67 0.007707 -0.334360 -0.191576 0.070788 -0.181563 0.282364
    68 0.225562 -0.567923 -0.420715 0.119895 -0.183798 0.223460
    69 -0.203683 -0.095654 -0.328304 -1.745077 0.075142 -1.515382
    70 -1.393460 8.839182 -0.239440 1.580804 -0.005024 -1.566848
    71 0.036020 0.082814 -0.692656 -1.570769 0.065989 0.001276
    72 -0.088586 0.054019 -0.088595 0.010231 0.033800 -1.560851
    73 0.120153 -0.050270 -0.054489 -2.854024 0.030688 -1.580508
    74 -0.139399 -0.111692 0.014400 0.285395 -0.031353 1.580313
    75 1.815922 -4.953960 0.956709 -1.247037 1.437608 -1.233843
    76 1.280673 -7.522364 1.257767 -1.247037 1.437608 -1.233843
    77 3.824276 -0.174539 0.852289 -1.102199 1.470090 -1.123171
    78 3.729332 -2.436530 0.864745 -1.247037 1.437608 -1.233843
    79 2.529998 -6.881710 2.008363 -2.174777 -1.477604 -4.078470
    80 3.371094 17.859375 -1.857422 -1.247037 1.437608 -1.233843
  time 19
    0 1.629157 0.000000 0.541027 0.000000 0.000000 -1.570796
    1 0.134042 6.387100 -10.611136 5.580963 -0.672588 -4.286172
    2 -0.001605 -10.698019 -0.006478 0.144360 -0.260620 -0.105904
    3 -0.652832 -3.630859 -0.348633 -1.107361 -0.060909 -0.152581
    4 -0.013245 -1.508789 0.000002 -1.179837 0.000000 0.000000
    5 -0.000001 -0.953613 0.000000 -1.228718 0.000000 0.000000
    6 0.007988 0.172186 -0.118553 -1.598091 -0.216549 -1.570593
    7 0.080660 0.135929 -0.203919 -1.506824 -0.066185 -1.662786
    8 0.117288 -0.155554 -0.604544 -1.412988 -0.374558 -1.569222
    9 0.128052 -3.761719 -0.348633 -0.873865 -0.036146 -0.178589
    10 -0.010696 -1.567259 0.010633 -1.223362 0.000000 -0.000003
    11 0.000002 -1.163086 -0.000004 -1.567299 0.000000 0.000000
    12 -0.018589 0.129951 -0.123721 -1.294580 0.001302 -1.635383
    13 -0.006160 0.170065 -0.110169 -1.280084 -0.068681 -1.597215
    14 0.047100 -0.104074 -0.352264 -1.243368 -0.257298 -1.694346
    15 0.949219 -3.619141 -0.348633 -0.197224 0.000005 0.130897
    16 -0.015396 -1.600586 0.000000 -0.589916 0.000000 0.000000
    17 -0.006736 -0.941812 0.007065 -0.593400 0.000000 -0.000001
    18 -0.022325 0.045425 -0.038284 -1.125544 -0.129230 -1.681412
    19 -0.042901 -0.061274 -0.071212 -1.124462 -0.060454 -1.586099
    20 0.063741 -0.109104 -0.248158 -1.142813 -0.125805 -1.693583
    21 -1.403345 -3.241619 -0.342301 -1.174547 -0.118715 -0.146526
    22 0.013458 -1.203125 0.000002 -0.977387 0.000000 0.000000
    23 -0.020049 -0.797217 0.002278 -1.034950 0.000001 0.000004
    24 -0.011720 0.093267 0.017949 -1.687855 -0.079155 -1.575164
    25 0.048864 -0.085541 0.028626 -1.715605 -0.034569 -1.653190
    26 0.173918 -0.198414 -0.336163 -1.668104 -0.422317 -1.710956
    27 0.438974 -0.490226 0.388510 0.457988 -0.443923 -1.167613
    28 2.356265 0.010252 0.001103 -0.304005 -0.029854 -0.496318
    29 1.241400 0.004522 -0.002867 -0.000028 0.000034 -0.577668
    30 -0.267709 0.037512 -0.093907 2.913812 -0.143386 0.078467
    31 -0.029266 0.205410 -0.329287 2.788574 -0.255486 -0.188917
    32 0.204373 0.521055 -0.268577 2.886669 0.042206 -0.230367
    33 0.195697 -0.010059 -0.293538 -1.333586 0.150863 -1.672749
    34 1.257181 8.762590 -0.153713 -1.570562 0.002683 -1.566808
    35 -0.093500 -0.114213 -0.738866 -1.570842 0.061811 0.002096
    36 0.010843 0.093623 -0.081439 -3.141462 0.041719 -1.568236
    37 -5.259202 -2.973377 -8.431228 -2.622635 -0.720396 -1.127791
    38 0.104748 -10.673144 -0.005453 -0.355487 -0.169638 0.257858
    39 0.545615 -3.650577 -0.337160 -1.736133 -0.041664 -0.025660
    40 0.017872 -1.499734 0.001040 -0.444228 0.000001 -0.000004
    41 0.004232 -0.928479 -0.008488 -0.812168 -0.000002 -0.000001
    42 0.006928 0.005327 -0.181358 -1.528500 -0.248579 -1.611362
    43 -0.052313 0.038588 -0.230758 -1.592493 -0.043415 -1.528515
    44 -0.232600 -0.209658 -0.420670 -1.713790 -0.167173 -1.438930
    45 -0.222187 -3.737618 -0.342176 -1.780367 -0.000005 -0.000032
    46 0.023707 -1.578467 0.010076 -0.358971 -0.000160 -0.000093
    47 0.004385 -1.172547 0.000250 -0.464312 0.000033 0.000030
    48 -0.038065 0.069166 -0.159882 -1.816986 0.066178 -1.575392
    49 -0.025151 0.088760 -0.068837 -1.817843 0.044510 -1.568287
    50 -0.102916 -0.186983 -0.272246 -1.833683 -0.232962 -1.472375
    51 -1.034178 -3.578138 -0.343160 -1.556981 0.000031 -0.000003
    52 0.001134 -1.606202 0.002371 -0.451180 0.000003 -0.000002
    53 0.005787 -0.949964 0.008323 -0.575997 0.000001 0.000001
    54 -0.004241 0.043707 -0.080202 -2.014997 -0.186996 -1.460723
    55 0.015383 -0.089136 -0.030009 -2.006083 0.036346 -1.568629
    56 -0.022610 -0.212358 -0.177904 -1.933161 -0.118801 -1.518895
    57 1.305107 -3.227547 -0.338302 -1.527443 -0.070563 -0.039653
    58 0.000596 -1.238418 0.002180 -1.356954 0.000004 0.000009
    59 0.007081 -0.778514 -0.004222 -1.009322 -0.000006 -0.000004
    60 -0.067138 0.063251 -0.010961 -0.899214 -0.014515 -1.600326
    61 -0.151180 -0.007395 -0.070065 -0.913061 -0.118819 -1.408558
    62 -0.178164 -0.244680 -0.357067 -1.159916 -0.384260 -1.556110
    63 -0.385010 -0.459229 0.383545 -0.129647 -0.511419 -2.796852
    64 2.468175 0.027427 0.005130 -0.099637 -0.032234 0.237623
    65 1.219513 0.013261 -0.005766 -0.000003 0.078586 0.300133
    66 -0.263408 -0.117640 -0.015657 0.000036 -0.082210 -0.026800
    67 0.007707 -0.334360 -0.191576 0.070788 -0.181563 0.282364
    68 0.225562 -0.567923 -0.420715 0.119895 -0.183798 0.223460
    69 -0.203683 -0.095654 -0.328304 -1.745077 0.075142 -1.515382
    70 -1.393460 8.839182 -0.239440 1.580804 -0.005024 -1.566848
    71 0.036020 0.082814 -0.692656 -1.570769 0.065989 0.001276
    72 -0.088586 0.054019 -0.088595 0.010231 0.033800 -1.560851
    73 0.120153 -0.050270 -0.054489 -2.854024 0.030688 -1.580508
    74 -0.139399 -0.111692 0.014400 0.285395 -0.031353 1.580313
    75 1.815922 -4.953960 0.956709 -1.247037 1.437608 -1.233843
    76 1.280673 -7.522364 1.257767 -1.247037 1.437608 -1.233843
    77 3.828182 -0.174539 0.852289 -1.102199 1.470090 -1.123171
    78 3.729332 -3.276400 0.938966 -1.247037 1.437608 -1.233843
    79 2.529998 -6.885617 2.008363 -2.193624 -1.476140 -4.059385
    80 3.371094 17.859375 -1.857422 -1.247037 1.437608 -1.233843
  time 20
    0 1.629157 0.000000 0.541027 0.000000 0.000000 -1.570796
    1 0.134042 6.387100 -10.419724 5.712951 -0.653980 -4.415598
    2 -0.001605 -10.694113 -0.002571 0.167164 -0.251800 -0.164833
    3 -0.652832 -3.630859 -0.348633 -1.107361 -0.060909 -0.152581
    4 -0.013245 -1.508789 0.000002 -1.179837 0.000000 0.000000
    5 -0.000001 -0.953613 0.000000 -1.228718 0.000000 0.000000
    6 0.007988 0.172186 -0.118553 -1.598091 -0.216549 -1.570593
    7 0.080660 0.135929 -0.203919 -1.506824 -0.066185 -1.662786
    8 0.117288 -0.155554 -0.604544 -1.412988 -0.374558 -1.569222
    9 0.128052 -3.761719 -0.348633 -0.873865 -0.036146 -0.178589
    10 -0.010696 -1.567259 0.002820 -1.223362 0.000000 -0.000003
    11 0.000002 -1.163086 -0.000004 -1.567299 0.000000 0.000000
    12 -0.018589 0.129951 -0.123721 -1.294580 0.001302 -1.635383
    13 -0.006160 0.170065 -0.110169 -1.280084 -0.068681 -1.597215
    14 0.047100 -0.104074 -0.352264 -1.243368 -0.257298 -1.694346
    15 0.949219 -3.619141 -0.348633 -0.197224 0.000005 0.130897
    16 -0.015396 -1.600586 0.000000 -0.589916 0.000000 0.000000
    17 -0.006736 -0.941812 0.003159 -0.593400 0.000000 -0.000001
    18 -0.022325 0.045425 -0.038284 -1.125544 -0.129230 -1.681412
    19 -0.042901 -0.061274 -0.071212 -1.124462 -0.060454 -1.586099
    20 0.063741 -0.109104 -0.248158 -1.142813 -0.125805 -1.693583
    21 -1.403345 -3.245525 -0.342301 -1.174547 -0.118715 -0.146526
    22 0.013458 -1.203125 0.000002 -0.977387 0.000000 0.000000
    23 -0.020049 -0.797217 0.002278 -1.034950 0.000001 0.000004
    24 -0.011720 0.093267 0.017949 -1.687855 -0.079155 -1.575164
    25 0.048864 -0.085541 0.028626 -1.715605 -0.034569 -1.653190
    26 0.173918 -0.198414 -0.336163 -1.668104 -0.422317 -1.710956
    27 0.442881 -0.490226 0.392416 0.457988 -0.443923 -1.167613
    28 2.356265 0.010252 0.005009 -0.304005 -0.029854 -0.496318
    29 1.241400 0.004522 -0.006774 -0.000028 0.000034 -0.577668
    30 -0.267709 0.037512 -0.093907 2.913812 -0.143386 0.078467
    31 -0.029266 0.205410 -0.329287 2.788574 -0.255486 -0.188917
    32 0.204373 0.521055 -0.268577 2.886669 0.042206 -0.230367
    33 0.195697 -0.010059 -0.293538 -1.333586 0.150863 -1.672749
    34 1.257181 8.762590 -0.153713 -1.570562 0.002683 -1.566808
    35 -0.093500 -0.114213 -0.738866 -1.570842 0.061811 0.002096
    36 0.010843 0.093623 -0.081439 -3.141462 0.041719 -1.568236
    37 -5.017007 -2.840561 -8.497636 -2.595357 -0.725351 -1.125024
    38 0.104748 -10.673144 -0.005453 -0.349969 -0.171531 0.259080
    39 0.549521 -3.650577 -0.341066 -1.727187 -0.041556 -0.025876
    40 0.017872 -1.503640 0.001040 -0.443240 0.000001 -0.000004
    41 0.008139 -0.928479 -0.008488 -0.811695 -0.000002 -0.000001
    42 0.006928 0.005327 -0.181358 -1.528500 -0.248579 -1.611362
    43 -0.052313 0.038588 -0.230758 -1.592493 -0.043415 -1.528515
    44 -0.232600 -0.209658 -0.420670 -1.713790 -0.167173 -1.438930
    45 -0.218280 -3.737618 -0.346082 -1.771278 -0.000005 -0.000032
    46 0.023707 -1.578467 0.010076 -0.358876 -0.000160 -0.000093
    47 0.000478 -1.168640 0.000250 -0.466373 0.000033 0.000030
    48 -0.038065 0.069166 -0.159882 -1.816986 0.066178 -1.575392
    49 -0.025151 0.088760 -0.068837 -1.817843 0.044510 -1.568287
    50 -0.102916 -0.186983 -0.272246 -1.833683 -0.232962 -1.472375
    51 -1.034178 -3.578138 -0.343160 -1.547993 0.000031 -0.000003
    52 0.001134 -1.610108 0.002371 -0.450180 0.000003 -0.000002
    53 0.009693 -0.949964 0.008323 -0.578045 0.000001 0.000001
    54 -0.004241 0.043707 -0.080202 -2.014997 -0.186996 -1.460723
    55 0.015383 -0.089136 -0.030009 -2.006083 0.036346 -1.568629
    56 -0.022610 -0.212358 -0.177904 -1.933161 -0.118801 -1.518895
    57 1.309013 -3.227547 -0.338302 -1.520834 -0.070432 -0.040023
    58 0.000596 -1.238418 0.002180 -1.345692 0.000004 0.000009
    59 0.007081 -0.774607 -0.004222 -1.004776 -0.000006 -0.000004
    60 -0.067138 0.063251 -0.010961 -0.899214 -0.014515 -1.600326
    61 -0.151180 -0.007395 -0.070065 -0.913061 -0.118819 -1.408558
    62 -0.178164 -0.244680 -0.357067 -1.159916 -0.384260 -1.556110
    63 -0.385010 -0.459229 0.383545 -0.129647 -0.511419 -2.796852
    64 2.464269 0.027427 0.005130 -0.099613 -0.032270 0.237233
    65 1.223420 0.013261 -0.005766 -0.000003 0.079568 0.300133
    66 -0.263408 -0.117640 -0.015657 0.000036 -0.082210 -0.026800
    67 0.007707 -0.334360 -0.191576 0.070788 -0.181563 0.282364
    68 0.225562 -0.567923 -0.420715 0.119895 -0.183798 0.223460
    69 -0.203683 -0.095654 -0.328304 -1.745077 0.075142 -1.515382
    70 -1.393460 8.839182 -0.239440 1.580804 -0.005024 -1.566848
    71 0.036020 0.082814 -0.692656 -1.570769 0.065989 0.001276
    72 -0.088586 0.054019 -0.088595 0.010231 0.033800 -1.560851
    73 0.120153 -0.050270 -0.054489 -2.854024 0.030688 -1.580508
    74 -0.139399 -0.111692 0.014400 0.285395 -0.031353 1.580313
    75 1.815922 -4.953960 0.956709 -1.247037 1.437608 -1.233843
    76 1.280673 -7.522364 1.257767 -1.247037 1.437608 -1.233843
    77 3.875058 -2.686334 1.098390 -1.102199 1.470090 -1.123171
    78 3.733238 -5.026453 1.095221 -1.247037 1.437608 -1.233843
    79 2.529998 -6.881710 2.012270 -2.217660 -1.474504 -4.035434
    80 3.371094 17.859375 -1.857422 -1.247037 1.437608 -1.233843
  time 21
    0 1.629157 0.000000 0.541027 0.000000 0.000000 -1.570796
    1 0.134042 6.387100 -10.263469 5.819091 -0.635593 -4.513865
    2 -0.001605 -10.694113 -0.002571 0.182491 -0.248040 -0.183543
    3 -0.652832 -3.630859 -0.348633 -1.107361 -0.060909 -0.152581
    4 -0.013245 -1.508789 0.000002 -1.179837 0.000000 0.000000
    5 -0.000001 -0.953613 0.000000 -1.228718 0.000000 0.000000
    6 0.007988 0.172186 -0.118553 -1.598091 -0.216549 -1.570593
    7 0.080660 0.135929 -0.203919 -1.506824 -0.066185 -1.662786
    8 0.117288 -0.155554 -0.604544 -1.412988 -0.374558 -1.569222
    9 0.128052 -3.761719 -0.348633 -0.873865 -0.036146 -0.178589
    10 -0.006790 -1.567259 0.010633 -1.223362 0.000000 -0.000003
    11 0.000002 -1.163086 -0.000004 -1.567299 0.000000 0.000000
    12 -0.018589 0.129951 -0.123721 -1.294580 0.001302 -1.635383
    13 -0.006160 0.170065 -0.110169 -1.280084 -0.068681 -1.597215
    14 0.047100 -0.104074 -0.352264 -1.243368 -0.257298 -1.694346
    15 0.949219 -3.619141 -0.348633 -0.197224 0.000005 0.130897
    16 -0.015396 -1.600586 0.000000 -0.589916 0.000000 0.000000
    17 -0.002829 -0.941812 0.007065 -0.593400 0.000000 -0.000001
    18 -0.022325 0.045425 -0.038284 -1.125544 -0.129230 -1.681412
    19 -0.042901 -0.061274 -0.071212 -1.124462 -0.060454 -1.586099
    20 0.063741 -0.109104 -0.248158 -1.142813 -0.125805 -1.693583
    21 -1.403345 -3.245525 -0.346207 -1.174547 -0.118715 -0.146526
    22 0.013458 -1.203125 0.000002 -0.977387 0.000000 0.000000
    23 -0.020049 -0.797217 0.010091 -1.034950 0.000001 0.000004
    24 -0.011720 0.093267 0.017949 -1.687855 -0.079155 -1.575164
    25 0.048864 -0.085541 0.028626 -1.715605 -0.034569 -1.653190
    26 0.173918 -0.198414 -0.336163 -1.668104 -0.422317 -1.710956
    27 0.438974 -0.494133 0.392416 0.457988 -0.443911 -1.167613
    28 2.356265 0.010252 0.005009 -0.303993 -0.029854 -0.496318
    29 1.245306 0.004522 -0.002867 -0.000028 0.000034 -0.577668
    30 -0.267709 0.037512 -0.093907 2.913812 -0.143386 0.078467
    31 -0.029266 0.205410 -0.329287 2.788574 -0.255486 -0.188917
    32 0.204373 0.521055 -0.268577 2.886669 0.042206 -0.230367
    33 0.195697 -0.010059 -0.293538 -1.333586 0.150863 -1.672749
    34 1.257181 8.762590 -0.153713 -1.570562 0.002683 -1.566808
    35 -0.093500 -0.114213 -0.738866 -1.570842 0.061811 0.002096
    36 0.010843 0.093623 -0.081439 -3.141462 0.041719 -1.568236
    37 -4.583400 -2.613991 -8.653891 -2.556115 -0.737038 -1.118918
    38 0.104748 -10.673144 -0.005453 -0.342148 -0.174287 0.260847
    39 0.553428 -3.650577 -0.341066 -1.715109 -0.041424 -0.026056
    40 0.017872 -1.503640 0.001040 -0.441510 0.000001 -0.000004
    41 0.008139 -0.928479 -0.008488 -0.813305 -0.000002 -0.000001
    42 0.006928 0.005327 -0.181358 -1.528500 -0.248579 -1.611362
    43 -0.052313 0.038588 -0.230758 -1.592493 -0.043415 -1.528515
    44 -0.232600 -0.209658 -0.420670 -1.713790 -0.167173 -1.438930
    45 -0.218280 -3.733712 -0.342176 -1.759276 -0.000005 -0.000032
    46 0.023707 -1.578467 0.010076 -0.358876 -0.000148 -0.000081
    47 0.004385 -1.172547 0.000250 -0.470027 0.000033 0.000030
    48 -0.038065 0.069166 -0.159882 -1.816986 0.066178 -1.575392
    49 -0.025151 0.088760 -0.068837 -1.817843 0.044510 -1.568287
    50 -0.102916 -0.186983 -0.272246 -1.833683 -0.232962 -1.472375
    51 -1.030272 -3.574231 -0.339254 -1.535955 0.000031 -0.000003
    52 0.001134 -1.610108 0.006277 -0.448466 0.000003 -0.000002
    53 0.009693 -0.949964 0.008323 -0.581601 0.000001 0.000001
    54 -0.004241 0.043707 -0.080202 -2.014997 -0.186996 -1.460723
    55 0.015383 -0.089136 -0.030009 -2.006083 0.036346 -1.568629
    56 -0.022610 -0.212358 -0.177904 -1.933161 -0.118801 -1.518895
    57 1.309013 -3.227547 -0.338302 -1.511258 -0.070276 -0.040309
    58 0.008409 -1.238418 0.006086 -1.332186 0.000004 0.000009
    59 0.007081 -0.774607 -0.004222 -1.001807 -0.000006 -0.000004
    60 -0.067138 0.063251 -0.010961 -0.899214 -0.014515 -1.600326
    61 -0.151180 -0.007395 -0.070065 -0.913061 -0.118819 -1.408558
    62 -0.178164 -0.244680 -0.357067 -1.159916 -0.384260 -1.556110
    63 -0.385010 -0.459229 0.383545 -0.129647 -0.511419 -2.796852
    64 2.464269 0.027427 0.005130 -0.099601 -0.032294 0.237016
    65 1.219513 0.013261 -0.005766 -0.000003 0.080261 0.300133
    66 -0.263408 -0.117640 -0.015657 0.000036 -0.082210 -0.026800
    67 0.007707 -0.334360 -0.191576 0.070788 -0.181563 0.282364
    68 0.225562 -0.567923 -0.420715 0.119895 -0.183798 0.223460
    69 -0.203683 -0.095654 -0.328304 -1.745077 0.075142 -1.515382
    70 -1.393460 8.839182 -0.239440 1.580804 -0.005024 -1.566848
    71 0.036020 0.082814 -0.692656 -1.570769 0.065989 0.001276
    72 -0.088586 0.054019 -0.088595 0.010231 0.033800 -1.560851
    73 0.120153 -0.050270 -0.054489 -2.854024 0.030688 -1.580508
    74 -0.139399 -0.111692 0.014400 0.285395 -0.031353 1.580313
    75 1.815922 -4.953960 0.956709 -1.247037 1.437608 -1.233843
    76 1.280673 -7.522364 1.257767 -1.247037 1.437608 -1.233843
    77 3.914122 -5.194223 1.336679 -1.102199 1.470090 -1.123171
    78 3.733238 -6.026484 1.177255 -1.247037 1.437608 -1.233843
    79 2.533905 -6.885617 2.008363 -2.245969 -1.472179 -4.006998
    80 3.371094 17.859375 -1.857422 -1.247037 1.437608 -1.233843
  time 22
    0 1.629157 0.000000 0.541027 0.000000 0.000000 -1.570796
    1 0.118417 6.379287 -10.142371 5.839347 -0.633925 -4.529779
    2 -0.001605 -10.694113 -0.002571 0.202655 -0.243972 -0.199810
    3 -0.652832 -3.630859 -0.348633 -1.107361 -0.060909 -0.152581
    4 -0.013245 -1.508789 0.000002 -1.179837 0.000000 0.000000
    5 -0.000001 -0.953613 0.000000 -1.228718 0.000000 0.000000
    6 0.007988 0.172186 -0.118553 -1.598091 -0.216549 -1.570593
    7 0.080660 0.135929 -0.203919 -1.506824 -0.066185 -1.662786
    8 0.117288 -0.155554 -0.604544 -1.412988 -0.374558 -1.569222
    9 0.128052 -3.761719 -0.348633 -0.873865 -0.036146 -0.178589
    10 -0.010696 -1.563353 0.006726 -1.223362 0.000000 -0.000003
    11 0.000002 -1.163086 -0.000004 -1.567299 0.000000 0.000000
    12 -0.018589 0.129951 -0.123721 -1.294580 0.001302 -1.635383
    13 -0.006160 0.170065 -0.110169 -1.280084 -0.068681 -1.597215
    14 0.047100 -0.104074 -0.352264 -1.243368 -0.257298 -1.694346
    15 0.949219 -3.619141 -0.348633 -0.197224 0.000005 0.130897
    16 -0.015396 -1.600586 0.000000 -0.589916 0.000000 0.000000
    17 -0.006736 -0.941812 0.007065 -0.593400 0.000000 -0.000001
    18 -0.022325 0.045425 -0.038284 -1.125544 -0.129230 -1.681412
    19 -0.042901 -0.061274 -0.071212 -1.124462 -0.060454 -1.586099
    20 0.063741 -0.109104 -0.248158 -1.142813 -0.125805 -1.693583
    21 -1.403345 -3.241619 -0.342301 -1.174547 -0.118715 -0.146526
    22 0.013458 -1.203125 0.000002 -0.977387 0.000000 0.000000
    23 -0.020049 -0.797217 0.002278 -1.034950 0.000001 0.000004
    24 -0.011720 0.093267 0.017949 -1.687855 -0.079155 -1.575164
    25 0.048864 -0.085541 0.028626 -1.715605 -0.034569 -1.653190
    26 0.173918 -0.198414 -0.336163 -1.668104 -0.422317 -1.710956
    27 0.438974 -0.490226 0.392416 0.457988 -0.443911 -1.167613
    28 2.356265 0.014158 0.005009 -0.304005 -0.029854 -0.496318
    29 1.245306 0.004522 -0.010680 -0.000028 0.000034 -0.577668
    30 -0.267709 0.037512 -0.093907 2.913812 -0.143386 0.078467
    31 -0.029266 0.205410 -0.329287 2.788574 -0.255486 -0.188917
    32 0.204373 0.521055 -0.268577 2.886669 0.042206 -0.230367
    33 0.195697 -0.010059 -0.293538 -1.333586 0.150863 -1.672749
    34 1.257181 8.762590 -0.153713 -1.570562 0.002683 -1.566808
    35 -0.093500 -0.114213 -0.738866 -1.570842 0.061811 0.002096
    36 0.010843 0.093623 -0.081439 -3.141462 0.041719 -1.568236
    37 -3.997445 -2.309295 -8.857022 -2.509025 -0.750579 -1.112526
    38 0.100841 -10.673144 -0.005453 -0.331981 -0.178002 0.263194
    39 0.549521 -3.650577 -0.341066 -1.700091 -0.041328 -0.026188
    40 0.021779 -1.503640 0.001040 -0.438916 0.000001 -0.000004
    41 0.004232 -0.928479 -0.004582 -0.816620 -0.000002 -0.000001
    42 0.006928 0.005327 -0.181358 -1.528500 -0.248579 -1.611362
    43 -0.052313 0.038588 -0.230758 -1.592493 -0.043415 -1.528515
    44 -0.232600 -0.209658 -0.420670 -1.713790 -0.167173 -1.438930
    45 -0.218280 -3.733712 -0.346082 -1.744186 -0.000005 -0.000032
    46 0.015894 -1.578467 0.006169 -0.358589 -0.000136 -0.000081
    47 0.004385 -1.172547 0.000250 -0.475367 0.000033 0.000030
    48 -0.038065 0.069166 -0.159882 -1.816986 0.066178 -1.575392
    49 -0.025151 0.088760 -0.068837 -1.817843 0.044510 -1.568287
    50 -0.102916 -0.186983 -0.272246 -1.833683 -0.232962 -1.472375
    51 -1.034178 -3.578138 -0.343160 -1.520703 0.000031 -0.000003
    52 0.001134 -1.610108 0.006277 -0.445895 0.000003 -0.000002
    53 0.001880 -0.949964 0.008323 -0.586937 0.000001 0.000001
    54 -0.004241 0.043707 -0.080202 -2.014997 -0.186996 -1.460723
    55 0.015383 -0.089136 -0.030009 -2.006083 0.036346 -1.568629
    56 -0.022610 -0.212358 -0.177904 -1.933161 -0.118801 -1.518895
    57 1.305107 -3.227547 -0.338302 -1.498924 -0.070096 -0.040595
    58 0.000596 -1.238418 0.006086 -1.316270 0.000004 0.000009
    59 0.007081 -0.774607 -0.004222 -1.000601 -0.000006 -0.000004
    60 -0.067138 0.063251 -0.010961 -0.899214 -0.014515 -1.600326
    61 -0.151180 -0.007395 -0.070065 -0.913061 -0.118819 -1.408558
    62 -0.178164 -0.244680 -0.357067 -1.159916 -0.384260 -1.556110
    63 -0.385010 -0.459229 0.383545 -0.129647 -0.511419 -2.796852
    64 2.468175 0.027427 0.005130 -0.099601 -0.032318 0.236886
    65 1.223420 0.013261 -0.005766 -0.000003 0.080651 0.300133
    66 -0.263408 -0.117640 -0.015657 0.000036 -0.082210 -0.026800
    67 0.007707 -0.334360 -0.191576 0.070788 -0.181563 0.282364
    68 0.225562 -0.567923 -0.420715 0.119895 -0.183798 0.223460
    69 -0.203683 -0.095654 -0.328304 -1.745077 0.075142 -1.515382
    70 -1.393460 8.839182 -0.239440 1.580804 -0.005024 -1.566848
    71 0.036020 0.082814 -0.692656 -1.570769 0.065989 0.001276
    72 -0.088586 0.054019 -0.088595 0.010231 0.033800 -1.560851
    73 0.120153 -0.050270 -0.054489 -2.854024 0.030688 -1.580508
    74 -0.139399 -0.111692 0.014400 0.285395 -0.031353 1.580313
    75 1.815922 -4.953960 0.956709 -1.247037 1.437608 -1.233843
    76 1.280673 -7.522364 1.257767 -1.247037 1.437608 -1.233843
    77 3.914122 -5.194223 1.336679 -1.102199 1.470090 -1.123171
    78 3.733238 -6.026484 1.177255 -1.247037 1.437608 -1.233843
    79 2.533905 -6.881710 2.008363 -2.276491 -1.469510 -3.975889
    80 3.371094 17.859375 -1.857422 -1.247037 1.437608 -1.233843
  time 23
    0 1.629157 0.000000 0.541027 0.000000 0.000000 -1.570796
    1 0.083259 6.375381 -10.075963 5.857404 -0.634846 -4.542242
    2 -0.001605 -10.698019 -0.002571 0.225410 -0.239699 -0.213174
    3 -0.652832 -3.630859 -0.348633 -1.107361 -0.060909 -0.152581
    4 -0.013245 -1.508789 0.000002 -1.179837 0.000000 0.000000
    5 -0.000001 -0.953613 0.000000 -1.228718 0.000000 0.000000
    6 0.007988 0.172186 -0.118553 -1.598091 -0.216549 -1.570593
    7 0.080660 0.135929 -0.203919 -1.506824 -0.066185 -1.662786
    8 0.117288 -0.155554 -0.604544 -1.412988 -0.374558 -1.569222
    9 0.128052 -3.761719 -0.348633 -0.873865 -0.036146 -0.178589
    10 -0.006790 -1.567259 0.010633 -1.223438 0.000000 -0.000003
    11 0.000002 -1.163086 -0.000004 -1.567299 0.000000 0.000000
    12 -0.018589 0.129951 -0.123721 -1.294580 0.001302 -1.635383
    13 -0.006160 0.170065 -0.110169 -1.280084 -0.068681 -1.597215
    14 0.047100 -0.104074 -0.352264 -1.243368 -0.257298 -1.694346
    15 0.949219 -3.619141 -0.348633 -0.197224 0.000005 0.130897
    16 -0.015396 -1.600586 0.000000 -0.589916 0.000000 0.000000
    17 -0.002829 -0.937906 0.007065 -0.593400 0.000000 -0.000001
    18 -0.022325 0.045425 -0.038284 -1.125544 -0.129230 -1.681412
    19 -0.042901 -0.061274 -0.071212 -1.124462 -0.060454 -1.586099
    20 0.063741 -0.109104 -0.248158 -1.142813 -0.125805 -1.693583
    21 -1.403345 -3.245525 -0.342301 -1.174547 -0.118715 -0.146526
    22 0.013458 -1.203125 0.000002 -0.977387 0.000000 0.000000
    23 -0.020049 -0.797217 0.002278 -1.034950 0.000001 0.000004
    24 -0.011720 0.093267 0.017949 -1.687855 -0.079155 -1.575164
    25 0.048864 -0.085541 0.028626 -1.715605 -0.034569 -1.653190
    26 0.173918 -0.198414 -0.336163 -1.668104 -0.422317 -1.710956
    27 0.438974 -0.490226 0.392416 0.457988 -0.443923 -1.167613
    28 2.356265 0.010252 0.005009 -0.304005 -0.029854 -0.496318
    29 1.245306 0.004522 -0.002867 -0.000028 0.000034 -0.577668
    30 -0.267709 0.037512 -0.093907 2.913812 -0.143386 0.078467
    31 -0.029266 0.205410 -0.329287 2.788574 -0.255486 -0.188917
    32 0.204373 0.521055 -0.268577 2.886669 0.042206 -0.230367
    33 0.195697 -0.010059 -0.293538 -1.333586 0.150863 -1.672749
    34 1.257181 8.762590 -0.153713 -1.570562 0.002683 -1.566808
    35 -0.093500 -0.114213 -0.738866 -1.570842 0.061811 0.002096
    36 0.010843 0.093623 -0.081439 -3.141462 0.041719 -1.568236
    37 -3.298205 -1.942096 -9.103124 -2.459063 -0.761170 -1.108710
    38 0.108654 -10.673144 -0.001547 -0.319294 -0.182748 0.266119
    39 0.549521 -3.650577 -0.341066 -1.681558 -0.041232 -0.026260
    40 0.017872 -1.503640 0.001040 -0.435580 0.000001 -0.000004
    41 0.008139 -0.928479 -0.008488 -0.822397 -0.000002 -0.000001
    42 0.006928 0.005327 -0.181358 -1.528500 -0.248579 -1.611362
    43 -0.052313 0.038588 -0.230758 -1.592493 -0.043415 -1.528515
    44 -0.232600 -0.209658 -0.420670 -1.713790 -0.167173 -1.438930
    45 -0.218280 -3.741524 -0.342176 -1.725717 -0.000005 -0.000032
    46 0.023707 -1.582373 0.010076 -0.358589 -0.000112 -0.000069
    47 0.004385 -1.172547 0.000250 -0.482394 0.000033 0.000030
    48 -0.038065 0.069166 -0.159882 -1.816986 0.066178 -1.575392
    49 -0.025151 0.088760 -0.068837 -1.817843 0.044510 -1.568287
    50 -0.102916 -0.186983 -0.272246 -1.833683 -0.232962 -1.472375
    51 -1.030272 -3.582044 -0.339254 -1.502346 0.000031 -0.000003
    52 0.001134 -1.610108 0.002371 -0.442514 0.000003 -0.000002
    53 0.009693 -0.949964 0.008323 -0.594212 0.000001 0.000001
    54 -0.004241 0.043707 -0.080202 -2.014997 -0.186996 -1.460723
    55 0.015383 -0.089136 -0.030009 -2.006083 0.036346 -1.568629
    56 -0.022610 -0.212358 -0.177904 -1.933161 -0.118801 -1.518895
    57 1.305107 -3.227547 -0.338302 -1.483728 -0.069928 -0.040780
    58 0.000596 -1.238418 0.002180 -1.297860 0.000004 0.000009
    59 0.007081 -0.774607 -0.004222 -1.001436 -0.000006 -0.000004
    60 -0.067138 0.063251 -0.010961 -0.899214 -0.014515 -1.600326
    61 -0.151180 -0.007395 -0.070065 -0.913061 -0.118819 -1.408558
    62 -0.178164 -0.244680 -0.357067 -1.159916 -0.384260 -1.556110
    63 -0.385010 -0.459229 0.383545 -0.129647 -0.511419 -2.796852
    64 2.472082 0.027427 0.005130 -0.099601 -0.032318 0.236886
    65 1.219513 0.013261 -0.005766 -0.000003 0.080752 0.300133
    66 -0.263408 -0.117640 -0.015657 0.000036 -0.082210 -0.026800
    67 0.007707 -0.334360 -0.191576 0.070788 -0.181563 0.282364
    68 0.225562 -0.567923 -0.420715 0.119895 -0.183798 0.223460
    69 -0.203683 -0.095654 -0.328304 -1.745077 0.075142 -1.515382
    70 -1.393460 8.839182 -0.239440 1.580804 -0.005024 -1.566848
    71 0.036020 0.082814 -0.692656 -1.570769 0.065989 0.001276
    72 -0.088586 0.054019 -0.088595 0.010231 0.033800 -1.560851
    73 0.120153 -0.050270 -0.054489 -2.854024 0.030688 -1.580508
    74 -0.139399 -0.111692 0.014400 0.285395 -0.031353 1.580313
    75 1.815922 -4.953960 0.956709 -1.247037 1.437608 -1.233843
    76 1.280673 -7.522364 1.257767 -1.247037 1.437608 -1.233843
    77 3.914122 -5.194223 1.336679 -1.102199 1.470090 -1.123171
    78 3.733238 -6.026484 1.177255 -1.247037 1.437608 -1.233843
    79 2.529998 -6.885617 2.008363 -2.307700 -1.466841 -3.944781
    80 3.371094 17.859375 -1.857422 -1.247037 1.437608 -1.233843
  time 24
    0 1.629157 0.000000 0.541027 0.000000 0.000000 -1.570796
    1 0.036383 6.359755 -10.040806 5.872986 -0.637918 -4.551830
    2 -0.005512 -10.701926 -0.002571 0.248585 -0.235631 -0.223511
    3 -0.652832 -3.630859 -0.348633 -1.107361 -0.060909 -0.152581
    4 -0.013245 -1.508789 0.000002 -1.179837 0.000000 0.000000
    5 -0.000001 -0.953613 0.000000 -1.228718 0.000000 0.000000
    6 0.007988 0.172186 -0.118553 -1.598091 -0.216549 -1.570593
    7 0.080660 0.135929 -0.203919 -1.506824 -0.066185 -1.662786
    8 0.117288 -0.155554 -0.604544 -1.412988 -0.374558 -1.569222
    9 0.128052 -3.761719 -0.348633 -0.873865 -0.036146 -0.178589
    10 -0.006790 -1.567259 0.006726 -1.223362 0.000000 -0.000003
    11 0.000002 -1.163086 -0.000004 -1.567299 0.000000 0.000000
    12 -0.018589 0.129951 -0.123721 -1.294580 0.001302 -1.635383
    13 -0.006160 0.170065 -0.110169 -1.280084 -0.068681 -1.597215
    14 0.047100 -0.104074 -0.352264 -1.243368 -0.257298 -1.694346
    15 0.949219 -3.619141 -0.348633 -0.197224 0.000005 0.130897
    16 -0.015396 -1.600586 0.000000 -0.589916 0.000000 0.000000
    17 -0.006736 -0.945718 0.010971 -0.593400 0.000000 -0.000001
    18 -0.022325 0.045425 -0.038284 -1.125544 -0.129230 -1.681412
    19 -0.042901 -0.061274 -0.071212 -1.124462 -0.060454 -1.586099
    20 0.063741 -0.109104 -0.248158 -1.142813 -0.125805 -1.693583
    21 -1.403345 -3.241619 -0.338395 -1.174547 -0.118715 -0.146526
    22 0.013458 -1.203125 0.000002 -0.977387 0.000000 0.000000
    23 -0.020049 -0.797217 0.006185 -1.034950 0.000001 0.000004
    24 -0.011720 0.093267 0.017949 -1.687855 -0.079155 -1.575164
    25 0.048864 -0.085541 0.028626 -1.715605 -0.034569 -1.653190
    26 0.173918 -0.198414 -0.336163 -1.668104 -0.422317 -1.710956
    27 0.446787 -0.494133 0.396323 0.457988 -0.443923 -1.167613
    28 2.356265 0.010252 0.005009 -0.304005 -0.029854 -0.496318
    29 1.245306 0.004522 -0.006774 -0.000028 0.000034 -0.577668
    30 -0.267709 0.037512 -0.093907 2.913812 -0.143386 0.078467
    31 -0.029266 0.205410 -0.329287 2.788574 -0.255486 -0.188917
    32 0.204373 0.521055 -0.268577 2.886669 0.042206 -0.230367
    33 0.195697 -0.010059 -0.293538 -1.333586 0.150863 -1.672749
    34 1.257181 8.762590 -0.153713 -1.570562 0.002683 -1.566808
    35 -0.093500 -0.114213 -0.738866 -1.570842 0.061811 0.002096
    36 0.010843 0.093623 -0.081439 -3.141462 0.041719 -1.568236
    37 -2.516931 -1.520208 -9.329693 -2.410920 -0.763023 -1.109378
    38 0.104748 -10.673144 -0.005453 -0.303913 -0.188571 0.269622
    39 0.549521 -3.642764 -0.337160 -1.659447 -0.041148 -0.026319
    40 0.017872 -1.503640 0.001040 -0.431194 0.000001 -0.000004
    41 0.008139 -0.928479 -0.008488 -0.830827 -0.000002 -0.000001
    42 0.006928 0.005327 -0.181358 -1.528500 -0.248579 -1.611362
    43 -0.052313 0.038588 -0.230758 -1.592493 -0.043415 -1.528515
    44 -0.232600 -0.209658 -0.420670 -1.713790 -0.167173 -1.438930
    45 -0.214374 -3.733712 -0.342176 -1.703577 -0.000005 -0.000032
    46 0.023707 -1.578467 0.006169 -0.358302 -0.000088 -0.000057
    47 0.004385 -1.168640 0.000250 -0.491669 0.000033 0.000030
    48 -0.038065 0.069166 -0.159882 -1.816986 0.066178 -1.575392
    49 -0.025151 0.088760 -0.068837 -1.817843 0.044510 -1.568287
    50 -0.102916 -0.186983 -0.272246 -1.833683 -0.232962 -1.472375
    51 -1.026365 -3.578138 -0.339254 -1.480230 0.000031 -0.000003
    52 0.001134 -1.606202 0.002371 -0.438181 0.000003 -0.000002
    53 0.009693 -0.949964 0.004417 -0.603319 0.000001 0.000001
    54 -0.004241 0.043707 -0.080202 -2.014997 -0.186996 -1.460723
    55 0.015383 -0.089136 -0.030009 -2.006083 0.036346 -1.568629
    56 -0.022610 -0.212358 -0.177904 -1.933161 -0.118801 -1.518895
    57 1.309013 -3.227547 -0.338302 -1.465253 -0.069808 -0.040965
    58 0.000596 -1.238418 0.006086 -1.277040 0.000004 0.000009
    59 0.007081 -0.774607 -0.000316 -1.004683 -0.000006 -0.000004
    60 -0.067138 0.063251 -0.010961 -0.899214 -0.014515 -1.600326
    61 -0.151180 -0.007395 -0.070065 -0.913061 -0.118819 -1.408558
    62 -0.178164 -0.244680 -0.357067 -1.159916 -0.384260 -1.556110
    63 -0.385010 -0.459229 0.383545 -0.129647 -0.511419 -2.796852
    64 2.472082 0.027427 0.005130 -0.099601 -0.032330 0.236886
    65 1.223420 0.013261 -0.005766 -0.000003 0.080550 0.300133
    66 -0.263408 -0.117640 -0.015657 0.000036 -0.082210 -0.026800
    67 0.007707 -0.334360 -0.191576 0.070788 -0.181563 0.282364
    68 0.225562 -0.567923 -0.420715 0.119895 -0.183798 0.223460
    69 -0.203683 -0.095654 -0.328304 -1.745077 0.075142 -1.515382
    70 -1.393460 8.839182 -0.239440 1.580804 -0.005024 -1.566848
    71 0.036020 0.082814 -0.692656 -1.570769 0.065989 0.001276
    72 -0.088586 0.054019 -0.088595 0.010231 0.033800 -1.560851
    73 0.120153 -0.050270 -0.054489 -2.854024 0.030688 -1.580508
    74 -0.139399 -0.111692 0.014400 0.285395 -0.031353 1.580313
    75 1.815922 -4.953960 0.956709 -1.247037 1.437608 -1.233843
    76 1.280673 -7.522364 1.257767 -1.247037 1.437608 -1.233843
    77 3.914122 -5.194223 1.336679 -1.102199 1.470090 -1.123171
    78 3.733238 -6.026484 1.177255 -1.247037 1.437608 -1.233843
    79 2.529998 -6.885617 2.008363 -2.338832 -1.463655 -3.913291
    80 3.371094 17.859375 -1.857422 -1.247037 1.437608 -1.233843
  time 25
    0 1.629157 0.000000 0.541027 0.000000 0.000000 -1.570796
    1 -0.014400 6.336317 -10.040806 5.887193 -0.642439 -4.559116
    2 -0.001605 -10.701926 -0.002571 0.269884 -0.232281 -0.230402
    3 -0.652832 -3.630859 -0.348633 -1.107361 -0.060909 -0.152581
    4 -0.013245 -1.508789 0.000002 -1.179837 0.000000 0.000000
    5 -0.000001 -0.953613 0.000000 -1.228718 0.000000 0.000000
    6 0.007988 0.172186 -0.118553 -1.598091 -0.216549 -1.570593
    7 0.080660 0.135929 -0.203919 -1.506824 -0.066185 -1.662786
    8 0.117288 -0.155554 -0.604544 -1.412988 -0.374558 -1.569222
    9 0.128052 -3.761719 -0.348633 -0.873865 -0.036146 -0.178589
    10 -0.010696 -1.571166 0.006726 -1.223362 0.000000 -0.000003
    11 0.000002 -1.163086 -0.000004 -1.567299 0.000000 0.000000
    12 -0.018589 0.129951 -0.123721 -1.294580 0.001302 -1.635383
    13 -0.006160 0.170065 -0.110169 -1.280084 -0.068681 -1.597215
    14 0.047100 -0.104074 -0.352264 -1.243368 -0.257298 -1.694346
    15 0.949219 -3.619141 -0.348633 -0.197224 0.000005 0.130897
    16 -0.015396 -1.600586 0.000000 -0.589916 0.000000 0.000000
    17 -0.006736 -0.941812 0.007065 -0.593400 0.000000 -0.000001
    18 -0.022325 0.045425 -0.038284 -1.125544 -0.129230 -1.681412
    19 -0.042901 -0.061274 -0.071212 -1.124462 -0.060454 -1.586099
    20 0.063741 -0.109104 -0.248158 -1.142813 -0.125805 -1.693583
    21 -1.403345 -3.249431 -0.342301 -1.174547 -0.118715 -0.146526
    22 0.013458 -1.203125 0.000002 -0.977387 0.000000 0.000000
    23 -0.020049 -0.797217 0.010091 -1.034950 0.000001 0.000004
    24 -0.011720 0.093267 0.017949 -1.687855 -0.079155 -1.575164
    25 0.048864 -0.085541 0.028626 -1.715605 -0.034569 -1.653190
    26 0.173918 -0.198414 -0.336163 -1.668104 -0.422317 -1.710956
    27 0.446787 -0.494133 0.392416 0.457988 -0.443923 -1.167613
    28 2.356265 0.010252 0.005009 -0.304005 -0.029854 -0.496318
    29 1.245306 0.004522 -0.002867 -0.000028 0.000034 -0.577668
    30 -0.267709 0.037512 -0.093907 2.913812 -0.143386 0.078467
    31 -0.029266 0.205410 -0.329287 2.788574 -0.255486 -0.188917
    32 0.204373 0.521055 -0.268577 2.886669 0.042206 -0.230367
    33 0.195697 -0.010059 -0.293538 -1.333586 0.150863 -1.672749
    34 1.257181 8.762590 -0.153713 -1.570562 0.002683 -1.566808
    35 -0.093500 -0.114213 -0.738866 -1.570842 0.061811 0.002096
    36 0.010843 0.093623 -0.081439 -3.141462 0.041719 -1.568236
    37 -1.692687 -1.067069 -9.544543 -2.370147 -0.751185 -1.115579
    38 0.104748 -10.673144 -0.005453 -0.285838 -0.195474 0.273704
    39 0.549521 -3.650577 -0.337160 -1.633629 -0.041088 -0.026319
    40 0.017872 -1.503640 0.001040 -0.425882 0.000001 -0.000004
    41 0.004232 -0.928479 -0.008488 -0.841814 -0.000002 -0.000001
    42 0.006928 0.005327 -0.181358 -1.528500 -0.248579 -1.611362
    43 -0.052313 0.038588 -0.230758 -1.592493 -0.043415 -1.528515
    44 -0.232600 -0.209658 -0.420670 -1.713790 -0.167173 -1.438930
    45 -0.222187 -3.741524 -0.342176 -1.677825 -0.000005 -0.000032
    46 0.023707 -1.582373 0.006169 -0.358015 -0.000052 -0.000045
    47 0.000478 -1.176453 0.000250 -0.502818 0.000033 0.000030
    48 -0.038065 0.069166 -0.159882 -1.816986 0.066178 -1.575392
    49 -0.025151 0.088760 -0.068837 -1.817843 0.044510 -1.568287
    50 -0.102916 -0.186983 -0.272246 -1.833683 -0.232962 -1.472375
    51 -1.030272 -3.582044 -0.343160 -1.454465 0.000031 -0.000003
    52 0.005040 -1.606202 0.002371 -0.432848 0.000003 -0.000002
    53 0.009693 -0.949964 0.008323 -0.614582 0.000001 0.000001
    54 -0.004241 0.043707 -0.080202 -2.014997 -0.186996 -1.460723
    55 0.015383 -0.089136 -0.030009 -2.006083 0.036346 -1.568629
    56 -0.022610 -0.212358 -0.177904 -1.933161 -0.118801 -1.518895
    57 1.305107 -3.227547 -0.338302 -1.443395 -0.069689 -0.041049
    58 0.000596 -1.238418 0.006086 -1.253602 0.000004 0.000009
    59 0.003174 -0.774607 -0.000316 -1.010528 -0.000006 -0.000004
    60 -0.067138 0.063251 -0.010961 -0.899214 -0.014515 -1.600326
    61 -0.151180 -0.007395 -0.070065 -0.913061 -0.118819 -1.408558
    62 -0.178164 -0.244680 -0.357067 -1.159916 -0.384260 -1.556110
    63 -0.385010 -0.459229 0.383545 -0.129647 -0.511419 -2.796852
    64 2.472082 0.027427 0.005130 -0.099613 -0.032294 0.237103
    65 1.223420 0.013261 -0.005766 -0.000003 0.080059 0.300133
    66 -0.263408 -0.117640 -0.015657 0.000036 -0.082210 -0.026800
    67 0.007707 -0.334360 -0.191576 0.070788 -0.181563 0.282364
    68 0.225562 -0.567923 -0.420715 0.119895 -0.183798 0.223460
    69 -0.203683 -0.095654 -0.328304 -1.745077 0.075142 -1.515382
    70 -1.393460 8.839182 -0.239440 1.580804 -0.005024 -1.566848
    71 0.036020 0.082814 -0.692656 -1.570769 0.065989 0.001276
    72 -0.088586 0.054019 -0.088595 0.010231 0.033800 -1.560851
    73 0.120153 -0.050270 -0.054489 -2.854024 0.030688 -1.580508
    74 -0.139399 -0.111692 0.014400 0.285395 -0.031353 1.580313
    75 1.815922 -4.953960 0.956709 -1.247037 1.437608 -1.233843
    76 1.280673 -7.522364 1.257767 -1.247037 1.437608 -1.233843
    77 3.914122 -5.194223 1.336679 -1.102199 1.470090 -1.123171
    78 3.733238 -6.026484 1.177255 -1.247037 1.437608 -1.233843
    79 2.533905 -6.885617 2.008363 -2.369506 -1.460211 -3.882470
    80 3.371094 17.859375 -1.857422 -1.247037 1.437608 -1.233843
  time 26
    0 1.629157 0.000000 0.541027 0.000000 0.000000 -1.570796
    1 -0.057370 6.324598 -10.075963 5.899659 -0.647485 -4.564772
    2 -0.001605 -10.694113 -0.002571 0.287333 -0.229888 -0.233597
    3 -0.652832 -3.630859 -0.348633 -1.107361 -0.060909 -0.152581
    4 -0.013245 -1.508789 0.000002 -1.179837 0.000000 0.000000
    5 -0.000001 -0.953613 0.000000 -1.228718 0.000000 0.000000
    6 0.007988 0.172186 -0.118553 -1.598091 -0.216549 -1.570593
    7 0.080660 0.135929 -0.203919 -1.506824 -0.066185 -1.662786
    8 0.117288 -0.155554 -0.604544 -1.412988 -0.374558 -1.569222
    9 0.128052 -3.761719 -0.348633 -0.873865 -0.036146 -0.178589
    10 -0.010696 -1.571166 0.006726 -1.223362 0.000000 -0.000003
    11 0.000002 -1.163086 -0.000004 -1.567299 0.000000 0.000000
    12 -0.018589 0.129951 -0.123721 -1.294580 0.001302 -1.635383
    13 -0.006160 0.170065 -0.110169 -1.280084 -0.068681 -1.597215
    14 0.047100 -0.104074 -0.352264 -1.243368 -0.257298 -1.694346
    15 0.949219 -3.619141 -0.348633 -0.197224 0.000005 0.130897
    16 -0.015396 -1.600586 0.000000 -0.589916 0.000000 0.000000
    17 -0.006736 -0.941812 0.007065 -0.593400 0.000000 -0.000001
    18 -0.022325 0.045425 -0.038284 -1.125544 -0.129230 -1.681412
    19 -0.042901 -0.061274 -0.071212 -1.124462 -0.060454 -1.586099
    20 0.063741 -0.109104 -0.248158 -1.142813 -0.125805 -1.693583
    21 -1.403345 -3.245525 -0.346207 -1.174547 -0.118727 -0.146526
    22 0.013458 -1.203125 0.000002 -0.977387 0.000000 0.000000
    23 -0.020049 -0.797217 0.006185 -1.034950 0.000001 0.000004
    24 -0.011720 0.093267 0.017949 -1.687855 -0.079155 -1.575164
    25 0.048864 -0.085541 0.028626 -1.715605 -0.034569 -1.653190
    26 0.173918 -0.198414 -0.336163 -1.668104 -0.422317 -1.710956
    27 0.442881 -0.490226 0.392416 0.458000 -0.443923 -1.167613
    28 2.356265 0.010252 0.001103 -0.304005 -0.029854 -0.496318
    29 1.245306 0.004522 -0.006774 -0.000028 0.000034 -0.577668
    30 -0.267709 0.037512 -0.093907 2.913812 -0.143386 0.078467
    31 -0.029266 0.205410 -0.329287 2.788574 -0.255486 -0.188917
    32 0.204373 0.521055 -0.268577 2.886669 0.042206 -0.230367
    33 0.195697 -0.010059 -0.293538 -1.333586 0.150863 -1.672749
    34 1.257181 8.762590 -0.153713 -1.570562 0.002683 -1.566808
    35 -0.093500 -0.114213 -0.738866 -1.570842 0.061811 0.002096
    36 0.010843 0.093623 -0.081439 -3.141462 0.041719 -1.568236
    37 -0.872350 -0.570960 -9.704704 -2.343443 -0.720396 -1.127791
    38 0.104748 -10.673144 -0.001547 -0.265069 -0.203695 0.278332
    39 0.545615 -3.642764 -0.337160 -1.603977 -0.041065 -0.026271
    40 0.021779 -1.503640 0.004947 -0.419396 0.000001 -0.000004
    41 0.008139 -0.928479 -0.008488 -0.855453 -0.000002 -0.000001
    42 0.006928 0.005327 -0.181358 -1.528500 -0.248579 -1.611362
    43 -0.052313 0.038588 -0.230758 -1.592493 -0.043415 -1.528515
    44 -0.232600 -0.209658 -0.420670 -1.713790 -0.167173 -1.438930
    45 -0.218280 -3.741524 -0.342176 -1.648170 -0.000005 -0.000032
    46 0.023707 -1.578467 0.006169 -0.358015 -0.000016 -0.000021
    47 0.000478 -1.172547 0.000250 -0.516403 0.000033 0.000030
    48 -0.038065 0.069166 -0.159882 -1.816986 0.066178 -1.575392
    49 -0.025151 0.088760 -0.068837 -1.817843 0.044510 -1.568287
    50 -0.102916 -0.186983 -0.272246 -1.833683 -0.232962 -1.472375
    51 -1.030272 -3.578138 -0.343160 -1.424778 0.000031 -0.000003
    52 0.005040 -1.606202 0.002371 -0.426372 0.000003 -0.000002
    53 0.009693 -0.949964 0.004417 -0.628108 0.000001 0.000001
    54 -0.004241 0.043707 -0.080202 -2.014997 -0.186996 -1.460723
    55 0.015383 -0.089136 -0.030009 -2.006083 0.036346 -1.568629
    56 -0.022610 -0.212358 -0.177904 -1.933161 -0.118801 -1.518895
    57 1.305107 -3.227547 -0.338302 -1.418103 -0.069605 -0.041049
    58 0.000596 -1.242324 0.006086 -1.227629 0.000004 0.000009
    59 0.007081 -0.774607 -0.008129 -1.019527 -0.000006 -0.000004
    60 -0.067138 0.063251 -0.010961 -0.899214 -0.014515 -1.600326
    61 -0.151180 -0.007395 -0.070065 -0.913061 -0.118819 -1.408558
    62 -0.178164 -0.244680 -0.357067 -1.159916 -0.384260 -1.556110
    63 -0.385010 -0.459229 0.383545 -0.129647 -0.511419 -2.796852
    64 2.464269 0.027427 0.005130 -0.099613 -0.032258 0.237363
    65 1.223420 0.013261 -0.005766 -0.000003 0.079264 0.300133
    66 -0.263408 -0.117640 -0.015657 0.000036 -0.082210 -0.026800
    67 0.007707 -0.334360 -0.191576 0.070788 -0.181563 0.282364
    68 0.225562 -0.567923 -0.420715 0.119895 -0.183798 0.223460
    69 -0.203683 -0.095654 -0.328304 -1.745077 0.075142 -1.515382
    70 -1.393460 8.839182 -0.239440 1.580804 -0.005024 -1.566848
    71 0.036020 0.082814 -0.692656 -1.570769 0.065989 0.001276
    72 -0.088586 0.054019 -0.088595 0.010231 0.033800 -1.560851
    73 0.120153 -0.050270 -0.054489 -2.854024 0.030688 -1.580508
    74 -0.139399 -0.111692 0.014400 0.285395 -0.031353 1.580313
    75 1.815922 -4.953960 0.956709 -1.247037 1.437608 -1.233843
    76 1.280673 -7.522364 1.257767 -1.247037 1.437608 -1.233843
    77 3.914122 -5.194223 1.336679 -1.102199 1.470090 -1.123171
    78 3.733238 -6.026484 1.177255 -1.247037 1.437608 -1.233843
    79 2.533905 -6.885617 2.008363 -2.398273 -1.456681 -3.853461
    80 3.371094 17.859375 -1.857422 -1.247037 1.437608 -1.233843
  time 27
    0 1.629157 0.000000 0.541027 0.000000 0.000000 -1.570796
    1 -0.088621 6.316785 -10.115027 5.911116 -0.652620 -4.569086
    2 -0.001605 -10.694113 -0.002571 0.298612 -0.229102 -0.232887
    3 -0.652832 -3.630859 -0.348633 -1.107361 -0.060909 -0.152581
    4 -0.013245 -1.508789 0.000002 -1.179837 0.000000 0.000000
    5 -0.000001 -0.953613 0.000000 -1.228718 0.000000 0.000000
    6 0.007988 0.172186 -0.118553 -1.598091 -0.216549 -1.570593
    7 0.080660 0.135929 -0.203919 -1.506824 -0.066185 -1.662786
    8 0.117288 -0.155554 -0.604544 -1.412988 -0.374558 -1.569222
    9 0.128052 -3.761719 -0.348633 -0.873865 -0.036146 -0.178589
    10 -0.010696 -1.567259 0.006726 -1.223362 0.000000 -0.000003
    11 0.000002 -1.163086 -0.000004 -1.567299 0.000000 0.000000
    12 -0.018589 0.129951 -0.123721 -1.294580 0.001302 -1.635383
    13 -0.006160 0.170065 -0.110169 -1.280084 -0.068681 -1.597215
    14 0.047100 -0.104074 -0.352264 -1.243368 -0.257298 -1.694346
    15 0.949219 -3.619141 -0.348633 -0.197224 0.000005 0.130897
    16 -0.015396 -1.600586 0.000000 -0.589916 0.000000 0.000000
    17 -0.002829 -0.941812 0.007065 -0.593382 0.000000 -0.000001
    18 -0.022325 0.045425 -0.038284 -1.125544 -0.129230 -1.681412
    19 -0.042901 -0.061274 -0.071212 -1.124462 -0.060454 -1.586099
    20 0.063741 -0.109104 -0.248158 -1.142813 -0.125805 -1.693583
    21 -1.403345 -3.245525 -0.342301 -1.174547 -0.118715 -0.146526
    22 0.013458 -1.203125 0.000002 -0.977387 0.000000 0.000000
    23 -0.020049 -0.797217 0.010091 -1.034950 0.000001 0.000004
    24 -0.011720 0.093267 0.017949 -1.687855 -0.079155 -1.575164
    25 0.048864 -0.085541 0.028626 -1.715605 -0.034569 -1.653190
    26 0.173918 -0.198414 -0.336163 -1.668104 -0.422317 -1.710956
    27 0.438974 -0.490226 0.388510 0.457988 -0.443911 -1.167613
    28 2.356265 0.010252 0.001103 -0.304005 -0.029854 -0.496333
    29 1.245306 0.004522 -0.006774 -0.000028 0.000034 -0.577668
    30 -0.267709 0.037512 -0.093907 2.913812 -0.143386 0.078467
    31 -0.029266 0.205410 -0.329287 2.788574 -0.255486 -0.188917
    32 0.204373 0.521055 -0.268577 2.886669 0.042206 -0.230367
    33 0.195697 -0.010059 -0.293538 -1.333586 0.150863 -1.672749
    34 1.257181 8.762590 -0.153713 -1.570562 0.002683 -1.566808
    35 -0.093500 -0.114213 -0.738866 -1.570842 0.061811 0.002096
    36 0.010843 0.093623 -0.081439 -3.141462 0.041719 -1.568236
    37 -0.091076 -0.078758 -9.794551 -2.339232 -0.435356 -1.249337
    38 0.104748 -10.673144 -0.009359 -0.017886 -0.306705 0.318250
    39 0.549521 -3.646670 -0.341066 -1.570171 -0.041053 -0.026176
    40 0.017872 -1.499734 0.001040 -0.411829 0.000001 -0.000004
    41 0.008139 -0.928479 -0.008488 -0.872596 -0.000002 -0.000001
    42 0.006928 0.005327 -0.181358 -1.528500 -0.248579 -1.611362
    43 -0.052313 0.038588 -0.230758 -1.592493 -0.043415 -1.528515
    44 -0.232600 -0.209658 -0.420670 -1.713790 -0.167173 -1.438930
    45 -0.218280 -3.733712 -0.346082 -1.614436 -0.000005 -0.000032
    46 0.015894 -1.582373 0.010076 -0.357728 0.000031 -0.000009
    47 0.004385 -1.172547 0.000250 -0.532236 0.000033 0.000030
    48 -0.038065 0.069166 -0.159882 -1.816986 0.066178 -1.575392
    49 -0.025151 0.088760 -0.068837 -1.817843 0.044510 -1.568287
    50 -0.102916 -0.186983 -0.272246 -1.833683 -0.232962 -1.472375
    51 -1.034178 -3.578138 -0.347066 -1.390951 0.000031 -0.000003
    52 0.001134 -1.610108 0.002371 -0.418801 0.000003 -0.000002
    53 0.009693 -0.949964 0.008323 -0.643897 0.000001 0.000001
    54 -0.004241 0.043707 -0.080202 -2.014997 -0.186996 -1.460723
    55 0.015383 -0.089136 -0.030009 -2.006083 0.036346 -1.568629
    56 -0.022610 -0.212358 -0.177904 -1.933161 -0.118801 -1.518895
    57 1.305107 -3.227547 -0.338302 -1.389063 -0.069533 -0.040948
    58 0.000596 -1.238418 0.002180 -1.199038 0.000004 0.000009
    59 0.007081 -0.774607 -0.000316 -1.031402 -0.000006 -0.000004
    60 -0.067138 0.063251 -0.010961 -0.899214 -0.014515 -1.600326
    61 -0.151180 -0.007395 -0.070065 -0.913061 -0.118819 -1.408558
    62 -0.178164 -0.244680 -0.357067 -1.159916 -0.384260 -1.556110
    63 -0.385010 -0.459229 0.383545 -0.129647 -0.511419 -2.796852
    64 2.472082 0.027427 0.005130 -0.099637 -0.032222 0.237710
    65 1.219513 0.013261 -0.005766 -0.000003 0.078210 0.300133
    66 -0.263408 -0.117640 -0.015657 0.000036 -0.082210 -0.026800
    67 0.007707 -0.334360 -0.191576 0.070788 -0.181563 0.282364
    68 0.225562 -0.567923 -0.420715 0.119895 -0.183798 0.223460
    69 -0.203683 -0.095654 -0.328304 -1.745077 0.075142 -1.515382
    70 -1.393460 8.839182 -0.239440 1.580804 -0.005024 -1.566848
    71 0.036020 0.082814 -0.692656 -1.570769 0.065989 0.001276
    72 -0.088586 0.054019 -0.088595 0.010231 0.033800 -1.560851
    73 0.120153 -0.050270 -0.054489 -2.854024 0.030688 -1.580508
    74 -0.139399 -0.111692 0.014400 0.285395 -0.031353 1.580313
    75 1.815922 -4.953960 0.956709 -1.247037 1.437608 -1.233843
    76 1.280673 -7.522364 1.257767 -1.247037 1.437608 -1.233843
    77 3.914122 -5.194223 1.336679 -1.102199 1.470090 -1.123171
    78 3.733238 -6.026484 1.177255 -1.247037 1.437608 -1.233843
    79 2.529998 -6.885617 2.004457 -2.424827 -1.453151 -3.826647
    80 3.371094 17.859375 -1.857422 -1.247037 1.437608 -1.233843
  time 28
    0 1.629157 0.000000 0.541027 0.000000 0.000000 -1.570796
    1 -0.092527 6.316785 -10.161903 5.921565 -0.656833 -4.572825
    2 -0.001605 -10.698019 -0.002571 0.301623 -0.230059 -0.228001
    3 -0.652832 -3.630859 -0.348633 -1.107361 -0.060909 -0.152581
    4 -0.013245 -1.508789 0.000002 -1.179837 0.000000 0.000000
    5 -0.000001 -0.953613 0.000000 -1.228718 0.000000 0.000000
    6 0.007988 0.172186 -0.118553 -1.598091 -0.216549 -1.570593
    7 0.080660 0.135929 -0.203919 -1.506824 -0.066185 -1.662786
    8 0.117288 -0.155554 -0.604544 -1.412988 -0.374558 -1.569222
    9 0.128052 -3.761719 -0.348633 -0.873865 -0.036146 -0.178589
    10 -0.010696 -1.571166 0.010633 -1.223362 0.000000 -0.000003
    11 0.000002 -1.163086 -0.000004 -1.567299 0.000000 0.000000
    12 -0.018589 0.129951 -0.123721 -1.294580 0.001302 -1.635383
    13 -0.006160 0.170065 -0.110169 -1.280084 -0.068681 -1.597215
    14 0.047100 -0.104074 -0.352264 -1.243368 -0.257298 -1.694346
    15 0.949219 -3.619141 -0.348633 -0.197224 0.000005 0.130897
    16 -0.015396 -1.600586 0.000000 -0.589916 0.000000 0.000000
    17 -0.006736 -0.941812 0.007065 -0.593382 0.000000 -0.000001
    18 -0.022325 0.045425 -0.038284 -1.125544 -0.129230 -1.681412
    19 -0.042901 -0.061274 -0.071212 -1.124462 -0.060454 -1.586099
    20 0.063741 -0.109104 -0.248158 -1.142813 -0.125805 -1.693583
    21 -1.407252 -3.249431 -0.342301 -1.174547 -0.118715 -0.146526
    22 0.013458 -1.203125 0.000002 -0.977387 0.000000 0.000000
    23 -0.020049 -0.801124 0.006185 -1.034950 0.000001 0.000004
    24 -0.011720 0.093267 0.017949 -1.687855 -0.079155 -1.575164
    25 0.048864 -0.085541 0.028626 -1.715605 -0.034569 -1.653190
    26 0.173918 -0.198414 -0.336163 -1.668104 -0.422317 -1.710956
    27 0.438974 -0.494133 0.388510 0.457988 -0.443911 -1.167613
    28 2.352359 0.010252 0.005009 -0.303993 -0.029854 -0.496318
    29 1.245306 0.004522 -0.006774 -0.000028 0.000034 -0.577668
    30 -0.267709 0.037512 -0.093907 2.913812 -0.143386 0.078467
    31 -0.029266 0.205410 -0.329287 2.788574 -0.255486 -0.188917
    32 0.204373 0.521055 -0.268577 2.886669 0.042206 -0.230367
    33 0.195697 -0.010059 -0.293538 -1.333586 0.150863 -1.672749
    34 1.257181 8.762590 -0.153713 -1.570562 0.002683 -1.566808
    35 -0.093500 -0.114213 -0.738866 -1.570842 0.061811 0.002096
    36 0.010843 0.093623 -0.081439 -3.141462 0.041719 -1.568236
    37 0.608164 0.425164 -9.767206 -2.433125 -0.137266 -1.336346
    38 0.104748 -10.673144 -0.005453 0.367335 -0.470016 0.324871
    39 0.553428 -3.642764 -0.341066 -1.376409 -0.041076 -0.025349
    40 0.017872 -1.507546 0.001040 -0.367693 0.000001 -0.000004
    41 0.008139 -0.932386 -0.008488 -0.973373 -0.000002 -0.000001
    42 0.006928 0.005327 -0.181358 -1.528500 -0.248579 -1.611362
    43 -0.052313 0.038588 -0.230758 -1.592493 -0.043415 -1.528515
    44 -0.232600 -0.209658 -0.420670 -1.713790 -0.167173 -1.438930
    45 -0.218280 -3.737618 -0.342176 -1.420539 -0.000005 -0.000032
    46 0.023707 -1.582373 0.010076 -0.356101 0.000283 0.000111
    47 0.000478 -1.172547 0.000250 -0.624988 0.000033 0.000030
    48 -0.038065 0.069166 -0.159882 -1.816986 0.066178 -1.575392
    49 -0.025151 0.088760 -0.068837 -1.817843 0.044510 -1.568287
    50 -0.102916 -0.186983 -0.272246 -1.833683 -0.232962 -1.472375
    51 -1.030272 -3.578138 -0.347066 -1.197086 0.000031 -0.000003
    52 0.001134 -1.610108 0.002371 -0.374756 0.000003 -0.000002
    53 0.009693 -0.949964 0.008323 -0.736748 0.000001 0.000001
    54 -0.004241 0.043707 -0.080202 -2.014997 -0.186996 -1.460723
    55 0.015383 -0.089136 -0.030009 -2.006083 0.036346 -1.568629
    56 -0.022610 -0.212358 -0.177904 -1.933161 -0.118801 -1.518895
    57 1.305107 -3.227547 -0.338302 -1.356381 -0.069497 -0.040763
    58 0.000596 -1.238418 0.006086 -1.036675 0.000004 0.000009
    59 0.007081 -0.774607 -0.004222 -1.105436 -0.000006 -0.000004
    60 -0.067138 0.063251 -0.010961 -0.899214 -0.014515 -1.600326
    61 -0.151180 -0.007395 -0.070065 -0.913061 -0.118819 -1.408558
    62 -0.178164 -0.244680 -0.357067 -1.159916 -0.384260 -1.556110
    63 -0.385010 -0.459229 0.383545 -0.129647 -0.511419 -2.796852
    64 2.468175 0.027427 0.001224 -0.099649 -0.032174 0.238187
    65 1.219513 0.013261 -0.005766 -0.000003 0.076839 0.300133
    66 -0.263408 -0.117640 -0.015657 0.000036 -0.082210 -0.026800
    67 0.007707 -0.334360 -0.191576 0.070788 -0.181563 0.282364
    68 0.225562 -0.567923 -0.420715 0.119895 -0.183798 0.223460
    69 -0.203683 -0.095654 -0.328304 -1.745077 0.075142 -1.515382
    70 -1.393460 8.839182 -0.239440 1.580804 -0.005024 -1.566848
    71 0.036020 0.082814 -0.692656 -1.570769 0.065989 0.001276
    72 -0.088586 0.054019 -0.088595 0.010231 0.033800 -1.560851
    73 0.120153 -0.050270 -0.054489 -2.854024 0.030688 -1.580508
    74 -0.139399 -0.111692 0.014400 0.285395 -0.031353 1.580313
    75 1.815922 -4.953960 0.956709 -1.247037 1.437608 -1.233843
    76 1.280673 -7.522364 1.257767 -1.247037 1.437608 -1.233843
    77 3.914122 -5.194223 1.336679 -1.102199 1.470090 -1.123171
    78 3.733238 -6.026484 1.177255 -1.247037 1.437608 -1.233843
    79 2.529998 -6.885617 2.008363 -2.449245 -1.449448 -3.802123
    80 3.371094 17.859375 -1.857422 -1.247037 1.437608 -1.233843
  time 29
    0 1.629157 0.000000 0.541027 0.000000 0.000000 -1.570796
    1 -0.061276 6.324598 -10.204873 5.931098 -0.659466 -4.576756
    2 -0.009418 -10.694113 -0.002571 0.253817 -0.249544 -0.179930
    3 -0.652832 -3.630859 -0.348633 -1.107361 -0.060909 -0.152581
    4 -0.013245 -1.508789 0.000002 -1.179837 0.000000 0.000000
    5 -0.000001 -0.953613 0.000000 -1.228718 0.000000 0.000000
    6 0.007988 0.172186 -0.118553 -1.598091 -0.216549 -1.570593
    7 0.080660 0.135929 -0.203919 -1.506824 -0.066185 -1.662786
    8 0.117288 -0.155554 -0.604544 -1.412988 -0.374558 -1.569222
    9 0.128052 -3.761719 -0.348633 -0.873865 -0.036146 -0.178589
    10 -0.006790 -1.567259 0.002820 -1.223438 0.000000 -0.000003
    11 0.000002 -1.163086 -0.000004 -1.567299 0.000000 0.000000
    12 -0.018589 0.129951 -0.123721 -1.294580 0.001302 -1.635383
    13 -0.006160 0.170065 -0.110169 -1.280084 -0.068681 -1.597215
    14 0.047100 -0.104074 -0.352264 -1.243368 -0.257298 -1.694346
    15 0.949219 -3.619141 -0.348633 -0.197224 0.000005 0.130897
    16 -0.015396 -1.600586 0.000000 -0.589916 0.000000 0.000000
    17 -0.002829 -0.941812 0.007065 -0.593400 0.000000 -0.000001
    18 -0.022325 0.045425 -0.038284 -1.125544 -0.129230 -1.681412
    19 -0.042901 -0.061274 -0.071212 -1.124462 -0.060454 -1.586099
    20 0.063741 -0.109104 -0.248158 -1.142813 -0.125805 -1.693583
    21 -1.403345 -3.241619 -0.342301 -1.174547 -0.118715 -0.146526
    22 0.013458 -1.203125 0.000002 -0.977387 0.000000 0.000000
    23 -0.020049 -0.797217 0.006185 -1.034950 0.000001 0.000004
    24 -0.011720 0.093267 0.017949 -1.687855 -0.079155 -1.575164
    25 0.048864 -0.085541 0.028626 -1.715605 -0.034569 -1.653190
    26 0.173918 -0.198414 -0.336163 -1.668104 -0.422317 -1.710956
    27 0.438974 -0.494133 0.396323 0.457988 -0.443923 -1.167613
    28 2.356265 0.010252 0.001103 -0.304005 -0.029854 -0.496318
    29 1.245306 0.004522 -0.002867 -0.000028 0.000034 -0.577668
    30 -0.267709 0.037512 -0.093907 2.913812 -0.143386 0.078467
    31 -0.029266 0.205410 -0.329287 2.788574 -0.255486 -0.188917
    32 0.204373 0.521055 -0.268577 2.886669 0.042206 -0.230367
    33 0.195697 -0.010059 -0.293538 -1.333586 0.150863 -1.672749
    34 1.257181 8.762590 -0.153713 -1.570562 0.002683 -1.566808
    35 -0.093500 -0.114213 -0.738866 -1.570842 0.061811 0.002096
    36 0.010843 0.093623 -0.081439 -3.141462 0.041719 -1.568236
    37 1.194120 0.905647 -9.618764 -2.556115 -0.019293 -1.229874
    38 0.104748 -10.673144 -0.005453 0.797483 -0.622758 0.255994
    39 0.545615 -3.650577 -0.344972 -0.996490 -0.041676 -0.023815
    40 0.017872 -1.499734 0.001040 -0.281274 0.000001 -0.000004
    41 0.012045 -0.932386 -0.008488 -1.171232 -0.000002 -0.000001
    42 0.006928 0.005327 -0.181358 -1.528500 -0.248579 -1.611362
    43 -0.052313 0.038588 -0.230758 -1.592493 -0.043415 -1.528515
    44 -0.232600 -0.209658 -0.420670 -1.713790 -0.167173 -1.438930
    45 -0.218280 -3.737618 -0.346082 -1.040552 -0.000005 -0.000032
    46 0.023707 -1.582373 0.010076 -0.352560 0.000834 0.000326
    47 0.000478 -1.168640 0.000250 -0.806838 0.000033 0.000030
    48 -0.038065 0.069166 -0.159882 -1.816986 0.066178 -1.575392
    49 -0.025151 0.088760 -0.068837 -1.817843 0.044510 -1.568287
    50 -0.102916 -0.186983 -0.272246 -1.833683 -0.232962 -1.472375
    51 -1.026365 -3.582044 -0.347066 -0.817091 0.000031 -0.000003
    52 0.001134 -1.610108 0.002371 -0.288237 0.000003 -0.000002
    53 0.009693 -0.949964 0.008323 -0.918732 0.000001 0.000001
    54 -0.004241 0.043707 -0.080202 -2.014997 -0.186996 -1.460723
    55 0.015383 -0.089136 -0.030009 -2.006083 0.036346 -1.568629
    56 -0.022610 -0.212358 -0.177904 -1.933161 -0.118801 -1.518895
    57 1.305107 -3.227547 -0.342208 -1.163148 -0.069533 -0.039367
    58 0.000596 -1.242324 0.006086 -0.718640 0.000004 0.000009
    59 0.007081 -0.774607 -0.000316 -1.250628 -0.000006 -0.000004
    60 -0.067138 0.063251 -0.010961 -0.899214 -0.014515 -1.600326
    61 -0.151180 -0.007395 -0.070065 -0.913061 -0.118819 -1.408558
    62 -0.178164 -0.244680 -0.357067 -1.159916 -0.384260 -1.556110
    63 -0.385010 -0.459229 0.383545 -0.129647 -0.511419 -2.796852
    64 2.472082 0.027427 0.009037 -0.099661 -0.032114 0.238794
    65 1.223420 0.013261 -0.005766 -0.000003 0.075193 0.300160
    66 -0.263408 -0.117640 -0.015657 0.000036 -0.082210 -0.026800
    67 0.007707 -0.334360 -0.191576 0.070788 -0.181563 0.282364
    68 0.225562 -0.567923 -0.420715 0.119895 -0.183798 0.223460
    69 -0.203683 -0.095654 -0.328304 -1.745077 0.075142 -1.515382
    70 -1.393460 8.839182 -0.239440 1.580804 -0.005024 -1.566848
    71 0.036020 0.082814 -0.692656 -1.570769 0.065989 0.001276
    72 -0.088586 0.054019 -0.088595 0.010231 0.033800 -1.560851
    73 0.120153 -0.050270 -0.054489 -2.854024 0.030688 -1.580508
    74 -0.139399 -0.111692 0.014400 0.285395 -0.031353 1.580313
    75 1.815922 -4.953960 0.956709 -1.247037 1.437608 -1.233843
    76 1.280673 -7.522364 1.257767 -1.247037 1.437608 -1.233843
    77 3.914122 -5.194223 1.336679 -1.102199 1.470090 -1.123171
    78 3.733238 -6.026484 1.177255 -1.247037 1.437608 -1.233843
    79 2.529998 -6.881710 2.012270 -2.470381 -1.446349 -3.780652
    80 3.371094 17.859375 -1.857422 -1.247037 1.437608 -1.233843
  time 30
    0 1.629157 0.000000 0.541027 0.000000 0.000000 -1.570796
    1 0.009038 6.348036 -10.240031 5.940447 -0.659685 -4.580687
    2 -0.005512 -10.694113 -0.002571 0.170546 -0.272892 -0.103168
    3 -0.652832 -3.630859 -0.348633 -1.107361 -0.060909 -0.152581
    4 -0.013245 -1.508789 0.000002 -1.179837 0.000000 0.000000
    5 -0.000001 -0.953613 0.000000 -1.228718 0.000000 0.000000
    6 0.007988 0.172186 -0.118553 -1.598091 -0.216549 -1.570593
    7 0.080660 0.135929 -0.203919 -1.506824 -0.066185 -1.662786
    8 0.117288 -0.155554 -0.604544 -1.412988 -0.374558 -1.569222
    9 0.128052 -3.761719 -0.348633 -0.873865 -0.036146 -0.178589
    10 -0.006790 -1.567259 0.006726 -1.223362 0.000000 -0.000003
    11 0.000002 -1.163086 -0.000004 -1.567299 0.000000 0.000000
    12 -0.018589 0.129951 -0.123721 -1.294580 0.001302 -1.635383
    13 -0.006160 0.170065 -0.110169 -1.280084 -0.068681 -1.597215
    14 0.047100 -0.104074 -0.352264 -1.243368 -0.257298 -1.694346
    15 0.949219 -3.619141 -0.348633 -0.197224 0.000005 0.130897
    16 -0.015396 -1.600586 0.000000 -0.589916 0.000000 0.000000
    17 -0.006736 -0.937906 0.007065 -0.593400 0.000000 -0.000001
    18 -0.022325 0.045425 -0.038284 -1.125544 -0.129230 -1.681412
    19 -0.042901 -0.061274 -0.071212 -1.124462 -0.060454 -1.586099
    20 0.063741 -0.109104 -0.248158 -1.142813 -0.125805 -1.693583
    21 -1.403345 -3.241619 -0.342301 -1.174547 -0.118715 -0.146526
    22 0.013458 -1.203125 0.000002 -0.977387 0.000000 0.000000
    23 -0.020049 -0.793311 0.010091 -1.034950 0.000001 0.000004
    24 -0.011720 0.093267 0.017949 -1.687855 -0.079155 -1.575164
    25 0.048864 -0.085541 0.028626 -1.715605 -0.034569 -1.653190
    26 0.173918 -0.198414 -0.336163 -1.668104 -0.422317 -1.710956
    27 0.438974 -0.490226 0.392416 0.457988 -0.443923 -1.167613
    28 2.356265 0.010252 0.001103 -0.304005 -0.029854 -0.496318
    29 1.245306 0.004522 -0.002867 -0.000028 0.000034 -0.577668
    30 -0.267709 0.037512 -0.093907 2.913812 -0.143386 0.078467
    31 -0.029266 0.205410 -0.329287 2.788574 -0.255486 -0.188917
    32 0.204373 0.521055 -0.268577 2.886669 0.042206 -0.230367
    33 0.195697 -0.010059 -0.293538 -1.333586 0.150863 -1.672749
    34 1.257181 8.762590 -0.153713 -1.570562 0.002683 -1.566808
    35 -0.093500 -0.114213 -0.738866 -1.570842 0.061811 0.002096
    36 0.010843 0.093623 -0.081439 -3.141462 0.041719 -1.568236
    37 1.623820 1.366599 -9.310161 -2.652880 0.040090 -1.100505
    38 0.100841 -10.673144 -0.009359 1.132998 -0.704222 0.160473
    39 0.549521 -3.650577 -0.341066 -0.625518 -0.042718 -0.022604
    40 0.017872 -1.503640 0.001040 -0.196832 0.000001 -0.000004
    41 0.004232 -0.928479 -0.008488 -1.364261 -0.000002 -0.000001
    42 0.006928 0.005327 -0.181358 -1.528500 -0.248579 -1.611362
    43 -0.052313 0.038588 -0.230758 -1.592493 -0.043415 -1.528515
    44 -0.232600 -0.209658 -0.420670 -1.713790 -0.167173 -1.438930
    45 -0.222187 -3.737618 -0.346082 -0.669654 -0.000005 -0.000032
    46 0.019801 -1.578467 0.006169 -0.349403 0.001374 0.000590
    47 0.000478 -1.168640 0.000250 -0.984378 0.000033 0.000030
    48 -0.038065 0.069166 -0.159882 -1.816986 0.066178 -1.575392
    49 -0.025151 0.088760 -0.068837 -1.817843 0.044510 -1.568287
    50 -0.102916 -0.186983 -0.272246 -1.833683 -0.232962 -1.472375
    51 -1.034178 -3.578138 -0.343160 -0.446138 0.000031 -0.000003
    52 0.001134 -1.610108 0.002371 -0.203813 0.000003 -0.000002
    53 0.001880 -0.949964 0.008323 -1.096297 0.000001 0.000001
    54 -0.004241 0.043707 -0.080202 -2.014997 -0.186996 -1.460723
    55 0.015383 -0.089136 -0.030009 -2.006083 0.036346 -1.568629
    56 -0.022610 -0.212358 -0.177904 -1.933161 -0.118801 -1.518895
    57 1.305107 -3.227547 -0.338302 -0.783293 -0.070384 -0.036827
    58 0.000596 -1.242324 0.006086 -0.408127 0.000004 0.000009
    59 0.007081 -0.774607 -0.004222 -1.392387 -0.000006 -0.000004
    60 -0.067138 0.063251 -0.010961 -0.899214 -0.014515 -1.600326
    61 -0.151180 -0.007395 -0.070065 -0.913061 -0.118819 -1.408558
    62 -0.178164 -0.244680 -0.357067 -1.159916 -0.384260 -1.556110
    63 -0.385010 -0.459229 0.383545 -0.129647 -0.511419 -2.796852
    64 2.472082 0.027427 0.005130 -0.099709 -0.032042 0.239488
    65 1.223420 0.013261 -0.005766 -0.000003 0.073287 0.300133
    66 -0.263408 -0.117640 -0.015657 0.000036 -0.082210 -0.026800
    67 0.007707 -0.334360 -0.191576 0.070788 -0.181563 0.282364
    68 0.225562 -0.567923 -0.420715 0.119895 -0.183798 0.223460
    69 -0.203683 -0.095654 -0.328304 -1.745077 0.075142 -1.515382
    70 -1.393460 8.839182 -0.239440 1.580804 -0.005024 -1.566848
    71 0.036020 0.082814 -0.692656 -1.570769 0.065989 0.001276
    72 -0.088586 0.054019 -0.088595 0.010231 0.033800 -1.560851
    73 0.120153 -0.050270 -0.054489 -2.854024 0.030688 -1.580508
    74 -0.139399 -0.111692 0.014400 0.285395 -0.031353 1.580313
    75 1.815922 -4.953960 0.956709 -1.247037 1.437608 -1.233843
    76 1.280673 -7.522364 1.257767 -1.247037 1.437608 -1.233843
    77 3.914122 -5.194223 1.336679 -1.102199 1.470090 -1.123171
    78 3.733238 -6.026484 1.177255 -1.247037 1.437608 -1.233843
    79 2.537811 -6.881710 2.008363 -2.488618 -1.443249 -3.762236
    80 3.371094 17.859375 -1.857422 -1.247037 1.437608 -1.233843
  time 31
    0 1.629157 0.000000 0.541027 0.000000 0.000000 -1.570796
    1 0.134042 6.387100 -10.263469 5.949521 -0.656921 -4.585672
    2 -0.009418 -10.694113 -0.002571 0.132020 -0.274054 -0.048312
    3 -0.652832 -3.630859 -0.348633 -1.107361 -0.060909 -0.152581
    4 -0.013245 -1.508789 0.000002 -1.179837 0.000000 0.000000
    5 -0.000001 -0.953613 0.000000 -1.228718 0.000000 0.000000
    6 0.007988 0.172186 -0.118553 -1.598091 -0.216549 -1.570593
    7 0.080660 0.135929 -0.203919 -1.506824 -0.066185 -1.662786
    8 0.117288 -0.155554 -0.604544 -1.412988 -0.374558 -1.569222
    9 0.128052 -3.761719 -0.348633 -0.873865 -0.036146 -0.178589
    10 -0.010696 -1.567259 0.002820 -1.223362 0.000000 -0.000003
    11 0.000002 -1.163086 -0.000004 -1.567299 0.000000 0.000000
    12 -0.018589 0.129951 -0.123721 -1.294580 0.001302 -1.635383
    13 -0.006160 0.170065 -0.110169 -1.280084 -0.068681 -1.597215
    14 0.047100 -0.104074 -0.352264 -1.243368 -0.257298 -1.694346
    15 0.949219 -3.619141 -0.348633 -0.197224 0.000005 0.130897
    16 -0.015396 -1.600586 0.000000 -0.589916 0.000000 0.000000
    17 -0.006736 -0.941812 0.007065 -0.593400 0.000000 -0.000001
    18 -0.022325 0.045425 -0.038284 -1.125544 -0.129230 -1.681412
    19 -0.042901 -0.061274 -0.071212 -1.124462 -0.060454 -1.586099
    20 0.063741 -0.109104 -0.248158 -1.142813 -0.125805 -1.693583
    21 -1.403345 -3.245525 -0.342301 -1.174547 -0.118715 -0.146526
    22 0.013458 -1.203125 0.000002 -0.977387 0.000000 0.000000
    23 -0.020049 -0.797217 0.002278 -1.034950 0.000001 0.000004
    24 -0.011720 0.093267 0.017949 -1.687855 -0.079155 -1.575164
    25 0.048864 -0.085541 0.028626 -1.715605 -0.034569 -1.653190
    26 0.173918 -0.198414 -0.336163 -1.668104 -0.422317 -1.710956
    27 0.442881 -0.490226 0.396323 0.457988 -0.443911 -1.167613
    28 2.356265 0.010252 0.005009 -0.303993 -0.029854 -0.496318
    29 1.245306 0.004522 -0.002867 -0.000028 0.000034 -0.577668
    30 -0.267709 0.037512 -0.093907 2.913812 -0.143386 0.078467
    31 -0.029266 0.205410 -0.329287 2.788574 -0.255486 -0.188917
    32 0.204373 0.521055 -0.268577 2.886669 0.042206 -0.230367
    33 0.195697 -0.010059 -0.293538 -1.333586 0.150863 -1.672749
    34 1.257181 8.762590 -0.153713 -1.570562 0.002683 -1.566808
    35 -0.093500 -0.114213 -0.738866 -1.570842 0.061811 0.002096
    36 0.010843 0.093623 -0.081439 -3.141462 0.041719 -1.568236
    37 1.897266 1.854895 -8.790614 -2.658527 0.039977 -1.095830
    38 0.104748 -10.673144 -0.009359 1.390739 -0.733653 0.094167
    39 0.553428 -3.650577 -0.341066 -0.458533 -0.043354 -0.022245
    40 0.021779 -1.503640 0.001040 -0.158749 0.000001 -0.000004
    41 0.008139 -0.928479 -0.004582 -1.451304 -0.000002 -0.000001
    42 0.006928 0.005327 -0.181358 -1.528500 -0.248579 -1.611362
    43 -0.052313 0.038588 -0.230758 -1.592493 -0.043415 -1.528515
    44 -0.232600 -0.209658 -0.420670 -1.713790 -0.167173 -1.438930
    45 -0.214374 -3.737618 -0.342176 -0.502616 -0.000005 -0.000032
    46 0.023707 -1.582373 0.010076 -0.347967 0.001601 0.000698
    47 0.000478 -1.172547 0.000250 -1.064388 0.000033 0.000030
    48 -0.038065 0.069166 -0.159882 -1.816986 0.066178 -1.575392
    49 -0.025151 0.088760 -0.068837 -1.817843 0.044510 -1.568287
    50 -0.102916 -0.186983 -0.272246 -1.833683 -0.232962 -1.472375
    51 -1.026365 -3.578138 -0.339254 -0.279292 0.000031 -0.000003
    52 0.001134 -1.606202 0.002371 -0.165720 0.000003 -0.000002
    53 0.009693 -0.949964 0.004417 -1.176268 0.000001 0.000001
    54 -0.004241 0.043707 -0.080202 -2.014997 -0.186996 -1.460723
    55 0.015383 -0.089136 -0.030009 -2.006083 0.036346 -1.568629
    56 -0.022610 -0.212358 -0.177904 -1.933161 -0.118801 -1.518895
    57 1.305107 -3.227547 -0.338302 -0.412024 -0.072050 -0.034775
    58 0.000596 -1.238418 0.006086 -0.268330 0.000004 0.000009
    59 0.007081 -0.774607 -0.008129 -1.456123 -0.000006 -0.000004
    60 -0.067138 0.063251 -0.010961 -0.899214 -0.014515 -1.600326
    61 -0.151180 -0.007395 -0.070065 -0.913061 -0.118819 -1.408558
    62 -0.178164 -0.244680 -0.357067 -1.159916 -0.384260 -1.556110
    63 -0.385010 -0.459229 0.383545 -0.129647 -0.511419 -2.796852
    64 2.468175 0.027427 0.005130 -0.099733 -0.031970 0.240269
    65 1.219513 0.013261 -0.005766 -0.000003 0.071107 0.300133
    66 -0.263408 -0.117640 -0.015657 0.000036 -0.082210 -0.026800
    67 0.007707 -0.334360 -0.191576 0.070788 -0.181563 0.282364
    68 0.225562 -0.567923 -0.420715 0.119895 -0.183798 0.223460
    69 -0.203683 -0.095654 -0.328304 -1.745077 0.075142 -1.515382
    70 -1.393460 8.839182 -0.239440 1.580804 -0.005024 -1.566848
    71 0.036020 0.082814 -0.692656 -1.570769 0.065989 0.001276
    72 -0.088586 0.054019 -0.088595 0.010231 0.033800 -1.560851
    73 0.120153 -0.050270 -0.054489 -2.854024 0.030688 -1.580508
    74 -0.139399 -0.111692 0.014400 0.285395 -0.031353 1.580313
    75 1.815922 -4.953960 0.956709 -1.247037 1.437608 -1.233843
    76 1.280673 -7.522364 1.257767 -1.247037 1.437608 -1.233843
    77 3.914122 -5.194223 1.336679 -1.102199 1.470090 -1.123171
    78 3.733238 -6.026484 1.177255 -1.247037 1.437608 -1.233843
    79 2.533905 -6.881710 2.008363 -2.503879 -1.440580 -3.746872
    80 3.371094 17.859375 -1.857422 -1.247037 1.437608 -1.233843
  time 32
    0 1.629157 0.000000 0.541027 0.000000 0.000000 -1.570796
    1 0.348892 6.441789 -10.271282 5.972619 -0.597369 -4.598327
    2 -0.001605 -10.698019 -0.002571 0.201100 -0.236691 -0.044929
    3 -0.652832 -3.630859 -0.348633 -1.107361 -0.060909 -0.152581
    4 -0.013245 -1.508789 0.000002 -1.179837 0.000000 0.000000
    5 -0.000001 -0.953613 0.000000 -1.228718 0.000000 0.000000
    6 0.007988 0.172186 -0.118553 -1.598091 -0.216549 -1.570593
    7 0.080660 0.135929 -0.203919 -1.506824 -0.066185 -1.662786
    8 0.117288 -0.155554 -0.604544 -1.412988 -0.374558 -1.569222
    9 0.128052 -3.761719 -0.348633 -0.873865 -0.036146 -0.178589
    10 -0.010696 -1.567259 0.010633 -1.223438 0.000000 -0.000003
    11 0.000002 -1.163086 -0.000004 -1.567299 0.000000 0.000000
    12 -0.018589 0.129951 -0.123721 -1.294580 0.001302 -1.635383
    13 -0.006160 0.170065 -0.110169 -1.280084 -0.068681 -1.597215
    14 0.047100 -0.104074 -0.352264 -1.243368 -0.257298 -1.694346
    15 0.949219 -3.619141 -0.348633 -0.197224 0.000005 0.130897
    16 -0.015396 -1.600586 0.000000 -0.589916 0.000000 0.000000
    17 -0.006736 -0.941812 0.007065 -0.593400 0.000000 -0.000001
    18 -0.022325 0.045425 -0.038284 -1.125544 -0.129230 -1.681412
    19 -0.042901 -0.061274 -0.071212 -1.124462 -0.060454 -1.586099
    20 0.063741 -0.109104 -0.248158 -1.142813 -0.125805 -1.693583
    21 -1.403345 -3.245525 -0.342301 -1.174547 -0.118715 -0.146526
    22 0.013458 -1.203125 0.000002 -0.977387 0.000000 0.000000
    23 -0.020049 -0.797217 0.002278 -1.034950 0.000001 0.000004
    24 -0.011720 0.093267 0.017949 -1.687855 -0.079155 -1.575164
    25 0.048864 -0.085541 0.028626 -1.715605 -0.034569 -1.653190
    26 0.173918 -0.198414 -0.336163 -1.668104 -0.422317 -1.710956
    27 0.438974 -0.494133 0.392416 0.457988 -0.443923 -1.167613
    28 2.356265 0.010252 0.001103 -0.304005 -0.029854 -0.496318
    29 1.241400 0.004522 -0.002867 -0.000028 0.000034 -0.577668
    30 -0.267709 0.037512 -0.093907 2.913812 -0.143386 0.078467
    31 -0.029266 0.205410 -0.329287 2.788574 -0.255486 -0.188917
    32 0.204373 0.521055 -0.268577 2.886669 0.042206 -0.230367
    33 0.195697 -0.010059 -0.293538 -1.333586 0.150863 -1.672749
    34 1.257181 8.762590 -0.153713 -1.570562 0.002683 -1.566808
    35 -0.093500 -0.114213 -0.738866 -1.570842 0.061811 0.002096
    36 0.010843 0.093623 -0.081439 -3.141462 0.041719 -1.568236
    37 2.201963 2.268970 -8.329662 -2.662164 0.028327 -1.095544
    38 0.104748 -10.669237 -0.009359 1.222373 -0.693437 0.177218
    39 0.545615 -3.646670 -0.341066 -0.473423 -0.043330 -0.022221
    40 0.017872 -1.503640 0.001040 -0.161313 0.000001 -0.000004
    41 0.008139 -0.928479 -0.004582 -1.447610 -0.000002 -0.000001
    42 0.006928 0.005327 -0.181358 -1.528500 -0.248579 -1.611362
    43 -0.052313 0.038588 -0.230758 -1.592493 -0.043415 -1.528515
    44 -0.232600 -0.209658 -0.420670 -1.713790 -0.167173 -1.438930
    45 -0.222187 -3.737618 -0.342176 -0.517531 -0.000005 -0.000032
    46 0.023707 -1.578467 0.006169 -0.348255 0.001601 0.000698
    47 0.000478 -1.172547 0.000250 -1.060828 0.000033 0.000030
    48 -0.038065 0.069166 -0.159882 -1.816986 0.066178 -1.575392
    49 -0.025151 0.088760 -0.068837 -1.817843 0.044510 -1.568287
    50 -0.102916 -0.186983 -0.272246 -1.833683 -0.232962 -1.472375
    51 -1.034178 -3.578138 -0.343160 -0.294217 0.000031 -0.000003
    52 0.001134 -1.610108 0.002371 -0.168291 0.000003 -0.000002
    53 0.009693 -0.949964 0.008323 -1.172604 0.000001 0.000001
    54 -0.004241 0.043707 -0.080202 -2.014997 -0.186996 -1.460723
    55 0.015383 -0.089136 -0.030009 -2.006083 0.036346 -1.568629
    56 -0.022610 -0.212358 -0.177904 -1.933161 -0.118801 -1.518895
    57 1.305107 -3.227547 -0.338302 -0.244865 -0.073020 -0.034119
    58 0.000596 -1.238418 0.006086 -0.280423 0.000004 0.000009
    59 0.007081 -0.774607 -0.000316 -1.453432 -0.000006 -0.000004
    60 -0.067138 0.063251 -0.010961 -0.899214 -0.014515 -1.600326
    61 -0.151180 -0.007395 -0.070065 -0.913061 -0.118819 -1.408558
    62 -0.178164 -0.244680 -0.357067 -1.159916 -0.384260 -1.556110
    63 -0.385010 -0.459229 0.383545 -0.129647 -0.511419 -2.796852
    64 2.472082 0.027427 0.005130 -0.099757 -0.031899 0.241093
    65 1.223420 0.013261 -0.005766 -0.000003 0.068638 0.300133
    66 -0.263408 -0.117640 -0.015657 0.000036 -0.082210 -0.026800
    67 0.007707 -0.334360 -0.191576 0.070788 -0.181563 0.282364
    68 0.225562 -0.567923 -0.420715 0.119895 -0.183798 0.223460
    69 -0.203683 -0.095654 -0.328304 -1.745077 0.075142 -1.515382
    70 -1.393460 8.839182 -0.239440 1.580804 -0.005024 -1.566848
    71 0.036020 0.082814 -0.692656 -1.570769 0.065989 0.001276
    72 -0.088586 0.054019 -0.088595 0.010231 0.033800 -1.560851
    73 0.120153 -0.050270 -0.054489 -2.854024 0.030688 -1.580508
    74 -0.139399 -0.111692 0.014400 0.285395 -0.031353 1.580313
    75 1.815922 -4.953960 0.956709 -1.247037 1.437608 -1.233843
    76 1.280673 -7.522364 1.257767 -1.247037 1.437608 -1.233843
    77 3.914122 -5.194223 1.336679 -1.102199 1.470090 -1.123171
    78 3.733238 -6.026484 1.177255 -1.247037 1.437608 -1.233843
    79 2.529998 -6.885617 2.008363 -2.515706 -1.438341 -3.734944
    80 3.371094 17.859375 -1.857422 -1.247037 1.437608 -1.233843
  time 33
    0 1.629157 0.000000 0.541027 0.000000 0.000000 -1.570796
    1 0.591087 6.504291 -10.279094 5.985084 -0.523642 -4.605038
    2 -0.009418 -10.694113 -0.002571 0.314654 -0.181586 -0.058982
    3 -0.652832 -3.630859 -0.348633 -1.107361 -0.060909 -0.152581
    4 -0.013245 -1.508789 0.000002 -1.179837 0.000000 0.000000
    5 -0.000001 -0.953613 0.000000 -1.228718 0.000000 0.000000
    6 0.007988 0.172186 -0.118553 -1.598091 -0.216549 -1.570593
    7 0.080660 0.135929 -0.203919 -1.506824 -0.066185 -1.662786
    8 0.117288 -0.155554 -0.604544 -1.412988 -0.374558 -1.569222
    9 0.128052 -3.761719 -0.348633 -0.873865 -0.036146 -0.178589
    10 -0.010696 -1.567259 0.006726 -1.223438 0.000000 -0.000003
    11 0.000002 -1.163086 -0.000004 -1.567299 0.000000 0.000000
    12 -0.018589 0.129951 -0.123721 -1.294580 0.001302 -1.635383
    13 -0.006160 0.170065 -0.110169 -1.280084 -0.068681 -1.597215
    14 0.047100 -0.104074 -0.352264 -1.243368 -0.257298 -1.694346
    15 0.949219 -3.619141 -0.348633 -0.197224 0.000005 0.130897
    16 -0.015396 -1.600586 0.000000 -0.589916 0.000000 0.000000
    17 -0.006736 -0.941812 0.010971 -0.593400 0.000000 -0.000001
    18 -0.022325 0.045425 -0.038284 -1.125544 -0.129230 -1.681412
    19 -0.042901 -0.061274 -0.071212 -1.124462 -0.060454 -1.586099
    20 0.063741 -0.109104 -0.248158 -1.142813 -0.125805 -1.693583
    21 -1.403345 -3.249431 -0.342301 -1.174547 -0.118715 -0.146526
    22 0.013458 -1.203125 0.000002 -0.977387 0.000000 0.000000
    23 -0.020049 -0.797217 0.002278 -1.034950 0.000001 0.000004
    24 -0.011720 0.093267 0.017949 -1.687855 -0.079155 -1.575164
    25 0.048864 -0.085541 0.028626 -1.715605 -0.034569 -1.653190
    26 0.173918 -0.198414 -0.336163 -1.668104 -0.422317 -1.710956
    27 0.438974 -0.490226 0.392416 0.457988 -0.443923 -1.167613
    28 2.352359 0.010252 0.001103 -0.303993 -0.029854 -0.496318
    29 1.245306 0.004522 -0.010680 -0.000028 0.000034 -0.577668
    30 -0.267709 0.037512 -0.093907 2.913812 -0.143386 0.078467
    31 -0.029266 0.205410 -0.329287 2.788574 -0.255486 -0.188917
    32 0.204373 0.521055 -0.268577 2.886669 0.042206 -0.230367
    33 0.195697 -0.010059 -0.293538 -1.333586 0.150863 -1.672749
    34 1.257181 8.762590 -0.153713 -1.570562 0.002683 -1.566808
    35 -0.093500 -0.114213 -0.738866 -1.570842 0.061811 0.002096
    36 0.010843 0.093623 -0.081439 -3.141462 0.041719 -1.568236
    37 2.776199 2.487727 -8.173408 -2.663791 0.007524 -1.098883
    38 0.104748 -10.673144 -0.005453 1.158025 -0.679847 0.198527
    39 0.553428 -3.650577 -0.341066 -0.515472 -0.043258 -0.022149
    40 0.021779 -1.503640 0.001040 -0.168417 0.000001 -0.000004
    41 0.012045 -0.932386 -0.008488 -1.436623 -0.000002 -0.000001
    42 0.006928 0.005327 -0.181358 -1.528500 -0.248579 -1.611362
    43 -0.052313 0.038588 -0.230758 -1.592493 -0.043415 -1.528515
    44 -0.232600 -0.209658 -0.420670 -1.713790 -0.167173 -1.438930
    45 -0.218280 -3.733712 -0.342176 -0.559713 -0.000005 -0.000032
    46 0.023707 -1.578467 0.010076 -0.348829 0.001554 0.000662
    47 0.004385 -1.172547 0.000250 -1.050428 0.000033 0.000030
    48 -0.038065 0.069166 -0.159882 -1.816986 0.066178 -1.575392
    49 -0.025151 0.088760 -0.068837 -1.817843 0.044510 -1.568287
    50 -0.102916 -0.186983 -0.272246 -1.833683 -0.232962 -1.472375
    51 -1.030272 -3.578138 -0.339254 -0.336269 0.000031 -0.000003
    52 0.001134 -1.606202 0.002371 -0.175386 0.000003 -0.000002
    53 0.009693 -0.949964 0.004417 -1.162203 0.000001 0.000001
    54 -0.004241 0.043707 -0.080202 -2.014997 -0.186996 -1.460723
    55 0.015383 -0.089136 -0.030009 -2.006083 0.036346 -1.568629
    56 -0.022610 -0.212358 -0.177904 -1.933161 -0.118801 -1.518895
    57 1.305107 -3.227547 -0.338302 -0.261882 -0.072972 -0.034035
    58 0.008409 -1.238418 0.002180 -0.314458 0.000004 0.000009
    59 0.007081 -0.774607 -0.004222 -1.445361 -0.000006 -0.000004
    60 -0.067138 0.063251 -0.010961 -0.899214 -0.014515 -1.600326
    61 -0.151180 -0.007395 -0.070065 -0.913061 -0.118819 -1.408558
    62 -0.178164 -0.244680 -0.357067 -1.159916 -0.384260 -1.556110
    63 -0.385010 -0.459229 0.383545 -0.129647 -0.511419 -2.796852
    64 2.464269 0.027427 0.005130 -0.099793 -0.031815 0.242047
    65 1.223420 0.013261 -0.005766 -0.000003 0.065866 0.300133
    66 -0.263408 -0.117640 -0.015657 0.000036 -0.082210 -0.026800
    67 0.007707 -0.334360 -0.191576 0.070788 -0.181563 0.282364
    68 0.225562 -0.567923 -0.420715 0.119895 -0.183798 0.223460
    69 -0.203683 -0.095654 -0.328304 -1.745077 0.075142 -1.515382
    70 -1.393460 8.839182 -0.239440 1.580804 -0.005024 -1.566848
    71 0.036020 0.082814 -0.692656 -1.570769 0.065989 0.001276
    72 -0.088586 0.054019 -0.088595 0.010231 0.033800 -1.560851
    73 0.120153 -0.050270 -0.054489 -2.854024 0.030688 -1.580508
    74 -0.139399 -0.111692 0.014400 0.285395 -0.031353 1.580313
    75 1.815922 -4.953960 0.956709 -1.247037 1.437608 -1.233843
    76 1.280673 -7.522364 1.257767 -1.247037 1.437608 -1.233843
    77 3.914122 -5.194223 1.336679 -1.102199 1.470090 -1.123171
    78 3.733238 -6.026484 1.177255 -1.247037 1.437608 -1.233843
    79 2.529998 -6.881710 2.008363 -2.524252 -1.436619 -3.726165
    80 3.371094 17.859375 -1.857422 -1.247037 1.437608 -1.233843
  time 34
    0 1.629157 0.000000 0.541027 0.000000 0.000000 -1.570796
    1 0.723904 6.586325 -10.290813 5.993517 -0.545058 -4.616254
    2 -0.001605 -10.701926 -0.002571 0.372011 -0.154478 -0.062261
    3 -0.652832 -3.630859 -0.348633 -1.107361 -0.060909 -0.152581
    4 -0.013245 -1.508789 0.000002 -1.179837 0.000000 0.000000
    5 -0.000001 -0.953613 0.000000 -1.228718 0.000000 0.000000
    6 0.007988 0.172186 -0.118553 -1.598091 -0.216549 -1.570593
    7 0.080660 0.135929 -0.203919 -1.506824 -0.066185 -1.662786
    8 0.117288 -0.155554 -0.604544 -1.412988 -0.374558 -1.569222
    9 0.128052 -3.761719 -0.348633 -0.873865 -0.036146 -0.178589
    10 -0.002883 -1.567259 0.002820 -1.223438 0.000000 -0.000003
    11 0.000002 -1.163086 -0.000004 -1.567299 0.000000 0.000000
    12 -0.018589 0.129951 -0.123721 -1.294580 0.001302 -1.635383
    13 -0.006160 0.170065 -0.110169 -1.280084 -0.068681 -1.597215
    14 0.047100 -0.104074 -0.352264 -1.243368 -0.257298 -1.694346
    15 0.949219 -3.619141 -0.348633 -0.197224 0.000005 0.130897
    16 -0.015396 -1.600586 0.000000 -0.589916 0.000000 0.000000
    17 -0.006736 -0.941812 0.007065 -0.593400 0.000000 -0.000001
    18 -0.022325 0.045425 -0.038284 -1.125544 -0.129230 -1.681412
    19 -0.042901 -0.061274 -0.071212 -1.124462 -0.060454 -1.586099
    20 0.063741 -0.109104 -0.248158 -1.142813 -0.125805 -1.693583
    21 -1.403345 -3.249431 -0.346207 -1.174547 -0.118715 -0.146526
    22 0.013458 -1.203125 0.000002 -0.977387 0.000000 0.000000
    23 -0.020049 -0.797217 0.010091 -1.034950 0.000001 0.000004
    24 -0.011720 0.093267 0.017949 -1.687855 -0.079155 -1.575164
    25 0.048864 -0.085541 0.028626 -1.715605 -0.034569 -1.653190
    26 0.173918 -0.198414 -0.336163 -1.668104 -0.422317 -1.710956
    27 0.438974 -0.490226 0.388510 0.457988 -0.443923 -1.167613
    28 2.356265 0.010252 0.005009 -0.303993 -0.029854 -0.496318
    29 1.245306 0.004522 -0.002867 -0.000028 0.000034 -0.577668
    30 -0.267709 0.037512 -0.093907 2.913812 -0.143386 0.078467
    31 -0.029266 0.205410 -0.329287 2.788574 -0.255486 -0.188917
    32 0.204373 0.521055 -0.268577 2.886669 0.042206 -0.230367
    33 0.195697 -0.010059 -0.293538 -1.333586 0.150863 -1.672749
    34 1.257181 8.762590 -0.153713 -1.570562 0.002683 -1.566808
    35 -0.093500 -0.114213 -0.738866 -1.570842 0.061811 0.002096
    36 0.010843 0.093623 -0.081439 -3.141462 0.041719 -1.568236
    37 3.264495 2.534603 -8.126531 -2.663887 -0.019483 -1.104989
    38 0.104748 -10.673144 -0.009359 1.071995 -0.660746 0.224818
    39 0.553428 -3.646670 -0.341066 -0.580337 -0.043138 -0.022077
    40 0.017872 -1.499734 0.001040 -0.179474 0.000001 -0.000004
    41 0.008139 -0.928479 -0.008488 -1.419006 -0.000002 -0.000001
    42 0.006928 0.005327 -0.181358 -1.528500 -0.248579 -1.611362
    43 -0.052313 0.038588 -0.230758 -1.592493 -0.043415 -1.528515
    44 -0.232600 -0.209658 -0.420670 -1.713790 -0.167173 -1.438930
    45 -0.222187 -3.733712 -0.342176 -0.624559 -0.000005 -0.000032
    46 0.023707 -1.582373 0.010076 -0.350073 0.001494 0.000638
    47 0.000478 -1.168640 0.000250 -1.033377 0.000033 0.000030
    48 -0.038065 0.069166 -0.159882 -1.816986 0.066178 -1.575392
    49 -0.025151 0.088760 -0.068837 -1.817843 0.044510 -1.568287
    50 -0.102916 -0.186983 -0.272246 -1.833683 -0.232962 -1.472375
    51 -1.030272 -3.574231 -0.343160 -0.401145 0.000031 -0.000003
    52 0.001134 -1.606202 0.006277 -0.186433 0.000003 -0.000002
    53 0.009693 -0.949964 0.004417 -1.145336 0.000001 0.000001
    54 -0.004241 0.043707 -0.080202 -2.014997 -0.186996 -1.460723
    55 0.015383 -0.089136 -0.030009 -2.006083 0.036346 -1.568629
    56 -0.022610 -0.212358 -0.177904 -1.933161 -0.118801 -1.518895
    57 1.305107 -3.227547 -0.342208 -0.309709 -0.072852 -0.033934
    58 0.000596 -1.238418 0.006086 -0.367069 0.000004 0.000009
    59 0.007081 -0.774607 -0.000316 -1.432094 -0.000006 -0.000004
    60 -0.067138 0.063251 -0.010961 -0.899214 -0.014515 -1.600326
    61 -0.151180 -0.007395 -0.070065 -0.913061 -0.118819 -1.408558
    62 -0.178164 -0.244680 -0.357067 -1.159916 -0.384260 -1.556110
    63 -0.385010 -0.459229 0.383545 -0.129647 -0.511419 -2.796852
    64 2.472082 0.027427 0.005130 -0.099829 -0.031707 0.243088
    65 1.223420 0.013261 -0.005766 -0.000003 0.062877 0.300133
    66 -0.263408 -0.117640 -0.015657 0.000036 -0.082210 -0.026800
    67 0.007707 -0.334360 -0.191576 0.070788 -0.181563 0.282364
    68 0.225562 -0.567923 -0.420715 0.119895 -0.183798 0.223460
    69 -0.203683 -0.095654 -0.328304 -1.745077 0.075142 -1.515382
    70 -1.393460 8.839182 -0.239440 1.580804 -0.005024 -1.566848
    71 0.036020 0.082814 -0.692656 -1.570769 0.065989 0.001276
    72 -0.088586 0.054019 -0.088595 0.010231 0.033800 -1.560851
    73 0.120153 -0.050270 -0.054489 -2.854024 0.030688 -1.580508
    74 -0.139399 -0.111692 0.014400 0.285395 -0.031353 1.580313
    75 1.815922 -4.953960 0.956709 -1.247037 1.437608 -1.233843
    76 1.280673 -7.522364 1.257767 -1.247037 1.437608 -1.233843
    77 3.914122 -5.194223 1.336679 -1.102199 1.470090 -1.123171
    78 3.733238 -6.026484 1.177255 -1.247037 1.437608 -1.233843
    79 2.529998 -6.885617 2.004457 -2.528525 -1.435758 -3.721776
    80 3.371094 17.859375 -1.857422 -1.247037 1.437608 -1.233843
  time 35
    0 1.629157 0.000000 0.541027 0.000000 0.000000 -1.570796
    1 0.653589 6.683984 -10.302533 5.995808 -0.569458 -4.620377
    2 -0.001605 -10.694113 -0.002571 0.344246 -0.173758 -0.051152
    3 -0.652832 -3.630859 -0.348633 -1.107361 -0.060909 -0.152581
    4 -0.013245 -1.508789 0.000002 -1.179837 0.000000 0.000000
    5 -0.000001 -0.953613 0.000000 -1.228718 0.000000 0.000000
    6 0.007988 0.172186 -0.118553 -1.598091 -0.216549 -1.570593
    7 0.080660 0.135929 -0.203919 -1.506824 -0.066185 -1.662786
    8 0.117288 -0.155554 -0.604544 -1.412988 -0.374558 -1.569222
    9 0.128052 -3.761719 -0.348633 -0.873865 -0.036146 -0.178589
    10 -0.010696 -1.567259 0.006726 -1.223362 0.000000 -0.000003
    11 0.000002 -1.163086 -0.000004 -1.567299 0.000000 0.000000
    12 -0.018589 0.129951 -0.123721 -1.294580 0.001302 -1.635383
    13 -0.006160 0.170065 -0.110169 -1.280084 -0.068681 -1.597215
    14 0.047100 -0.104074 -0.352264 -1.243368 -0.257298 -1.694346
    15 0.949219 -3.619141 -0.348633 -0.197224 0.000005 0.130897
    16 -0.015396 -1.600586 0.000000 -0.589916 0.000000 0.000000
    17 -0.006736 -0.941812 0.007065 -0.593400 0.000000 -0.000001
    18 -0.022325 0.045425 -0.038284 -1.125544 -0.129230 -1.681412
    19 -0.042901 -0.061274 -0.071212 -1.124462 -0.060454 -1.586099
    20 0.063741 -0.109104 -0.248158 -1.142813 -0.125805 -1.693583
    21 -1.407252 -3.245525 -0.342301 -1.174547 -0.118715 -0.146526
    22 0.013458 -1.203125 0.000002 -0.977387 0.000000 0.000000
    23 -0.020049 -0.797217 0.010091 -1.034950 0.000001 0.000004
    24 -0.011720 0.093267 0.017949 -1.687855 -0.079155 -1.575164
    25 0.048864 -0.085541 0.028626 -1.715605 -0.034569 -1.653190
    26 0.173918 -0.198414 -0.336163 -1.668104 -0.422317 -1.710956
    27 0.446787 -0.490226 0.396323 0.457988 -0.443923 -1.167613
    28 2.356265 0.010252 0.001103 -0.304005 -0.029854 -0.496318
    29 1.245306 0.004522 -0.006774 -0.000028 0.000034 -0.577668
    30 -0.267709 0.037512 -0.093907 2.913812 -0.143386 0.078467
    31 -0.029266 0.205410 -0.329287 2.788574 -0.255486 -0.188917
    32 0.204373 0.521055 -0.268577 2.886669 0.042206 -0.230367
    33 0.195697 -0.010059 -0.293538 -1.333586 0.150863 -1.672749
    34 1.257181 8.762590 -0.153713 -1.570562 0.002683 -1.566808
    35 -0.093500 -0.114213 -0.738866 -1.570842 0.061811 0.002096
    36 0.010843 0.093623 -0.081439 -3.141462 0.041719 -1.568236
    37 3.112147 2.292408 -8.009340 -2.662834 -0.050158 -1.113003
    38 0.100841 -10.673144 -0.009359 0.969325 -0.635700 0.253102
    39 0.553428 -3.650577 -0.341066 -0.663733 -0.042946 -0.022005
    40 0.021779 -1.507546 0.001040 -0.193928 0.000001 -0.000004
    41 0.004232 -0.928479 -0.008488 -1.395138 -0.000002 -0.000001
    42 0.006928 0.005327 -0.181358 -1.528500 -0.248579 -1.611362
    43 -0.052313 0.038588 -0.230758 -1.592493 -0.043415 -1.528515
    44 -0.232600 -0.209658 -0.420670 -1.713790 -0.167173 -1.438930
    45 -0.214374 -3.737618 -0.342176 -0.707874 -0.000005 -0.000032
    46 0.023707 -1.586280 0.010076 -0.351604 0.001410 0.000578
    47 0.004385 -1.176453 0.000250 -1.010798 0.000033 0.000030
    48 -0.038065 0.069166 -0.159882 -1.816986 0.066178 -1.575392
    49 -0.025151 0.088760 -0.068837 -1.817843 0.044510 -1.568287
    50 -0.102916 -0.186983 -0.272246 -1.833683 -0.232962 -1.472375
    51 -1.026365 -3.582044 -0.343160 -0.484487 0.000031 -0.000003
    52 0.001134 -1.610108 0.002371 -0.200956 0.000003 -0.000002
    53 0.005787 -0.949964 0.004417 -1.122541 0.000001 0.000001
    54 -0.004241 0.043707 -0.080202 -2.014997 -0.186996 -1.460723
    55 0.015383 -0.089136 -0.030009 -2.006083 0.036346 -1.568629
    56 -0.022610 -0.212358 -0.177904 -1.933161 -0.118801 -1.518895
    57 1.305107 -3.227547 -0.338302 -0.383141 -0.072637 -0.033816
    58 0.000596 -1.238418 0.006086 -0.434765 0.000004 0.000009
    59 0.007081 -0.774607 -0.004222 -1.414560 -0.000006 -0.000004
    60 -0.067138 0.063251 -0.010961 -0.899214 -0.014515 -1.600326
    61 -0.151180 -0.007395 -0.070065 -0.913061 -0.118819 -1.408558
    62 -0.178164 -0.244680 -0.357067 -1.159916 -0.384260 -1.556110
    63 -0.385010 -0.459229 0.383545 -0.129647 -0.511419 -2.796852
    64 2.472082 0.027427 0.005130 -0.099865 -0.031599 0.244258
    65 1.223420 0.013261 -0.005766 -0.000003 0.059556 0.300133
    66 -0.263408 -0.117640 -0.015657 0.000036 -0.082210 -0.026800
    67 0.007707 -0.334360 -0.191576 0.070788 -0.181563 0.282364
    68 0.225562 -0.567923 -0.420715 0.119895 -0.183798 0.223460
    69 -0.203683 -0.095654 -0.328304 -1.745077 0.075142 -1.515382
    70 -1.393460 8.839182 -0.239440 1.580804 -0.005024 -1.566848
    71 0.036020 0.082814 -0.692656 -1.570769 0.065989 0.001276
    72 -0.088586 0.054019 -0.088595 0.010231 0.033800 -1.560851
    73 0.120153 -0.050270 -0.054489 -2.854024 0.030688 -1.580508
    74 -0.139399 -0.111692 0.014400 0.285395 -0.031353 1.580313
    75 1.815922 -4.953960 0.956709 -1.247037 1.437608 -1.233843
    76 1.280673 -7.522364 1.257767 -1.247037 1.437608 -1.233843
    77 3.914122 -5.194223 1.336679 -1.102199 1.470090 -1.123171
    78 3.733238 -6.026484 1.177255 -1.247037 1.437608 -1.233843
    79 2.533905 -6.881710 2.012270 -2.529365 -1.435672 -3.721013
    80 3.371094 17.859375 -1.857422 -1.247037 1.437608 -1.233843
  time 36
    0 1.629157 0.000000 0.541027 0.000000 0.000000 -1.570796
    1 0.427020 6.785549 -10.318158 5.998558 -0.602371 -4.625746
    2 -0.009418 -10.694113 -0.006478 0.279781 -0.214574 -0.030813
    3 -0.652832 -3.630859 -0.348633 -1.107361 -0.060909 -0.152581
    4 -0.013245 -1.508789 0.000002 -1.179837 0.000000 0.000000
    5 -0.000001 -0.953613 0.000000 -1.228718 0.000000 0.000000
    6 0.007988 0.172186 -0.118553 -1.598091 -0.216549 -1.570593
    7 0.080660 0.135929 -0.203919 -1.506824 -0.066185 -1.662786
    8 0.117288 -0.155554 -0.604544 -1.412988 -0.374558 -1.569222
    9 0.128052 -3.761719 -0.348633 -0.873865 -0.036146 -0.178589
    10 -0.006790 -1.571166 0.006726 -1.223438 0.000000 -0.000003
    11 0.000002 -1.163086 -0.000004 -1.567299 0.000000 0.000000
    12 -0.018589 0.129951 -0.123721 -1.294580 0.001302 -1.635383
    13 -0.006160 0.170065 -0.110169 -1.280084 -0.068681 -1.597215
    14 0.047100 -0.104074 -0.352264 -1.243368 -0.257298 -1.694346
    15 0.949219 -3.619141 -0.348633 -0.197224 0.000005 0.130897
    16 -0.015396 -1.600586 0.000000 -0.589916 0.000000 0.000000
    17 -0.002829 -0.941812 0.007065 -0.593400 0.000000 -0.000001
    18 -0.022325 0.045425 -0.038284 -1.125544 -0.129230 -1.681412
    19 -0.042901 -0.061274 -0.071212 -1.124462 -0.060454 -1.586099
    20 0.063741 -0.109104 -0.248158 -1.142813 -0.125805 -1.693583
    21 -1.403345 -3.245525 -0.338395 -1.174547 -0.118715 -0.146526
    22 0.013458 -1.203125 0.000002 -0.977387 0.000000 0.000000
    23 -0.020049 -0.797217 0.002278 -1.034950 0.000001 0.000004
    24 -0.011720 0.093267 0.017949 -1.687855 -0.079155 -1.575164
    25 0.048864 -0.085541 0.028626 -1.715605 -0.034569 -1.653190
    26 0.173918 -0.198414 -0.336163 -1.668104 -0.422317 -1.710956
    27 0.442881 -0.490226 0.396323 0.457988 -0.443923 -1.167613
    28 2.352359 0.014158 0.005009 -0.304005 -0.029854 -0.496318
    29 1.241400 0.004522 -0.006774 -0.000028 0.000034 -0.577668
    30 -0.267709 0.037512 -0.093907 2.913812 -0.143386 0.078467
    31 -0.029266 0.205410 -0.329287 2.788574 -0.255486 -0.188917
    32 0.204373 0.521055 -0.268577 2.886669 0.042206 -0.230367
    33 0.195697 -0.010059 -0.293538 -1.333586 0.150863 -1.672749
    34 1.257181 8.762590 -0.153713 -1.570562 0.002683 -1.566808
    35 -0.093500 -0.114213 -0.738866 -1.570842 0.061811 0.002096
    36 0.010843 0.093623 -0.081439 -3.141462 0.041719 -1.568236
    37 2.393375 1.772861 -7.849179 -2.660154 -0.081665 -1.121971
    38 0.104748 -10.673144 -0.009359 0.855227 -0.604759 0.280582
    39 0.549521 -3.650577 -0.341066 -0.761253 -0.042718 -0.021957
    40 0.017872 -1.503640 0.001040 -0.211286 0.000001 -0.000004
    41 0.012045 -0.928479 -0.008488 -1.365681 -0.000002 -0.000001
    42 0.006928 0.005327 -0.181358 -1.528500 -0.248579 -1.611362
    43 -0.052313 0.038588 -0.230758 -1.592493 -0.043415 -1.528515
    44 -0.232600 -0.209658 -0.420670 -1.713790 -0.167173 -1.438930
    45 -0.218280 -3.737618 -0.342176 -0.805347 -0.000005 -0.000032
    46 0.023707 -1.586280 0.006169 -0.353135 0.001302 0.000530
    47 0.004385 -1.176453 0.000250 -0.982879 0.000033 0.000030
    48 -0.038065 0.069166 -0.159882 -1.816986 0.066178 -1.575392
    49 -0.025151 0.088760 -0.068837 -1.817843 0.044510 -1.568287
    50 -0.102916 -0.186983 -0.272246 -1.833683 -0.232962 -1.472375
    51 -1.034178 -3.582044 -0.343160 -0.582100 0.000031 -0.000003
    52 0.001134 -1.610108 0.006277 -0.218336 0.000003 -0.000002
    53 0.005787 -0.949964 0.008323 -1.094680 0.000001 0.000001
    54 -0.004241 0.043707 -0.080202 -2.014997 -0.186996 -1.460723
    55 0.015383 -0.089136 -0.030009 -2.006083 0.036346 -1.568629
    56 -0.022610 -0.212358 -0.177904 -1.933161 -0.118801 -1.518895
    57 1.305107 -3.227547 -0.338302 -0.476504 -0.072265 -0.033715
    58 0.000596 -1.238418 0.006086 -0.514139 0.000004 0.000009
    59 0.007081 -0.778514 -0.004222 -1.392758 -0.000006 -0.000004
    60 -0.067138 0.063251 -0.010961 -0.899214 -0.014515 -1.600326
    61 -0.151180 -0.007395 -0.070065 -0.913061 -0.118819 -1.408558
    62 -0.178164 -0.244680 -0.357067 -1.159916 -0.384260 -1.556110
    63 -0.385010 -0.459229 0.383545 -0.129647 -0.511419 -2.796852
    64 2.472082 0.027427 0.005130 -0.099901 -0.031443 0.245473
    65 1.223420 0.013261 -0.005766 -0.000003 0.056033 0.300133
    66 -0.263408 -0.117640 -0.015657 0.000036 -0.082210 -0.026800
    67 0.007707 -0.334360 -0.191576 0.070788 -0.181563 0.282364
    68 0.225562 -0.567923 -0.420715 0.119895 -0.183798 0.223460
    69 -0.203683 -0.095654 -0.328304 -1.745077 0.075142 -1.515382
    70 -1.393460 8.839182 -0.239440 1.580804 -0.005024 -1.566848
    71 0.036020 0.082814 -0.692656 -1.570769 0.065989 0.001276
    72 -0.088586 0.054019 -0.088595 0.010231 0.033800 -1.560851
    73 0.120153 -0.050270 -0.054489 -2.854024 0.030688 -1.580508
    74 -0.139399 -0.111692 0.014400 0.285395 -0.031353 1.580313
    75 1.815922 -4.953960 0.956709 -1.247037 1.437608 -1.233843
    76 1.280673 -7.522364 1.257767 -1.247037 1.437608 -1.233843
    77 3.914122 -5.194223 1.336679 -1.102199 1.470090 -1.123171
    78 3.733238 -6.026484 1.177255 -1.247037 1.437608 -1.233843
    79 2.533905 -6.885617 2.012270 -2.525855 -1.436447 -3.724448
    80 3.371094 17.859375 -1.857422 -1.247037 1.437608 -1.233843
  time 37
    0 1.629157 0.000000 0.541027 0.000000 0.000000 -1.570796
    1 0.106698 6.914460 -10.333784 6.001858 -0.642790 -4.632361
    2 -0.009418 -10.701926 -0.006478 0.201791 -0.258022 -0.007237
    3 -0.652832 -3.630859 -0.348633 -1.107361 -0.060909 -0.152581
    4 -0.013245 -1.508789 0.000002 -1.179837 0.000000 0.000000
    5 -0.000001 -0.953613 0.000000 -1.228718 0.000000 0.000000
    6 0.007988 0.172186 -0.118553 -1.598091 -0.216549 -1.570593
    7 0.080660 0.135929 -0.203919 -1.506824 -0.066185 -1.662786
    8 0.117288 -0.155554 -0.604544 -1.412988 -0.374558 -1.569222
    9 0.128052 -3.761719 -0.348633 -0.873865 -0.036146 -0.178589
    10 -0.010696 -1.567259 0.006726 -1.223362 0.000000 -0.000003
    11 0.000002 -1.163086 -0.000004 -1.567299 0.000000 0.000000
    12 -0.018589 0.129951 -0.123721 -1.294580 0.001302 -1.635383
    13 -0.006160 0.170065 -0.110169 -1.280084 -0.068681 -1.597215
    14 0.047100 -0.104074 -0.352264 -1.243368 -0.257298 -1.694346
    15 0.949219 -3.619141 -0.348633 -0.197224 0.000005 0.130897
    16 -0.015396 -1.600586 0.000000 -0.589916 0.000000 0.000000
    17 -0.002829 -0.945718 0.007065 -0.593400 0.000000 -0.000001
    18 -0.022325 0.045425 -0.038284 -1.125544 -0.129230 -1.681412
    19 -0.042901 -0.061274 -0.071212 -1.124462 -0.060454 -1.586099
    20 0.063741 -0.109104 -0.248158 -1.142813 -0.125805 -1.693583
    21 -1.403345 -3.245525 -0.342301 -1.174547 -0.118715 -0.146526
    22 0.013458 -1.203125 0.000002 -0.977387 0.000000 0.000000
    23 -0.020049 -0.793311 0.002278 -1.034950 0.000001 0.000004
    24 -0.011720 0.093267 0.017949 -1.687855 -0.079155 -1.575164
    25 0.048864 -0.085541 0.028626 -1.715605 -0.034569 -1.653190
    26 0.173918 -0.198414 -0.336163 -1.668104 -0.422317 -1.710956
    27 0.438974 -0.490226 0.396323 0.457988 -0.443923 -1.167613
    28 2.356265 0.010252 0.005009 -0.304005 -0.029854 -0.496318
    29 1.245306 0.004522 -0.010680 -0.000028 0.000034 -0.577704
    30 -0.267709 0.037512 -0.093907 2.913812 -0.143386 0.078467
    31 -0.029266 0.205410 -0.329287 2.788574 -0.255486 -0.188917
    32 0.204373 0.521055 -0.268577 2.886669 0.042206 -0.230367
    33 0.195697 -0.010059 -0.293538 -1.333586 0.150863 -1.672749
    34 1.257181 8.762590 -0.153713 -1.570562 0.002683 -1.566808
    35 -0.093500 -0.114213 -0.738866 -1.570842 0.061811 0.002096
    36 0.010843 0.093623 -0.081439 -3.141462 0.041719 -1.568236
    37 1.369906 1.050183 -7.716362 -2.656804 -0.111357 -1.131321
    38 0.104748 -10.673144 -0.009359 0.734351 -0.568425 0.304719
    39 0.553428 -3.650577 -0.337160 -0.868743 -0.042491 -0.021981
    40 0.017872 -1.507546 0.001040 -0.230930 0.000001 -0.000004
    41 0.008139 -0.932386 -0.008488 -1.331395 -0.000002 -0.000001
    42 0.006928 0.005327 -0.181358 -1.528500 -0.248579 -1.611362
    43 -0.052313 0.038588 -0.230758 -1.592493 -0.043415 -1.528515
    44 -0.232600 -0.209658 -0.420670 -1.713790 -0.167173 -1.438930
    45 -0.218280 -3.737618 -0.342176 -0.912841 -0.000005 -0.000032
    46 0.023707 -1.582373 0.010076 -0.354666 0.001170 0.000482
    47 0.004385 -1.168640 0.000250 -0.950275 0.000033 0.000030
    48 -0.038065 0.069166 -0.159882 -1.816986 0.066178 -1.575392
    49 -0.025151 0.088760 -0.068837 -1.817843 0.044510 -1.568287
    50 -0.102916 -0.186983 -0.272246 -1.833683 -0.232962 -1.472375
    51 -1.030272 -3.582044 -0.339254 -0.689464 0.000031 -0.000003
    52 0.001134 -1.610108 0.002371 -0.237954 0.000003 -0.000002
    53 0.001880 -0.949964 0.008323 -1.061915 0.000001 0.000001
    54 -0.004241 0.043707 -0.080202 -2.014997 -0.186996 -1.460723
    55 0.015383 -0.089136 -0.030009 -2.006083 0.036346 -1.568629
    56 -0.022610 -0.212358 -0.177904 -1.933161 -0.118801 -1.518895
    57 1.305107 -3.227547 -0.338302 -0.584960 -0.071894 -0.033732
    58 0.000596 -1.242324 0.006086 -0.601824 0.000004 0.000009
    59 0.007081 -0.774607 -0.004222 -1.367152 -0.000006 -0.000004
    60 -0.067138 0.063251 -0.010961 -0.899214 -0.014515 -1.600326
    61 -0.151180 -0.007395 -0.070065 -0.913061 -0.118819 -1.408558
    62 -0.178164 -0.244680 -0.357067 -1.159916 -0.384260 -1.556110
    63 -0.385010 -0.459229 0.383545 -0.129647 -0.511419 -2.796852
    64 2.472082 0.027427 0.005130 -0.099937 -0.031311 0.246774
    65 1.223420 0.013261 -0.005766 -0.000003 0.052236 0.300133
    66 -0.263408 -0.117640 -0.015657 0.000036 -0.082210 -0.026800
    67 0.007707 -0.334360 -0.191576 0.070788 -0.181563 0.282364
    68 0.225562 -0.567923 -0.420715 0.119895 -0.183798 0.223460
    69 -0.203683 -0.095654 -0.328304 -1.745077 0.075142 -1.515382
    70 -1.393460 8.839182 -0.239440 1.580804 -0.005024 -1.566848
    71 0.036020 0.082814 -0.692656 -1.570769 0.065989 0.001276
    72 -0.088586 0.054019 -0.088595 0.010231 0.033800 -1.560851
    73 0.120153 -0.050270 -0.054489 -2.854024 0.030688 -1.580508
    74 -0.139399 -0.111692 0.014400 0.285395 -0.031353 1.580313
    75 1.815922 -4.953960 0.956709 -1.247037 1.437608 -1.233843
    76 1.280673 -7.522364 1.257767 -1.247037 1.437608 -1.233843
    77 3.914122 -5.194223 1.336679 -1.102199 1.470090 -1.123171
    78 3.733238 -6.026484 1.177255 -1.247037 1.437608 -1.233843
    79 2.529998 -6.885617 2.008363 -2.516851 -1.438169 -3.733704
    80 3.371094 17.859375 -1.857422 -1.247037 1.437608 -1.233843
  time 38
    0 1.629157 0.000000 0.541027 0.000000 0.000000 -1.570796
    1 -0.233157 7.062902 -10.353315 6.005707 -0.689132 -4.640222
    2 -0.001605 -10.694113 -0.002571 0.135944 -0.287215 0.009030
    3 -0.652832 -3.630859 -0.348633 -1.107361 -0.060909 -0.152581
    4 -0.013245 -1.508789 0.000002 -1.179837 0.000000 0.000000
    5 -0.000001 -0.953613 0.000000 -1.228718 0.000000 0.000000
    6 0.007988 0.172186 -0.118553 -1.598091 -0.216549 -1.570593
    7 0.080660 0.135929 -0.203919 -1.506824 -0.066185 -1.662786
    8 0.117288 -0.155554 -0.604544 -1.412988 -0.374558 -1.569222
    9 0.128052 -3.761719 -0.348633 -0.873865 -0.036146 -0.178589
    10 -0.010696 -1.567259 0.006726 -1.223362 0.000000 -0.000003
    11 0.000002 -1.163086 -0.000004 -1.567299 0.000000 0.000000
    12 -0.018589 0.129951 -0.123721 -1.294580 0.001302 -1.635383
    13 -0.006160 0.170065 -0.110169 -1.280084 -0.068681 -1.597215
    14 0.047100 -0.104074 -0.352264 -1.243368 -0.257298 -1.694346
    15 0.949219 -3.619141 -0.348633 -0.197224 0.000005 0.130897
    16 -0.015396 -1.600586 0.000000 -0.589916 0.000000 0.000000
    17 -0.006736 -0.941812 0.007065 -0.593400 0.000000 -0.000001
    18 -0.022325 0.045425 -0.038284 -1.125544 -0.129230 -1.681412
    19 -0.042901 -0.061274 -0.071212 -1.124462 -0.060454 -1.586099
    20 0.063741 -0.109104 -0.248158 -1.142813 -0.125805 -1.693583
    21 -1.403345 -3.245525 -0.342301 -1.174547 -0.118715 -0.146526
    22 0.013458 -1.203125 0.000002 -0.977387 0.000000 0.000000
    23 -0.020049 -0.797217 0.010091 -1.034950 0.000001 0.000004
    24 -0.011720 0.093267 0.017949 -1.687855 -0.079155 -1.575164
    25 0.048864 -0.085541 0.028626 -1.715605 -0.034569 -1.653190
    26 0.173918 -0.198414 -0.336163 -1.668104 -0.422317 -1.710956
    27 0.446787 -0.490226 0.396323 0.457988 -0.443911 -1.167613
    28 2.356265 0.010252 0.005009 -0.304005 -0.029854 -0.496318
    29 1.245306 0.004522 -0.002867 -0.000028 0.000034 -0.577668
    30 -0.267709 0.037512 -0.093907 2.913812 -0.143386 0.078467
    31 -0.029266 0.205410 -0.329287 2.788574 -0.255486 -0.188917
    32 0.204373 0.521055 -0.268577 2.886669 0.042206 -0.230367
    33 0.195697 -0.010059 -0.293538 -1.333586 0.150863 -1.672749
    34 1.257181 8.762590 -0.153713 -1.570562 0.002683 -1.566808
    35 -0.093500 -0.114213 -0.738866 -1.570842 0.061811 0.002096
    36 0.010843 0.093623 -0.081439 -3.141462 0.041719 -1.568236
    37 0.319093 0.198594 -7.704643 -2.653167 -0.136472 -1.139812
    38 0.104748 -10.673144 -0.009359 0.610651 -0.527801 0.323682
    39 0.545615 -3.650577 -0.341066 -0.981792 -0.042191 -0.022101
    40 0.021779 -1.503640 0.001040 -0.252148 0.000001 -0.000004
    41 0.008139 -0.928479 -0.008488 -1.292183 -0.000002 -0.000001
    42 0.006928 0.005327 -0.181358 -1.528500 -0.248579 -1.611362
    43 -0.052313 0.038588 -0.230758 -1.592493 -0.043415 -1.528515
    44 -0.232600 -0.209658 -0.420670 -1.713790 -0.167173 -1.438930
    45 -0.218280 -3.737618 -0.342176 -1.025870 -0.000005 -0.000032
    46 0.023707 -1.578467 0.010076 -0.356484 0.001038 0.000422
    47 0.004385 -1.176453 0.000250 -0.913362 0.000033 0.000030
    48 -0.038065 0.069166 -0.159882 -1.816986 0.066178 -1.575392
    49 -0.025151 0.088760 -0.068837 -1.817843 0.044510 -1.568287
    50 -0.102916 -0.186983 -0.272246 -1.833683 -0.232962 -1.472375
    51 -1.034178 -3.578138 -0.343160 -0.802493 0.000031 -0.000003
    52 0.001134 -1.610108 0.002371 -0.259191 0.000003 -0.000002
    53 0.009693 -0.949964 0.008323 -1.025163 0.000001 0.000001
    54 -0.004241 0.043707 -0.080202 -2.014997 -0.186996 -1.460723
    55 0.015383 -0.089136 -0.030009 -2.006083 0.036346 -1.568629
    56 -0.022610 -0.212358 -0.177904 -1.933161 -0.118801 -1.518895
    57 1.309013 -3.227547 -0.342208 -0.702731 -0.071390 -0.033850
    58 0.000596 -1.238418 0.006086 -0.694371 0.000004 0.000009
    59 0.007081 -0.778514 -0.008129 -1.338114 -0.000006 -0.000004
    60 -0.067138 0.063251 -0.010961 -0.899214 -0.014515 -1.600326
    61 -0.151180 -0.007395 -0.070065 -0.913061 -0.118819 -1.408558
    62 -0.178164 -0.244680 -0.357067 -1.159916 -0.384260 -1.556110
    63 -0.385010 -0.459229 0.383545 -0.129647 -0.511419 -2.796852
    64 2.468175 0.027427 0.005130 -0.099985 -0.031168 0.248205
    65 1.223420 0.013261 -0.005766 -0.000003 0.048150 0.300133
    66 -0.263408 -0.117640 -0.015657 0.000036 -0.082210 -0.026800
    67 0.007707 -0.334360 -0.191576 0.070788 -0.181563 0.282364
    68 0.225562 -0.567923 -0.420715 0.119895 -0.183798 0.223460
    69 -0.203683 -0.095654 -0.328304 -1.745077 0.075142 -1.515382
    70 -1.393460 8.839182 -0.239440 1.580804 -0.005024 -1.566848
    71 0.036020 0.082814 -0.692656 -1.570769 0.065989 0.001276
    72 -0.088586 0.054019 -0.088595 0.010231 0.033800 -1.560851
    73 0.120153 -0.050270 -0.054489 -2.854024 0.030688 -1.580508
    74 -0.139399 -0.111692 0.014400 0.285395 -0.031353 1.580313
    75 1.815922 -4.953960 0.956709 -1.247037 1.437608 -1.233843
    76 1.280673 -7.522364 1.257767 -1.247037 1.437608 -1.233843
    77 3.914122 -5.194223 1.336679 -1.102199 1.470090 -1.123171
    78 3.733238 -6.026484 1.177255 -1.247037 1.437608 -1.233843
    79 2.529998 -6.881710 2.008363 -2.502200 -1.440838 -3.748495
    80 3.371094 17.859375 -1.857422 -1.247037 1.437608 -1.233843
  time 39
    0 1.629157 0.000000 0.541027 0.000000 0.000000 -1.570796
    1 -0.530041 7.199625 -10.368941 6.010749 -0.740566 -4.649042
    2 -0.009418 -10.701926 -0.010384 0.109610 -0.287249 0.003914
    3 -0.652832 -3.630859 -0.348633 -1.107361 -0.060909 -0.152581
    4 -0.013245 -1.508789 0.000002 -1.179837 0.000000 0.000000
    5 -0.000001 -0.953613 0.000000 -1.228718 0.000000 0.000000
    6 0.007988 0.172186 -0.118553 -1.598091 -0.216549 -1.570593
    7 0.080660 0.135929 -0.203919 -1.506824 -0.066185 -1.662786
    8 0.117288 -0.155554 -0.604544 -1.412988 -0.374558 -1.569222
    9 0.128052 -3.761719 -0.348633 -0.873865 -0.036146 -0.178589
    10 -0.006790 -1.567259 0.006726 -1.223438 0.000000 -0.000003
    11 0.000002 -1.163086 -0.000004 -1.567299 0.000000 0.000000
    12 -0.018589 0.129951 -0.123721 -1.294580 0.001302 -1.635383
    13 -0.006160 0.170065 -0.110169 -1.280084 -0.068681 -1.597215
    14 0.047100 -0.104074 -0.352264 -1.243368 -0.257298 -1.694346
    15 0.949219 -3.619141 -0.348633 -0.197224 0.000005 0.130897
    16 -0.015396 -1.600586 0.000000 -0.589916 0.000000 0.000000
    17 -0.006736 -0.941812 0.007065 -0.593400 0.000000 -0.000001
    18 -0.022325 0.045425 -0.038284 -1.125544 -0.129230 -1.681412
    19 -0.042901 -0.061274 -0.071212 -1.124462 -0.060454 -1.586099
    20 0.063741 -0.109104 -0.248158 -1.142813 -0.125805 -1.693583
    21 -1.403345 -3.245525 -0.338395 -1.174547 -0.118715 -0.146526
    22 0.013458 -1.203125 0.000002 -0.977387 0.000000 0.000000
    23 -0.020049 -0.797217 0.002278 -1.034950 0.000001 0.000004
    24 -0.011720 0.093267 0.017949 -1.687855 -0.079155 -1.575164
    25 0.048864 -0.085541 0.028626 -1.715605 -0.034569 -1.653190
    26 0.173918 -0.198414 -0.336163 -1.668104 -0.422317 -1.710956
    27 0.442881 -0.490226 0.388510 0.457988 -0.443923 -1.167613
    28 2.356265 0.010252 0.001103 -0.303993 -0.029854 -0.496318
    29 1.245306 0.004522 -0.002867 -0.000028 0.000034 -0.577668
    30 -0.267709 0.037512 -0.093907 2.913812 -0.143386 0.078467
    31 -0.029266 0.205410 -0.329287 2.788574 -0.255486 -0.188917
    32 0.204373 0.521055 -0.268577 2.886669 0.042206 -0.230367
    33 0.195697 -0.010059 -0.293538 -1.333586 0.150863 -1.672749
    34 1.257181 8.762590 -0.153713 -1.570562 0.002683 -1.566808
    35 -0.093500 -0.114213 -0.738866 -1.570842 0.061811 0.002096
    36 0.010843 0.093623 -0.081439 -3.141462 0.041719 -1.568236
    37 -0.485619 -0.707683 -7.872617 -2.649243 -0.154438 -1.146872
    38 0.104748 -10.673144 -0.009359 0.487516 -0.484420 0.336442
    39 0.553428 -3.650577 -0.344972 -1.096055 -0.041903 -0.022293
    40 0.021779 -1.503640 0.001040 -0.274541 0.000001 -0.000004
    41 0.008139 -0.936292 -0.008488 -1.248709 -0.000002 -0.000001
    42 0.006928 0.005327 -0.181358 -1.528500 -0.248579 -1.611362
    43 -0.052313 0.038588 -0.230758 -1.592493 -0.043415 -1.528515
    44 -0.232600 -0.209658 -0.420670 -1.713790 -0.167173 -1.438930
    45 -0.218280 -3.733712 -0.346082 -1.140064 -0.000005 -0.000032
    46 0.023707 -1.578467 0.010076 -0.357919 0.000906 0.000362
    47 0.004385 -1.172547 0.000250 -0.872888 0.000033 0.000030
    48 -0.038065 0.069166 -0.159882 -1.816986 0.066178 -1.575392
    49 -0.025151 0.088760 -0.068837 -1.817843 0.044510 -1.568287
    50 -0.102916 -0.186983 -0.272246 -1.833683 -0.232962 -1.472375
    51 -1.030272 -3.578138 -0.343160 -0.916720 0.000031 -0.000003
    52 0.001134 -1.610108 0.002371 -0.281523 0.000003 -0.000002
    53 0.005787 -0.949964 0.008323 -0.984584 0.000001 0.000001
    54 -0.004241 0.043707 -0.080202 -2.014997 -0.186996 -1.460723
    55 0.015383 -0.089136 -0.030009 -2.006083 0.036346 -1.568629
    56 -0.022610 -0.212358 -0.177904 -1.933161 -0.118801 -1.518895
    57 1.309013 -3.227547 -0.338302 -0.824926 -0.070923 -0.034119
    58 0.004503 -1.238418 0.006086 -0.788248 0.000004 0.000009
    59 0.007081 -0.774607 -0.004222 -1.306107 -0.000006 -0.000004
    60 -0.067138 0.063251 -0.010961 -0.899214 -0.014515 -1.600326
    61 -0.151180 -0.007395 -0.070065 -0.913061 -0.118819 -1.408558
    62 -0.178164 -0.244680 -0.357067 -1.159916 -0.384260 -1.556110
    63 -0.385010 -0.459229 0.383545 -0.129647 -0.511419 -2.796852
    64 2.464269 0.027427 0.005130 -0.100033 -0.031048 0.249680
    65 1.219513 0.013261 -0.005766 -0.000003 0.043804 0.300133
    66 -0.263408 -0.117640 -0.015657 0.000036 -0.082210 -0.026800
    67 0.007707 -0.334360 -0.191576 0.070788 -0.181563 0.282364
    68 0.225562 -0.567923 -0.420715 0.119895 -0.183798 0.223460
    69 -0.203683 -0.095654 -0.328304 -1.745077 0.075142 -1.515382
    70 -1.393460 8.839182 -0.239440 1.580804 -0.005024 -1.566848
    71 0.036020 0.082814 -0.692656 -1.570769 0.065989 0.001276
    72 -0.088586 0.054019 -0.088595 0.010231 0.033800 -1.560851
    73 0.120153 -0.050270 -0.054489 -2.854024 0.030688 -1.580508
    74 -0.139399 -0.111692 0.014400 0.285395 -0.031353 1.580313
    75 1.815922 -4.953960 0.956709 -1.247037 1.437608 -1.233843
    76 1.280673 -7.522364 1.257767 -1.247037 1.437608 -1.233843
    77 3.914122 -5.194223 1.336679 -1.102199 1.470090 -1.123171
    78 3.733238 -6.026484 1.177255 -1.247037 1.437608 -1.233843
    79 2.529998 -6.885617 2.012270 -2.480072 -1.444713 -3.771015
    80 3.371094 17.859375 -1.857422 -1.247037 1.437608 -1.233843
  time 40
    0 1.629157 0.000000 0.541027 0.000000 0.000000 -1.570796
    1 -0.799580 7.371505 -10.392379 6.016706 -0.795598 -4.659492
    2 -0.005512 -10.701926 -0.002571 0.116348 -0.273131 -0.009764
    3 -0.652832 -3.630859 -0.348633 -1.107361 -0.060909 -0.152581
    4 -0.013245 -1.508789 0.000002 -1.179837 0.000000 0.000000
    5 -0.000001 -0.953613 0.000000 -1.228718 0.000000 0.000000
    6 0.007988 0.172186 -0.118553 -1.598091 -0.216549 -1.570593
    7 0.080660 0.135929 -0.203919 -1.506824 -0.066185 -1.662786
    8 0.117288 -0.155554 -0.604544 -1.412988 -0.374558 -1.569222
    9 0.128052 -3.761719 -0.348633 -0.873865 -0.036146 -0.178589
    10 -0.010696 -1.571166 0.002820 -1.223438 0.000000 -0.000003
    11 0.000002 -1.163086 -0.000004 -1.567299 0.000000 0.000000
    12 -0.018589 0.129951 -0.123721 -1.294580 0.001302 -1.635383
    13 -0.006160 0.170065 -0.110169 -1.280084 -0.068681 -1.597215
    14 0.047100 -0.104074 -0.352264 -1.243368 -0.257298 -1.694346
    15 0.949219 -3.619141 -0.348633 -0.197224 0.000005 0.130897
    16 -0.015396 -1.600586 0.000000 -0.589916 0.000000 0.000000
    17 -0.002829 -0.941812 0.007065 -0.593400 0.000000 -0.000001
    18 -0.022325 0.045425 -0.038284 -1.125544 -0.129230 -1.681412
    19 -0.042901 -0.061274 -0.071212 -1.124462 -0.060454 -1.586099
    20 0.063741 -0.109104 -0.248158 -1.142813 -0.125805 -1.693583
    21 -1.403345 -3.249431 -0.342301 -1.174547 -0.118715 -0.146526
    22 0.013458 -1.203125 0.000002 -0.977387 0.000000 0.000000
    23 -0.020049 -0.793311 0.010091 -1.034950 0.000001 0.000004
    24 -0.011720 0.093267 0.017949 -1.687855 -0.079155 -1.575164
    25 0.048864 -0.085541 0.028626 -1.715605 -0.034569 -1.653190
    26 0.173918 -0.198414 -0.336163 -1.668104 -0.422317 -1.710956
    27 0.438974 -0.490226 0.392416 0.457988 -0.443923 -1.167613
    28 2.356265 0.010252 0.005009 -0.304005 -0.029854 -0.496318
    29 1.245306 0.004522 -0.006774 -0.000028 0.000034 -0.577668
    30 -0.267709 0.037512 -0.093907 2.913812 -0.143386 0.078467
    31 -0.029266 0.205410 -0.329287 2.788574 -0.255486 -0.188917
    32 0.204373 0.521055 -0.268577 2.886669 0.042206 -0.230367
    33 0.195697 -0.010059 -0.293538 -1.333586 0.150863 -1.672749
    34 1.257181 8.762590 -0.153713 -1.570562 0.002683 -1.566808
    35 -0.093500 -0.114213 -0.738866 -1.570842 0.061811 0.002096
    36 0.010843 0.093623 -0.081439 -3.141462 0.041719 -1.568236
    37 -0.778597 -1.602242 -8.317943 -2.646180 -0.162457 -1.151165
    38 0.104748 -10.673144 -0.005453 0.367987 -0.440009 0.342677
    39 0.549521 -3.646670 -0.341066 -1.207315 -0.041664 -0.022568
    40 0.017872 -1.503640 0.001040 -0.297304 0.000001 -0.000004
    41 0.008139 -0.928479 -0.008488 -1.201825 -0.000002 -0.000001
    42 0.006928 0.005327 -0.181358 -1.528500 -0.248579 -1.611362
    43 -0.052313 0.038588 -0.230758 -1.592493 -0.043415 -1.528515
    44 -0.232600 -0.209658 -0.420670 -1.713790 -0.167173 -1.438930
    45 -0.218280 -3.737618 -0.342176 -1.251345 -0.000005 -0.000032
    46 0.023707 -1.582373 0.010076 -0.359259 0.000787 0.000302
    47 0.004385 -1.168640 0.000250 -0.829042 0.000033 0.000030
    48 -0.038065 0.069166 -0.159882 -1.816986 0.066178 -1.575392
    49 -0.025151 0.088760 -0.068837 -1.817843 0.044510 -1.568287
    50 -0.102916 -0.186983 -0.272246 -1.833683 -0.232962 -1.472375
    51 -1.030272 -3.574231 -0.343160 -1.027897 0.000031 -0.000003
    52 0.001134 -1.610108 0.002371 -0.304331 0.000003 -0.000002
    53 0.005787 -0.949964 0.008323 -0.941042 0.000001 0.000001
    54 -0.004241 0.043707 -0.080202 -2.014997 -0.186996 -1.460723
    55 0.015383 -0.089136 -0.030009 -2.006083 0.036346 -1.568629
    56 -0.022610 -0.212358 -0.177904 -1.933161 -0.118801 -1.518895
    57 1.305107 -3.227547 -0.338302 -0.946237 -0.070456 -0.034590
    58 0.000596 -1.238418 0.006086 -0.880255 0.000004 0.000009
    59 0.007081 -0.774607 -0.004222 -1.271595 -0.000006 -0.000004
    60 -0.067138 0.063251 -0.010961 -0.899214 -0.014515 -1.600326
    61 -0.151180 -0.007395 -0.070065 -0.913061 -0.118819 -1.408558
    62 -0.178164 -0.244680 -0.357067 -1.159916 -0.384260 -1.556110
    63 -0.385010 -0.459229 0.383545 -0.129647 -0.511419 -2.796852
    64 2.468175 0.027427 0.005130 -0.100081 -0.030880 0.251328
    65 1.223420 0.013261 -0.005766 -0.000003 0.039198 0.300133
    66 -0.263408 -0.117640 -0.015657 0.000036 -0.082210 -0.026800
    67 0.007707 -0.334360 -0.191576 0.070788 -0.181563 0.282364
    68 0.225562 -0.567923 -0.420715 0.119895 -0.183798 0.223460
    69 -0.203683 -0.095654 -0.328304 -1.745077 0.075142 -1.515382
    70 -1.393460 8.839182 -0.239440 1.580804 -0.005024 -1.566848
    71 0.036020 0.082814 -0.692656 -1.570769 0.065989 0.001276
    72 -0.088586 0.054019 -0.088595 0.010231 0.033800 -1.560851
    73 0.120153 -0.050270 -0.054489 -2.854024 0.030688 -1.580508
    74 -0.139399 -0.111692 0.014400 0.285395 -0.031353 1.580313
    75 1.815922 -4.953960 0.956709 -1.247037 1.437608 -1.233843
    76 1.280673 -7.522364 1.257767 -1.247037 1.437608 -1.233843
    77 3.914122 -5.194223 1.336679 -1.102199 1.470090 -1.123171
    78 3.733238 -6.026484 1.177255 -1.247037 1.437608 -1.233843
    79 2.529998 -6.885617 2.012270 -2.449321 -1.449448 -3.802123
    80 3.371094 17.859375 -1.857422 -1.247037 1.437608 -1.233843
  time 41
    0 1.629157 0.000000 0.541027 0.000000 0.000000 -1.570796
    1 -1.092558 7.562917 -10.419724 6.023947 -0.853219 -4.670901
    2 -0.001605 -10.701926 -0.002571 0.132612 -0.249715 -0.030813
    3 -0.652832 -3.630859 -0.348633 -1.107361 -0.060909 -0.152581
    4 -0.013245 -1.508789 0.000002 -1.179837 0.000000 0.000000
    5 -0.000001 -0.953613 0.000000 -1.228718 0.000000 0.000000
    6 0.007988 0.172186 -0.118553 -1.598091 -0.216549 -1.570593
    7 0.080660 0.135929 -0.203919 -1.506824 -0.066185 -1.662786
    8 0.117288 -0.155554 -0.604544 -1.412988 -0.374558 -1.569222
    9 0.128052 -3.761719 -0.348633 -0.873865 -0.036146 -0.178589
    10 -0.010696 -1.563353 0.002820 -1.223362 0.000000 -0.000003
    11 0.000002 -1.163086 -0.000004 -1.567299 0.000000 0.000000
    12 -0.018589 0.129951 -0.123721 -1.294580 0.001302 -1.635383
    13 -0.006160 0.170065 -0.110169 -1.280084 -0.068681 -1.597215
    14 0.047100 -0.104074 -0.352264 -1.243368 -0.257298 -1.694346
    15 0.949219 -3.619141 -0.348633 -0.197224 0.000005 0.130897
    16 -0.015396 -1.600586 0.000000 -0.589916 0.000000 0.000000
    17 -0.002829 -0.941812 0.007065 -0.593400 0.000000 -0.000001
    18 -0.022325 0.045425 -0.038284 -1.125544 -0.129230 -1.681412
    19 -0.042901 -0.061274 -0.071212 -1.124462 -0.060454 -1.586099
    20 0.063741 -0.109104 -0.248158 -1.142813 -0.125805 -1.693583
    21 -1.403345 -3.245525 -0.338395 -1.174547 -0.118715 -0.146526
    22 0.013458 -1.203125 0.000002 -0.977387 0.000000 0.000000
    23 -0.020049 -0.797217 0.002278 -1.034950 0.000001 0.000004
    24 -0.011720 0.093267 0.017949 -1.687855 -0.079155 -1.575164
    25 0.048864 -0.085541 0.028626 -1.715605 -0.034569 -1.653190
    26 0.173918 -0.198414 -0.336163 -1.668104 -0.422317 -1.710956
    27 0.438974 -0.486320 0.396323 0.457988 -0.443911 -1.167613
    28 2.356265 0.010252 0.001103 -0.303993 -0.029854 -0.496318
    29 1.241400 0.004522 -0.006774 -0.000028 0.000034 -0.577668
    30 -0.267709 0.037512 -0.093907 2.913812 -0.143386 0.078467
    31 -0.029266 0.205410 -0.329287 2.788574 -0.255486 -0.188917
    32 0.204373 0.521055 -0.268577 2.886669 0.042206 -0.230367
    33 0.195697 -0.010059 -0.293538 -1.333586 0.150863 -1.672749
    34 1.257181 8.762590 -0.153713 -1.570562 0.002683 -1.566808
    35 -0.093500 -0.114213 -0.738866 -1.570842 0.061811 0.002096
    36 0.010843 0.093623 -0.081439 -3.141462 0.041719 -1.568236
    37 -0.528589 -2.696025 -9.196876 -2.644266 -0.157880 -1.151833
    38 0.104748 -10.673144 -0.009359 0.254454 -0.396389 0.342709
    39 0.553428 -3.646670 -0.341066 -1.311225 -0.041412 -0.022976
    40 0.021779 -1.503640 0.001040 -0.320036 0.000001 -0.000004
    41 0.008139 -0.928479 -0.008488 -1.151721 -0.000002 -0.000001
    42 0.006928 0.005327 -0.181358 -1.528500 -0.248579 -1.611362
    43 -0.052313 0.038588 -0.230758 -1.592493 -0.043415 -1.528515
    44 -0.232600 -0.209658 -0.420670 -1.713790 -0.167173 -1.438930
    45 -0.218280 -3.737618 -0.342176 -1.355285 -0.000005 -0.000032
    46 0.023707 -1.582373 0.010076 -0.360407 0.000643 0.000230
    47 0.004385 -1.168640 0.000250 -0.783041 0.000033 0.000030
    48 -0.038065 0.069166 -0.159882 -1.816986 0.066178 -1.575392
    49 -0.025151 0.088760 -0.068837 -1.817843 0.044510 -1.568287
    50 -0.102916 -0.186983 -0.272246 -1.833683 -0.232962 -1.472375
    51 -1.030272 -3.578138 -0.339254 -1.131938 0.000031 -0.000003
    52 0.001134 -1.606202 0.002371 -0.327092 0.000003 -0.000002
    53 0.009693 -0.949964 0.008323 -0.894697 0.000001 0.000001
    54 -0.004241 0.043707 -0.080202 -2.014997 -0.186996 -1.460723
    55 0.015383 -0.089136 -0.030009 -2.006083 0.036346 -1.568629
    56 -0.022610 -0.212358 -0.177904 -1.933161 -0.118801 -1.518895
    57 1.305107 -3.227547 -0.338302 -1.061146 -0.070012 -0.035229
    58 0.000596 -1.242324 0.006086 -0.966818 0.000004 0.000009
    59 0.007081 -0.774607 -0.004222 -1.234670 -0.000006 -0.000004
    60 -0.067138 0.063251 -0.010961 -0.899214 -0.014515 -1.600326
    61 -0.151180 -0.007395 -0.070065 -0.913061 -0.118819 -1.408558
    62 -0.178164 -0.244680 -0.357067 -1.159916 -0.384260 -1.556110
    63 -0.385010 -0.459229 0.383545 -0.129647 -0.511419 -2.796852
    64 2.468175 0.027427 0.005130 -0.100104 -0.030700 0.253019
    65 1.223420 0.013261 -0.005766 -0.000003 0.034361 0.300133
    66 -0.263408 -0.117640 -0.015657 0.000036 -0.082210 -0.026800
    67 0.007707 -0.334360 -0.191576 0.070788 -0.181563 0.282364
    68 0.225562 -0.567923 -0.420715 0.119895 -0.183798 0.223460
    69 -0.203683 -0.095654 -0.328304 -1.745077 0.075142 -1.515382
    70 -1.393460 8.839182 -0.239440 1.580804 -0.005024 -1.566848
    71 0.036020 0.082814 -0.692656 -1.570769 0.065989 0.001276
    72 -0.088586 0.054019 -0.088595 0.010231 0.033800 -1.560851
    73 0.120153 -0.050270 -0.054489 -2.854024 0.030688 -1.580508
    74 -0.139399 -0.111692 0.014400 0.285395 -0.031353 1.580313
    75 1.815922 -4.953960 0.956709 -1.247037 1.437608 -1.233843
    76 1.280673 -7.522364 1.257767 -1.247037 1.437608 -1.233843
    77 3.914122 -5.194223 1.336679 -1.102199 1.470090 -1.123171
    78 3.733238 -6.026484 1.177255 -1.247037 1.437608 -1.233843
    79 2.529998 -6.885617 2.008363 -2.405980 -1.455734 -3.845541
    80 3.371094 17.859375 -1.857422 -1.247037 1.437608 -1.233843
  time 42
    0 1.629157 0.000000 0.541027 0.000000 0.000000 -1.570796
    1 -1.401161 7.785580 -10.450975 6.032563 -0.912069 -4.683939
    2 -0.005512 -10.701926 -0.006478 0.155787 -0.218539 -0.056811
    3 -0.652832 -3.630859 -0.348633 -1.107361 -0.060909 -0.152581
    4 -0.013245 -1.508789 0.000002 -1.179837 0.000000 0.000000
    5 -0.000001 -0.953613 0.000000 -1.228718 0.000000 0.000000
    6 0.007988 0.172186 -0.118553 -1.598091 -0.216549 -1.570593
    7 0.080660 0.135929 -0.203919 -1.506824 -0.066185 -1.662786
    8 0.117288 -0.155554 -0.604544 -1.412988 -0.374558 -1.569222
    9 0.128052 -3.761719 -0.348633 -0.873865 -0.036146 -0.178589
    10 -0.002883 -1.567259 0.006726 -1.223362 0.000000 -0.000003
    11 0.000002 -1.163086 -0.000004 -1.567299 0.000000 0.000000
    12 -0.018589 0.129951 -0.123721 -1.294580 0.001302 -1.635383
    13 -0.006160 0.170065 -0.110169 -1.280084 -0.068681 -1.597215
    14 0.047100 -0.104074 -0.352264 -1.243368 -0.257298 -1.694346
    15 0.949219 -3.619141 -0.348633 -0.197224 0.000005 0.130897
    16 -0.015396 -1.600586 0.000000 -0.589916 0.000000 0.000000
    17 -0.006736 -0.941812 0.007065 -0.593382 0.000000 -0.000001
    18 -0.022325 0.045425 -0.038284 -1.125544 -0.129230 -1.681412
    19 -0.042901 -0.061274 -0.071212 -1.124462 -0.060454 -1.586099
    20 0.063741 -0.109104 -0.248158 -1.142813 -0.125805 -1.693583
    21 -1.403345 -3.245525 -0.342301 -1.174547 -0.118715 -0.146526
    22 0.013458 -1.203125 0.000002 -0.977387 0.000000 0.000000
    23 -0.020049 -0.797217 0.002278 -1.034950 0.000001 0.000004
    24 -0.011720 0.093267 0.017949 -1.687855 -0.079155 -1.575164
    25 0.048864 -0.085541 0.028626 -1.715605 -0.034569 -1.653190
    26 0.173918 -0.198414 -0.336163 -1.668104 -0.422317 -1.710956
    27 0.438974 -0.490226 0.396323 0.457988 -0.443911 -1.167613
    28 2.356265 0.010252 0.001103 -0.304005 -0.029854 -0.496318
    29 1.245306 0.004522 -0.010680 -0.000028 0.000034 -0.577668
    30 -0.267709 0.037512 -0.093907 2.913812 -0.143386 0.078467
    31 -0.029266 0.205410 -0.329287 2.788574 -0.255486 -0.188917
    32 0.204373 0.521055 -0.268577 2.886669 0.042206 -0.230367
    33 0.195697 -0.010059 -0.293538 -1.333586 0.150863 -1.672749
    34 1.257181 8.762590 -0.153713 -1.570562 0.002683 -1.566808
    35 -0.093500 -0.114213 -0.738866 -1.570842 0.061811 0.002096
    36 0.010843 0.093623 -0.081439 -3.141462 0.041719 -1.568236
    37 0.026115 -4.020284 -10.450821 -2.643979 -0.137985 -1.148017
    38 0.104748 -10.673144 -0.005453 0.149394 -0.355358 0.337503
    39 0.549521 -3.650577 -0.337160 -1.403505 -0.041232 -0.023431
    40 0.021779 -1.503640 0.001040 -0.342181 0.000001 -0.000004
    41 0.008139 -0.928479 -0.004582 -1.099154 -0.000002 -0.000001
    42 0.006928 0.005327 -0.181358 -1.528500 -0.248579 -1.611362
    43 -0.052313 0.038588 -0.230758 -1.592493 -0.043415 -1.528515
    44 -0.232600 -0.209658 -0.420670 -1.713790 -0.167173 -1.438930
    45 -0.222187 -3.737618 -0.342176 -1.447514 -0.000005 -0.000032
    46 0.023707 -1.586280 0.010076 -0.360981 0.000499 0.000195
    47 0.000478 -1.172547 0.000250 -0.734791 0.000033 0.000030
    48 -0.038065 0.069166 -0.159882 -1.816986 0.066178 -1.575392
    49 -0.025151 0.088760 -0.068837 -1.817843 0.044510 -1.568287
    50 -0.102916 -0.186983 -0.272246 -1.833683 -0.232962 -1.472375
    51 -1.034178 -3.582044 -0.339254 -1.224104 0.000031 -0.000003
    52 0.001134 -1.610108 0.002371 -0.349043 0.000003 -0.000002
    53 0.009693 -0.949964 0.008323 -0.846467 0.000001 0.000001
    54 -0.004241 0.043707 -0.080202 -2.014997 -0.186996 -1.460723
    55 0.015383 -0.089136 -0.030009 -2.006083 0.036346 -1.568629
    56 -0.022610 -0.212358 -0.177904 -1.933161 -0.118801 -1.518895
    57 1.305107 -3.227547 -0.338302 -1.164397 -0.069701 -0.036003
    58 0.000596 -1.238418 0.006086 -1.044571 0.000004 0.000009
    59 0.007081 -0.774607 -0.004222 -1.196262 -0.000006 -0.000004
    60 -0.067138 0.063251 -0.010961 -0.899214 -0.014515 -1.600326
    61 -0.151180 -0.007395 -0.070065 -0.913061 -0.118819 -1.408558
    62 -0.178164 -0.244680 -0.357067 -1.159916 -0.384260 -1.556110
    63 -0.385010 -0.459229 0.383545 -0.129647 -0.511419 -2.796852
    64 2.468175 0.027427 0.005130 -0.100164 -0.030508 0.254841
    65 1.223420 0.013261 -0.005766 -0.000003 0.029250 0.300133
    66 -0.263408 -0.117640 -0.015657 0.000036 -0.082210 -0.026800
    67 0.007707 -0.334360 -0.191576 0.070788 -0.181563 0.282364
    68 0.225562 -0.567923 -0.420715 0.119895 -0.183798 0.223460
    69 -0.203683 -0.095654 -0.328304 -1.745077 0.075142 -1.515382
    70 -1.393460 8.839182 -0.239440 1.580804 -0.005024 -1.566848
    71 0.036020 0.082814 -0.692656 -1.570769 0.065989 0.001276
    72 -0.088586 0.054019 -0.088595 0.010231 0.033800 -1.560851
    73 0.120153 -0.050270 -0.054489 -2.854024 0.030688 -1.580508
    74 -0.139399 -0.111692 0.014400 0.285395 -0.031353 1.580313
    75 1.815922 -4.953960 0.956709 -1.247037 1.437608 -1.233843
    76 1.280673 -7.522364 1.257767 -1.247037 1.437608 -1.233843
    77 3.914122 -5.194223 1.336679 -1.102199 1.470090 -1.123171
    78 3.733238 -6.026484 1.177255 -1.247037 1.437608 -1.233843
    79 2.529998 -6.885617 2.012270 -2.347683 -1.462708 -3.904417
    80 3.371094 17.859375 -1.857422 -1.247037 1.437608 -1.233843
  time 43
    0 1.629157 0.000000 0.541027 0.000000 0.000000 -1.570796
    1 -1.717577 8.019962 -10.478319 6.042829 -0.970919 -4.698128
    2 -0.001605 -10.694113 -0.006478 0.183503 -0.181415 -0.085628
    3 -0.652832 -3.630859 -0.348633 -1.107361 -0.060909 -0.152581
    4 -0.013245 -1.508789 0.000002 -1.179837 0.000000 0.000000
    5 -0.000001 -0.953613 0.000000 -1.228718 0.000000 0.000000
    6 0.007988 0.172186 -0.118553 -1.598091 -0.216549 -1.570593
    7 0.080660 0.135929 -0.203919 -1.506824 -0.066185 -1.662786
    8 0.117288 -0.155554 -0.604544 -1.412988 -0.374558 -1.569222
    9 0.128052 -3.761719 -0.348633 -0.873865 -0.036146 -0.178589
    10 -0.010696 -1.563353 0.006726 -1.223362 0.000000 -0.000003
    11 0.000002 -1.163086 -0.000004 -1.567299 0.000000 0.000000
    12 -0.018589 0.129951 -0.123721 -1.294580 0.001302 -1.635383
    13 -0.006160 0.170065 -0.110169 -1.280084 -0.068681 -1.597215
    14 0.047100 -0.104074 -0.352264 -1.243368 -0.257298 -1.694346
    15 0.949219 -3.619141 -0.348633 -0.197224 0.000005 0.130897
    16 -0.015396 -1.600586 0.000000 -0.589916 0.000000 0.000000
    17 -0.002829 -0.941812 0.010971 -0.593400 0.000000 -0.000001
    18 -0.022325 0.045425 -0.038284 -1.125544 -0.129230 -1.681412
    19 -0.042901 -0.061274 -0.071212 -1.124462 -0.060454 -1.586099
    20 0.063741 -0.109104 -0.248158 -1.142813 -0.125805 -1.693583
    21 -1.403345 -3.241619 -0.342301 -1.174547 -0.118715 -0.146526
    22 0.013458 -1.203125 0.000002 -0.977387 0.000000 0.000000
    23 -0.020049 -0.797217 0.006185 -1.034950 0.000001 0.000004
    24 -0.011720 0.093267 0.017949 -1.687855 -0.079155 -1.575164
    25 0.048864 -0.085541 0.028626 -1.715605 -0.034569 -1.653190
    26 0.173918 -0.198414 -0.336163 -1.668104 -0.422317 -1.710956
    27 0.438974 -0.490226 0.392416 0.457988 -0.443923 -1.167613
    28 2.352359 0.010252 0.001103 -0.304005 -0.029854 -0.496318
    29 1.241400 0.004522 -0.006774 -0.000028 0.000034 -0.577668
    30 -0.267709 0.037512 -0.093907 2.913812 -0.143386 0.078467
    31 -0.029266 0.205410 -0.329287 2.788574 -0.255486 -0.188917
    32 0.204373 0.521055 -0.268577 2.886669 0.042206 -0.230367
    33 0.195697 -0.010059 -0.293538 -1.333586 0.150863 -1.672749
    34 1.257181 8.762590 -0.153713 -1.570562 0.002683 -1.566808
    35 -0.093500 -0.114213 -0.738866 -1.570842 0.061811 0.002096
    36 0.010843 0.093623 -0.081439 -3.141462 0.041719 -1.568236
    37 0.799576 -5.305480 -11.810237 -2.645606 -0.100199 -1.138667
    38 0.104748 -10.673144 -0.009359 0.055022 -0.318257 0.328407
    39 0.545615 -3.650577 -0.337160 -1.479808 -0.041100 -0.024006
    40 0.017872 -1.507546 0.001040 -0.362936 0.000001 -0.000004
    41 0.004232 -0.928479 -0.004582 -1.044409 -0.000002 -0.000001
    42 0.006928 0.005327 -0.181358 -1.528500 -0.248579 -1.611362
    43 -0.052313 0.038588 -0.230758 -1.592493 -0.043415 -1.528515
    44 -0.232600 -0.209658 -0.420670 -1.713790 -0.167173 -1.438930
    45 -0.222187 -3.737618 -0.342176 -1.523896 -0.000005 -0.000032
    46 0.023707 -1.578467 0.010076 -0.361077 0.000343 0.000135
    47 0.000478 -1.172547 0.000250 -0.684949 0.000033 0.000030
    48 -0.038065 0.069166 -0.159882 -1.816986 0.066178 -1.575392
    49 -0.025151 0.088760 -0.068837 -1.817843 0.044510 -1.568287
    50 -0.102916 -0.186983 -0.272246 -1.833683 -0.232962 -1.472375
    51 -1.034178 -3.578138 -0.339254 -1.300528 0.000031 -0.000003
    52 0.001134 -1.610108 0.006277 -0.369899 0.000003 -0.000002
    53 0.009693 -0.949964 0.008323 -0.796835 0.000001 0.000001
    54 -0.004241 0.043707 -0.080202 -2.014997 -0.186996 -1.460723
    55 0.015383 -0.089136 -0.030009 -2.006083 0.036346 -1.568629
    56 -0.022610 -0.212358 -0.177904 -1.933161 -0.118801 -1.518895
    57 1.305107 -3.227547 -0.338302 -1.250839 -0.069521 -0.037012
    58 0.000596 -1.238418 0.006086 -1.110106 0.000004 0.000009
    59 0.007081 -0.778514 -0.000316 -1.156183 -0.000006 -0.000004
    60 -0.067138 0.063251 -0.010961 -0.899214 -0.014515 -1.600326
    61 -0.151180 -0.007395 -0.070065 -0.913061 -0.118819 -1.408558
    62 -0.178164 -0.244680 -0.357067 -1.159916 -0.384260 -1.556110
    63 -0.385010 -0.459229 0.383545 -0.129647 -0.511419 -2.796852
    64 2.464269 0.027427 0.005130 -0.100224 -0.030329 0.256619
    65 1.223420 0.013261 -0.005766 -0.000003 0.023893 0.300160
    66 -0.263408 -0.117640 -0.015657 0.000036 -0.082210 -0.026800
    67 0.007707 -0.334360 -0.191576 0.070788 -0.181563 0.282364
    68 0.225562 -0.567923 -0.420715 0.119895 -0.183798 0.223460
    69 -0.203683 -0.095654 -0.328304 -1.745077 0.075142 -1.515382
    70 -1.393460 8.839182 -0.239440 1.580804 -0.005024 -1.566848
    71 0.036020 0.082814 -0.692656 -1.570769 0.065989 0.001276
    72 -0.088586 0.054019 -0.088595 0.010231 0.033800 -1.560851
    73 0.120153 -0.050270 -0.054489 -2.854024 0.030688 -1.580508
    74 -0.139399 -0.111692 0.014400 0.285395 -0.031353 1.580313
    75 1.815922 -4.953960 0.956709 -1.247037 1.437608 -1.233843
    76 1.280673 -7.522364 1.257767 -1.247037 1.437608 -1.233843
    77 3.914122 -5.194223 1.336679 -1.102199 1.470090 -1.123171
    78 3.733238 -6.026484 1.177255 -1.247037 1.437608 -1.233843
    79 2.533905 -6.881710 2.008363 -2.268021 -1.470457 -3.984764
    80 3.371094 17.859375 -1.857422 -1.247037 1.437608 -1.233843
  time 44
    0 1.629157 0.000000 0.541027 0.000000 0.000000 -1.570796
    1 -2.033993 8.258251 -10.509570 6.054653 -1.028847 1.568828
    2 -0.005512 -10.701926 -0.002571 0.213539 -0.140326 -0.115155
    3 -0.652832 -3.630859 -0.348633 -1.107361 -0.060909 -0.152581
    4 -0.013245 -1.508789 0.000002 -1.179837 0.000000 0.000000
    5 -0.000001 -0.953613 0.000000 -1.228718 0.000000 0.000000
    6 0.007988 0.172186 -0.118553 -1.598091 -0.216549 -1.570593
    7 0.080660 0.135929 -0.203919 -1.506824 -0.066185 -1.662786
    8 0.117288 -0.155554 -0.604544 -1.412988 -0.374558 -1.569222
    9 0.128052 -3.761719 -0.348633 -0.873865 -0.036146 -0.178589
    10 -0.010696 -1.567259 0.006726 -1.223362 0.000000 -0.000003
    11 0.000002 -1.163086 -0.000004 -1.567299 0.000000 0.000000
    12 -0.018589 0.129951 -0.123721 -1.294580 0.001302 -1.635383
    13 -0.006160 0.170065 -0.110169 -1.280084 -0.068681 -1.597215
    14 0.047100 -0.104074 -0.352264 -1.243368 -0.257298 -1.694346
    15 0.949219 -3.619141 -0.348633 -0.197224 0.000005 0.130897
    16 -0.015396 -1.600586 0.000000 -0.589916 0.000000 0.000000
    17 -0.006736 -0.941812 0.007065 -0.593382 0.000000 -0.000001
    18 -0.022325 0.045425 -0.038284 -1.125544 -0.129230 -1.681412
    19 -0.042901 -0.061274 -0.071212 -1.124462 -0.060454 -1.586099
    20 0.063741 -0.109104 -0.248158 -1.142813 -0.125805 -1.693583
    21 -1.403345 -3.249431 -0.346207 -1.174547 -0.118715 -0.146526
    22 0.013458 -1.203125 0.000002 -0.977387 0.000000 0.000000
    23 -0.020049 -0.801124 0.002278 -1.034950 0.000001 0.000004
    24 -0.011720 0.093267 0.017949 -1.687855 -0.079155 -1.575164
    25 0.048864 -0.085541 0.028626 -1.715605 -0.034569 -1.653190
    26 0.173918 -0.198414 -0.336163 -1.668104 -0.422317 -1.710956
    27 0.446787 -0.494133 0.388510 0.457988 -0.443923 -1.167613
    28 2.356265 0.010252 0.005009 -0.304005 -0.029854 -0.496318
    29 1.245306 0.004522 -0.010680 -0.000028 0.000034 -0.577668
    30 -0.267709 0.037512 -0.093907 2.913812 -0.143386 0.078467
    31 -0.029266 0.205410 -0.329287 2.788574 -0.255486 -0.188917
    32 0.204373 0.521055 -0.268577 2.886669 0.042206 -0.230367
    33 0.195697 -0.010059 -0.293538 -1.333586 0.150863 -1.672749
    34 1.257181 8.762590 -0.153713 -1.570562 0.002683 -1.566808
    35 -0.093500 -0.114213 -0.738866 -1.570842 0.061811 0.002096
    36 0.010843 0.093623 -0.081439 -3.141462 0.041719 -1.568236
    37 1.674603 -6.266447 -12.966523 -2.648860 -0.041723 -1.122925
    38 0.104748 -10.673144 -0.009359 -0.026098 -0.286501 0.316997
    39 0.549521 -3.646670 -0.341066 -1.535789 -0.041065 -0.024654
    40 0.021779 -1.507546 0.001040 -0.381838 0.000001 -0.000004
    41 0.008139 -0.928479 -0.008488 -0.987959 -0.000002 -0.000001
    42 0.006928 0.005327 -0.181358 -1.528500 -0.248579 -1.611362
    43 -0.052313 0.038588 -0.230758 -1.592493 -0.043415 -1.528515
    44 -0.232600 -0.209658 -0.420670 -1.713790 -0.167173 -1.438930
    45 -0.218280 -3.737618 -0.342176 -1.580061 -0.000005 -0.000032
    46 0.023707 -1.582373 0.010076 -0.360790 0.000223 0.000075
    47 0.004385 -1.172547 0.000250 -0.634357 0.000033 0.000030
    48 -0.038065 0.069166 -0.159882 -1.816986 0.066178 -1.575392
    49 -0.025151 0.088760 -0.068837 -1.817843 0.044510 -1.568287
    50 -0.102916 -0.186983 -0.272246 -1.833683 -0.232962 -1.472375
    51 -1.030272 -3.578138 -0.339254 -1.356634 0.000031 -0.000003
    52 0.001134 -1.610108 0.006277 -0.388898 0.000003 -0.000002
    53 0.009693 -0.949964 0.008323 -0.746017 0.000001 0.000001
    54 -0.004241 0.043707 -0.080202 -2.014997 -0.186996 -1.460723
    55 0.015383 -0.089136 -0.030009 -2.006083 0.036346 -1.568629
    56 -0.022610 -0.212358 -0.177904 -1.933161 -0.118801 -1.518895
    57 1.305107 -3.227547 -0.338302 -1.315215 -0.069449 -0.038105
    58 0.000596 -1.238418 0.002180 -1.159933 0.000004 0.000009
    59 0.007081 -0.774607 -0.000316 -1.115177 -0.000006 -0.000004
    60 -0.067138 0.063251 -0.010961 -0.899214 -0.014515 -1.600326
    61 -0.151180 -0.007395 -0.070065 -0.913061 -0.118819 -1.408558
    62 -0.178164 -0.244680 -0.357067 -1.159916 -0.384260 -1.556110
    63 -0.385010 -0.459229 0.383545 -0.129647 -0.511419 -2.796852
    64 2.468175 0.027427 0.005130 -0.100284 -0.030149 0.258614
    65 1.219513 0.013261 -0.005766 -0.000003 0.018291 0.300133
    66 -0.263408 -0.117640 -0.015657 0.000036 -0.082210 -0.026800
    67 0.007707 -0.334360 -0.191576 0.070788 -0.181563 0.282364
    68 0.225562 -0.567923 -0.420715 0.119895 -0.183798 0.223460
    69 -0.203683 -0.095654 -0.328304 -1.745077 0.075142 -1.515382
    70 -1.393460 8.839182 -0.239440 1.580804 -0.005024 -1.566848
    71 0.036020 0.082814 -0.692656 -1.570769 0.065989 0.001276
    72 -0.088586 0.054019 -0.088595 0.010231 0.033800 -1.560851
    73 0.120153 -0.050270 -0.054489 -2.854024 0.030688 -1.580508
    74 -0.139399 -0.111692 0.014400 0.285395 -0.031353 1.580313
    75 1.815922 -4.953960 0.956709 -1.247037 1.437608 -1.233843
    76 1.280673 -7.522364 1.257767 -1.247037 1.437608 -1.233843
    77 3.914122 -5.194223 1.336679 -1.102199 1.470090 -1.123171
    78 3.733238 -6.026484 1.177255 -1.247037 1.437608 -1.233843
    79 2.533905 -6.885617 2.008363 -2.157761 -1.478637 -4.095455
    80 3.371094 17.859375 -1.857422 -1.247037 1.437608 -1.233843
  time 45
    0 1.629157 0.000000 0.541027 0.000000 0.000000 -1.570796
    1 -2.342596 8.496539 -10.540821 6.068127 -1.084318 1.551475
    2 -0.005512 -10.698019 -0.002571 0.243945 -0.097185 -0.143784
    3 -0.652832 -3.630859 -0.348633 -1.107361 -0.060909 -0.152581
    4 -0.013245 -1.508789 0.000002 -1.179837 0.000000 0.000000
    5 -0.000001 -0.953613 0.000000 -1.228718 0.000000 0.000000
    6 0.007988 0.172186 -0.118553 -1.598091 -0.216549 -1.570593
    7 0.080660 0.135929 -0.203919 -1.506824 -0.066185 -1.662786
    8 0.117288 -0.155554 -0.604544 -1.412988 -0.374558 -1.569222
    9 0.128052 -3.761719 -0.348633 -0.873865 -0.036146 -0.178589
    10 -0.010696 -1.571166 0.002820 -1.223400 0.000000 -0.000003
    11 0.000002 -1.163086 -0.000004 -1.567299 0.000000 0.000000
    12 -0.018589 0.129951 -0.123721 -1.294580 0.001302 -1.635383
    13 -0.006160 0.170065 -0.110169 -1.280084 -0.068681 -1.597215
    14 0.047100 -0.104074 -0.352264 -1.243368 -0.257298 -1.694346
    15 0.949219 -3.619141 -0.348633 -0.197224 0.000005 0.130897
    16 -0.015396 -1.600586 0.000000 -0.589916 0.000000 0.000000
    17 -0.002829 -0.937906 0.007065 -0.593400 0.000000 -0.000001
    18 -0.022325 0.045425 -0.038284 -1.125544 -0.129230 -1.681412
    19 -0.042901 -0.061274 -0.071212 -1.124462 -0.060454 -1.586099
    20 0.063741 -0.109104 -0.248158 -1.142813 -0.125805 -1.693583
    21 -1.407252 -3.245525 -0.342301 -1.174547 -0.118715 -0.146526
    22 0.013458 -1.203125 0.000002 -0.977387 0.000000 0.000000
    23 -0.020049 -0.793311 0.010091 -1.034950 0.000001 0.000004
    24 -0.011720 0.093267 0.017949 -1.687855 -0.079155 -1.575164
    25 0.048864 -0.085541 0.028626 -1.715605 -0.034569 -1.653190
    26 0.173918 -0.198414 -0.336163 -1.668104 -0.422317 -1.710956
    27 0.438974 -0.490226 0.396323 0.457988 -0.443911 -1.167613
    28 2.356265 0.010252 0.005009 -0.304005 -0.029854 -0.496318
    29 1.245306 0.004522 -0.002867 -0.000028 0.000034 -0.577668
    30 -0.267709 0.037512 -0.093907 2.913812 -0.143386 0.078467
    31 -0.029266 0.205410 -0.329287 2.788574 -0.255486 -0.188917
    32 0.204373 0.521055 -0.268577 2.886669 0.042206 -0.230367
    33 0.195697 -0.010059 -0.293538 -1.333586 0.150863 -1.672749
    34 1.257181 8.762590 -0.153713 -1.570562 0.002683 -1.566808
    35 -0.093500 -0.114213 -0.738866 -1.570842 0.061811 0.002096
    36 0.010843 0.093623 -0.081439 -3.141462 0.041719 -1.568236
    37 2.580881 -6.582863 -13.642325 -2.652880 0.040090 -1.100505
    38 0.100841 -10.673144 -0.009359 -0.091272 -0.260832 0.305073
    39 0.545615 -3.642764 -0.341066 -1.567487 -0.041053 -0.025361
    40 0.021779 -1.507546 0.001040 -0.398362 0.000001 -0.000004
    41 0.008139 -0.932386 -0.008488 -0.930562 -0.000002 -0.000001
    42 0.006928 0.005327 -0.181358 -1.528500 -0.248579 -1.611362
    43 -0.052313 0.038588 -0.230758 -1.592493 -0.043415 -1.528515
    44 -0.232600 -0.209658 -0.420670 -1.713790 -0.167173 -1.438930
    45 -0.222187 -3.733712 -0.342176 -1.611639 -0.000005 -0.000032
    46 0.023707 -1.586280 0.006169 -0.359546 0.000103 0.000027
    47 0.000478 -1.168640 0.000250 -0.583203 0.000033 0.000030
    48 -0.038065 0.069166 -0.159882 -1.816986 0.066178 -1.575392
    49 -0.025151 0.088760 -0.068837 -1.817843 0.044510 -1.568287
    50 -0.102916 -0.186983 -0.272246 -1.833683 -0.232962 -1.472375
    51 -1.034178 -3.574231 -0.343160 -1.388282 0.000031 -0.000003
    52 0.001134 -1.610108 0.002371 -0.405421 0.000003 -0.000002
    53 0.009693 -0.949964 0.004417 -0.694930 0.000001 0.000001
    54 -0.004241 0.043707 -0.080202 -2.014997 -0.186996 -1.460723
    55 0.015383 -0.089136 -0.030009 -2.006083 0.036346 -1.568629
    56 -0.022610 -0.212358 -0.177904 -1.933161 -0.118801 -1.518895
    57 1.305107 -3.227547 -0.338302 -1.352113 -0.069449 -0.039333
    58 0.000596 -1.242324 0.006086 -1.190685 0.000004 0.000009
    59 0.007081 -0.774607 -0.000316 -1.073429 -0.000006 -0.000004
    60 -0.067138 0.063251 -0.010961 -0.899214 -0.014515 -1.600326
    61 -0.151180 -0.007395 -0.070065 -0.913061 -0.118819 -1.408558
    62 -0.178164 -0.244680 -0.357067 -1.159916 -0.384260 -1.556110
    63 -0.385010 -0.459229 0.383545 -0.129647 -0.511419 -2.796852
    64 2.472082 0.027427 0.005130 -0.100344 -0.029921 0.260695
    65 1.219513 0.013261 -0.005766 -0.000003 0.012429 0.300133
    66 -0.263408 -0.117640 -0.015657 0.000036 -0.082210 -0.026800
    67 0.007707 -0.334360 -0.191576 0.070788 -0.181563 0.282364
    68 0.225562 -0.567923 -0.420715 0.119895 -0.183798 0.223460
    69 -0.203683 -0.095654 -0.328304 -1.745077 0.075142 -1.515382
    70 -1.393460 8.839182 -0.239440 1.580804 -0.005024 -1.566848
    71 0.036020 0.082814 -0.692656 -1.570769 0.065989 0.001276
    72 -0.088586 0.054019 -0.088595 0.010231 0.033800 -1.560851
    73 0.120153 -0.050270 -0.054489 -2.854024 0.030688 -1.580508
    74 -0.139399 -0.111692 0.014400 0.285395 -0.031353 1.580313
    75 1.815922 -4.953960 0.956709 -1.247037 1.437608 -1.233843
    76 1.280673 -7.522364 1.257767 -1.247037 1.437608 -1.233843
    77 3.914122 -5.194223 1.336679 -1.102199 1.470090 -1.123171
    78 3.733238 -6.026484 1.177255 -1.247037 1.437608 -1.233843
    79 2.529998 -6.885617 2.012270 -1.917706 -1.489572 -4.336782
    80 3.371094 17.859375 -1.857422 -1.247037 1.437608 -1.233843
  time 46
    0 1.629157 0.000000 0.541027 0.000000 0.000000 -1.570796
    1 -2.631667 8.727015 -10.572072 6.083159 -1.136322 1.533260
    2 -0.005512 -10.694113 -0.002571 0.273240 -0.054421 -0.169991
    3 -0.652832 -3.630859 -0.348633 -1.107361 -0.060909 -0.152581
    4 -0.013245 -1.508789 0.000002 -1.179837 0.000000 0.000000
    5 -0.000001 -0.953613 0.000000 -1.228718 0.000000 0.000000
    6 0.007988 0.172186 -0.118553 -1.598091 -0.216549 -1.570593
    7 0.080660 0.135929 -0.203919 -1.506824 -0.066185 -1.662786
    8 0.117288 -0.155554 -0.604544 -1.412988 -0.374558 -1.569222
    9 0.128052 -3.761719 -0.348633 -0.873865 -0.036146 -0.178589
    10 -0.002883 -1.567259 0.010633 -1.223362 0.000000 -0.000003
    11 0.000002 -1.163086 -0.000004 -1.567299 0.000000 0.000000
    12 -0.018589 0.129951 -0.123721 -1.294580 0.001302 -1.635383
    13 -0.006160 0.170065 -0.110169 -1.280084 -0.068681 -1.597215
    14 0.047100 -0.104074 -0.352264 -1.243368 -0.257298 -1.694346
    15 0.949219 -3.619141 -0.348633 -0.197224 0.000005 0.130897
    16 -0.015396 -1.600586 0.000000 -0.589916 0.000000 0.000000
    17 -0.006736 -0.941812 0.007065 -0.593400 0.000000 -0.000001
    18 -0.022325 0.045425 -0.038284 -1.125544 -0.129230 -1.681412
    19 -0.042901 -0.061274 -0.071212 -1.124462 -0.060454 -1.586099
    20 0.063741 -0.109104 -0.248158 -1.142813 -0.125805 -1.693583
    21 -1.403345 -3.241619 -0.342301 -1.174547 -0.118715 -0.146526
    22 0.013458 -1.203125 0.000002 -0.977387 0.000000 0.000000
    23 -0.020049 -0.797217 0.002278 -1.034950 0.000001 0.000004
    24 -0.011720 0.093267 0.017949 -1.687855 -0.079155 -1.575164
    25 0.048864 -0.085541 0.028626 -1.715605 -0.034569 -1.653190
    26 0.173918 -0.198414 -0.336163 -1.668104 -0.422317 -1.710956
    27 0.446787 -0.486320 0.392416 0.457988 -0.443923 -1.167613
    28 2.352359 0.010252 0.005009 -0.304005 -0.029854 -0.496318
    29 1.245306 0.004522 -0.002867 -0.000028 0.000034 -0.577668
    30 -0.267709 0.037512 -0.093907 2.913812 -0.143386 0.078467
    31 -0.029266 0.205410 -0.329287 2.788574 -0.255486 -0.188917
    32 0.204373 0.521055 -0.268577 2.886669 0.042206 -0.230367
    33 0.195697 -0.010059 -0.293538 -1.333586 0.150863 -1.672749
    34 1.257181 8.762590 -0.153713 -1.570562 0.002683 -1.566808
    35 -0.093500 -0.114213 -0.738866 -1.570842 0.061811 0.002096
    36 0.010843 0.093623 -0.081439 -3.141462 0.041719 -1.568236
    37 3.569192 -5.969563 -13.673576 -2.642926 0.476917 -1.007199
    38 0.104748 -10.673144 -0.009359 -0.137893 -0.242090 0.294274
    39 0.553428 -3.646670 -0.341066 -1.570171 -0.041053 -0.026116
    40 0.021779 -1.503640 0.001040 -0.411829 0.000001 -0.000004
    41 0.004232 -0.932386 -0.008488 -0.872407 -0.000002 -0.000001
    42 0.006928 0.005327 -0.181358 -1.528500 -0.248579 -1.611362
    43 -0.052313 0.038588 -0.230758 -1.592493 -0.043415 -1.528515
    44 -0.232600 -0.209658 -0.420670 -1.713790 -0.167173 -1.438930
    45 -0.214374 -3.741524 -0.346082 -1.614436 -0.000005 -0.000032
    46 0.023707 -1.586280 0.006169 -0.357728 0.000031 -0.000009
    47 0.004385 -1.176453 0.000250 -0.532049 0.000033 0.000030
    48 -0.038065 0.069166 -0.159882 -1.816986 0.066178 -1.575392
    49 -0.025151 0.088760 -0.068837 -1.817843 0.044510 -1.568287
    50 -0.102916 -0.186983 -0.272246 -1.833683 -0.232962 -1.472375
    51 -1.026365 -3.578138 -0.339254 -1.390951 0.000031 -0.000003
    52 0.001134 -1.606202 0.006277 -0.418801 0.000003 -0.000002
    53 0.009693 -0.949964 0.004417 -0.643897 0.000001 0.000001
    54 -0.004241 0.043707 -0.080202 -2.014997 -0.186996 -1.460723
    55 0.015383 -0.089136 -0.030009 -2.006083 0.036346 -1.568629
    56 -0.022610 -0.212358 -0.177904 -1.933161 -0.118801 -1.518895
    57 1.309013 -3.227547 -0.338302 -1.356381 -0.069497 -0.040662
    58 0.000596 -1.238418 0.006086 -1.199038 0.000004 0.000009
    59 0.007081 -0.778514 -0.004222 -1.031402 -0.000006 -0.000004
    60 -0.067138 0.063251 -0.010961 -0.899214 -0.014515 -1.600326
    61 -0.151180 -0.007395 -0.070065 -0.913061 -0.118819 -1.408558
    62 -0.178164 -0.244680 -0.357067 -1.159916 -0.384260 -1.556110
    63 -0.385010 -0.459229 0.383545 -0.129647 -0.511419 -2.796852
    64 2.472082 0.027427 0.009037 -0.100416 -0.029705 0.262821
    65 1.223420 0.013261 -0.005766 -0.000003 0.006336 0.300133
    66 -0.263408 -0.117640 -0.015657 0.000036 -0.082210 -0.026800
    67 0.007707 -0.334360 -0.191576 0.070788 -0.181563 0.282364
    68 0.225562 -0.567923 -0.420715 0.119895 -0.183798 0.223460
    69 -0.203683 -0.095654 -0.328304 -1.745077 0.075142 -1.515382
    70 -1.393460 8.839182 -0.239440 1.580804 -0.005024 -1.566848
    71 0.036020 0.082814 -0.692656 -1.570769 0.065989 0.001276
    72 -0.088586 0.054019 -0.088595 0.010231 0.033800 -1.560851
    73 0.120153 -0.050270 -0.054489 -2.854024 0.030688 -1.580508
    74 -0.139399 -0.111692 0.014400 0.285395 -0.031353 1.580313
    75 1.815922 -4.953960 0.956709 -1.247037 1.437608 -1.233843
    76 1.280673 -7.522364 1.257767 -1.247037 1.437608 -1.233843
    77 3.914122 -5.194223 1.336679 -1.102199 1.470090 -1.123171
    78 3.733238 -6.026484 1.177255 -1.247037 1.437608 -1.233843
    79 2.537811 -6.877804 2.023989 -1.417147 -1.494049 -4.839474
    80 3.371094 17.859375 -1.857422 -1.247037 1.437608 -1.233843
  time 47
    0 1.629157 0.000000 0.541027 0.000000 0.000000 -1.570796
    1 -2.901207 8.934052 -10.603323 6.099016 -1.183630 1.514182
    2 -0.001605 -10.698019 -0.002571 0.299994 -0.014460 -0.192877
    3 -0.652832 -3.630859 -0.348633 -1.107361 -0.060909 -0.152581
    4 -0.013245 -1.508789 0.000002 -1.179837 0.000000 0.000000
    5 -0.000001 -0.953613 0.000000 -1.228718 0.000000 0.000000
    6 0.007988 0.172186 -0.118553 -1.598091 -0.216549 -1.570593
    7 0.080660 0.135929 -0.203919 -1.506824 -0.066185 -1.662786
    8 0.117288 -0.155554 -0.604544 -1.412988 -0.374558 -1.569222
    9 0.128052 -3.761719 -0.348633 -0.873865 -0.036146 -0.178589
    10 -0.006790 -1.563353 0.010633 -1.223438 0.000000 -0.000003
    11 0.000002 -1.163086 -0.000004 -1.567299 0.000000 0.000000
    12 -0.018589 0.129951 -0.123721 -1.294580 0.001302 -1.635383
    13 -0.006160 0.170065 -0.110169 -1.280084 -0.068681 -1.597215
    14 0.047100 -0.104074 -0.352264 -1.243368 -0.257298 -1.694346
    15 0.949219 -3.619141 -0.348633 -0.197224 0.000005 0.130897
    16 -0.015396 -1.600586 0.000000 -0.589916 0.000000 0.000000
    17 -0.006736 -0.941812 0.007065 -0.593400 0.000000 -0.000001
    18 -0.022325 0.045425 -0.038284 -1.125544 -0.129230 -1.681412
    19 -0.042901 -0.061274 -0.071212 -1.124462 -0.060454 -1.586099
    20 0.063741 -0.109104 -0.248158 -1.142813 -0.125805 -1.693583
    21 -1.403345 -3.241619 -0.338395 -1.174547 -0.118715 -0.146526
    22 0.013458 -1.203125 0.000002 -0.977387 0.000000 0.000000
    23 -0.020049 -0.797217 0.010091 -1.034950 0.000001 0.000004
    24 -0.011720 0.093267 0.017949 -1.687855 -0.079155 -1.575164
    25 0.048864 -0.085541 0.028626 -1.715605 -0.034569 -1.653190
    26 0.173918 -0.198414 -0.336163 -1.668104 -0.422317 -1.710956
    27 0.438974 -0.486320 0.396323 0.457988 -0.443923 -1.167613
    28 2.356265 0.010252 0.001103 -0.304005 -0.029854 -0.496318
    29 1.245306 0.004522 -0.002867 -0.000028 0.000034 -0.577668
    30 -0.267709 0.037512 -0.093907 2.913812 -0.143386 0.078467
    31 -0.029266 0.205410 -0.329287 2.788574 -0.255486 -0.188917
    32 0.204373 0.521055 -0.268577 2.886669 0.042206 -0.230367
    33 0.195697 -0.010059 -0.293538 -1.333586 0.150863 -1.672749
    34 1.257181 8.762590 -0.153713 -1.570562 0.002683 -1.566808
    35 -0.093500 -0.114213 -0.738866 -1.570842 0.061811 0.002096
    36 0.010843 0.093623 -0.081439 -3.141462 0.041719 -1.568236
    37 4.702039 -4.649210 -13.220437 -2.461552 1.112850 -0.745408
    38 0.104748 -10.673144 -0.001547 -0.162833 -0.230753 0.286174
    39 0.549521 -3.642764 -0.337160 -1.226167 -0.041053 -0.028225
    40 0.017872 -1.503640 0.001040 -0.406424 0.000001 -0.000004
    41 0.008139 -0.928479 -0.004582 -0.731850 -0.000002 -0.000001
    42 0.006928 0.005327 -0.181358 -1.528500 -0.248579 -1.611362
    43 -0.052313 0.038588 -0.230758 -1.592493 -0.043415 -1.528515
    44 -0.232600 -0.209658 -0.420670 -1.713790 -0.167173 -1.438930
    45 -0.214374 -3.741524 -0.342176 -1.270397 -0.000005 -0.000032
    46 0.019801 -1.578467 0.006169 -0.343375 -0.000016 -0.000033
    47 0.004385 -1.172547 0.000250 -0.410722 0.000033 0.000030
    48 -0.038065 0.069166 -0.159882 -1.816986 0.066178 -1.575392
    49 -0.025151 0.088760 -0.068837 -1.817843 0.044510 -1.568287
    50 -0.102916 -0.186983 -0.272246 -1.833683 -0.232962 -1.472375
    51 -1.034178 -3.574231 -0.343160 -1.046962 0.000031 -0.000003
    52 0.001134 -1.606202 0.006277 -0.413468 0.000003 -0.000002
    53 0.009693 -0.949964 0.008323 -0.522539 0.000001 0.000001
    54 -0.004241 0.043707 -0.080202 -2.014997 -0.186996 -1.460723
    55 0.015383 -0.089136 -0.030009 -2.006083 0.036346 -1.568629
    56 -0.022610 -0.212358 -0.177904 -1.933161 -0.118801 -1.518895
    57 1.305107 -3.227547 -0.338302 -1.011966 -0.069617 -0.044161
    58 0.000596 -1.238418 0.006086 -0.954891 0.000004 0.000009
    59 0.007081 -0.774607 -0.004222 -0.980933 -0.000006 -0.000004
    60 -0.067138 0.063251 -0.010961 -0.899214 -0.014515 -1.600326
    61 -0.151180 -0.007395 -0.070065 -0.913061 -0.118819 -1.408558
    62 -0.178164 -0.244680 -0.357067 -1.159916 -0.384260 -1.556110
    63 -0.385010 -0.459229 0.383545 -0.129647 -0.511419 -2.796852
    64 2.472082 0.027427 0.005130 -0.100476 -0.029514 0.264946
    65 1.219513 0.013261 -0.005766 -0.000003 -0.000017 0.300133
    66 -0.263408 -0.117640 -0.015657 0.000036 -0.082210 -0.026800
    67 0.007707 -0.334360 -0.191576 0.070788 -0.181563 0.282364
    68 0.225562 -0.567923 -0.420715 0.119895 -0.183798 0.223460
    69 -0.203683 -0.095654 -0.328304 -1.745077 0.075142 -1.515382
    70 -1.393460 8.839182 -0.239440 1.580804 -0.005024 -1.566848
    71 0.036020 0.082814 -0.692656 -1.570769 0.065989 0.001276
    72 -0.088586 0.054019 -0.088595 0.010231 0.033800 -1.560851
    73 0.120153 -0.050270 -0.054489 -2.854024 0.030688 -1.580508
    74 -0.139399 -0.111692 0.014400 0.285395 -0.031353 1.580313
    75 1.815922 -4.953960 0.956709 -1.247037 1.437608 -1.233843
    76 1.280673 -7.522364 1.257767 -1.247037 1.437608 -1.233843
    77 3.914122 -5.194223 1.336679 -1.102199 1.470090 -1.123171
    78 3.733238 -6.026484 1.177255 -1.247037 1.437608 -1.233843
    79 2.545624 -6.877804 2.035708 -0.869661 -1.472093 -5.389306
    80 3.371094 17.859375 -1.857422 -1.247037 1.437608 -1.233843
  time 48
    0 1.629157 0.000000 0.541027 0.000000 0.000000 -1.570796
    1 -3.127776 9.117652 -10.626761 6.114689 -1.225145 1.495966
    2 -0.009418 -10.701926 -0.006478 0.323169 0.020237 -0.211379
    3 -0.652832 -3.630859 -0.348633 -1.107361 -0.060909 -0.152581
    4 -0.013245 -1.508789 0.000002 -1.179837 0.000000 0.000000
    5 -0.000001 -0.953613 0.000000 -1.228718 0.000000 0.000000
    6 0.007988 0.172186 -0.118553 -1.598091 -0.216549 -1.570593
    7 0.080660 0.135929 -0.203919 -1.506824 -0.066185 -1.662786
    8 0.117288 -0.155554 -0.604544 -1.412988 -0.374558 -1.569222
    9 0.128052 -3.761719 -0.348633 -0.873865 -0.036146 -0.178589
    10 -0.010696 -1.567259 0.002820 -1.223362 0.000000 -0.000003
    11 0.000002 -1.163086 -0.000004 -1.567299 0.000000 0.000000
    12 -0.018589 0.129951 -0.123721 -1.294580 0.001302 -1.635383
    13 -0.006160 0.170065 -0.110169 -1.280084 -0.068681 -1.597215
    14 0.047100 -0.104074 -0.352264 -1.243368 -0.257298 -1.694346
    15 0.949219 -3.619141 -0.348633 -0.197224 0.000005 0.130897
    16 -0.015396 -1.600586 0.000000 -0.589916 0.000000 0.000000
    17 -0.006736 -0.941812 0.007065 -0.593400 0.000000 -0.000001
    18 -0.022325 0.045425 -0.038284 -1.125544 -0.129230 -1.681412
    19 -0.042901 -0.061274 -0.071212 -1.124462 -0.060454 -1.586099
    20 0.063741 -0.109104 -0.248158 -1.142813 -0.125805 -1.693583
    21 -1.407252 -3.241619 -0.342301 -1.174547 -0.118715 -0.146526
    22 0.013458 -1.203125 0.000002 -0.977387 0.000000 0.000000
    23 -0.020049 -0.797217 0.006185 -1.034950 0.000001 0.000004
    24 -0.011720 0.093267 0.017949 -1.687855 -0.079155 -1.575164
    25 0.048864 -0.085541 0.028626 -1.715605 -0.034569 -1.653190
    26 0.173918 -0.198414 -0.336163 -1.668104 -0.422317 -1.710956
    27 0.438974 -0.490226 0.392416 0.457988 -0.443923 -1.167613
    28 2.356265 0.010252 0.005009 -0.304005 -0.029854 -0.496318
    29 1.245306 0.004522 -0.002867 -0.000028 0.000034 -0.577668
    30 -0.267709 0.037512 -0.093907 2.913812 -0.143386 0.078467
    31 -0.029266 0.205410 -0.329287 2.788574 -0.255486 -0.188917
    32 0.204373 0.521055 -0.268577 2.886669 0.042206 -0.230367
    33 0.195697 -0.010059 -0.293538 -1.333586 0.150863 -1.672749
    34 1.257181 8.762590 -0.153713 -1.570562 0.002683 -1.566808
    35 -0.093500 -0.114213 -0.738866 -1.570842 0.061811 0.002096
    36 0.010843 0.093623 -0.081439 -3.141462 0.041719 -1.568236
    37 5.885669 -3.024160 -12.587605 -0.258261 1.229347 1.559098
    38 0.104748 -10.669237 -0.009359 -0.143585 -0.229723 0.278621
    39 0.553428 -3.650577 -0.344972 -0.591328 -0.039027 -0.031233
    40 0.017872 -1.503640 0.001040 -0.384000 0.000001 -0.000004
    41 0.004232 -0.936292 -0.008488 -0.525751 -0.000002 -0.000001
    42 0.006928 0.005327 -0.181358 -1.528500 -0.248579 -1.611362
    43 -0.052313 0.038588 -0.230758 -1.592493 -0.043415 -1.528515
    44 -0.232600 -0.209658 -0.420670 -1.713790 -0.167173 -1.438930
    45 -0.214374 -3.737618 -0.342176 -0.635687 -0.000005 -0.000032
    46 0.019801 -1.578467 0.006169 -0.318592 -0.000040 -0.000033
    47 0.000478 -1.172547 0.000250 -0.238335 0.000033 0.000030
    48 -0.038065 0.069166 -0.159882 -1.816986 0.066178 -1.575392
    49 -0.025151 0.088760 -0.068837 -1.817843 0.044510 -1.568287
    50 -0.102916 -0.186983 -0.272246 -1.833683 -0.232962 -1.472375
    51 -1.030272 -3.578138 -0.339254 -0.412312 0.000031 -0.000003
    52 0.005040 -1.606202 0.002371 -0.390993 0.000003 -0.000002
    53 0.009693 -0.949964 0.004417 -0.350148 0.000001 0.000001
    54 -0.004241 0.043707 -0.080202 -2.014997 -0.186996 -1.460723
    55 0.015383 -0.089136 -0.030009 -2.006083 0.036346 -1.568629
    56 -0.022610 -0.212358 -0.177904 -1.933161 -0.118801 -1.518895
    57 1.309013 -3.227547 -0.338302 -0.377260 -0.066477 -0.049308
    58 0.000596 -1.238418 0.006086 -0.490410 0.000004 0.000009
    59 0.007081 -0.774607 -0.008129 -0.916547 -0.000006 -0.000004
    60 -0.067138 0.063251 -0.010961 -0.899214 -0.014515 -1.600326
    61 -0.151180 -0.007395 -0.070065 -0.913061 -0.118819 -1.408558
    62 -0.178164 -0.244680 -0.357067 -1.159916 -0.384260 -1.556110
    63 -0.385010 -0.459229 0.383545 -0.129647 -0.511419 -2.796852
    64 2.472082 0.027427 0.005130 -0.100692 -0.028795 0.272015
    65 1.219513 0.013261 -0.005766 -0.000003 -0.020202 0.300133
    66 -0.263408 -0.117640 -0.015657 0.000036 -0.082210 -0.026800
    67 0.007707 -0.334360 -0.191576 0.070788 -0.181563 0.282364
    68 0.225562 -0.567923 -0.420715 0.119895 -0.183798 0.223460
    69 -0.203683 -0.095654 -0.328304 -1.745077 0.075142 -1.515382
    70 -1.393460 8.839182 -0.239440 1.580804 -0.005024 -1.566848
    71 0.036020 0.082814 -0.692656 -1.570769 0.065989 0.001276
    72 -0.088586 0.054019 -0.088595 0.010231 0.033800 -1.560851
    73 0.120153 -0.050270 -0.054489 -2.854024 0.030688 -1.580508
    74 -0.139399 -0.111692 0.014400 0.285395 -0.031353 1.580313
    75 1.815922 -4.953960 0.956709 -1.247037 1.437608 -1.233843
    76 1.280673 -7.522364 1.257767 -1.247037 1.437608 -1.233843
    77 3.914122 -5.194223 1.336679 -1.102199 1.470090 -1.123171
    78 3.733238 -6.026484 1.177255 -1.247037 1.437608 -1.233843
    79 2.549530 -6.877804 2.055240 -0.540406 -1.425598 -5.721667
    80 3.371094 17.859375 -1.857422 -1.247037 1.437608 -1.233843
  time 49
    0 1.629157 0.000000 0.541027 0.000000 0.000000 -1.570796
    1 -3.319188 9.270000 -10.646293 6.127980 -1.259683 1.480819
    2 -0.001605 -10.698019 -0.002571 0.341457 0.046969 -0.224847
    3 -0.652832 -3.630859 -0.348633 -1.107361 -0.060909 -0.152581
    4 -0.013245 -1.508789 0.000002 -1.179837 0.000000 0.000000
    5 -0.000001 -0.953613 0.000000 -1.228718 0.000000 0.000000
    6 0.007988 0.172186 -0.118553 -1.598091 -0.216549 -1.570593
    7 0.080660 0.135929 -0.203919 -1.506824 -0.066185 -1.662786
    8 0.117288 -0.155554 -0.604544 -1.412988 -0.374558 -1.569222
    9 0.128052 -3.761719 -0.348633 -0.873865 -0.036146 -0.178589
    10 -0.010696 -1.567259 0.006726 -1.223362 0.000000 -0.000003
    11 0.000002 -1.163086 -0.000004 -1.567299 0.000000 0.000000
    12 -0.018589 0.129951 -0.123721 -1.294580 0.001302 -1.635383
    13 -0.006160 0.170065 -0.110169 -1.280084 -0.068681 -1.597215
    14 0.047100 -0.104074 -0.352264 -1.243368 -0.257298 -1.694346
    15 0.949219 -3.619141 -0.348633 -0.197224 0.000005 0.130897
    16 -0.015396 -1.600586 0.000000 -0.589916 0.000000 0.000000
    17 -0.006736 -0.941812 0.007065 -0.593400 0.000000 -0.000001
    18 -0.022325 0.045425 -0.038284 -1.125544 -0.129230 -1.681412
    19 -0.042901 -0.061274 -0.071212 -1.124462 -0.060454 -1.586099
    20 0.063741 -0.109104 -0.248158 -1.142813 -0.125805 -1.693583
    21 -1.403345 -3.241619 -0.338395 -1.174547 -0.118715 -0.146526
    22 0.013458 -1.203125 0.000002 -0.977387 0.000000 0.000000
    23 -0.020049 -0.797217 0.010091 -1.034950 0.000001 0.000004
    24 -0.011720 0.093267 0.017949 -1.687855 -0.079155 -1.575164
    25 0.048864 -0.085541 0.028626 -1.715605 -0.034569 -1.653190
    26 0.173918 -0.198414 -0.336163 -1.668104 -0.422317 -1.710956
    27 0.442881 -0.490226 0.396323 0.457988 -0.443923 -1.167613
    28 2.352359 0.010252 0.005009 -0.304005 -0.029854 -0.496318
    29 1.249213 0.004522 -0.002867 -0.000028 0.000034 -0.577668
    30 -0.267709 0.037512 -0.093907 2.913812 -0.143386 0.078467
    31 -0.029266 0.205410 -0.329287 2.788574 -0.255486 -0.188917
    32 0.204373 0.521055 -0.268577 2.886669 0.042206 -0.230367
    33 0.195697 -0.010059 -0.293538 -1.333586 0.150863 -1.672749
    34 1.257181 8.762590 -0.153713 -1.570562 0.002683 -1.566808
    35 -0.093500 -0.114213 -0.738866 -1.570842 0.061811 0.002096
    36 0.010843 0.093623 -0.081439 -3.141462 0.041719 -1.568236
    37 7.014610 -1.551459 -12.048526 -0.000413 0.607447 1.959799
    38 0.104748 -10.673144 -0.009359 -0.046172 -0.252803 0.279618
    39 0.545615 -3.646670 -0.341066 -0.222721 -0.035755 -0.032563
    40 0.021779 -1.499734 0.004947 -0.370750 0.000001 -0.000004
    41 0.012045 -0.928479 -0.008488 -0.404800 -0.000002 -0.000001
    42 0.006928 0.005327 -0.181358 -1.528500 -0.248579 -1.611362
    43 -0.052313 0.038588 -0.230758 -1.592493 -0.043415 -1.528515
    44 -0.232600 -0.209658 -0.420670 -1.713790 -0.167173 -1.438930
    45 -0.214374 -3.733712 -0.346082 -0.267003 -0.000005 -0.000032
    46 0.019801 -1.578467 0.006169 -0.305770 -0.000028 -0.000033
    47 0.004385 -1.172547 0.004156 -0.150736 0.000033 0.000030
    48 -0.038065 0.069166 -0.159882 -1.816986 0.066178 -1.575392
    49 -0.025151 0.088760 -0.068837 -1.817843 0.044510 -1.568287
    50 -0.102916 -0.186983 -0.272246 -1.833683 -0.232962 -1.472375
    51 -1.034178 -3.574231 -0.339254 -0.043538 0.000031 -0.000003
    52 0.001134 -1.606202 0.006277 -0.377708 0.000003 -0.000002
    53 0.005787 -0.949964 0.004417 -0.262524 0.000001 0.000001
    54 -0.004241 0.043707 -0.080202 -2.014997 -0.186996 -1.460723
    55 0.015383 -0.089136 -0.030009 -2.006083 0.036346 -1.568629
    56 -0.022610 -0.212358 -0.177904 -1.933161 -0.118801 -1.518895
    57 1.301201 -3.227547 -0.342208 -0.008645 -0.061156 -0.051663
    58 0.000596 -1.238418 0.006086 -0.194608 0.000004 0.000009
    59 0.007081 -0.774607 -0.004222 -0.842699 -0.000006 -0.000004
    60 -0.067138 0.063251 -0.010961 -0.899214 -0.014515 -1.600326
    61 -0.151180 -0.007395 -0.070065 -0.913061 -0.118819 -1.408558
    62 -0.178164 -0.244680 -0.357067 -1.159916 -0.384260 -1.556110
    63 -0.385010 -0.459229 0.383545 -0.129647 -0.511419 -2.796852
    64 2.472082 0.027427 0.005130 -0.101075 -0.027284 0.286891
    65 1.223420 0.013261 -0.005766 -0.000003 -0.062825 0.300133
    66 -0.263408 -0.117640 -0.015657 0.000036 -0.082210 -0.026800
    67 0.007707 -0.334360 -0.191576 0.070788 -0.181563 0.282364
    68 0.225562 -0.567923 -0.420715 0.119895 -0.183798 0.223460
    69 -0.203683 -0.095654 -0.328304 -1.745077 0.075142 -1.515382
    70 -1.393460 8.839182 -0.239440 1.580804 -0.005024 -1.566848
    71 0.036020 0.082814 -0.692656 -1.570769 0.065989 0.001276
    72 -0.088586 0.054019 -0.088595 0.010231 0.033800 -1.560851
    73 0.120153 -0.050270 -0.054489 -2.854024 0.030688 -1.580508
    74 -0.139399 -0.111692 0.014400 0.285395 -0.031353 1.580313
    75 1.815922 -4.953960 0.956709 -1.247037 1.437608 -1.233843
    76 1.280673 -7.522364 1.257767 -1.247037 1.437608 -1.233843
    77 3.914122 -5.194223 1.336679 -1.102199 1.470090 -1.123171
    78 3.733238 -6.026484 1.177255 -1.247037 1.437608 -1.233843
    79 2.549530 -6.877804 2.082585 -0.370323 -1.365585 0.387933
    80 3.371094 17.859375 -1.857422 -1.247037 1.437608 -1.233843
  time 50
    0 1.629157 0.000000 0.541027 0.000000 0.000000 -1.570796
    1 -3.455911 9.379379 -10.661919 6.135954 -1.286145 1.471807
    2 -0.005512 -10.694113 -0.002571 0.353896 0.063138 -0.232595
    3 -0.652832 -3.630859 -0.348633 -1.107361 -0.060909 -0.152581
    4 -0.013245 -1.508789 0.000002 -1.179837 0.000000 0.000000
    5 -0.000001 -0.953613 0.000000 -1.228718 0.000000 0.000000
    6 0.007988 0.172186 -0.118553 -1.598091 -0.216549 -1.570593
    7 0.080660 0.135929 -0.203919 -1.506824 -0.066185 -1.662786
    8 0.117288 -0.155554 -0.604544 -1.412988 -0.374558 -1.569222
    9 0.128052 -3.761719 -0.348633 -0.873865 -0.036146 -0.178589
    10 -0.010696 -1.563353 0.010633 -1.223362 0.000000 -0.000003
    11 0.000002 -1.163086 -0.000004 -1.567299 0.000000 0.000000
    12 -0.018589 0.129951 -0.123721 -1.294580 0.001302 -1.635383
    13 -0.006160 0.170065 -0.110169 -1.280084 -0.068681 -1.597215
    14 0.047100 -0.104074 -0.352264 -1.243368 -0.257298 -1.694346
    15 0.949219 -3.619141 -0.348633 -0.197224 0.000005 0.130897
    16 -0.015396 -1.600586 0.000000 -0.589916 0.000000 0.000000
    17 -0.006736 -0.941812 0.007065 -0.593400 0.000000 -0.000001
    18 -0.022325 0.045425 -0.038284 -1.125544 -0.129230 -1.681412
    19 -0.042901 -0.061274 -0.071212 -1.124462 -0.060454 -1.586099
    20 0.063741 -0.109104 -0.248158 -1.142813 -0.125805 -1.693583
    21 -1.403345 -3.245525 -0.346207 -1.174547 -0.118715 -0.146526
    22 0.013458 -1.203125 0.000002 -0.977387 0.000000 0.000000
    23 -0.020049 -0.797217 0.002278 -1.034950 0.000001 0.000004
    24 -0.011720 0.093267 0.017949 -1.687855 -0.079155 -1.575164
    25 0.048864 -0.085541 0.028626 -1.715605 -0.034569 -1.653190
    26 0.173918 -0.198414 -0.336163 -1.668104 -0.422317 -1.710956
    27 0.442881 -0.490226 0.396323 0.457988 -0.443923 -1.167613
    28 2.356265 0.010252 0.005009 -0.304005 -0.029854 -0.496318
    29 1.245306 0.004522 -0.002867 -0.000028 0.000034 -0.577668
    30 -0.267709 0.037512 -0.093907 2.913812 -0.143386 0.078467
    31 -0.029266 0.205410 -0.329287 2.788574 -0.255486 -0.188917
    32 0.204373 0.521055 -0.268577 2.886669 0.042206 -0.230367
    33 0.195697 -0.010059 -0.293538 -1.333586 0.150863 -1.672749
    34 1.257181 8.762590 -0.153713 -1.570562 0.002683 -1.566808
    35 -0.093500 -0.114213 -0.738866 -1.570842 0.061811 0.002096
    36 0.010843 0.093623 -0.081439 -3.141462 0.041719 -1.568236
    37 7.987296 -0.660807 -11.892271 -0.048556 0.176294 2.090599
    38 0.100841 -10.673144 -0.005453 0.104163 -0.293068 0.281964
    39 0.549521 -3.642764 -0.344972 -0.272184 -0.033023 -0.033450
    40 0.021779 -1.499734 0.004947 -0.374364 0.000001 -0.000004
    41 0.008139 -0.932386 -0.008488 -0.407452 -0.000002 -0.000001
    42 0.006928 0.005327 -0.181358 -1.528500 -0.248579 -1.611362
    43 -0.052313 0.038588 -0.230758 -1.592493 -0.043415 -1.528515
    44 -0.232600 -0.209658 -0.420670 -1.713790 -0.167173 -1.438930
    45 -0.214374 -3.733712 -0.342176 -0.316293 -0.000005 -0.000032
    46 0.023707 -1.578467 0.010076 -0.310363 -0.000028 -0.000033
    47 0.004385 -1.172547 0.000250 -0.183620 0.000033 0.000030
    48 -0.038065 0.069166 -0.159882 -1.816986 0.066178 -1.575392
    49 -0.025151 0.088760 -0.068837 -1.817843 0.044510 -1.568287
    50 -0.102916 -0.186983 -0.272246 -1.833683 -0.232962 -1.472375
    51 -1.030272 -3.574231 -0.343160 -0.093053 0.000031 -0.000003
    52 0.001134 -1.610108 0.006277 -0.381327 0.000003 -0.000002
    53 0.009693 -0.949964 0.008323 -0.295342 0.000001 0.000001
    54 -0.004241 0.043707 -0.080202 -2.014997 -0.186996 -1.460723
    55 0.015383 -0.089136 -0.030009 -2.006083 0.036346 -1.568629
    56 -0.022610 -0.212358 -0.177904 -1.933161 -0.118801 -1.518895
    57 1.309013 -3.227547 -0.338302 -0.058189 -0.056637 -0.053328
    58 0.000596 -1.242324 0.006086 -0.172375 0.000004 0.000009
    59 0.007081 -0.774607 -0.000316 -0.763841 -0.000006 -0.000004
    60 -0.067138 0.063251 -0.010961 -0.899214 -0.014515 -1.600326
    61 -0.151180 -0.007395 -0.070065 -0.913061 -0.118819 -1.408558
    62 -0.178164 -0.244680 -0.357067 -1.159916 -0.384260 -1.556110
    63 -0.385010 -0.459229 0.383545 -0.129647 -0.511419 -2.796852
    64 2.468175 0.027427 0.005130 -0.101627 -0.025247 0.306971
    65 1.227326 0.013261 -0.005766 -0.000003 -0.120377 0.300133
    66 -0.263408 -0.117640 -0.015657 0.000036 -0.082210 -0.026800
    67 0.007707 -0.334360 -0.191576 0.070788 -0.181563 0.282364
    68 0.225562 -0.567923 -0.420715 0.119895 -0.183798 0.223460
    69 -0.203683 -0.095654 -0.328304 -1.745077 0.075142 -1.515382
    70 -1.393460 8.839182 -0.239440 1.580804 -0.005024 -1.566848
    71 0.036020 0.082814 -0.692656 -1.570769 0.065989 0.001276
    72 -0.088586 0.054019 -0.088595 0.010231 0.033800 -1.560851
    73 0.120153 -0.050270 -0.054489 -2.854024 0.030688 -1.580508
    74 -0.139399 -0.111692 0.014400 0.285395 -0.031353 1.580313
    75 1.815922 -4.953960 0.956709 -1.247037 1.437608 -1.233843
    76 1.280673 -7.522364 1.257767 -1.247037 1.437608 -1.233843
    77 3.914122 -5.194223 1.336679 -1.102199 1.470090 -1.123171
    78 3.733238 -6.026484 1.177255 -1.247037 1.437608 -1.233843
    79 2.553436 -6.873898 2.109929 -0.276392 -1.299889 0.290697
    80 3.371094 17.859375 -1.857422 -1.247037 1.437608 -1.233843
  time 51
    0 1.629157 0.000000 0.541027 0.000000 0.000000 -1.570796
    1 -3.557477 9.445787 -10.665825 6.121289 -1.319279 1.485612
    2 -0.009418 -10.698019 -0.002571 0.363373 0.067069 -0.233472
    3 -0.652832 -3.630859 -0.348633 -1.107361 -0.060909 -0.152581
    4 -0.013245 -1.508789 0.000002 -1.179837 0.000000 0.000000
    5 -0.000001 -0.953613 0.000000 -1.228718 0.000000 0.000000
    6 0.007988 0.172186 -0.118553 -1.598091 -0.216549 -1.570593
    7 0.080660 0.135929 -0.203919 -1.506824 -0.066185 -1.662786
    8 0.117288 -0.155554 -0.604544 -1.412988 -0.374558 -1.569222
    9 0.128052 -3.761719 -0.348633 -0.873865 -0.036146 -0.178589
    10 -0.006790 -1.567259 0.006726 -1.223362 0.000000 -0.000003
    11 0.000002 -1.163086 -0.000004 -1.567299 0.000000 0.000000
    12 -0.018589 0.129951 -0.123721 -1.294580 0.001302 -1.635383
    13 -0.006160 0.170065 -0.110169 -1.280084 -0.068681 -1.597215
    14 0.047100 -0.104074 -0.352264 -1.243368 -0.257298 -1.694346
    15 0.949219 -3.619141 -0.348633 -0.197224 0.000005 0.130897
    16 -0.015396 -1.600586 0.000000 -0.589916 0.000000 0.000000
    17 -0.002829 -0.941812 0.010971 -0.593400 0.000000 -0.000001
    18 -0.022325 0.045425 -0.038284 -1.125544 -0.129230 -1.681412
    19 -0.042901 -0.061274 -0.071212 -1.124462 -0.060454 -1.586099
    20 0.063741 -0.109104 -0.248158 -1.142813 -0.125805 -1.693583
    21 -1.403345 -3.245525 -0.342301 -1.174547 -0.118715 -0.146526
    22 0.013458 -1.203125 0.000002 -0.977387 0.000000 0.000000
    23 -0.020049 -0.801124 0.002278 -1.034950 0.000001 0.000004
    24 -0.011720 0.093267 0.017949 -1.687855 -0.079155 -1.575164
    25 0.048864 -0.085541 0.028626 -1.715605 -0.034569 -1.653190
    26 0.173918 -0.198414 -0.336163 -1.668104 -0.422317 -1.710956
    27 0.442881 -0.490226 0.392416 0.457988 -0.443923 -1.167613
    28 2.356265 0.010252 0.005009 -0.304005 -0.029854 -0.496318
    29 1.245306 0.004522 -0.010680 -0.000028 0.000034 -0.577668
    30 -0.267709 0.037512 -0.093907 2.913812 -0.143386 0.078467
    31 -0.029266 0.205410 -0.329287 2.788574 -0.255486 -0.188917
    32 0.204373 0.521055 -0.268577 2.886669 0.042206 -0.230367
    33 0.195697 -0.010059 -0.293538 -1.333586 0.150863 -1.672749
    34 1.257181 8.762590 -0.153713 -1.570562 0.002683 -1.566808
    35 -0.093500 -0.114213 -0.738866 -1.570842 0.061811 0.002096
    36 0.010843 0.093623 -0.081439 -3.141462 0.041719 -1.568236
    37 8.776382 -0.485020 -12.243844 -0.121393 0.042738 2.147556
    38 0.104748 -10.673144 -0.009359 0.283087 -0.342152 0.278685
    39 0.549521 -3.650577 -0.341066 -0.469205 -0.030410 -0.034948
    40 0.025685 -1.499734 0.001040 -0.383074 0.000001 -0.000004
    41 0.008139 -0.932386 -0.004582 -0.456325 -0.000002 -0.000001
    42 0.006928 0.005327 -0.181358 -1.528500 -0.248579 -1.611362
    43 -0.052313 0.038588 -0.230758 -1.592493 -0.043415 -1.528515
    44 -0.232600 -0.209658 -0.420670 -1.713790 -0.167173 -1.438930
    45 -0.218280 -3.737618 -0.346082 -0.513336 -0.000005 -0.000032
    46 0.019801 -1.582373 0.010076 -0.321367 -0.000016 -0.000021
    47 0.004385 -1.172547 0.000250 -0.264755 0.000033 0.000030
    48 -0.038065 0.069166 -0.159882 -1.816986 0.066178 -1.575392
    49 -0.025151 0.088760 -0.068837 -1.817843 0.044510 -1.568287
    50 -0.102916 -0.186983 -0.272246 -1.833683 -0.232962 -1.472375
    51 -1.030272 -3.582044 -0.339254 -0.289968 0.000031 -0.000003
    52 0.005040 -1.610108 0.002371 -0.389993 0.000003 -0.000002
    53 0.009693 -0.949964 0.008323 -0.376446 0.000001 0.000001
    54 -0.004241 0.043707 -0.080202 -2.014997 -0.186996 -1.460723
    55 0.015383 -0.089136 -0.030009 -2.006083 0.036346 -1.568629
    56 -0.022610 -0.212358 -0.177904 -1.933161 -0.118801 -1.518895
    57 1.305107 -3.227547 -0.338302 -0.255273 -0.052479 -0.055952
    58 0.004503 -1.242324 0.009992 -0.240195 0.000004 0.000009
    59 0.007081 -0.774607 -0.000316 -0.684890 -0.000006 -0.000004
    60 -0.067138 0.063251 -0.010961 -0.899214 -0.014515 -1.600326
    61 -0.151180 -0.007395 -0.070065 -0.913061 -0.118819 -1.408558
    62 -0.178164 -0.244680 -0.357067 -1.159916 -0.384260 -1.556110
    63 -0.385010 -0.459229 0.383545 -0.129647 -0.511419 -2.796852
    64 2.468175 0.027427 0.009037 -0.102178 -0.022946 0.329523
    65 1.219513 0.013261 -0.005766 -0.000003 -0.185307 0.300133
    66 -0.263408 -0.117640 -0.015657 0.000036 -0.082210 -0.026800
    67 0.007707 -0.334360 -0.191576 0.070788 -0.181563 0.282364
    68 0.225562 -0.567923 -0.420715 0.119895 -0.183798 0.223460
    69 -0.203683 -0.095654 -0.328304 -1.745077 0.075142 -1.515382
    70 -1.393460 8.839182 -0.239440 1.580804 -0.005024 -1.566848
    71 0.036020 0.082814 -0.692656 -1.570769 0.065989 0.001276
    72 -0.088586 0.054019 -0.088595 0.010231 0.033800 -1.560851
    73 0.120153 -0.050270 -0.054489 -2.854024 0.030688 -1.580508
    74 -0.139399 -0.111692 0.014400 0.285395 -0.031353 1.580313
    75 1.815922 -4.953960 0.956709 -1.247037 1.437608 -1.233843
    76 1.280673 -7.522364 1.257767 -1.247037 1.437608 -1.233843
    77 3.914122 -5.194223 1.336679 -1.102199 1.470090 -1.123171
    78 3.733238 -6.026484 1.177255 -1.247037 1.437608 -1.233843
    79 2.561249 -6.877804 2.148993 -0.220842 -1.233677 0.231534
    80 3.371094 17.859375 -1.857422 -1.247037 1.437608 -1.233843
  time 52
    0 1.629157 0.000000 0.541027 0.000000 0.000000 -1.570796
    1 -3.627791 9.496570 -10.673638 6.063819 -1.332488 1.544669
    2 -0.001605 -10.701926 -0.002571 0.367618 0.054558 -0.225369
    3 -0.652832 -3.630859 -0.348633 -1.107361 -0.060909 -0.152581
    4 -0.013245 -1.508789 0.000002 -1.179837 0.000000 0.000000
    5 -0.000001 -0.953613 0.000000 -1.228718 0.000000 0.000000
    6 0.007988 0.172186 -0.118553 -1.598091 -0.216549 -1.570593
    7 0.080660 0.135929 -0.203919 -1.506824 -0.066185 -1.662786
    8 0.117288 -0.155554 -0.604544 -1.412988 -0.374558 -1.569222
    9 0.128052 -3.761719 -0.348633 -0.873865 -0.036146 -0.178589
    10 -0.006790 -1.567259 0.002820 -1.223362 0.000000 -0.000003
    11 0.000002 -1.163086 -0.000004 -1.567299 0.000000 0.000000
    12 -0.018589 0.129951 -0.123721 -1.294580 0.001302 -1.635383
    13 -0.006160 0.170065 -0.110169 -1.280084 -0.068681 -1.597215
    14 0.047100 -0.104074 -0.352264 -1.243368 -0.257298 -1.694346
    15 0.949219 -3.619141 -0.348633 -0.197224 0.000005 0.130897
    16 -0.015396 -1.600586 0.000000 -0.589916 0.000000 0.000000
    17 -0.006736 -0.941812 0.007065 -0.593400 0.000000 -0.000001
    18 -0.022325 0.045425 -0.038284 -1.125544 -0.129230 -1.681412
    19 -0.042901 -0.061274 -0.071212 -1.124462 -0.060454 -1.586099
    20 0.063741 -0.109104 -0.248158 -1.142813 -0.125805 -1.693583
    21 -1.403345 -3.241619 -0.338395 -1.174547 -0.118715 -0.146526
    22 0.013458 -1.203125 0.000002 -0.977387 0.000000 0.000000
    23 -0.020049 -0.797217 0.010091 -1.034950 0.000001 0.000004
    24 -0.011720 0.093267 0.017949 -1.687855 -0.079155 -1.575164
    25 0.048864 -0.085541 0.028626 -1.715605 -0.034569 -1.653190
    26 0.173918 -0.198414 -0.336163 -1.668104 -0.422317 -1.710956
    27 0.438974 -0.490226 0.396323 0.457988 -0.443911 -1.167613
    28 2.356265 0.010252 0.005009 -0.304005 -0.029854 -0.496318
    29 1.245306 0.004522 -0.010680 -0.000028 0.000034 -0.577668
    30 -0.267709 0.037512 -0.093907 2.913812 -0.143386 0.078467
    31 -0.029266 0.205410 -0.329287 2.788574 -0.255486 -0.188917
    32 0.204373 0.521055 -0.268577 2.886669 0.042206 -0.230367
    33 0.195697 -0.010059 -0.293538 -1.333586 0.150863 -1.672749
    34 1.257181 8.762590 -0.153713 -1.570562 0.002683 -1.566808
    35 -0.093500 -0.114213 -0.738866 -1.570842 0.061811 0.002096
    36 0.010843 0.093623 -0.081439 -3.141462 0.041719 -1.568236
    37 9.467810 -0.684245 -12.857144 -0.229930 -0.014074 2.199361
    38 0.100841 -10.673144 -0.009359 0.465270 -0.391021 0.266761
    39 0.545615 -3.646670 -0.337160 -0.736011 -0.028589 -0.037106
    40 0.021779 -1.499734 0.001040 -0.394131 0.000001 -0.000004
    41 0.004232 -0.936292 -0.008488 -0.528024 -0.000002 -0.000001
    42 0.006928 0.005327 -0.181358 -1.528500 -0.248579 -1.611362
    43 -0.052313 0.038588 -0.230758 -1.592493 -0.043415 -1.528515
    44 -0.232600 -0.209658 -0.420670 -1.713790 -0.167173 -1.438930
    45 -0.214374 -3.733712 -0.342176 -0.780236 -0.000005 -0.000032
    46 0.019801 -1.582373 0.006169 -0.335337 0.000008 -0.000021
    47 0.000478 -1.168640 0.000250 -0.367438 0.000033 0.000030
    48 -0.038065 0.069166 -0.159882 -1.816986 0.066178 -1.575392
    49 -0.025151 0.088760 -0.068837 -1.817843 0.044510 -1.568287
    50 -0.102916 -0.186983 -0.272246 -1.833683 -0.232962 -1.472375
    51 -1.026365 -3.582044 -0.343160 -0.556771 0.000031 -0.000003
    52 0.001134 -1.610108 0.006277 -0.401040 0.000003 -0.000002
    53 0.009693 -0.949964 0.004417 -0.479104 0.000001 0.000001
    54 -0.004241 0.043707 -0.080202 -2.014997 -0.186996 -1.460723
    55 0.015383 -0.089136 -0.030009 -2.006083 0.036346 -1.568629
    56 -0.022610 -0.212358 -0.177904 -1.933161 -0.118801 -1.518895
    57 1.305107 -3.227547 -0.338302 -0.522093 -0.049530 -0.059619
    58 0.000596 -1.242324 0.006086 -0.354061 0.000004 0.000009
    59 0.003174 -0.778514 -0.008129 -0.609743 -0.000006 -0.000004
    60 -0.067138 0.063251 -0.010961 -0.899214 -0.014515 -1.600326
    61 -0.151180 -0.007395 -0.070065 -0.913061 -0.118819 -1.408558
    62 -0.178164 -0.244680 -0.357067 -1.159916 -0.384260 -1.556110
    63 -0.385010 -0.459229 0.383545 -0.129647 -0.511419 -2.796852
    64 2.464269 0.027427 0.001224 -0.102645 -0.020621 0.352075
    65 1.219513 0.013261 -0.005766 -0.000003 -0.250107 0.300133
    66 -0.263408 -0.117640 -0.015657 0.000036 -0.082210 -0.026800
    67 0.007707 -0.334360 -0.191576 0.070788 -0.181563 0.282364
    68 0.225562 -0.567923 -0.420715 0.119895 -0.183798 0.223460
    69 -0.203683 -0.095654 -0.328304 -1.745077 0.075142 -1.515382
    70 -1.393460 8.839182 -0.239440 1.580804 -0.005024 -1.566848
    71 0.036020 0.082814 -0.692656 -1.570769 0.065989 0.001276
    72 -0.088586 0.054019 -0.088595 0.010231 0.033800 -1.560851
    73 0.120153 -0.050270 -0.054489 -2.854024 0.030688 -1.580508
    74 -0.139399 -0.111692 0.014400 0.285395 -0.031353 1.580313
    75 1.815922 -4.953960 0.956709 -1.247037 1.437608 -1.233843
    76 1.280673 -7.522364 1.257767 -1.247037 1.437608 -1.233843
    77 3.914122 -5.194223 1.336679 -1.102199 1.470090 -1.123171
    78 3.733238 -6.026484 1.177255 -1.247037 1.437608 -1.233843
    79 2.561249 -6.877804 2.172431 -0.185818 -1.170822 0.193364
    80 3.371094 17.859375 -1.857422 -1.247037 1.437608 -1.233843
  time 53
    0 1.629157 0.000000 0.541027 0.000000 0.000000 -1.570796
    1 -3.666855 9.535633 -10.673638 5.980685 -1.329197 -4.652206
    2 -0.005512 -10.694113 -0.002571 0.367544 0.030253 -0.211191
    3 -0.652832 -3.630859 -0.348633 -1.107361 -0.060909 -0.152581
    4 -0.013245 -1.508789 0.000002 -1.179837 0.000000 0.000000
    5 -0.000001 -0.953613 0.000000 -1.228718 0.000000 0.000000
    6 0.007988 0.172186 -0.118553 -1.598091 -0.216549 -1.570593
    7 0.080660 0.135929 -0.203919 -1.506824 -0.066185 -1.662786
    8 0.117288 -0.155554 -0.604544 -1.412988 -0.374558 -1.569222
    9 0.128052 -3.761719 -0.348633 -0.873865 -0.036146 -0.178589
    10 -0.006790 -1.563353 0.002820 -1.223362 0.000000 -0.000003
    11 0.000002 -1.163086 -0.000004 -1.567299 0.000000 0.000000
    12 -0.018589 0.129951 -0.123721 -1.294580 0.001302 -1.635383
    13 -0.006160 0.170065 -0.110169 -1.280084 -0.068681 -1.597215
    14 0.047100 -0.104074 -0.352264 -1.243368 -0.257298 -1.694346
    15 0.949219 -3.619141 -0.348633 -0.197224 0.000005 0.130897
    16 -0.015396 -1.600586 0.000000 -0.589916 0.000000 0.000000
    17 -0.002829 -0.941812 0.007065 -0.593400 0.000000 -0.000001
    18 -0.022325 0.045425 -0.038284 -1.125544 -0.129230 -1.681412
    19 -0.042901 -0.061274 -0.071212 -1.124462 -0.060454 -1.586099
    20 0.063741 -0.109104 -0.248158 -1.142813 -0.125805 -1.693583
    21 -1.399439 -3.241619 -0.346207 -1.174547 -0.118715 -0.146526
    22 0.013458 -1.203125 0.000002 -0.977387 0.000000 0.000000
    23 -0.020049 -0.801124 0.010091 -1.034950 0.000001 0.000004
    24 -0.011720 0.093267 0.017949 -1.687855 -0.079155 -1.575164
    25 0.048864 -0.085541 0.028626 -1.715605 -0.034569 -1.653190
    26 0.173918 -0.198414 -0.336163 -1.668104 -0.422317 -1.710956
    27 0.442881 -0.490226 0.392416 0.457988 -0.443911 -1.167613
    28 2.356265 0.010252 0.005009 -0.304005 -0.029854 -0.496318
    29 1.241400 0.004522 -0.006774 -0.000028 0.000034 -0.577668
    30 -0.267709 0.037512 -0.093907 2.913812 -0.143386 0.078467
    31 -0.029266 0.205410 -0.329287 2.788574 -0.255486 -0.188917
    32 0.204373 0.521055 -0.268577 2.886669 0.042206 -0.230367
    33 0.195697 -0.010059 -0.293538 -1.333586 0.150863 -1.672749
    34 1.257181 8.762590 -0.153713 -1.570562 0.002683 -1.566808
    35 -0.093500 -0.114213 -0.738866 -1.570842 0.061811 0.002096
    36 0.010843 0.093623 -0.081439 -3.141462 0.041719 -1.568236
    37 10.096735 -1.016286 -13.529040 -0.354643 -0.009611 2.239717
    38 0.100841 -10.673144 -0.009359 0.623599 -0.430471 0.249020
    39 0.545615 -3.650577 -0.341066 -0.995084 -0.027654 -0.039371
    40 0.017872 -1.499734 0.001040 -0.404632 0.000001 -0.000004
    41 0.008139 -0.932386 -0.004582 -0.599060 -0.000002 -0.000001
    42 0.006928 0.005327 -0.181358 -1.528500 -0.248579 -1.611362
    43 -0.052313 0.038588 -0.230758 -1.592493 -0.043415 -1.528515
    44 -0.232600 -0.209658 -0.420670 -1.713790 -0.167173 -1.438930
    45 -0.218280 -3.733712 -0.342176 -1.039270 -0.000005 -0.000032
    46 0.015894 -1.586280 0.006169 -0.348542 0.000019 -0.000009
    47 0.004385 -1.168640 0.004156 -0.465530 0.000033 0.000030
    48 -0.038065 0.069166 -0.159882 -1.816986 0.066178 -1.575392
    49 -0.025151 0.088760 -0.068837 -1.817843 0.044510 -1.568287
    50 -0.102916 -0.186983 -0.272246 -1.833683 -0.232962 -1.472375
    51 -1.030272 -3.578138 -0.343160 -0.815893 0.000031 -0.000003
    52 0.001134 -1.606202 0.006277 -0.411611 0.000003 -0.000002
    53 0.005787 -0.949964 0.008323 -0.577183 0.000001 0.000001
    54 -0.004241 0.043707 -0.080202 -2.014997 -0.186996 -1.460723
    55 0.015383 -0.089136 -0.030009 -2.006083 0.036346 -1.568629
    56 -0.022610 -0.212358 -0.177904 -1.933161 -0.118801 -1.518895
    57 1.301201 -3.227547 -0.338302 -0.781159 -0.048128 -0.063370
    58 0.000596 -1.242324 0.002180 -0.470130 0.000004 0.000009
    59 0.003174 -0.774607 -0.004222 -0.543502 -0.000006 -0.000004
    60 -0.067138 0.063251 -0.010961 -0.899214 -0.014515 -1.600326
    61 -0.151180 -0.007395 -0.070065 -0.913061 -0.118819 -1.408558
    62 -0.178164 -0.244680 -0.357067 -1.159916 -0.384260 -1.556110
    63 -0.385010 -0.459229 0.383545 -0.129647 -0.511419 -2.796852
    64 2.464269 0.027427 0.005130 -0.103053 -0.018584 0.371938
    65 1.219513 0.013261 -0.005766 -0.000003 -0.307168 0.300133
    66 -0.263408 -0.117640 -0.015657 0.000036 -0.082210 -0.026800
    67 0.007707 -0.334360 -0.191576 0.070788 -0.181563 0.282364
    68 0.225562 -0.567923 -0.420715 0.119895 -0.183798 0.223460
    69 -0.203683 -0.095654 -0.328304 -1.745077 0.075142 -1.515382
    70 -1.393460 8.839182 -0.239440 1.580804 -0.005024 -1.566848
    71 0.036020 0.082814 -0.692656 -1.570769 0.065989 0.001276
    72 -0.088586 0.054019 -0.088595 0.010231 0.033800 -1.560851
    73 0.120153 -0.050270 -0.054489 -2.854024 0.030688 -1.580508
    74 -0.139399 -0.111692 0.014400 0.285395 -0.031353 1.580313
    75 1.815922 -4.953960 0.956709 -1.247037 1.437608 -1.233843
    76 1.280673 -7.522364 1.257767 -1.247037 1.437608 -1.233843
    77 3.914122 -5.194223 1.336679 -1.102199 1.470090 -1.123171
    78 3.733238 -6.026484 1.177255 -1.247037 1.437608 -1.233843
    79 2.572968 -6.877804 2.203682 -0.163232 -1.114942 0.167791
    80 3.371094 17.859375 -1.857422 -1.247037 1.437608 -1.233843
  time 54
    0 1.629157 0.000000 0.541027 0.000000 0.000000 -1.570796
    1 -3.682481 9.543446 -10.673638 5.897001 -1.313530 -4.564772
    2 -0.009418 -10.701926 -0.002571 0.364089 -0.000547 -0.193441
    3 -0.652832 -3.630859 -0.348633 -1.107361 -0.060909 -0.152581
    4 -0.013245 -1.508789 0.000002 -1.179837 0.000000 0.000000
    5 -0.000001 -0.953613 0.000000 -1.228718 0.000000 0.000000
    6 0.007988 0.172186 -0.118553 -1.598091 -0.216549 -1.570593
    7 0.080660 0.135929 -0.203919 -1.506824 -0.066185 -1.662786
    8 0.117288 -0.155554 -0.604544 -1.412988 -0.374558 -1.569222
    9 0.128052 -3.761719 -0.348633 -0.873865 -0.036146 -0.178589
    10 -0.006790 -1.567259 0.006726 -1.223362 0.000000 -0.000003
    11 0.000002 -1.163086 -0.000004 -1.567299 0.000000 0.000000
    12 -0.018589 0.129951 -0.123721 -1.294580 0.001302 -1.635383
    13 -0.006160 0.170065 -0.110169 -1.280084 -0.068681 -1.597215
    14 0.047100 -0.104074 -0.352264 -1.243368 -0.257298 -1.694346
    15 0.949219 -3.619141 -0.348633 -0.197224 0.000005 0.130897
    16 -0.015396 -1.600586 0.000000 -0.589916 0.000000 0.000000
    17 -0.006736 -0.941812 0.007065 -0.593400 0.000000 -0.000001
    18 -0.022325 0.045425 -0.038284 -1.125544 -0.129230 -1.681412
    19 -0.042901 -0.061274 -0.071212 -1.124462 -0.060454 -1.586099
    20 0.063741 -0.109104 -0.248158 -1.142813 -0.125805 -1.693583
    21 -1.403345 -3.241619 -0.338395 -1.174547 -0.118715 -0.146526
    22 0.013458 -1.203125 0.000002 -0.977387 0.000000 0.000000
    23 -0.020049 -0.797217 0.006185 -1.034950 0.000001 0.000004
    24 -0.011720 0.093267 0.017949 -1.687855 -0.079155 -1.575164
    25 0.048864 -0.085541 0.028626 -1.715605 -0.034569 -1.653190
    26 0.173918 -0.198414 -0.336163 -1.668104 -0.422317 -1.710956
    27 0.442881 -0.490226 0.388510 0.457988 -0.443923 -1.167613
    28 2.356265 0.014158 0.005009 -0.304005 -0.029854 -0.496318
    29 1.241400 0.004522 -0.006774 -0.000028 0.000034 -0.577668
    30 -0.267709 0.037512 -0.093907 2.913812 -0.143386 0.078467
    31 -0.029266 0.205410 -0.329287 2.788574 -0.255486 -0.188917
    32 0.204373 0.521055 -0.268577 2.886669 0.042206 -0.230367
    33 0.195697 -0.010059 -0.293538 -1.333586 0.150863 -1.672749
    34 1.257181 8.762590 -0.153713 -1.570562 0.002683 -1.566808
    35 -0.093500 -0.114213 -0.738866 -1.570842 0.061811 0.002096
    36 0.010843 0.093623 -0.081439 -3.141462 0.041719 -1.568236
    37 10.721754 -1.235043 -14.001711 -0.480696 0.037858 2.261088
    38 0.108654 -10.673144 -0.005453 0.728138 -0.453671 0.233271
    39 0.553428 -3.646670 -0.341066 -1.168716 -0.027210 -0.041096
    40 0.021779 -1.503640 0.001040 -0.411829 0.000001 -0.000004
    41 0.008139 -0.936292 -0.008488 -0.645565 -0.000002 -0.000001
    42 0.006928 0.005327 -0.181358 -1.528500 -0.248579 -1.611362
    43 -0.052313 0.038588 -0.230758 -1.592493 -0.043415 -1.528515
    44 -0.232600 -0.209658 -0.420670 -1.713790 -0.167173 -1.438930
    45 -0.222187 -3.733712 -0.342176 -1.212892 -0.000005 -0.000032
    46 0.023707 -1.582373 0.006169 -0.357728 0.000031 -0.000009
    47 0.000478 -1.172547 0.004156 -0.532236 0.000033 0.000030
    48 -0.038065 0.069166 -0.159882 -1.816986 0.066178 -1.575392
    49 -0.025151 0.088760 -0.068837 -1.817843 0.044510 -1.568287
    50 -0.102916 -0.186983 -0.272246 -1.833683 -0.232962 -1.472375
    51 -1.030272 -3.578138 -0.343160 -0.989549 0.000031 -0.000003
    52 0.001134 -1.606202 0.002371 -0.418801 0.000003 -0.000002
    53 0.005787 -0.949964 0.008323 -0.643897 0.000001 0.000001
    54 -0.004241 0.043707 -0.080202 -2.014997 -0.186996 -1.460723
    55 0.015383 -0.089136 -0.030009 -2.006083 0.036346 -1.568629
    56 -0.022610 -0.212358 -0.177904 -1.933161 -0.118801 -1.518895
    57 1.309013 -3.227547 -0.342208 -0.954667 -0.047565 -0.066330
    58 0.004503 -1.238418 0.006086 -0.544517 0.000004 0.000009
    59 0.007081 -0.774607 -0.004222 -0.490435 -0.000006 -0.000004
    60 -0.067138 0.063251 -0.010961 -0.899214 -0.014515 -1.600326
    61 -0.151180 -0.007395 -0.070065 -0.913061 -0.118819 -1.408558
    62 -0.178164 -0.244680 -0.357067 -1.159916 -0.384260 -1.556110
    63 -0.385010 -0.459229 0.383545 -0.129647 -0.511419 -2.796852
    64 2.472082 0.027427 0.005130 -0.103292 -0.017074 0.386467
    65 1.223420 0.013261 -0.005766 -0.000003 -0.349054 0.300133
    66 -0.263408 -0.117640 -0.015657 0.000036 -0.082210 -0.026800
    67 0.007707 -0.334360 -0.191576 0.070788 -0.181563 0.282364
    68 0.225562 -0.567923 -0.420715 0.119895 -0.183798 0.223460
    69 -0.203683 -0.095654 -0.328304 -1.745077 0.075142 -1.515382
    70 -1.393460 8.839182 -0.239440 1.580804 -0.005024 -1.566848
    71 0.036020 0.082814 -0.692656 -1.570769 0.065989 0.001276
    72 -0.088586 0.054019 -0.088595 0.010231 0.033800 -1.560851
    73 0.120153 -0.050270 -0.054489 -2.854024 0.030688 -1.580508
    74 -0.139399 -0.111692 0.014400 0.285395 -0.031353 1.580313
    75 1.815922 -4.953960 0.956709 -1.247037 1.437608 -1.233843
    76 1.280673 -7.522364 1.257767 -1.247037 1.437608 -1.233843
    77 3.914122 -5.194223 1.336679 -1.102199 1.470090 -1.123171
    78 3.733238 -6.026484 1.177255 -1.247037 1.437608 -1.233843
    79 2.580781 -6.873898 2.242746 -0.148963 -1.070083 0.151092
    80 3.371094 17.859375 -1.857422 -1.247037 1.437608 -1.233843
  time 55
    0 1.629157 0.000000 0.541027 0.000000 0.000000 -1.570796
    1 -3.666855 9.535633 -10.673638 5.828532 -1.290885 -4.492486
    2 -0.009418 -10.694113 -0.002571 0.358437 -0.032988 -0.174689
    3 -0.652832 -3.630859 -0.348633 -1.107361 -0.060909 -0.152581
    4 -0.013245 -1.508789 0.000002 -1.179837 0.000000 0.000000
    5 -0.000001 -0.953613 0.000000 -1.228718 0.000000 0.000000
    6 0.007988 0.172186 -0.118553 -1.598091 -0.216549 -1.570593
    7 0.080660 0.135929 -0.203919 -1.506824 -0.066185 -1.662786
    8 0.117288 -0.155554 -0.604544 -1.412988 -0.374558 -1.569222
    9 0.128052 -3.761719 -0.348633 -0.873865 -0.036146 -0.178589
    10 -0.010696 -1.563353 0.002820 -1.223362 0.000000 -0.000003
    11 0.000002 -1.163086 -0.000004 -1.567299 0.000000 0.000000
    12 -0.018589 0.129951 -0.123721 -1.294580 0.001302 -1.635383
    13 -0.006160 0.170065 -0.110169 -1.280084 -0.068681 -1.597215
    14 0.047100 -0.104074 -0.352264 -1.243368 -0.257298 -1.694346
    15 0.949219 -3.619141 -0.348633 -0.197224 0.000005 0.130897
    16 -0.015396 -1.600586 0.000000 -0.589916 0.000000 0.000000
    17 -0.006736 -0.945718 0.010971 -0.593400 0.000000 -0.000001
    18 -0.022325 0.045425 -0.038284 -1.125544 -0.129230 -1.681412
    19 -0.042901 -0.061274 -0.071212 -1.124462 -0.060454 -1.586099
    20 0.063741 -0.109104 -0.248158 -1.142813 -0.125805 -1.693583
    21 -1.403345 -3.249431 -0.342301 -1.174547 -0.118715 -0.146526
    22 0.013458 -1.203125 0.000002 -0.977387 0.000000 0.000000
    23 -0.020049 -0.801124 0.002278 -1.034950 0.000001 0.000004
    24 -0.011720 0.093267 0.017949 -1.687855 -0.079155 -1.575164
    25 0.048864 -0.085541 0.028626 -1.715605 -0.034569 -1.653190
    26 0.173918 -0.198414 -0.336163 -1.668104 -0.422317 -1.710956
    27 0.442881 -0.494133 0.392416 0.457988 -0.443911 -1.167613
    28 2.356265 0.010252 0.005009 -0.303993 -0.029854 -0.496318
    29 1.249213 0.004522 -0.010680 -0.000028 0.000034 -0.577668
    30 -0.267709 0.037512 -0.093907 2.913812 -0.143386 0.078467
    31 -0.029266 0.205410 -0.329287 2.788574 -0.255486 -0.188917
    32 0.204373 0.521055 -0.268577 2.886669 0.042206 -0.230367
    33 0.195697 -0.010059 -0.293538 -1.333586 0.150863 -1.672749
    34 1.257181 8.762590 -0.153713 -1.570562 0.002683 -1.566808
    35 -0.093500 -0.114213 -0.738866 -1.570842 0.061811 0.002096
    36 0.010843 0.093623 -0.081439 -3.141462 0.041719 -1.568236
    37 11.350680 -1.297545 -14.247812 -0.597177 0.107379 2.262042
    38 0.104748 -10.673144 -0.009359 0.794485 -0.466301 0.221379
    39 0.553428 -3.650577 -0.341066 -1.227956 -0.027019 -0.041851
    40 0.025685 -1.499734 0.001040 -0.414454 0.000001 -0.000004
    41 0.008139 -0.928479 -0.008488 -0.660814 -0.000002 -0.000001
    42 0.006928 0.005327 -0.181358 -1.528500 -0.248579 -1.611362
    43 -0.052313 0.038588 -0.230758 -1.592493 -0.043415 -1.528515
    44 -0.232600 -0.209658 -0.420670 -1.713790 -0.167173 -1.438930
    45 -0.214374 -3.741524 -0.342176 -1.272145 -0.000005 -0.000032
    46 0.023707 -1.578467 0.006169 -0.360790 0.000031 -0.000009
    47 0.008291 -1.172547 0.000250 -0.556033 0.000033 0.000030
    48 -0.038065 0.069166 -0.159882 -1.816986 0.066178 -1.575392
    49 -0.025151 0.088760 -0.068837 -1.817843 0.044510 -1.568287
    50 -0.102916 -0.186983 -0.272246 -1.833683 -0.232962 -1.472375
    51 -1.026365 -3.578138 -0.339254 -1.048705 0.000031 -0.000003
    52 0.001134 -1.606202 0.006277 -0.421420 0.000003 -0.000002
    53 0.009693 -0.949964 0.008323 -0.667716 0.000001 0.000001
    54 -0.004241 0.043707 -0.080202 -2.014997 -0.186996 -1.460723
    55 0.015383 -0.089136 -0.030009 -2.006083 0.036346 -1.568629
    56 -0.022610 -0.212358 -0.177904 -1.933161 -0.118801 -1.518895
    57 1.309013 -3.227547 -0.338302 -1.013839 -0.047229 -0.067575
    58 0.000596 -1.238418 0.002180 -0.566376 0.000004 0.000009
    59 0.007081 -0.774607 -0.004222 -0.465015 -0.000006 -0.000004
    60 -0.067138 0.063251 -0.010961 -0.899214 -0.014515 -1.600326
    61 -0.151180 -0.007395 -0.070065 -0.913061 -0.118819 -1.408558
    62 -0.178164 -0.244680 -0.357067 -1.159916 -0.384260 -1.556110
    63 -0.385010 -0.459229 0.383545 -0.129647 -0.511419 -2.796852
    64 2.464269 0.027427 0.005130 -0.103400 -0.016402 0.392712
    65 1.219513 0.013261 -0.005766 -0.000003 -0.366900 0.300133
    66 -0.263408 -0.117640 -0.015657 0.000036 -0.082210 -0.026800
    67 0.007707 -0.334360 -0.191576 0.070788 -0.181563 0.282364
    68 0.225562 -0.567923 -0.420715 0.119895 -0.183798 0.223460
    69 -0.203683 -0.095654 -0.328304 -1.745077 0.075142 -1.515382
    70 -1.393460 8.839182 -0.239440 1.580804 -0.005024 -1.566848
    71 0.036020 0.082814 -0.692656 -1.570769 0.065989 0.001276
    72 -0.088586 0.054019 -0.088595 0.010231 0.033800 -1.560851
    73 0.120153 -0.050270 -0.054489 -2.854024 0.030688 -1.580508
    74 -0.139399 -0.111692 0.014400 0.285395 -0.031353 1.580313
    75 1.815922 -4.953960 0.956709 -1.247037 1.437608 -1.233843
    76 1.280673 -7.522364 1.257767 -1.247037 1.437608 -1.233843
    77 3.914122 -5.194223 1.336679 -1.102199 1.470090 -1.123171
    78 3.733238 -6.026484 1.177255 -1.247037 1.437608 -1.233843
    79 2.584687 -6.881710 2.258371 -0.143011 -1.048213 0.144126
    80 3.371094 17.859375 -1.857422 -1.247037 1.437608 -1.233843
  time 56
    0 1.629157 0.000000 0.541027 0.000000 0.000000 -1.570796
    1 -3.627791 9.496570 -10.673638 5.781053 -1.267275 -4.441291
    2 -0.001605 -10.698019 -0.010384 0.352119 -0.062044 -0.157608
    3 -0.652832 -3.630859 -0.348633 -1.107361 -0.060909 -0.152581
    4 -0.013245 -1.508789 0.000002 -1.179837 0.000000 0.000000
    5 -0.000001 -0.953613 0.000000 -1.228718 0.000000 0.000000
    6 0.007988 0.172186 -0.118553 -1.598091 -0.216549 -1.570593
    7 0.080660 0.135929 -0.203919 -1.506824 -0.066185 -1.662786
    8 0.117288 -0.155554 -0.604544 -1.412988 -0.374558 -1.569222
    9 0.128052 -3.761719 -0.348633 -0.873865 -0.036146 -0.178589
    10 -0.006790 -1.563353 0.006726 -1.223362 0.000000 -0.000003
    11 0.000002 -1.163086 -0.000004 -1.567299 0.000000 0.000000
    12 -0.018589 0.129951 -0.123721 -1.294580 0.001302 -1.635383
    13 -0.006160 0.170065 -0.110169 -1.280084 -0.068681 -1.597215
    14 0.047100 -0.104074 -0.352264 -1.243368 -0.257298 -1.694346
    15 0.949219 -3.619141 -0.348633 -0.197224 0.000005 0.130897
    16 -0.015396 -1.600586 0.000000 -0.589916 0.000000 0.000000
    17 -0.006736 -0.941812 0.010971 -0.593382 0.000000 -0.000001
    18 -0.022325 0.045425 -0.038284 -1.125544 -0.129230 -1.681412
    19 -0.042901 -0.061274 -0.071212 -1.124462 -0.060454 -1.586099
    20 0.063741 -0.109104 -0.248158 -1.142813 -0.125805 -1.693583
    21 -1.399439 -3.245525 -0.342301 -1.174547 -0.118715 -0.146526
    22 0.013458 -1.203125 0.000002 -0.977387 0.000000 0.000000
    23 -0.020049 -0.793311 0.006185 -1.034950 0.000001 0.000004
    24 -0.011720 0.093267 0.017949 -1.687855 -0.079155 -1.575164
    25 0.048864 -0.085541 0.028626 -1.715605 -0.034569 -1.653190
    26 0.173918 -0.198414 -0.336163 -1.668104 -0.422317 -1.710956
    27 0.446787 -0.494133 0.396323 0.457988 -0.443911 -1.167613
    28 2.356265 0.010252 0.005009 -0.304005 -0.029854 -0.496318
    29 1.245306 0.004522 -0.006774 -0.000028 0.000034 -0.577668
    30 -0.267709 0.037512 -0.093907 2.913812 -0.143386 0.078467
    31 -0.029266 0.205410 -0.329287 2.788574 -0.255486 -0.188917
    32 0.204373 0.521055 -0.268577 2.886669 0.042206 -0.230367
    33 0.195697 -0.010059 -0.293538 -1.333586 0.150863 -1.672749
    34 1.257181 8.762590 -0.153713 -1.570562 0.002683 -1.566808
    35 -0.093500 -0.114213 -0.738866 -1.570842 0.061811 0.002096
    36 0.010843 0.093623 -0.081439 -3.141462 0.041719 -1.568236
    37 11.960073 -1.328796 -14.376722 -0.694708 0.178450 2.247731
    38 0.104748 -10.673144 -0.009359 0.787055 -0.464935 0.222729
    39 0.549521 -3.642764 -0.341066 -1.221374 -0.027043 -0.041780
    40 0.021779 -1.503640 0.001040 -0.414176 0.000001 -0.000004
    41 0.008139 -0.936292 -0.004582 -0.659204 -0.000002 -0.000001
    42 0.006928 0.005327 -0.181358 -1.528500 -0.248579 -1.611362
    43 -0.052313 0.038588 -0.230758 -1.592493 -0.043415 -1.528515
    44 -0.232600 -0.209658 -0.420670 -1.713790 -0.167173 -1.438930
    45 -0.218280 -3.733712 -0.346082 -1.265561 -0.000005 -0.000032
    46 0.023707 -1.582373 0.006169 -0.360502 0.000031 -0.000009
    47 0.004385 -1.172547 0.000250 -0.553410 0.000033 0.000030
    48 -0.038065 0.069166 -0.159882 -1.816986 0.066178 -1.575392
    49 -0.025151 0.088760 -0.068837 -1.817843 0.044510 -1.568287
    50 -0.102916 -0.186983 -0.272246 -1.833683 -0.232962 -1.472375
    51 -1.034178 -3.578138 -0.339254 -1.042114 0.000031 -0.000003
    52 0.001134 -1.610108 0.006277 -0.421039 0.000003 -0.000002
    53 0.009693 -0.949964 0.004417 -0.665184 0.000001 0.000001
    54 -0.004241 0.043707 -0.080202 -2.014997 -0.186996 -1.460723
    55 0.015383 -0.089136 -0.030009 -2.006083 0.036346 -1.568629
    56 -0.022610 -0.212358 -0.177904 -1.933161 -0.118801 -1.518895
    57 1.309013 -3.227547 -0.338302 -1.007334 -0.047253 -0.067407
    58 0.000596 -1.238418 0.002180 -0.564007 0.000004 0.000009
    59 0.007081 -0.774607 -0.000316 -0.467891 -0.000006 -0.000004
    60 -0.067138 0.063251 -0.010961 -0.899214 -0.014515 -1.600326
    61 -0.151180 -0.007395 -0.070065 -0.913061 -0.118819 -1.408558
    62 -0.178164 -0.244680 -0.357067 -1.159916 -0.384260 -1.556110
    63 -0.385010 -0.459229 0.383545 -0.129647 -0.511419 -2.796852
    64 2.464269 0.027427 0.005130 -0.103388 -0.016474 0.392105
    65 1.223420 0.013261 -0.005766 -0.000003 -0.364893 0.300133
    66 -0.263408 -0.117640 -0.015657 0.000036 -0.082210 -0.026800
    67 0.007707 -0.334360 -0.191576 0.070788 -0.181563 0.282364
    68 0.225562 -0.567923 -0.420715 0.119895 -0.183798 0.223460
    69 -0.203683 -0.095654 -0.328304 -1.745077 0.075142 -1.515382
    70 -1.393460 8.839182 -0.239440 1.580804 -0.005024 -1.566848
    71 0.036020 0.082814 -0.692656 -1.570769 0.065989 0.001276
    72 -0.088586 0.054019 -0.088595 0.010231 0.033800 -1.560851
    73 0.120153 -0.050270 -0.054489 -2.854024 0.030688 -1.580508
    74 -0.139399 -0.111692 0.014400 0.285395 -0.031353 1.580313
    75 1.815922 -4.953960 0.956709 -1.247037 1.437608 -1.233843
    76 1.280673 -7.522364 1.257767 -1.247037 1.437608 -1.233843
    77 3.914122 -5.194223 1.336679 -1.102199 1.470090 -1.123171
    78 3.733238 -6.026484 1.177255 -1.247037 1.437608 -1.233843
    79 2.584687 -6.877804 2.258371 -0.143698 -1.050624 0.144794
    80 3.371094 17.859375 -1.857422 -1.247037 1.437608 -1.233843
  time 57
    0 1.629157 0.000000 0.541027 0.000000 0.000000 -1.570796
    1 -3.557477 9.445787 -10.665825 5.753372 -1.248623 -4.410996
    2 -0.001605 -10.701926 -0.002571 0.346862 -0.082999 -0.145225
    3 -0.652832 -3.630859 -0.348633 -1.107361 -0.060909 -0.152581
    4 -0.013245 -1.508789 0.000002 -1.179837 0.000000 0.000000
    5 -0.000001 -0.953613 0.000000 -1.228718 0.000000 0.000000
    6 0.007988 0.172186 -0.118553 -1.598091 -0.216549 -1.570593
    7 0.080660 0.135929 -0.203919 -1.506824 -0.066185 -1.662786
    8 0.117288 -0.155554 -0.604544 -1.412988 -0.374558 -1.569222
    9 0.128052 -3.761719 -0.348633 -0.873865 -0.036146 -0.178589
    10 -0.010696 -1.563353 0.010633 -1.223362 0.000000 -0.000003
    11 0.000002 -1.163086 -0.000004 -1.567299 0.000000 0.000000
    12 -0.018589 0.129951 -0.123721 -1.294580 0.001302 -1.635383
    13 -0.006160 0.170065 -0.110169 -1.280084 -0.068681 -1.597215
    14 0.047100 -0.104074 -0.352264 -1.243368 -0.257298 -1.694346
    15 0.949219 -3.619141 -0.348633 -0.197224 0.000005 0.130897
    16 -0.015396 -1.600586 0.000000 -0.589916 0.000000 0.000000
    17 -0.006736 -0.945718 0.010971 -0.593400 0.000000 -0.000001
    18 -0.022325 0.045425 -0.038284 -1.125544 -0.129230 -1.681412
    19 -0.042901 -0.061274 -0.071212 -1.124462 -0.060454 -1.586099
    20 0.063741 -0.109104 -0.248158 -1.142813 -0.125805 -1.693583
    21 -1.403345 -3.241619 -0.346207 -1.174547 -0.118715 -0.146526
    22 0.013458 -1.203125 0.000002 -0.977387 0.000000 0.000000
    23 -0.020049 -0.797217 0.002278 -1.034950 0.000001 0.000004
    24 -0.011720 0.093267 0.017949 -1.687855 -0.079155 -1.575164
    25 0.048864 -0.085541 0.028626 -1.715605 -0.034569 -1.653190
    26 0.173918 -0.198414 -0.336163 -1.668104 -0.422317 -1.710956
    27 0.438974 -0.490226 0.388510 0.457988 -0.443911 -1.167613
    28 2.356265 0.010252 0.001103 -0.304005 -0.029854 -0.496318
    29 1.245306 0.004522 -0.002867 -0.000028 0.000034 -0.577668
    30 -0.267709 0.037512 -0.093907 2.913812 -0.143386 0.078467
    31 -0.029266 0.205410 -0.329287 2.788574 -0.255486 -0.188917
    32 0.204373 0.521055 -0.268577 2.886669 0.042206 -0.230367
    33 0.195697 -0.010059 -0.293538 -1.333586 0.150863 -1.672749
    34 1.257181 8.762590 -0.153713 -1.570562 0.002683 -1.566808
    35 -0.093500 -0.114213 -0.738866 -1.570842 0.061811 0.002096
    36 0.010843 0.093623 -0.081439 -3.141462 0.041719 -1.568236
    37 12.546028 -1.320983 -14.392347 -0.763046 0.233181 2.229032
    38 0.104748 -10.673144 -0.009359 0.750080 -0.457961 0.229414
    39 0.549521 -3.642764 -0.341066 -1.188335 -0.027138 -0.041360
    40 0.021779 -1.503640 0.001040 -0.412662 0.000001 -0.000004
    41 0.008139 -0.928479 -0.004582 -0.650774 -0.000002 -0.000001
    42 0.006928 0.005327 -0.181358 -1.528500 -0.248579 -1.611362
    43 -0.052313 0.038588 -0.230758 -1.592493 -0.043415 -1.528515
    44 -0.232600 -0.209658 -0.420670 -1.713790 -0.167173 -1.438930
    45 -0.218280 -3.733712 -0.342176 -1.232701 -0.000005 -0.000032
    46 0.019801 -1.578467 0.006169 -0.358589 0.000031 -0.000009
    47 0.000478 -1.168640 0.000250 -0.540200 0.000033 0.000030
    48 -0.038065 0.069166 -0.159882 -1.816986 0.066178 -1.575392
    49 -0.025151 0.088760 -0.068837 -1.817843 0.044510 -1.568287
    50 -0.102916 -0.186983 -0.272246 -1.833683 -0.232962 -1.472375
    51 -1.034178 -3.578138 -0.339254 -1.009322 0.000031 -0.000003
    52 0.001134 -1.606202 0.006277 -0.419658 0.000003 -0.000002
    53 0.009693 -0.949964 0.008323 -0.651981 0.000001 0.000001
    54 -0.004241 0.043707 -0.080202 -2.014997 -0.186996 -1.460723
    55 0.015383 -0.089136 -0.030009 -2.006083 0.036346 -1.568629
    56 -0.022610 -0.212358 -0.177904 -1.933161 -0.118801 -1.518895
    57 1.301201 -3.227547 -0.338302 -0.974391 -0.047421 -0.066734
    58 0.000596 -1.238418 0.009992 -0.551831 0.000004 0.000009
    59 0.007081 -0.774607 -0.004222 -0.481900 -0.000006 -0.000004
    60 -0.067138 0.063251 -0.010961 -0.899214 -0.014515 -1.600326
    61 -0.151180 -0.007395 -0.070065 -0.913061 -0.118819 -1.408558
    62 -0.178164 -0.244680 -0.357067 -1.159916 -0.384260 -1.556110
    63 -0.385010 -0.459229 0.383545 -0.129647 -0.511419 -2.796852
    64 2.464269 0.027427 0.005130 -0.103328 -0.016858 0.388592
    65 1.223420 0.013261 -0.005766 -0.000003 -0.354988 0.300133
    66 -0.263408 -0.117640 -0.015657 0.000036 -0.082210 -0.026800
    67 0.007707 -0.334360 -0.191576 0.070788 -0.181563 0.282364
    68 0.225562 -0.567923 -0.420715 0.119895 -0.183798 0.223460
    69 -0.203683 -0.095654 -0.328304 -1.745077 0.075142 -1.515382
    70 -1.393460 8.839182 -0.239440 1.580804 -0.005024 -1.566848
    71 0.036020 0.082814 -0.692656 -1.570769 0.065989 0.001276
    72 -0.088586 0.054019 -0.088595 0.010231 0.033800 -1.560851
    73 0.120153 -0.050270 -0.054489 -2.854024 0.030688 -1.580508
    74 -0.139399 -0.111692 0.014400 0.285395 -0.031353 1.580313
    75 1.815922 -4.953960 0.956709 -1.247037 1.437608 -1.233843
    76 1.280673 -7.522364 1.257767 -1.247037 1.437608 -1.233843
    77 3.914122 -5.194223 1.336679 -1.102199 1.470090 -1.123171
    78 3.733238 -6.026484 1.177255 -1.247037 1.437608 -1.233843
    79 2.580781 -6.877804 2.250558 -0.146903 -1.062764 0.148801
    80 3.371094 17.859375 -1.857422 -1.247037 1.437608 -1.233843
  time 58
    0 1.629157 0.000000 0.541027 0.000000 0.000000 -1.570796
    1 -3.455911 9.379379 -10.661919 5.744206 -1.241251 -4.400642
    2 -0.001605 -10.694113 -0.006478 0.344616 -0.091135 -0.140422
    3 -0.652832 -3.630859 -0.348633 -1.107361 -0.060909 -0.152581
    4 -0.013245 -1.508789 0.000002 -1.179837 0.000000 0.000000
    5 -0.000001 -0.953613 0.000000 -1.228718 0.000000 0.000000
    6 0.007988 0.172186 -0.118553 -1.598091 -0.216549 -1.570593
    7 0.080660 0.135929 -0.203919 -1.506824 -0.066185 -1.662786
    8 0.117288 -0.155554 -0.604544 -1.412988 -0.374558 -1.569222
    9 0.128052 -3.761719 -0.348633 -0.873865 -0.036146 -0.178589
    10 -0.006790 -1.571166 0.010633 -1.223362 0.000000 -0.000003
    11 0.000002 -1.163086 -0.000004 -1.567299 0.000000 0.000000
    12 -0.018589 0.129951 -0.123721 -1.294580 0.001302 -1.635383
    13 -0.006160 0.170065 -0.110169 -1.280084 -0.068681 -1.597215
    14 0.047100 -0.104074 -0.352264 -1.243368 -0.257298 -1.694346
    15 0.949219 -3.619141 -0.348633 -0.197224 0.000005 0.130897
    16 -0.015396 -1.600586 0.000000 -0.589916 0.000000 0.000000
    17 -0.002829 -0.941812 0.007065 -0.593400 0.000000 -0.000001
    18 -0.022325 0.045425 -0.038284 -1.125544 -0.129230 -1.681412
    19 -0.042901 -0.061274 -0.071212 -1.124462 -0.060454 -1.586099
    20 0.063741 -0.109104 -0.248158 -1.142813 -0.125805 -1.693583
    21 -1.403345 -3.241619 -0.342301 -1.174547 -0.118715 -0.146526
    22 0.013458 -1.203125 0.000002 -0.977387 0.000000 0.000000
    23 -0.020049 -0.793311 0.002278 -1.034950 0.000001 0.000004
    24 -0.011720 0.093267 0.017949 -1.687855 -0.079155 -1.575164
    25 0.048864 -0.085541 0.028626 -1.715605 -0.034569 -1.653190
    26 0.173918 -0.198414 -0.336163 -1.668104 -0.422317 -1.710956
    27 0.438974 -0.490226 0.396323 0.457988 -0.443923 -1.167613
    28 2.356265 0.014158 0.005009 -0.304005 -0.029854 -0.496318
    29 1.245306 0.004522 -0.002867 -0.000028 0.000034 -0.577668
    30 -0.267709 0.037512 -0.093907 2.913812 -0.143386 0.078467
    31 -0.029266 0.205410 -0.329287 2.788574 -0.255486 -0.188917
    32 0.204373 0.521055 -0.268577 2.886669 0.042206 -0.230367
    33 0.195697 -0.010059 -0.293538 -1.333586 0.150863 -1.672749
    34 1.257181 8.762590 -0.153713 -1.570562 0.002683 -1.566808
    35 -0.093500 -0.114213 -0.738866 -1.570842 0.061811 0.002096
    36 0.010843 0.093623 -0.081439 -3.141462 0.041719 -1.568236
    37 13.108546 -1.274107 -14.298595 -0.788984 0.255043 2.219396
    38 0.108654 -10.673144 -0.009359 0.728138 -0.453671 0.233271
    39 0.549521 -3.646670 -0.337160 -1.168716 -0.027210 -0.041096
    40 0.017872 -1.503640 0.004947 -0.411829 0.000001 -0.000004
    41 0.012045 -0.932386 -0.008488 -0.645565 -0.000002 -0.000001
    42 0.006928 0.005327 -0.181358 -1.528500 -0.248579 -1.611362
    43 -0.052313 0.038588 -0.230758 -1.592493 -0.043415 -1.528515
    44 -0.232600 -0.209658 -0.420670 -1.713790 -0.167173 -1.438930
    45 -0.222187 -3.733712 -0.342176 -1.212892 -0.000005 -0.000032
    46 0.023707 -1.582373 0.006169 -0.357728 0.000031 -0.000009
    47 0.000478 -1.172547 0.000250 -0.532142 0.000033 0.000030
    48 -0.038065 0.069166 -0.159882 -1.816986 0.066178 -1.575392
    49 -0.025151 0.088760 -0.068837 -1.817843 0.044510 -1.568287
    50 -0.102916 -0.186983 -0.272246 -1.833683 -0.232962 -1.472375
    51 -1.030272 -3.582044 -0.339254 -0.989549 0.000031 -0.000003
    52 0.001134 -1.610108 0.006277 -0.418801 0.000003 -0.000002
    53 0.009693 -0.949964 0.008323 -0.643897 0.000001 0.000001
    54 -0.004241 0.043707 -0.080202 -2.014997 -0.186996 -1.460723
    55 0.015383 -0.089136 -0.030009 -2.006083 0.036346 -1.568629
    56 -0.022610 -0.212358 -0.177904 -1.933161 -0.118801 -1.518895
    57 1.309013 -3.227547 -0.338302 -0.954667 -0.047553 -0.066330
    58 0.004503 -1.238418 0.006086 -0.544517 0.000004 0.000009
    59 0.003174 -0.774607 -0.004222 -0.490435 -0.000006 -0.000004
    60 -0.067138 0.063251 -0.010961 -0.899214 -0.014515 -1.600326
    61 -0.151180 -0.007395 -0.070065 -0.913061 -0.118819 -1.408558
    62 -0.178164 -0.244680 -0.357067 -1.159916 -0.384260 -1.556110
    63 -0.385010 -0.459229 0.383545 -0.129647 -0.511419 -2.796852
    64 2.468175 0.027427 0.005130 -0.103292 -0.017074 0.386467
    65 1.219513 0.013261 -0.005766 -0.000003 -0.349054 0.300133
    66 -0.263408 -0.117640 -0.015657 0.000036 -0.082210 -0.026800
    67 0.007707 -0.334360 -0.191576 0.070788 -0.181563 0.282364
    68 0.225562 -0.567923 -0.420715 0.119895 -0.183798 0.223460
    69 -0.203683 -0.095654 -0.328304 -1.745077 0.075142 -1.515382
    70 -1.393460 8.839182 -0.239440 1.580804 -0.005024 -1.566848
    71 0.036020 0.082814 -0.692656 -1.570769 0.065989 0.001276
    72 -0.088586 0.054019 -0.088595 0.010231 0.033800 -1.560851
    73 0.120153 -0.050270 -0.054489 -2.854024 0.030688 -1.580508
    74 -0.139399 -0.111692 0.014400 0.285395 -0.031353 1.580313
    75 1.815922 -4.953960 0.956709 -1.247037 1.437608 -1.233843
    76 1.280673 -7.522364 1.257767 -1.247037 1.437608 -1.233843
    77 3.914122 -5.194223 1.336679 -1.102199 1.470090 -1.123171
    78 3.733238 -6.026484 1.177255 -1.247037 1.437608 -1.233843
    79 2.580781 -6.873898 2.242746 -0.148963 -1.070083 0.151092
    80 3.371094 17.859375 -1.857422 -1.247037 1.437608 -1.233843
end
