// Created by Crowbar 0.74
version 1
nodes
  0 "root" -1
  1 "Bone01" 0
  2 "Bone_Lefthand" 1
  3 "Bone13" 2
  4 "Bone14" 3
  5 "Bone15" 4
  6 "ValveBiped.Bip01_L_Finger32" 5
  7 "ValveBiped.Bip01_L_Finger31" 4
  8 "ValveBiped.Bip01_L_Finger3" 3
  9 "Bone17" 2
  10 "Bone18" 9
  11 "Bone19" 10
  12 "ValveBiped.Bip01_L_Finger22" 11
  13 "ValveBiped.Bip01_L_Finger21" 10
  14 "ValveBiped.Bip01_L_Finger2" 9
  15 "Bone21" 2
  16 "Bone22" 15
  17 "Bone23" 16
  18 "ValveBiped.Bip01_L_Finger12" 17
  19 "ValveBiped.Bip01_L_Finger11" 16
  20 "ValveBiped.Bip01_L_Finger1" 15
  21 "Bone09" 2
  22 "Bone10" 21
  23 "Bone11" 22
  24 "ValveBiped.Bip01_L_Finger42" 23
  25 "ValveBiped.Bip01_L_Finger41" 22
  26 "ValveBiped.Bip01_L_Finger4" 21
  27 "Bone05" 2
  28 "Bone06" 27
  29 "Bone07" 28
  30 "ValveBiped.Bip01_L_Finger02" 29
  31 "ValveBiped.Bip01_L_Finger01" 28
  32 "ValveBiped.Bip01_L_Finger0" 27
  33 "ValveBiped.Bip01_L_Hand" 2
  34 "Bone_L_Upper" 1
  35 "ValveBiped.Bip01_L_UpperArm" 34
  36 "ValveBiped.Bip01_L_Forearm" 1
  37 "Bone04" 0
  38 "Bone_Righthand" 37
  39 "Bone39" 38
  40 "Bone40" 39
  41 "Bone41" 40
  42 "ValveBiped.Bip01_R_Finger32" 41
  43 "ValveBiped.Bip01_R_Finger31" 40
  44 "ValveBiped.Bip01_R_Finger3" 39
  45 "Bone35" 38
  46 "Bone36" 45
  47 "Bone37" 46
  48 "ValveBiped.Bip01_R_Finger22" 47
  49 "ValveBiped.Bip01_R_Finger21" 46
  50 "ValveBiped.Bip01_R_Finger2" 45
  51 "Bone31" 38
  52 "Bone32" 51
  53 "Bone33" 52
  54 "ValveBiped.Bip01_R_Finger12" 53
  55 "ValveBiped.Bip01_R_Finger11" 52
  56 "ValveBiped.Bip01_R_Finger1" 51
  57 "Bone43" 38
  58 "Bone44" 57
  59 "Bone45" 58
  60 "ValveBiped.Bip01_R_Finger42" 59
  61 "ValveBiped.Bip01_R_Finger41" 58
  62 "ValveBiped.Bip01_R_Finger4" 57
  63 "Bone27" 38
  64 "Bone28" 63
  65 "Bone29" 64
  66 "ValveBiped.Bip01_R_Finger02" 65
  67 "ValveBiped.Bip01_R_Finger01" 64
  68 "ValveBiped.Bip01_R_Finger0" 63
  69 "ValveBiped.Bip01_R_Hand" 38
  70 "Bone_R_Upper" 37
  71 "ValveBiped.Bip01_R_UpperArm" 70
  72 "ValveBiped.Bip01_R_Forearm" 37
  73 "Bone_Se_Hand-L" 2
  74 "Bone_Se_Hand-R" 38
  75 "Bone25" 2
  76 "Bone54" 2
  77 "Bone52" 2
  78 "Bone50" 2
  79 "Bone56" 2
  80 "Bone48" 2
end
skeleton
  time 0
    0 1.629157 0.000000 0.541027 0.000000 0.000000 -1.570796
    1 -3.752795 9.973147 -12.814328 5.319095 -1.105777 -4.026747
    2 -0.001605 -10.694113 -0.002571 0.411080 0.000103 -0.290187
    3 -0.652344 -3.626953 -0.348633 -1.107361 -0.060909 -0.152581
    4 -0.003083 -1.507134 0.002508 -1.179809 -0.000001 -0.000002
    5 0.005351 -0.954641 -0.011390 -1.228687 0.000000 0.000000
    6 0.007988 0.172186 -0.118553 -1.598091 -0.216549 -1.570593
    7 0.080660 0.135929 -0.203919 -1.506824 -0.066185 -1.662786
    8 0.117288 -0.155554 -0.604544 -1.412988 -0.374558 -1.569222
    9 0.132836 -3.754290 -0.343868 -0.873787 -0.036118 -0.178589
    10 -0.010696 -1.563353 0.006726 -1.223362 0.000000 -0.000003
    11 -0.002891 -1.156134 0.006655 -1.567260 0.000000 0.000000
    12 -0.018589 0.129951 -0.123721 -1.294580 0.001302 -1.635383
    13 -0.006160 0.170065 -0.110169 -1.280084 -0.068681 -1.597215
    14 0.047100 -0.104074 -0.352264 -1.243368 -0.257298 -1.694346
    15 0.949219 -3.619141 -0.348389 -0.197224 0.000005 0.130897
    16 -0.017794 -1.592453 -0.011256 -1.264129 0.050383 -0.196152
    17 -0.006736 -0.941812 0.007065 -0.593400 0.000000 -0.000001
    18 -0.022325 0.045425 -0.038284 -1.125544 -0.129230 -1.681412
    19 -0.042901 -0.061274 -0.071212 -1.124462 -0.060454 -1.586099
    20 0.063741 -0.109104 -0.248158 -1.142813 -0.125805 -1.693583
    21 -1.403345 -3.245525 -0.342301 -1.174547 -0.118715 -0.146526
    22 0.013458 -1.204102 0.000006 -0.977389 0.000000 0.000000
    23 -0.020049 -0.797217 0.006185 -1.034950 0.000001 0.000004
    24 -0.011720 0.093267 0.017949 -1.687855 -0.079155 -1.575164
    25 0.048864 -0.085541 0.028626 -1.715605 -0.034569 -1.653190
    26 0.173918 -0.198414 -0.336163 -1.668104 -0.422317 -1.710956
    27 0.438477 -0.485596 0.397461 0.458009 -0.443930 -1.167629
    28 2.357422 0.016098 -0.000003 -0.304010 -0.029872 -0.496328
    29 1.250977 -0.000336 0.000001 0.000000 0.000000 -0.577698
    30 -0.267709 0.037512 -0.093907 2.913812 -0.143386 0.078467
    31 -0.029266 0.205410 -0.329287 2.788574 -0.255486 -0.188917
    32 0.204373 0.521055 -0.268577 2.886669 0.042206 -0.230367
    33 0.195697 -0.010059 -0.293538 -1.333586 0.150863 -1.672749
    34 1.257181 8.762590 -0.153713 -1.570562 0.002683 -1.566808
    35 -0.093500 -0.114213 -0.738866 -1.570842 0.061811 0.002096
    36 0.010843 0.093623 -0.081439 -3.141462 0.041719 -1.568236
    37 12.100702 -0.434237 -13.876707 -0.788984 0.255043 2.219396
    38 0.112366 -10.671875 0.000002 0.728138 -0.453677 0.233294
    39 0.554688 -3.648438 -0.346924 -1.168819 -0.027241 -0.041119
    40 0.026276 -1.508789 -0.000002 -0.411892 0.000000 0.000000
    41 0.013245 -0.926270 0.000000 -0.645836 0.000000 0.000000
    42 0.006928 0.005327 -0.181358 -1.528500 -0.248579 -1.611362
    43 -0.052313 0.038588 -0.230758 -1.592493 -0.043415 -1.528515
    44 -0.232600 -0.209658 -0.420670 -1.713790 -0.167173 -1.438930
    45 -0.212769 -3.742188 -0.346680 -1.213027 0.000000 0.000000
    46 0.013245 -1.576172 0.000002 -0.357796 0.000000 0.000000
    47 -0.000001 -1.176758 0.000002 -0.532325 0.000000 0.000000
    48 -0.038065 0.069166 -0.159882 -1.816986 0.066178 -1.575392
    49 -0.025151 0.088760 -0.068837 -1.817843 0.044510 -1.568287
    50 -0.102916 -0.186983 -0.272246 -1.833683 -0.232962 -1.472375
    51 -1.032227 -3.582031 -0.346924 -0.989614 0.000000 0.000000
    52 -0.000003 -1.616211 0.000004 -0.418875 0.000000 0.000000
    53 0.000001 -0.940430 0.000002 -0.644032 0.000000 0.000000
    54 -0.004241 0.043707 -0.080202 -2.014997 -0.186996 -1.460723
    55 0.015383 -0.089136 -0.030009 -2.006083 0.036346 -1.568629
    56 -0.022610 -0.212358 -0.177904 -1.933161 -0.118801 -1.518895
    57 1.308594 -3.224609 -0.346924 -0.954800 -0.047561 -0.066331
    58 -0.000007 -1.244141 -0.000006 -0.544561 0.000000 0.000000
    59 0.000003 -0.767090 0.000000 -0.490484 0.000000 0.000000
    60 -0.067138 0.063251 -0.010961 -0.899214 -0.014515 -1.600326
    61 -0.151180 -0.007395 -0.070065 -0.913061 -0.118819 -1.408558
    62 -0.178164 -0.244680 -0.357067 -1.159916 -0.384260 -1.556110
    63 -0.384766 -0.458984 0.383789 -0.129647 -0.511419 -2.796852
    64 2.472656 0.024429 0.000001 -0.103313 -0.017074 0.386590
    65 1.226563 0.003979 0.000000 -0.000001 -0.349054 0.300192
    66 -0.263408 -0.117640 -0.015657 0.000036 -0.082210 -0.026800
    67 0.007707 -0.334360 -0.191576 0.070788 -0.181563 0.282364
    68 0.225562 -0.567923 -0.420715 0.119895 -0.183798 0.223460
    69 -0.203683 -0.095654 -0.328304 -1.745077 0.075142 -1.515382
    70 -1.393460 8.839182 -0.239440 1.580804 -0.005024 -1.566848
    71 0.036020 0.082814 -0.692656 -1.570769 0.065989 0.001276
    72 -0.088586 0.054019 -0.088595 0.010231 0.033800 -1.560851
    73 0.120153 -0.050270 -0.054489 -2.854024 0.030688 -1.580508
    74 -0.139399 -0.111692 0.014400 0.285395 -0.031353 1.580313
    75 1.815922 -4.953960 0.956709 -0.433023 1.505321 -0.757497
    76 1.280673 -7.522364 1.257767 -1.247037 1.437608 -1.233843
    77 3.914122 -5.194223 1.336679 -1.102199 1.470090 -1.123171
    78 3.733238 -4.655348 1.060064 -1.247037 1.437608 -1.233843
    79 2.570313 -6.875000 2.244141 -0.148865 -1.070098 0.151247
    80 3.797684 -22.610472 3.277112 -1.247037 1.437608 -1.233843
  time 1
    0 1.629157 0.000000 0.541027 0.000000 0.000000 -1.570796
    1 -3.686387 10.172372 -13.533100 5.336510 -1.116837 -4.045729
    2 -0.009418 -10.694113 -0.002571 0.408760 -0.001675 -0.286011
    3 -0.652344 -3.626953 -0.348633 -1.107361 -0.060909 -0.152581
    4 -0.010896 -1.507134 0.010321 -1.179809 -0.000001 -0.000002
    5 0.001444 -0.954641 -0.007484 -1.228687 0.000000 0.000000
    6 0.007988 0.172186 -0.118553 -1.598091 -0.216549 -1.570593
    7 0.080660 0.135929 -0.203919 -1.506824 -0.066185 -1.662786
    8 0.117288 -0.155554 -0.604544 -1.412988 -0.374558 -1.569222
    9 0.132836 -3.758196 -0.343868 -0.873787 -0.036118 -0.178589
    10 -0.006790 -1.563353 0.002820 -1.223362 0.000000 -0.000003
    11 -0.010704 -1.156134 0.006655 -1.567260 0.000000 0.000000
    12 -0.018589 0.129951 -0.123721 -1.294580 0.001302 -1.635383
    13 -0.006160 0.170065 -0.110169 -1.280084 -0.068681 -1.597215
    14 0.047100 -0.104074 -0.352264 -1.243368 -0.257298 -1.694346
    15 0.949219 -3.619141 -0.348389 -0.197224 0.000005 0.130897
    16 -0.021700 -1.592453 -0.011256 -1.264129 0.050383 -0.196152
    17 -0.006736 -0.945718 0.007065 -0.593400 0.000000 -0.000001
    18 -0.022325 0.045425 -0.038284 -1.125544 -0.129230 -1.681412
    19 -0.042901 -0.061274 -0.071212 -1.124462 -0.060454 -1.586099
    20 0.063741 -0.109104 -0.248158 -1.142813 -0.125805 -1.693583
    21 -1.403345 -3.241619 -0.346207 -1.174547 -0.118715 -0.146526
    22 0.013458 -1.204102 0.000006 -0.977389 0.000000 0.000000
    23 -0.020049 -0.797217 0.002278 -1.034950 0.000001 0.000004
    24 -0.011720 0.093267 0.017949 -1.687855 -0.079155 -1.575164
    25 0.048864 -0.085541 0.028626 -1.715605 -0.034569 -1.653190
    26 0.173918 -0.198414 -0.336163 -1.668104 -0.422317 -1.710956
    27 0.438477 -0.485596 0.397461 0.458009 -0.443930 -1.167629
    28 2.357422 0.016098 -0.000003 -0.304010 -0.029872 -0.496328
    29 1.250977 -0.000336 0.000001 0.000000 0.000000 -0.577698
    30 -0.267709 0.037512 -0.093907 2.913812 -0.143386 0.078467
    31 -0.029266 0.205410 -0.329287 2.788574 -0.255486 -0.188917
    32 0.204373 0.521055 -0.268577 2.886669 0.042206 -0.230367
    33 0.195697 -0.010059 -0.293538 -1.333586 0.150863 -1.672749
    34 1.257181 8.762590 -0.153713 -1.570562 0.002683 -1.566808
    35 -0.093500 -0.114213 -0.738866 -1.570842 0.061811 0.002096
    36 0.010843 0.093623 -0.081439 -3.141462 0.041719 -1.568236
    37 12.190549 -0.332672 -14.822048 -0.788984 0.255043 2.219396
    38 0.112366 -10.671875 0.000002 0.728138 -0.453677 0.233294
    39 0.554688 -3.648438 -0.346924 -1.168819 -0.027241 -0.041119
    40 0.026276 -1.508789 -0.000002 -0.411892 0.000000 0.000000
    41 0.013245 -0.926270 0.000000 -0.645836 0.000000 0.000000
    42 0.006928 0.005327 -0.181358 -1.528500 -0.248579 -1.611362
    43 -0.052313 0.038588 -0.230758 -1.592493 -0.043415 -1.528515
    44 -0.232600 -0.209658 -0.420670 -1.713790 -0.167173 -1.438930
    45 -0.212769 -3.742188 -0.346680 -1.213027 0.000000 0.000000
    46 0.013245 -1.576172 0.000002 -0.357796 0.000000 0.000000
    47 -0.000001 -1.176758 0.000002 -0.532325 0.000000 0.000000
    48 -0.038065 0.069166 -0.159882 -1.816986 0.066178 -1.575392
    49 -0.025151 0.088760 -0.068837 -1.817843 0.044510 -1.568287
    50 -0.102916 -0.186983 -0.272246 -1.833683 -0.232962 -1.472375
    51 -1.032227 -3.582031 -0.346924 -0.989614 0.000000 0.000000
    52 -0.000003 -1.616211 0.000004 -0.418875 0.000000 0.000000
    53 0.000001 -0.940430 0.000002 -0.644032 0.000000 0.000000
    54 -0.004241 0.043707 -0.080202 -2.014997 -0.186996 -1.460723
    55 0.015383 -0.089136 -0.030009 -2.006083 0.036346 -1.568629
    56 -0.022610 -0.212358 -0.177904 -1.933161 -0.118801 -1.518895
    57 1.308594 -3.224609 -0.346924 -0.954800 -0.047561 -0.066331
    58 -0.000007 -1.244141 -0.000006 -0.544561 0.000000 0.000000
    59 0.000003 -0.767090 0.000000 -0.490484 0.000000 0.000000
    60 -0.067138 0.063251 -0.010961 -0.899214 -0.014515 -1.600326
    61 -0.151180 -0.007395 -0.070065 -0.913061 -0.118819 -1.408558
    62 -0.178164 -0.244680 -0.357067 -1.159916 -0.384260 -1.556110
    63 -0.384766 -0.458984 0.383789 -0.129647 -0.511419 -2.796852
    64 2.472656 0.024429 0.000001 -0.103313 -0.017074 0.386590
    65 1.226563 0.003979 0.000000 -0.000001 -0.349054 0.300192
    66 -0.263408 -0.117640 -0.015657 0.000036 -0.082210 -0.026800
    67 0.007707 -0.334360 -0.191576 0.070788 -0.181563 0.282364
    68 0.225562 -0.567923 -0.420715 0.119895 -0.183798 0.223460
    69 -0.203683 -0.095654 -0.328304 -1.745077 0.075142 -1.515382
    70 -1.393460 8.839182 -0.239440 1.580804 -0.005024 -1.566848
    71 0.036020 0.082814 -0.692656 -1.570769 0.065989 0.001276
    72 -0.088586 0.054019 -0.088595 0.010231 0.033800 -1.560851
    73 0.120153 -0.050270 -0.054489 -2.854024 0.030688 -1.580508
    74 -0.139399 -0.111692 0.014400 0.285395 -0.031353 1.580313
    75 1.815922 -4.953960 0.956709 -0.432998 1.505321 -0.757512
    76 1.280673 -7.522364 1.257767 -1.247037 1.437608 -1.233843
    77 3.914122 -5.194223 1.336679 -1.102199 1.470090 -1.123171
    78 3.729332 -3.276400 0.938966 -1.247037 1.437608 -1.233843
    79 2.570313 -6.875000 2.244141 -0.148865 -1.070098 0.151247
    80 3.797684 -22.610472 3.277112 -1.247037 1.437608 -1.233843
  time 2
    0 1.629157 0.000000 0.541027 0.000000 0.000000 -1.570796
    1 -3.291844 10.016117 -12.947145 5.402779 -1.149663 -4.108620
    2 -0.005512 -10.694113 -0.006478 0.400048 -0.012477 -0.266945
    3 -0.652344 -3.626953 -0.348633 -1.107361 -0.060909 -0.152581
    4 -0.010896 -1.503228 0.006415 -1.179809 -0.000001 -0.000002
    5 0.005351 -0.954641 -0.007484 -1.228687 0.000000 0.000000
    6 0.007988 0.172186 -0.118553 -1.598091 -0.216549 -1.570593
    7 0.080660 0.135929 -0.203919 -1.506824 -0.066185 -1.662786
    8 0.117288 -0.155554 -0.604544 -1.412988 -0.374558 -1.569222
    9 0.128929 -3.754290 -0.343868 -0.873787 -0.036118 -0.178589
    10 -0.006790 -1.563353 0.006726 -1.223362 0.000000 -0.000003
    11 -0.006798 -1.156134 0.002748 -1.567260 0.000000 0.000000
    12 -0.018589 0.129951 -0.123721 -1.294580 0.001302 -1.635383
    13 -0.006160 0.170065 -0.110169 -1.280084 -0.068681 -1.597215
    14 0.047100 -0.104074 -0.352264 -1.243368 -0.257298 -1.694346
    15 0.949219 -3.619141 -0.348389 -0.197224 0.000005 0.130897
    16 -0.025606 -1.592453 -0.007350 -1.264129 0.050383 -0.196152
    17 -0.006736 -0.941812 0.007065 -0.593400 0.000000 -0.000001
    18 -0.022325 0.045425 -0.038284 -1.125544 -0.129230 -1.681412
    19 -0.042901 -0.061274 -0.071212 -1.124462 -0.060454 -1.586099
    20 0.063741 -0.109104 -0.248158 -1.142813 -0.125805 -1.693583
    21 -1.403345 -3.241619 -0.342301 -1.174547 -0.118715 -0.146526
    22 0.013458 -1.204102 0.000006 -0.977389 0.000000 0.000000
    23 -0.020049 -0.793311 0.002278 -1.034950 0.000001 0.000004
    24 -0.011720 0.093267 0.017949 -1.687855 -0.079155 -1.575164
    25 0.048864 -0.085541 0.028626 -1.715605 -0.034569 -1.653190
    26 0.173918 -0.198414 -0.336163 -1.668104 -0.422317 -1.710956
    27 0.438477 -0.485596 0.397461 0.458009 -0.443930 -1.167629
    28 2.357422 0.016098 -0.000003 -0.304010 -0.029872 -0.496328
    29 1.250977 -0.000336 0.000001 0.000000 0.000000 -0.577698
    30 -0.267709 0.037512 -0.093907 2.913812 -0.143386 0.078467
    31 -0.029266 0.205410 -0.329287 2.788574 -0.255486 -0.188917
    32 0.204373 0.521055 -0.268577 2.886669 0.042206 -0.230367
    33 0.195697 -0.010059 -0.293538 -1.333586 0.150863 -1.672749
    34 1.257181 8.762590 -0.153713 -1.570562 0.002683 -1.566808
    35 -0.093500 -0.114213 -0.738866 -1.570842 0.061811 0.002096
    36 0.010843 0.093623 -0.081439 -3.141462 0.041719 -1.568236
    37 12.835100 -0.680339 -14.837674 -0.788984 0.255043 2.219396
    38 0.112366 -10.671875 0.000002 0.728138 -0.453677 0.233294
    39 0.554688 -3.648438 -0.346924 -1.168819 -0.027241 -0.041119
    40 0.026276 -1.508789 -0.000002 -0.411892 0.000000 0.000000
    41 0.013245 -0.926270 0.000000 -0.645836 0.000000 0.000000
    42 0.006928 0.005327 -0.181358 -1.528500 -0.248579 -1.611362
    43 -0.052313 0.038588 -0.230758 -1.592493 -0.043415 -1.528515
    44 -0.232600 -0.209658 -0.420670 -1.713790 -0.167173 -1.438930
    45 -0.212769 -3.742188 -0.346680 -1.213027 0.000000 0.000000
    46 0.013245 -1.576172 0.000002 -0.357796 0.000000 0.000000
    47 -0.000001 -1.176758 0.000002 -0.532325 0.000000 0.000000
    48 -0.038065 0.069166 -0.159882 -1.816986 0.066178 -1.575392
    49 -0.025151 0.088760 -0.068837 -1.817843 0.044510 -1.568287
    50 -0.102916 -0.186983 -0.272246 -1.833683 -0.232962 -1.472375
    51 -1.032227 -3.582031 -0.346924 -0.989614 0.000000 0.000000
    52 -0.000003 -1.616211 0.000004 -0.418875 0.000000 0.000000
    53 0.000001 -0.940430 0.000002 -0.644032 0.000000 0.000000
    54 -0.004241 0.043707 -0.080202 -2.014997 -0.186996 -1.460723
    55 0.015383 -0.089136 -0.030009 -2.006083 0.036346 -1.568629
    56 -0.022610 -0.212358 -0.177904 -1.933161 -0.118801 -1.518895
    57 1.308594 -3.224609 -0.346924 -0.954800 -0.047561 -0.066331
    58 -0.000007 -1.244141 -0.000006 -0.544561 0.000000 0.000000
    59 0.000003 -0.767090 0.000000 -0.490484 0.000000 0.000000
    60 -0.067138 0.063251 -0.010961 -0.899214 -0.014515 -1.600326
    61 -0.151180 -0.007395 -0.070065 -0.913061 -0.118819 -1.408558
    62 -0.178164 -0.244680 -0.357067 -1.159916 -0.384260 -1.556110
    63 -0.384766 -0.458984 0.383789 -0.129647 -0.511419 -2.796852
    64 2.472656 0.024429 0.000001 -0.103313 -0.017074 0.386590
    65 1.226563 0.003979 0.000000 -0.000001 -0.349054 0.300192
    66 -0.263408 -0.117640 -0.015657 0.000036 -0.082210 -0.026800
    67 0.007707 -0.334360 -0.191576 0.070788 -0.181563 0.282364
    68 0.225562 -0.567923 -0.420715 0.119895 -0.183798 0.223460
    69 -0.203683 -0.095654 -0.328304 -1.745077 0.075142 -1.515382
    70 -1.393460 8.839182 -0.239440 1.580804 -0.005024 -1.566848
    71 0.036020 0.082814 -0.692656 -1.570769 0.065989 0.001276
    72 -0.088586 0.054019 -0.088595 0.010231 0.033800 -1.560851
    73 0.120153 -0.050270 -0.054489 -2.854024 0.030688 -1.580508
    74 -0.139399 -0.111692 0.014400 0.285395 -0.031353 1.580313
    75 1.815922 -4.953960 0.956709 -0.432998 1.505321 -0.757512
    76 1.280673 -7.522364 1.257767 -1.247037 1.437608 -1.233843
    77 3.914122 -5.194223 1.336679 -1.102199 1.470090 -1.123171
    78 3.733238 -3.788134 0.981936 -1.247037 1.437608 -1.233843
    79 2.570313 -6.875000 2.244141 -0.148865 -1.070098 0.151247
    80 3.797684 -22.610472 3.277112 -1.247037 1.437608 -1.233843
  time 3
    0 1.629157 0.000000 0.541027 0.000000 0.000000 -1.570796
    1 -2.791828 9.730952 -11.872893 5.490221 -1.183981 -4.190781
    2 -0.009418 -10.694113 -0.002571 0.388078 -0.027313 -0.241240
    3 -0.652344 -3.626953 -0.348633 -1.107361 -0.060909 -0.152581
    4 -0.006990 -1.507134 0.006415 -1.179809 -0.000001 -0.000002
    5 0.001444 -0.954641 -0.011390 -1.228687 0.000000 0.000000
    6 0.007988 0.172186 -0.118553 -1.598091 -0.216549 -1.570593
    7 0.080660 0.135929 -0.203919 -1.506824 -0.066185 -1.662786
    8 0.117288 -0.155554 -0.604544 -1.412988 -0.374558 -1.569222
    9 0.132836 -3.758196 -0.343868 -0.873787 -0.036118 -0.178589
    10 -0.010696 -1.563353 0.002820 -1.223362 0.000000 -0.000003
    11 -0.002891 -1.156134 0.002748 -1.567260 0.000000 0.000000
    12 -0.018589 0.129951 -0.123721 -1.294580 0.001302 -1.635383
    13 -0.006160 0.170065 -0.110169 -1.280084 -0.068681 -1.597215
    14 0.047100 -0.104074 -0.352264 -1.243368 -0.257298 -1.694346
    15 0.949219 -3.619141 -0.348389 -0.197224 0.000005 0.130897
    16 -0.021700 -1.592453 -0.003443 -1.264168 0.050383 -0.196152
    17 -0.002829 -0.945718 0.010971 -0.593400 0.000000 -0.000001
    18 -0.022325 0.045425 -0.038284 -1.125544 -0.129230 -1.681412
    19 -0.042901 -0.061274 -0.071212 -1.124462 -0.060454 -1.586099
    20 0.063741 -0.109104 -0.248158 -1.142813 -0.125805 -1.693583
    21 -1.407252 -3.245525 -0.342301 -1.174547 -0.118715 -0.146526
    22 0.013458 -1.204102 0.000006 -0.977389 0.000000 0.000000
    23 -0.020049 -0.793311 0.002278 -1.034950 0.000001 0.000004
    24 -0.011720 0.093267 0.017949 -1.687855 -0.079155 -1.575164
    25 0.048864 -0.085541 0.028626 -1.715605 -0.034569 -1.653190
    26 0.173918 -0.198414 -0.336163 -1.668104 -0.422317 -1.710956
    27 0.438477 -0.485596 0.397461 0.458009 -0.443930 -1.167629
    28 2.357422 0.016098 -0.000003 -0.304010 -0.029872 -0.496328
    29 1.250977 -0.000336 0.000001 0.000000 0.000000 -0.577698
    30 -0.267709 0.037512 -0.093907 2.913812 -0.143386 0.078467
    31 -0.029266 0.205410 -0.329287 2.788574 -0.255486 -0.188917
    32 0.204373 0.521055 -0.268577 2.886669 0.042206 -0.230367
    33 0.195697 -0.010059 -0.293538 -1.333586 0.150863 -1.672749
    34 1.257181 8.762590 -0.153713 -1.570562 0.002683 -1.566808
    35 -0.093500 -0.114213 -0.738866 -1.570842 0.061811 0.002096
    36 0.010843 0.093623 -0.081439 -3.141462 0.041719 -1.568236
    37 13.534340 -1.137384 -14.521258 -0.788984 0.255043 2.219396
    38 0.112366 -10.671875 0.000002 0.728138 -0.453677 0.233294
    39 0.554688 -3.648438 -0.346924 -1.168819 -0.027241 -0.041119
    40 0.026276 -1.508789 -0.000002 -0.411892 0.000000 0.000000
    41 0.013245 -0.926270 0.000000 -0.645836 0.000000 0.000000
    42 0.006928 0.005327 -0.181358 -1.528500 -0.248579 -1.611362
    43 -0.052313 0.038588 -0.230758 -1.592493 -0.043415 -1.528515
    44 -0.232600 -0.209658 -0.420670 -1.713790 -0.167173 -1.438930
    45 -0.212769 -3.742188 -0.346680 -1.213027 0.000000 0.000000
    46 0.013245 -1.576172 0.000002 -0.357796 0.000000 0.000000
    47 -0.000001 -1.176758 0.000002 -0.532325 0.000000 0.000000
    48 -0.038065 0.069166 -0.159882 -1.816986 0.066178 -1.575392
    49 -0.025151 0.088760 -0.068837 -1.817843 0.044510 -1.568287
    50 -0.102916 -0.186983 -0.272246 -1.833683 -0.232962 -1.472375
    51 -1.032227 -3.582031 -0.346924 -0.989614 0.000000 0.000000
    52 -0.000003 -1.616211 0.000004 -0.418875 0.000000 0.000000
    53 0.000001 -0.940430 0.000002 -0.644032 0.000000 0.000000
    54 -0.004241 0.043707 -0.080202 -2.014997 -0.186996 -1.460723
    55 0.015383 -0.089136 -0.030009 -2.006083 0.036346 -1.568629
    56 -0.022610 -0.212358 -0.177904 -1.933161 -0.118801 -1.518895
    57 1.308594 -3.224609 -0.346924 -0.954800 -0.047561 -0.066331
    58 -0.000007 -1.244141 -0.000006 -0.544561 0.000000 0.000000
    59 0.000003 -0.767090 0.000000 -0.490484 0.000000 0.000000
    60 -0.067138 0.063251 -0.010961 -0.899214 -0.014515 -1.600326
    61 -0.151180 -0.007395 -0.070065 -0.913061 -0.118819 -1.408558
    62 -0.178164 -0.244680 -0.357067 -1.159916 -0.384260 -1.556110
    63 -0.384766 -0.458984 0.383789 -0.129647 -0.511419 -2.796852
    64 2.472656 0.024429 0.000001 -0.103313 -0.017074 0.386590
    65 1.226563 0.003979 0.000000 -0.000001 -0.349054 0.300192
    66 -0.263408 -0.117640 -0.015657 0.000036 -0.082210 -0.026800
    67 0.007707 -0.334360 -0.191576 0.070788 -0.181563 0.282364
    68 0.225562 -0.567923 -0.420715 0.119895 -0.183798 0.223460
    69 -0.203683 -0.095654 -0.328304 -1.745077 0.075142 -1.515382
    70 -1.393460 8.839182 -0.239440 1.580804 -0.005024 -1.566848
    71 0.036020 0.082814 -0.692656 -1.570769 0.065989 0.001276
    72 -0.088586 0.054019 -0.088595 0.010231 0.033800 -1.560851
    73 0.120153 -0.050270 -0.054489 -2.854024 0.030688 -1.580508
    74 -0.139399 -0.111692 0.014400 0.285395 -0.031353 1.580313
    75 1.815922 -4.953960 0.956709 -0.432973 1.505321 -0.757512
    76 1.280673 -7.522364 1.257767 -1.247037 1.437608 -1.233843
    77 3.914122 -5.194223 1.336679 -1.102199 1.470090 -1.123171
    78 3.729332 -5.213959 1.114753 -1.247037 1.437608 -1.233843
    79 2.570313 -6.875000 2.244141 -0.148865 -1.070098 0.151247
    80 3.797684 -22.610472 3.277112 -1.247037 1.437608 -1.233843
  time 4
    0 1.629157 0.000000 0.541027 0.000000 0.000000 -1.570796
    1 -2.420723 9.535633 -11.130683 5.551174 -1.203159 -4.247633
    2 -0.001605 -10.694113 -0.002571 0.376355 -0.041602 -0.217184
    3 -0.652344 -3.626953 -0.348633 -1.107361 -0.060909 -0.152581
    4 -0.006990 -1.503228 0.002508 -1.179809 -0.000001 -0.000002
    5 0.001444 -0.954641 -0.007484 -1.228687 0.000000 0.000000
    6 0.007988 0.172186 -0.118553 -1.598091 -0.216549 -1.570593
    7 0.080660 0.135929 -0.203919 -1.506824 -0.066185 -1.662786
    8 0.117288 -0.155554 -0.604544 -1.412988 -0.374558 -1.569222
    9 0.132836 -3.758196 -0.343868 -0.873787 -0.036118 -0.178589
    10 -0.010696 -1.563353 0.010633 -1.223362 0.000000 -0.000003
    11 -0.002891 -1.156134 0.002748 -1.567260 0.000000 0.000000
    12 -0.018589 0.129951 -0.123721 -1.294580 0.001302 -1.635383
    13 -0.006160 0.170065 -0.110169 -1.280084 -0.068681 -1.597215
    14 0.047100 -0.104074 -0.352264 -1.243368 -0.257298 -1.694346
    15 0.949219 -3.619141 -0.348389 -0.197224 0.000005 0.130897
    16 -0.021700 -1.592453 -0.011256 -1.264129 0.050383 -0.196152
    17 -0.002829 -0.941812 0.010971 -0.593400 0.000000 -0.000001
    18 -0.022325 0.045425 -0.038284 -1.125544 -0.129230 -1.681412
    19 -0.042901 -0.061274 -0.071212 -1.124462 -0.060454 -1.586099
    20 0.063741 -0.109104 -0.248158 -1.142813 -0.125805 -1.693583
    21 -1.399439 -3.241619 -0.346207 -1.174547 -0.118715 -0.146526
    22 0.013458 -1.204102 0.000006 -0.977389 0.000000 0.000000
    23 -0.020049 -0.797217 0.002278 -1.034950 0.000001 0.000004
    24 -0.011720 0.093267 0.017949 -1.687855 -0.079155 -1.575164
    25 0.048864 -0.085541 0.028626 -1.715605 -0.034569 -1.653190
    26 0.173918 -0.198414 -0.336163 -1.668104 -0.422317 -1.710956
    27 0.438477 -0.485596 0.397461 0.458009 -0.443930 -1.167629
    28 2.357422 0.016098 -0.000003 -0.304010 -0.029872 -0.496328
    29 1.250977 -0.000336 0.000001 0.000000 0.000000 -0.577698
    30 -0.267709 0.037512 -0.093907 2.913812 -0.143386 0.078467
    31 -0.029266 0.205410 -0.329287 2.788574 -0.255486 -0.188917
    32 0.204373 0.521055 -0.268577 2.886669 0.042206 -0.230367
    33 0.195697 -0.010059 -0.293538 -1.333586 0.150863 -1.672749
    34 1.257181 8.762590 -0.153713 -1.570562 0.002683 -1.566808
    35 -0.093500 -0.114213 -0.738866 -1.570842 0.061811 0.002096
    36 0.010843 0.093623 -0.081439 -3.141462 0.041719 -1.568236
    37 13.964041 -1.477238 -14.040774 -0.788984 0.255043 2.219396
    38 0.112366 -10.671875 0.000002 0.728138 -0.453677 0.233294
    39 0.554688 -3.648438 -0.346924 -1.168819 -0.027241 -0.041119
    40 0.026276 -1.508789 -0.000002 -0.411892 0.000000 0.000000
    41 0.013245 -0.926270 0.000000 -0.645836 0.000000 0.000000
    42 0.006928 0.005327 -0.181358 -1.528500 -0.248579 -1.611362
    43 -0.052313 0.038588 -0.230758 -1.592493 -0.043415 -1.528515
    44 -0.232600 -0.209658 -0.420670 -1.713790 -0.167173 -1.438930
    45 -0.212769 -3.742188 -0.346680 -1.213027 0.000000 0.000000
    46 0.013245 -1.576172 0.000002 -0.357796 0.000000 0.000000
    47 -0.000001 -1.176758 0.000002 -0.532325 0.000000 0.000000
    48 -0.038065 0.069166 -0.159882 -1.816986 0.066178 -1.575392
    49 -0.025151 0.088760 -0.068837 -1.817843 0.044510 -1.568287
    50 -0.102916 -0.186983 -0.272246 -1.833683 -0.232962 -1.472375
    51 -1.032227 -3.582031 -0.346924 -0.989614 0.000000 0.000000
    52 -0.000003 -1.616211 0.000004 -0.418875 0.000000 0.000000
    53 0.000001 -0.940430 0.000002 -0.644032 0.000000 0.000000
    54 -0.004241 0.043707 -0.080202 -2.014997 -0.186996 -1.460723
    55 0.015383 -0.089136 -0.030009 -2.006083 0.036346 -1.568629
    56 -0.022610 -0.212358 -0.177904 -1.933161 -0.118801 -1.518895
    57 1.308594 -3.224609 -0.346924 -0.954800 -0.047561 -0.066331
    58 -0.000007 -1.244141 -0.000006 -0.544561 0.000000 0.000000
    59 0.000003 -0.767090 0.000000 -0.490484 0.000000 0.000000
    60 -0.067138 0.063251 -0.010961 -0.899214 -0.014515 -1.600326
    61 -0.151180 -0.007395 -0.070065 -0.913061 -0.118819 -1.408558
    62 -0.178164 -0.244680 -0.357067 -1.159916 -0.384260 -1.556110
    63 -0.384766 -0.458984 0.383789 -0.129647 -0.511419 -2.796852
    64 2.472656 0.024429 0.000001 -0.103313 -0.017074 0.386590
    65 1.226563 0.003979 0.000000 -0.000001 -0.349054 0.300192
    66 -0.263408 -0.117640 -0.015657 0.000036 -0.082210 -0.026800
    67 0.007707 -0.334360 -0.191576 0.070788 -0.181563 0.282364
    68 0.225562 -0.567923 -0.420715 0.119895 -0.183798 0.223460
    69 -0.203683 -0.095654 -0.328304 -1.745077 0.075142 -1.515382
    70 -1.393460 8.839182 -0.239440 1.580804 -0.005024 -1.566848
    71 0.036020 0.082814 -0.692656 -1.570769 0.065989 0.001276
    72 -0.088586 0.054019 -0.088595 0.010231 0.033800 -1.560851
    73 0.120153 -0.050270 -0.054489 -2.854024 0.030688 -1.580508
    74 -0.139399 -0.111692 0.014400 0.285395 -0.031353 1.580313
    75 1.815922 -4.953960 0.956709 -0.432998 1.505321 -0.757512
    76 1.280673 -7.522364 1.257767 -1.247037 1.437608 -1.233843
    77 3.914122 -5.194223 1.336679 -1.102199 1.470090 -1.123171
    78 3.733238 -6.026484 1.177255 -1.247037 1.437608 -1.233843
    79 2.570313 -6.875000 2.244141 -0.148865 -1.070098 0.151247
    80 3.797684 -22.610472 3.277112 -1.247037 1.437608 -1.233843
  time 5
    0 1.629157 0.000000 0.541027 0.000000 0.000000 -1.570796
    1 -2.241030 9.465319 -10.880675 5.556490 -1.204563 -4.252138
    2 -0.001605 -10.698019 -0.002571 0.368630 -0.050900 -0.203381
    3 -0.652344 -3.626953 -0.348633 -1.107361 -0.060909 -0.152581
    4 -0.006990 -1.503228 0.002508 -1.179809 -0.000001 -0.000002
    5 0.001444 -0.954641 -0.003577 -1.228687 0.000000 0.000000
    6 0.007988 0.172186 -0.118553 -1.598091 -0.216549 -1.570593
    7 0.080660 0.135929 -0.203919 -1.506824 -0.066185 -1.662786
    8 0.117288 -0.155554 -0.604544 -1.412988 -0.374558 -1.569222
    9 0.132836 -3.758196 -0.339962 -0.873787 -0.036118 -0.178589
    10 -0.006790 -1.563353 0.006726 -1.223362 0.000000 -0.000003
    11 -0.006798 -1.156134 0.010561 -1.567260 0.000000 0.000000
    12 -0.018589 0.129951 -0.123721 -1.294580 0.001302 -1.635383
    13 -0.006160 0.170065 -0.110169 -1.280084 -0.068681 -1.597215
    14 0.047100 -0.104074 -0.352264 -1.243368 -0.257298 -1.694346
    15 0.949219 -3.619141 -0.348389 -0.197224 0.000005 0.130897
    16 -0.021700 -1.592453 -0.007350 -1.264129 0.050383 -0.196152
    17 -0.006736 -0.941812 0.010971 -0.593400 0.000000 -0.000001
    18 -0.022325 0.045425 -0.038284 -1.125544 -0.129230 -1.681412
    19 -0.042901 -0.061274 -0.071212 -1.124462 -0.060454 -1.586099
    20 0.063741 -0.109104 -0.248158 -1.142813 -0.125805 -1.693583
    21 -1.407252 -3.241619 -0.338395 -1.174547 -0.118715 -0.146526
    22 0.013458 -1.204102 0.000006 -0.977389 0.000000 0.000000
    23 -0.020049 -0.797217 0.002278 -1.034950 0.000001 0.000004
    24 -0.011720 0.093267 0.017949 -1.687855 -0.079155 -1.575164
    25 0.048864 -0.085541 0.028626 -1.715605 -0.034569 -1.653190
    26 0.173918 -0.198414 -0.336163 -1.668104 -0.422317 -1.710956
    27 0.438477 -0.485596 0.397461 0.458009 -0.443930 -1.167629
    28 2.357422 0.016098 -0.000003 -0.304010 -0.029872 -0.496328
    29 1.250977 -0.000336 0.000001 0.000000 0.000000 -0.577698
    30 -0.267709 0.037512 -0.093907 2.913812 -0.143386 0.078467
    31 -0.029266 0.205410 -0.329287 2.788574 -0.255486 -0.188917
    32 0.204373 0.521055 -0.268577 2.886669 0.042206 -0.230367
    33 0.195697 -0.010059 -0.293538 -1.333586 0.150863 -1.672749
    34 1.257181 8.762590 -0.153713 -1.570562 0.002683 -1.566808
    35 -0.093500 -0.114213 -0.738866 -1.570842 0.061811 0.002096
    36 0.010843 0.093623 -0.081439 -3.141462 0.041719 -1.568236
    37 14.096857 -1.543646 -13.732171 -0.788984 0.255043 2.219396
    38 0.112366 -10.671875 0.000002 0.728138 -0.453677 0.233294
    39 0.554688 -3.648438 -0.346924 -1.168819 -0.027241 -0.041119
    40 0.026276 -1.508789 -0.000002 -0.411892 0.000000 0.000000
    41 0.013245 -0.926270 0.000000 -0.645836 0.000000 0.000000
    42 0.006928 0.005327 -0.181358 -1.528500 -0.248579 -1.611362
    43 -0.052313 0.038588 -0.230758 -1.592493 -0.043415 -1.528515
    44 -0.232600 -0.209658 -0.420670 -1.713790 -0.167173 -1.438930
    45 -0.212769 -3.742188 -0.346680 -1.213027 0.000000 0.000000
    46 0.013245 -1.576172 0.000002 -0.357796 0.000000 0.000000
    47 -0.000001 -1.176758 0.000002 -0.532325 0.000000 0.000000
    48 -0.038065 0.069166 -0.159882 -1.816986 0.066178 -1.575392
    49 -0.025151 0.088760 -0.068837 -1.817843 0.044510 -1.568287
    50 -0.102916 -0.186983 -0.272246 -1.833683 -0.232962 -1.472375
    51 -1.032227 -3.582031 -0.346924 -0.989614 0.000000 0.000000
    52 -0.000003 -1.616211 0.000004 -0.418875 0.000000 0.000000
    53 0.000001 -0.940430 0.000002 -0.644032 0.000000 0.000000
    54 -0.004241 0.043707 -0.080202 -2.014997 -0.186996 -1.460723
    55 0.015383 -0.089136 -0.030009 -2.006083 0.036346 -1.568629
    56 -0.022610 -0.212358 -0.177904 -1.933161 -0.118801 -1.518895
    57 1.308594 -3.224609 -0.346924 -0.954800 -0.047561 -0.066331
    58 -0.000007 -1.244141 -0.000006 -0.544561 0.000000 0.000000
    59 0.000003 -0.767090 0.000000 -0.490484 0.000000 0.000000
    60 -0.067138 0.063251 -0.010961 -0.899214 -0.014515 -1.600326
    61 -0.151180 -0.007395 -0.070065 -0.913061 -0.118819 -1.408558
    62 -0.178164 -0.244680 -0.357067 -1.159916 -0.384260 -1.556110
    63 -0.384766 -0.458984 0.383789 -0.129647 -0.511419 -2.796852
    64 2.472656 0.024429 0.000001 -0.103313 -0.017074 0.386590
    65 1.226563 0.003979 0.000000 -0.000001 -0.349054 0.300192
    66 -0.263408 -0.117640 -0.015657 0.000036 -0.082210 -0.026800
    67 0.007707 -0.334360 -0.191576 0.070788 -0.181563 0.282364
    68 0.225562 -0.567923 -0.420715 0.119895 -0.183798 0.223460
    69 -0.203683 -0.095654 -0.328304 -1.745077 0.075142 -1.515382
    70 -1.393460 8.839182 -0.239440 1.580804 -0.005024 -1.566848
    71 0.036020 0.082814 -0.692656 -1.570769 0.065989 0.001276
    72 -0.088586 0.054019 -0.088595 0.010231 0.033800 -1.560851
    73 0.120153 -0.050270 -0.054489 -2.854024 0.030688 -1.580508
    74 -0.139399 -0.111692 0.014400 0.285395 -0.031353 1.580313
    75 1.815922 -4.953960 0.956709 -0.433023 1.505321 -0.757468
    76 1.280673 -7.522364 1.257767 -1.247037 1.437608 -1.233843
    77 3.914122 -5.194223 1.336679 -1.102199 1.470090 -1.123171
    78 3.733238 -6.026484 1.177255 -1.247037 1.437608 -1.233843
    79 2.570313 -6.875000 2.244141 -0.148865 -1.070098 0.151247
    80 3.797684 -22.610472 3.277112 -1.247037 1.437608 -1.233843
  time 6
    0 1.629157 0.000000 0.541027 0.000000 0.000000 -1.570796
    1 -2.151184 9.426255 -10.736140 5.555665 -1.203948 -4.250509
    2 -0.005512 -10.698019 -0.010384 0.367272 -0.052746 -0.202170
    3 -0.652344 -3.626953 -0.348633 -1.107361 -0.060909 -0.152581
    4 -0.006990 -1.503228 0.002508 -1.179809 -0.000001 -0.000002
    5 0.001444 -0.954641 -0.003577 -1.228687 0.000000 0.000000
    6 0.007988 0.172186 -0.118553 -1.598091 -0.216549 -1.570593
    7 0.080660 0.135929 -0.203919 -1.506824 -0.066185 -1.662786
    8 0.117288 -0.155554 -0.604544 -1.412988 -0.374558 -1.569222
    9 0.132836 -3.758196 -0.347774 -0.873787 -0.036118 -0.178589
    10 -0.010696 -1.563353 0.006726 -1.223362 0.000000 -0.000003
    11 -0.006798 -1.156134 0.002748 -1.567260 0.000000 0.000000
    12 -0.018589 0.129951 -0.123721 -1.294580 0.001302 -1.635383
    13 -0.006160 0.170065 -0.110169 -1.280084 -0.068681 -1.597215
    14 0.047100 -0.104074 -0.352264 -1.243368 -0.257298 -1.694346
    15 0.949219 -3.619141 -0.348389 -0.197224 0.000005 0.130897
    16 -0.017794 -1.592453 -0.007350 -1.138067 0.054626 -0.164393
    17 -0.006736 -0.941812 0.007065 -0.593400 0.000000 -0.000001
    18 -0.022325 0.045425 -0.038284 -1.125544 -0.129230 -1.681412
    19 -0.042901 -0.061274 -0.071212 -1.124462 -0.060454 -1.586099
    20 0.063741 -0.109104 -0.248158 -1.142813 -0.125805 -1.693583
    21 -1.403345 -3.245525 -0.346207 -1.174547 -0.118715 -0.146526
    22 0.013458 -1.204102 0.000006 -0.977389 0.000000 0.000000
    23 -0.020049 -0.797217 0.002278 -1.034950 0.000001 0.000004
    24 -0.011720 0.093267 0.017949 -1.687855 -0.079155 -1.575164
    25 0.048864 -0.085541 0.028626 -1.715605 -0.034569 -1.653190
    26 0.173918 -0.198414 -0.336163 -1.668104 -0.422317 -1.710956
    27 0.438477 -0.485596 0.397461 0.458009 -0.443930 -1.167629
    28 2.357422 0.016098 -0.000003 -0.304010 -0.029872 -0.496328
    29 1.250977 -0.000336 0.000001 0.000000 0.000000 -0.577698
    30 -0.267709 0.037512 -0.093907 2.913812 -0.143386 0.078467
    31 -0.029266 0.205410 -0.329287 2.788574 -0.255486 -0.188917
    32 0.204373 0.521055 -0.268577 2.886669 0.042206 -0.230367
    33 0.195697 -0.010059 -0.293538 -1.333586 0.150863 -1.672749
    34 1.257181 8.762590 -0.153713 -1.570562 0.002683 -1.566808
    35 -0.093500 -0.114213 -0.738866 -1.570842 0.061811 0.002096
    36 0.010843 0.093623 -0.081439 -3.141462 0.041719 -1.568236
    37 14.178891 -1.613961 -13.497789 -0.788984 0.255043 2.219396
    38 0.112366 -10.671875 0.000002 0.728138 -0.453677 0.233294
    39 0.554688 -3.648438 -0.346924 -1.168819 -0.027241 -0.041119
    40 0.026276 -1.508789 -0.000002 -0.411892 0.000000 0.000000
    41 0.013245 -0.926270 0.000000 -0.645836 0.000000 0.000000
    42 0.006928 0.005327 -0.181358 -1.528500 -0.248579 -1.611362
    43 -0.052313 0.038588 -0.230758 -1.592493 -0.043415 -1.528515
    44 -0.232600 -0.209658 -0.420670 -1.713790 -0.167173 -1.438930
    45 -0.212769 -3.742188 -0.346680 -1.213027 0.000000 0.000000
    46 0.013245 -1.576172 0.000002 -0.357796 0.000000 0.000000
    47 -0.000001 -1.176758 0.000002 -0.532325 0.000000 0.000000
    48 -0.038065 0.069166 -0.159882 -1.816986 0.066178 -1.575392
    49 -0.025151 0.088760 -0.068837 -1.817843 0.044510 -1.568287
    50 -0.102916 -0.186983 -0.272246 -1.833683 -0.232962 -1.472375
    51 -1.032227 -3.582031 -0.346924 -0.989614 0.000000 0.000000
    52 -0.000003 -1.616211 0.000004 -0.418875 0.000000 0.000000
    53 0.000001 -0.940430 0.000002 -0.644032 0.000000 0.000000
    54 -0.004241 0.043707 -0.080202 -2.014997 -0.186996 -1.460723
    55 0.015383 -0.089136 -0.030009 -2.006083 0.036346 -1.568629
    56 -0.022610 -0.212358 -0.177904 -1.933161 -0.118801 -1.518895
    57 1.308594 -3.224609 -0.346924 -0.954800 -0.047561 -0.066331
    58 -0.000007 -1.244141 -0.000006 -0.544561 0.000000 0.000000
    59 0.000003 -0.767090 0.000000 -0.490484 0.000000 0.000000
    60 -0.067138 0.063251 -0.010961 -0.899214 -0.014515 -1.600326
    61 -0.151180 -0.007395 -0.070065 -0.913061 -0.118819 -1.408558
    62 -0.178164 -0.244680 -0.357067 -1.159916 -0.384260 -1.556110
    63 -0.384766 -0.458984 0.383789 -0.129647 -0.511419 -2.796852
    64 2.472656 0.024429 0.000001 -0.103313 -0.017074 0.386590
    65 1.226563 0.003979 0.000000 -0.000001 -0.349054 0.300192
    66 -0.263408 -0.117640 -0.015657 0.000036 -0.082210 -0.026800
    67 0.007707 -0.334360 -0.191576 0.070788 -0.181563 0.282364
    68 0.225562 -0.567923 -0.420715 0.119895 -0.183798 0.223460
    69 -0.203683 -0.095654 -0.328304 -1.745077 0.075142 -1.515382
    70 -1.393460 8.839182 -0.239440 1.580804 -0.005024 -1.566848
    71 0.036020 0.082814 -0.692656 -1.570769 0.065989 0.001276
    72 -0.088586 0.054019 -0.088595 0.010231 0.033800 -1.560851
    73 0.120153 -0.050270 -0.054489 -2.854024 0.030688 -1.580508
    74 -0.139399 -0.111692 0.014400 0.285395 -0.031353 1.580313
    75 1.815922 -4.953960 0.956709 -0.738530 1.492126 -0.955334
    76 1.280673 -7.522364 1.257767 -1.247037 1.437608 -1.233843
    77 3.914122 -5.194223 1.336679 -1.102199 1.470090 -1.123171
    78 3.733238 -6.026484 1.177255 -1.247037 1.437608 -1.233843
    79 2.570313 -6.875000 2.244141 -0.148865 -1.070098 0.151247
    80 3.797684 -22.610472 3.277112 -1.247037 1.437608 -1.233843
  time 7
    0 1.629157 0.000000 0.541027 0.000000 0.000000 -1.570796
    1 -2.139465 9.410630 -10.689263 5.549799 -1.202018 -4.243894
    2 -0.001605 -10.698019 -0.002571 0.366606 -0.054011 -0.203005
    3 -0.652344 -3.626953 -0.348633 -1.107361 -0.060909 -0.152581
    4 -0.003083 -1.503228 0.002508 -1.179809 -0.000001 -0.000002
    5 0.009257 -0.958548 -0.003577 -1.228687 0.000000 0.000000
    6 0.007988 0.172186 -0.118553 -1.598091 -0.216549 -1.570593
    7 0.080660 0.135929 -0.203919 -1.506824 -0.066185 -1.662786
    8 0.117288 -0.155554 -0.604544 -1.412988 -0.374558 -1.569222
    9 0.132836 -3.758196 -0.343868 -0.873787 -0.036118 -0.178589
    10 -0.010696 -1.567259 0.010633 -1.223362 0.000000 -0.000003
    11 -0.006798 -1.156134 0.006655 -1.567260 0.000000 0.000000
    12 -0.018589 0.129951 -0.123721 -1.294580 0.001302 -1.635383
    13 -0.006160 0.170065 -0.110169 -1.280084 -0.068681 -1.597215
    14 0.047100 -0.104074 -0.352264 -1.243368 -0.257298 -1.694346
    15 0.949219 -3.619141 -0.348389 -0.197224 0.000005 0.130897
    16 -0.021700 -1.592453 -0.007350 -0.995349 0.054494 -0.128151
    17 -0.002829 -0.937906 0.010971 -0.593382 0.000000 -0.000001
    18 -0.022325 0.045425 -0.038284 -1.125544 -0.129230 -1.681412
    19 -0.042901 -0.061274 -0.071212 -1.124462 -0.060454 -1.586099
    20 0.063741 -0.109104 -0.248158 -1.142813 -0.125805 -1.693583
    21 -1.403345 -3.245525 -0.346207 -1.174547 -0.118715 -0.146526
    22 0.013458 -1.204102 0.000006 -0.977389 0.000000 0.000000
    23 -0.020049 -0.797217 0.002278 -1.034950 0.000001 0.000004
    24 -0.011720 0.093267 0.017949 -1.687855 -0.079155 -1.575164
    25 0.048864 -0.085541 0.028626 -1.715605 -0.034569 -1.653190
    26 0.173918 -0.198414 -0.336163 -1.668104 -0.422317 -1.710956
    27 0.438477 -0.485596 0.397461 0.458009 -0.443930 -1.167629
    28 2.357422 0.016098 -0.000003 -0.304010 -0.029872 -0.496328
    29 1.250977 -0.000336 0.000001 0.000000 0.000000 -0.577698
    30 -0.267709 0.037512 -0.093907 2.913812 -0.143386 0.078467
    31 -0.029266 0.205410 -0.329287 2.788574 -0.255486 -0.188917
    32 0.204373 0.521055 -0.268577 2.886669 0.042206 -0.230367
    33 0.195697 -0.010059 -0.293538 -1.333586 0.150863 -1.672749
    34 1.257181 8.762590 -0.153713 -1.570562 0.002683 -1.566808
    35 -0.093500 -0.114213 -0.738866 -1.570842 0.061811 0.002096
    36 0.010843 0.093623 -0.081439 -3.141462 0.041719 -1.568236
    37 14.186704 -1.637399 -13.353253 -0.788984 0.255043 2.219396
    38 0.112366 -10.671875 0.000002 0.728138 -0.453677 0.233294
    39 0.554688 -3.648438 -0.346924 -1.168819 -0.027241 -0.041119
    40 0.026276 -1.508789 -0.000002 -0.411892 0.000000 0.000000
    41 0.013245 -0.926270 0.000000 -0.645836 0.000000 0.000000
    42 0.006928 0.005327 -0.181358 -1.528500 -0.248579 -1.611362
    43 -0.052313 0.038588 -0.230758 -1.592493 -0.043415 -1.528515
    44 -0.232600 -0.209658 -0.420670 -1.713790 -0.167173 -1.438930
    45 -0.212769 -3.742188 -0.346680 -1.213027 0.000000 0.000000
    46 0.013245 -1.576172 0.000002 -0.357796 0.000000 0.000000
    47 -0.000001 -1.176758 0.000002 -0.532325 0.000000 0.000000
    48 -0.038065 0.069166 -0.159882 -1.816986 0.066178 -1.575392
    49 -0.025151 0.088760 -0.068837 -1.817843 0.044510 -1.568287
    50 -0.102916 -0.186983 -0.272246 -1.833683 -0.232962 -1.472375
    51 -1.032227 -3.582031 -0.346924 -0.989614 0.000000 0.000000
    52 -0.000003 -1.616211 0.000004 -0.418875 0.000000 0.000000
    53 0.000001 -0.940430 0.000002 -0.644032 0.000000 0.000000
    54 -0.004241 0.043707 -0.080202 -2.014997 -0.186996 -1.460723
    55 0.015383 -0.089136 -0.030009 -2.006083 0.036346 -1.568629
    56 -0.022610 -0.212358 -0.177904 -1.933161 -0.118801 -1.518895
    57 1.308594 -3.224609 -0.346924 -0.954800 -0.047561 -0.066331
    58 -0.000007 -1.244141 -0.000006 -0.544561 0.000000 0.000000
    59 0.000003 -0.767090 0.000000 -0.490484 0.000000 0.000000
    60 -0.067138 0.063251 -0.010961 -0.899214 -0.014515 -1.600326
    61 -0.151180 -0.007395 -0.070065 -0.913061 -0.118819 -1.408558
    62 -0.178164 -0.244680 -0.357067 -1.159916 -0.384260 -1.556110
    63 -0.384766 -0.458984 0.383789 -0.129647 -0.511419 -2.796852
    64 2.472656 0.024429 0.000001 -0.103313 -0.017074 0.386590
    65 1.226563 0.003979 0.000000 -0.000001 -0.349054 0.300192
    66 -0.263408 -0.117640 -0.015657 0.000036 -0.082210 -0.026800
    67 0.007707 -0.334360 -0.191576 0.070788 -0.181563 0.282364
    68 0.225562 -0.567923 -0.420715 0.119895 -0.183798 0.223460
    69 -0.203683 -0.095654 -0.328304 -1.745077 0.075142 -1.515382
    70 -1.393460 8.839182 -0.239440 1.580804 -0.005024 -1.566848
    71 0.036020 0.082814 -0.692656 -1.570769 0.065989 0.001276
    72 -0.088586 0.054019 -0.088595 0.010231 0.033800 -1.560851
    73 0.120153 -0.050270 -0.054489 -2.854024 0.030688 -1.580508
    74 -0.139399 -0.111692 0.014400 0.285395 -0.031353 1.580313
    75 1.815922 -4.953960 0.956709 -0.998299 1.472579 -1.088373
    76 1.280673 -7.522364 1.257767 -1.247037 1.437608 -1.233843
    77 3.914122 -5.194223 1.336679 -1.102199 1.470090 -1.123171
    78 3.733238 -6.026484 1.177255 -1.247037 1.437608 -1.233843
    79 2.570313 -6.875000 2.244141 -0.148865 -1.070098 0.151247
    80 3.797684 -22.610472 3.277112 -1.247037 1.437608 -1.233843
  time 8
    0 1.629157 0.000000 0.541027 0.000000 0.000000 -1.570796
    1 -2.190248 9.418442 -10.708795 5.540358 -1.198902 -4.233731
    2 -0.005512 -10.701926 -0.006478 0.366458 -0.054660 -0.205511
    3 -0.652344 -3.626953 -0.348633 -1.107361 -0.060909 -0.152581
    4 -0.006990 -1.503228 0.002508 -1.179809 -0.000001 -0.000002
    5 0.009257 -0.954641 -0.007484 -1.228687 0.000000 0.000000
    6 0.007988 0.172186 -0.118553 -1.598091 -0.216549 -1.570593
    7 0.080660 0.135929 -0.203919 -1.506824 -0.066185 -1.662786
    8 0.117288 -0.155554 -0.604544 -1.412988 -0.374558 -1.569222
    9 0.132836 -3.758196 -0.343868 -0.873787 -0.036118 -0.178589
    10 -0.010696 -1.567259 0.010633 -1.223438 0.000000 -0.000003
    11 -0.002891 -1.156134 0.010561 -1.567260 0.000000 0.000000
    12 -0.018589 0.129951 -0.123721 -1.294580 0.001302 -1.635383
    13 -0.006160 0.170065 -0.110169 -1.280084 -0.068681 -1.597215
    14 0.047100 -0.104074 -0.352264 -1.243368 -0.257298 -1.694346
    15 0.949219 -3.619141 -0.348389 -0.197224 0.000005 0.130897
    16 -0.025606 -1.592453 -0.007350 -0.847405 0.048969 -0.090987
    17 -0.002829 -0.941812 0.007065 -0.593400 0.000000 -0.000001
    18 -0.022325 0.045425 -0.038284 -1.125544 -0.129230 -1.681412
    19 -0.042901 -0.061274 -0.071212 -1.124462 -0.060454 -1.586099
    20 0.063741 -0.109104 -0.248158 -1.142813 -0.125805 -1.693583
    21 -1.403345 -3.245525 -0.342301 -1.174547 -0.118715 -0.146526
    22 0.013458 -1.204102 0.000006 -0.977389 0.000000 0.000000
    23 -0.020049 -0.793311 0.002278 -1.034950 0.000001 0.000004
    24 -0.011720 0.093267 0.017949 -1.687855 -0.079155 -1.575164
    25 0.048864 -0.085541 0.028626 -1.715605 -0.034569 -1.653190
    26 0.173918 -0.198414 -0.336163 -1.668104 -0.422317 -1.710956
    27 0.438477 -0.485596 0.397461 0.458009 -0.443930 -1.167629
    28 2.357422 0.016098 -0.000003 -0.304010 -0.029872 -0.496328
    29 1.250977 -0.000336 0.000001 0.000000 0.000000 -0.577698
    30 -0.267709 0.037512 -0.093907 2.913812 -0.143386 0.078467
    31 -0.029266 0.205410 -0.329287 2.788574 -0.255486 -0.188917
    32 0.204373 0.521055 -0.268577 2.886669 0.042206 -0.230367
    33 0.195697 -0.010059 -0.293538 -1.333586 0.150863 -1.672749
    34 1.257181 8.762590 -0.153713 -1.570562 0.002683 -1.566808
    35 -0.093500 -0.114213 -0.738866 -1.570842 0.061811 0.002096
    36 0.010843 0.093623 -0.081439 -3.141462 0.041719 -1.568236
    37 14.124202 -1.563178 -13.306377 -0.788984 0.255043 2.219396
    38 0.112366 -10.671875 0.000002 0.728138 -0.453677 0.233294
    39 0.554688 -3.648438 -0.346924 -1.168819 -0.027241 -0.041119
    40 0.026276 -1.508789 -0.000002 -0.411892 0.000000 0.000000
    41 0.013245 -0.926270 0.000000 -0.645836 0.000000 0.000000
    42 0.006928 0.005327 -0.181358 -1.528500 -0.248579 -1.611362
    43 -0.052313 0.038588 -0.230758 -1.592493 -0.043415 -1.528515
    44 -0.232600 -0.209658 -0.420670 -1.713790 -0.167173 -1.438930
    45 -0.212769 -3.742188 -0.346680 -1.213027 0.000000 0.000000
    46 0.013245 -1.576172 0.000002 -0.357796 0.000000 0.000000
    47 -0.000001 -1.176758 0.000002 -0.532325 0.000000 0.000000
    48 -0.038065 0.069166 -0.159882 -1.816986 0.066178 -1.575392
    49 -0.025151 0.088760 -0.068837 -1.817843 0.044510 -1.568287
    50 -0.102916 -0.186983 -0.272246 -1.833683 -0.232962 -1.472375
    51 -1.032227 -3.582031 -0.346924 -0.989614 0.000000 0.000000
    52 -0.000003 -1.616211 0.000004 -0.418875 0.000000 0.000000
    53 0.000001 -0.940430 0.000002 -0.644032 0.000000 0.000000
    54 -0.004241 0.043707 -0.080202 -2.014997 -0.186996 -1.460723
    55 0.015383 -0.089136 -0.030009 -2.006083 0.036346 -1.568629
    56 -0.022610 -0.212358 -0.177904 -1.933161 -0.118801 -1.518895
    57 1.308594 -3.224609 -0.346924 -0.954800 -0.047561 -0.066331
    58 -0.000007 -1.244141 -0.000006 -0.544561 0.000000 0.000000
    59 0.000003 -0.767090 0.000000 -0.490484 0.000000 0.000000
    60 -0.067138 0.063251 -0.010961 -0.899214 -0.014515 -1.600326
    61 -0.151180 -0.007395 -0.070065 -0.913061 -0.118819 -1.408558
    62 -0.178164 -0.244680 -0.357067 -1.159916 -0.384260 -1.556110
    63 -0.384766 -0.458984 0.383789 -0.129647 -0.511419 -2.796852
    64 2.472656 0.024429 0.000001 -0.103313 -0.017074 0.386590
    65 1.226563 0.003979 0.000000 -0.000001 -0.349054 0.300192
    66 -0.263408 -0.117640 -0.015657 0.000036 -0.082210 -0.026800
    67 0.007707 -0.334360 -0.191576 0.070788 -0.181563 0.282364
    68 0.225562 -0.567923 -0.420715 0.119895 -0.183798 0.223460
    69 -0.203683 -0.095654 -0.328304 -1.745077 0.075142 -1.515382
    70 -1.393460 8.839182 -0.239440 1.580804 -0.005024 -1.566848
    71 0.036020 0.082814 -0.692656 -1.570769 0.065989 0.001276
    72 -0.088586 0.054019 -0.088595 0.010231 0.033800 -1.560851
    73 0.120153 -0.050270 -0.054489 -2.854024 0.030688 -1.580508
    74 -0.139399 -0.111692 0.014400 0.285395 -0.031353 1.580313
    75 1.815922 -4.953960 0.956709 -1.164456 1.454231 -1.146686
    76 1.280673 -7.522364 1.257767 -1.247037 1.437608 -1.233843
    77 3.914122 -5.194223 1.336679 -1.102199 1.470090 -1.123171
    78 3.733238 -6.026484 1.177255 -1.247037 1.437608 -1.233843
    79 2.570313 -6.875000 2.244141 -0.148865 -1.070098 0.151247
    80 3.797684 -22.610472 3.277112 -1.247037 1.437608 -1.233843
  time 9
    0 1.629157 0.000000 0.541027 0.000000 0.000000 -1.570796
    1 -2.299626 9.434068 -10.786922 5.528626 -1.194776 -4.221460
    2 -0.001605 -10.694113 -0.002571 0.366779 -0.054900 -0.209249
    3 -0.652344 -3.626953 -0.348633 -1.107361 -0.060909 -0.152581
    4 -0.003083 -1.503228 0.002508 -1.179809 -0.000001 -0.000002
    5 0.001444 -0.954641 -0.007484 -1.228687 0.000000 0.000000
    6 0.007988 0.172186 -0.118553 -1.598091 -0.216549 -1.570593
    7 0.080660 0.135929 -0.203919 -1.506824 -0.066185 -1.662786
    8 0.117288 -0.155554 -0.604544 -1.412988 -0.374558 -1.569222
    9 0.132836 -3.758196 -0.339962 -0.873787 -0.036118 -0.178589
    10 -0.006790 -1.567259 0.010633 -1.223362 0.000000 -0.000003
    11 -0.006798 -1.156134 0.006655 -1.567260 0.000000 0.000000
    12 -0.018589 0.129951 -0.123721 -1.294580 0.001302 -1.635383
    13 -0.006160 0.170065 -0.110169 -1.280084 -0.068681 -1.597215
    14 0.047100 -0.104074 -0.352264 -1.243368 -0.257298 -1.694346
    15 0.949219 -3.619141 -0.348389 -0.197224 0.000005 0.130897
    16 -0.021700 -1.592453 -0.007350 -0.705273 0.038555 -0.056352
    17 -0.006736 -0.945718 0.010971 -0.593400 0.000000 -0.000001
    18 -0.022325 0.045425 -0.038284 -1.125544 -0.129230 -1.681412
    19 -0.042901 -0.061274 -0.071212 -1.124462 -0.060454 -1.586099
    20 0.063741 -0.109104 -0.248158 -1.142813 -0.125805 -1.693583
    21 -1.403345 -3.245525 -0.338395 -1.174547 -0.118715 -0.146526
    22 0.013458 -1.204102 0.000006 -0.977389 0.000000 0.000000
    23 -0.020049 -0.797217 0.002278 -1.034950 0.000001 0.000004
    24 -0.011720 0.093267 0.017949 -1.687855 -0.079155 -1.575164
    25 0.048864 -0.085541 0.028626 -1.715605 -0.034569 -1.653190
    26 0.173918 -0.198414 -0.336163 -1.668104 -0.422317 -1.710956
    27 0.438477 -0.485596 0.397461 0.458009 -0.443930 -1.167629
    28 2.357422 0.016098 -0.000003 -0.304010 -0.029872 -0.496328
    29 1.250977 -0.000336 0.000001 0.000000 0.000000 -0.577698
    30 -0.267709 0.037512 -0.093907 2.913812 -0.143386 0.078467
    31 -0.029266 0.205410 -0.329287 2.788574 -0.255486 -0.188917
    32 0.204373 0.521055 -0.268577 2.886669 0.042206 -0.230367
    33 0.195697 -0.010059 -0.293538 -1.333586 0.150863 -1.672749
    34 1.257181 8.762590 -0.153713 -1.570562 0.002683 -1.566808
    35 -0.093500 -0.114213 -0.738866 -1.570842 0.061811 0.002096
    36 0.010843 0.093623 -0.081439 -3.141462 0.041719 -1.568236
    37 14.022636 -1.488957 -13.294658 -0.788984 0.255043 2.219396
    38 0.112366 -10.671875 0.000002 0.728138 -0.453677 0.233294
    39 0.554688 -3.648438 -0.346924 -1.168819 -0.027241 -0.041119
    40 0.026276 -1.508789 -0.000002 -0.411892 0.000000 0.000000
    41 0.013245 -0.926270 0.000000 -0.645836 0.000000 0.000000
    42 0.006928 0.005327 -0.181358 -1.528500 -0.248579 -1.611362
    43 -0.052313 0.038588 -0.230758 -1.592493 -0.043415 -1.528515
    44 -0.232600 -0.209658 -0.420670 -1.713790 -0.167173 -1.438930
    45 -0.212769 -3.742188 -0.346680 -1.213027 0.000000 0.000000
    46 0.013245 -1.576172 0.000002 -0.357796 0.000000 0.000000
    47 -0.000001 -1.176758 0.000002 -0.532325 0.000000 0.000000
    48 -0.038065 0.069166 -0.159882 -1.816986 0.066178 -1.575392
    49 -0.025151 0.088760 -0.068837 -1.817843 0.044510 -1.568287
    50 -0.102916 -0.186983 -0.272246 -1.833683 -0.232962 -1.472375
    51 -1.032227 -3.582031 -0.346924 -0.989614 0.000000 0.000000
    52 -0.000003 -1.616211 0.000004 -0.418875 0.000000 0.000000
    53 0.000001 -0.940430 0.000002 -0.644032 0.000000 0.000000
    54 -0.004241 0.043707 -0.080202 -2.014997 -0.186996 -1.460723
    55 0.015383 -0.089136 -0.030009 -2.006083 0.036346 -1.568629
    56 -0.022610 -0.212358 -0.177904 -1.933161 -0.118801 -1.518895
    57 1.308594 -3.224609 -0.346924 -0.954800 -0.047561 -0.066331
    58 -0.000007 -1.244141 -0.000006 -0.544561 0.000000 0.000000
    59 0.000003 -0.767090 0.000000 -0.490484 0.000000 0.000000
    60 -0.067138 0.063251 -0.010961 -0.899214 -0.014515 -1.600326
    61 -0.151180 -0.007395 -0.070065 -0.913061 -0.118819 -1.408558
    62 -0.178164 -0.244680 -0.357067 -1.159916 -0.384260 -1.556110
    63 -0.384766 -0.458984 0.383789 -0.129647 -0.511419 -2.796852
    64 2.472656 0.024429 0.000001 -0.103313 -0.017074 0.386590
    65 1.226563 0.003979 0.000000 -0.000001 -0.349054 0.300192
    66 -0.263408 -0.117640 -0.015657 0.000036 -0.082210 -0.026800
    67 0.007707 -0.334360 -0.191576 0.070788 -0.181563 0.282364
    68 0.225562 -0.567923 -0.420715 0.119895 -0.183798 0.223460
    69 -0.203683 -0.095654 -0.328304 -1.745077 0.075142 -1.515382
    70 -1.393460 8.839182 -0.239440 1.580804 -0.005024 -1.566848
    71 0.036020 0.082814 -0.692656 -1.570769 0.065989 0.001276
    72 -0.088586 0.054019 -0.088595 0.010231 0.033800 -1.560851
    73 0.120153 -0.050270 -0.054489 -2.854024 0.030688 -1.580508
    74 -0.139399 -0.111692 0.014400 0.285395 -0.031353 1.580313
    75 1.815922 -4.953960 0.956709 -1.164456 1.454231 -1.146701
    76 1.280673 -7.522364 1.257767 -1.247037 1.437608 -1.233843
    77 3.914122 -5.194223 1.336679 -1.102199 1.470090 -1.123171
    78 3.733238 -6.026484 1.177255 -1.247037 1.437608 -1.233843
    79 2.570313 -6.875000 2.244141 -0.148865 -1.070098 0.151247
    80 3.797684 -22.610472 3.277112 -1.247037 1.437608 -1.233843
  time 10
    0 1.629157 0.000000 0.541027 0.000000 0.000000 -1.570796
    1 -2.440255 9.465319 -10.904113 5.515794 -1.190256 -4.207846
    2 -0.005512 -10.694113 -0.010384 0.367470 -0.054797 -0.213843
    3 -0.652344 -3.626953 -0.348633 -1.107361 -0.060909 -0.152581
    4 -0.010896 -1.503228 0.006415 -1.179809 -0.000001 -0.000002
    5 0.001444 -0.954641 -0.007484 -1.228724 0.000000 0.000000
    6 0.007988 0.172186 -0.118553 -1.598091 -0.216549 -1.570593
    7 0.080660 0.135929 -0.203919 -1.506824 -0.066185 -1.662786
    8 0.117288 -0.155554 -0.604544 -1.412988 -0.374558 -1.569222
    9 0.132836 -3.758196 -0.343868 -0.873787 -0.036118 -0.178589
    10 -0.006790 -1.563353 0.006726 -1.223362 0.000000 -0.000003
    11 -0.006798 -1.156134 0.010561 -1.567260 0.000000 0.000000
    12 -0.018589 0.129951 -0.123721 -1.294580 0.001302 -1.635383
    13 -0.006160 0.170065 -0.110169 -1.280084 -0.068681 -1.597215
    14 0.047100 -0.104074 -0.352264 -1.243368 -0.257298 -1.694346
    15 0.949219 -3.619141 -0.348389 -0.197224 0.000005 0.130897
    16 -0.021700 -1.592453 -0.007350 -0.579952 0.025312 -0.027181
    17 -0.006736 -0.941812 0.007065 -0.593400 0.000000 -0.000001
    18 -0.022325 0.045425 -0.038284 -1.125544 -0.129230 -1.681412
    19 -0.042901 -0.061274 -0.071212 -1.124462 -0.060454 -1.586099
    20 0.063741 -0.109104 -0.248158 -1.142813 -0.125805 -1.693583
    21 -1.403345 -3.245525 -0.342301 -1.174547 -0.118715 -0.146526
    22 0.013458 -1.204102 0.000006 -0.977389 0.000000 0.000000
    23 -0.020049 -0.797217 0.002278 -1.034950 0.000001 0.000004
    24 -0.011720 0.093267 0.017949 -1.687855 -0.079155 -1.575164
    25 0.048864 -0.085541 0.028626 -1.715605 -0.034569 -1.653190
    26 0.173918 -0.198414 -0.336163 -1.668104 -0.422317 -1.710956
    27 0.438477 -0.485596 0.397461 0.458009 -0.443930 -1.167629
    28 2.357422 0.016098 -0.000003 -0.304010 -0.029872 -0.496328
    29 1.250977 -0.000336 0.000001 0.000000 0.000000 -0.577698
    30 -0.267709 0.037512 -0.093907 2.913812 -0.143386 0.078467
    31 -0.029266 0.205410 -0.329287 2.788574 -0.255486 -0.188917
    32 0.204373 0.521055 -0.268577 2.886669 0.042206 -0.230367
    33 0.195697 -0.010059 -0.293538 -1.333586 0.150863 -1.672749
    34 1.257181 8.762590 -0.153713 -1.570562 0.002683 -1.566808
    35 -0.093500 -0.114213 -0.738866 -1.570842 0.061811 0.002096
    36 0.010843 0.093623 -0.081439 -3.141462 0.041719 -1.568236
    37 13.862475 -1.414736 -13.345441 -0.788984 0.255043 2.219396
    38 0.112366 -10.671875 0.000002 0.728138 -0.453677 0.233294
    39 0.554688 -3.648438 -0.346924 -1.168819 -0.027241 -0.041119
    40 0.026276 -1.508789 -0.000002 -0.411892 0.000000 0.000000
    41 0.013245 -0.926270 0.000000 -0.645836 0.000000 0.000000
    42 0.006928 0.005327 -0.181358 -1.528500 -0.248579 -1.611362
    43 -0.052313 0.038588 -0.230758 -1.592493 -0.043415 -1.528515
    44 -0.232600 -0.209658 -0.420670 -1.713790 -0.167173 -1.438930
    45 -0.212769 -3.742188 -0.346680 -1.213027 0.000000 0.000000
    46 0.013245 -1.576172 0.000002 -0.357796 0.000000 0.000000
    47 -0.000001 -1.176758 0.000002 -0.532325 0.000000 0.000000
    48 -0.038065 0.069166 -0.159882 -1.816986 0.066178 -1.575392
    49 -0.025151 0.088760 -0.068837 -1.817843 0.044510 -1.568287
    50 -0.102916 -0.186983 -0.272246 -1.833683 -0.232962 -1.472375
    51 -1.032227 -3.582031 -0.346924 -0.989614 0.000000 0.000000
    52 -0.000003 -1.616211 0.000004 -0.418875 0.000000 0.000000
    53 0.000001 -0.940430 0.000002 -0.644032 0.000000 0.000000
    54 -0.004241 0.043707 -0.080202 -2.014997 -0.186996 -1.460723
    55 0.015383 -0.089136 -0.030009 -2.006083 0.036346 -1.568629
    56 -0.022610 -0.212358 -0.177904 -1.933161 -0.118801 -1.518895
    57 1.308594 -3.224609 -0.346924 -0.954800 -0.047561 -0.066331
    58 -0.000007 -1.244141 -0.000006 -0.544561 0.000000 0.000000
    59 0.000003 -0.767090 0.000000 -0.490484 0.000000 0.000000
    60 -0.067138 0.063251 -0.010961 -0.899214 -0.014515 -1.600326
    61 -0.151180 -0.007395 -0.070065 -0.913061 -0.118819 -1.408558
    62 -0.178164 -0.244680 -0.357067 -1.159916 -0.384260 -1.556110
    63 -0.384766 -0.458984 0.383789 -0.129647 -0.511419 -2.796852
    64 2.472656 0.024429 0.000001 -0.103313 -0.017074 0.386590
    65 1.226563 0.003979 0.000000 -0.000001 -0.349054 0.300192
    66 -0.263408 -0.117640 -0.015657 0.000036 -0.082210 -0.026800
    67 0.007707 -0.334360 -0.191576 0.070788 -0.181563 0.282364
    68 0.225562 -0.567923 -0.420715 0.119895 -0.183798 0.223460
    69 -0.203683 -0.095654 -0.328304 -1.745077 0.075142 -1.515382
    70 -1.393460 8.839182 -0.239440 1.580804 -0.005024 -1.566848
    71 0.036020 0.082814 -0.692656 -1.570769 0.065989 0.001276
    72 -0.088586 0.054019 -0.088595 0.010231 0.033800 -1.560851
    73 0.120153 -0.050270 -0.054489 -2.854024 0.030688 -1.580508
    74 -0.139399 -0.111692 0.014400 0.285395 -0.031353 1.580313
    75 1.815922 -4.953960 0.956709 -1.164456 1.454231 -1.146686
    76 1.280673 -7.522364 1.257767 -1.247037 1.437608 -1.233843
    77 3.914122 -5.194223 1.336679 -1.102199 1.470090 -1.123171
    78 3.733238 -6.026484 1.177255 -1.247037 1.437608 -1.233843
    79 2.570313 -6.875000 2.244141 -0.148865 -1.070098 0.151247
    80 3.797684 -22.610472 3.277112 -1.247037 1.437608 -1.233843
  time 11
    0 1.629157 0.000000 0.541027 0.000000 0.000000 -1.570796
    1 -2.600416 9.496570 -11.044743 5.503328 -1.185648 -4.194712
    2 -0.001605 -10.701926 -0.006478 0.368309 -0.054592 -0.218792
    3 -0.652344 -3.626953 -0.348633 -1.107361 -0.060909 -0.152581
    4 -0.010896 -1.507134 0.002508 -1.179809 -0.000001 -0.000002
    5 0.001444 -0.954641 -0.003577 -1.228687 0.000000 0.000000
    6 0.007988 0.172186 -0.118553 -1.598091 -0.216549 -1.570593
    7 0.080660 0.135929 -0.203919 -1.506824 -0.066185 -1.662786
    8 0.117288 -0.155554 -0.604544 -1.412988 -0.374558 -1.569222
    9 0.132836 -3.758196 -0.343868 -0.873787 -0.036118 -0.178589
    10 -0.010696 -1.567259 0.006726 -1.223438 0.000000 -0.000003
    11 -0.006798 -1.156134 0.002748 -1.567260 0.000000 0.000000
    12 -0.018589 0.129951 -0.123721 -1.294580 0.001302 -1.635383
    13 -0.006160 0.170065 -0.110169 -1.280084 -0.068681 -1.597215
    14 0.047100 -0.104074 -0.352264 -1.243368 -0.257298 -1.694346
    15 0.949219 -3.619141 -0.348389 -0.197224 0.000005 0.130897
    16 -0.021700 -1.592453 -0.003443 -0.579913 0.025312 -0.027181
    17 -0.006736 -0.941812 0.007065 -0.593400 0.000000 -0.000001
    18 -0.022325 0.045425 -0.038284 -1.125544 -0.129230 -1.681412
    19 -0.042901 -0.061274 -0.071212 -1.124462 -0.060454 -1.586099
    20 0.063741 -0.109104 -0.248158 -1.142813 -0.125805 -1.693583
    21 -1.403345 -3.245525 -0.338395 -1.174547 -0.118715 -0.146526
    22 0.013458 -1.204102 0.000006 -0.977389 0.000000 0.000000
    23 -0.020049 -0.797217 0.002278 -1.034950 0.000001 0.000004
    24 -0.011720 0.093267 0.017949 -1.687855 -0.079155 -1.575164
    25 0.048864 -0.085541 0.028626 -1.715605 -0.034569 -1.653190
    26 0.173918 -0.198414 -0.336163 -1.668104 -0.422317 -1.710956
    27 0.438477 -0.485596 0.397461 0.458009 -0.443930 -1.167629
    28 2.357422 0.016098 -0.000003 -0.304010 -0.029872 -0.496328
    29 1.250977 -0.000336 0.000001 0.000000 0.000000 -0.577698
    30 -0.267709 0.037512 -0.093907 2.913812 -0.143386 0.078467
    31 -0.029266 0.205410 -0.329287 2.788574 -0.255486 -0.188917
    32 0.204373 0.521055 -0.268577 2.886669 0.042206 -0.230367
    33 0.195697 -0.010059 -0.293538 -1.333586 0.150863 -1.672749
    34 1.257181 8.762590 -0.153713 -1.570562 0.002683 -1.566808
    35 -0.093500 -0.114213 -0.738866 -1.570842 0.061811 0.002096
    36 0.010843 0.093623 -0.081439 -3.141462 0.041719 -1.568236
    37 13.686688 -1.340515 -13.415755 -0.788984 0.255043 2.219396
    38 0.112366 -10.671875 0.000002 0.728138 -0.453677 0.233294
    39 0.554688 -3.648438 -0.346924 -1.168819 -0.027241 -0.041119
    40 0.026276 -1.508789 -0.000002 -0.411892 0.000000 0.000000
    41 0.013245 -0.926270 0.000000 -0.645836 0.000000 0.000000
    42 0.006928 0.005327 -0.181358 -1.528500 -0.248579 -1.611362
    43 -0.052313 0.038588 -0.230758 -1.592493 -0.043415 -1.528515
    44 -0.232600 -0.209658 -0.420670 -1.713790 -0.167173 -1.438930
    45 -0.212769 -3.742188 -0.346680 -1.213027 0.000000 0.000000
    46 0.013245 -1.576172 0.000002 -0.357796 0.000000 0.000000
    47 -0.000001 -1.176758 0.000002 -0.532325 0.000000 0.000000
    48 -0.038065 0.069166 -0.159882 -1.816986 0.066178 -1.575392
    49 -0.025151 0.088760 -0.068837 -1.817843 0.044510 -1.568287
    50 -0.102916 -0.186983 -0.272246 -1.833683 -0.232962 -1.472375
    51 -1.032227 -3.582031 -0.346924 -0.989614 0.000000 0.000000
    52 -0.000003 -1.616211 0.000004 -0.418875 0.000000 0.000000
    53 0.000001 -0.940430 0.000002 -0.644032 0.000000 0.000000
    54 -0.004241 0.043707 -0.080202 -2.014997 -0.186996 -1.460723
    55 0.015383 -0.089136 -0.030009 -2.006083 0.036346 -1.568629
    56 -0.022610 -0.212358 -0.177904 -1.933161 -0.118801 -1.518895
    57 1.308594 -3.224609 -0.346924 -0.954800 -0.047561 -0.066331
    58 -0.000007 -1.244141 -0.000006 -0.544561 0.000000 0.000000
    59 0.000003 -0.767090 0.000000 -0.490484 0.000000 0.000000
    60 -0.067138 0.063251 -0.010961 -0.899214 -0.014515 -1.600326
    61 -0.151180 -0.007395 -0.070065 -0.913061 -0.118819 -1.408558
    62 -0.178164 -0.244680 -0.357067 -1.159916 -0.384260 -1.556110
    63 -0.384766 -0.458984 0.383789 -0.129647 -0.511419 -2.796852
    64 2.472656 0.024429 0.000001 -0.103313 -0.017074 0.386590
    65 1.226563 0.003979 0.000000 -0.000001 -0.349054 0.300192
    66 -0.263408 -0.117640 -0.015657 0.000036 -0.082210 -0.026800
    67 0.007707 -0.334360 -0.191576 0.070788 -0.181563 0.282364
    68 0.225562 -0.567923 -0.420715 0.119895 -0.183798 0.223460
    69 -0.203683 -0.095654 -0.328304 -1.745077 0.075142 -1.515382
    70 -1.393460 8.839182 -0.239440 1.580804 -0.005024 -1.566848
    71 0.036020 0.082814 -0.692656 -1.570769 0.065989 0.001276
    72 -0.088586 0.054019 -0.088595 0.010231 0.033800 -1.560851
    73 0.120153 -0.050270 -0.054489 -2.854024 0.030688 -1.580508
    74 -0.139399 -0.111692 0.014400 0.285395 -0.031353 1.580313
    75 1.815922 -4.953960 0.956709 -1.164456 1.454231 -1.146686
    76 1.280673 -7.522364 1.257767 -1.247037 1.437608 -1.233843
    77 3.914122 -5.194223 1.336679 -1.102199 1.470090 -1.123171
    78 3.733238 -6.026484 1.177255 -1.247037 1.437608 -1.233843
    79 2.570313 -6.875000 2.244141 -0.148865 -1.070098 0.151247
    80 3.797684 -22.610472 3.277112 -1.247037 1.437608 -1.233843
  time 12
    0 1.629157 0.000000 0.541027 0.000000 0.000000 -1.570796
    1 -2.776203 9.539540 -11.200997 5.492146 -1.181348 -4.182441
    2 -0.009418 -10.701926 -0.006478 0.369247 -0.054250 -0.223741
    3 -0.652344 -3.626953 -0.348633 -1.107361 -0.060909 -0.152581
    4 -0.006990 -1.507134 0.002508 -1.179809 -0.000001 -0.000002
    5 0.001444 -0.954641 -0.007484 -1.228687 0.000000 0.000000
    6 0.007988 0.172186 -0.118553 -1.598091 -0.216549 -1.570593
    7 0.080660 0.135929 -0.203919 -1.506824 -0.066185 -1.662786
    8 0.117288 -0.155554 -0.604544 -1.412988 -0.374558 -1.569222
    9 0.132836 -3.758196 -0.343868 -0.873787 -0.036118 -0.178589
    10 -0.006790 -1.563353 0.002820 -1.223362 0.000000 -0.000003
    11 -0.006798 -1.156134 0.006655 -1.567260 0.000000 0.000000
    12 -0.018589 0.129951 -0.123721 -1.294580 0.001302 -1.635383
    13 -0.006160 0.170065 -0.110169 -1.280084 -0.068681 -1.597215
    14 0.047100 -0.104074 -0.352264 -1.243368 -0.257298 -1.694346
    15 0.949219 -3.619141 -0.348389 -0.197224 0.000005 0.130897
    16 -0.021700 -1.592453 -0.011256 -0.579952 0.025312 -0.027181
    17 -0.006736 -0.941812 0.007065 -0.593400 0.000000 -0.000001
    18 -0.022325 0.045425 -0.038284 -1.125544 -0.129230 -1.681412
    19 -0.042901 -0.061274 -0.071212 -1.124462 -0.060454 -1.586099
    20 0.063741 -0.109104 -0.248158 -1.142813 -0.125805 -1.693583
    21 -1.403345 -3.245525 -0.346207 -1.174547 -0.118715 -0.146526
    22 0.013458 -1.204102 0.000006 -0.977389 0.000000 0.000000
    23 -0.020049 -0.793311 0.002278 -1.034950 0.000001 0.000004
    24 -0.011720 0.093267 0.017949 -1.687855 -0.079155 -1.575164
    25 0.048864 -0.085541 0.028626 -1.715605 -0.034569 -1.653190
    26 0.173918 -0.198414 -0.336163 -1.668104 -0.422317 -1.710956
    27 0.438477 -0.485596 0.397461 0.458009 -0.443930 -1.167629
    28 2.357422 0.016098 -0.000003 -0.304010 -0.029872 -0.496328
    29 1.250977 -0.000336 0.000001 0.000000 0.000000 -0.577698
    30 -0.267709 0.037512 -0.093907 2.913812 -0.143386 0.078467
    31 -0.029266 0.205410 -0.329287 2.788574 -0.255486 -0.188917
    32 0.204373 0.521055 -0.268577 2.886669 0.042206 -0.230367
    33 0.195697 -0.010059 -0.293538 -1.333586 0.150863 -1.672749
    34 1.257181 8.762590 -0.153713 -1.570562 0.002683 -1.566808
    35 -0.093500 -0.114213 -0.738866 -1.570842 0.061811 0.002096
    36 0.010843 0.093623 -0.081439 -3.141462 0.041719 -1.568236
    37 13.503089 -1.270200 -13.513414 -0.788984 0.255043 2.219396
    38 0.112366 -10.671875 0.000002 0.728138 -0.453677 0.233294
    39 0.554688 -3.648438 -0.346924 -1.168819 -0.027241 -0.041119
    40 0.026276 -1.508789 -0.000002 -0.411892 0.000000 0.000000
    41 0.013245 -0.926270 0.000000 -0.645836 0.000000 0.000000
    42 0.006928 0.005327 -0.181358 -1.528500 -0.248579 -1.611362
    43 -0.052313 0.038588 -0.230758 -1.592493 -0.043415 -1.528515
    44 -0.232600 -0.209658 -0.420670 -1.713790 -0.167173 -1.438930
    45 -0.212769 -3.742188 -0.346680 -1.213027 0.000000 0.000000
    46 0.013245 -1.576172 0.000002 -0.357796 0.000000 0.000000
    47 -0.000001 -1.176758 0.000002 -0.532325 0.000000 0.000000
    48 -0.038065 0.069166 -0.159882 -1.816986 0.066178 -1.575392
    49 -0.025151 0.088760 -0.068837 -1.817843 0.044510 -1.568287
    50 -0.102916 -0.186983 -0.272246 -1.833683 -0.232962 -1.472375
    51 -1.032227 -3.582031 -0.346924 -0.989614 0.000000 0.000000
    52 -0.000003 -1.616211 0.000004 -0.418875 0.000000 0.000000
    53 0.000001 -0.940430 0.000002 -0.644032 0.000000 0.000000
    54 -0.004241 0.043707 -0.080202 -2.014997 -0.186996 -1.460723
    55 0.015383 -0.089136 -0.030009 -2.006083 0.036346 -1.568629
    56 -0.022610 -0.212358 -0.177904 -1.933161 -0.118801 -1.518895
    57 1.308594 -3.224609 -0.346924 -0.954800 -0.047561 -0.066331
    58 -0.000007 -1.244141 -0.000006 -0.544561 0.000000 0.000000
    59 0.000003 -0.767090 0.000000 -0.490484 0.000000 0.000000
    60 -0.067138 0.063251 -0.010961 -0.899214 -0.014515 -1.600326
    61 -0.151180 -0.007395 -0.070065 -0.913061 -0.118819 -1.408558
    62 -0.178164 -0.244680 -0.357067 -1.159916 -0.384260 -1.556110
    63 -0.384766 -0.458984 0.383789 -0.129647 -0.511419 -2.796852
    64 2.472656 0.024429 0.000001 -0.103313 -0.017074 0.386590
    65 1.226563 0.003979 0.000000 -0.000001 -0.349054 0.300192
    66 -0.263408 -0.117640 -0.015657 0.000036 -0.082210 -0.026800
    67 0.007707 -0.334360 -0.191576 0.070788 -0.181563 0.282364
    68 0.225562 -0.567923 -0.420715 0.119895 -0.183798 0.223460
    69 -0.203683 -0.095654 -0.328304 -1.745077 0.075142 -1.515382
    70 -1.393460 8.839182 -0.239440 1.580804 -0.005024 -1.566848
    71 0.036020 0.082814 -0.692656 -1.570769 0.065989 0.001276
    72 -0.088586 0.054019 -0.088595 0.010231 0.033800 -1.560851
    73 0.120153 -0.050270 -0.054489 -2.854024 0.030688 -1.580508
    74 -0.139399 -0.111692 0.014400 0.285395 -0.031353 1.580313
    75 1.815922 -4.953960 0.956709 -1.164456 1.454231 -1.146701
    76 1.280673 -7.522364 1.257767 -1.247037 1.437608 -1.233843
    77 3.914122 -5.194223 1.336679 -1.102199 1.470090 -1.123171
    78 3.733238 -6.026484 1.177255 -1.247037 1.437608 -1.233843
    79 2.570313 -6.875000 2.244141 -0.148865 -1.070098 0.151247
    80 3.797684 -22.610472 3.277112 -1.247037 1.437608 -1.233843
  time 13
    0 1.629157 0.000000 0.541027 0.000000 0.000000 -1.570796
    1 -2.944177 9.570791 -11.345533 5.483163 -1.177617 -4.172566
    2 -0.005512 -10.694113 -0.006478 0.370111 -0.054045 -0.228293
    3 -0.652344 -3.626953 -0.348633 -1.107361 -0.060909 -0.152581
    4 -0.006990 -1.503228 0.002508 -1.179809 -0.000001 -0.000002
    5 0.001444 -0.954641 -0.007484 -1.228687 0.000000 0.000000
    6 0.007988 0.172186 -0.118553 -1.598091 -0.216549 -1.570593
    7 0.080660 0.135929 -0.203919 -1.506824 -0.066185 -1.662786
    8 0.117288 -0.155554 -0.604544 -1.412988 -0.374558 -1.569222
    9 0.132836 -3.758196 -0.347774 -0.873787 -0.036118 -0.178589
    10 -0.006790 -1.567259 0.006726 -1.223362 0.000000 -0.000003
    11 -0.010704 -1.156134 0.010561 -1.567260 0.000000 0.000000
    12 -0.018589 0.129951 -0.123721 -1.294580 0.001302 -1.635383
    13 -0.006160 0.170065 -0.110169 -1.280084 -0.068681 -1.597215
    14 0.047100 -0.104074 -0.352264 -1.243368 -0.257298 -1.694346
    15 0.949219 -3.619141 -0.348389 -0.197224 0.000005 0.130897
    16 -0.021700 -1.592453 -0.007350 -0.579952 0.025312 -0.027181
    17 -0.006736 -0.945718 0.007065 -0.593400 0.000000 -0.000001
    18 -0.022325 0.045425 -0.038284 -1.125544 -0.129230 -1.681412
    19 -0.042901 -0.061274 -0.071212 -1.124462 -0.060454 -1.586099
    20 0.063741 -0.109104 -0.248158 -1.142813 -0.125805 -1.693583
    21 -1.403345 -3.249431 -0.346207 -1.174547 -0.118715 -0.146526
    22 0.013458 -1.204102 0.000006 -0.977389 0.000000 0.000000
    23 -0.020049 -0.793311 0.002278 -1.034950 0.000001 0.000004
    24 -0.011720 0.093267 0.017949 -1.687855 -0.079155 -1.575164
    25 0.048864 -0.085541 0.028626 -1.715605 -0.034569 -1.653190
    26 0.173918 -0.198414 -0.336163 -1.668104 -0.422317 -1.710956
    27 0.438477 -0.485596 0.397461 0.458009 -0.443930 -1.167629
    28 2.357422 0.016098 -0.000003 -0.304010 -0.029872 -0.496328
    29 1.250977 -0.000336 0.000001 0.000000 0.000000 -0.577698
    30 -0.267709 0.037512 -0.093907 2.913812 -0.143386 0.078467
    31 -0.029266 0.205410 -0.329287 2.788574 -0.255486 -0.188917
    32 0.204373 0.521055 -0.268577 2.886669 0.042206 -0.230367
    33 0.195697 -0.010059 -0.293538 -1.333586 0.150863 -1.672749
    34 1.257181 8.762590 -0.153713 -1.570562 0.002683 -1.566808
    35 -0.093500 -0.114213 -0.738866 -1.570842 0.061811 0.002096
    36 0.010843 0.093623 -0.081439 -3.141462 0.041719 -1.568236
    37 13.339021 -1.207699 -13.607167 -0.788984 0.255043 2.219396
    38 0.112366 -10.671875 0.000002 0.728138 -0.453677 0.233294
    39 0.554688 -3.648438 -0.346924 -1.168819 -0.027241 -0.041119
    40 0.026276 -1.508789 -0.000002 -0.411892 0.000000 0.000000
    41 0.013245 -0.926270 0.000000 -0.645836 0.000000 0.000000
    42 0.006928 0.005327 -0.181358 -1.528500 -0.248579 -1.611362
    43 -0.052313 0.038588 -0.230758 -1.592493 -0.043415 -1.528515
    44 -0.232600 -0.209658 -0.420670 -1.713790 -0.167173 -1.438930
    45 -0.212769 -3.742188 -0.346680 -1.213027 0.000000 0.000000
    46 0.013245 -1.576172 0.000002 -0.357796 0.000000 0.000000
    47 -0.000001 -1.176758 0.000002 -0.532325 0.000000 0.000000
    48 -0.038065 0.069166 -0.159882 -1.816986 0.066178 -1.575392
    49 -0.025151 0.088760 -0.068837 -1.817843 0.044510 -1.568287
    50 -0.102916 -0.186983 -0.272246 -1.833683 -0.232962 -1.472375
    51 -1.032227 -3.582031 -0.346924 -0.989614 0.000000 0.000000
    52 -0.000003 -1.616211 0.000004 -0.418875 0.000000 0.000000
    53 0.000001 -0.940430 0.000002 -0.644032 0.000000 0.000000
    54 -0.004241 0.043707 -0.080202 -2.014997 -0.186996 -1.460723
    55 0.015383 -0.089136 -0.030009 -2.006083 0.036346 -1.568629
    56 -0.022610 -0.212358 -0.177904 -1.933161 -0.118801 -1.518895
    57 1.308594 -3.224609 -0.346924 -0.954800 -0.047561 -0.066331
    58 -0.000007 -1.244141 -0.000006 -0.544561 0.000000 0.000000
    59 0.000003 -0.767090 0.000000 -0.490484 0.000000 0.000000
    60 -0.067138 0.063251 -0.010961 -0.899214 -0.014515 -1.600326
    61 -0.151180 -0.007395 -0.070065 -0.913061 -0.118819 -1.408558
    62 -0.178164 -0.244680 -0.357067 -1.159916 -0.384260 -1.556110
    63 -0.384766 -0.458984 0.383789 -0.129647 -0.511419 -2.796852
    64 2.472656 0.024429 0.000001 -0.103313 -0.017074 0.386590
    65 1.226563 0.003979 0.000000 -0.000001 -0.349054 0.300192
    66 -0.263408 -0.117640 -0.015657 0.000036 -0.082210 -0.026800
    67 0.007707 -0.334360 -0.191576 0.070788 -0.181563 0.282364
    68 0.225562 -0.567923 -0.420715 0.119895 -0.183798 0.223460
    69 -0.203683 -0.095654 -0.328304 -1.745077 0.075142 -1.515382
    70 -1.393460 8.839182 -0.239440 1.580804 -0.005024 -1.566848
    71 0.036020 0.082814 -0.692656 -1.570769 0.065989 0.001276
    72 -0.088586 0.054019 -0.088595 0.010231 0.033800 -1.560851
    73 0.120153 -0.050270 -0.054489 -2.854024 0.030688 -1.580508
    74 -0.139399 -0.111692 0.014400 0.285395 -0.031353 1.580313
    75 1.815922 -4.953960 0.956709 -1.164480 1.454231 -1.146686
    76 1.280673 -7.522364 1.257767 -1.247037 1.437608 -1.233843
    77 3.914122 -5.194223 1.336679 -1.102199 1.470090 -1.123171
    78 3.733238 -6.026484 1.177255 -1.247037 1.437608 -1.233843
    79 2.570313 -6.875000 2.244141 -0.148865 -1.070098 0.151247
    80 3.797684 -22.610472 3.277112 -1.247037 1.437608 -1.233843
  time 14
    0 1.629157 0.000000 0.541027 0.000000 0.000000 -1.570796
    1 -3.096525 9.602042 -11.462724 5.477389 -1.175116 -4.165472
    2 -0.001605 -10.698019 -0.010384 0.370802 -0.054011 -0.231905
    3 -0.652344 -3.626953 -0.348633 -1.107361 -0.060909 -0.152581
    4 -0.003083 -1.503228 0.010321 -1.179809 -0.000001 -0.000002
    5 0.001444 -0.954641 -0.007484 -1.228687 0.000000 0.000000
    6 0.007988 0.172186 -0.118553 -1.598091 -0.216549 -1.570593
    7 0.080660 0.135929 -0.203919 -1.506824 -0.066185 -1.662786
    8 0.117288 -0.155554 -0.604544 -1.412988 -0.374558 -1.569222
    9 0.132836 -3.758196 -0.339962 -0.873787 -0.036118 -0.178589
    10 -0.010696 -1.567259 0.010633 -1.223438 0.000000 -0.000003
    11 -0.006798 -1.156134 0.002748 -1.567260 0.000000 0.000000
    12 -0.018589 0.129951 -0.123721 -1.294580 0.001302 -1.635383
    13 -0.006160 0.170065 -0.110169 -1.280084 -0.068681 -1.597215
    14 0.047100 -0.104074 -0.352264 -1.243368 -0.257298 -1.694346
    15 0.949219 -3.619141 -0.348389 -0.197224 0.000005 0.130897
    16 -0.025606 -1.592453 -0.003443 -0.579952 0.025312 -0.027181
    17 -0.006736 -0.941812 0.010971 -0.593400 0.000000 -0.000001
    18 -0.022325 0.045425 -0.038284 -1.125544 -0.129230 -1.681412
    19 -0.042901 -0.061274 -0.071212 -1.124462 -0.060454 -1.586099
    20 0.063741 -0.109104 -0.248158 -1.142813 -0.125805 -1.693583
    21 -1.399439 -3.249431 -0.342301 -1.174547 -0.118715 -0.146526
    22 0.013458 -1.204102 0.000006 -0.977389 0.000000 0.000000
    23 -0.020049 -0.797217 0.002278 -1.034950 0.000001 0.000004
    24 -0.011720 0.093267 0.017949 -1.687855 -0.079155 -1.575164
    25 0.048864 -0.085541 0.028626 -1.715605 -0.034569 -1.653190
    26 0.173918 -0.198414 -0.336163 -1.668104 -0.422317 -1.710956
    27 0.438477 -0.485596 0.397461 0.458009 -0.443930 -1.167629
    28 2.357422 0.016098 -0.000003 -0.304010 -0.029872 -0.496328
    29 1.250977 -0.000336 0.000001 0.000000 0.000000 -0.577698
    30 -0.267709 0.037512 -0.093907 2.913812 -0.143386 0.078467
    31 -0.029266 0.205410 -0.329287 2.788574 -0.255486 -0.188917
    32 0.204373 0.521055 -0.268577 2.886669 0.042206 -0.230367
    33 0.195697 -0.010059 -0.293538 -1.333586 0.150863 -1.672749
    34 1.257181 8.762590 -0.153713 -1.570562 0.002683 -1.566808
    35 -0.093500 -0.114213 -0.738866 -1.570842 0.061811 0.002096
    36 0.010843 0.093623 -0.081439 -3.141462 0.041719 -1.568236
    37 13.217924 -1.160822 -13.689201 -0.788984 0.255043 2.219396
    38 0.112366 -10.671875 0.000002 0.728138 -0.453677 0.233294
    39 0.554688 -3.648438 -0.346924 -1.168819 -0.027241 -0.041119
    40 0.026276 -1.508789 -0.000002 -0.411892 0.000000 0.000000
    41 0.013245 -0.926270 0.000000 -0.645836 0.000000 0.000000
    42 0.006928 0.005327 -0.181358 -1.528500 -0.248579 -1.611362
    43 -0.052313 0.038588 -0.230758 -1.592493 -0.043415 -1.528515
    44 -0.232600 -0.209658 -0.420670 -1.713790 -0.167173 -1.438930
    45 -0.212769 -3.742188 -0.346680 -1.213027 0.000000 0.000000
    46 0.013245 -1.576172 0.000002 -0.357796 0.000000 0.000000
    47 -0.000001 -1.176758 0.000002 -0.532325 0.000000 0.000000
    48 -0.038065 0.069166 -0.159882 -1.816986 0.066178 -1.575392
    49 -0.025151 0.088760 -0.068837 -1.817843 0.044510 -1.568287
    50 -0.102916 -0.186983 -0.272246 -1.833683 -0.232962 -1.472375
    51 -1.032227 -3.582031 -0.346924 -0.989614 0.000000 0.000000
    52 -0.000003 -1.616211 0.000004 -0.418875 0.000000 0.000000
    53 0.000001 -0.940430 0.000002 -0.644032 0.000000 0.000000
    54 -0.004241 0.043707 -0.080202 -2.014997 -0.186996 -1.460723
    55 0.015383 -0.089136 -0.030009 -2.006083 0.036346 -1.568629
    56 -0.022610 -0.212358 -0.177904 -1.933161 -0.118801 -1.518895
    57 1.308594 -3.224609 -0.346924 -0.954800 -0.047561 -0.066331
    58 -0.000007 -1.244141 -0.000006 -0.544561 0.000000 0.000000
    59 0.000003 -0.767090 0.000000 -0.490484 0.000000 0.000000
    60 -0.067138 0.063251 -0.010961 -0.899214 -0.014515 -1.600326
    61 -0.151180 -0.007395 -0.070065 -0.913061 -0.118819 -1.408558
    62 -0.178164 -0.244680 -0.357067 -1.159916 -0.384260 -1.556110
    63 -0.384766 -0.458984 0.383789 -0.129647 -0.511419 -2.796852
    64 2.472656 0.024429 0.000001 -0.103313 -0.017074 0.386590
    65 1.226563 0.003979 0.000000 -0.000001 -0.349054 0.300192
    66 -0.263408 -0.117640 -0.015657 0.000036 -0.082210 -0.026800
    67 0.007707 -0.334360 -0.191576 0.070788 -0.181563 0.282364
    68 0.225562 -0.567923 -0.420715 0.119895 -0.183798 0.223460
    69 -0.203683 -0.095654 -0.328304 -1.745077 0.075142 -1.515382
    70 -1.393460 8.839182 -0.239440 1.580804 -0.005024 -1.566848
    71 0.036020 0.082814 -0.692656 -1.570769 0.065989 0.001276
    72 -0.088586 0.054019 -0.088595 0.010231 0.033800 -1.560851
    73 0.120153 -0.050270 -0.054489 -2.854024 0.030688 -1.580508
    74 -0.139399 -0.111692 0.014400 0.285395 -0.031353 1.580313
    75 1.815922 -4.953960 0.956709 -1.164456 1.454231 -1.146701
    76 1.280673 -7.522364 1.257767 -1.247037 1.437608 -1.233843
    77 3.914122 -5.194223 1.336679 -1.102199 1.470090 -1.123171
    78 3.733238 -6.026484 1.177255 -1.247037 1.437608 -1.233843
    79 2.570313 -6.875000 2.244141 -0.148865 -1.070098 0.151247
    80 3.797684 -22.610472 3.277112 -1.247037 1.437608 -1.233843
  time 15
    0 1.629157 0.000000 0.541027 0.000000 0.000000 -1.570796
    1 -3.209810 9.621573 -11.540852 5.475739 -1.174063 -4.162500
    2 -0.009418 -10.701926 -0.002571 0.371172 -0.054353 -0.234349
    3 -0.652344 -3.626953 -0.348633 -1.107361 -0.060909 -0.152581
    4 -0.003083 -1.503228 0.002508 -1.179809 -0.000001 -0.000002
    5 0.001444 -0.954641 -0.003577 -1.228687 0.000000 0.000000
    6 0.007988 0.172186 -0.118553 -1.598091 -0.216549 -1.570593
    7 0.080660 0.135929 -0.203919 -1.506824 -0.066185 -1.662786
    8 0.117288 -0.155554 -0.604544 -1.412988 -0.374558 -1.569222
    9 0.132836 -3.762102 -0.343868 -0.873787 -0.036118 -0.178589
    10 -0.010696 -1.567259 0.006726 -1.223362 0.000000 -0.000003
    11 -0.006798 -1.156134 0.006655 -1.567260 0.000000 0.000000
    12 -0.018589 0.129951 -0.123721 -1.294580 0.001302 -1.635383
    13 -0.006160 0.170065 -0.110169 -1.280084 -0.068681 -1.597215
    14 0.047100 -0.104074 -0.352264 -1.243368 -0.257298 -1.694346
    15 0.949219 -3.619141 -0.348389 -0.197224 0.000005 0.130897
    16 -0.021700 -1.592453 -0.011256 -0.579952 0.025312 -0.027217
    17 -0.002829 -0.941812 0.007065 -0.593400 0.000000 -0.000001
    18 -0.022325 0.045425 -0.038284 -1.125544 -0.129230 -1.681412
    19 -0.042901 -0.061274 -0.071212 -1.124462 -0.060454 -1.586099
    20 0.063741 -0.109104 -0.248158 -1.142813 -0.125805 -1.693583
    21 -1.407252 -3.245525 -0.342301 -1.174547 -0.118715 -0.146526
    22 0.013458 -1.204102 0.000006 -0.977389 0.000000 0.000000
    23 -0.020049 -0.797217 0.002278 -1.034950 0.000001 0.000004
    24 -0.011720 0.093267 0.017949 -1.687855 -0.079155 -1.575164
    25 0.048864 -0.085541 0.028626 -1.715605 -0.034569 -1.653190
    26 0.173918 -0.198414 -0.336163 -1.668104 -0.422317 -1.710956
    27 0.438477 -0.485596 0.397461 0.458009 -0.443930 -1.167629
    28 2.357422 0.016098 -0.000003 -0.304010 -0.029872 -0.496328
    29 1.250977 -0.000336 0.000001 0.000000 0.000000 -0.577698
    30 -0.267709 0.037512 -0.093907 2.913812 -0.143386 0.078467
    31 -0.029266 0.205410 -0.329287 2.788574 -0.255486 -0.188917
    32 0.204373 0.521055 -0.268577 2.886669 0.042206 -0.230367
    33 0.195697 -0.010059 -0.293538 -1.333586 0.150863 -1.672749
    34 1.257181 8.762590 -0.153713 -1.570562 0.002683 -1.566808
    35 -0.093500 -0.114213 -0.738866 -1.570842 0.061811 0.002096
    36 0.010843 0.093623 -0.081439 -3.141462 0.041719 -1.568236
    37 13.131984 -1.117852 -13.763422 -0.788984 0.255043 2.219396
    38 0.112366 -10.671875 0.000002 0.728138 -0.453677 0.233294
    39 0.554688 -3.648438 -0.346924 -1.168819 -0.027241 -0.041119
    40 0.026276 -1.508789 -0.000002 -0.411892 0.000000 0.000000
    41 0.013245 -0.926270 0.000000 -0.645836 0.000000 0.000000
    42 0.006928 0.005327 -0.181358 -1.528500 -0.248579 -1.611362
    43 -0.052313 0.038588 -0.230758 -1.592493 -0.043415 -1.528515
    44 -0.232600 -0.209658 -0.420670 -1.713790 -0.167173 -1.438930
    45 -0.212769 -3.742188 -0.346680 -1.213027 0.000000 0.000000
    46 0.013245 -1.576172 0.000002 -0.357796 0.000000 0.000000
    47 -0.000001 -1.176758 0.000002 -0.532325 0.000000 0.000000
    48 -0.038065 0.069166 -0.159882 -1.816986 0.066178 -1.575392
    49 -0.025151 0.088760 -0.068837 -1.817843 0.044510 -1.568287
    50 -0.102916 -0.186983 -0.272246 -1.833683 -0.232962 -1.472375
    51 -1.032227 -3.582031 -0.346924 -0.989614 0.000000 0.000000
    52 -0.000003 -1.616211 0.000004 -0.418875 0.000000 0.000000
    53 0.000001 -0.940430 0.000002 -0.644032 0.000000 0.000000
    54 -0.004241 0.043707 -0.080202 -2.014997 -0.186996 -1.460723
    55 0.015383 -0.089136 -0.030009 -2.006083 0.036346 -1.568629
    56 -0.022610 -0.212358 -0.177904 -1.933161 -0.118801 -1.518895
    57 1.308594 -3.224609 -0.346924 -0.954800 -0.047561 -0.066331
    58 -0.000007 -1.244141 -0.000006 -0.544561 0.000000 0.000000
    59 0.000003 -0.767090 0.000000 -0.490484 0.000000 0.000000
    60 -0.067138 0.063251 -0.010961 -0.899214 -0.014515 -1.600326
    61 -0.151180 -0.007395 -0.070065 -0.913061 -0.118819 -1.408558
    62 -0.178164 -0.244680 -0.357067 -1.159916 -0.384260 -1.556110
    63 -0.384766 -0.458984 0.383789 -0.129647 -0.511419 -2.796852
    64 2.472656 0.024429 0.000001 -0.103313 -0.017074 0.386590
    65 1.226563 0.003979 0.000000 -0.000001 -0.349054 0.300192
    66 -0.263408 -0.117640 -0.015657 0.000036 -0.082210 -0.026800
    67 0.007707 -0.334360 -0.191576 0.070788 -0.181563 0.282364
    68 0.225562 -0.567923 -0.420715 0.119895 -0.183798 0.223460
    69 -0.203683 -0.095654 -0.328304 -1.745077 0.075142 -1.515382
    70 -1.393460 8.839182 -0.239440 1.580804 -0.005024 -1.566848
    71 0.036020 0.082814 -0.692656 -1.570769 0.065989 0.001276
    72 -0.088586 0.054019 -0.088595 0.010231 0.033800 -1.560851
    73 0.120153 -0.050270 -0.054489 -2.854024 0.030688 -1.580508
    74 -0.139399 -0.111692 0.014400 0.285395 -0.031353 1.580313
    75 1.815922 -4.953960 0.956709 -1.164456 1.454231 -1.146686
    76 1.280673 -7.522364 1.257767 -1.247037 1.437608 -1.233843
    77 3.914122 -5.194223 1.336679 -1.102199 1.470090 -1.123171
    78 3.733238 -6.026484 1.177255 -1.247037 1.437608 -1.233843
    79 2.570313 -6.875000 2.244141 -0.148865 -1.070098 0.151247
    80 3.797684 -22.610472 3.277112 -1.247037 1.437608 -1.233843
  time 16
    0 1.629157 0.000000 0.541027 0.000000 0.000000 -1.570796
    1 -3.284031 9.621573 -11.552571 5.479130 -1.174897 -4.164609
    2 -0.001605 -10.694113 -0.010384 0.371098 -0.055105 -0.235059
    3 -0.652344 -3.626953 -0.348633 -1.107361 -0.060909 -0.152581
    4 -0.006990 -1.503228 0.002508 -1.179809 -0.000001 -0.000002
    5 0.005351 -0.954641 -0.007484 -1.228687 0.000000 0.000000
    6 0.007988 0.172186 -0.118553 -1.598091 -0.216549 -1.570593
    7 0.080660 0.135929 -0.203919 -1.506824 -0.066185 -1.662786
    8 0.117288 -0.155554 -0.604544 -1.412988 -0.374558 -1.569222
    9 0.132836 -3.754290 -0.343868 -0.873787 -0.036118 -0.178589
    10 -0.010696 -1.567259 0.002820 -1.223438 0.000000 -0.000003
    11 -0.006798 -1.156134 0.002748 -1.567260 0.000000 0.000000
    12 -0.018589 0.129951 -0.123721 -1.294580 0.001302 -1.635383
    13 -0.006160 0.170065 -0.110169 -1.280084 -0.068681 -1.597215
    14 0.047100 -0.104074 -0.352264 -1.243368 -0.257298 -1.694346
    15 0.949219 -3.619141 -0.348389 -0.197224 0.000005 0.130897
    16 -0.017794 -1.592453 -0.003443 -0.579952 0.025312 -0.027217
    17 -0.002829 -0.937906 0.007065 -0.593400 0.000000 -0.000001
    18 -0.022325 0.045425 -0.038284 -1.125544 -0.129230 -1.681412
    19 -0.042901 -0.061274 -0.071212 -1.124462 -0.060454 -1.586099
    20 0.063741 -0.109104 -0.248158 -1.142813 -0.125805 -1.693583
    21 -1.403345 -3.241619 -0.338395 -1.174547 -0.118715 -0.146526
    22 0.013458 -1.204102 0.000006 -0.977389 0.000000 0.000000
    23 -0.020049 -0.797217 0.002278 -1.034950 0.000001 0.000004
    24 -0.011720 0.093267 0.017949 -1.687855 -0.079155 -1.575164
    25 0.048864 -0.085541 0.028626 -1.715605 -0.034569 -1.653190
    26 0.173918 -0.198414 -0.336163 -1.668104 -0.422317 -1.710956
    27 0.438477 -0.485596 0.397461 0.458009 -0.443930 -1.167629
    28 2.357422 0.016098 -0.000003 -0.304010 -0.029872 -0.496328
    29 1.250977 -0.000336 0.000001 0.000000 0.000000 -0.577698
    30 -0.267709 0.037512 -0.093907 2.913812 -0.143386 0.078467
    31 -0.029266 0.205410 -0.329287 2.788574 -0.255486 -0.188917
    32 0.204373 0.521055 -0.268577 2.886669 0.042206 -0.230367
    33 0.195697 -0.010059 -0.293538 -1.333586 0.150863 -1.672749
    34 1.257181 8.762590 -0.153713 -1.570562 0.002683 -1.566808
    35 -0.093500 -0.114213 -0.738866 -1.570842 0.061811 0.002096
    36 0.010843 0.093623 -0.081439 -3.141462 0.041719 -1.568236
    37 13.081201 -1.098320 -13.857175 -0.788984 0.255043 2.219396
    38 0.112366 -10.671875 0.000002 0.728138 -0.453677 0.233294
    39 0.554688 -3.648438 -0.346924 -1.168819 -0.027241 -0.041119
    40 0.026276 -1.508789 -0.000002 -0.411892 0.000000 0.000000
    41 0.013245 -0.926270 0.000000 -0.645836 0.000000 0.000000
    42 0.006928 0.005327 -0.181358 -1.528500 -0.248579 -1.611362
    43 -0.052313 0.038588 -0.230758 -1.592493 -0.043415 -1.528515
    44 -0.232600 -0.209658 -0.420670 -1.713790 -0.167173 -1.438930
    45 -0.212769 -3.742188 -0.346680 -1.213027 0.000000 0.000000
    46 0.013245 -1.576172 0.000002 -0.357796 0.000000 0.000000
    47 -0.000001 -1.176758 0.000002 -0.532325 0.000000 0.000000
    48 -0.038065 0.069166 -0.159882 -1.816986 0.066178 -1.575392
    49 -0.025151 0.088760 -0.068837 -1.817843 0.044510 -1.568287
    50 -0.102916 -0.186983 -0.272246 -1.833683 -0.232962 -1.472375
    51 -1.032227 -3.582031 -0.346924 -0.989614 0.000000 0.000000
    52 -0.000003 -1.616211 0.000004 -0.418875 0.000000 0.000000
    53 0.000001 -0.940430 0.000002 -0.644032 0.000000 0.000000
    54 -0.004241 0.043707 -0.080202 -2.014997 -0.186996 -1.460723
    55 0.015383 -0.089136 -0.030009 -2.006083 0.036346 -1.568629
    56 -0.022610 -0.212358 -0.177904 -1.933161 -0.118801 -1.518895
    57 1.308594 -3.224609 -0.346924 -0.954800 -0.047561 -0.066331
    58 -0.000007 -1.244141 -0.000006 -0.544561 0.000000 0.000000
    59 0.000003 -0.767090 0.000000 -0.490484 0.000000 0.000000
    60 -0.067138 0.063251 -0.010961 -0.899214 -0.014515 -1.600326
    61 -0.151180 -0.007395 -0.070065 -0.913061 -0.118819 -1.408558
    62 -0.178164 -0.244680 -0.357067 -1.159916 -0.384260 -1.556110
    63 -0.384766 -0.458984 0.383789 -0.129647 -0.511419 -2.796852
    64 2.472656 0.024429 0.000001 -0.103313 -0.017074 0.386590
    65 1.226563 0.003979 0.000000 -0.000001 -0.349054 0.300192
    66 -0.263408 -0.117640 -0.015657 0.000036 -0.082210 -0.026800
    67 0.007707 -0.334360 -0.191576 0.070788 -0.181563 0.282364
    68 0.225562 -0.567923 -0.420715 0.119895 -0.183798 0.223460
    69 -0.203683 -0.095654 -0.328304 -1.745077 0.075142 -1.515382
    70 -1.393460 8.839182 -0.239440 1.580804 -0.005024 -1.566848
    71 0.036020 0.082814 -0.692656 -1.570769 0.065989 0.001276
    72 -0.088586 0.054019 -0.088595 0.010231 0.033800 -1.560851
    73 0.120153 -0.050270 -0.054489 -2.854024 0.030688 -1.580508
    74 -0.139399 -0.111692 0.014400 0.285395 -0.031353 1.580313
    75 1.815922 -4.953960 0.956709 -1.164456 1.454231 -1.146701
    76 1.280673 -7.522364 1.257767 -1.247037 1.437608 -1.233843
    77 3.914122 -5.194223 1.336679 -1.102199 1.470090 -1.123171
    78 3.733238 -6.026484 1.177255 -1.247037 1.437608 -1.233843
    79 2.570313 -6.875000 2.244141 -0.148865 -1.070098 0.151247
    80 3.797684 -22.610472 3.277112 -1.247037 1.437608 -1.233843
  time 17
    0 1.629157 0.000000 0.541027 0.000000 0.000000 -1.570796
    1 -3.323095 9.617667 -11.529132 5.487563 -1.177530 -4.171032
    2 -0.005512 -10.701926 -0.002571 0.370481 -0.056472 -0.233660
    3 -0.652344 -3.626953 -0.348633 -1.107361 -0.060909 -0.152581
    4 -0.006990 -1.503228 0.002508 -1.179809 -0.000001 -0.000002
    5 0.001444 -0.954641 -0.003577 -1.228687 0.000000 0.000000
    6 0.007988 0.172186 -0.118553 -1.598091 -0.216549 -1.570593
    7 0.080660 0.135929 -0.203919 -1.506824 -0.066185 -1.662786
    8 0.117288 -0.155554 -0.604544 -1.412988 -0.374558 -1.569222
    9 0.132836 -3.758196 -0.343868 -0.873787 -0.036118 -0.178589
    10 -0.006790 -1.567259 0.006726 -1.223362 0.000000 -0.000003
    11 -0.002891 -1.156134 0.002748 -1.567260 0.000000 0.000000
    12 -0.018589 0.129951 -0.123721 -1.294580 0.001302 -1.635383
    13 -0.006160 0.170065 -0.110169 -1.280084 -0.068681 -1.597215
    14 0.047100 -0.104074 -0.352264 -1.243368 -0.257298 -1.694346
    15 0.949219 -3.619141 -0.348389 -0.197224 0.000005 0.130897
    16 -0.021700 -1.592453 -0.007350 -0.579913 0.025312 -0.027217
    17 -0.002829 -0.941812 0.007065 -0.593400 0.000000 -0.000001
    18 -0.022325 0.045425 -0.038284 -1.125544 -0.129230 -1.681412
    19 -0.042901 -0.061274 -0.071212 -1.124462 -0.060454 -1.586099
    20 0.063741 -0.109104 -0.248158 -1.142813 -0.125805 -1.693583
    21 -1.403345 -3.241619 -0.338395 -1.174547 -0.118715 -0.146526
    22 0.013458 -1.204102 0.000006 -0.977389 0.000000 0.000000
    23 -0.020049 -0.797217 0.002278 -1.034950 0.000001 0.000004
    24 -0.011720 0.093267 0.017949 -1.687855 -0.079155 -1.575164
    25 0.048864 -0.085541 0.028626 -1.715605 -0.034569 -1.653190
    26 0.173918 -0.198414 -0.336163 -1.668104 -0.422317 -1.710956
    27 0.438477 -0.485596 0.397461 0.458009 -0.443930 -1.167629
    28 2.357422 0.016098 -0.000003 -0.304010 -0.029872 -0.496328
    29 1.250977 -0.000336 0.000001 0.000000 0.000000 -0.577698
    30 -0.267709 0.037512 -0.093907 2.913812 -0.143386 0.078467
    31 -0.029266 0.205410 -0.329287 2.788574 -0.255486 -0.188917
    32 0.204373 0.521055 -0.268577 2.886669 0.042206 -0.230367
    33 0.195697 -0.010059 -0.293538 -1.333586 0.150863 -1.672749
    34 1.257181 8.762590 -0.153713 -1.570562 0.002683 -1.566808
    35 -0.093500 -0.114213 -0.738866 -1.570842 0.061811 0.002096
    36 0.010843 0.093623 -0.081439 -3.141462 0.041719 -1.568236
    37 13.046044 -1.070976 -13.943115 -0.788984 0.255043 2.219396
    38 0.112366 -10.671875 0.000002 0.728138 -0.453677 0.233294
    39 0.554688 -3.648438 -0.346924 -1.168819 -0.027241 -0.041119
    40 0.026276 -1.508789 -0.000002 -0.411892 0.000000 0.000000
    41 0.013245 -0.926270 0.000000 -0.645836 0.000000 0.000000
    42 0.006928 0.005327 -0.181358 -1.528500 -0.248579 -1.611362
    43 -0.052313 0.038588 -0.230758 -1.592493 -0.043415 -1.528515
    44 -0.232600 -0.209658 -0.420670 -1.713790 -0.167173 -1.438930
    45 -0.212769 -3.742188 -0.346680 -1.213027 0.000000 0.000000
    46 0.013245 -1.576172 0.000002 -0.357796 0.000000 0.000000
    47 -0.000001 -1.176758 0.000002 -0.532325 0.000000 0.000000
    48 -0.038065 0.069166 -0.159882 -1.816986 0.066178 -1.575392
    49 -0.025151 0.088760 -0.068837 -1.817843 0.044510 -1.568287
    50 -0.102916 -0.186983 -0.272246 -1.833683 -0.232962 -1.472375
    51 -1.032227 -3.582031 -0.346924 -0.989614 0.000000 0.000000
    52 -0.000003 -1.616211 0.000004 -0.418875 0.000000 0.000000
    53 0.000001 -0.940430 0.000002 -0.644032 0.000000 0.000000
    54 -0.004241 0.043707 -0.080202 -2.014997 -0.186996 -1.460723
    55 0.015383 -0.089136 -0.030009 -2.006083 0.036346 -1.568629
    56 -0.022610 -0.212358 -0.177904 -1.933161 -0.118801 -1.518895
    57 1.308594 -3.224609 -0.346924 -0.954800 -0.047561 -0.066331
    58 -0.000007 -1.244141 -0.000006 -0.544561 0.000000 0.000000
    59 0.000003 -0.767090 0.000000 -0.490484 0.000000 0.000000
    60 -0.067138 0.063251 -0.010961 -0.899214 -0.014515 -1.600326
    61 -0.151180 -0.007395 -0.070065 -0.913061 -0.118819 -1.408558
    62 -0.178164 -0.244680 -0.357067 -1.159916 -0.384260 -1.556110
    63 -0.384766 -0.458984 0.383789 -0.129647 -0.511419 -2.796852
    64 2.472656 0.024429 0.000001 -0.103313 -0.017074 0.386590
    65 1.226563 0.003979 0.000000 -0.000001 -0.349054 0.300192
    66 -0.263408 -0.117640 -0.015657 0.000036 -0.082210 -0.026800
    67 0.007707 -0.334360 -0.191576 0.070788 -0.181563 0.282364
    68 0.225562 -0.567923 -0.420715 0.119895 -0.183798 0.223460
    69 -0.203683 -0.095654 -0.328304 -1.745077 0.075142 -1.515382
    70 -1.393460 8.839182 -0.239440 1.580804 -0.005024 -1.566848
    71 0.036020 0.082814 -0.692656 -1.570769 0.065989 0.001276
    72 -0.088586 0.054019 -0.088595 0.010231 0.033800 -1.560851
    73 0.120153 -0.050270 -0.054489 -2.854024 0.030688 -1.580508
    74 -0.139399 -0.111692 0.014400 0.285395 -0.031353 1.580313
    75 1.815922 -4.953960 0.956709 -1.164456 1.454231 -1.146686
    76 1.280673 -7.522364 1.257767 -1.247037 1.437608 -1.233843
    77 3.914122 -5.194223 1.336679 -1.102199 1.470090 -1.123171
    78 3.733238 -6.026484 1.177255 -1.247037 1.437608 -1.233843
    79 2.570313 -6.875000 2.244141 -0.148865 -1.070098 0.151247
    80 3.797684 -22.610472 3.277112 -1.247037 1.437608 -1.233843
  time 18
    0 1.629157 0.000000 0.541027 0.000000 0.000000 -1.570796
    1 -3.358252 9.602042 -11.478350 5.500028 -1.181479 -4.181578
    2 -0.001605 -10.698019 -0.002571 0.369321 -0.058489 -0.229943
    3 -0.652344 -3.626953 -0.348633 -1.107361 -0.060909 -0.152581
    4 -0.006990 -1.507134 0.002508 -1.179809 -0.000001 -0.000002
    5 0.005351 -0.954641 -0.007484 -1.228687 0.000000 0.000000
    6 0.007988 0.172186 -0.118553 -1.598091 -0.216549 -1.570593
    7 0.080660 0.135929 -0.203919 -1.506824 -0.066185 -1.662786
    8 0.117288 -0.155554 -0.604544 -1.412988 -0.374558 -1.569222
    9 0.132836 -3.758196 -0.339962 -0.873787 -0.036118 -0.178589
    10 -0.006790 -1.567259 0.006726 -1.223362 0.000000 -0.000003
    11 -0.006798 -1.156134 0.006655 -1.567306 0.000000 0.000000
    12 -0.018589 0.129951 -0.123721 -1.294580 0.001302 -1.635383
    13 -0.006160 0.170065 -0.110169 -1.280084 -0.068681 -1.597215
    14 0.047100 -0.104074 -0.352264 -1.243368 -0.257298 -1.694346
    15 0.949219 -3.619141 -0.348389 -0.197224 0.000005 0.130897
    16 -0.021700 -1.592453 -0.011256 -0.579952 0.025312 -0.027193
    17 -0.002829 -0.941812 0.007065 -0.593400 0.000000 -0.000001
    18 -0.022325 0.045425 -0.038284 -1.125544 -0.129230 -1.681412
    19 -0.042901 -0.061274 -0.071212 -1.124462 -0.060454 -1.586099
    20 0.063741 -0.109104 -0.248158 -1.142813 -0.125805 -1.693583
    21 -1.403345 -3.249431 -0.342301 -1.174547 -0.118715 -0.146526
    22 0.013458 -1.204102 0.000006 -0.977389 0.000000 0.000000
    23 -0.020049 -0.793311 0.002278 -1.034950 0.000001 0.000004
    24 -0.011720 0.093267 0.017949 -1.687855 -0.079155 -1.575164
    25 0.048864 -0.085541 0.028626 -1.715605 -0.034569 -1.653190
    26 0.173918 -0.198414 -0.336163 -1.668104 -0.422317 -1.710956
    27 0.438477 -0.485596 0.397461 0.458009 -0.443930 -1.167629
    28 2.357422 0.016098 -0.000003 -0.304010 -0.029872 -0.496328
    29 1.250977 -0.000336 0.000001 0.000000 0.000000 -0.577698
    30 -0.267709 0.037512 -0.093907 2.913812 -0.143386 0.078467
    31 -0.029266 0.205410 -0.329287 2.788574 -0.255486 -0.188917
    32 0.204373 0.521055 -0.268577 2.886669 0.042206 -0.230367
    33 0.195697 -0.010059 -0.293538 -1.333586 0.150863 -1.672749
    34 1.257181 8.762590 -0.153713 -1.570562 0.002683 -1.566808
    35 -0.093500 -0.114213 -0.738866 -1.570842 0.061811 0.002096
    36 0.010843 0.093623 -0.081439 -3.141462 0.041719 -1.568236
    37 13.030418 -1.067069 -14.025149 -0.788984 0.255043 2.219396
    38 0.112366 -10.671875 0.000002 0.728138 -0.453677 0.233294
    39 0.554688 -3.648438 -0.346924 -1.168819 -0.027241 -0.041119
    40 0.026276 -1.508789 -0.000002 -0.411892 0.000000 0.000000
    41 0.013245 -0.926270 0.000000 -0.645836 0.000000 0.000000
    42 0.006928 0.005327 -0.181358 -1.528500 -0.248579 -1.611362
    43 -0.052313 0.038588 -0.230758 -1.592493 -0.043415 -1.528515
    44 -0.232600 -0.209658 -0.420670 -1.713790 -0.167173 -1.438930
    45 -0.212769 -3.742188 -0.346680 -1.213027 0.000000 0.000000
    46 0.013245 -1.576172 0.000002 -0.357796 0.000000 0.000000
    47 -0.000001 -1.176758 0.000002 -0.532325 0.000000 0.000000
    48 -0.038065 0.069166 -0.159882 -1.816986 0.066178 -1.575392
    49 -0.025151 0.088760 -0.068837 -1.817843 0.044510 -1.568287
    50 -0.102916 -0.186983 -0.272246 -1.833683 -0.232962 -1.472375
    51 -1.032227 -3.582031 -0.346924 -0.989614 0.000000 0.000000
    52 -0.000003 -1.616211 0.000004 -0.418875 0.000000 0.000000
    53 0.000001 -0.940430 0.000002 -0.644032 0.000000 0.000000
    54 -0.004241 0.043707 -0.080202 -2.014997 -0.186996 -1.460723
    55 0.015383 -0.089136 -0.030009 -2.006083 0.036346 -1.568629
    56 -0.022610 -0.212358 -0.177904 -1.933161 -0.118801 -1.518895
    57 1.308594 -3.224609 -0.346924 -0.954800 -0.047561 -0.066331
    58 -0.000007 -1.244141 -0.000006 -0.544561 0.000000 0.000000
    59 0.000003 -0.767090 0.000000 -0.490484 0.000000 0.000000
    60 -0.067138 0.063251 -0.010961 -0.899214 -0.014515 -1.600326
    61 -0.151180 -0.007395 -0.070065 -0.913061 -0.118819 -1.408558
    62 -0.178164 -0.244680 -0.357067 -1.159916 -0.384260 -1.556110
    63 -0.384766 -0.458984 0.383789 -0.129647 -0.511419 -2.796852
    64 2.472656 0.024429 0.000001 -0.103313 -0.017074 0.386590
    65 1.226563 0.003979 0.000000 -0.000001 -0.349054 0.300192
    66 -0.263408 -0.117640 -0.015657 0.000036 -0.082210 -0.026800
    67 0.007707 -0.334360 -0.191576 0.070788 -0.181563 0.282364
    68 0.225562 -0.567923 -0.420715 0.119895 -0.183798 0.223460
    69 -0.203683 -0.095654 -0.328304 -1.745077 0.075142 -1.515382
    70 -1.393460 8.839182 -0.239440 1.580804 -0.005024 -1.566848
    71 0.036020 0.082814 -0.692656 -1.570769 0.065989 0.001276
    72 -0.088586 0.054019 -0.088595 0.010231 0.033800 -1.560851
    73 0.120153 -0.050270 -0.054489 -2.854024 0.030688 -1.580508
    74 -0.139399 -0.111692 0.014400 0.285395 -0.031353 1.580313
    75 1.815922 -4.953960 0.956709 -1.164456 1.454231 -1.146686
    76 1.280673 -7.522364 1.257767 -1.247037 1.437608 -1.233843
    77 3.914122 -5.194223 1.336679 -1.102199 1.470090 -1.123171
    78 3.733238 -6.026484 1.177255 -1.247037 1.437608 -1.233843
    79 2.570313 -6.875000 2.244141 -0.148865 -1.070098 0.151247
    80 3.797684 -22.610472 3.277112 -1.247037 1.437608 -1.233843
  time 19
    0 1.629157 0.000000 0.541027 0.000000 0.000000 -1.570796
    1 -3.381690 9.582510 -11.411941 5.516252 -1.186702 -4.195575
    2 -0.001605 -10.701926 -0.006478 0.367692 -0.061087 -0.224242
    3 -0.652344 -3.626953 -0.348633 -1.107361 -0.060909 -0.152581
    4 -0.006990 -1.503228 0.010321 -1.179809 -0.000001 -0.000002
    5 0.001444 -0.954641 -0.007484 -1.228687 0.000000 0.000000
    6 0.007988 0.172186 -0.118553 -1.598091 -0.216549 -1.570593
    7 0.080660 0.135929 -0.203919 -1.506824 -0.066185 -1.662786
    8 0.117288 -0.155554 -0.604544 -1.412988 -0.374558 -1.569222
    9 0.132836 -3.758196 -0.347774 -0.873787 -0.036118 -0.178589
    10 -0.010696 -1.567259 0.010633 -1.223362 0.000000 -0.000003
    11 -0.002891 -1.156134 0.006655 -1.567260 0.000000 0.000000
    12 -0.018589 0.129951 -0.123721 -1.294580 0.001302 -1.635383
    13 -0.006160 0.170065 -0.110169 -1.280084 -0.068681 -1.597215
    14 0.047100 -0.104074 -0.352264 -1.243368 -0.257298 -1.694346
    15 0.949219 -3.619141 -0.348389 -0.197224 0.000005 0.130897
    16 -0.021700 -1.592453 -0.003443 -0.579952 0.025312 -0.027181
    17 -0.006736 -0.941812 0.007065 -0.593400 0.000000 -0.000001
    18 -0.022325 0.045425 -0.038284 -1.125544 -0.129230 -1.681412
    19 -0.042901 -0.061274 -0.071212 -1.124462 -0.060454 -1.586099
    20 0.063741 -0.109104 -0.248158 -1.142813 -0.125805 -1.693583
    21 -1.403345 -3.241619 -0.346207 -1.174547 -0.118715 -0.146526
    22 0.013458 -1.204102 0.000006 -0.977389 0.000000 0.000000
    23 -0.020049 -0.797217 0.002278 -1.034950 0.000001 0.000004
    24 -0.011720 0.093267 0.017949 -1.687855 -0.079155 -1.575164
    25 0.048864 -0.085541 0.028626 -1.715605 -0.034569 -1.653190
    26 0.173918 -0.198414 -0.336163 -1.668104 -0.422317 -1.710956
    27 0.438477 -0.485596 0.397461 0.458009 -0.443930 -1.167629
    28 2.357422 0.016098 -0.000003 -0.304010 -0.029872 -0.496328
    29 1.250977 -0.000336 0.000001 0.000000 0.000000 -0.577698
    30 -0.267709 0.037512 -0.093907 2.913812 -0.143386 0.078467
    31 -0.029266 0.205410 -0.329287 2.788574 -0.255486 -0.188917
    32 0.204373 0.521055 -0.268577 2.886669 0.042206 -0.230367
    33 0.195697 -0.010059 -0.293538 -1.333586 0.150863 -1.672749
    34 1.257181 8.762590 -0.153713 -1.570562 0.002683 -1.566808
    35 -0.093500 -0.114213 -0.738866 -1.570842 0.061811 0.002096
    36 0.010843 0.093623 -0.081439 -3.141462 0.041719 -1.568236
    37 13.022606 -1.055350 -14.107183 -0.788984 0.255043 2.219396
    38 0.112366 -10.671875 0.000002 0.728138 -0.453677 0.233294
    39 0.554688 -3.648438 -0.346924 -1.168819 -0.027241 -0.041119
    40 0.026276 -1.508789 -0.000002 -0.411892 0.000000 0.000000
    41 0.013245 -0.926270 0.000000 -0.645836 0.000000 0.000000
    42 0.006928 0.005327 -0.181358 -1.528500 -0.248579 -1.611362
    43 -0.052313 0.038588 -0.230758 -1.592493 -0.043415 -1.528515
    44 -0.232600 -0.209658 -0.420670 -1.713790 -0.167173 -1.438930
    45 -0.212769 -3.742188 -0.346680 -1.213027 0.000000 0.000000
    46 0.013245 -1.576172 0.000002 -0.357796 0.000000 0.000000
    47 -0.000001 -1.176758 0.000002 -0.532325 0.000000 0.000000
    48 -0.038065 0.069166 -0.159882 -1.816986 0.066178 -1.575392
    49 -0.025151 0.088760 -0.068837 -1.817843 0.044510 -1.568287
    50 -0.102916 -0.186983 -0.272246 -1.833683 -0.232962 -1.472375
    51 -1.032227 -3.582031 -0.346924 -0.989614 0.000000 0.000000
    52 -0.000003 -1.616211 0.000004 -0.418875 0.000000 0.000000
    53 0.000001 -0.940430 0.000002 -0.644032 0.000000 0.000000
    54 -0.004241 0.043707 -0.080202 -2.014997 -0.186996 -1.460723
    55 0.015383 -0.089136 -0.030009 -2.006083 0.036346 -1.568629
    56 -0.022610 -0.212358 -0.177904 -1.933161 -0.118801 -1.518895
    57 1.308594 -3.224609 -0.346924 -0.954800 -0.047561 -0.066331
    58 -0.000007 -1.244141 -0.000006 -0.544561 0.000000 0.000000
    59 0.000003 -0.767090 0.000000 -0.490484 0.000000 0.000000
    60 -0.067138 0.063251 -0.010961 -0.899214 -0.014515 -1.600326
    61 -0.151180 -0.007395 -0.070065 -0.913061 -0.118819 -1.408558
    62 -0.178164 -0.244680 -0.357067 -1.159916 -0.384260 -1.556110
    63 -0.384766 -0.458984 0.383789 -0.129647 -0.511419 -2.796852
    64 2.472656 0.024429 0.000001 -0.103313 -0.017074 0.386590
    65 1.226563 0.003979 0.000000 -0.000001 -0.349054 0.300192
    66 -0.263408 -0.117640 -0.015657 0.000036 -0.082210 -0.026800
    67 0.007707 -0.334360 -0.191576 0.070788 -0.181563 0.282364
    68 0.225562 -0.567923 -0.420715 0.119895 -0.183798 0.223460
    69 -0.203683 -0.095654 -0.328304 -1.745077 0.075142 -1.515382
    70 -1.393460 8.839182 -0.239440 1.580804 -0.005024 -1.566848
    71 0.036020 0.082814 -0.692656 -1.570769 0.065989 0.001276
    72 -0.088586 0.054019 -0.088595 0.010231 0.033800 -1.560851
    73 0.120153 -0.050270 -0.054489 -2.854024 0.030688 -1.580508
    74 -0.139399 -0.111692 0.014400 0.285395 -0.031353 1.580313
    75 1.815922 -4.953960 0.956709 -1.164456 1.454231 -1.146701
    76 1.280673 -7.522364 1.257767 -1.247037 1.437608 -1.233843
    77 3.914122 -5.194223 1.336679 -1.102199 1.470090 -1.123171
    78 3.733238 -6.026484 1.177255 -1.247037 1.437608 -1.233843
    79 2.570313 -6.875000 2.244141 -0.148865 -1.070098 0.151247
    80 3.797684 -22.610472 3.277112 -1.247037 1.437608 -1.233843
  time 20
    0 1.629157 0.000000 0.541027 0.000000 0.000000 -1.570796
    1 -3.409035 9.559072 -11.329908 5.535683 -1.192670 -4.212544
    2 -0.001605 -10.701926 -0.010384 0.365643 -0.064095 -0.216891
    3 -0.652344 -3.626953 -0.348633 -1.107361 -0.060909 -0.152581
    4 -0.003083 -1.503228 0.006415 -1.179809 -0.000001 -0.000002
    5 0.001444 -0.954641 -0.003577 -1.228687 0.000000 0.000000
    6 0.007988 0.172186 -0.118553 -1.598091 -0.216549 -1.570593
    7 0.080660 0.135929 -0.203919 -1.506824 -0.066185 -1.662786
    8 0.117288 -0.155554 -0.604544 -1.412988 -0.374558 -1.569222
    9 0.132836 -3.758196 -0.339962 -0.873787 -0.036118 -0.178589
    10 -0.006790 -1.567259 0.002820 -1.223362 0.000000 -0.000003
    11 -0.006798 -1.156134 0.010561 -1.567260 0.000000 0.000000
    12 -0.018589 0.129951 -0.123721 -1.294580 0.001302 -1.635383
    13 -0.006160 0.170065 -0.110169 -1.280084 -0.068681 -1.597215
    14 0.047100 -0.104074 -0.352264 -1.243368 -0.257298 -1.694346
    15 0.949219 -3.619141 -0.348389 -0.197224 0.000005 0.130897
    16 -0.021700 -1.592453 -0.003443 -0.579952 0.025312 -0.027181
    17 -0.002829 -0.937906 0.010971 -0.593382 0.000000 -0.000001
    18 -0.022325 0.045425 -0.038284 -1.125544 -0.129230 -1.681412
    19 -0.042901 -0.061274 -0.071212 -1.124462 -0.060454 -1.586099
    20 0.063741 -0.109104 -0.248158 -1.142813 -0.125805 -1.693583
    21 -1.403345 -3.241619 -0.342301 -1.174547 -0.118715 -0.146526
    22 0.013458 -1.204102 0.000006 -0.977389 0.000000 0.000000
    23 -0.020049 -0.797217 0.002278 -1.034980 0.000001 0.000004
    24 -0.011720 0.093267 0.017949 -1.687855 -0.079155 -1.575164
    25 0.048864 -0.085541 0.028626 -1.715605 -0.034569 -1.653190
    26 0.173918 -0.198414 -0.336163 -1.668104 -0.422317 -1.710956
    27 0.438477 -0.485596 0.397461 0.458009 -0.443930 -1.167629
    28 2.357422 0.016098 -0.000003 -0.304010 -0.029872 -0.496328
    29 1.250977 -0.000336 0.000001 0.000000 0.000000 -0.577698
    30 -0.267709 0.037512 -0.093907 2.913812 -0.143386 0.078467
    31 -0.029266 0.205410 -0.329287 2.788574 -0.255486 -0.188917
    32 0.204373 0.521055 -0.268577 2.886669 0.042206 -0.230367
    33 0.195697 -0.010059 -0.293538 -1.333586 0.150863 -1.672749
    34 1.257181 8.762590 -0.153713 -1.570562 0.002683 -1.566808
    35 -0.093500 -0.114213 -0.738866 -1.570842 0.061811 0.002096
    36 0.010843 0.093623 -0.081439 -3.141462 0.041719 -1.568236
    37 13.014793 -1.055350 -14.185310 -0.788984 0.255043 2.219396
    38 0.112366 -10.671875 0.000002 0.728138 -0.453677 0.233294
    39 0.554688 -3.648438 -0.346924 -1.168819 -0.027241 -0.041119
    40 0.026276 -1.508789 -0.000002 -0.411892 0.000000 0.000000
    41 0.013245 -0.926270 0.000000 -0.645836 0.000000 0.000000
    42 0.006928 0.005327 -0.181358 -1.528500 -0.248579 -1.611362
    43 -0.052313 0.038588 -0.230758 -1.592493 -0.043415 -1.528515
    44 -0.232600 -0.209658 -0.420670 -1.713790 -0.167173 -1.438930
    45 -0.212769 -3.742188 -0.346680 -1.213027 0.000000 0.000000
    46 0.013245 -1.576172 0.000002 -0.357796 0.000000 0.000000
    47 -0.000001 -1.176758 0.000002 -0.532325 0.000000 0.000000
    48 -0.038065 0.069166 -0.159882 -1.816986 0.066178 -1.575392
    49 -0.025151 0.088760 -0.068837 -1.817843 0.044510 -1.568287
    50 -0.102916 -0.186983 -0.272246 -1.833683 -0.232962 -1.472375
    51 -1.032227 -3.582031 -0.346924 -0.989614 0.000000 0.000000
    52 -0.000003 -1.616211 0.000004 -0.418875 0.000000 0.000000
    53 0.000001 -0.940430 0.000002 -0.644032 0.000000 0.000000
    54 -0.004241 0.043707 -0.080202 -2.014997 -0.186996 -1.460723
    55 0.015383 -0.089136 -0.030009 -2.006083 0.036346 -1.568629
    56 -0.022610 -0.212358 -0.177904 -1.933161 -0.118801 -1.518895
    57 1.308594 -3.224609 -0.346924 -0.954800 -0.047561 -0.066331
    58 -0.000007 -1.244141 -0.000006 -0.544561 0.000000 0.000000
    59 0.000003 -0.767090 0.000000 -0.490484 0.000000 0.000000
    60 -0.067138 0.063251 -0.010961 -0.899214 -0.014515 -1.600326
    61 -0.151180 -0.007395 -0.070065 -0.913061 -0.118819 -1.408558
    62 -0.178164 -0.244680 -0.357067 -1.159916 -0.384260 -1.556110
    63 -0.384766 -0.458984 0.383789 -0.129647 -0.511419 -2.796852
    64 2.472656 0.024429 0.000001 -0.103313 -0.017074 0.386590
    65 1.226563 0.003979 0.000000 -0.000001 -0.349054 0.300192
    66 -0.263408 -0.117640 -0.015657 0.000036 -0.082210 -0.026800
    67 0.007707 -0.334360 -0.191576 0.070788 -0.181563 0.282364
    68 0.225562 -0.567923 -0.420715 0.119895 -0.183798 0.223460
    69 -0.203683 -0.095654 -0.328304 -1.745077 0.075142 -1.515382
    70 -1.393460 8.839182 -0.239440 1.580804 -0.005024 -1.566848
    71 0.036020 0.082814 -0.692656 -1.570769 0.065989 0.001276
    72 -0.088586 0.054019 -0.088595 0.010231 0.033800 -1.560851
    73 0.120153 -0.050270 -0.054489 -2.854024 0.030688 -1.580508
    74 -0.139399 -0.111692 0.014400 0.285395 -0.031353 1.580313
    75 1.815922 -4.953960 0.956709 -1.164456 1.454231 -1.146686
    76 1.280673 -7.522364 1.257767 -1.247037 1.437608 -1.233843
    77 3.914122 -5.194223 1.336679 -1.102199 1.470090 -1.123171
    78 3.733238 -6.026484 1.177255 -1.247037 1.437608 -1.233843
    79 2.570313 -6.875000 2.244141 -0.148865 -1.070098 0.151247
    80 3.797684 -22.610472 3.277112 -1.247037 1.437608 -1.233843
  time 21
    0 1.629157 0.000000 0.541027 0.000000 0.000000 -1.570796
    1 -3.420754 9.535633 -11.232248 5.558048 -1.199033 -4.232102
    2 -0.005512 -10.694113 -0.010384 0.363373 -0.067411 -0.208372
    3 -0.652344 -3.626953 -0.348633 -1.107361 -0.060909 -0.152581
    4 -0.006990 -1.503228 0.006415 -1.179809 -0.000001 -0.000002
    5 0.001444 -0.954641 -0.007484 -1.228687 0.000000 0.000000
    6 0.007988 0.172186 -0.118553 -1.598091 -0.216549 -1.570593
    7 0.080660 0.135929 -0.203919 -1.506824 -0.066185 -1.662786
    8 0.117288 -0.155554 -0.604544 -1.412988 -0.374558 -1.569222
    9 0.132836 -3.758196 -0.343868 -0.873787 -0.036118 -0.178589
    10 -0.006790 -1.567259 0.006726 -1.223362 0.000000 -0.000003
    11 -0.006798 -1.156134 0.002748 -1.567260 0.000000 0.000000
    12 -0.018589 0.129951 -0.123721 -1.294580 0.001302 -1.635383
    13 -0.006160 0.170065 -0.110169 -1.280084 -0.068681 -1.597215
    14 0.047100 -0.104074 -0.352264 -1.243368 -0.257298 -1.694346
    15 0.949219 -3.619141 -0.348389 -0.197224 0.000005 0.130897
    16 -0.021700 -1.592453 -0.003443 -0.579952 0.025312 -0.027217
    17 -0.006736 -0.941812 0.007065 -0.593400 0.000000 -0.000001
    18 -0.022325 0.045425 -0.038284 -1.125544 -0.129230 -1.681412
    19 -0.042901 -0.061274 -0.071212 -1.124462 -0.060454 -1.586099
    20 0.063741 -0.109104 -0.248158 -1.142813 -0.125805 -1.693583
    21 -1.403345 -3.241619 -0.342301 -1.174547 -0.118715 -0.146526
    22 0.013458 -1.204102 0.000006 -0.977389 0.000000 0.000000
    23 -0.020049 -0.797217 0.002278 -1.034950 0.000001 0.000004
    24 -0.011720 0.093267 0.017949 -1.687855 -0.079155 -1.575164
    25 0.048864 -0.085541 0.028626 -1.715605 -0.034569 -1.653190
    26 0.173918 -0.198414 -0.336163 -1.668104 -0.422317 -1.710956
    27 0.438477 -0.485596 0.397461 0.458009 -0.443930 -1.167629
    28 2.357422 0.016098 -0.000003 -0.304010 -0.029872 -0.496328
    29 1.250977 -0.000336 0.000001 0.000000 0.000000 -0.577698
    30 -0.267709 0.037512 -0.093907 2.913812 -0.143386 0.078467
    31 -0.029266 0.205410 -0.329287 2.788574 -0.255486 -0.188917
    32 0.204373 0.521055 -0.268577 2.886669 0.042206 -0.230367
    33 0.195697 -0.010059 -0.293538 -1.333586 0.150863 -1.672749
    34 1.257181 8.762590 -0.153713 -1.570562 0.002683 -1.566808
    35 -0.093500 -0.114213 -0.738866 -1.570842 0.061811 0.002096
    36 0.010843 0.093623 -0.081439 -3.141462 0.041719 -1.568236
    37 13.010886 -1.067069 -14.247812 -0.788984 0.255043 2.219396
    38 0.112366 -10.671875 0.000002 0.728138 -0.453677 0.233294
    39 0.554688 -3.648438 -0.346924 -1.168819 -0.027241 -0.041119
    40 0.026276 -1.508789 -0.000002 -0.411892 0.000000 0.000000
    41 0.013245 -0.926270 0.000000 -0.645836 0.000000 0.000000
    42 0.006928 0.005327 -0.181358 -1.528500 -0.248579 -1.611362
    43 -0.052313 0.038588 -0.230758 -1.592493 -0.043415 -1.528515
    44 -0.232600 -0.209658 -0.420670 -1.713790 -0.167173 -1.438930
    45 -0.212769 -3.742188 -0.346680 -1.213027 0.000000 0.000000
    46 0.013245 -1.576172 0.000002 -0.357796 0.000000 0.000000
    47 -0.000001 -1.176758 0.000002 -0.532325 0.000000 0.000000
    48 -0.038065 0.069166 -0.159882 -1.816986 0.066178 -1.575392
    49 -0.025151 0.088760 -0.068837 -1.817843 0.044510 -1.568287
    50 -0.102916 -0.186983 -0.272246 -1.833683 -0.232962 -1.472375
    51 -1.032227 -3.582031 -0.346924 -0.989614 0.000000 0.000000
    52 -0.000003 -1.616211 0.000004 -0.418875 0.000000 0.000000
    53 0.000001 -0.940430 0.000002 -0.644032 0.000000 0.000000
    54 -0.004241 0.043707 -0.080202 -2.014997 -0.186996 -1.460723
    55 0.015383 -0.089136 -0.030009 -2.006083 0.036346 -1.568629
    56 -0.022610 -0.212358 -0.177904 -1.933161 -0.118801 -1.518895
    57 1.308594 -3.224609 -0.346924 -0.954800 -0.047561 -0.066331
    58 -0.000007 -1.244141 -0.000006 -0.544561 0.000000 0.000000
    59 0.000003 -0.767090 0.000000 -0.490484 0.000000 0.000000
    60 -0.067138 0.063251 -0.010961 -0.899214 -0.014515 -1.600326
    61 -0.151180 -0.007395 -0.070065 -0.913061 -0.118819 -1.408558
    62 -0.178164 -0.244680 -0.357067 -1.159916 -0.384260 -1.556110
    63 -0.384766 -0.458984 0.383789 -0.129647 -0.511419 -2.796852
    64 2.472656 0.024429 0.000001 -0.103313 -0.017074 0.386590
    65 1.226563 0.003979 0.000000 -0.000001 -0.349054 0.300192
    66 -0.263408 -0.117640 -0.015657 0.000036 -0.082210 -0.026800
    67 0.007707 -0.334360 -0.191576 0.070788 -0.181563 0.282364
    68 0.225562 -0.567923 -0.420715 0.119895 -0.183798 0.223460
    69 -0.203683 -0.095654 -0.328304 -1.745077 0.075142 -1.515382
    70 -1.393460 8.839182 -0.239440 1.580804 -0.005024 -1.566848
    71 0.036020 0.082814 -0.692656 -1.570769 0.065989 0.001276
    72 -0.088586 0.054019 -0.088595 0.010231 0.033800 -1.560851
    73 0.120153 -0.050270 -0.054489 -2.854024 0.030688 -1.580508
    74 -0.139399 -0.111692 0.014400 0.285395 -0.031353 1.580313
    75 1.815922 -4.953960 0.956709 -1.164456 1.454231 -1.146686
    76 1.280673 -7.522364 1.257767 -1.247037 1.437608 -1.233843
    77 3.914122 -5.194223 1.336679 -1.102199 1.470090 -1.123171
    78 3.733238 -6.026484 1.177255 -1.247037 1.437608 -1.233843
    79 2.570313 -6.875000 2.244141 -0.148865 -1.070098 0.151247
    80 3.797684 -22.610472 3.277112 -1.247037 1.437608 -1.233843
  time 22
    0 1.629157 0.000000 0.541027 0.000000 0.000000 -1.570796
    1 -3.436379 9.508289 -11.142402 5.582246 -1.205836 -4.253960
    2 -0.009418 -10.701926 -0.002571 0.360831 -0.070932 -0.198975
    3 -0.652344 -3.626953 -0.348633 -1.107361 -0.060909 -0.152581
    4 -0.006990 -1.503228 0.002508 -1.179809 -0.000001 -0.000002
    5 0.001444 -0.958548 -0.007484 -1.228687 0.000000 0.000000
    6 0.007988 0.172186 -0.118553 -1.598091 -0.216549 -1.570593
    7 0.080660 0.135929 -0.203919 -1.506824 -0.066185 -1.662786
    8 0.117288 -0.155554 -0.604544 -1.412988 -0.374558 -1.569222
    9 0.132836 -3.758196 -0.347774 -0.873787 -0.036118 -0.178589
    10 -0.010696 -1.567259 0.010633 -1.223438 0.000000 -0.000003
    11 -0.002891 -1.156134 0.002748 -1.567260 0.000000 0.000000
    12 -0.018589 0.129951 -0.123721 -1.294580 0.001302 -1.635383
    13 -0.006160 0.170065 -0.110169 -1.280084 -0.068681 -1.597215
    14 0.047100 -0.104074 -0.352264 -1.243368 -0.257298 -1.694346
    15 0.949219 -3.619141 -0.348389 -0.197224 0.000005 0.130897
    16 -0.021700 -1.592453 -0.003443 -0.579952 0.025312 -0.027193
    17 -0.006736 -0.941812 0.007065 -0.593400 0.000000 -0.000001
    18 -0.022325 0.045425 -0.038284 -1.125544 -0.129230 -1.681412
    19 -0.042901 -0.061274 -0.071212 -1.124462 -0.060454 -1.586099
    20 0.063741 -0.109104 -0.248158 -1.142813 -0.125805 -1.693583
    21 -1.403345 -3.241619 -0.342301 -1.174547 -0.118715 -0.146526
    22 0.013458 -1.204102 0.000006 -0.977389 0.000000 0.000000
    23 -0.020049 -0.797217 0.002278 -1.034950 0.000001 0.000004
    24 -0.011720 0.093267 0.017949 -1.687855 -0.079155 -1.575164
    25 0.048864 -0.085541 0.028626 -1.715605 -0.034569 -1.653190
    26 0.173918 -0.198414 -0.336163 -1.668104 -0.422317 -1.710956
    27 0.438477 -0.485596 0.397461 0.458009 -0.443930 -1.167629
    28 2.357422 0.016098 -0.000003 -0.304010 -0.029872 -0.496328
    29 1.250977 -0.000336 0.000001 0.000000 0.000000 -0.577698
    30 -0.267709 0.037512 -0.093907 2.913812 -0.143386 0.078467
    31 -0.029266 0.205410 -0.329287 2.788574 -0.255486 -0.188917
    32 0.204373 0.521055 -0.268577 2.886669 0.042206 -0.230367
    33 0.195697 -0.010059 -0.293538 -1.333586 0.150863 -1.672749
    34 1.257181 8.762590 -0.153713 -1.570562 0.002683 -1.566808
    35 -0.093500 -0.114213 -0.738866 -1.570842 0.061811 0.002096
    36 0.010843 0.093623 -0.081439 -3.141462 0.041719 -1.568236
    37 13.006980 -1.078788 -14.298595 -0.788984 0.255043 2.219396
    38 0.112366 -10.671875 0.000002 0.728138 -0.453677 0.233294
    39 0.554688 -3.648438 -0.346924 -1.168819 -0.027241 -0.041119
    40 0.026276 -1.508789 -0.000002 -0.411892 0.000000 0.000000
    41 0.013245 -0.926270 0.000000 -0.645836 0.000000 0.000000
    42 0.006928 0.005327 -0.181358 -1.528500 -0.248579 -1.611362
    43 -0.052313 0.038588 -0.230758 -1.592493 -0.043415 -1.528515
    44 -0.232600 -0.209658 -0.420670 -1.713790 -0.167173 -1.438930
    45 -0.212769 -3.742188 -0.346680 -1.213027 0.000000 0.000000
    46 0.013245 -1.576172 0.000002 -0.357796 0.000000 0.000000
    47 -0.000001 -1.176758 0.000002 -0.532325 0.000000 0.000000
    48 -0.038065 0.069166 -0.159882 -1.816986 0.066178 -1.575392
    49 -0.025151 0.088760 -0.068837 -1.817843 0.044510 -1.568287
    50 -0.102916 -0.186983 -0.272246 -1.833683 -0.232962 -1.472375
    51 -1.032227 -3.582031 -0.346924 -0.989614 0.000000 0.000000
    52 -0.000003 -1.616211 0.000004 -0.418875 0.000000 0.000000
    53 0.000001 -0.940430 0.000002 -0.644032 0.000000 0.000000
    54 -0.004241 0.043707 -0.080202 -2.014997 -0.186996 -1.460723
    55 0.015383 -0.089136 -0.030009 -2.006083 0.036346 -1.568629
    56 -0.022610 -0.212358 -0.177904 -1.933161 -0.118801 -1.518895
    57 1.308594 -3.224609 -0.346924 -0.954800 -0.047561 -0.066331
    58 -0.000007 -1.244141 -0.000006 -0.544561 0.000000 0.000000
    59 0.000003 -0.767090 0.000000 -0.490484 0.000000 0.000000
    60 -0.067138 0.063251 -0.010961 -0.899214 -0.014515 -1.600326
    61 -0.151180 -0.007395 -0.070065 -0.913061 -0.118819 -1.408558
    62 -0.178164 -0.244680 -0.357067 -1.159916 -0.384260 -1.556110
    63 -0.384766 -0.458984 0.383789 -0.129647 -0.511419 -2.796852
    64 2.472656 0.024429 0.000001 -0.103313 -0.017074 0.386590
    65 1.226563 0.003979 0.000000 -0.000001 -0.349054 0.300192
    66 -0.263408 -0.117640 -0.015657 0.000036 -0.082210 -0.026800
    67 0.007707 -0.334360 -0.191576 0.070788 -0.181563 0.282364
    68 0.225562 -0.567923 -0.420715 0.119895 -0.183798 0.223460
    69 -0.203683 -0.095654 -0.328304 -1.745077 0.075142 -1.515382
    70 -1.393460 8.839182 -0.239440 1.580804 -0.005024 -1.566848
    71 0.036020 0.082814 -0.692656 -1.570769 0.065989 0.001276
    72 -0.088586 0.054019 -0.088595 0.010231 0.033800 -1.560851
    73 0.120153 -0.050270 -0.054489 -2.854024 0.030688 -1.580508
    74 -0.139399 -0.111692 0.014400 0.285395 -0.031353 1.580313
    75 1.815922 -4.953960 0.956709 -1.164456 1.454231 -1.146686
    76 1.280673 -7.522364 1.257767 -1.247037 1.437608 -1.233843
    77 3.914122 -5.194223 1.336679 -1.102199 1.470090 -1.123171
    78 3.733238 -6.026484 1.177255 -1.247037 1.437608 -1.233843
    79 2.570313 -6.875000 2.244141 -0.148865 -1.070098 0.151247
    80 3.797684 -22.610472 3.277112 -1.247037 1.437608 -1.233843
  time 23
    0 1.629157 0.000000 0.541027 0.000000 0.000000 -1.570796
    1 -3.448098 9.480944 -11.040836 5.608277 -1.212550 -4.277161
    2 -0.001605 -10.701926 -0.006478 0.358141 -0.074453 -0.189077
    3 -0.652344 -3.626953 -0.348633 -1.107361 -0.060909 -0.152581
    4 -0.010896 -1.507134 0.002508 -1.179809 -0.000001 -0.000002
    5 0.001444 -0.954641 -0.007484 -1.228687 0.000000 0.000000
    6 0.007988 0.172186 -0.118553 -1.598091 -0.216549 -1.570593
    7 0.080660 0.135929 -0.203919 -1.506824 -0.066185 -1.662786
    8 0.117288 -0.155554 -0.604544 -1.412988 -0.374558 -1.569222
    9 0.132836 -3.758196 -0.339962 -0.873843 -0.036118 -0.178589
    10 -0.010696 -1.567259 0.002820 -1.223362 0.000000 -0.000003
    11 -0.002891 -1.156134 0.002748 -1.567260 0.000000 0.000000
    12 -0.018589 0.129951 -0.123721 -1.294580 0.001302 -1.635383
    13 -0.006160 0.170065 -0.110169 -1.280084 -0.068681 -1.597215
    14 0.047100 -0.104074 -0.352264 -1.243368 -0.257298 -1.694346
    15 0.949219 -3.619141 -0.348389 -0.197224 0.000005 0.130897
    16 -0.021700 -1.592453 -0.011256 -0.579952 0.025312 -0.027193
    17 -0.002829 -0.941812 0.010971 -0.593400 0.000000 -0.000001
    18 -0.022325 0.045425 -0.038284 -1.125544 -0.129230 -1.681412
    19 -0.042901 -0.061274 -0.071212 -1.124462 -0.060454 -1.586099
    20 0.063741 -0.109104 -0.248158 -1.142813 -0.125805 -1.693583
    21 -1.399439 -3.245525 -0.342301 -1.174547 -0.118715 -0.146526
    22 0.013458 -1.204102 0.000006 -0.977389 0.000000 0.000000
    23 -0.020049 -0.797217 0.002278 -1.034950 0.000001 0.000004
    24 -0.011720 0.093267 0.017949 -1.687855 -0.079155 -1.575164
    25 0.048864 -0.085541 0.028626 -1.715605 -0.034569 -1.653190
    26 0.173918 -0.198414 -0.336163 -1.668104 -0.422317 -1.710956
    27 0.438477 -0.485596 0.397461 0.458009 -0.443930 -1.167629
    28 2.357422 0.016098 -0.000003 -0.304010 -0.029872 -0.496328
    29 1.250977 -0.000336 0.000001 0.000000 0.000000 -0.577698
    30 -0.267709 0.037512 -0.093907 2.913812 -0.143386 0.078467
    31 -0.029266 0.205410 -0.329287 2.788574 -0.255486 -0.188917
    32 0.204373 0.521055 -0.268577 2.886669 0.042206 -0.230367
    33 0.195697 -0.010059 -0.293538 -1.333586 0.150863 -1.672749
    34 1.257181 8.762590 -0.153713 -1.570562 0.002683 -1.566808
    35 -0.093500 -0.114213 -0.738866 -1.570842 0.061811 0.002096
    36 0.010843 0.093623 -0.081439 -3.141462 0.041719 -1.568236
    37 13.006980 -1.106133 -14.345471 -0.788984 0.255043 2.219396
    38 0.112366 -10.671875 0.000002 0.728138 -0.453677 0.233294
    39 0.554688 -3.648438 -0.346924 -1.168819 -0.027241 -0.041119
    40 0.026276 -1.508789 -0.000002 -0.411892 0.000000 0.000000
    41 0.013245 -0.926270 0.000000 -0.645836 0.000000 0.000000
    42 0.006928 0.005327 -0.181358 -1.528500 -0.248579 -1.611362
    43 -0.052313 0.038588 -0.230758 -1.592493 -0.043415 -1.528515
    44 -0.232600 -0.209658 -0.420670 -1.713790 -0.167173 -1.438930
    45 -0.212769 -3.742188 -0.346680 -1.213027 0.000000 0.000000
    46 0.013245 -1.576172 0.000002 -0.357796 0.000000 0.000000
    47 -0.000001 -1.176758 0.000002 -0.532325 0.000000 0.000000
    48 -0.038065 0.069166 -0.159882 -1.816986 0.066178 -1.575392
    49 -0.025151 0.088760 -0.068837 -1.817843 0.044510 -1.568287
    50 -0.102916 -0.186983 -0.272246 -1.833683 -0.232962 -1.472375
    51 -1.032227 -3.582031 -0.346924 -0.989614 0.000000 0.000000
    52 -0.000003 -1.616211 0.000004 -0.418875 0.000000 0.000000
    53 0.000001 -0.940430 0.000002 -0.644032 0.000000 0.000000
    54 -0.004241 0.043707 -0.080202 -2.014997 -0.186996 -1.460723
    55 0.015383 -0.089136 -0.030009 -2.006083 0.036346 -1.568629
    56 -0.022610 -0.212358 -0.177904 -1.933161 -0.118801 -1.518895
    57 1.308594 -3.224609 -0.346924 -0.954800 -0.047561 -0.066331
    58 -0.000007 -1.244141 -0.000006 -0.544561 0.000000 0.000000
    59 0.000003 -0.767090 0.000000 -0.490484 0.000000 0.000000
    60 -0.067138 0.063251 -0.010961 -0.899214 -0.014515 -1.600326
    61 -0.151180 -0.007395 -0.070065 -0.913061 -0.118819 -1.408558
    62 -0.178164 -0.244680 -0.357067 -1.159916 -0.384260 -1.556110
    63 -0.384766 -0.458984 0.383789 -0.129647 -0.511419 -2.796852
    64 2.472656 0.024429 0.000001 -0.103313 -0.017074 0.386590
    65 1.226563 0.003979 0.000000 -0.000001 -0.349054 0.300192
    66 -0.263408 -0.117640 -0.015657 0.000036 -0.082210 -0.026800
    67 0.007707 -0.334360 -0.191576 0.070788 -0.181563 0.282364
    68 0.225562 -0.567923 -0.420715 0.119895 -0.183798 0.223460
    69 -0.203683 -0.095654 -0.328304 -1.745077 0.075142 -1.515382
    70 -1.393460 8.839182 -0.239440 1.580804 -0.005024 -1.566848
    71 0.036020 0.082814 -0.692656 -1.570769 0.065989 0.001276
    72 -0.088586 0.054019 -0.088595 0.010231 0.033800 -1.560851
    73 0.120153 -0.050270 -0.054489 -2.854024 0.030688 -1.580508
    74 -0.139399 -0.111692 0.014400 0.285395 -0.031353 1.580313
    75 1.815922 -4.953960 0.956709 -1.164480 1.454231 -1.146686
    76 1.280673 -7.522364 1.257767 -1.247037 1.437608 -1.233843
    77 3.914122 -5.194223 1.336679 -1.102199 1.470090 -1.123171
    78 3.733238 -6.026484 1.177255 -1.247037 1.437608 -1.233843
    79 2.570313 -6.875000 2.244141 -0.148865 -1.070098 0.151247
    80 3.797684 -22.610472 3.277112 -1.247037 1.437608 -1.233843
  time 24
    0 1.629157 0.000000 0.541027 0.000000 0.000000 -1.570796
    1 -3.452005 9.457506 -10.947083 5.635041 -1.219045 -4.301320
    2 -0.001605 -10.701926 -0.002571 0.355426 -0.078008 -0.179012
    3 -0.652344 -3.626953 -0.348633 -1.107361 -0.060909 -0.152581
    4 -0.003083 -1.503228 0.002508 -1.179809 -0.000001 -0.000002
    5 0.009257 -0.954641 -0.003577 -1.228687 0.000000 0.000000
    6 0.007988 0.172186 -0.118553 -1.598091 -0.216549 -1.570593
    7 0.080660 0.135929 -0.203919 -1.506824 -0.066185 -1.662786
    8 0.117288 -0.155554 -0.604544 -1.412988 -0.374558 -1.569222
    9 0.132836 -3.754290 -0.343868 -0.873787 -0.036118 -0.178589
    10 -0.006790 -1.571166 0.006726 -1.223400 0.000000 -0.000003
    11 -0.006798 -1.156134 0.010561 -1.567260 0.000000 0.000000
    12 -0.018589 0.129951 -0.123721 -1.294580 0.001302 -1.635383
    13 -0.006160 0.170065 -0.110169 -1.280084 -0.068681 -1.597215
    14 0.047100 -0.104074 -0.352264 -1.243368 -0.257298 -1.694346
    15 0.949219 -3.619141 -0.348389 -0.197224 0.000005 0.130897
    16 -0.021700 -1.592453 -0.011256 -0.579952 0.025312 -0.027193
    17 -0.006736 -0.941812 0.007065 -0.593400 0.000000 -0.000001
    18 -0.022325 0.045425 -0.038284 -1.125544 -0.129230 -1.681412
    19 -0.042901 -0.061274 -0.071212 -1.124462 -0.060454 -1.586099
    20 0.063741 -0.109104 -0.248158 -1.142813 -0.125805 -1.693583
    21 -1.403345 -3.241619 -0.342301 -1.174547 -0.118715 -0.146526
    22 0.013458 -1.204102 0.000006 -0.977389 0.000000 0.000000
    23 -0.020049 -0.797217 0.002278 -1.034950 0.000001 0.000004
    24 -0.011720 0.093267 0.017949 -1.687855 -0.079155 -1.575164
    25 0.048864 -0.085541 0.028626 -1.715605 -0.034569 -1.653190
    26 0.173918 -0.198414 -0.336163 -1.668104 -0.422317 -1.710956
    27 0.438477 -0.485596 0.397461 0.458009 -0.443930 -1.167629
    28 2.357422 0.016098 -0.000003 -0.304010 -0.029872 -0.496328
    29 1.250977 -0.000336 0.000001 0.000000 0.000000 -0.577698
    30 -0.267709 0.037512 -0.093907 2.913812 -0.143386 0.078467
    31 -0.029266 0.205410 -0.329287 2.788574 -0.255486 -0.188917
    32 0.204373 0.521055 -0.268577 2.886669 0.042206 -0.230367
    33 0.195697 -0.010059 -0.293538 -1.333586 0.150863 -1.672749
    34 1.257181 8.762590 -0.153713 -1.570562 0.002683 -1.566808
    35 -0.093500 -0.114213 -0.738866 -1.570842 0.061811 0.002096
    36 0.010843 0.093623 -0.081439 -3.141462 0.041719 -1.568236
    37 13.010886 -1.129571 -14.384535 -0.788984 0.255043 2.219396
    38 0.112366 -10.671875 0.000002 0.728138 -0.453677 0.233294
    39 0.554688 -3.648438 -0.346924 -1.168819 -0.027241 -0.041119
    40 0.026276 -1.508789 -0.000002 -0.411892 0.000000 0.000000
    41 0.013245 -0.926270 0.000000 -0.645836 0.000000 0.000000
    42 0.006928 0.005327 -0.181358 -1.528500 -0.248579 -1.611362
    43 -0.052313 0.038588 -0.230758 -1.592493 -0.043415 -1.528515
    44 -0.232600 -0.209658 -0.420670 -1.713790 -0.167173 -1.438930
    45 -0.212769 -3.742188 -0.346680 -1.213027 0.000000 0.000000
    46 0.013245 -1.576172 0.000002 -0.357796 0.000000 0.000000
    47 -0.000001 -1.176758 0.000002 -0.532325 0.000000 0.000000
    48 -0.038065 0.069166 -0.159882 -1.816986 0.066178 -1.575392
    49 -0.025151 0.088760 -0.068837 -1.817843 0.044510 -1.568287
    50 -0.102916 -0.186983 -0.272246 -1.833683 -0.232962 -1.472375
    51 -1.032227 -3.582031 -0.346924 -0.989614 0.000000 0.000000
    52 -0.000003 -1.616211 0.000004 -0.418875 0.000000 0.000000
    53 0.000001 -0.940430 0.000002 -0.644032 0.000000 0.000000
    54 -0.004241 0.043707 -0.080202 -2.014997 -0.186996 -1.460723
    55 0.015383 -0.089136 -0.030009 -2.006083 0.036346 -1.568629
    56 -0.022610 -0.212358 -0.177904 -1.933161 -0.118801 -1.518895
    57 1.308594 -3.224609 -0.346924 -0.954800 -0.047561 -0.066331
    58 -0.000007 -1.244141 -0.000006 -0.544561 0.000000 0.000000
    59 0.000003 -0.767090 0.000000 -0.490484 0.000000 0.000000
    60 -0.067138 0.063251 -0.010961 -0.899214 -0.014515 -1.600326
    61 -0.151180 -0.007395 -0.070065 -0.913061 -0.118819 -1.408558
    62 -0.178164 -0.244680 -0.357067 -1.159916 -0.384260 -1.556110
    63 -0.384766 -0.458984 0.383789 -0.129647 -0.511419 -2.796852
    64 2.472656 0.024429 0.000001 -0.103313 -0.017074 0.386590
    65 1.226563 0.003979 0.000000 -0.000001 -0.349054 0.300192
    66 -0.263408 -0.117640 -0.015657 0.000036 -0.082210 -0.026800
    67 0.007707 -0.334360 -0.191576 0.070788 -0.181563 0.282364
    68 0.225562 -0.567923 -0.420715 0.119895 -0.183798 0.223460
    69 -0.203683 -0.095654 -0.328304 -1.745077 0.075142 -1.515382
    70 -1.393460 8.839182 -0.239440 1.580804 -0.005024 -1.566848
    71 0.036020 0.082814 -0.692656 -1.570769 0.065989 0.001276
    72 -0.088586 0.054019 -0.088595 0.010231 0.033800 -1.560851
    73 0.120153 -0.050270 -0.054489 -2.854024 0.030688 -1.580508
    74 -0.139399 -0.111692 0.014400 0.285395 -0.031353 1.580313
    75 1.815922 -4.953960 0.956709 -1.164456 1.454231 -1.146686
    76 1.280673 -7.522364 1.257767 -1.247037 1.437608 -1.233843
    77 3.914122 -5.194223 1.336679 -1.102199 1.470090 -1.123171
    78 3.733238 -6.026484 1.177255 -1.247037 1.437608 -1.233843
    79 2.570313 -6.875000 2.244141 -0.148865 -1.070098 0.151247
    80 3.797684 -22.610472 3.277112 -1.247037 1.437608 -1.233843
  time 25
    0 1.629157 0.000000 0.541027 0.000000 0.000000 -1.570796
    1 -3.455911 9.430161 -10.853331 5.661439 -1.224969 -4.325384
    2 -0.005512 -10.698019 -0.002571 0.352736 -0.081324 -0.169281
    3 -0.652344 -3.626953 -0.348633 -1.107361 -0.060909 -0.152581
    4 -0.003083 -1.503228 0.002508 -1.179809 -0.000001 -0.000002
    5 0.001444 -0.954641 -0.003577 -1.228687 0.000000 0.000000
    6 0.007988 0.172186 -0.118553 -1.598091 -0.216549 -1.570593
    7 0.080660 0.135929 -0.203919 -1.506824 -0.066185 -1.662786
    8 0.117288 -0.155554 -0.604544 -1.412988 -0.374558 -1.569222
    9 0.132836 -3.758196 -0.339962 -0.873787 -0.036118 -0.178589
    10 -0.010696 -1.563353 0.010633 -1.223362 0.000000 -0.000003
    11 -0.006798 -1.156134 0.006655 -1.567260 0.000000 0.000000
    12 -0.018589 0.129951 -0.123721 -1.294580 0.001302 -1.635383
    13 -0.006160 0.170065 -0.110169 -1.280084 -0.068681 -1.597215
    14 0.047100 -0.104074 -0.352264 -1.243368 -0.257298 -1.694346
    15 0.949219 -3.619141 -0.348389 -0.197224 0.000005 0.130897
    16 -0.021700 -1.592453 -0.007350 -0.579952 0.025312 -0.027217
    17 -0.006736 -0.941812 0.007065 -0.593400 0.000000 -0.000001
    18 -0.022325 0.045425 -0.038284 -1.125544 -0.129230 -1.681412
    19 -0.042901 -0.061274 -0.071212 -1.124462 -0.060454 -1.586099
    20 0.063741 -0.109104 -0.248158 -1.142813 -0.125805 -1.693583
    21 -1.407252 -3.241619 -0.338395 -1.174547 -0.118715 -0.146526
    22 0.013458 -1.204102 0.000006 -0.977389 0.000000 0.000000
    23 -0.020049 -0.797217 0.002278 -1.034950 0.000001 0.000004
    24 -0.011720 0.093267 0.017949 -1.687855 -0.079155 -1.575164
    25 0.048864 -0.085541 0.028626 -1.715605 -0.034569 -1.653190
    26 0.173918 -0.198414 -0.336163 -1.668104 -0.422317 -1.710956
    27 0.438477 -0.485596 0.397461 0.458009 -0.443930 -1.167629
    28 2.357422 0.016098 -0.000003 -0.304010 -0.029872 -0.496328
    29 1.250977 -0.000336 0.000001 0.000000 0.000000 -0.577698
    30 -0.267709 0.037512 -0.093907 2.913812 -0.143386 0.078467
    31 -0.029266 0.205410 -0.329287 2.788574 -0.255486 -0.188917
    32 0.204373 0.521055 -0.268577 2.886669 0.042206 -0.230367
    33 0.195697 -0.010059 -0.293538 -1.333586 0.150863 -1.672749
    34 1.257181 8.762590 -0.153713 -1.570562 0.002683 -1.566808
    35 -0.093500 -0.114213 -0.738866 -1.570842 0.061811 0.002096
    36 0.010843 0.093623 -0.081439 -3.141462 0.041719 -1.568236
    37 13.022606 -1.160822 -14.392347 -0.788984 0.255043 2.219396
    38 0.112366 -10.671875 0.000002 0.728138 -0.453677 0.233294
    39 0.554688 -3.648438 -0.346924 -1.168819 -0.027241 -0.041119
    40 0.026276 -1.508789 -0.000002 -0.411892 0.000000 0.000000
    41 0.013245 -0.926270 0.000000 -0.645836 0.000000 0.000000
    42 0.006928 0.005327 -0.181358 -1.528500 -0.248579 -1.611362
    43 -0.052313 0.038588 -0.230758 -1.592493 -0.043415 -1.528515
    44 -0.232600 -0.209658 -0.420670 -1.713790 -0.167173 -1.438930
    45 -0.212769 -3.742188 -0.346680 -1.213027 0.000000 0.000000
    46 0.013245 -1.576172 0.000002 -0.357796 0.000000 0.000000
    47 -0.000001 -1.176758 0.000002 -0.532325 0.000000 0.000000
    48 -0.038065 0.069166 -0.159882 -1.816986 0.066178 -1.575392
    49 -0.025151 0.088760 -0.068837 -1.817843 0.044510 -1.568287
    50 -0.102916 -0.186983 -0.272246 -1.833683 -0.232962 -1.472375
    51 -1.032227 -3.582031 -0.346924 -0.989614 0.000000 0.000000
    52 -0.000003 -1.616211 0.000004 -0.418875 0.000000 0.000000
    53 0.000001 -0.940430 0.000002 -0.644032 0.000000 0.000000
    54 -0.004241 0.043707 -0.080202 -2.014997 -0.186996 -1.460723
    55 0.015383 -0.089136 -0.030009 -2.006083 0.036346 -1.568629
    56 -0.022610 -0.212358 -0.177904 -1.933161 -0.118801 -1.518895
    57 1.308594 -3.224609 -0.346924 -0.954800 -0.047561 -0.066331
    58 -0.000007 -1.244141 -0.000006 -0.544561 0.000000 0.000000
    59 0.000003 -0.767090 0.000000 -0.490484 0.000000 0.000000
    60 -0.067138 0.063251 -0.010961 -0.899214 -0.014515 -1.600326
    61 -0.151180 -0.007395 -0.070065 -0.913061 -0.118819 -1.408558
    62 -0.178164 -0.244680 -0.357067 -1.159916 -0.384260 -1.556110
    63 -0.384766 -0.458984 0.383789 -0.129647 -0.511419 -2.796852
    64 2.472656 0.024429 0.000001 -0.103313 -0.017074 0.386590
    65 1.226563 0.003979 0.000000 -0.000001 -0.349054 0.300192
    66 -0.263408 -0.117640 -0.015657 0.000036 -0.082210 -0.026800
    67 0.007707 -0.334360 -0.191576 0.070788 -0.181563 0.282364
    68 0.225562 -0.567923 -0.420715 0.119895 -0.183798 0.223460
    69 -0.203683 -0.095654 -0.328304 -1.745077 0.075142 -1.515382
    70 -1.393460 8.839182 -0.239440 1.580804 -0.005024 -1.566848
    71 0.036020 0.082814 -0.692656 -1.570769 0.065989 0.001276
    72 -0.088586 0.054019 -0.088595 0.010231 0.033800 -1.560851
    73 0.120153 -0.050270 -0.054489 -2.854024 0.030688 -1.580508
    74 -0.139399 -0.111692 0.014400 0.285395 -0.031353 1.580313
    75 1.815922 -4.953960 0.956709 -1.164456 1.454231 -1.146686
    76 1.280673 -7.522364 1.257767 -1.247037 1.437608 -1.233843
    77 3.914122 -5.194223 1.336679 -1.102199 1.470090 -1.123171
    78 3.733238 -6.026484 1.177255 -1.247037 1.437608 -1.233843
    79 2.570313 -6.875000 2.244141 -0.148865 -1.070098 0.151247
    80 3.797684 -22.610472 3.277112 -1.247037 1.437608 -1.233843
  time 26
    0 1.629157 0.000000 0.541027 0.000000 0.000000 -1.570796
    1 -3.455911 9.410630 -10.783016 5.686828 -1.230323 -4.348584
    2 -0.005512 -10.701926 -0.006478 0.350243 -0.084435 -0.160113
    3 -0.652344 -3.626953 -0.348633 -1.107361 -0.060909 -0.152581
    4 -0.006990 -1.507134 0.002508 -1.179809 -0.000001 -0.000002
    5 0.005351 -0.954641 -0.003577 -1.228687 0.000000 0.000000
    6 0.007988 0.172186 -0.118553 -1.598091 -0.216549 -1.570593
    7 0.080660 0.135929 -0.203919 -1.506824 -0.066185 -1.662786
    8 0.117288 -0.155554 -0.604544 -1.412988 -0.374558 -1.569222
    9 0.132836 -3.758196 -0.343868 -0.873843 -0.036118 -0.178589
    10 -0.006790 -1.567259 0.010633 -1.223362 0.000000 -0.000003
    11 -0.006798 -1.156134 0.002748 -1.567260 0.000000 0.000000
    12 -0.018589 0.129951 -0.123721 -1.294580 0.001302 -1.635383
    13 -0.006160 0.170065 -0.110169 -1.280084 -0.068681 -1.597215
    14 0.047100 -0.104074 -0.352264 -1.243368 -0.257298 -1.694346
    15 0.949219 -3.619141 -0.348389 -0.197224 0.000005 0.130897
    16 -0.021700 -1.592453 -0.003443 -0.579952 0.025312 -0.027181
    17 -0.006736 -0.941812 0.010971 -0.593400 0.000000 -0.000001
    18 -0.022325 0.045425 -0.038284 -1.125544 -0.129230 -1.681412
    19 -0.042901 -0.061274 -0.071212 -1.124462 -0.060454 -1.586099
    20 0.063741 -0.109104 -0.248158 -1.142813 -0.125805 -1.693583
    21 -1.403345 -3.249431 -0.346207 -1.174547 -0.118715 -0.146526
    22 0.013458 -1.204102 0.000006 -0.977389 0.000000 0.000000
    23 -0.020049 -0.793311 0.002278 -1.034950 0.000001 0.000004
    24 -0.011720 0.093267 0.017949 -1.687855 -0.079155 -1.575164
    25 0.048864 -0.085541 0.028626 -1.715605 -0.034569 -1.653190
    26 0.173918 -0.198414 -0.336163 -1.668104 -0.422317 -1.710956
    27 0.438477 -0.485596 0.397461 0.458009 -0.443930 -1.167629
    28 2.357422 0.016098 -0.000003 -0.304010 -0.029872 -0.496328
    29 1.250977 -0.000336 0.000001 0.000000 0.000000 -0.577698
    30 -0.267709 0.037512 -0.093907 2.913812 -0.143386 0.078467
    31 -0.029266 0.205410 -0.329287 2.788574 -0.255486 -0.188917
    32 0.204373 0.521055 -0.268577 2.886669 0.042206 -0.230367
    33 0.195697 -0.010059 -0.293538 -1.333586 0.150863 -1.672749
    34 1.257181 8.762590 -0.153713 -1.570562 0.002683 -1.566808
    35 -0.093500 -0.114213 -0.738866 -1.570842 0.061811 0.002096
    36 0.010843 0.093623 -0.081439 -3.141462 0.041719 -1.568236
    37 13.042137 -1.192073 -14.388441 -0.788984 0.255043 2.219396
    38 0.112366 -10.671875 0.000002 0.728138 -0.453677 0.233294
    39 0.554688 -3.648438 -0.346924 -1.168819 -0.027241 -0.041119
    40 0.026276 -1.508789 -0.000002 -0.411892 0.000000 0.000000
    41 0.013245 -0.926270 0.000000 -0.645836 0.000000 0.000000
    42 0.006928 0.005327 -0.181358 -1.528500 -0.248579 -1.611362
    43 -0.052313 0.038588 -0.230758 -1.592493 -0.043415 -1.528515
    44 -0.232600 -0.209658 -0.420670 -1.713790 -0.167173 -1.438930
    45 -0.212769 -3.742188 -0.346680 -1.213027 0.000000 0.000000
    46 0.013245 -1.576172 0.000002 -0.357796 0.000000 0.000000
    47 -0.000001 -1.176758 0.000002 -0.532325 0.000000 0.000000
    48 -0.038065 0.069166 -0.159882 -1.816986 0.066178 -1.575392
    49 -0.025151 0.088760 -0.068837 -1.817843 0.044510 -1.568287
    50 -0.102916 -0.186983 -0.272246 -1.833683 -0.232962 -1.472375
    51 -1.032227 -3.582031 -0.346924 -0.989614 0.000000 0.000000
    52 -0.000003 -1.616211 0.000004 -0.418875 0.000000 0.000000
    53 0.000001 -0.940430 0.000002 -0.644032 0.000000 0.000000
    54 -0.004241 0.043707 -0.080202 -2.014997 -0.186996 -1.460723
    55 0.015383 -0.089136 -0.030009 -2.006083 0.036346 -1.568629
    56 -0.022610 -0.212358 -0.177904 -1.933161 -0.118801 -1.518895
    57 1.308594 -3.224609 -0.346924 -0.954800 -0.047561 -0.066331
    58 -0.000007 -1.244141 -0.000006 -0.544561 0.000000 0.000000
    59 0.000003 -0.767090 0.000000 -0.490484 0.000000 0.000000
    60 -0.067138 0.063251 -0.010961 -0.899214 -0.014515 -1.600326
    61 -0.151180 -0.007395 -0.070065 -0.913061 -0.118819 -1.408558
    62 -0.178164 -0.244680 -0.357067 -1.159916 -0.384260 -1.556110
    63 -0.384766 -0.458984 0.383789 -0.129647 -0.511419 -2.796852
    64 2.472656 0.024429 0.000001 -0.103313 -0.017074 0.386590
    65 1.226563 0.003979 0.000000 -0.000001 -0.349054 0.300192
    66 -0.263408 -0.117640 -0.015657 0.000036 -0.082210 -0.026800
    67 0.007707 -0.334360 -0.191576 0.070788 -0.181563 0.282364
    68 0.225562 -0.567923 -0.420715 0.119895 -0.183798 0.223460
    69 -0.203683 -0.095654 -0.328304 -1.745077 0.075142 -1.515382
    70 -1.393460 8.839182 -0.239440 1.580804 -0.005024 -1.566848
    71 0.036020 0.082814 -0.692656 -1.570769 0.065989 0.001276
    72 -0.088586 0.054019 -0.088595 0.010231 0.033800 -1.560851
    73 0.120153 -0.050270 -0.054489 -2.854024 0.030688 -1.580508
    74 -0.139399 -0.111692 0.014400 0.285395 -0.031353 1.580313
    75 1.815922 -4.953960 0.956709 -1.164456 1.454231 -1.146686
    76 1.280673 -7.522364 1.257767 -1.247037 1.437608 -1.233843
    77 3.914122 -5.194223 1.336679 -1.102199 1.470090 -1.123171
    78 3.733238 -6.026484 1.177255 -1.247037 1.437608 -1.233843
    79 2.570313 -6.875000 2.244141 -0.148865 -1.070098 0.151247
    80 3.797684 -22.610472 3.277112 -1.247037 1.437608 -1.233843
  time 27
    0 1.629157 0.000000 0.541027 0.000000 0.000000 -1.570796
    1 -3.455911 9.391098 -10.720514 5.709834 -1.234887 -4.369388
    2 -0.009418 -10.701926 -0.002571 0.347948 -0.087101 -0.152032
    3 -0.652344 -3.626953 -0.348633 -1.107361 -0.060909 -0.152581
    4 -0.010896 -1.503228 0.002508 -1.179809 -0.000001 -0.000002
    5 0.001444 -0.954641 -0.007484 -1.228687 0.000000 0.000000
    6 0.007988 0.172186 -0.118553 -1.598091 -0.216549 -1.570593
    7 0.080660 0.135929 -0.203919 -1.506824 -0.066185 -1.662786
    8 0.117288 -0.155554 -0.604544 -1.412988 -0.374558 -1.569222
    9 0.132836 -3.762102 -0.343868 -0.873787 -0.036118 -0.178589
    10 -0.006790 -1.567259 0.010633 -1.223362 0.000000 -0.000003
    11 -0.006798 -1.156134 0.002748 -1.567260 0.000000 0.000000
    12 -0.018589 0.129951 -0.123721 -1.294580 0.001302 -1.635383
    13 -0.006160 0.170065 -0.110169 -1.280084 -0.068681 -1.597215
    14 0.047100 -0.104074 -0.352264 -1.243368 -0.257298 -1.694346
    15 0.949219 -3.619141 -0.348389 -0.197224 0.000005 0.130897
    16 -0.021700 -1.592453 -0.007350 -0.579952 0.025312 -0.027181
    17 -0.006736 -0.941812 0.007065 -0.593400 0.000000 -0.000001
    18 -0.022325 0.045425 -0.038284 -1.125544 -0.129230 -1.681412
    19 -0.042901 -0.061274 -0.071212 -1.124462 -0.060454 -1.586099
    20 0.063741 -0.109104 -0.248158 -1.142813 -0.125805 -1.693583
    21 -1.399439 -3.249431 -0.342301 -1.174547 -0.118715 -0.146526
    22 0.013458 -1.204102 0.000006 -0.977389 0.000000 0.000000
    23 -0.020049 -0.797217 0.002278 -1.034950 0.000001 0.000004
    24 -0.011720 0.093267 0.017949 -1.687855 -0.079155 -1.575164
    25 0.048864 -0.085541 0.028626 -1.715605 -0.034569 -1.653190
    26 0.173918 -0.198414 -0.336163 -1.668104 -0.422317 -1.710956
    27 0.438477 -0.485596 0.397461 0.458009 -0.443930 -1.167629
    28 2.357422 0.016098 -0.000003 -0.304010 -0.029872 -0.496328
    29 1.250977 -0.000336 0.000001 0.000000 0.000000 -0.577698
    30 -0.267709 0.037512 -0.093907 2.913812 -0.143386 0.078467
    31 -0.029266 0.205410 -0.329287 2.788574 -0.255486 -0.188917
    32 0.204373 0.521055 -0.268577 2.886669 0.042206 -0.230367
    33 0.195697 -0.010059 -0.293538 -1.333586 0.150863 -1.672749
    34 1.257181 8.762590 -0.153713 -1.570562 0.002683 -1.566808
    35 -0.093500 -0.114213 -0.738866 -1.570842 0.061811 0.002096
    36 0.010843 0.093623 -0.081439 -3.141462 0.041719 -1.568236
    37 13.069482 -1.227230 -14.361097 -0.788984 0.255043 2.219396
    38 0.112366 -10.671875 0.000002 0.728138 -0.453677 0.233294
    39 0.554688 -3.648438 -0.346924 -1.168819 -0.027241 -0.041119
    40 0.026276 -1.508789 -0.000002 -0.411892 0.000000 0.000000
    41 0.013245 -0.926270 0.000000 -0.645836 0.000000 0.000000
    42 0.006928 0.005327 -0.181358 -1.528500 -0.248579 -1.611362
    43 -0.052313 0.038588 -0.230758 -1.592493 -0.043415 -1.528515
    44 -0.232600 -0.209658 -0.420670 -1.713790 -0.167173 -1.438930
    45 -0.212769 -3.742188 -0.346680 -1.213027 0.000000 0.000000
    46 0.013245 -1.576172 0.000002 -0.357796 0.000000 0.000000
    47 -0.000001 -1.176758 0.000002 -0.532325 0.000000 0.000000
    48 -0.038065 0.069166 -0.159882 -1.816986 0.066178 -1.575392
    49 -0.025151 0.088760 -0.068837 -1.817843 0.044510 -1.568287
    50 -0.102916 -0.186983 -0.272246 -1.833683 -0.232962 -1.472375
    51 -1.032227 -3.582031 -0.346924 -0.989614 0.000000 0.000000
    52 -0.000003 -1.616211 0.000004 -0.418875 0.000000 0.000000
    53 0.000001 -0.940430 0.000002 -0.644032 0.000000 0.000000
    54 -0.004241 0.043707 -0.080202 -2.014997 -0.186996 -1.460723
    55 0.015383 -0.089136 -0.030009 -2.006083 0.036346 -1.568629
    56 -0.022610 -0.212358 -0.177904 -1.933161 -0.118801 -1.518895
    57 1.308594 -3.224609 -0.346924 -0.954800 -0.047561 -0.066331
    58 -0.000007 -1.244141 -0.000006 -0.544561 0.000000 0.000000
    59 0.000003 -0.767090 0.000000 -0.490484 0.000000 0.000000
    60 -0.067138 0.063251 -0.010961 -0.899214 -0.014515 -1.600326
    61 -0.151180 -0.007395 -0.070065 -0.913061 -0.118819 -1.408558
    62 -0.178164 -0.244680 -0.357067 -1.159916 -0.384260 -1.556110
    63 -0.384766 -0.458984 0.383789 -0.129647 -0.511419 -2.796852
    64 2.472656 0.024429 0.000001 -0.103313 -0.017074 0.386590
    65 1.226563 0.003979 0.000000 -0.000001 -0.349054 0.300192
    66 -0.263408 -0.117640 -0.015657 0.000036 -0.082210 -0.026800
    67 0.007707 -0.334360 -0.191576 0.070788 -0.181563 0.282364
    68 0.225562 -0.567923 -0.420715 0.119895 -0.183798 0.223460
    69 -0.203683 -0.095654 -0.328304 -1.745077 0.075142 -1.515382
    70 -1.393460 8.839182 -0.239440 1.580804 -0.005024 -1.566848
    71 0.036020 0.082814 -0.692656 -1.570769 0.065989 0.001276
    72 -0.088586 0.054019 -0.088595 0.010231 0.033800 -1.560851
    73 0.120153 -0.050270 -0.054489 -2.854024 0.030688 -1.580508
    74 -0.139399 -0.111692 0.014400 0.285395 -0.031353 1.580313
    75 1.815922 -4.953960 0.956709 -1.164456 1.454231 -1.146686
    76 1.280673 -7.522364 1.257767 -1.247037 1.437608 -1.233843
    77 3.914122 -5.194223 1.336679 -1.102199 1.470090 -1.123171
    78 3.733238 -6.026484 1.177255 -1.247037 1.437608 -1.233843
    79 2.570313 -6.875000 2.244141 -0.148865 -1.070098 0.151247
    80 3.797684 -22.610472 3.277112 -1.247037 1.437608 -1.233843
  time 28
    0 1.629157 0.000000 0.541027 0.000000 0.000000 -1.570796
    1 -3.455911 9.379379 -10.673638 5.729266 -1.238662 -4.387220
    2 -0.001605 -10.694113 -0.002571 0.346097 -0.089425 -0.145308
    3 -0.652344 -3.626953 -0.348633 -1.107361 -0.060909 -0.152581
    4 -0.010896 -1.503228 0.002508 -1.179809 -0.000001 -0.000002
    5 0.005351 -0.954641 -0.003577 -1.228687 0.000000 0.000000
    6 0.007988 0.172186 -0.118553 -1.598091 -0.216549 -1.570593
    7 0.080660 0.135929 -0.203919 -1.506824 -0.066185 -1.662786
    8 0.117288 -0.155554 -0.604544 -1.412988 -0.374558 -1.569222
    9 0.132836 -3.758196 -0.343868 -0.873787 -0.036118 -0.178589
    10 -0.010696 -1.567259 0.006726 -1.223438 0.000000 -0.000003
    11 -0.006798 -1.156134 0.010561 -1.567260 0.000000 0.000000
    12 -0.018589 0.129951 -0.123721 -1.294580 0.001302 -1.635383
    13 -0.006160 0.170065 -0.110169 -1.280084 -0.068681 -1.597215
    14 0.047100 -0.104074 -0.352264 -1.243368 -0.257298 -1.694346
    15 0.949219 -3.619141 -0.348389 -0.197224 0.000005 0.130897
    16 -0.021700 -1.592453 -0.007350 -0.579952 0.025312 -0.027217
    17 -0.006736 -0.941812 0.007065 -0.593400 0.000000 -0.000001
    18 -0.022325 0.045425 -0.038284 -1.125544 -0.129230 -1.681412
    19 -0.042901 -0.061274 -0.071212 -1.124462 -0.060454 -1.586099
    20 0.063741 -0.109104 -0.248158 -1.142813 -0.125805 -1.693583
    21 -1.403345 -3.241619 -0.342301 -1.174547 -0.118715 -0.146526
    22 0.013458 -1.204102 0.000006 -0.977389 0.000000 0.000000
    23 -0.020049 -0.793311 0.002278 -1.034950 0.000001 0.000004
    24 -0.011720 0.093267 0.017949 -1.687855 -0.079155 -1.575164
    25 0.048864 -0.085541 0.028626 -1.715605 -0.034569 -1.653190
    26 0.173918 -0.198414 -0.336163 -1.668104 -0.422317 -1.710956
    27 0.438477 -0.485596 0.397461 0.458009 -0.443930 -1.167629
    28 2.357422 0.016098 -0.000003 -0.304010 -0.029872 -0.496328
    29 1.250977 -0.000336 0.000001 0.000000 0.000000 -0.577698
    30 -0.267709 0.037512 -0.093907 2.913812 -0.143386 0.078467
    31 -0.029266 0.205410 -0.329287 2.788574 -0.255486 -0.188917
    32 0.204373 0.521055 -0.268577 2.886669 0.042206 -0.230367
    33 0.195697 -0.010059 -0.293538 -1.333586 0.150863 -1.672749
    34 1.257181 8.762590 -0.153713 -1.570562 0.002683 -1.566808
    35 -0.093500 -0.114213 -0.738866 -1.570842 0.061811 0.002096
    36 0.010843 0.093623 -0.081439 -3.141462 0.041719 -1.568236
    37 13.092920 -1.266294 -14.325939 -0.788984 0.255043 2.219396
    38 0.112366 -10.671875 0.000002 0.728138 -0.453677 0.233294
    39 0.554688 -3.648438 -0.346924 -1.168819 -0.027241 -0.041119
    40 0.026276 -1.508789 -0.000002 -0.411892 0.000000 0.000000
    41 0.013245 -0.926270 0.000000 -0.645836 0.000000 0.000000
    42 0.006928 0.005327 -0.181358 -1.528500 -0.248579 -1.611362
    43 -0.052313 0.038588 -0.230758 -1.592493 -0.043415 -1.528515
    44 -0.232600 -0.209658 -0.420670 -1.713790 -0.167173 -1.438930
    45 -0.212769 -3.742188 -0.346680 -1.213027 0.000000 0.000000
    46 0.013245 -1.576172 0.000002 -0.357796 0.000000 0.000000
    47 -0.000001 -1.176758 0.000002 -0.532325 0.000000 0.000000
    48 -0.038065 0.069166 -0.159882 -1.816986 0.066178 -1.575392
    49 -0.025151 0.088760 -0.068837 -1.817843 0.044510 -1.568287
    50 -0.102916 -0.186983 -0.272246 -1.833683 -0.232962 -1.472375
    51 -1.032227 -3.582031 -0.346924 -0.989614 0.000000 0.000000
    52 -0.000003 -1.616211 0.000004 -0.418875 0.000000 0.000000
    53 0.000001 -0.940430 0.000002 -0.644032 0.000000 0.000000
    54 -0.004241 0.043707 -0.080202 -2.014997 -0.186996 -1.460723
    55 0.015383 -0.089136 -0.030009 -2.006083 0.036346 -1.568629
    56 -0.022610 -0.212358 -0.177904 -1.933161 -0.118801 -1.518895
    57 1.308594 -3.224609 -0.346924 -0.954800 -0.047561 -0.066331
    58 -0.000007 -1.244141 -0.000006 -0.544561 0.000000 0.000000
    59 0.000003 -0.767090 0.000000 -0.490484 0.000000 0.000000
    60 -0.067138 0.063251 -0.010961 -0.899214 -0.014515 -1.600326
    61 -0.151180 -0.007395 -0.070065 -0.913061 -0.118819 -1.408558
    62 -0.178164 -0.244680 -0.357067 -1.159916 -0.384260 -1.556110
    63 -0.384766 -0.458984 0.383789 -0.129647 -0.511419 -2.796852
    64 2.472656 0.024429 0.000001 -0.103313 -0.017074 0.386590
    65 1.226563 0.003979 0.000000 -0.000001 -0.349054 0.300192
    66 -0.263408 -0.117640 -0.015657 0.000036 -0.082210 -0.026800
    67 0.007707 -0.334360 -0.191576 0.070788 -0.181563 0.282364
    68 0.225562 -0.567923 -0.420715 0.119895 -0.183798 0.223460
    69 -0.203683 -0.095654 -0.328304 -1.745077 0.075142 -1.515382
    70 -1.393460 8.839182 -0.239440 1.580804 -0.005024 -1.566848
    71 0.036020 0.082814 -0.692656 -1.570769 0.065989 0.001276
    72 -0.088586 0.054019 -0.088595 0.010231 0.033800 -1.560851
    73 0.120153 -0.050270 -0.054489 -2.854024 0.030688 -1.580508
    74 -0.139399 -0.111692 0.014400 0.285395 -0.031353 1.580313
    75 1.815922 -4.953960 0.956709 -1.164456 1.454231 -1.146686
    76 1.280673 -7.522364 1.257767 -1.247037 1.437608 -1.233843
    77 3.914122 -5.194223 1.336679 -1.102199 1.470090 -1.123171
    78 3.733238 -6.026484 1.177255 -1.247037 1.437608 -1.233843
    79 2.570313 -6.875000 2.244141 -0.148865 -1.070098 0.151247
    80 3.797684 -22.610472 3.277112 -1.247037 1.437608 -1.233843
  time 29
    0 1.629157 0.000000 0.541027 0.000000 0.000000 -1.570796
    1 -3.455911 9.379379 -10.661919 5.744206 -1.241251 -4.400642
    2 -0.001605 -10.694113 -0.006478 0.344616 -0.091135 -0.140422
    3 -0.652344 -3.626953 -0.348633 -1.107361 -0.060909 -0.152581
    4 -0.006990 -1.507134 0.002508 -1.179809 -0.000001 -0.000002
    5 0.001444 -0.954641 -0.003577 -1.228687 0.000000 0.000000
    6 0.007988 0.172186 -0.118553 -1.598091 -0.216549 -1.570593
    7 0.080660 0.135929 -0.203919 -1.506824 -0.066185 -1.662786
    8 0.117288 -0.155554 -0.604544 -1.412988 -0.374558 -1.569222
    9 0.128929 -3.754290 -0.339962 -0.873787 -0.036118 -0.178589
    10 -0.002883 -1.567259 0.010633 -1.223438 0.000000 -0.000003
    11 -0.006798 -1.156134 0.010561 -1.567260 0.000000 0.000000
    12 -0.018589 0.129951 -0.123721 -1.294580 0.001302 -1.635383
    13 -0.006160 0.170065 -0.110169 -1.280084 -0.068681 -1.597215
    14 0.047100 -0.104074 -0.352264 -1.243368 -0.257298 -1.694346
    15 0.949219 -3.619141 -0.348389 -0.197224 0.000005 0.130897
    16 -0.021700 -1.592453 -0.007350 -0.579952 0.025312 -0.027193
    17 -0.006736 -0.941812 0.007065 -0.593400 0.000000 -0.000001
    18 -0.022325 0.045425 -0.038284 -1.125544 -0.129230 -1.681412
    19 -0.042901 -0.061274 -0.071212 -1.124462 -0.060454 -1.586099
    20 0.063741 -0.109104 -0.248158 -1.142813 -0.125805 -1.693583
    21 -1.403345 -3.241619 -0.342301 -1.174547 -0.118715 -0.146526
    22 0.013458 -1.204102 0.000006 -0.977389 0.000000 0.000000
    23 -0.020049 -0.797217 0.006185 -1.034950 0.000001 0.000004
    24 -0.011720 0.093267 0.017949 -1.687855 -0.079155 -1.575164
    25 0.048864 -0.085541 0.028626 -1.715605 -0.034569 -1.653190
    26 0.173918 -0.198414 -0.336163 -1.668104 -0.422317 -1.710956
    27 0.438477 -0.485596 0.397461 0.458009 -0.443930 -1.167629
    28 2.357422 0.016098 -0.000003 -0.304010 -0.029872 -0.496328
    29 1.250977 -0.000336 0.000001 0.000000 0.000000 -0.577698
    30 -0.267709 0.037512 -0.093907 2.913812 -0.143386 0.078467
    31 -0.029266 0.205410 -0.329287 2.788574 -0.255486 -0.188917
    32 0.204373 0.521055 -0.268577 2.886669 0.042206 -0.230367
    33 0.195697 -0.010059 -0.293538 -1.333586 0.150863 -1.672749
    34 1.257181 8.762590 -0.153713 -1.570562 0.002683 -1.566808
    35 -0.093500 -0.114213 -0.738866 -1.570842 0.061811 0.002096
    36 0.010843 0.093623 -0.081439 -3.141462 0.041719 -1.568236
    37 13.108546 -1.274107 -14.298595 -0.788984 0.255043 2.219396
    38 0.112366 -10.671875 0.000002 0.728138 -0.453677 0.233294
    39 0.554688 -3.648438 -0.346924 -1.168819 -0.027241 -0.041119
    40 0.026276 -1.508789 -0.000002 -0.411892 0.000000 0.000000
    41 0.013245 -0.926270 0.000000 -0.645836 0.000000 0.000000
    42 0.006928 0.005327 -0.181358 -1.528500 -0.248579 -1.611362
    43 -0.052313 0.038588 -0.230758 -1.592493 -0.043415 -1.528515
    44 -0.232600 -0.209658 -0.420670 -1.713790 -0.167173 -1.438930
    45 -0.212769 -3.742188 -0.346680 -1.213027 0.000000 0.000000
    46 0.013245 -1.576172 0.000002 -0.357796 0.000000 0.000000
    47 -0.000001 -1.176758 0.000002 -0.532325 0.000000 0.000000
    48 -0.038065 0.069166 -0.159882 -1.816986 0.066178 -1.575392
    49 -0.025151 0.088760 -0.068837 -1.817843 0.044510 -1.568287
    50 -0.102916 -0.186983 -0.272246 -1.833683 -0.232962 -1.472375
    51 -1.032227 -3.582031 -0.346924 -0.989614 0.000000 0.000000
    52 -0.000003 -1.616211 0.000004 -0.418875 0.000000 0.000000
    53 0.000001 -0.940430 0.000002 -0.644032 0.000000 0.000000
    54 -0.004241 0.043707 -0.080202 -2.014997 -0.186996 -1.460723
    55 0.015383 -0.089136 -0.030009 -2.006083 0.036346 -1.568629
    56 -0.022610 -0.212358 -0.177904 -1.933161 -0.118801 -1.518895
    57 1.308594 -3.224609 -0.346924 -0.954800 -0.047561 -0.066331
    58 -0.000007 -1.244141 -0.000006 -0.544561 0.000000 0.000000
    59 0.000003 -0.767090 0.000000 -0.490484 0.000000 0.000000
    60 -0.067138 0.063251 -0.010961 -0.899214 -0.014515 -1.600326
    61 -0.151180 -0.007395 -0.070065 -0.913061 -0.118819 -1.408558
    62 -0.178164 -0.244680 -0.357067 -1.159916 -0.384260 -1.556110
    63 -0.384766 -0.458984 0.383789 -0.129647 -0.511419 -2.796852
    64 2.472656 0.024429 0.000001 -0.103313 -0.017074 0.386590
    65 1.226563 0.003979 0.000000 -0.000001 -0.349054 0.300192
    66 -0.263408 -0.117640 -0.015657 0.000036 -0.082210 -0.026800
    67 0.007707 -0.334360 -0.191576 0.070788 -0.181563 0.282364
    68 0.225562 -0.567923 -0.420715 0.119895 -0.183798 0.223460
    69 -0.203683 -0.095654 -0.328304 -1.745077 0.075142 -1.515382
    70 -1.393460 8.839182 -0.239440 1.580804 -0.005024 -1.566848
    71 0.036020 0.082814 -0.692656 -1.570769 0.065989 0.001276
    72 -0.088586 0.054019 -0.088595 0.010231 0.033800 -1.560851
    73 0.120153 -0.050270 -0.054489 -2.854024 0.030688 -1.580508
    74 -0.139399 -0.111692 0.014400 0.285395 -0.031353 1.580313
    75 1.815922 -4.953960 0.956709 -1.164456 1.454231 -1.146686
    76 1.280673 -7.522364 1.257767 -1.247037 1.437608 -1.233843
    77 3.914122 -5.194223 1.336679 -1.102199 1.470090 -1.123171
    78 3.733238 -6.026484 1.177255 -1.247037 1.437608 -1.233843
    79 2.570313 -6.875000 2.244141 -0.148865 -1.070098 0.151247
    80 3.797684 -22.610472 3.277112 -1.247037 1.437608 -1.233843
end
