// Created by Crowbar 0.74
version 1
nodes
  0 "root" -1
  1 "Bone01" 0
  2 "Bone_Lefthand" 1
  3 "Bone13" 2
  4 "Bone14" 3
  5 "Bone15" 4
  6 "ValveBiped.Bip01_L_Finger32" 5
  7 "ValveBiped.Bip01_L_Finger31" 4
  8 "ValveBiped.Bip01_L_Finger3" 3
  9 "Bone17" 2
  10 "Bone18" 9
  11 "Bone19" 10
  12 "ValveBiped.Bip01_L_Finger22" 11
  13 "ValveBiped.Bip01_L_Finger21" 10
  14 "ValveBiped.Bip01_L_Finger2" 9
  15 "Bone21" 2
  16 "Bone22" 15
  17 "Bone23" 16
  18 "ValveBiped.Bip01_L_Finger12" 17
  19 "ValveBiped.Bip01_L_Finger11" 16
  20 "ValveBiped.Bip01_L_Finger1" 15
  21 "Bone09" 2
  22 "Bone10" 21
  23 "Bone11" 22
  24 "ValveBiped.Bip01_L_Finger42" 23
  25 "ValveBiped.Bip01_L_Finger41" 22
  26 "ValveBiped.Bip01_L_Finger4" 21
  27 "Bone05" 2
  28 "Bone06" 27
  29 "Bone07" 28
  30 "ValveBiped.Bip01_L_Finger02" 29
  31 "ValveBiped.Bip01_L_Finger01" 28
  32 "ValveBiped.Bip01_L_Finger0" 27
  33 "ValveBiped.Bip01_L_Hand" 2
  34 "Bone_L_Upper" 1
  35 "ValveBiped.Bip01_L_UpperArm" 34
  36 "ValveBiped.Bip01_L_Forearm" 1
  37 "Bone04" 0
  38 "Bone_Righthand" 37
  39 "Bone39" 38
  40 "Bone40" 39
  41 "Bone41" 40
  42 "ValveBiped.Bip01_R_Finger32" 41
  43 "ValveBiped.Bip01_R_Finger31" 40
  44 "ValveBiped.Bip01_R_Finger3" 39
  45 "Bone35" 38
  46 "Bone36" 45
  47 "Bone37" 46
  48 "ValveBiped.Bip01_R_Finger22" 47
  49 "ValveBiped.Bip01_R_Finger21" 46
  50 "ValveBiped.Bip01_R_Finger2" 45
  51 "Bone31" 38
  52 "Bone32" 51
  53 "Bone33" 52
  54 "ValveBiped.Bip01_R_Finger12" 53
  55 "ValveBiped.Bip01_R_Finger11" 52
  56 "ValveBiped.Bip01_R_Finger1" 51
  57 "Bone43" 38
  58 "Bone44" 57
  59 "Bone45" 58
  60 "ValveBiped.Bip01_R_Finger42" 59
  61 "ValveBiped.Bip01_R_Finger41" 58
  62 "ValveBiped.Bip01_R_Finger4" 57
  63 "Bone27" 38
  64 "Bone28" 63
  65 "Bone29" 64
  66 "ValveBiped.Bip01_R_Finger02" 65
  67 "ValveBiped.Bip01_R_Finger01" 64
  68 "ValveBiped.Bip01_R_Finger0" 63
  69 "ValveBiped.Bip01_R_Hand" 38
  70 "Bone_R_Upper" 37
  71 "ValveBiped.Bip01_R_UpperArm" 70
  72 "ValveBiped.Bip01_R_Forearm" 37
  73 "Bone_Se_Hand-L" 2
  74 "Bone_Se_Hand-R" 38
  75 "Bone 04" 2
  76 "Bone02" 2
  77 "Bone03" 76
  78 "Bone52" 77
  79 "Bone54" 77
  80 "Bone56" 77
  81 "Bone58" 77
  82 "Bone25" 77
end
skeleton
  time 0
    0 1.629157 0.000000 0.541027 0.000000 0.000000 -1.570796
    1 -0.205812 6.687890 -8.782955 5.508817 -1.331293 -4.145000
    2 -0.001605 -10.701926 -0.002571 0.347053 -0.116964 -0.166530
    3 -0.653320 -3.628906 -0.348633 -1.003534 -0.000001 -0.122159
    4 -0.013245 -1.509766 -0.000001 -1.090796 0.000000 0.000000
    5 0.000000 -0.953125 -0.000002 -1.223438 0.000000 0.000000
    6 0.007988 0.172184 -0.118553 -1.598091 -0.216549 -1.570593
    7 0.080660 0.135929 -0.203919 -1.506824 -0.066185 -1.662786
    8 0.117288 -0.155554 -0.604544 -1.412988 -0.374558 -1.569222
    9 0.128052 -3.763672 -0.348633 -0.890091 0.000000 -0.148347
    10 -0.006790 -1.567259 0.006726 -1.212969 0.000000 0.000009
    11 0.000000 -1.164063 0.000001 -1.279286 0.000000 0.000000
    12 -0.018589 0.129953 -0.123721 -1.294580 0.001302 -1.635383
    13 -0.006160 0.170065 -0.110169 -1.280084 -0.068681 -1.597215
    14 0.047100 -0.104074 -0.352264 -1.243368 -0.257298 -1.694346
    15 0.949953 -3.617903 -0.344216 -0.349049 -0.000017 0.130915
    16 -0.021700 -1.596358 -0.003443 -0.322846 0.000000 0.000000
    17 -0.002829 -0.941812 0.007065 -0.593383 0.000000 -0.000001
    18 -0.022325 0.045424 -0.038284 -1.125544 -0.129230 -1.681412
    19 -0.042900 -0.061274 -0.071212 -1.124462 -0.060454 -1.586099
    20 0.063741 -0.109104 -0.248158 -1.142813 -0.125805 -1.693583
    21 -1.408203 -3.246094 -0.348633 -0.788776 0.052706 -0.017693
    22 0.013458 -1.204102 0.000000 -0.931992 0.000000 0.000000
    23 -0.013008 -0.789551 0.000000 -1.061140 0.000000 0.000000
    24 -0.011721 0.093267 0.017949 -1.687855 -0.079155 -1.575164
    25 0.048863 -0.085541 0.028626 -1.715605 -0.034569 -1.653190
    26 0.173918 -0.198416 -0.336163 -1.668104 -0.422317 -1.710956
    27 0.438974 -0.490226 0.392416 0.505357 -0.466264 -1.212408
    28 2.352359 0.010252 0.005009 -0.304940 -0.017282 -0.456315
    29 1.245306 0.004522 -0.002867 -0.000016 0.000022 -0.572448
    30 -0.267709 0.037512 -0.093907 2.913812 -0.143386 0.078467
    31 -0.029266 0.205408 -0.329287 2.788574 -0.255486 -0.188917
    32 0.204373 0.521055 -0.268577 2.886669 0.042206 -0.230367
    33 0.195697 -0.010059 -0.293538 -1.333586 0.150863 -1.672749
    34 1.257181 8.762590 -0.153713 -1.570562 0.002683 -1.566808
    35 -0.093500 -0.114213 -0.738866 -1.570842 0.061811 0.002096
    36 0.010843 0.093624 -0.081439 -3.141462 0.041719 -1.568236
    37 3.393405 -3.086662 -14.130621 -0.375290 -0.000025 2.172801
    38 0.104748 -10.673144 -0.005453 0.079692 -0.284698 0.455166
    39 0.549521 -3.646670 -0.341066 -1.081463 -0.046218 -0.024582
    40 0.025684 -1.503640 0.001039 -0.427522 0.000001 -0.000004
    41 0.008139 -0.928479 -0.000677 -0.453774 -0.000002 -0.000001
    42 0.006928 0.005329 -0.181358 -1.528500 -0.248579 -1.611362
    43 -0.052313 0.038589 -0.230757 -1.592493 -0.043415 -1.528515
    44 -0.232600 -0.209656 -0.420669 -1.713790 -0.167173 -1.438930
    45 -0.218280 -3.737618 -0.346082 -0.820219 -0.000005 -0.000020
    46 0.019801 -1.578467 0.006170 -0.584567 0.000020 -0.000009
    47 0.000478 -1.176453 0.000249 -0.532314 0.000021 0.000018
    48 -0.038065 0.069166 -0.159883 -1.816986 0.066178 -1.575392
    49 -0.025151 0.088762 -0.068837 -1.817843 0.044510 -1.568287
    50 -0.102916 -0.186983 -0.272246 -1.833683 -0.232962 -1.472375
    51 -1.034178 -3.578138 -0.347066 -0.942437 0.000019 -0.000003
    52 0.001133 -1.610108 0.002370 -0.287910 0.000003 -0.000002
    53 0.005787 -0.946060 0.004418 -0.445013 0.000001 0.000001
    54 -0.004241 0.043707 -0.080203 -2.014997 -0.186996 -1.460723
    55 0.015383 -0.089136 -0.030010 -2.006083 0.036346 -1.568629
    56 -0.022610 -0.212357 -0.177905 -1.933161 -0.118801 -1.518895
    57 1.305107 -3.227548 -0.342207 -1.019595 -0.066932 -0.041063
    58 0.000595 -1.242324 0.006085 -0.584548 0.000004 0.000009
    59 0.003175 -0.774607 -0.004222 -0.523564 -0.000006 -0.000004
    60 -0.067138 0.063251 -0.010961 -0.899214 -0.014515 -1.600326
    61 -0.151180 -0.007395 -0.070065 -0.913061 -0.118819 -1.408558
    62 -0.178164 -0.244680 -0.357067 -1.159916 -0.384260 -1.556110
    63 -0.391451 -0.463665 0.383766 -0.318007 -0.539789 -2.424659
    64 2.472082 0.027425 0.001225 0.000015 0.000004 0.549729
    65 1.223419 0.009356 -0.005766 -0.000003 -0.000006 0.593338
    66 -0.263409 -0.117640 -0.015659 0.000036 -0.082210 -0.026800
    67 0.007707 -0.334360 -0.191575 0.070788 -0.181563 0.282364
    68 0.225562 -0.567923 -0.420715 0.119895 -0.183798 0.223460
    69 -0.203683 -0.095654 -0.328305 -1.745077 0.075142 -1.515382
    70 -1.393460 8.839182 -0.239439 1.580804 -0.005024 -1.566848
    71 0.036020 0.082815 -0.692656 -1.570769 0.065989 0.001276
    72 -0.088586 0.054020 -0.088594 0.010231 0.033800 -1.560851
    73 0.120153 -0.050270 -0.054489 -2.854024 0.030688 -1.580508
    74 -0.139399 -0.111694 0.014400 0.285395 -0.031353 1.580313
    75 -0.003479 -0.404833 0.000000 0.000000 0.000000 0.000000
    76 -0.313965 -4.589844 0.951660 -1.186316 1.434478 -1.173672
    77 0.000000 3.367188 0.862793 0.000000 0.000000 0.000000
    78 0.001152 -1.103516 1.960938 0.000000 0.000000 0.000000
    79 0.001152 -2.781250 2.525391 0.000000 0.000000 0.000000
    80 -10.834346 9.051649 -14.654004 0.000000 0.000000 0.000000
    81 -0.003574 -2.246094 1.304688 0.000000 0.000000 0.000000
    82 0.001150 -4.261719 1.683594 0.000000 0.000000 0.000000
  time 1
    0 1.629157 0.000000 0.541027 0.000000 0.000000 -1.570796
    1 -0.123778 6.629295 -8.857176 5.501671 -1.331010 -4.162815
    2 -0.001605 -10.701926 -0.002571 0.385193 -0.179443 -0.163284
    3 -0.653320 -3.628906 -0.348633 -1.003534 -0.000001 -0.122159
    4 -0.013245 -1.509766 -0.000001 -1.090796 0.000000 0.000000
    5 0.000000 -0.953125 -0.000002 -1.223438 0.000000 0.000000
    6 0.007988 0.172184 -0.118553 -1.598091 -0.216549 -1.570593
    7 0.080660 0.135929 -0.203919 -1.506824 -0.066185 -1.662786
    8 0.117288 -0.155554 -0.604544 -1.412988 -0.374558 -1.569222
    9 0.128052 -3.763672 -0.348633 -0.890091 0.000000 -0.148347
    10 -0.006790 -1.563353 0.006726 -1.212969 0.000000 0.000009
    11 0.000000 -1.164063 0.000001 -1.279286 0.000000 0.000000
    12 -0.018589 0.129953 -0.123721 -1.294580 0.001302 -1.635383
    13 -0.006160 0.170065 -0.110169 -1.280084 -0.068681 -1.597215
    14 0.047100 -0.104074 -0.352264 -1.243368 -0.257298 -1.694346
    15 0.949953 -3.617903 -0.344216 -0.337868 -0.000377 0.131203
    16 -0.021700 -1.596358 -0.003443 -0.325332 0.002313 0.005956
    17 -0.002829 -0.941812 0.007065 -0.646627 0.007383 0.029697
    18 -0.022325 0.045424 -0.038284 -1.125544 -0.129230 -1.681412
    19 -0.042900 -0.061274 -0.071212 -1.124462 -0.060454 -1.586099
    20 0.063741 -0.109104 -0.248158 -1.142813 -0.125805 -1.693583
    21 -1.408203 -3.246094 -0.348633 -0.788776 0.052706 -0.017693
    22 0.013458 -1.204102 0.000000 -0.931992 0.000000 0.000000
    23 -0.013008 -0.789551 0.000000 -1.061140 0.000000 0.000000
    24 -0.011721 0.093267 0.017949 -1.687855 -0.079155 -1.575164
    25 0.048863 -0.085541 0.028626 -1.715605 -0.034569 -1.653190
    26 0.173918 -0.198416 -0.336163 -1.668104 -0.422317 -1.710956
    27 0.438974 -0.486320 0.396323 0.523067 -0.471463 -1.223411
    28 2.352359 0.010252 0.005009 -0.304760 -0.020339 -0.465967
    29 1.245306 0.004522 -0.002867 -0.000016 0.000022 -0.515030
    30 -0.267709 0.037512 -0.093907 2.913812 -0.143386 0.078467
    31 -0.029266 0.205408 -0.329287 2.788574 -0.255486 -0.188917
    32 0.204373 0.521055 -0.268577 2.886669 0.042206 -0.230367
    33 0.195697 -0.010059 -0.293538 -1.333586 0.150863 -1.672749
    34 1.257181 8.762590 -0.153713 -1.570562 0.002683 -1.566808
    35 -0.093500 -0.114213 -0.738866 -1.570842 0.061811 0.002096
    36 0.010843 0.093624 -0.081439 -3.141462 0.041719 -1.568236
    37 3.225432 -3.149164 -14.185310 -0.299943 -0.000212 2.173088
    38 0.104748 -10.673144 -0.001547 0.095617 -0.240358 0.442755
    39 0.553428 -3.646670 -0.341066 -1.088851 -0.046218 -0.024582
    40 0.025684 -1.503640 0.001039 -0.431572 0.000001 -0.000004
    41 0.008139 -0.928479 -0.004583 -0.502927 -0.000002 -0.000001
    42 0.006928 0.005329 -0.181358 -1.528500 -0.248579 -1.611362
    43 -0.052313 0.038589 -0.230757 -1.592493 -0.043415 -1.528515
    44 -0.232600 -0.209656 -0.420669 -1.713790 -0.167173 -1.438930
    45 -0.214374 -3.737618 -0.346082 -0.833972 -0.000005 -0.000020
    46 0.019801 -1.578467 0.006170 -0.626155 0.000020 -0.000009
    47 0.004384 -1.172547 0.000249 -0.536832 0.000021 0.000018
    48 -0.038065 0.069166 -0.159883 -1.816986 0.066178 -1.575392
    49 -0.025151 0.088762 -0.068837 -1.817843 0.044510 -1.568287
    50 -0.102916 -0.186983 -0.272246 -1.833683 -0.232962 -1.472375
    51 -1.030272 -3.578138 -0.343160 -0.950810 0.000019 -0.000003
    52 0.001133 -1.610108 0.002370 -0.337212 0.000003 -0.000002
    53 0.005787 -0.946060 0.004418 -0.458221 0.000001 0.000001
    54 -0.004241 0.043707 -0.080203 -2.014997 -0.186996 -1.460723
    55 0.015383 -0.089136 -0.030010 -2.006083 0.036346 -1.568629
    56 -0.022610 -0.212357 -0.177905 -1.933161 -0.118801 -1.518895
    57 1.309013 -3.227548 -0.342207 -1.022062 -0.066932 -0.041063
    58 0.000595 -1.242324 0.002179 -0.546153 0.000004 0.000009
    59 0.003175 -0.774607 -0.000316 -0.545629 -0.000006 -0.000004
    60 -0.067138 0.063251 -0.010961 -0.899214 -0.014515 -1.600326
    61 -0.151180 -0.007395 -0.070065 -0.913061 -0.118819 -1.408558
    62 -0.178164 -0.244680 -0.357067 -1.159916 -0.384260 -1.556110
    63 -0.387544 -0.463665 0.379860 -0.346527 -0.548077 -2.430184
    64 2.472082 0.027425 0.001225 -0.001483 -0.000127 0.555755
    65 1.227325 0.009356 -0.005766 -0.000003 -0.000006 0.602402
    66 -0.263409 -0.117640 -0.015659 0.000036 -0.082210 -0.026800
    67 0.007707 -0.334360 -0.191575 0.070788 -0.181563 0.282364
    68 0.225562 -0.567923 -0.420715 0.119895 -0.183798 0.223460
    69 -0.203683 -0.095654 -0.328305 -1.745077 0.075142 -1.515382
    70 -1.393460 8.839182 -0.239439 1.580804 -0.005024 -1.566848
    71 0.036020 0.082815 -0.692656 -1.570769 0.065989 0.001276
    72 -0.088586 0.054020 -0.088594 0.010231 0.033800 -1.560851
    73 0.120153 -0.050270 -0.054489 -2.854024 0.030688 -1.580508
    74 -0.139399 -0.111694 0.014400 0.285395 -0.031353 1.580313
    75 -0.003479 -0.404833 0.000000 0.000000 0.000000 0.000000
    76 -0.313965 -4.589844 0.951660 -1.186316 1.434478 -1.173672
    77 0.000000 3.367188 0.862793 0.000000 0.000000 0.000000
    78 0.001152 -1.103516 1.960938 0.000000 0.000000 0.000000
    79 0.001152 -2.781250 2.525391 0.000000 0.000000 0.000000
    80 -10.834346 9.055556 -14.654004 0.000000 0.003150 -0.000383
    81 -0.003574 -2.246094 1.304688 0.000000 0.000000 0.000000
    82 0.001150 -4.261719 1.683594 0.000000 0.000000 0.000000
  time 2
    0 1.629157 0.000000 0.541027 0.000000 0.000000 -1.570796
    1 0.040289 6.535542 -9.001712 5.493810 -1.330349 -4.183239
    2 -0.001605 -10.701926 -0.002571 0.434897 -0.257824 -0.165057
    3 -0.653320 -3.628906 -0.348633 -1.003534 -0.000001 -0.122159
    4 -0.013245 -1.509766 -0.000001 -1.090796 0.000000 0.000000
    5 0.000000 -0.953125 -0.000002 -1.223438 0.000000 0.000000
    6 0.007988 0.172184 -0.118553 -1.598091 -0.216549 -1.570593
    7 0.080660 0.135929 -0.203919 -1.506824 -0.066185 -1.662786
    8 0.117288 -0.155554 -0.604544 -1.412988 -0.374558 -1.569222
    9 0.128052 -3.763672 -0.348633 -0.890091 0.000000 -0.148347
    10 -0.006790 -1.567259 0.002820 -1.212969 0.000000 0.000009
    11 0.000000 -1.164063 0.000001 -1.279286 0.000000 0.000000
    12 -0.018589 0.129953 -0.123721 -1.294580 0.001302 -1.635383
    13 -0.006160 0.170065 -0.110169 -1.280084 -0.068681 -1.597215
    14 0.047100 -0.104074 -0.352264 -1.243368 -0.257298 -1.694346
    15 0.949953 -3.617903 -0.348122 -0.326075 -0.000772 0.131502
    16 -0.017794 -1.596358 -0.007350 -0.329793 0.005189 0.013087
    17 -0.006735 -0.941812 0.007065 -0.711001 0.018241 0.064152
    18 -0.022325 0.045424 -0.038284 -1.125544 -0.129230 -1.681412
    19 -0.042900 -0.061274 -0.071212 -1.124462 -0.060454 -1.586099
    20 0.063741 -0.109104 -0.248158 -1.142813 -0.125805 -1.693583
    21 -1.408203 -3.246094 -0.348633 -0.788776 0.052706 -0.017693
    22 0.013458 -1.204102 0.000000 -0.931992 0.000000 0.000000
    23 -0.013008 -0.789551 0.000000 -1.061140 0.000000 0.000000
    24 -0.011721 0.093267 0.017949 -1.687855 -0.079155 -1.575164
    25 0.048863 -0.085541 0.028626 -1.715605 -0.034569 -1.653190
    26 0.173918 -0.198416 -0.336163 -1.668104 -0.422317 -1.710956
    27 0.438974 -0.486320 0.396323 0.542902 -0.477181 -1.237538
    28 2.352359 0.014158 0.005009 -0.304532 -0.023478 -0.475998
    29 1.249212 0.004522 -0.002867 -0.000016 0.000022 -0.450120
    30 -0.267709 0.037512 -0.093907 2.913812 -0.143386 0.078467
    31 -0.029266 0.205408 -0.329287 2.788574 -0.255486 -0.188917
    32 0.204373 0.521055 -0.268577 2.886669 0.042206 -0.230367
    33 0.195697 -0.010059 -0.293538 -1.333586 0.150863 -1.672749
    34 1.257181 8.762590 -0.153713 -1.570562 0.002683 -1.566808
    35 -0.093500 -0.114213 -0.738866 -1.570842 0.061811 0.002096
    36 0.010843 0.093624 -0.081439 -3.141462 0.041719 -1.568236
    37 2.830888 -3.297606 -14.325939 -0.222211 -0.000726 2.173566
    38 0.104748 -10.677050 -0.005453 0.112806 -0.189672 0.428603
    39 0.553428 -3.650577 -0.344972 -1.096439 -0.046218 -0.024582
    40 0.021778 -1.503640 0.001039 -0.435716 0.000001 -0.000004
    41 0.008139 -0.928479 -0.000677 -0.556736 -0.000002 -0.000001
    42 0.006928 0.005329 -0.181358 -1.528500 -0.248579 -1.611362
    43 -0.052313 0.038589 -0.230757 -1.592493 -0.043415 -1.528515
    44 -0.232600 -0.209656 -0.420669 -1.713790 -0.167173 -1.438930
    45 -0.214374 -3.741524 -0.346082 -0.847894 -0.000005 -0.000020
    46 0.019801 -1.578467 0.006170 -0.671503 0.000020 -0.000009
    47 0.000478 -1.172547 0.000249 -0.540806 0.000021 0.000018
    48 -0.038065 0.069166 -0.159883 -1.816986 0.066178 -1.575392
    49 -0.025151 0.088762 -0.068837 -1.817843 0.044510 -1.568287
    50 -0.102916 -0.186983 -0.272246 -1.833683 -0.232962 -1.472375
    51 -1.030272 -3.582044 -0.343160 -0.959383 0.000019 -0.000003
    52 0.001133 -1.610108 0.002370 -0.390241 0.000003 -0.000002
    53 0.005787 -0.946060 0.004418 -0.471691 0.000001 0.000001
    54 -0.004241 0.043707 -0.080203 -2.014997 -0.186996 -1.460723
    55 0.015383 -0.089136 -0.030010 -2.006083 0.036346 -1.568629
    56 -0.022610 -0.212357 -0.177905 -1.933161 -0.118801 -1.518895
    57 1.309013 -3.227548 -0.342207 -1.024486 -0.066932 -0.041063
    58 0.000595 -1.242324 0.002179 -0.504041 0.000004 0.000009
    59 0.003175 -0.774607 -0.004222 -0.569775 -0.000006 -0.000004
    60 -0.067138 0.063251 -0.010961 -0.899214 -0.014515 -1.600326
    61 -0.151180 -0.007395 -0.070065 -0.913061 -0.118819 -1.408558
    62 -0.178164 -0.244680 -0.357067 -1.159916 -0.384260 -1.556110
    63 -0.387544 -0.463665 0.379860 -0.376892 -0.557408 -2.436431
    64 2.472082 0.027425 0.001225 -0.002574 -0.000223 0.562652
    65 1.223419 0.009356 -0.005766 -0.000003 -0.000006 0.611632
    66 -0.263409 -0.117640 -0.015659 0.000036 -0.082210 -0.026800
    67 0.007707 -0.334360 -0.191575 0.070788 -0.181563 0.282364
    68 0.225562 -0.567923 -0.420715 0.119895 -0.183798 0.223460
    69 -0.203683 -0.095654 -0.328305 -1.745077 0.075142 -1.515382
    70 -1.393460 8.839182 -0.239439 1.580804 -0.005024 -1.566848
    71 0.036020 0.082815 -0.692656 -1.570769 0.065989 0.001276
    72 -0.088586 0.054020 -0.088594 0.010231 0.033800 -1.560851
    73 0.120153 -0.050270 -0.054489 -2.854024 0.030688 -1.580508
    74 -0.139399 -0.111694 0.014400 0.285395 -0.031353 1.580313
    75 -0.003479 -0.404833 0.000000 0.000000 0.000000 0.000000
    76 -0.313965 -4.589844 0.951660 -1.186316 1.434478 -1.173672
    77 0.000000 3.367188 0.862793 0.000000 0.000000 0.000000
    78 0.001152 -1.103516 1.960938 0.000000 0.000000 0.000000
    79 0.001152 -2.781250 2.525391 0.000000 0.000000 0.000000
    80 -10.838252 9.055556 -14.657911 0.000383 0.012170 -0.001917
    81 -0.003574 -2.246094 1.304688 0.000000 0.000000 0.000000
    82 0.001150 -4.261719 1.683594 0.000000 0.000000 0.000000
  time 3
    0 1.629157 0.000000 0.541027 0.000000 0.000000 -1.570796
    1 0.231701 6.449602 -9.138435 5.484700 -1.330821 -4.204023
    2 -0.001605 -10.701926 -0.002571 0.487701 -0.338837 -0.171019
    3 -0.653320 -3.628906 -0.348633 -1.003534 -0.000001 -0.122159
    4 -0.013245 -1.509766 -0.000001 -1.090796 0.000000 0.000000
    5 0.000000 -0.953125 -0.000002 -1.223438 0.000000 0.000000
    6 0.007988 0.172184 -0.118553 -1.598091 -0.216549 -1.570593
    7 0.080660 0.135929 -0.203919 -1.506824 -0.066185 -1.662786
    8 0.117288 -0.155554 -0.604544 -1.412988 -0.374558 -1.569222
    9 0.128052 -3.763672 -0.348633 -0.890091 0.000000 -0.148347
    10 -0.006790 -1.567259 0.002820 -1.212969 0.000000 0.000009
    11 0.000000 -1.164063 0.000001 -1.279286 0.000000 0.000000
    12 -0.018589 0.129953 -0.123721 -1.294580 0.001302 -1.635383
    13 -0.006160 0.170065 -0.110169 -1.280084 -0.068681 -1.597215
    14 0.047100 -0.104074 -0.352264 -1.243368 -0.257298 -1.694346
    15 0.949953 -3.617903 -0.344216 -0.313731 -0.001192 0.131826
    16 -0.021700 -1.596358 -0.003443 -0.335023 0.008365 0.020757
    17 -0.006735 -0.941812 0.007065 -0.781249 0.032562 0.100693
    18 -0.022325 0.045424 -0.038284 -1.125544 -0.129230 -1.681412
    19 -0.042900 -0.061274 -0.071212 -1.124462 -0.060454 -1.586099
    20 0.063741 -0.109104 -0.248158 -1.142813 -0.125805 -1.693583
    21 -1.408203 -3.246094 -0.348633 -0.788776 0.052706 -0.017693
    22 0.013458 -1.204102 0.000000 -0.931992 0.000000 0.000000
    23 -0.013008 -0.789551 0.000000 -1.061140 0.000000 0.000000
    24 -0.011721 0.093267 0.017949 -1.687855 -0.079155 -1.575164
    25 0.048863 -0.085541 0.028626 -1.715605 -0.034569 -1.653190
    26 0.173918 -0.198416 -0.336163 -1.668104 -0.422317 -1.710956
    27 0.438974 -0.490226 0.396323 0.564009 -0.482911 -1.252875
    28 2.356266 0.010252 0.005009 -0.304281 -0.026750 -0.486433
    29 1.249212 0.004522 -0.006774 -0.000016 0.000022 -0.380459
    30 -0.267709 0.037512 -0.093907 2.913812 -0.143386 0.078467
    31 -0.029266 0.205408 -0.329287 2.788574 -0.255486 -0.188917
    32 0.204373 0.521055 -0.268577 2.886669 0.042206 -0.230367
    33 0.195697 -0.010059 -0.293538 -1.333586 0.150863 -1.672749
    34 1.257181 8.762590 -0.153713 -1.570562 0.002683 -1.566808
    35 -0.093500 -0.114213 -0.738866 -1.570842 0.061811 0.002096
    36 0.010843 0.093624 -0.081439 -3.141462 0.041719 -1.568236
    37 2.241027 -3.512456 -14.532977 -0.142382 -0.001708 2.174426
    38 0.108654 -10.673144 -0.001547 0.130586 -0.134051 0.413637
    39 0.553428 -3.650577 -0.341066 -1.104177 -0.046218 -0.024582
    40 0.025684 -1.503640 0.001039 -0.439954 0.000001 -0.000004
    41 0.008139 -0.928479 -0.004583 -0.614249 -0.000002 -0.000001
    42 0.006928 0.005329 -0.181358 -1.528500 -0.248579 -1.611362
    43 -0.052313 0.038589 -0.230757 -1.592493 -0.043415 -1.528515
    44 -0.232600 -0.209656 -0.420669 -1.713790 -0.167173 -1.438930
    45 -0.214374 -3.737618 -0.346082 -0.862282 -0.000005 -0.000020
    46 0.015894 -1.582373 0.006170 -0.720022 0.000020 -0.000009
    47 0.004384 -1.176453 0.000249 -0.544380 0.000021 0.000018
    48 -0.038065 0.069166 -0.159883 -1.816986 0.066178 -1.575392
    49 -0.025151 0.088762 -0.068837 -1.817843 0.044510 -1.568287
    50 -0.102916 -0.186983 -0.272246 -1.833683 -0.232962 -1.472375
    51 -1.034178 -3.578138 -0.343160 -0.968156 0.000019 -0.000003
    52 0.001133 -1.610108 0.002370 -0.446368 0.000003 -0.000002
    53 0.005787 -0.946060 0.000512 -0.485393 0.000001 0.000001
    54 -0.004241 0.043707 -0.080203 -2.014997 -0.186996 -1.460723
    55 0.015383 -0.089136 -0.030010 -2.006083 0.036346 -1.568629
    56 -0.022610 -0.212357 -0.177905 -1.933161 -0.118801 -1.518895
    57 1.305107 -3.227548 -0.342207 -1.026823 -0.066932 -0.041063
    58 0.000595 -1.242324 0.002179 -0.459059 0.000004 0.000009
    59 0.003175 -0.774607 -0.000316 -0.595442 -0.000006 -0.000004
    60 -0.067138 0.063251 -0.010961 -0.899214 -0.014515 -1.600326
    61 -0.151180 -0.007395 -0.070065 -0.913061 -0.118819 -1.408558
    62 -0.178164 -0.244680 -0.357067 -1.159916 -0.384260 -1.556110
    63 -0.391451 -0.463665 0.383766 -0.408768 -0.567683 -2.443013
    64 2.472082 0.027425 0.001225 -0.003305 -0.000283 0.570352
    65 1.223419 0.009356 -0.005766 -0.000003 -0.000006 0.621056
    66 -0.263409 -0.117640 -0.015659 0.000036 -0.082210 -0.026800
    67 0.007707 -0.334360 -0.191575 0.070788 -0.181563 0.282364
    68 0.225562 -0.567923 -0.420715 0.119895 -0.183798 0.223460
    69 -0.203683 -0.095654 -0.328305 -1.745077 0.075142 -1.515382
    70 -1.393460 8.839182 -0.239439 1.580804 -0.005024 -1.566848
    71 0.036020 0.082815 -0.692656 -1.570769 0.065989 0.001276
    72 -0.088586 0.054020 -0.088594 0.010231 0.033800 -1.560851
    73 0.120153 -0.050270 -0.054489 -2.854024 0.030688 -1.580508
    74 -0.139399 -0.111694 0.014400 0.285395 -0.031353 1.580313
    75 -0.003479 -0.404833 0.000000 0.000000 0.000000 0.000000
    76 -0.313965 -4.589844 0.951660 -1.186316 1.434478 -1.173672
    77 0.000000 3.367188 0.862793 0.000000 0.000000 0.000000
    78 0.001152 -1.103516 1.960938 0.000000 0.000000 0.000000
    79 0.001152 -2.781250 2.525391 0.000000 0.000000 0.000000
    80 -10.834346 9.055556 -14.654004 0.000765 0.025341 -0.004218
    81 -0.003574 -2.246094 1.304688 0.000000 0.000000 0.000000
    82 0.001150 -4.261719 1.683594 0.000000 0.000000 0.000000
  time 4
    0 1.629157 0.000000 0.541027 0.000000 0.000000 -1.570796
    1 0.391863 6.418351 -9.208749 5.474963 -1.333604 -4.223008
    2 -0.001605 -10.701926 -0.002571 0.533957 -0.409371 -0.177672
    3 -0.653320 -3.628906 -0.348633 -1.003534 -0.000001 -0.122159
    4 -0.013245 -1.509766 -0.000001 -1.090796 0.000000 0.000000
    5 0.000000 -0.953125 -0.000002 -1.223438 0.000000 0.000000
    6 0.007988 0.172184 -0.118553 -1.598091 -0.216549 -1.570593
    7 0.080660 0.135929 -0.203919 -1.506824 -0.066185 -1.662786
    8 0.117288 -0.155554 -0.604544 -1.412988 -0.374558 -1.569222
    9 0.128052 -3.763672 -0.348633 -0.890091 0.000000 -0.148347
    10 -0.006790 -1.567259 0.006726 -1.212969 0.000000 0.000009
    11 0.000000 -1.164063 0.000001 -1.279286 0.000000 0.000000
    12 -0.018589 0.129953 -0.123721 -1.294580 0.001302 -1.635383
    13 -0.006160 0.170065 -0.110169 -1.280084 -0.068681 -1.597215
    14 0.047100 -0.104074 -0.352264 -1.243368 -0.257298 -1.694346
    15 0.949953 -3.617903 -0.344216 -0.300907 -0.001611 0.132137
    16 -0.017794 -1.596358 -0.003443 -0.339895 0.011541 0.028379
    17 -0.006735 -0.941812 0.007065 -0.852149 0.049724 0.136731
    18 -0.022325 0.045424 -0.038284 -1.125544 -0.129230 -1.681412
    19 -0.042900 -0.061274 -0.071212 -1.124462 -0.060454 -1.586099
    20 0.063741 -0.109104 -0.248158 -1.142813 -0.125805 -1.693583
    21 -1.408203 -3.246094 -0.348633 -0.788776 0.052706 -0.017693
    22 0.013458 -1.204102 0.000000 -0.931992 0.000000 0.000000
    23 -0.013008 -0.789551 0.000000 -1.061140 0.000000 0.000000
    24 -0.011721 0.093267 0.017949 -1.687855 -0.079155 -1.575164
    25 0.048863 -0.085541 0.028626 -1.715605 -0.034569 -1.653190
    26 0.173918 -0.198416 -0.336163 -1.668104 -0.422317 -1.710956
    27 0.442881 -0.486320 0.396323 0.585159 -0.488320 -1.267452
    28 2.352359 0.010252 0.005009 -0.303969 -0.030166 -0.497273
    29 1.245306 0.004522 -0.002867 -0.000016 0.000022 -0.308808
    30 -0.267709 0.037512 -0.093907 2.913812 -0.143386 0.078467
    31 -0.029266 0.205408 -0.329287 2.788574 -0.255486 -0.188917
    32 0.204373 0.521055 -0.268577 2.886669 0.042206 -0.230367
    33 0.195697 -0.010059 -0.293538 -1.333586 0.150863 -1.672749
    34 1.257181 8.762590 -0.153713 -1.570562 0.002683 -1.566808
    35 -0.093500 -0.114213 -0.738866 -1.570842 0.061811 0.002096
    36 0.010843 0.093624 -0.081439 -3.141462 0.041719 -1.568236
    37 1.487097 -3.785902 -14.779078 -0.061217 -0.002689 2.175477
    38 0.104748 -10.673144 -0.005453 0.148394 -0.074820 0.398530
    39 0.553428 -3.650577 -0.344972 -1.112114 -0.046218 -0.024582
    40 0.025684 -1.503640 0.001039 -0.444381 0.000001 -0.000004
    41 0.012045 -0.928479 -0.004583 -0.674248 -0.000002 -0.000001
    42 0.006928 0.005329 -0.181358 -1.528500 -0.248579 -1.611362
    43 -0.052313 0.038589 -0.230757 -1.592493 -0.043415 -1.528515
    44 -0.232600 -0.209656 -0.420669 -1.713790 -0.167173 -1.438930
    45 -0.214374 -3.741524 -0.346082 -0.876839 -0.000005 -0.000020
    46 0.019801 -1.578467 0.002264 -0.770539 0.000020 -0.000009
    47 0.004384 -1.172547 0.000249 -0.547639 0.000021 0.000018
    48 -0.038065 0.069166 -0.159883 -1.816986 0.066178 -1.575392
    49 -0.025151 0.088762 -0.068837 -1.817843 0.044510 -1.568287
    50 -0.102916 -0.186983 -0.272246 -1.833683 -0.232962 -1.472375
    51 -1.030272 -3.582044 -0.343160 -0.977050 0.000019 -0.000003
    52 0.001133 -1.610108 0.002370 -0.504438 0.000003 -0.000002
    53 0.005787 -0.946060 0.004418 -0.499270 0.000001 0.000001
    54 -0.004241 0.043707 -0.080203 -2.014997 -0.186996 -1.460723
    55 0.015383 -0.089136 -0.030010 -2.006083 0.036346 -1.568629
    56 -0.022610 -0.212357 -0.177905 -1.933161 -0.118801 -1.518895
    57 1.309013 -3.227548 -0.342207 -1.029074 -0.066932 -0.041063
    58 0.000595 -1.242324 0.006085 -0.411994 0.000004 0.000009
    59 0.003175 -0.774607 -0.004222 -0.622225 -0.000006 -0.000004
    60 -0.067138 0.063251 -0.010961 -0.899214 -0.014515 -1.600326
    61 -0.151180 -0.007395 -0.070065 -0.913061 -0.118819 -1.408558
    62 -0.178164 -0.244680 -0.357067 -1.159916 -0.384260 -1.556110
    63 -0.387544 -0.463665 0.383766 -0.441800 -0.578599 -2.449776
    64 2.472082 0.027425 0.001225 -0.003688 -0.000295 0.578488
    65 1.223419 0.009356 -0.005766 -0.000003 -0.000006 0.630676
    66 -0.263409 -0.117640 -0.015659 0.000036 -0.082210 -0.026800
    67 0.007707 -0.334360 -0.191575 0.070788 -0.181563 0.282364
    68 0.225562 -0.567923 -0.420715 0.119895 -0.183798 0.223460
    69 -0.203683 -0.095654 -0.328305 -1.745077 0.075142 -1.515382
    70 -1.393460 8.839182 -0.239439 1.580804 -0.005024 -1.566848
    71 0.036020 0.082815 -0.692656 -1.570769 0.065989 0.001276
    72 -0.088586 0.054020 -0.088594 0.010231 0.033800 -1.560851
    73 0.120153 -0.050270 -0.054489 -2.854024 0.030688 -1.580508
    74 -0.139399 -0.111694 0.014400 0.285395 -0.031353 1.580313
    75 -0.003479 -0.404833 0.000000 0.000000 0.000000 0.000000
    76 -0.313965 -4.589844 0.951660 -1.186316 1.434478 -1.173672
    77 0.000000 3.367188 0.862793 0.000000 0.000000 0.000000
    78 0.001152 -1.103516 1.960938 0.000000 0.000000 0.000000
    79 0.001152 -2.781250 2.525391 0.000000 0.000000 0.000000
    80 -10.834346 9.055556 -14.657911 0.001339 0.041377 -0.006999
    81 -0.003574 -2.246094 1.304688 0.000000 0.000000 0.000000
    82 0.001150 -4.261719 1.683594 0.000000 0.000000 0.000000
  time 5
    0 1.629157 0.000000 0.541027 0.000000 0.000000 -1.570796
    1 0.520773 6.461321 -9.193124 5.455938 -1.353696 -4.231555
    2 -0.001605 -10.701926 -0.002571 0.562239 -0.456871 -0.178455
    3 -0.653320 -3.628906 -0.348633 -1.003534 -0.000001 -0.122159
    4 -0.013245 -1.509766 -0.000001 -1.090796 0.000000 0.000000
    5 0.000000 -0.953125 -0.000002 -1.223438 0.000000 0.000000
    6 0.007988 0.172184 -0.118553 -1.598091 -0.216549 -1.570593
    7 0.080660 0.135929 -0.203919 -1.506824 -0.066185 -1.662786
    8 0.117288 -0.155554 -0.604544 -1.412988 -0.374558 -1.569222
    9 0.128052 -3.763672 -0.348633 -0.890091 0.000000 -0.148347
    10 -0.002884 -1.563353 0.002820 -1.212969 0.000000 0.000009
    11 0.000000 -1.164063 0.000001 -1.279286 0.000000 0.000000
    12 -0.018589 0.129953 -0.123721 -1.294580 0.001302 -1.635383
    13 -0.006160 0.170065 -0.110169 -1.280084 -0.068681 -1.597215
    14 0.047100 -0.104074 -0.352264 -1.243368 -0.257298 -1.694346
    15 0.949953 -3.613996 -0.348122 -0.287712 -0.002067 0.132473
    16 -0.017794 -1.596358 -0.003443 -0.343202 0.014430 0.035378
    17 -0.006735 -0.941812 0.007065 -0.918447 0.068360 0.170072
    18 -0.022325 0.045424 -0.038284 -1.125544 -0.129230 -1.681412
    19 -0.042900 -0.061274 -0.071212 -1.124462 -0.060454 -1.586099
    20 0.063741 -0.109104 -0.248158 -1.142813 -0.125805 -1.693583
    21 -1.408203 -3.246094 -0.348633 -0.788776 0.052706 -0.017693
    22 0.013458 -1.204102 0.000000 -0.931992 0.000000 0.000000
    23 -0.013008 -0.789551 0.000000 -1.061140 0.000000 0.000000
    24 -0.011721 0.093267 0.017949 -1.687855 -0.079155 -1.575164
    25 0.048863 -0.085541 0.028626 -1.715605 -0.034569 -1.653190
    26 0.173918 -0.198416 -0.336163 -1.668104 -0.422317 -1.710956
    27 0.438974 -0.486320 0.396323 0.605324 -0.493161 -1.279215
    28 2.356266 0.010252 0.005009 -0.303597 -0.033665 -0.508517
    29 1.245306 0.004522 -0.002867 -0.000016 0.000022 -0.237929
    30 -0.267709 0.037512 -0.093907 2.913812 -0.143386 0.078467
    31 -0.029266 0.205408 -0.329287 2.788574 -0.255486 -0.188917
    32 0.204373 0.521055 -0.268577 2.886669 0.042206 -0.230367
    33 0.195697 -0.010059 -0.293538 -1.333586 0.150863 -1.672749
    34 1.257181 8.762590 -0.153713 -1.570562 0.002683 -1.566808
    35 -0.093500 -0.114213 -0.738866 -1.570842 0.061811 0.002096
    36 0.010843 0.093624 -0.081439 -3.141462 0.041719 -1.568236
    37 0.615977 -4.110131 -15.060337 -6.261882 -0.004044 2.176146
    38 0.104748 -10.673144 -0.005453 0.165663 -0.013557 0.383872
    39 0.549521 -3.650577 -0.341066 -1.120151 -0.046218 -0.024582
    40 0.021778 -1.503640 0.001039 -0.448807 0.000001 -0.000004
    41 0.012045 -0.928479 -0.004583 -0.735676 -0.000002 -0.000001
    42 0.006928 0.005329 -0.181358 -1.528500 -0.248579 -1.611362
    43 -0.052313 0.038589 -0.230757 -1.592493 -0.043415 -1.528515
    44 -0.232600 -0.209656 -0.420669 -1.713790 -0.167173 -1.438930
    45 -0.218280 -3.737618 -0.346082 -0.891692 -0.000005 -0.000020
    46 0.019801 -1.582373 0.002264 -0.822407 0.000020 -0.000009
    47 0.000478 -1.176453 0.000249 -0.550842 0.000021 0.000018
    48 -0.038065 0.069166 -0.159883 -1.816986 0.066178 -1.575392
    49 -0.025151 0.088762 -0.068837 -1.817843 0.044510 -1.568287
    50 -0.102916 -0.186983 -0.272246 -1.833683 -0.232962 -1.472375
    51 -1.030272 -3.578138 -0.343160 -0.986103 0.000019 -0.000003
    52 0.001133 -1.610108 0.002370 -0.563925 0.000003 -0.000002
    53 0.005787 -0.946060 0.000512 -0.513322 0.000001 0.000001
    54 -0.004241 0.043707 -0.080203 -2.014997 -0.186996 -1.460723
    55 0.015383 -0.089136 -0.030010 -2.006083 0.036346 -1.568629
    56 -0.022610 -0.212357 -0.177905 -1.933161 -0.118801 -1.518895
    57 1.309013 -3.227548 -0.342207 -1.031281 -0.066932 -0.041063
    58 0.004502 -1.242324 0.002179 -0.363915 0.000004 0.000009
    59 0.003175 -0.774607 -0.004222 -0.649718 -0.000006 -0.000004
    60 -0.067138 0.063251 -0.010961 -0.899214 -0.014515 -1.600326
    61 -0.151180 -0.007395 -0.070065 -0.913061 -0.118819 -1.408558
    62 -0.178164 -0.244680 -0.357067 -1.159916 -0.384260 -1.556110
    63 -0.387544 -0.463665 0.383766 -0.475633 -0.590038 -2.456333
    64 2.472082 0.027425 0.001225 -0.003808 -0.000295 0.586858
    65 1.227325 0.009356 -0.005766 -0.000003 -0.000006 0.640434
    66 -0.263409 -0.117640 -0.015659 0.000036 -0.082210 -0.026800
    67 0.007707 -0.334360 -0.191575 0.070788 -0.181563 0.282364
    68 0.225562 -0.567923 -0.420715 0.119895 -0.183798 0.223460
    69 -0.203683 -0.095654 -0.328305 -1.745077 0.075142 -1.515382
    70 -1.393460 8.839182 -0.239439 1.580804 -0.005024 -1.566848
    71 0.036020 0.082815 -0.692656 -1.570769 0.065989 0.001276
    72 -0.088586 0.054020 -0.088594 0.010231 0.033800 -1.560851
    73 0.120153 -0.050270 -0.054489 -2.854024 0.030688 -1.580508
    74 -0.139399 -0.111694 0.014400 0.285395 -0.031353 1.580313
    75 -0.003479 -0.404833 0.000000 0.000000 0.000000 0.000000
    76 -0.313965 -4.589844 0.951660 -1.186316 1.434478 -1.173672
    77 0.000000 3.367188 0.862793 0.000000 0.000000 0.000000
    78 0.001152 -1.103516 1.960938 0.000000 0.000000 0.000000
    79 0.001152 -2.781250 2.525391 0.000000 0.000000 0.000000
    80 -10.834346 9.055556 -14.657911 0.001913 0.058844 -0.009971
    81 -0.003574 -2.246094 1.304688 0.000000 0.000000 0.000000
    82 0.001150 -4.261719 1.683594 0.000000 0.000000 0.000000
  time 6
    0 1.629157 0.000000 0.541027 0.000000 0.000000 -1.570796
    1 0.634057 6.555074 -9.111090 5.419941 -1.394304 -4.223907
    2 -0.001605 -10.701926 -0.002571 0.560324 -0.468688 -0.165609
    3 -0.653320 -3.628906 -0.348633 -1.003534 -0.000001 -0.122159
    4 -0.013245 -1.509766 -0.000001 -1.090796 0.000000 0.000000
    5 0.000000 -0.953125 -0.000002 -1.223438 0.000000 0.000000
    6 0.007988 0.172184 -0.118553 -1.598091 -0.216549 -1.570593
    7 0.080660 0.135929 -0.203919 -1.506824 -0.066185 -1.662786
    8 0.117288 -0.155554 -0.604544 -1.412988 -0.374558 -1.569222
    9 0.128052 -3.763672 -0.348633 -0.890091 0.000000 -0.148347
    10 -0.002884 -1.567259 0.006726 -1.212969 0.000000 -0.000003
    11 0.000000 -1.164063 0.000001 -1.279286 0.000000 0.000000
    12 -0.018589 0.129953 -0.123721 -1.294580 0.001302 -1.635383
    13 -0.006160 0.170065 -0.110169 -1.280084 -0.068681 -1.597215
    14 0.047100 -0.104074 -0.352264 -1.243368 -0.257298 -1.694346
    15 0.949953 -3.617903 -0.344216 -0.274218 -0.002522 0.132797
    16 -0.021700 -1.596358 -0.003443 -0.343868 0.016707 0.041155
    17 -0.006735 -0.937906 0.007065 -0.975195 0.086565 0.198799
    18 -0.022325 0.045424 -0.038284 -1.125544 -0.129230 -1.681412
    19 -0.042900 -0.061274 -0.071212 -1.124462 -0.060454 -1.586099
    20 0.063741 -0.109104 -0.248158 -1.142813 -0.125805 -1.693583
    21 -1.408203 -3.246094 -0.348633 -0.788776 0.052706 -0.017693
    22 0.013458 -1.204102 0.000000 -0.931992 0.000000 0.000000
    23 -0.013008 -0.789551 0.000000 -1.061140 0.000000 0.000000
    24 -0.011721 0.093267 0.017949 -1.687855 -0.079155 -1.575164
    25 0.048863 -0.085541 0.028626 -1.715605 -0.034569 -1.653190
    26 0.173918 -0.198416 -0.336163 -1.668104 -0.422317 -1.710956
    27 0.438974 -0.490226 0.396323 0.623208 -0.497286 -1.286222
    28 2.352359 0.014158 0.005009 -0.303202 -0.037321 -0.520165
    29 1.249212 0.004522 -0.002867 -0.000016 0.000022 -0.170623
    30 -0.267709 0.037512 -0.093907 2.913812 -0.143386 0.078467
    31 -0.029266 0.205408 -0.329287 2.788574 -0.255486 -0.188917
    32 0.204373 0.521055 -0.268577 2.886669 0.042206 -0.230367
    33 0.195697 -0.010059 -0.293538 -1.333586 0.150863 -1.672749
    34 1.257181 8.762590 -0.153713 -1.570562 0.002683 -1.566808
    35 -0.093500 -0.114213 -0.738866 -1.570842 0.061811 0.002096
    36 0.010843 0.093624 -0.081439 -3.141462 0.041719 -1.568236
    37 -0.344990 -4.461704 -15.337689 -6.178810 -0.005353 2.177102
    38 0.108654 -10.673144 -0.005453 0.182179 0.048328 0.370310
    39 0.549521 -3.650577 -0.341066 -1.128287 -0.046218 -0.024582
    40 0.025684 -1.503640 0.004946 -0.453328 0.000001 -0.000004
    41 0.008139 -0.928479 -0.004583 -0.797633 -0.000002 -0.000001
    42 0.006928 0.005329 -0.181358 -1.528500 -0.248579 -1.611362
    43 -0.052313 0.038589 -0.230757 -1.592493 -0.043415 -1.528515
    44 -0.232600 -0.209656 -0.420669 -1.713790 -0.167173 -1.438930
    45 -0.214374 -3.741524 -0.342176 -0.906757 -0.000005 -0.000020
    46 0.019801 -1.582373 0.006170 -0.874510 0.000020 -0.000009
    47 0.000478 -1.172547 0.000249 -0.554016 0.000021 0.000018
    48 -0.038065 0.069166 -0.159883 -1.816986 0.066178 -1.575392
    49 -0.025151 0.088762 -0.068837 -1.817843 0.044510 -1.568287
    50 -0.102916 -0.186983 -0.272246 -1.833683 -0.232962 -1.472375
    51 -1.034178 -3.582044 -0.343160 -0.995317 0.000019 -0.000003
    52 0.001133 -1.610108 0.002370 -0.623727 0.000003 -0.000002
    53 0.005787 -0.946060 0.004418 -0.527461 0.000001 0.000001
    54 -0.004241 0.043707 -0.080203 -2.014997 -0.186996 -1.460723
    55 0.015383 -0.089136 -0.030010 -2.006083 0.036346 -1.568629
    56 -0.022610 -0.212357 -0.177905 -1.933161 -0.118801 -1.518895
    57 1.309013 -3.227548 -0.342207 -1.033402 -0.066932 -0.041063
    58 0.000595 -1.242324 0.002179 -0.315442 0.000004 0.000009
    59 0.003175 -0.774607 -0.004222 -0.677312 -0.000006 -0.000004
    60 -0.067138 0.063251 -0.010961 -0.899214 -0.014515 -1.600326
    61 -0.151180 -0.007395 -0.070065 -0.913061 -0.118819 -1.408558
    62 -0.178164 -0.244680 -0.357067 -1.159916 -0.384260 -1.556110
    63 -0.387544 -0.463665 0.383766 -0.509888 -0.601717 -2.462554
    64 2.472082 0.027425 0.001225 -0.003700 -0.000271 0.595295
    65 1.227325 0.009356 -0.005766 -0.000003 -0.000006 0.650387
    66 -0.263409 -0.117640 -0.015659 0.000036 -0.082210 -0.026800
    67 0.007707 -0.334360 -0.191575 0.070788 -0.181563 0.282364
    68 0.225562 -0.567923 -0.420715 0.119895 -0.183798 0.223460
    69 -0.203683 -0.095654 -0.328305 -1.745077 0.075142 -1.515382
    70 -1.393460 8.839182 -0.239439 1.580804 -0.005024 -1.566848
    71 0.036020 0.082815 -0.692656 -1.570769 0.065989 0.001276
    72 -0.088586 0.054020 -0.088594 0.010231 0.033800 -1.560851
    73 0.120153 -0.050270 -0.054489 -2.854024 0.030688 -1.580508
    74 -0.139399 -0.111694 0.014400 0.285395 -0.031353 1.580313
    75 -0.003479 -0.404833 0.000000 0.000000 0.000000 0.000000
    76 -0.313965 -4.589844 0.951660 -1.186316 1.434478 -1.173672
    77 0.000000 3.367188 0.862793 0.000000 0.000000 0.000000
    78 0.001152 -1.103516 1.960938 0.000000 0.000000 0.000000
    79 0.001152 -2.781250 2.525391 0.000000 0.000000 0.000000
    80 -10.838252 9.055556 -14.657911 0.002487 0.076311 -0.012943
    81 -0.003574 -2.246094 1.304688 0.000000 0.000000 0.000000
    82 0.001150 -4.261719 1.683594 0.000000 0.000000 0.000000
  time 7
    0 1.629157 0.000000 0.541027 0.000000 0.000000 -1.570796
    1 0.739529 6.707422 -8.974367 5.364918 -1.438733 -4.199704
    2 -0.001605 -10.701926 -0.002571 0.533748 -0.451608 -0.140885
    3 -0.653320 -3.628906 -0.348633 -1.003534 -0.000001 -0.122159
    4 -0.013245 -1.509766 -0.000001 -1.090796 0.000000 0.000000
    5 0.000000 -0.953125 -0.000002 -1.223438 0.000000 0.000000
    6 0.007988 0.172184 -0.118553 -1.598091 -0.216549 -1.570593
    7 0.080660 0.135929 -0.203919 -1.506824 -0.066185 -1.662786
    8 0.117288 -0.155554 -0.604544 -1.412988 -0.374558 -1.569222
    9 0.128052 -3.763672 -0.348633 -0.890091 0.000000 -0.148347
    10 -0.006790 -1.563353 0.006726 -1.212969 0.000000 0.000009
    11 0.000000 -1.164063 0.000001 -1.279286 0.000000 0.000000
    12 -0.018589 0.129953 -0.123721 -1.294580 0.001302 -1.635383
    13 -0.006160 0.170065 -0.110169 -1.280084 -0.068681 -1.597215
    14 0.047100 -0.104074 -0.352264 -1.243368 -0.257298 -1.694346
    15 0.953860 -3.617903 -0.344216 -0.260459 -0.003014 0.133108
    16 -0.017794 -1.596358 -0.003443 -0.340715 0.018013 0.045194
    17 -0.002829 -0.937906 0.007065 -1.017722 0.101905 0.221414
    18 -0.022325 0.045424 -0.038284 -1.125544 -0.129230 -1.681412
    19 -0.042900 -0.061274 -0.071212 -1.124462 -0.060454 -1.586099
    20 0.063741 -0.109104 -0.248158 -1.142813 -0.125805 -1.693583
    21 -1.408203 -3.246094 -0.348633 -0.788776 0.052706 -0.017693
    22 0.013458 -1.204102 0.000000 -0.931992 0.000000 0.000000
    23 -0.013008 -0.789551 0.000000 -1.061140 0.000000 0.000000
    24 -0.011721 0.093267 0.017949 -1.687855 -0.079155 -1.575164
    25 0.048863 -0.085541 0.028626 -1.715605 -0.034569 -1.653190
    26 0.173918 -0.198416 -0.336163 -1.668104 -0.422317 -1.710956
    27 0.442881 -0.490226 0.396323 0.637762 -0.500608 -1.286419
    28 2.352359 0.010252 0.005009 -0.302723 -0.041084 -0.532192
    29 1.245306 0.004522 -0.002867 -0.000016 0.000022 -0.109631
    30 -0.267709 0.037512 -0.093907 2.913812 -0.143386 0.078467
    31 -0.029266 0.205408 -0.329287 2.788574 -0.255486 -0.188917
    32 0.204373 0.521055 -0.268577 2.886669 0.042206 -0.230367
    33 0.195697 -0.010059 -0.293538 -1.333586 0.150863 -1.672749
    34 1.257181 8.762590 -0.153713 -1.570562 0.002683 -1.566808
    35 -0.093500 -0.114213 -0.738866 -1.570842 0.061811 0.002096
    36 0.010843 0.093624 -0.081439 -3.141462 0.041719 -1.568236
    37 -1.364552 -4.840622 -15.611135 -6.095547 -0.006708 2.177675
    38 0.108654 -10.673144 -0.005453 0.197727 0.109342 0.358067
    39 0.553428 -3.650577 -0.344972 -1.136574 -0.046218 -0.024582
    40 0.021778 -1.507546 0.001039 -0.457943 0.000001 -0.000004
    41 0.012045 -0.932386 -0.004583 -0.858903 -0.000002 -0.000001
    42 0.006928 0.005329 -0.181358 -1.528500 -0.248579 -1.611362
    43 -0.052313 0.038589 -0.230757 -1.592493 -0.043415 -1.528515
    44 -0.232600 -0.209656 -0.420669 -1.713790 -0.167173 -1.438930
    45 -0.214374 -3.737618 -0.346082 -0.921991 -0.000005 -0.000020
    46 0.019801 -1.582373 0.006170 -0.926143 0.000020 -0.000009
    47 0.000478 -1.172547 0.000249 -0.557447 0.000021 0.000018
    48 -0.038065 0.069166 -0.159883 -1.816986 0.066178 -1.575392
    49 -0.025151 0.088762 -0.068837 -1.817843 0.044510 -1.568287
    50 -0.102916 -0.186983 -0.272246 -1.833683 -0.232962 -1.472375
    51 -1.030272 -3.582044 -0.347066 -1.004692 0.000019 -0.000003
    52 0.001133 -1.610108 0.002370 -0.683215 0.000003 -0.000002
    53 0.005787 -0.946060 0.004418 -0.541687 0.000001 0.000001
    54 -0.004241 0.043707 -0.080203 -2.014997 -0.186996 -1.460723
    55 0.015383 -0.089136 -0.030010 -2.006083 0.036346 -1.568629
    56 -0.022610 -0.212357 -0.177905 -1.933161 -0.118801 -1.518895
    57 1.309013 -3.227548 -0.342207 -1.035523 -0.066932 -0.041063
    58 0.000595 -1.242324 0.006085 -0.267532 0.000004 0.000009
    59 0.003175 -0.774607 -0.004222 -0.704653 -0.000006 -0.000004
    60 -0.067138 0.063251 -0.010961 -0.899214 -0.014515 -1.600326
    61 -0.151180 -0.007395 -0.070065 -0.913061 -0.118819 -1.408558
    62 -0.178164 -0.244680 -0.357067 -1.159916 -0.384260 -1.556110
    63 -0.387544 -0.463665 0.379860 -0.544187 -0.613396 -2.468104
    64 2.472082 0.027425 0.001225 -0.003425 -0.000235 0.603564
    65 1.223419 0.009356 -0.005766 -0.000003 -0.000006 0.660395
    66 -0.263409 -0.117640 -0.015659 0.000036 -0.082210 -0.026800
    67 0.007707 -0.334360 -0.191575 0.070788 -0.181563 0.282364
    68 0.225562 -0.567923 -0.420715 0.119895 -0.183798 0.223460
    69 -0.203683 -0.095654 -0.328305 -1.745077 0.075142 -1.515382
    70 -1.393460 8.839182 -0.239439 1.580804 -0.005024 -1.566848
    71 0.036020 0.082815 -0.692656 -1.570769 0.065989 0.001276
    72 -0.088586 0.054020 -0.088594 0.010231 0.033800 -1.560851
    73 0.120153 -0.050270 -0.054489 -2.854024 0.030688 -1.580508
    74 -0.139399 -0.111694 0.014400 0.285395 -0.031353 1.580313
    75 -0.003479 -0.404833 0.000000 0.000000 0.000000 0.000000
    76 -0.313965 -4.589844 0.951660 -1.186316 1.434478 -1.173672
    77 0.000000 3.367188 0.862793 0.000000 0.000000 0.000000
    78 0.001152 -1.103516 1.960938 0.000000 0.000000 0.000000
    79 0.001152 -2.781250 2.525391 0.000000 0.000000 0.000000
    80 -10.834346 9.055556 -14.654004 0.002966 0.092394 -0.015723
    81 -0.003574 -2.246094 1.304688 0.000000 0.000000 0.000000
    82 0.001150 -4.261719 1.683594 0.000000 0.000000 0.000000
  time 8
    0 1.629157 0.000000 0.541027 0.000000 0.000000 -1.570796
    1 0.833282 6.918366 -8.767329 5.262376 -1.485378 -4.128895
    2 -0.001605 -10.701926 -0.002571 0.497802 -0.422112 -0.111579
    3 -0.653320 -3.628906 -0.348633 -1.003534 -0.000001 -0.122159
    4 -0.013245 -1.509766 -0.000001 -1.090796 0.000000 0.000000
    5 0.000000 -0.953125 -0.000002 -1.223438 0.000000 0.000000
    6 0.007988 0.172184 -0.118553 -1.598091 -0.216549 -1.570593
    7 0.080660 0.135929 -0.203919 -1.506824 -0.066185 -1.662786
    8 0.117288 -0.155554 -0.604544 -1.412988 -0.374558 -1.569222
    9 0.128052 -3.763672 -0.348633 -0.890091 0.000000 -0.148347
    10 -0.002884 -1.567259 0.006726 -1.212969 0.000000 -0.000003
    11 0.000000 -1.164063 0.000001 -1.279286 0.000000 0.000000
    12 -0.018589 0.129953 -0.123721 -1.294580 0.001302 -1.635383
    13 -0.006160 0.170065 -0.110169 -1.280084 -0.068681 -1.597215
    14 0.047100 -0.104074 -0.352264 -1.243368 -0.257298 -1.694346
    15 0.949953 -3.617903 -0.344216 -0.246569 -0.003505 0.133444
    16 -0.017794 -1.596358 -0.003443 -0.332537 0.018049 0.046836
    17 -0.002829 -0.941812 0.007065 -1.041115 0.111960 0.236587
    18 -0.022325 0.045424 -0.038284 -1.125544 -0.129230 -1.681412
    19 -0.042900 -0.061274 -0.071212 -1.124462 -0.060454 -1.586099
    20 0.063741 -0.109104 -0.248158 -1.142813 -0.125805 -1.693583
    21 -1.408203 -3.246094 -0.348633 -0.788776 0.052706 -0.017693
    22 0.013458 -1.204102 0.000000 -0.931992 0.000000 0.000000
    23 -0.013008 -0.789551 0.000000 -1.061140 0.000000 0.000000
    24 -0.011721 0.093267 0.017949 -1.687855 -0.079155 -1.575164
    25 0.048863 -0.085541 0.028626 -1.715605 -0.034569 -1.653190
    26 0.173918 -0.198416 -0.336163 -1.668104 -0.422317 -1.710956
    27 0.442881 -0.490226 0.396323 0.649860 -0.503535 -1.280678
    28 2.352359 0.010252 0.001103 -0.302159 -0.045087 -0.545053
    29 1.249212 0.004522 -0.002867 -0.000016 0.000022 -0.057756
    30 -0.267709 0.037512 -0.093907 2.913812 -0.143386 0.078467
    31 -0.029266 0.205408 -0.329287 2.788574 -0.255486 -0.188917
    32 0.204373 0.521055 -0.268577 2.886669 0.042206 -0.230367
    33 0.195697 -0.010059 -0.293538 -1.333586 0.150863 -1.672749
    34 1.257181 8.762590 -0.153713 -1.570562 0.002683 -1.566808
    35 -0.093500 -0.114213 -0.738866 -1.570842 0.061811 0.002096
    36 0.010843 0.093624 -0.081439 -3.141462 0.041719 -1.568236
    37 -2.399740 -5.211727 -15.837704 -6.012474 -0.007830 2.177962
    38 0.104748 -10.673144 -0.005453 0.212119 0.167908 0.347650
    39 0.549521 -3.650577 -0.344972 -1.144860 -0.046218 -0.024582
    40 0.025684 -1.503640 0.004946 -0.462370 0.000001 -0.000004
    41 0.008139 -0.928479 -0.004583 -0.918479 -0.000002 -0.000001
    42 0.006928 0.005329 -0.181358 -1.528500 -0.248579 -1.611362
    43 -0.052313 0.038589 -0.230757 -1.592493 -0.043415 -1.528515
    44 -0.232600 -0.209656 -0.420669 -1.713790 -0.167173 -1.438930
    45 -0.218280 -3.741524 -0.346082 -0.937352 -0.000005 -0.000020
    46 0.019801 -1.578467 0.002264 -0.976367 0.000020 -0.000009
    47 0.004384 -1.172547 0.000249 -0.561221 0.000021 0.000018
    48 -0.038065 0.069166 -0.159883 -1.816986 0.066178 -1.575392
    49 -0.025151 0.088762 -0.068837 -1.817843 0.044510 -1.568287
    50 -0.102916 -0.186983 -0.272246 -1.833683 -0.232962 -1.472375
    51 -1.034178 -3.582044 -0.343160 -1.014066 0.000019 -0.000003
    52 0.001133 -1.610108 0.002370 -0.741337 0.000003 -0.000002
    53 0.005787 -0.946060 0.000512 -0.555942 0.000001 0.000001
    54 -0.004241 0.043707 -0.080203 -2.014997 -0.186996 -1.460723
    55 0.015383 -0.089136 -0.030010 -2.006083 0.036346 -1.568629
    56 -0.022610 -0.212357 -0.177905 -1.933161 -0.118801 -1.518895
    57 1.305107 -3.227548 -0.346114 -1.037557 -0.066932 -0.041063
    58 0.000595 -1.242324 0.002179 -0.220917 0.000004 0.000009
    59 0.003175 -0.774607 -0.004222 -0.731335 -0.000006 -0.000004
    60 -0.067138 0.063251 -0.010961 -0.899214 -0.014515 -1.600326
    61 -0.151180 -0.007395 -0.070065 -0.913061 -0.118819 -1.408558
    62 -0.178164 -0.244680 -0.357067 -1.159916 -0.384260 -1.556110
    63 -0.387544 -0.463665 0.383766 -0.578153 -0.624835 -2.472932
    64 2.472082 0.027425 0.001225 -0.002993 -0.000187 0.611499
    65 1.227325 0.009356 -0.005766 -0.000003 -0.000006 0.670571
    66 -0.263409 -0.117640 -0.015659 0.000036 -0.082210 -0.026800
    67 0.007707 -0.334360 -0.191575 0.070788 -0.181563 0.282364
    68 0.225562 -0.567923 -0.420715 0.119895 -0.183798 0.223460
    69 -0.203683 -0.095654 -0.328305 -1.745077 0.075142 -1.515382
    70 -1.393460 8.839182 -0.239439 1.580804 -0.005024 -1.566848
    71 0.036020 0.082815 -0.692656 -1.570769 0.065989 0.001276
    72 -0.088586 0.054020 -0.088594 0.010231 0.033800 -1.560851
    73 0.120153 -0.050270 -0.054489 -2.854024 0.030688 -1.580508
    74 -0.139399 -0.111694 0.014400 0.285395 -0.031353 1.580313
    75 -0.003479 -0.404833 0.000000 0.000000 0.000000 0.000000
    76 -0.313965 -4.589844 0.951660 -1.186316 1.434478 -1.173672
    77 0.000000 3.367188 0.862793 0.000000 0.000000 0.000000
    78 0.001152 -1.103516 1.960938 0.000000 0.000000 0.000000
    79 0.001152 -2.781250 2.525391 0.000000 0.000000 0.000000
    80 -10.838252 9.055556 -14.657911 0.003349 0.105565 -0.017928
    81 -0.003574 -2.246094 1.304688 0.000000 0.000000 0.000000
    82 0.001150 -4.261719 1.683594 0.000000 0.000000 0.000000
  time 9
    0 1.629157 0.000000 0.541027 0.000000 0.000000 -1.570796
    1 0.919222 7.172280 -8.521228 4.946977 -1.530891 -3.846108
    2 -0.001605 -10.701926 -0.002571 0.455552 -0.381674 -0.080225
    3 -0.653320 -3.628906 -0.348633 -1.003534 -0.000001 -0.122159
    4 -0.013245 -1.509766 -0.000001 -1.090796 0.000000 0.000000
    5 0.000000 -0.953125 -0.000002 -1.223438 0.000000 0.000000
    6 0.007988 0.172184 -0.118553 -1.598091 -0.216549 -1.570593
    7 0.080660 0.135929 -0.203919 -1.506824 -0.066185 -1.662786
    8 0.117288 -0.155554 -0.604544 -1.412988 -0.374558 -1.569222
    9 0.128052 -3.763672 -0.348633 -0.890091 0.000000 -0.148347
    10 -0.002884 -1.563353 0.006726 -1.212969 0.000000 -0.000003
    11 0.000000 -1.164063 0.000001 -1.279286 0.000000 0.000000
    12 -0.018589 0.129953 -0.123721 -1.294580 0.001302 -1.635383
    13 -0.006160 0.170065 -0.110169 -1.280084 -0.068681 -1.597215
    14 0.047100 -0.104074 -0.352264 -1.243368 -0.257298 -1.694346
    15 0.949953 -3.617903 -0.344216 -0.232583 -0.003984 0.133743
    16 -0.017794 -1.596358 -0.003443 -0.320487 0.017162 0.046800
    17 -0.002829 -0.937906 0.007065 -1.040703 0.114369 0.242891
    18 -0.022325 0.045424 -0.038284 -1.125544 -0.129230 -1.681412
    19 -0.042900 -0.061274 -0.071212 -1.124462 -0.060454 -1.586099
    20 0.063741 -0.109104 -0.248158 -1.142813 -0.125805 -1.693583
    21 -1.408203 -3.246094 -0.348633 -0.788776 0.052706 -0.017693
    22 0.013458 -1.204102 0.000000 -0.931992 0.000000 0.000000
    23 -0.013008 -0.789551 0.000000 -1.061140 0.000000 0.000000
    24 -0.011721 0.093267 0.017949 -1.687855 -0.079155 -1.575164
    25 0.048863 -0.085541 0.028626 -1.715605 -0.034569 -1.653190
    26 0.173918 -0.198416 -0.336163 -1.668104 -0.422317 -1.710956
    27 0.442881 -0.486320 0.396323 0.661433 -0.506647 -1.271898
    28 2.352359 0.010252 0.005009 -0.301512 -0.049377 -0.558874
    29 1.249212 0.004522 -0.002867 -0.000016 0.000022 -0.017738
    30 -0.267709 0.037512 -0.093907 2.913812 -0.143386 0.078467
    31 -0.029266 0.205408 -0.329287 2.788574 -0.255486 -0.188917
    32 0.204373 0.521055 -0.268577 2.886669 0.042206 -0.230367
    33 0.195697 -0.010059 -0.293538 -1.333586 0.150863 -1.672749
    34 1.257181 8.762590 -0.153713 -1.570562 0.002683 -1.566808
    35 -0.093500 -0.114213 -0.738866 -1.570842 0.061811 0.002096
    36 0.010843 0.093624 -0.081439 -3.141462 0.041719 -1.568236
    37 -3.419302 -5.571113 -16.017397 -5.930070 -0.008671 2.177962
    38 0.104748 -10.673144 -0.005453 0.225246 0.222473 0.339310
    39 0.553428 -3.650577 -0.341066 -1.153297 -0.046218 -0.024582
    40 0.025684 -1.503640 0.001039 -0.466796 0.000001 -0.000004
    41 0.012045 -0.928479 -0.004583 -0.975251 -0.000002 -0.000001
    42 0.006928 0.005329 -0.181358 -1.528500 -0.248579 -1.611362
    43 -0.052313 0.038589 -0.230757 -1.592493 -0.043415 -1.528515
    44 -0.232600 -0.209656 -0.420669 -1.713790 -0.167173 -1.438930
    45 -0.218280 -3.737618 -0.346082 -0.952925 -0.000005 -0.000020
    46 0.019801 -1.582373 0.002264 -1.024299 0.000020 -0.000009
    47 0.004384 -1.172547 0.000249 -0.565510 0.000021 0.000018
    48 -0.038065 0.069166 -0.159883 -1.816986 0.066178 -1.575392
    49 -0.025151 0.088762 -0.068837 -1.817843 0.044510 -1.568287
    50 -0.102916 -0.186983 -0.272246 -1.833683 -0.232962 -1.472375
    51 -1.030272 -3.582044 -0.347066 -1.023520 0.000019 -0.000003
    52 0.001133 -1.610108 0.006276 -0.797359 0.000003 -0.000002
    53 0.005787 -0.946060 0.004418 -0.570226 0.000001 0.000001
    54 -0.004241 0.043707 -0.080203 -2.014997 -0.186996 -1.460723
    55 0.015383 -0.089136 -0.030010 -2.006083 0.036346 -1.568629
    56 -0.022610 -0.212357 -0.177905 -1.933161 -0.118801 -1.518895
    57 1.309013 -3.227548 -0.342207 -1.039635 -0.066932 -0.041063
    58 0.000595 -1.242324 0.002179 -0.176554 0.000004 0.000009
    59 0.003175 -0.774607 -0.004222 -0.756697 -0.000006 -0.000004
    60 -0.067138 0.063251 -0.010961 -0.899214 -0.014515 -1.600326
    61 -0.151180 -0.007395 -0.070065 -0.913061 -0.118819 -1.408558
    62 -0.178164 -0.244680 -0.357067 -1.159916 -0.384260 -1.556110
    63 -0.391451 -0.463665 0.383766 -0.611430 -0.635731 -2.476700
    64 2.472082 0.027425 0.001225 -0.002478 -0.000139 0.618898
    65 1.223419 0.009356 -0.005766 -0.000003 -0.000006 0.680802
    66 -0.263409 -0.117640 -0.015659 0.000036 -0.082210 -0.026800
    67 0.007707 -0.334360 -0.191575 0.070788 -0.181563 0.282364
    68 0.225562 -0.567923 -0.420715 0.119895 -0.183798 0.223460
    69 -0.203683 -0.095654 -0.328305 -1.745077 0.075142 -1.515382
    70 -1.393460 8.839182 -0.239439 1.580804 -0.005024 -1.566848
    71 0.036020 0.082815 -0.692656 -1.570769 0.065989 0.001276
    72 -0.088586 0.054020 -0.088594 0.010231 0.033800 -1.560851
    73 0.120153 -0.050270 -0.054489 -2.854024 0.030688 -1.580508
    74 -0.139399 -0.111694 0.014400 0.285395 -0.031353 1.580313
    75 -0.003479 -0.404833 0.000000 0.000000 0.000000 0.000000
    76 -0.313965 -4.589844 0.951660 -1.186316 1.434478 -1.173672
    77 0.000000 3.367188 0.862793 0.000000 0.000000 0.000000
    78 0.001152 -1.103516 1.960938 0.000000 0.000000 0.000000
    79 0.001152 -2.781250 2.525391 0.000000 0.000000 0.000000
    80 -10.834346 9.055556 -14.654004 0.003540 0.114537 -0.019462
    81 -0.003574 -2.246094 1.304688 0.000000 0.000000 0.000000
    82 0.001150 -4.261719 1.683594 0.000000 0.000000 0.000000
  time 10
    0 1.629157 0.000000 0.541027 0.000000 0.000000 -1.570796
    1 0.993443 7.445726 -8.239970 3.287542 -1.545701 -2.218936
    2 -0.001605 -10.698019 -0.002571 0.409505 -0.331982 -0.048916
    3 -0.653320 -3.628906 -0.348633 -1.003534 -0.000001 -0.122159
    4 -0.013245 -1.509766 -0.000001 -1.090796 0.000000 0.000000
    5 0.000000 -0.953125 -0.000002 -1.223438 0.000000 0.000000
    6 0.007988 0.172184 -0.118553 -1.598091 -0.216549 -1.570593
    7 0.080660 0.135929 -0.203919 -1.506824 -0.066185 -1.662786
    8 0.117288 -0.155554 -0.604544 -1.412988 -0.374558 -1.569222
    9 0.128052 -3.763672 -0.348633 -0.890091 0.000000 -0.148347
    10 -0.006790 -1.567259 0.006726 -1.212969 0.000000 0.000009
    11 0.000000 -1.164063 0.000001 -1.279286 0.000000 0.000000
    12 -0.018589 0.129953 -0.123721 -1.294580 0.001302 -1.635383
    13 -0.006160 0.170065 -0.110169 -1.280084 -0.068681 -1.597215
    14 0.047100 -0.104074 -0.352264 -1.243368 -0.257298 -1.694346
    15 0.949953 -3.617903 -0.344216 -0.218585 -0.004500 0.134067
    16 -0.017794 -1.596358 -0.003443 -0.306438 0.015952 0.046225
    17 -0.006735 -0.941812 0.003159 -1.022840 0.111085 0.243011
    18 -0.022325 0.045424 -0.038284 -1.125544 -0.129230 -1.681412
    19 -0.042900 -0.061274 -0.071212 -1.124462 -0.060454 -1.586099
    20 0.063741 -0.109104 -0.248158 -1.142813 -0.125805 -1.693583
    21 -1.408203 -3.246094 -0.348633 -0.788776 0.052706 -0.017693
    22 0.013458 -1.204102 0.000000 -0.931992 0.000000 0.000000
    23 -0.013008 -0.789551 0.000000 -1.061140 0.000000 0.000000
    24 -0.011721 0.093267 0.017949 -1.687855 -0.079155 -1.575164
    25 0.048863 -0.085541 0.028626 -1.715605 -0.034569 -1.653190
    26 0.173918 -0.198416 -0.336163 -1.668104 -0.422317 -1.710956
    27 0.442881 -0.490226 0.396323 0.672392 -0.509907 -1.260614
    28 2.352359 0.010252 0.005009 -0.300757 -0.053895 -0.573453
    29 1.245306 0.004522 -0.002867 -0.000016 0.000022 0.007662
    30 -0.267709 0.037512 -0.093907 2.913812 -0.143386 0.078467
    31 -0.029266 0.205408 -0.329287 2.788574 -0.255486 -0.188917
    32 0.204373 0.521055 -0.268577 2.886669 0.042206 -0.230367
    33 0.195697 -0.010059 -0.293538 -1.333586 0.150863 -1.672749
    34 1.257181 8.762590 -0.153713 -1.570562 0.002683 -1.566808
    35 -0.093500 -0.114213 -0.738866 -1.570842 0.061811 0.002096
    36 0.010843 0.093624 -0.081439 -3.141462 0.041719 -1.568236
    37 -4.391988 -5.926593 -16.118963 -5.848810 -0.009139 2.177675
    38 0.104748 -10.673144 -0.005453 0.237055 0.271562 0.333329
    39 0.553428 -3.650577 -0.341066 -1.161733 -0.046218 -0.024582
    40 0.021778 -1.503640 0.001039 -0.471129 0.000001 -0.000004
    41 0.008139 -0.928479 -0.004583 -1.028107 -0.000002 -0.000001
    42 0.006928 0.005329 -0.181358 -1.528500 -0.248579 -1.611362
    43 -0.052313 0.038589 -0.230757 -1.592493 -0.043415 -1.528515
    44 -0.232600 -0.209656 -0.420669 -1.713790 -0.167173 -1.438930
    45 -0.218280 -3.737618 -0.342176 -0.968497 -0.000005 -0.000020
    46 0.019801 -1.582373 0.002264 -1.068942 0.000020 -0.000009
    47 0.004384 -1.172547 0.000249 -0.570485 0.000021 0.000018
    48 -0.038065 0.069166 -0.159883 -1.816986 0.066178 -1.575392
    49 -0.025151 0.088762 -0.068837 -1.817843 0.044510 -1.568287
    50 -0.102916 -0.186983 -0.272246 -1.833683 -0.232962 -1.472375
    51 -1.034178 -3.578138 -0.347066 -1.033095 0.000019 -0.000003
    52 0.001133 -1.610108 0.002370 -0.850441 0.000003 -0.000002
    53 0.005787 -0.946060 0.004418 -0.584481 0.000001 0.000001
    54 -0.004241 0.043707 -0.080203 -2.014997 -0.186996 -1.460723
    55 0.015383 -0.089136 -0.030010 -2.006083 0.036346 -1.568629
    56 -0.022610 -0.212357 -0.177905 -1.933161 -0.118801 -1.518895
    57 1.309013 -3.227548 -0.342207 -1.041669 -0.066932 -0.041063
    58 0.000595 -1.242324 0.002179 -0.135231 0.000004 0.000009
    59 0.003175 -0.774607 -0.004222 -0.780488 -0.000006 -0.000004
    60 -0.067138 0.063251 -0.010961 -0.899214 -0.014515 -1.600326
    61 -0.151180 -0.007395 -0.070065 -0.913061 -0.118819 -1.408558
    62 -0.178164 -0.244680 -0.357067 -1.159916 -0.384260 -1.556110
    63 -0.391451 -0.463665 0.383766 -0.643573 -0.645825 -2.479437
    64 2.472082 0.027425 0.001225 -0.001915 -0.000103 0.625393
    65 1.227325 0.009356 -0.005766 -0.000003 -0.000006 0.691033
    66 -0.263409 -0.117640 -0.015659 0.000036 -0.082210 -0.026800
    67 0.007707 -0.334360 -0.191575 0.070788 -0.181563 0.282364
    68 0.225562 -0.567923 -0.420715 0.119895 -0.183798 0.223460
    69 -0.203683 -0.095654 -0.328305 -1.745077 0.075142 -1.515382
    70 -1.393460 8.839182 -0.239439 1.580804 -0.005024 -1.566848
    71 0.036020 0.082815 -0.692656 -1.570769 0.065989 0.001276
    72 -0.088586 0.054020 -0.088594 0.010231 0.033800 -1.560851
    73 0.120153 -0.050270 -0.054489 -2.854024 0.030688 -1.580508
    74 -0.139399 -0.111694 0.014400 0.285395 -0.031353 1.580313
    75 -0.003479 -0.404833 0.000000 0.000000 0.000000 0.000000
    76 -0.313965 -4.589844 0.951660 -1.186316 1.434478 -1.173672
    77 0.000000 3.367188 0.862793 0.000000 0.000000 0.000000
    78 0.001152 -1.103516 1.960938 0.000000 0.000000 0.000000
    79 0.001152 -2.781250 2.525391 0.000000 0.000000 0.000000
    80 -10.838252 9.055556 -14.654004 0.003540 0.117783 -0.019941
    81 -0.003574 -2.246094 1.304688 0.000000 0.000000 0.000000
    82 0.001150 -4.261719 1.683594 0.000000 0.000000 0.000000
  time 11
    0 1.629157 0.000000 0.541027 0.000000 0.000000 -1.570796
    1 1.067664 7.730891 -7.943086 2.637988 -1.505894 -1.600007
    2 -0.001605 -10.701926 -0.006478 0.362100 -0.275043 -0.019403
    3 -0.653320 -3.628906 -0.348633 -1.003534 -0.000001 -0.122159
    4 -0.013245 -1.509766 -0.000001 -1.090796 0.000000 0.000000
    5 0.000000 -0.953125 -0.000002 -1.223438 0.000000 0.000000
    6 0.007988 0.172184 -0.118553 -1.598091 -0.216549 -1.570593
    7 0.080660 0.135929 -0.203919 -1.506824 -0.066185 -1.662786
    8 0.117288 -0.155554 -0.604544 -1.412988 -0.374558 -1.569222
    9 0.128052 -3.763672 -0.348633 -0.890091 0.000000 -0.148347
    10 -0.002884 -1.567259 0.002820 -1.212969 0.000000 0.000009
    11 0.000000 -1.164063 0.000001 -1.279286 0.000000 0.000000
    12 -0.018589 0.129953 -0.123721 -1.294580 0.001302 -1.635383
    13 -0.006160 0.170065 -0.110169 -1.280084 -0.068681 -1.597215
    14 0.047100 -0.104074 -0.352264 -1.243368 -0.257298 -1.694346
    15 0.949953 -3.617903 -0.348122 -0.204683 -0.004991 0.134355
    16 -0.021700 -1.596358 -0.007350 -0.290799 0.014466 0.045122
    17 -0.002829 -0.937906 0.007065 -0.997798 0.105620 0.240829
    18 -0.022325 0.045424 -0.038284 -1.125544 -0.129230 -1.681412
    19 -0.042900 -0.061274 -0.071212 -1.124462 -0.060454 -1.586099
    20 0.063741 -0.109104 -0.248158 -1.142813 -0.125805 -1.693583
    21 -1.408203 -3.246094 -0.348633 -0.788776 0.052706 -0.017693
    22 0.013458 -1.204102 0.000000 -0.931992 0.000000 0.000000
    23 -0.013008 -0.789551 0.000000 -1.061140 0.000000 0.000000
    24 -0.011721 0.093267 0.017949 -1.687855 -0.079155 -1.575164
    25 0.048863 -0.085541 0.028626 -1.715605 -0.034569 -1.653190
    26 0.173918 -0.198416 -0.336163 -1.668104 -0.422317 -1.710956
    27 0.438974 -0.490226 0.396323 0.682759 -0.513254 -1.247303
    28 2.352359 0.010252 0.005009 -0.299906 -0.058569 -0.588512
    29 1.249212 0.004522 -0.002867 -0.000016 0.000022 0.022057
    30 -0.267709 0.037512 -0.093907 2.913812 -0.143386 0.078467
    31 -0.029266 0.205408 -0.329287 2.788574 -0.255486 -0.188917
    32 0.204373 0.521055 -0.268577 2.886669 0.042206 -0.230367
    33 0.195697 -0.010059 -0.293538 -1.333586 0.150863 -1.672749
    34 1.257181 8.762590 -0.153713 -1.570562 0.002683 -1.566808
    35 -0.093500 -0.114213 -0.738866 -1.570842 0.061811 0.002096
    36 0.010843 0.093624 -0.081439 -3.141462 0.041719 -1.568236
    37 -5.282641 -6.235196 -16.118963 -5.769171 -0.008858 2.177293
    38 0.104748 -10.673144 -0.005453 0.247438 0.313537 0.330072
    39 0.553428 -3.650577 -0.344972 -1.170119 -0.046218 -0.024582
    40 0.021778 -1.503640 0.004946 -0.475367 0.000001 -0.000004
    41 0.012045 -0.928479 -0.004583 -1.075991 -0.000002 -0.000001
    42 0.006928 0.005329 -0.181358 -1.528500 -0.248579 -1.611362
    43 -0.052313 0.038589 -0.230757 -1.592493 -0.043415 -1.528515
    44 -0.232600 -0.209656 -0.420669 -1.713790 -0.167173 -1.438930
    45 -0.218280 -3.741524 -0.346082 -0.984112 -0.000005 -0.000020
    46 0.019801 -1.582373 0.006170 -1.109532 0.000020 -0.000009
    47 0.000478 -1.176453 0.000249 -0.576232 0.000021 0.000018
    48 -0.038065 0.069166 -0.159883 -1.816986 0.066178 -1.575392
    49 -0.025151 0.088762 -0.068837 -1.817843 0.044510 -1.568287
    50 -0.102916 -0.186983 -0.272246 -1.833683 -0.232962 -1.472375
    51 -1.034178 -3.582044 -0.343160 -1.042710 0.000019 -0.000003
    52 0.001133 -1.610108 0.006276 -0.899690 0.000003 -0.000002
    53 0.005787 -0.946060 0.000512 -0.598708 0.000001 0.000001
    54 -0.004241 0.043707 -0.080203 -2.014997 -0.186996 -1.460723
    55 0.015383 -0.089136 -0.030010 -2.006083 0.036346 -1.568629
    56 -0.022610 -0.212357 -0.177905 -1.933161 -0.118801 -1.518895
    57 1.309013 -3.227548 -0.346114 -1.043747 -0.066932 -0.041063
    58 0.000595 -1.242324 0.006085 -0.097680 0.000004 0.000009
    59 0.003175 -0.774607 -0.000316 -0.802147 -0.000006 -0.000004
    60 -0.067138 0.063251 -0.010961 -0.899214 -0.014515 -1.600326
    61 -0.151180 -0.007395 -0.070065 -0.913061 -0.118819 -1.408558
    62 -0.178164 -0.244680 -0.357067 -1.159916 -0.384260 -1.556110
    63 -0.387544 -0.463665 0.383766 -0.674160 -0.654815 -2.480882
    64 2.472082 0.027425 0.001225 -0.001327 -0.000055 0.630917
    65 1.223419 0.009356 -0.001860 -0.000003 -0.000006 0.701319
    66 -0.263409 -0.117640 -0.015659 0.000036 -0.082210 -0.026800
    67 0.007707 -0.334360 -0.191575 0.070788 -0.181563 0.282364
    68 0.225562 -0.567923 -0.420715 0.119895 -0.183798 0.223460
    69 -0.203683 -0.095654 -0.328305 -1.745077 0.075142 -1.515382
    70 -1.393460 8.839182 -0.239439 1.580804 -0.005024 -1.566848
    71 0.036020 0.082815 -0.692656 -1.570769 0.065989 0.001276
    72 -0.088586 0.054020 -0.088594 0.010231 0.033800 -1.560851
    73 0.120153 -0.050270 -0.054489 -2.854024 0.030688 -1.580508
    74 -0.139399 -0.111694 0.014400 0.285395 -0.031353 1.580313
    75 -0.003479 -0.404833 0.000000 0.000000 0.000000 0.000000
    76 -0.313965 -4.589844 0.951660 -1.186316 1.434478 -1.173672
    77 0.000000 3.367188 0.862793 0.000000 0.000000 0.000000
    78 0.001152 -1.103516 1.960938 0.000000 0.000000 0.000000
    79 0.001152 -2.781250 2.525391 0.000000 0.000000 0.000000
    80 -10.834346 9.055556 -14.657911 0.003540 0.114012 -0.019366
    81 -0.003574 -2.246094 1.304688 0.000000 0.000000 0.000000
    82 0.001150 -4.261719 1.683594 0.000000 0.000000 0.000000
  time 12
    0 1.629157 0.000000 0.541027 0.000000 0.000000 -1.570796
    1 1.130166 8.019962 -7.642295 2.493375 -1.463164 -1.484571
    2 -0.001605 -10.698019 -0.002571 0.314939 -0.212979 0.007048
    3 -0.653320 -3.628906 -0.348633 -1.003534 -0.000001 -0.122159
    4 -0.013245 -1.509766 -0.000001 -1.090796 0.000000 0.000000
    5 0.000000 -0.953125 -0.000002 -1.223438 0.000000 0.000000
    6 0.007988 0.172184 -0.118553 -1.598091 -0.216549 -1.570593
    7 0.080660 0.135929 -0.203919 -1.506824 -0.066185 -1.662786
    8 0.117288 -0.155554 -0.604544 -1.412988 -0.374558 -1.569222
    9 0.128052 -3.763672 -0.348633 -0.890091 0.000000 -0.148347
    10 -0.006790 -1.563353 0.006726 -1.212969 0.000000 0.000009
    11 0.000000 -1.164063 0.000001 -1.279286 0.000000 0.000000
    12 -0.018589 0.129953 -0.123721 -1.294580 0.001302 -1.635383
    13 -0.006160 0.170065 -0.110169 -1.280084 -0.068681 -1.597215
    14 0.047100 -0.104074 -0.352264 -1.243368 -0.257298 -1.694346
    15 0.949953 -3.613996 -0.344216 -0.190901 -0.005494 0.134642
    16 -0.017794 -1.596358 -0.003443 -0.273647 0.012752 0.043552
    17 -0.002829 -0.937906 0.007065 -0.966332 0.098334 0.236431
    18 -0.022325 0.045424 -0.038284 -1.125544 -0.129230 -1.681412
    19 -0.042900 -0.061274 -0.071212 -1.124462 -0.060454 -1.586099
    20 0.063741 -0.109104 -0.248158 -1.142813 -0.125805 -1.693583
    21 -1.408203 -3.246094 -0.348633 -0.788776 0.052706 -0.017693
    22 0.013458 -1.204102 0.000000 -0.931992 0.000000 0.000000
    23 -0.013008 -0.789551 0.000000 -1.061140 0.000000 0.000000
    24 -0.011721 0.093267 0.017949 -1.687855 -0.079155 -1.575164
    25 0.048863 -0.085541 0.028626 -1.715605 -0.034569 -1.653190
    26 0.173918 -0.198416 -0.336163 -1.668104 -0.422317 -1.710956
    27 0.438974 -0.486320 0.392416 0.692468 -0.516650 -1.232529
    28 2.352359 0.010252 0.005009 -0.298971 -0.063315 -0.603950
    29 1.249212 0.004522 -0.006774 -0.000016 0.000022 0.031214
    30 -0.267709 0.037512 -0.093907 2.913812 -0.143386 0.078467
    31 -0.029266 0.205408 -0.329287 2.788574 -0.255486 -0.188917
    32 0.204373 0.521055 -0.268577 2.886669 0.042206 -0.230367
    33 0.195697 -0.010059 -0.293538 -1.333586 0.150863 -1.672749
    34 1.257181 8.762590 -0.153713 -1.570562 0.002683 -1.566808
    35 -0.093500 -0.114213 -0.738866 -1.570842 0.061811 0.002096
    36 0.010843 0.093624 -0.081439 -3.141462 0.041719 -1.568236
    37 -6.052195 -6.500829 -16.005678 -5.691535 -0.008064 2.176433
    38 0.104748 -10.673144 -0.005453 0.256234 0.346906 0.329707
    39 0.553428 -3.646670 -0.341066 -1.178606 -0.046218 -0.024582
    40 0.021778 -1.503640 0.001039 -0.479417 0.000001 -0.000004
    41 0.012045 -0.928479 -0.004583 -1.118054 -0.000002 -0.000001
    42 0.006928 0.005329 -0.181358 -1.528500 -0.248579 -1.611362
    43 -0.052313 0.038589 -0.230757 -1.592493 -0.043415 -1.528515
    44 -0.232600 -0.209656 -0.420669 -1.713790 -0.167173 -1.438930
    45 -0.214374 -3.737618 -0.346082 -0.999812 -0.000005 -0.000020
    46 0.019801 -1.578467 0.002264 -1.145070 0.000020 -0.000009
    47 0.000478 -1.172547 0.000249 -0.583037 0.000021 0.000018
    48 -0.038065 0.069166 -0.159883 -1.816986 0.066178 -1.575392
    49 -0.025151 0.088762 -0.068837 -1.817843 0.044510 -1.568287
    50 -0.102916 -0.186983 -0.272246 -1.833683 -0.232962 -1.472375
    51 -1.030272 -3.582044 -0.347066 -1.052244 0.000019 -0.000003
    52 0.001133 -1.610108 0.006276 -0.944266 0.000003 -0.000002
    53 0.005787 -0.946060 0.000512 -0.612846 0.000001 0.000001
    54 -0.004241 0.043707 -0.080203 -2.014997 -0.186996 -1.460723
    55 0.015383 -0.089136 -0.030010 -2.006083 0.036346 -1.568629
    56 -0.022610 -0.212357 -0.177905 -1.933161 -0.118801 -1.518895
    57 1.309013 -3.227548 -0.342207 -1.045781 -0.066932 -0.041063
    58 0.000595 -1.242324 0.006085 -0.065027 0.000004 0.000009
    59 0.003175 -0.774607 -0.004222 -0.821322 -0.000006 -0.000004
    60 -0.067138 0.063251 -0.010961 -0.899214 -0.014515 -1.600326
    61 -0.151180 -0.007395 -0.070065 -0.913061 -0.118819 -1.408558
    62 -0.178164 -0.244680 -0.357067 -1.159916 -0.384260 -1.556110
    63 -0.387544 -0.463665 0.383766 -0.702791 -0.662441 -2.481063
    64 2.472082 0.027425 0.001225 -0.000812 -0.000031 0.635236
    65 1.223419 0.009356 -0.005766 -0.000003 -0.000006 0.711606
    66 -0.263409 -0.117640 -0.015659 0.000036 -0.082210 -0.026800
    67 0.007707 -0.334360 -0.191575 0.070788 -0.181563 0.282364
    68 0.225562 -0.567923 -0.420715 0.119895 -0.183798 0.223460
    69 -0.203683 -0.095654 -0.328305 -1.745077 0.075142 -1.515382
    70 -1.393460 8.839182 -0.239439 1.580804 -0.005024 -1.566848
    71 0.036020 0.082815 -0.692656 -1.570769 0.065989 0.001276
    72 -0.088586 0.054020 -0.088594 0.010231 0.033800 -1.560851
    73 0.120153 -0.050270 -0.054489 -2.854024 0.030688 -1.580508
    74 -0.139399 -0.111694 0.014400 0.285395 -0.031353 1.580313
    75 -0.003479 -0.404833 0.000000 0.000000 0.000000 0.000000
    76 -0.313965 -4.589844 0.951660 -1.186316 1.434478 -1.173672
    77 0.000000 3.367188 0.862793 0.000000 0.000000 0.000000
    78 0.001152 -1.103516 1.960938 0.000000 0.000000 0.000000
    79 0.001152 -2.781250 2.525391 0.000000 0.000000 0.000000
    80 -10.834346 9.051649 -14.654004 0.003253 0.101843 -0.017353
    81 -0.003574 -2.246094 1.304688 0.000000 0.000000 0.000000
    82 0.001150 -4.261719 1.683594 0.000000 0.000000 0.000000
  time 13
    0 1.629157 0.000000 0.541027 0.000000 0.000000 -1.570796
    1 1.188762 8.309033 -7.353224 2.428437 -1.423923 -1.445883
    2 -0.001605 -10.701926 -0.006478 0.269346 -0.148192 0.029793
    3 -0.653320 -3.628906 -0.348633 -1.003534 -0.000001 -0.122159
    4 -0.013245 -1.509766 -0.000001 -1.090796 0.000000 0.000000
    5 0.000000 -0.953125 -0.000002 -1.223438 0.000000 0.000000
    6 0.007988 0.172184 -0.118553 -1.598091 -0.216549 -1.570593
    7 0.080660 0.135929 -0.203919 -1.506824 -0.066185 -1.662786
    8 0.117288 -0.155554 -0.604544 -1.412988 -0.374558 -1.569222
    9 0.128052 -3.763672 -0.348633 -0.890091 0.000000 -0.148347
    10 -0.006790 -1.567259 0.002820 -1.212969 0.000000 -0.000003
    11 0.000000 -1.164063 0.000001 -1.279286 0.000000 0.000000
    12 -0.018589 0.129953 -0.123721 -1.294580 0.001302 -1.635383
    13 -0.006160 0.170065 -0.110169 -1.280084 -0.068681 -1.597215
    14 0.047100 -0.104074 -0.352264 -1.243368 -0.257298 -1.694346
    15 0.949953 -3.617903 -0.344216 -0.177346 -0.005998 0.134942
    16 -0.017794 -1.596358 -0.003443 -0.255342 0.010810 0.041587
    17 -0.002829 -0.941812 0.007065 -0.929165 0.089537 0.229863
    18 -0.022325 0.045424 -0.038284 -1.125544 -0.129230 -1.681412
    19 -0.042900 -0.061274 -0.071212 -1.124462 -0.060454 -1.586099
    20 0.063741 -0.109104 -0.248158 -1.142813 -0.125805 -1.693583
    21 -1.408203 -3.246094 -0.348633 -0.788776 0.052706 -0.017693
    22 0.013458 -1.204102 0.000000 -0.931992 0.000000 0.000000
    23 -0.013008 -0.789551 0.000000 -1.061140 0.000000 0.000000
    24 -0.011721 0.093267 0.017949 -1.687855 -0.079155 -1.575164
    25 0.048863 -0.085541 0.028626 -1.715605 -0.034569 -1.653190
    26 0.173918 -0.198416 -0.336163 -1.668104 -0.422317 -1.710956
    27 0.442881 -0.490226 0.396323 0.701652 -0.520034 -1.216967
    28 2.352359 0.014158 0.005009 -0.297965 -0.068097 -0.619464
    29 1.245306 0.004522 -0.002867 -0.000016 0.000022 0.035457
    30 -0.267709 0.037512 -0.093907 2.913812 -0.143386 0.078467
    31 -0.029266 0.205408 -0.329287 2.788574 -0.255486 -0.188917
    32 0.204373 0.521055 -0.268577 2.886669 0.042206 -0.230367
    33 0.195697 -0.010059 -0.293538 -1.333586 0.150863 -1.672749
    34 1.257181 8.762590 -0.153713 -1.570562 0.002683 -1.566808
    35 -0.093500 -0.114213 -0.738866 -1.570842 0.061811 0.002096
    36 0.010843 0.093624 -0.081439 -3.141462 0.041719 -1.568236
    37 -6.665495 -6.703960 -15.759577 -5.616283 -0.006335 2.175477
    38 0.104748 -10.673144 -0.001547 0.263335 0.370092 0.332571
    39 0.549521 -3.650577 -0.341066 -1.187142 -0.046218 -0.024582
    40 0.021778 -1.503640 0.001039 -0.483184 0.000001 -0.000004
    41 0.012045 -0.928479 -0.004583 -1.152868 -0.000002 -0.000001
    42 0.006928 0.005329 -0.181358 -1.528500 -0.248579 -1.611362
    43 -0.052313 0.038589 -0.230757 -1.592493 -0.043415 -1.528515
    44 -0.232600 -0.209656 -0.420669 -1.713790 -0.167173 -1.438930
    45 -0.218280 -3.737618 -0.346082 -1.015427 -0.000005 -0.000020
    46 0.019801 -1.578467 0.006170 -1.174734 0.000020 -0.000009
    47 0.004384 -1.172547 0.000249 -0.590957 0.000021 0.000018
    48 -0.038065 0.069166 -0.159883 -1.816986 0.066178 -1.575392
    49 -0.025151 0.088762 -0.068837 -1.817843 0.044510 -1.568287
    50 -0.102916 -0.186983 -0.272246 -1.833683 -0.232962 -1.472375
    51 -1.034178 -3.582044 -0.343160 -1.061819 0.000019 -0.000003
    52 0.001133 -1.610108 0.002370 -0.983487 0.000003 -0.000002
    53 0.005787 -0.946060 0.004418 -0.626898 0.000001 0.000001
    54 -0.004241 0.043707 -0.080203 -2.014997 -0.186996 -1.460723
    55 0.015383 -0.089136 -0.030010 -2.006083 0.036346 -1.568629
    56 -0.022610 -0.212357 -0.177905 -1.933161 -0.118801 -1.518895
    57 1.309013 -3.227548 -0.342207 -1.047815 -0.066932 -0.041063
    58 0.000595 -1.242324 0.002179 -0.037722 0.000004 0.000009
    59 0.003175 -0.774607 -0.000316 -0.837401 -0.000006 -0.000004
    60 -0.067138 0.063251 -0.010961 -0.899214 -0.014515 -1.600326
    61 -0.151180 -0.007395 -0.070065 -0.913061 -0.118819 -1.408558
    62 -0.178164 -0.244680 -0.357067 -1.159916 -0.384260 -1.556110
    63 -0.387544 -0.459759 0.383766 -0.728932 -0.668361 -2.479901
    64 2.472082 0.027425 0.001225 -0.000393 -0.000008 0.638149
    65 1.227325 0.009356 -0.005766 -0.000003 -0.000006 0.721948
    66 -0.263409 -0.117640 -0.015659 0.000036 -0.082210 -0.026800
    67 0.007707 -0.334360 -0.191575 0.070788 -0.181563 0.282364
    68 0.225562 -0.567923 -0.420715 0.119895 -0.183798 0.223460
    69 -0.203683 -0.095654 -0.328305 -1.745077 0.075142 -1.515382
    70 -1.393460 8.839182 -0.239439 1.580804 -0.005024 -1.566848
    71 0.036020 0.082815 -0.692656 -1.570769 0.065989 0.001276
    72 -0.088586 0.054020 -0.088594 0.010231 0.033800 -1.560851
    73 0.120153 -0.050270 -0.054489 -2.854024 0.030688 -1.580508
    74 -0.139399 -0.111694 0.014400 0.285395 -0.031353 1.580313
    75 -0.003479 -0.404833 0.000000 0.000000 0.000000 0.000000
    76 -0.313965 -4.589844 0.951660 -1.186316 1.434478 -1.173672
    77 0.000000 3.367188 0.862793 0.000000 0.000000 0.000000
    78 0.001152 -1.103516 1.960938 0.000000 0.000000 0.000000
    79 0.001152 -2.781250 2.525391 0.000000 0.000000 0.000000
    80 -10.834346 9.055556 -14.657911 0.002679 0.079699 -0.013518
    81 -0.003574 -2.246094 1.304688 0.000000 0.000000 0.000000
    82 0.001150 -4.261719 1.683594 0.000000 0.000000 0.000000
  time 14
    0 1.629157 0.000000 0.541027 0.000000 0.000000 -1.570796
    1 1.243451 8.562947 -7.087591 2.390743 -1.390153 -1.430677
    2 -0.001605 -10.701926 -0.002571 0.226260 -0.083151 0.048578
    3 -0.653320 -3.628906 -0.348633 -1.003534 -0.000001 -0.122159
    4 -0.013245 -1.509766 -0.000001 -1.090796 0.000000 0.000000
    5 0.000000 -0.953125 -0.000002 -1.223438 0.000000 0.000000
    6 0.007988 0.172184 -0.118553 -1.598091 -0.216549 -1.570593
    7 0.080660 0.135929 -0.203919 -1.506824 -0.066185 -1.662786
    8 0.117288 -0.155554 -0.604544 -1.412988 -0.374558 -1.569222
    9 0.128052 -3.763672 -0.348633 -0.890091 0.000000 -0.148347
    10 -0.006790 -1.563353 0.006726 -1.212969 0.000000 0.000009
    11 0.000000 -1.164063 0.000001 -1.279286 0.000000 0.000000
    12 -0.018589 0.129953 -0.123721 -1.294580 0.001302 -1.635383
    13 -0.006160 0.170065 -0.110169 -1.280084 -0.068681 -1.597215
    14 0.047100 -0.104074 -0.352264 -1.243368 -0.257298 -1.694346
    15 0.949953 -3.617903 -0.348122 -0.164079 -0.006477 0.135193
    16 -0.021700 -1.596358 -0.003443 -0.236114 0.008809 0.039250
    17 -0.002829 -0.941812 0.007065 -0.887016 0.079638 0.221246
    18 -0.022325 0.045424 -0.038284 -1.125544 -0.129230 -1.681412
    19 -0.042900 -0.061274 -0.071212 -1.124462 -0.060454 -1.586099
    20 0.063741 -0.109104 -0.248158 -1.142813 -0.125805 -1.693583
    21 -1.408203 -3.246094 -0.348633 -0.788776 0.052706 -0.017693
    22 0.013458 -1.204102 0.000000 -0.931992 0.000000 0.000000
    23 -0.013008 -0.789551 0.000000 -1.061140 0.000000 0.000000
    24 -0.011721 0.093267 0.017949 -1.687855 -0.079155 -1.575164
    25 0.048863 -0.085541 0.028626 -1.715605 -0.034569 -1.653190
    26 0.173918 -0.198416 -0.336163 -1.668104 -0.422317 -1.710956
    27 0.438974 -0.490226 0.392416 0.710156 -0.523294 -1.201011
    28 2.352359 0.014158 0.005009 -0.296862 -0.072795 -0.634877
    29 1.249212 0.004522 -0.002867 -0.000016 0.000022 0.035295
    30 -0.267709 0.037512 -0.093907 2.913812 -0.143386 0.078467
    31 -0.029266 0.205408 -0.329287 2.788574 -0.255486 -0.188917
    32 0.204373 0.521055 -0.268577 2.886669 0.042206 -0.230367
    33 0.195697 -0.010059 -0.293538 -1.333586 0.150863 -1.672749
    34 1.257181 8.762590 -0.153713 -1.570562 0.002683 -1.566808
    35 -0.093500 -0.114213 -0.738866 -1.570842 0.061811 0.002096
    36 0.010843 0.093624 -0.081439 -3.141462 0.041719 -1.568236
    37 -7.095196 -6.840683 -15.349408 -5.543989 -0.003671 2.174235
    38 0.104748 -10.673144 -0.005453 0.268446 0.381644 0.338748
    39 0.553428 -3.650577 -0.344972 -1.195478 -0.046218 -0.024582
    40 0.021778 -1.503640 0.001039 -0.486857 0.000001 -0.000004
    41 0.008139 -0.928479 -0.000677 -1.179640 -0.000002 -0.000001
    42 0.006928 0.005329 -0.181358 -1.528500 -0.248579 -1.611362
    43 -0.052313 0.038589 -0.230757 -1.592493 -0.043415 -1.528515
    44 -0.232600 -0.209656 -0.420669 -1.713790 -0.167173 -1.438930
    45 -0.218280 -3.741524 -0.346082 -1.031042 -0.000005 -0.000020
    46 0.019801 -1.582373 0.006170 -1.197643 0.000020 -0.000009
    47 0.000478 -1.172547 0.000249 -0.600135 0.000021 0.000018
    48 -0.038065 0.069166 -0.159883 -1.816986 0.066178 -1.575392
    49 -0.025151 0.088762 -0.068837 -1.817843 0.044510 -1.568287
    50 -0.102916 -0.186983 -0.272246 -1.833683 -0.232962 -1.472375
    51 -1.030272 -3.578138 -0.347066 -1.071313 0.000019 -0.000003
    52 0.001133 -1.610108 0.002370 -1.016302 0.000003 -0.000002
    53 0.005787 -0.946060 0.004418 -0.640804 0.000001 0.000001
    54 -0.004241 0.043707 -0.080203 -2.014997 -0.186996 -1.460723
    55 0.015383 -0.089136 -0.030010 -2.006083 0.036346 -1.568629
    56 -0.022610 -0.212357 -0.177905 -1.933161 -0.118801 -1.518895
    57 1.309013 -3.227548 -0.342207 -1.049936 -0.066932 -0.041063
    58 0.000595 -1.242324 0.006085 -0.017004 0.000004 0.000009
    59 0.003175 -0.774607 -0.004222 -0.849931 -0.000006 -0.000004
    60 -0.067138 0.063251 -0.010961 -0.899214 -0.014515 -1.600326
    61 -0.151180 -0.007395 -0.070065 -0.913061 -0.118819 -1.408558
    62 -0.178164 -0.244680 -0.357067 -1.159916 -0.384260 -1.556110
    63 -0.387544 -0.463665 0.383766 -0.752228 -0.672334 -2.477294
    64 2.472082 0.027425 0.001225 -0.000105 0.000004 0.639354
    65 1.227325 0.009356 -0.005766 -0.000003 -0.000006 0.732179
    66 -0.263409 -0.117640 -0.015659 0.000036 -0.082210 -0.026800
    67 0.007707 -0.334360 -0.191575 0.070788 -0.181563 0.282364
    68 0.225562 -0.567923 -0.420715 0.119895 -0.183798 0.223460
    69 -0.203683 -0.095654 -0.328305 -1.745077 0.075142 -1.515382
    70 -1.393460 8.839182 -0.239439 1.580804 -0.005024 -1.566848
    71 0.036020 0.082815 -0.692656 -1.570769 0.065989 0.001276
    72 -0.088586 0.054020 -0.088594 0.010231 0.033800 -1.560851
    73 0.120153 -0.050270 -0.054489 -2.854024 0.030688 -1.580508
    74 -0.139399 -0.111694 0.014400 0.285395 -0.031353 1.580313
    75 -0.003479 -0.404833 0.000000 0.000000 0.000000 0.000000
    76 -0.313965 -4.589844 0.951660 -1.186316 1.434478 -1.173672
    77 0.000000 3.367188 0.862793 0.000000 0.000000 0.000000
    78 0.001152 -1.103516 1.960938 0.000000 0.000000 0.000000
    79 0.001152 -2.781250 2.525391 0.000000 0.000000 0.000000
    80 -10.834346 9.055556 -14.654004 0.001531 0.046054 -0.007766
    81 -0.003574 -2.246094 1.304688 0.000000 0.000000 0.000000
    82 0.001150 -4.261719 1.683594 0.000000 0.000000 0.000000
  time 15
    0 1.629157 0.000000 0.541027 0.000000 0.000000 -1.570796
    1 1.298140 8.793423 -6.861021 2.366983 -1.363364 -1.424829
    2 -0.001605 -10.701926 -0.002571 0.186622 -0.020349 0.063403
    3 -0.653320 -3.628906 -0.348633 -1.003534 -0.000001 -0.122159
    4 -0.013245 -1.509766 -0.000001 -1.090796 0.000000 0.000000
    5 0.000000 -0.953125 -0.000002 -1.223438 0.000000 0.000000
    6 0.007988 0.172184 -0.118553 -1.598091 -0.216549 -1.570593
    7 0.080660 0.135929 -0.203919 -1.506824 -0.066185 -1.662786
    8 0.117288 -0.155554 -0.604544 -1.412988 -0.374558 -1.569222
    9 0.128052 -3.763672 -0.348633 -0.890091 0.000000 -0.148347
    10 -0.002884 -1.567259 0.006726 -1.212969 0.000000 -0.000003
    11 0.000000 -1.164063 0.000001 -1.279286 0.000000 0.000000
    12 -0.018589 0.129953 -0.123721 -1.294580 0.001302 -1.635383
    13 -0.006160 0.170065 -0.110169 -1.280084 -0.068681 -1.597215
    14 0.047100 -0.104074 -0.352264 -1.243368 -0.257298 -1.694346
    15 0.949953 -3.617903 -0.348122 -0.151220 -0.006969 0.135445
    16 -0.021700 -1.596358 -0.003443 -0.216219 0.006676 0.036613
    17 -0.002829 -0.941812 0.007065 -0.840745 0.068971 0.210628
    18 -0.022325 0.045424 -0.038284 -1.125544 -0.129230 -1.681412
    19 -0.042900 -0.061274 -0.071212 -1.124462 -0.060454 -1.586099
    20 0.063741 -0.109104 -0.248158 -1.142813 -0.125805 -1.693583
    21 -1.408203 -3.246094 -0.348633 -0.788776 0.052706 -0.017693
    22 0.013458 -1.204102 0.000000 -0.931992 0.000000 0.000000
    23 -0.013008 -0.789551 0.000000 -1.061140 0.000000 0.000000
    24 -0.011721 0.093267 0.017949 -1.687855 -0.079155 -1.575164
    25 0.048863 -0.085541 0.028626 -1.715605 -0.034569 -1.653190
    26 0.173918 -0.198416 -0.336163 -1.668104 -0.422317 -1.710956
    27 0.438974 -0.486320 0.392416 0.718024 -0.526357 -1.185393
    28 2.352359 0.010252 0.005009 -0.295748 -0.077373 -0.649911
    29 1.245306 0.004522 -0.002867 -0.000016 0.000022 0.031092
    30 -0.267709 0.037512 -0.093907 2.913812 -0.143386 0.078467
    31 -0.029266 0.205408 -0.329287 2.788574 -0.255486 -0.188917
    32 0.204373 0.521055 -0.268577 2.886669 0.042206 -0.230367
    33 0.195697 -0.010059 -0.293538 -1.333586 0.150863 -1.672749
    34 1.257181 8.762590 -0.153713 -1.570562 0.002683 -1.566808
    35 -0.093500 -0.114213 -0.738866 -1.570842 0.061811 0.002096
    36 0.010843 0.093624 -0.081439 -3.141462 0.041719 -1.568236
    37 -7.298327 -6.883653 -14.763453 -5.474937 -0.000025 2.172801
    38 0.104748 -10.673144 -0.001547 0.271136 0.379923 0.348604
    39 0.553428 -3.650577 -0.341066 -1.203915 -0.046218 -0.024582
    40 0.021778 -1.503640 0.004946 -0.490342 0.000001 -0.000004
    41 0.008139 -0.928479 -0.004583 -1.197206 -0.000002 -0.000001
    42 0.006928 0.005329 -0.181358 -1.528500 -0.248579 -1.611362
    43 -0.052313 0.038589 -0.230757 -1.592493 -0.043415 -1.528515
    44 -0.232600 -0.209656 -0.420669 -1.713790 -0.167173 -1.438930
    45 -0.218280 -3.737618 -0.346082 -1.046445 -0.000005 -0.000020
    46 0.019801 -1.578467 0.002264 -1.212974 0.000020 -0.000009
    47 0.000478 -1.172547 0.000249 -0.610857 0.000021 0.000018
    48 -0.038065 0.069166 -0.159883 -1.816986 0.066178 -1.575392
    49 -0.025151 0.088762 -0.068837 -1.817843 0.044510 -1.568287
    50 -0.102916 -0.186983 -0.272246 -1.833683 -0.232962 -1.472375
    51 -1.034178 -3.578138 -0.343160 -1.080848 0.000019 -0.000003
    52 0.001133 -1.610108 0.002370 -1.041924 0.000003 -0.000002
    53 0.005787 -0.946060 0.004418 -0.654448 0.000001 0.000001
    54 -0.004241 0.043707 -0.080203 -2.014997 -0.186996 -1.460723
    55 0.015383 -0.089136 -0.030010 -2.006083 0.036346 -1.568629
    56 -0.022610 -0.212357 -0.177905 -1.933161 -0.118801 -1.518895
    57 1.309013 -3.227548 -0.342207 -1.052057 -0.066932 -0.041063
    58 0.000595 -1.242324 0.006085 -0.003549 0.000004 0.000009
    59 0.003175 -0.774607 -0.004222 -0.858605 -0.000006 -0.000004
    60 -0.067138 0.063251 -0.010961 -0.899214 -0.014515 -1.600326
    61 -0.151180 -0.007395 -0.070065 -0.913061 -0.118819 -1.408558
    62 -0.178164 -0.244680 -0.357067 -1.159916 -0.384260 -1.556110
    63 -0.387544 -0.463665 0.383766 -0.772056 -0.674080 -2.473241
    64 2.472082 0.027425 0.001225 0.000015 0.000004 0.638718
    65 1.223419 0.009356 -0.005766 -0.000003 -0.000006 0.742382
    66 -0.263409 -0.117640 -0.015659 0.000036 -0.082210 -0.026800
    67 0.007707 -0.334360 -0.191575 0.070788 -0.181563 0.282364
    68 0.225562 -0.567923 -0.420715 0.119895 -0.183798 0.223460
    69 -0.203683 -0.095654 -0.328305 -1.745077 0.075142 -1.515382
    70 -1.393460 8.839182 -0.239439 1.580804 -0.005024 -1.566848
    71 0.036020 0.082815 -0.692656 -1.570769 0.065989 0.001276
    72 -0.088586 0.054020 -0.088594 0.010231 0.033800 -1.560851
    73 0.120153 -0.050270 -0.054489 -2.854024 0.030688 -1.580508
    74 -0.139399 -0.111694 0.014400 0.285395 -0.031353 1.580313
    75 -0.003479 -0.404833 0.000000 0.000000 0.000000 0.000000
    76 -0.313965 -4.589844 0.951660 -1.186316 1.434478 -1.173672
    77 0.000000 3.367188 0.862793 0.000000 0.000000 0.000000
    78 0.001152 -1.103516 1.960938 0.000000 0.000000 0.000000
    79 0.001152 -2.781250 2.525391 0.000000 0.000000 0.000000
    80 -10.838252 9.055556 -14.654004 0.000000 0.000000 0.000000
    81 -0.003574 -2.246094 1.304688 0.000000 0.000000 0.000000
    82 0.001150 -4.261719 1.683594 0.000000 0.000000 0.000000
  time 16
    0 1.629157 0.000000 0.541027 0.000000 0.000000 -1.570796
    1 1.348923 8.969210 -6.677422 2.352781 -1.345017 -1.422759
    2 -0.005512 -10.701926 -0.002571 0.151094 0.037629 0.074637
    3 -0.653320 -3.628906 -0.348633 -1.003534 -0.000001 -0.122159
    4 -0.013245 -1.509766 -0.000001 -1.090796 0.000000 0.000000
    5 0.000000 -0.953125 -0.000002 -1.223438 0.000000 0.000000
    6 0.007988 0.172184 -0.118553 -1.598091 -0.216549 -1.570593
    7 0.080660 0.135929 -0.203919 -1.506824 -0.066185 -1.662786
    8 0.117288 -0.155554 -0.604544 -1.412988 -0.374558 -1.569222
    9 0.128052 -3.763672 -0.348633 -0.890091 0.000000 -0.148347
    10 -0.006790 -1.567259 0.006726 -1.212969 0.000000 0.000009
    11 0.000000 -1.164063 0.000001 -1.279286 0.000000 0.000000
    12 -0.018589 0.129953 -0.123721 -1.294580 0.001302 -1.635383
    13 -0.006160 0.170065 -0.110169 -1.280084 -0.068681 -1.597215
    14 0.047100 -0.104074 -0.352264 -1.243368 -0.257298 -1.694346
    15 0.949953 -3.617903 -0.344216 -0.138792 -0.007436 0.135697
    16 -0.017794 -1.596358 -0.003443 -0.195914 0.004506 0.033713
    17 -0.002829 -0.941812 0.007065 -0.791005 0.058006 0.198212
    18 -0.022325 0.045424 -0.038284 -1.125544 -0.129230 -1.681412
    19 -0.042900 -0.061274 -0.071212 -1.124462 -0.060454 -1.586099
    20 0.063741 -0.109104 -0.248158 -1.142813 -0.125805 -1.693583
    21 -1.408203 -3.246094 -0.348633 -0.788776 0.052706 -0.017693
    22 0.013458 -1.204102 0.000000 -0.931992 0.000000 0.000000
    23 -0.013008 -0.789551 0.000000 -1.061140 0.000000 0.000000
    24 -0.011721 0.093267 0.017949 -1.687855 -0.079155 -1.575164
    25 0.048863 -0.085541 0.028626 -1.715605 -0.034569 -1.653190
    26 0.173918 -0.198416 -0.336163 -1.668104 -0.422317 -1.710956
    27 0.438974 -0.490226 0.396323 0.725301 -0.529148 -1.170534
    28 2.352359 0.010252 0.005009 -0.294585 -0.081784 -0.664414
    29 1.245306 0.004522 -0.002867 -0.000016 0.000022 0.023255
    30 -0.267709 0.037512 -0.093907 2.913812 -0.143386 0.078467
    31 -0.029266 0.205408 -0.329287 2.788574 -0.255486 -0.188917
    32 0.204373 0.521055 -0.268577 2.886669 0.042206 -0.230367
    33 0.195697 -0.010059 -0.293538 -1.333586 0.150863 -1.672749
    34 1.257181 8.762590 -0.153713 -1.570562 0.002683 -1.566808
    35 -0.093500 -0.114213 -0.738866 -1.570842 0.061811 0.002096
    36 0.010843 0.093624 -0.081439 -3.141462 0.041719 -1.568236
    37 -7.372548 -6.825058 -14.005617 -5.469023 0.025960 2.164487
    38 0.108654 -10.673144 -0.005453 0.271405 0.364908 0.362588
    39 0.553428 -3.650577 -0.341066 -1.212251 -0.046218 -0.024582
    40 0.021778 -1.503640 0.001039 -0.493544 0.000001 -0.000004
    41 0.008139 -0.928479 -0.004583 -1.205513 -0.000002 -0.000001
    42 0.006928 0.005329 -0.181358 -1.528500 -0.248579 -1.611362
    43 -0.052313 0.038589 -0.230757 -1.592493 -0.043415 -1.528515
    44 -0.232600 -0.209656 -0.420669 -1.713790 -0.167173 -1.438930
    45 -0.214374 -3.737618 -0.346082 -1.061891 -0.000005 -0.000020
    46 0.019801 -1.578467 0.002264 -1.220493 0.000020 -0.000009
    47 0.000478 -1.172547 0.000249 -0.623380 0.000021 0.000018
    48 -0.038065 0.069166 -0.159883 -1.816986 0.066178 -1.575392
    49 -0.025151 0.088762 -0.068837 -1.817843 0.044510 -1.568287
    50 -0.102916 -0.186983 -0.272246 -1.833683 -0.232962 -1.472375
    51 -1.034178 -3.578138 -0.343160 -1.090262 0.000019 -0.000003
    52 0.001133 -1.610108 0.006276 -1.060668 0.000003 -0.000002
    53 0.005787 -0.942153 0.004418 -0.668383 0.000001 0.000001
    54 -0.004241 0.043707 -0.080203 -2.014997 -0.186996 -1.460723
    55 0.015383 -0.089136 -0.030010 -2.006083 0.036346 -1.568629
    56 -0.022610 -0.212357 -0.177905 -1.933161 -0.118801 -1.518895
    57 1.309013 -3.227548 -0.342207 -1.054221 -0.066944 -0.041063
    58 0.000595 -1.242324 0.002179 0.002813 0.000004 0.000009
    59 0.003175 -0.774607 -0.004222 -0.864895 -0.000006 -0.000004
    60 -0.067138 0.063251 -0.010961 -0.899214 -0.014515 -1.600326
    61 -0.151180 -0.007395 -0.070065 -0.913061 -0.118819 -1.408558
    62 -0.178164 -0.244680 -0.357067 -1.159916 -0.384260 -1.556110
    63 -0.387544 -0.463665 0.383766 -0.788906 -0.673458 -2.467691
    64 2.472082 0.027425 0.001225 0.000015 0.000004 0.635236
    65 1.227325 0.009356 -0.005766 -0.000003 -0.000006 0.752557
    66 -0.263409 -0.117640 -0.015659 0.000036 -0.082210 -0.026800
    67 0.007707 -0.334360 -0.191575 0.070788 -0.181563 0.282364
    68 0.225562 -0.567923 -0.420715 0.119895 -0.183798 0.223460
    69 -0.203683 -0.095654 -0.328305 -1.745077 0.075142 -1.515382
    70 -1.393460 8.839182 -0.239439 1.580804 -0.005024 -1.566848
    71 0.036020 0.082815 -0.692656 -1.570769 0.065989 0.001276
    72 -0.088586 0.054020 -0.088594 0.010231 0.033800 -1.560851
    73 0.120153 -0.050270 -0.054489 -2.854024 0.030688 -1.580508
    74 -0.139399 -0.111694 0.014400 0.285395 -0.031353 1.580313
    75 -0.003479 -0.404833 0.000000 0.000000 0.000000 0.000000
    76 -0.313965 -4.589844 0.951660 -1.186316 1.434478 -1.173672
    77 0.000000 3.367188 0.862793 0.000000 0.000000 0.000000
    78 0.001152 -1.103516 1.960938 0.000000 0.000000 0.000000
    79 0.001152 -2.781250 2.525391 0.000000 0.000000 0.000000
    80 -10.721061 8.825080 -14.493843 -0.002679 -0.058319 0.010162
    81 -0.003574 -2.246094 1.304688 0.000000 0.000000 0.000000
    82 0.001150 -4.261719 1.683594 0.000000 0.000000 0.000000
  time 17
    0 1.629157 0.000000 0.541027 0.000000 0.000000 -1.570796
    1 1.395799 9.105933 -6.540699 2.343670 -1.332613 -1.422040
    2 -0.001605 -10.701926 -0.006478 0.120722 0.088314 0.082833
    3 -0.653320 -3.628906 -0.348633 -1.003534 -0.000001 -0.122159
    4 -0.013245 -1.509766 -0.000001 -1.090796 0.000000 0.000000
    5 0.000000 -0.953125 -0.000002 -1.223438 0.000000 0.000000
    6 0.007988 0.172184 -0.118553 -1.598091 -0.216549 -1.570593
    7 0.080660 0.135929 -0.203919 -1.506824 -0.066185 -1.662786
    8 0.117288 -0.155554 -0.604544 -1.412988 -0.374558 -1.569222
    9 0.128052 -3.763672 -0.348633 -0.890091 0.000000 -0.148347
    10 -0.006790 -1.567259 0.006726 -1.212969 0.000000 0.000009
    11 0.000000 -1.164063 0.000001 -1.279286 0.000000 0.000000
    12 -0.018589 0.129953 -0.123721 -1.294580 0.001302 -1.635383
    13 -0.006160 0.170065 -0.110169 -1.280084 -0.068681 -1.597215
    14 0.047100 -0.104074 -0.352264 -1.243368 -0.257298 -1.694346
    15 0.949953 -3.613996 -0.348122 -0.126879 -0.007879 0.135913
    16 -0.017794 -1.596358 -0.003443 -0.175481 0.002361 0.030609
    17 -0.002829 -0.937906 0.007065 -0.738585 0.047052 0.184118
    18 -0.022325 0.045424 -0.038284 -1.125544 -0.129230 -1.681412
    19 -0.042900 -0.061274 -0.071212 -1.124462 -0.060454 -1.586099
    20 0.063741 -0.109104 -0.248158 -1.142813 -0.125805 -1.693583
    21 -1.408203 -3.246094 -0.348633 -0.788776 0.052706 -0.017693
    22 0.013458 -1.204102 0.000000 -0.931992 0.000000 0.000000
    23 -0.013008 -0.789551 0.000000 -1.061140 0.000000 0.000000
    24 -0.011721 0.093267 0.017949 -1.687855 -0.079155 -1.575164
    25 0.048863 -0.085541 0.028626 -1.715605 -0.034569 -1.653190
    26 0.173918 -0.198416 -0.336163 -1.668104 -0.422317 -1.710956
    27 0.438974 -0.490226 0.392416 0.732030 -0.531556 -1.157139
    28 2.352359 0.010252 0.005009 -0.293447 -0.085906 -0.678109
    29 1.249212 0.004522 -0.002867 -0.000016 0.000022 0.012210
    30 -0.267709 0.037512 -0.093907 2.913812 -0.143386 0.078467
    31 -0.029266 0.205408 -0.329287 2.788574 -0.255486 -0.188917
    32 0.204373 0.521055 -0.268577 2.886669 0.042206 -0.230367
    33 0.195697 -0.010059 -0.293538 -1.333586 0.150863 -1.672749
    34 1.257181 8.762590 -0.153713 -1.570562 0.002683 -1.566808
    35 -0.093500 -0.114213 -0.738866 -1.570842 0.061811 0.002096
    36 0.010843 0.093624 -0.081439 -3.141462 0.041719 -1.568236
    37 -7.298327 -6.809432 -13.208718 -5.518809 0.071947 2.147476
    38 0.108654 -10.673144 -0.005453 0.269415 0.338466 0.380727
    39 0.553428 -3.650577 -0.344972 -1.220488 -0.046218 -0.024582
    40 0.025684 -1.503640 0.001039 -0.496652 0.000001 -0.000004
    41 0.012045 -0.932386 -0.004583 -1.205831 -0.000002 -0.000001
    42 0.006928 0.005329 -0.181358 -1.528500 -0.248579 -1.611362
    43 -0.052313 0.038589 -0.230757 -1.592493 -0.043415 -1.528515
    44 -0.232600 -0.209656 -0.420669 -1.713790 -0.167173 -1.438930
    45 -0.214374 -3.741524 -0.346082 -1.077125 -0.000005 -0.000020
    46 0.019801 -1.578467 0.006170 -1.221433 0.000020 -0.000021
    47 0.004384 -1.172547 0.000249 -0.638020 0.000021 0.000018
    48 -0.038065 0.069166 -0.159883 -1.816986 0.066178 -1.575392
    49 -0.025151 0.088762 -0.068837 -1.817843 0.044510 -1.568287
    50 -0.102916 -0.186983 -0.272246 -1.833683 -0.232962 -1.472375
    51 -1.030272 -3.582044 -0.347066 -1.099516 0.000019 -0.000003
    52 0.001133 -1.610108 0.006276 -1.073899 0.000003 -0.000002
    53 0.005787 -0.946060 0.000512 -0.682929 0.000001 0.000001
    54 -0.004241 0.043707 -0.080203 -2.014997 -0.186996 -1.460723
    55 0.015383 -0.089136 -0.030010 -2.006083 0.036346 -1.568629
    56 -0.022610 -0.212357 -0.177905 -1.933161 -0.118801 -1.518895
    57 1.309013 -3.227548 -0.342207 -1.056472 -0.066944 -0.041063
    58 0.000595 -1.242324 0.006085 0.003376 0.000004 0.000009
    59 0.003175 -0.774607 -0.000316 -0.870474 -0.000006 -0.000004
    60 -0.067138 0.063251 -0.010961 -0.899214 -0.014515 -1.600326
    61 -0.151180 -0.007395 -0.070065 -0.913061 -0.118819 -1.408558
    62 -0.178164 -0.244680 -0.357067 -1.159916 -0.384260 -1.556110
    63 -0.387544 -0.463665 0.383766 -0.803377 -0.670709 -2.460618
    64 2.468175 0.027425 0.001225 0.000015 0.000004 0.628272
    65 1.223419 0.009356 -0.005766 -0.000003 -0.000006 0.762538
    66 -0.263409 -0.117640 -0.015659 0.000036 -0.082210 -0.026800
    67 0.007707 -0.334360 -0.191575 0.070788 -0.181563 0.282364
    68 0.225562 -0.567923 -0.420715 0.119895 -0.183798 0.223460
    69 -0.203683 -0.095654 -0.328305 -1.745077 0.075142 -1.515382
    70 -1.393460 8.839182 -0.239439 1.580804 -0.005024 -1.566848
    71 0.036020 0.082815 -0.692656 -1.570769 0.065989 0.001276
    72 -0.088586 0.054020 -0.088594 0.010231 0.033800 -1.560851
    73 0.120153 -0.050270 -0.054489 -2.854024 0.030688 -1.580508
    74 -0.139399 -0.111694 0.014400 0.285395 -0.031353 1.580313
    75 -0.003479 -0.404833 0.000000 0.000000 0.000000 0.000000
    76 -0.313965 -4.589844 0.951660 -1.186316 1.434478 -1.173672
    77 0.000000 3.367188 0.862793 0.000000 0.000000 0.000000
    78 0.001152 -1.103516 1.960938 0.000000 0.000000 0.000000
    79 0.001152 -2.781250 2.525391 0.000000 0.000000 0.000000
    80 -10.408551 8.172716 -14.040704 -0.006601 -0.126803 0.022626
    81 -0.003574 -2.246094 1.304688 0.000000 0.000000 0.000000
    82 0.001150 -4.261719 1.683594 0.000000 0.000000 0.000000
  time 18
    0 1.629157 0.000000 0.541027 0.000000 0.000000 -1.570796
    1 1.434863 9.211405 -6.431321 2.336703 -1.322661 -1.421950
    2 -0.001605 -10.701926 -0.006478 0.096410 0.129213 0.088565
    3 -0.653320 -3.628906 -0.348633 -1.003534 -0.000001 -0.122159
    4 -0.013245 -1.509766 -0.000001 -1.090796 0.000000 0.000000
    5 0.000000 -0.953125 -0.000002 -1.223438 0.000000 0.000000
    6 0.007988 0.172184 -0.118553 -1.598091 -0.216549 -1.570593
    7 0.080660 0.135929 -0.203919 -1.506824 -0.066185 -1.662786
    8 0.117288 -0.155554 -0.604544 -1.412988 -0.374558 -1.569222
    9 0.128052 -3.763672 -0.348633 -0.890091 0.000000 -0.148347
    10 -0.006790 -1.563353 0.002820 -1.212969 0.000000 -0.000003
    11 0.000000 -1.164063 0.000001 -1.279286 0.000000 0.000000
    12 -0.018589 0.129953 -0.123721 -1.294580 0.001302 -1.635383
    13 -0.006160 0.170065 -0.110169 -1.280084 -0.068681 -1.597215
    14 0.047100 -0.104074 -0.352264 -1.243368 -0.257298 -1.694346
    15 0.953860 -3.617903 -0.348122 -0.115589 -0.008311 0.136116
    16 -0.017794 -1.596358 -0.007350 -0.155176 0.000276 0.027373
    17 -0.006735 -0.941812 0.007065 -0.684276 0.036409 0.168598
    18 -0.022325 0.045424 -0.038284 -1.125544 -0.129230 -1.681412
    19 -0.042900 -0.061274 -0.071212 -1.124462 -0.060454 -1.586099
    20 0.063741 -0.109104 -0.248158 -1.142813 -0.125805 -1.693583
    21 -1.408203 -3.246094 -0.348633 -0.788776 0.052706 -0.017693
    22 0.013458 -1.204102 0.000000 -0.931992 0.000000 0.000000
    23 -0.013008 -0.789551 0.000000 -1.061140 0.000000 0.000000
    24 -0.011721 0.093267 0.017949 -1.687855 -0.079155 -1.575164
    25 0.048863 -0.085541 0.028626 -1.715605 -0.034569 -1.653190
    26 0.173918 -0.198416 -0.336163 -1.668104 -0.422317 -1.710956
    27 0.442881 -0.486320 0.396323 0.738189 -0.533495 -1.145629
    28 2.352359 0.010252 0.005009 -0.292332 -0.089717 -0.690843
    29 1.249212 0.004522 -0.006774 -0.000016 0.000022 -0.001637
    30 -0.267709 0.037512 -0.093907 2.913812 -0.143386 0.078467
    31 -0.029266 0.205408 -0.329287 2.788574 -0.255486 -0.188917
    32 0.204373 0.521055 -0.268577 2.886669 0.042206 -0.230367
    33 0.195697 -0.010059 -0.293538 -1.333586 0.150863 -1.672749
    34 1.257181 8.762590 -0.153713 -1.570562 0.002683 -1.566808
    35 -0.093500 -0.114213 -0.738866 -1.570842 0.061811 0.002096
    36 0.010843 0.093624 -0.081439 -3.141462 0.041719 -1.568236
    37 -6.993630 -6.996938 -12.431350 -5.568596 0.117655 2.127025
    38 0.108654 -10.673144 -0.005453 0.264869 0.301841 0.402405
    39 0.553428 -3.646670 -0.341066 -1.228574 -0.046218 -0.024582
    40 0.021778 -1.507546 0.001039 -0.499949 0.000001 -0.000004
    41 0.008139 -0.928479 -0.004583 -1.198900 -0.000002 -0.000001
    42 0.006928 0.005329 -0.181358 -1.528500 -0.248579 -1.611362
    43 -0.052313 0.038589 -0.230757 -1.592493 -0.043415 -1.528515
    44 -0.232600 -0.209656 -0.420669 -1.713790 -0.167173 -1.438930
    45 -0.218280 -3.741524 -0.346082 -1.092105 -0.000005 -0.000020
    46 0.019801 -1.582373 0.002264 -1.216440 0.000020 -0.000009
    47 0.000478 -1.172547 0.000249 -0.654375 0.000021 0.000018
    48 -0.038065 0.069166 -0.159883 -1.816986 0.066178 -1.575392
    49 -0.025151 0.088762 -0.068837 -1.817843 0.044510 -1.568287
    50 -0.102916 -0.186983 -0.272246 -1.833683 -0.232962 -1.472375
    51 -1.030272 -3.578138 -0.347066 -1.108730 0.000019 -0.000003
    52 0.001133 -1.610108 0.002370 -1.082090 0.000003 -0.000002
    53 0.005787 -0.946060 0.004418 -0.697912 0.000001 0.000001
    54 -0.004241 0.043707 -0.080203 -2.014997 -0.186996 -1.460723
    55 0.015383 -0.089136 -0.030010 -2.006083 0.036346 -1.568629
    56 -0.022610 -0.212357 -0.177905 -1.933161 -0.118801 -1.518895
    57 1.309013 -3.227548 -0.342207 -1.058809 -0.066944 -0.041063
    58 0.000595 -1.242324 0.006085 -0.001522 0.000004 0.000009
    59 0.003175 -0.774607 -0.004222 -0.875547 -0.000006 -0.000004
    60 -0.067138 0.063251 -0.010961 -0.899214 -0.014515 -1.600326
    61 -0.151180 -0.007395 -0.070065 -0.913061 -0.118819 -1.408558
    62 -0.178164 -0.244680 -0.357067 -1.159916 -0.384260 -1.556110
    63 -0.387544 -0.463665 0.383766 -0.815692 -0.666053 -2.452358
    64 2.472082 0.027425 0.001225 0.000015 0.000004 0.618463
    65 1.223419 0.009356 -0.005766 -0.000003 -0.000006 0.772491
    66 -0.263409 -0.117640 -0.015659 0.000036 -0.082210 -0.026800
    67 0.007707 -0.334360 -0.191575 0.070788 -0.181563 0.282364
    68 0.225562 -0.567923 -0.420715 0.119895 -0.183798 0.223460
    69 -0.203683 -0.095654 -0.328305 -1.745077 0.075142 -1.515382
    70 -1.393460 8.839182 -0.239439 1.580804 -0.005024 -1.566848
    71 0.036020 0.082815 -0.692656 -1.570769 0.065989 0.001276
    72 -0.088586 0.054020 -0.088594 0.010231 0.033800 -1.560851
    73 0.120153 -0.050270 -0.054489 -2.854024 0.030688 -1.580508
    74 -0.139399 -0.111694 0.014400 0.285395 -0.031353 1.580313
    75 -0.003479 -0.404833 0.000000 0.000000 0.000000 0.000000
    76 -0.313965 -4.589844 0.951660 -1.186316 1.434478 -1.173672
    77 0.000000 3.367188 0.862793 0.000000 0.000000 0.000000
    78 0.001152 -1.103516 1.960938 0.000000 0.000000 0.000000
    79 0.001152 -2.781250 2.525391 0.000000 0.000000 0.000000
    80 -9.900723 7.157060 -13.325839 -0.012342 -0.204259 0.037486
    81 -0.003574 -2.246094 1.304688 0.000000 0.000000 0.000000
    82 0.001150 -4.261719 1.683594 0.000000 0.000000 0.000000
  time 19
    0 1.629157 0.000000 0.541027 0.000000 0.000000 -1.570796
    1 1.473927 9.289532 -6.345381 2.331254 -1.314927 -1.421860
    2 -0.005512 -10.701926 -0.002571 0.079308 0.157786 0.092594
    3 -0.653320 -3.628906 -0.348633 -1.003534 -0.000001 -0.122159
    4 -0.013245 -1.509766 -0.000001 -1.090796 0.000000 0.000000
    5 0.000000 -0.953125 -0.000002 -1.223438 0.000000 0.000000
    6 0.007988 0.172184 -0.118553 -1.598091 -0.216549 -1.570593
    7 0.080660 0.135929 -0.203919 -1.506824 -0.066185 -1.662786
    8 0.117288 -0.155554 -0.604544 -1.412988 -0.374558 -1.569222
    9 0.128052 -3.763672 -0.348633 -0.890091 0.000000 -0.148347
    10 -0.006790 -1.567259 0.006726 -1.212969 0.000000 0.000009
    11 0.000000 -1.164063 0.000001 -1.279286 0.000000 0.000000
    12 -0.018589 0.129953 -0.123721 -1.294580 0.001302 -1.635383
    13 -0.006160 0.170065 -0.110169 -1.280084 -0.068681 -1.597215
    14 0.047100 -0.104074 -0.352264 -1.243368 -0.257298 -1.694346
    15 0.953860 -3.617903 -0.344216 -0.104971 -0.008706 0.136308
    16 -0.017794 -1.596358 -0.003443 -0.135153 -0.001738 0.024041
    17 -0.006735 -0.941812 0.007065 -0.628833 0.026438 0.151952
    18 -0.022325 0.045424 -0.038284 -1.125544 -0.129230 -1.681412
    19 -0.042900 -0.061274 -0.071212 -1.124462 -0.060454 -1.586099
    20 0.063741 -0.109104 -0.248158 -1.142813 -0.125805 -1.693583
    21 -1.408203 -3.246094 -0.348633 -0.788776 0.052706 -0.017693
    22 0.013458 -1.204102 0.000000 -0.931992 0.000000 0.000000
    23 -0.013008 -0.789551 0.000000 -1.061140 0.000000 0.000000
    24 -0.011721 0.093267 0.017949 -1.687855 -0.079155 -1.575164
    25 0.048863 -0.085541 0.028626 -1.715605 -0.034569 -1.653190
    26 0.173918 -0.198416 -0.336163 -1.668104 -0.422317 -1.710956
    27 0.438974 -0.490226 0.396323 0.743799 -0.534804 -1.136737
    28 2.352359 0.010252 0.005009 -0.291277 -0.093169 -0.702315
    29 1.249212 0.004522 -0.006774 -0.000016 0.000022 -0.017921
    30 -0.267709 0.037512 -0.093907 2.913812 -0.143386 0.078467
    31 -0.029266 0.205408 -0.329287 2.788574 -0.255486 -0.188917
    32 0.204373 0.521055 -0.268577 2.886669 0.042206 -0.230367
    33 0.195697 -0.010059 -0.293538 -1.333586 0.150863 -1.672749
    34 1.257181 8.762590 -0.153713 -1.570562 0.002683 -1.566808
    35 -0.093500 -0.114213 -0.738866 -1.570842 0.061811 0.002096
    36 0.010843 0.093624 -0.081439 -3.141462 0.041719 -1.568236
    37 -6.466270 -7.313354 -11.681327 -5.629827 0.165699 2.101222
    38 0.108654 -10.673144 -0.005453 0.257525 0.256485 0.427031
    39 0.553428 -3.650577 -0.341066 -1.236611 -0.046218 -0.024582
    40 0.021778 -1.503640 0.001039 -0.502868 0.000001 -0.000004
    41 0.008139 -0.928479 -0.004583 -1.185831 -0.000002 -0.000001
    42 0.006928 0.005329 -0.181358 -1.528500 -0.248579 -1.611362
    43 -0.052313 0.038589 -0.230757 -1.592493 -0.043415 -1.528515
    44 -0.232600 -0.209656 -0.420669 -1.713790 -0.167173 -1.438930
    45 -0.218280 -3.737618 -0.346082 -1.106958 -0.000005 -0.000020
    46 0.019801 -1.582373 0.006170 -1.206219 0.000020 -0.000009
    47 0.000478 -1.176453 0.000249 -0.672188 0.000021 0.000018
    48 -0.038065 0.069166 -0.159883 -1.816986 0.066178 -1.575392
    49 -0.025151 0.088762 -0.068837 -1.817843 0.044510 -1.568287
    50 -0.102916 -0.186983 -0.272246 -1.833683 -0.232962 -1.472375
    51 -1.030272 -3.582044 -0.343160 -1.117864 0.000019 -0.000003
    52 0.001133 -1.610108 0.002370 -1.085870 0.000003 -0.000002
    53 0.005787 -0.946060 0.004418 -0.713244 0.000001 0.000001
    54 -0.004241 0.043707 -0.080203 -2.014997 -0.186996 -1.460723
    55 0.015383 -0.089136 -0.030010 -2.006083 0.036346 -1.568629
    56 -0.022610 -0.212357 -0.177905 -1.933161 -0.118801 -1.518895
    57 1.309013 -3.227548 -0.346114 -1.061190 -0.066932 -0.041063
    58 0.000595 -1.242324 0.006085 -0.011093 0.000004 0.000009
    59 0.003175 -0.774607 -0.000316 -0.880011 -0.000006 -0.000004
    60 -0.067138 0.063251 -0.010961 -0.899214 -0.014515 -1.600326
    61 -0.151180 -0.007395 -0.070065 -0.913061 -0.118819 -1.408558
    62 -0.178164 -0.244680 -0.357067 -1.159916 -0.384260 -1.556110
    63 -0.387544 -0.463665 0.379860 -0.825917 -0.659732 -2.443168
    64 2.472082 0.027425 0.001225 0.000015 0.000004 0.606410
    65 1.227325 0.009356 -0.005766 -0.000003 -0.000006 0.782277
    66 -0.263409 -0.117640 -0.015659 0.000036 -0.082210 -0.026800
    67 0.007707 -0.334360 -0.191575 0.070788 -0.181563 0.282364
    68 0.225562 -0.567923 -0.420715 0.119895 -0.183798 0.223460
    69 -0.203683 -0.095654 -0.328305 -1.745077 0.075142 -1.515382
    70 -1.393460 8.839182 -0.239439 1.580804 -0.005024 -1.566848
    71 0.036020 0.082815 -0.692656 -1.570769 0.065989 0.001276
    72 -0.088586 0.054020 -0.088594 0.010231 0.033800 -1.560851
    73 0.120153 -0.050270 -0.054489 -2.854024 0.030688 -1.580508
    74 -0.139399 -0.111694 0.014400 0.285395 -0.031353 1.580313
    75 -0.003479 -0.404833 0.000000 0.000000 0.000000 0.000000
    76 -0.313965 -4.589844 0.951660 -1.186316 1.434478 -1.173672
    77 0.000000 3.367188 0.862793 0.000000 0.000000 0.000000
    78 0.001152 -1.103516 1.960938 0.000000 0.000000 0.000000
    79 0.001152 -2.781250 2.525391 0.000000 0.000000 0.000000
    80 -9.256173 5.836707 -12.396123 -0.020282 -0.289828 0.054838
    81 -0.003574 -2.246094 1.304688 0.000000 0.000000 0.000000
    82 0.001150 -4.261719 1.683594 0.000000 0.000000 0.000000
  time 20
    0 1.629157 0.000000 0.541027 0.000000 0.000000 -1.570796
    1 1.501271 9.348128 -6.282879 2.327413 -1.309267 -1.421860
    2 -0.001605 -10.701926 -0.002571 0.067500 0.177035 0.095356
    3 -0.653320 -3.628906 -0.348633 -1.003534 -0.000001 -0.122159
    4 -0.013245 -1.509766 -0.000001 -1.090796 0.000000 0.000000
    5 0.000000 -0.953125 -0.000002 -1.223438 0.000000 0.000000
    6 0.007988 0.172184 -0.118553 -1.598091 -0.216549 -1.570593
    7 0.080660 0.135929 -0.203919 -1.506824 -0.066185 -1.662786
    8 0.117288 -0.155554 -0.604544 -1.412988 -0.374558 -1.569222
    9 0.128052 -3.763672 -0.348633 -0.890091 0.000000 -0.148347
    10 -0.006790 -1.567259 0.006726 -1.212969 0.000000 0.000009
    11 0.000000 -1.164063 0.000001 -1.279286 0.000000 0.000000
    12 -0.018589 0.129953 -0.123721 -1.294580 0.001302 -1.635383
    13 -0.006160 0.170065 -0.110169 -1.280084 -0.068681 -1.597215
    14 0.047100 -0.104074 -0.352264 -1.243368 -0.257298 -1.694346
    15 0.949953 -3.617903 -0.348122 -0.095120 -0.009102 0.136488
    16 -0.021700 -1.596358 -0.007350 -0.115822 -0.003631 0.020721
    17 -0.002829 -0.941812 0.007065 -0.572944 0.017354 0.134418
    18 -0.022325 0.045424 -0.038284 -1.125544 -0.129230 -1.681412
    19 -0.042900 -0.061274 -0.071212 -1.124462 -0.060454 -1.586099
    20 0.063741 -0.109104 -0.248158 -1.142813 -0.125805 -1.693583
    21 -1.408203 -3.246094 -0.348633 -0.788776 0.052706 -0.017693
    22 0.013458 -1.204102 0.000000 -0.931992 0.000000 0.000000
    23 -0.013008 -0.789551 0.000000 -1.061140 0.000000 0.000000
    24 -0.011721 0.093267 0.017949 -1.687855 -0.079155 -1.575164
    25 0.048863 -0.085541 0.028626 -1.715605 -0.034569 -1.653190
    26 0.173918 -0.198416 -0.336163 -1.668104 -0.422317 -1.710956
    27 0.438974 -0.486320 0.392416 0.748928 -0.535446 -1.130883
    28 2.356266 0.010252 0.005009 -0.290343 -0.096141 -0.712295
    29 1.249212 0.004522 -0.002867 -0.000016 0.000022 -0.036153
    30 -0.267709 0.037512 -0.093907 2.913812 -0.143386 0.078467
    31 -0.029266 0.205408 -0.329287 2.788574 -0.255486 -0.188917
    32 0.204373 0.521055 -0.268577 2.886669 0.042206 -0.230367
    33 0.195697 -0.010059 -0.293538 -1.333586 0.150863 -1.672749
    34 1.257181 8.762590 -0.153713 -1.570562 0.002683 -1.566808
    35 -0.093500 -0.114213 -0.738866 -1.570842 0.061811 0.002096
    36 0.010843 0.093624 -0.081439 -3.141462 0.041719 -1.568236
    37 -5.688903 -7.664927 -11.099278 -5.703171 0.214677 2.069685
    38 0.108654 -10.673144 -0.005453 0.247223 0.203662 0.454240
    39 0.549521 -3.646670 -0.344972 -1.244549 -0.046218 -0.024582
    40 0.021778 -1.503640 0.001039 -0.505976 0.000001 -0.000004
    41 0.008139 -0.928479 -0.004583 -1.167365 -0.000002 -0.000001
    42 0.006928 0.005329 -0.181358 -1.528500 -0.248579 -1.611362
    43 -0.052313 0.038589 -0.230757 -1.592493 -0.043415 -1.528515
    44 -0.232600 -0.209656 -0.420669 -1.713790 -0.167173 -1.438930
    45 -0.218280 -3.737618 -0.346082 -1.121600 -0.000005 -0.000020
    46 0.019801 -1.582373 0.002264 -1.191651 0.000020 -0.000009
    47 0.000478 -1.172547 0.000249 -0.691173 0.000021 0.000018
    48 -0.038065 0.069166 -0.159883 -1.816986 0.066178 -1.575392
    49 -0.025151 0.088762 -0.068837 -1.817843 0.044510 -1.568287
    50 -0.102916 -0.186983 -0.272246 -1.833683 -0.232962 -1.472375
    51 -1.034178 -3.582044 -0.347066 -1.126798 0.000019 -0.000003
    52 0.001133 -1.610108 0.002370 -1.085765 0.000003 -0.000002
    53 0.005787 -0.946060 0.004418 -0.728808 0.000001 0.000001
    54 -0.004241 0.043707 -0.080203 -2.014997 -0.186996 -1.460723
    55 0.015383 -0.089136 -0.030010 -2.006083 0.036346 -1.568629
    56 -0.022610 -0.212357 -0.177905 -1.933161 -0.118801 -1.518895
    57 1.309013 -3.227548 -0.342207 -1.063657 -0.066944 -0.041063
    58 0.000595 -1.242324 0.006085 -0.024661 0.000004 0.000009
    59 0.003175 -0.774607 -0.000316 -0.883917 -0.000006 -0.000004
    60 -0.067138 0.063251 -0.010961 -0.899214 -0.014515 -1.600326
    61 -0.151180 -0.007395 -0.070065 -0.913061 -0.118819 -1.408558
    62 -0.178164 -0.244680 -0.357067 -1.159916 -0.384260 -1.556110
    63 -0.387544 -0.463665 0.379860 -0.834253 -0.652046 -2.433230
    64 2.468175 0.027425 0.001225 0.000015 0.000004 0.592650
    65 1.223419 0.009356 -0.005766 -0.000003 -0.000006 0.791868
    66 -0.263409 -0.117640 -0.015659 0.000036 -0.082210 -0.026800
    67 0.007707 -0.334360 -0.191575 0.070788 -0.181563 0.282364
    68 0.225562 -0.567923 -0.420715 0.119895 -0.183798 0.223460
    69 -0.203683 -0.095654 -0.328305 -1.745077 0.075142 -1.515382
    70 -1.393460 8.839182 -0.239439 1.580804 -0.005024 -1.566848
    71 0.036020 0.082815 -0.692656 -1.570769 0.065989 0.001276
    72 -0.088586 0.054020 -0.088594 0.010231 0.033800 -1.560851
    73 0.120153 -0.050270 -0.054489 -2.854024 0.030688 -1.580508
    74 -0.139399 -0.111694 0.014400 0.285395 -0.031353 1.580313
    75 -0.003479 -0.404833 0.000000 0.000000 0.000000 0.000000
    76 -0.313965 -4.589844 0.951660 -1.186316 1.434478 -1.173672
    77 0.000000 3.367188 0.862793 0.000000 0.000000 0.000000
    78 0.001152 -1.103516 1.960938 0.000000 0.000000 0.000000
    79 0.001152 -2.781250 2.525391 0.000000 0.000000 0.000000
    80 -8.478805 4.270253 -11.282808 -0.030998 -0.382126 0.075259
    81 -0.003574 -2.246094 1.304688 0.000000 0.000000 0.000000
    82 0.001150 -4.261719 1.683594 0.000000 0.000000 0.000000
  time 21
    0 1.629157 0.000000 0.541027 0.000000 0.000000 -1.570796
    1 1.528616 9.379379 -6.243815 2.324823 -1.305541 -1.421860
    2 -0.001605 -10.701926 -0.002571 0.058096 0.191668 0.097014
    3 -0.653320 -3.628906 -0.348633 -1.003534 -0.000001 -0.122159
    4 -0.013245 -1.509766 -0.000001 -1.090796 0.000000 0.000000
    5 0.000000 -0.953125 -0.000002 -1.223438 0.000000 0.000000
    6 0.007988 0.172184 -0.118553 -1.598091 -0.216549 -1.570593
    7 0.080660 0.135929 -0.203919 -1.506824 -0.066185 -1.662786
    8 0.117288 -0.155554 -0.604544 -1.412988 -0.374558 -1.569222
    9 0.128052 -3.763672 -0.348633 -0.890091 0.000000 -0.148347
    10 -0.006790 -1.567259 0.006726 -1.212969 0.000000 0.000009
    11 0.000000 -1.164063 0.000001 -1.279286 0.000000 0.000000
    12 -0.018589 0.129953 -0.123721 -1.294580 0.001302 -1.635383
    13 -0.006160 0.170065 -0.110169 -1.280084 -0.068681 -1.597215
    14 0.047100 -0.104074 -0.352264 -1.243368 -0.257298 -1.694346
    15 0.949953 -3.617903 -0.344216 -0.086083 -0.009437 0.136644
    16 -0.021700 -1.596358 -0.003443 -0.097312 -0.005429 0.017474
    17 -0.002829 -0.937906 0.007065 -0.517639 0.009264 0.116405
    18 -0.022325 0.045424 -0.038284 -1.125544 -0.129230 -1.681412
    19 -0.042900 -0.061274 -0.071212 -1.124462 -0.060454 -1.586099
    20 0.063741 -0.109104 -0.248158 -1.142813 -0.125805 -1.693583
    21 -1.408203 -3.246094 -0.348633 -0.788776 0.052706 -0.017693
    22 0.013458 -1.204102 0.000000 -0.931992 0.000000 0.000000
    23 -0.013008 -0.789551 0.000000 -1.061140 0.000000 0.000000
    24 -0.011721 0.093267 0.017949 -1.687855 -0.079155 -1.575164
    25 0.048863 -0.085541 0.028626 -1.715605 -0.034569 -1.653190
    26 0.173918 -0.198416 -0.336163 -1.668104 -0.422317 -1.710956
    27 0.438974 -0.490226 0.396323 0.753443 -0.535162 -1.128013
    28 2.352359 0.010252 0.005009 -0.289528 -0.098622 -0.720659
    29 1.249212 0.004522 -0.002867 -0.000016 0.000022 -0.056030
    30 -0.267709 0.037512 -0.093907 2.913812 -0.143386 0.078467
    31 -0.029266 0.205408 -0.329287 2.788574 -0.255486 -0.188917
    32 0.204373 0.521055 -0.268577 2.886669 0.042206 -0.230367
    33 0.195697 -0.010059 -0.293538 -1.333586 0.150863 -1.672749
    34 1.257181 8.762590 -0.153713 -1.570562 0.002683 -1.566808
    35 -0.093500 -0.114213 -0.738866 -1.570842 0.061811 0.002096
    36 0.010843 0.093624 -0.081439 -3.141462 0.041719 -1.568236
    37 -4.595120 -8.012594 -10.696922 -5.791775 0.264077 2.030407
    38 0.108654 -10.673144 -0.005453 0.233827 0.144868 0.483695
    39 0.553428 -3.650577 -0.341066 -1.252286 -0.046218 -0.024582
    40 0.021778 -1.503640 0.001039 -0.508896 0.000001 -0.000004
    41 0.012045 -0.928479 -0.004583 -1.144508 -0.000002 -0.000001
    42 0.006928 0.005329 -0.181358 -1.528500 -0.248579 -1.611362
    43 -0.052313 0.038589 -0.230757 -1.592493 -0.043415 -1.528515
    44 -0.232600 -0.209656 -0.420669 -1.713790 -0.167173 -1.438930
    45 -0.214374 -3.741524 -0.346082 -1.135861 -0.000005 -0.000020
    46 0.019801 -1.578467 0.002264 -1.173383 0.000020 -0.000009
    47 0.000478 -1.172547 0.000249 -0.710959 0.000021 0.000018
    48 -0.038065 0.069166 -0.159883 -1.816986 0.066178 -1.575392
    49 -0.025151 0.088762 -0.068837 -1.817843 0.044510 -1.568287
    50 -0.102916 -0.186983 -0.272246 -1.833683 -0.232962 -1.472375
    51 -1.034178 -3.582044 -0.343160 -1.135531 0.000019 -0.000003
    52 0.001133 -1.610108 0.002370 -1.082300 0.000003 -0.000002
    53 0.005787 -0.946060 0.004418 -0.744343 0.000001 0.000001
    54 -0.004241 0.043707 -0.080203 -2.014997 -0.186996 -1.460723
    55 0.015383 -0.089136 -0.030010 -2.006083 0.036346 -1.568629
    56 -0.022610 -0.212357 -0.177905 -1.933161 -0.118801 -1.518895
    57 1.309013 -3.227548 -0.342207 -1.066211 -0.066932 -0.041063
    58 0.000595 -1.242324 0.006085 -0.041832 0.000004 0.000009
    59 0.003175 -0.774607 -0.004222 -0.887417 -0.000006 -0.000004
    60 -0.067138 0.063251 -0.010961 -0.899214 -0.014515 -1.600326
    61 -0.151180 -0.007395 -0.070065 -0.913061 -0.118819 -1.408558
    62 -0.178164 -0.244680 -0.357067 -1.159916 -0.384260 -1.556110
    63 -0.387544 -0.463665 0.383766 -0.840877 -0.643196 -2.422801
    64 2.472082 0.027425 0.001225 0.000015 0.000004 0.577651
    65 1.223419 0.009356 -0.005766 -0.000003 -0.000006 0.801293
    66 -0.263409 -0.117640 -0.015659 0.000036 -0.082210 -0.026800
    67 0.007707 -0.334360 -0.191575 0.070788 -0.181563 0.282364
    68 0.225562 -0.567923 -0.420715 0.119895 -0.183798 0.223460
    69 -0.203683 -0.095654 -0.328305 -1.745077 0.075142 -1.515382
    70 -1.393460 8.839182 -0.239439 1.580804 -0.005024 -1.566848
    71 0.036020 0.082815 -0.692656 -1.570769 0.065989 0.001276
    72 -0.088586 0.054020 -0.088594 0.010231 0.033800 -1.560851
    73 0.120153 -0.050270 -0.054489 -2.854024 0.030688 -1.580508
    74 -0.139399 -0.111694 0.014400 0.285395 -0.031353 1.580313
    75 -0.003479 -0.404833 0.000000 0.000000 0.000000 0.000000
    76 -0.313965 -4.589844 0.951660 -1.186316 1.434478 -1.173672
    77 0.000000 3.367188 0.862793 0.000000 0.000000 0.000000
    78 0.001152 -1.103516 1.960938 0.000000 0.000000 0.000000
    79 0.001152 -2.781250 2.525391 0.000000 0.000000 0.000000
    80 -7.599872 2.512387 -10.021051 -0.045062 -0.480533 0.099035
    81 -0.003574 -2.246094 1.304688 0.000000 0.000000 0.000000
    82 0.001150 -4.261719 1.683594 0.000000 0.000000 0.000000
  time 22
    0 1.629157 0.000000 0.541027 0.000000 0.000000 -1.570796
    1 1.552054 9.402817 -6.220377 2.323215 -1.303371 -1.421680
    2 -0.001605 -10.701926 -0.002571 0.050886 0.202124 0.097727
    3 -0.653320 -3.628906 -0.348633 -1.003534 -0.000001 -0.122159
    4 -0.013245 -1.509766 -0.000001 -1.090796 0.000000 0.000000
    5 0.000000 -0.953125 -0.000002 -1.223438 0.000000 0.000000
    6 0.007988 0.172184 -0.118553 -1.598091 -0.216549 -1.570593
    7 0.080660 0.135929 -0.203919 -1.506824 -0.066185 -1.662786
    8 0.117288 -0.155554 -0.604544 -1.412988 -0.374558 -1.569222
    9 0.128052 -3.763672 -0.348633 -0.890091 0.000000 -0.148347
    10 -0.006790 -1.567259 0.006726 -1.212969 0.000000 -0.000003
    11 0.000000 -1.164063 0.000001 -1.279286 0.000000 0.000000
    12 -0.018589 0.129953 -0.123721 -1.294580 0.001302 -1.635383
    13 -0.006160 0.170065 -0.110169 -1.280084 -0.068681 -1.597215
    14 0.047100 -0.104074 -0.352264 -1.243368 -0.257298 -1.694346
    15 0.949953 -3.617903 -0.348122 -0.077982 -0.009761 0.136763
    16 -0.021700 -1.596358 -0.007350 -0.079981 -0.007059 0.014346
    17 -0.006735 -0.941812 0.007065 -0.463467 0.002373 0.098285
    18 -0.022325 0.045424 -0.038284 -1.125544 -0.129230 -1.681412
    19 -0.042900 -0.061274 -0.071212 -1.124462 -0.060454 -1.586099
    20 0.063741 -0.109104 -0.248158 -1.142813 -0.125805 -1.693583
    21 -1.408203 -3.246094 -0.348633 -0.788776 0.052706 -0.017693
    22 0.013458 -1.204102 0.000000 -0.931992 0.000000 0.000000
    23 -0.013008 -0.789551 0.000000 -1.061140 0.000000 0.000000
    24 -0.011721 0.093267 0.017949 -1.687855 -0.079155 -1.575164
    25 0.048863 -0.085541 0.028626 -1.715605 -0.034569 -1.653190
    26 0.173918 -0.198416 -0.336163 -1.668104 -0.422317 -1.710956
    27 0.442881 -0.490226 0.392416 0.757301 -0.533952 -1.127225
    28 2.352359 0.010252 0.001103 -0.288880 -0.100515 -0.727102
    29 1.249212 0.004522 -0.002867 -0.000016 0.000022 -0.077044
    30 -0.267709 0.037512 -0.093907 2.913812 -0.143386 0.078467
    31 -0.029266 0.205408 -0.329287 2.788574 -0.255486 -0.188917
    32 0.204373 0.521055 -0.268577 2.886669 0.042206 -0.230367
    33 0.195697 -0.010059 -0.293538 -1.333586 0.150863 -1.672749
    34 1.257181 8.762590 -0.153713 -1.570562 0.002683 -1.566808
    35 -0.093500 -0.114213 -0.738866 -1.570842 0.061811 0.002096
    36 0.010843 0.093624 -0.081439 -3.141462 0.041719 -1.568236
    37 -3.239609 -8.407137 -10.462540 -5.894399 0.311607 1.983006
    38 0.104748 -10.673144 -0.005453 0.217176 0.081469 0.515341
    39 0.549521 -3.646670 -0.341066 -1.259874 -0.046218 -0.024582
    40 0.025684 -1.503640 0.001039 -0.511627 0.000001 -0.000004
    41 0.008139 -0.928479 -0.004583 -1.118107 -0.000002 -0.000001
    42 0.006928 0.005329 -0.181358 -1.528500 -0.248579 -1.611362
    43 -0.052313 0.038589 -0.230757 -1.592493 -0.043415 -1.528515
    44 -0.232600 -0.209656 -0.420669 -1.713790 -0.167173 -1.438930
    45 -0.218280 -3.741524 -0.346082 -1.149825 -0.000005 -0.000020
    46 0.019801 -1.578467 0.006170 -1.152119 0.000020 -0.000009
    47 0.000478 -1.172547 0.000249 -0.731288 0.000021 0.000018
    48 -0.038065 0.069166 -0.159883 -1.816986 0.066178 -1.575392
    49 -0.025151 0.088762 -0.068837 -1.817843 0.044510 -1.568287
    50 -0.102916 -0.186983 -0.272246 -1.833683 -0.232962 -1.472375
    51 -1.034178 -3.578138 -0.343160 -1.144064 0.000019 -0.000003
    52 0.001133 -1.610108 0.002370 -1.076052 0.000003 -0.000002
    53 0.005787 -0.946060 0.004418 -0.759849 0.000001 0.000001
    54 -0.004241 0.043707 -0.080203 -2.014997 -0.186996 -1.460723
    55 0.015383 -0.089136 -0.030010 -2.006083 0.036346 -1.568629
    56 -0.022610 -0.212357 -0.177905 -1.933161 -0.118801 -1.518895
    57 1.309013 -3.227548 -0.342207 -1.068851 -0.066932 -0.041063
    58 0.000595 -1.242324 0.006085 -0.061705 0.000004 0.000009
    59 0.003175 -0.774607 -0.004222 -0.890359 -0.000006 -0.000004
    60 -0.067138 0.063251 -0.010961 -0.899214 -0.014515 -1.600326
    61 -0.151180 -0.007395 -0.070065 -0.913061 -0.118819 -1.408558
    62 -0.178164 -0.244680 -0.357067 -1.159916 -0.384260 -1.556110
    63 -0.387544 -0.463665 0.383766 -0.845901 -0.633524 -2.412011
    64 2.472082 0.027425 0.001225 0.000015 0.000004 0.562150
    65 1.223419 0.009356 -0.005766 -0.000003 -0.000006 0.810551
    66 -0.263409 -0.117640 -0.015659 0.000036 -0.082210 -0.026800
    67 0.007707 -0.334360 -0.191575 0.070788 -0.181563 0.282364
    68 0.225562 -0.567923 -0.420715 0.119895 -0.183798 0.223460
    69 -0.203683 -0.095654 -0.328305 -1.745077 0.075142 -1.515382
    70 -1.393460 8.839182 -0.239439 1.580804 -0.005024 -1.566848
    71 0.036020 0.082815 -0.692656 -1.570769 0.065989 0.001276
    72 -0.088586 0.054020 -0.088594 0.010231 0.033800 -1.560851
    73 0.120153 -0.050270 -0.054489 -2.854024 0.030688 -1.580508
    74 -0.139399 -0.111694 0.014400 0.285395 -0.031353 1.580313
    75 -0.003479 -0.404833 0.000000 0.000000 0.000000 0.000000
    76 -0.313965 -4.589844 0.951660 -1.186316 1.434478 -1.173672
    77 0.000000 3.367188 0.862793 0.000000 0.000000 0.000000
    78 0.001152 -1.103516 1.960938 0.000000 0.000000 0.000000
    79 0.001152 -2.781250 2.525391 0.000000 0.000000 0.000000
    80 -6.654531 0.617798 -8.657728 -0.064005 -0.583569 0.127221
    81 -0.003574 -2.246094 1.304688 0.000000 0.000000 0.000000
    82 0.001150 -4.261719 1.683594 0.000000 0.000000 0.000000
  time 23
    0 1.629157 0.000000 0.541027 0.000000 0.000000 -1.570796
    1 1.563773 9.402817 -6.208658 2.322590 -1.302758 -1.421500
    2 -0.001605 -10.701926 -0.002571 0.045731 0.208771 0.097773
    3 -0.653320 -3.628906 -0.348633 -1.003534 -0.000001 -0.122159
    4 -0.013245 -1.509766 -0.000001 -1.090796 0.000000 0.000000
    5 0.000000 -0.953125 -0.000002 -1.223438 0.000000 0.000000
    6 0.007988 0.172184 -0.118553 -1.598091 -0.216549 -1.570593
    7 0.080660 0.135929 -0.203919 -1.506824 -0.066185 -1.662786
    8 0.117288 -0.155554 -0.604544 -1.412988 -0.374558 -1.569222
    9 0.128052 -3.763672 -0.348633 -0.890091 0.000000 -0.148347
    10 -0.006790 -1.567259 0.002820 -1.212969 0.000000 0.000009
    11 0.000000 -1.164063 0.000001 -1.279286 0.000000 0.000000
    12 -0.018589 0.129953 -0.123721 -1.294580 0.001302 -1.635383
    13 -0.006160 0.170065 -0.110169 -1.280084 -0.068681 -1.597215
    14 0.047100 -0.104074 -0.352264 -1.243368 -0.257298 -1.694346
    15 0.949953 -3.617903 -0.344216 -0.070839 -0.010037 0.136883
    16 -0.017794 -1.596358 -0.003443 -0.064034 -0.008521 0.011385
    17 -0.006735 -0.937906 0.007065 -0.411460 -0.003284 0.080416
    18 -0.022325 0.045424 -0.038284 -1.125544 -0.129230 -1.681412
    19 -0.042900 -0.061274 -0.071212 -1.124462 -0.060454 -1.586099
    20 0.063741 -0.109104 -0.248158 -1.142813 -0.125805 -1.693583
    21 -1.408203 -3.246094 -0.348633 -0.788776 0.052706 -0.017693
    22 0.013458 -1.204102 0.000000 -0.931992 0.000000 0.000000
    23 -0.013008 -0.789551 0.000000 -1.061140 0.000000 0.000000
    24 -0.011721 0.093267 0.017949 -1.687855 -0.079155 -1.575164
    25 0.048863 -0.085541 0.028626 -1.715605 -0.034569 -1.653190
    26 0.173918 -0.198416 -0.336163 -1.668104 -0.422317 -1.710956
    27 0.438974 -0.490226 0.396323 0.760501 -0.531951 -1.128266
    28 2.352359 0.010252 0.005009 -0.288605 -0.101342 -0.729856
    29 1.249212 0.004522 -0.002867 -0.000016 0.000022 -0.098850
    30 -0.267709 0.037512 -0.093907 2.913812 -0.143386 0.078467
    31 -0.029266 0.205408 -0.329287 2.788574 -0.255486 -0.188917
    32 0.204373 0.521055 -0.268577 2.886669 0.042206 -0.230367
    33 0.195697 -0.010059 -0.293538 -1.333586 0.150863 -1.672749
    34 1.257181 8.762590 -0.153713 -1.570562 0.002683 -1.566808
    35 -0.093500 -0.114213 -0.738866 -1.570842 0.061811 0.002096
    36 0.010843 0.093624 -0.081439 -3.141462 0.041719 -1.568236
    37 -1.720032 -8.829025 -10.435195 -6.005607 0.354510 1.929201
    38 0.108654 -10.673144 -0.005453 0.197216 0.014876 0.548840
    39 0.549521 -3.650577 -0.344972 -1.267262 -0.046218 -0.024582
    40 0.025684 -1.503640 0.001039 -0.514547 0.000001 -0.000004
    41 0.008139 -0.928479 -0.004583 -1.089112 -0.000002 -0.000001
    42 0.006928 0.005329 -0.181358 -1.528500 -0.248579 -1.611362
    43 -0.052313 0.038589 -0.230757 -1.592493 -0.043415 -1.528515
    44 -0.232600 -0.209656 -0.420669 -1.713790 -0.167173 -1.438930
    45 -0.218280 -3.737618 -0.346082 -1.163536 -0.000005 -0.000020
    46 0.019801 -1.578467 0.002264 -1.128799 0.000020 -0.000009
    47 0.004384 -1.172547 0.000249 -0.751932 0.000021 0.000018
    48 -0.038065 0.069166 -0.159883 -1.816986 0.066178 -1.575392
    49 -0.025151 0.088762 -0.068837 -1.817843 0.044510 -1.568287
    50 -0.102916 -0.186983 -0.272246 -1.833683 -0.232962 -1.472375
    51 -1.034178 -3.582044 -0.347066 -1.152437 0.000019 -0.000003
    52 0.001133 -1.610108 0.002370 -1.067599 0.000003 -0.000002
    53 0.001880 -0.946060 0.004418 -0.775123 0.000001 0.000001
    54 -0.004241 0.043707 -0.080203 -2.014997 -0.186996 -1.460723
    55 0.015383 -0.089136 -0.030010 -2.006083 0.036346 -1.568629
    56 -0.022610 -0.212357 -0.177905 -1.933161 -0.118801 -1.518895
    57 1.305107 -3.227548 -0.342207 -1.071621 -0.066932 -0.041063
    58 0.000595 -1.242324 0.002179 -0.083887 0.000004 0.000009
    59 0.003175 -0.774607 -0.000316 -0.892844 -0.000006 -0.000004
    60 -0.067138 0.063251 -0.010961 -0.899214 -0.014515 -1.600326
    61 -0.151180 -0.007395 -0.070065 -0.913061 -0.118819 -1.408558
    62 -0.178164 -0.244680 -0.357067 -1.159916 -0.384260 -1.556110
    63 -0.391451 -0.463665 0.379860 -0.849524 -0.623169 -2.401065
    64 2.472082 0.027425 0.001225 0.000015 0.000004 0.546548
    65 1.223419 0.009356 -0.005766 -0.000003 -0.000006 0.819503
    66 -0.263409 -0.117640 -0.015659 0.000036 -0.082210 -0.026800
    67 0.007707 -0.334360 -0.191575 0.070788 -0.181563 0.282364
    68 0.225562 -0.567923 -0.420715 0.119895 -0.183798 0.223460
    69 -0.203683 -0.095654 -0.328305 -1.745077 0.075142 -1.515382
    70 -1.393460 8.839182 -0.239439 1.580804 -0.005024 -1.566848
    71 0.036020 0.082815 -0.692656 -1.570769 0.065989 0.001276
    72 -0.088586 0.054020 -0.088594 0.010231 0.033800 -1.560851
    73 0.120153 -0.050270 -0.054489 -2.854024 0.030688 -1.580508
    74 -0.139399 -0.111694 0.014400 0.285395 -0.031353 1.580313
    75 -0.003479 -0.404833 0.000000 0.000000 0.000000 0.000000
    76 -0.313965 -4.589844 0.951660 -1.186316 1.434478 -1.173672
    77 0.000000 3.367188 0.862793 0.000000 0.000000 0.000000
    78 0.001152 -1.103516 1.960938 0.000000 0.000000 0.000000
    79 0.001152 -2.781250 2.525391 0.000000 0.000000 0.000000
    80 -5.670126 -1.343199 -7.220184 -0.088879 -0.690232 0.161446
    81 -0.003574 -2.246094 1.304688 0.000000 0.000000 0.000000
    82 0.001150 -4.261719 1.683594 0.000000 0.000000 0.000000
  time 24
    0 1.629157 0.000000 0.541027 0.000000 0.000000 -1.570796
    1 1.583305 9.391098 -6.220377 2.322679 -1.303466 -1.421230
    2 -0.001605 -10.701926 -0.002571 0.042387 0.212187 0.097290
    3 -0.653320 -3.628906 -0.348633 -1.003534 -0.000001 -0.122159
    4 -0.013245 -1.509766 -0.000001 -1.090796 0.000000 0.000000
    5 0.000000 -0.953125 -0.000002 -1.223438 0.000000 0.000000
    6 0.007988 0.172184 -0.118553 -1.598091 -0.216549 -1.570593
    7 0.080660 0.135929 -0.203919 -1.506824 -0.066185 -1.662786
    8 0.117288 -0.155554 -0.604544 -1.412988 -0.374558 -1.569222
    9 0.128052 -3.763672 -0.348633 -0.890091 0.000000 -0.148347
    10 -0.006790 -1.567259 0.006726 -1.212969 0.000000 0.000009
    11 0.000000 -1.164063 0.000001 -1.279286 0.000000 0.000000
    12 -0.018589 0.129953 -0.123721 -1.294580 0.001302 -1.635383
    13 -0.006160 0.170065 -0.110169 -1.280084 -0.068681 -1.597215
    14 0.047100 -0.104074 -0.352264 -1.243368 -0.257298 -1.694346
    15 0.953860 -3.617903 -0.348122 -0.064775 -0.010252 0.136979
    16 -0.017794 -1.596358 -0.003443 -0.049703 -0.009767 0.008749
    17 -0.006735 -0.941812 0.007065 -0.362337 -0.007790 0.063230
    18 -0.022325 0.045424 -0.038284 -1.125544 -0.129230 -1.681412
    19 -0.042900 -0.061274 -0.071212 -1.124462 -0.060454 -1.586099
    20 0.063741 -0.109104 -0.248158 -1.142813 -0.125805 -1.693583
    21 -1.408203 -3.246094 -0.348633 -0.788776 0.052706 -0.017693
    22 0.013458 -1.204102 0.000000 -0.931992 0.000000 0.000000
    23 -0.013008 -0.789551 0.000000 -1.061140 0.000000 0.000000
    24 -0.011721 0.093267 0.017949 -1.687855 -0.079155 -1.575164
    25 0.048863 -0.085541 0.028626 -1.715605 -0.034569 -1.653190
    26 0.173918 -0.198416 -0.336163 -1.668104 -0.422317 -1.710956
    27 0.442881 -0.490226 0.396323 0.763131 -0.529296 -1.130827
    28 2.352359 0.010252 0.005009 -0.288797 -0.100791 -0.727986
    29 1.249212 0.004522 -0.002867 -0.000016 0.000022 -0.121001
    30 -0.267709 0.037512 -0.093907 2.913812 -0.143386 0.078467
    31 -0.029266 0.205408 -0.329287 2.788574 -0.255486 -0.188917
    32 0.204373 0.521055 -0.268577 2.886669 0.042206 -0.230367
    33 0.195697 -0.010059 -0.293538 -1.333586 0.150863 -1.672749
    34 1.257181 8.762590 -0.153713 -1.570562 0.002683 -1.566808
    35 -0.093500 -0.114213 -0.738866 -1.570842 0.061811 0.002096
    36 0.010843 0.093624 -0.081439 -3.141462 0.041719 -1.568236
    37 -0.059825 -9.317321 -10.700829 -6.125781 0.391384 1.868899
    38 0.104748 -10.673144 -0.005453 0.174056 -0.053438 0.584136
    39 0.549521 -3.646670 -0.344972 -1.274450 -0.046218 -0.024582
    40 0.025684 -1.503640 0.001039 -0.517090 0.000001 -0.000004
    41 0.012045 -0.928479 -0.004583 -1.058319 -0.000002 -0.000001
    42 0.006928 0.005329 -0.181358 -1.528500 -0.248579 -1.611362
    43 -0.052313 0.038589 -0.230757 -1.592493 -0.043415 -1.528515
    44 -0.232600 -0.209656 -0.420669 -1.713790 -0.167173 -1.438930
    45 -0.218280 -3.737618 -0.346082 -1.176739 -0.000005 -0.000020
    46 0.019801 -1.578467 0.006170 -1.103893 0.000020 -0.000009
    47 0.004384 -1.172547 0.000249 -0.772461 0.000021 0.000018
    48 -0.038065 0.069166 -0.159883 -1.816986 0.066178 -1.575392
    49 -0.025151 0.088762 -0.068837 -1.817843 0.044510 -1.568287
    50 -0.102916 -0.186983 -0.272246 -1.833683 -0.232962 -1.472375
    51 -1.030272 -3.578138 -0.347066 -1.160529 0.000019 -0.000003
    52 0.001133 -1.610108 0.002370 -1.057518 0.000003 -0.000002
    53 0.005787 -0.946060 0.000512 -0.790047 0.000001 0.000001
    54 -0.004241 0.043707 -0.080203 -2.014997 -0.186996 -1.460723
    55 0.015383 -0.089136 -0.030010 -2.006083 0.036346 -1.568629
    56 -0.022610 -0.212357 -0.177905 -1.933161 -0.118801 -1.518895
    57 1.305107 -3.227548 -0.342207 -1.074521 -0.066932 -0.041063
    58 0.000595 -1.242324 0.006085 -0.107476 0.000004 0.000009
    59 0.003175 -0.774607 -0.000316 -0.894975 -0.000006 -0.000004
    60 -0.067138 0.063251 -0.010961 -0.899214 -0.014515 -1.600326
    61 -0.151180 -0.007395 -0.070065 -0.913061 -0.118819 -1.408558
    62 -0.178164 -0.244680 -0.357067 -1.159916 -0.384260 -1.556110
    63 -0.387544 -0.463665 0.379860 -0.852058 -0.612493 -2.390172
    64 2.472082 0.027425 0.005131 0.000015 0.000004 0.531449
    65 1.223419 0.009356 -0.005766 -0.000003 -0.000006 0.828232
    66 -0.263409 -0.117640 -0.015659 0.000036 -0.082210 -0.026800
    67 0.007707 -0.334360 -0.191575 0.070788 -0.181563 0.282364
    68 0.225562 -0.567923 -0.420715 0.119895 -0.183798 0.223460
    69 -0.203683 -0.095654 -0.328305 -1.745077 0.075142 -1.515382
    70 -1.393460 8.839182 -0.239439 1.580804 -0.005024 -1.566848
    71 0.036020 0.082815 -0.692656 -1.570769 0.065989 0.001276
    72 -0.088586 0.054020 -0.088594 0.010231 0.033800 -1.560851
    73 0.120153 -0.050270 -0.054489 -2.854024 0.030688 -1.580508
    74 -0.139399 -0.111694 0.014400 0.285395 -0.031353 1.580313
    75 -0.003479 -0.404833 0.000000 0.000000 0.000000 0.000000
    76 -0.313965 -4.589844 0.951660 -1.186316 1.434478 -1.173672
    77 0.000000 3.367188 0.862793 0.000000 0.000000 0.000000
    78 0.001152 -1.103516 1.960938 0.000000 0.000000 0.000000
    79 0.001152 -2.781250 2.525391 0.000000 0.000000 0.000000
    80 -4.666189 -3.327635 -5.755295 -0.122747 -0.799186 0.204301
    81 -0.003574 -2.246094 1.304688 0.000000 0.000000 0.000000
    82 0.001150 -4.261719 1.683594 0.000000 0.000000 0.000000
  time 25
    0 1.629157 0.000000 0.541027 0.000000 0.000000 -1.570796
    1 1.583305 9.367659 -6.236002 2.323662 -1.305305 -1.420960
    2 -0.001605 -10.701926 -0.006478 0.040645 0.212695 0.096346
    3 -0.653320 -3.628906 -0.348633 -1.003534 -0.000001 -0.122159
    4 -0.013245 -1.509766 -0.000001 -1.090796 0.000000 0.000000
    5 0.000000 -0.953125 -0.000002 -1.223438 0.000000 0.000000
    6 0.007988 0.172184 -0.118553 -1.598091 -0.216549 -1.570593
    7 0.080660 0.135929 -0.203919 -1.506824 -0.066185 -1.662786
    8 0.117288 -0.155554 -0.604544 -1.412988 -0.374558 -1.569222
    9 0.128052 -3.763672 -0.348633 -0.890091 0.000000 -0.148347
    10 -0.002884 -1.567259 0.006726 -1.212969 0.000000 -0.000003
    11 0.000000 -1.164063 0.000001 -1.279286 0.000000 0.000000
    12 -0.018589 0.129953 -0.123721 -1.294580 0.001302 -1.635383
    13 -0.006160 0.170065 -0.110169 -1.280084 -0.068681 -1.597215
    14 0.047100 -0.104074 -0.352264 -1.243368 -0.257298 -1.694346
    15 0.949953 -3.617903 -0.344216 -0.059837 -0.010444 0.137063
    16 -0.021700 -1.596358 -0.007350 -0.037320 -0.010858 0.006424
    17 -0.002829 -0.941812 0.007065 -0.316960 -0.011193 0.047122
    18 -0.022325 0.045424 -0.038284 -1.125544 -0.129230 -1.681412
    19 -0.042900 -0.061274 -0.071212 -1.124462 -0.060454 -1.586099
    20 0.063741 -0.109104 -0.248158 -1.142813 -0.125805 -1.693583
    21 -1.408203 -3.246094 -0.348633 -0.788776 0.052706 -0.017693
    22 0.013458 -1.204102 0.000000 -0.931992 0.000000 0.000000
    23 -0.013008 -0.789551 0.000000 -1.061140 0.000000 0.000000
    24 -0.011721 0.093267 0.017949 -1.687855 -0.079155 -1.575164
    25 0.048863 -0.085541 0.028626 -1.715605 -0.034569 -1.653190
    26 0.173918 -0.198416 -0.336163 -1.668104 -0.422317 -1.710956
    27 0.438974 -0.490226 0.396323 0.765235 -0.526110 -1.134626
    28 2.352359 0.010252 0.005009 -0.289336 -0.099173 -0.722503
    29 1.249212 0.004522 -0.006774 -0.000016 0.000022 -0.143132
    30 -0.267709 0.037512 -0.093907 2.913812 -0.143386 0.078467
    31 -0.029266 0.205408 -0.329287 2.788574 -0.255486 -0.188917
    32 0.204373 0.521055 -0.268577 2.886669 0.042206 -0.230367
    33 0.195697 -0.010059 -0.293538 -1.333586 0.150863 -1.672749
    34 1.257181 8.762590 -0.153713 -1.570562 0.002683 -1.566808
    35 -0.093500 -0.114213 -0.738866 -1.570842 0.061811 0.002096
    36 0.010843 0.093624 -0.081439 -3.141462 0.041719 -1.568236
    37 1.756637 -9.848587 -11.181312 -6.254729 0.420967 1.802384
    38 0.108654 -10.673144 -0.005453 0.147721 -0.122229 0.621145
    39 0.549521 -3.650577 -0.344972 -1.281389 -0.046218 -0.024582
    40 0.025684 -1.503640 0.001039 -0.519539 0.000001 -0.000004
    41 0.008139 -0.928479 -0.004583 -1.026732 -0.000002 -0.000001
    42 0.006928 0.005329 -0.181358 -1.528500 -0.248579 -1.611362
    43 -0.052313 0.038589 -0.230757 -1.592493 -0.043415 -1.528515
    44 -0.232600 -0.209656 -0.420669 -1.713790 -0.167173 -1.438930
    45 -0.218280 -3.741524 -0.346082 -1.189603 -0.000005 -0.000020
    46 0.019801 -1.578467 0.006170 -1.078223 0.000020 -0.000009
    47 0.004384 -1.176453 0.000249 -0.792647 0.000021 0.000018
    48 -0.038065 0.069166 -0.159883 -1.816986 0.066178 -1.575392
    49 -0.025151 0.088762 -0.068837 -1.817843 0.044510 -1.568287
    50 -0.102916 -0.186983 -0.272246 -1.833683 -0.232962 -1.472375
    51 -1.030272 -3.582044 -0.347066 -1.168381 0.000019 -0.000003
    52 0.001133 -1.610108 0.006276 -1.046282 0.000003 -0.000002
    53 0.001880 -0.946060 0.000512 -0.804448 0.000001 0.000001
    54 -0.004241 0.043707 -0.080203 -2.014997 -0.186996 -1.460723
    55 0.015383 -0.089136 -0.030010 -2.006083 0.036346 -1.568629
    56 -0.022610 -0.212357 -0.177905 -1.933161 -0.118801 -1.518895
    57 1.305107 -3.227548 -0.342207 -1.077594 -0.066932 -0.041063
    58 0.000595 -1.242324 0.002179 -0.132022 0.000004 0.000009
    59 0.003175 -0.774607 -0.000316 -0.896598 -0.000006 -0.000004
    60 -0.067138 0.063251 -0.010961 -0.899214 -0.014515 -1.600326
    61 -0.151180 -0.007395 -0.070065 -0.913061 -0.118819 -1.408558
    62 -0.178164 -0.244680 -0.357067 -1.159916 -0.384260 -1.556110
    63 -0.387544 -0.463665 0.379860 -0.853614 -0.601717 -2.379433
    64 2.472082 0.027425 0.001225 0.000015 0.000004 0.517488
    65 1.227325 0.009356 -0.005766 -0.000003 -0.000006 0.836712
    66 -0.263409 -0.117640 -0.015659 0.000036 -0.082210 -0.026800
    67 0.007707 -0.334360 -0.191575 0.070788 -0.181563 0.282364
    68 0.225562 -0.567923 -0.420715 0.119895 -0.183798 0.223460
    69 -0.203683 -0.095654 -0.328305 -1.745077 0.075142 -1.515382
    70 -1.393460 8.839182 -0.239439 1.580804 -0.005024 -1.566848
    71 0.036020 0.082815 -0.692656 -1.570769 0.065989 0.001276
    72 -0.088586 0.054020 -0.088594 0.010231 0.033800 -1.560851
    73 0.120153 -0.050270 -0.054489 -2.854024 0.030688 -1.580508
    74 -0.139399 -0.111694 0.014400 0.285395 -0.031353 1.580313
    75 -0.003479 -0.404833 0.000000 0.000000 0.000000 0.000000
    76 -0.313965 -4.589844 0.951660 -1.186316 1.434478 -1.173672
    77 0.000000 3.367188 0.862793 0.000000 0.000000 0.000000
    78 0.001152 -1.103516 1.960938 0.000000 0.000000 0.000000
    79 0.001152 -2.781250 2.525391 0.000000 0.000000 0.000000
    80 -3.673971 -5.269100 -4.306032 -0.169435 -0.908951 0.259618
    81 -0.003574 -2.246094 1.304688 0.000000 0.000000 0.000000
    82 0.001150 -4.261719 1.683594 0.000000 0.000000 0.000000
  time 26
    0 1.629157 0.000000 0.541027 0.000000 0.000000 -1.570796
    1 1.591118 9.328596 -6.263347 2.325091 -1.307946 -1.420690
    2 -0.001605 -10.701926 -0.006478 0.040436 0.210756 0.095126
    3 -0.653320 -3.628906 -0.348633 -1.003534 -0.000001 -0.122159
    4 -0.013245 -1.509766 -0.000001 -1.090796 0.000000 0.000000
    5 0.000000 -0.953125 -0.000002 -1.223438 0.000000 0.000000
    6 0.007988 0.172184 -0.118553 -1.598091 -0.216549 -1.570593
    7 0.080660 0.135929 -0.203919 -1.506824 -0.066185 -1.662786
    8 0.117288 -0.155554 -0.604544 -1.412988 -0.374558 -1.569222
    9 0.128052 -3.763672 -0.348633 -0.890091 0.000000 -0.148347
    10 -0.006790 -1.563353 0.006726 -1.212969 0.000000 -0.000003
    11 0.000000 -1.164063 0.000001 -1.279286 0.000000 0.000000
    12 -0.018589 0.129953 -0.123721 -1.294580 0.001302 -1.635383
    13 -0.006160 0.170065 -0.110169 -1.280084 -0.068681 -1.597215
    14 0.047100 -0.104074 -0.352264 -1.243368 -0.257298 -1.694346
    15 0.953860 -3.617903 -0.348122 -0.056134 -0.010600 0.137123
    16 -0.021700 -1.596358 -0.007350 -0.027116 -0.011709 0.004494
    17 -0.006735 -0.941812 0.007065 -0.276082 -0.013614 0.032501
    18 -0.022325 0.045424 -0.038284 -1.125544 -0.129230 -1.681412
    19 -0.042900 -0.061274 -0.071212 -1.124462 -0.060454 -1.586099
    20 0.063741 -0.109104 -0.248158 -1.142813 -0.125805 -1.693583
    21 -1.408203 -3.246094 -0.348633 -0.788776 0.052706 -0.017693
    22 0.013458 -1.204102 0.000000 -0.931992 0.000000 0.000000
    23 -0.013008 -0.789551 0.000000 -1.061140 0.000000 0.000000
    24 -0.011721 0.093267 0.017949 -1.687855 -0.079155 -1.575164
    25 0.048863 -0.085541 0.028626 -1.715605 -0.034569 -1.653190
    26 0.173918 -0.198416 -0.336163 -1.668104 -0.422317 -1.710956
    27 0.442881 -0.490226 0.392416 0.766879 -0.522578 -1.139354
    28 2.352359 0.010252 0.005009 -0.290139 -0.096764 -0.714418
    29 1.245306 0.004522 -0.002867 -0.000016 0.000022 -0.186378
    30 -0.267709 0.037512 -0.093907 2.913812 -0.143386 0.078467
    31 -0.029266 0.205408 -0.329287 2.788574 -0.255486 -0.188917
    32 0.204373 0.521055 -0.268577 2.886669 0.042206 -0.230367
    33 0.195697 -0.010059 -0.293538 -1.333586 0.150863 -1.672749
    34 1.257181 8.762590 -0.153713 -1.570562 0.002683 -1.566808
    35 -0.093500 -0.114213 -0.738866 -1.570842 0.061811 0.002096
    36 0.010843 0.093624 -0.081439 -3.141462 0.041719 -1.568236
    37 3.619975 -10.332977 -11.650076 -0.102229 0.442139 1.733768
    38 0.104748 -10.673144 -0.005453 0.118454 -0.190004 0.659530
    39 0.549521 -3.646670 -0.341066 -1.288128 -0.046218 -0.024582
    40 0.021778 -1.503640 0.001039 -0.521799 0.000001 -0.000004
    41 0.008139 -0.928479 -0.004583 -0.995092 -0.000002 -0.000001
    42 0.006928 0.005329 -0.181358 -1.528500 -0.248579 -1.611362
    43 -0.052313 0.038589 -0.230757 -1.592493 -0.043415 -1.528515
    44 -0.232600 -0.209656 -0.420669 -1.713790 -0.167173 -1.438930
    45 -0.218280 -3.741524 -0.346082 -1.202087 -0.000005 -0.000020
    46 0.019801 -1.578467 0.002264 -1.052671 0.000020 -0.000009
    47 0.004384 -1.176453 0.000249 -0.812176 0.000021 0.000018
    48 -0.038065 0.069166 -0.159883 -1.816986 0.066178 -1.575392
    49 -0.025151 0.088762 -0.068837 -1.817843 0.044510 -1.568287
    50 -0.102916 -0.186983 -0.272246 -1.833683 -0.232962 -1.472375
    51 -1.034178 -3.582044 -0.347066 -1.176033 0.000019 -0.000003
    52 0.001133 -1.610108 0.002370 -1.034521 0.000003 -0.000002
    53 0.005787 -0.946060 0.004418 -0.818208 0.000001 0.000001
    54 -0.004241 0.043707 -0.080203 -2.014997 -0.186996 -1.460723
    55 0.015383 -0.089136 -0.030010 -2.006083 0.036346 -1.568629
    56 -0.022610 -0.212357 -0.177905 -1.933161 -0.118801 -1.518895
    57 1.305107 -3.227548 -0.342207 -1.080754 -0.066932 -0.041063
    58 0.000595 -1.242324 0.006085 -0.156906 0.000004 0.000009
    59 0.003175 -0.774607 -0.004222 -0.897866 -0.000006 -0.000004
    60 -0.067138 0.063251 -0.010961 -0.899214 -0.014515 -1.600326
    61 -0.151180 -0.007395 -0.070065 -0.913061 -0.118819 -1.408558
    62 -0.178164 -0.244680 -0.357067 -1.159916 -0.384260 -1.556110
    63 -0.391451 -0.463665 0.379860 -0.854437 -0.591101 -2.369159
    64 2.472082 0.027425 0.001225 0.000015 0.000004 0.505201
    65 1.227325 0.009356 -0.005766 -0.000003 -0.000006 0.844858
    66 -0.263409 -0.117640 -0.015659 0.000036 -0.082210 -0.026800
    67 0.007707 -0.334360 -0.191575 0.070788 -0.181563 0.282364
    68 0.225562 -0.567923 -0.420715 0.119895 -0.183798 0.223460
    69 -0.203683 -0.095654 -0.328305 -1.745077 0.075142 -1.515382
    70 -1.393460 8.839182 -0.239439 1.580804 -0.005024 -1.566848
    71 0.036020 0.082815 -0.692656 -1.570769 0.065989 0.001276
    72 -0.088586 0.054020 -0.088594 0.010231 0.033800 -1.560851
    73 0.120153 -0.050270 -0.054489 -2.854024 0.030688 -1.580508
    74 -0.139399 -0.111694 0.014400 0.285395 -0.031353 1.580313
    75 -0.003479 -0.404833 0.000000 0.000000 0.000000 0.000000
    76 -0.313965 -4.589844 0.951660 -1.186316 1.434478 -1.173672
    77 0.000000 3.367188 0.862793 0.000000 0.000000 0.000000
    78 0.001152 -1.103516 1.960938 0.000000 0.000000 0.000000
    79 0.001152 -2.781250 2.525391 0.000000 0.000000 0.000000
    80 -2.716910 -7.112906 -2.884114 -0.236215 -1.017762 0.334781
    81 -0.003574 -2.246094 1.304688 0.000000 0.000000 0.000000
    82 0.001150 -4.261719 1.683594 0.000000 0.000000 0.000000
  time 27
    0 1.629157 0.000000 0.541027 0.000000 0.000000 -1.570796
    1 1.591118 9.289532 -6.298504 2.327056 -1.311389 -1.420150
    2 -0.001605 -10.701926 -0.002571 0.041446 0.206925 0.093745
    3 -0.653320 -3.628906 -0.348633 -1.003534 -0.000001 -0.122159
    4 -0.013245 -1.509766 -0.000001 -1.090796 0.000000 0.000000
    5 0.000000 -0.953125 -0.000002 -1.223438 0.000000 0.000000
    6 0.007988 0.172184 -0.118553 -1.598091 -0.216549 -1.570593
    7 0.080660 0.135929 -0.203919 -1.506824 -0.066185 -1.662786
    8 0.117288 -0.155554 -0.604544 -1.412988 -0.374558 -1.569222
    9 0.128052 -3.763672 -0.348633 -0.890091 0.000000 -0.148347
    10 -0.006790 -1.567259 0.006726 -1.212969 0.000000 0.000009
    11 0.000000 -1.164063 0.000001 -1.279286 0.000000 0.000000
    12 -0.018589 0.129953 -0.123721 -1.294580 0.001302 -1.635383
    13 -0.006160 0.170065 -0.110169 -1.280084 -0.068681 -1.597215
    14 0.047100 -0.104074 -0.352264 -1.243368 -0.257298 -1.694346
    15 0.949953 -3.617903 -0.344216 -0.053090 -0.010720 0.137183
    16 -0.021700 -1.596358 -0.003443 -0.019322 -0.012320 0.003092
    17 -0.006735 -0.941812 0.007065 -0.240666 -0.015244 0.019774
    18 -0.022325 0.045424 -0.038284 -1.125544 -0.129230 -1.681412
    19 -0.042900 -0.061274 -0.071212 -1.124462 -0.060454 -1.586099
    20 0.063741 -0.109104 -0.248158 -1.142813 -0.125805 -1.693583
    21 -1.408203 -3.246094 -0.348633 -0.788776 0.052706 -0.017693
    22 0.013458 -1.204102 0.000000 -0.931992 0.000000 0.000000
    23 -0.013008 -0.789551 0.000000 -1.061140 0.000000 0.000000
    24 -0.011721 0.093267 0.017949 -1.687855 -0.079155 -1.575164
    25 0.048863 -0.085541 0.028626 -1.715605 -0.034569 -1.653190
    26 0.173918 -0.198416 -0.336163 -1.668104 -0.422317 -1.710956
    27 0.438974 -0.490226 0.396323 0.768040 -0.518811 -1.144701
    28 2.352359 0.010252 0.005009 -0.291062 -0.093888 -0.704715
    29 1.249212 0.004522 -0.002867 -0.000016 0.000022 -0.258171
    30 -0.267709 0.037512 -0.093907 2.913812 -0.143386 0.078467
    31 -0.029266 0.205408 -0.329287 2.788574 -0.255486 -0.188917
    32 0.204373 0.521055 -0.268577 2.886669 0.042206 -0.230367
    33 0.195697 -0.010059 -0.293538 -1.333586 0.150863 -1.672749
    34 1.257181 8.762590 -0.153713 -1.570562 0.002683 -1.566808
    35 -0.093500 -0.114213 -0.738866 -1.570842 0.061811 0.002096
    36 0.010843 0.093624 -0.081439 -3.141462 0.041719 -1.568236
    37 5.573159 -10.778303 -12.040713 -0.233275 0.454991 1.664673
    38 0.104748 -10.673144 -0.001547 0.086632 -0.255519 0.699009
    39 0.549521 -3.646670 -0.344972 -1.294517 -0.046218 -0.024582
    40 0.025684 -1.503640 0.001039 -0.523871 0.000001 -0.000004
    41 0.008139 -0.928479 -0.004583 -0.964404 -0.000002 -0.000001
    42 0.006928 0.005329 -0.181358 -1.528500 -0.248579 -1.611362
    43 -0.052313 0.038589 -0.230757 -1.592493 -0.043415 -1.528515
    44 -0.232600 -0.209656 -0.420669 -1.713790 -0.167173 -1.438930
    45 -0.218280 -3.737618 -0.346082 -1.213978 -0.000005 -0.000020
    46 0.015894 -1.578467 0.006170 -1.027765 0.000020 -0.000009
    47 0.004384 -1.172547 0.000249 -0.830761 0.000021 0.000018
    48 -0.038065 0.069166 -0.159883 -1.816986 0.066178 -1.575392
    49 -0.025151 0.088762 -0.068837 -1.817843 0.044510 -1.568287
    50 -0.102916 -0.186983 -0.272246 -1.833683 -0.232962 -1.472375
    51 -1.030272 -3.578138 -0.343160 -1.183324 0.000019 -0.000003
    52 0.001133 -1.610108 0.002370 -1.022865 0.000003 -0.000002
    53 0.005787 -0.946060 0.004418 -0.831183 0.000001 0.000001
    54 -0.004241 0.043707 -0.080203 -2.014997 -0.186996 -1.460723
    55 0.015383 -0.089136 -0.030010 -2.006083 0.036346 -1.568629
    56 -0.022610 -0.212357 -0.177905 -1.933161 -0.118801 -1.518895
    57 1.309013 -3.227548 -0.342207 -1.084043 -0.066932 -0.041063
    58 0.000595 -1.242324 0.006085 -0.181283 0.000004 0.000009
    59 0.003175 -0.774607 -0.000316 -0.898678 -0.000006 -0.000004
    60 -0.067138 0.063251 -0.010961 -0.899214 -0.014515 -1.600326
    61 -0.151180 -0.007395 -0.070065 -0.913061 -0.118819 -1.408558
    62 -0.178164 -0.244680 -0.357067 -1.159916 -0.384260 -1.556110
    63 -0.387544 -0.463665 0.383766 -0.854770 -0.580867 -2.359350
    64 2.472082 0.027425 0.001225 0.000015 0.000004 0.495090
    65 1.223419 0.009356 -0.005766 -0.000003 -0.000006 0.852781
    66 -0.263409 -0.117640 -0.015659 0.000036 -0.082210 -0.026800
    67 0.007707 -0.334360 -0.191575 0.070788 -0.181563 0.282364
    68 0.225562 -0.567923 -0.420715 0.119895 -0.183798 0.223460
    69 -0.203683 -0.095654 -0.328305 -1.745077 0.075142 -1.515382
    70 -1.393460 8.839182 -0.239439 1.580804 -0.005024 -1.566848
    71 0.036020 0.082815 -0.692656 -1.570769 0.065989 0.001276
    72 -0.088586 0.054020 -0.088594 0.010231 0.033800 -1.560851
    73 0.120153 -0.050270 -0.054489 -2.854024 0.030688 -1.580508
    74 -0.139399 -0.111694 0.014400 0.285395 -0.031353 1.580313
    75 -0.003479 -0.404833 0.000000 0.000000 0.000000 0.000000
    76 -0.313965 -4.589844 0.951660 -1.186316 1.434478 -1.173672
    77 0.000000 3.367188 0.862793 0.000000 0.000000 0.000000
    78 0.001152 -1.103516 1.960938 0.000000 0.000000 0.000000
    79 0.001152 -2.781250 2.525391 0.000000 0.000000 0.000000
    80 -1.826258 -8.792645 -1.555948 -0.335714 -1.123041 0.442348
    81 -0.003574 -2.246094 1.304688 0.000000 0.000000 0.000000
    82 0.001150 -4.261719 1.683594 0.000000 0.000000 0.000000
  time 28
    0 1.629157 0.000000 0.541027 0.000000 0.000000 -1.570796
    1 1.583305 9.242656 -6.345381 2.329557 -1.315445 -1.419880
    2 -0.001605 -10.701926 -0.006478 0.043606 0.201524 0.092248
    3 -0.653320 -3.628906 -0.348633 -1.003534 -0.000001 -0.122159
    4 -0.013245 -1.509766 -0.000001 -1.090796 0.000000 0.000000
    5 0.000000 -0.953125 -0.000002 -1.223438 0.000000 0.000000
    6 0.007988 0.172184 -0.118553 -1.598091 -0.216549 -1.570593
    7 0.080660 0.135929 -0.203919 -1.506824 -0.066185 -1.662786
    8 0.117288 -0.155554 -0.604544 -1.412988 -0.374558 -1.569222
    9 0.128052 -3.763672 -0.348633 -0.890091 0.000000 -0.148347
    10 -0.006790 -1.567259 0.006726 -1.212969 0.000000 0.000009
    11 0.000000 -1.164063 0.000001 -1.279286 0.000000 0.000000
    12 -0.018589 0.129953 -0.123721 -1.294580 0.001302 -1.635383
    13 -0.006160 0.170065 -0.110169 -1.280084 -0.068681 -1.597215
    14 0.047100 -0.104074 -0.352264 -1.243368 -0.257298 -1.694346
    15 0.949953 -3.617903 -0.348122 -0.050130 -0.010840 0.137231
    16 -0.021700 -1.596358 -0.003443 -0.014194 -0.012740 0.002205
    17 -0.006735 -0.941812 0.007065 -0.211399 -0.016275 0.009275
    18 -0.022325 0.045424 -0.038284 -1.125544 -0.129230 -1.681412
    19 -0.042900 -0.061274 -0.071212 -1.124462 -0.060454 -1.586099
    20 0.063741 -0.109104 -0.248158 -1.142813 -0.125805 -1.693583
    21 -1.408203 -3.246094 -0.348633 -0.788776 0.052706 -0.017693
    22 0.013458 -1.204102 0.000000 -0.931992 0.000000 0.000000
    23 -0.013008 -0.789551 0.000000 -1.061140 0.000000 0.000000
    24 -0.011721 0.093267 0.017949 -1.687855 -0.079155 -1.575164
    25 0.048863 -0.085541 0.028626 -1.715605 -0.034569 -1.653190
    26 0.173918 -0.198416 -0.336163 -1.668104 -0.422317 -1.710956
    27 0.438974 -0.486320 0.392416 0.768917 -0.515020 -1.150357
    28 2.352359 0.014158 0.005009 -0.291996 -0.090784 -0.694381
    29 1.249212 0.004522 -0.002867 -0.000016 0.000022 -0.337050
    30 -0.267709 0.037512 -0.093907 2.913812 -0.143386 0.078467
    31 -0.029266 0.205408 -0.329287 2.788574 -0.255486 -0.188917
    32 0.204373 0.521055 -0.268577 2.886669 0.042206 -0.230367
    33 0.195697 -0.010059 -0.293538 -1.333586 0.150863 -1.672749
    34 1.257181 8.762590 -0.153713 -1.570562 0.002683 -1.566808
    35 -0.093500 -0.114213 -0.738866 -1.570842 0.061811 0.002096
    36 0.010843 0.093624 -0.081439 -3.141462 0.041719 -1.568236
    37 7.577127 -11.184566 -12.431350 -0.363558 0.459758 1.596152
    38 0.104748 -10.673144 -0.005453 0.052820 -0.317466 0.738967
    39 0.549521 -3.650577 -0.344972 -1.300707 -0.046218 -0.024582
    40 0.021778 -1.503640 0.001039 -0.525943 0.000001 -0.000004
    41 0.012045 -0.928479 -0.004583 -0.935621 -0.000002 -0.000001
    42 0.006928 0.005329 -0.181358 -1.528500 -0.248579 -1.611362
    43 -0.052313 0.038589 -0.230757 -1.592493 -0.043415 -1.528515
    44 -0.232600 -0.209656 -0.420669 -1.713790 -0.167173 -1.438930
    45 -0.218280 -3.737618 -0.346082 -1.225361 -0.000005 -0.000020
    46 0.019801 -1.582373 0.002264 -1.004445 0.000020 -0.000009
    47 0.004384 -1.172547 0.000249 -0.848059 0.000021 0.000018
    48 -0.038065 0.069166 -0.159883 -1.816986 0.066178 -1.575392
    49 -0.025151 0.088762 -0.068837 -1.817843 0.044510 -1.568287
    50 -0.102916 -0.186983 -0.272246 -1.833683 -0.232962 -1.472375
    51 -1.034178 -3.582044 -0.347066 -1.190254 0.000019 -0.000003
    52 0.001133 -1.610108 0.002370 -1.011734 0.000003 -0.000002
    53 0.005787 -0.946060 0.004418 -0.843227 0.000001 0.000001
    54 -0.004241 0.043707 -0.080203 -2.014997 -0.186996 -1.460723
    55 0.015383 -0.089136 -0.030010 -2.006083 0.036346 -1.568629
    56 -0.022610 -0.212357 -0.177905 -1.933161 -0.118801 -1.518895
    57 1.305107 -3.227548 -0.342207 -1.087549 -0.066932 -0.041063
    58 0.000595 -1.242324 0.006085 -0.204703 0.000004 0.000009
    59 0.003175 -0.774607 -0.004222 -0.899185 -0.000006 -0.000004
    60 -0.067138 0.063251 -0.010961 -0.899214 -0.014515 -1.600326
    61 -0.151180 -0.007395 -0.070065 -0.913061 -0.118819 -1.408558
    62 -0.178164 -0.244680 -0.357067 -1.159916 -0.384260 -1.556110
    63 -0.391451 -0.463665 0.379860 -0.854859 -0.571295 -2.350264
    64 2.472082 0.027425 0.001225 0.000015 0.000004 0.487691
    65 1.227325 0.009356 -0.005766 -0.000003 -0.000006 0.860260
    66 -0.263409 -0.117640 -0.015659 0.000036 -0.082210 -0.026800
    67 0.007707 -0.334360 -0.191575 0.070788 -0.181563 0.282364
    68 0.225562 -0.567923 -0.420715 0.119895 -0.183798 0.223460
    69 -0.203683 -0.095654 -0.328305 -1.745077 0.075142 -1.515382
    70 -1.393460 8.839182 -0.239439 1.580804 -0.005024 -1.566848
    71 0.036020 0.082815 -0.692656 -1.570769 0.065989 0.001276
    72 -0.088586 0.054020 -0.088594 0.010231 0.033800 -1.560851
    73 0.120153 -0.050270 -0.054489 -2.854024 0.030688 -1.580508
    74 -0.139399 -0.111694 0.014400 0.285395 -0.031353 1.580313
    75 -0.003479 -0.404833 0.000000 0.000000 0.000000 0.000000
    76 -0.313965 -4.589844 0.951660 -1.186316 1.434478 -1.173672
    77 0.000000 3.367188 0.862793 0.000000 0.000000 0.000000
    78 0.001152 -1.103516 1.960938 0.000000 0.000000 0.000000
    79 0.001152 -2.781250 2.525391 0.000000 0.000000 0.000000
    80 -1.029359 -10.261440 -0.344974 -0.492999 -1.220445 0.607246
    81 -0.003574 -2.246094 1.304688 0.000000 0.000000 0.000000
    82 0.001150 -4.261719 1.683594 0.000000 0.000000 0.000000
  time 29
    0 1.629157 0.000000 0.541027 0.000000 0.000000 -1.570796
    1 1.571586 9.187966 -6.392257 2.332326 -1.319832 -1.419700
    2 -0.001605 -10.701926 -0.002571 0.046567 0.195038 0.090798
    3 -0.653320 -3.628906 -0.348633 -1.003534 -0.000001 -0.122159
    4 -0.013245 -1.509766 -0.000001 -1.090796 0.000000 0.000000
    5 0.000000 -0.953125 -0.000002 -1.223438 0.000000 0.000000
    6 0.007988 0.172184 -0.118553 -1.598091 -0.216549 -1.570593
    7 0.080660 0.135929 -0.203919 -1.506824 -0.066185 -1.662786
    8 0.117288 -0.155554 -0.604544 -1.412988 -0.374558 -1.569222
    9 0.128052 -3.763672 -0.348633 -0.890091 0.000000 -0.148347
    10 -0.006790 -1.563353 0.006726 -1.212969 0.000000 0.000009
    11 0.000000 -1.164063 0.000001 -1.279286 0.000000 0.000000
    12 -0.018589 0.129953 -0.123721 -1.294580 0.001302 -1.635383
    13 -0.006160 0.170065 -0.110169 -1.280084 -0.068681 -1.597215
    14 0.047100 -0.104074 -0.352264 -1.243368 -0.257298 -1.694346
    15 0.953860 -3.617903 -0.348122 -0.047241 -0.010935 0.137267
    16 -0.017794 -1.596358 -0.007350 -0.010580 -0.012979 0.001678
    17 -0.006735 -0.941812 0.007065 -0.189208 -0.016814 0.001377
    18 -0.022325 0.045424 -0.038284 -1.125544 -0.129230 -1.681412
    19 -0.042900 -0.061274 -0.071212 -1.124462 -0.060454 -1.586099
    20 0.063741 -0.109104 -0.248158 -1.142813 -0.125805 -1.693583
    21 -1.408203 -3.246094 -0.348633 -0.788776 0.052706 -0.017693
    22 0.013458 -1.204102 0.000000 -0.931992 0.000000 0.000000
    23 -0.013008 -0.789551 0.000000 -1.061140 0.000000 0.000000
    24 -0.011721 0.093267 0.017949 -1.687855 -0.079155 -1.575164
    25 0.048863 -0.085541 0.028626 -1.715605 -0.034569 -1.653190
    26 0.173918 -0.198416 -0.336163 -1.668104 -0.422317 -1.710956
    27 0.438974 -0.486320 0.396323 0.769509 -0.511303 -1.155985
    28 2.352359 0.010252 0.005009 -0.292895 -0.087800 -0.684426
    29 1.245306 0.004522 -0.002867 -0.000016 0.000022 -0.401818
    30 -0.267709 0.037512 -0.093907 2.913812 -0.143386 0.078467
    31 -0.029266 0.205408 -0.329287 2.788574 -0.255486 -0.188917
    32 0.204373 0.521055 -0.268577 2.886669 0.042206 -0.230367
    33 0.195697 -0.010059 -0.293538 -1.333586 0.150863 -1.672749
    34 1.257181 8.762590 -0.153713 -1.570562 0.002683 -1.566808
    35 -0.093500 -0.114213 -0.738866 -1.570842 0.061811 0.002096
    36 0.010843 0.093624 -0.081439 -3.141462 0.041719 -1.568236
    37 9.374057 -11.485356 -12.841519 -0.485449 0.458216 1.533077
    38 0.108654 -10.673144 -0.005453 0.017743 -0.374830 0.778699
    39 0.553428 -3.646670 -0.344972 -1.306648 -0.046218 -0.024582
    40 0.025684 -1.503640 0.004946 -0.527827 0.000001 -0.000004
    41 0.008139 -0.928479 -0.004583 -0.909643 -0.000002 -0.000001
    42 0.006928 0.005329 -0.181358 -1.528500 -0.248579 -1.611362
    43 -0.052313 0.038589 -0.230757 -1.592493 -0.043415 -1.528515
    44 -0.232600 -0.209656 -0.420669 -1.713790 -0.167173 -1.438930
    45 -0.214374 -3.737618 -0.346082 -1.236279 -0.000005 -0.000020
    46 0.019801 -1.578467 0.006170 -0.983298 0.000020 -0.000009
    47 0.000478 -1.176453 0.000249 -0.863842 0.000021 0.000018
    48 -0.038065 0.069166 -0.159883 -1.816986 0.066178 -1.575392
    49 -0.025151 0.088762 -0.068837 -1.817843 0.044510 -1.568287
    50 -0.102916 -0.186983 -0.272246 -1.833683 -0.232962 -1.472375
    51 -1.030272 -3.578138 -0.343160 -1.196985 0.000019 -0.000003
    52 0.001133 -1.610108 0.002370 -1.001811 0.000003 -0.000002
    53 0.005787 -0.946060 0.004418 -0.854282 0.000001 0.000001
    54 -0.004241 0.043707 -0.080203 -2.014997 -0.186996 -1.460723
    55 0.015383 -0.089136 -0.030010 -2.006083 0.036346 -1.568629
    56 -0.022610 -0.212357 -0.177905 -1.933161 -0.118801 -1.518895
    57 1.309013 -3.227548 -0.342207 -1.091272 -0.066932 -0.041063
    58 0.000595 -1.242324 0.006085 -0.226547 0.000004 0.000009
    59 0.003175 -0.774607 -0.004222 -0.899388 -0.000006 -0.000004
    60 -0.067138 0.063251 -0.010961 -0.899214 -0.014515 -1.600326
    61 -0.151180 -0.007395 -0.070065 -0.913061 -0.118819 -1.408558
    62 -0.178164 -0.244680 -0.357067 -1.159916 -0.384260 -1.556110
    63 -0.391451 -0.463665 0.379860 -0.854926 -0.562626 -2.342080
    64 2.472082 0.027425 0.001225 0.000015 0.000004 0.483707
    65 1.223419 0.009356 -0.005766 -0.000003 -0.000006 0.867460
    66 -0.263409 -0.117640 -0.015659 0.000036 -0.082210 -0.026800
    67 0.007707 -0.334360 -0.191575 0.070788 -0.181563 0.282364
    68 0.225562 -0.567923 -0.420715 0.119895 -0.183798 0.223460
    69 -0.203683 -0.095654 -0.328305 -1.745077 0.075142 -1.515382
    70 -1.393460 8.839182 -0.239439 1.580804 -0.005024 -1.566848
    71 0.036020 0.082815 -0.692656 -1.570769 0.065989 0.001276
    72 -0.088586 0.054020 -0.088594 0.010231 0.033800 -1.560851
    73 0.120153 -0.050270 -0.054489 -2.854024 0.030688 -1.580508
    74 -0.139399 -0.111694 0.014400 0.285395 -0.031353 1.580313
    75 -0.003479 -0.404833 0.000000 0.000000 0.000000 0.000000
    76 -0.313965 -4.589844 0.951660 -1.186316 1.434478 -1.173672
    77 0.000000 3.367188 0.862793 0.000000 0.000000 0.000000
    78 0.001152 -1.103516 1.960938 0.000000 0.000000 0.000000
    79 0.001152 -2.781250 2.525391 0.000000 0.000000 0.000000
    80 -0.353557 -11.464602 0.705839 -0.753323 -1.301862 0.874725
    81 -0.003574 -2.246094 1.304688 0.000000 0.000000 0.000000
    82 0.001150 -4.261719 1.683594 0.000000 0.000000 0.000000
  time 30
    0 1.629157 0.000000 0.541027 0.000000 0.000000 -1.570796
    1 1.559867 9.141090 -6.443040 2.335185 -1.324359 -1.419610
    2 -0.001605 -10.701926 -0.002571 0.050259 0.187929 0.089463
    3 -0.653320 -3.628906 -0.348633 -1.003534 -0.000001 -0.122159
    4 -0.013245 -1.509766 -0.000001 -1.090796 0.000000 0.000000
    5 0.000000 -0.953125 -0.000002 -1.223438 0.000000 0.000000
    6 0.007988 0.172184 -0.118553 -1.598091 -0.216549 -1.570593
    7 0.080660 0.135929 -0.203919 -1.506824 -0.066185 -1.662786
    8 0.117288 -0.155554 -0.604544 -1.412988 -0.374558 -1.569222
    9 0.128052 -3.763672 -0.348633 -0.890091 0.000000 -0.148347
    10 -0.006790 -1.567259 0.006726 -1.212969 0.000000 0.000009
    11 0.000000 -1.164063 0.000001 -1.279286 0.000000 0.000000
    12 -0.018589 0.129953 -0.123721 -1.294580 0.001302 -1.635383
    13 -0.006160 0.170065 -0.110169 -1.280084 -0.068681 -1.597215
    14 0.047100 -0.104074 -0.352264 -1.243368 -0.257298 -1.694346
    15 0.949953 -3.617903 -0.348122 -0.044461 -0.011055 0.137315
    16 -0.021700 -1.596358 -0.003443 -0.006939 -0.013267 0.001115
    17 -0.006735 -0.937906 0.007065 -0.174815 -0.017114 -0.003513
    18 -0.022325 0.045424 -0.038284 -1.125544 -0.129230 -1.681412
    19 -0.042900 -0.061274 -0.071212 -1.124462 -0.060454 -1.586099
    20 0.063741 -0.109104 -0.248158 -1.142813 -0.125805 -1.693583
    21 -1.408203 -3.246094 -0.348633 -0.788776 0.052706 -0.017693
    22 0.013458 -1.204102 0.000000 -0.931992 0.000000 0.000000
    23 -0.013008 -0.789551 0.000000 -1.061140 0.000000 0.000000
    24 -0.011721 0.093267 0.017949 -1.687855 -0.079155 -1.575164
    25 0.048863 -0.085541 0.028626 -1.715605 -0.034569 -1.653190
    26 0.173918 -0.198416 -0.336163 -1.668104 -0.422317 -1.710956
    27 0.438974 -0.490226 0.396323 0.769860 -0.507820 -1.161444
    28 2.352359 0.010252 0.005009 -0.293638 -0.085199 -0.675810
    29 1.249212 0.004522 -0.002867 -0.000016 0.000022 -0.431075
    30 -0.267709 0.037512 -0.093907 2.913812 -0.143386 0.078467
    31 -0.029266 0.205408 -0.329287 2.788574 -0.255486 -0.188917
    32 0.204373 0.521055 -0.268577 2.886669 0.042206 -0.230367
    33 0.195697 -0.010059 -0.293538 -1.333586 0.150863 -1.672749
    34 1.257181 8.762590 -0.153713 -1.570562 0.002683 -1.566808
    35 -0.093500 -0.114213 -0.738866 -1.570842 0.061811 0.002096
    36 0.010843 0.093624 -0.081439 -3.141462 0.041719 -1.568236
    37 10.944417 -11.633798 -13.372785 -0.606194 0.449710 1.466945
    38 0.104748 -10.673144 -0.005453 -0.017550 -0.426553 0.817140
    39 0.553428 -3.650577 -0.341066 -1.312189 -0.046218 -0.024582
    40 0.025684 -1.507546 0.004946 -0.529428 0.000001 -0.000004
    41 0.012045 -0.928479 -0.000677 -0.887156 -0.000002 -0.000001
    42 0.006928 0.005329 -0.181358 -1.528500 -0.248579 -1.611362
    43 -0.052313 0.038589 -0.230757 -1.592493 -0.043415 -1.528515
    44 -0.232600 -0.209656 -0.420669 -1.713790 -0.167173 -1.438930
    45 -0.214374 -3.737618 -0.346082 -1.246562 -0.000005 -0.000020
    46 0.019801 -1.578467 0.006170 -0.965147 0.000020 -0.000009
    47 0.004384 -1.172547 0.000249 -0.877738 0.000021 0.000018
    48 -0.038065 0.069166 -0.159883 -1.816986 0.066178 -1.575392
    49 -0.025151 0.088762 -0.068837 -1.817843 0.044510 -1.568287
    50 -0.102916 -0.186983 -0.272246 -1.833683 -0.232962 -1.472375
    51 -1.030272 -3.582044 -0.343160 -1.203234 0.000019 -0.000003
    52 0.001133 -1.610108 0.002370 -0.993515 0.000003 -0.000002
    53 0.001880 -0.946060 0.000512 -0.864057 0.000001 0.000001
    54 -0.004241 0.043707 -0.080203 -2.014997 -0.186996 -1.460723
    55 0.015383 -0.089136 -0.030010 -2.006083 0.036346 -1.568629
    56 -0.022610 -0.212357 -0.177905 -1.933161 -0.118801 -1.518895
    57 1.309013 -3.227548 -0.342207 -1.095037 -0.066932 -0.041063
    58 0.000595 -1.242324 0.002179 -0.246026 0.000004 0.000009
    59 0.003175 -0.774607 -0.000316 -0.899236 -0.000006 -0.000004
    60 -0.067138 0.063251 -0.010961 -0.899214 -0.014515 -1.600326
    61 -0.151180 -0.007395 -0.070065 -0.913061 -0.118819 -1.408558
    62 -0.178164 -0.244680 -0.357067 -1.159916 -0.384260 -1.556110
    63 -0.387544 -0.463665 0.383766 -0.855259 -0.555040 -2.334878
    64 2.468175 0.027425 0.005131 0.000015 0.000004 0.483640
    65 1.227325 0.009356 -0.005766 -0.000003 -0.000006 0.874244
    66 -0.263409 -0.117640 -0.015659 0.000036 -0.082210 -0.026800
    67 0.007707 -0.334360 -0.191575 0.070788 -0.181563 0.282364
    68 0.225562 -0.567923 -0.420715 0.119895 -0.183798 0.223460
    69 -0.203683 -0.095654 -0.328305 -1.745077 0.075142 -1.515382
    70 -1.393460 8.839182 -0.239439 1.580804 -0.005024 -1.566848
    71 0.036020 0.082815 -0.692656 -1.570769 0.065989 0.001276
    72 -0.088586 0.054020 -0.088594 0.010231 0.033800 -1.560851
    73 0.120153 -0.050270 -0.054489 -2.854024 0.030688 -1.580508
    74 -0.139399 -0.111694 0.014400 0.285395 -0.031353 1.580313
    75 -0.003479 -0.404833 0.000000 0.000000 0.000000 0.000000
    76 -0.313965 -4.589844 0.951660 -1.186316 1.434478 -1.173672
    77 0.000000 3.367188 0.862793 0.000000 0.000000 0.000000
    78 0.001152 -1.103516 1.960938 0.000000 0.000000 0.000000
    79 0.001152 -2.781250 2.525391 0.000000 0.000000 0.000000
    80 0.158177 -12.331816 1.569147 -1.166244 -1.351304 1.294256
    81 -0.003574 -2.246094 1.304688 0.000000 0.000000 0.000000
    82 0.001150 -4.261719 1.683594 0.000000 0.000000 0.000000
  time 31
    0 1.629157 0.000000 0.541027 0.000000 0.000000 -1.570796
    1 1.536429 9.094214 -6.493823 2.338400 -1.328887 -1.419700
    2 -0.005512 -10.701926 -0.002571 0.054508 0.180659 0.088335
    3 -0.653320 -3.628906 -0.348633 -1.003534 -0.000001 -0.122159
    4 -0.013245 -1.509766 -0.000001 -1.090796 0.000000 0.000000
    5 0.000000 -0.953125 -0.000002 -1.223438 0.000000 0.000000
    6 0.007988 0.172184 -0.118553 -1.598091 -0.216549 -1.570593
    7 0.080660 0.135929 -0.203919 -1.506824 -0.066185 -1.662786
    8 0.117288 -0.155554 -0.604544 -1.412988 -0.374558 -1.569222
    9 0.128052 -3.763672 -0.348633 -0.890091 0.000000 -0.148347
    10 -0.006790 -1.567259 0.006726 -1.212969 0.000000 0.000009
    11 0.000000 -1.164063 0.000001 -1.279286 0.000000 0.000000
    12 -0.018589 0.129953 -0.123721 -1.294580 0.001302 -1.635383
    13 -0.006160 0.170065 -0.110169 -1.280084 -0.068681 -1.597215
    14 0.047100 -0.104074 -0.352264 -1.243368 -0.257298 -1.694346
    15 0.949953 -3.617903 -0.348122 -0.041740 -0.011151 0.137351
    16 -0.021700 -1.596358 -0.007350 -0.003350 -0.013518 0.000551
    17 -0.006735 -0.941812 0.003159 -0.164750 -0.017294 -0.006772
    18 -0.022325 0.045424 -0.038284 -1.125544 -0.129230 -1.681412
    19 -0.042900 -0.061274 -0.071212 -1.124462 -0.060454 -1.586099
    20 0.063741 -0.109104 -0.248158 -1.142813 -0.125805 -1.693583
    21 -1.408203 -3.246094 -0.348633 -0.788776 0.052706 -0.017693
    22 0.013458 -1.204102 0.000000 -0.931992 0.000000 0.000000
    23 -0.013008 -0.789551 0.000000 -1.061140 0.000000 0.000000
    24 -0.011721 0.093267 0.017949 -1.687855 -0.079155 -1.575164
    25 0.048863 -0.085541 0.028626 -1.715605 -0.034569 -1.653190
    26 0.173918 -0.198416 -0.336163 -1.668104 -0.422317 -1.710956
    27 0.438974 -0.490226 0.392416 0.770057 -0.504733 -1.166285
    28 2.352359 0.010252 0.005009 -0.294166 -0.083330 -0.669569
    29 1.245306 0.004522 -0.002867 -0.000016 0.000022 -0.435339
    30 -0.267709 0.037512 -0.093907 2.913812 -0.143386 0.078467
    31 -0.029266 0.205408 -0.329287 2.788574 -0.255486 -0.188917
    32 0.204373 0.521055 -0.268577 2.886669 0.042206 -0.230367
    33 0.195697 -0.010059 -0.293538 -1.333586 0.150863 -1.672749
    34 1.257181 8.762590 -0.153713 -1.570562 0.002683 -1.566808
    35 -0.093500 -0.114213 -0.738866 -1.570842 0.061811 0.002096
    36 0.010843 0.093624 -0.081439 -3.141462 0.041719 -1.568236
    37 12.319459 -11.688487 -13.943115 -0.717116 0.436858 1.407598
    38 0.108654 -10.673144 -0.005453 -0.051524 -0.471764 0.852942
    39 0.553428 -3.650577 -0.344972 -1.317380 -0.046218 -0.024582
    40 0.025684 -1.503640 0.001039 -0.531029 0.000001 -0.000004
    41 0.008139 -0.928479 -0.004583 -0.869326 -0.000002 -0.000001
    42 0.006928 0.005329 -0.181358 -1.528500 -0.248579 -1.611362
    43 -0.052313 0.038589 -0.230757 -1.592493 -0.043415 -1.528515
    44 -0.232600 -0.209656 -0.420669 -1.713790 -0.167173 -1.438930
    45 -0.218280 -3.741524 -0.346082 -1.256295 -0.000005 -0.000020
    46 0.015894 -1.578467 0.002264 -0.950697 0.000020 -0.000009
    47 0.004384 -1.176453 0.000249 -0.889518 0.000021 0.000018
    48 -0.038065 0.069166 -0.159883 -1.816986 0.066178 -1.575392
    49 -0.025151 0.088762 -0.068837 -1.817843 0.044510 -1.568287
    50 -0.102916 -0.186983 -0.272246 -1.833683 -0.232962 -1.472375
    51 -1.034178 -3.582044 -0.347066 -1.209123 0.000019 -0.000003
    52 0.001133 -1.610108 0.002370 -0.987425 0.000003 -0.000002
    53 0.005787 -0.946060 0.004418 -0.872552 0.000001 0.000001
    54 -0.004241 0.043707 -0.080203 -2.014997 -0.186996 -1.460723
    55 0.015383 -0.089136 -0.030010 -2.006083 0.036346 -1.568629
    56 -0.022610 -0.212357 -0.177905 -1.933161 -0.118801 -1.518895
    57 1.305107 -3.227548 -0.342207 -1.099149 -0.066944 -0.041063
    58 0.000595 -1.242324 0.002179 -0.262634 0.000004 0.000009
    59 0.003175 -0.774607 -0.004222 -0.898830 -0.000006 -0.000004
    60 -0.067138 0.063251 -0.010961 -0.899214 -0.014515 -1.600326
    61 -0.151180 -0.007395 -0.070065 -0.913061 -0.118819 -1.408558
    62 -0.178164 -0.244680 -0.357067 -1.159916 -0.384260 -1.556110
    63 -0.391451 -0.463665 0.383766 -0.856037 -0.548860 -2.328967
    64 2.468175 0.027425 0.001225 0.000015 0.000004 0.487992
    65 1.227325 0.009356 -0.005766 -0.000003 -0.000006 0.880610
    66 -0.263409 -0.117640 -0.015659 0.000036 -0.082210 -0.026800
    67 0.007707 -0.334360 -0.191575 0.070788 -0.181563 0.282364
    68 0.225562 -0.567923 -0.420715 0.119895 -0.183798 0.223460
    69 -0.203683 -0.095654 -0.328305 -1.745077 0.075142 -1.515382
    70 -1.393460 8.839182 -0.239439 1.580804 -0.005024 -1.566848
    71 0.036020 0.082815 -0.692656 -1.570769 0.065989 0.001276
    72 -0.088586 0.054020 -0.088594 0.010231 0.033800 -1.560851
    73 0.120153 -0.050270 -0.054489 -2.854024 0.030688 -1.580508
    74 -0.139399 -0.111694 0.014400 0.285395 -0.031353 1.580313
    75 -0.003479 -0.404833 0.000000 0.000000 0.000000 0.000000
    76 -0.313965 -4.589844 0.951660 -1.186316 1.434478 -1.173672
    77 0.000000 3.367188 0.862793 0.000000 0.000000 0.000000
    78 0.001152 -1.103516 1.960938 0.000000 0.000000 0.000000
    79 0.001152 -2.781250 2.525391 0.000000 0.000000 0.000000
    80 0.513657 -12.820112 2.182447 -1.660582 -1.351114 1.795085
    81 -0.003574 -2.246094 1.304688 0.000000 0.000000 0.000000
    82 0.001150 -4.261719 1.683594 0.000000 0.000000 0.000000
  time 32
    0 1.629157 0.000000 0.541027 0.000000 0.000000 -1.570796
    1 1.520803 9.051244 -6.540699 2.341437 -1.333226 -1.419880
    2 -0.001605 -10.698019 -0.006478 0.058966 0.173666 0.087483
    3 -0.653320 -3.628906 -0.348633 -1.003534 -0.000001 -0.122159
    4 -0.013245 -1.509766 -0.000001 -1.090796 0.000000 0.000000
    5 0.000000 -0.953125 -0.000002 -1.223438 0.000000 0.000000
    6 0.007988 0.172184 -0.118553 -1.598091 -0.216549 -1.570593
    7 0.080660 0.135929 -0.203919 -1.506824 -0.066185 -1.662786
    8 0.117288 -0.155554 -0.604544 -1.412988 -0.374558 -1.569222
    9 0.128052 -3.763672 -0.348633 -0.890091 0.000000 -0.148347
    10 -0.002884 -1.567259 0.002820 -1.212969 0.000000 0.000009
    11 0.000000 -1.164063 0.000001 -1.279286 0.000000 0.000000
    12 -0.018589 0.129953 -0.123721 -1.294580 0.001302 -1.635383
    13 -0.006160 0.170065 -0.110169 -1.280084 -0.068681 -1.597215
    14 0.047100 -0.104074 -0.352264 -1.243368 -0.257298 -1.694346
    15 0.949953 -3.617903 -0.348122 -0.039128 -0.011259 0.137399
    16 -0.021700 -1.596358 -0.003443 0.000163 -0.013746 0.000036
    17 -0.006735 -0.941812 0.007065 -0.154960 -0.017437 -0.009876
    18 -0.022325 0.045424 -0.038284 -1.125544 -0.129230 -1.681412
    19 -0.042900 -0.061274 -0.071212 -1.124462 -0.060454 -1.586099
    20 0.063741 -0.109104 -0.248158 -1.142813 -0.125805 -1.693583
    21 -1.408203 -3.246094 -0.348633 -0.788776 0.052706 -0.017693
    22 0.013458 -1.204102 0.000000 -0.931992 0.000000 0.000000
    23 -0.013008 -0.789551 0.000000 -1.061140 0.000000 0.000000
    24 -0.011721 0.093267 0.017949 -1.687855 -0.079155 -1.575164
    25 0.048863 -0.085541 0.028626 -1.715605 -0.034569 -1.653190
    26 0.173918 -0.198416 -0.336163 -1.668104 -0.422317 -1.710956
    27 0.442881 -0.486320 0.396323 0.770166 -0.502201 -1.170281
    28 2.352359 0.010252 0.005009 -0.294393 -0.082455 -0.666663
    29 1.249212 0.004522 -0.006774 -0.000016 0.000022 -0.439237
    30 -0.267709 0.037512 -0.093907 2.913812 -0.143386 0.078467
    31 -0.029266 0.205408 -0.329287 2.788574 -0.255486 -0.188917
    32 0.204373 0.521055 -0.268577 2.886669 0.042206 -0.230367
    33 0.195697 -0.010059 -0.293538 -1.333586 0.150863 -1.672749
    34 1.257181 8.762590 -0.153713 -1.570562 0.002683 -1.566808
    35 -0.093500 -0.114213 -0.738866 -1.570842 0.061811 0.002096
    36 0.010843 0.093624 -0.081439 -3.141462 0.041719 -1.568236
    37 13.268707 -11.727551 -14.341565 -0.789125 0.434334 1.381604
    38 0.108654 -10.673144 -0.005453 -0.082700 -0.509716 0.884335
    39 0.549521 -3.646670 -0.341066 -1.322272 -0.046218 -0.024582
    40 0.025684 -1.503640 0.001039 -0.532159 0.000001 -0.000004
    41 0.008139 -0.928479 -0.004583 -0.856945 -0.000002 -0.000001
    42 0.006928 0.005329 -0.181358 -1.528500 -0.248579 -1.611362
    43 -0.052313 0.038589 -0.230757 -1.592493 -0.043415 -1.528515
    44 -0.232600 -0.209656 -0.420669 -1.713790 -0.167173 -1.438930
    45 -0.218280 -3.737618 -0.346082 -1.265266 -0.000005 -0.000020
    46 0.015894 -1.578467 0.006170 -0.940711 0.000020 -0.000009
    47 0.004384 -1.172547 0.000249 -0.898782 0.000021 0.000018
    48 -0.038065 0.069166 -0.159883 -1.816986 0.066178 -1.575392
    49 -0.025151 0.088762 -0.068837 -1.817843 0.044510 -1.568287
    50 -0.102916 -0.186983 -0.272246 -1.833683 -0.232962 -1.472375
    51 -1.030272 -3.578138 -0.343160 -1.214651 0.000019 -0.000003
    52 0.001133 -1.610108 0.002370 -0.984327 0.000003 -0.000002
    53 0.005787 -0.946060 0.004418 -0.879593 0.000001 0.000001
    54 -0.004241 0.043707 -0.080203 -2.014997 -0.186996 -1.460723
    55 0.015383 -0.089136 -0.030010 -2.006083 0.036346 -1.568629
    56 -0.022610 -0.212357 -0.177905 -1.933161 -0.118801 -1.518895
    57 1.305107 -3.227548 -0.342207 -1.103391 -0.066932 -0.041063
    58 0.000595 -1.242324 0.006085 -0.275639 0.000004 0.000009
    59 0.003175 -0.774607 -0.000316 -0.898120 -0.000006 -0.000004
    60 -0.067138 0.063251 -0.010961 -0.899214 -0.014515 -1.600326
    61 -0.151180 -0.007395 -0.070065 -0.913061 -0.118819 -1.408558
    62 -0.178164 -0.244680 -0.357067 -1.159916 -0.384260 -1.556110
    63 -0.391451 -0.463665 0.383766 -0.857549 -0.544264 -2.324450
    64 2.468175 0.027425 0.005131 0.000015 0.000004 0.497400
    65 1.223419 0.009356 -0.001860 -0.000003 -0.000006 0.886560
    66 -0.263409 -0.117640 -0.015659 0.000036 -0.082210 -0.026800
    67 0.007707 -0.334360 -0.191575 0.070788 -0.181563 0.282364
    68 0.225562 -0.567923 -0.420715 0.119895 -0.183798 0.223460
    69 -0.203683 -0.095654 -0.328305 -1.745077 0.075142 -1.515382
    70 -1.393460 8.839182 -0.239439 1.580804 -0.005024 -1.566848
    71 0.036020 0.082815 -0.692656 -1.570769 0.065989 0.001276
    72 -0.088586 0.054020 -0.088594 0.010231 0.033800 -1.560851
    73 0.120153 -0.050270 -0.054489 -2.854024 0.030688 -1.580508
    74 -0.139399 -0.111694 0.014400 0.285395 -0.031353 1.580313
    75 -0.003479 -0.404833 0.000000 0.000000 0.000000 0.000000
    76 -0.313965 -4.589844 0.951660 -1.186316 1.434478 -1.173672
    77 0.000000 3.367188 0.862793 0.000000 0.000000 0.000000
    78 0.001152 -1.103516 1.960938 0.000000 0.000000 0.000000
    79 0.001152 -2.781250 2.525391 0.000000 0.000000 0.000000
    80 0.662099 -12.855269 2.534020 -2.046523 -1.306396 2.186909
    81 -0.003574 -2.246094 1.304688 0.000000 0.000000 0.000000
    82 0.001150 -4.261719 1.683594 0.000000 0.000000 0.000000
  time 33
    0 1.629157 0.000000 0.541027 0.000000 0.000000 -1.570796
    1 1.489552 9.012180 -6.583669 2.344474 -1.337188 -1.420150
    2 -0.001605 -10.701926 -0.006478 0.063634 0.167295 0.087161
    3 -0.653320 -3.628906 -0.348633 -1.003534 -0.000001 -0.122159
    4 -0.013245 -1.509766 -0.000001 -1.090796 0.000000 0.000000
    5 0.000000 -0.953125 -0.000002 -1.223438 0.000000 0.000000
    6 0.007988 0.172184 -0.118553 -1.598091 -0.216549 -1.570593
    7 0.080660 0.135929 -0.203919 -1.506824 -0.066185 -1.662786
    8 0.117288 -0.155554 -0.604544 -1.412988 -0.374558 -1.569222
    9 0.128052 -3.763672 -0.348633 -0.890091 0.000000 -0.148347
    10 -0.006790 -1.567259 0.006726 -1.212969 0.000000 0.000009
    11 0.000000 -1.164063 0.000001 -1.279286 0.000000 0.000000
    12 -0.018589 0.129953 -0.123721 -1.294580 0.001302 -1.635383
    13 -0.006160 0.170065 -0.110169 -1.280084 -0.068681 -1.597215
    14 0.047100 -0.104074 -0.352264 -1.243368 -0.257298 -1.694346
    15 0.949953 -3.617903 -0.344216 -0.036575 -0.011367 0.137435
    16 -0.021700 -1.596358 -0.007350 0.003649 -0.014022 -0.000455
    17 -0.006735 -0.941812 0.007065 -0.145479 -0.017581 -0.012849
    18 -0.022325 0.045424 -0.038284 -1.125544 -0.129230 -1.681412
    19 -0.042900 -0.061274 -0.071212 -1.124462 -0.060454 -1.586099
    20 0.063741 -0.109104 -0.248158 -1.142813 -0.125805 -1.693583
    21 -1.408203 -3.246094 -0.348633 -0.788776 0.052706 -0.017693
    22 0.013458 -1.204102 0.000000 -0.931992 0.000000 0.000000
    23 -0.013008 -0.789551 0.000000 -1.061140 0.000000 0.000000
    24 -0.011721 0.093267 0.017949 -1.687855 -0.079155 -1.575164
    25 0.048863 -0.085541 0.028626 -1.715605 -0.034569 -1.653190
    26 0.173918 -0.198416 -0.336163 -1.668104 -0.422317 -1.710956
    27 0.442881 -0.490226 0.396323 0.770342 -0.500361 -1.173123
    28 2.352359 0.010252 0.005009 -0.294465 -0.082203 -0.665880
    29 1.249212 0.004522 -0.002867 -0.000016 0.000022 -0.442831
    30 -0.267709 0.037512 -0.093907 2.913812 -0.143386 0.078467
    31 -0.029266 0.205408 -0.329287 2.788574 -0.255486 -0.188917
    32 0.204373 0.521055 -0.268577 2.886669 0.042206 -0.230367
    33 0.195697 -0.010059 -0.293538 -1.333586 0.150863 -1.672749
    34 1.257181 8.762590 -0.153713 -1.570562 0.002683 -1.566808
    35 -0.093500 -0.114213 -0.738866 -1.570842 0.061811 0.002096
    36 0.010843 0.093624 -0.081439 -3.141462 0.041719 -1.568236
    37 13.549965 -11.821304 -14.439224 -0.821934 0.448822 1.391734
    38 0.108654 -10.673144 -0.005453 -0.097737 -0.530807 0.893096
    39 0.549521 -3.646670 -0.344972 -1.326815 -0.046218 -0.024582
    40 0.025684 -1.503640 0.001039 -0.533195 0.000001 -0.000004
    41 0.008139 -0.932386 -0.004583 -0.848532 -0.000002 -0.000001
    42 0.006928 0.005329 -0.181358 -1.528500 -0.248579 -1.611362
    43 -0.052313 0.038589 -0.230757 -1.592493 -0.043415 -1.528515
    44 -0.232600 -0.209656 -0.420669 -1.713790 -0.167173 -1.438930
    45 -0.218280 -3.741524 -0.346082 -1.273518 -0.000005 -0.000020
    46 0.019801 -1.578467 0.002264 -0.934250 0.000020 -0.000009
    47 0.004384 -1.176453 0.000249 -0.906359 0.000021 0.000018
    48 -0.038065 0.069166 -0.159883 -1.816986 0.066178 -1.575392
    49 -0.025151 0.088762 -0.068837 -1.817843 0.044510 -1.568287
    50 -0.102916 -0.186983 -0.272246 -1.833683 -0.232962 -1.472375
    51 -1.030272 -3.582044 -0.347066 -1.219739 0.000019 -0.000003
    52 0.001133 -1.610108 0.002370 -0.983277 0.000003 -0.000002
    53 0.005787 -0.942153 0.004418 -0.885760 0.000001 0.000001
    54 -0.004241 0.043707 -0.080203 -2.014997 -0.186996 -1.460723
    55 0.015383 -0.089136 -0.030010 -2.006083 0.036346 -1.568629
    56 -0.022610 -0.212357 -0.177905 -1.933161 -0.118801 -1.518895
    57 1.305107 -3.227548 -0.342207 -1.109537 -0.066932 -0.041063
    58 0.004502 -1.242324 0.006085 -0.284872 0.000004 0.000009
    59 0.003175 -0.774607 -0.000316 -0.897207 -0.000006 -0.000004
    60 -0.067138 0.063251 -0.010961 -0.899214 -0.014515 -1.600326
    61 -0.151180 -0.007395 -0.070065 -0.913061 -0.118819 -1.408558
    62 -0.178164 -0.244680 -0.357067 -1.159916 -0.384260 -1.556110
    63 -0.391451 -0.463665 0.379860 -0.859438 -0.540592 -2.320732
    64 2.468175 0.027425 0.001225 0.000015 0.000004 0.520166
    65 1.227325 0.009356 -0.005766 -0.000003 -0.000006 0.892593
    66 -0.263409 -0.117640 -0.015659 0.000036 -0.082210 -0.026800
    67 0.007707 -0.334360 -0.191575 0.070788 -0.181563 0.282364
    68 0.225562 -0.567923 -0.420715 0.119895 -0.183798 0.223460
    69 -0.203683 -0.095654 -0.328305 -1.745077 0.075142 -1.515382
    70 -1.393460 8.839182 -0.239439 1.580804 -0.005024 -1.566848
    71 0.036020 0.082815 -0.692656 -1.570769 0.065989 0.001276
    72 -0.088586 0.054020 -0.088594 0.010231 0.033800 -1.560851
    73 0.120153 -0.050270 -0.054489 -2.854024 0.030688 -1.580508
    74 -0.139399 -0.111694 0.014400 0.285395 -0.031353 1.580313
    75 -0.003479 -0.404833 0.000000 0.000000 0.000000 0.000000
    76 -0.313965 -4.589844 0.951660 -1.186316 1.434478 -1.173672
    77 0.000000 3.367188 0.862793 0.000000 0.000000 0.000000
    78 0.001152 -1.103516 1.960938 0.000000 0.000000 0.000000
    79 0.001152 -2.781250 2.525391 0.000000 0.000000 0.000000
    80 0.623035 -12.449007 2.655118 -2.297854 -1.231708 2.445089
    81 -0.003574 -2.246094 1.304688 0.000000 0.000000 0.000000
    82 0.001150 -4.261719 1.683594 0.000000 0.000000 0.000000
  time 34
    0 1.629157 0.000000 0.541027 0.000000 0.000000 -1.570796
    1 1.458301 8.980929 -6.614920 2.347243 -1.340490 -1.420780
    2 -0.001605 -10.701926 -0.002571 0.068162 0.162125 0.087322
    3 -0.653320 -3.628906 -0.348633 -1.003534 -0.000001 -0.122159
    4 -0.013245 -1.509766 -0.000001 -1.090796 0.000000 0.000000
    5 0.000000 -0.953125 -0.000002 -1.223438 0.000000 0.000000
    6 0.007988 0.172184 -0.118553 -1.598091 -0.216549 -1.570593
    7 0.080660 0.135929 -0.203919 -1.506824 -0.066185 -1.662786
    8 0.117288 -0.155554 -0.604544 -1.412988 -0.374558 -1.569222
    9 0.128052 -3.763672 -0.348633 -0.890091 0.000000 -0.148347
    10 -0.006790 -1.567259 0.006726 -1.212969 0.000000 0.000009
    11 0.000000 -1.164063 0.000001 -1.279286 0.000000 0.000000
    12 -0.018589 0.129953 -0.123721 -1.294580 0.001302 -1.635383
    13 -0.006160 0.170065 -0.110169 -1.280084 -0.068681 -1.597215
    14 0.047100 -0.104074 -0.352264 -1.243368 -0.257298 -1.694346
    15 0.949953 -3.617903 -0.348122 -0.034106 -0.011463 0.137471
    16 -0.017794 -1.596358 -0.003443 0.007110 -0.014250 -0.001007
    17 -0.002829 -0.937906 0.007065 -0.136273 -0.017713 -0.015641
    18 -0.022325 0.045424 -0.038284 -1.125544 -0.129230 -1.681412
    19 -0.042900 -0.061274 -0.071212 -1.124462 -0.060454 -1.586099
    20 0.063741 -0.109104 -0.248158 -1.142813 -0.125805 -1.693583
    21 -1.408203 -3.246094 -0.348633 -0.788776 0.052706 -0.017693
    22 0.013458 -1.204102 0.000000 -0.931992 0.000000 0.000000
    23 -0.013008 -0.789551 0.000000 -1.061140 0.000000 0.000000
    24 -0.011721 0.093267 0.017949 -1.687855 -0.079155 -1.575164
    25 0.048863 -0.085541 0.028626 -1.715605 -0.034569 -1.653190
    26 0.173918 -0.198416 -0.336163 -1.668104 -0.422317 -1.710956
    27 0.442881 -0.490226 0.392416 0.770561 -0.499373 -1.174558
    28 2.352359 0.010252 0.005009 -0.294525 -0.081999 -0.665172
    29 1.249212 0.004522 -0.002867 -0.000016 0.000022 -0.446120
    30 -0.267709 0.037512 -0.093907 2.913812 -0.143386 0.078467
    31 -0.029266 0.205408 -0.329287 2.788574 -0.255486 -0.188917
    32 0.204373 0.521055 -0.268577 2.886669 0.042206 -0.230367
    33 0.195697 -0.010059 -0.293538 -1.333586 0.150863 -1.672749
    34 1.257181 8.762590 -0.153713 -1.570562 0.002683 -1.566808
    35 -0.093500 -0.114213 -0.738866 -1.570842 0.061811 0.002096
    36 0.010843 0.093624 -0.081439 -3.141462 0.041719 -1.568236
    37 13.221830 -11.918963 -14.298595 -0.836622 0.472330 1.418684
    38 0.104748 -10.673144 -0.005453 -0.090716 -0.531969 0.868638
    39 0.553428 -3.650577 -0.344972 -1.330759 -0.046218 -0.024582
    40 0.025684 -1.507546 0.001039 -0.534043 0.000001 -0.000004
    41 0.008139 -0.932386 -0.004583 -0.842236 -0.000002 -0.000001
    42 0.006928 0.005329 -0.181358 -1.528500 -0.248579 -1.611362
    43 -0.052313 0.038589 -0.230757 -1.592493 -0.043415 -1.528515
    44 -0.232600 -0.209656 -0.420669 -1.713790 -0.167173 -1.438930
    45 -0.214374 -3.737618 -0.346082 -1.280754 -0.000005 -0.000020
    46 0.019801 -1.578467 0.006170 -0.929727 0.000020 -0.000009
    47 0.004384 -1.172547 0.000249 -0.913164 0.000021 0.000018
    48 -0.038065 0.069166 -0.159883 -1.816986 0.066178 -1.575392
    49 -0.025151 0.088762 -0.068837 -1.817843 0.044510 -1.568287
    50 -0.102916 -0.186983 -0.272246 -1.833683 -0.232962 -1.472375
    51 -1.030272 -3.578138 -0.347066 -1.224226 0.000019 -0.000003
    52 0.001133 -1.610108 0.006276 -0.983487 0.000003 -0.000002
    53 0.005787 -0.946060 0.004418 -0.891811 0.000001 0.000001
    54 -0.004241 0.043707 -0.080203 -2.014997 -0.186996 -1.460723
    55 0.015383 -0.089136 -0.030010 -2.006083 0.036346 -1.568629
    56 -0.022610 -0.212357 -0.177905 -1.933161 -0.118801 -1.518895
    57 1.309013 -3.227548 -0.342207 -1.118800 -0.066932 -0.041063
    58 0.000595 -1.242324 0.002179 -0.290840 0.000004 0.000009
    59 0.003175 -0.774607 -0.004222 -0.896040 -0.000006 -0.000004
    60 -0.067138 0.063251 -0.010961 -0.899214 -0.014515 -1.600326
    61 -0.151180 -0.007395 -0.070065 -0.913061 -0.118819 -1.408558
    62 -0.178164 -0.244680 -0.357067 -1.159916 -0.384260 -1.556110
    63 -0.391451 -0.463665 0.383766 -0.861239 -0.537100 -2.317247
    64 2.468175 0.027425 0.001225 0.000015 0.000004 0.561179
    65 1.227325 0.009356 -0.005766 -0.000003 -0.000006 0.899015
    66 -0.263409 -0.117640 -0.015659 0.000036 -0.082210 -0.026800
    67 0.007707 -0.334360 -0.191575 0.070788 -0.181563 0.282364
    68 0.225562 -0.567923 -0.420715 0.119895 -0.183798 0.223460
    69 -0.203683 -0.095654 -0.328305 -1.745077 0.075142 -1.515382
    70 -1.393460 8.839182 -0.239439 1.580804 -0.005024 -1.566848
    71 0.036020 0.082815 -0.692656 -1.570769 0.065989 0.001276
    72 -0.088586 0.054020 -0.088594 0.010231 0.033800 -1.560851
    73 0.120153 -0.050270 -0.054489 -2.854024 0.030688 -1.580508
    74 -0.139399 -0.111694 0.014400 0.285395 -0.031353 1.580313
    75 -0.003479 -0.404833 0.000000 0.000000 0.000000 0.000000
    76 -0.313965 -4.589844 0.951660 -1.186316 1.434478 -1.173672
    77 0.000000 3.367188 0.862793 0.000000 0.000000 0.000000
    78 0.001152 -1.103516 1.960938 0.000000 0.000000 0.000000
    79 0.001152 -2.781250 2.525391 0.000000 0.000000 0.000000
    80 0.462874 -11.753673 2.639492 -2.457531 -1.138694 2.612287
    81 -0.003574 -2.246094 1.304688 0.000000 0.000000 0.000000
    82 0.001150 -4.261719 1.683594 0.000000 0.000000 0.000000
  time 35
    0 1.629157 0.000000 0.541027 0.000000 0.000000 -1.570796
    1 1.423144 8.961397 -6.646171 2.349744 -1.342989 -1.421320
    2 -0.001605 -10.701926 -0.006478 0.072411 0.158525 0.088243
    3 -0.653320 -3.628906 -0.348633 -1.003534 -0.000001 -0.122159
    4 -0.013245 -1.509766 -0.000001 -1.090796 0.000000 0.000000
    5 0.000000 -0.953125 -0.000002 -1.223438 0.000000 0.000000
    6 0.007988 0.172184 -0.118553 -1.598091 -0.216549 -1.570593
    7 0.080660 0.135929 -0.203919 -1.506824 -0.066185 -1.662786
    8 0.117288 -0.155554 -0.604544 -1.412988 -0.374558 -1.569222
    9 0.128052 -3.763672 -0.348633 -0.890091 0.000000 -0.148347
    10 -0.006790 -1.567259 0.006726 -1.212969 0.000000 0.000009
    11 0.000000 -1.164063 0.000001 -1.279286 0.000000 0.000000
    12 -0.018589 0.129953 -0.123721 -1.294580 0.001302 -1.635383
    13 -0.006160 0.170065 -0.110169 -1.280084 -0.068681 -1.597215
    14 0.047100 -0.104074 -0.352264 -1.243368 -0.257298 -1.694346
    15 0.949953 -3.617903 -0.348122 -0.031733 -0.011559 0.137494
    16 -0.021700 -1.596358 -0.003443 0.010520 -0.014465 -0.001486
    17 -0.002829 -0.941812 0.007065 -0.127342 -0.017869 -0.018290
    18 -0.022325 0.045424 -0.038284 -1.125544 -0.129230 -1.681412
    19 -0.042900 -0.061274 -0.071212 -1.124462 -0.060454 -1.586099
    20 0.063741 -0.109104 -0.248158 -1.142813 -0.125805 -1.693583
    21 -1.408203 -3.246094 -0.348633 -0.788776 0.052706 -0.017693
    22 0.013458 -1.204102 0.000000 -0.931992 0.000000 0.000000
    23 -0.013008 -0.789551 0.000000 -1.061140 0.000000 0.000000
    24 -0.011721 0.093267 0.017949 -1.687855 -0.079155 -1.575164
    25 0.048863 -0.085541 0.028626 -1.715605 -0.034569 -1.653190
    26 0.173918 -0.198416 -0.336163 -1.668104 -0.422317 -1.710956
    27 0.442881 -0.490226 0.396323 0.770912 -0.498879 -1.175121
    28 2.352359 0.014158 0.001103 -0.294561 -0.081843 -0.664667
    29 1.249212 0.004522 -0.002867 -0.000016 0.000022 -0.449064
    30 -0.267709 0.037512 -0.093907 2.913812 -0.143386 0.078467
    31 -0.029266 0.205408 -0.329287 2.788574 -0.255486 -0.188917
    32 0.204373 0.521055 -0.268577 2.886669 0.042206 -0.230367
    33 0.195697 -0.010059 -0.293538 -1.333586 0.150863 -1.672749
    34 1.257181 8.762590 -0.153713 -1.570562 0.002683 -1.566808
    35 -0.093500 -0.114213 -0.738866 -1.570842 0.061811 0.002096
    36 0.010843 0.093624 -0.081439 -3.141462 0.041719 -1.568236
    37 12.573373 -12.004903 -14.029055 -0.838720 0.500091 1.454617
    38 0.108654 -10.673144 -0.005453 -0.072721 -0.521143 0.822784
    39 0.549521 -3.650577 -0.344972 -1.334353 -0.046218 -0.024582
    40 0.025684 -1.507546 0.001039 -0.534608 0.000001 -0.000004
    41 0.008139 -0.928479 -0.004583 -0.837792 -0.000002 -0.000001
    42 0.006928 0.005329 -0.181358 -1.528500 -0.248579 -1.611362
    43 -0.052313 0.038589 -0.230757 -1.592493 -0.043415 -1.528515
    44 -0.232600 -0.209656 -0.420669 -1.713790 -0.167173 -1.438930
    45 -0.218280 -3.737618 -0.346082 -1.286932 -0.000005 -0.000020
    46 0.015894 -1.582373 0.006170 -0.927142 0.000020 -0.000009
    47 0.000478 -1.172547 0.000249 -0.919139 0.000021 0.000018
    48 -0.038065 0.069166 -0.159883 -1.816986 0.066178 -1.575392
    49 -0.025151 0.088762 -0.068837 -1.817843 0.044510 -1.568287
    50 -0.102916 -0.186983 -0.272246 -1.833683 -0.232962 -1.472375
    51 -1.030272 -3.578138 -0.343160 -1.228152 0.000019 -0.000003
    52 0.001133 -1.610108 0.002370 -0.984642 0.000003 -0.000002
    53 0.005787 -0.946060 0.004418 -0.897572 0.000001 0.000001
    54 -0.004241 0.043707 -0.080203 -2.014997 -0.186996 -1.460723
    55 0.015383 -0.089136 -0.030010 -2.006083 0.036346 -1.568629
    56 -0.022610 -0.212357 -0.177905 -1.933161 -0.118801 -1.518895
    57 1.305107 -3.227548 -0.342207 -1.130313 -0.066944 -0.041063
    58 0.004502 -1.242324 0.006085 -0.293936 0.000004 0.000009
    59 0.007082 -0.774607 -0.000316 -0.894620 -0.000006 -0.000004
    60 -0.067138 0.063251 -0.010961 -0.899214 -0.014515 -1.600326
    61 -0.151180 -0.007395 -0.070065 -0.913061 -0.118819 -1.408558
    62 -0.178164 -0.244680 -0.357067 -1.159916 -0.384260 -1.556110
    63 -0.391451 -0.463665 0.383766 -0.862906 -0.533789 -2.313943
    64 2.468175 0.027425 0.001225 0.000015 0.000004 0.615617
    65 1.223419 0.009356 -0.005766 -0.000003 -0.000006 0.905743
    66 -0.263409 -0.117640 -0.015659 0.000036 -0.082210 -0.026800
    67 0.007707 -0.334360 -0.191575 0.070788 -0.181563 0.282364
    68 0.225562 -0.567923 -0.420715 0.119895 -0.183798 0.223460
    69 -0.203683 -0.095654 -0.328305 -1.745077 0.075142 -1.515382
    70 -1.393460 8.839182 -0.239439 1.580804 -0.005024 -1.566848
    71 0.036020 0.082815 -0.692656 -1.570769 0.065989 0.001276
    72 -0.088586 0.054020 -0.088594 0.010231 0.033800 -1.560851
    73 0.120153 -0.050270 -0.054489 -2.854024 0.030688 -1.580508
    74 -0.139399 -0.111694 0.014400 0.285395 -0.031353 1.580313
    75 -0.003479 -0.404833 0.000000 0.000000 0.000000 0.000000
    76 -0.313965 -4.589844 0.951660 -1.186316 1.434478 -1.173672
    77 0.000000 3.367188 0.862793 0.000000 0.000000 0.000000
    78 0.001152 -1.103516 1.960938 0.000000 0.000000 0.000000
    79 0.001152 -2.781250 2.525391 0.000000 0.000000 0.000000
    80 0.259743 -10.941148 2.553552 -2.562292 -1.043962 2.722059
    81 -0.003574 -2.246094 1.304688 0.000000 0.000000 0.000000
    82 0.001150 -4.261719 1.683594 0.000000 0.000000 0.000000
  time 36
    0 1.629157 0.000000 0.541027 0.000000 0.000000 -1.570796
    1 1.391893 8.957491 -6.669609 2.351620 -1.344640 -1.422040
    2 -0.001605 -10.698019 -0.002571 0.076173 0.156909 0.089900
    3 -0.653320 -3.628906 -0.348633 -1.003534 -0.000001 -0.122159
    4 -0.013245 -1.509766 -0.000001 -1.090796 0.000000 0.000000
    5 0.000000 -0.953125 -0.000002 -1.223438 0.000000 0.000000
    6 0.007988 0.172184 -0.118553 -1.598091 -0.216549 -1.570593
    7 0.080660 0.135929 -0.203919 -1.506824 -0.066185 -1.662786
    8 0.117288 -0.155554 -0.604544 -1.412988 -0.374558 -1.569222
    9 0.128052 -3.763672 -0.348633 -0.890091 0.000000 -0.148347
    10 -0.006790 -1.563353 0.006726 -1.212969 0.000000 0.000009
    11 0.000000 -1.164063 0.000001 -1.279286 0.000000 0.000000
    12 -0.018589 0.129953 -0.123721 -1.294580 0.001302 -1.635383
    13 -0.006160 0.170065 -0.110169 -1.280084 -0.068681 -1.597215
    14 0.047100 -0.104074 -0.352264 -1.243368 -0.257298 -1.694346
    15 0.949953 -3.617903 -0.344216 -0.029456 -0.011654 0.137530
    16 -0.021700 -1.596358 -0.003443 0.013827 -0.014717 -0.001989
    17 -0.006735 -0.937906 0.007065 -0.118754 -0.017989 -0.020770
    18 -0.022325 0.045424 -0.038284 -1.125544 -0.129230 -1.681412
    19 -0.042900 -0.061274 -0.071212 -1.124462 -0.060454 -1.586099
    20 0.063741 -0.109104 -0.248158 -1.142813 -0.125805 -1.693583
    21 -1.408203 -3.246094 -0.348633 -0.788776 0.052706 -0.017693
    22 0.013458 -1.204102 0.000000 -0.931992 0.000000 0.000000
    23 -0.013008 -0.789551 0.000000 -1.061140 0.000000 0.000000
    24 -0.011721 0.093267 0.017949 -1.687855 -0.079155 -1.575164
    25 0.048863 -0.085541 0.028626 -1.715605 -0.034569 -1.653190
    26 0.173918 -0.198416 -0.336163 -1.668104 -0.422317 -1.710956
    27 0.438974 -0.490226 0.392416 0.771350 -0.498422 -1.175684
    28 2.352359 0.010252 0.001103 -0.294609 -0.081736 -0.664288
    29 1.249212 0.004522 -0.002867 -0.000016 0.000022 -0.451724
    30 -0.267709 0.037512 -0.093907 2.913812 -0.143386 0.078467
    31 -0.029266 0.205408 -0.329287 2.788574 -0.255486 -0.188917
    32 0.204373 0.521055 -0.268577 2.886669 0.042206 -0.230367
    33 0.195697 -0.010059 -0.293538 -1.333586 0.150863 -1.672749
    34 1.257181 8.762590 -0.153713 -1.570562 0.002683 -1.566808
    35 -0.093500 -0.114213 -0.738866 -1.570842 0.061811 0.002096
    36 0.010843 0.093624 -0.081439 -3.141462 0.041719 -1.568236
    37 11.878039 -12.028341 -13.736077 -0.833665 0.527337 1.491219
    38 0.104748 -10.673144 -0.005453 -0.055236 -0.506564 0.767468
    39 0.549521 -3.650577 -0.344972 -1.337448 -0.046218 -0.024582
    40 0.021778 -1.503640 0.001039 -0.535079 0.000001 -0.000004
    41 0.008139 -0.928479 -0.004583 -0.834882 -0.000002 -0.000001
    42 0.006928 0.005329 -0.181358 -1.528500 -0.248579 -1.611362
    43 -0.052313 0.038589 -0.230757 -1.592493 -0.043415 -1.528515
    44 -0.232600 -0.209656 -0.420669 -1.713790 -0.167173 -1.438930
    45 -0.214374 -3.737618 -0.346082 -1.292222 -0.000005 -0.000020
    46 0.015894 -1.578467 0.002264 -0.926026 0.000020 -0.000009
    47 0.000478 -1.172547 0.000249 -0.924372 0.000021 0.000018
    48 -0.038065 0.069166 -0.159883 -1.816986 0.066178 -1.575392
    49 -0.025151 0.088762 -0.068837 -1.817843 0.044510 -1.568287
    50 -0.102916 -0.186983 -0.272246 -1.833683 -0.232962 -1.472375
    51 -1.030272 -3.582044 -0.347066 -1.231557 0.000019 -0.000003
    52 0.001133 -1.610108 0.006276 -0.986427 0.000003 -0.000002
    53 0.005787 -0.946060 0.004418 -0.903041 0.000001 0.000001
    54 -0.004241 0.043707 -0.080203 -2.014997 -0.186996 -1.460723
    55 0.015383 -0.089136 -0.030010 -2.006083 0.036346 -1.568629
    56 -0.022610 -0.212357 -0.177905 -1.933161 -0.118801 -1.518895
    57 1.305107 -3.227548 -0.342207 -1.143125 -0.066932 -0.041063
    58 0.004502 -1.242324 0.006085 -0.295062 0.000004 0.000009
    59 0.003175 -0.774607 -0.004222 -0.893149 -0.000006 -0.000004
    60 -0.067138 0.063251 -0.010961 -0.899214 -0.014515 -1.600326
    61 -0.151180 -0.007395 -0.070065 -0.913061 -0.118819 -1.408558
    62 -0.178164 -0.244680 -0.357067 -1.159916 -0.384260 -1.556110
    63 -0.391451 -0.463665 0.379860 -0.864440 -0.530759 -2.310897
    64 2.472082 0.027425 0.001225 0.000015 0.000004 0.678559
    65 1.223419 0.009356 -0.005766 -0.000003 -0.000006 0.912498
    66 -0.263409 -0.117640 -0.015659 0.000036 -0.082210 -0.026800
    67 0.007707 -0.334360 -0.191575 0.070788 -0.181563 0.282364
    68 0.225562 -0.567923 -0.420715 0.119895 -0.183798 0.223460
    69 -0.203683 -0.095654 -0.328305 -1.745077 0.075142 -1.515382
    70 -1.393460 8.839182 -0.239439 1.580804 -0.005024 -1.566848
    71 0.036020 0.082815 -0.692656 -1.570769 0.065989 0.001276
    72 -0.088586 0.054020 -0.088594 0.010231 0.033800 -1.560851
    73 0.120153 -0.050270 -0.054489 -2.854024 0.030688 -1.580508
    74 -0.139399 -0.111694 0.014400 0.285395 -0.031353 1.580313
    75 -0.003479 -0.404833 0.000000 0.000000 0.000000 0.000000
    76 -0.313965 -4.589844 0.951660 -1.186316 1.434478 -1.173672
    77 0.000000 3.367188 0.862793 0.000000 0.000000 0.000000
    78 0.001152 -1.103516 1.960938 0.000000 0.000000 0.000000
    79 0.001152 -2.781250 2.525391 0.000000 0.000000 0.000000
    80 0.052705 -10.179406 2.444174 -2.640456 -0.960875 2.800194
    81 -0.003574 -2.246094 1.304688 0.000000 0.000000 0.000000
    82 0.001150 -4.261719 1.683594 0.000000 0.000000 0.000000
  time 37
    0 1.629157 0.000000 0.541027 0.000000 0.000000 -1.570796
    1 1.348923 8.969210 -6.677422 2.352781 -1.345017 -1.422759
    2 -0.005512 -10.701926 -0.002571 0.079308 0.157786 0.092594
    3 -0.653320 -3.628906 -0.348633 -1.003534 -0.000001 -0.122159
    4 -0.013245 -1.509766 -0.000001 -1.090796 0.000000 0.000000
    5 0.000000 -0.953125 -0.000002 -1.223438 0.000000 0.000000
    6 0.007988 0.172184 -0.118553 -1.598091 -0.216549 -1.570593
    7 0.080660 0.135929 -0.203919 -1.506824 -0.066185 -1.662786
    8 0.117288 -0.155554 -0.604544 -1.412988 -0.374558 -1.569222
    9 0.128052 -3.763672 -0.348633 -0.890091 0.000000 -0.148347
    10 -0.006790 -1.567259 0.006726 -1.212969 0.000000 0.000009
    11 0.000000 -1.164063 0.000001 -1.279286 0.000000 0.000000
    12 -0.018589 0.129953 -0.123721 -1.294580 0.001302 -1.635383
    13 -0.006160 0.170065 -0.110169 -1.280084 -0.068681 -1.597215
    14 0.047100 -0.104074 -0.352264 -1.243368 -0.257298 -1.694346
    15 0.949953 -3.613996 -0.344216 -0.027251 -0.011726 0.137554
    16 -0.021700 -1.596358 -0.003443 0.017083 -0.014933 -0.002505
    17 -0.002829 -0.937906 0.007065 -0.110338 -0.018109 -0.023119
    18 -0.022325 0.045424 -0.038284 -1.125544 -0.129230 -1.681412
    19 -0.042900 -0.061274 -0.071212 -1.124462 -0.060454 -1.586099
    20 0.063741 -0.109104 -0.248158 -1.142813 -0.125805 -1.693583
    21 -1.408203 -3.246094 -0.348633 -0.788776 0.052706 -0.017693
    22 0.013458 -1.204102 0.000000 -0.931992 0.000000 0.000000
    23 -0.013008 -0.789551 0.000000 -1.061140 0.000000 0.000000
    24 -0.011721 0.093267 0.017949 -1.687855 -0.079155 -1.575164
    25 0.048863 -0.085541 0.028626 -1.715605 -0.034569 -1.653190
    26 0.173918 -0.198416 -0.336163 -1.668104 -0.422317 -1.710956
    27 0.438974 -0.486320 0.396323 0.771898 -0.498064 -1.176134
    28 2.352359 0.010252 0.005009 -0.294609 -0.081664 -0.664010
    29 1.249212 0.004522 -0.002867 -0.000016 0.000022 -0.454079
    30 -0.267709 0.037512 -0.093907 2.913812 -0.143386 0.078467
    31 -0.029266 0.205408 -0.329287 2.788574 -0.255486 -0.188917
    32 0.204373 0.521055 -0.268577 2.886669 0.042206 -0.230367
    33 0.195697 -0.010059 -0.293538 -1.333586 0.150863 -1.672749
    34 1.257181 8.762590 -0.153713 -1.570562 0.002683 -1.566808
    35 -0.093500 -0.114213 -0.738866 -1.570842 0.061811 0.002096
    36 0.010843 0.093624 -0.081439 -3.141462 0.041719 -1.568236
    37 11.413181 -11.969746 -13.517321 -0.828420 0.549490 1.519889
    38 0.104748 -10.673144 -0.001547 -0.048242 -0.497563 0.713470
    39 0.549521 -3.650577 -0.344972 -1.339944 -0.046218 -0.024582
    40 0.021778 -1.507546 0.001039 -0.535267 0.000001 -0.000004
    41 0.008139 -0.928479 -0.004583 -0.833559 -0.000002 -0.000001
    42 0.006928 0.005329 -0.181358 -1.528500 -0.248579 -1.611362
    43 -0.052313 0.038589 -0.230757 -1.592493 -0.043415 -1.528515
    44 -0.232600 -0.209656 -0.420669 -1.713790 -0.167173 -1.438930
    45 -0.218280 -3.741524 -0.346082 -1.296623 -0.000005 -0.000020
    46 0.019801 -1.578467 0.006170 -0.926261 0.000020 -0.000009
    47 0.004384 -1.176453 0.000249 -0.928804 0.000021 0.000018
    48 -0.038065 0.069166 -0.159883 -1.816986 0.066178 -1.575392
    49 -0.025151 0.088762 -0.068837 -1.817843 0.044510 -1.568287
    50 -0.102916 -0.186983 -0.272246 -1.833683 -0.232962 -1.472375
    51 -1.034178 -3.582044 -0.343160 -1.234442 0.000019 -0.000003
    52 0.001133 -1.610108 0.002370 -0.989000 0.000003 -0.000002
    53 0.005787 -0.946060 0.004418 -0.908132 0.000001 0.000001
    54 -0.004241 0.043707 -0.080203 -2.014997 -0.186996 -1.460723
    55 0.015383 -0.089136 -0.030010 -2.006083 0.036346 -1.568629
    56 -0.022610 -0.212357 -0.177905 -1.933161 -0.118801 -1.518895
    57 1.305107 -3.227548 -0.342207 -1.156456 -0.066932 -0.041063
    58 0.000595 -1.242324 0.006085 -0.294724 0.000004 0.000009
    59 0.003175 -0.774607 -0.000316 -0.891475 -0.000006 -0.000004
    60 -0.067138 0.063251 -0.010961 -0.899214 -0.014515 -1.600326
    61 -0.151180 -0.007395 -0.070065 -0.913061 -0.118819 -1.408558
    62 -0.178164 -0.244680 -0.357067 -1.159916 -0.384260 -1.556110
    63 -0.391451 -0.463665 0.383766 -0.865840 -0.527929 -2.308161
    64 2.472082 0.027425 0.001225 0.000015 0.000004 0.745284
    65 1.227325 0.009356 -0.005766 -0.000003 -0.000006 0.919226
    66 -0.263409 -0.117640 -0.015659 0.000036 -0.082210 -0.026800
    67 0.007707 -0.334360 -0.191575 0.070788 -0.181563 0.282364
    68 0.225562 -0.567923 -0.420715 0.119895 -0.183798 0.223460
    69 -0.203683 -0.095654 -0.328305 -1.745077 0.075142 -1.515382
    70 -1.393460 8.839182 -0.239439 1.580804 -0.005024 -1.566848
    71 0.036020 0.082815 -0.692656 -1.570769 0.065989 0.001276
    72 -0.088586 0.054020 -0.088594 0.010231 0.033800 -1.560851
    73 0.120153 -0.050270 -0.054489 -2.854024 0.030688 -1.580508
    74 -0.139399 -0.111694 0.014400 0.285395 -0.031353 1.580313
    75 -0.003479 -0.404833 0.000000 0.000000 0.000000 0.000000
    76 -0.313965 -4.589844 0.951660 -1.186316 1.434478 -1.173672
    77 0.000000 3.367188 0.862793 0.000000 0.000000 0.000000
    78 0.001152 -1.103516 1.960938 0.000000 0.000000 0.000000
    79 0.001152 -2.781250 2.525391 0.000000 0.000000 0.000000
    80 -0.064486 -9.652046 2.381672 -2.709723 -0.901124 2.861264
    81 -0.003574 -2.246094 1.304688 0.000000 0.000000 0.000000
    82 0.001150 -4.261719 1.683594 0.000000 0.000000 0.000000
  time 38
    0 1.629157 0.000000 0.541027 0.000000 0.000000 -1.570796
    1 1.286421 8.996554 -6.677422 2.355371 -1.344357 -1.425459
    2 -0.001605 -10.698019 -0.002571 0.089060 0.166395 0.104703
    3 -0.653320 -3.628906 -0.348633 -1.003534 -0.000001 -0.122159
    4 -0.013245 -1.509766 -0.000001 -1.090796 0.000000 0.000000
    5 0.000000 -0.953125 -0.000002 -1.223438 0.000000 0.000000
    6 0.007988 0.172184 -0.118553 -1.598091 -0.216549 -1.570593
    7 0.080660 0.135929 -0.203919 -1.506824 -0.066185 -1.662786
    8 0.117288 -0.155554 -0.604544 -1.412988 -0.374558 -1.569222
    9 0.128052 -3.763672 -0.348633 -0.890091 0.000000 -0.148347
    10 -0.006790 -1.567259 0.006726 -1.212969 0.000000 0.000009
    11 0.000000 -1.164063 0.000001 -1.279286 0.000000 0.000000
    12 -0.018589 0.129953 -0.123721 -1.294580 0.001302 -1.635383
    13 -0.006160 0.170065 -0.110169 -1.280084 -0.068681 -1.597215
    14 0.047100 -0.104074 -0.352264 -1.243368 -0.257298 -1.694346
    15 0.949953 -3.613996 -0.344216 -0.025142 -0.011810 0.137590
    16 -0.017794 -1.596358 -0.007350 0.020314 -0.015136 -0.002960
    17 -0.002829 -0.941812 0.007065 -0.102300 -0.018204 -0.025324
    18 -0.022325 0.045424 -0.038284 -1.125544 -0.129230 -1.681412
    19 -0.042900 -0.061274 -0.071212 -1.124462 -0.060454 -1.586099
    20 0.063741 -0.109104 -0.248158 -1.142813 -0.125805 -1.693583
    21 -1.408203 -3.246094 -0.348633 -0.788776 0.052706 -0.017693
    22 0.013458 -1.204102 0.000000 -0.931992 0.000000 0.000000
    23 -0.013008 -0.789551 0.000000 -1.061140 0.000000 0.000000
    24 -0.011721 0.093267 0.017949 -1.687855 -0.079155 -1.575164
    25 0.048863 -0.085541 0.028626 -1.715605 -0.034569 -1.653190
    26 0.173918 -0.198416 -0.336163 -1.668104 -0.422317 -1.710956
    27 0.442881 -0.490226 0.396323 0.772534 -0.497718 -1.176528
    28 2.352359 0.010252 0.005009 -0.294633 -0.081616 -0.663909
    29 1.249212 0.004522 -0.002867 -0.000016 0.000022 -0.456150
    30 -0.267709 0.037512 -0.093907 2.913812 -0.143386 0.078467
    31 -0.029266 0.205408 -0.329287 2.788574 -0.255486 -0.188917
    32 0.204373 0.521055 -0.268577 2.886669 0.042206 -0.230367
    33 0.195697 -0.010059 -0.293538 -1.333586 0.150863 -1.672749
    34 1.257181 8.762590 -0.153713 -1.570562 0.002683 -1.566808
    35 -0.093500 -0.114213 -0.738866 -1.570842 0.061811 0.002096
    36 0.010843 0.093624 -0.081439 -3.141462 0.041719 -1.568236
    37 11.225676 -11.782240 -13.368879 -0.820504 0.565240 1.538238
    38 0.104748 -10.673144 -0.005453 -0.060643 -0.486944 0.650488
    39 0.549521 -3.646670 -0.344972 -1.342090 -0.046218 -0.024582
    40 0.025684 -1.503640 0.004946 -0.535550 0.000001 -0.000004
    41 0.008139 -0.928479 -0.004583 -0.833347 -0.000002 -0.000001
    42 0.006928 0.005329 -0.181358 -1.528500 -0.248579 -1.611362
    43 -0.052313 0.038589 -0.230757 -1.592493 -0.043415 -1.528515
    44 -0.232600 -0.209656 -0.420669 -1.713790 -0.167173 -1.438930
    45 -0.218280 -3.737618 -0.346082 -1.300135 -0.000005 -0.000020
    46 0.019801 -1.582373 0.006170 -0.927612 0.000020 -0.000009
    47 0.004384 -1.176453 0.000249 -0.932435 0.000021 0.000018
    48 -0.038065 0.069166 -0.159883 -1.816986 0.066178 -1.575392
    49 -0.025151 0.088762 -0.068837 -1.817843 0.044510 -1.568287
    50 -0.102916 -0.186983 -0.272246 -1.833683 -0.232962 -1.472375
    51 -1.034178 -3.578138 -0.347066 -1.236685 0.000019 -0.000003
    52 0.001133 -1.610108 0.002370 -0.992045 0.000003 -0.000002
    53 0.005787 -0.946060 0.004418 -0.912700 0.000001 0.000001
    54 -0.004241 0.043707 -0.080203 -2.014997 -0.186996 -1.460723
    55 0.015383 -0.089136 -0.030010 -2.006083 0.036346 -1.568629
    56 -0.022610 -0.212357 -0.177905 -1.933161 -0.118801 -1.518895
    57 1.309013 -3.227548 -0.342207 -1.169441 -0.066944 -0.041063
    58 0.000595 -1.242324 0.006085 -0.293598 0.000004 0.000009
    59 0.003175 -0.774607 -0.000316 -0.889649 -0.000006 -0.000004
    60 -0.067138 0.063251 -0.010961 -0.899214 -0.014515 -1.600326
    61 -0.151180 -0.007395 -0.070065 -0.913061 -0.118819 -1.408558
    62 -0.178164 -0.244680 -0.357067 -1.159916 -0.384260 -1.556110
    63 -0.391451 -0.463665 0.383766 -0.867085 -0.525461 -2.305734
    64 2.472082 0.027425 0.001225 0.000015 0.000004 0.810904
    65 1.223419 0.009356 -0.005766 -0.000003 -0.000006 0.925648
    66 -0.263409 -0.117640 -0.015659 0.000036 -0.082210 -0.026800
    67 0.007707 -0.334360 -0.191575 0.070788 -0.181563 0.282364
    68 0.225562 -0.567923 -0.420715 0.119895 -0.183798 0.223460
    69 -0.203683 -0.095654 -0.328305 -1.745077 0.075142 -1.515382
    70 -1.393460 8.839182 -0.239439 1.580804 -0.005024 -1.566848
    71 0.036020 0.082815 -0.692656 -1.570769 0.065989 0.001276
    72 -0.088586 0.054020 -0.088594 0.010231 0.033800 -1.560851
    73 0.120153 -0.050270 -0.054489 -2.854024 0.030688 -1.580508
    74 -0.139399 -0.111694 0.014400 0.285395 -0.031353 1.580313
    75 -0.003479 -0.404833 0.000000 0.000000 0.000000 0.000000
    76 -0.313965 -4.589844 0.951660 -1.186316 1.434478 -1.173672
    77 0.000000 3.367188 0.862793 0.000000 0.000000 0.000000
    78 0.001152 -1.103516 1.960938 0.000000 0.000000 0.000000
    79 0.001152 -2.781250 2.525391 0.000000 0.000000 0.000000
    80 -0.115269 -9.390320 2.358233 -2.789418 -0.872203 2.919553
    81 -0.003574 -2.246094 1.304688 0.000000 0.000000 0.000000
    82 0.001150 -4.261719 1.683594 0.000000 0.000000 0.000000
  time 39
    0 1.629157 0.000000 0.541027 0.000000 0.000000 -1.570796
    1 1.204387 9.031712 -6.677422 2.360552 -1.342989 -1.430677
    2 -0.001605 -10.701926 -0.002571 0.108113 0.182252 0.127770
    3 -0.653320 -3.628906 -0.348633 -1.003534 -0.000001 -0.122159
    4 -0.013245 -1.509766 -0.000001 -1.090796 0.000000 0.000000
    5 0.000000 -0.953125 -0.000002 -1.223438 0.000000 0.000000
    6 0.007988 0.172184 -0.118553 -1.598091 -0.216549 -1.570593
    7 0.080660 0.135929 -0.203919 -1.506824 -0.066185 -1.662786
    8 0.117288 -0.155554 -0.604544 -1.412988 -0.374558 -1.569222
    9 0.128052 -3.763672 -0.348633 -0.890091 0.000000 -0.148347
    10 -0.006790 -1.567259 0.006726 -1.212969 0.000000 -0.000003
    11 0.000000 -1.164063 0.000001 -1.279286 0.000000 0.000000
    12 -0.018589 0.129953 -0.123721 -1.294580 0.001302 -1.635383
    13 -0.006160 0.170065 -0.110169 -1.280084 -0.068681 -1.597215
    14 0.047100 -0.104074 -0.352264 -1.243368 -0.257298 -1.694346
    15 0.949953 -3.617903 -0.344216 -0.023104 -0.011894 0.137614
    16 -0.021700 -1.596358 -0.003443 0.023493 -0.015328 -0.003452
    17 -0.002829 -0.941812 0.007065 -0.094571 -0.018312 -0.027410
    18 -0.022325 0.045424 -0.038284 -1.125544 -0.129230 -1.681412
    19 -0.042900 -0.061274 -0.071212 -1.124462 -0.060454 -1.586099
    20 0.063741 -0.109104 -0.248158 -1.142813 -0.125805 -1.693583
    21 -1.408203 -3.246094 -0.348633 -0.788776 0.052706 -0.017693
    22 0.013458 -1.204102 0.000000 -0.931992 0.000000 0.000000
    23 -0.013008 -0.789551 0.000000 -1.061140 0.000000 0.000000
    24 -0.011721 0.093267 0.017949 -1.687855 -0.079155 -1.575164
    25 0.048863 -0.085541 0.028626 -1.715605 -0.034569 -1.653190
    26 0.173918 -0.198416 -0.336163 -1.668104 -0.422317 -1.710956
    27 0.438974 -0.486320 0.396323 0.773257 -0.497422 -1.176922
    28 2.352359 0.010252 0.005009 -0.294645 -0.081616 -0.663884
    29 1.249212 0.004522 -0.006774 -0.000016 0.000022 -0.457957
    30 -0.267709 0.037512 -0.093907 2.913812 -0.143386 0.078467
    31 -0.029266 0.205408 -0.329287 2.788574 -0.255486 -0.188917
    32 0.204373 0.521055 -0.268577 2.886669 0.042206 -0.230367
    33 0.195697 -0.010059 -0.293538 -1.333586 0.150863 -1.672749
    34 1.257181 8.762590 -0.153713 -1.570562 0.002683 -1.566808
    35 -0.093500 -0.114213 -0.738866 -1.570842 0.061811 0.002096
    36 0.010843 0.093624 -0.081439 -3.141462 0.041719 -1.568236
    37 11.128016 -11.500981 -13.208718 -0.805434 0.577111 1.552095
    38 0.104748 -10.673144 -0.005453 -0.084718 -0.472489 0.572455
    39 0.549521 -3.650577 -0.341066 -1.343837 -0.046218 -0.024582
    40 0.021778 -1.507546 0.001039 -0.535550 0.000001 -0.000004
    41 0.012045 -0.928479 -0.004583 -0.834247 -0.000002 -0.000001
    42 0.006928 0.005329 -0.181358 -1.528500 -0.248579 -1.611362
    43 -0.052313 0.038589 -0.230757 -1.592493 -0.043415 -1.528515
    44 -0.232600 -0.209656 -0.420669 -1.713790 -0.167173 -1.438930
    45 -0.218280 -3.737618 -0.342176 -1.302801 -0.000005 -0.000020
    46 0.019801 -1.578467 0.006170 -0.929844 0.000020 -0.000009
    47 0.000478 -1.176453 0.000249 -0.935323 0.000021 0.000018
    48 -0.038065 0.069166 -0.159883 -1.816986 0.066178 -1.575392
    49 -0.025151 0.088762 -0.068837 -1.817843 0.044510 -1.568287
    50 -0.102916 -0.186983 -0.272246 -1.833683 -0.232962 -1.472375
    51 -1.030272 -3.578138 -0.343160 -1.238568 0.000019 -0.000003
    52 0.001133 -1.610108 0.002370 -0.995143 0.000003 -0.000002
    53 0.005787 -0.946060 0.004418 -0.916743 0.000001 0.000001
    54 -0.004241 0.043707 -0.080203 -2.014997 -0.186996 -1.460723
    55 0.015383 -0.089136 -0.030010 -2.006083 0.036346 -1.568629
    56 -0.022610 -0.212357 -0.177905 -1.933161 -0.118801 -1.518895
    57 1.305107 -3.227548 -0.342207 -1.181214 -0.066932 -0.041063
    58 0.000595 -1.242324 0.002179 -0.292247 0.000004 0.000009
    59 0.007082 -0.774607 -0.000316 -0.887772 -0.000006 -0.000004
    60 -0.067138 0.063251 -0.010961 -0.899214 -0.014515 -1.600326
    61 -0.151180 -0.007395 -0.070065 -0.913061 -0.118819 -1.408558
    62 -0.178164 -0.244680 -0.357067 -1.159916 -0.384260 -1.556110
    63 -0.391451 -0.463665 0.383766 -0.868152 -0.523294 -2.303566
    64 2.472082 0.027425 0.001225 0.000015 0.000004 0.870565
    65 1.223419 0.009356 -0.005766 -0.000003 -0.000006 0.931681
    66 -0.263409 -0.117640 -0.015659 0.000036 -0.082210 -0.026800
    67 0.007707 -0.334360 -0.191575 0.070788 -0.181563 0.282364
    68 0.225562 -0.567923 -0.420715 0.119895 -0.183798 0.223460
    69 -0.203683 -0.095654 -0.328305 -1.745077 0.075142 -1.515382
    70 -1.393460 8.839182 -0.239439 1.580804 -0.005024 -1.566848
    71 0.036020 0.082815 -0.692656 -1.570769 0.065989 0.001276
    72 -0.088586 0.054020 -0.088594 0.010231 0.033800 -1.560851
    73 0.120153 -0.050270 -0.054489 -2.854024 0.030688 -1.580508
    74 -0.139399 -0.111694 0.014400 0.285395 -0.031353 1.580313
    75 -0.003479 -0.404833 0.000000 0.000000 0.000000 0.000000
    76 -0.313965 -4.589844 0.951660 -1.186316 1.434478 -1.173672
    77 0.000000 3.367188 0.862793 0.000000 0.000000 0.000000
    78 0.001152 -1.103516 1.960938 0.000000 0.000000 0.000000
    79 0.001152 -2.781250 2.525391 0.000000 0.000000 0.000000
    80 -0.123081 -9.277035 2.342608 -2.885090 -0.866047 2.982924
    81 -0.003574 -2.246094 1.304688 0.000000 0.000000 0.000000
    82 0.001150 -4.261719 1.683594 0.000000 0.000000 0.000000
  time 40
    0 1.629157 0.000000 0.541027 0.000000 0.000000 -1.570796
    1 1.126260 9.062963 -6.677422 2.366180 -1.341480 -1.436525
    2 -0.005512 -10.701926 -0.006478 0.128350 0.197531 0.151458
    3 -0.653320 -3.628906 -0.348633 -1.003534 -0.000001 -0.122159
    4 -0.013245 -1.509766 -0.000001 -1.090796 0.000000 0.000000
    5 0.000000 -0.953125 -0.000002 -1.223438 0.000000 0.000000
    6 0.007988 0.172184 -0.118553 -1.598091 -0.216549 -1.570593
    7 0.080660 0.135929 -0.203919 -1.506824 -0.066185 -1.662786
    8 0.117288 -0.155554 -0.604544 -1.412988 -0.374558 -1.569222
    9 0.128052 -3.763672 -0.348633 -0.890091 0.000000 -0.148347
    10 -0.006790 -1.567259 0.006726 -1.212969 0.000000 0.000009
    11 0.000000 -1.164063 0.000001 -1.279286 0.000000 0.000000
    12 -0.018589 0.129953 -0.123721 -1.294580 0.001302 -1.635383
    13 -0.006160 0.170065 -0.110169 -1.280084 -0.068681 -1.597215
    14 0.047100 -0.104074 -0.352264 -1.243368 -0.257298 -1.694346
    15 0.949953 -3.617903 -0.348122 -0.021175 -0.011966 0.137650
    16 -0.021700 -1.596358 -0.003443 0.026544 -0.015556 -0.003919
    17 -0.006735 -0.941812 0.007065 -0.087117 -0.018432 -0.029327
    18 -0.022325 0.045424 -0.038284 -1.125544 -0.129230 -1.681412
    19 -0.042900 -0.061274 -0.071212 -1.124462 -0.060454 -1.586099
    20 0.063741 -0.109104 -0.248158 -1.142813 -0.125805 -1.693583
    21 -1.408203 -3.246094 -0.348633 -0.788776 0.052706 -0.017693
    22 0.013458 -1.204102 0.000000 -0.931992 0.000000 0.000000
    23 -0.013008 -0.789551 0.000000 -1.061140 0.000000 0.000000
    24 -0.011721 0.093267 0.017949 -1.687855 -0.079155 -1.575164
    25 0.048863 -0.085541 0.028626 -1.715605 -0.034569 -1.653190
    26 0.173918 -0.198416 -0.336163 -1.668104 -0.422317 -1.710956
    27 0.442881 -0.490226 0.396323 0.774068 -0.497175 -1.177232
    28 2.352359 0.010252 0.005009 -0.294621 -0.081640 -0.663934
    29 1.245306 0.004522 -0.002867 -0.000016 0.000022 -0.459500
    30 -0.267709 0.037512 -0.093907 2.913812 -0.143386 0.078467
    31 -0.029266 0.205408 -0.329287 2.788574 -0.255486 -0.188917
    32 0.204373 0.521055 -0.268577 2.886669 0.042206 -0.230367
    33 0.195697 -0.010059 -0.293538 -1.333586 0.150863 -1.672749
    34 1.257181 8.762590 -0.153713 -1.570562 0.002683 -1.566808
    35 -0.093500 -0.114213 -0.738866 -1.570842 0.061811 0.002096
    36 0.010843 0.093624 -0.081439 -3.141462 0.041719 -1.568236
    37 10.999106 -11.208004 -13.079807 -0.786741 0.586084 1.563085
    38 0.108654 -10.673144 -0.005453 -0.102176 -0.470187 0.495096
    39 0.553428 -3.650577 -0.341066 -1.345035 -0.046218 -0.024582
    40 0.025684 -1.503640 0.001039 -0.535267 0.000001 -0.000004
    41 0.008139 -0.928479 -0.000677 -0.835993 -0.000002 -0.000001
    42 0.006928 0.005329 -0.181358 -1.528500 -0.248579 -1.611362
    43 -0.052313 0.038589 -0.230757 -1.592493 -0.043415 -1.528515
    44 -0.232600 -0.209656 -0.420669 -1.713790 -0.167173 -1.438930
    45 -0.214374 -3.737618 -0.342176 -1.304663 -0.000005 -0.000020
    46 0.015894 -1.582373 0.002264 -0.932664 0.000020 -0.000009
    47 0.004384 -1.176453 0.000249 -0.937496 0.000021 0.000018
    48 -0.038065 0.069166 -0.159883 -1.816986 0.066178 -1.575392
    49 -0.025151 0.088762 -0.068837 -1.817843 0.044510 -1.568287
    50 -0.102916 -0.186983 -0.272246 -1.833683 -0.232962 -1.472375
    51 -1.030272 -3.582044 -0.343160 -1.239850 0.000019 -0.000003
    52 0.001133 -1.610108 0.002370 -0.998503 0.000003 -0.000002
    53 0.005787 -0.946060 0.004418 -0.920205 0.000001 0.000001
    54 -0.004241 0.043707 -0.080203 -2.014997 -0.186996 -1.460723
    55 0.015383 -0.089136 -0.030010 -2.006083 0.036346 -1.568629
    56 -0.022610 -0.212357 -0.177905 -1.933161 -0.118801 -1.518895
    57 1.305107 -3.227548 -0.342207 -1.190866 -0.066932 -0.041063
    58 0.000595 -1.242324 0.002179 -0.291290 0.000004 0.000009
    59 0.003175 -0.774607 -0.000316 -0.885743 -0.000006 -0.000004
    60 -0.067138 0.063251 -0.010961 -0.899214 -0.014515 -1.600326
    61 -0.151180 -0.007395 -0.070065 -0.913061 -0.118819 -1.408558
    62 -0.178164 -0.244680 -0.357067 -1.159916 -0.384260 -1.556110
    63 -0.391451 -0.463665 0.383766 -0.869019 -0.521508 -2.301836
    64 2.472082 0.027425 0.001225 0.000015 0.000004 0.919546
    65 1.223419 0.009356 -0.005766 -0.000003 -0.000006 0.937075
    66 -0.263409 -0.117640 -0.015659 0.000036 -0.082210 -0.026800
    67 0.007707 -0.334360 -0.191575 0.070788 -0.181563 0.282364
    68 0.225562 -0.567923 -0.420715 0.119895 -0.183798 0.223460
    69 -0.203683 -0.095654 -0.328305 -1.745077 0.075142 -1.515382
    70 -1.393460 8.839182 -0.239439 1.580804 -0.005024 -1.566848
    71 0.036020 0.082815 -0.692656 -1.570769 0.065989 0.001276
    72 -0.088586 0.054020 -0.088594 0.010231 0.033800 -1.560851
    73 0.120153 -0.050270 -0.054489 -2.854024 0.030688 -1.580508
    74 -0.139399 -0.111694 0.014400 0.285395 -0.031353 1.580313
    75 -0.003479 -0.404833 0.000000 0.000000 0.000000 0.000000
    76 -0.313965 -4.589844 0.951660 -1.186316 1.434478 -1.173672
    77 0.000000 3.367188 0.862793 0.000000 0.000000 0.000000
    78 0.001152 -1.103516 1.960938 0.000000 0.000000 0.000000
    79 0.001152 -2.781250 2.525391 0.000000 0.000000 0.000000
    80 -0.103549 -9.261410 2.323076 -2.986885 -0.870867 3.048691
    81 -0.003574 -2.246094 1.304688 0.000000 0.000000 0.000000
    82 0.001150 -4.261719 1.683594 0.000000 0.000000 0.000000
  time 41
    0 1.629157 0.000000 0.541027 0.000000 0.000000 -1.570796
    1 1.075477 9.086401 -6.677422 2.370824 -1.340065 -1.441474
    2 -0.001605 -10.701926 -0.002571 0.141272 0.205032 0.164695
    3 -0.653320 -3.628906 -0.348633 -1.003534 -0.000001 -0.122159
    4 -0.013245 -1.509766 -0.000001 -1.090796 0.000000 0.000000
    5 0.000000 -0.953125 -0.000002 -1.223438 0.000000 0.000000
    6 0.007988 0.172184 -0.118553 -1.598091 -0.216549 -1.570593
    7 0.080660 0.135929 -0.203919 -1.506824 -0.066185 -1.662786
    8 0.117288 -0.155554 -0.604544 -1.412988 -0.374558 -1.569222
    9 0.128052 -3.763672 -0.348633 -0.890091 0.000000 -0.148347
    10 -0.006790 -1.563353 0.006726 -1.212969 0.000000 0.000009
    11 0.000000 -1.164063 0.000001 -1.279286 0.000000 0.000000
    12 -0.018589 0.129953 -0.123721 -1.294580 0.001302 -1.635383
    13 -0.006160 0.170065 -0.110169 -1.280084 -0.068681 -1.597215
    14 0.047100 -0.104074 -0.352264 -1.243368 -0.257298 -1.694346
    15 0.949953 -3.617903 -0.344216 -0.019293 -0.012038 0.137674
    16 -0.021700 -1.596358 -0.007350 0.029595 -0.015748 -0.004338
    17 -0.006735 -0.941812 0.007065 -0.079903 -0.018540 -0.031137
    18 -0.022325 0.045424 -0.038284 -1.125544 -0.129230 -1.681412
    19 -0.042900 -0.061274 -0.071212 -1.124462 -0.060454 -1.586099
    20 0.063741 -0.109104 -0.248158 -1.142813 -0.125805 -1.693583
    21 -1.408203 -3.246094 -0.348633 -0.788776 0.052706 -0.017693
    22 0.013458 -1.204102 0.000000 -0.931992 0.000000 0.000000
    23 -0.013008 -0.789551 0.000000 -1.061140 0.000000 0.000000
    24 -0.011721 0.093267 0.017949 -1.687855 -0.079155 -1.575164
    25 0.048863 -0.085541 0.028626 -1.715605 -0.034569 -1.653190
    26 0.173918 -0.198416 -0.336163 -1.668104 -0.422317 -1.710956
    27 0.438974 -0.490226 0.392416 0.774923 -0.496965 -1.177513
    28 2.352359 0.010252 0.005009 -0.294609 -0.081700 -0.664162
    29 1.249212 0.004522 -0.002867 -0.000016 0.000022 -0.460820
    30 -0.267709 0.037512 -0.093907 2.913812 -0.143386 0.078467
    31 -0.029266 0.205408 -0.329287 2.788574 -0.255486 -0.188917
    32 0.204373 0.521055 -0.268577 2.886669 0.042206 -0.230367
    33 0.195697 -0.010059 -0.293538 -1.333586 0.150863 -1.672749
    34 1.257181 8.762590 -0.153713 -1.570562 0.002683 -1.566808
    35 -0.093500 -0.114213 -0.738866 -1.570842 0.061811 0.002096
    36 0.010843 0.093624 -0.081439 -3.141462 0.041719 -1.568236
    37 10.760818 -10.977528 -13.009493 -0.768333 0.593842 1.572833
    38 0.108654 -10.673144 -0.005453 -0.092519 -0.492959 0.433573
    39 0.549521 -3.646670 -0.341066 -1.345934 -0.046218 -0.024582
    40 0.021778 -1.503640 0.001039 -0.535173 0.000001 -0.000004
    41 0.012045 -0.928479 -0.004583 -0.838321 -0.000002 -0.000001
    42 0.006928 0.005329 -0.181358 -1.528500 -0.248579 -1.611362
    43 -0.052313 0.038589 -0.230757 -1.592493 -0.043415 -1.528515
    44 -0.232600 -0.209656 -0.420669 -1.713790 -0.167173 -1.438930
    45 -0.218280 -3.737618 -0.346082 -1.305721 -0.000005 -0.000020
    46 0.019801 -1.582373 0.006170 -0.935953 0.000020 -0.000009
    47 0.000478 -1.172547 0.000249 -0.938839 0.000021 0.000018
    48 -0.038065 0.069166 -0.159883 -1.816986 0.066178 -1.575392
    49 -0.025151 0.088762 -0.068837 -1.817843 0.044510 -1.568287
    50 -0.102916 -0.186983 -0.272246 -1.833683 -0.232962 -1.472375
    51 -1.030272 -3.578138 -0.343160 -1.240651 0.000019 -0.000003
    52 0.001133 -1.610108 0.002370 -1.001706 0.000003 -0.000002
    53 0.005787 -0.946060 0.004418 -0.922940 0.000001 0.000001
    54 -0.004241 0.043707 -0.080203 -2.014997 -0.186996 -1.460723
    55 0.015383 -0.089136 -0.030010 -2.006083 0.036346 -1.568629
    56 -0.022610 -0.212357 -0.177905 -1.933161 -0.118801 -1.518895
    57 1.309013 -3.227548 -0.342207 -1.197575 -0.066932 -0.041079
    58 0.000595 -1.242324 0.006085 -0.291459 0.000004 0.000009
    59 0.003175 -0.774607 -0.004222 -0.883663 -0.000006 -0.000004
    60 -0.067138 0.063251 -0.010961 -0.899214 -0.014515 -1.600326
    61 -0.151180 -0.007395 -0.070065 -0.913061 -0.118819 -1.408558
    62 -0.178164 -0.244680 -0.357067 -1.159916 -0.384260 -1.556110
    63 -0.387544 -0.463665 0.383766 -0.869708 -0.520083 -2.300468
    64 2.472082 0.027425 0.001225 0.000015 0.000004 0.952925
    65 1.223419 0.009356 -0.005766 -0.000003 -0.000006 0.941718
    66 -0.263409 -0.117640 -0.015659 0.000036 -0.082210 -0.026800
    67 0.007707 -0.334360 -0.191575 0.070788 -0.181563 0.282364
    68 0.225562 -0.567923 -0.420715 0.119895 -0.183798 0.223460
    69 -0.203683 -0.095654 -0.328305 -1.745077 0.075142 -1.515382
    70 -1.393460 8.839182 -0.239439 1.580804 -0.005024 -1.566848
    71 0.036020 0.082815 -0.692656 -1.570769 0.065989 0.001276
    72 -0.088586 0.054020 -0.088594 0.010231 0.033800 -1.560851
    73 0.120153 -0.050270 -0.054489 -2.854024 0.030688 -1.580508
    74 -0.139399 -0.111694 0.014400 0.285395 -0.031353 1.580313
    75 -0.003479 -0.404833 0.000000 0.000000 0.000000 0.000000
    76 -0.313965 -4.589844 0.951660 -1.186316 1.434478 -1.173672
    77 0.000000 3.367188 0.862793 0.000000 0.000000 0.000000
    78 0.001152 -1.103516 1.960938 0.000000 0.000000 0.000000
    79 0.001152 -2.781250 2.525391 0.000000 0.000000 0.000000
    80 -0.084018 -9.280941 2.307451 -3.081696 -0.876499 3.110528
    81 -0.003574 -2.246094 1.304688 0.000000 0.000000 0.000000
    82 0.001150 -4.261719 1.683594 0.000000 0.000000 0.000000
  time 42
    0 1.629157 0.000000 0.541027 0.000000 0.000000 -1.570796
    1 1.075477 9.086401 -6.677422 2.372789 -1.339546 -1.443363
    2 -0.001605 -10.698019 -0.006478 0.141133 0.191161 0.158295
    3 -0.653320 -3.628906 -0.348633 -1.003534 -0.000001 -0.122159
    4 -0.013245 -1.509766 -0.000001 -1.090796 0.000000 0.000000
    5 0.000000 -0.953125 -0.000002 -1.223438 0.000000 0.000000
    6 0.007988 0.172184 -0.118553 -1.598091 -0.216549 -1.570593
    7 0.080660 0.135929 -0.203919 -1.506824 -0.066185 -1.662786
    8 0.117288 -0.155554 -0.604544 -1.412988 -0.374558 -1.569222
    9 0.128052 -3.763672 -0.348633 -0.890091 0.000000 -0.148347
    10 -0.006790 -1.567259 0.006726 -1.212969 0.000000 0.000009
    11 0.000000 -1.164063 0.000001 -1.279286 0.000000 0.000000
    12 -0.018589 0.129953 -0.123721 -1.294580 0.001302 -1.635383
    13 -0.006160 0.170065 -0.110169 -1.280084 -0.068681 -1.597215
    14 0.047100 -0.104074 -0.352264 -1.243368 -0.257298 -1.694346
    15 0.953860 -3.617903 -0.348122 -0.017544 -0.012122 0.137698
    16 -0.021700 -1.596358 -0.007350 0.032543 -0.015927 -0.004794
    17 -0.006735 -0.941812 0.007065 -0.073033 -0.018684 -0.032803
    18 -0.022325 0.045424 -0.038284 -1.125544 -0.129230 -1.681412
    19 -0.042900 -0.061274 -0.071212 -1.124462 -0.060454 -1.586099
    20 0.063741 -0.109104 -0.248158 -1.142813 -0.125805 -1.693583
    21 -1.408203 -3.246094 -0.348633 -0.788776 0.052706 -0.017693
    22 0.013458 -1.204102 0.000000 -0.931992 0.000000 0.000000
    23 -0.013008 -0.789551 0.000000 -1.061140 0.000000 0.000000
    24 -0.011721 0.093267 0.017949 -1.687855 -0.079155 -1.575164
    25 0.048863 -0.085541 0.028626 -1.715605 -0.034569 -1.653190
    26 0.173918 -0.198416 -0.336163 -1.668104 -0.422317 -1.710956
    27 0.438974 -0.490226 0.396323 0.775821 -0.496792 -1.177710
    28 2.352359 0.010252 0.005009 -0.294585 -0.081795 -0.664465
    29 1.249212 0.004522 -0.002867 -0.000016 0.000022 -0.461896
    30 -0.267709 0.037512 -0.093907 2.913812 -0.143386 0.078467
    31 -0.029266 0.205408 -0.329287 2.788574 -0.255486 -0.188917
    32 0.204373 0.521055 -0.268577 2.886669 0.042206 -0.230367
    33 0.195697 -0.010059 -0.293538 -1.333586 0.150863 -1.672749
    34 1.257181 8.762590 -0.153713 -1.570562 0.002683 -1.566808
    35 -0.093500 -0.114213 -0.738866 -1.570842 0.061811 0.002096
    36 0.010843 0.093624 -0.081439 -3.141462 0.041719 -1.568236
    37 10.346743 -10.829086 -13.013399 -0.749353 0.596179 1.575796
    38 0.104748 -10.673144 -0.001547 -0.028229 -0.550986 0.387326
    39 0.549521 -3.646670 -0.341066 -1.346233 -0.046218 -0.024582
    40 0.025684 -1.507546 0.001039 -0.534985 0.000001 -0.000004
    41 0.008139 -0.932386 -0.004583 -0.841019 -0.000002 -0.000001
    42 0.006928 0.005329 -0.181358 -1.528500 -0.248579 -1.611362
    43 -0.052313 0.038589 -0.230757 -1.592493 -0.043415 -1.528515
    44 -0.232600 -0.209656 -0.420669 -1.713790 -0.167173 -1.438930
    45 -0.218280 -3.737618 -0.346082 -1.306017 -0.000005 -0.000020
    46 0.019801 -1.582373 0.002264 -0.939419 0.000020 -0.000009
    47 0.004384 -1.176453 0.000249 -0.939469 0.000021 0.000018
    48 -0.038065 0.069166 -0.159883 -1.816986 0.066178 -1.575392
    49 -0.025151 0.088762 -0.068837 -1.817843 0.044510 -1.568287
    50 -0.102916 -0.186983 -0.272246 -1.833683 -0.232962 -1.472375
    51 -1.030272 -3.578138 -0.343160 -1.241012 0.000019 -0.000003
    52 0.001133 -1.610108 0.002370 -1.004751 0.000003 -0.000002
    53 0.001880 -0.946060 0.004418 -0.924889 0.000001 0.000001
    54 -0.004241 0.043707 -0.080203 -2.014997 -0.186996 -1.460723
    55 0.015383 -0.089136 -0.030010 -2.006083 0.036346 -1.568629
    56 -0.022610 -0.212357 -0.177905 -1.933161 -0.118801 -1.518895
    57 1.305107 -3.227548 -0.342207 -1.203202 -0.066932 -0.041063
    58 0.000595 -1.242324 0.006085 -0.292360 0.000004 0.000009
    59 0.003175 -0.774607 -0.004222 -0.881532 -0.000006 -0.000004
    60 -0.067138 0.063251 -0.010961 -0.899214 -0.014515 -1.600326
    61 -0.151180 -0.007395 -0.070065 -0.913061 -0.118819 -1.408558
    62 -0.178164 -0.244680 -0.357067 -1.159916 -0.384260 -1.556110
    63 -0.391451 -0.463665 0.383766 -0.870153 -0.519160 -2.299565
    64 2.468175 0.027425 0.001225 0.000015 0.000004 0.976227
    65 1.227325 0.009356 -0.005766 -0.000003 -0.000006 0.945360
    66 -0.263409 -0.117640 -0.015659 0.000036 -0.082210 -0.026800
    67 0.007707 -0.334360 -0.191575 0.070788 -0.181563 0.282364
    68 0.225562 -0.567923 -0.420715 0.119895 -0.183798 0.223460
    69 -0.203683 -0.095654 -0.328305 -1.745077 0.075142 -1.515382
    70 -1.393460 8.839182 -0.239439 1.580804 -0.005024 -1.566848
    71 0.036020 0.082815 -0.692656 -1.570769 0.065989 0.001276
    72 -0.088586 0.054020 -0.088594 0.010231 0.033800 -1.560851
    73 0.120153 -0.050270 -0.054489 -2.854024 0.030688 -1.580508
    74 -0.139399 -0.111694 0.014400 0.285395 -0.031353 1.580313
    75 -0.003479 -0.404833 0.000000 0.000000 0.000000 0.000000
    76 -0.313965 -4.589844 0.951660 -1.186316 1.434478 -1.173672
    77 0.000000 3.367188 0.862793 0.000000 0.000000 0.000000
    78 0.001152 -1.103516 1.960938 0.000000 0.000000 0.000000
    79 0.001152 -2.781250 2.525391 0.000000 0.000000 0.000000
    80 -0.072299 -9.277035 2.295732 3.131254 -0.875449 -3.125100
    81 -0.003574 -2.246094 1.304688 0.000000 0.000000 0.000000
    82 0.001150 -4.261719 1.683594 0.000000 0.000000 0.000000
  time 43
    0 1.629157 0.000000 0.541027 0.000000 0.000000 -1.570796
    1 1.145792 9.055150 -6.677422 2.374665 -1.339027 -1.445433
    2 -0.001605 -10.701926 -0.006478 0.132704 0.168403 0.139487
    3 -0.653320 -3.628906 -0.348633 -1.003534 -0.000001 -0.122159
    4 -0.013245 -1.509766 -0.000001 -1.090796 0.000000 0.000000
    5 0.000000 -0.953125 -0.000002 -1.223438 0.000000 0.000000
    6 0.007988 0.172184 -0.118553 -1.598091 -0.216549 -1.570593
    7 0.080660 0.135929 -0.203919 -1.506824 -0.066185 -1.662786
    8 0.117288 -0.155554 -0.604544 -1.412988 -0.374558 -1.569222
    9 0.128052 -3.763672 -0.348633 -0.890091 0.000000 -0.148347
    10 -0.006790 -1.563353 0.006726 -1.212969 0.000000 -0.000003
    11 0.000000 -1.164063 0.000001 -1.279286 0.000000 0.000000
    12 -0.018589 0.129953 -0.123721 -1.294580 0.001302 -1.635383
    13 -0.006160 0.170065 -0.110169 -1.280084 -0.068681 -1.597215
    14 0.047100 -0.104074 -0.352264 -1.243368 -0.257298 -1.694346
    15 0.949953 -3.617903 -0.344216 -0.015878 -0.012194 0.137722
    16 -0.017794 -1.596358 -0.007350 0.035389 -0.016095 -0.005189
    17 -0.002829 -0.941812 0.007065 -0.066472 -0.018816 -0.034349
    18 -0.022325 0.045424 -0.038284 -1.125544 -0.129230 -1.681412
    19 -0.042900 -0.061274 -0.071212 -1.124462 -0.060454 -1.586099
    20 0.063741 -0.109104 -0.248158 -1.142813 -0.125805 -1.693583
    21 -1.408203 -3.246094 -0.348633 -0.788776 0.052706 -0.017693
    22 0.013458 -1.204102 0.000000 -0.931992 0.000000 0.000000
    23 -0.013008 -0.789551 0.000000 -1.061140 0.000000 0.000000
    24 -0.011721 0.093267 0.017949 -1.687855 -0.079155 -1.575164
    25 0.048863 -0.085541 0.028626 -1.715605 -0.034569 -1.653190
    26 0.173918 -0.198416 -0.336163 -1.668104 -0.422317 -1.710956
    27 0.438974 -0.490226 0.392416 0.776829 -0.496681 -1.177879
    28 2.352359 0.010252 0.005009 -0.294549 -0.081891 -0.664844
    29 1.249212 0.004522 -0.002867 -0.000016 0.000022 -0.462708
    30 -0.267709 0.037512 -0.093907 2.913812 -0.143386 0.078467
    31 -0.029266 0.205408 -0.329287 2.788574 -0.255486 -0.188917
    32 0.204373 0.521055 -0.268577 2.886669 0.042206 -0.230367
    33 0.195697 -0.010059 -0.293538 -1.333586 0.150863 -1.672749
    34 1.257181 8.762590 -0.153713 -1.570562 0.002683 -1.566808
    35 -0.093500 -0.114213 -0.738866 -1.570842 0.061811 0.002096
    36 0.010843 0.093624 -0.081439 -3.141462 0.041719 -1.568236
    37 9.917042 -10.711895 -13.013399 -0.727608 0.595104 1.574171
    38 0.108654 -10.673144 -0.001547 0.080069 -0.631702 0.340209
    39 0.553428 -3.646670 -0.341066 -1.346183 -0.046218 -0.024582
    40 0.025684 -1.503640 0.004946 -0.534608 0.000001 -0.000004
    41 0.008139 -0.928479 -0.004583 -0.844088 -0.000002 -0.000001
    42 0.006928 0.005329 -0.181358 -1.528500 -0.248579 -1.611362
    43 -0.052313 0.038589 -0.230757 -1.592493 -0.043415 -1.528515
    44 -0.232600 -0.209656 -0.420669 -1.713790 -0.167173 -1.438930
    45 -0.214374 -3.737618 -0.346082 -1.305509 -0.000005 -0.000020
    46 0.015894 -1.582373 0.006170 -0.942826 0.000020 -0.000009
    47 0.004384 -1.172547 0.000249 -0.939326 0.000021 0.000018
    48 -0.038065 0.069166 -0.159883 -1.816986 0.066178 -1.575392
    49 -0.025151 0.088762 -0.068837 -1.817843 0.044510 -1.568287
    50 -0.102916 -0.186983 -0.272246 -1.833683 -0.232962 -1.472375
    51 -1.030272 -3.578138 -0.347066 -1.240811 0.000019 -0.000003
    52 0.001133 -1.610108 0.002370 -1.007324 0.000003 -0.000002
    53 0.005787 -0.942153 0.000512 -0.926053 0.000001 0.000001
    54 -0.004241 0.043707 -0.080203 -2.014997 -0.186996 -1.460723
    55 0.015383 -0.089136 -0.030010 -2.006083 0.036346 -1.568629
    56 -0.022610 -0.212357 -0.177905 -1.933161 -0.118801 -1.518895
    57 1.309013 -3.227548 -0.342207 -1.209608 -0.066932 -0.041063
    58 0.000595 -1.242324 0.002179 -0.293373 0.000004 0.000009
    59 0.003175 -0.774607 -0.004222 -0.879402 -0.000006 -0.000004
    60 -0.067138 0.063251 -0.010961 -0.899214 -0.014515 -1.600326
    61 -0.151180 -0.007395 -0.070065 -0.913061 -0.118819 -1.408558
    62 -0.178164 -0.244680 -0.357067 -1.159916 -0.384260 -1.556110
    63 -0.387544 -0.463665 0.383766 -0.870375 -0.518658 -2.299074
    64 2.468175 0.027425 0.001225 0.000015 0.000004 0.997788
    65 1.227325 0.009356 -0.005766 -0.000003 -0.000006 0.947917
    66 -0.263409 -0.117640 -0.015659 0.000036 -0.082210 -0.026800
    67 0.007707 -0.334360 -0.191575 0.070788 -0.181563 0.282364
    68 0.225562 -0.567923 -0.420715 0.119895 -0.183798 0.223460
    69 -0.203683 -0.095654 -0.328305 -1.745077 0.075142 -1.515382
    70 -1.393460 8.839182 -0.239439 1.580804 -0.005024 -1.566848
    71 0.036020 0.082815 -0.692656 -1.570769 0.065989 0.001276
    72 -0.088586 0.054020 -0.088594 0.010231 0.033800 -1.560851
    73 0.120153 -0.050270 -0.054489 -2.854024 0.030688 -1.580508
    74 -0.139399 -0.111694 0.014400 0.285395 -0.031353 1.580313
    75 -0.003479 -0.404833 0.000000 0.000000 0.000000 0.000000
    76 -0.313965 -4.589844 0.951660 -1.186316 1.434478 -1.173672
    77 0.000000 3.367188 0.862793 0.000000 0.000000 0.000000
    78 0.001152 -1.103516 1.960938 0.000000 0.000000 0.000000
    79 0.001152 -2.781250 2.525391 0.000000 0.000000 0.000000
    80 -0.064486 -9.261410 2.280106 3.091933 -0.837365 -3.096531
    81 -0.003574 -2.246094 1.304688 0.000000 0.000000 0.000000
    82 0.001150 -4.261719 1.683594 0.000000 0.000000 0.000000
  time 44
    0 1.629157 0.000000 0.541027 0.000000 0.000000 -1.570796
    1 1.251264 9.012180 -6.673516 2.372253 -1.339735 -1.442733
    2 -0.001605 -10.701926 -0.006478 0.121906 0.169442 0.121209
    3 -0.653320 -3.628906 -0.348633 -1.003534 -0.000001 -0.122159
    4 -0.013245 -1.509766 -0.000001 -1.090796 0.000000 0.000000
    5 0.000000 -0.953125 -0.000002 -1.223438 0.000000 0.000000
    6 0.007988 0.172184 -0.118553 -1.598091 -0.216549 -1.570593
    7 0.080660 0.135929 -0.203919 -1.506824 -0.066185 -1.662786
    8 0.117288 -0.155554 -0.604544 -1.412988 -0.374558 -1.569222
    9 0.128052 -3.763672 -0.348633 -0.890091 0.000000 -0.148347
    10 -0.006790 -1.563353 0.002820 -1.212969 0.000000 0.000009
    11 0.000000 -1.164063 0.000001 -1.279286 0.000000 0.000000
    12 -0.018589 0.129953 -0.123721 -1.294580 0.001302 -1.635383
    13 -0.006160 0.170065 -0.110169 -1.280084 -0.068681 -1.597215
    14 0.047100 -0.104074 -0.352264 -1.243368 -0.257298 -1.694346
    15 0.949953 -3.617903 -0.348122 -0.014284 -0.012254 0.137746
    16 -0.017794 -1.596358 -0.007350 0.038158 -0.016287 -0.005621
    17 -0.006735 -0.941812 0.007065 -0.060220 -0.018936 -0.035739
    18 -0.022325 0.045424 -0.038284 -1.125544 -0.129230 -1.681412
    19 -0.042900 -0.061274 -0.071212 -1.124462 -0.060454 -1.586099
    20 0.063741 -0.109104 -0.248158 -1.142813 -0.125805 -1.693583
    21 -1.408203 -3.246094 -0.348633 -0.788776 0.052706 -0.017693
    22 0.013458 -1.204102 0.000000 -0.931992 0.000000 0.000000
    23 -0.013008 -0.789551 0.000000 -1.061140 0.000000 0.000000
    24 -0.011721 0.093267 0.017949 -1.687855 -0.079155 -1.575164
    25 0.048863 -0.085541 0.028626 -1.715605 -0.034569 -1.653190
    26 0.173918 -0.198416 -0.336163 -1.668104 -0.422317 -1.710956
    27 0.438974 -0.490226 0.392416 0.777859 -0.496607 -1.178020
    28 2.352359 0.010252 0.001103 -0.294513 -0.082035 -0.665299
    29 1.249212 0.004522 -0.006774 -0.000016 0.000022 -0.463358
    30 -0.267709 0.037512 -0.093907 2.913812 -0.143386 0.078467
    31 -0.029266 0.205408 -0.329287 2.788574 -0.255486 -0.188917
    32 0.204373 0.521055 -0.268577 2.886669 0.042206 -0.230367
    33 0.195697 -0.010059 -0.293538 -1.333586 0.150863 -1.672749
    34 1.257181 8.762590 -0.153713 -1.570562 0.002683 -1.566808
    35 -0.093500 -0.114213 -0.738866 -1.570842 0.061811 0.002096
    36 0.010843 0.093624 -0.081439 -3.141462 0.041719 -1.568236
    37 9.506873 -10.594704 -12.896208 -0.705385 0.593468 1.571973
    38 0.104748 -10.673144 -0.001547 0.192321 -0.714451 0.289104
    39 0.549521 -3.650577 -0.344972 -1.345634 -0.046218 -0.024582
    40 0.021778 -1.503640 0.001039 -0.534231 0.000001 -0.000004
    41 0.008139 -0.928479 -0.004583 -0.847157 -0.000002 -0.000001
    42 0.006928 0.005329 -0.181358 -1.528500 -0.248579 -1.611362
    43 -0.052313 0.038589 -0.230757 -1.592493 -0.043415 -1.528515
    44 -0.232600 -0.209656 -0.420669 -1.713790 -0.167173 -1.438930
    45 -0.214374 -3.741524 -0.346082 -1.304409 -0.000005 -0.000020
    46 0.019801 -1.578467 0.006170 -0.945998 0.000020 -0.000009
    47 0.004384 -1.176453 0.000249 -0.938496 0.000021 0.000018
    48 -0.038065 0.069166 -0.159883 -1.816986 0.066178 -1.575392
    49 -0.025151 0.088762 -0.068837 -1.817843 0.044510 -1.568287
    50 -0.102916 -0.186983 -0.272246 -1.833683 -0.232962 -1.472375
    51 -1.034178 -3.578138 -0.347066 -1.240170 0.000019 -0.000003
    52 0.001133 -1.610108 0.006276 -1.009319 0.000003 -0.000002
    53 0.005787 -0.946060 0.004418 -0.926198 0.000001 0.000001
    54 -0.004241 0.043707 -0.080203 -2.014997 -0.186996 -1.460723
    55 0.015383 -0.089136 -0.030010 -2.006083 0.036346 -1.568629
    56 -0.022610 -0.212357 -0.177905 -1.933161 -0.118801 -1.518895
    57 1.309013 -3.227548 -0.342207 -1.216230 -0.066932 -0.041063
    58 0.000595 -1.242324 0.006085 -0.294612 0.000004 0.000009
    59 0.003175 -0.774607 -0.004222 -0.877221 -0.000006 -0.000004
    60 -0.067138 0.063251 -0.010961 -0.899214 -0.014515 -1.600326
    61 -0.151180 -0.007395 -0.070065 -0.913061 -0.118819 -1.408558
    62 -0.178164 -0.244680 -0.357067 -1.159916 -0.384260 -1.556110
    63 -0.387544 -0.463665 0.383766 -0.870375 -0.518678 -2.299100
    64 2.468175 0.027425 0.001225 0.000015 0.000004 1.016704
    65 1.223419 0.009356 -0.005766 -0.000003 -0.000006 0.949168
    66 -0.263409 -0.117640 -0.015659 0.000036 -0.082210 -0.026800
    67 0.007707 -0.334360 -0.191575 0.070788 -0.181563 0.282364
    68 0.225562 -0.567923 -0.420715 0.119895 -0.183798 0.223460
    69 -0.203683 -0.095654 -0.328305 -1.745077 0.075142 -1.515382
    70 -1.393460 8.839182 -0.239439 1.580804 -0.005024 -1.566848
    71 0.036020 0.082815 -0.692656 -1.570769 0.065989 0.001276
    72 -0.088586 0.054020 -0.088594 0.010231 0.033800 -1.560851
    73 0.120153 -0.050270 -0.054489 -2.854024 0.030688 -1.580508
    74 -0.139399 -0.111694 0.014400 0.285395 -0.031353 1.580313
    75 -0.003479 -0.404833 0.000000 0.000000 0.000000 0.000000
    76 -0.313965 -4.589844 0.951660 -1.186316 1.434478 -1.173672
    77 0.000000 3.367188 0.862793 0.000000 0.000000 0.000000
    78 0.001152 -1.103516 1.960938 0.000000 0.000000 0.000000
    79 0.001152 -2.781250 2.525391 0.000000 0.000000 0.000000
    80 -0.060579 -9.265316 2.264481 3.073277 -0.769692 -3.081479
    81 -0.003574 -2.246094 1.304688 0.000000 0.000000 0.000000
    82 0.001150 -4.261719 1.683594 0.000000 0.000000 0.000000
  time 45
    0 1.629157 0.000000 0.541027 0.000000 0.000000 -1.570796
    1 1.348923 8.969210 -6.677422 2.352781 -1.345017 -1.422759
    2 -0.005512 -10.701926 -0.002571 0.104247 0.236791 0.103851
    3 -0.653320 -3.628906 -0.348633 -1.003534 -0.000001 -0.122159
    4 -0.013245 -1.509766 -0.000001 -1.090796 0.000000 0.000000
    5 0.000000 -0.953125 -0.000002 -1.223438 0.000000 0.000000
    6 0.007988 0.172184 -0.118553 -1.598091 -0.216549 -1.570593
    7 0.080660 0.135929 -0.203919 -1.506824 -0.066185 -1.662786
    8 0.117288 -0.155554 -0.604544 -1.412988 -0.374558 -1.569222
    9 0.128052 -3.763672 -0.348633 -0.890091 0.000000 -0.148347
    10 -0.006790 -1.563353 0.006726 -1.212969 0.000000 0.000009
    11 0.000000 -1.164063 0.000001 -1.279286 0.000000 0.000000
    12 -0.018589 0.129953 -0.123721 -1.294580 0.001302 -1.635383
    13 -0.006160 0.170065 -0.110169 -1.280084 -0.068681 -1.597215
    14 0.047100 -0.104074 -0.352264 -1.243368 -0.257298 -1.694346
    15 0.949953 -3.617903 -0.348122 -0.012774 -0.012314 0.137770
    16 -0.021700 -1.596358 -0.003443 0.040824 -0.016455 -0.005980
    17 -0.006735 -0.937906 0.007065 -0.054243 -0.019043 -0.037033
    18 -0.022325 0.045424 -0.038284 -1.125544 -0.129230 -1.681412
    19 -0.042900 -0.061274 -0.071212 -1.124462 -0.060454 -1.586099
    20 0.063741 -0.109104 -0.248158 -1.142813 -0.125805 -1.693583
    21 -1.408203 -3.246094 -0.348633 -0.788776 0.052706 -0.017693
    22 0.013458 -1.204102 0.000000 -0.931992 0.000000 0.000000
    23 -0.013008 -0.789551 0.000000 -1.061140 0.000000 0.000000
    24 -0.011721 0.093267 0.017949 -1.687855 -0.079155 -1.575164
    25 0.048863 -0.085541 0.028626 -1.715605 -0.034569 -1.653190
    26 0.173918 -0.198416 -0.336163 -1.668104 -0.422317 -1.710956
    27 0.438974 -0.486320 0.392416 0.778955 -0.496545 -1.178132
    28 2.352359 0.010252 0.001103 -0.294465 -0.082215 -0.665829
    29 1.245306 0.004522 -0.002867 -0.000016 0.000022 -0.463723
    30 -0.267709 0.037512 -0.093907 2.913812 -0.143386 0.078467
    31 -0.029266 0.205408 -0.329287 2.788574 -0.255486 -0.188917
    32 0.204373 0.521055 -0.268577 2.886669 0.042206 -0.230367
    33 0.195697 -0.010059 -0.293538 -1.333586 0.150863 -1.672749
    34 1.257181 8.762590 -0.153713 -1.570562 0.002683 -1.566808
    35 -0.093500 -0.114213 -0.738866 -1.570842 0.061811 0.002096
    36 0.010843 0.093624 -0.081439 -3.141462 0.041719 -1.568236
    37 9.225615 -10.477513 -12.794642 -0.679252 0.593842 1.572833
    38 0.104748 -10.673144 -0.005453 0.257794 -0.782868 0.245833
    39 0.549521 -3.650577 -0.341066 -1.344786 -0.046218 -0.024582
    40 0.025684 -1.503640 0.001039 -0.534043 0.000001 -0.000004
    41 0.012045 -0.928479 -0.000677 -0.850014 -0.000002 -0.000001
    42 0.006928 0.005329 -0.181358 -1.528500 -0.248579 -1.611362
    43 -0.052313 0.038589 -0.230757 -1.592493 -0.043415 -1.528515
    44 -0.232600 -0.209656 -0.420669 -1.713790 -0.167173 -1.438930
    45 -0.218280 -3.741524 -0.346082 -1.302632 -0.000005 -0.000020
    46 0.019801 -1.578467 0.006170 -0.948524 0.000020 -0.000009
    47 0.000478 -1.172547 0.000249 -0.936924 0.000021 0.000018
    48 -0.038065 0.069166 -0.159883 -1.816986 0.066178 -1.575392
    49 -0.025151 0.088762 -0.068837 -1.817843 0.044510 -1.568287
    50 -0.102916 -0.186983 -0.272246 -1.833683 -0.232962 -1.472375
    51 -1.030272 -3.582044 -0.343160 -1.239169 0.000019 -0.000003
    52 0.005039 -1.610108 0.002370 -1.010474 0.000003 -0.000002
    53 0.001880 -0.946060 0.004418 -0.925384 0.000001 0.000001
    54 -0.004241 0.043707 -0.080203 -2.014997 -0.186996 -1.460723
    55 0.015383 -0.089136 -0.030010 -2.006083 0.036346 -1.568629
    56 -0.022610 -0.212357 -0.177905 -1.933161 -0.118801 -1.518895
    57 1.309013 -3.227548 -0.342207 -1.222506 -0.066932 -0.041063
    58 0.000595 -1.242324 0.002179 -0.295625 0.000004 0.000009
    59 0.003175 -0.774607 -0.004222 -0.875090 -0.000006 -0.000004
    60 -0.067138 0.063251 -0.010961 -0.899214 -0.014515 -1.600326
    61 -0.151180 -0.007395 -0.070065 -0.913061 -0.118819 -1.408558
    62 -0.178164 -0.244680 -0.357067 -1.159916 -0.384260 -1.556110
    63 -0.391451 -0.463665 0.383766 -0.870108 -0.519240 -2.299642
    64 2.472082 0.027425 0.001225 0.000015 0.000004 1.032272
    65 1.223419 0.009356 -0.005766 -0.000003 -0.000006 0.948974
    66 -0.263409 -0.117640 -0.015659 0.000036 -0.082210 -0.026800
    67 0.007707 -0.334360 -0.191575 0.070788 -0.181563 0.282364
    68 0.225562 -0.567923 -0.420715 0.119895 -0.183798 0.223460
    69 -0.203683 -0.095654 -0.328305 -1.745077 0.075142 -1.515382
    70 -1.393460 8.839182 -0.239439 1.580804 -0.005024 -1.566848
    71 0.036020 0.082815 -0.692656 -1.570769 0.065989 0.001276
    72 -0.088586 0.054020 -0.088594 0.010231 0.033800 -1.560851
    73 0.120153 -0.050270 -0.054489 -2.854024 0.030688 -1.580508
    74 -0.139399 -0.111694 0.014400 0.285395 -0.031353 1.580313
    75 -0.003479 -0.404833 0.000000 0.000000 0.000000 0.000000
    76 -0.313965 -4.589844 0.951660 -1.186316 1.434478 -1.173672
    77 0.000000 3.367188 0.862793 0.000000 0.000000 0.000000
    78 0.001152 -1.103516 1.960938 0.000000 0.000000 0.000000
    79 0.001152 -2.781250 2.525391 0.000000 0.000000 0.000000
    80 -0.056673 -9.284848 2.248855 3.065815 -0.720775 -3.072563
    81 -0.003574 -2.246094 1.304688 0.000000 0.000000 0.000000
    82 0.001150 -4.261719 1.683594 0.000000 0.000000 0.000000
  time 46
    0 1.629157 0.000000 0.541027 0.000000 0.000000 -1.570796
    1 1.423144 8.918427 -6.685235 2.297133 -1.357091 -1.365806
    2 -0.001605 -10.701926 -0.002571 0.081397 0.327636 0.084283
    3 -0.653320 -3.628906 -0.348633 -1.003534 -0.000001 -0.122159
    4 -0.013245 -1.509766 -0.000001 -1.090796 0.000000 0.000000
    5 0.000000 -0.953125 -0.000002 -1.223438 0.000000 0.000000
    6 0.007988 0.172184 -0.118553 -1.598091 -0.216549 -1.570593
    7 0.080660 0.135929 -0.203919 -1.506824 -0.066185 -1.662786
    8 0.117288 -0.155554 -0.604544 -1.412988 -0.374558 -1.569222
    9 0.128052 -3.763672 -0.348633 -0.890091 0.000000 -0.148347
    10 -0.006790 -1.567259 0.006726 -1.212969 0.000000 0.000009
    11 0.000000 -1.164063 0.000001 -1.279286 0.000000 0.000000
    12 -0.018589 0.129953 -0.123721 -1.294580 0.001302 -1.635383
    13 -0.006160 0.170065 -0.110169 -1.280084 -0.068681 -1.597215
    14 0.047100 -0.104074 -0.352264 -1.243368 -0.257298 -1.694346
    15 0.953860 -3.617903 -0.344216 -0.011360 -0.012374 0.137794
    16 -0.021700 -1.596358 -0.003443 0.043465 -0.016623 -0.006388
    17 -0.002829 -0.941812 0.007065 -0.048575 -0.019187 -0.038220
    18 -0.022325 0.045424 -0.038284 -1.125544 -0.129230 -1.681412
    19 -0.042900 -0.061274 -0.071212 -1.124462 -0.060454 -1.586099
    20 0.063741 -0.109104 -0.248158 -1.142813 -0.125805 -1.693583
    21 -1.408203 -3.246094 -0.348633 -0.788776 0.052706 -0.017693
    22 0.013458 -1.204102 0.000000 -0.931992 0.000000 0.000000
    23 -0.013008 -0.789551 0.000000 -1.061140 0.000000 0.000000
    24 -0.011721 0.093267 0.017949 -1.687855 -0.079155 -1.575164
    25 0.048863 -0.085541 0.028626 -1.715605 -0.034569 -1.653190
    26 0.173918 -0.198416 -0.336163 -1.668104 -0.422317 -1.710956
    27 0.442881 -0.490226 0.392416 0.780073 -0.496533 -1.178188
    28 2.352359 0.010252 0.005009 -0.294417 -0.082395 -0.666461
    29 1.249212 0.004522 -0.002867 -0.000016 0.000022 -0.463967
    30 -0.267709 0.037512 -0.093907 2.913812 -0.143386 0.078467
    31 -0.029266 0.205408 -0.329287 2.788574 -0.255486 -0.188917
    32 0.204373 0.521055 -0.268577 2.886669 0.042206 -0.230367
    33 0.195697 -0.010059 -0.293538 -1.333586 0.150863 -1.672749
    34 1.257181 8.762590 -0.153713 -1.570562 0.002683 -1.566808
    35 -0.093500 -0.114213 -0.738866 -1.570842 0.061811 0.002096
    36 0.010843 0.093624 -0.081439 -3.141462 0.041719 -1.568236
    37 9.295929 -10.321258 -12.829800 -0.632804 0.607348 1.587551
    38 0.104748 -10.673144 -0.005453 0.098387 -0.840212 0.274081
    39 0.553428 -3.646670 -0.344972 -1.343488 -0.046218 -0.024582
    40 0.025684 -1.503640 0.001039 -0.533572 0.000001 -0.000004
    41 0.008139 -0.928479 -0.004583 -0.852448 -0.000002 -0.000001
    42 0.006928 0.005329 -0.181358 -1.528500 -0.248579 -1.611362
    43 -0.052313 0.038589 -0.230757 -1.592493 -0.043415 -1.528515
    44 -0.232600 -0.209656 -0.420669 -1.713790 -0.167173 -1.438930
    45 -0.214374 -3.737618 -0.346082 -1.300135 -0.000005 -0.000020
    46 0.015894 -1.582373 0.002264 -0.950521 0.000020 -0.000009
    47 0.000478 -1.172547 0.000249 -0.934608 0.000021 0.000018
    48 -0.038065 0.069166 -0.159883 -1.816986 0.066178 -1.575392
    49 -0.025151 0.088762 -0.068837 -1.817843 0.044510 -1.568287
    50 -0.102916 -0.186983 -0.272246 -1.833683 -0.232962 -1.472375
    51 -1.030272 -3.578138 -0.347066 -1.237606 0.000019 -0.000003
    52 0.001133 -1.610108 0.006276 -1.010789 0.000003 -0.000002
    53 0.005787 -0.946060 0.004418 -0.923522 0.000001 0.000001
    54 -0.004241 0.043707 -0.080203 -2.014997 -0.186996 -1.460723
    55 0.015383 -0.089136 -0.030010 -2.006083 0.036346 -1.568629
    56 -0.022610 -0.212357 -0.177905 -1.933161 -0.118801 -1.518895
    57 1.309013 -3.227548 -0.342207 -1.227700 -0.066932 -0.041063
    58 0.000595 -1.242324 0.002179 -0.296582 0.000004 0.000009
    59 0.003175 -0.774607 -0.000316 -0.873011 -0.000006 -0.000004
    60 -0.067138 0.063251 -0.010961 -0.899214 -0.014515 -1.600326
    61 -0.151180 -0.007395 -0.070065 -0.913061 -0.118819 -1.408558
    62 -0.178164 -0.244680 -0.357067 -1.159916 -0.384260 -1.556110
    63 -0.387544 -0.463665 0.379860 -0.869575 -0.520364 -2.300726
    64 2.472082 0.027425 0.001225 0.000015 0.000004 1.043488
    65 1.227325 0.009356 -0.005766 -0.000003 -0.000006 0.947139
    66 -0.263409 -0.117640 -0.015659 0.000036 -0.082210 -0.026800
    67 0.007707 -0.334360 -0.191575 0.070788 -0.181563 0.282364
    68 0.225562 -0.567923 -0.420715 0.119895 -0.183798 0.223460
    69 -0.203683 -0.095654 -0.328305 -1.745077 0.075142 -1.515382
    70 -1.393460 8.839182 -0.239439 1.580804 -0.005024 -1.566848
    71 0.036020 0.082815 -0.692656 -1.570769 0.065989 0.001276
    72 -0.088586 0.054020 -0.088594 0.010231 0.033800 -1.560851
    73 0.120153 -0.050270 -0.054489 -2.854024 0.030688 -1.580508
    74 -0.139399 -0.111694 0.014400 0.285395 -0.031353 1.580313
    75 -0.003479 -0.404833 0.000000 0.000000 0.000000 0.000000
    76 -0.313965 -4.589844 0.951660 -1.186316 1.434478 -1.173672
    77 0.000000 3.367188 0.862793 0.000000 0.000000 0.000000
    78 0.001152 -1.103516 1.960938 0.000000 0.000000 0.000000
    79 0.001152 -2.781250 2.525391 0.000000 0.000000 0.000000
    80 -0.044954 -9.300473 2.248855 3.059692 -0.738815 -3.063072
    81 -0.003574 -2.246094 1.304688 0.000000 0.000000 0.000000
    82 0.001150 -4.261719 1.683594 0.000000 0.000000 0.000000
  time 47
    0 1.629157 0.000000 0.541027 0.000000 0.000000 -1.570796
    1 1.493459 8.859831 -6.689141 2.210222 -1.371995 -1.277182
    2 -0.001605 -10.701926 -0.002571 0.071854 0.347370 0.074430
    3 -0.653320 -3.628906 -0.348633 -1.003534 -0.000001 -0.122159
    4 -0.013245 -1.509766 -0.000001 -1.090796 0.000000 0.000000
    5 0.000000 -0.953125 -0.000002 -1.223438 0.000000 0.000000
    6 0.007988 0.172184 -0.118553 -1.598091 -0.216549 -1.570593
    7 0.080660 0.135929 -0.203919 -1.506824 -0.066185 -1.662786
    8 0.117288 -0.155554 -0.604544 -1.412988 -0.374558 -1.569222
    9 0.128052 -3.763672 -0.348633 -0.890091 0.000000 -0.148347
    10 -0.006790 -1.567259 0.006726 -1.212969 0.000000 0.000009
    11 0.000000 -1.164063 0.000001 -1.279286 0.000000 0.000000
    12 -0.018589 0.129953 -0.123721 -1.294580 0.001302 -1.635383
    13 -0.006160 0.170065 -0.110169 -1.280084 -0.068681 -1.597215
    14 0.047100 -0.104074 -0.352264 -1.243368 -0.257298 -1.694346
    15 0.949953 -3.617903 -0.344216 -0.010005 -0.012422 0.137806
    16 -0.021700 -1.596358 -0.003443 0.045951 -0.016742 -0.006723
    17 -0.002829 -0.937906 0.007065 -0.043216 -0.019343 -0.039263
    18 -0.022325 0.045424 -0.038284 -1.125544 -0.129230 -1.681412
    19 -0.042900 -0.061274 -0.071212 -1.124462 -0.060454 -1.586099
    20 0.063741 -0.109104 -0.248158 -1.142813 -0.125805 -1.693583
    21 -1.408203 -3.246094 -0.348633 -0.788776 0.052706 -0.017693
    22 0.013458 -1.204102 0.000000 -0.931992 0.000000 0.000000
    23 -0.013008 -0.789551 0.000000 -1.061140 0.000000 0.000000
    24 -0.011721 0.093267 0.017949 -1.687855 -0.079155 -1.575164
    25 0.048863 -0.085541 0.028626 -1.715605 -0.034569 -1.653190
    26 0.173918 -0.198416 -0.336163 -1.668104 -0.422317 -1.710956
    27 0.438974 -0.490226 0.392416 0.781257 -0.496545 -1.178217
    28 2.352359 0.010252 0.005009 -0.294357 -0.082586 -0.667118
    29 1.249212 0.004522 -0.002867 -0.000016 0.000022 -0.463967
    30 -0.267709 0.037512 -0.093907 2.913812 -0.143386 0.078467
    31 -0.029266 0.205408 -0.329287 2.788574 -0.255486 -0.188917
    32 0.204373 0.521055 -0.268577 2.886669 0.042206 -0.230367
    33 0.195697 -0.010059 -0.293538 -1.333586 0.150863 -1.672749
    34 1.257181 8.762590 -0.153713 -1.570562 0.002683 -1.566808
    35 -0.093500 -0.114213 -0.738866 -1.570842 0.061811 0.002096
    36 0.010843 0.093624 -0.081439 -3.141462 0.041719 -1.568236
    37 9.467810 -10.239224 -12.872770 -0.606957 0.608891 1.598541
    38 0.104748 -10.673144 -0.005453 -0.062714 -0.853277 0.360622
    39 0.553428 -3.650577 -0.341066 -1.341691 -0.046218 -0.024582
    40 0.021778 -1.507546 0.001039 -0.533384 0.000001 -0.000004
    41 0.008139 -0.928479 -0.004583 -0.854352 -0.000002 -0.000001
    42 0.006928 0.005329 -0.181358 -1.528500 -0.248579 -1.611362
    43 -0.052313 0.038589 -0.230757 -1.592493 -0.043415 -1.528515
    44 -0.232600 -0.209656 -0.420669 -1.713790 -0.167173 -1.438930
    45 -0.214374 -3.737618 -0.346082 -1.297046 -0.000005 -0.000020
    46 0.019801 -1.578467 0.006170 -0.951461 0.000020 -0.000009
    47 0.004384 -1.176453 0.000249 -0.931606 0.000021 0.000018
    48 -0.038065 0.069166 -0.159883 -1.816986 0.066178 -1.575392
    49 -0.025151 0.088762 -0.068837 -1.817843 0.044510 -1.568287
    50 -0.102916 -0.186983 -0.272246 -1.833683 -0.232962 -1.472375
    51 -1.030272 -3.578138 -0.343160 -1.235643 0.000019 -0.000003
    52 0.001133 -1.610108 0.002370 -1.009949 0.000003 -0.000002
    53 0.001880 -0.946060 0.004418 -0.920438 0.000001 0.000001
    54 -0.004241 0.043707 -0.080203 -2.014997 -0.186996 -1.460723
    55 0.015383 -0.089136 -0.030010 -2.006083 0.036346 -1.568629
    56 -0.022610 -0.212357 -0.177905 -1.933161 -0.118801 -1.518895
    57 1.309013 -3.227548 -0.342207 -1.231336 -0.066932 -0.041063
    58 0.004502 -1.242324 0.006085 -0.297258 0.000004 0.000009
    59 0.003175 -0.774607 -0.004222 -0.871032 -0.000006 -0.000004
    60 -0.067138 0.063251 -0.010961 -0.899214 -0.014515 -1.600326
    61 -0.151180 -0.007395 -0.070065 -0.913061 -0.118819 -1.408558
    62 -0.178164 -0.244680 -0.357067 -1.159916 -0.384260 -1.556110
    63 -0.387544 -0.463665 0.383766 -0.868708 -0.522130 -2.302430
    64 2.468175 0.027425 0.001225 0.000015 0.000004 1.049782
    65 1.227325 0.009356 -0.005766 -0.000003 -0.000006 0.943497
    66 -0.263409 -0.117640 -0.015659 0.000036 -0.082210 -0.026800
    67 0.007707 -0.334360 -0.191575 0.070788 -0.181563 0.282364
    68 0.225562 -0.567923 -0.420715 0.119895 -0.183798 0.223460
    69 -0.203683 -0.095654 -0.328305 -1.745077 0.075142 -1.515382
    70 -1.393460 8.839182 -0.239439 1.580804 -0.005024 -1.566848
    71 0.036020 0.082815 -0.692656 -1.570769 0.065989 0.001276
    72 -0.088586 0.054020 -0.088594 0.010231 0.033800 -1.560851
    73 0.120153 -0.050270 -0.054489 -2.854024 0.030688 -1.580508
    74 -0.139399 -0.111694 0.014400 0.285395 -0.031353 1.580313
    75 -0.003479 -0.404833 0.000000 0.000000 0.000000 0.000000
    76 -0.313965 -4.589844 0.951660 -1.186316 1.434478 -1.173672
    77 0.000000 3.367188 0.862793 0.000000 0.000000 0.000000
    78 0.001152 -1.103516 1.960938 0.000000 0.000000 0.000000
    79 0.001152 -2.781250 2.525391 0.000000 0.000000 0.000000
    80 -0.044954 -9.304380 2.264481 3.042566 -0.871869 -3.043706
    81 -0.003574 -2.246094 1.304688 0.000000 0.000000 0.000000
    82 0.001150 -4.261719 1.683594 0.000000 0.000000 0.000000
  time 48
    0 1.629157 0.000000 0.541027 0.000000 0.000000 -1.570796
    1 1.544241 8.812955 -6.696954 2.122507 -1.385013 -1.188018
    2 -0.005512 -10.701926 -0.002571 0.086204 0.243761 0.081152
    3 -0.653320 -3.628906 -0.348633 -1.003534 -0.000001 -0.122159
    4 -0.013245 -1.509766 -0.000001 -1.090796 0.000000 0.000000
    5 0.000000 -0.953125 -0.000002 -1.223438 0.000000 0.000000
    6 0.007988 0.172184 -0.118553 -1.598091 -0.216549 -1.570593
    7 0.080660 0.135929 -0.203919 -1.506824 -0.066185 -1.662786
    8 0.117288 -0.155554 -0.604544 -1.412988 -0.374558 -1.569222
    9 0.128052 -3.763672 -0.348633 -0.890091 0.000000 -0.148347
    10 -0.006790 -1.567259 0.006726 -1.212969 0.000000 0.000009
    11 0.000000 -1.164063 0.000001 -1.279286 0.000000 0.000000
    12 -0.018589 0.129953 -0.123721 -1.294580 0.001302 -1.635383
    13 -0.006160 0.170065 -0.110169 -1.280084 -0.068681 -1.597215
    14 0.047100 -0.104074 -0.352264 -1.243368 -0.257298 -1.694346
    15 0.949953 -3.617903 -0.348122 -0.008783 -0.012469 0.137830
    16 -0.017794 -1.596358 -0.003443 0.048336 -0.016886 -0.007095
    17 -0.006735 -0.937906 0.007065 -0.038201 -0.019511 -0.040185
    18 -0.022325 0.045424 -0.038284 -1.125544 -0.129230 -1.681412
    19 -0.042900 -0.061274 -0.071212 -1.124462 -0.060454 -1.586099
    20 0.063741 -0.109104 -0.248158 -1.142813 -0.125805 -1.693583
    21 -1.408203 -3.246094 -0.348633 -0.788776 0.052706 -0.017693
    22 0.013458 -1.204102 0.000000 -0.931992 0.000000 0.000000
    23 -0.013008 -0.789551 0.000000 -1.061140 0.000000 0.000000
    24 -0.011721 0.093267 0.017949 -1.687855 -0.079155 -1.575164
    25 0.048863 -0.085541 0.028626 -1.715605 -0.034569 -1.653190
    26 0.173918 -0.198416 -0.336163 -1.668104 -0.422317 -1.710956
    27 0.442881 -0.490226 0.396323 0.782440 -0.496607 -1.178188
    28 2.352359 0.010252 0.005009 -0.294297 -0.082814 -0.667876
    29 1.245306 0.004522 -0.002867 -0.000016 0.000022 -0.463784
    30 -0.267709 0.037512 -0.093907 2.913812 -0.143386 0.078467
    31 -0.029266 0.205408 -0.329287 2.788574 -0.255486 -0.188917
    32 0.204373 0.521055 -0.268577 2.886669 0.042206 -0.230367
    33 0.195697 -0.010059 -0.293538 -1.333586 0.150863 -1.672749
    34 1.257181 8.762590 -0.153713 -1.570562 0.002683 -1.566808
    35 -0.093500 -0.114213 -0.738866 -1.570842 0.061811 0.002096
    36 0.010843 0.093624 -0.081439 -3.141462 0.041719 -1.568236
    37 9.553750 -10.407198 -12.747766 -0.631278 0.581130 1.592138
    38 0.104748 -10.673144 -0.005453 0.025005 -0.822998 0.437027
    39 0.549521 -3.646670 -0.341066 -1.339444 -0.046218 -0.024582
    40 0.021778 -1.503640 0.001039 -0.533101 0.000001 -0.000004
    41 0.008139 -0.928479 -0.004583 -0.855516 -0.000002 -0.000001
    42 0.006928 0.005329 -0.181358 -1.528500 -0.248579 -1.611362
    43 -0.052313 0.038589 -0.230757 -1.592493 -0.043415 -1.528515
    44 -0.232600 -0.209656 -0.420669 -1.713790 -0.167173 -1.438930
    45 -0.218280 -3.737618 -0.346082 -1.293322 -0.000005 -0.000020
    46 0.019801 -1.582373 0.006170 -0.951226 0.000020 -0.000009
    47 0.004384 -1.176453 0.000249 -0.927889 0.000021 0.000018
    48 -0.038065 0.069166 -0.159883 -1.816986 0.066178 -1.575392
    49 -0.025151 0.088762 -0.068837 -1.817843 0.044510 -1.568287
    50 -0.102916 -0.186983 -0.272246 -1.833683 -0.232962 -1.472375
    51 -1.034178 -3.578138 -0.343160 -1.233320 0.000019 -0.000003
    52 0.001133 -1.610108 0.002370 -1.007744 0.000003 -0.000002
    53 0.005787 -0.946060 0.004418 -0.916162 0.000001 0.000001
    54 -0.004241 0.043707 -0.080203 -2.014997 -0.186996 -1.460723
    55 0.015383 -0.089136 -0.030010 -2.006083 0.036346 -1.568629
    56 -0.022610 -0.212357 -0.177905 -1.933161 -0.118801 -1.518895
    57 1.309013 -3.227548 -0.342207 -1.232591 -0.066932 -0.041063
    58 0.000595 -1.242324 0.006085 -0.297483 0.000004 0.000009
    59 0.003175 -0.774607 -0.000316 -0.869156 -0.000006 -0.000004
    60 -0.067138 0.063251 -0.010961 -0.899214 -0.014515 -1.600326
    61 -0.151180 -0.007395 -0.070065 -0.913061 -0.118819 -1.408558
    62 -0.178164 -0.244680 -0.357067 -1.159916 -0.384260 -1.556110
    63 -0.391451 -0.463665 0.383766 -0.867552 -0.524498 -2.304753
    64 2.468175 0.027425 0.001225 0.000015 0.000004 1.050150
    65 1.223419 0.009356 -0.005766 -0.000003 -0.000006 0.937825
    66 -0.263409 -0.117640 -0.015659 0.000036 -0.082210 -0.026800
    67 0.007707 -0.334360 -0.191575 0.070788 -0.181563 0.282364
    68 0.225562 -0.567923 -0.420715 0.119895 -0.183798 0.223460
    69 -0.203683 -0.095654 -0.328305 -1.745077 0.075142 -1.515382
    70 -1.393460 8.839182 -0.239439 1.580804 -0.005024 -1.566848
    71 0.036020 0.082815 -0.692656 -1.570769 0.065989 0.001276
    72 -0.088586 0.054020 -0.088594 0.010231 0.033800 -1.560851
    73 0.120153 -0.050270 -0.054489 -2.854024 0.030688 -1.580508
    74 -0.139399 -0.111694 0.014400 0.285395 -0.031353 1.580313
    75 -0.003479 -0.404833 0.000000 0.000000 0.000000 0.000000
    76 -0.313965 -4.589844 0.951660 -1.186316 1.434478 -1.173672
    77 0.000000 3.367188 0.862793 0.000000 0.000000 0.000000
    78 0.001152 -1.103516 1.960938 0.000000 0.000000 0.000000
    79 0.001152 -2.781250 2.525391 0.000000 0.000000 0.000000
    80 -0.037141 -9.300473 2.311357 2.971578 -1.187993 -2.971036
    81 -0.003574 -2.246094 1.304688 0.000000 0.000000 0.000000
    82 0.001150 -4.261719 1.683594 0.000000 0.000000 0.000000
  time 49
    0 1.629157 0.000000 0.541027 0.000000 0.000000 -1.570796
    1 1.559867 8.809049 -6.716486 2.079990 -1.393785 -1.145011
    2 -0.001605 -10.701926 -0.002571 0.110447 0.075804 0.092778
    3 -0.653320 -3.628906 -0.348633 -1.003534 -0.000001 -0.122159
    4 -0.013245 -1.509766 -0.000001 -1.090796 0.000000 0.000000
    5 0.000000 -0.953125 -0.000002 -1.223438 0.000000 0.000000
    6 0.007988 0.172184 -0.118553 -1.598091 -0.216549 -1.570593
    7 0.080660 0.135929 -0.203919 -1.506824 -0.066185 -1.662786
    8 0.117288 -0.155554 -0.604544 -1.412988 -0.374558 -1.569222
    9 0.128052 -3.763672 -0.348633 -0.890091 0.000000 -0.148347
    10 -0.006790 -1.567259 0.006726 -1.212969 0.000000 0.000009
    11 0.000000 -1.164063 0.000001 -1.279286 0.000000 0.000000
    12 -0.018589 0.129953 -0.123721 -1.294580 0.001302 -1.635383
    13 -0.006160 0.170065 -0.110169 -1.280084 -0.068681 -1.597215
    14 0.047100 -0.104074 -0.352264 -1.243368 -0.257298 -1.694346
    15 0.949953 -3.617903 -0.344216 -0.007608 -0.012505 0.137842
    16 -0.017794 -1.596358 -0.007350 0.050669 -0.017054 -0.007406
    17 -0.006735 -0.937906 0.007065 -0.033426 -0.019667 -0.041012
    18 -0.022325 0.045424 -0.038284 -1.125544 -0.129230 -1.681412
    19 -0.042900 -0.061274 -0.071212 -1.124462 -0.060454 -1.586099
    20 0.063741 -0.109104 -0.248158 -1.142813 -0.125805 -1.693583
    21 -1.408203 -3.246094 -0.348633 -0.788776 0.052706 -0.017693
    22 0.013458 -1.204102 0.000000 -0.931992 0.000000 0.000000
    23 -0.013008 -0.789551 0.000000 -1.061140 0.000000 0.000000
    24 -0.011721 0.093267 0.017949 -1.687855 -0.079155 -1.575164
    25 0.048863 -0.085541 0.028626 -1.715605 -0.034569 -1.653190
    26 0.173918 -0.198416 -0.336163 -1.668104 -0.422317 -1.710956
    27 0.438974 -0.490226 0.396323 0.783668 -0.496681 -1.178132
    28 2.352359 0.010252 0.001103 -0.294238 -0.083066 -0.668634
    29 1.249212 0.004522 -0.002867 -0.000016 0.000022 -0.463459
    30 -0.267709 0.037512 -0.093907 2.913812 -0.143386 0.078467
    31 -0.029266 0.205408 -0.329287 2.788574 -0.255486 -0.188917
    32 0.204373 0.521055 -0.268577 2.886669 0.042206 -0.230367
    33 0.195697 -0.010059 -0.293538 -1.333586 0.150863 -1.672749
    34 1.257181 8.762590 -0.153713 -1.570562 0.002683 -1.566808
    35 -0.093500 -0.114213 -0.738866 -1.570842 0.061811 0.002096
    36 0.010843 0.093624 -0.081439 -3.141462 0.041719 -1.568236
    37 9.616252 -10.774397 -12.513384 -0.670287 0.543368 1.582199
    38 0.108654 -10.677050 -0.005453 0.181211 -0.785005 0.524158
    39 0.553428 -3.646670 -0.341066 -1.336899 -0.046218 -0.024582
    40 0.025684 -1.503640 0.001039 -0.533007 0.000001 -0.000004
    41 0.008139 -0.928479 -0.000677 -0.855781 -0.000002 -0.000001
    42 0.006928 0.005329 -0.181358 -1.528500 -0.248579 -1.611362
    43 -0.052313 0.038589 -0.230757 -1.592493 -0.043415 -1.528515
    44 -0.232600 -0.209656 -0.420669 -1.713790 -0.167173 -1.438930
    45 -0.214374 -3.737618 -0.346082 -1.289175 -0.000005 -0.000020
    46 0.019801 -1.578467 0.006170 -0.949640 0.000020 -0.000009
    47 0.004384 -1.172547 0.000249 -0.923400 0.000021 0.000018
    48 -0.038065 0.069166 -0.159883 -1.816986 0.066178 -1.575392
    49 -0.025151 0.088762 -0.068837 -1.817843 0.044510 -1.568287
    50 -0.102916 -0.186983 -0.272246 -1.833683 -0.232962 -1.472375
    51 -1.030272 -3.578138 -0.343160 -1.230516 0.000019 -0.000003
    52 0.001133 -1.610108 0.002370 -1.004226 0.000003 -0.000002
    53 0.005787 -0.946060 0.004418 -0.910547 0.000001 0.000001
    54 -0.004241 0.043707 -0.080203 -2.014997 -0.186996 -1.460723
    55 0.015383 -0.089136 -0.030010 -2.006083 0.036346 -1.568629
    56 -0.022610 -0.212357 -0.177905 -1.933161 -0.118801 -1.518895
    57 1.309013 -3.227548 -0.342207 -1.230990 -0.066932 -0.041063
    58 0.000595 -1.242324 0.006085 -0.297145 0.000004 0.000009
    59 0.003175 -0.774607 -0.000316 -0.867279 -0.000006 -0.000004
    60 -0.067138 0.063251 -0.010961 -0.899214 -0.014515 -1.600326
    61 -0.151180 -0.007395 -0.070065 -0.913061 -0.118819 -1.408558
    62 -0.178164 -0.244680 -0.357067 -1.159916 -0.384260 -1.556110
    63 -0.387544 -0.463665 0.383766 -0.866085 -0.527508 -2.307722
    64 2.472082 0.027425 0.001225 0.000015 0.000004 1.043856
    65 1.223419 0.009356 -0.005766 -0.000003 -0.000006 0.930069
    66 -0.263409 -0.117640 -0.015659 0.000036 -0.082210 -0.026800
    67 0.007707 -0.334360 -0.191575 0.070788 -0.181563 0.282364
    68 0.225562 -0.567923 -0.420715 0.119895 -0.183798 0.223460
    69 -0.203683 -0.095654 -0.328305 -1.745077 0.075142 -1.515382
    70 -1.393460 8.839182 -0.239439 1.580804 -0.005024 -1.566848
    71 0.036020 0.082815 -0.692656 -1.570769 0.065989 0.001276
    72 -0.088586 0.054020 -0.088594 0.010231 0.033800 -1.560851
    73 0.120153 -0.050270 -0.054489 -2.854024 0.030688 -1.580508
    74 -0.139399 -0.111694 0.014400 0.285395 -0.031353 1.580313
    75 -0.003479 -0.404833 0.000000 0.000000 0.000000 0.000000
    76 -0.313965 -4.589844 0.951660 -1.186316 1.434478 -1.173672
    77 0.000000 3.367188 0.862793 0.000000 0.000000 0.000000
    78 0.001152 -1.103516 1.960938 0.000000 0.000000 0.000000
    79 0.001152 -2.781250 2.525391 0.000000 0.000000 0.000000
    80 -0.025422 -9.277035 2.381672 0.511846 -1.463599 -0.508403
    81 -0.003574 -2.246094 1.304688 0.000000 0.000000 0.000000
    82 0.001150 -4.261719 1.683594 0.000000 0.000000 0.000000
  time 50
    0 1.629157 0.000000 0.541027 0.000000 0.000000 -1.570796
    1 1.524710 8.855925 -6.747737 2.132154 -1.398124 -1.197645
    2 -0.005512 -10.701926 -0.002571 0.132669 -0.083682 0.101871
    3 -0.653320 -3.628906 -0.348633 -1.003534 -0.000001 -0.122159
    4 -0.013245 -1.509766 -0.000001 -1.090796 0.000000 0.000000
    5 0.000000 -0.953125 -0.000002 -1.223438 0.000000 0.000000
    6 0.007988 0.172184 -0.118553 -1.598091 -0.216549 -1.570593
    7 0.080660 0.135929 -0.203919 -1.506824 -0.066185 -1.662786
    8 0.117288 -0.155554 -0.604544 -1.412988 -0.374558 -1.569222
    9 0.128052 -3.763672 -0.348633 -0.890091 0.000000 -0.148347
    10 -0.002884 -1.567259 0.002820 -1.212969 0.000000 0.000009
    11 0.000000 -1.164063 0.000001 -1.279286 0.000000 0.000000
    12 -0.018589 0.129953 -0.123721 -1.294580 0.001302 -1.635383
    13 -0.006160 0.170065 -0.110169 -1.280084 -0.068681 -1.597215
    14 0.047100 -0.104074 -0.352264 -1.243368 -0.257298 -1.694346
    15 0.949953 -3.617903 -0.344216 -0.006566 -0.012553 0.137866
    16 -0.017794 -1.596358 -0.003443 0.052874 -0.017186 -0.007706
    17 -0.006735 -0.941812 0.007065 -0.029029 -0.019810 -0.041719
    18 -0.022325 0.045424 -0.038284 -1.125544 -0.129230 -1.681412
    19 -0.042900 -0.061274 -0.071212 -1.124462 -0.060454 -1.586099
    20 0.063741 -0.109104 -0.248158 -1.142813 -0.125805 -1.693583
    21 -1.408203 -3.246094 -0.348633 -0.788776 0.052706 -0.017693
    22 0.013458 -1.204102 0.000000 -0.931992 0.000000 0.000000
    23 -0.013008 -0.789551 0.000000 -1.061140 0.000000 0.000000
    24 -0.011721 0.093267 0.017949 -1.687855 -0.079155 -1.575164
    25 0.048863 -0.085541 0.028626 -1.715605 -0.034569 -1.653190
    26 0.173918 -0.198416 -0.336163 -1.668104 -0.422317 -1.710956
    27 0.442881 -0.490226 0.392416 0.784851 -0.496780 -1.178076
    28 2.352359 0.010252 0.005009 -0.294178 -0.083318 -0.669493
    29 1.249212 0.004522 -0.002867 -0.000016 0.000022 -0.462972
    30 -0.267709 0.037512 -0.093907 2.913812 -0.143386 0.078467
    31 -0.029266 0.205408 -0.329287 2.788574 -0.255486 -0.188917
    32 0.204373 0.521055 -0.268577 2.886669 0.042206 -0.230367
    33 0.195697 -0.010059 -0.293538 -1.333586 0.150863 -1.672749
    34 1.257181 8.762590 -0.153713 -1.570562 0.002683 -1.566808
    35 -0.093500 -0.114213 -0.738866 -1.570842 0.061811 0.002096
    36 0.010843 0.093624 -0.081439 -3.141462 0.041719 -1.568236
    37 9.647503 -11.145502 -12.286814 -0.712061 0.504624 1.573502
    38 0.104748 -10.673144 -0.005453 0.348311 -0.753357 0.605476
    39 0.553428 -3.646670 -0.341066 -1.333903 -0.046218 -0.024582
    40 0.025684 -1.503640 0.001039 -0.533007 0.000001 -0.000004
    41 0.008139 -0.928479 -0.004583 -0.854776 -0.000002 -0.000001
    42 0.006928 0.005329 -0.181358 -1.528500 -0.248579 -1.611362
    43 -0.052313 0.038589 -0.230757 -1.592493 -0.043415 -1.528515
    44 -0.232600 -0.209656 -0.420669 -1.713790 -0.167173 -1.438930
    45 -0.218280 -3.737618 -0.346082 -1.284393 -0.000005 -0.000020
    46 0.015894 -1.582373 0.006170 -0.946291 0.000020 -0.000009
    47 0.000478 -1.172547 0.000249 -0.918282 0.000021 0.000018
    48 -0.038065 0.069166 -0.159883 -1.816986 0.066178 -1.575392
    49 -0.025151 0.088762 -0.068837 -1.817843 0.044510 -1.568287
    50 -0.102916 -0.186983 -0.272246 -1.833683 -0.232962 -1.472375
    51 -1.030272 -3.578138 -0.343160 -1.227271 0.000019 -0.000003
    52 0.001133 -1.610108 0.006276 -0.998923 0.000003 -0.000002
    53 0.005787 -0.946060 0.004418 -0.903623 0.000001 0.000001
    54 -0.004241 0.043707 -0.080203 -2.014997 -0.186996 -1.460723
    55 0.015383 -0.089136 -0.030010 -2.006083 0.036346 -1.568629
    56 -0.022610 -0.212357 -0.177905 -1.933161 -0.118801 -1.518895
    57 1.305107 -3.227548 -0.342207 -1.225839 -0.066932 -0.041063
    58 0.000595 -1.242324 0.002179 -0.296300 0.000004 0.000009
    59 0.003175 -0.774607 -0.004222 -0.865605 -0.000006 -0.000004
    60 -0.067138 0.063251 -0.010961 -0.899214 -0.014515 -1.600326
    61 -0.151180 -0.007395 -0.070065 -0.913061 -0.118819 -1.408558
    62 -0.178164 -0.244680 -0.357067 -1.159916 -0.384260 -1.556110
    63 -0.391451 -0.463665 0.383766 -0.864195 -0.531240 -2.311413
    64 2.472082 0.027425 0.001225 0.000015 0.000004 1.030096
    65 1.223419 0.009356 -0.005766 -0.000003 -0.000006 0.919894
    66 -0.263409 -0.117640 -0.015659 0.000036 -0.082210 -0.026800
    67 0.007707 -0.334360 -0.191575 0.070788 -0.181563 0.282364
    68 0.225562 -0.567923 -0.420715 0.119895 -0.183798 0.223460
    69 -0.203683 -0.095654 -0.328305 -1.745077 0.075142 -1.515382
    70 -1.393460 8.839182 -0.239439 1.580804 -0.005024 -1.566848
    71 0.036020 0.082815 -0.692656 -1.570769 0.065989 0.001276
    72 -0.088586 0.054020 -0.088594 0.010231 0.033800 -1.560851
    73 0.120153 -0.050270 -0.054489 -2.854024 0.030688 -1.580508
    74 -0.139399 -0.111694 0.014400 0.285395 -0.031353 1.580313
    75 -0.003479 -0.404833 0.000000 0.000000 0.000000 0.000000
    76 -0.313965 -4.589844 0.951660 -1.186316 1.434478 -1.173672
    77 0.000000 3.367188 0.862793 0.000000 0.000000 0.000000
    78 0.001152 -1.103516 1.960938 0.000000 0.000000 0.000000
    79 0.001152 -2.781250 2.525391 0.000000 0.000000 0.000000
    80 -0.009797 -9.253597 2.459799 0.058169 -0.957534 -0.051003
    81 -0.003574 -2.246094 1.304688 0.000000 0.000000 0.000000
    82 0.001150 -4.261719 1.683594 0.000000 0.000000 0.000000
  time 51
    0 1.629157 0.000000 0.541027 0.000000 0.000000 -1.570796
    1 1.458301 8.937959 -6.782894 2.249792 -1.398077 -1.316860
    2 -0.001605 -10.701926 -0.002571 0.143884 -0.161486 0.107281
    3 -0.653320 -3.628906 -0.348633 -1.003534 -0.000001 -0.122159
    4 -0.013245 -1.509766 -0.000001 -1.090796 0.000000 0.000000
    5 0.000000 -0.953125 -0.000002 -1.223438 0.000000 0.000000
    6 0.007988 0.172184 -0.118553 -1.598091 -0.216549 -1.570593
    7 0.080660 0.135929 -0.203919 -1.506824 -0.066185 -1.662786
    8 0.117288 -0.155554 -0.604544 -1.412988 -0.374558 -1.569222
    9 0.128052 -3.763672 -0.348633 -0.890091 0.000000 -0.148347
    10 -0.006790 -1.567259 0.002820 -1.212969 0.000000 0.000009
    11 0.000000 -1.164063 0.000001 -1.279286 0.000000 0.000000
    12 -0.018589 0.129953 -0.123721 -1.294580 0.001302 -1.635383
    13 -0.006160 0.170065 -0.110169 -1.280084 -0.068681 -1.597215
    14 0.047100 -0.104074 -0.352264 -1.243368 -0.257298 -1.694346
    15 0.949953 -3.617903 -0.348122 -0.005583 -0.012589 0.137878
    16 -0.021700 -1.596358 -0.007350 0.054976 -0.017306 -0.008030
    17 -0.002829 -0.937906 0.007065 -0.024838 -0.019990 -0.042343
    18 -0.022325 0.045424 -0.038284 -1.125544 -0.129230 -1.681412
    19 -0.042900 -0.061274 -0.071212 -1.124462 -0.060454 -1.586099
    20 0.063741 -0.109104 -0.248158 -1.142813 -0.125805 -1.693583
    21 -1.408203 -3.246094 -0.348633 -0.788776 0.052706 -0.017693
    22 0.013458 -1.204102 0.000000 -0.931992 0.000000 0.000000
    23 -0.013008 -0.789551 0.000000 -1.061140 0.000000 0.000000
    24 -0.011721 0.093267 0.017949 -1.687855 -0.079155 -1.575164
    25 0.048863 -0.085541 0.028626 -1.715605 -0.034569 -1.653190
    26 0.173918 -0.198416 -0.336163 -1.668104 -0.422317 -1.710956
    27 0.442881 -0.490226 0.392416 0.786101 -0.496891 -1.177935
    28 2.352359 0.010252 0.005009 -0.294106 -0.083569 -0.670352
    29 1.249212 0.004522 -0.002867 -0.000016 0.000022 -0.462363
    30 -0.267709 0.037512 -0.093907 2.913812 -0.143386 0.078467
    31 -0.029266 0.205408 -0.329287 2.788574 -0.255486 -0.188917
    32 0.204373 0.521055 -0.268577 2.886669 0.042206 -0.230367
    33 0.195697 -0.010059 -0.293538 -1.333586 0.150863 -1.672749
    34 1.257181 8.762590 -0.153713 -1.570562 0.002683 -1.566808
    35 -0.093500 -0.114213 -0.738866 -1.570842 0.061811 0.002096
    36 0.010843 0.093624 -0.081439 -3.141462 0.041719 -1.568236
    37 9.627971 -11.340820 -12.142279 -0.745634 0.474293 1.568150
    38 0.104748 -10.673144 -0.005453 0.470623 -0.731788 0.659277
    39 0.549521 -3.646670 -0.341066 -1.330559 -0.046218 -0.024582
    40 0.021778 -1.503640 0.001039 -0.533007 0.000001 -0.000004
    41 0.008139 -0.928479 -0.004583 -0.852448 -0.000002 -0.000001
    42 0.006928 0.005329 -0.181358 -1.528500 -0.248579 -1.611362
    43 -0.052313 0.038589 -0.230757 -1.592493 -0.043415 -1.528515
    44 -0.232600 -0.209656 -0.420669 -1.713790 -0.167173 -1.438930
    45 -0.218280 -3.737618 -0.346082 -1.279188 -0.000005 -0.000020
    46 0.015894 -1.582373 0.006170 -0.941240 0.000020 -0.000009
    47 0.004384 -1.176453 0.000249 -0.912506 0.000021 0.000018
    48 -0.038065 0.069166 -0.159883 -1.816986 0.066178 -1.575392
    49 -0.025151 0.088762 -0.068837 -1.817843 0.044510 -1.568287
    50 -0.102916 -0.186983 -0.272246 -1.833683 -0.232962 -1.472375
    51 -1.034178 -3.582044 -0.343160 -1.223625 0.000019 -0.000003
    52 0.001133 -1.610108 0.002370 -0.991940 0.000003 -0.000002
    53 0.001880 -0.946060 0.004418 -0.895157 0.000001 0.000001
    54 -0.004241 0.043707 -0.080203 -2.014997 -0.186996 -1.460723
    55 0.015383 -0.089136 -0.030010 -2.006083 0.036346 -1.568629
    56 -0.022610 -0.212357 -0.177905 -1.933161 -0.118801 -1.518895
    57 1.305107 -3.227548 -0.342207 -1.216620 -0.066932 -0.041063
    58 0.000595 -1.242324 0.002179 -0.294612 0.000004 0.000009
    59 0.007082 -0.774607 -0.004222 -0.864134 -0.000006 -0.000004
    60 -0.067138 0.063251 -0.010961 -0.899214 -0.014515 -1.600326
    61 -0.151180 -0.007395 -0.070065 -0.913061 -0.118819 -1.408558
    62 -0.178164 -0.244680 -0.357067 -1.159916 -0.384260 -1.556110
    63 -0.391451 -0.463665 0.383766 -0.861950 -0.535675 -2.315853
    64 2.468175 0.027425 0.001225 0.000015 0.000004 1.008033
    65 1.223419 0.009356 -0.001860 -0.000003 -0.000006 0.907272
    66 -0.263409 -0.117640 -0.015659 0.000036 -0.082210 -0.026800
    67 0.007707 -0.334360 -0.191575 0.070788 -0.181563 0.282364
    68 0.225562 -0.567923 -0.420715 0.119895 -0.183798 0.223460
    69 -0.203683 -0.095654 -0.328305 -1.745077 0.075142 -1.515382
    70 -1.393460 8.839182 -0.239439 1.580804 -0.005024 -1.566848
    71 0.036020 0.082815 -0.692656 -1.570769 0.065989 0.001276
    72 -0.088586 0.054020 -0.088594 0.010231 0.033800 -1.560851
    73 0.120153 -0.050270 -0.054489 -2.854024 0.030688 -1.580508
    74 -0.139399 -0.111694 0.014400 0.285395 -0.031353 1.580313
    75 -0.003479 -0.404833 0.000000 0.000000 0.000000 0.000000
    76 -0.313965 -4.589844 0.951660 -1.186316 1.434478 -1.173672
    77 0.000000 3.367188 0.862793 0.000000 0.000000 0.000000
    78 0.001152 -1.103516 1.960938 0.000000 0.000000 0.000000
    79 0.001152 -2.781250 2.525391 0.000000 0.000000 0.000000
    80 -0.001984 -9.226252 2.534020 0.017891 -0.495566 -0.006999
    81 -0.003574 -2.246094 1.304688 0.000000 0.000000 0.000000
    82 0.001150 -4.261719 1.683594 0.000000 0.000000 0.000000
  time 52
    0 1.629157 0.000000 0.541027 0.000000 0.000000 -1.570796
    1 1.368455 9.031712 -6.821958 2.364125 -1.394493 -1.432656
    2 -0.005512 -10.701926 -0.002571 0.143815 -0.149438 0.111241
    3 -0.653320 -3.628906 -0.348633 -1.003534 -0.000001 -0.122159
    4 -0.013245 -1.509766 -0.000001 -1.090796 0.000000 0.000000
    5 0.000000 -0.953125 -0.000002 -1.223438 0.000000 0.000000
    6 0.007988 0.172184 -0.118553 -1.598091 -0.216549 -1.570593
    7 0.080660 0.135929 -0.203919 -1.506824 -0.066185 -1.662786
    8 0.117288 -0.155554 -0.604544 -1.412988 -0.374558 -1.569222
    9 0.128052 -3.763672 -0.348633 -0.890091 0.000000 -0.148347
    10 -0.006790 -1.567259 0.006726 -1.212969 0.000000 0.000009
    11 0.000000 -1.164063 0.000001 -1.279286 0.000000 0.000000
    12 -0.018589 0.129953 -0.123721 -1.294580 0.001302 -1.635383
    13 -0.006160 0.170065 -0.110169 -1.280084 -0.068681 -1.597215
    14 0.047100 -0.104074 -0.352264 -1.243368 -0.257298 -1.694346
    15 0.949953 -3.617903 -0.344216 -0.004684 -0.012625 0.137890
    16 -0.017794 -1.596358 -0.003443 0.056976 -0.017413 -0.008281
    17 -0.006735 -0.941812 0.007065 -0.021060 -0.020194 -0.042846
    18 -0.022325 0.045424 -0.038284 -1.125544 -0.129230 -1.681412
    19 -0.042900 -0.061274 -0.071212 -1.124462 -0.060454 -1.586099
    20 0.063741 -0.109104 -0.248158 -1.142813 -0.125805 -1.693583
    21 -1.408203 -3.246094 -0.348633 -0.788776 0.052706 -0.017693
    22 0.013458 -1.204102 0.000000 -0.931992 0.000000 0.000000
    23 -0.013008 -0.789551 0.000000 -1.061140 0.000000 0.000000
    24 -0.011721 0.093267 0.017949 -1.687855 -0.079155 -1.575164
    25 0.048863 -0.085541 0.028626 -1.715605 -0.034569 -1.653190
    26 0.173918 -0.198416 -0.336163 -1.668104 -0.422317 -1.710956
    27 0.442881 -0.490226 0.396323 0.787328 -0.497039 -1.177851
    28 2.352359 0.010252 0.005009 -0.294022 -0.083857 -0.671287
    29 1.249212 0.004522 -0.002867 -0.000016 0.000022 -0.461571
    30 -0.267709 0.037512 -0.093907 2.913812 -0.143386 0.078467
    31 -0.029266 0.205408 -0.329287 2.788574 -0.255486 -0.188917
    32 0.204373 0.521055 -0.268577 2.886669 0.042206 -0.230367
    33 0.195697 -0.010059 -0.293538 -1.333586 0.150863 -1.672749
    34 1.257181 8.762590 -0.153713 -1.570562 0.002683 -1.566808
    35 -0.093500 -0.114213 -0.738866 -1.570842 0.061811 0.002096
    36 0.010843 0.093624 -0.081439 -3.141462 0.041719 -1.568236
    37 9.495154 -11.333008 -12.083683 -0.766426 0.468918 1.567768
    38 0.108654 -10.673144 -0.005453 0.484073 -0.709784 0.611879
    39 0.553428 -3.650577 -0.341066 -1.326765 -0.046218 -0.024582
    40 0.021778 -1.507546 0.001039 -0.533101 0.000001 -0.000004
    41 0.008139 -0.928479 -0.004583 -0.848426 -0.000002 -0.000001
    42 0.006928 0.005329 -0.181358 -1.528500 -0.248579 -1.611362
    43 -0.052313 0.038589 -0.230757 -1.592493 -0.043415 -1.528515
    44 -0.232600 -0.209656 -0.420669 -1.713790 -0.167173 -1.438930
    45 -0.214374 -3.741524 -0.346082 -1.273518 -0.000005 -0.000020
    46 0.019801 -1.578467 0.002264 -0.933956 0.000020 -0.000009
    47 0.000478 -1.172547 0.000249 -0.905930 0.000021 0.000018
    48 -0.038065 0.069166 -0.159883 -1.816986 0.066178 -1.575392
    49 -0.025151 0.088762 -0.068837 -1.817843 0.044510 -1.568287
    50 -0.102916 -0.186983 -0.272246 -1.833683 -0.232962 -1.472375
    51 -1.030272 -3.582044 -0.343160 -1.219659 0.000019 -0.000003
    52 0.001133 -1.610108 0.006276 -0.982857 0.000003 -0.000002
    53 0.005787 -0.946060 0.004418 -0.885149 0.000001 0.000001
    54 -0.004241 0.043707 -0.080203 -2.014997 -0.186996 -1.460723
    55 0.015383 -0.089136 -0.030010 -2.006083 0.036346 -1.568629
    56 -0.022610 -0.212357 -0.177905 -1.933161 -0.118801 -1.518895
    57 1.309013 -3.227548 -0.342207 -1.202596 -0.066932 -0.041063
    58 0.000595 -1.242324 0.006085 -0.292078 0.000004 0.000009
    59 0.003175 -0.774607 -0.004222 -0.862713 -0.000006 -0.000004
    60 -0.067138 0.063251 -0.010961 -0.899214 -0.014515 -1.600326
    61 -0.151180 -0.007395 -0.070065 -0.913061 -0.118819 -1.408558
    62 -0.178164 -0.244680 -0.357067 -1.159916 -0.384260 -1.556110
    63 -0.387544 -0.463665 0.383766 -0.859305 -0.540933 -2.321042
    64 2.472082 0.027425 0.001225 0.000015 0.000004 0.976930
    65 1.223419 0.009356 -0.005766 -0.000003 -0.000006 0.891981
    66 -0.263409 -0.117640 -0.015659 0.000036 -0.082210 -0.026800
    67 0.007707 -0.334360 -0.191575 0.070788 -0.181563 0.282364
    68 0.225562 -0.567923 -0.420715 0.119895 -0.183798 0.223460
    69 -0.203683 -0.095654 -0.328305 -1.745077 0.075142 -1.515382
    70 -1.393460 8.839182 -0.239439 1.580804 -0.005024 -1.566848
    71 0.036020 0.082815 -0.692656 -1.570769 0.065989 0.001276
    72 -0.088586 0.054020 -0.088594 0.010231 0.033800 -1.560851
    73 0.120153 -0.050270 -0.054489 -2.854024 0.030688 -1.580508
    74 -0.139399 -0.111694 0.014400 0.285395 -0.031353 1.580313
    75 -0.003479 -0.404833 0.000000 0.000000 0.000000 0.000000
    76 -0.313965 -4.589844 0.951660 -1.186316 1.434478 -1.173672
    77 0.000000 3.367188 0.862793 0.000000 0.000000 0.000000
    78 0.001152 -1.103516 1.960938 0.000000 0.000000 0.000000
    79 0.001152 -2.781250 2.525391 0.000000 0.000000 0.000000
    80 -0.001984 -9.214533 2.580896 0.006601 -0.192566 0.007094
    81 -0.003574 -2.246094 1.304688 0.000000 0.000000 0.000000
    82 0.001150 -4.261719 1.683594 0.000000 0.000000 0.000000
  time 53
    0 1.629157 0.000000 0.541027 0.000000 0.000000 -1.570796
    1 1.317672 9.094214 -6.845396 2.415396 -1.392889 -1.484571
    2 -0.001605 -10.701926 -0.002571 0.139287 -0.098361 0.115292
    3 -0.653320 -3.628906 -0.348633 -1.003534 -0.000001 -0.122159
    4 -0.013245 -1.509766 -0.000001 -1.090796 0.000000 0.000000
    5 0.000000 -0.953125 -0.000002 -1.223438 0.000000 0.000000
    6 0.007988 0.172184 -0.118553 -1.598091 -0.216549 -1.570593
    7 0.080660 0.135929 -0.203919 -1.506824 -0.066185 -1.662786
    8 0.117288 -0.155554 -0.604544 -1.412988 -0.374558 -1.569222
    9 0.128052 -3.763672 -0.348633 -0.890091 0.000000 -0.148347
    10 -0.006790 -1.567259 0.006726 -1.212969 0.000000 0.000009
    11 0.000000 -1.164063 0.000001 -1.279286 0.000000 0.000000
    12 -0.018589 0.129953 -0.123721 -1.294580 0.001302 -1.635383
    13 -0.006160 0.170065 -0.110169 -1.280084 -0.068681 -1.597215
    14 0.047100 -0.104074 -0.352264 -1.243368 -0.257298 -1.694346
    15 0.949953 -3.617903 -0.344216 -0.003893 -0.012649 0.137902
    16 -0.017794 -1.596358 -0.003443 0.058796 -0.017497 -0.008569
    17 -0.002829 -0.937906 0.007065 -0.017556 -0.020374 -0.043229
    18 -0.022325 0.045424 -0.038284 -1.125544 -0.129230 -1.681412
    19 -0.042900 -0.061274 -0.071212 -1.124462 -0.060454 -1.586099
    20 0.063741 -0.109104 -0.248158 -1.142813 -0.125805 -1.693583
    21 -1.408203 -3.246094 -0.348633 -0.788776 0.052706 -0.017693
    22 0.013458 -1.204102 0.000000 -0.931992 0.000000 0.000000
    23 -0.013008 -0.789551 0.000000 -1.061140 0.000000 0.000000
    24 -0.011721 0.093267 0.017949 -1.687855 -0.079155 -1.575164
    25 0.048863 -0.085541 0.028626 -1.715605 -0.034569 -1.653190
    26 0.173918 -0.198416 -0.336163 -1.668104 -0.422317 -1.710956
    27 0.438974 -0.490226 0.396323 0.788533 -0.497212 -1.177682
    28 2.352359 0.014158 0.005009 -0.293950 -0.084132 -0.672222
    29 1.249212 0.004522 -0.002867 -0.000016 0.000022 -0.460698
    30 -0.267709 0.037512 -0.093907 2.913812 -0.143386 0.078467
    31 -0.029266 0.205408 -0.329287 2.788574 -0.255486 -0.188917
    32 0.204373 0.521055 -0.268577 2.886669 0.042206 -0.230367
    33 0.195697 -0.010059 -0.293538 -1.333586 0.150863 -1.672749
    34 1.257181 8.762590 -0.153713 -1.570562 0.002683 -1.566808
    35 -0.093500 -0.114213 -0.738866 -1.570842 0.061811 0.002096
    36 0.010843 0.093624 -0.081439 -3.141462 0.041719 -1.568236
    37 9.436559 -11.200191 -12.142279 -0.771862 0.474293 1.568150
    38 0.104748 -10.673144 -0.005453 0.428768 -0.692239 0.531150
    39 0.553428 -3.646670 -0.341066 -1.300308 -0.046218 -0.024582
    40 0.021778 -1.503640 0.001039 -0.534608 0.000001 -0.000004
    41 0.008139 -0.928479 -0.004583 -0.819697 -0.000002 -0.000001
    42 0.006928 0.005329 -0.181358 -1.528500 -0.248579 -1.611362
    43 -0.052313 0.038589 -0.230757 -1.592493 -0.043415 -1.528515
    44 -0.232600 -0.209656 -0.420669 -1.713790 -0.167173 -1.438930
    45 -0.218280 -3.737618 -0.346082 -1.233655 -0.000005 -0.000020
    46 0.019801 -1.578467 0.006170 -0.881677 0.000020 -0.000009
    47 0.000478 -1.172547 0.000249 -0.860411 0.000021 0.000018
    48 -0.038065 0.069166 -0.159883 -1.816986 0.066178 -1.575392
    49 -0.025151 0.088762 -0.068837 -1.817843 0.044510 -1.568287
    50 -0.102916 -0.186983 -0.272246 -1.833683 -0.232962 -1.472375
    51 -1.030272 -3.578138 -0.343160 -1.189774 0.000019 -0.000003
    52 0.001133 -1.610108 0.002370 -0.918749 0.000003 -0.000002
    53 0.005787 -0.946060 0.000512 -0.814863 0.000001 0.000001
    54 -0.004241 0.043707 -0.080203 -2.014997 -0.186996 -1.460723
    55 0.015383 -0.089136 -0.030010 -2.006083 0.036346 -1.568629
    56 -0.022610 -0.212357 -0.177905 -1.933161 -0.118801 -1.518895
    57 1.309013 -3.227548 -0.342207 -1.133819 -0.066932 -0.041063
    58 0.000595 -1.242324 0.006085 -0.279918 0.000004 0.000009
    59 0.003175 -0.774607 -0.000316 -0.848409 -0.000006 -0.000004
    60 -0.067138 0.063251 -0.010961 -0.899214 -0.014515 -1.600326
    61 -0.151180 -0.007395 -0.070065 -0.913061 -0.118819 -1.408558
    62 -0.178164 -0.244680 -0.357067 -1.159916 -0.384260 -1.556110
    63 -0.391451 -0.463665 0.379860 -0.839321 -0.577235 -2.358731
    64 2.472082 0.027425 0.001225 0.000015 0.000004 0.825133
    65 1.223419 0.009356 -0.005766 -0.000003 -0.000006 0.783778
    66 -0.263409 -0.117640 -0.015659 0.000036 -0.082210 -0.026800
    67 0.007707 -0.334360 -0.191575 0.070788 -0.181563 0.282364
    68 0.225562 -0.567923 -0.420715 0.119895 -0.183798 0.223460
    69 -0.203683 -0.095654 -0.328305 -1.745077 0.075142 -1.515382
    70 -1.393460 8.839182 -0.239439 1.580804 -0.005024 -1.566848
    71 0.036020 0.082815 -0.692656 -1.570769 0.065989 0.001276
    72 -0.088586 0.054020 -0.088594 0.010231 0.033800 -1.560851
    73 0.120153 -0.050270 -0.054489 -2.854024 0.030688 -1.580508
    74 -0.139399 -0.111694 0.014400 0.285395 -0.031353 1.580313
    75 -0.003479 -0.404833 0.000000 0.000000 0.000000 0.000000
    76 -0.313965 -4.589844 0.951660 -1.186316 1.434478 -1.173672
    77 0.000000 3.367188 0.862793 0.000000 0.000000 0.000000
    78 0.001152 -1.103516 1.960938 0.000000 0.000000 0.000000
    79 0.001152 -2.781250 2.525391 0.000000 0.000000 0.000000
    80 -0.001984 -9.206720 2.612147 0.003540 -0.090867 0.011505
    81 -0.003574 -2.246094 1.304688 0.000000 0.000000 0.000000
    82 0.001150 -4.261719 1.683594 0.000000 0.000000 0.000000
  time 54
    0 1.629157 0.000000 0.541027 0.000000 0.000000 -1.570796
    1 1.309859 9.105933 -6.845396 2.400390 -1.395577 -1.469276
    2 -0.005512 -10.701926 -0.002571 0.132320 -0.023442 0.118861
    3 -0.653320 -3.628906 -0.348633 -1.003534 -0.000001 -0.122159
    4 -0.013245 -1.509766 -0.000001 -1.090796 0.000000 0.000000
    5 0.000000 -0.953125 -0.000002 -1.223438 0.000000 0.000000
    6 0.007988 0.172184 -0.118553 -1.598091 -0.216549 -1.570593
    7 0.080660 0.135929 -0.203919 -1.506824 -0.066185 -1.662786
    8 0.117288 -0.155554 -0.604544 -1.412988 -0.374558 -1.569222
    9 0.128052 -3.763672 -0.348633 -0.890091 0.000000 -0.148347
    10 -0.006790 -1.567259 0.002820 -1.212969 0.000000 0.000009
    11 0.000000 -1.164063 0.000001 -1.279286 0.000000 0.000000
    12 -0.018589 0.129953 -0.123721 -1.294580 0.001302 -1.635383
    13 -0.006160 0.170065 -0.110169 -1.280084 -0.068681 -1.597215
    14 0.047100 -0.104074 -0.352264 -1.243368 -0.257298 -1.694346
    15 0.949953 -3.617903 -0.344216 -0.003198 -0.012685 0.137914
    16 -0.021700 -1.596358 -0.003443 0.060565 -0.017605 -0.008809
    17 -0.006735 -0.941812 0.003159 -0.014361 -0.020553 -0.043529
    18 -0.022325 0.045424 -0.038284 -1.125544 -0.129230 -1.681412
    19 -0.042900 -0.061274 -0.071212 -1.124462 -0.060454 -1.586099
    20 0.063741 -0.109104 -0.248158 -1.142813 -0.125805 -1.693583
    21 -1.408203 -3.246094 -0.348633 -0.788776 0.052706 -0.017693
    22 0.013458 -1.204102 0.000000 -0.931992 0.000000 0.000000
    23 -0.013008 -0.789551 0.000000 -1.061140 0.000000 0.000000
    24 -0.011721 0.093267 0.017949 -1.687855 -0.079155 -1.575164
    25 0.048863 -0.085541 0.028626 -1.715605 -0.034569 -1.653190
    26 0.173918 -0.198416 -0.336163 -1.668104 -0.422317 -1.710956
    27 0.438974 -0.486320 0.396323 0.789761 -0.497385 -1.177513
    28 2.356266 0.010252 0.005009 -0.293866 -0.084408 -0.673182
    29 1.249212 0.004522 -0.002867 -0.000016 0.000022 -0.459683
    30 -0.267709 0.037512 -0.093907 2.913812 -0.143386 0.078467
    31 -0.029266 0.205408 -0.329287 2.788574 -0.255486 -0.188917
    32 0.204373 0.521055 -0.268577 2.886669 0.042206 -0.230367
    33 0.195697 -0.010059 -0.293538 -1.333586 0.150863 -1.672749
    34 1.257181 8.762590 -0.153713 -1.570562 0.002683 -1.566808
    35 -0.093500 -0.114213 -0.738866 -1.570842 0.061811 0.002096
    36 0.010843 0.093624 -0.081439 -3.141462 0.041719 -1.568236
    37 9.663128 -10.926745 -12.450882 -0.746587 0.472704 1.566239
    38 0.104748 -10.673144 -0.005453 0.356973 -0.688216 0.515566
    39 0.549521 -3.650577 -0.341066 -1.255131 -0.046218 -0.024582
    40 0.025684 -1.503640 0.001039 -0.536868 0.000001 -0.000004
    41 0.008139 -0.928479 -0.004583 -0.771549 -0.000002 -0.000001
    42 0.006928 0.005329 -0.181358 -1.528500 -0.248579 -1.611362
    43 -0.052313 0.038589 -0.230757 -1.592493 -0.043415 -1.528515
    44 -0.232600 -0.209656 -0.420669 -1.713790 -0.167173 -1.438930
    45 -0.218280 -3.741524 -0.346082 -1.165779 -0.000005 -0.000020
    46 0.015894 -1.578467 0.002264 -0.793801 0.000020 -0.000009
    47 0.000478 -1.172547 0.000249 -0.782754 0.000021 0.000018
    48 -0.038065 0.069166 -0.159883 -1.816986 0.066178 -1.575392
    49 -0.025151 0.088762 -0.068837 -1.817843 0.044510 -1.568287
    50 -0.102916 -0.186983 -0.272246 -1.833683 -0.232962 -1.472375
    51 -1.030272 -3.582044 -0.347066 -1.140138 0.000019 -0.000003
    52 0.001133 -1.610108 0.002370 -0.810328 0.000003 -0.000002
    53 0.005787 -0.946060 0.004418 -0.695468 0.000001 0.000001
    54 -0.004241 0.043707 -0.080203 -2.014997 -0.186996 -1.460723
    55 0.015383 -0.089136 -0.030010 -2.006083 0.036346 -1.568629
    56 -0.022610 -0.212357 -0.177905 -1.933161 -0.118801 -1.518895
    57 1.305107 -3.227548 -0.342207 -1.023317 -0.066932 -0.041063
    58 0.004502 -1.242324 0.006085 -0.260270 0.000004 0.000009
    59 0.003175 -0.774607 -0.004222 -0.822843 -0.000006 -0.000004
    60 -0.067138 0.063251 -0.010961 -0.899214 -0.014515 -1.600326
    61 -0.151180 -0.007395 -0.070065 -0.913061 -0.118819 -1.408558
    62 -0.178164 -0.244680 -0.357067 -1.159916 -0.384260 -1.556110
    63 -0.391451 -0.463665 0.383766 -0.800309 -0.637337 -2.427008
    64 2.468175 0.027425 0.001225 0.000015 0.000004 0.580061
    65 1.223419 0.009356 -0.005766 -0.000003 -0.000006 0.600178
    66 -0.263409 -0.117640 -0.015659 0.000036 -0.082210 -0.026800
    67 0.007707 -0.334360 -0.191575 0.070788 -0.181563 0.282364
    68 0.225562 -0.567923 -0.420715 0.119895 -0.183798 0.223460
    69 -0.203683 -0.095654 -0.328305 -1.745077 0.075142 -1.515382
    70 -1.393460 8.839182 -0.239439 1.580804 -0.005024 -1.566848
    71 0.036020 0.082815 -0.692656 -1.570769 0.065989 0.001276
    72 -0.088586 0.054020 -0.088594 0.010231 0.033800 -1.560851
    73 0.120153 -0.050270 -0.054489 -2.854024 0.030688 -1.580508
    74 -0.139399 -0.111694 0.014400 0.285395 -0.031353 1.580313
    75 -0.003479 -0.404833 0.000000 0.000000 0.000000 0.000000
    76 -0.313965 -4.589844 0.951660 -1.186316 1.434478 -1.173672
    77 0.000000 3.367188 0.862793 0.000000 0.000000 0.000000
    78 0.001152 -1.103516 1.960938 0.000000 0.000000 0.000000
    79 0.001152 -2.781250 2.525391 0.000000 0.000000 0.000000
    80 -0.001984 -9.202814 2.623867 0.002679 -0.118308 0.012367
    81 -0.003574 -2.246094 1.304688 0.000000 0.000000 0.000000
    82 0.001150 -4.261719 1.683594 0.000000 0.000000 0.000000
  time 55
    0 1.629157 0.000000 0.541027 0.000000 0.000000 -1.570796
    1 1.348923 9.074682 -6.825864 2.356086 -1.399775 -1.424289
    2 -0.005512 -10.698019 -0.002571 0.124692 0.060156 0.121577
    3 -0.653320 -3.628906 -0.348633 -1.003534 -0.000001 -0.122159
    4 -0.013245 -1.509766 -0.000001 -1.090796 0.000000 0.000000
    5 0.000000 -0.953125 -0.000002 -1.223438 0.000000 0.000000
    6 0.007988 0.172184 -0.118553 -1.598091 -0.216549 -1.570593
    7 0.080660 0.135929 -0.203919 -1.506824 -0.066185 -1.662786
    8 0.117288 -0.155554 -0.604544 -1.412988 -0.374558 -1.569222
    9 0.128052 -3.763672 -0.348633 -0.890091 0.000000 -0.148347
    10 -0.006790 -1.563353 0.002820 -1.212969 0.000000 0.000009
    11 0.000000 -1.164063 0.000001 -1.279286 0.000000 0.000000
    12 -0.018589 0.129953 -0.123721 -1.294580 0.001302 -1.635383
    13 -0.006160 0.170065 -0.110169 -1.280084 -0.068681 -1.597215
    14 0.047100 -0.104074 -0.352264 -1.243368 -0.257298 -1.694346
    15 0.953860 -3.617903 -0.344216 -0.002587 -0.012709 0.137926
    16 -0.017794 -1.596358 -0.003443 0.062206 -0.017689 -0.009012
    17 -0.002829 -0.937906 0.007065 -0.011510 -0.020745 -0.043745
    18 -0.022325 0.045424 -0.038284 -1.125544 -0.129230 -1.681412
    19 -0.042900 -0.061274 -0.071212 -1.124462 -0.060454 -1.586099
    20 0.063741 -0.109104 -0.248158 -1.142813 -0.125805 -1.693583
    21 -1.408203 -3.246094 -0.348633 -0.788776 0.052706 -0.017693
    22 0.013458 -1.204102 0.000000 -0.931992 0.000000 0.000000
    23 -0.013008 -0.789551 0.000000 -1.061140 0.000000 0.000000
    24 -0.011721 0.093267 0.017949 -1.687855 -0.079155 -1.575164
    25 0.048863 -0.085541 0.028626 -1.715605 -0.034569 -1.653190
    26 0.173918 -0.198416 -0.336163 -1.668104 -0.422317 -1.710956
    27 0.442881 -0.490226 0.396323 0.790922 -0.497595 -1.177316
    28 2.352359 0.010252 0.005009 -0.293770 -0.084708 -0.674142
    29 1.245306 0.004522 -0.002867 -0.000016 0.000022 -0.458566
    30 -0.267709 0.037512 -0.093907 2.913812 -0.143386 0.078467
    31 -0.029266 0.205408 -0.329287 2.788574 -0.255486 -0.188917
    32 0.204373 0.521055 -0.268577 2.886669 0.042206 -0.230367
    33 0.195697 -0.010059 -0.293538 -1.333586 0.150863 -1.672749
    34 1.257181 8.762590 -0.153713 -1.570562 0.002683 -1.566808
    35 -0.093500 -0.114213 -0.738866 -1.570842 0.061811 0.002096
    36 0.010843 0.093624 -0.081439 -3.141462 0.041719 -1.568236
    37 9.987357 -10.606423 -12.837613 -0.726463 0.470414 1.563563
    38 0.104748 -10.673144 -0.005453 0.256799 -0.689377 0.517503
    39 0.553428 -3.646670 -0.344972 -1.230871 -0.046218 -0.024582
    40 0.025684 -1.503640 0.004946 -0.538093 0.000001 -0.000004
    41 0.008139 -0.928479 -0.004583 -0.746893 -0.000002 -0.000001
    42 0.006928 0.005329 -0.181358 -1.528500 -0.248579 -1.611362
    43 -0.052313 0.038589 -0.230757 -1.592493 -0.043415 -1.528515
    44 -0.232600 -0.209656 -0.420669 -1.713790 -0.167173 -1.438930
    45 -0.214374 -3.737618 -0.346082 -1.129048 -0.000005 -0.000020
    46 0.015894 -1.578467 0.006170 -0.747924 0.000020 -0.000009
    47 0.000478 -1.172547 0.000249 -0.740981 0.000021 0.000018
    48 -0.038065 0.069166 -0.159883 -1.816986 0.066178 -1.575392
    49 -0.025151 0.088762 -0.068837 -1.817843 0.044510 -1.568287
    50 -0.102916 -0.186983 -0.272246 -1.833683 -0.232962 -1.472375
    51 -1.030272 -3.578138 -0.343160 -1.118345 0.000019 -0.000003
    52 0.001133 -1.610108 0.002370 -0.753098 0.000003 -0.000002
    53 0.005787 -0.946060 0.004418 -0.631756 0.000001 0.000001
    54 -0.004241 0.043707 -0.080203 -2.014997 -0.186996 -1.460723
    55 0.015383 -0.089136 -0.030010 -2.006083 0.036346 -1.568629
    56 -0.022610 -0.212357 -0.177905 -1.933161 -0.118801 -1.518895
    57 1.309013 -3.227548 -0.342207 -0.965058 -0.066932 -0.041063
    58 0.000595 -1.242324 0.006085 -0.249911 0.000004 0.000009
    59 0.003175 -0.774607 -0.000316 -0.808894 -0.000006 -0.000004
    60 -0.067138 0.063251 -0.010961 -0.899214 -0.014515 -1.600326
    61 -0.151180 -0.007395 -0.070065 -0.913061 -0.118819 -1.408558
    62 -0.178164 -0.244680 -0.357067 -1.159916 -0.384260 -1.556110
    63 -0.387544 -0.463665 0.383766 -0.776635 -0.668481 -2.465988
    64 2.468175 0.027425 0.001225 0.000015 0.000004 0.449524
    65 1.223419 0.009356 -0.005766 -0.000003 -0.000006 0.502511
    66 -0.263409 -0.117640 -0.015659 0.000036 -0.082210 -0.026800
    67 0.007707 -0.334360 -0.191575 0.070788 -0.181563 0.282364
    68 0.225562 -0.567923 -0.420715 0.119895 -0.183798 0.223460
    69 -0.203683 -0.095654 -0.328305 -1.745077 0.075142 -1.515382
    70 -1.393460 8.839182 -0.239439 1.580804 -0.005024 -1.566848
    71 0.036020 0.082815 -0.692656 -1.570769 0.065989 0.001276
    72 -0.088586 0.054020 -0.088594 0.010231 0.033800 -1.560851
    73 0.120153 -0.050270 -0.054489 -2.854024 0.030688 -1.580508
    74 -0.139399 -0.111694 0.014400 0.285395 -0.031353 1.580313
    75 -0.003479 -0.404833 0.000000 0.000000 0.000000 0.000000
    76 -0.313965 -4.589844 0.951660 -1.186316 1.434478 -1.173672
    77 0.000000 3.367188 0.862793 0.000000 0.000000 0.000000
    78 0.001152 -1.103516 1.960938 0.000000 0.000000 0.000000
    79 0.001152 -2.781250 2.525391 0.000000 0.000000 0.000000
    80 -0.009797 -9.206720 2.623867 0.003062 -0.208649 0.011313
    81 -0.003574 -2.246094 1.304688 0.000000 0.000000 0.000000
    82 0.001150 -4.261719 1.683594 0.000000 0.000000 0.000000
  time 56
    0 1.629157 0.000000 0.541027 0.000000 0.000000 -1.570796
    1 1.399706 9.035618 -6.790707 2.291595 -1.404114 -1.358788
    2 -0.001605 -10.701926 -0.006478 0.118075 0.137152 0.123626
    3 -0.653320 -3.628906 -0.348633 -1.003534 -0.000001 -0.122159
    4 -0.013245 -1.509766 -0.000001 -1.090796 0.000000 0.000000
    5 0.000000 -0.953125 -0.000002 -1.223438 0.000000 0.000000
    6 0.007988 0.172184 -0.118553 -1.598091 -0.216549 -1.570593
    7 0.080660 0.135929 -0.203919 -1.506824 -0.066185 -1.662786
    8 0.117288 -0.155554 -0.604544 -1.412988 -0.374558 -1.569222
    9 0.128052 -3.763672 -0.348633 -0.890091 0.000000 -0.148347
    10 -0.006790 -1.567259 0.006726 -1.212969 0.000000 0.000009
    11 0.000000 -1.164063 0.000001 -1.279286 0.000000 0.000000
    12 -0.018589 0.129953 -0.123721 -1.294580 0.001302 -1.635383
    13 -0.006160 0.170065 -0.110169 -1.280084 -0.068681 -1.597215
    14 0.047100 -0.104074 -0.352264 -1.243368 -0.257298 -1.694346
    15 0.949953 -3.617903 -0.348122 -0.002059 -0.012721 0.137926
    16 -0.017794 -1.596358 -0.003443 0.063693 -0.017785 -0.009216
    17 -0.006735 -0.937906 0.007065 -0.008968 -0.020973 -0.043853
    18 -0.022325 0.045424 -0.038284 -1.125544 -0.129230 -1.681412
    19 -0.042900 -0.061274 -0.071212 -1.124462 -0.060454 -1.586099
    20 0.063741 -0.109104 -0.248158 -1.142813 -0.125805 -1.693583
    21 -1.408203 -3.246094 -0.348633 -0.788776 0.052706 -0.017693
    22 0.013458 -1.204102 0.000000 -0.931992 0.000000 0.000000
    23 -0.013008 -0.789551 0.000000 -1.061140 0.000000 0.000000
    24 -0.011721 0.093267 0.017949 -1.687855 -0.079155 -1.575164
    25 0.048863 -0.085541 0.028626 -1.715605 -0.034569 -1.653190
    26 0.173918 -0.198416 -0.336163 -1.668104 -0.422317 -1.710956
    27 0.438974 -0.490226 0.392416 0.792106 -0.497817 -1.177119
    28 2.352359 0.010252 0.005009 -0.293686 -0.084995 -0.675077
    29 1.249212 0.004522 -0.002867 -0.000016 0.000022 -0.457348
    30 -0.267709 0.037512 -0.093907 2.913812 -0.143386 0.078467
    31 -0.029266 0.205408 -0.329287 2.788574 -0.255486 -0.188917
    32 0.204373 0.521055 -0.268577 2.886669 0.042206 -0.230367
    33 0.195697 -0.010059 -0.293538 -1.333586 0.150863 -1.672749
    34 1.257181 8.762590 -0.153713 -1.570562 0.002683 -1.566808
    35 -0.093500 -0.114213 -0.738866 -1.570842 0.061811 0.002096
    36 0.010843 0.093624 -0.081439 -3.141462 0.041719 -1.568236
    37 10.358462 -10.297820 -13.243875 -0.744108 0.467796 1.560696
    38 0.108654 -10.673144 -0.001547 0.104897 -0.694977 0.513544
    39 0.549521 -3.650577 -0.344972 -1.251038 -0.046218 -0.024582
    40 0.025684 -1.503640 0.001039 -0.536680 0.000001 -0.000004
    41 0.008139 -0.928479 -0.004583 -0.772131 -0.000002 -0.000001
    42 0.006928 0.005329 -0.181358 -1.528500 -0.248579 -1.611362
    43 -0.052313 0.038589 -0.230757 -1.592493 -0.043415 -1.528515
    44 -0.232600 -0.209656 -0.420669 -1.713790 -0.167173 -1.438930
    45 -0.218280 -3.737618 -0.346082 -1.158881 -0.000005 -0.000020
    46 0.015894 -1.582373 0.006170 -0.791569 0.000020 -0.000009
    47 0.004384 -1.172547 0.004155 -0.775749 0.000021 0.000018
    48 -0.038065 0.069166 -0.159883 -1.816986 0.066178 -1.575392
    49 -0.025151 0.088762 -0.068837 -1.817843 0.044510 -1.568287
    50 -0.102916 -0.186983 -0.272246 -1.833683 -0.232962 -1.472375
    51 -1.030272 -3.578138 -0.343160 -1.155121 0.000019 -0.000003
    52 0.001133 -1.610108 0.002370 -0.804920 0.000003 -0.000002
    53 0.005787 -0.946060 0.004418 -0.686770 0.000001 0.000001
    54 -0.004241 0.043707 -0.080203 -2.014997 -0.186996 -1.460723
    55 0.015383 -0.089136 -0.030010 -2.006083 0.036346 -1.568629
    56 -0.022610 -0.212357 -0.177905 -1.933161 -0.118801 -1.518895
    57 1.305107 -3.227548 -0.342207 -1.016738 -0.066932 -0.041079
    58 0.000595 -1.242324 0.006085 -0.259200 0.000004 0.000009
    59 0.003175 -0.774607 -0.000316 -0.819648 -0.000006 -0.000004
    60 -0.067138 0.063251 -0.010961 -0.899214 -0.014515 -1.600326
    61 -0.151180 -0.007395 -0.070065 -0.913061 -0.118819 -1.408558
    62 -0.178164 -0.244680 -0.357067 -1.159916 -0.384260 -1.556110
    63 -0.391451 -0.463665 0.383766 -0.797086 -0.641751 -2.432404
    64 2.472082 0.027425 0.001225 0.000015 0.000004 0.560409
    65 1.227325 0.009356 -0.005766 -0.000003 -0.000006 0.588001
    66 -0.263409 -0.117640 -0.015659 0.000036 -0.082210 -0.026800
    67 0.007707 -0.334360 -0.191575 0.070788 -0.181563 0.282364
    68 0.225562 -0.567923 -0.420715 0.119895 -0.183798 0.223460
    69 -0.203683 -0.095654 -0.328305 -1.745077 0.075142 -1.515382
    70 -1.393460 8.839182 -0.239439 1.580804 -0.005024 -1.566848
    71 0.036020 0.082815 -0.692656 -1.570769 0.065989 0.001276
    72 -0.088586 0.054020 -0.088594 0.010231 0.033800 -1.560851
    73 0.120153 -0.050270 -0.054489 -2.854024 0.030688 -1.580508
    74 -0.139399 -0.111694 0.014400 0.285395 -0.031353 1.580313
    75 -0.003479 -0.404833 0.000000 0.000000 0.000000 0.000000
    76 -0.313965 -4.589844 0.951660 -1.186316 1.434478 -1.173672
    77 0.000000 3.367188 0.862793 0.000000 0.000000 0.000000
    78 0.001152 -1.103516 1.960938 0.000000 0.000000 0.000000
    79 0.001152 -2.781250 2.525391 0.000000 0.000000 0.000000
    80 -0.017609 -9.206720 2.619960 0.004497 -0.295412 0.009108
    81 -0.003574 -2.246094 1.304688 0.000000 0.000000 0.000000
    82 0.001150 -4.261719 1.683594 0.000000 0.000000 0.000000
  time 57
    0 1.629157 0.000000 0.541027 0.000000 0.000000 -1.570796
    1 1.458301 8.980929 -6.751643 2.217457 -1.407840 -1.283480
    2 -0.005512 -10.701926 -0.006478 0.113999 0.192361 0.125491
    3 -0.653320 -3.628906 -0.348633 -1.003534 -0.000001 -0.122159
    4 -0.013245 -1.509766 -0.000001 -1.090796 0.000000 0.000000
    5 0.000000 -0.953125 -0.000002 -1.223438 0.000000 0.000000
    6 0.007988 0.172184 -0.118553 -1.598091 -0.216549 -1.570593
    7 0.080660 0.135929 -0.203919 -1.506824 -0.066185 -1.662786
    8 0.117288 -0.155554 -0.604544 -1.412988 -0.374558 -1.569222
    9 0.128052 -3.763672 -0.348633 -0.890091 0.000000 -0.148347
    10 -0.006790 -1.567259 0.006726 -1.212969 0.000000 0.000009
    11 0.000000 -1.164063 0.000001 -1.279286 0.000000 0.000000
    12 -0.018589 0.129953 -0.123721 -1.294580 0.001302 -1.635383
    13 -0.006160 0.170065 -0.110169 -1.280084 -0.068681 -1.597215
    14 0.047100 -0.104074 -0.352264 -1.243368 -0.257298 -1.694346
    15 0.953860 -3.617903 -0.344216 -0.001628 -0.012745 0.137938
    16 -0.021700 -1.596358 -0.007350 0.065077 -0.017881 -0.009432
    17 -0.006735 -0.941812 0.007065 -0.006735 -0.021177 -0.043877
    18 -0.022325 0.045424 -0.038284 -1.125544 -0.129230 -1.681412
    19 -0.042900 -0.061274 -0.071212 -1.124462 -0.060454 -1.586099
    20 0.063741 -0.109104 -0.248158 -1.142813 -0.125805 -1.693583
    21 -1.408203 -3.246094 -0.348633 -0.788776 0.052706 -0.017693
    22 0.013458 -1.204102 0.000000 -0.931992 0.000000 0.000000
    23 -0.013008 -0.789551 0.000000 -1.061140 0.000000 0.000000
    24 -0.011721 0.093267 0.017949 -1.687855 -0.079155 -1.575164
    25 0.048863 -0.085541 0.028626 -1.715605 -0.034569 -1.653190
    26 0.173918 -0.198416 -0.336163 -1.668104 -0.422317 -1.710956
    27 0.442881 -0.490226 0.396323 0.793246 -0.498027 -1.176922
    28 2.352359 0.010252 0.005009 -0.293614 -0.085283 -0.676088
    29 1.249212 0.004522 -0.006774 -0.000016 0.000022 -0.456028
    30 -0.267709 0.037512 -0.093907 2.913812 -0.143386 0.078467
    31 -0.029266 0.205408 -0.329287 2.788574 -0.255486 -0.188917
    32 0.204373 0.521055 -0.268577 2.886669 0.042206 -0.230367
    33 0.195697 -0.010059 -0.293538 -1.333586 0.150863 -1.672749
    34 1.257181 8.762590 -0.153713 -1.570562 0.002683 -1.566808
    35 -0.093500 -0.114213 -0.738866 -1.570842 0.061811 0.002096
    36 0.010843 0.093624 -0.081439 -3.141462 0.041719 -1.568236
    37 10.756911 -10.004842 -13.657950 -0.774151 0.465132 1.557638
    38 0.108654 -10.673144 -0.005453 -0.058840 -0.701219 0.513909
    39 0.549521 -3.646670 -0.344972 -1.291922 -0.046218 -0.024582
    40 0.025684 -1.507546 0.001039 -0.534137 0.000001 -0.000004
    41 0.012045 -0.928479 -0.000677 -0.820861 -0.000002 -0.000001
    42 0.006928 0.005329 -0.181358 -1.528500 -0.248579 -1.611362
    43 -0.052313 0.038589 -0.230757 -1.592493 -0.043415 -1.528515
    44 -0.232600 -0.209656 -0.420669 -1.713790 -0.167173 -1.438930
    45 -0.214374 -3.741524 -0.346082 -1.219987 -0.000005 -0.000020
    46 0.015894 -1.582373 0.006170 -0.877212 0.000020 -0.000009
    47 0.004384 -1.176453 0.000249 -0.846401 0.000021 0.000018
    48 -0.038065 0.069166 -0.159883 -1.816986 0.066178 -1.575392
    49 -0.025151 0.088762 -0.068837 -1.817843 0.044510 -1.568287
    50 -0.102916 -0.186983 -0.272246 -1.833683 -0.232962 -1.472375
    51 -1.034178 -3.582044 -0.343160 -1.219699 0.000019 -0.000003
    52 0.001133 -1.610108 0.002370 -0.907933 0.000003 -0.000002
    53 0.005787 -0.946060 0.004418 -0.797524 0.000001 0.000001
    54 -0.004241 0.043707 -0.080203 -2.014997 -0.186996 -1.460723
    55 0.015383 -0.089136 -0.030010 -2.006083 0.036346 -1.568629
    56 -0.022610 -0.212357 -0.177905 -1.933161 -0.118801 -1.518895
    57 1.305107 -3.227548 -0.342207 -1.120661 -0.066932 -0.041063
    58 0.000595 -1.242324 0.006085 -0.277666 0.000004 0.000009
    59 0.003175 -0.774607 -0.000316 -0.842017 -0.000006 -0.000004
    60 -0.067138 0.063251 -0.010961 -0.899214 -0.014515 -1.600326
    61 -0.151180 -0.007395 -0.070065 -0.913061 -0.118819 -1.408558
    62 -0.178164 -0.244680 -0.357067 -1.159916 -0.384260 -1.556110
    63 -0.391451 -0.463665 0.383766 -0.833853 -0.586426 -2.368643
    64 2.468175 0.027425 0.001225 0.000015 0.000004 0.785761
    65 1.227325 0.009356 -0.005766 -0.000003 -0.000006 0.759507
    66 -0.263409 -0.117640 -0.015659 0.000036 -0.082210 -0.026800
    67 0.007707 -0.334360 -0.191575 0.070788 -0.181563 0.282364
    68 0.225562 -0.567923 -0.420715 0.119895 -0.183798 0.223460
    69 -0.203683 -0.095654 -0.328305 -1.745077 0.075142 -1.515382
    70 -1.393460 8.839182 -0.239439 1.580804 -0.005024 -1.566848
    71 0.036020 0.082815 -0.692656 -1.570769 0.065989 0.001276
    72 -0.088586 0.054020 -0.088594 0.010231 0.033800 -1.560851
    73 0.120153 -0.050270 -0.054489 -2.854024 0.030688 -1.580508
    74 -0.139399 -0.111694 0.014400 0.285395 -0.031353 1.580313
    75 -0.003479 -0.404833 0.000000 0.000000 0.000000 0.000000
    76 -0.313965 -4.589844 0.951660 -1.186316 1.434478 -1.173672
    77 0.000000 3.367188 0.862793 0.000000 0.000000 0.000000
    78 0.001152 -1.103516 1.960938 0.000000 0.000000 0.000000
    79 0.001152 -2.781250 2.525391 0.000000 0.000000 0.000000
    80 -0.009797 -9.214533 2.608241 0.006027 -0.312115 0.007094
    81 -0.003574 -2.246094 1.304688 0.000000 0.000000 0.000000
    82 0.001150 -4.261719 1.683594 0.000000 0.000000 0.000000
  time 58
    0 1.629157 0.000000 0.541027 0.000000 0.000000 -1.570796
    1 1.512990 8.930146 -6.720392 2.146535 -1.410434 -1.211591
    2 -0.005512 -10.701926 -0.002571 0.114208 0.210525 0.127931
    3 -0.653320 -3.628906 -0.348633 -1.003534 -0.000001 -0.122159
    4 -0.013245 -1.509766 -0.000001 -1.090796 0.000000 0.000000
    5 0.000000 -0.953125 -0.000002 -1.223438 0.000000 0.000000
    6 0.007988 0.172184 -0.118553 -1.598091 -0.216549 -1.570593
    7 0.080660 0.135929 -0.203919 -1.506824 -0.066185 -1.662786
    8 0.117288 -0.155554 -0.604544 -1.412988 -0.374558 -1.569222
    9 0.128052 -3.763672 -0.348633 -0.890091 0.000000 -0.148347
    10 -0.006790 -1.563353 0.006726 -1.212969 0.000000 0.000009
    11 0.000000 -1.164063 0.000001 -1.279286 0.000000 0.000000
    12 -0.018589 0.129953 -0.123721 -1.294580 0.001302 -1.635383
    13 -0.006160 0.170065 -0.110169 -1.280084 -0.068681 -1.597215
    14 0.047100 -0.104074 -0.352264 -1.243368 -0.257298 -1.694346
    15 0.949953 -3.617903 -0.344216 -0.001280 -0.012757 0.137938
    16 -0.021700 -1.596358 -0.007350 0.066308 -0.017941 -0.009588
    17 -0.006735 -0.941812 0.007065 -0.004846 -0.021368 -0.043805
    18 -0.022325 0.045424 -0.038284 -1.125544 -0.129230 -1.681412
    19 -0.042900 -0.061274 -0.071212 -1.124462 -0.060454 -1.586099
    20 0.063741 -0.109104 -0.248158 -1.142813 -0.125805 -1.693583
    21 -1.408203 -3.246094 -0.348633 -0.788776 0.052706 -0.017693
    22 0.013458 -1.204102 0.000000 -0.931992 0.000000 0.000000
    23 -0.013008 -0.789551 0.000000 -1.061140 0.000000 0.000000
    24 -0.011721 0.093267 0.017949 -1.687855 -0.079155 -1.575164
    25 0.048863 -0.085541 0.028626 -1.715605 -0.034569 -1.653190
    26 0.173918 -0.198416 -0.336163 -1.668104 -0.422317 -1.710956
    27 0.442881 -0.490226 0.396323 0.794342 -0.498274 -1.176697
    28 2.352359 0.010252 0.001103 -0.293530 -0.085595 -0.677073
    29 1.245306 0.004522 -0.002867 -0.000016 0.000022 -0.454627
    30 -0.267709 0.037512 -0.093907 2.913812 -0.143386 0.078467
    31 -0.029266 0.205408 -0.329287 2.788574 -0.255486 -0.188917
    32 0.204373 0.521055 -0.268577 2.886669 0.042206 -0.230367
    33 0.195697 -0.010059 -0.293538 -1.333586 0.150863 -1.672749
    34 1.257181 8.762590 -0.153713 -1.570562 0.002683 -1.566808
    35 -0.093500 -0.114213 -0.738866 -1.570842 0.061811 0.002096
    36 0.010843 0.093624 -0.081439 -3.141462 0.041719 -1.568236
    37 10.995200 -9.899370 -13.880613 -0.798472 0.463356 1.555631
    38 0.108654 -10.673144 -0.005453 -0.126170 -0.692260 0.531150
    39 0.549521 -3.650577 -0.341066 -1.322272 -0.046218 -0.024582
    40 0.025684 -1.507546 0.001039 -0.532159 0.000001 -0.000004
    41 0.012045 -0.928479 -0.004583 -0.856945 -0.000002 -0.000001
    42 0.006928 0.005329 -0.181358 -1.528500 -0.248579 -1.611362
    43 -0.052313 0.038589 -0.230757 -1.592493 -0.043415 -1.528515
    44 -0.232600 -0.209656 -0.420669 -1.713790 -0.167173 -1.438930
    45 -0.218280 -3.737618 -0.346082 -1.265266 -0.000005 -0.000020
    46 0.015894 -1.582373 0.002264 -0.940652 0.000020 -0.000009
    47 0.004384 -1.176453 0.000249 -0.898782 0.000021 0.000018
    48 -0.038065 0.069166 -0.159883 -1.816986 0.066178 -1.575392
    49 -0.025151 0.088762 -0.068837 -1.817843 0.044510 -1.568287
    50 -0.102916 -0.186983 -0.272246 -1.833683 -0.232962 -1.472375
    51 -1.030272 -3.578138 -0.343160 -1.267011 0.000019 -0.000003
    52 0.001133 -1.610108 0.006276 -0.984327 0.000003 -0.000002
    53 0.005787 -0.946060 0.004418 -0.879593 0.000001 0.000001
    54 -0.004241 0.043707 -0.080203 -2.014997 -0.186996 -1.460723
    55 0.015383 -0.089136 -0.030010 -2.006083 0.036346 -1.568629
    56 -0.022610 -0.212357 -0.177905 -1.933161 -0.118801 -1.518895
    57 1.305107 -3.227548 -0.342207 -1.197575 -0.066932 -0.041063
    58 0.000595 -1.242324 0.006085 -0.291459 0.000004 0.000009
    59 0.003175 -0.774607 -0.000316 -0.858605 -0.000006 -0.000004
    60 -0.067138 0.063251 -0.010961 -0.899214 -0.014515 -1.600326
    61 -0.151180 -0.007395 -0.070065 -0.913061 -0.118819 -1.408558
    62 -0.178164 -0.244680 -0.357067 -1.159916 -0.384260 -1.556110
    63 -0.391451 -0.463665 0.383766 -0.857549 -0.544244 -2.324450
    64 2.472082 0.027425 0.001225 0.000015 0.000004 0.952892
    65 1.223419 0.009356 -0.005766 -0.000003 -0.000006 0.886560
    66 -0.263409 -0.117640 -0.015659 0.000036 -0.082210 -0.026800
    67 0.007707 -0.334360 -0.191575 0.070788 -0.181563 0.282364
    68 0.225562 -0.567923 -0.420715 0.119895 -0.183798 0.223460
    69 -0.203683 -0.095654 -0.328305 -1.745077 0.075142 -1.515382
    70 -1.393460 8.839182 -0.239439 1.580804 -0.005024 -1.566848
    71 0.036020 0.082815 -0.692656 -1.570769 0.065989 0.001276
    72 -0.088586 0.054020 -0.088594 0.010231 0.033800 -1.560851
    73 0.120153 -0.050270 -0.054489 -2.854024 0.030688 -1.580508
    74 -0.139399 -0.111694 0.014400 0.285395 -0.031353 1.580313
    75 -0.003479 -0.404833 0.000000 0.000000 0.000000 0.000000
    76 -0.313965 -4.589844 0.951660 -1.186316 1.434478 -1.173672
    77 0.000000 3.367188 0.862793 0.000000 0.000000 0.000000
    78 0.001152 -1.103516 1.960938 0.000000 0.000000 0.000000
    79 0.001152 -2.781250 2.525391 0.000000 0.000000 0.000000
    80 -0.001984 -9.214533 2.584803 0.006601 -0.192566 0.007094
    81 -0.003574 -2.246094 1.304688 0.000000 0.000000 0.000000
    82 0.001150 -4.261719 1.683594 0.000000 0.000000 0.000000
  time 59
    0 1.629157 0.000000 0.541027 0.000000 0.000000 -1.570796
    1 1.540335 8.898895 -6.704767 2.093299 -1.411849 -1.157427
    2 -0.005512 -10.701926 -0.006478 0.124867 0.139737 0.131315
    3 -0.653320 -3.628906 -0.348633 -1.003534 -0.000001 -0.122159
    4 -0.013245 -1.509766 -0.000001 -1.090796 0.000000 0.000000
    5 0.000000 -0.953125 -0.000002 -1.223438 0.000000 0.000000
    6 0.007988 0.172184 -0.118553 -1.598091 -0.216549 -1.570593
    7 0.080660 0.135929 -0.203919 -1.506824 -0.066185 -1.662786
    8 0.117288 -0.155554 -0.604544 -1.412988 -0.374558 -1.569222
    9 0.128052 -3.763672 -0.348633 -0.890091 0.000000 -0.148347
    10 -0.006790 -1.567259 0.006726 -1.212969 0.000000 -0.000003
    11 0.000000 -1.164063 0.000001 -1.279286 0.000000 0.000000
    12 -0.018589 0.129953 -0.123721 -1.294580 0.001302 -1.635383
    13 -0.006160 0.170065 -0.110169 -1.280084 -0.068681 -1.597215
    14 0.047100 -0.104074 -0.352264 -1.243368 -0.257298 -1.694346
    15 0.949953 -3.617903 -0.348122 -0.001053 -0.012769 0.137938
    16 -0.021700 -1.596358 -0.003443 0.067384 -0.018001 -0.009720
    17 -0.006735 -0.937906 0.007065 -0.003266 -0.021572 -0.043649
    18 -0.022325 0.045424 -0.038284 -1.125544 -0.129230 -1.681412
    19 -0.042900 -0.061274 -0.071212 -1.124462 -0.060454 -1.586099
    20 0.063741 -0.109104 -0.248158 -1.142813 -0.125805 -1.693583
    21 -1.408203 -3.246094 -0.348633 -0.788776 0.052706 -0.017693
    22 0.013458 -1.204102 0.000000 -0.931992 0.000000 0.000000
    23 -0.013008 -0.789551 0.000000 -1.061140 0.000000 0.000000
    24 -0.011721 0.093267 0.017949 -1.687855 -0.079155 -1.575164
    25 0.048863 -0.085541 0.028626 -1.715605 -0.034569 -1.653190
    26 0.173918 -0.198416 -0.336163 -1.668104 -0.422317 -1.710956
    27 0.438974 -0.486320 0.396323 0.795372 -0.498521 -1.176472
    28 2.352359 0.010252 0.005009 -0.293459 -0.085870 -0.678008
    29 1.245306 0.004522 -0.002867 -0.000016 0.000022 -0.453186
    30 -0.267709 0.037512 -0.093907 2.913812 -0.143386 0.078467
    31 -0.029266 0.205408 -0.329287 2.788574 -0.255486 -0.188917
    32 0.204373 0.521055 -0.268577 2.886669 0.042206 -0.230367
    33 0.195697 -0.010059 -0.293538 -1.333586 0.150863 -1.672749
    34 1.257181 8.762590 -0.153713 -1.570562 0.002683 -1.566808
    35 -0.093500 -0.114213 -0.738866 -1.570842 0.061811 0.002096
    36 0.010843 0.093624 -0.081439 -3.141462 0.041719 -1.568236
    37 10.924885 -10.149378 -13.728265 -0.810203 0.463310 1.555440
    38 0.108654 -10.673144 -0.005453 -0.048995 -0.661712 0.575487
    39 0.549521 -3.646670 -0.341066 -1.335700 -0.046206 -0.024582
    40 0.021778 -1.507546 0.001039 -0.532536 0.000001 -0.000004
    41 0.008139 -0.928479 -0.004583 -0.872924 -0.000002 -0.000001
    42 0.006928 0.005329 -0.181358 -1.528500 -0.248579 -1.611362
    43 -0.052313 0.038589 -0.230757 -1.592493 -0.043415 -1.528515
    44 -0.232600 -0.209656 -0.420669 -1.713790 -0.167173 -1.438930
    45 -0.214374 -3.737618 -0.346082 -1.283716 -0.000005 -0.000020
    46 0.019801 -1.578467 0.002264 -0.964560 0.000020 -0.000009
    47 0.000478 -1.172547 0.000249 -0.922485 0.000021 0.000018
    48 -0.038065 0.069166 -0.159883 -1.816986 0.066178 -1.575392
    49 -0.025151 0.088762 -0.068837 -1.817843 0.044510 -1.568287
    50 -0.102916 -0.186983 -0.272246 -1.833683 -0.232962 -1.472375
    51 -1.034178 -3.578138 -0.343160 -1.284878 0.000019 -0.000003
    52 0.001133 -1.610108 0.002370 -1.015357 0.000003 -0.000002
    53 0.005787 -0.946060 0.004418 -0.911914 0.000001 0.000001
    54 -0.004241 0.043707 -0.080203 -2.014997 -0.186996 -1.460723
    55 0.015383 -0.089136 -0.030010 -2.006083 0.036346 -1.568629
    56 -0.022610 -0.212357 -0.177905 -1.933161 -0.118801 -1.518895
    57 1.309013 -3.227548 -0.342207 -1.225709 -0.066932 -0.041063
    58 0.000595 -1.242324 0.002179 -0.299397 0.000004 0.000009
    59 0.003175 -0.774607 -0.004222 -0.866721 -0.000006 -0.000004
    60 -0.067138 0.063251 -0.010961 -0.899214 -0.014515 -1.600326
    61 -0.151180 -0.007395 -0.070065 -0.913061 -0.118819 -1.408558
    62 -0.178164 -0.244680 -0.357067 -1.159916 -0.384260 -1.556110
    63 -0.387544 -0.463665 0.383766 -0.865551 -0.528531 -2.308755
    64 2.472082 0.027425 0.001225 0.000015 0.000004 1.015164
    65 1.223419 0.009356 -0.005766 -0.000003 -0.000006 0.935268
    66 -0.263409 -0.117640 -0.015659 0.000036 -0.082210 -0.026800
    67 0.007707 -0.334360 -0.191575 0.070788 -0.181563 0.282364
    68 0.225562 -0.567923 -0.420715 0.119895 -0.183798 0.223460
    69 -0.203683 -0.095654 -0.328305 -1.745077 0.075142 -1.515382
    70 -1.393460 8.839182 -0.239439 1.580804 -0.005024 -1.566848
    71 0.036020 0.082815 -0.692656 -1.570769 0.065989 0.001276
    72 -0.088586 0.054020 -0.088594 0.010231 0.033800 -1.560851
    73 0.120153 -0.050270 -0.054489 -2.854024 0.030688 -1.580508
    74 -0.139399 -0.111694 0.014400 0.285395 -0.031353 1.580313
    75 -0.003479 -0.404833 0.000000 0.000000 0.000000 0.000000
    76 -0.313965 -4.589844 0.951660 -1.186316 1.434478 -1.173672
    77 0.000000 3.367188 0.862793 0.000000 0.000000 0.000000
    78 0.001152 -1.103516 1.960938 0.000000 0.000000 0.000000
    79 0.001152 -2.781250 2.525391 0.000000 0.000000 0.000000
    80 0.021454 -9.214533 2.537926 0.006506 0.150951 0.009395
    81 -0.003574 -2.246094 1.304688 0.000000 0.000000 0.000000
    82 0.001150 -4.261719 1.683594 0.000000 0.000000 0.000000
  time 60
    0 1.629157 0.000000 0.541027 0.000000 0.000000 -1.570796
    1 1.536429 8.902802 -6.708673 2.071594 -1.412698 -1.135564
    2 -0.001605 -10.698019 -0.002571 0.143884 -0.008809 0.132995
    3 -0.653320 -3.628906 -0.348633 -1.003534 -0.000001 -0.122159
    4 -0.013245 -1.509766 -0.000001 -1.090796 0.000000 0.000000
    5 0.000000 -0.953125 -0.000002 -1.223438 0.000000 0.000000
    6 0.007988 0.172184 -0.118553 -1.598091 -0.216549 -1.570593
    7 0.080660 0.135929 -0.203919 -1.506824 -0.066185 -1.662786
    8 0.117288 -0.155554 -0.604544 -1.412988 -0.374558 -1.569222
    9 0.128052 -3.763672 -0.348633 -0.890091 0.000000 -0.148347
    10 -0.006790 -1.567259 0.006726 -1.212969 0.000000 0.000009
    11 0.000000 -1.164063 0.000001 -1.279286 0.000000 0.000000
    12 -0.018589 0.129953 -0.123721 -1.294580 0.001302 -1.635383
    13 -0.006160 0.170065 -0.110169 -1.280084 -0.068681 -1.597215
    14 0.047100 -0.104074 -0.352264 -1.243368 -0.257298 -1.694346
    15 0.949953 -3.617903 -0.348122 -0.000897 -0.012769 0.137950
    16 -0.021700 -1.596358 -0.003443 0.068359 -0.018061 -0.009839
    17 -0.002829 -0.941812 0.007065 -0.001995 -0.021812 -0.043397
    18 -0.022325 0.045424 -0.038284 -1.125544 -0.129230 -1.681412
    19 -0.042900 -0.061274 -0.071212 -1.124462 -0.060454 -1.586099
    20 0.063741 -0.109104 -0.248158 -1.142813 -0.125805 -1.693583
    21 -1.408203 -3.246094 -0.348633 -0.788776 0.052706 -0.017693
    22 0.013458 -1.204102 0.000000 -0.931992 0.000000 0.000000
    23 -0.013008 -0.789551 0.000000 -1.061140 0.000000 0.000000
    24 -0.011721 0.093267 0.017949 -1.687855 -0.079155 -1.575164
    25 0.048863 -0.085541 0.028626 -1.715605 -0.034569 -1.653190
    26 0.173918 -0.198416 -0.336163 -1.668104 -0.422317 -1.710956
    27 0.438974 -0.490226 0.392416 0.796402 -0.498768 -1.176219
    28 2.352359 0.010252 0.005009 -0.293375 -0.086158 -0.678968
    29 1.245306 0.004522 -0.002867 -0.000016 0.000022 -0.451683
    30 -0.267709 0.037512 -0.093907 2.913812 -0.143386 0.078467
    31 -0.029266 0.205408 -0.329287 2.788574 -0.255486 -0.188917
    32 0.204373 0.521055 -0.268577 2.886669 0.042206 -0.230367
    33 0.195697 -0.010059 -0.293538 -1.333586 0.150863 -1.672749
    34 1.257181 8.762590 -0.153713 -1.570562 0.002683 -1.566808
    35 -0.093500 -0.114213 -0.738866 -1.570842 0.061811 0.002096
    36 0.010843 0.093624 -0.081439 -3.141462 0.041719 -1.568236
    37 10.639720 -10.657206 -13.294658 -0.817070 0.464198 1.556014
    38 0.104748 -10.673144 -0.005453 0.102933 -0.626041 0.640548
    39 0.549521 -3.650577 -0.341066 -1.344436 -0.046218 -0.024582
    40 0.021778 -1.503640 0.001039 -0.534043 0.000001 -0.000004
    41 0.008139 -0.928479 -0.000677 -0.883082 -0.000002 -0.000001
    42 0.006928 0.005329 -0.181358 -1.528500 -0.248579 -1.611362
    43 -0.052313 0.038589 -0.230757 -1.592493 -0.043415 -1.528515
    44 -0.232600 -0.209656 -0.420669 -1.713790 -0.167173 -1.438930
    45 -0.218280 -3.737618 -0.346082 -1.294126 -0.000005 -0.000020
    46 0.019801 -1.578467 0.002264 -0.975427 0.000020 -0.000009
    47 0.004384 -1.172547 0.000249 -0.938382 0.000021 0.000018
    48 -0.038065 0.069166 -0.159883 -1.816986 0.066178 -1.575392
    49 -0.025151 0.088762 -0.068837 -1.817843 0.044510 -1.568287
    50 -0.102916 -0.186983 -0.272246 -1.833683 -0.232962 -1.472375
    51 -1.034178 -3.578138 -0.343160 -1.292290 0.000019 -0.000003
    52 0.001133 -1.610108 0.002370 -1.032421 0.000003 -0.000002
    53 0.005787 -0.946060 0.004418 -0.928613 0.000001 0.000001
    54 -0.004241 0.043707 -0.080203 -2.014997 -0.186996 -1.460723
    55 0.015383 -0.089136 -0.030010 -2.006083 0.036346 -1.568629
    56 -0.022610 -0.212357 -0.177905 -1.933161 -0.118801 -1.518895
    57 1.305107 -3.227548 -0.342207 -1.237742 -0.066932 -0.041063
    58 0.000595 -1.242324 0.006085 -0.306490 0.000004 0.000009
    59 0.003175 -0.774607 -0.004222 -0.872808 -0.000006 -0.000004
    60 -0.067138 0.063251 -0.010961 -0.899214 -0.014515 -1.600326
    61 -0.151180 -0.007395 -0.070065 -0.913061 -0.118819 -1.408558
    62 -0.178164 -0.244680 -0.357067 -1.159916 -0.384260 -1.556110
    63 -0.391451 -0.463665 0.379860 -0.868930 -0.521648 -2.301991
    64 2.468175 0.027425 0.001225 0.000015 0.000004 1.043555
    65 1.227325 0.009356 -0.001860 -0.000003 -0.000006 0.958899
    66 -0.263409 -0.117640 -0.015659 0.000036 -0.082210 -0.026800
    67 0.007707 -0.334360 -0.191575 0.070788 -0.181563 0.282364
    68 0.225562 -0.567923 -0.420715 0.119895 -0.183798 0.223460
    69 -0.203683 -0.095654 -0.328305 -1.745077 0.075142 -1.515382
    70 -1.393460 8.839182 -0.239439 1.580804 -0.005024 -1.566848
    71 0.036020 0.082815 -0.692656 -1.570769 0.065989 0.001276
    72 -0.088586 0.054020 -0.088594 0.010231 0.033800 -1.560851
    73 0.120153 -0.050270 -0.054489 -2.854024 0.030688 -1.580508
    74 -0.139399 -0.111694 0.014400 0.285395 -0.031353 1.580313
    75 -0.003479 -0.404833 0.000000 0.000000 0.000000 0.000000
    76 -0.313965 -4.589844 0.951660 -1.186316 1.434478 -1.173672
    77 0.000000 3.367188 0.862793 0.000000 0.000000 0.000000
    78 0.001152 -1.103516 1.960938 0.000000 0.000000 0.000000
    79 0.001152 -2.781250 2.525391 0.000000 0.000000 0.000000
    80 0.068331 -9.218439 2.475425 0.008323 0.678730 0.013710
    81 -0.003574 -2.246094 1.304688 0.000000 0.000000 0.000000
    82 0.001150 -4.261719 1.683594 0.000000 0.000000 0.000000
  time 61
    0 1.629157 0.000000 0.541027 0.000000 0.000000 -1.570796
    1 1.489552 8.937959 -6.736017 2.126974 -1.412415 -1.191347
    2 -0.001605 -10.701926 -0.002571 0.162171 -0.155739 0.131982
    3 -0.653320 -3.628906 -0.348633 -1.003534 -0.000001 -0.122159
    4 -0.013245 -1.509766 -0.000001 -1.090796 0.000000 0.000000
    5 0.000000 -0.953125 -0.000002 -1.223438 0.000000 0.000000
    6 0.007988 0.172184 -0.118553 -1.598091 -0.216549 -1.570593
    7 0.080660 0.135929 -0.203919 -1.506824 -0.066185 -1.662786
    8 0.117288 -0.155554 -0.604544 -1.412988 -0.374558 -1.569222
    9 0.128052 -3.763672 -0.348633 -0.890091 0.000000 -0.148347
    10 -0.006790 -1.567259 0.002820 -1.212969 0.000000 0.000009
    11 0.000000 -1.164063 0.000001 -1.279286 0.000000 0.000000
    12 -0.018589 0.129953 -0.123721 -1.294580 0.001302 -1.635383
    13 -0.006160 0.170065 -0.110169 -1.280084 -0.068681 -1.597215
    14 0.047100 -0.104074 -0.352264 -1.243368 -0.257298 -1.694346
    15 0.949953 -3.617903 -0.344216 -0.000825 -0.012781 0.137950
    16 -0.017794 -1.596358 -0.003443 0.069205 -0.018097 -0.009935
    17 -0.006735 -0.941812 0.007065 -0.001033 -0.022028 -0.043098
    18 -0.022325 0.045424 -0.038284 -1.125544 -0.129230 -1.681412
    19 -0.042900 -0.061274 -0.071212 -1.124462 -0.060454 -1.586099
    20 0.063741 -0.109104 -0.248158 -1.142813 -0.125805 -1.693583
    21 -1.408203 -3.246094 -0.348633 -0.788776 0.052706 -0.017693
    22 0.013458 -1.204102 0.000000 -0.931992 0.000000 0.000000
    23 -0.013008 -0.789551 0.000000 -1.061140 0.000000 0.000000
    24 -0.011721 0.093267 0.017949 -1.687855 -0.079155 -1.575164
    25 0.048863 -0.085541 0.028626 -1.715605 -0.034569 -1.653190
    26 0.173918 -0.198416 -0.336163 -1.668104 -0.422317 -1.710956
    27 0.438974 -0.490226 0.396323 0.797300 -0.499052 -1.175937
    28 2.352359 0.010252 0.005009 -0.293303 -0.086434 -0.679878
    29 1.245306 0.004522 -0.002867 -0.000016 0.000022 -0.450140
    30 -0.267709 0.037512 -0.093907 2.913812 -0.143386 0.078467
    31 -0.029266 0.205408 -0.329287 2.788574 -0.255486 -0.188917
    32 0.204373 0.521055 -0.268577 2.886669 0.042206 -0.230367
    33 0.195697 -0.010059 -0.293538 -1.333586 0.150863 -1.672749
    34 1.257181 8.762590 -0.153713 -1.570562 0.002683 -1.566808
    35 -0.093500 -0.114213 -0.738866 -1.570842 0.061811 0.002096
    36 0.010843 0.093624 -0.081439 -3.141462 0.041719 -1.568236
    37 10.327211 -11.184566 -12.841519 -0.823937 0.464899 1.556300
    38 0.104748 -10.673144 -0.005453 0.264922 -0.598976 0.707153
    39 0.553428 -3.646670 -0.344972 -1.344836 -0.046218 -0.024582
    40 0.021778 -1.503640 0.001039 -0.534420 0.000001 -0.000004
    41 0.008139 -0.928479 -0.004583 -0.883453 -0.000002 -0.000001
    42 0.006928 0.005329 -0.181358 -1.528500 -0.248579 -1.611362
    43 -0.052313 0.038589 -0.230757 -1.592493 -0.043415 -1.528515
    44 -0.232600 -0.209656 -0.420669 -1.713790 -0.167173 -1.438930
    45 -0.214374 -3.737618 -0.346082 -1.294126 -0.000005 -0.000020
    46 0.019801 -1.582373 0.002264 -0.974604 0.000020 -0.000009
    47 0.004384 -1.176453 0.000249 -0.939097 0.000021 0.000018
    48 -0.038065 0.069166 -0.159883 -1.816986 0.066178 -1.575392
    49 -0.025151 0.088762 -0.068837 -1.817843 0.044510 -1.568287
    50 -0.102916 -0.186983 -0.272246 -1.833683 -0.232962 -1.472375
    51 -1.030272 -3.582044 -0.347066 -1.291488 0.000019 -0.000003
    52 0.001133 -1.610108 0.002370 -1.032211 0.000003 -0.000002
    53 0.005787 -0.946060 0.004418 -0.928177 0.000001 0.000001
    54 -0.004241 0.043707 -0.080203 -2.014997 -0.186996 -1.460723
    55 0.015383 -0.089136 -0.030010 -2.006083 0.036346 -1.568629
    56 -0.022610 -0.212357 -0.177905 -1.933161 -0.118801 -1.518895
    57 1.309013 -3.227548 -0.342207 -1.236530 -0.066932 -0.041063
    58 0.000595 -1.242324 0.006085 -0.307279 0.000004 0.000009
    59 0.003175 -0.774607 -0.000316 -0.873264 -0.000006 -0.000004
    60 -0.067138 0.063251 -0.010961 -0.899214 -0.014515 -1.600326
    61 -0.151180 -0.007395 -0.070065 -0.913061 -0.118819 -1.408558
    62 -0.178164 -0.244680 -0.357067 -1.159916 -0.384260 -1.556110
    63 -0.387544 -0.463665 0.379860 -0.868641 -0.522250 -2.302585
    64 2.472082 0.027425 0.001225 0.000015 0.000004 1.041479
    65 1.227325 0.009356 -0.005766 -0.000003 -0.000006 0.957676
    66 -0.263409 -0.117640 -0.015659 0.000036 -0.082210 -0.026800
    67 0.007707 -0.334360 -0.191575 0.070788 -0.181563 0.282364
    68 0.225562 -0.567923 -0.420715 0.119895 -0.183798 0.223460
    69 -0.203683 -0.095654 -0.328305 -1.745077 0.075142 -1.515382
    70 -1.393460 8.839182 -0.239439 1.580804 -0.005024 -1.566848
    71 0.036020 0.082815 -0.692656 -1.570769 0.065989 0.001276
    72 -0.088586 0.054020 -0.088594 0.010231 0.033800 -1.560851
    73 0.120153 -0.050270 -0.054489 -2.854024 0.030688 -1.580508
    74 -0.139399 -0.111694 0.014400 0.285395 -0.031353 1.580313
    75 -0.003479 -0.404833 0.000000 0.000000 0.000000 0.000000
    76 -0.313965 -4.589844 0.951660 -1.186316 1.434478 -1.173672
    77 0.000000 3.367188 0.862793 0.000000 0.000000 0.000000
    78 0.001152 -1.103516 1.960938 0.000000 0.000000 0.000000
    79 0.001152 -2.781250 2.525391 0.000000 0.000000 0.000000
    80 0.115207 -9.218439 2.405110 0.021718 1.265592 0.029241
    81 -0.003574 -2.246094 1.304688 0.000000 0.000000 0.000000
    82 0.001150 -4.261719 1.683594 0.000000 0.000000 0.000000
  time 62
    0 1.629157 0.000000 0.541027 0.000000 0.000000 -1.570796
    1 1.411425 8.996554 -6.782894 2.248184 -1.409255 -1.313891
    2 -0.001605 -10.698019 -0.002571 0.170217 -0.221750 0.131982
    3 -0.653320 -3.628906 -0.348633 -1.003534 -0.000001 -0.122159
    4 -0.013245 -1.509766 -0.000001 -1.090796 0.000000 0.000000
    5 0.000000 -0.953125 -0.000002 -1.223438 0.000000 0.000000
    6 0.007988 0.172184 -0.118553 -1.598091 -0.216549 -1.570593
    7 0.080660 0.135929 -0.203919 -1.506824 -0.066185 -1.662786
    8 0.117288 -0.155554 -0.604544 -1.412988 -0.374558 -1.569222
    9 0.128052 -3.763672 -0.348633 -0.890091 0.000000 -0.148347
    10 -0.006790 -1.567259 0.006726 -1.212969 0.000000 0.000009
    11 0.000000 -1.164063 0.000001 -1.279286 0.000000 0.000000
    12 -0.018589 0.129953 -0.123721 -1.294580 0.001302 -1.635383
    13 -0.006160 0.170065 -0.110169 -1.280084 -0.068681 -1.597215
    14 0.047100 -0.104074 -0.352264 -1.243368 -0.257298 -1.694346
    15 0.949953 -3.613996 -0.344216 -0.000873 -0.012769 0.137950
    16 -0.017794 -1.596358 -0.003443 0.069846 -0.018133 -0.010019
    17 -0.002829 -0.941812 0.007065 -0.000449 -0.022207 -0.042690
    18 -0.022325 0.045424 -0.038284 -1.125544 -0.129230 -1.681412
    19 -0.042900 -0.061274 -0.071212 -1.124462 -0.060454 -1.586099
    20 0.063741 -0.109104 -0.248158 -1.142813 -0.125805 -1.693583
    21 -1.408203 -3.246094 -0.348633 -0.788776 0.052706 -0.017693
    22 0.013458 -1.204102 0.000000 -0.931992 0.000000 0.000000
    23 -0.013008 -0.789551 0.000000 -1.061140 0.000000 0.000000
    24 -0.011721 0.093267 0.017949 -1.687855 -0.079155 -1.575164
    25 0.048863 -0.085541 0.028626 -1.715605 -0.034569 -1.653190
    26 0.173918 -0.198416 -0.336163 -1.668104 -0.422317 -1.710956
    27 0.438974 -0.490226 0.396323 0.798177 -0.499299 -1.175712
    28 2.352359 0.010252 0.001103 -0.293219 -0.086697 -0.680762
    29 1.249212 0.004522 -0.006774 -0.000016 0.000022 -0.448577
    30 -0.267709 0.037512 -0.093907 2.913812 -0.143386 0.078467
    31 -0.029266 0.205408 -0.329287 2.788574 -0.255486 -0.188917
    32 0.204373 0.521055 -0.268577 2.886669 0.042206 -0.230367
    33 0.195697 -0.010059 -0.293538 -1.333586 0.150863 -1.672749
    34 1.257181 8.762590 -0.153713 -1.570562 0.002683 -1.566808
    35 -0.093500 -0.114213 -0.738866 -1.570842 0.061811 0.002096
    36 0.010843 0.093624 -0.081439 -3.141462 0.041719 -1.568236
    37 10.174862 -11.473637 -12.618856 -0.835478 0.463917 1.555345
    38 0.104748 -10.677050 -0.005453 0.373355 -0.583069 0.750704
    39 0.553428 -3.650577 -0.341066 -1.333205 -0.046218 -0.024582
    40 0.021778 -1.503640 0.001039 -0.531500 0.000001 -0.000004
    41 0.008139 -0.928479 -0.004583 -0.869908 -0.000002 -0.000001
    42 0.006928 0.005329 -0.181358 -1.528500 -0.248579 -1.611362
    43 -0.052313 0.038589 -0.230757 -1.592493 -0.043415 -1.528515
    44 -0.232600 -0.209656 -0.420669 -1.713790 -0.167173 -1.438930
    45 -0.214374 -3.741524 -0.346082 -1.281431 -0.000005 -0.000020
    46 0.015894 -1.578467 0.006170 -0.963444 0.000020 -0.000009
    47 0.000478 -1.172547 0.000249 -0.917510 0.000021 0.000018
    48 -0.038065 0.069166 -0.159883 -1.816986 0.066178 -1.575392
    49 -0.025151 0.088762 -0.068837 -1.817843 0.044510 -1.568287
    50 -0.102916 -0.186983 -0.272246 -1.833683 -0.232962 -1.472375
    51 -1.030272 -3.578138 -0.343160 -1.284678 0.000019 -0.000003
    52 0.001133 -1.610108 0.002370 -1.011681 0.000003 -0.000002
    53 0.005787 -0.946060 0.004418 -0.909005 0.000001 0.000001
    54 -0.004241 0.043707 -0.080203 -2.014997 -0.186996 -1.460723
    55 0.015383 -0.089136 -0.030010 -2.006083 0.036346 -1.568629
    56 -0.022610 -0.212357 -0.177905 -1.933161 -0.118801 -1.518895
    57 1.309013 -3.227548 -0.342207 -1.225190 -0.066932 -0.041063
    58 0.000595 -1.242324 0.006085 -0.296357 0.000004 0.000009
    59 0.007082 -0.774607 -0.000316 -0.864540 -0.000006 -0.000004
    60 -0.067138 0.063251 -0.010961 -0.899214 -0.014515 -1.600326
    61 -0.151180 -0.007395 -0.070065 -0.913061 -0.118819 -1.408558
    62 -0.178164 -0.244680 -0.357067 -1.159916 -0.384260 -1.556110
    63 -0.387544 -0.463665 0.379860 -0.865351 -0.528973 -2.309193
    64 2.472082 0.027425 0.001225 0.000015 0.000004 1.012552
    65 1.227325 0.009356 -0.005766 -0.000003 -0.000006 0.932098
    66 -0.263409 -0.117640 -0.015659 0.000036 -0.082210 -0.026800
    67 0.007707 -0.334360 -0.191575 0.070788 -0.181563 0.282364
    68 0.225562 -0.567923 -0.420715 0.119895 -0.183798 0.223460
    69 -0.203683 -0.095654 -0.328305 -1.745077 0.075142 -1.515382
    70 -1.393460 8.839182 -0.239439 1.580804 -0.005024 -1.566848
    71 0.036020 0.082815 -0.692656 -1.570769 0.065989 0.001276
    72 -0.088586 0.054020 -0.088594 0.010231 0.033800 -1.560851
    73 0.120153 -0.050270 -0.054489 -2.854024 0.030688 -1.580508
    74 -0.139399 -0.111694 0.014400 0.285395 -0.031353 1.580313
    75 -0.003479 -0.404833 0.000000 0.000000 0.000000 0.000000
    76 -0.313965 -4.589844 0.951660 -1.186316 1.434478 -1.173672
    77 0.000000 3.367188 0.862793 0.000000 0.000000 0.000000
    78 0.001152 -1.103516 1.960938 0.000000 0.000000 0.000000
    79 0.001152 -2.781250 2.525391 0.000000 0.000000 0.000000
    80 0.158177 -9.218439 2.350421 3.110685 1.354788 3.120115
    81 -0.003574 -2.246094 1.304688 0.000000 0.000000 0.000000
    82 0.001150 -4.261719 1.683594 0.000000 0.000000 0.000000
  time 63
    0 1.629157 0.000000 0.541027 0.000000 0.000000 -1.570796
    1 1.329391 9.062963 -6.825864 2.364929 -1.403548 -1.432027
    2 -0.001605 -10.698019 -0.006478 0.167082 -0.201623 0.135113
    3 -0.653320 -3.628906 -0.348633 -1.003534 -0.000001 -0.122159
    4 -0.013245 -1.509766 -0.000001 -1.090796 0.000000 0.000000
    5 0.000000 -0.953125 -0.000002 -1.223438 0.000000 0.000000
    6 0.007988 0.172184 -0.118553 -1.598091 -0.216549 -1.570593
    7 0.080660 0.135929 -0.203919 -1.506824 -0.066185 -1.662786
    8 0.117288 -0.155554 -0.604544 -1.412988 -0.374558 -1.569222
    9 0.128052 -3.763672 -0.348633 -0.890091 0.000000 -0.148347
    10 -0.006790 -1.567259 0.006726 -1.212969 0.000000 0.000009
    11 0.000000 -1.164063 0.000001 -1.279286 0.000000 0.000000
    12 -0.018589 0.129953 -0.123721 -1.294580 0.001302 -1.635383
    13 -0.006160 0.170065 -0.110169 -1.280084 -0.068681 -1.597215
    14 0.047100 -0.104074 -0.352264 -1.243368 -0.257298 -1.694346
    15 0.949953 -3.617903 -0.344216 -0.000993 -0.012769 0.137950
    16 -0.017794 -1.596358 -0.003443 0.070384 -0.018157 -0.010079
    17 -0.002829 -0.941812 0.007065 -0.000174 -0.022435 -0.042223
    18 -0.022325 0.045424 -0.038284 -1.125544 -0.129230 -1.681412
    19 -0.042900 -0.061274 -0.071212 -1.124462 -0.060454 -1.586099
    20 0.063741 -0.109104 -0.248158 -1.142813 -0.125805 -1.693583
    21 -1.408203 -3.246094 -0.348633 -0.788776 0.052706 -0.017693
    22 0.013458 -1.204102 0.000000 -0.931992 0.000000 0.000000
    23 -0.013008 -0.789551 0.000000 -1.061140 0.000000 0.000000
    24 -0.011721 0.093267 0.017949 -1.687855 -0.079155 -1.575164
    25 0.048863 -0.085541 0.028626 -1.715605 -0.034569 -1.653190
    26 0.173918 -0.198416 -0.336163 -1.668104 -0.422317 -1.710956
    27 0.438974 -0.486320 0.396323 0.798988 -0.499571 -1.175431
    28 2.352359 0.010252 0.005009 -0.293147 -0.086961 -0.681596
    29 1.249212 0.004522 -0.002867 -0.000016 0.000022 -0.446973
    30 -0.267709 0.037512 -0.093907 2.913812 -0.143386 0.078467
    31 -0.029266 0.205408 -0.329287 2.788574 -0.255486 -0.188917
    32 0.204373 0.521055 -0.268577 2.886669 0.042206 -0.230367
    33 0.195697 -0.010059 -0.293538 -1.333586 0.150863 -1.672749
    34 1.257181 8.762590 -0.153713 -1.570562 0.002683 -1.566808
    35 -0.093500 -0.114213 -0.738866 -1.570842 0.061811 0.002096
    36 0.010843 0.093624 -0.081439 -3.141462 0.041719 -1.568236
    37 10.252990 -11.469730 -12.724328 -0.861992 0.459197 1.550757
    38 0.104748 -10.673144 -0.005453 0.401895 -0.573447 0.744807
    39 0.549521 -3.650577 -0.341066 -1.297612 -0.046218 -0.024582
    40 0.025684 -1.503640 0.001039 -0.522082 0.000001 -0.000004
    41 0.008139 -0.928479 -0.004583 -0.828480 -0.000002 -0.000001
    42 0.006928 0.005329 -0.181358 -1.528500 -0.248579 -1.611362
    43 -0.052313 0.038589 -0.230757 -1.592493 -0.043415 -1.528515
    44 -0.232600 -0.209656 -0.420669 -1.713790 -0.167173 -1.438930
    45 -0.218280 -3.737618 -0.346082 -1.243642 -0.000005 -0.000020
    46 0.019801 -1.578467 0.006170 -0.931606 0.000020 -0.000009
    47 0.004384 -1.176453 0.000249 -0.851233 0.000021 0.000018
    48 -0.038065 0.069166 -0.159883 -1.816986 0.066178 -1.575392
    49 -0.025151 0.088762 -0.068837 -1.817843 0.044510 -1.568287
    50 -0.102916 -0.186983 -0.272246 -1.833683 -0.232962 -1.472375
    51 -1.034178 -3.582044 -0.343160 -1.265849 0.000019 -0.000003
    52 0.001133 -1.610108 0.002370 -0.950199 0.000003 -0.000002
    53 0.005787 -0.946060 0.004418 -0.852275 0.000001 0.000001
    54 -0.004241 0.043707 -0.080203 -2.014997 -0.186996 -1.460723
    55 0.015383 -0.089136 -0.030010 -2.006083 0.036346 -1.568629
    56 -0.022610 -0.212357 -0.177905 -1.933161 -0.118801 -1.518895
    57 1.309013 -3.227548 -0.342207 -1.193377 -0.066932 -0.041063
    58 0.000595 -1.242324 0.002179 -0.262015 0.000004 0.000009
    59 0.003175 -0.774607 -0.000316 -0.837300 -0.000006 -0.000004
    60 -0.067138 0.063251 -0.010961 -0.899214 -0.014515 -1.600326
    61 -0.151180 -0.007395 -0.070065 -0.913061 -0.118819 -1.408558
    62 -0.178164 -0.244680 -0.357067 -1.159916 -0.384260 -1.556110
    63 -0.387544 -0.463665 0.383766 -0.855704 -0.547716 -2.327934
    64 2.468175 0.027425 0.001225 0.000015 0.000004 0.930025
    65 1.223419 0.009356 -0.005766 -0.000003 -0.000006 0.857730
    66 -0.263409 -0.117640 -0.015659 0.000036 -0.082210 -0.026800
    67 0.007707 -0.334360 -0.191575 0.070788 -0.181563 0.282364
    68 0.225562 -0.567923 -0.420715 0.119895 -0.183798 0.223460
    69 -0.203683 -0.095654 -0.328305 -1.745077 0.075142 -1.515382
    70 -1.393460 8.839182 -0.239439 1.580804 -0.005024 -1.566848
    71 0.036020 0.082815 -0.692656 -1.570769 0.065989 0.001276
    72 -0.088586 0.054020 -0.088594 0.010231 0.033800 -1.560851
    73 0.120153 -0.050270 -0.054489 -2.854024 0.030688 -1.580508
    74 -0.139399 -0.111694 0.014400 0.285395 -0.031353 1.580313
    75 -0.003479 -0.404833 0.000000 0.000000 0.000000 0.000000
    76 -0.313965 -4.589844 0.951660 -1.186316 1.434478 -1.173672
    77 0.000000 3.367188 0.862793 0.000000 0.000000 0.000000
    78 0.001152 -1.103516 1.960938 0.000000 0.000000 0.000000
    79 0.001152 -2.781250 2.525391 0.000000 0.000000 0.000000
    80 0.193335 -9.218439 2.299638 3.128767 1.025159 3.139193
    81 -0.003574 -2.246094 1.304688 0.000000 0.000000 0.000000
    82 0.001150 -4.261719 1.683594 0.000000 0.000000 0.000000
  time 64
    0 1.629157 0.000000 0.541027 0.000000 0.000000 -1.570796
    1 1.278608 9.109839 -6.853209 2.419237 -1.400199 -1.487090
    2 -0.001605 -10.701926 -0.002571 0.159837 -0.150292 0.139027
    3 -0.653320 -3.628906 -0.348633 -1.003534 -0.000001 -0.122159
    4 -0.013245 -1.509766 -0.000001 -1.090796 0.000000 0.000000
    5 0.000000 -0.953125 -0.000002 -1.223438 0.000000 0.000000
    6 0.007988 0.172184 -0.118553 -1.598091 -0.216549 -1.570593
    7 0.080660 0.135929 -0.203919 -1.506824 -0.066185 -1.662786
    8 0.117288 -0.155554 -0.604544 -1.412988 -0.374558 -1.569222
    9 0.128052 -3.763672 -0.348633 -0.890091 0.000000 -0.148347
    10 -0.006790 -1.563353 0.006726 -1.212969 0.000000 0.000009
    11 0.000000 -1.164063 0.000001 -1.279286 0.000000 0.000000
    12 -0.018589 0.129953 -0.123721 -1.294580 0.001302 -1.635383
    13 -0.006160 0.170065 -0.110169 -1.280084 -0.068681 -1.597215
    14 0.047100 -0.104074 -0.352264 -1.243368 -0.257298 -1.694346
    15 0.949953 -3.617903 -0.344216 -0.001209 -0.012757 0.137938
    16 -0.017794 -1.596358 -0.003443 0.070743 -0.018169 -0.010139
    17 -0.006735 -0.937906 0.007065 -0.000243 -0.022651 -0.041671
    18 -0.022325 0.045424 -0.038284 -1.125544 -0.129230 -1.681412
    19 -0.042900 -0.061274 -0.071212 -1.124462 -0.060454 -1.586099
    20 0.063741 -0.109104 -0.248158 -1.142813 -0.125805 -1.693583
    21 -1.408203 -3.246094 -0.348633 -0.788776 0.052706 -0.017693
    22 0.013458 -1.204102 0.000000 -0.931992 0.000000 0.000000
    23 -0.013008 -0.789551 0.000000 -1.061140 0.000000 0.000000
    24 -0.011721 0.093267 0.017949 -1.687855 -0.079155 -1.575164
    25 0.048863 -0.085541 0.028626 -1.715605 -0.034569 -1.653190
    26 0.173918 -0.198416 -0.336163 -1.668104 -0.422317 -1.710956
    27 0.438974 -0.486320 0.392416 0.799711 -0.499818 -1.175149
    28 2.352359 0.010252 0.005009 -0.293075 -0.087201 -0.682354
    29 1.249212 0.004522 -0.002867 -0.000016 0.000022 -0.445308
    30 -0.267709 0.037512 -0.093907 2.913812 -0.143386 0.078467
    31 -0.029266 0.205408 -0.329287 2.788574 -0.255486 -0.188917
    32 0.204373 0.521055 -0.268577 2.886669 0.042206 -0.230367
    33 0.195697 -0.010059 -0.293538 -1.333586 0.150863 -1.672749
    34 1.257181 8.762590 -0.153713 -1.570562 0.002683 -1.566808
    35 -0.093500 -0.114213 -0.738866 -1.570842 0.061811 0.002096
    36 0.010843 0.093624 -0.081439 -3.141462 0.041719 -1.568236
    37 10.428776 -11.305663 -12.970429 -0.893561 0.452187 1.544832
    38 0.104748 -10.673144 -0.005453 0.373731 -0.567246 0.706001
    39 0.549521 -3.650577 -0.344972 -1.243900 -0.046218 -0.024582
    40 0.021778 -1.503640 0.001039 -0.507954 0.000001 -0.000004
    41 0.008139 -0.928479 -0.000677 -0.765729 -0.000002 -0.000001
    42 0.006928 0.005329 -0.181358 -1.528500 -0.248579 -1.611362
    43 -0.052313 0.038589 -0.230757 -1.592493 -0.043415 -1.528515
    44 -0.232600 -0.209656 -0.420669 -1.713790 -0.167173 -1.438930
    45 -0.218280 -3.737618 -0.346082 -1.185837 -0.000005 -0.000020
    46 0.015894 -1.578467 0.002264 -0.881970 0.000020 -0.000009
    47 0.000478 -1.176453 0.000249 -0.750959 0.000021 0.000018
    48 -0.038065 0.069166 -0.159883 -1.816986 0.066178 -1.575392
    49 -0.025151 0.088762 -0.068837 -1.817843 0.044510 -1.568287
    50 -0.102916 -0.186983 -0.272246 -1.833683 -0.232962 -1.472375
    51 -1.030272 -3.578138 -0.343160 -1.236044 0.000019 -0.000003
    52 0.001133 -1.610108 0.006276 -0.856164 0.000003 -0.000002
    53 0.005787 -0.946060 0.000512 -0.765086 0.000001 0.000001
    54 -0.004241 0.043707 -0.080203 -2.014997 -0.186996 -1.460723
    55 0.015383 -0.089136 -0.030010 -2.006083 0.036346 -1.568629
    56 -0.022610 -0.212357 -0.177905 -1.933161 -0.118801 -1.518895
    57 1.309013 -3.227548 -0.342207 -1.143298 -0.066932 -0.041063
    58 0.004502 -1.242324 0.006085 -0.210502 0.000004 0.000009
    59 0.003175 -0.774607 -0.004222 -0.796263 -0.000006 -0.000004
    60 -0.067138 0.063251 -0.010961 -0.899214 -0.014515 -1.600326
    61 -0.151180 -0.007395 -0.070065 -0.913061 -0.118819 -1.408558
    62 -0.178164 -0.244680 -0.357067 -1.159916 -0.384260 -1.556110
    63 -0.391451 -0.463665 0.383766 -0.839499 -0.576854 -2.358317
    64 2.472082 0.027425 0.001225 0.000015 0.000004 0.801262
    65 1.227325 0.009356 -0.001860 -0.000003 -0.000006 0.742660
    66 -0.263409 -0.117640 -0.015659 0.000036 -0.082210 -0.026800
    67 0.007707 -0.334360 -0.191575 0.070788 -0.181563 0.282364
    68 0.225562 -0.567923 -0.420715 0.119895 -0.183798 0.223460
    69 -0.203683 -0.095654 -0.328305 -1.745077 0.075142 -1.515382
    70 -1.393460 8.839182 -0.239439 1.580804 -0.005024 -1.566848
    71 0.036020 0.082815 -0.692656 -1.570769 0.065989 0.001276
    72 -0.088586 0.054020 -0.088594 0.010231 0.033800 -1.560851
    73 0.120153 -0.050270 -0.054489 -2.854024 0.030688 -1.580508
    74 -0.139399 -0.111694 0.014400 0.285395 -0.031353 1.580313
    75 -0.003479 -0.404833 0.000000 0.000000 0.000000 0.000000
    76 -0.313965 -4.589844 0.951660 -1.186316 1.434478 -1.173672
    77 0.000000 3.367188 0.862793 0.000000 0.000000 0.000000
    78 0.001152 -1.103516 1.960938 0.000000 0.000000 0.000000
    79 0.001152 -2.781250 2.525391 0.000000 0.000000 0.000000
    80 0.208960 -9.214533 2.272293 3.130776 0.906135 -3.141494
    81 -0.003574 -2.246094 1.304688 0.000000 0.000000 0.000000
    82 0.001150 -4.261719 1.683594 0.000000 0.000000 0.000000
  time 65
    0 1.629157 0.000000 0.541027 0.000000 0.000000 -1.570796
    1 1.262983 9.117652 -6.845396 2.413967 -1.400954 -1.481872
    2 -0.001605 -10.701926 -0.002571 0.150224 -0.078235 0.142848
    3 -0.653320 -3.628906 -0.348633 -1.003534 -0.000001 -0.122159
    4 -0.013245 -1.509766 -0.000001 -1.090796 0.000000 0.000000
    5 0.000000 -0.953125 -0.000002 -1.223438 0.000000 0.000000
    6 0.007988 0.172184 -0.118553 -1.598091 -0.216549 -1.570593
    7 0.080660 0.135929 -0.203919 -1.506824 -0.066185 -1.662786
    8 0.117288 -0.155554 -0.604544 -1.412988 -0.374558 -1.569222
    9 0.128052 -3.763672 -0.348633 -0.890091 0.000000 -0.148347
    10 -0.006790 -1.563353 0.006726 -1.212969 0.000000 0.000009
    11 0.000000 -1.164063 0.000001 -1.279286 0.000000 0.000000
    12 -0.018589 0.129953 -0.123721 -1.294580 0.001302 -1.635383
    13 -0.006160 0.170065 -0.110169 -1.280084 -0.068681 -1.597215
    14 0.047100 -0.104074 -0.352264 -1.243368 -0.257298 -1.694346
    15 0.949953 -3.617903 -0.344216 -0.001508 -0.012745 0.137938
    16 -0.017794 -1.596358 -0.007350 0.070897 -0.018181 -0.010151
    17 -0.002829 -0.937906 0.007065 -0.000655 -0.022843 -0.041048
    18 -0.022325 0.045424 -0.038284 -1.125544 -0.129230 -1.681412
    19 -0.042900 -0.061274 -0.071212 -1.124462 -0.060454 -1.586099
    20 0.063741 -0.109104 -0.248158 -1.142813 -0.125805 -1.693583
    21 -1.408203 -3.246094 -0.348633 -0.788776 0.052706 -0.017693
    22 0.013458 -1.204102 0.000000 -0.931992 0.000000 0.000000
    23 -0.013008 -0.789551 0.000000 -1.061140 0.000000 0.000000
    24 -0.011721 0.093267 0.017949 -1.687855 -0.079155 -1.575164
    25 0.048863 -0.085541 0.028626 -1.715605 -0.034569 -1.653190
    26 0.173918 -0.198416 -0.336163 -1.668104 -0.422317 -1.710956
    27 0.442881 -0.490226 0.396323 0.800369 -0.500065 -1.174924
    28 2.352359 0.010252 0.005009 -0.293015 -0.087416 -0.683137
    29 1.249212 0.004522 -0.002867 -0.000016 0.000022 -0.443704
    30 -0.267709 0.037512 -0.093907 2.913812 -0.143386 0.078467
    31 -0.029266 0.205408 -0.329287 2.788574 -0.255486 -0.188917
    32 0.204373 0.521055 -0.268577 2.886669 0.042206 -0.230367
    33 0.195697 -0.010059 -0.293538 -1.333586 0.150863 -1.672749
    34 1.257181 8.762590 -0.153713 -1.570562 0.002683 -1.566808
    35 -0.093500 -0.114213 -0.738866 -1.570842 0.061811 0.002096
    36 0.010843 0.093624 -0.081439 -3.141462 0.041719 -1.568236
    37 10.600657 -11.102532 -13.189186 -0.904720 0.447420 1.540818
    38 0.108654 -10.673144 -0.005453 0.300484 -0.564301 0.672783
    39 0.549521 -3.646670 -0.341066 -1.194430 -0.046218 -0.024582
    40 0.025684 -1.507546 0.001039 -0.495334 0.000001 -0.000004
    41 0.012045 -0.928479 -0.000677 -0.707952 -0.000002 -0.000001
    42 0.006928 0.005329 -0.181358 -1.528500 -0.248579 -1.611362
    43 -0.052313 0.038589 -0.230757 -1.592493 -0.043415 -1.528515
    44 -0.232600 -0.209656 -0.420669 -1.713790 -0.167173 -1.438930
    45 -0.218280 -3.737618 -0.346082 -1.132433 -0.000005 -0.000020
    46 0.015894 -1.578467 0.006170 -0.835565 0.000020 -0.000009
    47 0.004384 -1.172547 0.000249 -0.658921 0.000021 0.000018
    48 -0.038065 0.069166 -0.159883 -1.816986 0.066178 -1.575392
    49 -0.025151 0.088762 -0.068837 -1.817843 0.044510 -1.568287
    50 -0.102916 -0.186983 -0.272246 -1.833683 -0.232962 -1.472375
    51 -1.034178 -3.578138 -0.343160 -1.207921 0.000019 -0.000003
    52 0.001133 -1.610108 0.002370 -0.769217 0.000003 -0.000002
    53 0.005787 -0.946060 0.004418 -0.684210 0.000001 0.000001
    54 -0.004241 0.043707 -0.080203 -2.014997 -0.186996 -1.460723
    55 0.015383 -0.089136 -0.030010 -2.006083 0.036346 -1.568629
    56 -0.022610 -0.212357 -0.177905 -1.933161 -0.118801 -1.518895
    57 1.309013 -3.227548 -0.342207 -1.096206 -0.066932 -0.041079
    58 0.000595 -1.242324 0.002179 -0.163493 0.000004 0.000009
    59 0.003175 -0.774607 -0.000316 -0.758727 -0.000006 -0.000004
    60 -0.067138 0.063251 -0.010961 -0.899214 -0.014515 -1.600326
    61 -0.151180 -0.007395 -0.070065 -0.913061 -0.118819 -1.408558
    62 -0.178164 -0.244680 -0.357067 -1.159916 -0.384260 -1.556110
    63 -0.391451 -0.463665 0.383766 -0.823094 -0.603784 -2.387874
    64 2.468175 0.027425 0.001225 0.000015 0.000004 0.680936
    65 1.227325 0.009356 -0.005766 -0.000003 -0.000006 0.635485
    66 -0.263409 -0.117640 -0.015659 0.000036 -0.082210 -0.026800
    67 0.007707 -0.334360 -0.191575 0.070788 -0.181563 0.282364
    68 0.225562 -0.567923 -0.420715 0.119895 -0.183798 0.223460
    69 -0.203683 -0.095654 -0.328305 -1.745077 0.075142 -1.515382
    70 -1.393460 8.839182 -0.239439 1.580804 -0.005024 -1.566848
    71 0.036020 0.082815 -0.692656 -1.570769 0.065989 0.001276
    72 -0.088586 0.054020 -0.088594 0.010231 0.033800 -1.560851
    73 0.120153 -0.050270 -0.054489 -2.854024 0.030688 -1.580508
    74 -0.139399 -0.111694 0.014400 0.285395 -0.031353 1.580313
    75 -0.003479 -0.404833 0.000000 0.000000 0.000000 0.000000
    76 -0.313965 -4.589844 0.951660 -1.186316 1.434478 -1.173672
    77 0.000000 3.367188 0.862793 0.000000 0.000000 0.000000
    78 0.001152 -1.103516 1.960938 0.000000 0.000000 0.000000
    79 0.001152 -2.781250 2.525391 0.000000 0.000000 0.000000
    80 0.232398 -9.206720 2.268387 3.130872 0.903462 -3.141302
    81 -0.003574 -2.246094 1.304688 0.000000 0.000000 0.000000
    82 0.001150 -4.261719 1.683594 0.000000 0.000000 0.000000
  time 66
    0 1.629157 0.000000 0.541027 0.000000 0.000000 -1.570796
    1 1.286421 9.098120 -6.825864 2.387706 -1.403124 -1.455690
    2 -0.001605 -10.701926 -0.002571 0.139705 0.003932 0.146186
    3 -0.653320 -3.628906 -0.348633 -1.003534 -0.000001 -0.122159
    4 -0.013245 -1.509766 -0.000001 -1.090796 0.000000 0.000000
    5 0.000000 -0.953125 -0.000002 -1.223438 0.000000 0.000000
    6 0.007988 0.172184 -0.118553 -1.598091 -0.216549 -1.570593
    7 0.080660 0.135929 -0.203919 -1.506824 -0.066185 -1.662786
    8 0.117288 -0.155554 -0.604544 -1.412988 -0.374558 -1.569222
    9 0.128052 -3.763672 -0.348633 -0.890091 0.000000 -0.148347
    10 -0.006790 -1.567259 0.006726 -1.212969 0.000000 0.000009
    11 0.000000 -1.164063 0.000001 -1.279286 0.000000 0.000000
    12 -0.018589 0.129953 -0.123721 -1.294580 0.001302 -1.635383
    13 -0.006160 0.170065 -0.110169 -1.280084 -0.068681 -1.597215
    14 0.047100 -0.104074 -0.352264 -1.243368 -0.257298 -1.694346
    15 0.949953 -3.617903 -0.348122 -0.001928 -0.012733 0.137926
    16 -0.021700 -1.596358 -0.007350 0.070974 -0.018181 -0.010103
    17 -0.002829 -0.941812 0.007065 -0.001411 -0.023010 -0.040365
    18 -0.022325 0.045424 -0.038284 -1.125544 -0.129230 -1.681412
    19 -0.042900 -0.061274 -0.071212 -1.124462 -0.060454 -1.586099
    20 0.063741 -0.109104 -0.248158 -1.142813 -0.125805 -1.693583
    21 -1.408203 -3.246094 -0.348633 -0.788776 0.052706 -0.017693
    22 0.013458 -1.204102 0.000000 -0.931992 0.000000 0.000000
    23 -0.013008 -0.789551 0.000000 -1.061140 0.000000 0.000000
    24 -0.011721 0.093267 0.017949 -1.687855 -0.079155 -1.575164
    25 0.048863 -0.085541 0.028626 -1.715605 -0.034569 -1.653190
    26 0.173918 -0.198416 -0.336163 -1.668104 -0.422317 -1.710956
    27 0.438974 -0.486320 0.392416 0.800939 -0.500324 -1.174643
    28 2.352359 0.010252 0.005009 -0.292943 -0.087632 -0.683845
    29 1.245306 0.004522 -0.002867 -0.000016 0.000022 -0.442080
    30 -0.267709 0.037512 -0.093907 2.913812 -0.143386 0.078467
    31 -0.029266 0.205408 -0.329287 2.788574 -0.255486 -0.188917
    32 0.204373 0.521055 -0.268577 2.886669 0.042206 -0.230367
    33 0.195697 -0.010059 -0.293538 -1.333586 0.150863 -1.672749
    34 1.257181 8.762590 -0.153713 -1.570562 0.002683 -1.566808
    35 -0.093500 -0.114213 -0.738866 -1.570842 0.061811 0.002096
    36 0.010843 0.093624 -0.081439 -3.141462 0.041719 -1.568236
    37 10.784256 -10.766584 -13.318096 -0.886981 0.446345 1.539767
    38 0.108654 -10.673144 -0.005453 0.168461 -0.563990 0.655346
    39 0.553428 -3.650577 -0.341066 -1.172016 -0.046218 -0.024582
    40 0.025684 -1.503640 0.001039 -0.489871 0.000001 -0.000004
    41 0.008139 -0.928479 -0.004583 -0.681708 -0.000002 -0.000001
    42 0.006928 0.005329 -0.181358 -1.528500 -0.248579 -1.611362
    43 -0.052313 0.038589 -0.230757 -1.592493 -0.043415 -1.528515
    44 -0.232600 -0.209656 -0.420669 -1.713790 -0.167173 -1.438930
    45 -0.214374 -3.737618 -0.346082 -1.107847 -0.000005 -0.000020
    46 0.019801 -1.582373 0.006170 -0.813538 0.000020 -0.000009
    47 0.000478 -1.172547 0.000249 -0.617262 0.000021 0.000018
    48 -0.038065 0.069166 -0.159883 -1.816986 0.066178 -1.575392
    49 -0.025151 0.088762 -0.068837 -1.817843 0.044510 -1.568287
    50 -0.102916 -0.186983 -0.272246 -1.833683 -0.232962 -1.472375
    51 -1.030272 -3.582044 -0.343160 -1.194300 0.000019 -0.000003
    52 0.001133 -1.610108 0.002370 -0.729156 0.000003 -0.000002
    53 0.005787 -0.946060 0.004418 -0.646622 0.000001 0.000001
    54 -0.004241 0.043707 -0.080203 -2.014997 -0.186996 -1.460723
    55 0.015383 -0.089136 -0.030010 -2.006083 0.036346 -1.568629
    56 -0.022610 -0.212357 -0.177905 -1.933161 -0.118801 -1.518895
    57 1.309013 -3.227548 -0.342207 -1.073439 -0.066932 -0.041063
    58 0.000595 -1.242324 0.006085 -0.142606 0.000004 0.000009
    59 0.003175 -0.774607 -0.000316 -0.741886 -0.000006 -0.000004
    60 -0.067138 0.063251 -0.010961 -0.899214 -0.014515 -1.600326
    61 -0.151180 -0.007395 -0.070065 -0.913061 -0.118819 -1.408558
    62 -0.178164 -0.244680 -0.357067 -1.159916 -0.384260 -1.556110
    63 -0.387544 -0.463665 0.383766 -0.814736 -0.616547 -2.402459
    64 2.472082 0.027425 0.001225 0.000015 0.000004 0.623652
    65 1.227325 0.009356 -0.005766 -0.000003 -0.000006 0.585193
    66 -0.263409 -0.117640 -0.015659 0.000036 -0.082210 -0.026800
    67 0.007707 -0.334360 -0.191575 0.070788 -0.181563 0.282364
    68 0.225562 -0.567923 -0.420715 0.119895 -0.183798 0.223460
    69 -0.203683 -0.095654 -0.328305 -1.745077 0.075142 -1.515382
    70 -1.393460 8.839182 -0.239439 1.580804 -0.005024 -1.566848
    71 0.036020 0.082815 -0.692656 -1.570769 0.065989 0.001276
    72 -0.088586 0.054020 -0.088594 0.010231 0.033800 -1.560851
    73 0.120153 -0.050270 -0.054489 -2.854024 0.030688 -1.580508
    74 -0.139399 -0.111694 0.014400 0.285395 -0.031353 1.580313
    75 -0.003479 -0.404833 0.000000 0.000000 0.000000 0.000000
    76 -0.313965 -4.589844 0.951660 -1.186316 1.434478 -1.173672
    77 0.000000 3.367188 0.862793 0.000000 0.000000 0.000000
    78 0.001152 -1.103516 1.960938 0.000000 0.000000 0.000000
    79 0.001152 -2.781250 2.525391 0.000000 0.000000 0.000000
    80 0.244117 -9.202814 2.268387 3.129915 0.970944 3.140344
    81 -0.003574 -2.246094 1.304688 0.000000 0.000000 0.000000
    82 0.001150 -4.261719 1.683594 0.000000 0.000000 0.000000
  time 67
    0 1.629157 0.000000 0.541027 0.000000 0.000000 -1.570796
    1 1.329391 9.062963 -6.782894 2.346529 -1.405953 -1.414392
    2 -0.005512 -10.701926 -0.002571 0.129464 0.085752 0.148857
    3 -0.653320 -3.628906 -0.348633 -1.003534 -0.000001 -0.122159
    4 -0.013245 -1.509766 -0.000001 -1.090796 0.000000 0.000000
    5 0.000000 -0.953125 -0.000002 -1.223438 0.000000 0.000000
    6 0.007988 0.172184 -0.118553 -1.598091 -0.216549 -1.570593
    7 0.080660 0.135929 -0.203919 -1.506824 -0.066185 -1.662786
    8 0.117288 -0.155554 -0.604544 -1.412988 -0.374558 -1.569222
    9 0.128052 -3.763672 -0.348633 -0.890091 0.000000 -0.148347
    10 -0.006790 -1.567259 0.006726 -1.212969 0.000000 0.000009
    11 0.000000 -1.164063 0.000001 -1.279286 0.000000 0.000000
    12 -0.018589 0.129953 -0.123721 -1.294580 0.001302 -1.635383
    13 -0.006160 0.170065 -0.110169 -1.280084 -0.068681 -1.597215
    14 0.047100 -0.104074 -0.352264 -1.243368 -0.257298 -1.694346
    15 0.949953 -3.617903 -0.348122 -0.002419 -0.012709 0.137926
    16 -0.017794 -1.596358 -0.007350 0.070845 -0.018169 -0.010079
    17 -0.002829 -0.941812 0.007065 -0.002476 -0.023202 -0.039610
    18 -0.022325 0.045424 -0.038284 -1.125544 -0.129230 -1.681412
    19 -0.042900 -0.061274 -0.071212 -1.124462 -0.060454 -1.586099
    20 0.063741 -0.109104 -0.248158 -1.142813 -0.125805 -1.693583
    21 -1.408203 -3.246094 -0.348633 -0.788776 0.052706 -0.017693
    22 0.013458 -1.204102 0.000000 -0.931992 0.000000 0.000000
    23 -0.013008 -0.789551 0.000000 -1.061140 0.000000 0.000000
    24 -0.011721 0.093267 0.017949 -1.687855 -0.079155 -1.575164
    25 0.048863 -0.085541 0.028626 -1.715605 -0.034569 -1.653190
    26 0.173918 -0.198416 -0.336163 -1.668104 -0.422317 -1.710956
    27 0.438974 -0.490226 0.396323 0.801399 -0.500546 -1.174361
    28 2.356266 0.010252 0.001103 -0.292883 -0.087824 -0.684451
    29 1.249212 0.004522 -0.002867 -0.000016 0.000022 -0.440435
    30 -0.267709 0.037512 -0.093907 2.913812 -0.143386 0.078467
    31 -0.029266 0.205408 -0.329287 2.788574 -0.255486 -0.188917
    32 0.204373 0.521055 -0.268577 2.886669 0.042206 -0.230367
    33 0.195697 -0.010059 -0.293538 -1.333586 0.150863 -1.672749
    34 1.257181 8.762590 -0.153713 -1.570562 0.002683 -1.566808
    35 -0.093500 -0.114213 -0.738866 -1.570842 0.061811 0.002096
    36 0.010843 0.093624 -0.081439 -3.141462 0.041719 -1.568236
    37 11.003013 -10.282194 -13.419662 -0.855888 0.446392 1.539958
    38 0.108654 -10.673144 -0.005453 -0.011928 -0.567495 0.639565
    39 0.553428 -3.650577 -0.344972 -1.190836 -0.046218 -0.024582
    40 0.025684 -1.503640 0.001039 -0.495428 0.000001 -0.000004
    41 0.008139 -0.932386 -0.004583 -0.703666 -0.000002 -0.000001
    42 0.006928 0.005329 -0.181358 -1.528500 -0.248579 -1.611362
    43 -0.052313 0.038589 -0.230757 -1.592493 -0.043415 -1.528515
    44 -0.232600 -0.209656 -0.420669 -1.713790 -0.167173 -1.438930
    45 -0.218280 -3.741524 -0.346082 -1.127228 -0.000005 -0.000020
    46 0.019801 -1.578467 0.006170 -0.828516 0.000020 -0.000009
    47 0.000478 -1.176453 0.000249 -0.652602 0.000021 0.000018
    48 -0.038065 0.069166 -0.159883 -1.816986 0.066178 -1.575392
    49 -0.025151 0.088762 -0.068837 -1.817843 0.044510 -1.568287
    50 -0.102916 -0.186983 -0.272246 -1.833683 -0.232962 -1.472375
    51 -1.030272 -3.582044 -0.343160 -1.202553 0.000019 -0.000003
    52 0.001133 -1.610108 0.002370 -0.760449 0.000003 -0.000002
    53 0.005787 -0.946060 0.004418 -0.674929 0.000001 0.000001
    54 -0.004241 0.043707 -0.080203 -2.014997 -0.186996 -1.460723
    55 0.015383 -0.089136 -0.030010 -2.006083 0.036346 -1.568629
    56 -0.022610 -0.212357 -0.177905 -1.933161 -0.118801 -1.518895
    57 1.305107 -3.227548 -0.342207 -1.087679 -0.066932 -0.041063
    58 0.000595 -1.242324 0.002179 -0.161635 0.000004 0.000009
    59 0.003175 -0.774607 -0.000316 -0.756697 -0.000006 -0.000004
    60 -0.067138 0.063251 -0.010961 -0.899214 -0.014515 -1.600326
    61 -0.151180 -0.007395 -0.070065 -0.913061 -0.118819 -1.408558
    62 -0.178164 -0.244680 -0.357067 -1.159916 -0.384260 -1.556110
    63 -0.387544 -0.463665 0.383766 -0.820115 -0.608319 -2.393037
    64 2.472082 0.027425 0.001225 0.000015 0.000004 0.662321
    65 1.223419 0.009356 -0.005766 -0.000003 -0.000006 0.621223
    66 -0.263409 -0.117640 -0.015659 0.000036 -0.082210 -0.026800
    67 0.007707 -0.334360 -0.191575 0.070788 -0.181563 0.282364
    68 0.225562 -0.567923 -0.420715 0.119895 -0.183798 0.223460
    69 -0.203683 -0.095654 -0.328305 -1.745077 0.075142 -1.515382
    70 -1.393460 8.839182 -0.239439 1.580804 -0.005024 -1.566848
    71 0.036020 0.082815 -0.692656 -1.570769 0.065989 0.001276
    72 -0.088586 0.054020 -0.088594 0.010231 0.033800 -1.560851
    73 0.120153 -0.050270 -0.054489 -2.854024 0.030688 -1.580508
    74 -0.139399 -0.111694 0.014400 0.285395 -0.031353 1.580313
    75 -0.003479 -0.404833 0.000000 0.000000 0.000000 0.000000
    76 -0.313965 -4.589844 0.951660 -1.186316 1.434478 -1.173672
    77 0.000000 3.367188 0.862793 0.000000 0.000000 0.000000
    78 0.001152 -1.103516 1.960938 0.000000 0.000000 0.000000
    79 0.001152 -2.781250 2.525391 0.000000 0.000000 0.000000
    80 0.248024 -9.198908 2.280106 3.127906 1.062861 3.138139
    81 -0.003574 -2.246094 1.304688 0.000000 0.000000 0.000000
    82 0.001150 -4.261719 1.683594 0.000000 0.000000 0.000000
  time 68
    0 1.629157 0.000000 0.541027 0.000000 0.000000 -1.570796
    1 1.380174 9.012180 -6.732111 2.296597 -1.408830 -1.364097
    2 -0.001605 -10.698019 -0.002571 0.120965 0.156540 0.151113
    3 -0.653320 -3.628906 -0.348633 -1.003534 -0.000001 -0.122159
    4 -0.013245 -1.509766 -0.000001 -1.090796 0.000000 0.000000
    5 0.000000 -0.953125 -0.000002 -1.223438 0.000000 0.000000
    6 0.007988 0.172184 -0.118553 -1.598091 -0.216549 -1.570593
    7 0.080660 0.135929 -0.203919 -1.506824 -0.066185 -1.662786
    8 0.117288 -0.155554 -0.604544 -1.412988 -0.374558 -1.569222
    9 0.128052 -3.763672 -0.348633 -0.890091 0.000000 -0.148347
    10 -0.006790 -1.567259 0.006726 -1.212969 0.000000 0.000009
    11 0.000000 -1.164063 0.000001 -1.279286 0.000000 0.000000
    12 -0.018589 0.129953 -0.123721 -1.294580 0.001302 -1.635383
    13 -0.006160 0.170065 -0.110169 -1.280084 -0.068681 -1.597215
    14 0.047100 -0.104074 -0.352264 -1.243368 -0.257298 -1.694346
    15 0.949953 -3.613996 -0.344216 -0.003018 -0.012685 0.137902
    16 -0.021700 -1.596358 -0.003443 0.070538 -0.018145 -0.010007
    17 -0.002829 -0.941812 0.007065 -0.003884 -0.023394 -0.038807
    18 -0.022325 0.045424 -0.038284 -1.125544 -0.129230 -1.681412
    19 -0.042900 -0.061274 -0.071212 -1.124462 -0.060454 -1.586099
    20 0.063741 -0.109104 -0.248158 -1.142813 -0.125805 -1.693583
    21 -1.408203 -3.246094 -0.348633 -0.788776 0.052706 -0.017693
    22 0.013458 -1.204102 0.000000 -0.931992 0.000000 0.000000
    23 -0.013008 -0.789551 0.000000 -1.061140 0.000000 0.000000
    24 -0.011721 0.093267 0.017949 -1.687855 -0.079155 -1.575164
    25 0.048863 -0.085541 0.028626 -1.715605 -0.034569 -1.653190
    26 0.173918 -0.198416 -0.336163 -1.668104 -0.422317 -1.710956
    27 0.438974 -0.490226 0.396323 0.801772 -0.500793 -1.174136
    28 2.352359 0.010252 0.005009 -0.292835 -0.087992 -0.685007
    29 1.249212 0.004522 -0.002867 -0.000016 0.000022 -0.438872
    30 -0.267709 0.037512 -0.093907 2.913812 -0.143386 0.078467
    31 -0.029266 0.205408 -0.329287 2.788574 -0.255486 -0.188917
    32 0.204373 0.521055 -0.268577 2.886669 0.042206 -0.230367
    33 0.195697 -0.010059 -0.293538 -1.333586 0.150863 -1.672749
    34 1.257181 8.762590 -0.153713 -1.570562 0.002683 -1.566808
    35 -0.093500 -0.114213 -0.738866 -1.570842 0.061811 0.002096
    36 0.010843 0.093624 -0.081439 -3.141462 0.041719 -1.568236
    37 11.198331 -9.793898 -13.482163 -0.820313 0.447139 1.540436
    38 0.104748 -10.673144 -0.005453 -0.193015 -0.573301 0.627266
    39 0.549521 -3.650577 -0.344972 -1.236012 -0.046218 -0.024582
    40 0.021778 -1.507546 0.001039 -0.508048 0.000001 -0.000004
    41 0.008139 -0.928479 -0.004583 -0.756364 -0.000002 -0.000001
    42 0.006928 0.005329 -0.181358 -1.528500 -0.248579 -1.611362
    43 -0.052313 0.038589 -0.230757 -1.592493 -0.043415 -1.528515
    44 -0.232600 -0.209656 -0.420669 -1.713790 -0.167173 -1.438930
    45 -0.218280 -3.741524 -0.346082 -1.174623 -0.000005 -0.000020
    46 0.019801 -1.578467 0.006170 -0.866815 0.000020 -0.000009
    47 0.004384 -1.176453 0.000249 -0.737321 0.000021 0.000018
    48 -0.038065 0.069166 -0.159883 -1.816986 0.066178 -1.575392
    49 -0.025151 0.088762 -0.068837 -1.817843 0.044510 -1.568287
    50 -0.102916 -0.186983 -0.272246 -1.833683 -0.232962 -1.472375
    51 -1.034178 -3.582044 -0.343160 -1.224466 0.000019 -0.000003
    52 0.001133 -1.610108 0.002370 -0.837315 0.000003 -0.000002
    53 0.005787 -0.946060 0.004418 -0.745099 0.000001 0.000001
    54 -0.004241 0.043707 -0.080203 -2.014997 -0.186996 -1.460723
    55 0.015383 -0.089136 -0.030010 -2.006083 0.036346 -1.568629
    56 -0.022610 -0.212357 -0.177905 -1.933161 -0.118801 -1.518895
    57 1.305107 -3.227548 -0.342207 -1.125206 -0.066932 -0.041063
    58 0.000595 -1.242324 0.006085 -0.206336 0.000004 0.000009
    59 0.003175 -0.774607 -0.000316 -0.791749 -0.000006 -0.000004
    60 -0.067138 0.063251 -0.010961 -0.899214 -0.014515 -1.600326
    61 -0.151180 -0.007395 -0.070065 -0.913061 -0.118819 -1.408558
    62 -0.178164 -0.244680 -0.357067 -1.159916 -0.384260 -1.556110
    63 -0.391451 -0.463665 0.383766 -0.833675 -0.586707 -2.369004
    64 2.472082 0.027425 0.001225 0.000015 0.000004 0.761689
    65 1.223419 0.009356 -0.005766 -0.000003 -0.000006 0.712078
    66 -0.263409 -0.117640 -0.015659 0.000036 -0.082210 -0.026800
    67 0.007707 -0.334360 -0.191575 0.070788 -0.181563 0.282364
    68 0.225562 -0.567923 -0.420715 0.119895 -0.183798 0.223460
    69 -0.203683 -0.095654 -0.328305 -1.745077 0.075142 -1.515382
    70 -1.393460 8.839182 -0.239439 1.580804 -0.005024 -1.566848
    71 0.036020 0.082815 -0.692656 -1.570769 0.065989 0.001276
    72 -0.088586 0.054020 -0.088594 0.010231 0.033800 -1.560851
    73 0.120153 -0.050270 -0.054489 -2.854024 0.030688 -1.580508
    74 -0.139399 -0.111694 0.014400 0.285395 -0.031353 1.580313
    75 -0.003479 -0.404833 0.000000 0.000000 0.000000 0.000000
    76 -0.313965 -4.589844 0.951660 -1.186316 1.434478 -1.173672
    77 0.000000 3.367188 0.862793 0.000000 0.000000 0.000000
    78 0.001152 -1.103516 1.960938 0.000000 0.000000 0.000000
    79 0.001152 -2.781250 2.525391 0.000000 0.000000 0.000000
    80 0.240211 -9.183282 2.291825 3.125897 1.133158 3.135934
    81 -0.003574 -2.246094 1.304688 0.000000 0.000000 0.000000
    82 0.001150 -4.261719 1.683594 0.000000 0.000000 0.000000
  time 69
    0 1.629157 0.000000 0.541027 0.000000 0.000000 -1.570796
    1 1.427050 8.973116 -6.685235 2.245058 -1.411519 -1.312182
    2 -0.001605 -10.701926 -0.002571 0.115218 0.205771 0.153507
    3 -0.653320 -3.628906 -0.348633 -1.003534 -0.000001 -0.122159
    4 -0.013245 -1.509766 -0.000001 -1.090796 0.000000 0.000000
    5 0.000000 -0.953125 -0.000002 -1.223438 0.000000 0.000000
    6 0.007988 0.172184 -0.118553 -1.598091 -0.216549 -1.570593
    7 0.080660 0.135929 -0.203919 -1.506824 -0.066185 -1.662786
    8 0.117288 -0.155554 -0.604544 -1.412988 -0.374558 -1.569222
    9 0.128052 -3.763672 -0.348633 -0.890091 0.000000 -0.148347
    10 -0.006790 -1.563353 0.006726 -1.212969 0.000000 0.000009
    11 0.000000 -1.164063 0.000001 -1.279286 0.000000 0.000000
    12 -0.018589 0.129953 -0.123721 -1.294580 0.001302 -1.635383
    13 -0.006160 0.170065 -0.110169 -1.280084 -0.068681 -1.597215
    14 0.047100 -0.104074 -0.352264 -1.243368 -0.257298 -1.694346
    15 0.949953 -3.617903 -0.348122 -0.003713 -0.012661 0.137902
    16 -0.017794 -1.596358 -0.003443 0.070102 -0.018109 -0.009923
    17 -0.006735 -0.941812 0.007065 -0.005636 -0.023562 -0.037932
    18 -0.022325 0.045424 -0.038284 -1.125544 -0.129230 -1.681412
    19 -0.042900 -0.061274 -0.071212 -1.124462 -0.060454 -1.586099
    20 0.063741 -0.109104 -0.248158 -1.142813 -0.125805 -1.693583
    21 -1.408203 -3.246094 -0.348633 -0.788776 0.052706 -0.017693
    22 0.013458 -1.204102 0.000000 -0.931992 0.000000 0.000000
    23 -0.013008 -0.789551 0.000000 -1.061140 0.000000 0.000000
    24 -0.011721 0.093267 0.017949 -1.687855 -0.079155 -1.575164
    25 0.048863 -0.085541 0.028626 -1.715605 -0.034569 -1.653190
    26 0.173918 -0.198416 -0.336163 -1.668104 -0.422317 -1.710956
    27 0.438974 -0.486320 0.392416 0.802013 -0.501028 -1.173911
    28 2.352359 0.010252 0.005009 -0.292787 -0.088123 -0.685487
    29 1.245306 0.004522 -0.002867 -0.000016 0.000022 -0.437329
    30 -0.267709 0.037512 -0.093907 2.913812 -0.143386 0.078467
    31 -0.029266 0.205408 -0.329287 2.788574 -0.255486 -0.188917
    32 0.204373 0.521055 -0.268577 2.886669 0.042206 -0.230367
    33 0.195697 -0.010059 -0.293538 -1.333586 0.150863 -1.672749
    34 1.257181 8.762590 -0.153713 -1.570562 0.002683 -1.566808
    35 -0.093500 -0.114213 -0.738866 -1.570842 0.061811 0.002096
    36 0.010843 0.093624 -0.081439 -3.141462 0.041719 -1.568236
    37 11.327241 -9.481389 -13.505602 -0.789983 0.447747 1.541105
    38 0.104748 -10.673144 -0.001547 -0.326679 -0.578611 0.619123
    39 0.553428 -3.646670 -0.341066 -1.286880 -0.046218 -0.024582
    40 0.025684 -1.503640 0.001039 -0.522270 0.000001 -0.000004
    41 0.008139 -0.928479 -0.004583 -0.815517 -0.000002 -0.000001
    42 0.006928 0.005329 -0.181358 -1.528500 -0.248579 -1.611362
    43 -0.052313 0.038589 -0.230757 -1.592493 -0.043415 -1.528515
    44 -0.232600 -0.209656 -0.420669 -1.713790 -0.167173 -1.438930
    45 -0.214374 -3.737618 -0.346082 -1.227985 -0.000005 -0.000020
    46 0.015894 -1.578467 0.002264 -0.910283 0.000020 -0.000009
    47 0.000478 -1.176453 0.000249 -0.832362 0.000021 0.000018
    48 -0.038065 0.069166 -0.159883 -1.816986 0.066178 -1.575392
    49 -0.025151 0.088762 -0.068837 -1.817843 0.044510 -1.568287
    50 -0.102916 -0.186983 -0.272246 -1.833683 -0.232962 -1.472375
    51 -1.030272 -3.578138 -0.343160 -1.249625 0.000019 -0.000003
    52 0.001133 -1.610108 0.002370 -0.923842 0.000003 -0.000002
    53 0.001880 -0.946060 0.004418 -0.824288 0.000001 0.000001
    54 -0.004241 0.043707 -0.080203 -2.014997 -0.186996 -1.460723
    55 0.015383 -0.089136 -0.030010 -2.006083 0.036346 -1.568629
    56 -0.022610 -0.212357 -0.177905 -1.933161 -0.118801 -1.518895
    57 1.309013 -3.227548 -0.342207 -1.167883 -0.066932 -0.041063
    58 0.004502 -1.242324 0.006085 -0.256385 0.000004 0.000009
    59 0.003175 -0.774607 -0.000316 -0.831112 -0.000006 -0.000004
    60 -0.067138 0.063251 -0.010961 -0.899214 -0.014515 -1.600326
    61 -0.151180 -0.007395 -0.070065 -0.913061 -0.118819 -1.408558
    62 -0.178164 -0.244680 -0.357067 -1.159916 -0.384260 -1.556110
    63 -0.387544 -0.463665 0.383766 -0.848079 -0.561783 -2.342468
    64 2.472082 0.027425 0.001225 0.000015 0.000004 0.874348
    65 1.227325 0.009356 -0.005766 -0.000003 -0.000006 0.814832
    66 -0.263409 -0.117640 -0.015659 0.000036 -0.082210 -0.026800
    67 0.007707 -0.334360 -0.191575 0.070788 -0.181563 0.282364
    68 0.225562 -0.567923 -0.420715 0.119895 -0.183798 0.223460
    69 -0.203683 -0.095654 -0.328305 -1.745077 0.075142 -1.515382
    70 -1.393460 8.839182 -0.239439 1.580804 -0.005024 -1.566848
    71 0.036020 0.082815 -0.692656 -1.570769 0.065989 0.001276
    72 -0.088586 0.054020 -0.088594 0.010231 0.033800 -1.560851
    73 0.120153 -0.050270 -0.054489 -2.854024 0.030688 -1.580508
    74 -0.139399 -0.111694 0.014400 0.285395 -0.031353 1.580313
    75 -0.003479 -0.404833 0.000000 0.000000 0.000000 0.000000
    76 -0.313965 -4.589844 0.951660 -1.186316 1.434478 -1.173672
    77 0.000000 3.367188 0.862793 0.000000 0.000000 0.000000
    78 0.001152 -1.103516 1.960938 0.000000 0.000000 0.000000
    79 0.001152 -2.781250 2.525391 0.000000 0.000000 0.000000
    80 0.228492 -9.175469 2.299638 3.125801 1.135926 3.135838
    81 -0.003574 -2.246094 1.304688 0.000000 0.000000 0.000000
    82 0.001150 -4.261719 1.683594 0.000000 0.000000 0.000000
  time 70
    0 1.629157 0.000000 0.541027 0.000000 0.000000 -1.570796
    1 1.473927 8.934052 -6.646171 2.199950 -1.413547 -1.266385
    2 -0.001605 -10.701926 -0.002571 0.113790 0.222873 0.156799
    3 -0.653320 -3.628906 -0.348633 -1.003534 -0.000001 -0.122159
    4 -0.013245 -1.509766 -0.000001 -1.090796 0.000000 0.000000
    5 0.000000 -0.953125 -0.000002 -1.223438 0.000000 0.000000
    6 0.007988 0.172184 -0.118553 -1.598091 -0.216549 -1.570593
    7 0.080660 0.135929 -0.203919 -1.506824 -0.066185 -1.662786
    8 0.117288 -0.155554 -0.604544 -1.412988 -0.374558 -1.569222
    9 0.128052 -3.763672 -0.348633 -0.890091 0.000000 -0.148347
    10 -0.006790 -1.563353 0.002820 -1.212969 0.000000 0.000009
    11 0.000000 -1.164063 0.000001 -1.279286 0.000000 0.000000
    12 -0.018589 0.129953 -0.123721 -1.294580 0.001302 -1.635383
    13 -0.006160 0.170065 -0.110169 -1.280084 -0.068681 -1.597215
    14 0.047100 -0.104074 -0.352264 -1.243368 -0.257298 -1.694346
    15 0.949953 -3.613996 -0.344216 -0.004492 -0.012625 0.137890
    16 -0.021700 -1.596358 -0.003443 0.069410 -0.018073 -0.009815
    17 -0.006735 -0.937906 0.007065 -0.007697 -0.023693 -0.036997
    18 -0.022325 0.045424 -0.038284 -1.125544 -0.129230 -1.681412
    19 -0.042900 -0.061274 -0.071212 -1.124462 -0.060454 -1.586099
    20 0.063741 -0.109104 -0.248158 -1.142813 -0.125805 -1.693583
    21 -1.408203 -3.246094 -0.348633 -0.788776 0.052706 -0.017693
    22 0.013458 -1.204102 0.000000 -0.931992 0.000000 0.000000
    23 -0.013008 -0.789551 0.000000 -1.061140 0.000000 0.000000
    24 -0.011721 0.093267 0.017949 -1.687855 -0.079155 -1.575164
    25 0.048863 -0.085541 0.028626 -1.715605 -0.034569 -1.653190
    26 0.173918 -0.198416 -0.336163 -1.668104 -0.422317 -1.710956
    27 0.442881 -0.486320 0.392416 0.802122 -0.501213 -1.173686
    28 2.352359 0.014158 0.005009 -0.292763 -0.088243 -0.685891
    29 1.245306 0.004522 -0.002867 -0.000016 0.000022 -0.435806
    30 -0.267709 0.037512 -0.093907 2.913812 -0.143386 0.078467
    31 -0.029266 0.205408 -0.329287 2.788574 -0.255486 -0.188917
    32 0.204373 0.521055 -0.268577 2.886669 0.042206 -0.230367
    33 0.195697 -0.010059 -0.293538 -1.333586 0.150863 -1.672749
    34 1.257181 8.762590 -0.153713 -1.570562 0.002683 -1.566808
    35 -0.093500 -0.114213 -0.738866 -1.570842 0.061811 0.002096
    36 0.010843 0.093624 -0.081439 -3.141462 0.041719 -1.568236
    37 11.311616 -9.485295 -13.482163 -0.773770 0.447420 1.540818
    38 0.104748 -10.673144 -0.001547 -0.363827 -0.580125 0.614293
    39 0.553428 -3.650577 -0.341066 -1.322272 -0.046218 -0.024582
    40 0.025684 -1.503640 0.001039 -0.532159 0.000001 -0.000004
    41 0.012045 -0.928479 -0.004583 -0.856945 -0.000002 -0.000001
    42 0.006928 0.005329 -0.181358 -1.528500 -0.248579 -1.611362
    43 -0.052313 0.038589 -0.230757 -1.592493 -0.043415 -1.528515
    44 -0.232600 -0.209656 -0.420669 -1.713790 -0.167173 -1.438930
    45 -0.218280 -3.741524 -0.346082 -1.265266 -0.000005 -0.000020
    46 0.015894 -1.582373 0.006170 -0.940652 0.000020 -0.000009
    47 0.004384 -1.172547 0.000249 -0.898782 0.000021 0.000018
    48 -0.038065 0.069166 -0.159883 -1.816986 0.066178 -1.575392
    49 -0.025151 0.088762 -0.068837 -1.817843 0.044510 -1.568287
    50 -0.102916 -0.186983 -0.272246 -1.833683 -0.232962 -1.472375
    51 -1.034178 -3.582044 -0.343160 -1.267011 0.000019 -0.000003
    52 0.001133 -1.610108 0.006276 -0.984327 0.000003 -0.000002
    53 0.005787 -0.946060 0.004418 -0.879593 0.000001 0.000001
    54 -0.004241 0.043707 -0.080203 -2.014997 -0.186996 -1.460723
    55 0.015383 -0.089136 -0.030010 -2.006083 0.036346 -1.568629
    56 -0.022610 -0.212357 -0.177905 -1.933161 -0.118801 -1.518895
    57 1.305107 -3.227548 -0.342207 -1.197575 -0.066932 -0.041063
    58 0.004502 -1.242324 0.006085 -0.291459 0.000004 0.000009
    59 0.003175 -0.774607 -0.000316 -0.858605 -0.000006 -0.000004
    60 -0.067138 0.063251 -0.010961 -0.899214 -0.014515 -1.600326
    61 -0.151180 -0.007395 -0.070065 -0.913061 -0.118819 -1.408558
    62 -0.178164 -0.244680 -0.357067 -1.159916 -0.384260 -1.556110
    63 -0.387544 -0.463665 0.383766 -0.857549 -0.544244 -2.324450
    64 2.472082 0.027425 0.001225 0.000015 0.000004 0.952925
    65 1.223419 0.009356 -0.005766 -0.000003 -0.000006 0.886560
    66 -0.263409 -0.117640 -0.015659 0.000036 -0.082210 -0.026800
    67 0.007707 -0.334360 -0.191575 0.070788 -0.181563 0.282364
    68 0.225562 -0.567923 -0.420715 0.119895 -0.183798 0.223460
    69 -0.203683 -0.095654 -0.328305 -1.745077 0.075142 -1.515382
    70 -1.393460 8.839182 -0.239439 1.580804 -0.005024 -1.566848
    71 0.036020 0.082815 -0.692656 -1.570769 0.065989 0.001276
    72 -0.088586 0.054020 -0.088594 0.010231 0.033800 -1.560851
    73 0.120153 -0.050270 -0.054489 -2.854024 0.030688 -1.580508
    74 -0.139399 -0.111694 0.014400 0.285395 -0.031353 1.580313
    75 -0.003479 -0.404833 0.000000 0.000000 0.000000 0.000000
    76 -0.313965 -4.589844 0.951660 -1.186316 1.434478 -1.173672
    77 0.000000 3.367188 0.862793 0.000000 0.000000 0.000000
    78 0.001152 -1.103516 1.960938 0.000000 0.000000 0.000000
    79 0.001152 -2.781250 2.525391 0.000000 0.000000 0.000000
    80 0.205054 -9.155938 2.299638 3.128767 1.025159 3.139289
    81 -0.003574 -2.246094 1.304688 0.000000 0.000000 0.000000
    82 0.001150 -4.261719 1.683594 0.000000 0.000000 0.000000
  time 71
    0 1.629157 0.000000 0.541027 0.000000 0.000000 -1.570796
    1 1.493459 8.922333 -6.634452 2.169759 -1.415056 -1.235434
    2 -0.005512 -10.701926 -0.006478 0.124518 0.149385 0.164074
    3 -0.653320 -3.628906 -0.348633 -1.003534 -0.000001 -0.122159
    4 -0.013245 -1.509766 -0.000001 -1.090796 0.000000 0.000000
    5 0.000000 -0.953125 -0.000002 -1.223438 0.000000 0.000000
    6 0.007988 0.172184 -0.118553 -1.598091 -0.216549 -1.570593
    7 0.080660 0.135929 -0.203919 -1.506824 -0.066185 -1.662786
    8 0.117288 -0.155554 -0.604544 -1.412988 -0.374558 -1.569222
    9 0.128052 -3.763672 -0.348633 -0.890091 0.000000 -0.148347
    10 -0.006790 -1.567259 0.006726 -1.212969 0.000000 0.000009
    11 0.000000 -1.164063 0.000001 -1.279286 0.000000 0.000000
    12 -0.018589 0.129953 -0.123721 -1.294580 0.001302 -1.635383
    13 -0.006160 0.170065 -0.110169 -1.280084 -0.068681 -1.597215
    14 0.047100 -0.104074 -0.352264 -1.243368 -0.257298 -1.694346
    15 0.949953 -3.613996 -0.344216 -0.005379 -0.012589 0.137866
    16 -0.021700 -1.596358 -0.003443 0.068641 -0.018025 -0.009696
    17 -0.002829 -0.941812 0.007065 -0.010102 -0.023813 -0.036027
    18 -0.022325 0.045424 -0.038284 -1.125544 -0.129230 -1.681412
    19 -0.042900 -0.061274 -0.071212 -1.124462 -0.060454 -1.586099
    20 0.063741 -0.109104 -0.248158 -1.142813 -0.125805 -1.693583
    21 -1.408203 -3.246094 -0.348633 -0.788776 0.052706 -0.017693
    22 0.013458 -1.204102 0.000000 -0.931992 0.000000 0.000000
    23 -0.013008 -0.789551 0.000000 -1.061140 0.000000 0.000000
    24 -0.011721 0.093267 0.017949 -1.687855 -0.079155 -1.575164
    25 0.048863 -0.085541 0.028626 -1.715605 -0.034569 -1.653190
    26 0.173918 -0.198416 -0.336163 -1.668104 -0.422317 -1.710956
    27 0.438974 -0.490226 0.392416 0.802122 -0.501423 -1.173489
    28 2.352359 0.010252 0.005009 -0.292727 -0.088351 -0.686245
    29 1.245306 0.004522 -0.002867 -0.000016 0.000022 -0.434385
    30 -0.267709 0.037512 -0.093907 2.913812 -0.143386 0.078467
    31 -0.029266 0.205408 -0.329287 2.788574 -0.255486 -0.188917
    32 0.204373 0.521055 -0.268577 2.886669 0.042206 -0.230367
    33 0.195697 -0.010059 -0.293538 -1.333586 0.150863 -1.672749
    34 1.257181 8.762590 -0.153713 -1.570562 0.002683 -1.566808
    35 -0.093500 -0.114213 -0.738866 -1.570842 0.061811 0.002096
    36 0.010843 0.093624 -0.081439 -3.141462 0.041719 -1.568236
    37 11.131923 -9.868119 -13.447006 -0.805720 0.444896 1.538812
    38 0.108654 -10.677050 -0.005453 -0.218301 -0.573198 0.615585
    39 0.549521 -3.650577 -0.344972 -1.338246 -0.046218 -0.024582
    40 0.021778 -1.503640 0.001039 -0.538281 0.000001 -0.000004
    41 0.012045 -0.928479 -0.000677 -0.880754 -0.000002 -0.000001
    42 0.006928 0.005329 -0.181358 -1.528500 -0.248579 -1.611362
    43 -0.052313 0.038589 -0.230757 -1.592493 -0.043415 -1.528515
    44 -0.232600 -0.209656 -0.420669 -1.713790 -0.167173 -1.438930
    45 -0.214374 -3.737618 -0.346082 -1.282489 -0.000005 -0.000020
    46 0.019801 -1.578467 0.006170 -0.954809 0.000020 -0.000009
    47 0.000478 -1.172547 0.000249 -0.932235 0.000021 0.000018
    48 -0.038065 0.069166 -0.159883 -1.816986 0.066178 -1.575392
    49 -0.025151 0.088762 -0.068837 -1.817843 0.044510 -1.568287
    50 -0.102916 -0.186983 -0.272246 -1.833683 -0.232962 -1.472375
    51 -1.030272 -3.578138 -0.343160 -1.274543 0.000019 -0.000003
    52 0.001133 -1.610108 0.002370 -1.008689 0.000003 -0.000002
    53 0.001880 -0.946060 0.004418 -0.915551 0.000001 0.000001
    54 -0.004241 0.043707 -0.080203 -2.014997 -0.186996 -1.460723
    55 0.015383 -0.089136 -0.030010 -2.006083 0.036346 -1.568629
    56 -0.022610 -0.212357 -0.177905 -1.933161 -0.118801 -1.518895
    57 1.309013 -3.227548 -0.342207 -1.214066 -0.066932 -0.041063
    58 0.000595 -1.242324 0.006085 -0.305590 0.000004 0.000009
    59 0.003175 -0.774607 -0.000316 -0.878388 -0.000006 -0.000004
    60 -0.067138 0.063251 -0.010961 -0.899214 -0.014515 -1.600326
    61 -0.151180 -0.007395 -0.070065 -0.913061 -0.118819 -1.408558
    62 -0.178164 -0.244680 -0.357067 -1.159916 -0.384260 -1.556110
    63 -0.387544 -0.463665 0.383766 -0.861483 -0.536578 -2.316731
    64 2.472082 0.027425 0.001225 0.000015 0.000004 0.990054
    65 1.223419 0.009356 -0.005766 -0.000003 -0.000006 0.926399
    66 -0.263409 -0.117640 -0.015659 0.000036 -0.082210 -0.026800
    67 0.007707 -0.334360 -0.191575 0.070788 -0.181563 0.282364
    68 0.225562 -0.567923 -0.420715 0.119895 -0.183798 0.223460
    69 -0.203683 -0.095654 -0.328305 -1.745077 0.075142 -1.515382
    70 -1.393460 8.839182 -0.239439 1.580804 -0.005024 -1.566848
    71 0.036020 0.082815 -0.692656 -1.570769 0.065989 0.001276
    72 -0.088586 0.054020 -0.088594 0.010231 0.033800 -1.560851
    73 0.120153 -0.050270 -0.054489 -2.854024 0.030688 -1.580508
    74 -0.139399 -0.111694 0.014400 0.285395 -0.031353 1.580313
    75 -0.003479 -0.404833 0.000000 0.000000 0.000000 0.000000
    76 -0.313965 -4.589844 0.951660 -1.186316 1.434478 -1.173672
    77 0.000000 3.367188 0.862793 0.000000 0.000000 0.000000
    78 0.001152 -1.103516 1.960938 0.000000 0.000000 0.000000
    79 0.001152 -2.781250 2.525391 0.000000 0.000000 0.000000
    80 0.165990 -9.136406 2.295732 3.132785 0.709274 -3.138714
    81 -0.003574 -2.246094 1.304688 0.000000 0.000000 0.000000
    82 0.001150 -4.261719 1.683594 0.000000 0.000000 0.000000
  time 72
    0 1.629157 0.000000 0.541027 0.000000 0.000000 -1.570796
    1 1.477833 8.934052 -6.646171 2.163149 -1.416141 -1.227876
    2 -0.001605 -10.698019 -0.006478 0.145278 -0.010263 0.172131
    3 -0.653320 -3.628906 -0.348633 -1.003534 -0.000001 -0.122159
    4 -0.013245 -1.509766 -0.000001 -1.090796 0.000000 0.000000
    5 0.000000 -0.953125 -0.000002 -1.223438 0.000000 0.000000
    6 0.007988 0.172184 -0.118553 -1.598091 -0.216549 -1.570593
    7 0.080660 0.135929 -0.203919 -1.506824 -0.066185 -1.662786
    8 0.117288 -0.155554 -0.604544 -1.412988 -0.374558 -1.569222
    9 0.128052 -3.763672 -0.348633 -0.890091 0.000000 -0.148347
    10 -0.006790 -1.567259 0.006726 -1.212969 0.000000 0.000009
    11 0.000000 -1.164063 0.000001 -1.279286 0.000000 0.000000
    12 -0.018589 0.129953 -0.123721 -1.294580 0.001302 -1.635383
    13 -0.006160 0.170065 -0.110169 -1.280084 -0.068681 -1.597215
    14 0.047100 -0.104074 -0.352264 -1.243368 -0.257298 -1.694346
    15 0.953860 -3.617903 -0.344216 -0.006374 -0.012553 0.137854
    16 -0.017794 -1.596358 -0.003443 0.067641 -0.017953 -0.009540
    17 -0.002829 -0.941812 0.007065 -0.012850 -0.023921 -0.034972
    18 -0.022325 0.045424 -0.038284 -1.125544 -0.129230 -1.681412
    19 -0.042900 -0.061274 -0.071212 -1.124462 -0.060454 -1.586099
    20 0.063741 -0.109104 -0.248158 -1.142813 -0.125805 -1.693583
    21 -1.408203 -3.246094 -0.348633 -0.788776 0.052706 -0.017693
    22 0.013458 -1.204102 0.000000 -0.931992 0.000000 0.000000
    23 -0.013008 -0.789551 0.000000 -1.061140 0.000000 0.000000
    24 -0.011721 0.093267 0.017949 -1.687855 -0.079155 -1.575164
    25 0.048863 -0.085541 0.028626 -1.715605 -0.034569 -1.653190
    26 0.173918 -0.198416 -0.336163 -1.668104 -0.422317 -1.710956
    27 0.438974 -0.490226 0.392416 0.802035 -0.501596 -1.173264
    28 2.352359 0.010252 0.005009 -0.292715 -0.088411 -0.686422
    29 1.249212 0.004522 -0.002867 -0.000016 0.000022 -0.433004
    30 -0.267709 0.037512 -0.093907 2.913812 -0.143386 0.078467
    31 -0.029266 0.205408 -0.329287 2.788574 -0.255486 -0.188917
    32 0.204373 0.521055 -0.268577 2.886669 0.042206 -0.230367
    33 0.195697 -0.010059 -0.293538 -1.333586 0.150863 -1.672749
    34 1.257181 8.762590 -0.153713 -1.570562 0.002683 -1.566808
    35 -0.093500 -0.114213 -0.738866 -1.570842 0.061811 0.002096
    36 0.010843 0.093624 -0.081439 -3.141462 0.041719 -1.568236
    37 10.924885 -10.344696 -13.306377 -0.863900 0.441064 1.535944
    38 0.104748 -10.673144 -0.001547 0.071246 -0.561065 0.626255
    39 0.549521 -3.646670 -0.341066 -1.345385 -0.046218 -0.024582
    40 0.025684 -1.507546 0.001039 -0.542802 0.000001 -0.000004
    41 0.012045 -0.932386 -0.004583 -0.898003 -0.000002 -0.000001
    42 0.006928 0.005329 -0.181358 -1.528500 -0.248579 -1.611362
    43 -0.052313 0.038589 -0.230757 -1.592493 -0.043415 -1.528515
    44 -0.232600 -0.209656 -0.420669 -1.713790 -0.167173 -1.438930
    45 -0.218280 -3.737618 -0.346082 -1.290825 -0.000005 -0.000020
    46 0.019801 -1.578467 0.006170 -0.961858 0.000020 -0.000009
    47 0.004384 -1.176453 0.000249 -0.951449 0.000021 0.000018
    48 -0.038065 0.069166 -0.159883 -1.816986 0.066178 -1.575392
    49 -0.025151 0.088762 -0.068837 -1.817843 0.044510 -1.568287
    50 -0.102916 -0.186983 -0.272246 -1.833683 -0.232962 -1.472375
    51 -1.034178 -3.582044 -0.343160 -1.277467 0.000019 -0.000003
    52 0.001133 -1.610108 0.002370 -1.016197 0.000003 -0.000002
    53 0.005787 -0.946060 0.004418 -0.945341 0.000001 0.000001
    54 -0.004241 0.043707 -0.080203 -2.014997 -0.186996 -1.460723
    55 0.015383 -0.089136 -0.030010 -2.006083 0.036346 -1.568629
    56 -0.022610 -0.212357 -0.177905 -1.933161 -0.118801 -1.518895
    57 1.305107 -3.227548 -0.342207 -1.225363 -0.066932 -0.041063
    58 0.000595 -1.242324 0.002179 -0.309981 0.000004 0.000009
    59 0.003175 -0.774607 -0.000316 -0.896294 -0.000006 -0.000004
    60 -0.067138 0.063251 -0.010961 -0.899214 -0.014515 -1.600326
    61 -0.151180 -0.007395 -0.070065 -0.913061 -0.118819 -1.408558
    62 -0.178164 -0.244680 -0.357067 -1.159916 -0.384260 -1.556110
    63 -0.391451 -0.463665 0.379860 -0.863128 -0.533368 -2.313504
    64 2.472082 0.027425 0.001225 0.000015 0.000004 1.009305
    65 1.223419 0.009356 -0.005766 -0.000003 -0.000006 0.953728
    66 -0.263409 -0.117640 -0.015659 0.000036 -0.082210 -0.026800
    67 0.007707 -0.334360 -0.191575 0.070788 -0.181563 0.282364
    68 0.225562 -0.567923 -0.420715 0.119895 -0.183798 0.223460
    69 -0.203683 -0.095654 -0.328305 -1.745077 0.075142 -1.515382
    70 -1.393460 8.839182 -0.239439 1.580804 -0.005024 -1.566848
    71 0.036020 0.082815 -0.692656 -1.570769 0.065989 0.001276
    72 -0.088586 0.054020 -0.088594 0.010231 0.033800 -1.560851
    73 0.120153 -0.050270 -0.054489 -2.854024 0.030688 -1.580508
    74 -0.139399 -0.111694 0.014400 0.285395 -0.031353 1.580313
    75 -0.003479 -0.404833 0.000000 0.000000 0.000000 0.000000
    76 -0.313965 -4.589844 0.951660 -1.186316 1.434478 -1.173672
    77 0.000000 3.367188 0.862793 0.000000 0.000000 0.000000
    78 0.001152 -1.103516 1.960938 0.000000 0.000000 0.000000
    79 0.001152 -2.781250 2.525391 0.000000 0.000000 0.000000
    80 0.099582 -9.105155 2.287919 3.134890 0.209079 -3.134400
    81 -0.003574 -2.246094 1.304688 0.000000 0.000000 0.000000
    82 0.001150 -4.261719 1.683594 0.000000 0.000000 0.000000
  time 73
    0 1.629157 0.000000 0.541027 0.000000 0.000000 -1.570796
    1 1.423144 8.992648 -6.696954 2.228533 -1.415999 -1.291038
    2 -0.005512 -10.701926 -0.002571 0.164678 -0.172357 0.175837
    3 -0.653320 -3.628906 -0.348633 -1.003534 -0.000001 -0.122159
    4 -0.013245 -1.509766 -0.000001 -1.090796 0.000000 0.000000
    5 0.000000 -0.953125 -0.000002 -1.223438 0.000000 0.000000
    6 0.007988 0.172184 -0.118553 -1.598091 -0.216549 -1.570593
    7 0.080660 0.135929 -0.203919 -1.506824 -0.066185 -1.662786
    8 0.117288 -0.155554 -0.604544 -1.412988 -0.374558 -1.569222
    9 0.128052 -3.763672 -0.348633 -0.890091 0.000000 -0.148347
    10 -0.006790 -1.567259 0.006726 -1.212969 0.000000 0.000009
    11 0.000000 -1.164063 0.000001 -1.279286 0.000000 0.000000
    12 -0.018589 0.129953 -0.123721 -1.294580 0.001302 -1.635383
    13 -0.006160 0.170065 -0.110169 -1.280084 -0.068681 -1.597215
    14 0.047100 -0.104074 -0.352264 -1.243368 -0.257298 -1.694346
    15 0.949953 -3.617903 -0.344216 -0.007453 -0.012517 0.137854
    16 -0.017794 -1.596358 -0.003443 0.066436 -0.017881 -0.009336
    17 -0.002829 -0.937906 0.007065 -0.016010 -0.024029 -0.033893
    18 -0.022325 0.045424 -0.038284 -1.125544 -0.129230 -1.681412
    19 -0.042900 -0.061274 -0.071212 -1.124462 -0.060454 -1.586099
    20 0.063741 -0.109104 -0.248158 -1.142813 -0.125805 -1.693583
    21 -1.408203 -3.246094 -0.348633 -0.788776 0.052706 -0.017693
    22 0.013458 -1.204102 0.000000 -0.931992 0.000000 0.000000
    23 -0.013008 -0.789551 0.000000 -1.061140 0.000000 0.000000
    24 -0.011721 0.093267 0.017949 -1.687855 -0.079155 -1.575164
    25 0.048863 -0.085541 0.028626 -1.715605 -0.034569 -1.653190
    26 0.173918 -0.198416 -0.336163 -1.668104 -0.422317 -1.710956
    27 0.442881 -0.486320 0.396323 0.801772 -0.501732 -1.173095
    28 2.356266 0.010252 0.005009 -0.292703 -0.088447 -0.686523
    29 1.249212 0.004522 -0.002867 -0.000016 0.000022 -0.431664
    30 -0.267709 0.037512 -0.093907 2.913812 -0.143386 0.078467
    31 -0.029266 0.205408 -0.329287 2.788574 -0.255486 -0.188917
    32 0.204373 0.521055 -0.268577 2.886669 0.042206 -0.230367
    33 0.195697 -0.010059 -0.293538 -1.333586 0.150863 -1.672749
    34 1.257181 8.762590 -0.153713 -1.570562 0.002683 -1.566808
    35 -0.093500 -0.114213 -0.738866 -1.570842 0.061811 0.002096
    36 0.010843 0.093624 -0.081439 -3.141462 0.041719 -1.568236
    37 10.838945 -10.805648 -12.923553 -0.923891 0.436998 1.533555
    38 0.104748 -10.673144 -0.005453 0.368674 -0.551982 0.642373
    39 0.549521 -3.650577 -0.341066 -1.345085 -0.046218 -0.024582
    40 0.025684 -1.503640 0.001039 -0.543367 0.000001 -0.000004
    41 0.012045 -0.928479 -0.004583 -0.899484 -0.000002 -0.000001
    42 0.006928 0.005329 -0.181358 -1.528500 -0.248579 -1.611362
    43 -0.052313 0.038589 -0.230757 -1.592493 -0.043415 -1.528515
    44 -0.232600 -0.209656 -0.420669 -1.713790 -0.167173 -1.438930
    45 -0.218280 -3.741524 -0.342176 -1.290783 -0.000005 -0.000020
    46 0.019801 -1.582373 0.006170 -0.961858 0.000020 -0.000009
    47 0.000478 -1.172547 0.000249 -0.952164 0.000021 0.000018
    48 -0.038065 0.069166 -0.159883 -1.816986 0.066178 -1.575392
    49 -0.025151 0.088762 -0.068837 -1.817843 0.044510 -1.568287
    50 -0.102916 -0.186983 -0.272246 -1.833683 -0.232962 -1.472375
    51 -1.034178 -3.582044 -0.343160 -1.277267 0.000019 -0.000003
    52 0.001133 -1.610108 0.006276 -1.014832 0.000003 -0.000002
    53 0.005787 -0.946060 0.004418 -0.948745 0.000001 0.000001
    54 -0.004241 0.043707 -0.080203 -2.014997 -0.186996 -1.460723
    55 0.015383 -0.089136 -0.030010 -2.006083 0.036346 -1.568629
    56 -0.022610 -0.212357 -0.177905 -1.933161 -0.118801 -1.518895
    57 1.305107 -3.227548 -0.342207 -1.226185 -0.066932 -0.041063
    58 0.000595 -1.242324 0.006085 -0.309193 0.000004 0.000009
    59 0.003175 -0.774607 -0.000316 -0.898525 -0.000006 -0.000004
    60 -0.067138 0.063251 -0.010961 -0.899214 -0.014515 -1.600326
    61 -0.151180 -0.007395 -0.070065 -0.913061 -0.118819 -1.408558
    62 -0.178164 -0.244680 -0.357067 -1.159916 -0.384260 -1.556110
    63 -0.391451 -0.463665 0.383766 -0.863062 -0.533548 -2.313685
    64 2.472082 0.027425 0.001225 0.000015 0.000004 1.009506
    65 1.227325 0.009356 -0.001860 -0.000003 -0.000006 0.955841
    66 -0.263409 -0.117640 -0.015659 0.000036 -0.082210 -0.026800
    67 0.007707 -0.334360 -0.191575 0.070788 -0.181563 0.282364
    68 0.225562 -0.567923 -0.420715 0.119895 -0.183798 0.223460
    69 -0.203683 -0.095654 -0.328305 -1.745077 0.075142 -1.515382
    70 -1.393460 8.839182 -0.239439 1.580804 -0.005024 -1.566848
    71 0.036020 0.082815 -0.692656 -1.570769 0.065989 0.001276
    72 -0.088586 0.054020 -0.088594 0.010231 0.033800 -1.560851
    73 0.120153 -0.050270 -0.054489 -2.854024 0.030688 -1.580508
    74 -0.139399 -0.111694 0.014400 0.285395 -0.031353 1.580313
    75 -0.003479 -0.404833 0.000000 0.000000 0.000000 0.000000
    76 -0.313965 -4.589844 0.951660 -1.186316 1.434478 -1.173672
    77 0.000000 3.367188 0.862793 0.000000 0.000000 0.000000
    78 0.001152 -1.103516 1.960938 0.000000 0.000000 0.000000
    79 0.001152 -2.781250 2.525391 0.000000 0.000000 0.000000
    80 0.033173 -9.077810 2.280106 3.134603 -0.352489 -3.130565
    81 -0.003574 -2.246094 1.304688 0.000000 0.000000 0.000000
    82 0.001150 -4.261719 1.683594 0.000000 0.000000 0.000000
  time 74
    0 1.629157 0.000000 0.541027 0.000000 0.000000 -1.570796
    1 1.337204 9.059056 -6.775081 2.357783 -1.412839 -1.416731
    2 -0.001605 -10.698019 -0.002571 0.173073 -0.252931 0.175814
    3 -0.653320 -3.628906 -0.348633 -1.003534 -0.000001 -0.122159
    4 -0.013245 -1.509766 -0.000001 -1.090796 0.000000 0.000000
    5 0.000000 -0.953125 -0.000002 -1.223438 0.000000 0.000000
    6 0.007988 0.172184 -0.118553 -1.598091 -0.216549 -1.570593
    7 0.080660 0.135929 -0.203919 -1.506824 -0.066185 -1.662786
    8 0.117288 -0.155554 -0.604544 -1.412988 -0.374558 -1.569222
    9 0.128052 -3.763672 -0.348633 -0.890091 0.000000 -0.148347
    10 -0.006790 -1.567259 0.002820 -1.212969 0.000000 0.000009
    11 0.000000 -1.164063 0.000001 -1.279286 0.000000 0.000000
    12 -0.018589 0.129953 -0.123721 -1.294580 0.001302 -1.635383
    13 -0.006160 0.170065 -0.110169 -1.280084 -0.068681 -1.597215
    14 0.047100 -0.104074 -0.352264 -1.243368 -0.257298 -1.694346
    15 0.953860 -3.617903 -0.348122 -0.008615 -0.012481 0.137842
    16 -0.017794 -1.596358 -0.003443 0.065026 -0.017785 -0.009108
    17 -0.006735 -0.941812 0.007065 -0.019411 -0.024125 -0.032755
    18 -0.022325 0.045424 -0.038284 -1.125544 -0.129230 -1.681412
    19 -0.042900 -0.061274 -0.071212 -1.124462 -0.060454 -1.586099
    20 0.063741 -0.109104 -0.248158 -1.142813 -0.125805 -1.693583
    21 -1.408203 -3.246094 -0.348633 -0.788776 0.052706 -0.017693
    22 0.013458 -1.204102 0.000000 -0.931992 0.000000 0.000000
    23 -0.013008 -0.789551 0.000000 -1.061140 0.000000 0.000000
    24 -0.011721 0.093267 0.017949 -1.687855 -0.079155 -1.575164
    25 0.048863 -0.085541 0.028626 -1.715605 -0.034569 -1.653190
    26 0.173918 -0.198416 -0.336163 -1.668104 -0.422317 -1.710956
    27 0.442881 -0.490226 0.396323 0.801399 -0.501868 -1.172898
    28 2.352359 0.010252 0.005009 -0.292703 -0.088447 -0.686548
    29 1.249212 0.004522 -0.002867 -0.000016 0.000022 -0.430446
    30 -0.267709 0.037512 -0.093907 2.913812 -0.143386 0.078467
    31 -0.029266 0.205408 -0.329287 2.788574 -0.255486 -0.188917
    32 0.204373 0.521055 -0.268577 2.886669 0.042206 -0.230367
    33 0.195697 -0.010059 -0.293538 -1.333586 0.150863 -1.672749
    34 1.257181 8.762590 -0.153713 -1.570562 0.002683 -1.566808
    35 -0.093500 -0.114213 -0.738866 -1.570842 0.061811 0.002096
    36 0.010843 0.093624 -0.081439 -3.141462 0.041719 -1.568236
    37 10.795975 -11.145502 -12.552448 -0.960801 0.434007 1.531835
    38 0.104748 -10.673144 -0.005453 0.540697 -0.548415 0.653577
    39 0.553428 -3.646670 -0.341066 -1.339045 -0.046218 -0.024582
    40 0.021778 -1.503640 0.001039 -0.536868 0.000001 -0.000004
    41 0.012045 -0.928479 -0.004583 -0.876363 -0.000002 -0.000001
    42 0.006928 0.005329 -0.181358 -1.528500 -0.248579 -1.611362
    43 -0.052313 0.038589 -0.230757 -1.592493 -0.043415 -1.528515
    44 -0.232600 -0.209656 -0.420669 -1.713790 -0.167173 -1.438930
    45 -0.214374 -3.737618 -0.346082 -1.282785 -0.000005 -0.000020
    46 0.015894 -1.578467 0.006170 -0.954691 0.000020 -0.000009
    47 0.000478 -1.172547 0.000249 -0.930062 0.000021 0.000018
    48 -0.038065 0.069166 -0.159883 -1.816986 0.066178 -1.575392
    49 -0.025151 0.088762 -0.068837 -1.817843 0.044510 -1.568287
    50 -0.102916 -0.186983 -0.272246 -1.833683 -0.232962 -1.472375
    51 -1.030272 -3.578138 -0.343160 -1.275144 0.000019 -0.000003
    52 0.001133 -1.610108 0.002370 -1.012574 0.000003 -0.000002
    53 0.005787 -0.946060 0.004418 -0.905514 0.000001 0.000001
    54 -0.004241 0.043707 -0.080203 -2.014997 -0.186996 -1.460723
    55 0.015383 -0.089136 -0.030010 -2.006083 0.036346 -1.568629
    56 -0.022610 -0.212357 -0.177905 -1.933161 -0.118801 -1.518895
    57 1.309013 -3.223642 -0.342207 -1.211339 -0.066932 -0.041063
    58 0.004502 -1.242324 0.006085 -0.307898 0.000004 0.000009
    59 0.003175 -0.774607 -0.000316 -0.871540 -0.000006 -0.000004
    60 -0.067138 0.063251 -0.010961 -0.899214 -0.014515 -1.600326
    61 -0.151180 -0.007395 -0.070065 -0.913061 -0.118819 -1.408558
    62 -0.178164 -0.244680 -0.357067 -1.159916 -0.384260 -1.556110
    63 -0.387544 -0.463665 0.383766 -0.861750 -0.536077 -2.316189
    64 2.472082 0.027425 0.001225 0.000015 0.000004 0.989485
    65 1.227325 0.009356 -0.005766 -0.000003 -0.000006 0.920060
    66 -0.263409 -0.117640 -0.015659 0.000036 -0.082210 -0.026800
    67 0.007707 -0.334360 -0.191575 0.070788 -0.181563 0.282364
    68 0.225562 -0.567923 -0.420715 0.119895 -0.183798 0.223460
    69 -0.203683 -0.095654 -0.328305 -1.745077 0.075142 -1.515382
    70 -1.393460 8.839182 -0.239439 1.580804 -0.005024 -1.566848
    71 0.036020 0.082815 -0.692656 -1.570769 0.065989 0.001276
    72 -0.088586 0.054020 -0.088594 0.010231 0.033800 -1.560851
    73 0.120153 -0.050270 -0.054489 -2.854024 0.030688 -1.580508
    74 -0.139399 -0.111694 0.014400 0.285395 -0.031353 1.580313
    75 -0.003479 -0.404833 0.000000 0.000000 0.000000 0.000000
    76 -0.313965 -4.589844 0.951660 -1.186316 1.434478 -1.173672
    77 0.000000 3.367188 0.862793 0.000000 0.000000 0.000000
    78 0.001152 -1.103516 1.960938 0.000000 0.000000 0.000000
    79 0.001152 -2.781250 2.525391 0.000000 0.000000 0.000000
    80 -0.017609 -9.050466 2.272293 3.131446 -0.852732 -3.125388
    81 -0.003574 -2.246094 1.304688 0.000000 0.000000 0.000000
    82 0.001150 -4.261719 1.683594 0.000000 0.000000 0.000000
  time 75
    0 1.629157 0.000000 0.541027 0.000000 0.000000 -1.570796
    1 1.262983 9.129371 -6.845396 2.476940 -1.407699 -1.532617
    2 -0.005512 -10.701926 -0.002571 0.169694 -0.246307 0.174387
    3 -0.653320 -3.628906 -0.348633 -1.003534 -0.000001 -0.122159
    4 -0.013245 -1.509766 -0.000001 -1.090796 0.000000 0.000000
    5 0.000000 -0.953125 -0.000002 -1.223438 0.000000 0.000000
    6 0.007988 0.172184 -0.118553 -1.598091 -0.216549 -1.570593
    7 0.080660 0.135929 -0.203919 -1.506824 -0.066185 -1.662786
    8 0.117288 -0.155554 -0.604544 -1.412988 -0.374558 -1.569222
    9 0.128052 -3.763672 -0.348633 -0.890091 0.000000 -0.148347
    10 -0.006790 -1.563353 0.002820 -1.212969 0.000000 0.000009
    11 0.000000 -1.164063 0.000001 -1.279286 0.000000 0.000000
    12 -0.018589 0.129953 -0.123721 -1.294580 0.001302 -1.635383
    13 -0.006160 0.170065 -0.110169 -1.280084 -0.068681 -1.597215
    14 0.047100 -0.104074 -0.352264 -1.243368 -0.257298 -1.694346
    15 0.949953 -3.617903 -0.344216 -0.009873 -0.012422 0.137818
    16 -0.017794 -1.596358 -0.003443 0.063462 -0.017677 -0.008881
    17 -0.006735 -0.937906 0.007065 -0.023258 -0.024173 -0.031580
    18 -0.022325 0.045424 -0.038284 -1.125544 -0.129230 -1.681412
    19 -0.042900 -0.061274 -0.071212 -1.124462 -0.060454 -1.586099
    20 0.063741 -0.109104 -0.248158 -1.142813 -0.125805 -1.693583
    21 -1.408203 -3.246094 -0.348633 -0.788776 0.052706 -0.017693
    22 0.013458 -1.204102 0.000000 -0.931992 0.000000 0.000000
    23 -0.013008 -0.789551 0.000000 -1.061140 0.000000 0.000000
    24 -0.011721 0.093267 0.017949 -1.687855 -0.079155 -1.575164
    25 0.048863 -0.085541 0.028626 -1.715605 -0.034569 -1.653190
    26 0.173918 -0.198416 -0.336163 -1.668104 -0.422317 -1.710956
    27 0.438974 -0.490226 0.396323 0.800807 -0.501979 -1.172757
    28 2.352359 0.010252 0.005009 -0.292715 -0.088411 -0.686447
    29 1.249212 0.004522 -0.006774 -0.000016 0.000022 -0.429370
    30 -0.267709 0.037512 -0.093907 2.913812 -0.143386 0.078467
    31 -0.029266 0.205408 -0.329287 2.788574 -0.255486 -0.188917
    32 0.204373 0.521055 -0.268577 2.886669 0.042206 -0.230367
    33 0.195697 -0.010059 -0.293538 -1.333586 0.150863 -1.672749
    34 1.257181 8.762590 -0.153713 -1.570562 0.002683 -1.566808
    35 -0.093500 -0.114213 -0.738866 -1.570842 0.061811 0.002096
    36 0.010843 0.093624 -0.081439 -3.141462 0.041719 -1.568236
    37 10.737380 -11.176753 -12.478227 -0.940200 0.433633 1.531548
    38 0.104748 -10.673144 -0.005453 0.488538 -0.548207 0.652959
    39 0.549521 -3.646670 -0.344972 -1.321374 -0.046218 -0.024582
    40 0.021778 -1.503640 0.001039 -0.516713 0.000001 -0.000004
    41 0.008139 -0.928479 -0.004583 -0.804141 -0.000002 -0.000001
    42 0.006928 0.005329 -0.181358 -1.528500 -0.248579 -1.611362
    43 -0.052313 0.038589 -0.230757 -1.592493 -0.043415 -1.528515
    44 -0.232600 -0.209656 -0.420669 -1.713790 -0.167173 -1.438930
    45 -0.214374 -3.737618 -0.346082 -1.259172 -0.000005 -0.000020
    46 0.019801 -1.578467 0.002264 -0.933545 0.000020 -0.000009
    47 0.000478 -1.176453 0.000249 -0.862727 0.000021 0.000018
    48 -0.038065 0.069166 -0.159883 -1.816986 0.066178 -1.575392
    49 -0.025151 0.088762 -0.068837 -1.817843 0.044510 -1.568287
    50 -0.102916 -0.186983 -0.272246 -1.833683 -0.232962 -1.472375
    51 -1.030272 -3.578138 -0.347066 -1.267772 0.000019 -0.000003
    52 0.001133 -1.610108 0.006276 -1.011419 0.000003 -0.000002
    53 0.001880 -0.946060 0.004418 -0.769275 0.000001 0.000001
    54 -0.004241 0.043707 -0.080203 -2.014997 -0.186996 -1.460723
    55 0.015383 -0.089136 -0.030010 -2.006083 0.036346 -1.568629
    56 -0.022610 -0.212357 -0.177905 -1.933161 -0.118801 -1.518895
    57 1.305107 -3.227548 -0.342207 -1.165286 -0.066932 -0.041063
    58 0.000595 -1.242324 0.002179 -0.307166 0.000004 0.000009
    59 0.003175 -0.774607 -0.004222 -0.786321 -0.000006 -0.000004
    60 -0.067138 0.063251 -0.010961 -0.899214 -0.014515 -1.600326
    61 -0.151180 -0.007395 -0.070065 -0.913061 -0.118819 -1.408558
    62 -0.178164 -0.244680 -0.357067 -1.159916 -0.384260 -1.556110
    63 -0.387544 -0.463665 0.383766 -0.858127 -0.543160 -2.323365
    64 2.472082 0.027425 0.001225 0.000015 0.000004 0.929322
    65 1.227325 0.009356 -0.005766 -0.000003 -0.000006 0.808855
    66 -0.263409 -0.117640 -0.015659 0.000036 -0.082210 -0.026800
    67 0.007707 -0.334360 -0.191575 0.070788 -0.181563 0.282364
    68 0.225562 -0.567923 -0.420715 0.119895 -0.183798 0.223460
    69 -0.203683 -0.095654 -0.328305 -1.745077 0.075142 -1.515382
    70 -1.393460 8.839182 -0.239439 1.580804 -0.005024 -1.566848
    71 0.036020 0.082815 -0.692656 -1.570769 0.065989 0.001276
    72 -0.088586 0.054020 -0.088594 0.010231 0.033800 -1.560851
    73 0.120153 -0.050270 -0.054489 -2.854024 0.030688 -1.580508
    74 -0.139399 -0.111694 0.014400 0.285395 -0.031353 1.580313
    75 -0.003479 -0.404833 0.000000 0.000000 0.000000 0.000000
    76 -0.313965 -4.589844 0.951660 -1.186316 1.434478 -1.173672
    77 0.000000 3.367188 0.862793 0.000000 0.000000 0.000000
    78 0.001152 -1.103516 1.960938 0.000000 0.000000 0.000000
    79 0.001152 -2.781250 2.525391 0.000000 0.000000 0.000000
    80 -0.056673 -9.030934 2.272293 3.124653 -1.168617 -3.117526
    81 -0.003574 -2.246094 1.304688 0.000000 0.000000 0.000000
    82 0.001150 -4.261719 1.683594 0.000000 0.000000 0.000000
  time 76
    0 1.629157 0.000000 0.541027 0.000000 0.000000 -1.570796
    1 1.212200 9.184060 -6.892272 2.526067 -1.405953 -1.579943
    2 -0.001605 -10.698019 -0.002571 0.161996 -0.209540 0.171740
    3 -0.653320 -3.628906 -0.348633 -1.003534 -0.000001 -0.122159
    4 -0.013245 -1.509766 -0.000001 -1.090796 0.000000 0.000000
    5 0.000000 -0.953125 -0.000002 -1.223438 0.000000 0.000000
    6 0.007988 0.172184 -0.118553 -1.598091 -0.216549 -1.570593
    7 0.080660 0.135929 -0.203919 -1.506824 -0.066185 -1.662786
    8 0.117288 -0.155554 -0.604544 -1.412988 -0.374558 -1.569222
    9 0.128052 -3.763672 -0.348633 -0.890091 0.000000 -0.148347
    10 -0.002884 -1.567259 0.006726 -1.212969 0.000000 0.000009
    11 0.000000 -1.164063 0.000001 -1.279286 0.000000 0.000000
    12 -0.018589 0.129953 -0.123721 -1.294580 0.001302 -1.635383
    13 -0.006160 0.170065 -0.110169 -1.280084 -0.068681 -1.597215
    14 0.047100 -0.104074 -0.352264 -1.243368 -0.257298 -1.694346
    15 0.953860 -3.617903 -0.348122 -0.011264 -0.012374 0.137794
    16 -0.017794 -1.596358 -0.003443 0.061693 -0.017569 -0.008605
    17 -0.002829 -0.941812 0.007065 -0.027449 -0.024197 -0.030370
    18 -0.022325 0.045424 -0.038284 -1.125544 -0.129230 -1.681412
    19 -0.042900 -0.061274 -0.071212 -1.124462 -0.060454 -1.586099
    20 0.063741 -0.109104 -0.248158 -1.142813 -0.125805 -1.693583
    21 -1.408203 -3.246094 -0.348633 -0.788776 0.052706 -0.017693
    22 0.013458 -1.204102 0.000000 -0.931992 0.000000 0.000000
    23 -0.013008 -0.789551 0.000000 -1.061140 0.000000 0.000000
    24 -0.011721 0.093267 0.017949 -1.687855 -0.079155 -1.575164
    25 0.048863 -0.085541 0.028626 -1.715605 -0.034569 -1.653190
    26 0.173918 -0.198416 -0.336163 -1.668104 -0.422317 -1.710956
    27 0.442881 -0.490226 0.392416 0.800128 -0.502053 -1.172673
    28 2.352359 0.010252 0.005009 -0.292727 -0.088339 -0.686245
    29 1.245306 0.004522 -0.002867 -0.000016 0.000022 -0.428314
    30 -0.267709 0.037512 -0.093907 2.913812 -0.143386 0.078467
    31 -0.029266 0.205408 -0.329287 2.788574 -0.255486 -0.188917
    32 0.204373 0.521055 -0.268577 2.886669 0.042206 -0.230367
    33 0.195697 -0.010059 -0.293538 -1.333586 0.150863 -1.672749
    34 1.257181 8.762590 -0.153713 -1.570562 0.002683 -1.566808
    35 -0.093500 -0.114213 -0.738866 -1.570842 0.061811 0.002096
    36 0.010843 0.093624 -0.081439 -3.141462 0.041719 -1.568236
    37 10.698316 -10.989247 -12.556354 -0.898330 0.434381 1.532026
    38 0.104748 -10.673144 -0.005453 0.294646 -0.550800 0.645181
    39 0.549521 -3.650577 -0.341066 -1.293369 -0.046218 -0.024582
    40 0.025684 -1.503640 0.001039 -0.486292 0.000001 -0.000004
    41 0.008139 -0.928479 -0.004583 -0.695042 -0.000002 -0.000001
    42 0.006928 0.005329 -0.181358 -1.528500 -0.248579 -1.611362
    43 -0.052313 0.038589 -0.230757 -1.592493 -0.043415 -1.528515
    44 -0.232600 -0.209656 -0.420669 -1.713790 -0.167173 -1.438930
    45 -0.218280 -3.741524 -0.346082 -1.222399 -0.000005 -0.000020
    46 0.019801 -1.578467 0.006170 -0.900532 0.000020 -0.000009
    47 0.004384 -1.176453 0.000249 -0.759537 0.000021 0.000018
    48 -0.038065 0.069166 -0.159883 -1.816986 0.066178 -1.575392
    49 -0.025151 0.088762 -0.068837 -1.817843 0.044510 -1.568287
    50 -0.102916 -0.186983 -0.272246 -1.833683 -0.232962 -1.472375
    51 -1.034178 -3.582044 -0.343160 -1.255794 0.000019 -0.000003
    52 0.001133 -1.610108 0.006276 -1.008164 0.000003 -0.000002
    53 0.005787 -0.946060 0.004418 -0.564524 0.000001 0.000001
    54 -0.004241 0.043707 -0.080203 -2.014997 -0.186996 -1.460723
    55 0.015383 -0.089136 -0.030010 -2.006083 0.036346 -1.568629
    56 -0.022610 -0.212357 -0.177905 -1.933161 -0.118801 -1.518895
    57 1.305107 -3.227548 -0.342207 -1.095340 -0.066932 -0.041063
    58 0.000595 -1.242324 0.002179 -0.305365 0.000004 0.000009
    59 0.003175 -0.774607 -0.000316 -0.658443 -0.000006 -0.000004
    60 -0.067138 0.063251 -0.010961 -0.899214 -0.014515 -1.600326
    61 -0.151180 -0.007395 -0.070065 -0.913061 -0.118819 -1.408558
    62 -0.178164 -0.244680 -0.357067 -1.159916 -0.384260 -1.556110
    63 -0.391451 -0.463665 0.383766 -0.852036 -0.554579 -2.334982
    64 2.472082 0.027425 0.001225 0.000015 0.000004 0.836148
    65 1.223419 0.009356 -0.005766 -0.000003 -0.000006 0.640323
    66 -0.263409 -0.117640 -0.015659 0.000036 -0.082210 -0.026800
    67 0.007707 -0.334360 -0.191575 0.070788 -0.181563 0.282364
    68 0.225562 -0.567923 -0.420715 0.119895 -0.183798 0.223460
    69 -0.203683 -0.095654 -0.328305 -1.745077 0.075142 -1.515382
    70 -1.393460 8.839182 -0.239439 1.580804 -0.005024 -1.566848
    71 0.036020 0.082815 -0.692656 -1.570769 0.065989 0.001276
    72 -0.088586 0.054020 -0.088594 0.010231 0.033800 -1.560851
    73 0.120153 -0.050270 -0.054489 -2.854024 0.030688 -1.580508
    74 -0.139399 -0.111694 0.014400 0.285395 -0.031353 1.580313
    75 -0.003479 -0.404833 0.000000 0.000000 0.000000 0.000000
    76 -0.313965 -4.589844 0.951660 -1.186316 1.434478 -1.173672
    77 0.000000 3.367188 0.862793 0.000000 0.000000 0.000000
    78 0.001152 -1.103516 1.960938 0.000000 0.000000 0.000000
    79 0.001152 -2.781250 2.525391 0.000000 0.000000 0.000000
    80 -0.095737 -9.023121 2.268387 3.118052 -1.286734 -3.110432
    81 -0.003574 -2.246094 1.304688 0.000000 0.000000 0.000000
    82 0.001150 -4.261719 1.683594 0.000000 0.000000 0.000000
  time 77
    0 1.629157 0.000000 0.541027 0.000000 0.000000 -1.570796
    1 1.231732 9.191873 -6.892272 2.507041 -1.409727 -1.561409
    2 -0.001605 -10.701926 -0.002571 0.151408 -0.152739 0.167918
    3 -0.653320 -3.628906 -0.348633 -1.003534 -0.000001 -0.122159
    4 -0.013245 -1.509766 -0.000001 -1.090796 0.000000 0.000000
    5 0.000000 -0.953125 -0.000002 -1.223438 0.000000 0.000000
    6 0.007988 0.172184 -0.118553 -1.598091 -0.216549 -1.570593
    7 0.080660 0.135929 -0.203919 -1.506824 -0.066185 -1.662786
    8 0.117288 -0.155554 -0.604544 -1.412988 -0.374558 -1.569222
    9 0.128052 -3.763672 -0.348633 -0.890091 0.000000 -0.148347
    10 -0.006790 -1.567259 0.002820 -1.212969 0.000000 -0.000003
    11 0.000000 -1.164063 0.000001 -1.279286 0.000000 0.000000
    12 -0.018589 0.129953 -0.123721 -1.294580 0.001302 -1.635383
    13 -0.006160 0.170065 -0.110169 -1.280084 -0.068681 -1.597215
    14 0.047100 -0.104074 -0.352264 -1.243368 -0.257298 -1.694346
    15 0.949953 -3.613996 -0.348122 -0.012726 -0.012314 0.137770
    16 -0.017794 -1.596358 -0.003443 0.059719 -0.017461 -0.008281
    17 -0.002829 -0.941812 0.007065 -0.031949 -0.024197 -0.029112
    18 -0.022325 0.045424 -0.038284 -1.125544 -0.129230 -1.681412
    19 -0.042900 -0.061274 -0.071212 -1.124462 -0.060454 -1.586099
    20 0.063741 -0.109104 -0.248158 -1.142813 -0.125805 -1.693583
    21 -1.408203 -3.246094 -0.348633 -0.788776 0.052706 -0.017693
    22 0.013458 -1.204102 0.000000 -0.931992 0.000000 0.000000
    23 -0.013008 -0.789551 0.000000 -1.061140 0.000000 0.000000
    24 -0.011721 0.093267 0.017949 -1.687855 -0.079155 -1.575164
    25 0.048863 -0.085541 0.028626 -1.715605 -0.034569 -1.653190
    26 0.173918 -0.198416 -0.336163 -1.668104 -0.422317 -1.710956
    27 0.442881 -0.486320 0.396323 0.799273 -0.502115 -1.172560
    28 2.352359 0.010252 0.005009 -0.292763 -0.088231 -0.685866
    29 1.249212 0.004522 -0.002867 -0.000016 0.000022 -0.427441
    30 -0.267709 0.037512 -0.093907 2.913812 -0.143386 0.078467
    31 -0.029266 0.205408 -0.329287 2.788574 -0.255486 -0.188917
    32 0.204373 0.521055 -0.268577 2.886669 0.042206 -0.230367
    33 0.195697 -0.010059 -0.293538 -1.333586 0.150863 -1.672749
    34 1.257181 8.762590 -0.153713 -1.570562 0.002683 -1.566808
    35 -0.093500 -0.114213 -0.738866 -1.570842 0.061811 0.002096
    36 0.010843 0.093624 -0.081439 -3.141462 0.041719 -1.568236
    37 10.764724 -10.754865 -12.700890 -0.867429 0.435596 1.532695
    38 0.104748 -10.673144 -0.005453 0.097876 -0.555653 0.636617
    39 0.553428 -3.650577 -0.341066 -1.267062 -0.046218 -0.024582
    40 0.025684 -1.503640 0.001039 -0.458508 0.000001 -0.000004
    41 0.008139 -0.928479 -0.000677 -0.594884 -0.000002 -0.000001
    42 0.006928 0.005329 -0.181358 -1.528500 -0.248579 -1.611362
    43 -0.052313 0.038589 -0.230757 -1.592493 -0.043415 -1.528515
    44 -0.232600 -0.209656 -0.420669 -1.713790 -0.167173 -1.438930
    45 -0.214374 -3.737618 -0.346082 -1.187953 -0.000005 -0.000020
    46 0.019801 -1.578467 0.002264 -0.869694 0.000020 -0.000009
    47 0.000478 -1.176453 0.000249 -0.664039 0.000021 0.000018
    48 -0.038065 0.069166 -0.159883 -1.816986 0.066178 -1.575392
    49 -0.025151 0.088762 -0.068837 -1.817843 0.044510 -1.568287
    50 -0.102916 -0.186983 -0.272246 -1.833683 -0.232962 -1.472375
    51 -1.030272 -3.578138 -0.343160 -1.246099 0.000019 -0.000003
    52 0.001133 -1.610108 0.006276 -1.003701 0.000003 -0.000002
    53 0.005787 -0.946060 0.004418 -0.377316 0.000001 0.000001
    54 -0.004241 0.043707 -0.080203 -2.014997 -0.186996 -1.460723
    55 0.015383 -0.089136 -0.030010 -2.006083 0.036346 -1.568629
    56 -0.022610 -0.212357 -0.177905 -1.933161 -0.118801 -1.518895
    57 1.309013 -3.227548 -0.342207 -1.031108 -0.066932 -0.041063
    58 0.000595 -1.242324 0.002179 -0.302719 0.000004 0.000009
    59 0.003175 -0.774607 -0.000316 -0.541724 -0.000006 -0.000004
    60 -0.067138 0.063251 -0.010961 -0.899214 -0.014515 -1.600326
    61 -0.151180 -0.007395 -0.070065 -0.913061 -0.118819 -1.408558
    62 -0.178164 -0.244680 -0.357067 -1.159916 -0.384260 -1.556110
    63 -0.387544 -0.463665 0.383766 -0.846101 -0.565355 -2.346133
    64 2.472082 0.027425 0.001225 0.000015 0.000004 0.749402
    65 1.223419 0.009356 -0.005766 -0.000003 -0.000006 0.485525
    66 -0.263409 -0.117640 -0.015659 0.000036 -0.082210 -0.026800
    67 0.007707 -0.334360 -0.191575 0.070788 -0.181563 0.282364
    68 0.225562 -0.567923 -0.420715 0.119895 -0.183798 0.223460
    69 -0.203683 -0.095654 -0.328305 -1.745077 0.075142 -1.515382
    70 -1.393460 8.839182 -0.239439 1.580804 -0.005024 -1.566848
    71 0.036020 0.082815 -0.692656 -1.570769 0.065989 0.001276
    72 -0.088586 0.054020 -0.088594 0.010231 0.033800 -1.560851
    73 0.120153 -0.050270 -0.054489 -2.854024 0.030688 -1.580508
    74 -0.139399 -0.111694 0.014400 0.285395 -0.031353 1.580313
    75 -0.003479 -0.404833 0.000000 0.000000 0.000000 0.000000
    76 -0.313965 -4.589844 0.951660 -1.186316 1.434478 -1.173672
    77 0.000000 3.367188 0.862793 0.000000 0.000000 0.000000
    78 0.001152 -1.103516 1.960938 0.000000 0.000000 0.000000
    79 0.001152 -2.781250 2.525391 0.000000 0.000000 0.000000
    80 -0.119175 -9.023121 2.268387 3.117095 -1.301481 -3.109090
    81 -0.003574 -2.246094 1.304688 0.000000 0.000000 0.000000
    82 0.001150 -4.261719 1.683594 0.000000 0.000000 0.000000
  time 78
    0 1.629157 0.000000 0.541027 0.000000 0.000000 -1.570796
    1 1.298140 9.176247 -6.845396 2.460326 -1.415669 -1.514892
    2 -0.001605 -10.701926 -0.002571 0.139252 -0.085921 0.163176
    3 -0.653320 -3.628906 -0.348633 -1.003534 -0.000001 -0.122159
    4 -0.013245 -1.509766 -0.000001 -1.090796 0.000000 0.000000
    5 0.000000 -0.953125 -0.000002 -1.223438 0.000000 0.000000
    6 0.007988 0.172184 -0.118553 -1.598091 -0.216549 -1.570593
    7 0.080660 0.135929 -0.203919 -1.506824 -0.066185 -1.662786
    8 0.117288 -0.155554 -0.604544 -1.412988 -0.374558 -1.569222
    9 0.128052 -3.763672 -0.348633 -0.890091 0.000000 -0.148347
    10 -0.006790 -1.567259 0.006726 -1.212969 0.000000 0.000009
    11 0.000000 -1.164063 0.000001 -1.279286 0.000000 0.000000
    12 -0.018589 0.129953 -0.123721 -1.294580 0.001302 -1.635383
    13 -0.006160 0.170065 -0.110169 -1.280084 -0.068681 -1.597215
    14 0.047100 -0.104074 -0.352264 -1.243368 -0.257298 -1.694346
    15 0.949953 -3.617903 -0.344216 -0.014284 -0.012254 0.137746
    16 -0.021700 -1.596358 -0.003443 0.057540 -0.017342 -0.007982
    17 -0.006735 -0.941812 0.007065 -0.036827 -0.024161 -0.027805
    18 -0.022325 0.045424 -0.038284 -1.125544 -0.129230 -1.681412
    19 -0.042900 -0.061274 -0.071212 -1.124462 -0.060454 -1.586099
    20 0.063741 -0.109104 -0.248158 -1.142813 -0.125805 -1.693583
    21 -1.408203 -3.246094 -0.348633 -0.788776 0.052706 -0.017693
    22 0.013458 -1.204102 0.000000 -0.931992 0.000000 0.000000
    23 -0.013008 -0.789551 0.000000 -1.061140 0.000000 0.000000
    24 -0.011721 0.093267 0.017949 -1.687855 -0.079155 -1.575164
    25 0.048863 -0.085541 0.028626 -1.715605 -0.034569 -1.653190
    26 0.173918 -0.198416 -0.336163 -1.668104 -0.422317 -1.710956
    27 0.442881 -0.486320 0.396323 0.798265 -0.502127 -1.172504
    28 2.352359 0.014158 0.005009 -0.292811 -0.088075 -0.685386
    29 1.249212 0.004522 -0.006774 -0.000016 0.000022 -0.426690
    30 -0.267709 0.037512 -0.093907 2.913812 -0.143386 0.078467
    31 -0.029266 0.205408 -0.329287 2.788574 -0.255486 -0.188917
    32 0.204373 0.521055 -0.268577 2.886669 0.042206 -0.230367
    33 0.195697 -0.010059 -0.293538 -1.333586 0.150863 -1.672749
    34 1.257181 8.762590 -0.153713 -1.570562 0.002683 -1.566808
    35 -0.093500 -0.114213 -0.738866 -1.570842 0.061811 0.002096
    36 0.010843 0.093624 -0.081439 -3.141462 0.041719 -1.568236
    37 11.081140 -10.383760 -12.892302 -0.853122 0.436998 1.533555
    38 0.104748 -10.673144 -0.005453 -0.091147 -0.562973 0.627856
    39 0.549521 -3.650577 -0.341066 -1.254233 -0.046206 -0.024582
    40 0.025684 -1.503640 0.001039 -0.446076 0.000001 -0.000004
    41 0.012045 -0.932386 -0.004583 -0.549699 -0.000002 -0.000001
    42 0.006928 0.005329 -0.181358 -1.528500 -0.248579 -1.611362
    43 -0.052313 0.038589 -0.230757 -1.592493 -0.043415 -1.528515
    44 -0.232600 -0.209656 -0.420669 -1.713790 -0.167173 -1.438930
    45 -0.214374 -3.737618 -0.346082 -1.171534 -0.000005 -0.000020
    46 0.019801 -1.582373 0.006170 -0.855185 0.000020 -0.000009
    47 0.000478 -1.172547 0.000249 -0.619921 0.000021 0.000018
    48 -0.038065 0.069166 -0.159883 -1.816986 0.066178 -1.575392
    49 -0.025151 0.088762 -0.068837 -1.817843 0.044510 -1.568287
    50 -0.102916 -0.186983 -0.272246 -1.833683 -0.232962 -1.472375
    51 -1.030272 -3.582044 -0.343160 -1.245899 0.000019 -0.000003
    52 0.001133 -1.610108 0.002370 -0.998503 0.000003 -0.000002
    53 0.005787 -0.946060 0.004418 -0.293647 0.000001 0.000001
    54 -0.004241 0.043707 -0.080203 -2.014997 -0.186996 -1.460723
    55 0.015383 -0.089136 -0.030010 -2.006083 0.036346 -1.568629
    56 -0.022610 -0.212357 -0.177905 -1.933161 -0.118801 -1.518895
    57 1.309013 -3.227548 -0.342207 -1.002022 -0.066932 -0.041063
    58 0.000595 -1.242324 0.002179 -0.299622 0.000004 0.000009
    59 0.003175 -0.774607 -0.000316 -0.489781 -0.000006 -0.000004
    60 -0.067138 0.063251 -0.010961 -0.899214 -0.014515 -1.600326
    61 -0.151180 -0.007395 -0.070065 -0.913061 -0.118819 -1.408558
    62 -0.178164 -0.244680 -0.357067 -1.159916 -0.384260 -1.556110
    63 -0.391451 -0.463665 0.383766 -0.843100 -0.570673 -2.351761
    64 2.472082 0.027425 0.001225 0.000015 0.000004 0.708724
    65 1.223419 0.009356 -0.005766 -0.000003 -0.000006 0.415410
    66 -0.263409 -0.117640 -0.015659 0.000036 -0.082210 -0.026800
    67 0.007707 -0.334360 -0.191575 0.070788 -0.181563 0.282364
    68 0.225562 -0.567923 -0.420715 0.119895 -0.183798 0.223460
    69 -0.203683 -0.095654 -0.328305 -1.745077 0.075142 -1.515382
    70 -1.393460 8.839182 -0.239439 1.580804 -0.005024 -1.566848
    71 0.036020 0.082815 -0.692656 -1.570769 0.065989 0.001276
    72 -0.088586 0.054020 -0.088594 0.010231 0.033800 -1.560851
    73 0.120153 -0.050270 -0.054489 -2.854024 0.030688 -1.580508
    74 -0.139399 -0.111694 0.014400 0.285395 -0.031353 1.580313
    75 -0.003479 -0.404833 0.000000 0.000000 0.000000 0.000000
    76 -0.313965 -4.589844 0.951660 -1.186316 1.434478 -1.173672
    77 0.000000 3.367188 0.862793 0.000000 0.000000 0.000000
    78 0.001152 -1.103516 1.960938 0.000000 0.000000 0.000000
    79 0.001152 -2.781250 2.525391 0.000000 0.000000 0.000000
    80 -0.130894 -9.030934 2.268387 3.121113 -1.250989 -3.113020
    81 -0.003574 -2.246094 1.304688 0.000000 0.000000 0.000000
    82 0.001150 -4.261719 1.683594 0.000000 0.000000 0.000000
  time 79
    0 1.629157 0.000000 0.541027 0.000000 0.000000 -1.570796
    1 1.399706 9.141090 -6.782894 2.390743 -1.422461 -1.446062
    2 -0.001605 -10.698019 -0.002571 0.126887 -0.019126 0.157904
    3 -0.653320 -3.628906 -0.348633 -1.003534 -0.000001 -0.122159
    4 -0.013245 -1.509766 -0.000001 -1.090796 0.000000 0.000000
    5 0.000000 -0.953125 -0.000002 -1.223438 0.000000 0.000000
    6 0.007988 0.172184 -0.118553 -1.598091 -0.216549 -1.570593
    7 0.080660 0.135929 -0.203919 -1.506824 -0.066185 -1.662786
    8 0.117288 -0.155554 -0.604544 -1.412988 -0.374558 -1.569222
    9 0.128052 -3.763672 -0.348633 -0.890091 0.000000 -0.148347
    10 -0.006790 -1.567259 0.006726 -1.212969 0.000000 0.000009
    11 0.000000 -1.164063 0.000001 -1.279286 0.000000 0.000000
    12 -0.018589 0.129953 -0.123721 -1.294580 0.001302 -1.635383
    13 -0.006160 0.170065 -0.110169 -1.280084 -0.068681 -1.597215
    14 0.047100 -0.104074 -0.352264 -1.243368 -0.257298 -1.694346
    15 0.949953 -3.617903 -0.344216 -0.015950 -0.012182 0.137722
    16 -0.021700 -1.596358 -0.003443 0.055130 -0.017198 -0.007598
    17 -0.002829 -0.937906 0.007065 -0.042048 -0.024101 -0.026499
    18 -0.022325 0.045424 -0.038284 -1.125544 -0.129230 -1.681412
    19 -0.042900 -0.061274 -0.071212 -1.124462 -0.060454 -1.586099
    20 0.063741 -0.109104 -0.248158 -1.142813 -0.125805 -1.693583
    21 -1.408203 -3.246094 -0.348633 -0.788776 0.052706 -0.017693
    22 0.013458 -1.204102 0.000000 -0.931992 0.000000 0.000000
    23 -0.013008 -0.789551 0.000000 -1.061140 0.000000 0.000000
    24 -0.011721 0.093267 0.017949 -1.687855 -0.079155 -1.575164
    25 0.048863 -0.085541 0.028626 -1.715605 -0.034569 -1.653190
    26 0.173918 -0.198416 -0.336163 -1.668104 -0.422317 -1.710956
    27 0.442881 -0.486320 0.396323 0.797037 -0.502127 -1.172476
    28 2.352359 0.010252 0.005009 -0.292859 -0.087908 -0.684729
    29 1.245306 0.004522 -0.002867 -0.000016 0.000022 -0.426040
    30 -0.267709 0.037512 -0.093907 2.913812 -0.143386 0.078467
    31 -0.029266 0.205408 -0.329287 2.788574 -0.255486 -0.188917
    32 0.204373 0.521055 -0.268577 2.886669 0.042206 -0.230367
    33 0.195697 -0.010059 -0.293538 -1.333586 0.150863 -1.672749
    34 1.257181 8.762590 -0.153713 -1.570562 0.002683 -1.566808
    35 -0.093500 -0.114213 -0.738866 -1.570842 0.061811 0.002096
    36 0.010843 0.093624 -0.081439 -3.141462 0.041719 -1.568236
    37 11.624125 -9.836868 -13.200905 -0.841200 0.438914 1.534702
    38 0.108654 -10.673144 -0.001547 -0.319013 -0.573986 0.619151
    39 0.549521 -3.646670 -0.344972 -1.261870 -0.046218 -0.024582
    40 0.025684 -1.503640 0.001039 -0.457378 0.000001 -0.000004
    41 0.008139 -0.932386 -0.004583 -0.589540 -0.000002 -0.000001
    42 0.006928 0.005329 -0.181358 -1.528500 -0.248579 -1.611362
    43 -0.052313 0.038589 -0.230757 -1.592493 -0.043415 -1.528515
    44 -0.232600 -0.209656 -0.420669 -1.713790 -0.167173 -1.438930
    45 -0.214374 -3.737618 -0.346082 -1.182621 -0.000005 -0.000020
    46 0.019801 -1.582373 0.006170 -0.865523 0.000020 -0.000009
    47 0.004384 -1.172547 0.000249 -0.654832 0.000021 0.000018
    48 -0.038065 0.069166 -0.159883 -1.816986 0.066178 -1.575392
    49 -0.025151 0.088762 -0.068837 -1.817843 0.044510 -1.568287
    50 -0.102916 -0.186983 -0.272246 -1.833683 -0.232962 -1.472375
    51 -1.030272 -3.578138 -0.343160 -1.262284 0.000019 -0.000003
    52 0.001133 -1.610108 0.002370 -0.993200 0.000003 -0.000002
    53 0.005787 -0.946060 0.004418 -0.370625 0.000001 0.000001
    54 -0.004241 0.043707 -0.080203 -2.014997 -0.186996 -1.460723
    55 0.015383 -0.089136 -0.030010 -2.006083 0.036346 -1.568629
    56 -0.022610 -0.212357 -0.177905 -1.933161 -0.118801 -1.518895
    57 1.305107 -3.227548 -0.342207 -1.027256 -0.066932 -0.041079
    58 0.000595 -1.242324 0.002179 -0.296695 0.000004 0.000009
    59 0.003175 -0.774607 -0.004222 -0.538579 -0.000006 -0.000004
    60 -0.067138 0.063251 -0.010961 -0.899214 -0.014515 -1.600326
    61 -0.151180 -0.007395 -0.070065 -0.913061 -0.118819 -1.408558
    62 -0.178164 -0.244680 -0.357067 -1.159916 -0.384260 -1.556110
    63 -0.391451 -0.463665 0.383766 -0.844723 -0.567823 -2.348766
    64 2.472082 0.027425 0.001225 0.000015 0.000004 0.738454
    65 1.227325 0.009356 -0.005766 -0.000003 -0.000006 0.476156
    66 -0.263409 -0.117640 -0.015659 0.000036 -0.082210 -0.026800
    67 0.007707 -0.334360 -0.191575 0.070788 -0.181563 0.282364
    68 0.225562 -0.567923 -0.420715 0.119895 -0.183798 0.223460
    69 -0.203683 -0.095654 -0.328305 -1.745077 0.075142 -1.515382
    70 -1.393460 8.839182 -0.239439 1.580804 -0.005024 -1.566848
    71 0.036020 0.082815 -0.692656 -1.570769 0.065989 0.001276
    72 -0.088586 0.054020 -0.088594 0.010231 0.033800 -1.560851
    73 0.120153 -0.050270 -0.054489 -2.854024 0.030688 -1.580508
    74 -0.139399 -0.111694 0.014400 0.285395 -0.031353 1.580313
    75 -0.003479 -0.404833 0.000000 0.000000 0.000000 0.000000
    76 -0.313965 -4.589844 0.951660 -1.186316 1.434478 -1.173672
    77 0.000000 3.367188 0.862793 0.000000 0.000000 0.000000
    78 0.001152 -1.103516 1.960938 0.000000 0.000000 0.000000
    79 0.001152 -2.781250 2.525391 0.000000 0.000000 0.000000
    80 -0.142613 -9.042653 2.268387 3.125131 -1.174105 -3.117143
    81 -0.003574 -2.246094 1.304688 0.000000 0.000000 0.000000
    82 0.001150 -4.261719 1.683594 0.000000 0.000000 0.000000
  time 80
    0 1.629157 0.000000 0.541027 0.000000 0.000000 -1.570796
    1 1.520803 9.094214 -6.696954 2.304994 -1.428781 -1.361307
    2 -0.001605 -10.701926 -0.002571 0.115811 0.037583 0.153024
    3 -0.653320 -3.628906 -0.348633 -1.003534 -0.000001 -0.122159
    4 -0.013245 -1.509766 -0.000001 -1.090796 0.000000 0.000000
    5 0.000000 -0.953125 -0.000002 -1.223438 0.000000 0.000000
    6 0.007988 0.172184 -0.118553 -1.598091 -0.216549 -1.570593
    7 0.080660 0.135929 -0.203919 -1.506824 -0.066185 -1.662786
    8 0.117288 -0.155554 -0.604544 -1.412988 -0.374558 -1.569222
    9 0.128052 -3.763672 -0.348633 -0.890091 0.000000 -0.148347
    10 -0.006790 -1.563353 0.006726 -1.212969 0.000000 0.000009
    11 0.000000 -1.164063 0.000001 -1.279286 0.000000 0.000000
    12 -0.018589 0.129953 -0.123721 -1.294580 0.001302 -1.635383
    13 -0.006160 0.170065 -0.110169 -1.280084 -0.068681 -1.597215
    14 0.047100 -0.104074 -0.352264 -1.243368 -0.257298 -1.694346
    15 0.949953 -3.617903 -0.348122 -0.017675 -0.012122 0.137698
    16 -0.017794 -1.596358 -0.003443 0.052566 -0.017042 -0.007239
    17 -0.002829 -0.937906 0.007065 -0.047613 -0.023993 -0.025145
    18 -0.022325 0.045424 -0.038284 -1.125544 -0.129230 -1.681412
    19 -0.042900 -0.061274 -0.071212 -1.124462 -0.060454 -1.586099
    20 0.063741 -0.109104 -0.248158 -1.142813 -0.125805 -1.693583
    21 -1.408203 -3.246094 -0.348633 -0.788776 0.052706 -0.017693
    22 0.013458 -1.204102 0.000000 -0.931992 0.000000 0.000000
    23 -0.013008 -0.789551 0.000000 -1.061140 0.000000 0.000000
    24 -0.011721 0.093267 0.017949 -1.687855 -0.079155 -1.575164
    25 0.048863 -0.085541 0.028626 -1.715605 -0.034569 -1.653190
    26 0.173918 -0.198416 -0.336163 -1.668104 -0.422317 -1.710956
    27 0.438974 -0.490226 0.392416 0.795679 -0.502090 -1.172476
    28 2.352359 0.010252 0.005009 -0.292931 -0.087656 -0.683971
    29 1.245306 0.004522 -0.002867 -0.000016 0.000022 -0.425553
    30 -0.267709 0.037512 -0.093907 2.913812 -0.143386 0.078467
    31 -0.029266 0.205408 -0.329287 2.788574 -0.255486 -0.188917
    32 0.204373 0.521055 -0.268577 2.886669 0.042206 -0.230367
    33 0.195697 -0.010059 -0.293538 -1.333586 0.150863 -1.672749
    34 1.257181 8.762590 -0.153713 -1.570562 0.002683 -1.566808
    35 -0.093500 -0.114213 -0.738866 -1.570842 0.061811 0.002096
    36 0.010843 0.093624 -0.081439 -3.141462 0.041719 -1.568236
    37 12.210081 -9.286070 -13.513414 -0.833856 0.440877 1.535944
    38 0.104748 -10.673144 -0.005453 -0.530873 -0.585828 0.613535
    39 0.549521 -3.650577 -0.344972 -1.282537 -0.046206 -0.024582
    40 0.025684 -1.503640 0.001039 -0.483749 0.000001 -0.000004
    41 0.012045 -0.928479 -0.004583 -0.683878 -0.000002 -0.000001
    42 0.006928 0.005329 -0.181358 -1.528500 -0.248579 -1.611362
    43 -0.052313 0.038589 -0.230757 -1.592493 -0.043415 -1.528515
    44 -0.232600 -0.209656 -0.420669 -1.713790 -0.167173 -1.438930
    45 -0.218280 -3.737618 -0.346082 -1.211185 -0.000005 -0.000020
    46 0.015894 -1.578467 0.006170 -0.891486 0.000020 -0.000009
    47 0.004384 -1.172547 0.000249 -0.740151 0.000021 0.000018
    48 -0.038065 0.069166 -0.159883 -1.816986 0.066178 -1.575392
    49 -0.025151 0.088762 -0.068837 -1.817843 0.044510 -1.568287
    50 -0.102916 -0.186983 -0.272246 -1.833683 -0.232962 -1.472375
    51 -1.030272 -3.578138 -0.343160 -1.289726 0.000019 -0.000003
    52 0.001133 -1.610108 0.002370 -0.988685 0.000003 -0.000002
    53 0.001880 -0.946060 0.004418 -0.550996 0.000001 0.000001
    54 -0.004241 0.043707 -0.080203 -2.014997 -0.186996 -1.460723
    55 0.015383 -0.089136 -0.030010 -2.006083 0.036346 -1.568629
    56 -0.022610 -0.212357 -0.177905 -1.933161 -0.118801 -1.518895
    57 1.305107 -3.227548 -0.342207 -1.087376 -0.066932 -0.041063
    58 0.000595 -1.242324 0.006085 -0.293936 0.000004 0.000009
    59 0.003175 -0.774607 -0.004222 -0.652153 -0.000006 -0.000004
    60 -0.067138 0.063251 -0.010961 -0.899214 -0.014515 -1.600326
    61 -0.151180 -0.007395 -0.070065 -0.913061 -0.118819 -1.408558
    62 -0.178164 -0.244680 -0.357067 -1.159916 -0.384260 -1.556110
    63 -0.387544 -0.463665 0.383766 -0.849124 -0.559937 -2.340506
    64 2.472082 0.027425 0.001225 0.000015 0.000004 0.812913
    65 1.227325 0.009356 -0.005766 -0.000003 -0.000006 0.620806
    66 -0.263409 -0.117640 -0.015659 0.000036 -0.082210 -0.026800
    67 0.007707 -0.334360 -0.191575 0.070788 -0.181563 0.282364
    68 0.225562 -0.567923 -0.420715 0.119895 -0.183798 0.223460
    69 -0.203683 -0.095654 -0.328305 -1.745077 0.075142 -1.515382
    70 -1.393460 8.839182 -0.239439 1.580804 -0.005024 -1.566848
    71 0.036020 0.082815 -0.692656 -1.570769 0.065989 0.001276
    72 -0.088586 0.054020 -0.088594 0.010231 0.033800 -1.560851
    73 0.120153 -0.050270 -0.054489 -2.854024 0.030688 -1.580508
    74 -0.139399 -0.111694 0.014400 0.285395 -0.031353 1.580313
    75 -0.003479 -0.404833 0.000000 0.000000 0.000000 0.000000
    76 -0.313965 -4.589844 0.951660 -1.186316 1.434478 -1.173672
    77 0.000000 3.367188 0.862793 0.000000 0.000000 0.000000
    78 0.001152 -1.103516 1.960938 0.000000 0.000000 0.000000
    79 0.001152 -2.781250 2.525391 0.000000 0.000000 0.000000
    80 -0.146520 -9.050466 2.276200 3.127428 -1.109010 -3.119540
    81 -0.003574 -2.246094 1.304688 0.000000 0.000000 0.000000
    82 0.001150 -4.261719 1.683594 0.000000 0.000000 0.000000
  time 81
    0 1.629157 0.000000 0.541027 0.000000 0.000000 -1.570796
    1 1.634088 9.047337 -6.611014 2.212991 -1.433686 -1.270794
    2 -0.001605 -10.701926 -0.002571 0.107939 0.074281 0.149801
    3 -0.653320 -3.628906 -0.348633 -1.003534 -0.000001 -0.122159
    4 -0.013245 -1.509766 -0.000001 -1.090796 0.000000 0.000000
    5 0.000000 -0.953125 -0.000002 -1.223438 0.000000 0.000000
    6 0.007988 0.172184 -0.118553 -1.598091 -0.216549 -1.570593
    7 0.080660 0.135929 -0.203919 -1.506824 -0.066185 -1.662786
    8 0.117288 -0.155554 -0.604544 -1.412988 -0.374558 -1.569222
    9 0.128052 -3.763672 -0.348633 -0.890091 0.000000 -0.148347
    10 -0.006790 -1.567259 0.006726 -1.212969 0.000000 -0.000003
    11 0.000000 -1.164063 0.000001 -1.279286 0.000000 0.000000
    12 -0.018589 0.129953 -0.123721 -1.294580 0.001302 -1.635383
    13 -0.006160 0.170065 -0.110169 -1.280084 -0.068681 -1.597215
    14 0.047100 -0.104074 -0.352264 -1.243368 -0.257298 -1.694346
    15 0.949953 -3.617903 -0.344216 -0.019545 -0.012026 0.137674
    16 -0.021700 -1.596358 -0.003443 0.049694 -0.016850 -0.006795
    17 -0.006735 -0.941812 0.007065 -0.053556 -0.023837 -0.023755
    18 -0.022325 0.045424 -0.038284 -1.125544 -0.129230 -1.681412
    19 -0.042900 -0.061274 -0.071212 -1.124462 -0.060454 -1.586099
    20 0.063741 -0.109104 -0.248158 -1.142813 -0.125805 -1.693583
    21 -1.408203 -3.246094 -0.348633 -0.788776 0.052706 -0.017693
    22 0.013458 -1.204102 0.000000 -0.931992 0.000000 0.000000
    23 -0.013008 -0.789551 0.000000 -1.061140 0.000000 0.000000
    24 -0.011721 0.093267 0.017949 -1.687855 -0.079155 -1.575164
    25 0.048863 -0.085541 0.028626 -1.715605 -0.034569 -1.653190
    26 0.173918 -0.198416 -0.336163 -1.668104 -0.422317 -1.710956
    27 0.438974 -0.490226 0.396323 0.794100 -0.502016 -1.172504
    28 2.352359 0.010252 0.005009 -0.293015 -0.087380 -0.683011
    29 1.245306 0.004522 -0.002867 -0.000016 0.000022 -0.425228
    30 -0.267709 0.037512 -0.093907 2.913812 -0.143386 0.078467
    31 -0.029266 0.205408 -0.329287 2.788574 -0.255486 -0.188917
    32 0.204373 0.521055 -0.268577 2.886669 0.042206 -0.230367
    33 0.195697 -0.010059 -0.293538 -1.333586 0.150863 -1.672749
    34 1.257181 8.762590 -0.153713 -1.570562 0.002683 -1.566808
    35 -0.093500 -0.114213 -0.738866 -1.570842 0.061811 0.002096
    36 0.010843 0.093624 -0.081439 -3.141462 0.041719 -1.568236
    37 12.659313 -8.930591 -13.786860 -0.833665 0.442185 1.536900
    38 0.108654 -10.673144 -0.001547 -0.670563 -0.594559 0.611233
    39 0.553428 -3.650577 -0.344972 -1.305999 -0.046218 -0.024582
    40 0.025684 -1.507546 0.001039 -0.512946 0.000001 -0.000004
    41 0.012045 -0.928479 -0.004583 -0.788004 -0.000002 -0.000001
    42 0.006928 0.005329 -0.181358 -1.528500 -0.248579 -1.611362
    43 -0.052313 0.038589 -0.230757 -1.592493 -0.043415 -1.528515
    44 -0.232600 -0.209656 -0.420669 -1.713790 -0.167173 -1.438930
    45 -0.214374 -3.741524 -0.346082 -1.243261 -0.000005 -0.000020
    46 0.019801 -1.582373 0.006170 -0.920680 0.000020 -0.000009
    47 0.000478 -1.176453 0.000249 -0.835107 0.000021 0.000018
    48 -0.038065 0.069166 -0.159883 -1.816986 0.066178 -1.575392
    49 -0.025151 0.088762 -0.068837 -1.817843 0.044510 -1.568287
    50 -0.102916 -0.186983 -0.272246 -1.833683 -0.232962 -1.472375
    51 -1.030272 -3.582044 -0.347066 -1.316246 0.000019 -0.000003
    52 0.001133 -1.610108 0.002370 -0.985482 0.000003 -0.000002
    53 0.005787 -0.946060 0.004418 -0.749172 0.000001 0.000001
    54 -0.004241 0.043707 -0.080203 -2.014997 -0.186996 -1.460723
    55 0.015383 -0.089136 -0.030010 -2.006083 0.036346 -1.568629
    56 -0.022610 -0.212357 -0.177905 -1.933161 -0.118801 -1.518895
    57 1.309013 -3.227548 -0.342207 -1.153643 -0.066932 -0.041063
    58 0.000595 -1.242324 0.006085 -0.292078 0.000004 0.000009
    59 0.003175 -0.774607 -0.000316 -0.776785 -0.000006 -0.000004
    60 -0.067138 0.063251 -0.010961 -0.899214 -0.014515 -1.600326
    61 -0.151180 -0.007395 -0.070065 -0.913061 -0.118819 -1.408558
    62 -0.178164 -0.244680 -0.357067 -1.159916 -0.384260 -1.556110
    63 -0.387544 -0.463665 0.379860 -0.854103 -0.550766 -2.331032
    64 2.472082 0.027425 0.001225 0.000015 0.000004 0.896311
    65 1.227325 0.009356 -0.005766 -0.000003 -0.000006 0.780609
    66 -0.263409 -0.117640 -0.015659 0.000036 -0.082210 -0.026800
    67 0.007707 -0.334360 -0.191575 0.070788 -0.181563 0.282364
    68 0.225562 -0.567923 -0.420715 0.119895 -0.183798 0.223460
    69 -0.203683 -0.095654 -0.328305 -1.745077 0.075142 -1.515382
    70 -1.393460 8.839182 -0.239439 1.580804 -0.005024 -1.566848
    71 0.036020 0.082815 -0.692656 -1.570769 0.065989 0.001276
    72 -0.088586 0.054020 -0.088594 0.010231 0.033800 -1.560851
    73 0.120153 -0.050270 -0.054489 -2.854024 0.030688 -1.580508
    74 -0.139399 -0.111694 0.014400 0.285395 -0.031353 1.580313
    75 -0.003479 -0.404833 0.000000 0.000000 0.000000 0.000000
    76 -0.313965 -4.589844 0.951660 -1.186316 1.434478 -1.173672
    77 0.000000 3.367188 0.862793 0.000000 0.000000 0.000000
    78 0.001152 -1.103516 1.960938 0.000000 0.000000 0.000000
    79 0.001152 -2.781250 2.525391 0.000000 0.000000 0.000000
    80 -0.146520 -9.058278 2.284012 3.127619 -1.094359 -3.120115
    81 -0.003574 -2.246094 1.304688 0.000000 0.000000 0.000000
    82 0.001150 -4.261719 1.683594 0.000000 0.000000 0.000000
  time 82
    0 1.629157 0.000000 0.541027 0.000000 0.000000 -1.570796
    1 1.731747 8.996554 -6.536793 2.128581 -1.436846 -1.187928
    2 -0.001605 -10.701926 -0.006478 0.104943 0.080928 0.149640
    3 -0.653320 -3.628906 -0.348633 -1.003534 -0.000001 -0.122159
    4 -0.013245 -1.509766 -0.000001 -1.090796 0.000000 0.000000
    5 0.000000 -0.953125 -0.000002 -1.223438 0.000000 0.000000
    6 0.007988 0.172184 -0.118553 -1.598091 -0.216549 -1.570593
    7 0.080660 0.135929 -0.203919 -1.506824 -0.066185 -1.662786
    8 0.117288 -0.155554 -0.604544 -1.412988 -0.374558 -1.569222
    9 0.128052 -3.763672 -0.348633 -0.890091 0.000000 -0.148347
    10 -0.006790 -1.567259 0.006726 -1.212969 0.000000 0.000009
    11 0.000000 -1.164063 0.000001 -1.279286 0.000000 0.000000
    12 -0.018589 0.129953 -0.123721 -1.294580 0.001302 -1.635383
    13 -0.006160 0.170065 -0.110169 -1.280084 -0.068681 -1.597215
    14 0.047100 -0.104074 -0.352264 -1.243368 -0.257298 -1.694346
    15 0.949953 -3.613996 -0.344216 -0.021486 -0.011954 0.137638
    16 -0.021700 -1.596358 -0.003443 0.046695 -0.016670 -0.006376
    17 -0.006735 -0.941812 0.007065 -0.059808 -0.023681 -0.022352
    18 -0.022325 0.045424 -0.038284 -1.125544 -0.129230 -1.681412
    19 -0.042900 -0.061274 -0.071212 -1.124462 -0.060454 -1.586099
    20 0.063741 -0.109104 -0.248158 -1.142813 -0.125805 -1.693583
    21 -1.408203 -3.246094 -0.348633 -0.788776 0.052706 -0.017693
    22 0.013458 -1.204102 0.000000 -0.931992 0.000000 0.000000
    23 -0.013008 -0.789551 0.000000 -1.061140 0.000000 0.000000
    24 -0.011721 0.093267 0.017949 -1.687855 -0.079155 -1.575164
    25 0.048863 -0.085541 0.028626 -1.715605 -0.034569 -1.653190
    26 0.173918 -0.198416 -0.336163 -1.668104 -0.422317 -1.710956
    27 0.438974 -0.486320 0.396323 0.792325 -0.501880 -1.172532
    28 2.352359 0.010252 0.005009 -0.293123 -0.087057 -0.681899
    29 1.249212 0.004522 -0.002867 -0.000016 0.000022 -0.425086
    30 -0.267709 0.037512 -0.093907 2.913812 -0.143386 0.078467
    31 -0.029266 0.205408 -0.329287 2.788574 -0.255486 -0.188917
    32 0.204373 0.521055 -0.268577 2.886669 0.042206 -0.230367
    33 0.195697 -0.010059 -0.293538 -1.333586 0.150863 -1.672749
    34 1.257181 8.762590 -0.153713 -1.570562 0.002683 -1.566808
    35 -0.093500 -0.114213 -0.738866 -1.570842 0.061811 0.002096
    36 0.010843 0.093624 -0.081439 -3.141462 0.041719 -1.568236
    37 12.796036 -8.965748 -13.911864 -0.843203 0.442653 1.537091
    38 0.108654 -10.673144 -0.005453 -0.680704 -0.596177 0.610503
    39 0.549521 -3.646670 -0.344972 -1.322272 -0.046218 -0.024582
    40 0.025684 -1.507546 0.001039 -0.532159 0.000001 -0.000004
    41 0.008139 -0.928479 -0.004583 -0.856945 -0.000002 -0.000001
    42 0.006928 0.005329 -0.181358 -1.528500 -0.248579 -1.611362
    43 -0.052313 0.038589 -0.230757 -1.592493 -0.043415 -1.528515
    44 -0.232600 -0.209656 -0.420669 -1.713790 -0.167173 -1.438930
    45 -0.218280 -3.737618 -0.346082 -1.265266 -0.000005 -0.000020
    46 0.019801 -1.578467 0.006170 -0.940711 0.000020 -0.000009
    47 0.000478 -1.172547 0.000249 -0.898782 0.000021 0.000018
    48 -0.038065 0.069166 -0.159883 -1.816986 0.066178 -1.575392
    49 -0.025151 0.088762 -0.068837 -1.817843 0.044510 -1.568287
    50 -0.102916 -0.186983 -0.272246 -1.833683 -0.232962 -1.472375
    51 -1.034178 -3.578138 -0.347066 -1.329947 0.000019 -0.000003
    52 0.001133 -1.610108 0.002370 -0.984327 0.000003 -0.000002
    53 0.005787 -0.946060 0.000512 -0.879593 0.000001 0.000001
    54 -0.004241 0.043707 -0.080203 -2.014997 -0.186996 -1.460723
    55 0.015383 -0.089136 -0.030010 -2.006083 0.036346 -1.568629
    56 -0.022610 -0.212357 -0.177905 -1.933161 -0.118801 -1.518895
    57 1.305107 -3.227548 -0.346114 -1.197575 -0.066944 -0.041063
    58 0.000595 -1.242324 0.002179 -0.291459 0.000004 0.000009
    59 0.003175 -0.774607 -0.000316 -0.858605 -0.000006 -0.000004
    60 -0.067138 0.063251 -0.010961 -0.899214 -0.014515 -1.600326
    61 -0.151180 -0.007395 -0.070065 -0.913061 -0.118819 -1.408558
    62 -0.178164 -0.244680 -0.357067 -1.159916 -0.384260 -1.556110
    63 -0.387544 -0.463665 0.379860 -0.857549 -0.544244 -2.324450
    64 2.472082 0.027425 0.001225 0.000015 0.000004 0.952925
    65 1.227325 0.009356 -0.005766 -0.000003 -0.000006 0.886560
    66 -0.263409 -0.117640 -0.015659 0.000036 -0.082210 -0.026800
    67 0.007707 -0.334360 -0.191575 0.070788 -0.181563 0.282364
    68 0.225562 -0.567923 -0.420715 0.119895 -0.183798 0.223460
    69 -0.203683 -0.095654 -0.328305 -1.745077 0.075142 -1.515382
    70 -1.393460 8.839182 -0.239439 1.580804 -0.005024 -1.566848
    71 0.036020 0.082815 -0.692656 -1.570769 0.065989 0.001276
    72 -0.088586 0.054020 -0.088594 0.010231 0.033800 -1.560851
    73 0.120153 -0.050270 -0.054489 -2.854024 0.030688 -1.580508
    74 -0.139399 -0.111694 0.014400 0.285395 -0.031353 1.580313
    75 -0.003479 -0.404833 0.000000 0.000000 0.000000 0.000000
    76 -0.313965 -4.589844 0.951660 -1.186316 1.434478 -1.173672
    77 0.000000 3.367188 0.862793 0.000000 0.000000 0.000000
    78 0.001152 -1.103516 1.960938 0.000000 0.000000 0.000000
    79 0.001152 -2.781250 2.525391 0.000000 0.000000 0.000000
    80 -0.146520 -9.058278 2.299638 3.124653 -1.168617 -3.117526
    81 -0.003574 -2.246094 1.304688 0.000000 0.000000 0.000000
    82 0.001150 -4.261719 1.683594 0.000000 0.000000 0.000000
  time 83
    0 1.629157 0.000000 0.541027 0.000000 0.000000 -1.570796
    1 1.794249 8.973116 -6.493823 2.066859 -1.438261 -1.128546
    2 -0.001605 -10.701926 -0.002571 0.115462 0.009194 0.158641
    3 -0.653320 -3.628906 -0.348633 -1.003534 -0.000001 -0.122159
    4 -0.013245 -1.509766 -0.000001 -1.090796 0.000000 0.000000
    5 0.000000 -0.953125 -0.000002 -1.223438 0.000000 0.000000
    6 0.007988 0.172184 -0.118553 -1.598091 -0.216549 -1.570593
    7 0.080660 0.135929 -0.203919 -1.506824 -0.066185 -1.662786
    8 0.117288 -0.155554 -0.604544 -1.412988 -0.374558 -1.569222
    9 0.128052 -3.763672 -0.348633 -0.890091 0.000000 -0.148347
    10 -0.006790 -1.567259 0.002820 -1.212969 0.000000 0.000009
    11 0.000000 -1.164063 0.000001 -1.279286 0.000000 0.000000
    12 -0.018589 0.129953 -0.123721 -1.294580 0.001302 -1.635383
    13 -0.006160 0.170065 -0.110169 -1.280084 -0.068681 -1.597215
    14 0.047100 -0.104074 -0.352264 -1.243368 -0.257298 -1.694346
    15 0.949953 -3.617903 -0.344216 -0.023560 -0.011870 0.137614
    16 -0.021700 -1.596358 -0.007350 0.043465 -0.016491 -0.005872
    17 -0.002829 -0.941812 0.007065 -0.066472 -0.023490 -0.020926
    18 -0.022325 0.045424 -0.038284 -1.125544 -0.129230 -1.681412
    19 -0.042900 -0.061274 -0.071212 -1.124462 -0.060454 -1.586099
    20 0.063741 -0.109104 -0.248158 -1.142813 -0.125805 -1.693583
    21 -1.408203 -3.246094 -0.348633 -0.788776 0.052706 -0.017693
    22 0.013458 -1.204102 0.000000 -0.931992 0.000000 0.000000
    23 -0.013008 -0.789551 0.000000 -1.061140 0.000000 0.000000
    24 -0.011721 0.093267 0.017949 -1.687855 -0.079155 -1.575164
    25 0.048863 -0.085541 0.028626 -1.715605 -0.034569 -1.653190
    26 0.173918 -0.198416 -0.336163 -1.668104 -0.422317 -1.710956
    27 0.438974 -0.490226 0.396323 0.790374 -0.501732 -1.172645
    28 2.356266 0.010252 0.005009 -0.293231 -0.086673 -0.680661
    29 1.249212 0.004522 -0.002867 -0.000016 0.000022 -0.425106
    30 -0.267709 0.037512 -0.093907 2.913812 -0.143386 0.078467
    31 -0.029266 0.205408 -0.329287 2.788574 -0.255486 -0.188917
    32 0.204373 0.521055 -0.268577 2.886669 0.042206 -0.230367
    33 0.195697 -0.010059 -0.293538 -1.333586 0.150863 -1.672749
    34 1.257181 8.762590 -0.153713 -1.570562 0.002683 -1.566808
    35 -0.093500 -0.114213 -0.738866 -1.570842 0.061811 0.002096
    36 0.010843 0.093624 -0.081439 -3.141462 0.041719 -1.568236
    37 12.557748 -9.524359 -13.943115 -0.877920 0.440877 1.535753
    38 0.104748 -10.677050 -0.005453 -0.502252 -0.587570 0.619207
    39 0.553428 -3.650577 -0.341066 -1.329810 -0.046218 -0.024582
    40 0.025684 -1.503640 0.001039 -0.538940 0.000001 -0.000004
    41 0.008139 -0.928479 -0.004583 -0.881707 -0.000002 -0.000001
    42 0.006928 0.005329 -0.181358 -1.528500 -0.248579 -1.611362
    43 -0.052313 0.038589 -0.230757 -1.592493 -0.043415 -1.528515
    44 -0.232600 -0.209656 -0.420669 -1.713790 -0.167173 -1.438930
    45 -0.214374 -3.737618 -0.346082 -1.274660 -0.000005 -0.000020
    46 0.019801 -1.582373 0.006170 -0.948935 0.000020 -0.000009
    47 0.000478 -1.172547 0.000249 -0.923457 0.000021 0.000018
    48 -0.038065 0.069166 -0.159883 -1.816986 0.066178 -1.575392
    49 -0.025151 0.088762 -0.068837 -1.817843 0.044510 -1.568287
    50 -0.102916 -0.186983 -0.272246 -1.833683 -0.232962 -1.472375
    51 -1.030272 -3.578138 -0.343160 -1.327383 0.000019 -0.000003
    52 0.001133 -1.610108 0.002370 -0.986637 0.000003 -0.000002
    53 0.005787 -0.946060 0.004418 -0.925267 0.000001 0.000001
    54 -0.004241 0.043707 -0.080203 -2.014997 -0.186996 -1.460723
    55 0.015383 -0.089136 -0.030010 -2.006083 0.036346 -1.568629
    56 -0.022610 -0.212357 -0.177905 -1.933161 -0.118801 -1.518895
    57 1.309013 -3.227548 -0.342207 -1.213633 -0.066944 -0.041063
    58 0.000595 -1.242324 0.002179 -0.292754 0.000004 0.000009
    59 0.003175 -0.774607 -0.000316 -0.886859 -0.000006 -0.000004
    60 -0.067138 0.063251 -0.010961 -0.899214 -0.014515 -1.600326
    61 -0.151180 -0.007395 -0.070065 -0.913061 -0.118819 -1.408558
    62 -0.178164 -0.244680 -0.357067 -1.159916 -0.384260 -1.556110
    63 -0.387544 -0.463665 0.383766 -0.859194 -0.541114 -2.321274
    64 2.472082 0.027425 0.001225 0.000015 0.000004 0.975926
    65 1.227325 0.009356 -0.005766 -0.000003 -0.000006 0.925315
    66 -0.263409 -0.117640 -0.015659 0.000036 -0.082210 -0.026800
    67 0.007707 -0.334360 -0.191575 0.070788 -0.181563 0.282364
    68 0.225562 -0.567923 -0.420715 0.119895 -0.183798 0.223460
    69 -0.203683 -0.095654 -0.328305 -1.745077 0.075142 -1.515382
    70 -1.393460 8.839182 -0.239439 1.580804 -0.005024 -1.566848
    71 0.036020 0.082815 -0.692656 -1.570769 0.065989 0.001276
    72 -0.088586 0.054020 -0.088594 0.010231 0.033800 -1.560851
    73 0.120153 -0.050270 -0.054489 -2.854024 0.030688 -1.580508
    74 -0.139399 -0.111694 0.014400 0.285395 -0.031353 1.580313
    75 -0.003479 -0.404833 0.000000 0.000000 0.000000 0.000000
    76 -0.313965 -4.589844 0.951660 -1.186316 1.434478 -1.173672
    77 0.000000 3.367188 0.862793 0.000000 0.000000 0.000000
    78 0.001152 -1.103516 1.960938 0.000000 0.000000 0.000000
    79 0.001152 -2.781250 2.525391 0.000000 0.000000 0.000000
    80 -0.142613 -9.046559 2.323076 3.110494 -1.347248 -3.103817
    81 -0.003574 -2.246094 1.304688 0.000000 0.000000 0.000000
    82 0.001150 -4.261719 1.683594 0.000000 0.000000 0.000000
  time 84
    0 1.629157 0.000000 0.541027 0.000000 0.000000 -1.570796
    1 1.794249 8.961397 -6.486010 2.043010 -1.438450 -1.107312
    2 -0.001605 -10.701926 -0.006478 0.137162 -0.138429 0.174180
    3 -0.653320 -3.628906 -0.348633 -1.003534 -0.000001 -0.122159
    4 -0.013245 -1.509766 -0.000001 -1.090796 0.000000 0.000000
    5 0.000000 -0.953125 -0.000002 -1.223438 0.000000 0.000000
    6 0.007988 0.172184 -0.118553 -1.598091 -0.216549 -1.570593
    7 0.080660 0.135929 -0.203919 -1.506824 -0.066185 -1.662786
    8 0.117288 -0.155554 -0.604544 -1.412988 -0.374558 -1.569222
    9 0.128052 -3.763672 -0.348633 -0.890091 0.000000 -0.148347
    10 -0.006790 -1.567259 0.006726 -1.212969 0.000000 0.000009
    11 0.000000 -1.164063 0.000001 -1.279286 0.000000 0.000000
    12 -0.018589 0.129953 -0.123721 -1.294580 0.001302 -1.635383
    13 -0.006160 0.170065 -0.110169 -1.280084 -0.068681 -1.597215
    14 0.047100 -0.104074 -0.352264 -1.243368 -0.257298 -1.694346
    15 0.949953 -3.617903 -0.348122 -0.025705 -0.011786 0.137578
    16 -0.021700 -1.596358 -0.003443 0.039978 -0.016275 -0.005369
    17 -0.002829 -0.941812 0.007065 -0.073445 -0.023226 -0.019488
    18 -0.022325 0.045424 -0.038284 -1.125544 -0.129230 -1.681412
    19 -0.042900 -0.061274 -0.071212 -1.124462 -0.060454 -1.586099
    20 0.063741 -0.109104 -0.248158 -1.142813 -0.125805 -1.693583
    21 -1.408203 -3.246094 -0.348633 -0.788776 0.052706 -0.017693
    22 0.013458 -1.204102 0.000000 -0.931992 0.000000 0.000000
    23 -0.013008 -0.789551 0.000000 -1.061140 0.000000 0.000000
    24 -0.011721 0.093267 0.017949 -1.687855 -0.079155 -1.575164
    25 0.048863 -0.085541 0.028626 -1.715605 -0.034569 -1.653190
    26 0.173918 -0.198416 -0.336163 -1.668104 -0.422317 -1.710956
    27 0.442881 -0.486320 0.392416 0.788227 -0.501534 -1.172757
    28 2.352359 0.010252 0.001103 -0.293351 -0.086254 -0.679246
    29 1.249212 0.004522 -0.006774 -0.000016 0.000022 -0.425309
    30 -0.267709 0.037512 -0.093907 2.913812 -0.143386 0.078467
    31 -0.029266 0.205408 -0.329287 2.788574 -0.255486 -0.188917
    32 0.204373 0.521055 -0.268577 2.886669 0.042206 -0.230367
    33 0.195697 -0.010059 -0.293538 -1.333586 0.150863 -1.672749
    34 1.257181 8.762590 -0.153713 -1.570562 0.002683 -1.566808
    35 -0.093500 -0.114213 -0.738866 -1.570842 0.061811 0.002096
    36 0.010843 0.093624 -0.081439 -3.141462 0.041719 -1.568236
    37 12.124141 -10.344696 -13.888426 -0.934668 0.437185 1.533555
    38 0.108654 -10.673144 -0.005453 -0.174401 -0.575126 0.640660
    39 0.549521 -3.650577 -0.341066 -1.333953 -0.046218 -0.024582
    40 0.025684 -1.503640 0.001039 -0.540824 0.000001 -0.000004
    41 0.008139 -0.928479 -0.004583 -0.888744 -0.000002 -0.000001
    42 0.006928 0.005329 -0.181358 -1.528500 -0.248579 -1.611362
    43 -0.052313 0.038589 -0.230757 -1.592493 -0.043415 -1.528515
    44 -0.232600 -0.209656 -0.420669 -1.713790 -0.167173 -1.438930
    45 -0.218280 -3.741524 -0.342176 -1.279315 -0.000005 -0.000020
    46 0.015894 -1.578467 0.006170 -0.952753 0.000020 -0.000009
    47 0.004384 -1.176453 0.000249 -0.932778 0.000021 0.000018
    48 -0.038065 0.069166 -0.159883 -1.816986 0.066178 -1.575392
    49 -0.025151 0.088762 -0.068837 -1.817843 0.044510 -1.568287
    50 -0.102916 -0.186983 -0.272246 -1.833683 -0.232962 -1.472375
    51 -1.034178 -3.578138 -0.343160 -1.316206 0.000019 -0.000003
    52 0.001133 -1.610108 0.002370 -0.992570 0.000003 -0.000002
    53 0.001880 -0.946060 0.004418 -0.936119 0.000001 0.000001
    54 -0.004241 0.043707 -0.080203 -2.014997 -0.186996 -1.460723
    55 0.015383 -0.089136 -0.030010 -2.006083 0.036346 -1.568629
    56 -0.022610 -0.212357 -0.177905 -1.933161 -0.118801 -1.518895
    57 1.309013 -3.227548 -0.342207 -1.218351 -0.066932 -0.041063
    58 0.000595 -1.242324 0.006085 -0.296300 0.000004 0.000009
    59 0.003175 -0.774607 -0.000316 -0.892946 -0.000006 -0.000004
    60 -0.067138 0.063251 -0.010961 -0.899214 -0.014515 -1.600326
    61 -0.151180 -0.007395 -0.070065 -0.913061 -0.118819 -1.408558
    62 -0.178164 -0.244680 -0.357067 -1.159916 -0.384260 -1.556110
    63 -0.391451 -0.463665 0.383766 -0.860216 -0.539087 -2.319209
    64 2.472082 0.027425 0.001225 0.000015 0.000004 0.986070
    65 1.227325 0.009356 -0.005766 -0.000003 -0.000006 0.936713
    66 -0.263409 -0.117640 -0.015659 0.000036 -0.082210 -0.026800
    67 0.007707 -0.334360 -0.191575 0.070788 -0.181563 0.282364
    68 0.225562 -0.567923 -0.420715 0.119895 -0.183798 0.223460
    69 -0.203683 -0.095654 -0.328305 -1.745077 0.075142 -1.515382
    70 -1.393460 8.839182 -0.239439 1.580804 -0.005024 -1.566848
    71 0.036020 0.082815 -0.692656 -1.570769 0.065989 0.001276
    72 -0.088586 0.054020 -0.088594 0.010231 0.033800 -1.560851
    73 0.120153 -0.050270 -0.054489 -2.854024 0.030688 -1.580508
    74 -0.139399 -0.111694 0.014400 0.285395 -0.031353 1.580313
    75 -0.003479 -0.404833 0.000000 0.000000 0.000000 0.000000
    76 -0.313965 -4.589844 0.951660 -1.186316 1.434478 -1.173672
    77 0.000000 3.367188 0.862793 0.000000 0.000000 0.000000
    78 0.001152 -1.103516 1.960938 0.000000 0.000000 0.000000
    79 0.001152 -2.781250 2.525391 0.000000 0.000000 0.000000
    80 -0.126988 -9.038746 2.350421 0.218898 -1.538907 -0.212929
    81 -0.003574 -2.246094 1.304688 0.000000 0.000000 0.000000
    82 0.001150 -4.261719 1.683594 0.000000 0.000000 0.000000
  time 85
    0 1.629157 0.000000 0.541027 0.000000 0.000000 -1.570796
    1 1.727841 8.988742 -6.532886 2.093924 -1.436563 -1.162376
    2 -0.001605 -10.701926 -0.002571 0.157921 -0.295076 0.187233
    3 -0.653320 -3.628906 -0.348633 -1.003534 -0.000001 -0.122159
    4 -0.013245 -1.509766 -0.000001 -1.090796 0.000000 0.000000
    5 0.000000 -0.953125 -0.000002 -1.223438 0.000000 0.000000
    6 0.007988 0.172184 -0.118553 -1.598091 -0.216549 -1.570593
    7 0.080660 0.135929 -0.203919 -1.506824 -0.066185 -1.662786
    8 0.117288 -0.155554 -0.604544 -1.412988 -0.374558 -1.569222
    9 0.128052 -3.763672 -0.348633 -0.890091 0.000000 -0.148347
    10 -0.006790 -1.563353 0.006726 -1.212969 0.000000 0.000009
    11 0.000000 -1.164063 0.000001 -1.279286 0.000000 0.000000
    12 -0.018589 0.129953 -0.123721 -1.294580 0.001302 -1.635383
    13 -0.006160 0.170065 -0.110169 -1.280084 -0.068681 -1.597215
    14 0.047100 -0.104074 -0.352264 -1.243368 -0.257298 -1.694346
    15 0.949953 -3.617903 -0.344216 -0.027958 -0.011702 0.137554
    16 -0.021700 -1.596358 -0.007350 0.036235 -0.016011 -0.004854
    17 -0.006735 -0.941812 0.007065 -0.080865 -0.022926 -0.018038
    18 -0.022325 0.045424 -0.038284 -1.125544 -0.129230 -1.681412
    19 -0.042900 -0.061274 -0.071212 -1.124462 -0.060454 -1.586099
    20 0.063741 -0.109104 -0.248158 -1.142813 -0.125805 -1.693583
    21 -1.408203 -3.246094 -0.348633 -0.788776 0.052706 -0.017693
    22 0.013458 -1.204102 0.000000 -0.931992 0.000000 0.000000
    23 -0.013008 -0.789551 0.000000 -1.061140 0.000000 0.000000
    24 -0.011721 0.093267 0.017949 -1.687855 -0.079155 -1.575164
    25 0.048863 -0.085541 0.028626 -1.715605 -0.034569 -1.653190
    26 0.173918 -0.198416 -0.336163 -1.668104 -0.422317 -1.710956
    27 0.442881 -0.490226 0.392416 0.785838 -0.501287 -1.172954
    28 2.352359 0.010252 0.005009 -0.293482 -0.085750 -0.677629
    29 1.245306 0.004522 -0.006774 -0.000016 0.000022 -0.425715
    30 -0.267709 0.037512 -0.093907 2.913812 -0.143386 0.078467
    31 -0.029266 0.205408 -0.329287 2.788574 -0.255486 -0.188917
    32 0.204373 0.521055 -0.268577 2.886669 0.042206 -0.230367
    33 0.195697 -0.010059 -0.293538 -1.333586 0.150863 -1.672749
    34 1.257181 8.762590 -0.153713 -1.570562 0.002683 -1.566808
    35 -0.093500 -0.114213 -0.738866 -1.570842 0.061811 0.002096
    36 0.010843 0.093624 -0.081439 -3.141462 0.041719 -1.568236
    37 11.694440 -11.004873 -13.657950 -0.987697 0.433306 1.531357
    38 0.104748 -10.673144 -0.005453 0.213571 -0.566292 0.664275
    39 0.549521 -3.646670 -0.341066 -1.336200 -0.046218 -0.024582
    40 0.021778 -1.507546 0.001039 -0.539694 0.000001 -0.000004
    41 0.008139 -0.928479 -0.004583 -0.885199 -0.000002 -0.000001
    42 0.006928 0.005329 -0.181358 -1.528500 -0.248579 -1.611362
    43 -0.052313 0.038589 -0.230757 -1.592493 -0.043415 -1.528515
    44 -0.232600 -0.209656 -0.420669 -1.713790 -0.167173 -1.438930
    45 -0.218280 -3.741524 -0.346082 -1.281008 -0.000005 -0.000020
    46 0.019801 -1.582373 0.002264 -0.953751 0.000020 -0.000009
    47 0.004384 -1.172547 0.000249 -0.932807 0.000021 0.000018
    48 -0.038065 0.069166 -0.159883 -1.816986 0.066178 -1.575392
    49 -0.025151 0.088762 -0.068837 -1.817843 0.044510 -1.568287
    50 -0.102916 -0.186983 -0.272246 -1.833683 -0.232962 -1.472375
    51 -1.034178 -3.578138 -0.343160 -1.300903 0.000019 -0.000003
    52 0.001133 -1.610108 0.006276 -1.000078 0.000003 -0.000002
    53 0.005787 -0.946060 0.004418 -0.926693 0.000001 0.000001
    54 -0.004241 0.043707 -0.080203 -2.014997 -0.186996 -1.460723
    55 0.015383 -0.089136 -0.030010 -2.006083 0.036346 -1.568629
    56 -0.022610 -0.212357 -0.177905 -1.933161 -0.118801 -1.518895
    57 1.309013 -3.227548 -0.342207 -1.216490 -0.066944 -0.041063
    58 0.000595 -1.242324 0.002179 -0.300579 0.000004 0.000009
    59 0.003175 -0.774607 -0.000316 -0.886250 -0.000006 -0.000004
    60 -0.067138 0.063251 -0.010961 -0.899214 -0.014515 -1.600326
    61 -0.151180 -0.007395 -0.070065 -0.913061 -0.118819 -1.408558
    62 -0.178164 -0.244680 -0.357067 -1.159916 -0.384260 -1.556110
    63 -0.391451 -0.463665 0.383766 -0.860861 -0.537843 -2.317996
    64 2.472082 0.027425 0.001225 0.000015 0.000004 0.988280
    65 1.223419 0.009356 -0.005766 -0.000003 -0.000006 0.932182
    66 -0.263409 -0.117640 -0.015659 0.000036 -0.082210 -0.026800
    67 0.007707 -0.334360 -0.191575 0.070788 -0.181563 0.282364
    68 0.225562 -0.567923 -0.420715 0.119895 -0.183798 0.223460
    69 -0.203683 -0.095654 -0.328305 -1.745077 0.075142 -1.515382
    70 -1.393460 8.839182 -0.239439 1.580804 -0.005024 -1.566848
    71 0.036020 0.082815 -0.692656 -1.570769 0.065989 0.001276
    72 -0.088586 0.054020 -0.088594 0.010231 0.033800 -1.560851
    73 0.120153 -0.050270 -0.054489 -2.854024 0.030688 -1.580508
    74 -0.139399 -0.111694 0.014400 0.285395 -0.031353 1.580313
    75 -0.003479 -0.404833 0.000000 0.000000 0.000000 0.000000
    76 -0.313965 -4.589844 0.951660 -1.186316 1.434478 -1.173672
    77 0.000000 3.367188 0.862793 0.000000 0.000000 0.000000
    78 0.001152 -1.103516 1.960938 0.000000 0.000000 0.000000
    79 0.001152 -2.781250 2.525391 0.000000 0.000000 0.000000
    80 -0.099643 -9.023121 2.389484 0.019421 -1.237674 -0.014476
    81 -0.003574 -2.246094 1.304688 0.000000 0.000000 0.000000
    82 0.001150 -4.261719 1.683594 0.000000 0.000000 0.000000
  time 86
    0 1.629157 0.000000 0.541027 0.000000 0.000000 -1.570796
    1 1.614556 9.019993 -6.607107 2.212455 -1.430856 -1.286989
    2 -0.005512 -10.698019 -0.002571 0.168545 -0.393422 0.193748
    3 -0.653320 -3.628906 -0.348633 -1.003534 -0.000001 -0.122159
    4 -0.013245 -1.509766 -0.000001 -1.090796 0.000000 0.000000
    5 0.000000 -0.953125 -0.000002 -1.223438 0.000000 0.000000
    6 0.007988 0.172184 -0.118553 -1.598091 -0.216549 -1.570593
    7 0.080660 0.135929 -0.203919 -1.506824 -0.066185 -1.662786
    8 0.117288 -0.155554 -0.604544 -1.412988 -0.374558 -1.569222
    9 0.128052 -3.763672 -0.348633 -0.890091 0.000000 -0.148347
    10 -0.006790 -1.563353 0.006726 -1.212969 0.000000 0.000009
    11 0.000000 -1.164063 0.000001 -1.279286 0.000000 0.000000
    12 -0.018589 0.129953 -0.123721 -1.294580 0.001302 -1.635383
    13 -0.006160 0.170065 -0.110169 -1.280084 -0.068681 -1.597215
    14 0.047100 -0.104074 -0.352264 -1.243368 -0.257298 -1.694346
    15 0.949953 -3.617903 -0.344216 -0.030319 -0.011619 0.137518
    16 -0.017794 -1.596358 -0.003443 0.032287 -0.015796 -0.004279
    17 -0.002829 -0.937906 0.007065 -0.088594 -0.022591 -0.016576
    18 -0.022325 0.045424 -0.038284 -1.125544 -0.129230 -1.681412
    19 -0.042900 -0.061274 -0.071212 -1.124462 -0.060454 -1.586099
    20 0.063741 -0.109104 -0.248158 -1.142813 -0.125805 -1.693583
    21 -1.408203 -3.246094 -0.348633 -0.788776 0.052706 -0.017693
    22 0.013458 -1.204102 0.000000 -0.931992 0.000000 0.000000
    23 -0.013008 -0.789551 0.000000 -1.061140 0.000000 0.000000
    24 -0.011721 0.093267 0.017949 -1.687855 -0.079155 -1.575164
    25 0.048863 -0.085541 0.028626 -1.715605 -0.034569 -1.653190
    26 0.173918 -0.198416 -0.336163 -1.668104 -0.422317 -1.710956
    27 0.442881 -0.490226 0.396323 0.783229 -0.500991 -1.173207
    28 2.352359 0.010252 0.005009 -0.293626 -0.085211 -0.675835
    29 1.245306 0.004522 -0.002867 -0.000016 0.000022 -0.426324
    30 -0.267709 0.037512 -0.093907 2.913812 -0.143386 0.078467
    31 -0.029266 0.205408 -0.329287 2.788574 -0.255486 -0.188917
    32 0.204373 0.521055 -0.268577 2.886669 0.042206 -0.230367
    33 0.195697 -0.010059 -0.293538 -1.333586 0.150863 -1.672749
    34 1.257181 8.762590 -0.153713 -1.570562 0.002683 -1.566808
    35 -0.093500 -0.114213 -0.738866 -1.570842 0.061811 0.002096
    36 0.010843 0.093624 -0.081439 -3.141462 0.041719 -1.568236
    37 11.342867 -11.364259 -13.126684 -1.037102 0.429380 1.529446
    38 0.108654 -10.673144 -0.005453 0.573353 -0.559552 0.677192
    39 0.549521 -3.650577 -0.341066 -1.337498 -0.046218 -0.024582
    40 0.025684 -1.503640 0.001039 -0.537716 0.000001 -0.000004
    41 0.008139 -0.928479 -0.004583 -0.878585 -0.000002 -0.000001
    42 0.006928 0.005329 -0.181358 -1.528500 -0.248579 -1.611362
    43 -0.052313 0.038589 -0.230757 -1.592493 -0.043415 -1.528515
    44 -0.232600 -0.209656 -0.420669 -1.713790 -0.167173 -1.438930
    45 -0.214374 -3.737618 -0.346082 -1.281558 -0.000005 -0.000020
    46 0.015894 -1.578467 0.006170 -0.953928 0.000020 -0.000009
    47 0.000478 -1.172547 0.000249 -0.929833 0.000021 0.000018
    48 -0.038065 0.069166 -0.159883 -1.816986 0.066178 -1.575392
    49 -0.025151 0.088762 -0.068837 -1.817843 0.044510 -1.568287
    50 -0.102916 -0.186983 -0.272246 -1.833683 -0.232962 -1.472375
    51 -1.034178 -3.582044 -0.343160 -1.285760 0.000019 -0.000003
    52 0.001133 -1.610108 0.002370 -1.007429 0.000003 -0.000002
    53 0.005787 -0.946060 0.004418 -0.911594 0.000001 0.000001
    54 -0.004241 0.043707 -0.080203 -2.014997 -0.186996 -1.460723
    55 0.015383 -0.089136 -0.030010 -2.006083 0.036346 -1.568629
    56 -0.022610 -0.212357 -0.177905 -1.933161 -0.118801 -1.518895
    57 1.309013 -3.227548 -0.342207 -1.212551 -0.066932 -0.041063
    58 0.000595 -1.242324 0.006085 -0.304858 0.000004 0.000009
    59 0.003175 -0.774607 -0.004222 -0.875953 -0.000006 -0.000004
    60 -0.067138 0.063251 -0.010961 -0.899214 -0.014515 -1.600326
    61 -0.151180 -0.007395 -0.070065 -0.913061 -0.118819 -1.408558
    62 -0.178164 -0.244680 -0.357067 -1.159916 -0.384260 -1.556110
    63 -0.387544 -0.463665 0.383766 -0.861328 -0.536980 -2.317118
    64 2.472082 0.027425 0.001225 0.000015 0.000004 0.987744
    65 1.223419 0.009356 -0.005766 -0.000003 -0.000006 0.922841
    66 -0.263409 -0.117640 -0.015659 0.000036 -0.082210 -0.026800
    67 0.007707 -0.334360 -0.191575 0.070788 -0.181563 0.282364
    68 0.225562 -0.567923 -0.420715 0.119895 -0.183798 0.223460
    69 -0.203683 -0.095654 -0.328305 -1.745077 0.075142 -1.515382
    70 -1.393460 8.839182 -0.239439 1.580804 -0.005024 -1.566848
    71 0.036020 0.082815 -0.692656 -1.570769 0.065989 0.001276
    72 -0.088586 0.054020 -0.088594 0.010231 0.033800 -1.560851
    73 0.120153 -0.050270 -0.054489 -2.854024 0.030688 -1.580508
    74 -0.139399 -0.111694 0.014400 0.285395 -0.031353 1.580313
    75 -0.003479 -0.404833 0.000000 0.000000 0.000000 0.000000
    76 -0.313965 -4.589844 0.951660 -1.186316 1.434478 -1.173672
    77 0.000000 3.367188 0.862793 0.000000 0.000000 0.000000
    78 0.001152 -1.103516 1.960938 0.000000 0.000000 0.000000
    79 0.001152 -2.781250 2.525391 0.000000 0.000000 0.000000
    80 -0.080111 -9.003589 2.428548 0.008611 -0.916396 -0.004698
    81 -0.003574 -2.246094 1.304688 0.000000 0.000000 0.000000
    82 0.001150 -4.261719 1.683594 0.000000 0.000000 0.000000
  time 87
    0 1.629157 0.000000 0.541027 0.000000 0.000000 -1.570796
    1 1.489552 9.062963 -6.689141 2.344474 -1.421046 -1.425908
    2 -0.001605 -10.698019 -0.002571 0.165723 -0.408979 0.196303
    3 -0.653320 -3.628906 -0.348633 -1.003534 -0.000001 -0.122159
    4 -0.013245 -1.509766 -0.000001 -1.090796 0.000000 0.000000
    5 0.000000 -0.953125 -0.000002 -1.223438 0.000000 0.000000
    6 0.007988 0.172184 -0.118553 -1.598091 -0.216549 -1.570593
    7 0.080660 0.135929 -0.203919 -1.506824 -0.066185 -1.662786
    8 0.117288 -0.155554 -0.604544 -1.412988 -0.374558 -1.569222
    9 0.128052 -3.763672 -0.348633 -0.890091 0.000000 -0.148347
    10 -0.006790 -1.563353 0.002820 -1.212969 0.000000 -0.000003
    11 0.000000 -1.164063 0.000001 -1.279286 0.000000 0.000000
    12 -0.018589 0.129953 -0.123721 -1.294580 0.001302 -1.635383
    13 -0.006160 0.170065 -0.110169 -1.280084 -0.068681 -1.597215
    14 0.047100 -0.104074 -0.352264 -1.243368 -0.257298 -1.694346
    15 0.949953 -3.617903 -0.344216 -0.032788 -0.011523 0.137482
    16 -0.021700 -1.596358 -0.003443 0.028108 -0.015532 -0.003667
    17 -0.002829 -0.937906 0.007065 -0.096701 -0.022183 -0.015102
    18 -0.022325 0.045424 -0.038284 -1.125544 -0.129230 -1.681412
    19 -0.042900 -0.061274 -0.071212 -1.124462 -0.060454 -1.586099
    20 0.063741 -0.109104 -0.248158 -1.142813 -0.125805 -1.693583
    21 -1.408203 -3.246094 -0.348633 -0.788776 0.052706 -0.017693
    22 0.013458 -1.204102 0.000000 -0.931992 0.000000 0.000000
    23 -0.013008 -0.789551 0.000000 -1.061140 0.000000 0.000000
    24 -0.011721 0.093267 0.017949 -1.687855 -0.079155 -1.575164
    25 0.048863 -0.085541 0.028626 -1.715605 -0.034569 -1.653190
    26 0.173918 -0.198416 -0.336163 -1.668104 -0.422317 -1.710956
    27 0.438974 -0.486320 0.392416 0.780424 -0.500682 -1.173461
    28 2.352359 0.010252 0.005009 -0.293794 -0.084624 -0.673839
    29 1.249212 0.004522 -0.002867 -0.000016 0.000022 -0.427157
    30 -0.267709 0.037512 -0.093907 2.913812 -0.143386 0.078467
    31 -0.029266 0.205408 -0.329287 2.788574 -0.255486 -0.188917
    32 0.204373 0.521055 -0.268577 2.886669 0.042206 -0.230367
    33 0.195697 -0.010059 -0.293538 -1.333586 0.150863 -1.672749
    34 1.257181 8.762590 -0.153713 -1.570562 0.002683 -1.566808
    35 -0.093500 -0.114213 -0.738866 -1.570842 0.061811 0.002096
    36 0.010843 0.093624 -0.081439 -3.141462 0.041719 -1.568236
    37 10.960043 -11.594734 -12.607137 -1.056177 0.426529 1.528299
    38 0.104748 -10.673144 -0.005453 0.814346 -0.545885 0.670256
    39 0.549521 -3.650577 -0.341066 -1.339045 -0.046218 -0.024582
    40 0.021778 -1.503640 0.001039 -0.536868 0.000001 -0.000004
    41 0.008139 -0.928479 -0.004583 -0.876363 -0.000002 -0.000001
    42 0.006928 0.005329 -0.181358 -1.528500 -0.248579 -1.611362
    43 -0.052313 0.038589 -0.230757 -1.592493 -0.043415 -1.528515
    44 -0.232600 -0.209656 -0.420669 -1.713790 -0.167173 -1.438930
    45 -0.218280 -3.741524 -0.346082 -1.282785 -0.000005 -0.000020
    46 0.019801 -1.582373 0.006170 -0.954691 0.000020 -0.000009
    47 0.000478 -1.172547 0.000249 -0.930062 0.000021 0.000018
    48 -0.038065 0.069166 -0.159883 -1.816986 0.066178 -1.575392
    49 -0.025151 0.088762 -0.068837 -1.817843 0.044510 -1.568287
    50 -0.102916 -0.186983 -0.272246 -1.833683 -0.232962 -1.472375
    51 -1.030272 -3.582044 -0.343160 -1.275184 0.000019 -0.000003
    52 0.001133 -1.610108 0.002370 -1.012574 0.000003 -0.000002
    53 0.005787 -0.946060 0.004418 -0.905514 0.000001 0.000001
    54 -0.004241 0.043707 -0.080203 -2.014997 -0.186996 -1.460723
    55 0.015383 -0.089136 -0.030010 -2.006083 0.036346 -1.568629
    56 -0.022610 -0.212357 -0.177905 -1.933161 -0.118801 -1.518895
    57 1.305107 -3.227548 -0.342207 -1.211382 -0.066932 -0.041063
    58 0.000595 -1.242324 0.006085 -0.307898 0.000004 0.000009
    59 0.003175 -0.774607 -0.004222 -0.871540 -0.000006 -0.000004
    60 -0.067138 0.063251 -0.010961 -0.899214 -0.014515 -1.600326
    61 -0.151180 -0.007395 -0.070065 -0.913061 -0.118819 -1.408558
    62 -0.178164 -0.244680 -0.357067 -1.159916 -0.384260 -1.556110
    63 -0.391451 -0.463665 0.383766 -0.861750 -0.536077 -2.316189
    64 2.472082 0.027425 0.001225 0.000015 0.000004 0.989485
    65 1.227325 0.009356 -0.005766 -0.000003 -0.000006 0.920060
    66 -0.263409 -0.117640 -0.015659 0.000036 -0.082210 -0.026800
    67 0.007707 -0.334360 -0.191575 0.070788 -0.181563 0.282364
    68 0.225562 -0.567923 -0.420715 0.119895 -0.183798 0.223460
    69 -0.203683 -0.095654 -0.328305 -1.745077 0.075142 -1.515382
    70 -1.393460 8.839182 -0.239439 1.580804 -0.005024 -1.566848
    71 0.036020 0.082815 -0.692656 -1.570769 0.065989 0.001276
    72 -0.088586 0.054020 -0.088594 0.010231 0.033800 -1.560851
    73 0.120153 -0.050270 -0.054489 -2.854024 0.030688 -1.580508
    74 -0.139399 -0.111694 0.014400 0.285395 -0.031353 1.580313
    75 -0.003479 -0.404833 0.000000 0.000000 0.000000 0.000000
    76 -0.313965 -4.589844 0.951660 -1.186316 1.434478 -1.173672
    77 0.000000 3.367188 0.862793 0.000000 0.000000 0.000000
    78 0.001152 -1.103516 1.960938 0.000000 0.000000 0.000000
    79 0.001152 -2.781250 2.525391 0.000000 0.000000 0.000000
    80 -0.052767 -8.987964 2.475425 0.004497 -0.603852 -0.001630
    81 -0.003574 -2.246094 1.304688 0.000000 0.000000 0.000000
    82 0.001150 -4.261719 1.683594 0.000000 0.000000 0.000000
  time 88
    0 1.629157 0.000000 0.541027 0.000000 0.000000 -1.570796
    1 1.368455 9.098120 -6.767268 2.449785 -1.409915 -1.537116
    2 -0.001605 -10.701926 -0.006478 0.155553 -0.379597 0.196902
    3 -0.653320 -3.628906 -0.348633 -1.003534 -0.000001 -0.122159
    4 -0.013245 -1.509766 -0.000001 -1.090796 0.000000 0.000000
    5 0.000000 -0.953125 -0.000002 -1.223438 0.000000 0.000000
    6 0.007988 0.172184 -0.118553 -1.598091 -0.216549 -1.570593
    7 0.080660 0.135929 -0.203919 -1.506824 -0.066185 -1.662786
    8 0.117288 -0.155554 -0.604544 -1.412988 -0.374558 -1.569222
    9 0.128052 -3.763672 -0.348633 -0.890091 0.000000 -0.148347
    10 -0.006790 -1.567259 0.002820 -1.212969 0.000000 -0.000003
    11 0.000000 -1.164063 0.000001 -1.279286 0.000000 0.000000
    12 -0.018589 0.129953 -0.123721 -1.294580 0.001302 -1.635383
    13 -0.006160 0.170065 -0.110169 -1.280084 -0.068681 -1.597215
    14 0.047100 -0.104074 -0.352264 -1.243368 -0.257298 -1.694346
    15 0.949953 -3.617903 -0.348122 -0.035353 -0.011415 0.137447
    16 -0.021700 -1.596358 -0.003443 0.023724 -0.015220 -0.003032
    17 -0.002829 -0.937906 0.003159 -0.105151 -0.021764 -0.013628
    18 -0.022325 0.045424 -0.038284 -1.125544 -0.129230 -1.681412
    19 -0.042900 -0.061274 -0.071212 -1.124462 -0.060454 -1.586099
    20 0.063741 -0.109104 -0.248158 -1.142813 -0.125805 -1.693583
    21 -1.408203 -3.246094 -0.348633 -0.788776 0.052706 -0.017693
    22 0.013458 -1.204102 0.000000 -0.931992 0.000000 0.000000
    23 -0.013008 -0.789551 0.000000 -1.061140 0.000000 0.000000
    24 -0.011721 0.093267 0.017949 -1.687855 -0.079155 -1.575164
    25 0.048863 -0.085541 0.028626 -1.715605 -0.034569 -1.653190
    26 0.173918 -0.198416 -0.336163 -1.668104 -0.422317 -1.710956
    27 0.438974 -0.490226 0.396323 0.777355 -0.500287 -1.173770
    28 2.352359 0.010252 0.001103 -0.293998 -0.083965 -0.671666
    29 1.245306 0.004522 -0.006774 -0.000016 0.000022 -0.428233
    30 -0.267709 0.037512 -0.093907 2.913812 -0.143386 0.078467
    31 -0.029266 0.205408 -0.329287 2.788574 -0.255486 -0.188917
    32 0.204373 0.521055 -0.268577 2.886669 0.042206 -0.230367
    33 0.195697 -0.010059 -0.293538 -1.333586 0.150863 -1.672749
    34 1.257181 8.762590 -0.153713 -1.570562 0.002683 -1.566808
    35 -0.093500 -0.114213 -0.738866 -1.570842 0.061811 0.002096
    36 0.010843 0.093624 -0.081439 -3.141462 0.041719 -1.568236
    37 10.471746 -11.715832 -12.446976 -1.026992 0.426342 1.526483
    38 0.104748 -10.673144 -0.005453 0.819752 -0.500051 0.605308
    39 0.553428 -3.646670 -0.344972 -1.356217 -0.046218 -0.024582
    40 0.021778 -1.503640 0.001039 -0.539223 0.000001 -0.000004
    41 0.008139 -0.928479 -0.000677 -0.888902 -0.000002 -0.000001
    42 0.006928 0.005329 -0.181358 -1.528500 -0.248579 -1.611362
    43 -0.052313 0.038589 -0.230757 -1.592493 -0.043415 -1.528515
    44 -0.232600 -0.209656 -0.420669 -1.713790 -0.167173 -1.438930
    45 -0.214374 -3.737618 -0.346082 -1.300431 -0.000005 -0.000020
    46 0.019801 -1.578467 0.006170 -0.958979 0.000020 -0.000009
    47 0.000478 -1.176453 0.000249 -0.944301 0.000021 0.000018
    48 -0.038065 0.069166 -0.159883 -1.816986 0.066178 -1.575392
    49 -0.025151 0.088762 -0.068837 -1.817843 0.044510 -1.568287
    50 -0.102916 -0.186983 -0.272246 -1.833683 -0.232962 -1.472375
    51 -1.030272 -3.582044 -0.343160 -1.283997 0.000019 -0.000003
    52 0.001133 -1.610108 0.002370 -1.025438 0.000003 -0.000002
    53 0.005787 -0.946060 0.004418 -0.918634 0.000001 0.000001
    54 -0.004241 0.043707 -0.080203 -2.014997 -0.186996 -1.460723
    55 0.015383 -0.089136 -0.030010 -2.006083 0.036346 -1.568629
    56 -0.022610 -0.212357 -0.177905 -1.933161 -0.118801 -1.518895
    57 1.309013 -3.227548 -0.342207 -1.231466 -0.066944 -0.041063
    58 0.000595 -1.242324 0.006085 -0.312965 0.000004 0.000009
    59 0.003175 -0.774607 -0.004222 -0.869511 -0.000006 -0.000004
    60 -0.067138 0.063251 -0.010961 -0.899214 -0.014515 -1.600326
    61 -0.151180 -0.007395 -0.070065 -0.913061 -0.118819 -1.408558
    62 -0.178164 -0.244680 -0.357067 -1.159916 -0.384260 -1.556110
    63 -0.387544 -0.463665 0.379860 -0.867085 -0.532344 -2.311568
    64 2.468175 0.027425 0.001225 -0.000752 0.000052 1.001404
    65 1.223419 0.009356 -0.005766 -0.000003 -0.000006 0.936936
    66 -0.263409 -0.117640 -0.015659 0.000036 -0.082210 -0.026800
    67 0.007707 -0.334360 -0.191575 0.070788 -0.181563 0.282364
    68 0.225562 -0.567923 -0.420715 0.119895 -0.183798 0.223460
    69 -0.203683 -0.095654 -0.328305 -1.745077 0.075142 -1.515382
    70 -1.393460 8.839182 -0.239439 1.580804 -0.005024 -1.566848
    71 0.036020 0.082815 -0.692656 -1.570769 0.065989 0.001276
    72 -0.088586 0.054020 -0.088594 0.010231 0.033800 -1.560851
    73 0.120153 -0.050270 -0.054489 -2.854024 0.030688 -1.580508
    74 -0.139399 -0.111694 0.014400 0.285395 -0.031353 1.580313
    75 -0.003479 -0.404833 0.000000 0.000000 0.000000 0.000000
    76 -0.313965 -4.589844 0.951660 -1.186316 1.434478 -1.173672
    77 0.000000 3.367188 0.862793 0.000000 0.000000 0.000000
    78 0.001152 -1.103516 1.960938 0.000000 0.000000 0.000000
    79 0.001152 -2.781250 2.525391 0.000000 0.000000 0.000000
    80 -0.025422 -8.968432 2.514488 0.002105 -0.328198 -0.000383
    81 -0.003574 -2.246094 1.304688 0.000000 0.000000 0.000000
    82 0.001150 -4.261719 1.683594 0.000000 0.000000 0.000000
  time 89
    0 1.629157 0.000000 0.541027 0.000000 0.000000 -1.570796
    1 1.286421 9.125465 -6.806332 2.505880 -1.402086 -1.596768
    2 -0.005512 -10.698019 -0.006478 0.142839 -0.331751 0.192689
    3 -0.653320 -3.628906 -0.348633 -1.003534 -0.000001 -0.122159
    4 -0.013245 -1.509766 -0.000001 -1.090796 0.000000 0.000000
    5 0.000000 -0.953125 -0.000002 -1.223438 0.000000 0.000000
    6 0.007988 0.172184 -0.118553 -1.598091 -0.216549 -1.570593
    7 0.080660 0.135929 -0.203919 -1.506824 -0.066185 -1.662786
    8 0.117288 -0.155554 -0.604544 -1.412988 -0.374558 -1.569222
    9 0.128052 -3.763672 -0.348633 -0.890091 0.000000 -0.148347
    10 -0.002884 -1.567259 0.006726 -1.212969 0.000000 0.000009
    11 0.000000 -1.164063 0.000001 -1.279286 0.000000 0.000000
    12 -0.018589 0.129953 -0.123721 -1.294580 0.001302 -1.635383
    13 -0.006160 0.170065 -0.110169 -1.280084 -0.068681 -1.597215
    14 0.047100 -0.104074 -0.352264 -1.243368 -0.257298 -1.694346
    15 0.949953 -3.617903 -0.344216 -0.038001 -0.011319 0.137411
    16 -0.017794 -1.596358 -0.007350 0.019058 -0.014945 -0.002397
    17 -0.006735 -0.941812 0.007065 -0.114014 -0.021273 -0.012141
    18 -0.022325 0.045424 -0.038284 -1.125544 -0.129230 -1.681412
    19 -0.042900 -0.061274 -0.071212 -1.124462 -0.060454 -1.586099
    20 0.063741 -0.109104 -0.248158 -1.142813 -0.125805 -1.693583
    21 -1.408203 -3.246094 -0.348633 -0.788776 0.052706 -0.017693
    22 0.013458 -1.204102 0.000000 -0.931992 0.000000 0.000000
    23 -0.013008 -0.789551 0.000000 -1.061140 0.000000 0.000000
    24 -0.011721 0.093267 0.017949 -1.687855 -0.079155 -1.575164
    25 0.048863 -0.085541 0.028626 -1.715605 -0.034569 -1.653190
    26 0.173918 -0.198416 -0.336163 -1.668104 -0.422317 -1.710956
    27 0.442881 -0.486320 0.396323 0.774090 -0.499867 -1.174136
    28 2.352359 0.010252 0.005009 -0.294202 -0.083246 -0.669291
    29 1.249212 0.004522 -0.002867 -0.000016 0.000022 -0.429512
    30 -0.267709 0.037512 -0.093907 2.913812 -0.143386 0.078467
    31 -0.029266 0.205408 -0.329287 2.788574 -0.255486 -0.188917
    32 0.204373 0.521055 -0.268577 2.886669 0.042206 -0.230367
    33 0.195697 -0.010059 -0.293538 -1.333586 0.150863 -1.672749
    34 1.257181 8.762590 -0.153713 -1.570562 0.002683 -1.566808
    35 -0.093500 -0.114213 -0.738866 -1.570842 0.061811 0.002096
    36 0.010843 0.093624 -0.081439 -3.141462 0.041719 -1.568236
    37 9.901417 -11.727551 -12.509477 -0.981784 0.427137 1.523616
    38 0.104748 -10.673144 -0.005453 0.660615 -0.445467 0.493776
    39 0.553428 -3.646670 -0.344972 -1.372041 -0.046218 -0.024582
    40 0.021778 -1.503640 0.001039 -0.541389 0.000001 -0.000004
    41 0.008139 -0.928479 -0.004583 -0.899855 -0.000002 -0.000001
    42 0.006928 0.005329 -0.181358 -1.528500 -0.248579 -1.611362
    43 -0.052313 0.038589 -0.230757 -1.592493 -0.043415 -1.528515
    44 -0.232600 -0.209656 -0.420669 -1.713790 -0.167173 -1.438930
    45 -0.214374 -3.737618 -0.346082 -1.316681 -0.000005 -0.000020
    46 0.015894 -1.578467 0.006170 -0.962034 0.000020 -0.000009
    47 0.000478 -1.176453 0.000249 -0.955938 0.000021 0.000018
    48 -0.038065 0.069166 -0.159883 -1.816986 0.066178 -1.575392
    49 -0.025151 0.088762 -0.068837 -1.817843 0.044510 -1.568287
    50 -0.102916 -0.186983 -0.272246 -1.833683 -0.232962 -1.472375
    51 -1.034178 -3.578138 -0.347066 -1.297377 0.000019 -0.000003
    52 0.001133 -1.610108 0.006276 -1.035886 0.000003 -0.000002
    53 0.005787 -0.946060 0.004418 -0.929602 0.000001 0.000001
    54 -0.004241 0.043707 -0.080203 -2.014997 -0.186996 -1.460723
    55 0.015383 -0.089136 -0.030010 -2.006083 0.036346 -1.568629
    56 -0.022610 -0.212357 -0.177905 -1.933161 -0.118801 -1.518895
    57 1.309013 -3.227548 -0.346114 -1.250294 -0.066932 -0.041063
    58 0.000595 -1.242324 0.006085 -0.316568 0.000004 0.000009
    59 0.003175 -0.774607 -0.004222 -0.866213 -0.000006 -0.000004
    60 -0.067138 0.063251 -0.010961 -0.899214 -0.014515 -1.600326
    61 -0.151180 -0.007395 -0.070065 -0.913061 -0.118819 -1.408558
    62 -0.178164 -0.244680 -0.357067 -1.159916 -0.384260 -1.556110
    63 -0.391451 -0.463665 0.379860 -0.872020 -0.529294 -2.307645
    64 2.472082 0.027425 0.001225 -0.001519 0.000124 1.010209
    65 1.227325 0.009356 -0.001860 -0.000003 -0.000006 0.951059
    66 -0.263409 -0.117640 -0.015659 0.000036 -0.082210 -0.026800
    67 0.007707 -0.334360 -0.191575 0.070788 -0.181563 0.282364
    68 0.225562 -0.567923 -0.420715 0.119895 -0.183798 0.223460
    69 -0.203683 -0.095654 -0.328305 -1.745077 0.075142 -1.515382
    70 -1.393460 8.839182 -0.239439 1.580804 -0.005024 -1.566848
    71 0.036020 0.082815 -0.692656 -1.570769 0.065989 0.001276
    72 -0.088586 0.054020 -0.088594 0.010231 0.033800 -1.560851
    73 0.120153 -0.050270 -0.054489 -2.854024 0.030688 -1.580508
    74 -0.139399 -0.111694 0.014400 0.285395 -0.031353 1.580313
    75 -0.003479 -0.404833 0.000000 0.000000 0.000000 0.000000
    76 -0.313965 -4.589844 0.951660 -1.186316 1.434478 -1.173672
    77 0.000000 3.367188 0.862793 0.000000 0.000000 0.000000
    78 0.001152 -1.103516 1.960938 0.000000 0.000000 0.000000
    79 0.001152 -2.781250 2.525391 0.000000 0.000000 0.000000
    80 -0.005890 -8.952806 2.553552 0.000670 -0.117449 -0.000096
    81 -0.003574 -2.246094 1.304688 0.000000 0.000000 0.000000
    82 0.001150 -4.261719 1.683594 0.000000 0.000000 0.000000
  time 90
    0 1.629157 0.000000 0.541027 0.000000 0.000000 -1.570796
    1 1.259076 9.129371 -6.814145 2.520082 -1.396662 -1.614943
    2 -0.001605 -10.701926 -0.002571 0.132251 -0.291707 0.181708
    3 -0.653320 -3.628906 -0.348633 -1.003534 -0.000001 -0.122159
    4 -0.013245 -1.509766 -0.000001 -1.090796 0.000000 0.000000
    5 0.000000 -0.953125 -0.000002 -1.223438 0.000000 0.000000
    6 0.007988 0.172184 -0.118553 -1.598091 -0.216549 -1.570593
    7 0.080660 0.135929 -0.203919 -1.506824 -0.066185 -1.662786
    8 0.117288 -0.155554 -0.604544 -1.412988 -0.374558 -1.569222
    9 0.128052 -3.763672 -0.348633 -0.890091 0.000000 -0.148347
    10 -0.002884 -1.567259 0.006726 -1.212969 0.000000 0.000009
    11 0.000000 -1.164063 0.000001 -1.279286 0.000000 0.000000
    12 -0.018589 0.129953 -0.123721 -1.294580 0.001302 -1.635383
    13 -0.006160 0.170065 -0.110169 -1.280084 -0.068681 -1.597215
    14 0.047100 -0.104074 -0.352264 -1.243368 -0.257298 -1.694346
    15 0.949953 -3.617903 -0.344216 -0.040782 -0.011199 0.137375
    16 -0.017794 -1.596358 -0.003443 0.014109 -0.014609 -0.001702
    17 -0.002829 -0.941812 0.007065 -0.123220 -0.020697 -0.010667
    18 -0.022325 0.045424 -0.038284 -1.125544 -0.129230 -1.681412
    19 -0.042900 -0.061274 -0.071212 -1.124462 -0.060454 -1.586099
    20 0.063741 -0.109104 -0.248158 -1.142813 -0.125805 -1.693583
    21 -1.408203 -3.246094 -0.348633 -0.788776 0.052706 -0.017693
    22 0.013458 -1.204102 0.000000 -0.931992 0.000000 0.000000
    23 -0.013008 -0.789551 0.000000 -1.061140 0.000000 0.000000
    24 -0.011721 0.093267 0.017949 -1.687855 -0.079155 -1.575164
    25 0.048863 -0.085541 0.028626 -1.715605 -0.034569 -1.653190
    26 0.173918 -0.198416 -0.336163 -1.668104 -0.422317 -1.710956
    27 0.442881 -0.490226 0.392416 0.770561 -0.499373 -1.174558
    28 2.352359 0.010252 0.005009 -0.294393 -0.082455 -0.666638
    29 1.245306 0.004522 -0.002867 -0.000016 0.000022 -0.431075
    30 -0.267709 0.037512 -0.093907 2.913812 -0.143386 0.078467
    31 -0.029266 0.205408 -0.329287 2.788574 -0.255486 -0.188917
    32 0.204373 0.521055 -0.268577 2.886669 0.042206 -0.230367
    33 0.195697 -0.010059 -0.293538 -1.333586 0.150863 -1.672749
    34 1.257181 8.762590 -0.153713 -1.570562 0.002683 -1.566808
    35 -0.093500 -0.114213 -0.738866 -1.570842 0.061811 0.002096
    36 0.010843 0.093624 -0.081439 -3.141462 0.041719 -1.568236
    37 9.299836 -11.672862 -12.693077 -0.929232 0.427838 1.523234
    38 0.108654 -10.673144 -0.005453 0.531309 -0.421928 0.415237
    39 0.549521 -3.650577 -0.344972 -1.338995 -0.046218 -0.024582
    40 0.021778 -1.503640 0.001039 -0.536868 0.000001 -0.000004
    41 0.008139 -0.928479 -0.004583 -0.876363 -0.000002 -0.000001
    42 0.006928 0.005329 -0.181358 -1.528500 -0.248579 -1.611362
    43 -0.052313 0.038589 -0.230757 -1.592493 -0.043415 -1.528515
    44 -0.232600 -0.209656 -0.420669 -1.713790 -0.167173 -1.438930
    45 -0.218280 -3.741524 -0.346082 -1.282785 -0.000005 -0.000020
    46 0.015894 -1.578467 0.002264 -0.954750 0.000020 -0.000009
    47 0.004384 -1.176453 0.000249 -0.930062 0.000021 0.000018
    48 -0.038065 0.069166 -0.159883 -1.816986 0.066178 -1.575392
    49 -0.025151 0.088762 -0.068837 -1.817843 0.044510 -1.568287
    50 -0.102916 -0.186983 -0.272246 -1.833683 -0.232962 -1.472375
    51 -1.030272 -3.578138 -0.347066 -1.275184 0.000019 -0.000003
    52 0.001133 -1.610108 0.002370 -1.012574 0.000003 -0.000002
    53 0.005787 -0.946060 0.004418 -0.905514 0.000001 0.000001
    54 -0.004241 0.043707 -0.080203 -2.014997 -0.186996 -1.460723
    55 0.015383 -0.089136 -0.030010 -2.006083 0.036346 -1.568629
    56 -0.022610 -0.212357 -0.177905 -1.933161 -0.118801 -1.518895
    57 1.305107 -3.227548 -0.346114 -1.211339 -0.066932 -0.041063
    58 0.000595 -1.242324 0.002179 -0.307898 0.000004 0.000009
    59 0.003175 -0.774607 -0.000316 -0.871540 -0.000006 -0.000004
    60 -0.067138 0.063251 -0.010961 -0.899214 -0.014515 -1.600326
    61 -0.151180 -0.007395 -0.070065 -0.913061 -0.118819 -1.408558
    62 -0.178164 -0.244680 -0.357067 -1.159916 -0.384260 -1.556110
    63 -0.387544 -0.463665 0.379860 -0.861750 -0.536077 -2.316189
    64 2.472082 0.027425 0.001225 0.000015 0.000004 0.989485
    65 1.223419 0.009356 -0.005766 -0.000003 -0.000006 0.920060
    66 -0.263409 -0.117640 -0.015659 0.000036 -0.082210 -0.026800
    67 0.007707 -0.334360 -0.191575 0.070788 -0.181563 0.282364
    68 0.225562 -0.567923 -0.420715 0.119895 -0.183798 0.223460
    69 -0.203683 -0.095654 -0.328305 -1.745077 0.075142 -1.515382
    70 -1.393460 8.839182 -0.239439 1.580804 -0.005024 -1.566848
    71 0.036020 0.082815 -0.692656 -1.570769 0.065989 0.001276
    72 -0.088586 0.054020 -0.088594 0.010231 0.033800 -1.560851
    73 0.120153 -0.050270 -0.054489 -2.854024 0.030688 -1.580508
    74 -0.139399 -0.111694 0.014400 0.285395 -0.031353 1.580313
    75 -0.003479 -0.404833 0.000000 0.000000 0.000000 0.000000
    76 -0.313965 -4.589844 0.951660 -1.186316 1.434478 -1.173672
    77 0.000000 3.367188 0.862793 0.000000 0.000000 0.000000
    78 0.001152 -1.103516 1.960938 0.000000 0.000000 0.000000
    79 0.001152 -2.781250 2.525391 0.000000 0.000000 0.000000
    80 -0.001984 -8.941087 2.580896 0.000000 0.000000 0.000000
    81 -0.003574 -2.246094 1.304688 0.000000 0.000000 0.000000
    82 0.001150 -4.261719 1.683594 0.000000 0.000000 0.000000
  time 91
    0 1.629157 0.000000 0.541027 0.000000 0.000000 -1.570796
    1 1.262983 9.129371 -6.790707 2.515259 -1.390436 -1.615933
    2 -0.001605 -10.701926 -0.002571 0.121383 -0.263779 0.166353
    3 -0.653320 -3.628906 -0.348633 -1.003534 -0.000001 -0.122159
    4 -0.013245 -1.509766 -0.000001 -1.090796 0.000000 0.000000
    5 0.000000 -0.953125 -0.000002 -1.223438 0.000000 0.000000
    6 0.007988 0.172184 -0.118553 -1.598091 -0.216549 -1.570593
    7 0.080660 0.135929 -0.203919 -1.506824 -0.066185 -1.662786
    8 0.117288 -0.155554 -0.604544 -1.412988 -0.374558 -1.569222
    9 0.128052 -3.763672 -0.348633 -0.890091 0.000000 -0.148347
    10 -0.002884 -1.567259 0.006726 -1.212969 0.000000 0.000009
    11 0.000000 -1.164063 0.000001 -1.279286 0.000000 0.000000
    12 -0.018589 0.129953 -0.123721 -1.294580 0.001302 -1.635383
    13 -0.006160 0.170065 -0.110169 -1.280084 -0.068681 -1.597215
    14 0.047100 -0.104074 -0.352264 -1.243368 -0.257298 -1.694346
    15 0.949953 -3.617903 -0.344216 -0.043634 -0.011079 0.137327
    16 -0.017794 -1.596358 -0.003443 0.009008 -0.014297 -0.000983
    17 -0.002829 -0.937906 0.003159 -0.132735 -0.020122 -0.009205
    18 -0.022325 0.045424 -0.038284 -1.125544 -0.129230 -1.681412
    19 -0.042900 -0.061274 -0.071212 -1.124462 -0.060454 -1.586099
    20 0.063741 -0.109104 -0.248158 -1.142813 -0.125805 -1.693583
    21 -1.408203 -3.246094 -0.348633 -0.788776 0.052706 -0.017693
    22 0.013458 -1.204102 0.000000 -0.931992 0.000000 0.000000
    23 -0.013008 -0.789551 0.000000 -1.061140 0.000000 0.000000
    24 -0.011721 0.093267 0.017949 -1.687855 -0.079155 -1.575164
    25 0.048863 -0.085541 0.028626 -1.715605 -0.034569 -1.653190
    26 0.173918 -0.198416 -0.336163 -1.668104 -0.422317 -1.710956
    27 0.438974 -0.486320 0.392416 0.765257 -0.498632 -1.175234
    28 2.352359 0.010252 0.005009 -0.294705 -0.081388 -0.663075
    29 1.249212 0.004522 -0.006774 -0.000016 0.000022 -0.433126
    30 -0.267709 0.037512 -0.093907 2.913812 -0.143386 0.078467
    31 -0.029266 0.205408 -0.329287 2.788574 -0.255486 -0.188917
    32 0.204373 0.521055 -0.268577 2.886669 0.042206 -0.230367
    33 0.195697 -0.010059 -0.293538 -1.333586 0.150863 -1.672749
    34 1.257181 8.762590 -0.153713 -1.570562 0.002683 -1.566808
    35 -0.093500 -0.114213 -0.738866 -1.570842 0.061811 0.002096
    36 0.010843 0.093624 -0.081439 -3.141462 0.041719 -1.568236
    37 8.713880 -11.586922 -12.888395 -0.878206 0.426529 1.528299
    38 0.104748 -10.673144 -0.005453 0.518209 -0.434599 0.428491
    39 0.553428 -3.650577 -0.341066 -1.254932 -0.046218 -0.024582
    40 0.025684 -1.507546 0.001039 -0.525378 0.000001 -0.000004
    41 0.008139 -0.928479 -0.000677 -0.814300 -0.000002 -0.000001
    42 0.006928 0.005329 -0.181358 -1.528500 -0.248579 -1.611362
    43 -0.052313 0.038589 -0.230757 -1.592493 -0.043415 -1.528515
    44 -0.232600 -0.209656 -0.420669 -1.713790 -0.167173 -1.438930
    45 -0.214374 -3.737618 -0.342176 -1.195993 -0.000005 -0.000020
    46 0.019801 -1.582373 0.006170 -0.935542 0.000020 -0.000009
    47 0.000478 -1.172547 0.000249 -0.862298 0.000021 0.000018
    48 -0.038065 0.069166 -0.159883 -1.816986 0.066178 -1.575392
    49 -0.025151 0.088762 -0.068837 -1.817843 0.044510 -1.568287
    50 -0.102916 -0.186983 -0.272246 -1.833683 -0.232962 -1.472375
    51 -1.030272 -3.578138 -0.343160 -1.213930 0.000019 -0.000003
    52 0.001133 -1.610108 0.002370 -0.955502 0.000003 -0.000002
    53 0.005787 -0.946060 0.004418 -0.842267 0.000001 0.000001
    54 -0.004241 0.043707 -0.080203 -2.014997 -0.186996 -1.460723
    55 0.015383 -0.089136 -0.030010 -2.006083 0.036346 -1.568629
    56 -0.022610 -0.212357 -0.177905 -1.933161 -0.118801 -1.518895
    57 1.309013 -3.227548 -0.342207 -1.110316 -0.066932 -0.041063
    58 0.000595 -1.242324 0.002179 -0.283746 0.000004 0.000009
    59 0.003175 -0.774607 -0.004222 -0.884627 -0.000006 -0.000004
    60 -0.067138 0.063251 -0.010961 -0.899214 -0.014515 -1.600326
    61 -0.151180 -0.007395 -0.070065 -0.913061 -0.118819 -1.408558
    62 -0.178164 -0.244680 -0.357067 -1.159916 -0.384260 -1.556110
    63 -0.387544 -0.463665 0.383766 -0.836009 -0.552793 -2.338183
    64 2.472082 0.027425 0.001225 0.004078 -0.000175 0.939433
    65 1.223419 0.009356 -0.005766 -0.000003 -0.000006 0.841410
    66 -0.263409 -0.117640 -0.015659 0.000036 -0.082210 -0.026800
    67 0.007707 -0.334360 -0.191575 0.070788 -0.181563 0.282364
    68 0.225562 -0.567923 -0.420715 0.119895 -0.183798 0.223460
    69 -0.203683 -0.095654 -0.328305 -1.745077 0.075142 -1.515382
    70 -1.393460 8.839182 -0.239439 1.580804 -0.005024 -1.566848
    71 0.036020 0.082815 -0.692656 -1.570769 0.065989 0.001276
    72 -0.088586 0.054020 -0.088594 0.010231 0.033800 -1.560851
    73 0.120153 -0.050270 -0.054489 -2.854024 0.030688 -1.580508
    74 -0.139399 -0.111694 0.014400 0.285395 -0.031353 1.580313
    75 -0.003479 -0.404833 0.000000 0.000000 0.000000 0.000000
    76 -0.313965 -4.589844 0.951660 -1.186316 1.434478 -1.173672
    77 0.000000 3.367188 0.862793 0.000000 0.000000 0.000000
    78 0.001152 -1.103516 1.960938 0.000000 0.000000 0.000000
    79 0.001152 -2.781250 2.525391 0.000000 0.000000 0.000000
    80 0.013642 -8.929368 2.604335 -0.000191 0.056457 0.000000
    81 -0.003574 -2.246094 1.304688 0.000000 0.000000 0.000000
    82 0.001150 -4.261719 1.683594 0.000000 0.000000 0.000000
  time 92
    0 1.629157 0.000000 0.541027 0.000000 0.000000 -1.570796
    1 1.286421 9.125465 -6.747737 2.500342 -1.384965 -1.606845
    2 -0.001605 -10.701926 -0.002571 0.106336 -0.235090 0.149870
    3 -0.653320 -3.628906 -0.348633 -1.003534 -0.000001 -0.122159
    4 -0.013245 -1.509766 -0.000001 -1.090796 0.000000 0.000000
    5 0.000000 -0.953125 -0.000002 -1.223438 0.000000 0.000000
    6 0.007988 0.172184 -0.118553 -1.598091 -0.216549 -1.570593
    7 0.080660 0.135929 -0.203919 -1.506824 -0.066185 -1.662786
    8 0.117288 -0.155554 -0.604544 -1.412988 -0.374558 -1.569222
    9 0.128052 -3.763672 -0.348633 -0.890091 0.000000 -0.148347
    10 -0.006790 -1.567259 0.006726 -1.212969 0.000000 0.000009
    11 0.000000 -1.164063 0.000001 -1.279286 0.000000 0.000000
    12 -0.018589 0.129953 -0.123721 -1.294580 0.001302 -1.635383
    13 -0.006160 0.170065 -0.110169 -1.280084 -0.068681 -1.597215
    14 0.047100 -0.104074 -0.352264 -1.243368 -0.257298 -1.694346
    15 0.949953 -3.617903 -0.344216 -0.046594 -0.010971 0.137279
    16 -0.017794 -1.596358 -0.003443 0.003572 -0.013926 -0.000216
    17 -0.006735 -0.937906 0.007065 -0.142697 -0.019463 -0.007755
    18 -0.022325 0.045424 -0.038284 -1.125544 -0.129230 -1.681412
    19 -0.042900 -0.061274 -0.071212 -1.124462 -0.060454 -1.586099
    20 0.063741 -0.109104 -0.248158 -1.142813 -0.125805 -1.693583
    21 -1.408203 -3.246094 -0.348633 -0.788776 0.052706 -0.017693
    22 0.013458 -1.204102 0.000000 -0.931992 0.000000 0.000000
    23 -0.013008 -0.789551 0.000000 -1.061140 0.000000 0.000000
    24 -0.011721 0.093267 0.017949 -1.687855 -0.079155 -1.575164
    25 0.048863 -0.085541 0.028626 -1.715605 -0.034569 -1.653190
    26 0.173918 -0.198416 -0.336163 -1.668104 -0.422317 -1.710956
    27 0.438974 -0.490226 0.392416 0.756972 -0.497496 -1.176275
    28 2.352359 0.010252 0.005009 -0.295100 -0.079806 -0.657946
    29 1.249212 0.004522 -0.002867 -0.000016 0.000022 -0.435826
    30 -0.267709 0.037512 -0.093907 2.913812 -0.143386 0.078467
    31 -0.029266 0.205408 -0.329287 2.788574 -0.255486 -0.188917
    32 0.204373 0.521055 -0.268577 2.886669 0.042206 -0.230367
    33 0.195697 -0.010059 -0.293538 -1.333586 0.150863 -1.672749
    34 1.257181 8.762590 -0.153713 -1.570562 0.002683 -1.566808
    35 -0.093500 -0.114213 -0.738866 -1.570842 0.061811 0.002096
    36 0.010843 0.093624 -0.081439 -3.141462 0.041719 -1.568236
    37 8.143550 -11.469730 -13.107152 -0.826417 0.418444 1.548559
    38 0.104748 -10.673144 -0.005453 0.536151 -0.462535 0.480354
    39 0.553428 -3.650577 -0.344972 -1.153447 -0.046218 -0.024582
    40 0.025684 -1.503640 0.001039 -0.510968 0.000001 -0.000004
    41 0.008139 -0.928479 -0.004583 -0.735994 -0.000002 -0.000001
    42 0.006928 0.005329 -0.181358 -1.528500 -0.248579 -1.611362
    43 -0.052313 0.038589 -0.230757 -1.592493 -0.043415 -1.528515
    44 -0.232600 -0.209656 -0.420669 -1.713790 -0.167173 -1.438930
    45 -0.214374 -3.741524 -0.346082 -1.090624 -0.000005 -0.000020
    46 0.015894 -1.582373 0.002264 -0.910283 0.000020 -0.000009
    47 0.004384 -1.176453 0.000249 -0.776435 0.000021 0.000018
    48 -0.038065 0.069166 -0.159883 -1.816986 0.066178 -1.575392
    49 -0.025151 0.088762 -0.068837 -1.817843 0.044510 -1.568287
    50 -0.102916 -0.186983 -0.272246 -1.833683 -0.232962 -1.472375
    51 -1.030272 -3.582044 -0.347066 -1.140298 0.000019 -0.000003
    52 0.001133 -1.610108 0.002370 -0.887719 0.000003 -0.000002
    53 0.005787 -0.946060 0.004418 -0.762758 0.000001 0.000001
    54 -0.004241 0.043707 -0.080203 -2.014997 -0.186996 -1.460723
    55 0.015383 -0.089136 -0.030010 -2.006083 0.036346 -1.568629
    56 -0.022610 -0.212357 -0.177905 -1.933161 -0.118801 -1.518895
    57 1.309013 -3.227548 -0.342207 -0.986570 -0.066932 -0.041079
    58 0.000595 -1.242324 0.002179 -0.250868 0.000004 0.000009
    59 0.003175 -0.774607 -0.004222 -0.897967 -0.000006 -0.000004
    60 -0.067138 0.063251 -0.010961 -0.899214 -0.014515 -1.600326
    61 -0.151180 -0.007395 -0.070065 -0.913061 -0.118819 -1.408558
    62 -0.178164 -0.244680 -0.357067 -1.159916 -0.384260 -1.556110
    63 -0.387544 -0.463665 0.379860 -0.805133 -0.572519 -2.365545
    64 2.468175 0.027425 0.001225 0.009123 -0.000187 0.880107
    65 1.227325 0.009356 -0.005766 -0.000003 -0.000006 0.745162
    66 -0.263409 -0.117640 -0.015659 0.000036 -0.082210 -0.026800
    67 0.007707 -0.334360 -0.191575 0.070788 -0.181563 0.282364
    68 0.225562 -0.567923 -0.420715 0.119895 -0.183798 0.223460
    69 -0.203683 -0.095654 -0.328305 -1.745077 0.075142 -1.515382
    70 -1.393460 8.839182 -0.239439 1.580804 -0.005024 -1.566848
    71 0.036020 0.082815 -0.692656 -1.570769 0.065989 0.001276
    72 -0.088586 0.054020 -0.088594 0.010231 0.033800 -1.560851
    73 0.120153 -0.050270 -0.054489 -2.854024 0.030688 -1.580508
    74 -0.139399 -0.111694 0.014400 0.285395 -0.031353 1.580313
    75 -0.003479 -0.404833 0.000000 0.000000 0.000000 0.000000
    76 -0.313965 -4.589844 0.951660 -1.186316 1.434478 -1.173672
    77 0.000000 3.367188 0.862793 0.000000 0.000000 0.000000
    78 0.001152 -1.103516 1.960938 0.000000 0.000000 0.000000
    79 0.001152 -2.781250 2.525391 0.000000 0.000000 0.000000
    80 0.025361 -8.925462 2.619960 -0.000478 0.103561 0.000000
    81 -0.003574 -2.246094 1.304688 0.000000 0.000000 0.000000
    82 0.001150 -4.261719 1.683594 0.000000 0.000000 0.000000
  time 93
    0 1.629157 0.000000 0.541027 0.000000 0.000000 -1.570796
    1 1.329391 9.109839 -6.689141 2.483192 -1.381522 -1.593349
    2 -0.001605 -10.698019 -0.002571 0.088538 -0.206009 0.132098
    3 -0.653320 -3.628906 -0.348633 -1.003534 -0.000001 -0.122159
    4 -0.013245 -1.509766 -0.000001 -1.090796 0.000000 0.000000
    5 0.000000 -0.953125 -0.000002 -1.223438 0.000000 0.000000
    6 0.007988 0.172184 -0.118553 -1.598091 -0.216549 -1.570593
    7 0.080660 0.135929 -0.203919 -1.506824 -0.066185 -1.662786
    8 0.117288 -0.155554 -0.604544 -1.412988 -0.374558 -1.569222
    9 0.128052 -3.763672 -0.348633 -0.890091 0.000000 -0.148347
    10 -0.006790 -1.567259 0.002820 -1.212969 0.000000 0.000009
    11 0.000000 -1.164063 0.000001 -1.279286 0.000000 0.000000
    12 -0.018589 0.129953 -0.123721 -1.294580 0.001302 -1.635383
    13 -0.006160 0.170065 -0.110169 -1.280084 -0.068681 -1.597215
    14 0.047100 -0.104074 -0.352264 -1.243368 -0.257298 -1.694346
    15 0.949953 -3.617903 -0.344216 -0.049674 -0.010852 0.137231
    16 -0.021700 -1.596358 -0.007350 -0.002042 -0.013542 0.000539
    17 -0.006735 -0.941812 0.007065 -0.153002 -0.018744 -0.006329
    18 -0.022325 0.045424 -0.038284 -1.125544 -0.129230 -1.681412
    19 -0.042900 -0.061274 -0.071212 -1.124462 -0.060454 -1.586099
    20 0.063741 -0.109104 -0.248158 -1.142813 -0.125805 -1.693583
    21 -1.408203 -3.246094 -0.348633 -0.788776 0.052706 -0.017693
    22 0.013458 -1.204102 0.000000 -0.931992 0.000000 0.000000
    23 -0.013008 -0.789551 0.000000 -1.061140 0.000000 0.000000
    24 -0.011721 0.093267 0.017949 -1.687855 -0.079155 -1.575164
    25 0.048863 -0.085541 0.028626 -1.715605 -0.034569 -1.653190
    26 0.173918 -0.198416 -0.336163 -1.668104 -0.422317 -1.710956
    27 0.442881 -0.490226 0.392416 0.745969 -0.495952 -1.177654
    28 2.352359 0.010252 0.005009 -0.295640 -0.077817 -0.651326
    29 1.249212 0.004522 -0.002867 -0.000016 0.000022 -0.439156
    30 -0.267709 0.037512 -0.093907 2.913812 -0.143386 0.078467
    31 -0.029266 0.205408 -0.329287 2.788574 -0.255486 -0.188917
    32 0.204373 0.521055 -0.268577 2.886669 0.042206 -0.230367
    33 0.195697 -0.010059 -0.293538 -1.333586 0.150863 -1.672749
    34 1.257181 8.762590 -0.153713 -1.570562 0.002683 -1.566808
    35 -0.093500 -0.114213 -0.738866 -1.570842 0.061811 0.002096
    36 0.010843 0.093624 -0.081439 -3.141462 0.041719 -1.568236
    37 7.596659 -11.317382 -13.325909 -0.773197 0.406994 1.579523
    38 0.104748 -10.673144 -0.005453 0.527462 -0.465106 0.495545
    39 0.553428 -3.650577 -0.344972 -1.040879 -0.046218 -0.024582
    40 0.021778 -1.503640 0.001039 -0.495051 0.000001 -0.000004
    41 0.012045 -0.928479 -0.004583 -0.648322 -0.000002 -0.000001
    42 0.006928 0.005329 -0.181358 -1.528500 -0.248579 -1.611362
    43 -0.052313 0.038589 -0.230757 -1.592493 -0.043415 -1.528515
    44 -0.232600 -0.209656 -0.420669 -1.713790 -0.167173 -1.438930
    45 -0.214374 -3.741524 -0.346082 -0.973533 -0.000005 -0.000020
    46 0.019801 -1.578467 0.006170 -0.881912 0.000020 -0.000009
    47 0.004384 -1.172547 0.000249 -0.680165 0.000021 0.000018
    48 -0.038065 0.069166 -0.159883 -1.816986 0.066178 -1.575392
    49 -0.025151 0.088762 -0.068837 -1.817843 0.044510 -1.568287
    50 -0.102916 -0.186983 -0.272246 -1.833683 -0.232962 -1.472375
    51 -1.030272 -3.582044 -0.347066 -1.058734 0.000019 -0.000003
    52 0.001133 -1.610108 0.002370 -0.812638 0.000003 -0.000002
    53 0.005787 -0.946060 0.004418 -0.673707 0.000001 0.000001
    54 -0.004241 0.043707 -0.080203 -2.014997 -0.186996 -1.460723
    55 0.015383 -0.089136 -0.030010 -2.006083 0.036346 -1.568629
    56 -0.022610 -0.212357 -0.177905 -1.933161 -0.118801 -1.518895
    57 1.309013 -3.227548 -0.342207 -0.848756 -0.066932 -0.041063
    58 0.000595 -1.242324 0.002179 -0.213542 0.000004 0.000009
    59 0.003175 -0.774607 -0.000316 -0.911613 -0.000006 -0.000004
    60 -0.067138 0.063251 -0.010961 -0.899214 -0.014515 -1.600326
    61 -0.151180 -0.007395 -0.070065 -0.913061 -0.118819 -1.408558
    62 -0.178164 -0.244680 -0.357067 -1.159916 -0.384260 -1.556110
    63 -0.387544 -0.463665 0.379860 -0.769989 -0.593630 -2.397064
    64 2.468175 0.027425 0.005131 0.014768 0.000112 0.814587
    65 1.223419 0.009356 -0.005766 -0.000003 -0.000006 0.638071
    66 -0.263409 -0.117640 -0.015659 0.000036 -0.082210 -0.026800
    67 0.007707 -0.334360 -0.191575 0.070788 -0.181563 0.282364
    68 0.225562 -0.567923 -0.420715 0.119895 -0.183798 0.223460
    69 -0.203683 -0.095654 -0.328305 -1.745077 0.075142 -1.515382
    70 -1.393460 8.839182 -0.239439 1.580804 -0.005024 -1.566848
    71 0.036020 0.082815 -0.692656 -1.570769 0.065989 0.001276
    72 -0.088586 0.054020 -0.088594 0.010231 0.033800 -1.560851
    73 0.120153 -0.050270 -0.054489 -2.854024 0.030688 -1.580508
    74 -0.139399 -0.111694 0.014400 0.285395 -0.031353 1.580313
    75 -0.003479 -0.404833 0.000000 0.000000 0.000000 0.000000
    76 -0.313965 -4.589844 0.951660 -1.186316 1.434478 -1.173672
    77 0.000000 3.367188 0.862793 0.000000 0.000000 0.000000
    78 0.001152 -1.103516 1.960938 0.000000 0.000000 0.000000
    79 0.001152 -2.781250 2.525391 0.000000 0.000000 0.000000
    80 0.029267 -8.921555 2.639492 -0.000765 0.141501 0.000000
    81 -0.003574 -2.246094 1.304688 0.000000 0.000000 0.000000
    82 0.001150 -4.261719 1.683594 0.000000 0.000000 0.000000
  time 94
    0 1.629157 0.000000 0.541027 0.000000 0.000000 -1.570796
    1 1.364548 9.086401 -6.646171 2.469883 -1.381711 -1.580123
    2 -0.001605 -10.701926 -0.002571 0.069276 -0.176904 0.113059
    3 -0.653320 -3.628906 -0.348633 -1.003534 -0.000001 -0.122159
    4 -0.013245 -1.509766 -0.000001 -1.090796 0.000000 0.000000
    5 0.000000 -0.953125 -0.000002 -1.223438 0.000000 0.000000
    6 0.007988 0.172184 -0.118553 -1.598091 -0.216549 -1.570593
    7 0.080660 0.135929 -0.203919 -1.506824 -0.066185 -1.662786
    8 0.117288 -0.155554 -0.604544 -1.412988 -0.374558 -1.569222
    9 0.128052 -3.763672 -0.348633 -0.890091 0.000000 -0.148347
    10 -0.006790 -1.567259 0.002820 -1.212969 0.000000 -0.000003
    11 0.000000 -1.164063 0.000001 -1.279286 0.000000 0.000000
    12 -0.018589 0.129953 -0.123721 -1.294580 0.001302 -1.635383
    13 -0.006160 0.170065 -0.110169 -1.280084 -0.068681 -1.597215
    14 0.047100 -0.104074 -0.352264 -1.243368 -0.257298 -1.694346
    15 0.949953 -3.617903 -0.344216 -0.052838 -0.010732 0.137183
    16 -0.017794 -1.596358 -0.003443 -0.008016 -0.013159 0.001354
    17 -0.002829 -0.941812 0.003159 -0.163754 -0.017965 -0.004915
    18 -0.022325 0.045424 -0.038284 -1.125544 -0.129230 -1.681412
    19 -0.042900 -0.061274 -0.071212 -1.124462 -0.060454 -1.586099
    20 0.063741 -0.109104 -0.248158 -1.142813 -0.125805 -1.693583
    21 -1.408203 -3.246094 -0.348633 -0.788776 0.052706 -0.017693
    22 0.013458 -1.204102 0.000000 -0.931992 0.000000 0.000000
    23 -0.013008 -0.789551 0.000000 -1.061140 0.000000 0.000000
    24 -0.011721 0.093267 0.017949 -1.687855 -0.079155 -1.575164
    25 0.048863 -0.085541 0.028626 -1.715605 -0.034569 -1.653190
    26 0.173918 -0.198416 -0.336163 -1.668104 -0.422317 -1.710956
    27 0.438974 -0.490226 0.392416 0.732643 -0.494137 -1.179342
    28 2.352359 0.010252 0.005009 -0.296239 -0.075408 -0.643392
    29 1.249212 0.004522 -0.002867 -0.000016 0.000022 -0.443095
    30 -0.267709 0.037512 -0.093907 2.913812 -0.143386 0.078467
    31 -0.029266 0.205408 -0.329287 2.788574 -0.255486 -0.188917
    32 0.204373 0.521055 -0.268577 2.886669 0.042206 -0.230367
    33 0.195697 -0.010059 -0.293538 -1.333586 0.150863 -1.672749
    34 1.257181 8.762590 -0.153713 -1.570562 0.002683 -1.566808
    35 -0.093500 -0.114213 -0.738866 -1.570842 0.061811 0.002096
    36 0.010843 0.093624 -0.081439 -3.141462 0.041719 -1.568236
    37 7.096643 -11.165034 -13.493883 -0.720836 0.394468 1.610487
    38 0.104748 -10.673144 -0.005453 0.469628 -0.429664 0.449382
    39 0.553428 -3.646670 -0.341066 -0.923570 -0.046218 -0.024582
    40 0.021778 -1.503640 0.001039 -0.478475 0.000001 -0.000004
    41 0.012045 -0.928479 -0.004583 -0.558112 -0.000002 -0.000001
    42 0.006928 0.005329 -0.181358 -1.528500 -0.248579 -1.611362
    43 -0.052313 0.038589 -0.230757 -1.592493 -0.043415 -1.528515
    44 -0.232600 -0.209656 -0.420669 -1.713790 -0.167173 -1.438930
    45 -0.214374 -3.737618 -0.346082 -0.851745 -0.000005 -0.000020
    46 0.019801 -1.578467 0.006170 -0.852953 0.000020 -0.000009
    47 0.004384 -1.172547 0.000249 -0.581207 0.000021 0.000018
    48 -0.038065 0.069166 -0.159883 -1.816986 0.066178 -1.575392
    49 -0.025151 0.088762 -0.068837 -1.817843 0.044510 -1.568287
    50 -0.102916 -0.186983 -0.272246 -1.833683 -0.232962 -1.472375
    51 -1.030272 -3.578138 -0.343160 -0.973564 0.000019 -0.000003
    52 0.001133 -1.610108 0.002370 -0.734144 0.000003 -0.000002
    53 0.005787 -0.946060 0.004418 -0.582038 0.000001 0.000001
    54 -0.004241 0.043707 -0.080203 -2.014997 -0.186996 -1.460723
    55 0.015383 -0.089136 -0.030010 -2.006083 0.036346 -1.568629
    56 -0.022610 -0.212357 -0.177905 -1.933161 -0.118801 -1.518895
    57 1.309013 -3.227548 -0.342207 -0.705792 -0.066932 -0.041063
    58 0.000595 -1.242324 0.006085 -0.175991 0.000004 0.000009
    59 0.003175 -0.774607 -0.004222 -0.925461 -0.000006 -0.000004
    60 -0.067138 0.063251 -0.010961 -0.899214 -0.014515 -1.600326
    61 -0.151180 -0.007395 -0.070065 -0.913061 -0.118819 -1.408558
    62 -0.178164 -0.244680 -0.357067 -1.159916 -0.384260 -1.556110
    63 -0.387544 -0.463665 0.383766 -0.731555 -0.614500 -2.431448
    64 2.472082 0.027425 0.001225 0.020556 0.000867 0.745853
    65 1.223419 0.009356 -0.005766 -0.000003 -0.000006 0.526838
    66 -0.263409 -0.117640 -0.015659 0.000036 -0.082210 -0.026800
    67 0.007707 -0.334360 -0.191575 0.070788 -0.181563 0.282364
    68 0.225562 -0.567923 -0.420715 0.119895 -0.183798 0.223460
    69 -0.203683 -0.095654 -0.328305 -1.745077 0.075142 -1.515382
    70 -1.393460 8.839182 -0.239439 1.580804 -0.005024 -1.566848
    71 0.036020 0.082815 -0.692656 -1.570769 0.065989 0.001276
    72 -0.088586 0.054020 -0.088594 0.010231 0.033800 -1.560851
    73 0.120153 -0.050270 -0.054489 -2.854024 0.030688 -1.580508
    74 -0.139399 -0.111694 0.014400 0.285395 -0.031353 1.580313
    75 -0.003479 -0.404833 0.000000 0.000000 0.000000 0.000000
    76 -0.313965 -4.589844 0.951660 -1.186316 1.434478 -1.173672
    77 0.000000 3.367188 0.862793 0.000000 0.000000 0.000000
    78 0.001152 -1.103516 1.960938 0.000000 0.000000 0.000000
    79 0.001152 -2.781250 2.525391 0.000000 0.000000 0.000000
    80 0.037080 -8.913743 2.651211 -0.000957 0.171090 0.000000
    81 -0.003574 -2.246094 1.304688 0.000000 0.000000 0.000000
    82 0.001150 -4.261719 1.683594 0.000000 0.000000 0.000000
  time 95
    0 1.629157 0.000000 0.541027 0.000000 0.000000 -1.570796
    1 1.391893 9.051244 -6.611014 2.466846 -1.386993 -1.571396
    2 -0.001605 -10.701926 -0.002571 0.050050 -0.148192 0.092916
    3 -0.653320 -3.628906 -0.348633 -1.003534 -0.000001 -0.122159
    4 -0.013245 -1.509766 -0.000001 -1.090796 0.000000 0.000000
    5 0.000000 -0.953125 -0.000002 -1.223438 0.000000 0.000000
    6 0.007988 0.172184 -0.118553 -1.598091 -0.216549 -1.570593
    7 0.080660 0.135929 -0.203919 -1.506824 -0.066185 -1.662786
    8 0.117288 -0.155554 -0.604544 -1.412988 -0.374558 -1.569222
    9 0.128052 -3.763672 -0.348633 -0.890091 0.000000 -0.148347
    10 -0.002884 -1.563353 0.006726 -1.212969 0.000000 0.000009
    11 0.000000 -1.164063 0.000001 -1.279286 0.000000 0.000000
    12 -0.018589 0.129953 -0.123721 -1.294580 0.001302 -1.635383
    13 -0.006160 0.170065 -0.110169 -1.280084 -0.068681 -1.597215
    14 0.047100 -0.104074 -0.352264 -1.243368 -0.257298 -1.694346
    15 0.949953 -3.617903 -0.344216 -0.056134 -0.010600 0.137135
    16 -0.017794 -1.596358 -0.003443 -0.014194 -0.012740 0.002205
    17 -0.002829 -0.937906 0.007065 -0.174815 -0.017114 -0.003513
    18 -0.022325 0.045424 -0.038284 -1.125544 -0.129230 -1.681412
    19 -0.042900 -0.061274 -0.071212 -1.124462 -0.060454 -1.586099
    20 0.063741 -0.109104 -0.248158 -1.142813 -0.125805 -1.693583
    21 -1.408203 -3.246094 -0.348633 -0.788776 0.052706 -0.017693
    22 0.013458 -1.204102 0.000000 -0.931992 0.000000 0.000000
    23 -0.013008 -0.789551 0.000000 -1.061140 0.000000 0.000000
    24 -0.011721 0.093267 0.017949 -1.687855 -0.079155 -1.575164
    25 0.048863 -0.085541 0.028626 -1.715605 -0.034569 -1.653190
    26 0.173918 -0.198416 -0.336163 -1.668104 -0.422317 -1.710956
    27 0.442881 -0.490226 0.396323 0.717389 -0.492087 -1.181340
    28 2.352359 0.010252 0.005009 -0.296910 -0.072627 -0.634321
    29 1.245306 0.004522 -0.002867 -0.000016 0.000022 -0.447562
    30 -0.267709 0.037512 -0.093907 2.913812 -0.143386 0.078467
    31 -0.029266 0.205408 -0.329287 2.788574 -0.255486 -0.188917
    32 0.204373 0.521055 -0.268577 2.886669 0.042206 -0.230367
    33 0.195697 -0.010059 -0.293538 -1.333586 0.150863 -1.672749
    34 1.257181 8.762590 -0.153713 -1.570562 0.002683 -1.566808
    35 -0.093500 -0.114213 -0.738866 -1.570842 0.061811 0.002096
    36 0.010843 0.093624 -0.081439 -3.141462 0.041719 -1.568236
    37 6.643505 -11.004873 -13.611074 -0.667330 0.377317 1.641068
    38 0.108654 -10.673144 -0.001547 0.388284 -0.382047 0.376796
    39 0.549521 -3.650577 -0.341066 -0.807808 -0.046218 -0.024582
    40 0.025684 -1.503640 0.001039 -0.462558 0.000001 -0.000004
    41 0.012045 -0.928479 -0.004583 -0.472134 -0.000002 -0.000001
    42 0.006928 0.005329 -0.181358 -1.528500 -0.248579 -1.611362
    43 -0.052313 0.038589 -0.230757 -1.592493 -0.043415 -1.528515
    44 -0.232600 -0.209656 -0.420669 -1.713790 -0.167173 -1.438930
    45 -0.218280 -3.741524 -0.346082 -0.732115 -0.000005 -0.000020
    46 0.019801 -1.578467 0.006170 -0.826049 0.000020 -0.000009
    47 0.004384 -1.176453 0.000249 -0.487224 0.000021 0.000018
    48 -0.038065 0.069166 -0.159883 -1.816986 0.066178 -1.575392
    49 -0.025151 0.088762 -0.068837 -1.817843 0.044510 -1.568287
    50 -0.102916 -0.186983 -0.272246 -1.833683 -0.232962 -1.472375
    51 -1.030272 -3.582044 -0.343160 -0.889356 0.000019 -0.000003
    52 0.001133 -1.610108 0.002370 -0.655650 0.000003 -0.000002
    53 0.005787 -0.946060 0.000512 -0.494499 0.000001 0.000001
    54 -0.004241 0.043707 -0.080203 -2.014997 -0.186996 -1.460723
    55 0.015383 -0.089136 -0.030010 -2.006083 0.036346 -1.568629
    56 -0.022610 -0.212357 -0.177905 -1.933161 -0.118801 -1.518895
    57 1.309013 -3.227548 -0.342207 -0.566420 -0.066932 -0.041063
    58 0.000595 -1.242324 0.002179 -0.142043 0.000004 0.000009
    59 0.003175 -0.774607 -0.000316 -0.939562 -0.000006 -0.000004
    60 -0.067138 0.063251 -0.010961 -0.899214 -0.014515 -1.600326
    61 -0.151180 -0.007395 -0.070065 -0.913061 -0.118819 -1.408558
    62 -0.178164 -0.244680 -0.357067 -1.159916 -0.384260 -1.556110
    63 -0.387544 -0.463665 0.383766 -0.691187 -0.633724 -2.466969
    64 2.472082 0.027425 0.001225 0.026093 0.002042 0.677119
    65 1.223419 0.009356 -0.005766 -0.000003 -0.000006 0.418384
    66 -0.263409 -0.117640 -0.015659 0.000036 -0.082210 -0.026800
    67 0.007707 -0.334360 -0.191575 0.070788 -0.181563 0.282364
    68 0.225562 -0.567923 -0.420715 0.119895 -0.183798 0.223460
    69 -0.203683 -0.095654 -0.328305 -1.745077 0.075142 -1.515382
    70 -1.393460 8.839182 -0.239439 1.580804 -0.005024 -1.566848
    71 0.036020 0.082815 -0.692656 -1.570769 0.065989 0.001276
    72 -0.088586 0.054020 -0.088594 0.010231 0.033800 -1.560851
    73 0.120153 -0.050270 -0.054489 -2.854024 0.030688 -1.580508
    74 -0.139399 -0.111694 0.014400 0.285395 -0.031353 1.580313
    75 -0.003479 -0.404833 0.000000 0.000000 0.000000 0.000000
    76 -0.313965 -4.589844 0.951660 -1.186316 1.434478 -1.173672
    77 0.000000 3.367188 0.862793 0.000000 0.000000 0.000000
    78 0.001152 -1.103516 1.960938 0.000000 0.000000 0.000000
    79 0.001152 -2.781250 2.525391 0.000000 0.000000 0.000000
    80 0.040986 -8.913743 2.659024 -0.001052 0.193139 0.000000
    81 -0.003574 -2.246094 1.304688 0.000000 0.000000 0.000000
    82 0.001150 -4.261719 1.683594 0.000000 0.000000 0.000000
  time 96
    0 1.629157 0.000000 0.541027 0.000000 0.000000 -1.570796
    1 1.395799 9.004367 -6.607107 2.481584 -1.398926 -1.572295
    2 -0.001605 -10.698019 -0.006478 0.032321 -0.120080 0.071760
    3 -0.653320 -3.628906 -0.348633 -1.003534 -0.000001 -0.122159
    4 -0.013245 -1.509766 -0.000001 -1.090796 0.000000 0.000000
    5 0.000000 -0.953125 -0.000002 -1.223438 0.000000 0.000000
    6 0.007988 0.172184 -0.118553 -1.598091 -0.216549 -1.570593
    7 0.080660 0.135929 -0.203919 -1.506824 -0.066185 -1.662786
    8 0.117288 -0.155554 -0.604544 -1.412988 -0.374558 -1.569222
    9 0.128052 -3.763672 -0.348633 -0.890091 0.000000 -0.148347
    10 -0.006790 -1.567259 0.006726 -1.212969 0.000000 -0.000003
    11 0.000000 -1.164063 0.000001 -1.279286 0.000000 0.000000
    12 -0.018589 0.129953 -0.123721 -1.294580 0.001302 -1.635383
    13 -0.006160 0.170065 -0.110169 -1.280084 -0.068681 -1.597215
    14 0.047100 -0.104074 -0.352264 -1.243368 -0.257298 -1.694346
    15 0.953860 -3.617903 -0.348122 -0.060724 -0.010420 0.137063
    16 -0.021700 -1.596358 -0.003443 -0.063111 -0.009120 0.009204
    17 -0.002829 -0.941812 0.007065 -0.238811 -0.011769 0.004457
    18 -0.022325 0.045424 -0.038284 -1.125544 -0.129230 -1.681412
    19 -0.042900 -0.061274 -0.071212 -1.124462 -0.060454 -1.586099
    20 0.063741 -0.109104 -0.248158 -1.142813 -0.125805 -1.693583
    21 -1.408203 -3.246094 -0.348633 -0.788776 0.052706 -0.017693
    22 0.013458 -1.204102 0.000000 -0.931992 0.000000 0.000000
    23 -0.013008 -0.789551 0.000000 -1.061140 0.000000 0.000000
    24 -0.011721 0.093267 0.017949 -1.687855 -0.079155 -1.575164
    25 0.048863 -0.085541 0.028626 -1.715605 -0.034569 -1.653190
    26 0.173918 -0.198416 -0.336163 -1.668104 -0.422317 -1.710956
    27 0.442881 -0.490226 0.396323 0.700446 -0.489802 -1.183620
    28 2.352359 0.010252 0.001103 -0.297617 -0.069535 -0.624189
    29 1.249212 0.004522 -0.002867 -0.000016 0.000022 -0.452516
    30 -0.267709 0.037512 -0.093907 2.913812 -0.143386 0.078467
    31 -0.029266 0.205408 -0.329287 2.788574 -0.255486 -0.188917
    32 0.204373 0.521055 -0.268577 2.886669 0.042206 -0.230367
    33 0.195697 -0.010059 -0.293538 -1.333586 0.150863 -1.672749
    34 1.257181 8.762590 -0.153713 -1.570562 0.002683 -1.566808
    35 -0.093500 -0.114213 -0.738866 -1.570842 0.061811 0.002096
    36 0.010843 0.093624 -0.081439 -3.141462 0.041719 -1.568236
    37 6.225523 -10.836899 -13.697014 -0.614110 0.357921 1.670885
    38 0.104748 -10.673144 -0.005453 0.301049 -0.335903 0.293035
    39 0.549521 -3.650577 -0.344972 -0.699833 -0.046218 -0.024582
    40 0.021778 -1.503640 0.001039 -0.448336 0.000001 -0.000004
    41 0.008139 -0.928479 -0.004583 -0.397214 -0.000002 -0.000001
    42 0.006928 0.005329 -0.181358 -1.528500 -0.248579 -1.611362
    43 -0.052313 0.038589 -0.230757 -1.592493 -0.043415 -1.528515
    44 -0.232600 -0.209656 -0.420669 -1.713790 -0.167173 -1.438930
    45 -0.218280 -3.741524 -0.346082 -0.621710 -0.000005 -0.000020
    46 0.019801 -1.578467 0.006170 -0.804022 0.000020 -0.000009
    47 0.000478 -1.172547 0.000249 -0.405879 0.000021 0.000018
    48 -0.038065 0.069166 -0.159883 -1.816986 0.066178 -1.575392
    49 -0.025151 0.088762 -0.068837 -1.817843 0.044510 -1.568287
    50 -0.102916 -0.186983 -0.272246 -1.833683 -0.232962 -1.472375
    51 -1.030272 -3.582044 -0.347066 -0.810556 0.000019 -0.000003
    52 0.001133 -1.610108 0.002370 -0.580989 0.000003 -0.000002
    53 0.005787 -0.946060 0.004418 -0.418045 0.000001 0.000001
    54 -0.004241 0.043707 -0.080203 -2.014997 -0.186996 -1.460723
    55 0.015383 -0.089136 -0.030010 -2.006083 0.036346 -1.568629
    56 -0.022610 -0.212357 -0.177905 -1.933161 -0.118801 -1.518895
    57 1.305107 -3.227548 -0.342207 -0.439384 -0.066932 -0.041063
    58 0.000595 -1.242324 0.006085 -0.115977 0.000004 0.000009
    59 0.003175 -0.774607 -0.004222 -0.953816 -0.000006 -0.000004
    60 -0.067138 0.063251 -0.010961 -0.899214 -0.014515 -1.600326
    61 -0.151180 -0.007395 -0.070065 -0.913061 -0.118819 -1.408558
    62 -0.178164 -0.244680 -0.357067 -1.159916 -0.384260 -1.556110
    63 -0.391451 -0.463665 0.379860 -0.650553 -0.650180 -2.501585
    64 2.472082 0.027425 0.001225 0.030983 0.003504 0.611365
    65 1.223419 0.009356 -0.001860 -0.000003 -0.000006 0.319356
    66 -0.263409 -0.117640 -0.015659 0.000036 -0.082210 -0.026800
    67 0.007707 -0.334360 -0.191575 0.070788 -0.181563 0.282364
    68 0.225562 -0.567923 -0.420715 0.119895 -0.183798 0.223460
    69 -0.203683 -0.095654 -0.328305 -1.745077 0.075142 -1.515382
    70 -1.393460 8.839182 -0.239439 1.580804 -0.005024 -1.566848
    71 0.036020 0.082815 -0.692656 -1.570769 0.065989 0.001276
    72 -0.088586 0.054020 -0.088594 0.010231 0.033800 -1.560851
    73 0.120153 -0.050270 -0.054489 -2.854024 0.030688 -1.580508
    74 -0.139399 -0.111694 0.014400 0.285395 -0.031353 1.580313
    75 -0.003479 -0.404833 0.000000 0.000000 0.000000 0.000000
    76 -0.313965 -4.589844 0.951660 -1.186316 1.434478 -1.173672
    77 0.000000 3.367188 0.862793 0.000000 0.000000 0.000000
    78 0.001152 -1.103516 1.960938 0.000000 0.000000 0.000000
    79 0.001152 -2.781250 2.525391 0.000000 0.000000 0.000000
    80 0.048799 -8.909836 2.666837 -0.001244 0.208029 0.000000
    81 -0.003574 -2.246094 1.304688 0.000000 0.000000 0.000000
    82 0.001150 -4.261719 1.683594 0.000000 0.000000 0.000000
  time 97
    0 1.629157 0.000000 0.541027 0.000000 0.000000 -1.570796
    1 1.364548 8.937959 -6.634452 2.512222 -1.415339 -1.583722
    2 -0.001605 -10.698019 -0.002571 0.017448 -0.092868 0.049867
    3 -0.653320 -3.628906 -0.348633 -1.003534 -0.000001 -0.122159
    4 -0.013245 -1.509766 -0.000001 -1.090796 0.000000 0.000000
    5 0.000000 -0.953125 -0.000002 -1.223438 0.000000 0.000000
    6 0.007988 0.172184 -0.118553 -1.598091 -0.216549 -1.570593
    7 0.080660 0.135929 -0.203919 -1.506824 -0.066185 -1.662786
    8 0.117288 -0.155554 -0.604544 -1.412988 -0.374558 -1.569222
    9 0.128052 -3.763672 -0.348633 -0.890091 0.000000 -0.148347
    10 -0.006790 -1.567259 0.006726 -1.212969 0.000000 0.000009
    11 0.000000 -1.164063 0.000001 -1.279286 0.000000 0.000000
    12 -0.018589 0.129953 -0.123721 -1.294580 0.001302 -1.635383
    13 -0.006160 0.170065 -0.110169 -1.280084 -0.068681 -1.597215
    14 0.047100 -0.104074 -0.352264 -1.243368 -0.257298 -1.694346
    15 0.953860 -3.613996 -0.344216 -0.067759 -0.010144 0.136931
    16 -0.021700 -1.596358 -0.007350 -0.171430 -0.000024 0.023969
    17 -0.002829 -0.941812 0.007065 -0.382055 0.002002 0.021092
    18 -0.022325 0.045424 -0.038284 -1.125544 -0.129230 -1.681412
    19 -0.042900 -0.061274 -0.071212 -1.124462 -0.060454 -1.586099
    20 0.063741 -0.109104 -0.248158 -1.142813 -0.125805 -1.693583
    21 -1.408203 -3.246094 -0.348633 -0.788776 0.052706 -0.017693
    22 0.013458 -1.204102 0.000000 -0.931992 0.000000 0.000000
    23 -0.013008 -0.789551 0.000000 -1.061140 0.000000 0.000000
    24 -0.011721 0.093267 0.017949 -1.687855 -0.079155 -1.575164
    25 0.048863 -0.085541 0.028626 -1.715605 -0.034569 -1.653190
    26 0.173918 -0.198416 -0.336163 -1.668104 -0.422317 -1.710956
    27 0.438974 -0.490226 0.392416 0.682277 -0.487419 -1.186068
    28 2.352359 0.010252 0.005009 -0.298372 -0.066180 -0.613223
    29 1.249212 0.004522 -0.002867 -0.000016 0.000022 -0.457896
    30 -0.267709 0.037512 -0.093907 2.913812 -0.143386 0.078467
    31 -0.029266 0.205408 -0.329287 2.788574 -0.255486 -0.188917
    32 0.204373 0.521055 -0.268577 2.886669 0.042206 -0.230367
    33 0.195697 -0.010059 -0.293538 -1.333586 0.150863 -1.672749
    34 1.257181 8.762590 -0.153713 -1.570562 0.002683 -1.566808
    35 -0.093500 -0.114213 -0.738866 -1.570842 0.061811 0.002096
    36 0.010843 0.093624 -0.081439 -3.141462 0.041719 -1.568236
    37 5.842699 -10.649393 -13.751703 -0.563084 0.338853 1.700033
    38 0.104748 -10.673144 -0.005453 0.227451 -0.300024 0.215760
    39 0.553428 -3.650577 -0.341066 -0.606136 -0.046218 -0.024582
    40 0.025684 -1.503640 0.004946 -0.437317 0.000001 -0.000004
    41 0.008139 -0.928479 -0.004583 -0.340230 -0.000002 -0.000001
    42 0.006928 0.005329 -0.181358 -1.528500 -0.248579 -1.611362
    43 -0.052313 0.038589 -0.230757 -1.592493 -0.043415 -1.528515
    44 -0.232600 -0.209656 -0.420669 -1.713790 -0.167173 -1.438930
    45 -0.218280 -3.741524 -0.346082 -0.527428 -0.000005 -0.000020
    46 0.019801 -1.578467 0.002264 -0.789278 0.000020 -0.000009
    47 0.000478 -1.176453 0.000249 -0.344806 0.000021 0.000018
    48 -0.038065 0.069166 -0.159883 -1.816986 0.066178 -1.575392
    49 -0.025151 0.088762 -0.068837 -1.817843 0.044510 -1.568287
    50 -0.102916 -0.186983 -0.272246 -1.833683 -0.232962 -1.472375
    51 -1.030272 -3.582044 -0.343160 -0.741571 0.000019 -0.000003
    52 0.001133 -1.610108 0.006276 -0.513521 0.000003 -0.000002
    53 0.005787 -0.946060 0.004418 -0.359453 0.000001 0.000001
    54 -0.004241 0.043707 -0.080203 -2.014997 -0.186996 -1.460723
    55 0.015383 -0.089136 -0.030010 -2.006083 0.036346 -1.568629
    56 -0.022610 -0.212357 -0.177905 -1.933161 -0.118801 -1.518895
    57 1.309013 -3.227548 -0.342207 -0.333513 -0.066932 -0.041063
    58 0.004502 -1.242324 0.002179 -0.102015 0.000004 0.000009
    59 0.003175 -0.774607 -0.004222 -0.968374 -0.000006 -0.000004
    60 -0.067138 0.063251 -0.010961 -0.899214 -0.014515 -1.600326
    61 -0.151180 -0.007395 -0.070065 -0.913061 -0.118819 -1.408558
    62 -0.178164 -0.244680 -0.357067 -1.159916 -0.384260 -1.556110
    63 -0.391451 -0.463665 0.383766 -0.611563 -0.662762 -2.533001
    64 2.472082 0.027425 0.001225 0.034818 0.005146 0.551537
    65 1.223419 0.009356 -0.005766 -0.000003 -0.000006 0.236508
    66 -0.263409 -0.117640 -0.015659 0.000036 -0.082210 -0.026800
    67 0.007707 -0.334360 -0.191575 0.070788 -0.181563 0.282364
    68 0.225562 -0.567923 -0.420715 0.119895 -0.183798 0.223460
    69 -0.203683 -0.095654 -0.328305 -1.745077 0.075142 -1.515382
    70 -1.393460 8.839182 -0.239439 1.580804 -0.005024 -1.566848
    71 0.036020 0.082815 -0.692656 -1.570769 0.065989 0.001276
    72 -0.088586 0.054020 -0.088594 0.010231 0.033800 -1.560851
    73 0.120153 -0.050270 -0.054489 -2.854024 0.030688 -1.580508
    74 -0.139399 -0.111694 0.014400 0.285395 -0.031353 1.580313
    75 -0.003479 -0.404833 0.000000 0.000000 0.000000 0.000000
    76 -0.313965 -4.589844 0.951660 -1.186316 1.434478 -1.173672
    77 0.000000 3.367188 0.862793 0.000000 0.000000 0.000000
    78 0.001152 -1.103516 1.960938 0.000000 0.000000 0.000000
    79 0.001152 -2.781250 2.525391 0.000000 0.000000 0.000000
    80 0.048799 -8.909836 2.670743 -0.001244 0.216476 0.000000
    81 -0.003574 -2.246094 1.304688 0.000000 0.000000 0.000000
    82 0.001150 -4.261719 1.683594 0.000000 0.000000 0.000000
  time 98
    0 1.629157 0.000000 0.541027 0.000000 0.000000 -1.570796
    1 1.317672 8.852019 -6.696954 2.551077 -1.433120 -1.602167
    2 -0.001605 -10.698019 -0.002571 0.006824 -0.066672 0.027652
    3 -0.653320 -3.628906 -0.348633 -1.003534 -0.000001 -0.122159
    4 -0.013245 -1.509766 -0.000001 -1.090796 0.000000 0.000000
    5 0.000000 -0.953125 -0.000002 -1.223438 0.000000 0.000000
    6 0.007988 0.172184 -0.118553 -1.598091 -0.216549 -1.570593
    7 0.080660 0.135929 -0.203919 -1.506824 -0.066185 -1.662786
    8 0.117288 -0.155554 -0.604544 -1.412988 -0.374558 -1.569222
    9 0.128052 -3.763672 -0.348633 -0.890091 0.000000 -0.148347
    10 -0.006790 -1.567259 0.002820 -1.212969 0.000000 0.000009
    11 0.000000 -1.164063 0.000001 -1.279286 0.000000 0.000000
    12 -0.018589 0.129953 -0.123721 -1.294580 0.001302 -1.635383
    13 -0.006160 0.170065 -0.110169 -1.280084 -0.068681 -1.597215
    14 0.047100 -0.104074 -0.352264 -1.243368 -0.257298 -1.694346
    15 0.949953 -3.617903 -0.348122 -0.076963 -0.009797 0.136787
    16 -0.017794 -1.596358 -0.003443 -0.300695 0.012776 0.039885
    17 -0.002829 -0.941812 0.007065 -0.565696 0.022795 0.039033
    18 -0.022325 0.045424 -0.038284 -1.125544 -0.129230 -1.681412
    19 -0.042900 -0.061274 -0.071212 -1.124462 -0.060454 -1.586099
    20 0.063741 -0.109104 -0.248158 -1.142813 -0.125805 -1.693583
    21 -1.408203 -3.246094 -0.348633 -0.788776 0.052706 -0.017693
    22 0.013458 -1.204102 0.000000 -0.931992 0.000000 0.000000
    23 -0.013008 -0.789551 0.000000 -1.061140 0.000000 0.000000
    24 -0.011721 0.093267 0.017949 -1.687855 -0.079155 -1.575164
    25 0.048863 -0.085541 0.028626 -1.715605 -0.034569 -1.653190
    26 0.173918 -0.198416 -0.336163 -1.668104 -0.422317 -1.710956
    27 0.438974 -0.490226 0.392416 0.663121 -0.484949 -1.188713
    28 2.352359 0.010252 0.005009 -0.299115 -0.062572 -0.601550
    29 1.249212 0.004522 -0.002867 -0.000016 0.000022 -0.463662
    30 -0.267709 0.037512 -0.093907 2.913812 -0.143386 0.078467
    31 -0.029266 0.205408 -0.329287 2.788574 -0.255486 -0.188917
    32 0.204373 0.521055 -0.268577 2.886669 0.042206 -0.230367
    33 0.195697 -0.010059 -0.293538 -1.333586 0.150863 -1.672749
    34 1.257181 8.762590 -0.153713 -1.570562 0.002683 -1.566808
    35 -0.093500 -0.114213 -0.738866 -1.570842 0.061811 0.002096
    36 0.010843 0.093624 -0.081439 -3.141462 0.041719 -1.568236
    37 5.502845 -10.434543 -13.802486 -0.515587 0.322917 1.728894
    38 0.104748 -10.673144 -0.005453 0.188501 -0.278083 0.164346
    39 0.549521 -3.646670 -0.344972 -0.532855 -0.046218 -0.024582
    40 0.025684 -1.503640 0.001039 -3.141592 0.000001 -0.000004
    41 0.008139 -0.928479 -0.000677 -0.307955 -0.000002 -0.000001
    42 0.006928 0.005329 -0.181358 -1.528500 -0.248579 -1.611362
    43 -0.052313 0.038589 -0.230757 -1.592493 -0.043415 -1.528515
    44 -0.232600 -0.209656 -0.420669 -1.713790 -0.167173 -1.438930
    45 -0.218280 -3.741524 -0.346082 -0.456251 -0.000005 -0.000020
    46 0.015894 -1.582373 0.002264 -0.784520 0.000020 -0.000009
    47 0.004384 -1.176453 0.000249 -0.311638 0.000021 0.000018
    48 -0.038065 0.069166 -0.159883 -1.816986 0.066178 -1.575392
    49 -0.025151 0.088762 -0.068837 -1.817843 0.044510 -1.568287
    50 -0.102916 -0.186983 -0.272246 -1.833683 -0.232962 -1.472375
    51 -1.034178 -3.582044 -0.347066 -0.687048 0.000019 -0.000003
    52 0.001133 -1.610108 0.002370 -0.457079 0.000003 -0.000002
    53 0.001880 -0.946060 0.004418 -0.325590 0.000001 0.000001
    54 -0.004241 0.043707 -0.080203 -2.014997 -0.186996 -1.460723
    55 0.015383 -0.089136 -0.030010 -2.006083 0.036346 -1.568629
    56 -0.022610 -0.212357 -0.177905 -1.933161 -0.118801 -1.518895
    57 1.305107 -3.227548 -0.342207 -0.257681 -0.066932 -0.041063
    58 0.000595 -1.242324 0.006085 -0.104098 0.000004 0.000009
    59 0.003175 -0.774607 -0.000316 -0.982932 -0.000006 -0.000004
    60 -0.067138 0.063251 -0.010961 -0.899214 -0.014515 -1.600326
    61 -0.151180 -0.007395 -0.070065 -0.913061 -0.118819 -1.408558
    62 -0.178164 -0.244680 -0.357067 -1.159916 -0.384260 -1.556110
    63 -0.391451 -0.463665 0.383766 -0.576419 -0.670749 -2.558737
    64 2.468175 0.027425 0.001225 0.037299 0.006704 0.500882
    65 1.227325 0.009356 -0.005766 -0.000003 -0.000006 0.176735
    66 -0.263409 -0.117640 -0.015659 0.000036 -0.082210 -0.026800
    67 0.007707 -0.334360 -0.191575 0.070788 -0.181563 0.282364
    68 0.225562 -0.567923 -0.420715 0.119895 -0.183798 0.223460
    69 -0.203683 -0.095654 -0.328305 -1.745077 0.075142 -1.515382
    70 -1.393460 8.839182 -0.239439 1.580804 -0.005024 -1.566848
    71 0.036020 0.082815 -0.692656 -1.570769 0.065989 0.001276
    72 -0.088586 0.054020 -0.088594 0.010231 0.033800 -1.560851
    73 0.120153 -0.050270 -0.054489 -2.854024 0.030688 -1.580508
    74 -0.139399 -0.111694 0.014400 0.285395 -0.031353 1.580313
    75 -0.003479 -0.404833 0.000000 0.000000 0.000000 0.000000
    76 -0.313965 -4.589844 0.951660 -1.186316 1.434478 -1.173672
    77 0.000000 3.367188 0.862793 0.000000 0.000000 0.000000
    78 0.001152 -1.103516 1.960938 0.000000 0.000000 0.000000
    79 0.001152 -2.781250 2.525391 0.000000 0.000000 0.000000
    80 0.048799 -8.909836 2.670743 -0.001244 0.219148 0.000000
    81 -0.003574 -2.246094 1.304688 0.000000 0.000000 0.000000
    82 0.001150 -4.261719 1.683594 0.000000 0.000000 0.000000
  time 99
    0 1.629157 0.000000 0.541027 0.000000 0.000000 -1.570796
    1 1.247357 8.738734 -6.790707 2.602527 -1.452033 -1.631318
    2 -0.001605 -10.701926 -0.002571 0.002018 -0.041514 0.005482
    3 -0.653320 -3.628906 -0.348633 -1.003534 -0.000001 -0.122159
    4 -0.013245 -1.509766 -0.000001 -1.090796 0.000000 0.000000
    5 0.000000 -0.953125 -0.000002 -1.223438 0.000000 0.000000
    6 0.007988 0.172184 -0.118553 -1.598091 -0.216549 -1.570593
    7 0.080660 0.135929 -0.203919 -1.506824 -0.066185 -1.662786
    8 0.117288 -0.155554 -0.604544 -1.412988 -0.374558 -1.569222
    9 0.128052 -3.763672 -0.348633 -0.890091 0.000000 -0.148347
    10 -0.006790 -1.567259 0.002820 -1.212969 0.000000 0.000009
    11 0.000000 -1.164063 0.000001 -1.279286 0.000000 0.000000
    12 -0.018589 0.129953 -0.123721 -1.294580 0.001302 -1.635383
    13 -0.006160 0.170065 -0.110169 -1.280084 -0.068681 -1.597215
    14 0.047100 -0.104074 -0.352264 -1.243368 -0.257298 -1.694346
    15 0.949953 -3.617903 -0.344216 -0.088169 -0.009365 0.136608
    16 -0.017794 -1.596358 -0.007350 -0.412680 0.025216 0.051630
    17 -0.002829 -0.941812 0.003159 -0.750814 0.046440 0.052623
    18 -0.022325 0.045424 -0.038284 -1.125544 -0.129230 -1.681412
    19 -0.042900 -0.061274 -0.071212 -1.124462 -0.060454 -1.586099
    20 0.063741 -0.109104 -0.248158 -1.142813 -0.125805 -1.693583
    21 -1.408203 -3.246094 -0.348633 -0.788776 0.052706 -0.017693
    22 0.013458 -1.204102 0.000000 -0.931992 0.000000 0.000000
    23 -0.013008 -0.789551 0.000000 -1.061140 0.000000 0.000000
    24 -0.011721 0.093267 0.017949 -1.687855 -0.079155 -1.575164
    25 0.048863 -0.085541 0.028626 -1.715605 -0.034569 -1.653190
    26 0.173918 -0.198416 -0.336163 -1.668104 -0.422317 -1.710956
    27 0.438974 -0.490226 0.392416 0.643417 -0.482442 -1.191499
    28 2.352359 0.010252 0.001103 -0.299870 -0.058785 -0.589245
    29 1.245306 0.004522 -0.002867 -0.000016 0.000022 -0.469794
    30 -0.267709 0.037512 -0.093907 2.913812 -0.143386 0.078467
    31 -0.029266 0.205408 -0.329287 2.788574 -0.255486 -0.188917
    32 0.204373 0.521055 -0.268577 2.886669 0.042206 -0.230367
    33 0.195697 -0.010059 -0.293538 -1.333586 0.150863 -1.672749
    34 1.257181 8.762590 -0.153713 -1.570562 0.002683 -1.566808
    35 -0.093500 -0.114213 -0.738866 -1.570842 0.061811 0.002096
    36 0.010843 0.093624 -0.081439 -3.141462 0.041719 -1.568236
    37 5.174710 -10.200161 -13.849362 -0.472668 0.312495 1.757755
    38 0.104748 -10.673144 -0.005453 0.197943 -0.264457 0.142135
    39 0.553428 -3.646670 -0.341066 -0.473551 -0.046218 -0.024582
    40 0.021778 -1.507546 0.001039 -1.594355 0.376992 0.564311
    41 0.012045 -0.928479 -0.004583 -0.293617 -0.000002 -0.000001
    42 0.006928 0.005329 -0.181358 -1.528500 -0.248579 -1.611362
    43 -0.052313 0.038589 -0.230757 -1.592493 -0.043415 -1.528515
    44 -0.232600 -0.209656 -0.420669 -1.713790 -0.167173 -1.438930
    45 -0.218280 -3.741524 -0.346082 -0.403524 -0.000005 -0.000020
    46 0.019801 -1.578467 0.002264 -0.787281 0.000020 -0.000009
    47 0.004384 -1.172547 0.000249 -0.298800 0.000021 0.000018
    48 -0.038065 0.069166 -0.159883 -1.816986 0.066178 -1.575392
    49 -0.025151 0.088762 -0.068837 -1.817843 0.044510 -1.568287
    50 -0.102916 -0.186983 -0.272246 -1.833683 -0.232962 -1.472375
    51 -1.030272 -3.578138 -0.343160 -0.642420 0.000019 -0.000003
    52 0.001133 -1.610108 0.002370 -0.408880 0.000003 -0.000002
    53 0.005787 -0.946060 0.000512 -0.309706 0.000001 0.000001
    54 -0.004241 0.043707 -0.080203 -2.014997 -0.186996 -1.460723
    55 0.015383 -0.089136 -0.030010 -2.006083 0.036346 -1.568629
    56 -0.022610 -0.212357 -0.177905 -1.933161 -0.118801 -1.518895
    57 1.305107 -3.227548 -0.342207 -0.206174 -0.066932 -0.041063
    58 0.000595 -1.242324 0.006085 -0.118004 0.000004 0.000009
    59 0.003175 -0.774607 -0.004222 -0.997643 -0.000006 -0.000004
    60 -0.067138 0.063251 -0.010961 -0.899214 -0.014515 -1.600326
    61 -0.151180 -0.007395 -0.070065 -0.913061 -0.118819 -1.408558
    62 -0.178164 -0.244680 -0.357067 -1.159916 -0.384260 -1.556110
    63 -0.391451 -0.463665 0.379860 -0.543987 -0.675565 -2.580757
    64 2.472082 0.027425 0.001225 0.038533 0.008202 0.454881
    65 1.227325 0.009356 -0.005766 -0.000003 -0.000006 0.134643
    66 -0.263409 -0.117640 -0.015659 0.000036 -0.082210 -0.026800
    67 0.007707 -0.334360 -0.191575 0.070788 -0.181563 0.282364
    68 0.225562 -0.567923 -0.420715 0.119895 -0.183798 0.223460
    69 -0.203683 -0.095654 -0.328305 -1.745077 0.075142 -1.515382
    70 -1.393460 8.839182 -0.239439 1.580804 -0.005024 -1.566848
    71 0.036020 0.082815 -0.692656 -1.570769 0.065989 0.001276
    72 -0.088586 0.054020 -0.088594 0.010231 0.033800 -1.560851
    73 0.120153 -0.050270 -0.054489 -2.854024 0.030688 -1.580508
    74 -0.139399 -0.111694 0.014400 0.285395 -0.031353 1.580313
    75 -0.003479 -0.404833 0.000000 0.000000 0.000000 0.000000
    76 -0.313965 -4.589844 0.951660 -1.186316 1.434478 -1.173672
    77 0.000000 3.367188 0.862793 0.000000 0.000000 0.000000
    78 0.001152 -1.103516 1.960938 0.000000 0.000000 0.000000
    79 0.001152 -2.781250 2.525391 0.000000 0.000000 0.000000
    80 0.048799 -8.909836 2.670743 -0.001244 0.216667 0.000000
    81 -0.003574 -2.246094 1.304688 0.000000 0.000000 0.000000
    82 0.001150 -4.261719 1.683594 0.000000 0.000000 0.000000
  time 100
    0 1.629157 0.000000 0.541027 0.000000 0.000000 -1.570796
    1 1.161417 8.602011 -6.903991 2.673449 -1.471606 -1.679184
    2 -0.001605 -10.701926 -0.002571 0.004456 -0.017418 -0.016088
    3 -0.653320 -3.628906 -0.348633 -1.003534 -0.000001 -0.122159
    4 -0.013245 -1.509766 -0.000001 -1.090796 0.000000 0.000000
    5 0.000000 -0.953125 -0.000002 -1.223438 0.000000 0.000000
    6 0.007988 0.172184 -0.118553 -1.598091 -0.216549 -1.570593
    7 0.080660 0.135929 -0.203919 -1.506824 -0.066185 -1.662786
    8 0.117288 -0.155554 -0.604544 -1.412988 -0.374558 -1.569222
    9 0.128052 -3.763672 -0.348633 -0.890091 0.000000 -0.148347
    10 -0.006790 -1.563353 0.006726 -1.212969 0.000000 0.000009
    11 0.000000 -1.164063 0.000001 -1.279286 0.000000 0.000000
    12 -0.018589 0.129953 -0.123721 -1.294580 0.001302 -1.635383
    13 -0.006160 0.170065 -0.110169 -1.280084 -0.068681 -1.597215
    14 0.047100 -0.104074 -0.352264 -1.243368 -0.257298 -1.694346
    15 0.949953 -3.617903 -0.344216 -0.101136 -0.008850 0.136380
    16 -0.021700 -1.596358 -0.007350 -0.469288 0.031436 0.055728
    17 -0.006735 -0.941812 0.007065 -0.899039 0.066455 0.059622
    18 -0.022325 0.045424 -0.038284 -1.125544 -0.129230 -1.681412
    19 -0.042900 -0.061274 -0.071212 -1.124462 -0.060454 -1.586099
    20 0.063741 -0.109104 -0.248158 -1.142813 -0.125805 -1.693583
    21 -1.408203 -3.246094 -0.348633 -0.788776 0.052706 -0.017693
    22 0.013458 -1.204102 0.000000 -0.931992 0.000000 0.000000
    23 -0.013008 -0.789551 0.000000 -1.061140 0.000000 0.000000
    24 -0.011721 0.093267 0.017949 -1.687855 -0.079155 -1.575164
    25 0.048863 -0.085541 0.028626 -1.715605 -0.034569 -1.653190
    26 0.173918 -0.198416 -0.336163 -1.668104 -0.422317 -1.710956
    27 0.442881 -0.486320 0.392416 0.623450 -0.479947 -1.194370
    28 2.352359 0.010252 0.005009 -0.300589 -0.054842 -0.576485
    29 1.249212 0.004522 -0.002867 -0.000016 0.000022 -0.476230
    30 -0.267709 0.037512 -0.093907 2.913812 -0.143386 0.078467
    31 -0.029266 0.205408 -0.329287 2.788574 -0.255486 -0.188917
    32 0.204373 0.521055 -0.268577 2.886669 0.042206 -0.230367
    33 0.195697 -0.010059 -0.293538 -1.333586 0.150863 -1.672749
    34 1.257181 8.762590 -0.153713 -1.570562 0.002683 -1.566808
    35 -0.093500 -0.114213 -0.738866 -1.570842 0.061811 0.002096
    36 0.010843 0.093624 -0.081439 -3.141462 0.041719 -1.568236
    37 4.870013 -9.934527 -13.900145 -0.435186 0.310578 1.788241
    38 0.104748 -10.677050 -0.005453 0.242784 -0.253859 0.137811
    39 0.549521 -3.650577 -0.341066 -0.418440 -0.046218 -0.024582
    40 0.021778 -1.507546 0.001039 -0.683323 0.128533 0.937262
    41 0.012045 -0.928479 -0.004583 -0.285469 -0.000002 -0.000001
    42 0.006928 0.005329 -0.181358 -1.528500 -0.248579 -1.611362
    43 -0.052313 0.038589 -0.230757 -1.592493 -0.043415 -1.528515
    44 -0.232600 -0.209656 -0.420669 -1.713790 -0.167173 -1.438930
    45 -0.218280 -3.737618 -0.346082 -0.360149 -0.000005 -0.000020
    46 0.019801 -1.582373 0.006170 -0.792450 0.000020 -0.000009
    47 0.000478 -1.176453 0.000249 -0.292968 0.000021 0.000018
    48 -0.038065 0.069166 -0.159883 -1.816986 0.066178 -1.575392
    49 -0.025151 0.088762 -0.068837 -1.817843 0.044510 -1.568287
    50 -0.102916 -0.186983 -0.272246 -1.833683 -0.232962 -1.472375
    51 -1.034178 -3.582044 -0.343160 -0.601438 0.000019 -0.000003
    52 0.001133 -1.610108 0.002370 -0.363989 0.000003 -0.000002
    53 0.005787 -0.946060 0.004418 -0.299814 0.000001 0.000001
    54 -0.004241 0.043707 -0.080203 -2.014997 -0.186996 -1.460723
    55 0.015383 -0.089136 -0.030010 -2.006083 0.036346 -1.568629
    56 -0.022610 -0.212357 -0.177905 -1.933161 -0.118801 -1.518895
    57 1.305107 -3.227548 -0.342207 -0.167219 -0.066932 -0.041063
    58 0.000595 -1.242324 0.002179 -0.136188 0.000004 0.000009
    59 0.003175 -0.774607 -0.000316 -1.012505 -0.000006 -0.000004
    60 -0.067138 0.063251 -0.010961 -0.899214 -0.014515 -1.600326
    61 -0.151180 -0.007395 -0.070065 -0.913061 -0.118819 -1.408558
    62 -0.178164 -0.244680 -0.357067 -1.159916 -0.384260 -1.556110
    63 -0.387544 -0.463665 0.383766 -0.511866 -0.678976 -2.602182
    64 2.472082 0.027425 0.001225 0.038989 0.009736 0.408277
    65 1.223419 0.009356 -0.005766 -0.000003 -0.000006 0.100531
    66 -0.263409 -0.117640 -0.015659 0.000036 -0.082210 -0.026800
    67 0.007707 -0.334360 -0.191575 0.070788 -0.181563 0.282364
    68 0.225562 -0.567923 -0.420715 0.119895 -0.183798 0.223460
    69 -0.203683 -0.095654 -0.328305 -1.745077 0.075142 -1.515382
    70 -1.393460 8.839182 -0.239439 1.580804 -0.005024 -1.566848
    71 0.036020 0.082815 -0.692656 -1.570769 0.065989 0.001276
    72 -0.088586 0.054020 -0.088594 0.010231 0.033800 -1.560851
    73 0.120153 -0.050270 -0.054489 -2.854024 0.030688 -1.580508
    74 -0.139399 -0.111694 0.014400 0.285395 -0.031353 1.580313
    75 -0.003479 -0.404833 0.000000 0.000000 0.000000 0.000000
    76 -0.313965 -4.589844 0.951660 -1.186316 1.434478 -1.173672
    77 0.000000 3.367188 0.862793 0.000000 0.000000 0.000000
    78 0.001152 -1.103516 1.960938 0.000000 0.000000 0.000000
    79 0.001152 -2.781250 2.525391 0.000000 0.000000 0.000000
    80 0.044893 -8.909836 2.670743 -0.001244 0.209747 0.000000
    81 -0.003574 -2.246094 1.304688 0.000000 0.000000 0.000000
    82 0.001150 -4.261719 1.683594 0.000000 0.000000 0.000000
  time 101
    0 1.629157 0.000000 0.541027 0.000000 0.000000 -1.570796
    1 1.055945 8.449663 -7.036808 2.779743 -1.491698 -1.761150
    2 -0.001605 -10.698019 -0.002571 0.015637 0.005570 -0.036623
    3 -0.653320 -3.628906 -0.348633 -1.003534 -0.000001 -0.122159
    4 -0.013245 -1.509766 -0.000001 -1.090796 0.000000 0.000000
    5 0.000000 -0.953125 -0.000002 -1.223438 0.000000 0.000000
    6 0.007988 0.172184 -0.118553 -1.598091 -0.216549 -1.570593
    7 0.080660 0.135929 -0.203919 -1.506824 -0.066185 -1.662786
    8 0.117288 -0.155554 -0.604544 -1.412988 -0.374558 -1.569222
    9 0.128052 -3.763672 -0.348633 -0.890091 0.000000 -0.148347
    10 -0.006790 -1.567259 0.006726 -1.212969 0.000000 0.000009
    11 0.000000 -1.164063 0.000001 -1.279286 0.000000 0.000000
    12 -0.018589 0.129953 -0.123721 -1.294580 0.001302 -1.635383
    13 -0.006160 0.170065 -0.110169 -1.280084 -0.068681 -1.597215
    14 0.047100 -0.104074 -0.352264 -1.243368 -0.257298 -1.694346
    15 0.949953 -3.613996 -0.344216 -0.115661 -0.008311 0.136116
    16 -0.021700 -1.596358 -0.003443 -0.481824 0.031951 0.054722
    17 -0.002829 -0.937906 0.007065 -0.971760 0.075563 0.060881
    18 -0.022325 0.045424 -0.038284 -1.125544 -0.129230 -1.681412
    19 -0.042900 -0.061274 -0.071212 -1.124462 -0.060454 -1.586099
    20 0.063741 -0.109104 -0.248158 -1.142813 -0.125805 -1.693583
    21 -1.408203 -3.246094 -0.348633 -0.788776 0.052706 -0.017693
    22 0.013458 -1.204102 0.000000 -0.931992 0.000000 0.000000
    23 -0.013008 -0.789551 0.000000 -1.061140 0.000000 0.000000
    24 -0.011721 0.093267 0.017949 -1.687855 -0.079155 -1.575164
    25 0.048863 -0.085541 0.028626 -1.715605 -0.034569 -1.653190
    26 0.173918 -0.198416 -0.336163 -1.668104 -0.422317 -1.710956
    27 0.438974 -0.486320 0.396323 0.603548 -0.477502 -1.197268
    28 2.352359 0.010252 0.005009 -0.301284 -0.050803 -0.563422
    29 1.245306 0.004522 -0.002867 -0.000016 0.000022 -0.482930
    30 -0.267709 0.037512 -0.093907 2.913812 -0.143386 0.078467
    31 -0.029266 0.205408 -0.329287 2.788574 -0.255486 -0.188917
    32 0.204373 0.521055 -0.268577 2.886669 0.042206 -0.230367
    33 0.195697 -0.010059 -0.293538 -1.333586 0.150863 -1.672749
    34 1.257181 8.762590 -0.153713 -1.570562 0.002683 -1.566808
    35 -0.093500 -0.114213 -0.738866 -1.570842 0.061811 0.002096
    36 0.010843 0.093624 -0.081439 -3.141462 0.041719 -1.568236
    37 4.580942 -9.653269 -13.950928 -0.400373 0.319552 1.820829
    38 0.108654 -10.673144 -0.005453 0.304465 -0.248944 0.148425
    39 0.553428 -3.646670 -0.341066 -0.369520 -0.046218 -0.024582
    40 0.021778 -1.507546 0.001039 -0.123499 -0.181049 1.062316
    41 0.012045 -0.928479 -0.000677 -0.282611 -0.000002 -0.000001
    42 0.006928 0.005329 -0.181358 -1.528500 -0.248579 -1.611362
    43 -0.052313 0.038589 -0.230757 -1.592493 -0.043415 -1.528515
    44 -0.232600 -0.209656 -0.420669 -1.713790 -0.167173 -1.438930
    45 -0.218280 -3.737618 -0.346082 -0.326042 -0.000005 -0.000020
    46 0.019801 -1.578467 0.006170 -0.800145 0.000020 -0.000009
    47 0.004384 -1.176453 0.000249 -0.293254 0.000021 0.000018
    48 -0.038065 0.069166 -0.159883 -1.816986 0.066178 -1.575392
    49 -0.025151 0.088762 -0.068837 -1.817843 0.044510 -1.568287
    50 -0.102916 -0.186983 -0.272246 -1.833683 -0.232962 -1.472375
    51 -1.030272 -3.578138 -0.343160 -0.564902 0.000019 -0.000003
    52 0.001133 -1.610108 0.002370 -0.322773 0.000003 -0.000002
    53 0.005787 -0.946060 0.004418 -0.295421 0.000001 0.000001
    54 -0.004241 0.043707 -0.080203 -2.014997 -0.186996 -1.460723
    55 0.015383 -0.089136 -0.030010 -2.006083 0.036346 -1.568629
    56 -0.022610 -0.212357 -0.177905 -1.933161 -0.118801 -1.518895
    57 1.305107 -3.227548 -0.346114 -0.140600 -0.066932 -0.041063
    58 0.000595 -1.242324 0.002179 -0.158313 0.000004 0.000009
    59 0.003175 -0.774607 -0.004222 -1.027571 -0.000006 -0.000004
    60 -0.067138 0.063251 -0.010961 -0.899214 -0.014515 -1.600326
    61 -0.151180 -0.007395 -0.070065 -0.913061 -0.118819 -1.408558
    62 -0.178164 -0.244680 -0.357067 -1.159916 -0.384260 -1.556110
    63 -0.391451 -0.463665 0.383766 -0.480568 -0.680923 -2.622420
    64 2.472082 0.027425 0.005131 0.038773 0.011258 0.362410
    65 1.223419 0.009356 -0.005766 -0.000003 -0.000006 0.074120
    66 -0.263409 -0.117640 -0.015659 0.000036 -0.082210 -0.026800
    67 0.007707 -0.334360 -0.191575 0.070788 -0.181563 0.282364
    68 0.225562 -0.567923 -0.420715 0.119895 -0.183798 0.223460
    69 -0.203683 -0.095654 -0.328305 -1.745077 0.075142 -1.515382
    70 -1.393460 8.839182 -0.239439 1.580804 -0.005024 -1.566848
    71 0.036020 0.082815 -0.692656 -1.570769 0.065989 0.001276
    72 -0.088586 0.054020 -0.088594 0.010231 0.033800 -1.560851
    73 0.120153 -0.050270 -0.054489 -2.854024 0.030688 -1.580508
    74 -0.139399 -0.111694 0.014400 0.285395 -0.031353 1.580313
    75 -0.003479 -0.404833 0.000000 0.000000 0.000000 0.000000
    76 -0.313965 -4.589844 0.951660 -1.186316 1.434478 -1.173672
    77 0.000000 3.367188 0.862793 0.000000 0.000000 0.000000
    78 0.001152 -1.103516 1.960938 0.000000 0.000000 0.000000
    79 0.001152 -2.781250 2.525391 0.000000 0.000000 0.000000
    80 0.044893 -8.913743 2.666837 -0.001244 0.198866 0.000000
    81 -0.003574 -2.246094 1.304688 0.000000 0.000000 0.000000
    82 0.001150 -4.261719 1.683594 0.000000 0.000000 0.000000
  time 102
    0 1.629157 0.000000 0.541027 0.000000 0.000000 -1.570796
    1 0.946567 8.289502 -7.196969 2.955798 -1.511271 -1.912126
    2 -0.005512 -10.698019 -0.002571 0.041621 0.030590 -0.056651
    3 -0.653320 -3.628906 -0.348633 -1.003534 -0.000001 -0.122159
    4 -0.013245 -1.509766 -0.000001 -1.090796 0.000000 0.000000
    5 0.000000 -0.953125 -0.000002 -1.223438 0.000000 0.000000
    6 0.007988 0.172184 -0.118553 -1.598091 -0.216549 -1.570593
    7 0.080660 0.135929 -0.203919 -1.506824 -0.066185 -1.662786
    8 0.117288 -0.155554 -0.604544 -1.412988 -0.374558 -1.569222
    9 0.128052 -3.763672 -0.348633 -0.890091 0.000000 -0.148347
    10 -0.006790 -1.567259 0.006726 -1.212969 0.000000 0.000009
    11 0.000000 -1.164063 0.000001 -1.279286 0.000000 0.000000
    12 -0.018589 0.129953 -0.123721 -1.294580 0.001302 -1.635383
    13 -0.006160 0.170065 -0.110169 -1.280084 -0.068681 -1.597215
    14 0.047100 -0.104074 -0.352264 -1.243368 -0.257298 -1.694346
    15 0.949953 -3.613996 -0.348122 -0.131553 -0.007712 0.135829
    16 -0.017794 -1.596358 -0.007350 -0.487465 0.031568 0.052804
    17 -0.002829 -0.941812 0.007065 -0.986153 0.075743 0.059347
    18 -0.022325 0.045424 -0.038284 -1.125544 -0.129230 -1.681412
    19 -0.042900 -0.061274 -0.071212 -1.124462 -0.060454 -1.586099
    20 0.063741 -0.109104 -0.248158 -1.142813 -0.125805 -1.693583
    21 -1.408203 -3.246094 -0.348633 -0.788776 0.052706 -0.017693
    22 0.013458 -1.204102 0.000000 -0.931992 0.000000 0.000000
    23 -0.013008 -0.789551 0.000000 -1.061140 0.000000 0.000000
    24 -0.011721 0.093267 0.017949 -1.687855 -0.079155 -1.575164
    25 0.048863 -0.085541 0.028626 -1.715605 -0.034569 -1.653190
    26 0.173918 -0.198416 -0.336163 -1.668104 -0.422317 -1.710956
    27 0.438974 -0.490226 0.392416 0.584107 -0.475168 -1.200195
    28 2.352359 0.010252 0.005009 -0.301932 -0.046717 -0.550283
    29 1.249212 0.004522 -0.002867 -0.000016 0.000022 -0.489874
    30 -0.267709 0.037512 -0.093907 2.913812 -0.143386 0.078467
    31 -0.029266 0.205408 -0.329287 2.788574 -0.255486 -0.188917
    32 0.204373 0.521055 -0.268577 2.886669 0.042206 -0.230367
    33 0.195697 -0.010059 -0.293538 -1.333586 0.150863 -1.672749
    34 1.257181 8.762590 -0.153713 -1.570562 0.002683 -1.566808
    35 -0.093500 -0.114213 -0.738866 -1.570842 0.061811 0.002096
    36 0.010843 0.093624 -0.081439 -3.141462 0.041719 -1.568236
    37 4.323121 -9.356385 -14.009523 -0.364894 0.337919 1.856189
    38 0.108654 -10.673144 -0.005453 0.364074 -0.252905 0.170327
    39 0.553428 -3.650577 -0.344972 -0.328387 -0.046218 -0.024582
    40 0.025684 -1.503640 0.001039 0.318972 -0.467979 1.089520
    41 0.012045 -0.928479 -0.004583 -0.284728 -0.000002 -0.000001
    42 0.006928 0.005329 -0.181358 -1.528500 -0.248579 -1.611362
    43 -0.052313 0.038589 -0.230757 -1.592493 -0.043415 -1.528515
    44 -0.232600 -0.209656 -0.420669 -1.713790 -0.167173 -1.438930
    45 -0.214374 -3.741524 -0.346082 -0.300948 -0.000005 -0.000020
    46 0.019801 -1.582373 0.002264 -0.809837 0.000020 -0.000009
    47 0.004384 -1.176453 0.000249 -0.299086 0.000021 0.000018
    48 -0.038065 0.069166 -0.159883 -1.816986 0.066178 -1.575392
    49 -0.025151 0.088762 -0.068837 -1.817843 0.044510 -1.568287
    50 -0.102916 -0.186983 -0.272246 -1.833683 -0.232962 -1.472375
    51 -1.030272 -3.582044 -0.347066 -0.533775 0.000019 -0.000003
    52 0.001133 -1.610108 0.002370 -0.285285 0.000003 -0.000002
    53 0.005787 -0.946060 0.004418 -0.295858 0.000001 0.000001
    54 -0.004241 0.043707 -0.080203 -2.014997 -0.186996 -1.460723
    55 0.015383 -0.089136 -0.030010 -2.006083 0.036346 -1.568629
    56 -0.022610 -0.212357 -0.177905 -1.933161 -0.118801 -1.518895
    57 1.309013 -3.227548 -0.346114 -0.126187 -0.066932 -0.041079
    58 0.004502 -1.242324 0.006085 -0.183929 0.000004 0.000009
    59 0.003175 -0.774607 -0.004222 -1.042535 -0.000006 -0.000004
    60 -0.067138 0.063251 -0.010961 -0.899214 -0.014515 -1.600326
    61 -0.151180 -0.007395 -0.070065 -0.913061 -0.118819 -1.408558
    62 -0.178164 -0.244680 -0.357067 -1.159916 -0.384260 -1.556110
    63 -0.387544 -0.463665 0.383766 -0.450336 -0.681344 -2.640852
    64 2.472082 0.027425 0.001225 0.038030 0.012660 0.318585
    65 1.223419 0.009356 -0.005766 -0.000003 -0.000006 0.055298
    66 -0.263409 -0.117640 -0.015659 0.000036 -0.082210 -0.026800
    67 0.007707 -0.334360 -0.191575 0.070788 -0.181563 0.282364
    68 0.225562 -0.567923 -0.420715 0.119895 -0.183798 0.223460
    69 -0.203683 -0.095654 -0.328305 -1.745077 0.075142 -1.515382
    70 -1.393460 8.839182 -0.239439 1.580804 -0.005024 -1.566848
    71 0.036020 0.082815 -0.692656 -1.570769 0.065989 0.001276
    72 -0.088586 0.054020 -0.088594 0.010231 0.033800 -1.560851
    73 0.120153 -0.050270 -0.054489 -2.854024 0.030688 -1.580508
    74 -0.139399 -0.111694 0.014400 0.285395 -0.031353 1.580313
    75 -0.003479 -0.404833 0.000000 0.000000 0.000000 0.000000
    76 -0.313965 -4.589844 0.951660 -1.186316 1.434478 -1.173672
    77 0.000000 3.367188 0.862793 0.000000 0.000000 0.000000
    78 0.001152 -1.103516 1.960938 0.000000 0.000000 0.000000
    79 0.001152 -2.781250 2.525391 0.000000 0.000000 0.000000
    80 0.044893 -8.913743 2.655118 -0.001052 0.184883 0.000000
    81 -0.003574 -2.246094 1.304688 0.000000 0.000000 0.000000
    82 0.001150 -4.261719 1.683594 0.000000 0.000000 0.000000
  time 103
    0 1.629157 0.000000 0.541027 0.000000 0.000000 -1.570796
    1 0.821563 8.113715 -7.357130 3.286649 -1.528203 -2.217136
    2 -0.001605 -10.701926 -0.006478 0.084323 0.059440 -0.076311
    3 -0.653320 -3.628906 -0.348633 -1.003534 -0.000001 -0.122159
    4 -0.013245 -1.509766 -0.000001 -1.090796 0.000000 0.000000
    5 0.000000 -0.953125 -0.000002 -1.223438 0.000000 0.000000
    6 0.007988 0.172184 -0.118553 -1.598091 -0.216549 -1.570593
    7 0.080660 0.135929 -0.203919 -1.506824 -0.066185 -1.662786
    8 0.117288 -0.155554 -0.604544 -1.412988 -0.374558 -1.569222
    9 0.128052 -3.763672 -0.348633 -0.890091 0.000000 -0.148347
    10 -0.006790 -1.567259 0.002820 -1.212969 0.000000 0.000009
    11 0.000000 -1.164063 0.000001 -1.279286 0.000000 0.000000
    12 -0.018589 0.129953 -0.123721 -1.294580 0.001302 -1.635383
    13 -0.006160 0.170065 -0.110169 -1.280084 -0.068681 -1.597215
    14 0.047100 -0.104074 -0.352264 -1.243368 -0.257298 -1.694346
    15 0.953860 -3.617903 -0.344216 -0.148535 -0.007064 0.135493
    16 -0.017794 -1.596358 -0.007350 -0.487054 0.030321 0.050167
    17 -0.002829 -0.937906 0.007065 -0.986325 0.073645 0.057141
    18 -0.022325 0.045424 -0.038284 -1.125544 -0.129230 -1.681412
    19 -0.042900 -0.061274 -0.071212 -1.124462 -0.060454 -1.586099
    20 0.063741 -0.109104 -0.248158 -1.142813 -0.125805 -1.693583
    21 -1.408203 -3.246094 -0.348633 -0.788776 0.052706 -0.017693
    22 0.013458 -1.204102 0.000000 -0.931992 0.000000 0.000000
    23 -0.013008 -0.789551 0.000000 -1.061140 0.000000 0.000000
    24 -0.011721 0.093267 0.017949 -1.687855 -0.079155 -1.575164
    25 0.048863 -0.085541 0.028626 -1.715605 -0.034569 -1.653190
    26 0.173918 -0.198416 -0.336163 -1.668104 -0.422317 -1.710956
    27 0.442881 -0.486320 0.396323 0.565477 -0.472970 -1.203009
    28 2.356266 0.010252 0.005009 -0.302519 -0.042606 -0.537043
    29 1.249212 0.004522 -0.002867 -0.000016 0.000022 -0.496919
    30 -0.267709 0.037512 -0.093907 2.913812 -0.143386 0.078467
    31 -0.029266 0.205408 -0.329287 2.788574 -0.255486 -0.188917
    32 0.204373 0.521055 -0.268577 2.886669 0.042206 -0.230367
    33 0.195697 -0.010059 -0.293538 -1.333586 0.150863 -1.672749
    34 1.257181 8.762590 -0.153713 -1.570562 0.002683 -1.566808
    35 -0.093500 -0.114213 -0.738866 -1.570842 0.061811 0.002096
    36 0.010843 0.093624 -0.081439 -3.141462 0.041719 -1.568236
    37 4.084833 -9.055594 -14.056400 -0.328842 0.362455 1.894129
    38 0.108654 -10.673144 -0.005453 0.402783 -0.267609 0.199670
    39 0.553428 -3.646670 -0.341066 -0.296938 -0.046218 -0.024582
    40 0.025684 -1.507546 0.001039 0.726596 -0.730864 1.059765
    41 0.008139 -0.928479 -0.000677 -0.290918 -0.000002 -0.000001
    42 0.006928 0.005329 -0.181358 -1.528500 -0.248579 -1.611362
    43 -0.052313 0.038589 -0.230757 -1.592493 -0.043415 -1.528515
    44 -0.232600 -0.209656 -0.420669 -1.713790 -0.167173 -1.438930
    45 -0.214374 -3.737618 -0.346082 -0.284825 -0.000005 -0.000020
    46 0.019801 -1.582373 0.006170 -0.821233 0.000020 -0.000009
    47 0.000478 -1.172547 0.000249 -0.309723 0.000021 0.000018
    48 -0.038065 0.069166 -0.159883 -1.816986 0.066178 -1.575392
    49 -0.025151 0.088762 -0.068837 -1.817843 0.044510 -1.568287
    50 -0.102916 -0.186983 -0.272246 -1.833683 -0.232962 -1.472375
    51 -1.030272 -3.578138 -0.343160 -0.509057 0.000019 -0.000003
    52 0.001133 -1.610108 0.002370 -0.252050 0.000003 -0.000002
    53 0.005787 -0.946060 0.000512 -0.300396 0.000001 0.000001
    54 -0.004241 0.043707 -0.080203 -2.014997 -0.186996 -1.460723
    55 0.015383 -0.089136 -0.030010 -2.006083 0.036346 -1.568629
    56 -0.022610 -0.212357 -0.177905 -1.933161 -0.118801 -1.518895
    57 1.309013 -3.227548 -0.342207 -0.123590 -0.066932 -0.041063
    58 0.000595 -1.242324 0.006085 -0.212416 0.000004 0.000009
    59 0.003175 -0.774607 -0.004222 -1.057651 -0.000006 -0.000004
    60 -0.067138 0.063251 -0.010961 -0.899214 -0.014515 -1.600326
    61 -0.151180 -0.007395 -0.070065 -0.913061 -0.118819 -1.408558
    62 -0.178164 -0.244680 -0.357067 -1.159916 -0.384260 -1.556110
    63 -0.387544 -0.463665 0.383766 -0.421661 -0.680241 -2.656650
    64 2.472082 0.027425 0.001225 0.036915 0.013895 0.278242
    65 1.227325 0.009356 -0.005766 -0.000003 -0.000006 0.043788
    66 -0.263409 -0.117640 -0.015659 0.000036 -0.082210 -0.026800
    67 0.007707 -0.334360 -0.191575 0.070788 -0.181563 0.282364
    68 0.225562 -0.567923 -0.420715 0.119895 -0.183798 0.223460
    69 -0.203683 -0.095654 -0.328305 -1.745077 0.075142 -1.515382
    70 -1.393460 8.839182 -0.239439 1.580804 -0.005024 -1.566848
    71 0.036020 0.082815 -0.692656 -1.570769 0.065989 0.001276
    72 -0.088586 0.054020 -0.088594 0.010231 0.033800 -1.560851
    73 0.120153 -0.050270 -0.054489 -2.854024 0.030688 -1.580508
    74 -0.139399 -0.111694 0.014400 0.285395 -0.031353 1.580313
    75 -0.003479 -0.404833 0.000000 0.000000 0.000000 0.000000
    76 -0.313965 -4.589844 0.951660 -1.186316 1.434478 -1.173672
    77 0.000000 3.367188 0.862793 0.000000 0.000000 0.000000
    78 0.001152 -1.103516 1.960938 0.000000 0.000000 0.000000
    79 0.001152 -2.781250 2.525391 0.000000 0.000000 0.000000
    80 0.037080 -8.921555 2.651211 -0.000957 0.168275 0.000000
    81 -0.003574 -2.246094 1.304688 0.000000 0.000000 0.000000
    82 0.001150 -4.261719 1.683594 0.000000 0.000000 0.000000
  time 104
    0 1.629157 0.000000 0.541027 0.000000 0.000000 -1.570796
    1 0.696559 7.937928 -7.532917 3.895561 -1.536787 -2.799445
    2 -0.001605 -10.701926 -0.002571 0.139287 0.090553 -0.094290
    3 -0.653320 -3.628906 -0.348633 -1.003534 -0.000001 -0.122159
    4 -0.013245 -1.509766 -0.000001 -1.090796 0.000000 0.000000
    5 0.000000 -0.953125 -0.000002 -1.223438 0.000000 0.000000
    6 0.007988 0.172184 -0.118553 -1.598091 -0.216549 -1.570593
    7 0.080660 0.135929 -0.203919 -1.506824 -0.066185 -1.662786
    8 0.117288 -0.155554 -0.604544 -1.412988 -0.374558 -1.569222
    9 0.128052 -3.763672 -0.348633 -0.890091 0.000000 -0.148347
    10 -0.002884 -1.567259 0.006726 -1.212969 0.000000 0.000009
    11 0.000000 -1.164063 0.000001 -1.279286 0.000000 0.000000
    12 -0.018589 0.129953 -0.123721 -1.294580 0.001302 -1.635383
    13 -0.006160 0.170065 -0.110169 -1.280084 -0.068681 -1.597215
    14 0.047100 -0.104074 -0.352264 -1.243368 -0.257298 -1.694346
    15 0.949953 -3.617903 -0.344216 -0.166464 -0.006393 0.135145
    16 -0.017794 -1.596358 -0.003443 -0.481465 0.028428 0.046920
    17 -0.006735 -0.937906 0.007065 -0.974302 0.069667 0.054325
    18 -0.022325 0.045424 -0.038284 -1.125544 -0.129230 -1.681412
    19 -0.042900 -0.061274 -0.071212 -1.124462 -0.060454 -1.586099
    20 0.063741 -0.109104 -0.248158 -1.142813 -0.125805 -1.693583
    21 -1.408203 -3.246094 -0.348633 -0.788776 0.052706 -0.017693
    22 0.013458 -1.204102 0.000000 -0.931992 0.000000 0.000000
    23 -0.013008 -0.789551 0.000000 -1.061140 0.000000 0.000000
    24 -0.011721 0.093267 0.017949 -1.687855 -0.079155 -1.575164
    25 0.048863 -0.085541 0.028626 -1.715605 -0.034569 -1.653190
    26 0.173918 -0.198416 -0.336163 -1.668104 -0.422317 -1.710956
    27 0.438974 -0.486320 0.396323 0.547899 -0.470969 -1.205682
    28 2.352359 0.010252 0.001103 -0.303046 -0.038507 -0.523980
    29 1.249212 0.004522 -0.002867 -0.000016 0.000022 -0.504127
    30 -0.267709 0.037512 -0.093907 2.913812 -0.143386 0.078467
    31 -0.029266 0.205408 -0.329287 2.788574 -0.255486 -0.188917
    32 0.204373 0.521055 -0.268577 2.886669 0.042206 -0.230367
    33 0.195697 -0.010059 -0.293538 -1.333586 0.150863 -1.672749
    34 1.257181 8.762590 -0.153713 -1.570562 0.002683 -1.566808
    35 -0.093500 -0.114213 -0.738866 -1.570842 0.061811 0.002096
    36 0.010843 0.093624 -0.081439 -3.141462 0.041719 -1.568236
    37 3.881702 -8.723553 -14.099370 -0.292313 0.389515 1.934649
    38 0.104748 -10.673144 -0.005453 0.420994 -0.302078 0.245721
    39 0.553428 -3.646670 -0.344972 -0.276920 -0.046218 -0.024582
    40 0.021778 -1.503640 0.001039 1.144109 -0.974556 0.971267
    41 0.008139 -0.928479 -0.004583 -0.300707 -0.000002 -0.000001
    42 0.006928 0.005329 -0.181358 -1.528500 -0.248579 -1.611362
    43 -0.052313 0.038589 -0.230757 -1.592493 -0.043415 -1.528515
    44 -0.232600 -0.209656 -0.420669 -1.713790 -0.167173 -1.438930
    45 -0.214374 -3.737618 -0.346082 -0.277504 -0.000005 -0.000020
    46 0.019801 -1.582373 0.006170 -0.834214 0.000020 -0.000009
    47 0.000478 -1.176453 0.004155 -0.324391 0.000021 0.000018
    48 -0.038065 0.069166 -0.159883 -1.816986 0.066178 -1.575392
    49 -0.025151 0.088762 -0.068837 -1.817843 0.044510 -1.568287
    50 -0.102916 -0.186983 -0.272246 -1.833683 -0.232962 -1.472375
    51 -1.030272 -3.578138 -0.347066 -0.491711 0.000019 -0.000003
    52 0.001133 -1.610108 0.002370 -0.223330 0.000003 -0.000002
    53 0.005787 -0.946060 0.000512 -0.308542 0.000001 0.000001
    54 -0.004241 0.043707 -0.080203 -2.014997 -0.186996 -1.460723
    55 0.015383 -0.089136 -0.030010 -2.006083 0.036346 -1.568629
    56 -0.022610 -0.212357 -0.177905 -1.933161 -0.118801 -1.518895
    57 1.309013 -3.227548 -0.342207 -0.132506 -0.066932 -0.041063
    58 0.000595 -1.242324 0.002179 -0.243324 0.000004 0.000009
    59 0.003175 -0.774607 -0.000316 -1.072716 -0.000006 -0.000004
    60 -0.067138 0.063251 -0.010961 -0.899214 -0.014515 -1.600326
    61 -0.151180 -0.007395 -0.070065 -0.913061 -0.118819 -1.408558
    62 -0.178164 -0.244680 -0.357067 -1.159916 -0.384260 -1.556110
    63 -0.387544 -0.463665 0.383766 -0.394808 -0.677632 -2.669221
    64 2.472082 0.027425 0.001225 0.035549 0.014853 0.242720
    65 1.227325 0.009356 -0.005766 -0.000003 -0.000006 0.039590
    66 -0.263409 -0.117640 -0.015659 0.000036 -0.082210 -0.026800
    67 0.007707 -0.334360 -0.191575 0.070788 -0.181563 0.282364
    68 0.225562 -0.567923 -0.420715 0.119895 -0.183798 0.223460
    69 -0.203683 -0.095654 -0.328305 -1.745077 0.075142 -1.515382
    70 -1.393460 8.839182 -0.239439 1.580804 -0.005024 -1.566848
    71 0.036020 0.082815 -0.692656 -1.570769 0.065989 0.001276
    72 -0.088586 0.054020 -0.088594 0.010231 0.033800 -1.560851
    73 0.120153 -0.050270 -0.054489 -2.854024 0.030688 -1.580508
    74 -0.139399 -0.111694 0.014400 0.285395 -0.031353 1.580313
    75 -0.003479 -0.404833 0.000000 0.000000 0.000000 0.000000
    76 -0.313965 -4.589844 0.951660 -1.186316 1.434478 -1.173672
    77 0.000000 3.367188 0.862793 0.000000 0.000000 0.000000
    78 0.001152 -1.103516 1.960938 0.000000 0.000000 0.000000
    79 0.001152 -2.781250 2.525391 0.000000 0.000000 0.000000
    80 0.029267 -8.925462 2.639492 -0.000765 0.149758 0.000000
    81 -0.003574 -2.246094 1.304688 0.000000 0.000000 0.000000
    82 0.001150 -4.261719 1.683594 0.000000 0.000000 0.000000
  time 105
    0 1.629157 0.000000 0.541027 0.000000 0.000000 -1.570796
    1 0.567649 7.754329 -7.704797 4.546366 -1.529807 -3.423052
    2 -0.001605 -10.698019 -0.006478 0.201982 0.121896 -0.109737
    3 -0.653320 -3.628906 -0.348633 -1.003534 -0.000001 -0.122159
    4 -0.013245 -1.509766 -0.000001 -1.090796 0.000000 0.000000
    5 0.000000 -0.953125 -0.000002 -1.223438 0.000000 0.000000
    6 0.007988 0.172184 -0.118553 -1.598091 -0.216549 -1.570593
    7 0.080660 0.135929 -0.203919 -1.506824 -0.066185 -1.662786
    8 0.117288 -0.155554 -0.604544 -1.412988 -0.374558 -1.569222
    9 0.128052 -3.763672 -0.348633 -0.890091 0.000000 -0.148347
    10 -0.006790 -1.563353 0.006726 -1.212969 0.000000 0.000009
    11 0.000000 -1.164063 0.000001 -1.279286 0.000000 0.000000
    12 -0.018589 0.129953 -0.123721 -1.294580 0.001302 -1.635383
    13 -0.006160 0.170065 -0.110169 -1.280084 -0.068681 -1.597215
    14 0.047100 -0.104074 -0.352264 -1.243368 -0.257298 -1.694346
    15 0.949953 -3.613996 -0.344216 -0.185088 -0.005710 0.134774
    16 -0.021700 -1.596358 -0.003443 -0.471544 0.025971 0.043085
    17 -0.006735 -0.941812 0.007065 -0.951871 0.064142 0.050909
    18 -0.022325 0.045424 -0.038284 -1.125544 -0.129230 -1.681412
    19 -0.042900 -0.061274 -0.071212 -1.124462 -0.060454 -1.586099
    20 0.063741 -0.109104 -0.248158 -1.142813 -0.125805 -1.693583
    21 -1.408203 -3.246094 -0.348633 -0.788776 0.052706 -0.017693
    22 0.013458 -1.204102 0.000000 -0.931992 0.000000 0.000000
    23 -0.013008 -0.789551 0.000000 -1.061140 0.000000 0.000000
    24 -0.011721 0.093267 0.017949 -1.687855 -0.079155 -1.575164
    25 0.048863 -0.085541 0.028626 -1.715605 -0.034569 -1.653190
    26 0.173918 -0.198416 -0.336163 -1.668104 -0.422317 -1.710956
    27 0.438974 -0.490226 0.392416 0.531856 -0.469154 -1.208215
    28 2.352359 0.010252 0.001103 -0.303526 -0.034504 -0.511195
    29 1.249212 0.004522 -0.002867 -0.000016 0.000022 -0.511396
    30 -0.267709 0.037512 -0.093907 2.913812 -0.143386 0.078467
    31 -0.029266 0.205408 -0.329287 2.788574 -0.255486 -0.188917
    32 0.204373 0.521055 -0.268577 2.886669 0.042206 -0.230367
    33 0.195697 -0.010059 -0.293538 -1.333586 0.150863 -1.672749
    34 1.257181 8.762590 -0.153713 -1.570562 0.002683 -1.566808
    35 -0.093500 -0.114213 -0.738866 -1.570842 0.061811 0.002096
    36 0.010843 0.093624 -0.081439 -3.141462 0.041719 -1.568236
    37 3.694196 -8.371980 -14.130621 -0.256165 0.416341 1.977080
    38 0.108654 -10.673144 -0.005453 0.428902 -0.355294 0.311371
    39 0.549521 -3.650577 -0.341066 -0.270281 -0.046218 -0.024582
    40 0.025684 -1.503640 0.001039 1.643844 -1.200278 0.768427
    41 0.012045 -0.932386 -0.004583 -0.313511 -0.000002 -0.000001
    42 0.006928 0.005329 -0.181358 -1.528500 -0.248579 -1.611362
    43 -0.052313 0.038589 -0.230757 -1.592493 -0.043415 -1.528515
    44 -0.232600 -0.209656 -0.420669 -1.713790 -0.167173 -1.438930
    45 -0.214374 -3.741524 -0.346082 -0.278943 -0.000005 -0.000020
    46 0.015894 -1.578467 0.006170 -0.848430 0.000020 -0.000009
    47 0.000478 -1.176453 0.000249 -0.342347 0.000021 0.000018
    48 -0.038065 0.069166 -0.159883 -1.816986 0.066178 -1.575392
    49 -0.025151 0.088762 -0.068837 -1.817843 0.044510 -1.568287
    50 -0.102916 -0.186983 -0.272246 -1.833683 -0.232962 -1.472375
    51 -1.030272 -3.578138 -0.343160 -0.482737 0.000019 -0.000003
    52 0.001133 -1.610108 0.002370 -0.199493 0.000003 -0.000002
    53 0.005787 -0.946060 0.004418 -0.319597 0.000001 0.000001
    54 -0.004241 0.043707 -0.080203 -2.014997 -0.186996 -1.460723
    55 0.015383 -0.089136 -0.030010 -2.006083 0.036346 -1.568629
    56 -0.022610 -0.212357 -0.177905 -1.933161 -0.118801 -1.518895
    57 1.305107 -3.227548 -0.342207 -0.152849 -0.066932 -0.041063
    58 0.004502 -1.242324 0.002179 -0.276371 0.000004 0.000009
    59 0.003175 -0.774607 -0.000316 -1.087782 -0.000006 -0.000004
    60 -0.067138 0.063251 -0.010961 -0.899214 -0.014515 -1.600326
    61 -0.151180 -0.007395 -0.070065 -0.913061 -0.118819 -1.408558
    62 -0.178164 -0.244680 -0.357067 -1.159916 -0.384260 -1.556110
    63 -0.391451 -0.463665 0.383766 -0.370201 -0.673518 -2.677920
    64 2.472082 0.027425 0.001225 0.034123 0.015560 0.213358
    65 1.223419 0.009356 -0.005766 -0.000003 -0.000006 0.042343
    66 -0.263409 -0.117640 -0.015659 0.000036 -0.082210 -0.026800
    67 0.007707 -0.334360 -0.191575 0.070788 -0.181563 0.282364
    68 0.225562 -0.567923 -0.420715 0.119895 -0.183798 0.223460
    69 -0.203683 -0.095654 -0.328305 -1.745077 0.075142 -1.515382
    70 -1.393460 8.839182 -0.239439 1.580804 -0.005024 -1.566848
    71 0.036020 0.082815 -0.692656 -1.570769 0.065989 0.001276
    72 -0.088586 0.054020 -0.088594 0.010231 0.033800 -1.560851
    73 0.120153 -0.050270 -0.054489 -2.854024 0.030688 -1.580508
    74 -0.139399 -0.111694 0.014400 0.285395 -0.031353 1.580313
    75 -0.003479 -0.404833 0.000000 0.000000 0.000000 0.000000
    76 -0.313965 -4.589844 0.951660 -1.186316 1.434478 -1.173672
    77 0.000000 3.367188 0.862793 0.000000 0.000000 0.000000
    78 0.001152 -1.103516 1.960938 0.000000 0.000000 0.000000
    79 0.001152 -2.781250 2.525391 0.000000 0.000000 0.000000
    80 0.025361 -8.925462 2.635586 -0.000670 0.129905 0.000000
    81 -0.003574 -2.246094 1.304688 0.000000 0.000000 0.000000
    82 0.001150 -4.261719 1.683594 0.000000 0.000000 0.000000
  time 106
    0 1.629157 0.000000 0.541027 0.000000 0.000000 -1.570796
    1 0.442645 7.570730 -7.884490 4.919734 -1.512497 -3.769091
    2 -0.005512 -10.698019 -0.002571 0.268022 0.151347 -0.122353
    3 -0.653320 -3.628906 -0.348633 -1.003534 -0.000001 -0.122159
    4 -0.013245 -1.509766 -0.000001 -1.090796 0.000000 0.000000
    5 0.000000 -0.953125 -0.000002 -1.223438 0.000000 0.000000
    6 0.007988 0.172184 -0.118553 -1.598091 -0.216549 -1.570593
    7 0.080660 0.135929 -0.203919 -1.506824 -0.066185 -1.662786
    8 0.117288 -0.155554 -0.604544 -1.412988 -0.374558 -1.569222
    9 0.128052 -3.763672 -0.348633 -0.890091 0.000000 -0.148347
    10 -0.006790 -1.563353 0.002820 -1.212969 0.000000 0.000009
    11 0.000000 -1.164063 0.000001 -1.279286 0.000000 0.000000
    12 -0.018589 0.129953 -0.123721 -1.294580 0.001302 -1.635383
    13 -0.006160 0.170065 -0.110169 -1.280084 -0.068681 -1.597215
    14 0.047100 -0.104074 -0.352264 -1.243368 -0.257298 -1.694346
    15 0.949953 -3.613996 -0.344216 -0.204204 -0.005015 0.134366
    16 -0.021700 -1.596358 -0.007350 -0.458033 0.023082 0.038758
    17 -0.006735 -0.937906 0.007065 -0.920989 0.057382 0.046883
    18 -0.022325 0.045424 -0.038284 -1.125544 -0.129230 -1.681412
    19 -0.042900 -0.061274 -0.071212 -1.124462 -0.060454 -1.586099
    20 0.063741 -0.109104 -0.248158 -1.142813 -0.125805 -1.693583
    21 -1.408203 -3.246094 -0.348633 -0.788776 0.052706 -0.017693
    22 0.013458 -1.204102 0.000000 -0.931992 0.000000 0.000000
    23 -0.013008 -0.789551 0.000000 -1.061140 0.000000 0.000000
    24 -0.011721 0.093267 0.017949 -1.687855 -0.079155 -1.575164
    25 0.048863 -0.085541 0.028626 -1.715605 -0.034569 -1.653190
    26 0.173918 -0.198416 -0.336163 -1.668104 -0.422317 -1.710956
    27 0.442881 -0.486320 0.396323 0.517522 -0.467573 -1.210466
    28 2.352359 0.010252 0.001103 -0.303909 -0.030633 -0.498814
    29 1.245306 0.004522 -0.002867 -0.000016 0.000022 -0.518664
    30 -0.267709 0.037512 -0.093907 2.913812 -0.143386 0.078467
    31 -0.029266 0.205408 -0.329287 2.788574 -0.255486 -0.188917
    32 0.204373 0.521055 -0.268577 2.886669 0.042206 -0.230367
    33 0.195697 -0.010059 -0.293538 -1.333586 0.150863 -1.672749
    34 1.257181 8.762590 -0.153713 -1.570562 0.002683 -1.566808
    35 -0.093500 -0.114213 -0.738866 -1.570842 0.061811 0.002096
    36 0.010843 0.093624 -0.081439 -3.141462 0.041719 -1.568236
    37 3.541847 -7.985249 -14.161872 -0.221353 0.439521 2.020468
    38 0.104748 -10.677050 -0.005453 0.422930 -0.412160 0.384125
    39 0.549521 -3.650577 -0.341066 -0.278618 -0.046218 -0.024582
    40 0.021778 -1.503640 0.001039 2.541596 -1.382256 0.140097
    41 0.008139 -0.928479 -0.004583 -0.328537 -0.000002 -0.000001
    42 0.006928 0.005329 -0.181358 -1.528500 -0.248579 -1.611362
    43 -0.052313 0.038589 -0.230757 -1.592493 -0.043415 -1.528515
    44 -0.232600 -0.209656 -0.420669 -1.713790 -0.167173 -1.438930
    45 -0.218280 -3.737618 -0.346082 -0.289057 -0.000005 -0.000020
    46 0.019801 -1.582373 0.006170 -0.863526 0.000020 -0.000009
    47 0.004384 -1.176453 0.000249 -0.362847 0.000021 0.000018
    48 -0.038065 0.069166 -0.159883 -1.816986 0.066178 -1.575392
    49 -0.025151 0.088762 -0.068837 -1.817843 0.044510 -1.568287
    50 -0.102916 -0.186983 -0.272246 -1.833683 -0.232962 -1.472375
    51 -1.034178 -3.578138 -0.343160 -0.482937 0.000019 -0.000003
    52 0.001133 -1.610108 0.002370 -0.180644 0.000003 -0.000002
    53 0.005787 -0.946060 0.004418 -0.332863 0.000001 0.000001
    54 -0.004241 0.043707 -0.080203 -2.014997 -0.186996 -1.460723
    55 0.015383 -0.089136 -0.030010 -2.006083 0.036346 -1.568629
    56 -0.022610 -0.212357 -0.177905 -1.933161 -0.118801 -1.518895
    57 1.305107 -3.227548 -0.342207 -0.184273 -0.066932 -0.041063
    58 0.004502 -1.242324 0.006085 -0.310882 0.000004 0.000009
    59 0.003175 -0.774607 -0.000316 -1.102847 -0.000006 -0.000004
    60 -0.067138 0.063251 -0.010961 -0.899214 -0.014515 -1.600326
    61 -0.151180 -0.007395 -0.070065 -0.913061 -0.118819 -1.408558
    62 -0.178164 -0.244680 -0.357067 -1.159916 -0.384260 -1.556110
    63 -0.391451 -0.463665 0.379860 -0.348105 -0.668020 -2.682206
    64 2.472082 0.027425 0.001225 0.032757 0.015980 0.191596
    65 1.223419 0.009356 -0.005766 -0.000003 -0.000006 0.051990
    66 -0.263409 -0.117640 -0.015659 0.000036 -0.082210 -0.026800
    67 0.007707 -0.334360 -0.191575 0.070788 -0.181563 0.282364
    68 0.225562 -0.567923 -0.420715 0.119895 -0.183798 0.223460
    69 -0.203683 -0.095654 -0.328305 -1.745077 0.075142 -1.515382
    70 -1.393460 8.839182 -0.239439 1.580804 -0.005024 -1.566848
    71 0.036020 0.082815 -0.692656 -1.570769 0.065989 0.001276
    72 -0.088586 0.054020 -0.088594 0.010231 0.033800 -1.560851
    73 0.120153 -0.050270 -0.054489 -2.854024 0.030688 -1.580508
    74 -0.139399 -0.111694 0.014400 0.285395 -0.031353 1.580313
    75 -0.003479 -0.404833 0.000000 0.000000 0.000000 0.000000
    76 -0.313965 -4.589844 0.951660 -1.186316 1.434478 -1.173672
    77 0.000000 3.367188 0.862793 0.000000 0.000000 0.000000
    78 0.001152 -1.103516 1.960938 0.000000 0.000000 0.000000
    79 0.001152 -2.781250 2.525391 0.000000 0.000000 0.000000
    80 0.021454 -8.925462 2.627773 -0.000478 0.109526 0.000000
    81 -0.003574 -2.246094 1.304688 0.000000 0.000000 0.000000
    82 0.001150 -4.261719 1.683594 0.000000 0.000000 0.000000
  time 107
    0 1.629157 0.000000 0.541027 0.000000 0.000000 -1.570796
    1 0.325454 7.406662 -8.052464 5.116065 -1.491132 -3.937881
    2 -0.001605 -10.701926 -0.002571 0.332947 0.176505 -0.132298
    3 -0.653320 -3.628906 -0.348633 -1.003534 -0.000001 -0.122159
    4 -0.013245 -1.509766 -0.000001 -1.090796 0.000000 0.000000
    5 0.000000 -0.953125 -0.000002 -1.223438 0.000000 0.000000
    6 0.007988 0.172184 -0.118553 -1.598091 -0.216549 -1.570593
    7 0.080660 0.135929 -0.203919 -1.506824 -0.066185 -1.662786
    8 0.117288 -0.155554 -0.604544 -1.412988 -0.374558 -1.569222
    9 0.128052 -3.763672 -0.348633 -0.890091 0.000000 -0.148347
    10 -0.006790 -1.567259 0.006726 -1.212969 0.000000 0.000009
    11 0.000000 -1.164063 0.000001 -1.279286 0.000000 0.000000
    12 -0.018589 0.129953 -0.123721 -1.294580 0.001302 -1.635383
    13 -0.006160 0.170065 -0.110169 -1.280084 -0.068681 -1.597215
    14 0.047100 -0.104074 -0.352264 -1.243368 -0.257298 -1.694346
    15 0.949953 -3.617903 -0.344216 -0.223595 -0.004320 0.133947
    16 -0.021700 -1.596358 -0.003443 -0.441778 0.019954 0.034084
    17 -0.002829 -0.941812 0.007065 -0.883409 0.049820 0.042221
    18 -0.022325 0.045424 -0.038284 -1.125544 -0.129230 -1.681412
    19 -0.042900 -0.061274 -0.071212 -1.124462 -0.060454 -1.586099
    20 0.063741 -0.109104 -0.248158 -1.142813 -0.125805 -1.693583
    21 -1.408203 -3.246094 -0.348633 -0.788776 0.052706 -0.017693
    22 0.013458 -1.204102 0.000000 -0.931992 0.000000 0.000000
    23 -0.013008 -0.789551 0.000000 -1.061140 0.000000 0.000000
    24 -0.011721 0.093267 0.017949 -1.687855 -0.079155 -1.575164
    25 0.048863 -0.085541 0.028626 -1.715605 -0.034569 -1.653190
    26 0.173918 -0.198416 -0.336163 -1.668104 -0.422317 -1.710956
    27 0.442881 -0.486320 0.396323 0.505357 -0.466264 -1.212408
    28 2.352359 0.010252 0.005009 -0.304269 -0.026918 -0.486989
    29 1.249212 0.004522 -0.002867 -0.000016 0.000022 -0.525933
    30 -0.267709 0.037512 -0.093907 2.913812 -0.143386 0.078467
    31 -0.029266 0.205408 -0.329287 2.788574 -0.255486 -0.188917
    32 0.204373 0.521055 -0.268577 2.886669 0.042206 -0.230367
    33 0.195697 -0.010059 -0.293538 -1.333586 0.150863 -1.672749
    34 1.257181 8.762590 -0.153713 -1.570562 0.002683 -1.566808
    35 -0.093500 -0.114213 -0.738866 -1.570842 0.061811 0.002096
    36 0.010843 0.093624 -0.081439 -3.141462 0.041719 -1.568236
    37 3.416844 -7.555549 -14.185310 -0.189402 0.456299 2.063090
    38 0.108654 -10.673144 -0.005453 0.402998 -0.457143 0.450730
    39 0.549521 -3.646670 -0.341066 -0.303827 -0.046218 -0.024582
    40 0.021778 -1.503640 0.001039 -2.190344 -1.350661 -1.169695
    41 0.008139 -0.928479 -0.004583 -0.345151 -0.000002 -0.000001
    42 0.006928 0.005329 -0.181358 -1.528500 -0.248579 -1.611362
    43 -0.052313 0.038589 -0.230757 -1.592493 -0.043415 -1.528515
    44 -0.232600 -0.209656 -0.420669 -1.713790 -0.167173 -1.438930
    45 -0.218280 -3.737618 -0.346082 -0.307549 -0.000005 -0.000020
    46 0.019801 -1.578467 0.006170 -0.879386 0.000020 -0.000009
    47 0.000478 -1.176453 0.000249 -0.385264 0.000021 0.000018
    48 -0.038065 0.069166 -0.159883 -1.816986 0.066178 -1.575392
    49 -0.025151 0.088762 -0.068837 -1.817843 0.044510 -1.568287
    50 -0.102916 -0.186983 -0.272246 -1.833683 -0.232962 -1.472375
    51 -1.030272 -3.578138 -0.343160 -0.493473 0.000019 -0.000003
    52 0.001133 -1.610108 0.002370 -0.167308 0.000003 -0.000002
    53 0.005787 -0.946060 0.004418 -0.347816 0.000001 0.000001
    54 -0.004241 0.043707 -0.080203 -2.014997 -0.186996 -1.460723
    55 0.015383 -0.089136 -0.030010 -2.006083 0.036346 -1.568629
    56 -0.022610 -0.212357 -0.177905 -1.933161 -0.118801 -1.518895
    57 1.309013 -3.227548 -0.342207 -0.226604 -0.066932 -0.041063
    58 0.004502 -1.242324 0.002179 -0.346406 0.000004 0.000009
    59 0.003175 -0.774607 -0.004222 -1.117862 -0.000006 -0.000004
    60 -0.067138 0.063251 -0.010961 -0.899214 -0.014515 -1.600326
    61 -0.151180 -0.007395 -0.070065 -0.913061 -0.118819 -1.408558
    62 -0.178164 -0.244680 -0.357067 -1.159916 -0.384260 -1.556110
    63 -0.391451 -0.463665 0.383766 -0.328766 -0.661116 -2.681379
    64 2.468175 0.027425 0.001225 0.031606 0.016100 0.178807
    65 1.223419 0.009356 -0.005766 -0.000003 -0.000006 0.068254
    66 -0.263409 -0.117640 -0.015659 0.000036 -0.082210 -0.026800
    67 0.007707 -0.334360 -0.191575 0.070788 -0.181563 0.282364
    68 0.225562 -0.567923 -0.420715 0.119895 -0.183798 0.223460
    69 -0.203683 -0.095654 -0.328305 -1.745077 0.075142 -1.515382
    70 -1.393460 8.839182 -0.239439 1.580804 -0.005024 -1.566848
    71 0.036020 0.082815 -0.692656 -1.570769 0.065989 0.001276
    72 -0.088586 0.054020 -0.088594 0.010231 0.033800 -1.560851
    73 0.120153 -0.050270 -0.054489 -2.854024 0.030688 -1.580508
    74 -0.139399 -0.111694 0.014400 0.285395 -0.031353 1.580313
    75 -0.003479 -0.404833 0.000000 0.000000 0.000000 0.000000
    76 -0.313965 -4.589844 0.951660 -1.186316 1.434478 -1.173672
    77 0.000000 3.367188 0.862793 0.000000 0.000000 0.000000
    78 0.001152 -1.103516 1.960938 0.000000 0.000000 0.000000
    79 0.001152 -2.781250 2.525391 0.000000 0.000000 0.000000
    80 0.017548 -8.929368 2.623867 -0.000383 0.089101 0.000000
    81 -0.003574 -2.246094 1.304688 0.000000 0.000000 0.000000
    82 0.001150 -4.261719 1.683594 0.000000 0.000000 0.000000
  time 108
    0 1.629157 0.000000 0.541027 0.000000 0.000000 -1.570796
    1 0.196544 7.242595 -8.216531 5.233256 -1.468163 -4.027315
    2 -0.005512 -10.701926 -0.002571 0.392194 0.195107 -0.140286
    3 -0.653320 -3.628906 -0.348633 -1.003534 -0.000001 -0.122159
    4 -0.013245 -1.509766 -0.000001 -1.090796 0.000000 0.000000
    5 0.000000 -0.953125 -0.000002 -1.223438 0.000000 0.000000
    6 0.007988 0.172184 -0.118553 -1.598091 -0.216549 -1.570593
    7 0.080660 0.135929 -0.203919 -1.506824 -0.066185 -1.662786
    8 0.117288 -0.155554 -0.604544 -1.412988 -0.374558 -1.569222
    9 0.128052 -3.763672 -0.348633 -0.890091 0.000000 -0.148347
    10 -0.002884 -1.563353 0.006726 -1.212969 0.000000 -0.000003
    11 0.000000 -1.164063 0.000001 -1.279286 0.000000 0.000000
    12 -0.018589 0.129953 -0.123721 -1.294580 0.001302 -1.635383
    13 -0.006160 0.170065 -0.110169 -1.280084 -0.068681 -1.597215
    14 0.047100 -0.104074 -0.352264 -1.243368 -0.257298 -1.694346
    15 0.949953 -3.617903 -0.344216 -0.243046 -0.003625 0.133516
    16 -0.017794 -1.596358 -0.007350 -0.423704 0.016707 0.029147
    17 -0.006735 -0.937906 0.007065 -0.841123 0.041778 0.036935
    18 -0.022325 0.045424 -0.038284 -1.125544 -0.129230 -1.681412
    19 -0.042900 -0.061274 -0.071212 -1.124462 -0.060454 -1.586099
    20 0.063741 -0.109104 -0.248158 -1.142813 -0.125805 -1.693583
    21 -1.408203 -3.246094 -0.348633 -0.788776 0.052706 -0.017693
    22 0.013458 -1.204102 0.000000 -0.931992 0.000000 0.000000
    23 -0.013008 -0.789551 0.000000 -1.061140 0.000000 0.000000
    24 -0.011721 0.093267 0.017949 -1.687855 -0.079155 -1.575164
    25 0.048863 -0.085541 0.028626 -1.715605 -0.034569 -1.653190
    26 0.173918 -0.198416 -0.336163 -1.668104 -0.422317 -1.710956
    27 0.438974 -0.486320 0.396323 0.497292 -0.465375 -1.213731
    28 2.352359 0.010252 0.005009 -0.304532 -0.023443 -0.475872
    29 1.245306 0.004522 -0.002867 -0.000016 0.000022 -0.533161
    30 -0.267709 0.037512 -0.093907 2.913812 -0.143386 0.078467
    31 -0.029266 0.205408 -0.329287 2.788574 -0.255486 -0.188917
    32 0.204373 0.521055 -0.268577 2.886669 0.042206 -0.230367
    33 0.195697 -0.010059 -0.293538 -1.333586 0.150863 -1.672749
    34 1.257181 8.762590 -0.153713 -1.570562 0.002683 -1.566808
    35 -0.093500 -0.114213 -0.738866 -1.570842 0.061811 0.002096
    36 0.010843 0.093624 -0.081439 -3.141462 0.041719 -1.568236
    37 3.323091 -7.082878 -14.200935 -0.162506 0.463917 2.103228
    38 0.108654 -10.673144 -0.005453 0.372736 -0.475580 0.495292
    39 0.553428 -3.650577 -0.341066 -0.360285 -0.046218 -0.024582
    40 0.021778 -1.503640 0.001039 -1.473612 -1.141011 -1.680537
    41 0.012045 -0.928479 -0.004583 -0.362717 -0.000002 -0.000001
    42 0.006928 0.005329 -0.181358 -1.528500 -0.248579 -1.611362
    43 -0.052313 0.038589 -0.230757 -1.592493 -0.043415 -1.528515
    44 -0.232600 -0.209656 -0.420669 -1.713790 -0.167173 -1.438930
    45 -0.214374 -3.737618 -0.346082 -0.344873 -0.000005 -0.000020
    46 0.019801 -1.582373 0.006170 -0.895481 0.000020 -0.000009
    47 0.004384 -1.176453 0.004155 -0.408767 0.000021 0.000018
    48 -0.038065 0.069166 -0.159883 -1.816986 0.066178 -1.575392
    49 -0.025151 0.088762 -0.068837 -1.817843 0.044510 -1.568287
    50 -0.102916 -0.186983 -0.272246 -1.833683 -0.232962 -1.472375
    51 -1.030272 -3.582044 -0.347066 -0.523239 0.000019 -0.000003
    52 0.001133 -1.610108 0.002370 -0.164315 0.000003 -0.000002
    53 0.005787 -0.946060 0.004418 -0.363788 0.000001 0.000001
    54 -0.004241 0.043707 -0.080203 -2.014997 -0.186996 -1.460723
    55 0.015383 -0.089136 -0.030010 -2.006083 0.036346 -1.568629
    56 -0.022610 -0.212357 -0.177905 -1.933161 -0.118801 -1.518895
    57 1.309013 -3.227548 -0.346114 -0.293346 -0.066932 -0.041063
    58 0.000595 -1.242324 0.006085 -0.382550 0.000004 0.000009
    59 0.003175 -0.774607 -0.000316 -1.132826 -0.000006 -0.000004
    60 -0.067138 0.063251 -0.010961 -0.899214 -0.014515 -1.600326
    61 -0.151180 -0.007395 -0.070065 -0.913061 -0.118819 -1.408558
    62 -0.178164 -0.244680 -0.357067 -1.159916 -0.384260 -1.556110
    63 -0.391451 -0.463665 0.379860 -0.312428 -0.652949 -2.674978
    64 2.472082 0.027425 0.001225 0.030827 0.015896 0.176296
    65 1.227325 0.009356 -0.005766 -0.000003 -0.000006 0.091079
    66 -0.263409 -0.117640 -0.015659 0.000036 -0.082210 -0.026800
    67 0.007707 -0.334360 -0.191575 0.070788 -0.181563 0.282364
    68 0.225562 -0.567923 -0.420715 0.119895 -0.183798 0.223460
    69 -0.203683 -0.095654 -0.328305 -1.745077 0.075142 -1.515382
    70 -1.393460 8.839182 -0.239439 1.580804 -0.005024 -1.566848
    71 0.036020 0.082815 -0.692656 -1.570769 0.065989 0.001276
    72 -0.088586 0.054020 -0.088594 0.010231 0.033800 -1.560851
    73 0.120153 -0.050270 -0.054489 -2.854024 0.030688 -1.580508
    74 -0.139399 -0.111694 0.014400 0.285395 -0.031353 1.580313
    75 -0.003479 -0.404833 0.000000 0.000000 0.000000 0.000000
    76 -0.313965 -4.589844 0.951660 -1.186316 1.434478 -1.173672
    77 0.000000 3.367188 0.862793 0.000000 0.000000 0.000000
    78 0.001152 -1.103516 1.960938 0.000000 0.000000 0.000000
    79 0.001152 -2.781250 2.525391 0.000000 0.000000 0.000000
    80 0.013642 -8.933275 2.612147 -0.000383 0.069247 0.000000
    81 -0.003574 -2.246094 1.304688 0.000000 0.000000 0.000000
    82 0.001150 -4.261719 1.683594 0.000000 0.000000 0.000000
  time 109
    0 1.629157 0.000000 0.541027 0.000000 0.000000 -1.570796
    1 0.091072 7.098059 -8.368880 5.311771 -1.444675 -4.078420
    2 -0.001605 -10.698019 -0.002571 0.441202 0.204894 -0.147492
    3 -0.653320 -3.628906 -0.348633 -1.003534 -0.000001 -0.122159
    4 -0.013245 -1.509766 -0.000001 -1.090796 0.000000 0.000000
    5 0.000000 -0.953125 -0.000002 -1.223438 0.000000 0.000000
    6 0.007988 0.172184 -0.118553 -1.598091 -0.216549 -1.570593
    7 0.080660 0.135929 -0.203919 -1.506824 -0.066185 -1.662786
    8 0.117288 -0.155554 -0.604544 -1.412988 -0.374558 -1.569222
    9 0.128052 -3.763672 -0.348633 -0.890091 0.000000 -0.148347
    10 -0.006790 -1.563353 0.006726 -1.212969 0.000000 0.000009
    11 0.000000 -1.164063 0.000001 -1.279286 0.000000 0.000000
    12 -0.018589 0.129953 -0.123721 -1.294580 0.001302 -1.635383
    13 -0.006160 0.170065 -0.110169 -1.280084 -0.068681 -1.597215
    14 0.047100 -0.104074 -0.352264 -1.243368 -0.257298 -1.694346
    15 0.949953 -3.617903 -0.344216 -0.262341 -0.002954 0.133060
    16 -0.017794 -1.596358 -0.007350 -0.404604 0.013423 0.024005
    17 -0.002829 -0.937906 0.007065 -0.795917 0.033617 0.031135
    18 -0.022325 0.045424 -0.038284 -1.125544 -0.129230 -1.681412
    19 -0.042900 -0.061274 -0.071212 -1.124462 -0.060454 -1.586099
    20 0.063741 -0.109104 -0.248158 -1.142813 -0.125805 -1.693583
    21 -1.408203 -3.246094 -0.348633 -0.788776 0.052706 -0.017693
    22 0.013458 -1.204102 0.000000 -0.931992 0.000000 0.000000
    23 -0.013008 -0.789551 0.000000 -1.061140 0.000000 0.000000
    24 -0.011721 0.093267 0.017949 -1.687855 -0.079155 -1.575164
    25 0.048863 -0.085541 0.028626 -1.715605 -0.034569 -1.653190
    26 0.173918 -0.198416 -0.336163 -1.668104 -0.422317 -1.710956
    27 0.438974 -0.490226 0.396323 0.494157 -0.465054 -1.214209
    28 2.352359 0.010252 0.005009 -0.304760 -0.020219 -0.465588
    29 1.249212 0.004522 -0.002867 -0.000016 0.000022 -0.540267
    30 -0.267709 0.037512 -0.093907 2.913812 -0.143386 0.078467
    31 -0.029266 0.205408 -0.329287 2.788574 -0.255486 -0.188917
    32 0.204373 0.521055 -0.268577 2.886669 0.042206 -0.230367
    33 0.195697 -0.010059 -0.293538 -1.333586 0.150863 -1.672749
    34 1.257181 8.762590 -0.153713 -1.570562 0.002683 -1.566808
    35 -0.093500 -0.114213 -0.738866 -1.570842 0.061811 0.002096
    36 0.010843 0.093624 -0.081439 -3.141462 0.041719 -1.568236
    37 3.260589 -6.543799 -14.200935 -0.142573 0.459805 2.138875
    38 0.108654 -10.673144 -0.001547 0.333247 -0.465148 0.513684
    39 0.553428 -3.646670 -0.341066 -0.453384 -0.046218 -0.024582
    40 0.025684 -1.503640 0.001039 -1.085484 -0.894788 -1.908966
    41 0.008139 -0.928479 -0.004583 -0.380759 -0.000002 -0.000001
    42 0.006928 0.005329 -0.181358 -1.528500 -0.248579 -1.611362
    43 -0.052313 0.038589 -0.230757 -1.592493 -0.043415 -1.528515
    44 -0.232600 -0.209656 -0.420669 -1.713790 -0.167173 -1.438930
    45 -0.218280 -3.737618 -0.346082 -0.406317 -0.000005 -0.000020
    46 0.019801 -1.582373 0.006170 -0.911752 0.000020 -0.000009
    47 0.000478 -1.172547 0.000249 -0.432613 0.000021 0.000018
    48 -0.038065 0.069166 -0.159883 -1.816986 0.066178 -1.575392
    49 -0.025151 0.088762 -0.068837 -1.817843 0.044510 -1.568287
    50 -0.102916 -0.186983 -0.272246 -1.833683 -0.232962 -1.472375
    51 -1.030272 -3.578138 -0.347066 -0.575879 0.000019 -0.000003
    52 0.001133 -1.610108 0.006276 -0.174291 0.000003 -0.000002
    53 0.005787 -0.946060 0.000512 -0.380138 0.000001 0.000001
    54 -0.004241 0.043707 -0.080203 -2.014997 -0.186996 -1.460723
    55 0.015383 -0.089136 -0.030010 -2.006083 0.036346 -1.568629
    56 -0.022610 -0.212357 -0.177905 -1.933161 -0.118801 -1.518895
    57 1.309013 -3.227548 -0.346114 -0.391902 -0.066932 -0.041063
    58 0.004502 -1.242324 0.006085 -0.418806 0.000004 0.000009
    59 0.003175 -0.774607 -0.000316 -1.147637 -0.000006 -0.000004
    60 -0.067138 0.063251 -0.010961 -0.899214 -0.014515 -1.600326
    61 -0.151180 -0.007395 -0.070065 -0.913061 -0.118819 -1.408558
    62 -0.178164 -0.244680 -0.357067 -1.159916 -0.384260 -1.556110
    63 -0.387544 -0.463665 0.379860 -0.303336 -0.640768 -2.654326
    64 2.468175 0.027425 0.001225 0.030408 0.014925 0.198761
    65 1.227325 0.009356 -0.005766 -0.000003 -0.000006 0.136395
    66 -0.263409 -0.117640 -0.015659 0.000036 -0.082210 -0.026800
    67 0.007707 -0.334360 -0.191575 0.070788 -0.181563 0.282364
    68 0.225562 -0.567923 -0.420715 0.119895 -0.183798 0.223460
    69 -0.203683 -0.095654 -0.328305 -1.745077 0.075142 -1.515382
    70 -1.393460 8.839182 -0.239439 1.580804 -0.005024 -1.566848
    71 0.036020 0.082815 -0.692656 -1.570769 0.065989 0.001276
    72 -0.088586 0.054020 -0.088594 0.010231 0.033800 -1.560851
    73 0.120153 -0.050270 -0.054489 -2.854024 0.030688 -1.580508
    74 -0.139399 -0.111694 0.014400 0.285395 -0.031353 1.580313
    75 -0.003479 -0.404833 0.000000 0.000000 0.000000 0.000000
    76 -0.313965 -4.589844 0.951660 -1.186316 1.434478 -1.173672
    77 0.000000 3.367188 0.862793 0.000000 0.000000 0.000000
    78 0.001152 -1.103516 1.960938 0.000000 0.000000 0.000000
    79 0.001152 -2.781250 2.525391 0.000000 0.000000 0.000000
    80 0.013642 -8.941087 2.604335 -0.000096 0.050730 0.000000
    81 -0.003574 -2.246094 1.304688 0.000000 0.000000 0.000000
    82 0.001150 -4.261719 1.683594 0.000000 0.000000 0.000000
  time 110
    0 1.629157 0.000000 0.541027 0.000000 0.000000 -1.570796
    1 -0.006587 6.961336 -8.497790 5.369473 -1.421093 -4.108921
    2 -0.001605 -10.698019 -0.002571 0.475127 0.203601 -0.155020
    3 -0.653320 -3.628906 -0.348633 -1.003534 -0.000001 -0.122159
    4 -0.013245 -1.509766 -0.000001 -1.090796 0.000000 0.000000
    5 0.000000 -0.953125 -0.000002 -1.223438 0.000000 0.000000
    6 0.007988 0.172184 -0.118553 -1.598091 -0.216549 -1.570593
    7 0.080660 0.135929 -0.203919 -1.506824 -0.066185 -1.662786
    8 0.117288 -0.155554 -0.604544 -1.412988 -0.374558 -1.569222
    9 0.128052 -3.763672 -0.348633 -0.890091 0.000000 -0.148347
    10 -0.006790 -1.567259 0.006726 -1.212969 0.000000 0.000009
    11 0.000000 -1.164063 0.000001 -1.279286 0.000000 0.000000
    12 -0.018589 0.129953 -0.123721 -1.294580 0.001302 -1.635383
    13 -0.006160 0.170065 -0.110169 -1.280084 -0.068681 -1.597215
    14 0.047100 -0.104074 -0.352264 -1.243368 -0.257298 -1.694346
    15 0.953860 -3.617903 -0.344216 -0.281252 -0.002295 0.132629
    16 -0.021700 -1.596358 -0.003443 -0.385248 0.010211 0.018840
    17 -0.006735 -0.941812 0.007065 -0.749852 0.025575 0.024879
    18 -0.022325 0.045424 -0.038284 -1.125544 -0.129230 -1.681412
    19 -0.042900 -0.061274 -0.071212 -1.124462 -0.060454 -1.586099
    20 0.063741 -0.109104 -0.248158 -1.142813 -0.125805 -1.693583
    21 -1.408203 -3.246094 -0.348633 -0.788776 0.052706 -0.017693
    22 0.013458 -1.204102 0.000000 -0.931992 0.000000 0.000000
    23 -0.013008 -0.789551 0.000000 -1.061140 0.000000 0.000000
    24 -0.011721 0.093267 0.017949 -1.687855 -0.079155 -1.575164
    25 0.048863 -0.085541 0.028626 -1.715605 -0.034569 -1.653190
    26 0.173918 -0.198416 -0.336163 -1.668104 -0.422317 -1.710956
    27 0.438974 -0.490226 0.396323 0.494618 -0.465103 -1.214153
    28 2.352359 0.010252 0.005009 -0.304940 -0.017282 -0.456315
    29 1.249212 0.004522 -0.002867 -0.000016 0.000022 -0.547211
    30 -0.267709 0.037512 -0.093907 2.913812 -0.143386 0.078467
    31 -0.029266 0.205408 -0.329287 2.788574 -0.255486 -0.188917
    32 0.204373 0.521055 -0.268577 2.886669 0.042206 -0.230367
    33 0.195697 -0.010059 -0.293538 -1.333586 0.150863 -1.672749
    34 1.257181 8.762590 -0.153713 -1.570562 0.002683 -1.566808
    35 -0.093500 -0.114213 -0.738866 -1.570842 0.061811 0.002096
    36 0.010843 0.093624 -0.081439 -3.141462 0.041719 -1.568236
    37 3.225432 -5.950031 -14.200935 -0.132081 0.441578 2.168023
    38 0.108654 -10.673144 -0.001547 0.284963 -0.437150 0.515931
    39 0.549521 -3.646670 -0.341066 -0.572091 -0.046218 -0.024582
    40 0.021778 -1.503640 0.001039 -0.811506 -0.639200 -2.085708
    41 0.012045 -0.928479 -0.000677 -0.398431 -0.000002 -0.000001
    42 0.006928 0.005329 -0.181358 -1.528500 -0.248579 -1.611362
    43 -0.052313 0.038589 -0.230757 -1.592493 -0.043415 -1.528515
    44 -0.232600 -0.209656 -0.420669 -1.713790 -0.167173 -1.438930
    45 -0.214374 -3.737618 -0.346082 -0.484561 -0.000005 -0.000020
    46 0.019801 -1.582373 0.006170 -0.927788 0.000020 -0.000009
    47 0.000478 -1.176453 0.000249 -0.456173 0.000021 0.000018
    48 -0.038065 0.069166 -0.159883 -1.816986 0.066178 -1.575392
    49 -0.025151 0.088762 -0.068837 -1.817843 0.044510 -1.568287
    50 -0.102916 -0.186983 -0.272246 -1.833683 -0.232962 -1.472375
    51 -1.030272 -3.578138 -0.343160 -0.644583 0.000019 -0.000003
    52 0.001133 -1.610108 0.002370 -0.193350 0.000003 -0.000002
    53 0.005787 -0.946060 0.000512 -0.396197 0.000001 0.000001
    54 -0.004241 0.043707 -0.080203 -2.014997 -0.186996 -1.460723
    55 0.015383 -0.089136 -0.030010 -2.006083 0.036346 -1.568629
    56 -0.022610 -0.212357 -0.177905 -1.933161 -0.118801 -1.518895
    57 1.309013 -3.227548 -0.342207 -0.512489 -0.066932 -0.041063
    58 0.000595 -1.242324 0.006085 -0.454612 0.000004 0.000009
    59 0.003175 -0.774607 -0.000316 -1.162399 -0.000006 -0.000004
    60 -0.067138 0.063251 -0.010961 -0.899214 -0.014515 -1.600326
    61 -0.151180 -0.007395 -0.070065 -0.913061 -0.118819 -1.408558
    62 -0.178164 -0.244680 -0.357067 -1.159916 -0.384260 -1.556110
    63 -0.391451 -0.463665 0.383766 -0.302869 -0.623370 -2.616018
    64 2.472082 0.027425 0.001225 0.030072 0.012960 0.252362
    65 1.223419 0.009356 -0.005766 -0.000003 -0.000006 0.212571
    66 -0.263409 -0.117640 -0.015659 0.000036 -0.082210 -0.026800
    67 0.007707 -0.334360 -0.191575 0.070788 -0.181563 0.282364
    68 0.225562 -0.567923 -0.420715 0.119895 -0.183798 0.223460
    69 -0.203683 -0.095654 -0.328305 -1.745077 0.075142 -1.515382
    70 -1.393460 8.839182 -0.239439 1.580804 -0.005024 -1.566848
    71 0.036020 0.082815 -0.692656 -1.570769 0.065989 0.001276
    72 -0.088586 0.054020 -0.088594 0.010231 0.033800 -1.560851
    73 0.120153 -0.050270 -0.054489 -2.854024 0.030688 -1.580508
    74 -0.139399 -0.111694 0.014400 0.285395 -0.031353 1.580313
    75 -0.003479 -0.404833 0.000000 0.000000 0.000000 0.000000
    76 -0.313965 -4.589844 0.951660 -1.186316 1.434478 -1.173672
    77 0.000000 3.367188 0.862793 0.000000 0.000000 0.000000
    78 0.001152 -1.103516 1.960938 0.000000 0.000000 0.000000
    79 0.001152 -2.781250 2.525391 0.000000 0.000000 0.000000
    80 0.005829 -8.941087 2.596522 -0.000096 0.034123 0.000000
    81 -0.003574 -2.246094 1.304688 0.000000 0.000000 0.000000
    82 0.001150 -4.261719 1.683594 0.000000 0.000000 0.000000
  time 111
    0 1.629157 0.000000 0.541027 0.000000 0.000000 -1.570796
    1 -0.084715 6.848051 -8.611075 5.414403 -1.397841 -4.127006
    2 -0.001605 -10.698019 -0.006478 0.473525 0.161410 -0.163399
    3 -0.653320 -3.628906 -0.348633 -1.003534 -0.000001 -0.122159
    4 -0.013245 -1.509766 -0.000001 -1.090796 0.000000 0.000000
    5 0.000000 -0.953125 -0.000002 -1.223438 0.000000 0.000000
    6 0.007988 0.172184 -0.118553 -1.598091 -0.216549 -1.570593
    7 0.080660 0.135929 -0.203919 -1.506824 -0.066185 -1.662786
    8 0.117288 -0.155554 -0.604544 -1.412988 -0.374558 -1.569222
    9 0.128052 -3.763672 -0.348633 -0.890091 0.000000 -0.148347
    10 -0.002884 -1.567259 0.006726 -1.212969 0.000000 0.000009
    11 0.000000 -1.164063 0.000001 -1.279286 0.000000 0.000000
    12 -0.018589 0.129953 -0.123721 -1.294580 0.001302 -1.635383
    13 -0.006160 0.170065 -0.110169 -1.280084 -0.068681 -1.597215
    14 0.047100 -0.104074 -0.352264 -1.243368 -0.257298 -1.694346
    15 0.949953 -3.613996 -0.348122 -0.299625 -0.001647 0.132161
    16 -0.017794 -1.596358 -0.003443 -0.366609 0.007203 0.013674
    17 -0.002829 -0.941812 0.003159 -0.704612 0.018013 0.018407
    18 -0.022325 0.045424 -0.038284 -1.125544 -0.129230 -1.681412
    19 -0.042900 -0.061274 -0.071212 -1.124462 -0.060454 -1.586099
    20 0.063741 -0.109104 -0.248158 -1.142813 -0.125805 -1.693583
    21 -1.408203 -3.246094 -0.348633 -0.788776 0.052706 -0.017693
    22 0.013458 -1.204102 0.000000 -0.931992 0.000000 0.000000
    23 -0.013008 -0.789551 0.000000 -1.061140 0.000000 0.000000
    24 -0.011721 0.093267 0.017949 -1.687855 -0.079155 -1.575164
    25 0.048863 -0.085541 0.028626 -1.715605 -0.034569 -1.653190
    26 0.173918 -0.198416 -0.336163 -1.668104 -0.422317 -1.710956
    27 0.438974 -0.486320 0.392416 0.497292 -0.465375 -1.213731
    28 2.352359 0.010252 0.005009 -0.305024 -0.015736 -0.451388
    29 1.245306 0.004522 -0.002867 -0.000016 0.000022 -0.553911
    30 -0.267709 0.037512 -0.093907 2.913812 -0.143386 0.078467
    31 -0.029266 0.205408 -0.329287 2.788574 -0.255486 -0.188917
    32 0.204373 0.521055 -0.268577 2.886669 0.042206 -0.230367
    33 0.195697 -0.010059 -0.293538 -1.333586 0.150863 -1.672749
    34 1.257181 8.762590 -0.153713 -1.570562 0.002683 -1.566808
    35 -0.093500 -0.114213 -0.738866 -1.570842 0.061811 0.002096
    36 0.010843 0.093624 -0.081439 -3.141462 0.041719 -1.568236
    37 3.241057 -5.184382 -14.197029 -0.160313 0.374653 2.176815
    38 0.108654 -10.673144 -0.005453 0.231890 -0.398680 0.505850
    39 0.553428 -3.650577 -0.344972 -0.705324 -0.046218 -0.024582
    40 0.025684 -1.503640 0.001039 -0.614098 -0.391459 -2.270865
    41 0.012045 -0.928479 -0.004583 -0.415256 -0.000002 -0.000001
    42 0.006928 0.005329 -0.181358 -1.528500 -0.248579 -1.611362
    43 -0.052313 0.038589 -0.230757 -1.592493 -0.043415 -1.528515
    44 -0.232600 -0.209656 -0.420669 -1.713790 -0.167173 -1.438930
    45 -0.214374 -3.737618 -0.346082 -0.572411 -0.000005 -0.000020
    46 0.019801 -1.578467 0.006170 -0.943354 0.000020 -0.000009
    47 0.000478 -1.176453 0.000249 -0.478675 0.000021 0.000018
    48 -0.038065 0.069166 -0.159883 -1.816986 0.066178 -1.575392
    49 -0.025151 0.088762 -0.068837 -1.817843 0.044510 -1.568287
    50 -0.102916 -0.186983 -0.272246 -1.833683 -0.232962 -1.472375
    51 -1.030272 -3.578138 -0.347066 -0.722502 0.000019 -0.000003
    52 0.001133 -1.610108 0.006276 -0.217922 0.000003 -0.000002
    53 0.005787 -0.946060 0.004418 -0.411354 0.000001 0.000001
    54 -0.004241 0.043707 -0.080203 -2.014997 -0.186996 -1.460723
    55 0.015383 -0.089136 -0.030010 -2.006083 0.036346 -1.568629
    56 -0.022610 -0.212357 -0.177905 -1.933161 -0.118801 -1.518895
    57 1.309013 -3.227548 -0.346114 -0.645325 -0.066932 -0.041063
    58 0.004502 -1.242324 0.002179 -0.489573 0.000004 0.000009
    59 0.003175 -0.774607 -0.004222 -1.176957 -0.000006 -0.000004
    60 -0.067138 0.063251 -0.010961 -0.899214 -0.014515 -1.600326
    61 -0.151180 -0.007395 -0.070065 -0.913061 -0.118819 -1.408558
    62 -0.178164 -0.244680 -0.357067 -1.159916 -0.384260 -1.556110
    63 -0.387544 -0.463665 0.379860 -0.307226 -0.602500 -2.567230
    64 2.472082 0.027425 0.001225 0.029689 0.010359 0.325783
    65 1.223419 0.009356 -0.005766 -0.000003 -0.000006 0.307929
    66 -0.263409 -0.117640 -0.015659 0.000036 -0.082210 -0.026800
    67 0.007707 -0.334360 -0.191575 0.070788 -0.181563 0.282364
    68 0.225562 -0.567923 -0.420715 0.119895 -0.183798 0.223460
    69 -0.203683 -0.095654 -0.328305 -1.745077 0.075142 -1.515382
    70 -1.393460 8.839182 -0.239439 1.580804 -0.005024 -1.566848
    71 0.036020 0.082815 -0.692656 -1.570769 0.065989 0.001276
    72 -0.088586 0.054020 -0.088594 0.010231 0.033800 -1.560851
    73 0.120153 -0.050270 -0.054489 -2.854024 0.030688 -1.580508
    74 -0.139399 -0.111694 0.014400 0.285395 -0.031353 1.580313
    75 -0.003479 -0.404833 0.000000 0.000000 0.000000 0.000000
    76 -0.313965 -4.589844 0.951660 -1.186316 1.434478 -1.173672
    77 0.000000 3.367188 0.862793 0.000000 0.000000 0.000000
    78 0.001152 -1.103516 1.960938 0.000000 0.000000 0.000000
    79 0.001152 -2.781250 2.525391 0.000000 0.000000 0.000000
    80 0.001922 -8.944994 2.592616 0.000000 0.020139 0.000000
    81 -0.003574 -2.246094 1.304688 0.000000 0.000000 0.000000
    82 0.001150 -4.261719 1.683594 0.000000 0.000000 0.000000
  time 112
    0 1.629157 0.000000 0.541027 0.000000 0.000000 -1.570796
    1 -0.143310 6.769924 -8.700921 5.451204 -1.374967 -4.137623
    2 -0.001605 -10.701926 -0.006478 0.435838 0.071696 -0.169385
    3 -0.653320 -3.628906 -0.348633 -1.003534 -0.000001 -0.122159
    4 -0.013245 -1.509766 -0.000001 -1.090796 0.000000 0.000000
    5 0.000000 -0.953125 -0.000002 -1.223438 0.000000 0.000000
    6 0.007988 0.172184 -0.118553 -1.598091 -0.216549 -1.570593
    7 0.080660 0.135929 -0.203919 -1.506824 -0.066185 -1.662786
    8 0.117288 -0.155554 -0.604544 -1.412988 -0.374558 -1.569222
    9 0.128052 -3.763672 -0.348633 -0.890091 0.000000 -0.148347
    10 -0.006790 -1.567259 0.006726 -1.212969 0.000000 0.000009
    11 0.000000 -1.164063 0.000001 -1.279286 0.000000 0.000000
    12 -0.018589 0.129953 -0.123721 -1.294580 0.001302 -1.635383
    13 -0.006160 0.170065 -0.110169 -1.280084 -0.068681 -1.597215
    14 0.047100 -0.104074 -0.352264 -1.243368 -0.257298 -1.694346
    15 0.949953 -3.617903 -0.344216 -0.317170 -0.001060 0.131742
    16 -0.021700 -1.596358 -0.003443 -0.349380 0.004422 0.008761
    17 -0.006735 -0.941812 0.007065 -0.662188 0.011110 0.011924
    18 -0.022325 0.045424 -0.038284 -1.125544 -0.129230 -1.681412
    19 -0.042900 -0.061274 -0.071212 -1.124462 -0.060454 -1.586099
    20 0.063741 -0.109104 -0.248158 -1.142813 -0.125805 -1.693583
    21 -1.408203 -3.246094 -0.348633 -0.788776 0.052706 -0.017693
    22 0.013458 -1.204102 0.000000 -0.931992 0.000000 0.000000
    23 -0.013008 -0.789551 0.000000 -1.061140 0.000000 0.000000
    24 -0.011721 0.093267 0.017949 -1.687855 -0.079155 -1.575164
    25 0.048863 -0.085541 0.028626 -1.715605 -0.034569 -1.653190
    26 0.173918 -0.198416 -0.336163 -1.668104 -0.422317 -1.710956
    27 0.442881 -0.490226 0.392416 0.500930 -0.465770 -1.213140
    28 2.356266 0.010252 0.005009 -0.305024 -0.015904 -0.451944
    29 1.249212 0.004522 -0.002867 -0.000016 0.000022 -0.560388
    30 -0.267709 0.037512 -0.093907 2.913812 -0.143386 0.078467
    31 -0.029266 0.205408 -0.329287 2.788574 -0.255486 -0.188917
    32 0.204373 0.521055 -0.268577 2.886669 0.042206 -0.230367
    33 0.195697 -0.010059 -0.293538 -1.333586 0.150863 -1.672749
    34 1.257181 8.762590 -0.153713 -1.570562 0.002683 -1.566808
    35 -0.093500 -0.114213 -0.738866 -1.570842 0.061811 0.002096
    36 0.010843 0.093624 -0.081439 -3.141462 0.041719 -1.568236
    37 3.299653 -4.278105 -14.169684 -0.230795 0.252299 2.169552
    38 0.104748 -10.673144 -0.005453 0.177499 -0.356414 0.488525
    39 0.553428 -3.650577 -0.344972 -0.842102 -0.046218 -0.024582
    40 0.025684 -1.507546 0.001039 -0.489306 -0.176198 -2.496574
    41 0.012045 -0.928479 -0.000677 -0.430494 -0.000002 -0.000001
    42 0.006928 0.005329 -0.181358 -1.528500 -0.248579 -1.611362
    43 -0.052313 0.038589 -0.230757 -1.592493 -0.043415 -1.528515
    44 -0.232600 -0.209656 -0.420669 -1.713790 -0.167173 -1.438930
    45 -0.214374 -3.737618 -0.346082 -0.662546 -0.000005 -0.000020
    46 0.019801 -1.578467 0.006170 -0.958274 0.000020 -0.000009
    47 0.000478 -1.176453 0.000249 -0.499290 0.000021 0.000018
    48 -0.038065 0.069166 -0.159883 -1.816986 0.066178 -1.575392
    49 -0.025151 0.088762 -0.068837 -1.817843 0.044510 -1.568287
    50 -0.102916 -0.186983 -0.272246 -1.833683 -0.232962 -1.472375
    51 -1.030272 -3.582044 -0.343160 -0.802664 0.000019 -0.000003
    52 0.001133 -1.610108 0.002370 -0.244332 0.000003 -0.000002
    53 0.005787 -0.946060 0.000512 -0.424969 0.000001 0.000001
    54 -0.004241 0.043707 -0.080203 -2.014997 -0.186996 -1.460723
    55 0.015383 -0.089136 -0.030010 -2.006083 0.036346 -1.568629
    56 -0.022610 -0.212357 -0.177905 -1.933161 -0.118801 -1.518895
    57 1.309013 -3.227548 -0.342207 -0.780628 -0.066932 -0.041063
    58 0.004502 -1.242324 0.006085 -0.523239 0.000004 0.000009
    59 0.003175 -0.774607 -0.000316 -1.191363 -0.000006 -0.000004
    60 -0.067138 0.063251 -0.010961 -0.899214 -0.014515 -1.600326
    61 -0.151180 -0.007395 -0.070065 -0.913061 -0.118819 -1.408558
    62 -0.178164 -0.244680 -0.357067 -1.159916 -0.384260 -1.556110
    63 -0.387544 -0.463665 0.383766 -0.312961 -0.580084 -2.514879
    64 2.472082 0.027425 0.001225 0.029101 0.007579 0.407574
    65 1.227325 0.009356 -0.005766 -0.000003 -0.000006 0.410961
    66 -0.263409 -0.117640 -0.015659 0.000036 -0.082210 -0.026800
    67 0.007707 -0.334360 -0.191575 0.070788 -0.181563 0.282364
    68 0.225562 -0.567923 -0.420715 0.119895 -0.183798 0.223460
    69 -0.203683 -0.095654 -0.328305 -1.745077 0.075142 -1.515382
    70 -1.393460 8.839182 -0.239439 1.580804 -0.005024 -1.566848
    71 0.036020 0.082815 -0.692656 -1.570769 0.065989 0.001276
    72 -0.088586 0.054020 -0.088594 0.010231 0.033800 -1.560851
    73 0.120153 -0.050270 -0.054489 -2.854024 0.030688 -1.580508
    74 -0.139399 -0.111694 0.014400 0.285395 -0.031353 1.580313
    75 -0.003479 -0.404833 0.000000 0.000000 0.000000 0.000000
    76 -0.313965 -4.589844 0.951660 -1.186316 1.434478 -1.173672
    77 0.000000 3.367188 0.862793 0.000000 0.000000 0.000000
    78 0.001152 -1.103516 1.960938 0.000000 0.000000 0.000000
    79 0.001152 -2.781250 2.525391 0.000000 0.000000 0.000000
    80 0.005829 -8.944994 2.584803 0.000000 0.009258 0.000000
    81 -0.003574 -2.246094 1.304688 0.000000 0.000000 0.000000
    82 0.001150 -4.261719 1.683594 0.000000 0.000000 0.000000
  time 113
    0 1.629157 0.000000 0.541027 0.000000 0.000000 -1.570796
    1 -0.194093 6.707422 -8.759517 5.482198 -1.352705 -4.142931
    2 -0.001605 -10.698019 -0.002571 0.385994 -0.032189 -0.169523
    3 -0.653320 -3.628906 -0.348633 -1.003534 -0.000001 -0.122159
    4 -0.013245 -1.509766 -0.000001 -1.090796 0.000000 0.000000
    5 0.000000 -0.953125 -0.000002 -1.223438 0.000000 0.000000
    6 0.007988 0.172184 -0.118553 -1.598091 -0.216549 -1.570593
    7 0.080660 0.135929 -0.203919 -1.506824 -0.066185 -1.662786
    8 0.117288 -0.155554 -0.604544 -1.412988 -0.374558 -1.569222
    9 0.128052 -3.763672 -0.348633 -0.890091 0.000000 -0.148347
    10 -0.006790 -1.567259 0.006726 -1.212969 0.000000 0.000009
    11 0.000000 -1.164063 0.000001 -1.279286 0.000000 0.000000
    12 -0.018589 0.129953 -0.123721 -1.294580 0.001302 -1.635383
    13 -0.006160 0.170065 -0.110169 -1.280084 -0.068681 -1.597215
    14 0.047100 -0.104074 -0.352264 -1.243368 -0.257298 -1.694346
    15 0.949953 -3.613996 -0.344216 -0.333733 -0.000521 0.131298
    16 -0.021700 -1.596358 -0.007350 -0.334562 0.002014 0.004135
    17 -0.006735 -0.941812 0.007065 -0.624471 0.005046 0.005692
    18 -0.022325 0.045424 -0.038284 -1.125544 -0.129230 -1.681412
    19 -0.042900 -0.061274 -0.071212 -1.124462 -0.060454 -1.586099
    20 0.063741 -0.109104 -0.248158 -1.142813 -0.125805 -1.693583
    21 -1.408203 -3.246094 -0.348633 -0.788776 0.052706 -0.017693
    22 0.013458 -1.204102 0.000000 -0.931992 0.000000 0.000000
    23 -0.013008 -0.789551 0.000000 -1.061140 0.000000 0.000000
    24 -0.011721 0.093267 0.017949 -1.687855 -0.079155 -1.575164
    25 0.048863 -0.085541 0.028626 -1.715605 -0.034569 -1.653190
    26 0.173918 -0.198416 -0.336163 -1.668104 -0.422317 -1.710956
    27 0.438974 -0.486320 0.392416 0.504020 -0.466116 -1.212633
    28 2.352359 0.010252 0.005009 -0.304976 -0.016767 -0.454698
    29 1.249212 0.004522 -0.002867 -0.000016 0.000022 -0.566601
    30 -0.267709 0.037512 -0.093907 2.913812 -0.143386 0.078467
    31 -0.029266 0.205408 -0.329287 2.788574 -0.255486 -0.188917
    32 0.204373 0.521055 -0.268577 2.886669 0.042206 -0.230367
    33 0.195697 -0.010059 -0.293538 -1.333586 0.150863 -1.672749
    34 1.257181 8.762590 -0.153713 -1.570562 0.002683 -1.566808
    35 -0.093500 -0.114213 -0.738866 -1.570842 0.061811 0.002096
    36 0.010843 0.093624 -0.081439 -3.141462 0.041719 -1.568236
    37 3.362154 -3.496831 -14.142340 -0.311006 0.113776 2.165825
    38 0.108654 -10.673144 -0.005453 0.125421 -0.316553 0.469459
    39 0.553428 -3.650577 -0.341066 -0.971193 -0.046218 -0.024582
    40 0.021778 -1.503640 0.001039 -0.435810 -0.030244 -2.785703
    41 0.012045 -0.928479 -0.004583 -0.443457 -0.000002 -0.000001
    42 0.006928 0.005329 -0.181358 -1.528500 -0.248579 -1.611362
    43 -0.052313 0.038589 -0.230757 -1.592493 -0.043415 -1.528515
    44 -0.232600 -0.209656 -0.420669 -1.713790 -0.167173 -1.438930
    45 -0.214374 -3.737618 -0.342176 -0.747561 -0.000005 -0.000020
    46 0.019801 -1.578467 0.006170 -0.972079 0.000020 -0.000009
    47 0.004384 -1.176453 0.000249 -0.517389 0.000021 0.000018
    48 -0.038065 0.069166 -0.159883 -1.816986 0.066178 -1.575392
    49 -0.025151 0.088762 -0.068837 -1.817843 0.044510 -1.568287
    50 -0.102916 -0.186983 -0.272246 -1.833683 -0.232962 -1.472375
    51 -1.030272 -3.582044 -0.343160 -0.878259 0.000019 -0.000003
    52 0.001133 -1.610108 0.002370 -0.268799 0.000003 -0.000002
    53 0.005787 -0.946060 0.000512 -0.436373 0.000001 0.000001
    54 -0.004241 0.043707 -0.080203 -2.014997 -0.186996 -1.460723
    55 0.015383 -0.089136 -0.030010 -2.006083 0.036346 -1.568629
    56 -0.022610 -0.212357 -0.177905 -1.933161 -0.118801 -1.518895
    57 1.309013 -3.227548 -0.342207 -0.908660 -0.066932 -0.041063
    58 0.004502 -1.242324 0.006085 -0.555048 0.000004 0.000009
    59 0.003175 -0.774607 -0.000316 -1.205667 -0.000006 -0.000004
    60 -0.067138 0.063251 -0.010961 -0.899214 -0.014515 -1.600326
    61 -0.151180 -0.007395 -0.070065 -0.913061 -0.118819 -1.408558
    62 -0.178164 -0.244680 -0.357067 -1.159916 -0.384260 -1.556110
    63 -0.387544 -0.463665 0.383766 -0.317251 -0.558392 -2.465368
    64 2.472082 0.027425 0.001225 0.028346 0.004918 0.486385
    65 1.223419 0.009356 -0.005766 -0.000003 -0.000006 0.509962
    66 -0.263409 -0.117640 -0.015659 0.000036 -0.082210 -0.026800
    67 0.007707 -0.334360 -0.191575 0.070788 -0.181563 0.282364
    68 0.225562 -0.567923 -0.420715 0.119895 -0.183798 0.223460
    69 -0.203683 -0.095654 -0.328305 -1.745077 0.075142 -1.515382
    70 -1.393460 8.839182 -0.239439 1.580804 -0.005024 -1.566848
    71 0.036020 0.082815 -0.692656 -1.570769 0.065989 0.001276
    72 -0.088586 0.054020 -0.088594 0.010231 0.033800 -1.560851
    73 0.120153 -0.050270 -0.054489 -2.854024 0.030688 -1.580508
    74 -0.139399 -0.111694 0.014400 0.285395 -0.031353 1.580313
    75 -0.003479 -0.404833 0.000000 0.000000 0.000000 0.000000
    76 -0.313965 -4.589844 0.951660 -1.186316 1.434478 -1.173672
    77 0.000000 3.367188 0.862793 0.000000 0.000000 0.000000
    78 0.001152 -1.103516 1.960938 0.000000 0.000000 0.000000
    79 0.001152 -2.781250 2.525391 0.000000 0.000000 0.000000
    80 -0.001984 -8.944994 2.584803 0.000000 0.002338 0.000000
    81 -0.003574 -2.246094 1.304688 0.000000 0.000000 0.000000
    82 0.001150 -4.261719 1.683594 0.000000 0.000000 0.000000
  time 114
    0 1.629157 0.000000 0.541027 0.000000 0.000000 -1.570796
    1 -0.205812 6.687890 -8.782955 5.508817 -1.331293 -4.145000
    2 -0.001605 -10.701926 -0.002571 0.347053 -0.116964 -0.166530
    3 -0.653320 -3.628906 -0.348633 -1.003534 -0.000001 -0.122159
    4 -0.013245 -1.509766 -0.000001 -1.090796 0.000000 0.000000
    5 0.000000 -0.953125 -0.000002 -1.223438 0.000000 0.000000
    6 0.007988 0.172184 -0.118553 -1.598091 -0.216549 -1.570593
    7 0.080660 0.135929 -0.203919 -1.506824 -0.066185 -1.662786
    8 0.117288 -0.155554 -0.604544 -1.412988 -0.374558 -1.569222
    9 0.128052 -3.763672 -0.348633 -0.890091 0.000000 -0.148347
    10 -0.006790 -1.567259 0.006726 -1.212969 0.000000 0.000009
    11 0.000000 -1.164063 0.000001 -1.279286 0.000000 0.000000
    12 -0.018589 0.129953 -0.123721 -1.294580 0.001302 -1.635383
    13 -0.006160 0.170065 -0.110169 -1.280084 -0.068681 -1.597215
    14 0.047100 -0.104074 -0.352264 -1.243368 -0.257298 -1.694346
    15 0.949953 -3.617903 -0.344216 -0.349049 -0.000017 0.130915
    16 -0.021700 -1.596358 -0.003443 -0.322846 0.000000 0.000000
    17 -0.002829 -0.941812 0.007065 -0.593383 0.000000 -0.000001
    18 -0.022325 0.045424 -0.038284 -1.125544 -0.129230 -1.681412
    19 -0.042900 -0.061274 -0.071212 -1.124462 -0.060454 -1.586099
    20 0.063741 -0.109104 -0.248158 -1.142813 -0.125805 -1.693583
    21 -1.408203 -3.246094 -0.348633 -0.788776 0.052706 -0.017693
    22 0.013458 -1.204102 0.000000 -0.931992 0.000000 0.000000
    23 -0.013008 -0.789551 0.000000 -1.061140 0.000000 0.000000
    24 -0.011721 0.093267 0.017949 -1.687855 -0.079155 -1.575164
    25 0.048863 -0.085541 0.028626 -1.715605 -0.034569 -1.653190
    26 0.173918 -0.198416 -0.336163 -1.668104 -0.422317 -1.710956
    27 0.438974 -0.490226 0.392416 0.505357 -0.466264 -1.212408
    28 2.352359 0.010252 0.005009 -0.304952 -0.017282 -0.456315
    29 1.245306 0.004522 -0.002867 -0.000016 0.000022 -0.572448
    30 -0.267709 0.037512 -0.093907 2.913812 -0.143386 0.078467
    31 -0.029266 0.205408 -0.329287 2.788574 -0.255486 -0.188917
    32 0.204373 0.521055 -0.268577 2.886669 0.042206 -0.230367
    33 0.195697 -0.010059 -0.293538 -1.333586 0.150863 -1.672749
    34 1.257181 8.762590 -0.153713 -1.570562 0.002683 -1.566808
    35 -0.093500 -0.114213 -0.738866 -1.570842 0.061811 0.002096
    36 0.010843 0.093624 -0.081439 -3.141462 0.041719 -1.568236
    37 3.393405 -3.086662 -14.130621 -0.375290 -0.000025 2.172801
    38 0.104748 -10.673144 -0.005453 0.079692 -0.284698 0.455166
    39 0.549521 -3.646670 -0.341066 -1.081463 -0.046218 -0.024582
    40 0.025684 -1.503640 0.001039 -0.427428 0.000001 -0.000004
    41 0.012045 -0.928479 -0.004583 -0.453774 -0.000002 -0.000001
    42 0.006928 0.005329 -0.181358 -1.528500 -0.248579 -1.611362
    43 -0.052313 0.038589 -0.230757 -1.592493 -0.043415 -1.528515
    44 -0.232600 -0.209656 -0.420669 -1.713790 -0.167173 -1.438930
    45 -0.218280 -3.737618 -0.346082 -0.820219 -0.000005 -0.000020
    46 0.019801 -1.578467 0.006170 -0.984532 0.000020 -0.000009
    47 0.000478 -1.176453 0.004155 -0.532314 0.000021 0.000018
    48 -0.038065 0.069166 -0.159883 -1.816986 0.066178 -1.575392
    49 -0.025151 0.088762 -0.068837 -1.817843 0.044510 -1.568287
    50 -0.102916 -0.186983 -0.272246 -1.833683 -0.232962 -1.472375
    51 -1.034178 -3.578138 -0.347066 -0.942437 0.000019 -0.000003
    52 0.001133 -1.610108 0.002370 -0.287910 0.000003 -0.000002
    53 0.005787 -0.946060 0.004418 -0.445013 0.000001 0.000001
    54 -0.004241 0.043707 -0.080203 -2.014997 -0.186996 -1.460723
    55 0.015383 -0.089136 -0.030010 -2.006083 0.036346 -1.568629
    56 -0.022610 -0.212357 -0.177905 -1.933161 -0.118801 -1.518895
    57 1.305107 -3.227548 -0.342207 -1.019595 -0.066932 -0.041063
    58 0.000595 -1.242324 0.006085 -0.584548 0.000004 0.000009
    59 0.003175 -0.774607 -0.004222 -1.219617 -0.000006 -0.000004
    60 -0.067138 0.063251 -0.010961 -0.899214 -0.014515 -1.600326
    61 -0.151180 -0.007395 -0.070065 -0.913061 -0.118819 -1.408558
    62 -0.178164 -0.244680 -0.357067 -1.159916 -0.384260 -1.556110
    63 -0.391451 -0.463665 0.383766 -0.318007 -0.539789 -2.424659
    64 2.472082 0.027425 0.001225 0.027507 0.002785 0.550833
    65 1.227325 0.009356 -0.005766 -0.000003 -0.000006 0.593338
    66 -0.263409 -0.117640 -0.015659 0.000036 -0.082210 -0.026800
    67 0.007707 -0.334360 -0.191575 0.070788 -0.181563 0.282364
    68 0.225562 -0.567923 -0.420715 0.119895 -0.183798 0.223460
    69 -0.203683 -0.095654 -0.328305 -1.745077 0.075142 -1.515382
    70 -1.393460 8.839182 -0.239439 1.580804 -0.005024 -1.566848
    71 0.036020 0.082815 -0.692656 -1.570769 0.065989 0.001276
    72 -0.088586 0.054020 -0.088594 0.010231 0.033800 -1.560851
    73 0.120153 -0.050270 -0.054489 -2.854024 0.030688 -1.580508
    74 -0.139399 -0.111694 0.014400 0.285395 -0.031353 1.580313
    75 -0.003479 -0.404833 0.000000 0.000000 0.000000 0.000000
    76 -0.313965 -4.589844 0.951660 -1.186316 1.434478 -1.173672
    77 0.000000 3.367188 0.862793 0.000000 0.000000 0.000000
    78 0.001152 -1.103516 1.960938 0.000000 0.000000 0.000000
    79 0.001152 -2.781250 2.525391 0.000000 0.000000 0.000000
    80 -0.001984 -8.948900 2.580896 0.000000 0.000000 0.000000
    81 -0.003574 -2.246094 1.304688 0.000000 0.000000 0.000000
    82 0.001150 -4.261719 1.683594 0.000000 0.000000 0.000000
end
