// Created by Crowbar 0.74
version 1
nodes
  0 "root" -1
  1 "Bone01" 0
  2 "Bone_Lefthand" 1
  3 "Bone13" 2
  4 "Bone14" 3
  5 "Bone15" 4
  6 "ValveBiped.Bip01_L_Finger32" 5
  7 "ValveBiped.Bip01_L_Finger31" 4
  8 "ValveBiped.Bip01_L_Finger3" 3
  9 "Bone17" 2
  10 "Bone18" 9
  11 "Bone19" 10
  12 "ValveBiped.Bip01_L_Finger22" 11
  13 "ValveBiped.Bip01_L_Finger21" 10
  14 "ValveBiped.Bip01_L_Finger2" 9
  15 "Bone21" 2
  16 "Bone22" 15
  17 "Bone23" 16
  18 "ValveBiped.Bip01_L_Finger12" 17
  19 "ValveBiped.Bip01_L_Finger11" 16
  20 "ValveBiped.Bip01_L_Finger1" 15
  21 "Bone09" 2
  22 "Bone10" 21
  23 "Bone11" 22
  24 "ValveBiped.Bip01_L_Finger42" 23
  25 "ValveBiped.Bip01_L_Finger41" 22
  26 "ValveBiped.Bip01_L_Finger4" 21
  27 "Bone05" 2
  28 "Bone06" 27
  29 "Bone07" 28
  30 "ValveBiped.Bip01_L_Finger02" 29
  31 "ValveBiped.Bip01_L_Finger01" 28
  32 "ValveBiped.Bip01_L_Finger0" 27
  33 "ValveBiped.Bip01_L_Hand" 2
  34 "Bone_L_Upper" 1
  35 "ValveBiped.Bip01_L_UpperArm" 34
  36 "ValveBiped.Bip01_L_Forearm" 1
  37 "Bone04" 0
  38 "Bone_Righthand" 37
  39 "Bone39" 38
  40 "Bone40" 39
  41 "Bone41" 40
  42 "ValveBiped.Bip01_R_Finger32" 41
  43 "ValveBiped.Bip01_R_Finger31" 40
  44 "ValveBiped.Bip01_R_Finger3" 39
  45 "Bone35" 38
  46 "Bone36" 45
  47 "Bone37" 46
  48 "ValveBiped.Bip01_R_Finger22" 47
  49 "ValveBiped.Bip01_R_Finger21" 46
  50 "ValveBiped.Bip01_R_Finger2" 45
  51 "Bone31" 38
  52 "Bone32" 51
  53 "Bone33" 52
  54 "ValveBiped.Bip01_R_Finger12" 53
  55 "ValveBiped.Bip01_R_Finger11" 52
  56 "ValveBiped.Bip01_R_Finger1" 51
  57 "Bone43" 38
  58 "Bone44" 57
  59 "Bone45" 58
  60 "ValveBiped.Bip01_R_Finger42" 59
  61 "ValveBiped.Bip01_R_Finger41" 58
  62 "ValveBiped.Bip01_R_Finger4" 57
  63 "Bone27" 38
  64 "Bone28" 63
  65 "Bone29" 64
  66 "ValveBiped.Bip01_R_Finger02" 65
  67 "ValveBiped.Bip01_R_Finger01" 64
  68 "ValveBiped.Bip01_R_Finger0" 63
  69 "ValveBiped.Bip01_R_Hand" 38
  70 "Bone_R_Upper" 37
  71 "ValveBiped.Bip01_R_UpperArm" 70
  72 "ValveBiped.Bip01_R_Forearm" 37
  73 "Bone_Se_Hand-L" 2
  74 "Bone_Se_Hand-R" 38
  75 "Bone 04" 2
  76 "Bone02" 2
  77 "Bone03" 76
  78 "Bone52" 77
  79 "Bone54" 77
  80 "Bone56" 77
  81 "Bone58" 77
  82 "Bone25" 77
end
skeleton
  time 0
    0 1.629157 0.000000 0.541027 0.000000 0.000000 -1.570796
    1 -0.205812 8.859831 -8.782955 1.337987 -0.290991 -0.133348
    2 -0.005512 -10.698019 -0.002571 0.151408 -0.090975 -0.348948
    3 -0.652586 -3.626730 -0.345451 -1.003500 0.000001 -0.122185
    4 -0.013245 -1.509766 0.000002 -1.090796 0.000000 0.000000
    5 0.000000 -0.953613 0.000002 -1.223438 0.000000 0.000000
    6 0.007988 0.172184 -0.118553 -1.598091 -0.216549 -1.570593
    7 0.080660 0.135929 -0.203919 -1.506824 -0.066185 -1.662786
    8 0.117288 -0.155554 -0.604544 -1.412988 -0.374558 -1.569222
    9 0.127930 -3.763672 -0.348633 -0.890091 0.000001 -0.148345
    10 -0.000001 -1.562500 0.000000 -1.212964 0.000000 0.000007
    11 0.000000 -1.165039 0.000001 -1.279286 0.000000 0.000000
    12 -0.018589 0.129953 -0.123721 -1.294580 0.001302 -1.635383
    13 -0.006160 0.170065 -0.110169 -1.280084 -0.068681 -1.597215
    14 0.047100 -0.104074 -0.352264 -1.243368 -0.257298 -1.694346
    15 0.948730 -3.619141 -0.348633 -0.349063 0.000002 0.130893
    16 -0.021700 -1.596358 -0.003443 -0.322846 0.000000 0.000000
    17 -0.002117 -0.936035 0.000000 -0.593408 0.000000 0.000000
    18 -0.022325 0.045424 -0.038284 -1.125544 -0.129230 -1.681412
    19 -0.042900 -0.061274 -0.071212 -1.124462 -0.060454 -1.586099
    20 0.063741 -0.109104 -0.248158 -1.142813 -0.125805 -1.693583
    21 -1.407251 -3.245525 -0.342301 -0.788750 0.052688 -0.017706
    22 0.013451 -1.204102 0.000004 -0.931992 0.000000 0.000000
    23 -0.013000 -0.789551 0.000000 -1.061140 0.000000 0.000000
    24 -0.011721 0.093267 0.017949 -1.687855 -0.079155 -1.575164
    25 0.048863 -0.085541 0.028626 -1.715605 -0.034569 -1.653190
    26 0.173918 -0.198416 -0.336163 -1.668104 -0.422317 -1.710956
    27 0.438721 -0.485596 0.397217 0.505392 -0.466269 -1.212439
    28 2.357422 0.016098 0.000000 -0.304946 -0.017309 -0.456355
    29 1.250977 -0.000338 0.000001 0.000000 0.000000 -0.572457
    30 -0.267709 0.037512 -0.093907 2.913812 -0.143386 0.078467
    31 -0.029266 0.205408 -0.329287 2.788574 -0.255486 -0.188917
    32 0.204373 0.521055 -0.268577 2.886669 0.042206 -0.230367
    33 0.195697 -0.010059 -0.293538 -1.333586 0.150863 -1.672749
    34 1.257181 8.762590 -0.153713 -1.570562 0.002683 -1.566808
    35 -0.093500 -0.114213 -0.738866 -1.570842 0.061811 0.002096
    36 0.010843 0.093624 -0.081439 -3.141462 0.041719 -1.568236
    37 1.951955 -7.043814 -13.267313 -4.025988 1.254821 4.122362
    38 0.108654 -10.673144 -0.001547 0.079692 -0.284698 0.455166
    39 0.553428 -3.646670 -0.344972 -1.081463 -0.046218 -0.024582
    40 0.021778 -1.507546 0.001039 -0.427522 0.000001 -0.000004
    41 0.012045 -0.928479 -0.000677 -0.453774 -0.000002 -0.000001
    42 0.006928 0.005329 -0.181358 -1.528500 -0.248579 -1.611362
    43 -0.052313 0.038589 -0.230757 -1.592493 -0.043415 -1.528515
    44 -0.232600 -0.209656 -0.420669 -1.713790 -0.167173 -1.438930
    45 -0.218280 -3.737618 -0.346082 -0.820219 -0.000005 -0.000020
    46 0.019801 -1.582373 0.006170 -0.584567 0.000020 -0.000009
    47 0.000478 -1.176453 0.000249 -0.532314 0.000021 0.000018
    48 -0.038065 0.069166 -0.159883 -1.816986 0.066178 -1.575392
    49 -0.025151 0.088762 -0.068837 -1.817843 0.044510 -1.568287
    50 -0.102916 -0.186983 -0.272246 -1.833683 -0.232962 -1.472375
    51 -1.030272 -3.578138 -0.343160 -0.942437 0.000019 -0.000003
    52 0.001133 -1.610108 0.002370 -0.287858 0.000003 -0.000002
    53 0.005787 -0.946060 0.000512 -0.445013 0.000001 0.000001
    54 -0.004241 0.043707 -0.080203 -2.014997 -0.186996 -1.460723
    55 0.015383 -0.089136 -0.030010 -2.006083 0.036346 -1.568629
    56 -0.022610 -0.212357 -0.177905 -1.933161 -0.118801 -1.518895
    57 1.309013 -3.227548 -0.342207 -1.019595 -0.066932 -0.041063
    58 0.000595 -1.242324 0.002179 -0.584548 0.000004 0.000009
    59 0.003175 -0.774607 -0.004222 -0.523564 -0.000006 -0.000004
    60 -0.067138 0.063251 -0.010961 -0.899214 -0.014515 -1.600326
    61 -0.151180 -0.007395 -0.070065 -0.913061 -0.118819 -1.408558
    62 -0.178164 -0.244680 -0.357067 -1.159916 -0.384260 -1.556110
    63 -0.387544 -0.459759 0.379860 -0.318007 -0.539789 -2.424659
    64 2.468175 0.027425 0.001225 0.000015 0.000004 0.549729
    65 1.227325 0.009356 -0.005766 -0.000003 -0.000006 0.593338
    66 -0.263409 -0.117640 -0.015659 0.000036 -0.082210 -0.026800
    67 0.007707 -0.334360 -0.191575 0.070788 -0.181563 0.282364
    68 0.225562 -0.567923 -0.420715 0.119895 -0.183798 0.223460
    69 -0.203683 -0.095654 -0.328305 -1.745077 0.075142 -1.515382
    70 -1.393460 8.839182 -0.239439 1.580804 -0.005024 -1.566848
    71 0.036020 0.082815 -0.692656 -1.570769 0.065989 0.001276
    72 -0.088586 0.054020 -0.088594 0.010231 0.033800 -1.560851
    73 0.120153 -0.050270 -0.054489 -2.854024 0.030688 -1.580508
    74 -0.139399 -0.111694 0.014400 0.285395 -0.031353 1.580313
    75 -0.003479 -0.404833 0.000000 0.000000 0.000000 0.000000
    76 -0.313605 -4.589847 0.951765 -1.186351 1.434476 -1.173705
    77 -0.000001 3.367188 0.862793 0.000000 0.000000 0.000000
    78 0.001153 -1.104492 1.960938 0.000000 0.000000 0.000000
    79 0.000922 -2.777681 2.523408 0.000000 0.000000 0.000000
    80 -1.784180 18.750000 -7.144531 0.000000 0.000000 0.000000
    81 -0.003576 -2.248047 1.304688 0.000000 0.000000 0.000000
    82 0.001149 -4.261719 1.683594 0.000000 0.000000 0.000000
  time 1
    0 1.629157 0.000000 0.541027 0.000000 0.000000 -1.570796
    1 -0.143310 9.621573 -8.755610 1.320301 -0.312498 -0.134157
    2 -0.001605 -10.698019 -0.002571 0.197071 -0.105424 -0.392250
    3 -0.652586 -3.626730 -0.341545 -1.003500 0.000001 -0.122185
    4 -0.013245 -1.509766 0.000002 -1.090796 0.000000 0.000000
    5 0.000000 -0.953613 0.000002 -1.223438 0.000000 0.000000
    6 0.007988 0.172184 -0.118553 -1.598091 -0.216549 -1.570593
    7 0.080660 0.135929 -0.203919 -1.506824 -0.066185 -1.662786
    8 0.117288 -0.155554 -0.604544 -1.412988 -0.374558 -1.569222
    9 0.127930 -3.763672 -0.348633 -0.890091 0.000001 -0.148345
    10 -0.000001 -1.562500 0.000000 -1.212964 0.000000 0.000007
    11 0.000000 -1.165039 0.000001 -1.279286 0.000000 0.000000
    12 -0.018589 0.129953 -0.123721 -1.294580 0.001302 -1.635383
    13 -0.006160 0.170065 -0.110169 -1.280084 -0.068681 -1.597215
    14 0.047100 -0.104074 -0.352264 -1.243368 -0.257298 -1.694346
    15 0.948730 -3.619141 -0.348633 -0.349063 0.000002 0.130893
    16 -0.021700 -1.596358 -0.003443 -0.322846 0.000000 0.000000
    17 -0.002117 -0.936035 0.000000 -0.593408 0.000000 0.000000
    18 -0.022325 0.045424 -0.038284 -1.125544 -0.129230 -1.681412
    19 -0.042900 -0.061274 -0.071212 -1.124462 -0.060454 -1.586099
    20 0.063741 -0.109104 -0.248158 -1.142813 -0.125805 -1.693583
    21 -1.407251 -3.249431 -0.342301 -0.788750 0.052688 -0.017720
    22 0.013451 -1.204102 0.000004 -0.931992 0.000000 0.000000
    23 -0.013000 -0.789551 0.000000 -1.061140 0.000000 0.000000
    24 -0.011721 0.093267 0.017949 -1.687855 -0.079155 -1.575164
    25 0.048863 -0.085541 0.028626 -1.715605 -0.034569 -1.653190
    26 0.173918 -0.198416 -0.336163 -1.668104 -0.422317 -1.710956
    27 0.438721 -0.485596 0.397217 0.505392 -0.466269 -1.212439
    28 2.357422 0.016098 0.000000 -0.304946 -0.017309 -0.456355
    29 1.250977 -0.000338 0.000001 0.000000 0.000000 -0.572457
    30 -0.267709 0.037512 -0.093907 2.913812 -0.143386 0.078467
    31 -0.029266 0.205408 -0.329287 2.788574 -0.255486 -0.188917
    32 0.204373 0.521055 -0.268577 2.886669 0.042206 -0.230367
    33 0.195697 -0.010059 -0.293538 -1.333586 0.150863 -1.672749
    34 1.257181 8.762590 -0.153713 -1.570562 0.002683 -1.566808
    35 -0.093500 -0.114213 -0.738866 -1.570842 0.061811 0.002096
    36 0.010843 0.093624 -0.081439 -3.141462 0.041719 -1.568236
    37 1.557412 -8.598549 -12.872770 -3.688358 1.207898 4.451207
    38 0.104748 -10.673144 -0.005453 0.085368 -0.250064 0.405494
    39 0.549521 -3.650577 -0.341066 -1.056454 -0.046218 -0.024582
    40 0.025684 -1.507546 0.001039 -0.424414 0.000001 -0.000004
    41 0.008139 -0.928479 -0.000677 -0.455414 -0.000002 -0.000001
    42 0.006928 0.005329 -0.181358 -1.528500 -0.248579 -1.611362
    43 -0.052313 0.038589 -0.230757 -1.592493 -0.043415 -1.528515
    44 -0.232600 -0.209656 -0.420669 -1.713790 -0.167173 -1.438930
    45 -0.218280 -3.737618 -0.346082 -0.809851 -0.000005 -0.000020
    46 0.019801 -1.582373 0.002264 -0.568413 0.000020 -0.000009
    47 0.000478 -1.176453 0.000249 -0.536689 0.000021 0.000018
    48 -0.038065 0.069166 -0.159883 -1.816986 0.066178 -1.575392
    49 -0.025151 0.088762 -0.068837 -1.817843 0.044510 -1.568287
    50 -0.102916 -0.186983 -0.272246 -1.833683 -0.232962 -1.472375
    51 -1.030272 -3.582044 -0.343160 -0.915276 0.000019 -0.000003
    52 0.001133 -1.610108 0.002370 -0.291008 0.000003 -0.000002
    53 0.005787 -0.946060 0.000512 -0.427355 0.000001 0.000001
    54 -0.004241 0.043707 -0.080203 -2.014997 -0.186996 -1.460723
    55 0.015383 -0.089136 -0.030010 -2.006083 0.036346 -1.568629
    56 -0.022610 -0.212357 -0.177905 -1.933161 -0.118801 -1.518895
    57 1.305107 -3.227548 -0.342207 -0.989383 -0.066932 -0.041063
    58 0.000595 -1.242324 0.002179 -0.567490 0.000004 0.000009
    59 0.003175 -0.774607 -0.000316 -0.510933 -0.000006 -0.000004
    60 -0.067138 0.063251 -0.010961 -0.899214 -0.014515 -1.600326
    61 -0.151180 -0.007395 -0.070065 -0.913061 -0.118819 -1.408558
    62 -0.178164 -0.244680 -0.357067 -1.159916 -0.384260 -1.556110
    63 -0.387544 -0.463665 0.383766 -0.281618 -0.549642 -2.445698
    64 2.468175 0.027425 0.001225 0.000015 0.000004 0.524251
    65 1.223419 0.009356 -0.005766 -0.000003 -0.000006 0.569374
    66 -0.263409 -0.117640 -0.015659 0.000036 -0.082210 -0.026800
    67 0.007707 -0.334360 -0.191575 0.070788 -0.181563 0.282364
    68 0.225562 -0.567923 -0.420715 0.119895 -0.183798 0.223460
    69 -0.203683 -0.095654 -0.328305 -1.745077 0.075142 -1.515382
    70 -1.393460 8.839182 -0.239439 1.580804 -0.005024 -1.566848
    71 0.036020 0.082815 -0.692656 -1.570769 0.065989 0.001276
    72 -0.088586 0.054020 -0.088594 0.010231 0.033800 -1.560851
    73 0.120153 -0.050270 -0.054489 -2.854024 0.030688 -1.580508
    74 -0.139399 -0.111694 0.014400 0.285395 -0.031353 1.580313
    75 -0.003479 -0.404833 0.000000 0.000000 0.000000 0.000000
    76 -0.313605 -4.589847 0.951765 -1.186351 1.434476 -1.173705
    77 -0.000001 3.367188 0.862793 0.000000 0.000000 0.000000
    78 0.001153 -1.104492 1.960938 0.000000 0.000000 0.000000
    79 0.000922 -2.777681 2.527314 0.000000 0.000000 0.000000
    80 -1.784180 18.750000 -7.144531 0.000000 0.000000 0.000000
    81 -0.003576 -2.248047 1.304688 0.000000 0.000000 0.000000
    82 0.001149 -4.261719 1.683594 0.000000 0.000000 0.000000
  time 2
    0 1.629157 0.000000 0.541027 0.000000 0.000000 -1.570796
    1 -0.026119 10.113776 -8.689202 1.297613 -0.375321 -0.124800
    2 -0.001605 -10.701926 -0.006478 0.258618 -0.122434 -0.437878
    3 -0.652586 -3.626730 -0.341545 -1.003500 0.000001 -0.122185
    4 -0.013245 -1.509766 0.000002 -1.090796 0.000000 0.000000
    5 0.000000 -0.953613 0.000002 -1.223438 0.000000 0.000000
    6 0.007988 0.172184 -0.118553 -1.598091 -0.216549 -1.570593
    7 0.080660 0.135929 -0.203919 -1.506824 -0.066185 -1.662786
    8 0.117288 -0.155554 -0.604544 -1.412988 -0.374558 -1.569222
    9 0.127930 -3.763672 -0.348633 -0.890091 0.000001 -0.148345
    10 -0.000001 -1.562500 0.000000 -1.212964 0.000000 0.000007
    11 0.000000 -1.165039 0.000001 -1.279286 0.000000 0.000000
    12 -0.018589 0.129953 -0.123721 -1.294580 0.001302 -1.635383
    13 -0.006160 0.170065 -0.110169 -1.280084 -0.068681 -1.597215
    14 0.047100 -0.104074 -0.352264 -1.243368 -0.257298 -1.694346
    15 0.948730 -3.619141 -0.348633 -0.349063 0.000002 0.130893
    16 -0.017794 -1.596358 -0.003443 -0.322846 0.000000 0.000000
    17 -0.002117 -0.936035 0.000000 -0.593408 0.000000 0.000000
    18 -0.022325 0.045424 -0.038284 -1.125544 -0.129230 -1.681412
    19 -0.042900 -0.061274 -0.071212 -1.124462 -0.060454 -1.586099
    20 0.063741 -0.109104 -0.248158 -1.142813 -0.125805 -1.693583
    21 -1.407251 -3.245525 -0.342301 -0.788750 0.052688 -0.017720
    22 0.013451 -1.204102 0.000004 -0.931992 0.000000 0.000000
    23 -0.013000 -0.789551 0.000000 -1.061140 0.000000 0.000000
    24 -0.011721 0.093267 0.017949 -1.687855 -0.079155 -1.575164
    25 0.048863 -0.085541 0.028626 -1.715605 -0.034569 -1.653190
    26 0.173918 -0.198416 -0.336163 -1.668104 -0.422317 -1.710956
    27 0.438721 -0.485596 0.397217 0.505392 -0.466269 -1.212439
    28 2.357422 0.016098 0.000000 -0.304946 -0.017309 -0.456355
    29 1.250977 -0.000338 0.000001 0.000000 0.000000 -0.572457
    30 -0.267709 0.037512 -0.093907 2.913812 -0.143386 0.078467
    31 -0.029266 0.205408 -0.329287 2.788574 -0.255486 -0.188917
    32 0.204373 0.521055 -0.268577 2.886669 0.042206 -0.230367
    33 0.195697 -0.010059 -0.293538 -1.333586 0.150863 -1.672749
    34 1.257181 8.762590 -0.153713 -1.570562 0.002683 -1.566808
    35 -0.093500 -0.114213 -0.738866 -1.570842 0.061811 0.002096
    36 0.010843 0.093624 -0.081439 -3.141462 0.041719 -1.568236
    37 1.506629 -9.754834 -12.509477 -3.450300 1.152050 4.688308
    38 0.108654 -10.673144 -0.005453 0.091071 -0.212879 0.353490
    39 0.549521 -3.650577 -0.344972 -1.029448 -0.046218 -0.024582
    40 0.025684 -1.503640 0.001039 -0.416879 0.000001 -0.000004
    41 0.008139 -0.928479 -0.000677 -0.460176 -0.000002 -0.000001
    42 0.006928 0.005329 -0.181358 -1.528500 -0.248579 -1.611362
    43 -0.052313 0.038589 -0.230757 -1.592493 -0.043415 -1.528515
    44 -0.232600 -0.209656 -0.420669 -1.713790 -0.167173 -1.438930
    45 -0.218280 -3.737618 -0.346082 -0.798722 -0.000005 -0.000020
    46 0.019801 -1.582373 0.002264 -0.548794 0.000020 -0.000009
    47 0.000478 -1.172547 0.000249 -0.544895 0.000021 0.000018
    48 -0.038065 0.069166 -0.159883 -1.816986 0.066178 -1.575392
    49 -0.025151 0.088762 -0.068837 -1.817843 0.044510 -1.568287
    50 -0.102916 -0.186983 -0.272246 -1.833683 -0.232962 -1.472375
    51 -1.034178 -3.582044 -0.343160 -0.886151 0.000019 -0.000003
    52 0.001133 -1.610108 0.002370 -0.290273 0.000003 -0.000002
    53 0.005787 -0.946060 0.000512 -0.417492 0.000001 0.000001
    54 -0.004241 0.043707 -0.080203 -2.014997 -0.186996 -1.460723
    55 0.015383 -0.089136 -0.030010 -2.006083 0.036346 -1.568629
    56 -0.022610 -0.212357 -0.177905 -1.933161 -0.118801 -1.518895
    57 1.305107 -3.227548 -0.342207 -0.956055 -0.066932 -0.041063
    58 0.004502 -1.242324 0.002179 -0.547110 0.000004 0.000009
    59 0.003175 -0.774607 -0.004222 -0.498506 -0.000006 -0.000004
    60 -0.067138 0.063251 -0.010961 -0.899214 -0.014515 -1.600326
    61 -0.151180 -0.007395 -0.070065 -0.913061 -0.118819 -1.408558
    62 -0.178164 -0.244680 -0.357067 -1.159916 -0.384260 -1.556110
    63 -0.391451 -0.463665 0.379860 -0.240873 -0.561101 -2.470299
    64 2.472082 0.027425 0.001225 0.000015 0.000004 0.498237
    65 1.223419 0.009356 -0.005766 -0.000003 -0.000006 0.546604
    66 -0.263409 -0.117640 -0.015659 0.000036 -0.082210 -0.026800
    67 0.007707 -0.334360 -0.191575 0.070788 -0.181563 0.282364
    68 0.225562 -0.567923 -0.420715 0.119895 -0.183798 0.223460
    69 -0.203683 -0.095654 -0.328305 -1.745077 0.075142 -1.515382
    70 -1.393460 8.839182 -0.239439 1.580804 -0.005024 -1.566848
    71 0.036020 0.082815 -0.692656 -1.570769 0.065989 0.001276
    72 -0.088586 0.054020 -0.088594 0.010231 0.033800 -1.560851
    73 0.120153 -0.050270 -0.054489 -2.854024 0.030688 -1.580508
    74 -0.139399 -0.111694 0.014400 0.285395 -0.031353 1.580313
    75 -0.003479 -0.404833 0.000000 0.000000 0.000000 0.000000
    76 -0.313605 -4.589847 0.951765 -1.186351 1.434476 -1.173705
    77 -0.000001 3.367188 0.862793 0.000000 0.000000 0.000000
    78 0.001153 -1.104492 1.960938 0.000000 0.000000 0.000000
    79 0.000922 -2.777681 2.527314 0.000000 0.000000 0.000000
    80 -1.784180 18.750000 -7.144531 0.000000 0.000000 0.000000
    81 -0.003576 -2.248047 1.304688 0.000000 0.000000 0.000000
    82 0.001149 -4.261719 1.683594 0.000000 0.000000 0.000000
  time 3
    0 1.629157 0.000000 0.541027 0.000000 0.000000 -1.570796
    1 0.134042 10.367690 -8.603262 1.269030 -0.472102 -0.104376
    2 -0.005512 -10.701926 -0.002571 0.332390 -0.139375 -0.485094
    3 -0.652586 -3.626730 -0.341545 -1.003500 0.000001 -0.122185
    4 -0.013245 -1.509766 0.000002 -1.090796 0.000000 0.000000
    5 0.000000 -0.953613 0.000002 -1.223438 0.000000 0.000000
    6 0.007988 0.172184 -0.118553 -1.598091 -0.216549 -1.570593
    7 0.080660 0.135929 -0.203919 -1.506824 -0.066185 -1.662786
    8 0.117288 -0.155554 -0.604544 -1.412988 -0.374558 -1.569222
    9 0.127930 -3.763672 -0.348633 -0.890091 0.000001 -0.148345
    10 -0.000001 -1.562500 0.000000 -1.212964 0.000000 0.000007
    11 0.000000 -1.165039 0.000001 -1.279286 0.000000 0.000000
    12 -0.018589 0.129953 -0.123721 -1.294580 0.001302 -1.635383
    13 -0.006160 0.170065 -0.110169 -1.280084 -0.068681 -1.597215
    14 0.047100 -0.104074 -0.352264 -1.243368 -0.257298 -1.694346
    15 0.948730 -3.619141 -0.348633 -0.349063 0.000002 0.130893
    16 -0.021700 -1.596358 -0.003443 -0.322846 0.000000 0.000000
    17 -0.002117 -0.936035 0.000000 -0.593408 0.000000 0.000000
    18 -0.022325 0.045424 -0.038284 -1.125544 -0.129230 -1.681412
    19 -0.042900 -0.061274 -0.071212 -1.124462 -0.060454 -1.586099
    20 0.063741 -0.109104 -0.248158 -1.142813 -0.125805 -1.693583
    21 -1.407251 -3.245525 -0.346207 -0.788750 0.052688 -0.017720
    22 0.013451 -1.204102 0.000004 -0.931992 0.000000 0.000000
    23 -0.013000 -0.789551 0.000000 -1.061140 0.000000 0.000000
    24 -0.011721 0.093267 0.017949 -1.687855 -0.079155 -1.575164
    25 0.048863 -0.085541 0.028626 -1.715605 -0.034569 -1.653190
    26 0.173918 -0.198416 -0.336163 -1.668104 -0.422317 -1.710956
    27 0.438721 -0.485596 0.397217 0.505392 -0.466269 -1.212439
    28 2.357422 0.016098 0.000000 -0.304946 -0.017309 -0.456355
    29 1.250977 -0.000338 0.000001 0.000000 0.000000 -0.572457
    30 -0.267709 0.037512 -0.093907 2.913812 -0.143386 0.078467
    31 -0.029266 0.205408 -0.329287 2.788574 -0.255486 -0.188917
    32 0.204373 0.521055 -0.268577 2.886669 0.042206 -0.230367
    33 0.195697 -0.010059 -0.293538 -1.333586 0.150863 -1.672749
    34 1.257181 8.762590 -0.153713 -1.570562 0.002683 -1.566808
    35 -0.093500 -0.114213 -0.738866 -1.570842 0.061811 0.002096
    36 0.010843 0.093624 -0.081439 -3.141462 0.041719 -1.568236
    37 1.760543 -10.543921 -12.157904 -3.273855 1.097136 -1.412193
    38 0.104748 -10.673144 -0.001547 0.095966 -0.173558 0.299746
    39 0.553428 -3.646670 -0.341066 -1.000794 -0.046218 -0.024582
    40 0.021778 -1.503640 0.004946 -0.406237 0.000001 -0.000004
    41 0.008139 -0.928479 -0.004583 -0.467107 -0.000002 -0.000001
    42 0.006928 0.005329 -0.181358 -1.528500 -0.248579 -1.611362
    43 -0.052313 0.038589 -0.230757 -1.592493 -0.043415 -1.528515
    44 -0.232600 -0.209656 -0.420669 -1.713790 -0.167173 -1.438930
    45 -0.218280 -3.737618 -0.346082 -0.786873 -0.000005 -0.000020
    46 0.019801 -1.582373 0.002264 -0.526590 0.000020 -0.000009
    47 0.000478 -1.172547 0.000249 -0.556017 0.000021 0.000018
    48 -0.038065 0.069166 -0.159883 -1.816986 0.066178 -1.575392
    49 -0.025151 0.088762 -0.068837 -1.817843 0.044510 -1.568287
    50 -0.102916 -0.186983 -0.272246 -1.833683 -0.232962 -1.472375
    51 -1.030272 -3.578138 -0.343160 -0.855625 0.000019 -0.000003
    52 0.001133 -1.610108 0.002370 -0.286545 0.000003 -0.000002
    53 0.005787 -0.946060 0.004418 -0.414263 0.000001 0.000001
    54 -0.004241 0.043707 -0.080203 -2.014997 -0.186996 -1.460723
    55 0.015383 -0.089136 -0.030010 -2.006083 0.036346 -1.568629
    56 -0.022610 -0.212357 -0.177905 -1.933161 -0.118801 -1.518895
    57 1.309013 -3.227548 -0.342207 -0.920173 -0.066932 -0.041063
    58 0.000595 -1.242324 0.002179 -0.524084 0.000004 0.000009
    59 0.003175 -0.774607 -0.000316 -0.485976 -0.000006 -0.000004
    60 -0.067138 0.063251 -0.010961 -0.899214 -0.014515 -1.600326
    61 -0.151180 -0.007395 -0.070065 -0.913061 -0.118819 -1.408558
    62 -0.178164 -0.244680 -0.357067 -1.159916 -0.384260 -1.556110
    63 -0.387544 -0.463665 0.379860 -0.196370 -0.573282 -2.497971
    64 2.468175 0.027425 0.001225 0.000015 0.000004 0.471788
    65 1.223419 0.009356 -0.005766 -0.000003 -0.000006 0.524752
    66 -0.263409 -0.117640 -0.015659 0.000036 -0.082210 -0.026800
    67 0.007707 -0.334360 -0.191575 0.070788 -0.181563 0.282364
    68 0.225562 -0.567923 -0.420715 0.119895 -0.183798 0.223460
    69 -0.203683 -0.095654 -0.328305 -1.745077 0.075142 -1.515382
    70 -1.393460 8.839182 -0.239439 1.580804 -0.005024 -1.566848
    71 0.036020 0.082815 -0.692656 -1.570769 0.065989 0.001276
    72 -0.088586 0.054020 -0.088594 0.010231 0.033800 -1.560851
    73 0.120153 -0.050270 -0.054489 -2.854024 0.030688 -1.580508
    74 -0.139399 -0.111694 0.014400 0.285395 -0.031353 1.580313
    75 -0.003479 -0.404833 0.000000 0.000000 0.000000 0.000000
    76 -0.313605 -4.589847 0.951765 -1.186351 1.434476 -1.173705
    77 -0.000001 3.367188 0.862793 0.000000 0.000000 0.000000
    78 0.001153 -1.104492 1.960938 0.000000 0.000000 0.000000
    79 0.000922 -2.777681 2.523408 0.000000 0.000000 0.000000
    80 -1.784180 18.750000 -7.144531 0.000000 0.000000 0.000000
    81 -0.003576 -2.248047 1.304688 0.000000 0.000000 0.000000
    82 0.001149 -4.261719 1.683594 0.000000 0.000000 0.000000
  time 4
    0 1.629157 0.000000 0.541027 0.000000 0.000000 -1.570796
    1 0.333267 10.426286 -8.493884 1.231514 -0.595719 -0.070906
    2 -0.001605 -10.701926 -0.002571 0.414277 -0.153962 -0.532954
    3 -0.652586 -3.626730 -0.341545 -1.003500 0.000001 -0.122185
    4 -0.013245 -1.509766 0.000002 -1.090796 0.000000 0.000000
    5 0.000000 -0.953613 0.000002 -1.223438 0.000000 0.000000
    6 0.007988 0.172184 -0.118553 -1.598091 -0.216549 -1.570593
    7 0.080660 0.135929 -0.203919 -1.506824 -0.066185 -1.662786
    8 0.117288 -0.155554 -0.604544 -1.412988 -0.374558 -1.569222
    9 0.127930 -3.763672 -0.348633 -0.890091 0.000001 -0.148345
    10 -0.000001 -1.562500 0.000000 -1.212964 0.000000 0.000007
    11 0.000000 -1.165039 0.000001 -1.279286 0.000000 0.000000
    12 -0.018589 0.129953 -0.123721 -1.294580 0.001302 -1.635383
    13 -0.006160 0.170065 -0.110169 -1.280084 -0.068681 -1.597215
    14 0.047100 -0.104074 -0.352264 -1.243368 -0.257298 -1.694346
    15 0.948730 -3.619141 -0.348633 -0.349063 0.000002 0.130893
    16 -0.017794 -1.596358 -0.007350 -0.322846 0.000000 0.000000
    17 -0.002117 -0.936035 0.000000 -0.593408 0.000000 0.000000
    18 -0.022325 0.045424 -0.038284 -1.125544 -0.129230 -1.681412
    19 -0.042900 -0.061274 -0.071212 -1.124462 -0.060454 -1.586099
    20 0.063741 -0.109104 -0.248158 -1.142813 -0.125805 -1.693583
    21 -1.407251 -3.249431 -0.342301 -0.788750 0.052688 -0.017720
    22 0.013451 -1.204102 0.000004 -0.931992 0.000000 0.000000
    23 -0.013000 -0.789551 0.000000 -1.061140 0.000000 0.000000
    24 -0.011721 0.093267 0.017949 -1.687855 -0.079155 -1.575164
    25 0.048863 -0.085541 0.028626 -1.715605 -0.034569 -1.653190
    26 0.173918 -0.198416 -0.336163 -1.668104 -0.422317 -1.710956
    27 0.438721 -0.485596 0.397217 0.505392 -0.466269 -1.212439
    28 2.357422 0.016098 0.000000 -0.304946 -0.017309 -0.456355
    29 1.250977 -0.000338 0.000001 0.000000 0.000000 -0.572457
    30 -0.267709 0.037512 -0.093907 2.913812 -0.143386 0.078467
    31 -0.029266 0.205408 -0.329287 2.788574 -0.255486 -0.188917
    32 0.204373 0.521055 -0.268577 2.886669 0.042206 -0.230367
    33 0.195697 -0.010059 -0.293538 -1.333586 0.150863 -1.672749
    34 1.257181 8.762590 -0.153713 -1.570562 0.002683 -1.566808
    35 -0.093500 -0.114213 -0.738866 -1.570842 0.061811 0.002096
    36 0.010843 0.093624 -0.081439 -3.141462 0.041719 -1.568236
    37 2.268371 -11.008779 -11.837582 -3.133652 1.046942 -1.259764
    38 0.104748 -10.673144 -0.001547 0.099410 -0.132620 0.244710
    39 0.549521 -3.646670 -0.341066 -0.971043 -0.046218 -0.024582
    40 0.021778 -1.503640 0.001039 -0.393051 0.000001 -0.000004
    41 0.008139 -0.928479 -0.004583 -0.475837 -0.000002 -0.000001
    42 0.006928 0.005329 -0.181358 -1.528500 -0.248579 -1.611362
    43 -0.052313 0.038589 -0.230757 -1.592493 -0.043415 -1.528515
    44 -0.232600 -0.209656 -0.420669 -1.713790 -0.167173 -1.438930
    45 -0.218280 -3.737618 -0.346082 -0.774474 -0.000005 -0.000020
    46 0.019801 -1.578467 0.002264 -0.502506 0.000020 -0.000009
    47 0.004384 -1.172547 0.000249 -0.569284 0.000021 0.000018
    48 -0.038065 0.069166 -0.159883 -1.816986 0.066178 -1.575392
    49 -0.025151 0.088762 -0.068837 -1.817843 0.044510 -1.568287
    50 -0.102916 -0.186983 -0.272246 -1.833683 -0.232962 -1.472375
    51 -1.034178 -3.578138 -0.343160 -0.823936 0.000019 -0.000003
    52 0.001133 -1.610108 0.002370 -0.280717 0.000003 -0.000002
    53 0.005787 -0.946060 0.004418 -0.416445 0.000001 0.000001
    54 -0.004241 0.043707 -0.080203 -2.014997 -0.186996 -1.460723
    55 0.015383 -0.089136 -0.030010 -2.006083 0.036346 -1.568629
    56 -0.022610 -0.212357 -0.177905 -1.933161 -0.118801 -1.518895
    57 1.309013 -3.227548 -0.342207 -0.882257 -0.066932 -0.041063
    58 0.000595 -1.242324 0.006085 -0.498862 0.000004 0.000009
    59 0.003175 -0.774607 -0.004222 -0.473397 -0.000006 -0.000004
    60 -0.067138 0.063251 -0.010961 -0.899214 -0.014515 -1.600326
    61 -0.151180 -0.007395 -0.070065 -0.913061 -0.118819 -1.408558
    62 -0.178164 -0.244680 -0.357067 -1.159916 -0.384260 -1.556110
    63 -0.391451 -0.463665 0.383766 -0.148889 -0.585362 -2.528251
    64 2.468175 0.027425 0.001225 0.000015 0.000004 0.444971
    65 1.223419 0.009356 -0.005766 -0.000003 -0.000006 0.503540
    66 -0.263409 -0.117640 -0.015659 0.000036 -0.082210 -0.026800
    67 0.007707 -0.334360 -0.191575 0.070788 -0.181563 0.282364
    68 0.225562 -0.567923 -0.420715 0.119895 -0.183798 0.223460
    69 -0.203683 -0.095654 -0.328305 -1.745077 0.075142 -1.515382
    70 -1.393460 8.839182 -0.239439 1.580804 -0.005024 -1.566848
    71 0.036020 0.082815 -0.692656 -1.570769 0.065989 0.001276
    72 -0.088586 0.054020 -0.088594 0.010231 0.033800 -1.560851
    73 0.120153 -0.050270 -0.054489 -2.854024 0.030688 -1.580508
    74 -0.139399 -0.111694 0.014400 0.285395 -0.031353 1.580313
    75 -0.003479 -0.404833 0.000000 0.000000 0.000000 0.000000
    76 -0.313605 -4.589847 0.951765 -1.186351 1.434476 -1.173705
    77 -0.000001 3.367188 0.862793 0.000000 0.000000 0.000000
    78 0.001153 -1.104492 1.960938 0.000000 0.000000 0.000000
    79 0.000922 -2.777681 2.527314 0.000000 0.000000 0.000000
    80 -1.784180 18.750000 -7.144531 0.000000 0.000000 0.000000
    81 -0.003576 -2.248047 1.304688 0.000000 0.000000 0.000000
    82 0.001149 -4.261719 1.683594 0.000000 0.000000 0.000000
  time 5
    0 1.629157 0.000000 0.541027 0.000000 0.000000 -1.570796
    1 0.559836 10.340345 -8.376693 1.179618 -0.738627 -0.019891
    2 -0.001605 -10.698019 -0.002571 0.500136 -0.164533 -0.579963
    3 -0.652586 -3.626730 -0.345451 -1.003500 0.000001 -0.122185
    4 -0.013245 -1.509766 0.000002 -1.090796 0.000000 0.000000
    5 0.000000 -0.953613 0.000002 -1.223438 0.000000 0.000000
    6 0.007988 0.172184 -0.118553 -1.598091 -0.216549 -1.570593
    7 0.080660 0.135929 -0.203919 -1.506824 -0.066185 -1.662786
    8 0.117288 -0.155554 -0.604544 -1.412988 -0.374558 -1.569222
    9 0.127930 -3.763672 -0.348633 -0.890091 0.000001 -0.148345
    10 -0.000001 -1.562500 0.000000 -1.212964 0.000000 0.000007
    11 0.000000 -1.165039 0.000001 -1.279286 0.000000 0.000000
    12 -0.018589 0.129953 -0.123721 -1.294580 0.001302 -1.635383
    13 -0.006160 0.170065 -0.110169 -1.280084 -0.068681 -1.597215
    14 0.047100 -0.104074 -0.352264 -1.243368 -0.257298 -1.694346
    15 0.948730 -3.619141 -0.348633 -0.349063 0.000002 0.130893
    16 -0.017794 -1.596358 -0.007350 -0.322846 0.000000 0.000000
    17 -0.002117 -0.936035 0.000000 -0.593408 0.000000 0.000000
    18 -0.022325 0.045424 -0.038284 -1.125544 -0.129230 -1.681412
    19 -0.042900 -0.061274 -0.071212 -1.124462 -0.060454 -1.586099
    20 0.063741 -0.109104 -0.248158 -1.142813 -0.125805 -1.693583
    21 -1.407251 -3.245525 -0.346207 -0.788750 0.052688 -0.017720
    22 0.013451 -1.204102 0.000004 -0.931992 0.000000 0.000000
    23 -0.013000 -0.789551 0.000000 -1.061140 0.000000 0.000000
    24 -0.011721 0.093267 0.017949 -1.687855 -0.079155 -1.575164
    25 0.048863 -0.085541 0.028626 -1.715605 -0.034569 -1.653190
    26 0.173918 -0.198416 -0.336163 -1.668104 -0.422317 -1.710956
    27 0.438721 -0.485596 0.397217 0.505392 -0.466269 -1.212439
    28 2.357422 0.016098 0.000000 -0.304946 -0.017309 -0.456355
    29 1.250977 -0.000338 0.000001 0.000000 0.000000 -0.572457
    30 -0.267709 0.037512 -0.093907 2.913812 -0.143386 0.078467
    31 -0.029266 0.205408 -0.329287 2.788574 -0.255486 -0.188917
    32 0.204373 0.521055 -0.268577 2.886669 0.042206 -0.230367
    33 0.195697 -0.010059 -0.293538 -1.333586 0.150863 -1.672749
    34 1.257181 8.762590 -0.153713 -1.570562 0.002683 -1.566808
    35 -0.093500 -0.114213 -0.738866 -1.570842 0.061811 0.002096
    36 0.010843 0.093624 -0.081439 -3.141462 0.041719 -1.568236
    37 2.987143 -11.208004 -11.540698 -3.014909 1.002076 -1.123677
    38 0.108654 -10.673144 -0.005453 0.100755 -0.090520 0.188775
    39 0.549521 -3.650577 -0.341066 -0.940293 -0.046218 -0.024582
    40 0.021778 -1.507546 0.001039 -0.378453 0.000001 -0.000004
    41 0.008139 -0.928479 -0.004583 -0.485626 -0.000002 -0.000001
    42 0.006928 0.005329 -0.181358 -1.528500 -0.248579 -1.611362
    43 -0.052313 0.038589 -0.230757 -1.592493 -0.043415 -1.528515
    44 -0.232600 -0.209656 -0.420669 -1.713790 -0.167173 -1.438930
    45 -0.218280 -3.737618 -0.346082 -0.761864 -0.000005 -0.000020
    46 0.019801 -1.578467 0.002264 -0.477482 0.000020 -0.000009
    47 0.004384 -1.172547 0.004155 -0.583894 0.000021 0.000018
    48 -0.038065 0.069166 -0.159883 -1.816986 0.066178 -1.575392
    49 -0.025151 0.088762 -0.068837 -1.817843 0.044510 -1.568287
    50 -0.102916 -0.186983 -0.272246 -1.833683 -0.232962 -1.472375
    51 -1.034178 -3.578138 -0.343160 -0.791647 0.000019 -0.000003
    52 0.001133 -1.610108 0.002370 -0.273629 0.000003 -0.000002
    53 0.005787 -0.946060 0.000512 -0.422845 0.000001 0.000001
    54 -0.004241 0.043707 -0.080203 -2.014997 -0.186996 -1.460723
    55 0.015383 -0.089136 -0.030010 -2.006083 0.036346 -1.568629
    56 -0.022610 -0.212357 -0.177905 -1.933161 -0.118801 -1.518895
    57 1.309013 -3.227548 -0.342207 -0.842956 -0.066932 -0.041063
    58 0.000595 -1.242324 0.006085 -0.472458 0.000004 0.000009
    59 0.003175 -0.774607 -0.000316 -0.460817 -0.000006 -0.000004
    60 -0.067138 0.063251 -0.010961 -0.899214 -0.014515 -1.600326
    61 -0.151180 -0.007395 -0.070065 -0.913061 -0.118819 -1.408558
    62 -0.178164 -0.244680 -0.357067 -1.159916 -0.384260 -1.556110
    63 -0.387544 -0.463665 0.383766 -0.099185 -0.596660 -2.560415
    64 2.472082 0.027425 0.001225 0.000015 0.000004 0.417685
    65 1.227325 0.009356 -0.001860 -0.000003 -0.000006 0.482439
    66 -0.263409 -0.117640 -0.015659 0.000036 -0.082210 -0.026800
    67 0.007707 -0.334360 -0.191575 0.070788 -0.181563 0.282364
    68 0.225562 -0.567923 -0.420715 0.119895 -0.183798 0.223460
    69 -0.203683 -0.095654 -0.328305 -1.745077 0.075142 -1.515382
    70 -1.393460 8.839182 -0.239439 1.580804 -0.005024 -1.566848
    71 0.036020 0.082815 -0.692656 -1.570769 0.065989 0.001276
    72 -0.088586 0.054020 -0.088594 0.010231 0.033800 -1.560851
    73 0.120153 -0.050270 -0.054489 -2.854024 0.030688 -1.580508
    74 -0.139399 -0.111694 0.014400 0.285395 -0.031353 1.580313
    75 -0.003479 -0.404833 0.000000 0.000000 0.000000 0.000000
    76 -0.313605 -4.589847 0.951765 -1.186351 1.434476 -1.173705
    77 -0.000001 3.367188 0.862793 0.000000 0.000000 0.000000
    78 0.001153 -1.104492 1.960938 0.000000 0.000000 0.000000
    79 0.000922 -2.777681 2.527314 0.000000 0.000000 0.000000
    80 -1.784180 18.750000 -7.144531 0.000000 0.000000 0.000000
    81 -0.003576 -2.248047 1.304688 0.000000 0.000000 0.000000
    82 0.001149 -4.261719 1.683594 0.000000 0.000000 0.000000
  time 6
    0 1.629157 0.000000 0.541027 0.000000 0.000000 -1.570796
    1 0.794219 10.148933 -8.255595 1.102533 -0.892429 0.057936
    2 -0.001605 -10.701926 -0.006478 0.585263 -0.169957 -0.624324
    3 -0.652586 -3.626730 -0.341545 -1.003500 0.000001 -0.122185
    4 -0.013245 -1.509766 0.000002 -1.090796 0.000000 0.000000
    5 0.000000 -0.953613 0.000002 -1.223438 0.000000 0.000000
    6 0.007988 0.172184 -0.118553 -1.598091 -0.216549 -1.570593
    7 0.080660 0.135929 -0.203919 -1.506824 -0.066185 -1.662786
    8 0.117288 -0.155554 -0.604544 -1.412988 -0.374558 -1.569222
    9 0.127930 -3.763672 -0.348633 -0.890091 0.000001 -0.148345
    10 -0.000001 -1.562500 0.000000 -1.212964 0.000000 0.000007
    11 0.000000 -1.165039 0.000001 -1.279286 0.000000 0.000000
    12 -0.018589 0.129953 -0.123721 -1.294580 0.001302 -1.635383
    13 -0.006160 0.170065 -0.110169 -1.280084 -0.068681 -1.597215
    14 0.047100 -0.104074 -0.352264 -1.243368 -0.257298 -1.694346
    15 0.948730 -3.619141 -0.348633 -0.349063 0.000002 0.130893
    16 -0.021700 -1.596358 -0.007350 -0.322846 0.000000 0.000000
    17 -0.002117 -0.936035 0.000000 -0.593408 0.000000 0.000000
    18 -0.022325 0.045424 -0.038284 -1.125544 -0.129230 -1.681412
    19 -0.042900 -0.061274 -0.071212 -1.124462 -0.060454 -1.586099
    20 0.063741 -0.109104 -0.248158 -1.142813 -0.125805 -1.693583
    21 -1.407251 -3.245525 -0.342301 -0.788750 0.052688 -0.017720
    22 0.013451 -1.204102 0.000004 -0.931992 0.000000 0.000000
    23 -0.013000 -0.789551 0.000000 -1.061140 0.000000 0.000000
    24 -0.011721 0.093267 0.017949 -1.687855 -0.079155 -1.575164
    25 0.048863 -0.085541 0.028626 -1.715605 -0.034569 -1.653190
    26 0.173918 -0.198416 -0.336163 -1.668104 -0.422317 -1.710956
    27 0.438721 -0.485596 0.397217 0.505392 -0.466269 -1.212439
    28 2.357422 0.016098 0.000000 -0.304946 -0.017309 -0.456355
    29 1.250977 -0.000338 0.000001 0.000000 0.000000 -0.572457
    30 -0.267709 0.037512 -0.093907 2.913812 -0.143386 0.078467
    31 -0.029266 0.205408 -0.329287 2.788574 -0.255486 -0.188917
    32 0.204373 0.521055 -0.268577 2.886669 0.042206 -0.230367
    33 0.195697 -0.010059 -0.293538 -1.333586 0.150863 -1.672749
    34 1.257181 8.762590 -0.153713 -1.570562 0.002683 -1.566808
    35 -0.093500 -0.114213 -0.738866 -1.570842 0.061811 0.002096
    36 0.010843 0.093624 -0.081439 -3.141462 0.041719 -1.568236
    37 3.881702 -11.176753 -11.263346 -2.909805 0.961322 -0.996669
    38 0.108654 -10.673144 -0.001547 0.099437 -0.047880 0.132307
    39 0.553428 -3.650577 -0.344972 -0.908994 -0.046218 -0.024582
    40 0.025684 -1.503640 0.001039 -0.363101 0.000001 -0.000004
    41 0.012045 -0.928479 -0.004583 -0.495943 -0.000002 -0.000001
    42 0.006928 0.005329 -0.181358 -1.528500 -0.248579 -1.611362
    43 -0.052313 0.038589 -0.230757 -1.592493 -0.043415 -1.528515
    44 -0.232600 -0.209656 -0.420669 -1.713790 -0.167173 -1.438930
    45 -0.214374 -3.737618 -0.346082 -0.748830 -0.000005 -0.000020
    46 0.019801 -1.578467 0.006170 -0.452283 0.000020 -0.000009
    47 0.000478 -1.176453 0.000249 -0.599106 0.000021 0.000018
    48 -0.038065 0.069166 -0.159883 -1.816986 0.066178 -1.575392
    49 -0.025151 0.088762 -0.068837 -1.817843 0.044510 -1.568287
    50 -0.102916 -0.186983 -0.272246 -1.833683 -0.232962 -1.472375
    51 -1.030272 -3.582044 -0.343160 -0.759198 0.000019 -0.000003
    52 0.001133 -1.610108 0.002370 -0.266016 0.000003 -0.000002
    53 0.005787 -0.946060 0.004418 -0.432358 0.000001 0.000001
    54 -0.004241 0.043707 -0.080203 -2.014997 -0.186996 -1.460723
    55 0.015383 -0.089136 -0.030010 -2.006083 0.036346 -1.568629
    56 -0.022610 -0.212357 -0.177905 -1.933161 -0.118801 -1.518895
    57 1.309013 -3.227548 -0.346114 -0.802919 -0.066944 -0.041063
    58 0.004502 -1.242324 0.002179 -0.445379 0.000004 0.000009
    59 0.003175 -0.774607 -0.000316 -0.447933 -0.000006 -0.000004
    60 -0.067138 0.063251 -0.010961 -0.899214 -0.014515 -1.600326
    61 -0.151180 -0.007395 -0.070065 -0.913061 -0.118819 -1.408558
    62 -0.178164 -0.244680 -0.357067 -1.159916 -0.384260 -1.556110
    63 -0.387544 -0.463665 0.379860 -0.048325 -0.606533 -2.593586
    64 2.472082 0.027425 0.001225 0.000015 0.000004 0.390064
    65 1.223419 0.009356 -0.005766 -0.000003 -0.000006 0.461198
    66 -0.263409 -0.117640 -0.015659 0.000036 -0.082210 -0.026800
    67 0.007707 -0.334360 -0.191575 0.070788 -0.181563 0.282364
    68 0.225562 -0.567923 -0.420715 0.119895 -0.183798 0.223460
    69 -0.203683 -0.095654 -0.328305 -1.745077 0.075142 -1.515382
    70 -1.393460 8.839182 -0.239439 1.580804 -0.005024 -1.566848
    71 0.036020 0.082815 -0.692656 -1.570769 0.065989 0.001276
    72 -0.088586 0.054020 -0.088594 0.010231 0.033800 -1.560851
    73 0.120153 -0.050270 -0.054489 -2.854024 0.030688 -1.580508
    74 -0.139399 -0.111694 0.014400 0.285395 -0.031353 1.580313
    75 -0.003479 -0.404833 0.000000 0.000000 0.000000 0.000000
    76 -0.313605 -4.589847 0.951765 -1.186351 1.434476 -1.173705
    77 -0.000001 3.367188 0.862793 0.000000 0.000000 0.000000
    78 0.001153 -1.104492 1.960938 0.000000 0.000000 0.000000
    79 0.000922 -2.777681 2.523408 0.000000 0.000000 0.000000
    80 -1.784180 18.750000 -7.144531 0.000000 0.000000 0.000000
    81 -0.003576 -2.248047 1.304688 0.000000 0.000000 0.000000
    82 0.001149 -4.261719 1.683594 0.000000 0.000000 0.000000
  time 7
    0 1.629157 0.000000 0.541027 0.000000 0.000000 -1.570796
    1 1.024694 9.891113 -8.134498 0.978910 -1.047411 0.183539
    2 -0.001605 -10.698019 -0.002571 0.665200 -0.169980 -0.664035
    3 -0.652586 -3.626730 -0.341545 -1.003500 0.000001 -0.122173
    4 -0.013245 -1.509766 0.000002 -1.090796 0.000000 0.000000
    5 0.000000 -0.953613 0.000002 -1.223438 0.000000 0.000000
    6 0.007988 0.172184 -0.118553 -1.598091 -0.216549 -1.570593
    7 0.080660 0.135929 -0.203919 -1.506824 -0.066185 -1.662786
    8 0.117288 -0.155554 -0.604544 -1.412988 -0.374558 -1.569222
    9 0.127930 -3.763672 -0.348633 -0.890091 0.000001 -0.148345
    10 -0.000001 -1.562500 0.000000 -1.212964 0.000000 0.000007
    11 0.000000 -1.165039 0.000001 -1.279286 0.000000 0.000000
    12 -0.018589 0.129953 -0.123721 -1.294580 0.001302 -1.635383
    13 -0.006160 0.170065 -0.110169 -1.280084 -0.068681 -1.597215
    14 0.047100 -0.104074 -0.352264 -1.243368 -0.257298 -1.694346
    15 0.948730 -3.619141 -0.348633 -0.349063 0.000002 0.130893
    16 -0.017794 -1.596358 -0.003443 -0.322846 0.000000 0.000000
    17 -0.002117 -0.936035 0.000000 -0.593408 0.000000 0.000000
    18 -0.022325 0.045424 -0.038284 -1.125544 -0.129230 -1.681412
    19 -0.042900 -0.061274 -0.071212 -1.124462 -0.060454 -1.586099
    20 0.063741 -0.109104 -0.248158 -1.142813 -0.125805 -1.693583
    21 -1.407251 -3.249431 -0.346207 -0.788750 0.052688 -0.017706
    22 0.013451 -1.204102 0.000004 -0.931992 0.000000 0.000000
    23 -0.013000 -0.789551 0.000000 -1.061140 0.000000 0.000000
    24 -0.011721 0.093267 0.017949 -1.687855 -0.079155 -1.575164
    25 0.048863 -0.085541 0.028626 -1.715605 -0.034569 -1.653190
    26 0.173918 -0.198416 -0.336163 -1.668104 -0.422317 -1.710956
    27 0.438721 -0.485596 0.397217 0.505392 -0.466269 -1.212439
    28 2.357422 0.016098 0.000000 -0.304946 -0.017309 -0.456355
    29 1.250977 -0.000338 0.000001 0.000000 0.000000 -0.572457
    30 -0.267709 0.037512 -0.093907 2.913812 -0.143386 0.078467
    31 -0.029266 0.205408 -0.329287 2.788574 -0.255486 -0.188917
    32 0.204373 0.521055 -0.268577 2.886669 0.042206 -0.230367
    33 0.195697 -0.010059 -0.293538 -1.333586 0.150863 -1.672749
    34 1.257181 8.762590 -0.153713 -1.570562 0.002683 -1.566808
    35 -0.093500 -0.114213 -0.738866 -1.570842 0.061811 0.002096
    36 0.010843 0.093624 -0.081439 -3.141462 0.041719 -1.568236
    37 4.881732 -10.957996 -11.005525 -2.814048 0.923467 -0.875395
    38 0.104748 -10.673144 -0.005453 0.095106 -0.005365 0.075502
    39 0.553428 -3.650577 -0.344972 -0.877445 -0.046218 -0.024582
    40 0.025684 -1.507546 0.001039 -0.348126 0.000001 -0.000004
    41 0.008139 -0.928479 -0.004583 -0.505943 -0.000002 -0.000001
    42 0.006928 0.005329 -0.181358 -1.528500 -0.248579 -1.611362
    43 -0.052313 0.038589 -0.230757 -1.592493 -0.043415 -1.528515
    44 -0.232600 -0.209656 -0.420669 -1.713790 -0.167173 -1.438930
    45 -0.214374 -3.741524 -0.346082 -0.735839 -0.000005 -0.000020
    46 0.019801 -1.578467 0.006170 -0.427670 0.000020 -0.000009
    47 0.000478 -1.176453 0.000249 -0.614088 0.000021 0.000018
    48 -0.038065 0.069166 -0.159883 -1.816986 0.066178 -1.575392
    49 -0.025151 0.088762 -0.068837 -1.817843 0.044510 -1.568287
    50 -0.102916 -0.186983 -0.272246 -1.833683 -0.232962 -1.472375
    51 -1.034178 -3.578138 -0.347066 -0.726949 0.000019 -0.000003
    52 0.001133 -1.610108 0.002370 -0.258823 0.000003 -0.000002
    53 0.005787 -0.946060 0.000512 -0.443704 0.000001 0.000001
    54 -0.004241 0.043707 -0.080203 -2.014997 -0.186996 -1.460723
    55 0.015383 -0.089136 -0.030010 -2.006083 0.036346 -1.568629
    56 -0.022610 -0.212357 -0.177905 -1.933161 -0.118801 -1.518895
    57 1.309013 -3.227548 -0.342207 -0.762709 -0.066932 -0.041063
    58 0.000595 -1.242324 0.002179 -0.418299 0.000004 0.000009
    59 0.003175 -0.774607 -0.000316 -0.434998 -0.000006 -0.000004
    60 -0.067138 0.063251 -0.010961 -0.899214 -0.014515 -1.600326
    61 -0.151180 -0.007395 -0.070065 -0.913061 -0.118819 -1.408558
    62 -0.178164 -0.244680 -0.357067 -1.159916 -0.384260 -1.556110
    63 -0.387544 -0.463665 0.379860 0.002713 -0.614500 -2.626886
    64 2.472082 0.027425 0.001225 0.000015 0.000004 0.362075
    65 1.223419 0.009356 -0.005766 -0.000003 -0.000006 0.439541
    66 -0.263409 -0.117640 -0.015659 0.000036 -0.082210 -0.026800
    67 0.007707 -0.334360 -0.191575 0.070788 -0.181563 0.282364
    68 0.225562 -0.567923 -0.420715 0.119895 -0.183798 0.223460
    69 -0.203683 -0.095654 -0.328305 -1.745077 0.075142 -1.515382
    70 -1.393460 8.839182 -0.239439 1.580804 -0.005024 -1.566848
    71 0.036020 0.082815 -0.692656 -1.570769 0.065989 0.001276
    72 -0.088586 0.054020 -0.088594 0.010231 0.033800 -1.560851
    73 0.120153 -0.050270 -0.054489 -2.854024 0.030688 -1.580508
    74 -0.139399 -0.111694 0.014400 0.285395 -0.031353 1.580313
    75 -0.003479 -0.404833 0.000000 0.000000 0.000000 0.000000
    76 -0.313605 -4.589847 0.951765 -1.186351 1.434476 -1.173705
    77 -0.000001 3.367188 0.862793 0.000000 0.000000 0.000000
    78 0.001153 -1.104492 1.960938 0.000000 0.000000 0.000000
    79 0.000922 -2.777681 2.523408 0.000000 0.000000 0.000000
    80 -1.784180 18.750000 -7.144531 0.000000 0.000000 0.000000
    81 -0.003576 -2.248047 1.304688 0.000000 0.000000 0.000000
    82 0.001149 -4.261719 1.683594 0.000000 0.000000 0.000000
  time 8
    0 1.629157 0.000000 0.541027 0.000000 0.000000 -1.570796
    1 1.243451 9.621573 -8.017307 0.761946 -1.189658 0.402085
    2 -0.001605 -10.701926 -0.002571 0.735175 -0.164787 -0.697071
    3 -0.652586 -3.626730 -0.345451 -1.003500 0.000001 -0.122185
    4 -0.013245 -1.509766 0.000002 -1.090796 0.000000 0.000000
    5 0.000000 -0.953613 0.000002 -1.223438 0.000000 0.000000
    6 0.007988 0.172184 -0.118553 -1.598091 -0.216549 -1.570593
    7 0.080660 0.135929 -0.203919 -1.506824 -0.066185 -1.662786
    8 0.117288 -0.155554 -0.604544 -1.412988 -0.374558 -1.569222
    9 0.127930 -3.763672 -0.348633 -0.890091 0.000001 -0.148345
    10 -0.000001 -1.562500 0.000000 -1.212964 0.000000 0.000007
    11 0.000000 -1.165039 0.000001 -1.279286 0.000000 0.000000
    12 -0.018589 0.129953 -0.123721 -1.294580 0.001302 -1.635383
    13 -0.006160 0.170065 -0.110169 -1.280084 -0.068681 -1.597215
    14 0.047100 -0.104074 -0.352264 -1.243368 -0.257298 -1.694346
    15 0.948730 -3.619141 -0.348633 -0.349063 0.000002 0.130893
    16 -0.017794 -1.596358 -0.003443 -0.322846 0.000000 0.000000
    17 -0.002117 -0.936035 0.000000 -0.593408 0.000000 0.000000
    18 -0.022325 0.045424 -0.038284 -1.125544 -0.129230 -1.681412
    19 -0.042900 -0.061274 -0.071212 -1.124462 -0.060454 -1.586099
    20 0.063741 -0.109104 -0.248158 -1.142813 -0.125805 -1.693583
    21 -1.407251 -3.249431 -0.342301 -0.788750 0.052688 -0.017720
    22 0.013451 -1.204102 0.000004 -0.931992 0.000000 0.000000
    23 -0.013000 -0.789551 0.000000 -1.061140 0.000000 0.000000
    24 -0.011721 0.093267 0.017949 -1.687855 -0.079155 -1.575164
    25 0.048863 -0.085541 0.028626 -1.715605 -0.034569 -1.653190
    26 0.173918 -0.198416 -0.336163 -1.668104 -0.422317 -1.710956
    27 0.438721 -0.485596 0.397217 0.505392 -0.466269 -1.212439
    28 2.357422 0.016098 0.000000 -0.304946 -0.017309 -0.456355
    29 1.250977 -0.000338 0.000001 0.000000 0.000000 -0.572457
    30 -0.267709 0.037512 -0.093907 2.913812 -0.143386 0.078467
    31 -0.029266 0.205408 -0.329287 2.788574 -0.255486 -0.188917
    32 0.204373 0.521055 -0.268577 2.886669 0.042206 -0.230367
    33 0.195697 -0.010059 -0.293538 -1.333586 0.150863 -1.672749
    34 1.257181 8.762590 -0.153713 -1.570562 0.002683 -1.566808
    35 -0.093500 -0.114213 -0.738866 -1.570842 0.061811 0.002096
    36 0.010843 0.093624 -0.081439 -3.141462 0.041719 -1.568236
    37 5.952077 -10.598610 -10.778956 -2.725349 0.886592 -0.758230
    38 0.108654 -10.673144 -0.005453 0.087359 0.036278 0.018669
    39 0.549521 -3.650577 -0.341066 -0.846046 -0.046218 -0.024582
    40 0.025684 -1.503640 0.001039 -0.334375 0.000001 -0.000004
    41 0.008139 -0.928479 -0.000677 -0.514990 -0.000002 -0.000001
    42 0.006928 0.005329 -0.181358 -1.528500 -0.248579 -1.611362
    43 -0.052313 0.038589 -0.230757 -1.592493 -0.043415 -1.528515
    44 -0.232600 -0.209656 -0.420669 -1.713790 -0.167173 -1.438930
    45 -0.218280 -3.737618 -0.346082 -0.722805 -0.000005 -0.000020
    46 0.015894 -1.578467 0.006170 -0.404703 0.000020 -0.000009
    47 0.000478 -1.176453 0.000249 -0.628012 0.000021 0.000018
    48 -0.038065 0.069166 -0.159883 -1.816986 0.066178 -1.575392
    49 -0.025151 0.088762 -0.068837 -1.817843 0.044510 -1.568287
    50 -0.102916 -0.186983 -0.272246 -1.833683 -0.232962 -1.472375
    51 -1.030272 -3.582044 -0.343160 -0.695301 0.000019 -0.000003
    52 0.001133 -1.610108 0.002370 -0.252680 0.000003 -0.000002
    53 0.001880 -0.946060 0.004418 -0.455749 0.000001 0.000001
    54 -0.004241 0.043707 -0.080203 -2.014997 -0.186996 -1.460723
    55 0.015383 -0.089136 -0.030010 -2.006083 0.036346 -1.568629
    56 -0.022610 -0.212357 -0.177905 -1.933161 -0.118801 -1.518895
    57 1.305107 -3.227548 -0.342207 -0.722802 -0.066944 -0.041063
    58 0.000595 -1.242324 0.006085 -0.391839 0.000004 0.000009
    59 0.007082 -0.774607 -0.000316 -0.421708 -0.000006 -0.000004
    60 -0.067138 0.063251 -0.010961 -0.899214 -0.014515 -1.600326
    61 -0.151180 -0.007395 -0.070065 -0.913061 -0.118819 -1.408558
    62 -0.178164 -0.244680 -0.357067 -1.159916 -0.384260 -1.556110
    63 -0.391451 -0.463665 0.379860 0.052639 -0.620119 -2.659257
    64 2.472082 0.027425 0.001225 0.000015 0.000004 0.333818
    65 1.223419 0.009356 -0.005766 -0.000003 -0.000006 0.417105
    66 -0.263409 -0.117640 -0.015659 0.000036 -0.082210 -0.026800
    67 0.007707 -0.334360 -0.191575 0.070788 -0.181563 0.282364
    68 0.225562 -0.567923 -0.420715 0.119895 -0.183798 0.223460
    69 -0.203683 -0.095654 -0.328305 -1.745077 0.075142 -1.515382
    70 -1.393460 8.839182 -0.239439 1.580804 -0.005024 -1.566848
    71 0.036020 0.082815 -0.692656 -1.570769 0.065989 0.001276
    72 -0.088586 0.054020 -0.088594 0.010231 0.033800 -1.560851
    73 0.120153 -0.050270 -0.054489 -2.854024 0.030688 -1.580508
    74 -0.139399 -0.111694 0.014400 0.285395 -0.031353 1.580313
    75 -0.003479 -0.404833 0.000000 0.000000 0.000000 0.000000
    76 -0.313605 -4.589847 0.951765 -1.186351 1.434476 -1.173705
    77 -0.000001 3.367188 0.862793 0.000000 0.000000 0.000000
    78 0.001153 -1.104492 1.960938 0.000000 0.000000 0.000000
    79 0.000922 -2.777681 2.523408 0.000000 0.000000 0.000000
    80 -1.784180 18.750000 -7.144531 0.000000 0.000000 0.000000
    81 -0.003576 -2.248047 1.304688 0.000000 0.000000 0.000000
    82 0.001149 -4.261719 1.683594 0.000000 0.000000 0.000000
  time 9
    0 1.629157 0.000000 0.541027 0.000000 0.000000 -1.570796
    1 1.438769 9.379379 -7.915741 0.364192 -1.294504 0.800758
    2 -0.001605 -10.698019 -0.002571 0.790731 -0.155047 -0.721588
    3 -0.648679 -3.626730 -0.345451 -1.003500 0.000001 -0.122185
    4 -0.013245 -1.509766 0.000002 -1.090796 0.000000 0.000000
    5 0.000000 -0.953613 0.000002 -1.223438 0.000000 0.000000
    6 0.007988 0.172184 -0.118553 -1.598091 -0.216549 -1.570593
    7 0.080660 0.135929 -0.203919 -1.506824 -0.066185 -1.662786
    8 0.117288 -0.155554 -0.604544 -1.412988 -0.374558 -1.569222
    9 0.127930 -3.763672 -0.348633 -0.890091 0.000001 -0.148345
    10 -0.000001 -1.562500 0.000000 -1.212964 0.000000 0.000007
    11 0.000000 -1.165039 0.000001 -1.279286 0.000000 0.000000
    12 -0.018589 0.129953 -0.123721 -1.294580 0.001302 -1.635383
    13 -0.006160 0.170065 -0.110169 -1.280084 -0.068681 -1.597215
    14 0.047100 -0.104074 -0.352264 -1.243368 -0.257298 -1.694346
    15 0.948730 -3.619141 -0.348633 -0.349063 0.000002 0.130893
    16 -0.021700 -1.596358 -0.003443 -0.322846 0.000000 0.000000
    17 -0.002117 -0.936035 0.000000 -0.593408 0.000000 0.000000
    18 -0.022325 0.045424 -0.038284 -1.125544 -0.129230 -1.681412
    19 -0.042900 -0.061274 -0.071212 -1.124462 -0.060454 -1.586099
    20 0.063741 -0.109104 -0.248158 -1.142813 -0.125805 -1.693583
    21 -1.403345 -3.249431 -0.342301 -0.788750 0.052688 -0.017720
    22 0.013451 -1.204102 0.000004 -0.931992 0.000000 0.000000
    23 -0.013000 -0.789551 0.000000 -1.061140 0.000000 0.000000
    24 -0.011721 0.093267 0.017949 -1.687855 -0.079155 -1.575164
    25 0.048863 -0.085541 0.028626 -1.715605 -0.034569 -1.653190
    26 0.173918 -0.198416 -0.336163 -1.668104 -0.422317 -1.710956
    27 0.438721 -0.485596 0.397217 0.505392 -0.466269 -1.212439
    28 2.357422 0.016098 0.000000 -0.304946 -0.017309 -0.456355
    29 1.250977 -0.000338 0.000001 0.000000 0.000000 -0.572457
    30 -0.267709 0.037512 -0.093907 2.913812 -0.143386 0.078467
    31 -0.029266 0.205408 -0.329287 2.788574 -0.255486 -0.188917
    32 0.204373 0.521055 -0.268577 2.886669 0.042206 -0.230367
    33 0.195697 -0.010059 -0.293538 -1.333586 0.150863 -1.672749
    34 1.257181 8.762590 -0.153713 -1.570562 0.002683 -1.566808
    35 -0.093500 -0.114213 -0.738866 -1.570842 0.061811 0.002096
    36 0.010843 0.093624 -0.081439 -3.141462 0.041719 -1.568236
    37 7.049767 -10.141565 -10.560199 -2.643516 0.849157 -0.646226
    38 0.104748 -10.673144 -0.001547 0.075953 0.076450 -0.037911
    39 0.553428 -3.650577 -0.341066 -0.815096 -0.046218 -0.024582
    40 0.025684 -1.503640 0.001039 -0.322602 0.000001 -0.000004
    41 0.008139 -0.928479 -0.000677 -0.522662 -0.000002 -0.000001
    42 0.006928 0.005329 -0.181358 -1.528500 -0.248579 -1.611362
    43 -0.052313 0.038589 -0.230757 -1.592493 -0.043415 -1.528515
    44 -0.232600 -0.209656 -0.420669 -1.713790 -0.167173 -1.438930
    45 -0.214374 -3.741524 -0.346082 -0.710068 -0.000005 -0.000020
    46 0.019801 -1.578467 0.006170 -0.383909 0.000020 -0.000009
    47 0.000478 -1.176453 0.000249 -0.640136 0.000021 0.000018
    48 -0.038065 0.069166 -0.159883 -1.816986 0.066178 -1.575392
    49 -0.025151 0.088762 -0.068837 -1.817843 0.044510 -1.568287
    50 -0.102916 -0.186983 -0.272246 -1.833683 -0.232962 -1.472375
    51 -1.030272 -3.582044 -0.343160 -0.664734 0.000019 -0.000003
    52 0.001133 -1.610108 0.002370 -0.248637 0.000003 -0.000002
    53 0.001880 -0.946060 0.004418 -0.467298 0.000001 0.000001
    54 -0.004241 0.043707 -0.080203 -2.014997 -0.186996 -1.460723
    55 0.015383 -0.089136 -0.030010 -2.006083 0.036346 -1.568629
    56 -0.022610 -0.212357 -0.177905 -1.933161 -0.118801 -1.518895
    57 1.309013 -3.227548 -0.342207 -0.683977 -0.066932 -0.041063
    58 0.000595 -1.242324 0.006085 -0.366899 0.000004 0.000009
    59 0.003175 -0.774607 -0.004222 -0.408215 -0.000006 -0.000004
    60 -0.067138 0.063251 -0.010961 -0.899214 -0.014515 -1.600326
    61 -0.151180 -0.007395 -0.070065 -0.913061 -0.118819 -1.408558
    62 -0.178164 -0.244680 -0.357067 -1.159916 -0.384260 -1.556110
    63 -0.387544 -0.463665 0.383766 0.100187 -0.623209 -2.689459
    64 2.468175 0.027425 0.001225 0.000015 0.000004 0.305260
    65 1.227325 0.009356 -0.005766 -0.000003 -0.000006 0.393530
    66 -0.263409 -0.117640 -0.015659 0.000036 -0.082210 -0.026800
    67 0.007707 -0.334360 -0.191575 0.070788 -0.181563 0.282364
    68 0.225562 -0.567923 -0.420715 0.119895 -0.183798 0.223460
    69 -0.203683 -0.095654 -0.328305 -1.745077 0.075142 -1.515382
    70 -1.393460 8.839182 -0.239439 1.580804 -0.005024 -1.566848
    71 0.036020 0.082815 -0.692656 -1.570769 0.065989 0.001276
    72 -0.088586 0.054020 -0.088594 0.010231 0.033800 -1.560851
    73 0.120153 -0.050270 -0.054489 -2.854024 0.030688 -1.580508
    74 -0.139399 -0.111694 0.014400 0.285395 -0.031353 1.580313
    75 -0.003479 -0.404833 0.000000 0.000000 0.000000 0.000000
    76 -0.313605 -4.589847 0.951765 -1.186351 1.434476 -1.173717
    77 -0.000001 3.367188 0.862793 0.000000 0.000000 0.000000
    78 0.001153 -1.104492 1.960938 0.000000 0.000000 0.000000
    79 0.000922 -2.777681 2.527314 0.000000 0.000000 0.000000
    80 -1.784180 18.750000 -7.144531 0.000000 0.000000 0.000000
    81 -0.003576 -2.248047 1.304688 0.000000 0.000000 0.000000
    82 0.001149 -4.261719 1.683594 0.000000 0.000000 0.000000
  time 10
    0 1.629157 0.000000 0.541027 0.000000 0.000000 -1.570796
    1 1.598931 9.211405 -7.829801 6.065743 -1.325161 1.381358
    2 -0.005512 -10.701926 -0.002571 0.827582 -0.141499 -0.736091
    3 -0.652586 -3.626730 -0.345451 -1.003500 0.000001 -0.122173
    4 -0.013245 -1.509766 0.000002 -1.090796 0.000000 0.000000
    5 0.000000 -0.953613 0.000002 -1.223438 0.000000 0.000000
    6 0.007988 0.172184 -0.118553 -1.598091 -0.216549 -1.570593
    7 0.080660 0.135929 -0.203919 -1.506824 -0.066185 -1.662786
    8 0.117288 -0.155554 -0.604544 -1.412988 -0.374558 -1.569222
    9 0.127930 -3.763672 -0.348633 -0.890091 0.000001 -0.148345
    10 -0.000001 -1.562500 0.000000 -1.212964 0.000000 0.000007
    11 0.000000 -1.165039 0.000001 -1.279286 0.000000 0.000000
    12 -0.018589 0.129953 -0.123721 -1.294580 0.001302 -1.635383
    13 -0.006160 0.170065 -0.110169 -1.280084 -0.068681 -1.597215
    14 0.047100 -0.104074 -0.352264 -1.243368 -0.257298 -1.694346
    15 0.948730 -3.619141 -0.348633 -0.349063 0.000002 0.130893
    16 -0.021700 -1.596358 -0.007350 -0.322846 0.000000 0.000000
    17 -0.002117 -0.936035 0.000000 -0.593408 0.000000 0.000000
    18 -0.022325 0.045424 -0.038284 -1.125544 -0.129230 -1.681412
    19 -0.042900 -0.061274 -0.071212 -1.124462 -0.060454 -1.586099
    20 0.063741 -0.109104 -0.248158 -1.142813 -0.125805 -1.693583
    21 -1.403345 -3.249431 -0.342301 -0.788750 0.052688 -0.017720
    22 0.013451 -1.204102 0.000004 -0.931992 0.000000 0.000000
    23 -0.013000 -0.789551 0.000000 -1.061140 0.000000 0.000000
    24 -0.011721 0.093267 0.017949 -1.687855 -0.079155 -1.575164
    25 0.048863 -0.085541 0.028626 -1.715605 -0.034569 -1.653190
    26 0.173918 -0.198416 -0.336163 -1.668104 -0.422317 -1.710956
    27 0.438721 -0.485596 0.397217 0.505392 -0.466269 -1.212439
    28 2.357422 0.016098 0.000000 -0.304946 -0.017309 -0.456355
    29 1.250977 -0.000338 0.000001 0.000000 0.000000 -0.572457
    30 -0.267709 0.037512 -0.093907 2.913812 -0.143386 0.078467
    31 -0.029266 0.205408 -0.329287 2.788574 -0.255486 -0.188917
    32 0.204373 0.521055 -0.268577 2.886669 0.042206 -0.230367
    33 0.195697 -0.010059 -0.293538 -1.333586 0.150863 -1.672749
    34 1.257181 8.762590 -0.153713 -1.570562 0.002683 -1.566808
    35 -0.093500 -0.114213 -0.738866 -1.570842 0.061811 0.002096
    36 0.010843 0.093624 -0.081439 -3.141462 0.041719 -1.568236
    37 8.124019 -9.633737 -10.376600 -2.568932 0.809713 -0.540147
    38 0.104748 -10.673144 -0.005453 0.060755 0.114298 -0.094183
    39 0.553428 -3.646670 -0.341066 -0.785045 -0.046218 -0.024582
    40 0.025684 -1.503640 0.001039 -0.313937 0.000001 -0.000004
    41 0.008139 -0.928479 -0.000677 -0.528271 -0.000002 -0.000001
    42 0.006928 0.005329 -0.181358 -1.528500 -0.248579 -1.611362
    43 -0.052313 0.038589 -0.230757 -1.592493 -0.043415 -1.528515
    44 -0.232600 -0.209656 -0.420669 -1.713790 -0.167173 -1.438930
    45 -0.218280 -3.737618 -0.346082 -0.697542 -0.000005 -0.000020
    46 0.015894 -1.578467 0.006170 -0.366228 0.000020 -0.000009
    47 0.000478 -1.172547 0.000249 -0.649657 0.000021 0.000018
    48 -0.038065 0.069166 -0.159883 -1.816986 0.066178 -1.575392
    49 -0.025151 0.088762 -0.068837 -1.817843 0.044510 -1.568287
    50 -0.102916 -0.186983 -0.272246 -1.833683 -0.232962 -1.472375
    51 -1.030272 -3.578138 -0.343160 -0.635690 0.000019 -0.000003
    52 0.001133 -1.610108 0.002370 -0.247377 0.000003 -0.000002
    53 0.001880 -0.946060 0.004418 -0.477160 0.000001 0.000001
    54 -0.004241 0.043707 -0.080203 -2.014997 -0.186996 -1.460723
    55 0.015383 -0.089136 -0.030010 -2.006083 0.036346 -1.568629
    56 -0.022610 -0.212357 -0.177905 -1.933161 -0.118801 -1.518895
    57 1.305107 -3.227548 -0.342207 -0.646667 -0.066932 -0.041063
    58 0.004502 -1.242324 0.002179 -0.343929 0.000004 0.000009
    59 0.003175 -0.774607 -0.000316 -0.394367 -0.000006 -0.000004
    60 -0.067138 0.063251 -0.010961 -0.899214 -0.014515 -1.600326
    61 -0.151180 -0.007395 -0.070065 -0.913061 -0.118819 -1.408558
    62 -0.178164 -0.244680 -0.357067 -1.159916 -0.384260 -1.556110
    63 -0.391451 -0.463665 0.379860 0.144089 -0.623711 -2.716435
    64 2.468175 0.027425 0.001225 0.000015 0.000004 0.276434
    65 1.223419 0.009356 -0.005766 -0.000003 -0.000006 0.368509
    66 -0.263409 -0.117640 -0.015659 0.000036 -0.082210 -0.026800
    67 0.007707 -0.334360 -0.191575 0.070788 -0.181563 0.282364
    68 0.225562 -0.567923 -0.420715 0.119895 -0.183798 0.223460
    69 -0.203683 -0.095654 -0.328305 -1.745077 0.075142 -1.515382
    70 -1.393460 8.839182 -0.239439 1.580804 -0.005024 -1.566848
    71 0.036020 0.082815 -0.692656 -1.570769 0.065989 0.001276
    72 -0.088586 0.054020 -0.088594 0.010231 0.033800 -1.560851
    73 0.120153 -0.050270 -0.054489 -2.854024 0.030688 -1.580508
    74 -0.139399 -0.111694 0.014400 0.285395 -0.031353 1.580313
    75 -0.003479 -0.404833 0.000000 0.000000 0.000000 0.000000
    76 -0.313605 -4.589847 0.951765 -1.186351 1.434476 -1.173705
    77 -0.000001 3.367188 0.862793 0.000000 0.000000 0.000000
    78 0.001153 -1.104492 1.960938 0.000000 0.000000 0.000000
    79 0.000922 -2.777681 2.523408 0.000000 0.000000 0.000000
    80 -1.784180 18.750000 -7.144531 0.000000 0.000000 0.000000
    81 -0.003576 -2.248047 1.304688 0.000000 0.000000 0.000000
    82 0.001149 -4.261719 1.683594 0.000000 0.000000 0.000000
  time 11
    0 1.629157 0.000000 0.541027 0.000000 0.000000 -1.570796
    1 1.712215 9.152809 -7.767299 5.589654 -1.282713 -4.429587
    2 -0.005512 -10.698019 -0.002571 0.841479 -0.124673 -0.739452
    3 -0.652586 -3.626730 -0.341545 -1.003500 0.000001 -0.122185
    4 -0.013245 -1.509766 0.000002 -1.090796 0.000000 0.000000
    5 0.000000 -0.953613 0.000002 -1.223438 0.000000 0.000000
    6 0.007988 0.172184 -0.118553 -1.598091 -0.216549 -1.570593
    7 0.080660 0.135929 -0.203919 -1.506824 -0.066185 -1.662786
    8 0.117288 -0.155554 -0.604544 -1.412988 -0.374558 -1.569222
    9 0.127930 -3.763672 -0.348633 -0.890091 0.000001 -0.148345
    10 -0.000001 -1.562500 0.000000 -1.212964 0.000000 0.000007
    11 0.000000 -1.165039 0.000001 -1.279286 0.000000 0.000000
    12 -0.018589 0.129953 -0.123721 -1.294580 0.001302 -1.635383
    13 -0.006160 0.170065 -0.110169 -1.280084 -0.068681 -1.597215
    14 0.047100 -0.104074 -0.352264 -1.243368 -0.257298 -1.694346
    15 0.948730 -3.619141 -0.348633 -0.349063 0.000002 0.130893
    16 -0.021700 -1.596358 -0.003443 -0.322846 0.000000 0.000000
    17 -0.002117 -0.936035 0.000000 -0.593408 0.000000 0.000000
    18 -0.022325 0.045424 -0.038284 -1.125544 -0.129230 -1.681412
    19 -0.042900 -0.061274 -0.071212 -1.124462 -0.060454 -1.586099
    20 0.063741 -0.109104 -0.248158 -1.142813 -0.125805 -1.693583
    21 -1.403345 -3.249431 -0.342301 -0.788750 0.052688 -0.017720
    22 0.013451 -1.204102 0.000004 -0.931992 0.000000 0.000000
    23 -0.013000 -0.789551 0.000000 -1.061140 0.000000 0.000000
    24 -0.011721 0.093267 0.017949 -1.687855 -0.079155 -1.575164
    25 0.048863 -0.085541 0.028626 -1.715605 -0.034569 -1.653190
    26 0.173918 -0.198416 -0.336163 -1.668104 -0.422317 -1.710956
    27 0.438721 -0.485596 0.397217 0.505392 -0.466269 -1.212439
    28 2.357422 0.016098 0.000000 -0.304946 -0.017309 -0.456355
    29 1.250977 -0.000338 0.000001 0.000000 0.000000 -0.572457
    30 -0.267709 0.037512 -0.093907 2.913812 -0.143386 0.078467
    31 -0.029266 0.205408 -0.329287 2.788574 -0.255486 -0.188917
    32 0.204373 0.521055 -0.268577 2.886669 0.042206 -0.230367
    33 0.195697 -0.010059 -0.293538 -1.333586 0.150863 -1.672749
    34 1.257181 8.762590 -0.153713 -1.570562 0.002683 -1.566808
    35 -0.093500 -0.114213 -0.738866 -1.570842 0.061811 0.002096
    36 0.010843 0.093624 -0.081439 -3.141462 0.041719 -1.568236
    37 9.127955 -9.122003 -10.200813 -2.502455 0.767324 -0.442000
    38 0.104748 -10.673144 -0.005453 0.041656 0.149160 -0.149724
    39 0.553428 -3.646670 -0.344972 -0.756092 -0.046218 -0.024582
    40 0.025684 -1.503640 0.001039 -0.309228 0.000001 -0.000004
    41 0.008139 -0.928479 -0.004583 -0.531075 -0.000002 -0.000001
    42 0.006928 0.005329 -0.181358 -1.528500 -0.248579 -1.611362
    43 -0.052313 0.038589 -0.230757 -1.592493 -0.043415 -1.528515
    44 -0.232600 -0.209656 -0.420669 -1.713790 -0.167173 -1.438930
    45 -0.214374 -3.737618 -0.346082 -0.685609 -0.000005 -0.000020
    46 0.015894 -1.582373 0.006170 -0.352600 0.000020 -0.000009
    47 0.000478 -1.176453 0.000249 -0.655690 0.000021 0.000018
    48 -0.038065 0.069166 -0.159883 -1.816986 0.066178 -1.575392
    49 -0.025151 0.088762 -0.068837 -1.817843 0.044510 -1.568287
    50 -0.102916 -0.186983 -0.272246 -1.833683 -0.232962 -1.472375
    51 -1.030272 -3.578138 -0.343160 -0.608528 0.000019 -0.000003
    52 0.001133 -1.610108 0.002370 -0.249792 0.000003 -0.000002
    53 0.005787 -0.946060 0.004418 -0.484172 0.000001 0.000001
    54 -0.004241 0.043707 -0.080203 -2.014997 -0.186996 -1.460723
    55 0.015383 -0.089136 -0.030010 -2.006083 0.036346 -1.568629
    56 -0.022610 -0.212357 -0.177905 -1.933161 -0.118801 -1.518895
    57 1.309013 -3.227548 -0.342207 -0.611564 -0.066932 -0.041063
    58 0.000595 -1.242324 0.006085 -0.323549 0.000004 0.000009
    59 0.003175 -0.774607 -0.004222 -0.380163 -0.000006 -0.000004
    60 -0.067138 0.063251 -0.010961 -0.899214 -0.014515 -1.600326
    61 -0.151180 -0.007395 -0.070065 -0.913061 -0.118819 -1.408558
    62 -0.178164 -0.244680 -0.357067 -1.159916 -0.384260 -1.556110
    63 -0.387544 -0.463665 0.379860 0.183101 -0.621503 -2.738945
    64 2.472082 0.027425 0.001225 0.000015 0.000004 0.247407
    65 1.223419 0.009356 -0.005766 -0.000003 -0.000006 0.341680
    66 -0.263409 -0.117640 -0.015659 0.000036 -0.082210 -0.026800
    67 0.007707 -0.334360 -0.191575 0.070788 -0.181563 0.282364
    68 0.225562 -0.567923 -0.420715 0.119895 -0.183798 0.223460
    69 -0.203683 -0.095654 -0.328305 -1.745077 0.075142 -1.515382
    70 -1.393460 8.839182 -0.239439 1.580804 -0.005024 -1.566848
    71 0.036020 0.082815 -0.692656 -1.570769 0.065989 0.001276
    72 -0.088586 0.054020 -0.088594 0.010231 0.033800 -1.560851
    73 0.120153 -0.050270 -0.054489 -2.854024 0.030688 -1.580508
    74 -0.139399 -0.111694 0.014400 0.285395 -0.031353 1.580313
    75 -0.003479 -0.404833 0.000000 0.000000 0.000000 0.000000
    76 -0.313605 -4.589847 0.951765 -1.186351 1.434476 -1.173705
    77 -0.000001 3.367188 0.862793 0.000000 0.000000 0.000000
    78 0.001153 -1.104492 1.960938 0.000000 0.000000 0.000000
    79 0.000922 -2.777681 2.527314 0.000000 0.000000 0.000000
    80 -1.784180 18.750000 -7.144531 0.000000 0.000000 0.000000
    81 -0.003576 -2.248047 1.304688 0.000000 0.000000 0.000000
    82 0.001149 -4.261719 1.683594 0.000000 0.000000 0.000000
  time 12
    0 1.629157 0.000000 0.541027 0.000000 0.000000 -1.570796
    1 1.794249 9.172341 -7.724329 5.319810 -1.244369 -4.171993
    2 -0.001605 -10.701926 -0.002571 0.835558 -0.104916 -0.734249
    3 -0.652586 -3.626730 -0.341545 -1.003500 0.000001 -0.122185
    4 -0.013245 -1.509766 0.000002 -1.090796 0.000000 0.000000
    5 0.000000 -0.953613 0.000002 -1.223438 0.000000 0.000000
    6 0.007988 0.172184 -0.118553 -1.598091 -0.216549 -1.570593
    7 0.080660 0.135929 -0.203919 -1.506824 -0.066185 -1.662786
    8 0.117288 -0.155554 -0.604544 -1.412988 -0.374558 -1.569222
    9 0.127930 -3.763672 -0.348633 -0.890091 0.000001 -0.148345
    10 -0.000001 -1.562500 0.000000 -1.212964 0.000000 0.000007
    11 0.000000 -1.165039 0.000001 -1.279286 0.000000 0.000000
    12 -0.018589 0.129953 -0.123721 -1.294580 0.001302 -1.635383
    13 -0.006160 0.170065 -0.110169 -1.280084 -0.068681 -1.597215
    14 0.047100 -0.104074 -0.352264 -1.243368 -0.257298 -1.694346
    15 0.948730 -3.619141 -0.348633 -0.349063 0.000002 0.130893
    16 -0.021700 -1.596358 -0.007350 -0.322846 0.000000 0.000000
    17 -0.002117 -0.936035 0.000000 -0.593408 0.000000 0.000000
    18 -0.022325 0.045424 -0.038284 -1.125544 -0.129230 -1.681412
    19 -0.042900 -0.061274 -0.071212 -1.124462 -0.060454 -1.586099
    20 0.063741 -0.109104 -0.248158 -1.142813 -0.125805 -1.693583
    21 -1.407251 -3.245525 -0.342301 -0.788750 0.052688 -0.017720
    22 0.013451 -1.204102 0.000004 -0.931992 0.000000 0.000000
    23 -0.013000 -0.789551 0.000000 -1.061140 0.000000 0.000000
    24 -0.011721 0.093267 0.017949 -1.687855 -0.079155 -1.575164
    25 0.048863 -0.085541 0.028626 -1.715605 -0.034569 -1.653190
    26 0.173918 -0.198416 -0.336163 -1.668104 -0.422317 -1.710956
    27 0.438721 -0.485596 0.397217 0.505392 -0.466269 -1.212439
    28 2.357422 0.016098 0.000000 -0.304946 -0.017309 -0.456355
    29 1.250977 -0.000338 0.000001 0.000000 0.000000 -0.572457
    30 -0.267709 0.037512 -0.093907 2.913812 -0.143386 0.078467
    31 -0.029266 0.205408 -0.329287 2.788574 -0.255486 -0.188917
    32 0.204373 0.521055 -0.268577 2.886669 0.042206 -0.230367
    33 0.195697 -0.010059 -0.293538 -1.333586 0.150863 -1.672749
    34 1.257181 8.762590 -0.153713 -1.570562 0.002683 -1.566808
    35 -0.093500 -0.114213 -0.738866 -1.570842 0.061811 0.002096
    36 0.010843 0.093624 -0.081439 -3.141462 0.041719 -1.568236
    37 10.022514 -8.649332 -10.048465 -2.445135 0.721009 -0.353505
    38 0.104748 -10.673144 -0.001547 0.018765 0.180290 -0.204255
    39 0.553428 -3.646670 -0.341066 -0.728637 -0.046218 -0.024582
    40 0.021778 -1.503640 0.001039 -0.309228 0.000001 -0.000004
    41 0.008139 -0.928479 -0.004583 -0.530493 -0.000002 -0.000001
    42 0.006928 0.005329 -0.181358 -1.528500 -0.248579 -1.611362
    43 -0.052313 0.038589 -0.230757 -1.592493 -0.043415 -1.528515
    44 -0.232600 -0.209656 -0.420669 -1.713790 -0.167173 -1.438930
    45 -0.218280 -3.737618 -0.346082 -0.674268 -0.000005 -0.000020
    46 0.015894 -1.578467 0.006170 -0.343613 0.000020 -0.000009
    47 0.004384 -1.176453 0.000249 -0.657520 0.000021 0.000018
    48 -0.038065 0.069166 -0.159883 -1.816986 0.066178 -1.575392
    49 -0.025151 0.088762 -0.068837 -1.817843 0.044510 -1.568287
    50 -0.102916 -0.186983 -0.272246 -1.833683 -0.232962 -1.472375
    51 -1.030272 -3.578138 -0.343160 -0.583771 0.000019 -0.000003
    52 0.001133 -1.610108 0.006276 -0.256670 0.000003 -0.000002
    53 0.005787 -0.946060 0.004418 -0.487168 0.000001 0.000001
    54 -0.004241 0.043707 -0.080203 -2.014997 -0.186996 -1.460723
    55 0.015383 -0.089136 -0.030010 -2.006083 0.036346 -1.568629
    56 -0.022610 -0.212357 -0.177905 -1.933161 -0.118801 -1.518895
    57 1.305107 -3.227548 -0.342207 -0.579275 -0.066932 -0.041063
    58 0.004502 -1.242324 0.006085 -0.306716 0.000004 0.000009
    59 0.003175 -0.774607 -0.004222 -0.365555 -0.000006 -0.000004
    60 -0.067138 0.063251 -0.010961 -0.899214 -0.014515 -1.600326
    61 -0.151180 -0.007395 -0.070065 -0.913061 -0.118819 -1.408558
    62 -0.178164 -0.244680 -0.357067 -1.159916 -0.384260 -1.556110
    63 -0.387544 -0.463665 0.383766 0.215933 -0.616747 -2.755904
    64 2.468175 0.027425 0.001225 0.000015 0.000004 0.218179
    65 1.227325 0.009356 -0.005766 -0.000003 -0.000006 0.312683
    66 -0.263409 -0.117640 -0.015659 0.000036 -0.082210 -0.026800
    67 0.007707 -0.334360 -0.191575 0.070788 -0.181563 0.282364
    68 0.225562 -0.567923 -0.420715 0.119895 -0.183798 0.223460
    69 -0.203683 -0.095654 -0.328305 -1.745077 0.075142 -1.515382
    70 -1.393460 8.839182 -0.239439 1.580804 -0.005024 -1.566848
    71 0.036020 0.082815 -0.692656 -1.570769 0.065989 0.001276
    72 -0.088586 0.054020 -0.088594 0.010231 0.033800 -1.560851
    73 0.120153 -0.050270 -0.054489 -2.854024 0.030688 -1.580508
    74 -0.139399 -0.111694 0.014400 0.285395 -0.031353 1.580313
    75 -0.003479 -0.404833 0.000000 0.000000 0.000000 0.000000
    76 -0.313605 -4.589847 0.951765 -1.186351 1.434476 -1.173705
    77 -0.000001 3.367188 0.862793 0.000000 0.000000 0.000000
    78 0.001153 -1.104492 1.960938 0.000000 0.000000 0.000000
    79 0.000922 -2.777681 2.527314 0.000000 0.000000 0.000000
    80 -1.784180 18.750000 -7.144531 0.000000 0.000000 0.000000
    81 -0.003576 -2.248047 1.304688 0.000000 0.000000 0.000000
    82 0.001149 -4.261719 1.683594 0.000000 0.000000 0.000000
  time 13
    0 1.629157 0.000000 0.541027 0.000000 0.000000 -1.570796
    1 1.837219 9.172341 -7.704797 5.121692 -1.240454 -3.993845
    2 -0.001605 -10.698019 -0.002571 0.816854 -0.082597 -0.724212
    3 -0.652586 -3.626730 -0.345451 -1.003500 0.000001 -0.122185
    4 -0.013245 -1.509766 0.000002 -1.090796 0.000000 0.000000
    5 0.000000 -0.953613 0.000002 -1.223438 0.000000 0.000000
    6 0.007988 0.172184 -0.118553 -1.598091 -0.216549 -1.570593
    7 0.080660 0.135929 -0.203919 -1.506824 -0.066185 -1.662786
    8 0.117288 -0.155554 -0.604544 -1.412988 -0.374558 -1.569222
    9 0.127930 -3.763672 -0.348633 -0.890091 0.000001 -0.148345
    10 -0.000001 -1.562500 0.000000 -1.212964 0.000000 0.000007
    11 0.000000 -1.165039 0.000001 -1.279286 0.000000 0.000000
    12 -0.018589 0.129953 -0.123721 -1.294580 0.001302 -1.635383
    13 -0.006160 0.170065 -0.110169 -1.280084 -0.068681 -1.597215
    14 0.047100 -0.104074 -0.352264 -1.243368 -0.257298 -1.694346
    15 0.948730 -3.619141 -0.348633 -0.349063 0.000002 0.130893
    16 -0.021700 -1.596358 -0.003443 -0.322846 0.000000 0.000000
    17 -0.002117 -0.936035 0.000000 -0.593408 0.000000 0.000000
    18 -0.022325 0.045424 -0.038284 -1.125544 -0.129230 -1.681412
    19 -0.042900 -0.061274 -0.071212 -1.124462 -0.060454 -1.586099
    20 0.063741 -0.109104 -0.248158 -1.142813 -0.125805 -1.693583
    21 -1.407251 -3.245525 -0.342301 -0.788750 0.052688 -0.017706
    22 0.013451 -1.204102 0.000004 -0.931992 0.000000 0.000000
    23 -0.013000 -0.789551 0.000000 -1.061140 0.000000 0.000000
    24 -0.011721 0.093267 0.017949 -1.687855 -0.079155 -1.575164
    25 0.048863 -0.085541 0.028626 -1.715605 -0.034569 -1.653190
    26 0.173918 -0.198416 -0.336163 -1.668104 -0.422317 -1.710956
    27 0.438721 -0.485596 0.397217 0.505392 -0.466269 -1.212439
    28 2.357422 0.016098 0.000000 -0.304946 -0.017309 -0.456355
    29 1.250977 -0.000338 0.000001 0.000000 0.000000 -0.572457
    30 -0.267709 0.037512 -0.093907 2.913812 -0.143386 0.078467
    31 -0.029266 0.205408 -0.329287 2.788574 -0.255486 -0.188917
    32 0.204373 0.521055 -0.268577 2.886669 0.042206 -0.230367
    33 0.195697 -0.010059 -0.293538 -1.333586 0.150863 -1.672749
    34 1.257181 8.762590 -0.153713 -1.570562 0.002683 -1.566808
    35 -0.093500 -0.114213 -0.738866 -1.570842 0.061811 0.002096
    36 0.010843 0.093624 -0.081439 -3.141462 0.041719 -1.568236
    37 10.749099 -8.254789 -9.915648 -2.397924 0.670581 -0.276383
    38 0.104748 -10.677050 -0.005453 -0.007893 0.206981 -0.257185
    39 0.549521 -3.650577 -0.344972 -0.703028 -0.046218 -0.024582
    40 0.025684 -1.503640 0.001039 -0.314973 0.000001 -0.000004
    41 0.008139 -0.928479 -0.004583 -0.525890 -0.000002 -0.000001
    42 0.006928 0.005329 -0.181358 -1.528500 -0.248579 -1.611362
    43 -0.052313 0.038589 -0.230757 -1.592493 -0.043415 -1.528515
    44 -0.232600 -0.209656 -0.420669 -1.713790 -0.167173 -1.438930
    45 -0.218280 -3.741524 -0.346082 -0.663604 -0.000005 -0.000020
    46 0.019801 -1.578467 0.006170 -0.340206 0.000020 -0.000009
    47 0.000478 -1.176453 0.000249 -0.654346 0.000021 0.000018
    48 -0.038065 0.069166 -0.159883 -1.816986 0.066178 -1.575392
    49 -0.025151 0.088762 -0.068837 -1.817843 0.044510 -1.568287
    50 -0.102916 -0.186983 -0.272246 -1.833683 -0.232962 -1.472375
    51 -1.030272 -3.582044 -0.347066 -0.561737 0.000019 -0.000003
    52 0.001133 -1.610108 0.002370 -0.268851 0.000003 -0.000002
    53 0.005787 -0.946060 0.004418 -0.484899 0.000001 0.000001
    54 -0.004241 0.043707 -0.080203 -2.014997 -0.186996 -1.460723
    55 0.015383 -0.089136 -0.030010 -2.006083 0.036346 -1.568629
    56 -0.022610 -0.212357 -0.177905 -1.933161 -0.118801 -1.518895
    57 1.305107 -3.227548 -0.342207 -0.550362 -0.066932 -0.041063
    58 0.004502 -1.242324 0.002179 -0.293880 0.000004 0.000009
    59 0.007082 -0.774607 -0.004222 -0.350591 -0.000006 -0.000004
    60 -0.067138 0.063251 -0.010961 -0.899214 -0.014515 -1.600326
    61 -0.151180 -0.007395 -0.070065 -0.913061 -0.118819 -1.408558
    62 -0.178164 -0.244680 -0.357067 -1.159916 -0.384260 -1.556110
    63 -0.391451 -0.463665 0.379860 0.241452 -0.609483 -2.766307
    64 2.472082 0.027425 0.001225 0.000015 0.000004 0.188851
    65 1.227325 0.009356 -0.005766 -0.000003 -0.000006 0.281268
    66 -0.263409 -0.117640 -0.015659 0.000036 -0.082210 -0.026800
    67 0.007707 -0.334360 -0.191575 0.070788 -0.181563 0.282364
    68 0.225562 -0.567923 -0.420715 0.119895 -0.183798 0.223460
    69 -0.203683 -0.095654 -0.328305 -1.745077 0.075142 -1.515382
    70 -1.393460 8.839182 -0.239439 1.580804 -0.005024 -1.566848
    71 0.036020 0.082815 -0.692656 -1.570769 0.065989 0.001276
    72 -0.088586 0.054020 -0.088594 0.010231 0.033800 -1.560851
    73 0.120153 -0.050270 -0.054489 -2.854024 0.030688 -1.580508
    74 -0.139399 -0.111694 0.014400 0.285395 -0.031353 1.580313
    75 -0.003479 -0.404833 0.000000 0.000000 0.000000 0.000000
    76 -0.313605 -4.589847 0.951765 -1.186351 1.434476 -1.173705
    77 -0.000001 3.367188 0.862793 0.000000 0.000000 0.000000
    78 0.001153 -1.104492 1.960938 0.000000 0.000000 0.000000
    79 0.000922 -2.777681 2.523408 0.000000 0.000000 0.000000
    80 -1.784180 18.750000 -7.144531 0.000000 0.000000 0.000000
    81 -0.003576 -2.248047 1.304688 0.000000 0.000000 0.000000
    82 0.001149 -4.261719 1.683594 0.000000 0.000000 0.000000
  time 14
    0 1.629157 0.000000 0.541027 0.000000 0.000000 -1.570796
    1 1.825500 9.105933 -7.724329 4.930810 -1.240643 -3.824694
    2 -0.005512 -10.698019 -0.002571 0.787282 -0.057878 -0.710192
    3 -0.652586 -3.626730 -0.341545 -1.003500 0.000001 -0.122173
    4 -0.013245 -1.509766 0.000002 -1.090796 0.000000 0.000000
    5 0.000000 -0.953613 0.000002 -1.223438 0.000000 0.000000
    6 0.007988 0.172184 -0.118553 -1.598091 -0.216549 -1.570593
    7 0.080660 0.135929 -0.203919 -1.506824 -0.066185 -1.662786
    8 0.117288 -0.155554 -0.604544 -1.412988 -0.374558 -1.569222
    9 0.127930 -3.763672 -0.348633 -0.890091 0.000001 -0.148345
    10 -0.000001 -1.562500 0.000000 -1.212964 0.000000 0.000007
    11 0.000000 -1.165039 0.000001 -1.279286 0.000000 0.000000
    12 -0.018589 0.129953 -0.123721 -1.294580 0.001302 -1.635383
    13 -0.006160 0.170065 -0.110169 -1.280084 -0.068681 -1.597215
    14 0.047100 -0.104074 -0.352264 -1.243368 -0.257298 -1.694346
    15 0.948730 -3.619141 -0.348633 -0.349063 0.000002 0.130893
    16 -0.017794 -1.596358 -0.007350 -0.322846 0.000000 0.000000
    17 -0.002117 -0.936035 0.000000 -0.593408 0.000000 0.000000
    18 -0.022325 0.045424 -0.038284 -1.125544 -0.129230 -1.681412
    19 -0.042900 -0.061274 -0.071212 -1.124462 -0.060454 -1.586099
    20 0.063741 -0.109104 -0.248158 -1.142813 -0.125805 -1.693583
    21 -1.407251 -3.245525 -0.342301 -0.788750 0.052688 -0.017706
    22 0.013451 -1.204102 0.000004 -0.931992 0.000000 0.000000
    23 -0.013000 -0.789551 0.000000 -1.061140 0.000000 0.000000
    24 -0.011721 0.093267 0.017949 -1.687855 -0.079155 -1.575164
    25 0.048863 -0.085541 0.028626 -1.715605 -0.034569 -1.653190
    26 0.173918 -0.198416 -0.336163 -1.668104 -0.422317 -1.710956
    27 0.438721 -0.485596 0.397217 0.505392 -0.466269 -1.212439
    28 2.357422 0.016098 0.000000 -0.304946 -0.017309 -0.456355
    29 1.250977 -0.000338 0.000001 0.000000 0.000000 -0.572457
    30 -0.267709 0.037512 -0.093907 2.913812 -0.143386 0.078467
    31 -0.029266 0.205408 -0.329287 2.788574 -0.255486 -0.188917
    32 0.204373 0.521055 -0.268577 2.886669 0.042206 -0.230367
    33 0.195697 -0.010059 -0.293538 -1.333586 0.150863 -1.672749
    34 1.257181 8.762590 -0.153713 -1.570562 0.002683 -1.566808
    35 -0.093500 -0.114213 -0.738866 -1.570842 0.061811 0.002096
    36 0.010843 0.093624 -0.081439 -3.141462 0.041719 -1.568236
    37 11.272552 -8.000875 -9.798457 -2.361585 0.615948 -0.212353
    38 0.108654 -10.673144 -0.005453 -0.037886 0.228591 -0.307953
    39 0.553428 -3.646670 -0.341066 -0.679566 -0.046218 -0.024582
    40 0.025684 -1.503640 0.001039 -0.327594 0.000001 -0.000004
    41 0.008139 -0.928479 -0.004583 -0.516578 -0.000002 -0.000001
    42 0.006928 0.005329 -0.181358 -1.528500 -0.248579 -1.611362
    43 -0.052313 0.038589 -0.230757 -1.592493 -0.043415 -1.528515
    44 -0.232600 -0.209656 -0.420669 -1.713790 -0.167173 -1.438930
    45 -0.218280 -3.737618 -0.346082 -0.653913 -0.000005 -0.000020
    46 0.015894 -1.578467 0.006170 -0.343201 0.000020 -0.000009
    47 0.004384 -1.176453 0.000249 -0.645311 0.000021 0.000018
    48 -0.038065 0.069166 -0.159883 -1.816986 0.066178 -1.575392
    49 -0.025151 0.088762 -0.068837 -1.817843 0.044510 -1.568287
    50 -0.102916 -0.186983 -0.272246 -1.833683 -0.232962 -1.472375
    51 -1.030272 -3.578138 -0.343160 -0.543029 0.000019 -0.000003
    52 0.001133 -1.610108 0.002370 -0.287175 0.000003 -0.000002
    53 0.001880 -0.946060 0.004418 -0.476171 0.000001 0.000001
    54 -0.004241 0.043707 -0.080203 -2.014997 -0.186996 -1.460723
    55 0.015383 -0.089136 -0.030010 -2.006083 0.036346 -1.568629
    56 -0.022610 -0.212357 -0.177905 -1.933161 -0.118801 -1.518895
    57 1.309013 -3.227548 -0.342207 -0.525431 -0.066932 -0.041063
    58 0.000595 -1.242324 0.002179 -0.285829 0.000004 0.000009
    59 0.003175 -0.774607 -0.004222 -0.334967 -0.000006 -0.000004
    60 -0.067138 0.063251 -0.010961 -0.899214 -0.014515 -1.600326
    61 -0.151180 -0.007395 -0.070065 -0.913061 -0.118819 -1.408558
    62 -0.178164 -0.244680 -0.357067 -1.159916 -0.384260 -1.556110
    63 -0.391451 -0.463665 0.383766 0.258635 -0.599791 -2.769276
    64 2.472082 0.027425 0.001225 0.000015 0.000004 0.159322
    65 1.227325 0.009356 -0.005766 -0.000003 -0.000006 0.247017
    66 -0.263409 -0.117640 -0.015659 0.000036 -0.082210 -0.026800
    67 0.007707 -0.334360 -0.191575 0.070788 -0.181563 0.282364
    68 0.225562 -0.567923 -0.420715 0.119895 -0.183798 0.223460
    69 -0.203683 -0.095654 -0.328305 -1.745077 0.075142 -1.515382
    70 -1.393460 8.839182 -0.239439 1.580804 -0.005024 -1.566848
    71 0.036020 0.082815 -0.692656 -1.570769 0.065989 0.001276
    72 -0.088586 0.054020 -0.088594 0.010231 0.033800 -1.560851
    73 0.120153 -0.050270 -0.054489 -2.854024 0.030688 -1.580508
    74 -0.139399 -0.111694 0.014400 0.285395 -0.031353 1.580313
    75 -0.003479 -0.404833 0.000000 0.000000 0.000000 0.000000
    76 -0.313605 -4.589847 0.951765 -1.186351 1.434476 -1.173705
    77 -0.000001 3.367188 0.862793 0.000000 0.000000 0.000000
    78 0.001153 -1.104492 1.960938 0.000000 0.000000 0.000000
    79 0.000922 -2.777681 2.527314 0.000000 0.000000 0.000000
    80 -1.784180 18.750000 -7.144531 0.000000 0.000000 0.000000
    81 -0.003576 -2.248047 1.304688 0.000000 0.000000 0.000000
    82 0.001149 -4.261719 1.683594 0.000000 0.000000 0.000000
  time 15
    0 1.629157 0.000000 0.541027 0.000000 0.000000 -1.570796
    1 1.739560 8.961397 -7.798550 4.733675 -1.233097 -3.650865
    2 -0.005512 -10.701926 -0.002571 0.748899 -0.030712 -0.692927
    3 -0.652586 -3.626730 -0.341545 -1.003500 0.000001 -0.122185
    4 -0.013245 -1.509766 0.000002 -1.090796 0.000000 0.000000
    5 0.000000 -0.953613 0.000002 -1.223438 0.000000 0.000000
    6 0.007988 0.172184 -0.118553 -1.598091 -0.216549 -1.570593
    7 0.080660 0.135929 -0.203919 -1.506824 -0.066185 -1.662786
    8 0.117288 -0.155554 -0.604544 -1.412988 -0.374558 -1.569222
    9 0.127930 -3.763672 -0.348633 -0.890091 0.000001 -0.148345
    10 -0.000001 -1.562500 0.000000 -1.212964 0.000000 0.000007
    11 0.000000 -1.165039 0.000001 -1.279286 0.000000 0.000000
    12 -0.018589 0.129953 -0.123721 -1.294580 0.001302 -1.635383
    13 -0.006160 0.170065 -0.110169 -1.280084 -0.068681 -1.597215
    14 0.047100 -0.104074 -0.352264 -1.243368 -0.257298 -1.694346
    15 0.948730 -3.619141 -0.348633 -0.349063 0.000002 0.130893
    16 -0.021700 -1.596358 -0.003443 -0.322846 0.000000 0.000000
    17 -0.002117 -0.936035 0.000000 -0.593408 0.000000 0.000000
    18 -0.022325 0.045424 -0.038284 -1.125544 -0.129230 -1.681412
    19 -0.042900 -0.061274 -0.071212 -1.124462 -0.060454 -1.586099
    20 0.063741 -0.109104 -0.248158 -1.142813 -0.125805 -1.693583
    21 -1.407251 -3.245525 -0.342301 -0.788750 0.052688 -0.017706
    22 0.013451 -1.204102 0.000004 -0.931992 0.000000 0.000000
    23 -0.013000 -0.789551 0.000000 -1.061140 0.000000 0.000000
    24 -0.011721 0.093267 0.017949 -1.687855 -0.079155 -1.575164
    25 0.048863 -0.085541 0.028626 -1.715605 -0.034569 -1.653190
    26 0.173918 -0.198416 -0.336163 -1.668104 -0.422317 -1.710956
    27 0.438721 -0.485596 0.397217 0.505392 -0.466269 -1.212439
    28 2.357422 0.016098 0.000000 -0.304946 -0.017309 -0.456355
    29 1.250977 -0.000338 0.000001 0.000000 0.000000 -0.572457
    30 -0.267709 0.037512 -0.093907 2.913812 -0.143386 0.078467
    31 -0.029266 0.205408 -0.329287 2.788574 -0.255486 -0.188917
    32 0.204373 0.521055 -0.268577 2.886669 0.042206 -0.230367
    33 0.195697 -0.010059 -0.293538 -1.333586 0.150863 -1.672749
    34 1.257181 8.762590 -0.153713 -1.570562 0.002683 -1.566808
    35 -0.093500 -0.114213 -0.738866 -1.570842 0.061811 0.002096
    36 0.010843 0.093624 -0.081439 -3.141462 0.041719 -1.568236
    37 11.542092 -7.907122 -9.700798 -2.336406 0.556968 -0.162467
    38 0.104748 -10.673144 -0.005453 -0.072586 0.237882 -0.353020
    39 0.553428 -3.650577 -0.344972 -0.658650 -0.046218 -0.024582
    40 0.021778 -1.503640 0.001039 -0.347372 0.000001 -0.000004
    41 0.008139 -0.928479 -0.004583 -0.501975 -0.000002 -0.000001
    42 0.006928 0.005329 -0.181358 -1.528500 -0.248579 -1.611362
    43 -0.052313 0.038589 -0.230757 -1.592493 -0.043415 -1.528515
    44 -0.232600 -0.209656 -0.420669 -1.713790 -0.167173 -1.438930
    45 -0.218280 -3.741524 -0.346082 -0.645323 -0.000005 -0.000020
    46 0.019801 -1.582373 0.006170 -0.353422 0.000020 -0.000009
    47 0.000478 -1.176453 0.000249 -0.629728 0.000021 0.000018
    48 -0.038065 0.069166 -0.159883 -1.816986 0.066178 -1.575392
    49 -0.025151 0.088762 -0.068837 -1.817843 0.044510 -1.568287
    50 -0.102916 -0.186983 -0.272246 -1.833683 -0.232962 -1.472375
    51 -1.030272 -3.582044 -0.343160 -0.527886 0.000019 -0.000003
    52 0.001133 -1.610108 0.002370 -0.312430 0.000003 -0.000002
    53 0.001880 -0.946060 0.004418 -0.459938 0.000001 0.000001
    54 -0.004241 0.043707 -0.080203 -2.014997 -0.186996 -1.460723
    55 0.015383 -0.089136 -0.030010 -2.006083 0.036346 -1.568629
    56 -0.022610 -0.212357 -0.177905 -1.933161 -0.118801 -1.518895
    57 1.309013 -3.227548 -0.342207 -0.505001 -0.066932 -0.041079
    58 0.000595 -1.242324 0.006085 -0.283014 0.000004 0.000009
    59 0.003175 -0.774607 -0.000316 -0.318989 -0.000006 -0.000004
    60 -0.067138 0.063251 -0.010961 -0.899214 -0.014515 -1.600326
    61 -0.151180 -0.007395 -0.070065 -0.913061 -0.118819 -1.408558
    62 -0.178164 -0.244680 -0.357067 -1.159916 -0.384260 -1.556110
    63 -0.387544 -0.463665 0.379860 0.264259 -0.586225 -2.761454
    64 2.472082 0.027425 0.001225 0.000015 0.000004 0.129692
    65 1.227325 0.009356 -0.005766 -0.000003 -0.000006 0.209624
    66 -0.263409 -0.117640 -0.015659 0.000036 -0.082210 -0.026800
    67 0.007707 -0.334360 -0.191575 0.070788 -0.181563 0.282364
    68 0.225562 -0.567923 -0.420715 0.119895 -0.183798 0.223460
    69 -0.203683 -0.095654 -0.328305 -1.745077 0.075142 -1.515382
    70 -1.393460 8.839182 -0.239439 1.580804 -0.005024 -1.566848
    71 0.036020 0.082815 -0.692656 -1.570769 0.065989 0.001276
    72 -0.088586 0.054020 -0.088594 0.010231 0.033800 -1.560851
    73 0.120153 -0.050270 -0.054489 -2.854024 0.030688 -1.580508
    74 -0.139399 -0.111694 0.014400 0.285395 -0.031353 1.580313
    75 -0.003479 -0.404833 0.000000 0.000000 0.000000 0.000000
    76 -0.313605 -4.589847 0.951765 -1.186351 1.434476 -1.173705
    77 -0.000001 3.367188 0.862793 0.000000 0.000000 0.000000
    78 0.001153 -1.104492 1.960938 0.000000 0.000000 0.000000
    79 0.000922 -2.777681 2.523408 0.000000 0.000000 0.000000
    80 -1.784180 18.750000 -7.144531 0.000000 0.000000 0.000000
    81 -0.003576 -2.248047 1.304688 0.000000 0.000000 0.000000
    82 0.001149 -4.261719 1.683594 0.000000 0.000000 0.000000
  time 16
    0 1.629157 0.000000 0.541027 0.000000 0.000000 -1.570796
    1 1.591118 8.766079 -7.915741 4.542614 -1.216825 -3.484144
    2 -0.001605 -10.698019 -0.002571 0.703479 -0.001238 -0.673221
    3 -0.652586 -3.626730 -0.345451 -1.003500 0.000001 -0.122185
    4 -0.013245 -1.509766 0.000002 -1.090796 0.000000 0.000000
    5 0.000000 -0.953613 0.000002 -1.223438 0.000000 0.000000
    6 0.007988 0.172184 -0.118553 -1.598091 -0.216549 -1.570593
    7 0.080660 0.135929 -0.203919 -1.506824 -0.066185 -1.662786
    8 0.117288 -0.155554 -0.604544 -1.412988 -0.374558 -1.569222
    9 0.127930 -3.763672 -0.348633 -0.890091 0.000001 -0.148345
    10 -0.000001 -1.562500 0.000000 -1.212964 0.000000 0.000007
    11 0.000000 -1.165039 0.000001 -1.279286 0.000000 0.000000
    12 -0.018589 0.129953 -0.123721 -1.294580 0.001302 -1.635383
    13 -0.006160 0.170065 -0.110169 -1.280084 -0.068681 -1.597215
    14 0.047100 -0.104074 -0.352264 -1.243368 -0.257298 -1.694346
    15 0.948730 -3.619141 -0.348633 -0.349063 0.000002 0.130893
    16 -0.021700 -1.596358 -0.007350 -0.322846 0.000000 0.000000
    17 -0.002117 -0.936035 0.000000 -0.593408 0.000000 0.000000
    18 -0.022325 0.045424 -0.038284 -1.125544 -0.129230 -1.681412
    19 -0.042900 -0.061274 -0.071212 -1.124462 -0.060454 -1.586099
    20 0.063741 -0.109104 -0.248158 -1.142813 -0.125805 -1.693583
    21 -1.407251 -3.249431 -0.346207 -0.788750 0.052688 -0.017720
    22 0.013451 -1.204102 0.000004 -0.931992 0.000000 0.000000
    23 -0.013000 -0.789551 0.000000 -1.061140 0.000000 0.000000
    24 -0.011721 0.093267 0.017949 -1.687855 -0.079155 -1.575164
    25 0.048863 -0.085541 0.028626 -1.715605 -0.034569 -1.653190
    26 0.173918 -0.198416 -0.336163 -1.668104 -0.422317 -1.710956
    27 0.438721 -0.485596 0.397217 0.505392 -0.466269 -1.212439
    28 2.357422 0.016098 0.000000 -0.304946 -0.017309 -0.456355
    29 1.250977 -0.000338 0.000001 0.000000 0.000000 -0.572457
    30 -0.267709 0.037512 -0.093907 2.913812 -0.143386 0.078467
    31 -0.029266 0.205408 -0.329287 2.788574 -0.255486 -0.188917
    32 0.204373 0.521055 -0.268577 2.886669 0.042206 -0.230367
    33 0.195697 -0.010059 -0.293538 -1.333586 0.150863 -1.672749
    34 1.257181 8.762590 -0.153713 -1.570562 0.002683 -1.566808
    35 -0.093500 -0.114213 -0.738866 -1.570842 0.061811 0.002096
    36 0.010843 0.093624 -0.081439 -3.141462 0.041719 -1.568236
    37 11.506934 -8.032126 -9.618764 -2.322195 0.493688 -0.127585
    38 0.104748 -10.673144 -0.001547 -0.113124 0.231121 -0.389496
    39 0.549521 -3.650577 -0.341066 -0.640729 -0.046218 -0.024582
    40 0.021778 -1.503640 0.001039 -0.375910 0.000001 -0.000004
    41 0.012045 -0.928479 -0.004583 -0.481499 -0.000002 -0.000001
    42 0.006928 0.005329 -0.181358 -1.528500 -0.248579 -1.611362
    43 -0.052313 0.038589 -0.230757 -1.592493 -0.043415 -1.528515
    44 -0.232600 -0.209656 -0.420669 -1.713790 -0.167173 -1.438930
    45 -0.218280 -3.741524 -0.346082 -0.637833 -0.000005 -0.000020
    46 0.019801 -1.578467 0.006170 -0.371749 0.000020 -0.000009
    47 0.000478 -1.172547 0.000249 -0.606683 0.000021 0.000018
    48 -0.038065 0.069166 -0.159883 -1.816986 0.066178 -1.575392
    49 -0.025151 0.088762 -0.068837 -1.817843 0.044510 -1.568287
    50 -0.102916 -0.186983 -0.272246 -1.833683 -0.232962 -1.472375
    51 -1.034178 -3.582044 -0.343160 -0.516829 0.000019 -0.000003
    52 0.001133 -1.610108 0.002370 -0.345560 0.000003 -0.000002
    53 0.005787 -0.946060 0.004418 -0.434831 0.000001 0.000001
    54 -0.004241 0.043707 -0.080203 -2.014997 -0.186996 -1.460723
    55 0.015383 -0.089136 -0.030010 -2.006083 0.036346 -1.568629
    56 -0.022610 -0.212357 -0.177905 -1.933161 -0.118801 -1.518895
    57 1.305107 -3.227548 -0.342207 -0.489722 -0.066932 -0.041063
    58 0.000595 -1.242324 0.006085 -0.286505 0.000004 0.000009
    59 0.003175 -0.774607 -0.000316 -0.302249 -0.000006 -0.000004
    60 -0.067138 0.063251 -0.010961 -0.899214 -0.014515 -1.600326
    61 -0.151180 -0.007395 -0.070065 -0.913061 -0.118819 -1.408558
    62 -0.178164 -0.244680 -0.357067 -1.159916 -0.384260 -1.556110
    63 -0.391451 -0.463665 0.383766 0.257679 -0.568044 -2.741887
    64 2.472082 0.027425 0.001225 0.000015 0.000004 0.099996
    65 1.227325 0.009356 -0.005766 -0.000003 -0.000006 0.168756
    66 -0.263409 -0.117640 -0.015659 0.000036 -0.082210 -0.026800
    67 0.007707 -0.334360 -0.191575 0.070788 -0.181563 0.282364
    68 0.225562 -0.567923 -0.420715 0.119895 -0.183798 0.223460
    69 -0.203683 -0.095654 -0.328305 -1.745077 0.075142 -1.515382
    70 -1.393460 8.839182 -0.239439 1.580804 -0.005024 -1.566848
    71 0.036020 0.082815 -0.692656 -1.570769 0.065989 0.001276
    72 -0.088586 0.054020 -0.088594 0.010231 0.033800 -1.560851
    73 0.120153 -0.050270 -0.054489 -2.854024 0.030688 -1.580508
    74 -0.139399 -0.111694 0.014400 0.285395 -0.031353 1.580313
    75 -0.003479 -0.404833 0.000000 0.000000 0.000000 0.000000
    76 -0.313605 -4.589847 0.951765 -1.186351 1.434476 -1.173705
    77 -0.000001 3.367188 0.862793 0.000000 0.000000 0.000000
    78 0.001153 -1.104492 1.960938 0.000000 0.000000 0.000000
    79 0.000922 -2.777681 2.527314 0.000000 0.000000 0.000000
    80 -1.784180 18.750000 -7.144531 0.000000 0.000000 0.000000
    81 -0.003576 -2.248047 1.304688 0.000000 0.000000 0.000000
    82 0.001149 -4.261719 1.683594 0.000000 0.000000 0.000000
  time 17
    0 1.629157 0.000000 0.541027 0.000000 0.000000 -1.570796
    1 1.411425 8.539509 -8.052464 4.368703 -1.192205 -3.334788
    2 -0.001605 -10.698019 -0.006478 0.653009 0.030428 -0.651696
    3 -0.652586 -3.626730 -0.345451 -1.003500 0.000001 -0.122185
    4 -0.013245 -1.509766 0.000002 -1.090796 0.000000 0.000000
    5 0.000000 -0.953613 0.000002 -1.223438 0.000000 0.000000
    6 0.007988 0.172184 -0.118553 -1.598091 -0.216549 -1.570593
    7 0.080660 0.135929 -0.203919 -1.506824 -0.066185 -1.662786
    8 0.117288 -0.155554 -0.604544 -1.412988 -0.374558 -1.569222
    9 0.127930 -3.763672 -0.348633 -0.890091 0.000001 -0.148345
    10 -0.000001 -1.562500 0.000000 -1.212964 0.000000 0.000007
    11 0.000000 -1.165039 0.000001 -1.279286 0.000000 0.000000
    12 -0.018589 0.129953 -0.123721 -1.294580 0.001302 -1.635383
    13 -0.006160 0.170065 -0.110169 -1.280084 -0.068681 -1.597215
    14 0.047100 -0.104074 -0.352264 -1.243368 -0.257298 -1.694346
    15 0.948730 -3.619141 -0.348633 -0.349063 0.000002 0.130893
    16 -0.021700 -1.596358 -0.003443 -0.322846 0.000000 0.000000
    17 -0.002117 -0.936035 0.000000 -0.593408 0.000000 0.000000
    18 -0.022325 0.045424 -0.038284 -1.125544 -0.129230 -1.681412
    19 -0.042900 -0.061274 -0.071212 -1.124462 -0.060454 -1.586099
    20 0.063741 -0.109104 -0.248158 -1.142813 -0.125805 -1.693583
    21 -1.407251 -3.249431 -0.346207 -0.788750 0.052688 -0.017720
    22 0.013451 -1.204102 0.000004 -0.931992 0.000000 0.000000
    23 -0.013000 -0.789551 0.000000 -1.061140 0.000000 0.000000
    24 -0.011721 0.093267 0.017949 -1.687855 -0.079155 -1.575164
    25 0.048863 -0.085541 0.028626 -1.715605 -0.034569 -1.653190
    26 0.173918 -0.198416 -0.336163 -1.668104 -0.422317 -1.710956
    27 0.438721 -0.485596 0.397217 0.505392 -0.466269 -1.212439
    28 2.357422 0.016098 0.000000 -0.304946 -0.017309 -0.456355
    29 1.250977 -0.000338 0.000001 0.000000 0.000000 -0.572457
    30 -0.267709 0.037512 -0.093907 2.913812 -0.143386 0.078467
    31 -0.029266 0.205408 -0.329287 2.788574 -0.255486 -0.188917
    32 0.204373 0.521055 -0.268577 2.886669 0.042206 -0.230367
    33 0.195697 -0.010059 -0.293538 -1.333586 0.150863 -1.672749
    34 1.257181 8.762590 -0.153713 -1.570562 0.002683 -1.566808
    35 -0.093500 -0.114213 -0.738866 -1.570842 0.061811 0.002096
    36 0.010843 0.093624 -0.081439 -3.141462 0.041719 -1.568236
    37 11.128016 -8.426669 -9.552356 -2.318666 0.425361 -0.108472
    38 0.104748 -10.673144 -0.001547 -0.159633 0.213099 -0.417688
    39 0.553428 -3.650577 -0.341066 -0.625903 -0.046218 -0.024582
    40 0.021778 -1.507546 0.001039 -0.413677 0.000001 -0.000004
    41 0.008139 -0.928479 -0.004583 -0.454462 -0.000002 -0.000001
    42 0.006928 0.005329 -0.181358 -1.528500 -0.248579 -1.611362
    43 -0.052313 0.038589 -0.230757 -1.592493 -0.043415 -1.528515
    44 -0.232600 -0.209656 -0.420669 -1.713790 -0.167173 -1.438930
    45 -0.214374 -3.737618 -0.346082 -0.631739 -0.000005 -0.000020
    46 0.019801 -1.582373 0.006170 -0.398829 0.000020 -0.000009
    47 0.000478 -1.176453 0.000249 -0.575460 0.000021 0.000018
    48 -0.038065 0.069166 -0.159883 -1.816986 0.066178 -1.575392
    49 -0.025151 0.088762 -0.068837 -1.817843 0.044510 -1.568287
    50 -0.102916 -0.186983 -0.272246 -1.833683 -0.232962 -1.472375
    51 -1.030272 -3.578138 -0.343160 -0.510219 0.000019 -0.000003
    52 0.001133 -1.610108 0.002370 -0.387301 0.000003 -0.000002
    53 0.005787 -0.946060 0.004418 -0.399775 0.000001 0.000001
    54 -0.004241 0.043707 -0.080203 -2.014997 -0.186996 -1.460723
    55 0.015383 -0.089136 -0.030010 -2.006083 0.036346 -1.568629
    56 -0.022610 -0.212357 -0.177905 -1.933161 -0.118801 -1.518895
    57 1.309013 -3.227548 -0.342207 -0.480243 -0.066932 -0.041063
    58 0.004502 -1.242324 0.006085 -0.296695 0.000004 0.000009
    59 0.003175 -0.774607 -0.004222 -0.285054 -0.000006 -0.000004
    60 -0.067138 0.063251 -0.010961 -0.899214 -0.014515 -1.600326
    61 -0.151180 -0.007395 -0.070065 -0.913061 -0.118819 -1.408558
    62 -0.178164 -0.244680 -0.357067 -1.159916 -0.384260 -1.556110
    63 -0.387544 -0.463665 0.383766 0.241630 -0.545789 -2.713337
    64 2.468175 0.027425 0.001225 0.000015 0.000004 0.070299
    65 1.227325 0.009356 -0.005766 -0.000003 -0.000006 0.124079
    66 -0.263409 -0.117640 -0.015659 0.000036 -0.082210 -0.026800
    67 0.007707 -0.334360 -0.191575 0.070788 -0.181563 0.282364
    68 0.225562 -0.567923 -0.420715 0.119895 -0.183798 0.223460
    69 -0.203683 -0.095654 -0.328305 -1.745077 0.075142 -1.515382
    70 -1.393460 8.839182 -0.239439 1.580804 -0.005024 -1.566848
    71 0.036020 0.082815 -0.692656 -1.570769 0.065989 0.001276
    72 -0.088586 0.054020 -0.088594 0.010231 0.033800 -1.560851
    73 0.120153 -0.050270 -0.054489 -2.854024 0.030688 -1.580508
    74 -0.139399 -0.111694 0.014400 0.285395 -0.031353 1.580313
    75 -0.003479 -0.404833 0.000000 0.000000 0.000000 0.000000
    76 -0.313605 -4.589847 0.951765 -1.186351 1.434476 -1.173705
    77 -0.000001 3.367188 0.862793 0.000000 0.000000 0.000000
    78 0.001153 -1.104492 1.960938 0.000000 0.000000 0.000000
    79 0.000922 -2.777681 2.523408 0.000000 0.000000 0.000000
    80 -1.784180 18.750000 -7.144531 0.000000 0.000000 0.000000
    81 -0.003576 -2.248047 1.304688 0.000000 0.000000 0.000000
    82 0.001149 -4.261719 1.683594 0.000000 0.000000 0.000000
  time 18
    0 1.629157 0.000000 0.541027 0.000000 0.000000 -1.570796
    1 1.208294 8.297314 -8.208719 4.218462 -1.161171 -3.208915
    2 -0.001605 -10.701926 -0.002571 0.599265 0.064310 -0.628975
    3 -0.648679 -3.626730 -0.345451 -1.003500 0.000001 -0.122185
    4 -0.013245 -1.509766 0.000002 -1.090796 0.000000 0.000000
    5 0.000000 -0.953613 0.000002 -1.223438 0.000000 0.000000
    6 0.007988 0.172184 -0.118553 -1.598091 -0.216549 -1.570593
    7 0.080660 0.135929 -0.203919 -1.506824 -0.066185 -1.662786
    8 0.117288 -0.155554 -0.604544 -1.412988 -0.374558 -1.569222
    9 0.127930 -3.763672 -0.348633 -0.890091 0.000001 -0.148345
    10 -0.000001 -1.562500 0.000000 -1.212964 0.000000 0.000007
    11 0.000000 -1.165039 0.000001 -1.279286 0.000000 0.000000
    12 -0.018589 0.129953 -0.123721 -1.294580 0.001302 -1.635383
    13 -0.006160 0.170065 -0.110169 -1.280084 -0.068681 -1.597215
    14 0.047100 -0.104074 -0.352264 -1.243368 -0.257298 -1.694346
    15 0.948730 -3.619141 -0.348633 -0.349063 0.000002 0.130893
    16 -0.017794 -1.596358 -0.003443 -0.322846 0.000000 0.000000
    17 -0.002117 -0.936035 0.000000 -0.593408 0.000000 0.000000
    18 -0.022325 0.045424 -0.038284 -1.125544 -0.129230 -1.681412
    19 -0.042900 -0.061274 -0.071212 -1.124462 -0.060454 -1.586099
    20 0.063741 -0.109104 -0.248158 -1.142813 -0.125805 -1.693583
    21 -1.407251 -3.245525 -0.342301 -0.788750 0.052688 -0.017720
    22 0.013451 -1.204102 0.000004 -0.931992 0.000000 0.000000
    23 -0.013000 -0.789551 0.000000 -1.061140 0.000000 0.000000
    24 -0.011721 0.093267 0.017949 -1.687855 -0.079155 -1.575164
    25 0.048863 -0.085541 0.028626 -1.715605 -0.034569 -1.653190
    26 0.173918 -0.198416 -0.336163 -1.668104 -0.422317 -1.710956
    27 0.438721 -0.485596 0.397217 0.505392 -0.466269 -1.212439
    28 2.357422 0.016098 0.000000 -0.304946 -0.017309 -0.456355
    29 1.250977 -0.000338 0.000001 0.000000 0.000000 -0.572457
    30 -0.267709 0.037512 -0.093907 2.913812 -0.143386 0.078467
    31 -0.029266 0.205408 -0.329287 2.788574 -0.255486 -0.188917
    32 0.204373 0.521055 -0.268577 2.886669 0.042206 -0.230367
    33 0.195697 -0.010059 -0.293538 -1.333586 0.150863 -1.672749
    34 1.257181 8.762590 -0.153713 -1.570562 0.002683 -1.566808
    35 -0.093500 -0.114213 -0.738866 -1.570842 0.061811 0.002096
    36 0.010843 0.093624 -0.081439 -3.141462 0.041719 -1.568236
    37 10.417057 -9.090752 -9.501573 -2.352239 0.345350 -0.168010
    38 0.104748 -10.673144 -0.005453 -0.212975 0.188710 -0.438382
    39 0.549521 -3.650577 -0.341066 -0.615620 -0.046218 -0.024582
    40 0.025684 -1.503640 0.001039 -0.483655 0.000001 -0.000004
    41 0.012045 -0.928479 -0.004583 -0.404515 -0.000002 -0.000001
    42 0.006928 0.005329 -0.181358 -1.528500 -0.248579 -1.611362
    43 -0.052313 0.038589 -0.230757 -1.592493 -0.043415 -1.528515
    44 -0.232600 -0.209656 -0.420669 -1.713790 -0.167173 -1.438930
    45 -0.218280 -3.737618 -0.346082 -0.627465 -0.000005 -0.000020
    46 0.019801 -1.578467 0.006170 -0.457217 0.000020 -0.000009
    47 0.000478 -1.172547 0.000249 -0.515931 0.000021 0.000018
    48 -0.038065 0.069166 -0.159883 -1.816986 0.066178 -1.575392
    49 -0.025151 0.088762 -0.068837 -1.817843 0.044510 -1.568287
    50 -0.102916 -0.186983 -0.272246 -1.833683 -0.232962 -1.472375
    51 -1.034178 -3.578138 -0.343160 -0.518311 0.000019 -0.000003
    52 0.001133 -1.610108 0.002370 -0.459284 0.000003 -0.000002
    53 0.005787 -0.946060 0.004418 -0.335481 0.000001 0.000001
    54 -0.004241 0.043707 -0.080203 -2.014997 -0.186996 -1.460723
    55 0.015383 -0.089136 -0.030010 -2.006083 0.036346 -1.568629
    56 -0.022610 -0.212357 -0.177905 -1.933161 -0.118801 -1.518895
    57 1.305107 -3.227548 -0.342207 -0.488510 -0.066932 -0.041063
    58 0.000595 -1.242324 0.006085 -0.329010 0.000004 0.000009
    59 0.003175 -0.774607 -0.000316 -0.264561 -0.000006 -0.000004
    60 -0.067138 0.063251 -0.010961 -0.899214 -0.014515 -1.600326
    61 -0.151180 -0.007395 -0.070065 -0.913061 -0.118819 -1.408558
    62 -0.178164 -0.244680 -0.357067 -1.159916 -0.384260 -1.556110
    63 -0.391451 -0.463665 0.379860 0.218934 -0.520063 -2.678617
    64 2.472082 0.027425 0.001225 0.000015 0.000004 0.038393
    65 1.227325 0.009356 -0.005766 -0.000003 -0.000006 0.064222
    66 -0.263409 -0.117640 -0.015659 0.000036 -0.082210 -0.026800
    67 0.007707 -0.334360 -0.191575 0.070788 -0.181563 0.282364
    68 0.225562 -0.567923 -0.420715 0.119895 -0.183798 0.223460
    69 -0.203683 -0.095654 -0.328305 -1.745077 0.075142 -1.515382
    70 -1.393460 8.839182 -0.239439 1.580804 -0.005024 -1.566848
    71 0.036020 0.082815 -0.692656 -1.570769 0.065989 0.001276
    72 -0.088586 0.054020 -0.088594 0.010231 0.033800 -1.560851
    73 0.120153 -0.050270 -0.054489 -2.854024 0.030688 -1.580508
    74 -0.139399 -0.111694 0.014400 0.285395 -0.031353 1.580313
    75 -0.003479 -0.404833 0.000000 0.000000 0.000000 0.000000
    76 -0.313605 -4.589847 0.951765 -1.186351 1.434476 -1.173705
    77 -0.000001 3.367188 0.862793 0.000000 0.000000 0.000000
    78 0.001153 -1.104492 1.960938 0.000000 0.000000 0.000000
    79 0.000922 -2.777681 2.527314 0.000000 0.000000 0.000000
    80 -1.784180 18.750000 -7.144531 0.000000 0.000000 0.000000
    81 -0.003576 -2.248047 1.304688 0.000000 0.000000 0.000000
    82 0.001149 -4.261719 1.683594 0.000000 0.000000 0.000000
  time 19
    0 1.629157 0.000000 0.541027 0.000000 0.000000 -1.570796
    1 1.009069 8.059026 -8.353254 4.093679 -1.126364 -3.107515
    2 -0.001605 -10.698019 -0.002571 0.544023 0.100039 -0.605424
    3 -0.652586 -3.626730 -0.341545 -1.003500 0.000001 -0.122185
    4 -0.013245 -1.509766 0.000002 -1.090796 0.000000 0.000000
    5 0.000000 -0.953613 0.000002 -1.223438 0.000000 0.000000
    6 0.007988 0.172184 -0.118553 -1.598091 -0.216549 -1.570593
    7 0.080660 0.135929 -0.203919 -1.506824 -0.066185 -1.662786
    8 0.117288 -0.155554 -0.604544 -1.412988 -0.374558 -1.569222
    9 0.127930 -3.763672 -0.348633 -0.890091 0.000001 -0.148345
    10 -0.000001 -1.562500 0.000000 -1.212964 0.000000 0.000007
    11 0.000000 -1.165039 0.000001 -1.279286 0.000000 0.000000
    12 -0.018589 0.129953 -0.123721 -1.294580 0.001302 -1.635383
    13 -0.006160 0.170065 -0.110169 -1.280084 -0.068681 -1.597215
    14 0.047100 -0.104074 -0.352264 -1.243368 -0.257298 -1.694346
    15 0.948730 -3.619141 -0.348633 -0.349063 0.000002 0.130893
    16 -0.017794 -1.596358 -0.003443 -0.322846 0.000000 0.000000
    17 -0.002117 -0.936035 0.000000 -0.593408 0.000000 0.000000
    18 -0.022325 0.045424 -0.038284 -1.125544 -0.129230 -1.681412
    19 -0.042900 -0.061274 -0.071212 -1.124462 -0.060454 -1.586099
    20 0.063741 -0.109104 -0.248158 -1.142813 -0.125805 -1.693583
    21 -1.407251 -3.245525 -0.342301 -0.788750 0.052688 -0.017720
    22 0.013451 -1.204102 0.000004 -0.931992 0.000000 0.000000
    23 -0.013000 -0.789551 0.000000 -1.061140 0.000000 0.000000
    24 -0.011721 0.093267 0.017949 -1.687855 -0.079155 -1.575164
    25 0.048863 -0.085541 0.028626 -1.715605 -0.034569 -1.653190
    26 0.173918 -0.198416 -0.336163 -1.668104 -0.422317 -1.710956
    27 0.438721 -0.485596 0.397217 0.505392 -0.466269 -1.212439
    28 2.357422 0.016098 0.000000 -0.304946 -0.017309 -0.456355
    29 1.250977 -0.000338 0.000001 0.000000 0.000000 -0.572457
    30 -0.267709 0.037512 -0.093907 2.913812 -0.143386 0.078467
    31 -0.029266 0.205408 -0.329287 2.788574 -0.255486 -0.188917
    32 0.204373 0.521055 -0.268577 2.886669 0.042206 -0.230367
    33 0.195697 -0.010059 -0.293538 -1.333586 0.150863 -1.672749
    34 1.257181 8.762590 -0.153713 -1.570562 0.002683 -1.566808
    35 -0.093500 -0.114213 -0.738866 -1.570842 0.061811 0.002096
    36 0.010843 0.093624 -0.081439 -3.141462 0.041719 -1.568236
    37 9.577188 -9.801711 -9.478135 -2.398114 0.263703 -0.292247
    38 0.104748 -10.673144 -0.005453 -0.274333 0.162703 -0.452843
    39 0.549521 -3.650577 -0.341066 -0.610279 -0.046218 -0.024582
    40 0.025684 -1.503640 0.001039 -0.599500 0.000001 -0.000004
    41 0.008139 -0.928479 -0.004583 -0.322505 -0.000002 -0.000001
    42 0.006928 0.005329 -0.181358 -1.528500 -0.248579 -1.611362
    43 -0.052313 0.038589 -0.230757 -1.592493 -0.043415 -1.528515
    44 -0.232600 -0.209656 -0.420669 -1.713790 -0.167173 -1.438930
    45 -0.214374 -3.737618 -0.346082 -0.625265 -0.000005 -0.000020
    46 0.015894 -1.582373 0.006170 -0.559719 0.000020 -0.000009
    47 0.000478 -1.172547 0.000249 -0.416486 0.000021 0.000018
    48 -0.038065 0.069166 -0.159883 -1.816986 0.066178 -1.575392
    49 -0.025151 0.088762 -0.068837 -1.817843 0.044510 -1.568287
    50 -0.102916 -0.186983 -0.272246 -1.833683 -0.232962 -1.472375
    51 -1.030272 -3.578138 -0.343160 -0.547195 0.000019 -0.000003
    52 0.001133 -1.610108 0.002370 -0.574111 0.000003 -0.000002
    53 0.005787 -0.946060 0.004418 -0.231331 0.000001 0.000001
    54 -0.004241 0.043707 -0.080203 -2.014997 -0.186996 -1.460723
    55 0.015383 -0.089136 -0.030010 -2.006083 0.036346 -1.568629
    56 -0.022610 -0.212357 -0.177905 -1.933161 -0.118801 -1.518895
    57 1.305107 -3.227548 -0.342207 -0.521319 -0.066932 -0.041063
    58 0.004502 -1.242324 0.006085 -0.392571 0.000004 0.000009
    59 0.003175 -0.774607 -0.000316 -0.239604 -0.000006 -0.000004
    60 -0.067138 0.063251 -0.010961 -0.899214 -0.014515 -1.600326
    61 -0.151180 -0.007395 -0.070065 -0.913061 -0.118819 -1.408558
    62 -0.178164 -0.244680 -0.357067 -1.159916 -0.384260 -1.556110
    63 -0.391451 -0.463665 0.383766 0.192237 -0.491447 -2.640309
    64 2.472082 0.027425 0.001225 0.000015 0.000004 0.003206
    65 1.223419 0.009356 -0.005766 -0.000003 -0.000006 -0.017375
    66 -0.263409 -0.117640 -0.015659 0.000036 -0.082210 -0.026800
    67 0.007707 -0.334360 -0.191575 0.070788 -0.181563 0.282364
    68 0.225562 -0.567923 -0.420715 0.119895 -0.183798 0.223460
    69 -0.203683 -0.095654 -0.328305 -1.745077 0.075142 -1.515382
    70 -1.393460 8.839182 -0.239439 1.580804 -0.005024 -1.566848
    71 0.036020 0.082815 -0.692656 -1.570769 0.065989 0.001276
    72 -0.088586 0.054020 -0.088594 0.010231 0.033800 -1.560851
    73 0.120153 -0.050270 -0.054489 -2.854024 0.030688 -1.580508
    74 -0.139399 -0.111694 0.014400 0.285395 -0.031353 1.580313
    75 -0.003479 -0.404833 0.000000 0.000000 0.000000 0.000000
    76 -0.313605 -4.589847 0.951765 -1.186351 1.434476 -1.173705
    77 -0.000001 3.367188 0.862793 0.000000 0.000000 0.000000
    78 0.001153 -1.104492 1.960938 0.000000 0.000000 0.000000
    79 0.000922 -2.777681 2.523408 0.000000 0.000000 0.000000
    80 -1.784180 18.750000 -7.144531 0.000000 0.000000 0.000000
    81 -0.003576 -2.248047 1.304688 0.000000 0.000000 0.000000
    82 0.001149 -4.261719 1.683594 0.000000 0.000000 0.000000
  time 20
    0 1.629157 0.000000 0.541027 0.000000 0.000000 -1.570796
    1 0.829376 7.855895 -8.493884 3.993369 -1.090142 -3.028968
    2 -0.005512 -10.701926 -0.006478 0.489025 0.137245 -0.581436
    3 -0.652586 -3.626730 -0.345451 -1.003500 0.000001 -0.122185
    4 -0.013245 -1.509766 0.000002 -1.090796 0.000000 0.000000
    5 0.000000 -0.953613 0.000002 -1.223438 0.000000 0.000000
    6 0.007988 0.172184 -0.118553 -1.598091 -0.216549 -1.570593
    7 0.080660 0.135929 -0.203919 -1.506824 -0.066185 -1.662786
    8 0.117288 -0.155554 -0.604544 -1.412988 -0.374558 -1.569222
    9 0.127930 -3.763672 -0.348633 -0.890091 0.000001 -0.148345
    10 -0.000001 -1.562500 0.000000 -1.212964 0.000000 0.000007
    11 0.000000 -1.165039 0.000001 -1.279286 0.000000 0.000000
    12 -0.018589 0.129953 -0.123721 -1.294580 0.001302 -1.635383
    13 -0.006160 0.170065 -0.110169 -1.280084 -0.068681 -1.597215
    14 0.047100 -0.104074 -0.352264 -1.243368 -0.257298 -1.694346
    15 0.948730 -3.619141 -0.348633 -0.349063 0.000002 0.130893
    16 -0.021700 -1.596358 -0.003443 -0.322846 0.000000 0.000000
    17 -0.002117 -0.936035 0.000000 -0.593408 0.000000 0.000000
    18 -0.022325 0.045424 -0.038284 -1.125544 -0.129230 -1.681412
    19 -0.042900 -0.061274 -0.071212 -1.124462 -0.060454 -1.586099
    20 0.063741 -0.109104 -0.248158 -1.142813 -0.125805 -1.693583
    21 -1.403345 -3.245525 -0.342301 -0.788750 0.052688 -0.017720
    22 0.013451 -1.204102 0.000004 -0.931992 0.000000 0.000000
    23 -0.013000 -0.789551 0.000000 -1.061140 0.000000 0.000000
    24 -0.011721 0.093267 0.017949 -1.687855 -0.079155 -1.575164
    25 0.048863 -0.085541 0.028626 -1.715605 -0.034569 -1.653190
    26 0.173918 -0.198416 -0.336163 -1.668104 -0.422317 -1.710956
    27 0.438721 -0.485596 0.397217 0.505392 -0.466269 -1.212439
    28 2.357422 0.016098 0.000000 -0.304946 -0.017309 -0.456355
    29 1.250977 -0.000338 0.000001 0.000000 0.000000 -0.572457
    30 -0.267709 0.037512 -0.093907 2.913812 -0.143386 0.078467
    31 -0.029266 0.205408 -0.329287 2.788574 -0.255486 -0.188917
    32 0.204373 0.521055 -0.268577 2.886669 0.042206 -0.230367
    33 0.195697 -0.010059 -0.293538 -1.333586 0.150863 -1.672749
    34 1.257181 8.762590 -0.153713 -1.570562 0.002683 -1.566808
    35 -0.093500 -0.114213 -0.738866 -1.570842 0.061811 0.002096
    36 0.010843 0.093624 -0.081439 -3.141462 0.041719 -1.568236
    37 8.827165 -10.270475 -9.466416 -2.401357 0.218463 -0.380646
    38 0.104748 -10.673144 -0.005453 -0.345213 0.139786 -0.462699
    39 0.549521 -3.650577 -0.341066 -0.609181 -0.046218 -0.024582
    40 0.025684 -1.503640 0.001039 -0.747367 0.000001 -0.000004
    41 0.012045 -0.928479 -0.004583 -0.217850 -0.000002 -0.000001
    42 0.006928 0.005329 -0.181358 -1.528500 -0.248579 -1.611362
    43 -0.052313 0.038589 -0.230757 -1.592493 -0.043415 -1.528515
    44 -0.232600 -0.209656 -0.420669 -1.713790 -0.167173 -1.438930
    45 -0.214374 -3.737618 -0.346082 -0.624884 -0.000005 -0.000020
    46 0.019801 -1.582373 0.006170 -0.693707 0.000020 -0.000009
    47 0.000478 -1.176453 0.000249 -0.288908 0.000021 0.000018
    48 -0.038065 0.069166 -0.159883 -1.816986 0.066178 -1.575392
    49 -0.025151 0.088762 -0.068837 -1.817843 0.044510 -1.568287
    50 -0.102916 -0.186983 -0.272246 -1.833683 -0.232962 -1.472375
    51 -1.030272 -3.578138 -0.343160 -0.591222 0.000019 -0.000003
    52 0.001133 -1.610108 0.002370 -0.719023 0.000003 -0.000002
    53 0.005787 -0.946060 0.004418 -0.099224 0.000001 0.000001
    54 -0.004241 0.043707 -0.080203 -2.014997 -0.186996 -1.460723
    55 0.015383 -0.089136 -0.030010 -2.006083 0.036346 -1.568629
    56 -0.022610 -0.212357 -0.177905 -1.933161 -0.118801 -1.518895
    57 1.309013 -3.227548 -0.342207 -0.572220 -0.066932 -0.041063
    58 0.000595 -1.242324 0.002179 -0.478482 0.000004 0.000009
    59 0.003175 -0.774607 -0.004222 -0.211553 -0.000006 -0.000004
    60 -0.067138 0.063251 -0.010961 -0.899214 -0.014515 -1.600326
    61 -0.151180 -0.007395 -0.070065 -0.913061 -0.118819 -1.408558
    62 -0.178164 -0.244680 -0.357067 -1.159916 -0.384260 -1.556110
    63 -0.387544 -0.463665 0.383766 0.163828 -0.460764 -2.600762
    64 2.472082 0.027425 0.001225 0.000015 0.000004 -0.033789
    65 1.223419 0.009356 -0.005766 -0.000003 -0.000006 -0.113790
    66 -0.263409 -0.117640 -0.015659 0.000036 -0.082210 -0.026800
    67 0.007707 -0.334360 -0.191575 0.070788 -0.181563 0.282364
    68 0.225562 -0.567923 -0.420715 0.119895 -0.183798 0.223460
    69 -0.203683 -0.095654 -0.328305 -1.745077 0.075142 -1.515382
    70 -1.393460 8.839182 -0.239439 1.580804 -0.005024 -1.566848
    71 0.036020 0.082815 -0.692656 -1.570769 0.065989 0.001276
    72 -0.088586 0.054020 -0.088594 0.010231 0.033800 -1.560851
    73 0.120153 -0.050270 -0.054489 -2.854024 0.030688 -1.580508
    74 -0.139399 -0.111694 0.014400 0.285395 -0.031353 1.580313
    75 -0.003479 -0.404833 0.000000 0.000000 0.000000 0.000000
    76 -0.313605 -4.589847 0.951765 -1.186351 1.434476 -1.173705
    77 -0.000001 3.367188 0.862793 0.000000 0.000000 0.000000
    78 0.001153 -1.104492 1.960938 0.000000 0.000000 0.000000
    79 0.000922 -2.777681 2.527314 0.000000 0.000000 0.000000
    80 -1.784180 18.750000 -7.144531 0.000000 0.000000 0.000000
    81 -0.003576 -2.248047 1.304688 0.000000 0.000000 0.000000
    82 0.001149 -4.261719 1.683594 0.000000 0.000000 0.000000
  time 21
    0 1.629157 0.000000 0.541027 0.000000 0.000000 -1.570796
    1 0.680934 7.687921 -8.603262 3.915391 -1.055005 -2.970395
    2 -0.005512 -10.701926 -0.006478 0.435977 0.175489 -0.557126
    3 -0.652586 -3.626730 -0.341545 -1.003534 0.000001 -0.122185
    4 -0.013245 -1.509766 0.000002 -1.090796 0.000000 0.000000
    5 0.000000 -0.953613 0.000002 -1.223438 0.000000 0.000000
    6 0.007988 0.172184 -0.118553 -1.598091 -0.216549 -1.570593
    7 0.080660 0.135929 -0.203919 -1.506824 -0.066185 -1.662786
    8 0.117288 -0.155554 -0.604544 -1.412988 -0.374558 -1.569222
    9 0.127930 -3.763672 -0.348633 -0.890091 0.000001 -0.148345
    10 -0.000001 -1.562500 0.000000 -1.212964 0.000000 0.000007
    11 0.000000 -1.165039 0.000001 -1.279286 0.000000 0.000000
    12 -0.018589 0.129953 -0.123721 -1.294580 0.001302 -1.635383
    13 -0.006160 0.170065 -0.110169 -1.280084 -0.068681 -1.597215
    14 0.047100 -0.104074 -0.352264 -1.243368 -0.257298 -1.694346
    15 0.948730 -3.619141 -0.348633 -0.349063 0.000002 0.130893
    16 -0.021700 -1.596358 -0.003443 -0.322846 0.000000 0.000000
    17 -0.002117 -0.936035 0.000000 -0.593408 0.000000 0.000000
    18 -0.022325 0.045424 -0.038284 -1.125544 -0.129230 -1.681412
    19 -0.042900 -0.061274 -0.071212 -1.124462 -0.060454 -1.586099
    20 0.063741 -0.109104 -0.248158 -1.142813 -0.125805 -1.693583
    21 -1.403345 -3.249431 -0.342301 -0.788750 0.052688 -0.017720
    22 0.013451 -1.204102 0.000004 -0.931992 0.000000 0.000000
    23 -0.013000 -0.789551 0.000000 -1.061140 0.000000 0.000000
    24 -0.011721 0.093267 0.017949 -1.687855 -0.079155 -1.575164
    25 0.048863 -0.085541 0.028626 -1.715605 -0.034569 -1.653190
    26 0.173918 -0.198416 -0.336163 -1.668104 -0.422317 -1.710956
    27 0.438721 -0.485596 0.397217 0.505392 -0.466269 -1.212439
    28 2.357422 0.016098 0.000000 -0.304946 -0.017309 -0.456355
    29 1.250977 -0.000338 0.000001 0.000000 0.000000 -0.572457
    30 -0.267709 0.037512 -0.093907 2.913812 -0.143386 0.078467
    31 -0.029266 0.205408 -0.329287 2.788574 -0.255486 -0.188917
    32 0.204373 0.521055 -0.268577 2.886669 0.042206 -0.230367
    33 0.195697 -0.010059 -0.293538 -1.333586 0.150863 -1.672749
    34 1.257181 8.762590 -0.153713 -1.570562 0.002683 -1.566808
    35 -0.093500 -0.114213 -0.738866 -1.570842 0.061811 0.002096
    36 0.010843 0.093624 -0.081439 -3.141462 0.041719 -1.568236
    37 8.143550 -10.200161 -9.517199 -2.359010 0.223417 -0.412183
    38 0.104748 -10.673144 -0.005453 -0.441917 0.114755 -0.472106
    39 0.553428 -3.650577 -0.341066 -0.611926 -0.046218 -0.024582
    40 0.025684 -1.503640 0.001039 -0.914071 0.000001 -0.000004
    41 0.008139 -0.928479 -0.004583 -0.100126 -0.000002 -0.000001
    42 0.006928 0.005329 -0.181358 -1.528500 -0.248579 -1.611362
    43 -0.052313 0.038589 -0.230757 -1.592493 -0.043415 -1.528515
    44 -0.232600 -0.209656 -0.420669 -1.713790 -0.167173 -1.438930
    45 -0.214374 -3.737618 -0.346082 -0.625942 -0.000005 -0.000020
    46 0.019801 -1.582373 0.006170 -0.846021 0.000020 -0.000009
    47 0.004384 -1.176453 0.000249 -0.145002 0.000021 0.000018
    48 -0.038065 0.069166 -0.159883 -1.816986 0.066178 -1.575392
    49 -0.025151 0.088762 -0.068837 -1.817843 0.044510 -1.568287
    50 -0.102916 -0.186983 -0.272246 -1.833683 -0.232962 -1.472375
    51 -1.030272 -3.578138 -0.343160 -0.644543 0.000019 -0.000003
    52 0.001133 -1.610108 0.002370 -0.881051 0.000003 -0.000002
    53 0.005787 -0.946060 0.004418 0.048943 0.000001 0.000001
    54 -0.004241 0.043707 -0.080203 -2.014997 -0.186996 -1.460723
    55 0.015383 -0.089136 -0.030010 -2.006083 0.036346 -1.568629
    56 -0.022610 -0.212357 -0.177905 -1.933161 -0.118801 -1.518895
    57 1.309013 -3.227548 -0.342207 -0.634288 -0.066932 -0.041063
    58 0.004502 -1.242324 0.006085 -0.577736 0.000004 0.000009
    59 0.003175 -0.774607 -0.000316 -0.182284 -0.000006 -0.000004
    60 -0.067138 0.063251 -0.010961 -0.899214 -0.014515 -1.600326
    61 -0.151180 -0.007395 -0.070065 -0.913061 -0.118819 -1.408558
    62 -0.178164 -0.244680 -0.357067 -1.159916 -0.384260 -1.556110
    63 -0.387544 -0.463665 0.383766 0.135775 -0.428957 -2.562016
    64 2.468175 0.027425 0.001225 0.000015 0.000004 -0.071086
    65 1.223419 0.009356 -0.005766 -0.000003 -0.000006 -0.217990
    66 -0.263409 -0.117640 -0.015659 0.000036 -0.082210 -0.026800
    67 0.007707 -0.334360 -0.191575 0.070788 -0.181563 0.282364
    68 0.225562 -0.567923 -0.420715 0.119895 -0.183798 0.223460
    69 -0.203683 -0.095654 -0.328305 -1.745077 0.075142 -1.515382
    70 -1.393460 8.839182 -0.239439 1.580804 -0.005024 -1.566848
    71 0.036020 0.082815 -0.692656 -1.570769 0.065989 0.001276
    72 -0.088586 0.054020 -0.088594 0.010231 0.033800 -1.560851
    73 0.120153 -0.050270 -0.054489 -2.854024 0.030688 -1.580508
    74 -0.139399 -0.111694 0.014400 0.285395 -0.031353 1.580313
    75 -0.003479 -0.404833 0.000000 0.000000 0.000000 0.000000
    76 -0.313605 -4.589847 0.951765 -1.186351 1.434476 -1.173705
    77 -0.000001 3.367188 0.862793 0.000000 0.000000 0.000000
    78 0.001153 -1.104492 1.960938 0.000000 0.000000 0.000000
    79 0.000922 -2.777681 2.523408 0.000000 0.000000 0.000000
    80 -1.784180 18.750000 -7.144531 0.000000 0.000000 0.000000
    81 -0.003576 -2.248047 1.304688 0.000000 0.000000 0.000000
    82 0.001149 -4.261719 1.683594 0.000000 0.000000 0.000000
  time 22
    0 1.629157 0.000000 0.541027 0.000000 0.000000 -1.570796
    1 0.594994 7.586355 -8.665764 3.857867 -1.023263 -2.929367
    2 -0.005512 -10.698019 -0.002571 0.386587 0.214218 -0.532471
    3 -0.648679 -3.626730 -0.345451 -1.003500 0.000001 -0.122185
    4 -0.013245 -1.509766 0.000002 -1.090796 0.000000 0.000000
    5 0.000000 -0.953613 0.000002 -1.223438 0.000000 0.000000
    6 0.007988 0.172184 -0.118553 -1.598091 -0.216549 -1.570593
    7 0.080660 0.135929 -0.203919 -1.506824 -0.066185 -1.662786
    8 0.117288 -0.155554 -0.604544 -1.412988 -0.374558 -1.569222
    9 0.127930 -3.763672 -0.348633 -0.890091 0.000001 -0.148345
    10 -0.000001 -1.562500 0.000000 -1.212964 0.000000 0.000007
    11 0.000000 -1.165039 0.000001 -1.279286 0.000000 0.000000
    12 -0.018589 0.129953 -0.123721 -1.294580 0.001302 -1.635383
    13 -0.006160 0.170065 -0.110169 -1.280084 -0.068681 -1.597215
    14 0.047100 -0.104074 -0.352264 -1.243368 -0.257298 -1.694346
    15 0.948730 -3.619141 -0.348633 -0.349063 0.000002 0.130893
    16 -0.017794 -1.596358 -0.003443 -0.322846 0.000000 0.000000
    17 -0.002117 -0.936035 0.000000 -0.593408 0.000000 0.000000
    18 -0.022325 0.045424 -0.038284 -1.125544 -0.129230 -1.681412
    19 -0.042900 -0.061274 -0.071212 -1.124462 -0.060454 -1.586099
    20 0.063741 -0.109104 -0.248158 -1.142813 -0.125805 -1.693583
    21 -1.407251 -3.249431 -0.342301 -0.788750 0.052688 -0.017720
    22 0.013451 -1.204102 0.000004 -0.931992 0.000000 0.000000
    23 -0.013000 -0.789551 0.000000 -1.061140 0.000000 0.000000
    24 -0.011721 0.093267 0.017949 -1.687855 -0.079155 -1.575164
    25 0.048863 -0.085541 0.028626 -1.715605 -0.034569 -1.653190
    26 0.173918 -0.198416 -0.336163 -1.668104 -0.422317 -1.710956
    27 0.438721 -0.485596 0.397217 0.505392 -0.466269 -1.212439
    28 2.357422 0.016098 0.000000 -0.304946 -0.017309 -0.456355
    29 1.250977 -0.000338 0.000001 0.000000 0.000000 -0.572457
    30 -0.267709 0.037512 -0.093907 2.913812 -0.143386 0.078467
    31 -0.029266 0.205408 -0.329287 2.788574 -0.255486 -0.188917
    32 0.204373 0.521055 -0.268577 2.886669 0.042206 -0.230367
    33 0.195697 -0.010059 -0.293538 -1.333586 0.150863 -1.672749
    34 1.257181 8.762590 -0.153713 -1.570562 0.002683 -1.566808
    35 -0.093500 -0.114213 -0.738866 -1.570842 0.061811 0.002096
    36 0.010843 0.093624 -0.081439 -3.141462 0.041719 -1.568236
    37 7.456029 -9.692333 -9.630483 -2.299591 0.252393 -0.428716
    38 0.104748 -10.673144 -0.005453 -0.565224 0.083791 -0.476430
    39 0.553428 -3.646670 -0.344972 -0.617567 -0.046218 -0.024582
    40 0.025684 -1.503640 0.001039 -1.085861 0.000001 -0.000004
    41 0.008139 -0.928479 -0.004583 0.020984 -0.000002 -0.000001
    42 0.006928 0.005329 -0.181358 -1.528500 -0.248579 -1.611362
    43 -0.052313 0.038589 -0.230757 -1.592493 -0.043415 -1.528515
    44 -0.232600 -0.209656 -0.420669 -1.713790 -0.167173 -1.438930
    45 -0.214374 -3.737618 -0.346082 -0.628227 -0.000005 -0.000020
    46 0.019801 -1.582373 0.006170 -1.003798 0.000020 -0.000009
    47 0.000478 -1.172547 0.000249 0.003335 0.000021 0.000018
    48 -0.038065 0.069166 -0.159883 -1.816986 0.066178 -1.575392
    49 -0.025151 0.088762 -0.068837 -1.817843 0.044510 -1.568287
    50 -0.102916 -0.186983 -0.272246 -1.833683 -0.232962 -1.472375
    51 -1.030272 -3.578138 -0.347066 -0.701590 0.000019 -0.000003
    52 0.001133 -1.610108 0.002370 -1.047542 0.000003 -0.000002
    53 0.001880 -0.946060 0.004418 0.201386 0.000001 0.000001
    54 -0.004241 0.043707 -0.080203 -2.014997 -0.186996 -1.460723
    55 0.015383 -0.089136 -0.030010 -2.006083 0.036346 -1.568629
    56 -0.022610 -0.212357 -0.177905 -1.933161 -0.118801 -1.518895
    57 1.305107 -3.227548 -0.346114 -0.700771 -0.066932 -0.041063
    58 0.004502 -1.242324 0.006085 -0.681325 0.000004 0.000009
    59 0.003175 -0.774607 -0.000316 -0.153168 -0.000006 -0.000004
    60 -0.067138 0.063251 -0.010961 -0.899214 -0.014515 -1.600326
    61 -0.151180 -0.007395 -0.070065 -0.913061 -0.118819 -1.408558
    62 -0.178164 -0.244680 -0.357067 -1.159916 -0.384260 -1.556110
    63 -0.391451 -0.463665 0.379860 0.109812 -0.397351 -2.525695
    64 2.472082 0.027425 0.001225 0.000015 0.000004 -0.107244
    65 1.223419 0.009356 -0.005766 -0.000003 -0.000006 -0.323107
    66 -0.263409 -0.117640 -0.015659 0.000036 -0.082210 -0.026800
    67 0.007707 -0.334360 -0.191575 0.070788 -0.181563 0.282364
    68 0.225562 -0.567923 -0.420715 0.119895 -0.183798 0.223460
    69 -0.203683 -0.095654 -0.328305 -1.745077 0.075142 -1.515382
    70 -1.393460 8.839182 -0.239439 1.580804 -0.005024 -1.566848
    71 0.036020 0.082815 -0.692656 -1.570769 0.065989 0.001276
    72 -0.088586 0.054020 -0.088594 0.010231 0.033800 -1.560851
    73 0.120153 -0.050270 -0.054489 -2.854024 0.030688 -1.580508
    74 -0.139399 -0.111694 0.014400 0.285395 -0.031353 1.580313
    75 -0.003479 -0.404833 0.000000 0.000000 0.000000 0.000000
    76 -0.313605 -4.589847 0.951765 -1.186351 1.434476 -1.173705
    77 -0.000001 3.367188 0.862793 0.000000 0.000000 0.000000
    78 0.001153 -1.104492 1.960938 0.000000 0.000000 0.000000
    79 0.000922 -2.777681 2.523408 0.000000 0.000000 0.000000
    80 -1.784180 18.750000 -7.144531 0.000000 0.000000 0.000000
    81 -0.003576 -2.248047 1.304688 0.000000 0.000000 0.000000
    82 0.001149 -4.261719 1.683594 0.000000 0.000000 0.000000
  time 23
    0 1.629157 0.000000 0.541027 0.000000 0.000000 -1.570796
    1 0.555930 7.519947 -8.700921 3.828837 -1.004303 -2.907863
    2 -0.001605 -10.701926 -0.002571 0.342560 0.252855 -0.507240
    3 -0.652586 -3.626730 -0.341545 -1.003534 0.000001 -0.122185
    4 -0.013245 -1.509766 0.000002 -1.090796 0.000000 0.000000
    5 0.000000 -0.953613 0.000002 -1.223438 0.000000 0.000000
    6 0.007988 0.172184 -0.118553 -1.598091 -0.216549 -1.570593
    7 0.080660 0.135929 -0.203919 -1.506824 -0.066185 -1.662786
    8 0.117288 -0.155554 -0.604544 -1.412988 -0.374558 -1.569222
    9 0.127930 -3.763672 -0.348633 -0.890091 0.000001 -0.148345
    10 -0.000001 -1.562500 0.000000 -1.212964 0.000000 0.000007
    11 0.000000 -1.165039 0.000001 -1.279286 0.000000 0.000000
    12 -0.018589 0.129953 -0.123721 -1.294580 0.001302 -1.635383
    13 -0.006160 0.170065 -0.110169 -1.280084 -0.068681 -1.597215
    14 0.047100 -0.104074 -0.352264 -1.243368 -0.257298 -1.694346
    15 0.948730 -3.619141 -0.348633 -0.349063 0.000002 0.130893
    16 -0.021700 -1.596358 -0.003443 -0.322846 0.000000 0.000000
    17 -0.002117 -0.936035 0.000000 -0.593408 0.000000 0.000000
    18 -0.022325 0.045424 -0.038284 -1.125544 -0.129230 -1.681412
    19 -0.042900 -0.061274 -0.071212 -1.124462 -0.060454 -1.586099
    20 0.063741 -0.109104 -0.248158 -1.142813 -0.125805 -1.693583
    21 -1.407251 -3.245525 -0.342301 -0.788750 0.052688 -0.017720
    22 0.013451 -1.204102 0.000004 -0.931992 0.000000 0.000000
    23 -0.013000 -0.789551 0.000000 -1.061140 0.000000 0.000000
    24 -0.011721 0.093267 0.017949 -1.687855 -0.079155 -1.575164
    25 0.048863 -0.085541 0.028626 -1.715605 -0.034569 -1.653190
    26 0.173918 -0.198416 -0.336163 -1.668104 -0.422317 -1.710956
    27 0.438721 -0.485596 0.397217 0.505392 -0.466269 -1.212439
    28 2.357422 0.016098 0.000000 -0.304946 -0.017309 -0.456355
    29 1.250977 -0.000338 0.000001 0.000000 0.000000 -0.572457
    30 -0.267709 0.037512 -0.093907 2.913812 -0.143386 0.078467
    31 -0.029266 0.205408 -0.329287 2.788574 -0.255486 -0.188917
    32 0.204373 0.521055 -0.268577 2.886669 0.042206 -0.230367
    33 0.195697 -0.010059 -0.293538 -1.333586 0.150863 -1.672749
    34 1.257181 8.762590 -0.153713 -1.570562 0.002683 -1.566808
    35 -0.093500 -0.114213 -0.738866 -1.570842 0.061811 0.002096
    36 0.010843 0.093624 -0.081439 -3.141462 0.041719 -1.568236
    37 6.897419 -9.028250 -9.747674 -2.231302 0.292024 -0.432730
    38 0.104748 -10.673144 -0.001547 -0.694100 0.055960 -0.467052
    39 0.549521 -3.650577 -0.341066 -0.625454 -0.046218 -0.024582
    40 0.021778 -1.503640 0.001039 -1.248986 0.000001 -0.000004
    41 0.008139 -0.928479 -0.004583 0.136274 -0.000002 -0.000001
    42 0.006928 0.005329 -0.181358 -1.528500 -0.248579 -1.611362
    43 -0.052313 0.038589 -0.230757 -1.592493 -0.043415 -1.528515
    44 -0.232600 -0.209656 -0.420669 -1.713790 -0.167173 -1.438930
    45 -0.214374 -3.737618 -0.346082 -0.631570 -0.000005 -0.000020
    46 0.019801 -1.582373 0.006170 -1.154116 0.000020 -0.000009
    47 0.000478 -1.176453 0.000249 0.144495 0.000021 0.000018
    48 -0.038065 0.069166 -0.159883 -1.816986 0.066178 -1.575392
    49 -0.025151 0.088762 -0.068837 -1.817843 0.044510 -1.568287
    50 -0.102916 -0.186983 -0.272246 -1.833683 -0.232962 -1.472375
    51 -1.034178 -3.578138 -0.343160 -0.756634 0.000019 -0.000003
    52 0.001133 -1.610108 0.002370 -1.205580 0.000003 -0.000002
    53 0.001880 -0.946060 0.000512 0.346207 0.000001 0.000001
    54 -0.004241 0.043707 -0.080203 -2.014997 -0.186996 -1.460723
    55 0.015383 -0.089136 -0.030010 -2.006083 0.036346 -1.568629
    56 -0.022610 -0.212357 -0.177905 -1.933161 -0.118801 -1.518895
    57 1.309013 -3.227548 -0.342207 -0.765003 -0.066932 -0.041063
    58 0.000595 -1.242324 0.006085 -0.780354 0.000004 0.000009
    59 0.003175 -0.774607 -0.000316 -0.126030 -0.000006 -0.000004
    60 -0.067138 0.063251 -0.010961 -0.899214 -0.014515 -1.600326
    61 -0.151180 -0.007395 -0.070065 -0.913061 -0.118819 -1.408558
    62 -0.178164 -0.244680 -0.357067 -1.159916 -0.384260 -1.556110
    63 -0.387544 -0.463665 0.379860 0.087294 -0.367330 -2.493350
    64 2.472082 0.027425 0.001225 0.000015 0.000004 -0.140724
    65 1.227325 0.009356 -0.005766 -0.000003 -0.000006 -0.422163
    66 -0.263409 -0.117640 -0.015659 0.000036 -0.082210 -0.026800
    67 0.007707 -0.334360 -0.191575 0.070788 -0.181563 0.282364
    68 0.225562 -0.567923 -0.420715 0.119895 -0.183798 0.223460
    69 -0.203683 -0.095654 -0.328305 -1.745077 0.075142 -1.515382
    70 -1.393460 8.839182 -0.239439 1.580804 -0.005024 -1.566848
    71 0.036020 0.082815 -0.692656 -1.570769 0.065989 0.001276
    72 -0.088586 0.054020 -0.088594 0.010231 0.033800 -1.560851
    73 0.120153 -0.050270 -0.054489 -2.854024 0.030688 -1.580508
    74 -0.139399 -0.111694 0.014400 0.285395 -0.031353 1.580313
    75 -0.003479 -0.404833 0.000000 0.000000 0.000000 0.000000
    76 -0.313605 -4.589847 0.951765 -1.186351 1.434476 -1.173705
    77 -0.000001 3.367188 0.862793 0.000000 0.000000 0.000000
    78 0.001153 -1.104492 1.960938 0.000000 0.000000 0.000000
    79 0.000922 -2.777681 2.527314 0.000000 0.000000 0.000000
    80 -1.784180 18.750000 -7.144531 0.000000 0.000000 0.000000
    81 -0.003576 -2.248047 1.304688 0.000000 0.000000 0.000000
    82 0.001149 -4.261719 1.683594 0.000000 0.000000 0.000000
  time 24
    0 1.629157 0.000000 0.541027 0.000000 0.000000 -1.570796
    1 0.548117 7.457445 -8.704828 3.826872 -1.001992 -2.902915
    2 -0.001605 -10.701926 -0.002571 0.305709 0.290499 -0.481088
    3 -0.648679 -3.626730 -0.341545 -1.003500 0.000001 -0.122185
    4 -0.013245 -1.509766 0.000002 -1.090796 0.000000 0.000000
    5 0.000000 -0.953613 0.000002 -1.223438 0.000000 0.000000
    6 0.007988 0.172184 -0.118553 -1.598091 -0.216549 -1.570593
    7 0.080660 0.135929 -0.203919 -1.506824 -0.066185 -1.662786
    8 0.117288 -0.155554 -0.604544 -1.412988 -0.374558 -1.569222
    9 0.127930 -3.763672 -0.348633 -0.890091 0.000001 -0.148345
    10 -0.000001 -1.562500 0.000000 -1.212964 0.000000 0.000007
    11 0.000000 -1.165039 0.000001 -1.279286 0.000000 0.000000
    12 -0.018589 0.129953 -0.123721 -1.294580 0.001302 -1.635383
    13 -0.006160 0.170065 -0.110169 -1.280084 -0.068681 -1.597215
    14 0.047100 -0.104074 -0.352264 -1.243368 -0.257298 -1.694346
    15 0.948730 -3.619141 -0.348633 -0.349063 0.000002 0.130893
    16 -0.017794 -1.596358 -0.003443 -0.322846 0.000000 0.000000
    17 -0.002117 -0.936035 0.000000 -0.593408 0.000000 0.000000
    18 -0.022325 0.045424 -0.038284 -1.125544 -0.129230 -1.681412
    19 -0.042900 -0.061274 -0.071212 -1.124462 -0.060454 -1.586099
    20 0.063741 -0.109104 -0.248158 -1.142813 -0.125805 -1.693583
    21 -1.407251 -3.245525 -0.342301 -0.788750 0.052688 -0.017720
    22 0.013451 -1.204102 0.000004 -0.931992 0.000000 0.000000
    23 -0.013000 -0.789551 0.000000 -1.061140 0.000000 0.000000
    24 -0.011721 0.093267 0.017949 -1.687855 -0.079155 -1.575164
    25 0.048863 -0.085541 0.028626 -1.715605 -0.034569 -1.653190
    26 0.173918 -0.198416 -0.336163 -1.668104 -0.422317 -1.710956
    27 0.438721 -0.485596 0.397217 0.505392 -0.466269 -1.212439
    28 2.357422 0.016098 0.000000 -0.304946 -0.017309 -0.456355
    29 1.250977 -0.000338 0.000001 0.000000 0.000000 -0.572457
    30 -0.267709 0.037512 -0.093907 2.913812 -0.143386 0.078467
    31 -0.029266 0.205408 -0.329287 2.788574 -0.255486 -0.188917
    32 0.204373 0.521055 -0.268577 2.886669 0.042206 -0.230367
    33 0.195697 -0.010059 -0.293538 -1.333586 0.150863 -1.672749
    34 1.257181 8.762590 -0.153713 -1.570562 0.002683 -1.566808
    35 -0.093500 -0.114213 -0.738866 -1.570842 0.061811 0.002096
    36 0.010843 0.093624 -0.081439 -3.141462 0.041719 -1.568236
    37 6.608347 -8.489171 -9.810176 -2.162536 0.329273 -0.428716
    38 0.104748 -10.673144 -0.005453 -0.807939 0.041671 -0.438888
    39 0.549521 -3.646670 -0.341066 -0.635039 -0.046218 -0.024582
    40 0.021778 -1.503640 0.001039 -1.390166 0.000001 -0.000004
    41 0.012045 -0.928479 -0.004583 0.235902 -0.000002 -0.000001
    42 0.006928 0.005329 -0.181358 -1.528500 -0.248579 -1.611362
    43 -0.052313 0.038589 -0.230757 -1.592493 -0.043415 -1.528515
    44 -0.232600 -0.209656 -0.420669 -1.713790 -0.167173 -1.438930
    45 -0.218280 -3.737618 -0.346082 -0.635548 -0.000005 -0.000020
    46 0.019801 -1.582373 0.006170 -1.283933 0.000020 -0.000009
    47 0.000478 -1.172547 0.000249 0.266584 0.000021 0.000018
    48 -0.038065 0.069166 -0.159883 -1.816986 0.066178 -1.575392
    49 -0.025151 0.088762 -0.068837 -1.817843 0.044510 -1.568287
    50 -0.102916 -0.186983 -0.272246 -1.833683 -0.232962 -1.472375
    51 -1.030272 -3.578138 -0.343160 -0.803866 0.000019 -0.000003
    52 0.001133 -1.610108 0.002370 -1.342406 0.000003 -0.000002
    53 0.001880 -0.946060 0.004418 0.471536 0.000001 0.000001
    54 -0.004241 0.043707 -0.080203 -2.014997 -0.186996 -1.460723
    55 0.015383 -0.089136 -0.030010 -2.006083 0.036346 -1.568629
    56 -0.022610 -0.212357 -0.177905 -1.933161 -0.118801 -1.518895
    57 1.309013 -3.227548 -0.342207 -0.820059 -0.066932 -0.041063
    58 0.000595 -1.242324 0.006085 -0.865759 0.000004 0.000009
    59 0.003175 -0.774607 -0.004222 -0.102239 -0.000006 -0.000004
    60 -0.067138 0.063251 -0.010961 -0.899214 -0.014515 -1.600326
    61 -0.151180 -0.007395 -0.070065 -0.913061 -0.118819 -1.408558
    62 -0.178164 -0.244680 -0.357067 -1.159916 -0.384260 -1.556110
    63 -0.391451 -0.463665 0.379860 0.069444 -0.340460 -2.466272
    64 2.472082 0.027425 0.001225 0.000015 0.000004 -0.170052
    65 1.227325 0.009356 -0.005766 -0.000003 -0.000006 -0.508125
    66 -0.263409 -0.117640 -0.015659 0.000036 -0.082210 -0.026800
    67 0.007707 -0.334360 -0.191575 0.070788 -0.181563 0.282364
    68 0.225562 -0.567923 -0.420715 0.119895 -0.183798 0.223460
    69 -0.203683 -0.095654 -0.328305 -1.745077 0.075142 -1.515382
    70 -1.393460 8.839182 -0.239439 1.580804 -0.005024 -1.566848
    71 0.036020 0.082815 -0.692656 -1.570769 0.065989 0.001276
    72 -0.088586 0.054020 -0.088594 0.010231 0.033800 -1.560851
    73 0.120153 -0.050270 -0.054489 -2.854024 0.030688 -1.580508
    74 -0.139399 -0.111694 0.014400 0.285395 -0.031353 1.580313
    75 -0.003479 -0.404833 0.000000 0.000000 0.000000 0.000000
    76 -0.313605 -4.589847 0.951765 -1.186351 1.434476 -1.173705
    77 -0.000001 3.367188 0.862793 0.000000 0.000000 0.000000
    78 0.001153 -1.104492 1.960938 0.000000 0.000000 0.000000
    79 0.000922 -2.777681 2.523408 0.000000 0.000000 0.000000
    80 -1.784180 18.750000 -7.144531 0.000000 0.000000 0.000000
    81 -0.003576 -2.248047 1.304688 0.000000 0.000000 0.000000
    82 0.001149 -4.261719 1.683594 0.000000 0.000000 0.000000
  time 25
    0 1.629157 0.000000 0.541027 0.000000 0.000000 -1.570796
    1 0.555930 7.426194 -8.704828 3.839020 -1.009161 -2.908223
    2 -0.001605 -10.701926 -0.002571 0.277775 0.326528 -0.453440
    3 -0.652586 -3.626730 -0.345451 -1.003500 0.000001 -0.122185
    4 -0.013245 -1.509766 0.000002 -1.090796 0.000000 0.000000
    5 0.000000 -0.953613 0.000002 -1.223438 0.000000 0.000000
    6 0.007988 0.172184 -0.118553 -1.598091 -0.216549 -1.570593
    7 0.080660 0.135929 -0.203919 -1.506824 -0.066185 -1.662786
    8 0.117288 -0.155554 -0.604544 -1.412988 -0.374558 -1.569222
    9 0.127930 -3.763672 -0.348633 -0.890091 0.000001 -0.148345
    10 -0.000001 -1.562500 0.000000 -1.212964 0.000000 0.000007
    11 0.000000 -1.165039 0.000001 -1.279286 0.000000 0.000000
    12 -0.018589 0.129953 -0.123721 -1.294580 0.001302 -1.635383
    13 -0.006160 0.170065 -0.110169 -1.280084 -0.068681 -1.597215
    14 0.047100 -0.104074 -0.352264 -1.243368 -0.257298 -1.694346
    15 0.948730 -3.619141 -0.348633 -0.349063 0.000002 0.130893
    16 -0.017794 -1.596358 -0.003443 -0.322846 0.000000 0.000000
    17 -0.002117 -0.936035 0.000000 -0.593408 0.000000 0.000000
    18 -0.022325 0.045424 -0.038284 -1.125544 -0.129230 -1.681412
    19 -0.042900 -0.061274 -0.071212 -1.124462 -0.060454 -1.586099
    20 0.063741 -0.109104 -0.248158 -1.142813 -0.125805 -1.693583
    21 -1.407251 -3.245525 -0.346207 -0.788750 0.052688 -0.017720
    22 0.013451 -1.204102 0.000004 -0.931992 0.000000 0.000000
    23 -0.013000 -0.789551 0.000000 -1.061140 0.000000 0.000000
    24 -0.011721 0.093267 0.017949 -1.687855 -0.079155 -1.575164
    25 0.048863 -0.085541 0.028626 -1.715605 -0.034569 -1.653190
    26 0.173918 -0.198416 -0.336163 -1.668104 -0.422317 -1.710956
    27 0.438721 -0.485596 0.397217 0.505392 -0.466269 -1.212439
    28 2.357422 0.016098 0.000000 -0.304946 -0.017309 -0.456355
    29 1.250977 -0.000338 0.000001 0.000000 0.000000 -0.572457
    30 -0.267709 0.037512 -0.093907 2.913812 -0.143386 0.078467
    31 -0.029266 0.205408 -0.329287 2.788574 -0.255486 -0.188917
    32 0.204373 0.521055 -0.268577 2.886669 0.042206 -0.230367
    33 0.195697 -0.010059 -0.293538 -1.333586 0.150863 -1.672749
    34 1.257181 8.762590 -0.153713 -1.570562 0.002683 -1.566808
    35 -0.093500 -0.114213 -0.738866 -1.570842 0.061811 0.002096
    36 0.010843 0.093624 -0.081439 -3.141462 0.041719 -1.568236
    37 6.717726 -8.352448 -9.767206 -2.102163 0.351378 -0.423460
    38 0.104748 -10.673144 -0.005453 -0.885167 0.050858 -0.389580
    39 0.549521 -3.650577 -0.341066 -0.645621 -0.046218 -0.024582
    40 0.025684 -1.503640 0.001039 -1.495651 0.000001 -0.000004
    41 0.012045 -0.928479 -0.004583 0.310558 -0.000002 -0.000001
    42 0.006928 0.005329 -0.181358 -1.528500 -0.248579 -1.611362
    43 -0.052313 0.038589 -0.230757 -1.592493 -0.043415 -1.528515
    44 -0.232600 -0.209656 -0.420669 -1.713790 -0.167173 -1.438930
    45 -0.218280 -3.741524 -0.346082 -0.639864 -0.000005 -0.000020
    46 0.019801 -1.578467 0.006170 -1.380443 0.000020 -0.000009
    47 0.000478 -1.172547 0.000249 0.357708 0.000021 0.000018
    48 -0.038065 0.069166 -0.159883 -1.816986 0.066178 -1.575392
    49 -0.025151 0.088762 -0.068837 -1.817843 0.044510 -1.568287
    50 -0.102916 -0.186983 -0.272246 -1.833683 -0.232962 -1.472375
    51 -1.034178 -3.582044 -0.343160 -0.837677 0.000019 -0.000003
    52 0.001133 -1.610108 0.002370 -1.445052 0.000003 -0.000002
    53 0.005787 -0.946060 0.004418 0.565446 0.000001 0.000001
    54 -0.004241 0.043707 -0.080203 -2.014997 -0.186996 -1.460723
    55 0.015383 -0.089136 -0.030010 -2.006083 0.036346 -1.568629
    56 -0.022610 -0.212357 -0.177905 -1.933161 -0.118801 -1.518895
    57 1.305107 -3.227548 -0.342207 -0.859447 -0.066932 -0.041063
    58 0.000595 -1.242324 0.006085 -0.928644 0.000004 0.000009
    59 0.003175 -0.774607 -0.000316 -0.083725 -0.000006 -0.000004
    60 -0.067138 0.063251 -0.010961 -0.899214 -0.014515 -1.600326
    61 -0.151180 -0.007395 -0.070065 -0.913061 -0.118819 -1.408558
    62 -0.178164 -0.244680 -0.357067 -1.159916 -0.384260 -1.556110
    63 -0.391451 -0.463665 0.379860 0.057463 -0.318366 -2.445465
    64 2.472082 0.027425 0.001225 0.000015 0.000004 -0.193689
    65 1.223419 0.009356 -0.005766 -0.000003 -0.000006 -0.574181
    66 -0.263409 -0.117640 -0.015659 0.000036 -0.082210 -0.026800
    67 0.007707 -0.334360 -0.191575 0.070788 -0.181563 0.282364
    68 0.225562 -0.567923 -0.420715 0.119895 -0.183798 0.223460
    69 -0.203683 -0.095654 -0.328305 -1.745077 0.075142 -1.515382
    70 -1.393460 8.839182 -0.239439 1.580804 -0.005024 -1.566848
    71 0.036020 0.082815 -0.692656 -1.570769 0.065989 0.001276
    72 -0.088586 0.054020 -0.088594 0.010231 0.033800 -1.560851
    73 0.120153 -0.050270 -0.054489 -2.854024 0.030688 -1.580508
    74 -0.139399 -0.111694 0.014400 0.285395 -0.031353 1.580313
    75 -0.003479 -0.404833 0.000000 0.000000 0.000000 0.000000
    76 -0.313605 -4.589847 0.951765 -1.186351 1.434476 -1.173705
    77 -0.000001 3.367188 0.862793 0.000000 0.000000 0.000000
    78 0.001153 -1.104492 1.960938 0.000000 0.000000 0.000000
    79 0.000922 -2.777681 2.523408 0.000000 0.000000 0.000000
    80 -1.784180 18.750000 -7.144531 0.000000 0.000000 0.000000
    81 -0.003576 -2.248047 1.304688 0.000000 0.000000 0.000000
    82 0.001149 -4.261719 1.683594 0.000000 0.000000 0.000000
  time 26
    0 1.629157 0.000000 0.541027 0.000000 0.000000 -1.570796
    1 0.559836 7.473070 -8.697015 3.853490 -1.018594 -2.918840
    2 -0.001605 -10.701926 -0.002571 0.260673 0.359879 -0.423743
    3 -0.652586 -3.626730 -0.341545 -1.003500 0.000001 -0.122185
    4 -0.013245 -1.509766 0.000002 -1.090796 0.000000 0.000000
    5 0.000000 -0.953613 0.000002 -1.223438 0.000000 0.000000
    6 0.007988 0.172184 -0.118553 -1.598091 -0.216549 -1.570593
    7 0.080660 0.135929 -0.203919 -1.506824 -0.066185 -1.662786
    8 0.117288 -0.155554 -0.604544 -1.412988 -0.374558 -1.569222
    9 0.127930 -3.763672 -0.348633 -0.890091 0.000001 -0.148345
    10 -0.000001 -1.562500 0.000000 -1.212964 0.000000 0.000007
    11 0.000000 -1.165039 0.000001 -1.279286 0.000000 0.000000
    12 -0.018589 0.129953 -0.123721 -1.294580 0.001302 -1.635383
    13 -0.006160 0.170065 -0.110169 -1.280084 -0.068681 -1.597215
    14 0.047100 -0.104074 -0.352264 -1.243368 -0.257298 -1.694346
    15 0.948730 -3.619141 -0.348633 -0.349063 0.000002 0.130893
    16 -0.021700 -1.596358 -0.007350 -0.322846 0.000000 0.000000
    17 -0.002117 -0.936035 0.000000 -0.593408 0.000000 0.000000
    18 -0.022325 0.045424 -0.038284 -1.125544 -0.129230 -1.681412
    19 -0.042900 -0.061274 -0.071212 -1.124462 -0.060454 -1.586099
    20 0.063741 -0.109104 -0.248158 -1.142813 -0.125805 -1.693583
    21 -1.407251 -3.245525 -0.342301 -0.788750 0.052688 -0.017720
    22 0.013451 -1.204102 0.000004 -0.931992 0.000000 0.000000
    23 -0.013000 -0.789551 0.000000 -1.061140 0.000000 0.000000
    24 -0.011721 0.093267 0.017949 -1.687855 -0.079155 -1.575164
    25 0.048863 -0.085541 0.028626 -1.715605 -0.034569 -1.653190
    26 0.173918 -0.198416 -0.336163 -1.668104 -0.422317 -1.710956
    27 0.438721 -0.485596 0.397217 0.505392 -0.466269 -1.212439
    28 2.357422 0.016098 0.000000 -0.304946 -0.017309 -0.456355
    29 1.250977 -0.000338 0.000001 0.000000 0.000000 -0.572457
    30 -0.267709 0.037512 -0.093907 2.913812 -0.143386 0.078467
    31 -0.029266 0.205408 -0.329287 2.788574 -0.255486 -0.188917
    32 0.204373 0.521055 -0.268577 2.886669 0.042206 -0.230367
    33 0.195697 -0.010059 -0.293538 -1.333586 0.150863 -1.672749
    34 1.257181 8.762590 -0.153713 -1.570562 0.002683 -1.566808
    35 -0.093500 -0.114213 -0.738866 -1.570842 0.061811 0.002096
    36 0.010843 0.093624 -0.081439 -3.141462 0.041719 -1.568236
    37 7.225554 -8.625894 -9.614858 -2.092816 0.276976 -0.386093
    38 0.108654 -10.673144 -0.005453 -0.914407 0.092211 -0.308486
    39 0.549521 -3.646670 -0.341066 -0.656554 -0.046218 -0.024582
    40 0.021778 -1.503640 0.001039 -1.548864 0.000001 -0.000004
    41 0.008139 -0.928479 -0.004583 0.348177 -0.000002 -0.000001
    42 0.006928 0.005329 -0.181358 -1.528500 -0.248579 -1.611362
    43 -0.052313 0.038589 -0.230757 -1.592493 -0.043415 -1.528515
    44 -0.232600 -0.209656 -0.420669 -1.713790 -0.167173 -1.438930
    45 -0.218280 -3.737618 -0.346082 -0.644392 -0.000005 -0.000020
    46 0.019801 -1.578467 0.006170 -1.428846 0.000020 -0.000009
    47 0.000478 -1.172547 0.000249 0.403713 0.000021 0.000018
    48 -0.038065 0.069166 -0.159883 -1.816986 0.066178 -1.575392
    49 -0.025151 0.088762 -0.068837 -1.817843 0.044510 -1.568287
    50 -0.102916 -0.186983 -0.272246 -1.833683 -0.232962 -1.472375
    51 -1.030272 -3.578138 -0.343160 -0.853822 0.000019 -0.000003
    52 0.001133 -1.610108 0.002370 -1.497136 0.000003 -0.000002
    53 0.005787 -0.946060 0.004418 0.612953 0.000001 0.000001
    54 -0.004241 0.043707 -0.080203 -2.014997 -0.186996 -1.460723
    55 0.015383 -0.089136 -0.030010 -2.006083 0.036346 -1.568629
    56 -0.022610 -0.212357 -0.177905 -1.933161 -0.118801 -1.518895
    57 1.309013 -3.227548 -0.342207 -0.878102 -0.066932 -0.041063
    58 0.000595 -1.242324 0.006085 -0.959721 0.000004 0.000009
    59 0.003175 -0.774607 -0.004222 -0.073783 -0.000006 -0.000004
    60 -0.067138 0.063251 -0.010961 -0.899214 -0.014515 -1.600326
    61 -0.151180 -0.007395 -0.070065 -0.913061 -0.118819 -1.408558
    62 -0.178164 -0.244680 -0.357067 -1.159916 -0.384260 -1.556110
    63 -0.387544 -0.463665 0.383766 0.051883 -0.306085 -2.434520
    64 2.472082 0.027425 0.001225 0.000015 0.000004 -0.206679
    65 1.227325 0.009356 -0.005766 -0.000003 -0.000006 -0.608543
    66 -0.263409 -0.117640 -0.015659 0.000036 -0.082210 -0.026800
    67 0.007707 -0.334360 -0.191575 0.070788 -0.181563 0.282364
    68 0.225562 -0.567923 -0.420715 0.119895 -0.183798 0.223460
    69 -0.203683 -0.095654 -0.328305 -1.745077 0.075142 -1.515382
    70 -1.393460 8.839182 -0.239439 1.580804 -0.005024 -1.566848
    71 0.036020 0.082815 -0.692656 -1.570769 0.065989 0.001276
    72 -0.088586 0.054020 -0.088594 0.010231 0.033800 -1.560851
    73 0.120153 -0.050270 -0.054489 -2.854024 0.030688 -1.580508
    74 -0.139399 -0.111694 0.014400 0.285395 -0.031353 1.580313
    75 -0.003479 -0.404833 0.000000 0.000000 0.000000 0.000000
    76 -0.313605 -4.589847 0.951765 -1.186351 1.434476 -1.173705
    77 -0.000001 3.367188 0.862793 0.000000 0.000000 0.000000
    78 0.001153 -1.104492 1.960938 0.000000 0.000000 0.000000
    79 0.000922 -2.469077 2.523408 0.000000 0.000000 0.000000
    80 -1.784180 18.750000 -7.144531 0.000000 0.000000 0.000000
    81 -0.003576 -2.248047 1.304688 0.000000 0.000000 0.000000
    82 0.001149 -4.261719 1.683594 0.000000 0.000000 0.000000
  time 27
    0 1.629157 0.000000 0.541027 0.000000 0.000000 -1.570796
    1 0.544211 7.644951 -8.697015 3.857867 -1.023263 -2.929367
    2 -0.005512 -10.698019 -0.006478 0.297559 0.382083 -0.352608
    3 -0.648679 -3.626730 -0.345451 -1.003500 0.000001 -0.122185
    4 -0.013245 -1.509766 0.000002 -1.090796 0.000000 0.000000
    5 0.000000 -0.953613 0.000002 -1.223438 0.000000 0.000000
    6 0.007988 0.172184 -0.118553 -1.598091 -0.216549 -1.570593
    7 0.080660 0.135929 -0.203919 -1.506824 -0.066185 -1.662786
    8 0.117288 -0.155554 -0.604544 -1.412988 -0.374558 -1.569222
    9 0.127930 -3.763672 -0.348633 -0.890091 0.000001 -0.148345
    10 -0.000001 -1.562500 0.000000 -1.212964 0.000000 0.000007
    11 0.000000 -1.165039 0.000001 -1.279286 0.000000 0.000000
    12 -0.018589 0.129953 -0.123721 -1.294580 0.001302 -1.635383
    13 -0.006160 0.170065 -0.110169 -1.280084 -0.068681 -1.597215
    14 0.047100 -0.104074 -0.352264 -1.243368 -0.257298 -1.694346
    15 0.948730 -3.619141 -0.348633 -0.349063 0.000002 0.130893
    16 -0.021700 -1.596358 -0.007350 -0.322846 0.000000 0.000000
    17 -0.002117 -0.936035 0.000000 -0.593408 0.000000 0.000000
    18 -0.022325 0.045424 -0.038284 -1.125544 -0.129230 -1.681412
    19 -0.042900 -0.061274 -0.071212 -1.124462 -0.060454 -1.586099
    20 0.063741 -0.109104 -0.248158 -1.142813 -0.125805 -1.693583
    21 -1.403345 -3.245525 -0.346207 -0.788750 0.052688 -0.017720
    22 0.013451 -1.204102 0.000004 -0.931992 0.000000 0.000000
    23 -0.013000 -0.789551 0.000000 -1.061140 0.000000 0.000000
    24 -0.011721 0.093267 0.017949 -1.687855 -0.079155 -1.575164
    25 0.048863 -0.085541 0.028626 -1.715605 -0.034569 -1.653190
    26 0.173918 -0.198416 -0.336163 -1.668104 -0.422317 -1.710956
    27 0.438721 -0.485596 0.397217 0.505392 -0.466269 -1.212439
    28 2.357422 0.016098 0.000000 -0.304946 -0.017309 -0.456355
    29 1.250977 -0.000338 0.000001 0.000000 0.000000 -0.572457
    30 -0.267709 0.037512 -0.093907 2.913812 -0.143386 0.078467
    31 -0.029266 0.205408 -0.329287 2.788574 -0.255486 -0.188917
    32 0.204373 0.521055 -0.268577 2.886669 0.042206 -0.230367
    33 0.195697 -0.010059 -0.293538 -1.333586 0.150863 -1.672749
    34 1.257181 8.762590 -0.153713 -1.570562 0.002683 -1.566808
    35 -0.093500 -0.114213 -0.738866 -1.570842 0.061811 0.002096
    36 0.010843 0.093624 -0.081439 -3.141462 0.041719 -1.568236
    37 7.264617 -9.020437 -9.521105 -2.110556 0.157380 -0.329422
    38 0.104748 -10.673144 -0.005453 -0.904454 0.157539 -0.197375
    39 0.549521 -3.646670 -0.341066 -0.667087 -0.046218 -0.024582
    40 0.021778 -1.507546 0.001039 -1.555551 0.000001 -0.000004
    41 0.008139 -0.928479 -0.004583 0.352885 -0.000002 -0.000001
    42 0.006928 0.005329 -0.181358 -1.528500 -0.248579 -1.611362
    43 -0.052313 0.038589 -0.230757 -1.592493 -0.043415 -1.528515
    44 -0.232600 -0.209656 -0.420669 -1.713790 -0.167173 -1.438930
    45 -0.218280 -3.737618 -0.346082 -0.648793 -0.000005 -0.000020
    46 0.019801 -1.578467 0.006170 -1.434896 0.000020 -0.000009
    47 0.000478 -1.172547 0.000249 0.409460 0.000021 0.000018
    48 -0.038065 0.069166 -0.159883 -1.816986 0.066178 -1.575392
    49 -0.025151 0.088762 -0.068837 -1.817843 0.044510 -1.568287
    50 -0.102916 -0.186983 -0.272246 -1.833683 -0.232962 -1.472375
    51 -1.030272 -3.578138 -0.343160 -0.855865 0.000019 -0.000003
    52 0.001133 -1.610108 0.002370 -1.503594 0.000003 -0.000002
    53 0.005787 -0.946060 0.004418 0.618888 0.000001 0.000001
    54 -0.004241 0.043707 -0.080203 -2.014997 -0.186996 -1.460723
    55 0.015383 -0.089136 -0.030010 -2.006083 0.036346 -1.568629
    56 -0.022610 -0.212357 -0.177905 -1.933161 -0.118801 -1.518895
    57 1.309013 -3.227548 -0.342207 -0.880439 -0.066932 -0.041063
    58 0.000595 -1.242324 0.006085 -0.963605 0.000004 0.000009
    59 0.003175 -0.774607 -0.004222 -0.072514 -0.000006 -0.000004
    60 -0.067138 0.063251 -0.010961 -0.899214 -0.014515 -1.600326
    61 -0.151180 -0.007395 -0.070065 -0.913061 -0.118819 -1.408558
    62 -0.178164 -0.244680 -0.357067 -1.159916 -0.384260 -1.556110
    63 -0.387544 -0.463665 0.383766 0.051216 -0.304519 -2.433152
    64 2.472082 0.027425 0.001225 0.000015 0.000004 -0.208286
    65 1.227325 0.009356 -0.005766 -0.000003 -0.000006 -0.612825
    66 -0.263409 -0.117640 -0.015659 0.000036 -0.082210 -0.026800
    67 0.007707 -0.334360 -0.191575 0.070788 -0.181563 0.282364
    68 0.225562 -0.567923 -0.420715 0.119895 -0.183798 0.223460
    69 -0.203683 -0.095654 -0.328305 -1.745077 0.075142 -1.515382
    70 -1.393460 8.839182 -0.239439 1.580804 -0.005024 -1.566848
    71 0.036020 0.082815 -0.692656 -1.570769 0.065989 0.001276
    72 -0.088586 0.054020 -0.088594 0.010231 0.033800 -1.560851
    73 0.120153 -0.050270 -0.054489 -2.854024 0.030688 -1.580508
    74 -0.139399 -0.111694 0.014400 0.285395 -0.031353 1.580313
    75 -0.003479 -0.404833 0.000000 0.000000 0.000000 0.000000
    76 -0.313605 -4.589847 0.951765 -1.186351 1.434476 -1.173705
    77 -0.000001 3.367188 0.862793 0.000000 0.000000 0.000000
    78 0.001153 -1.104492 1.960938 0.000000 0.000000 0.000000
    79 0.000922 -1.855777 2.527314 0.000000 0.000000 0.000000
    80 -1.784180 18.750000 -7.144531 0.000000 0.000000 0.000000
    81 -0.003576 -2.248047 1.304688 0.000000 0.000000 0.000000
    82 0.001149 -4.261719 1.683594 0.000000 0.000000 0.000000
  time 28
    0 1.629157 0.000000 0.541027 0.000000 0.000000 -1.570796
    1 0.497334 7.984805 -8.708734 3.850096 -1.023499 -2.943133
    2 -0.005512 -10.701926 -0.002571 0.398255 0.381690 -0.230252
    3 -0.652586 -3.626730 -0.341545 -1.003500 0.000001 -0.122185
    4 -0.013245 -1.509766 0.000002 -1.090796 0.000000 0.000000
    5 0.000000 -0.953613 0.000002 -1.223438 0.000000 0.000000
    6 0.007988 0.172184 -0.118553 -1.598091 -0.216549 -1.570593
    7 0.080660 0.135929 -0.203919 -1.506824 -0.066185 -1.662786
    8 0.117288 -0.155554 -0.604544 -1.412988 -0.374558 -1.569222
    9 0.127930 -3.763672 -0.348633 -0.890091 0.000001 -0.148345
    10 -0.000001 -1.562500 0.000000 -1.212964 0.000000 0.000007
    11 0.000000 -1.165039 0.000001 -1.279286 0.000000 0.000000
    12 -0.018589 0.129953 -0.123721 -1.294580 0.001302 -1.635383
    13 -0.006160 0.170065 -0.110169 -1.280084 -0.068681 -1.597215
    14 0.047100 -0.104074 -0.352264 -1.243368 -0.257298 -1.694346
    15 0.948730 -3.619141 -0.348633 -0.349063 0.000002 0.130893
    16 -0.017794 -1.596358 -0.007350 -0.322846 0.000000 0.000000
    17 -0.002117 -0.936035 0.000000 -0.593408 0.000000 0.000000
    18 -0.022325 0.045424 -0.038284 -1.125544 -0.129230 -1.681412
    19 -0.042900 -0.061274 -0.071212 -1.124462 -0.060454 -1.586099
    20 0.063741 -0.109104 -0.248158 -1.142813 -0.125805 -1.693583
    21 -1.407251 -3.249431 -0.342301 -0.788750 0.052688 -0.017706
    22 0.013451 -1.204102 0.000004 -0.931992 0.000000 0.000000
    23 -0.013000 -0.789551 0.000000 -1.061140 0.000000 0.000000
    24 -0.011721 0.093267 0.017949 -1.687855 -0.079155 -1.575164
    25 0.048863 -0.085541 0.028626 -1.715605 -0.034569 -1.653190
    26 0.173918 -0.198416 -0.336163 -1.668104 -0.422317 -1.710956
    27 0.438721 -0.485596 0.397217 0.505392 -0.466269 -1.212439
    28 2.357422 0.016098 0.000000 -0.304946 -0.017309 -0.456355
    29 1.250977 -0.000338 0.000001 0.000000 0.000000 -0.572457
    30 -0.267709 0.037512 -0.093907 2.913812 -0.143386 0.078467
    31 -0.029266 0.205408 -0.329287 2.788574 -0.255486 -0.188917
    32 0.204373 0.521055 -0.268577 2.886669 0.042206 -0.230367
    33 0.195697 -0.010059 -0.293538 -1.333586 0.150863 -1.672749
    34 1.257181 8.762590 -0.153713 -1.570562 0.002683 -1.566808
    35 -0.093500 -0.114213 -0.738866 -1.570842 0.061811 0.002096
    36 0.010843 0.093624 -0.081439 -3.141462 0.041719 -1.568236
    37 7.319306 -9.286070 -9.259378 -2.148611 0.021146 -0.261952
    38 0.108654 -10.673144 -0.005453 -0.866203 0.228197 -0.072056
    39 0.553428 -3.646670 -0.344972 -0.676521 -0.046218 -0.024582
    40 0.025684 -1.503640 0.001039 -1.535490 0.000001 -0.000004
    41 0.008139 -0.928479 -0.004583 0.338759 -0.000002 -0.000001
    42 0.006928 0.005329 -0.181358 -1.528500 -0.248579 -1.611362
    43 -0.052313 0.038589 -0.230757 -1.592493 -0.043415 -1.528515
    44 -0.232600 -0.209656 -0.420669 -1.713790 -0.167173 -1.438930
    45 -0.214374 -3.737618 -0.346082 -0.652644 -0.000005 -0.000020
    46 0.015894 -1.578467 0.006170 -1.416686 0.000020 -0.000009
    47 0.000478 -1.172547 0.000249 0.392219 0.000021 0.000018
    48 -0.038065 0.069166 -0.159883 -1.816986 0.066178 -1.575392
    49 -0.025151 0.088762 -0.068837 -1.817843 0.044510 -1.568287
    50 -0.102916 -0.186983 -0.272246 -1.833683 -0.232962 -1.472375
    51 -1.030272 -3.578138 -0.343160 -0.849816 0.000019 -0.000003
    52 0.001133 -1.610108 0.002370 -1.484115 0.000003 -0.000002
    53 0.005787 -0.946060 0.004418 0.601055 0.000001 0.000001
    54 -0.004241 0.043707 -0.080203 -2.014997 -0.186996 -1.460723
    55 0.015383 -0.089136 -0.030010 -2.006083 0.036346 -1.568629
    56 -0.022610 -0.212357 -0.177905 -1.933161 -0.118801 -1.518895
    57 1.309013 -3.227548 -0.342207 -0.873471 -0.066932 -0.041063
    58 0.004502 -1.242324 0.006085 -0.951895 0.000004 0.000009
    59 0.003175 -0.774607 -0.004222 -0.076217 -0.000006 -0.000004
    60 -0.067138 0.063251 -0.010961 -0.899214 -0.014515 -1.600326
    61 -0.151180 -0.007395 -0.070065 -0.913061 -0.118819 -1.408558
    62 -0.178164 -0.244680 -0.357067 -1.159916 -0.384260 -1.556110
    63 -0.387544 -0.463665 0.383766 0.053284 -0.309155 -2.437282
    64 2.472082 0.027425 0.001225 0.000015 0.000004 -0.203398
    65 1.227325 0.009356 -0.005766 -0.000003 -0.000006 -0.599953
    66 -0.263409 -0.117640 -0.015659 0.000036 -0.082210 -0.026800
    67 0.007707 -0.334360 -0.191575 0.070788 -0.181563 0.282364
    68 0.225562 -0.567923 -0.420715 0.119895 -0.183798 0.223460
    69 -0.203683 -0.095654 -0.328305 -1.745077 0.075142 -1.515382
    70 -1.393460 8.839182 -0.239439 1.580804 -0.005024 -1.566848
    71 0.036020 0.082815 -0.692656 -1.570769 0.065989 0.001276
    72 -0.088586 0.054020 -0.088594 0.010231 0.033800 -1.560851
    73 0.120153 -0.050270 -0.054489 -2.854024 0.030688 -1.580508
    74 -0.139399 -0.111694 0.014400 0.285395 -0.031353 1.580313
    75 -0.003479 -0.404833 0.000000 0.000000 0.000000 0.000000
    76 -0.313605 -4.589847 0.951765 -1.186351 1.434476 -1.173705
    77 -0.000001 3.367188 0.862793 0.000000 0.000000 0.000000
    78 0.001153 -1.104492 1.960938 0.000000 0.000000 0.000000
    79 0.000922 -1.426077 2.523408 0.000000 0.000000 0.000000
    80 -1.784180 18.750000 -7.144531 0.000000 0.000000 0.000000
    81 -0.003576 -2.248047 1.304688 0.000000 0.000000 0.000000
    82 0.001149 -4.261719 1.683594 0.000000 0.000000 0.000000
  time 29
    0 1.629157 0.000000 0.541027 0.000000 0.000000 -1.570796
    1 0.430926 8.465288 -8.724359 3.838216 -1.023876 -2.963737
    2 -0.005512 -10.698019 -0.002571 0.510759 0.360664 -0.103591
    3 -0.652586 -3.626730 -0.341545 -1.003500 0.000001 -0.122185
    4 -0.013245 -1.509766 0.000002 -1.090796 0.000000 0.000000
    5 0.000000 -0.953613 0.000002 -1.223438 0.000000 0.000000
    6 0.007988 0.172184 -0.118553 -1.598091 -0.216549 -1.570593
    7 0.080660 0.135929 -0.203919 -1.506824 -0.066185 -1.662786
    8 0.117288 -0.155554 -0.604544 -1.412988 -0.374558 -1.569222
    9 0.127930 -3.763672 -0.348633 -0.890091 0.000001 -0.148345
    10 -0.000001 -1.562500 0.000000 -1.212964 0.000000 0.000007
    11 0.000000 -1.165039 0.000001 -1.279286 0.000000 0.000000
    12 -0.018589 0.129953 -0.123721 -1.294580 0.001302 -1.635383
    13 -0.006160 0.170065 -0.110169 -1.280084 -0.068681 -1.597215
    14 0.047100 -0.104074 -0.352264 -1.243368 -0.257298 -1.694346
    15 0.948730 -3.619141 -0.348633 -0.349063 0.000002 0.130893
    16 -0.021700 -1.596358 -0.007350 -0.322846 0.000000 0.000000
    17 -0.002117 -0.936035 0.000000 -0.593408 0.000000 0.000000
    18 -0.022325 0.045424 -0.038284 -1.125544 -0.129230 -1.681412
    19 -0.042900 -0.061274 -0.071212 -1.124462 -0.060454 -1.586099
    20 0.063741 -0.109104 -0.248158 -1.142813 -0.125805 -1.693583
    21 -1.407251 -3.245525 -0.342301 -0.788750 0.052688 -0.017706
    22 0.013451 -1.204102 0.000004 -0.931992 0.000000 0.000000
    23 -0.013000 -0.789551 0.000000 -1.061140 0.000000 0.000000
    24 -0.011721 0.093267 0.017949 -1.687855 -0.079155 -1.575164
    25 0.048863 -0.085541 0.028626 -1.715605 -0.034569 -1.653190
    26 0.173918 -0.198416 -0.336163 -1.668104 -0.422317 -1.710956
    27 0.438721 -0.485596 0.397217 0.505392 -0.466269 -1.212439
    28 2.357422 0.016098 0.000000 -0.304946 -0.017309 -0.456355
    29 1.250977 -0.000338 0.000001 0.000000 0.000000 -0.572457
    30 -0.267709 0.037512 -0.093907 2.913812 -0.143386 0.078467
    31 -0.029266 0.205408 -0.329287 2.788574 -0.255486 -0.188917
    32 0.204373 0.521055 -0.268577 2.886669 0.042206 -0.230367
    33 0.195697 -0.010059 -0.293538 -1.333586 0.150863 -1.672749
    34 1.257181 8.762590 -0.153713 -1.570562 0.002683 -1.566808
    35 -0.093500 -0.114213 -0.738866 -1.570842 0.061811 0.002096
    36 0.010843 0.093624 -0.081439 -3.141462 0.041719 -1.568236
    37 7.862292 -9.704052 -8.857022 -2.196013 -0.104479 -0.192762
    38 0.104748 -10.673144 -0.005453 -0.816358 0.288899 0.048995
    39 0.553428 -3.650577 -0.341066 -0.684309 -0.046218 -0.024582
    40 0.025684 -1.507546 0.001039 -1.509025 0.000001 -0.000004
    41 0.008139 -0.928479 -0.004583 0.319976 -0.000002 -0.000001
    42 0.006928 0.005329 -0.181358 -1.528500 -0.248579 -1.611362
    43 -0.052313 0.038589 -0.230757 -1.592493 -0.043415 -1.528515
    44 -0.232600 -0.209656 -0.420669 -1.713790 -0.167173 -1.438930
    45 -0.214374 -3.741524 -0.346082 -0.655860 -0.000005 -0.000020
    46 0.015894 -1.582373 0.006170 -1.392603 0.000020 -0.000009
    47 0.000478 -1.172547 0.000249 0.369230 0.000021 0.000018
    48 -0.038065 0.069166 -0.159883 -1.816986 0.066178 -1.575392
    49 -0.025151 0.088762 -0.068837 -1.817843 0.044510 -1.568287
    50 -0.102916 -0.186983 -0.272246 -1.833683 -0.232962 -1.472375
    51 -1.034178 -3.582044 -0.347066 -0.841764 0.000019 -0.000003
    52 0.001133 -1.610108 0.002370 -1.458020 0.000003 -0.000002
    53 0.001880 -0.946060 0.004418 0.577315 0.000001 0.000001
    54 -0.004241 0.043707 -0.080203 -2.014997 -0.186996 -1.460723
    55 0.015383 -0.089136 -0.030010 -2.006083 0.036346 -1.568629
    56 -0.022610 -0.212357 -0.177905 -1.933161 -0.118801 -1.518895
    57 1.309013 -3.227548 -0.342207 -0.864078 -0.066932 -0.041063
    58 0.000595 -1.242324 0.002179 -0.936357 0.000004 0.000009
    59 0.003175 -0.774607 -0.004222 -0.081290 -0.000006 -0.000004
    60 -0.067138 0.063251 -0.010961 -0.899214 -0.014515 -1.600326
    61 -0.151180 -0.007395 -0.070065 -0.913061 -0.118819 -1.408558
    62 -0.178164 -0.244680 -0.357067 -1.159916 -0.384260 -1.556110
    63 -0.387544 -0.463665 0.383766 0.056040 -0.315316 -2.442703
    64 2.472082 0.027425 0.001225 0.000015 0.000004 -0.196903
    65 1.227325 0.009356 -0.005766 -0.000003 -0.000006 -0.582772
    66 -0.263409 -0.117640 -0.015659 0.000036 -0.082210 -0.026800
    67 0.007707 -0.334360 -0.191575 0.070788 -0.181563 0.282364
    68 0.225562 -0.567923 -0.420715 0.119895 -0.183798 0.223460
    69 -0.203683 -0.095654 -0.328305 -1.745077 0.075142 -1.515382
    70 -1.393460 8.839182 -0.239439 1.580804 -0.005024 -1.566848
    71 0.036020 0.082815 -0.692656 -1.570769 0.065989 0.001276
    72 -0.088586 0.054020 -0.088594 0.010231 0.033800 -1.560851
    73 0.120153 -0.050270 -0.054489 -2.854024 0.030688 -1.580508
    74 -0.139399 -0.111694 0.014400 0.285395 -0.031353 1.580313
    75 -0.003479 -0.404833 0.000000 0.000000 0.000000 0.000000
    76 -0.313605 -4.589847 0.951765 -1.186351 1.434476 -1.173705
    77 -0.000001 3.367188 0.862793 0.000000 0.000000 0.000000
    78 0.001153 -1.104492 1.960938 0.000000 0.000000 0.000000
    79 0.000922 -1.383107 2.527314 0.000000 0.000000 0.000000
    80 -1.784180 18.750000 -7.144531 0.000000 0.000000 0.000000
    81 -0.003576 -2.248047 1.304688 0.000000 0.000000 0.000000
    82 0.001149 -4.261719 1.683594 0.000000 0.000000 0.000000
  time 30
    0 1.629157 0.000000 0.541027 0.000000 0.000000 -1.570796
    1 0.380143 8.937959 -8.736079 3.825086 -1.024159 -2.985781
    2 -0.001605 -10.701926 -0.002571 0.587352 0.338945 -0.015398
    3 -0.652586 -3.626730 -0.341545 -1.003534 0.000001 -0.122185
    4 -0.013245 -1.509766 0.000002 -1.090796 0.000000 0.000000
    5 0.000000 -0.953613 0.000002 -1.223438 0.000000 0.000000
    6 0.007988 0.172184 -0.118553 -1.598091 -0.216549 -1.570593
    7 0.080660 0.135929 -0.203919 -1.506824 -0.066185 -1.662786
    8 0.117288 -0.155554 -0.604544 -1.412988 -0.374558 -1.569222
    9 0.127930 -3.763672 -0.348633 -0.890091 0.000001 -0.148345
    10 -0.000001 -1.562500 0.000000 -1.212964 0.000000 0.000007
    11 0.000000 -1.165039 0.000001 -1.279286 0.000000 0.000000
    12 -0.018589 0.129953 -0.123721 -1.294580 0.001302 -1.635383
    13 -0.006160 0.170065 -0.110169 -1.280084 -0.068681 -1.597215
    14 0.047100 -0.104074 -0.352264 -1.243368 -0.257298 -1.694346
    15 0.948730 -3.619141 -0.348633 -0.349063 0.000002 0.130893
    16 -0.017794 -1.596358 -0.003443 -0.322846 0.000000 0.000000
    17 -0.002117 -0.936035 0.000000 -0.593408 0.000000 0.000000
    18 -0.022325 0.045424 -0.038284 -1.125544 -0.129230 -1.681412
    19 -0.042900 -0.061274 -0.071212 -1.124462 -0.060454 -1.586099
    20 0.063741 -0.109104 -0.248158 -1.142813 -0.125805 -1.693583
    21 -1.407251 -3.245525 -0.342301 -0.788750 0.052688 -0.017706
    22 0.013451 -1.204102 0.000004 -0.931992 0.000000 0.000000
    23 -0.013000 -0.789551 0.000000 -1.061140 0.000000 0.000000
    24 -0.011721 0.093267 0.017949 -1.687855 -0.079155 -1.575164
    25 0.048863 -0.085541 0.028626 -1.715605 -0.034569 -1.653190
    26 0.173918 -0.198416 -0.336163 -1.668104 -0.422317 -1.710956
    27 0.438721 -0.485596 0.397217 0.505392 -0.466269 -1.212439
    28 2.357422 0.016098 0.000000 -0.304946 -0.017309 -0.456355
    29 1.250977 -0.000338 0.000001 0.000000 0.000000 -0.572457
    30 -0.267709 0.037512 -0.093907 2.913812 -0.143386 0.078467
    31 -0.029266 0.205408 -0.329287 2.788574 -0.255486 -0.188917
    32 0.204373 0.521055 -0.268577 2.886669 0.042206 -0.230367
    33 0.195697 -0.010059 -0.293538 -1.333586 0.150863 -1.672749
    34 1.257181 8.762590 -0.153713 -1.570562 0.002683 -1.566808
    35 -0.093500 -0.114213 -0.738866 -1.570842 0.061811 0.002096
    36 0.010843 0.093624 -0.081439 -3.141462 0.041719 -1.568236
    37 8.120112 -9.813430 -8.509355 -2.234640 -0.194632 -0.137620
    38 0.104748 -10.673144 -0.001547 -0.778242 0.330523 0.142725
    39 0.553428 -3.650577 -0.344972 -0.689700 -0.046218 -0.024582
    40 0.021778 -1.503640 0.001039 -1.495651 0.000001 -0.000004
    41 0.012045 -0.928479 -0.004583 0.310558 -0.000002 -0.000001
    42 0.006928 0.005329 -0.181358 -1.528500 -0.248579 -1.611362
    43 -0.052313 0.038589 -0.230757 -1.592493 -0.043415 -1.528515
    44 -0.232600 -0.209656 -0.420669 -1.713790 -0.167173 -1.438930
    45 -0.218280 -3.741524 -0.346082 -0.658145 -0.000005 -0.000020
    46 0.019801 -1.582373 0.006170 -1.380443 0.000020 -0.000009
    47 0.000478 -1.176453 0.000249 0.357708 0.000021 0.000018
    48 -0.038065 0.069166 -0.159883 -1.816986 0.066178 -1.575392
    49 -0.025151 0.088762 -0.068837 -1.817843 0.044510 -1.568287
    50 -0.102916 -0.186983 -0.272246 -1.833683 -0.232962 -1.472375
    51 -1.034178 -3.582044 -0.347066 -0.837677 0.000019 -0.000003
    52 0.001133 -1.610108 0.002370 -1.445052 0.000003 -0.000002
    53 0.005787 -0.946060 0.004418 0.565446 0.000001 0.000001
    54 -0.004241 0.043707 -0.080203 -2.014997 -0.186996 -1.460723
    55 0.015383 -0.089136 -0.030010 -2.006083 0.036346 -1.568629
    56 -0.022610 -0.212357 -0.177905 -1.933161 -0.118801 -1.518895
    57 1.309013 -3.227548 -0.342207 -0.859447 -0.066944 -0.041063
    58 0.004502 -1.242324 0.006085 -0.928644 0.000004 0.000009
    59 0.003175 -0.774607 -0.004222 -0.083725 -0.000006 -0.000004
    60 -0.067138 0.063251 -0.010961 -0.899214 -0.014515 -1.600326
    61 -0.151180 -0.007395 -0.070065 -0.913061 -0.118819 -1.408558
    62 -0.178164 -0.244680 -0.357067 -1.159916 -0.384260 -1.556110
    63 -0.387544 -0.463665 0.379860 0.057463 -0.318366 -2.445465
    64 2.472082 0.027425 0.001225 0.000015 0.000004 -0.193689
    65 1.227325 0.009356 -0.005766 -0.000003 -0.000006 -0.574181
    66 -0.263409 -0.117640 -0.015659 0.000036 -0.082210 -0.026800
    67 0.007707 -0.334360 -0.191575 0.070788 -0.181563 0.282364
    68 0.225562 -0.567923 -0.420715 0.119895 -0.183798 0.223460
    69 -0.203683 -0.095654 -0.328305 -1.745077 0.075142 -1.515382
    70 -1.393460 8.839182 -0.239439 1.580804 -0.005024 -1.566848
    71 0.036020 0.082815 -0.692656 -1.570769 0.065989 0.001276
    72 -0.088586 0.054020 -0.088594 0.010231 0.033800 -1.560851
    73 0.120153 -0.050270 -0.054489 -2.854024 0.030688 -1.580508
    74 -0.139399 -0.111694 0.014400 0.285395 -0.031353 1.580313
    75 -0.003479 -0.404833 0.000000 0.000000 0.000000 0.000000
    76 -0.313605 -4.589847 0.951765 -1.186351 1.434476 -1.173705
    77 -0.000001 3.367188 0.862793 0.000000 0.000000 0.000000
    78 0.001153 -1.104492 1.960938 0.000000 0.000000 0.000000
    79 0.000922 -1.426077 2.523408 0.000000 0.000000 0.000000
    80 -1.784180 18.750000 -7.144531 0.000000 0.000000 0.000000
    81 -0.003576 -2.248047 1.304688 0.000000 0.000000 0.000000
    82 0.001149 -4.261719 1.683594 0.000000 0.000000 0.000000
  time 31
    0 1.629157 0.000000 0.541027 0.000000 0.000000 -1.570796
    1 0.360612 9.293438 -8.728266 3.813206 -1.023876 -3.003325
    2 -0.001605 -10.701926 -0.002571 0.618317 0.333891 0.016878
    3 -0.652586 -3.626730 -0.345451 -1.003534 0.000001 -0.122185
    4 -0.013245 -1.509766 0.000002 -1.090796 0.000000 0.000000
    5 0.000000 -0.953613 0.000002 -1.223438 0.000000 0.000000
    6 0.007988 0.172184 -0.118553 -1.598091 -0.216549 -1.570593
    7 0.080660 0.135929 -0.203919 -1.506824 -0.066185 -1.662786
    8 0.117288 -0.155554 -0.604544 -1.412988 -0.374558 -1.569222
    9 0.127930 -3.763672 -0.348633 -0.890091 0.000001 -0.148345
    10 -0.000001 -1.562500 0.000000 -1.212964 0.000000 0.000007
    11 0.000000 -1.165039 0.000001 -1.279286 0.000000 0.000000
    12 -0.018589 0.129953 -0.123721 -1.294580 0.001302 -1.635383
    13 -0.006160 0.170065 -0.110169 -1.280084 -0.068681 -1.597215
    14 0.047100 -0.104074 -0.352264 -1.243368 -0.257298 -1.694346
    15 0.948730 -3.619141 -0.348633 -0.349063 0.000002 0.130893
    16 -0.017794 -1.596358 -0.003443 -0.322846 0.000000 0.000000
    17 -0.002117 -0.936035 0.000000 -0.593408 0.000000 0.000000
    18 -0.022325 0.045424 -0.038284 -1.125544 -0.129230 -1.681412
    19 -0.042900 -0.061274 -0.071212 -1.124462 -0.060454 -1.586099
    20 0.063741 -0.109104 -0.248158 -1.142813 -0.125805 -1.693583
    21 -1.407251 -3.245525 -0.342301 -0.788750 0.052688 -0.017720
    22 0.013451 -1.204102 0.000004 -0.931992 0.000000 0.000000
    23 -0.013000 -0.789551 0.000000 -1.061140 0.000000 0.000000
    24 -0.011721 0.093267 0.017949 -1.687855 -0.079155 -1.575164
    25 0.048863 -0.085541 0.028626 -1.715605 -0.034569 -1.653190
    26 0.173918 -0.198416 -0.336163 -1.668104 -0.422317 -1.710956
    27 0.438721 -0.485596 0.397217 0.505392 -0.466269 -1.212439
    28 2.357422 0.016098 0.000000 -0.304946 -0.017309 -0.456355
    29 1.250977 -0.000338 0.000001 0.000000 0.000000 -0.572457
    30 -0.267709 0.037512 -0.093907 2.913812 -0.143386 0.078467
    31 -0.029266 0.205408 -0.329287 2.788574 -0.255486 -0.188917
    32 0.204373 0.521055 -0.268577 2.886669 0.042206 -0.230367
    33 0.195697 -0.010059 -0.293538 -1.333586 0.150863 -1.672749
    34 1.257181 8.762590 -0.153713 -1.570562 0.002683 -1.566808
    35 -0.093500 -0.114213 -0.738866 -1.570842 0.061811 0.002096
    36 0.010843 0.093624 -0.081439 -3.141462 0.041719 -1.568236
    37 7.936513 -9.848587 -8.208565 -2.258198 -0.231506 -0.143354
    38 0.104748 -10.673144 -0.005453 -0.794059 0.346429 0.166396
    39 0.553428 -3.650577 -0.344972 -0.686655 -0.046218 -0.024582
    40 0.021778 -1.507546 0.001039 -1.508742 0.000001 -0.000004
    41 0.008139 -0.928479 -0.004583 0.319976 -0.000002 -0.000001
    42 0.006928 0.005329 -0.181358 -1.528500 -0.248579 -1.611362
    43 -0.052313 0.038589 -0.230757 -1.592493 -0.043415 -1.528515
    44 -0.232600 -0.209656 -0.420669 -1.713790 -0.167173 -1.438930
    45 -0.214374 -3.741524 -0.346082 -0.656833 -0.000005 -0.000020
    46 0.019801 -1.578467 0.006170 -1.389255 0.000020 -0.000009
    47 0.000478 -1.172547 0.000249 0.368716 0.000021 0.000018
    48 -0.038065 0.069166 -0.159883 -1.816986 0.066178 -1.575392
    49 -0.025151 0.088762 -0.068837 -1.817843 0.044510 -1.568287
    50 -0.102916 -0.186983 -0.272246 -1.833683 -0.232962 -1.472375
    51 -1.030272 -3.582044 -0.343160 -0.835634 0.000019 -0.000003
    52 0.001133 -1.610108 0.002370 -1.459333 0.000003 -0.000002
    53 0.005787 -0.946060 0.004418 0.582523 0.000001 0.000001
    54 -0.004241 0.043707 -0.080203 -2.014997 -0.186996 -1.460723
    55 0.015383 -0.089136 -0.030010 -2.006083 0.036346 -1.568629
    56 -0.022610 -0.212357 -0.177905 -1.933161 -0.118801 -1.518895
    57 1.309013 -3.227548 -0.342207 -0.857456 -0.066932 -0.041063
    58 0.000595 -1.242324 0.006085 -0.932810 0.000004 0.000009
    59 0.003175 -0.774607 -0.004222 -0.078246 -0.000006 -0.000004
    60 -0.067138 0.063251 -0.010961 -0.899214 -0.014515 -1.600326
    61 -0.151180 -0.007395 -0.070065 -0.913061 -0.118819 -1.408558
    62 -0.178164 -0.244680 -0.357067 -1.159916 -0.384260 -1.556110
    63 -0.387544 -0.463665 0.379860 0.061864 -0.315617 -2.445207
    64 2.472082 0.027425 0.001225 0.000015 0.000004 -0.202829
    65 1.223419 0.009356 -0.005766 -0.000003 -0.000006 -0.588610
    66 -0.263409 -0.117640 -0.015659 0.000036 -0.082210 -0.026800
    67 0.007707 -0.334360 -0.191575 0.070788 -0.181563 0.282364
    68 0.225562 -0.567923 -0.420715 0.119895 -0.183798 0.223460
    69 -0.203683 -0.095654 -0.328305 -1.745077 0.075142 -1.515382
    70 -1.393460 8.839182 -0.239439 1.580804 -0.005024 -1.566848
    71 0.036020 0.082815 -0.692656 -1.570769 0.065989 0.001276
    72 -0.088586 0.054020 -0.088594 0.010231 0.033800 -1.560851
    73 0.120153 -0.050270 -0.054489 -2.854024 0.030688 -1.580508
    74 -0.139399 -0.111694 0.014400 0.285395 -0.031353 1.580313
    75 -0.003479 -0.404833 0.000000 0.000000 0.000000 0.000000
    76 -0.313605 -4.589847 0.951765 -1.186351 1.434476 -1.173705
    77 -0.000001 3.367188 0.862793 0.000000 0.000000 0.000000
    78 0.001153 -1.104492 1.960938 0.000000 0.000000 0.000000
    79 0.000922 -1.332324 2.527314 0.000000 0.000000 0.000000
    80 -1.784180 18.750000 -7.144531 0.000000 0.000000 0.000000
    81 -0.003576 -2.248047 1.304688 0.000000 0.000000 0.000000
    82 0.001149 -4.261719 1.683594 0.000000 0.000000 0.000000
  time 32
    0 1.629157 0.000000 0.541027 0.000000 0.000000 -1.570796
    1 0.391863 9.500476 -8.700921 3.802666 -1.023593 -3.018621
    2 -0.005512 -10.701926 -0.006478 0.619467 0.337260 0.011560
    3 -0.652586 -3.626730 -0.345451 -1.003500 0.000001 -0.122185
    4 -0.013245 -1.509766 0.000002 -1.090796 0.000000 0.000000
    5 0.000000 -0.953613 0.000002 -1.223438 0.000000 0.000000
    6 0.007988 0.172184 -0.118553 -1.598091 -0.216549 -1.570593
    7 0.080660 0.135929 -0.203919 -1.506824 -0.066185 -1.662786
    8 0.117288 -0.155554 -0.604544 -1.412988 -0.374558 -1.569222
    9 0.127930 -3.763672 -0.348633 -0.890091 0.000001 -0.148345
    10 -0.000001 -1.562500 0.000000 -1.212964 0.000000 0.000007
    11 0.000000 -1.165039 0.000001 -1.279286 0.000000 0.000000
    12 -0.018589 0.129953 -0.123721 -1.294580 0.001302 -1.635383
    13 -0.006160 0.170065 -0.110169 -1.280084 -0.068681 -1.597215
    14 0.047100 -0.104074 -0.352264 -1.243368 -0.257298 -1.694346
    15 0.948730 -3.619141 -0.348633 -0.349063 0.000002 0.130893
    16 -0.021700 -1.596358 -0.003443 -0.322846 0.000000 0.000000
    17 -0.002117 -0.936035 0.000000 -0.593408 0.000000 0.000000
    18 -0.022325 0.045424 -0.038284 -1.125544 -0.129230 -1.681412
    19 -0.042900 -0.061274 -0.071212 -1.124462 -0.060454 -1.586099
    20 0.063741 -0.109104 -0.248158 -1.142813 -0.125805 -1.693583
    21 -1.407251 -3.249431 -0.342301 -0.788750 0.052688 -0.017720
    22 0.013451 -1.204102 0.000004 -0.931992 0.000000 0.000000
    23 -0.013000 -0.789551 0.000000 -1.061140 0.000000 0.000000
    24 -0.011721 0.093267 0.017949 -1.687855 -0.079155 -1.575164
    25 0.048863 -0.085541 0.028626 -1.715605 -0.034569 -1.653190
    26 0.173918 -0.198416 -0.336163 -1.668104 -0.422317 -1.710956
    27 0.438721 -0.485596 0.397217 0.505392 -0.466269 -1.212439
    28 2.357422 0.016098 0.000000 -0.304946 -0.017309 -0.456355
    29 1.250977 -0.000338 0.000001 0.000000 0.000000 -0.572457
    30 -0.267709 0.037512 -0.093907 2.913812 -0.143386 0.078467
    31 -0.029266 0.205408 -0.329287 2.788574 -0.255486 -0.188917
    32 0.204373 0.521055 -0.268577 2.886669 0.042206 -0.230367
    33 0.195697 -0.010059 -0.293538 -1.333586 0.150863 -1.672749
    34 1.257181 8.762590 -0.153713 -1.570562 0.002683 -1.566808
    35 -0.093500 -0.114213 -0.738866 -1.570842 0.061811 0.002096
    36 0.010843 0.093624 -0.081439 -3.141462 0.041719 -1.568236
    37 7.682599 -9.778273 -8.189033 -2.268880 -0.245293 -0.155491
    38 0.108654 -10.673144 -0.005453 -0.825908 0.341618 0.142472
    39 0.553428 -3.650577 -0.341066 -0.680964 -0.046218 -0.024582
    40 0.021778 -1.503640 0.001039 -1.522022 0.000001 -0.000004
    41 0.008139 -0.928479 -0.004583 0.329394 -0.000002 -0.000001
    42 0.006928 0.005329 -0.181358 -1.528500 -0.248579 -1.611362
    43 -0.052313 0.038589 -0.230757 -1.592493 -0.043415 -1.528515
    44 -0.232600 -0.209656 -0.420669 -1.713790 -0.167173 -1.438930
    45 -0.214374 -3.737618 -0.346082 -0.654506 -0.000005 -0.000020
    46 0.019801 -1.578467 0.006170 -1.398066 0.000020 -0.000009
    47 0.000478 -1.172547 0.000249 0.379724 0.000021 0.000018
    48 -0.038065 0.069166 -0.159883 -1.816986 0.066178 -1.575392
    49 -0.025151 0.088762 -0.068837 -1.817843 0.044510 -1.568287
    50 -0.102916 -0.186983 -0.272246 -1.833683 -0.232962 -1.472375
    51 -1.030272 -3.578138 -0.343160 -0.833551 0.000019 -0.000003
    52 0.001133 -1.610108 0.002370 -1.473614 0.000003 -0.000002
    53 0.001880 -0.946060 0.004418 0.599600 0.000001 0.000001
    54 -0.004241 0.043707 -0.080203 -2.014997 -0.186996 -1.460723
    55 0.015383 -0.089136 -0.030010 -2.006083 0.036346 -1.568629
    56 -0.022610 -0.212357 -0.177905 -1.933161 -0.118801 -1.518895
    57 1.309013 -3.227548 -0.342207 -0.855508 -0.066932 -0.041063
    58 0.000595 -1.242324 0.006085 -0.937089 0.000004 0.000009
    59 0.003175 -0.774607 -0.004222 -0.072870 -0.000006 -0.000004
    60 -0.067138 0.063251 -0.010961 -0.899214 -0.014515 -1.600326
    61 -0.151180 -0.007395 -0.070065 -0.913061 -0.118819 -1.408558
    62 -0.178164 -0.244680 -0.357067 -1.159916 -0.384260 -1.556110
    63 -0.387544 -0.463665 0.383766 0.066265 -0.312847 -2.444872
    64 2.472082 0.027425 0.001225 0.000015 0.000004 -0.212036
    65 1.223419 0.009356 -0.005766 -0.000003 -0.000006 -0.603011
    66 -0.263409 -0.117640 -0.015659 0.000036 -0.082210 -0.026800
    67 0.007707 -0.334360 -0.191575 0.070788 -0.181563 0.282364
    68 0.225562 -0.567923 -0.420715 0.119895 -0.183798 0.223460
    69 -0.203683 -0.095654 -0.328305 -1.745077 0.075142 -1.515382
    70 -1.393460 8.839182 -0.239439 1.580804 -0.005024 -1.566848
    71 0.036020 0.082815 -0.692656 -1.570769 0.065989 0.001276
    72 -0.088586 0.054020 -0.088594 0.010231 0.033800 -1.560851
    73 0.120153 -0.050270 -0.054489 -2.854024 0.030688 -1.580508
    74 -0.139399 -0.111694 0.014400 0.285395 -0.031353 1.580313
    75 -0.003479 -0.404833 0.000000 0.000000 0.000000 0.000000
    76 -0.313605 -4.589847 0.951765 -1.186351 1.434476 -1.173705
    77 -0.000001 3.367188 0.862793 0.000000 0.000000 0.000000
    78 0.001153 -1.104492 1.960938 0.000000 0.000000 0.000000
    79 0.000922 -1.246384 2.527314 0.000000 0.000000 0.000000
    80 -1.784180 18.750000 -7.144531 0.000000 0.000000 0.000000
    81 -0.003576 -2.248047 1.304688 0.000000 0.000000 0.000000
    82 0.001149 -4.261719 1.683594 0.000000 0.000000 0.000000
  time 33
    0 1.629157 0.000000 0.541027 0.000000 0.000000 -1.570796
    1 0.458271 9.621573 -8.661857 3.792661 -1.022461 -3.029418
    2 -0.001605 -10.701926 -0.002571 0.587352 0.338945 -0.015398
    3 -0.652586 -3.626730 -0.345451 -1.003500 0.000001 -0.122185
    4 -0.013245 -1.509766 0.000002 -1.090796 0.000000 0.000000
    5 0.000000 -0.953613 0.000002 -1.223438 0.000000 0.000000
    6 0.007988 0.172184 -0.118553 -1.598091 -0.216549 -1.570593
    7 0.080660 0.135929 -0.203919 -1.506824 -0.066185 -1.662786
    8 0.117288 -0.155554 -0.604544 -1.412988 -0.374558 -1.569222
    9 0.127930 -3.763672 -0.348633 -0.890091 0.000001 -0.148345
    10 -0.000001 -1.562500 0.000000 -1.212964 0.000000 0.000007
    11 0.000000 -1.165039 0.000001 -1.279286 0.000000 0.000000
    12 -0.018589 0.129953 -0.123721 -1.294580 0.001302 -1.635383
    13 -0.006160 0.170065 -0.110169 -1.280084 -0.068681 -1.597215
    14 0.047100 -0.104074 -0.352264 -1.243368 -0.257298 -1.694346
    15 0.948730 -3.619141 -0.348633 -0.349063 0.000002 0.130893
    16 -0.017794 -1.596358 -0.003443 -0.322846 0.000000 0.000000
    17 -0.002117 -0.936035 0.000000 -0.593408 0.000000 0.000000
    18 -0.022325 0.045424 -0.038284 -1.125544 -0.129230 -1.681412
    19 -0.042900 -0.061274 -0.071212 -1.124462 -0.060454 -1.586099
    20 0.063741 -0.109104 -0.248158 -1.142813 -0.125805 -1.693583
    21 -1.407251 -3.245525 -0.342301 -0.788750 0.052688 -0.017720
    22 0.013451 -1.204102 0.000004 -0.931992 0.000000 0.000000
    23 -0.013000 -0.789551 0.000000 -1.061140 0.000000 0.000000
    24 -0.011721 0.093267 0.017949 -1.687855 -0.079155 -1.575164
    25 0.048863 -0.085541 0.028626 -1.715605 -0.034569 -1.653190
    26 0.173918 -0.198416 -0.336163 -1.668104 -0.422317 -1.710956
    27 0.438721 -0.485596 0.397217 0.505392 -0.466269 -1.212439
    28 2.357422 0.016098 0.000000 -0.304946 -0.017309 -0.456355
    29 1.250977 -0.000338 0.000001 0.000000 0.000000 -0.572457
    30 -0.267709 0.037512 -0.093907 2.913812 -0.143386 0.078467
    31 -0.029266 0.205408 -0.329287 2.788574 -0.255486 -0.188917
    32 0.204373 0.521055 -0.268577 2.886669 0.042206 -0.230367
    33 0.195697 -0.010059 -0.293538 -1.333586 0.150863 -1.672749
    34 1.257181 8.762590 -0.153713 -1.570562 0.002683 -1.566808
    35 -0.093500 -0.114213 -0.738866 -1.570842 0.061811 0.002096
    36 0.010843 0.093624 -0.081439 -3.141462 0.041719 -1.568236
    37 7.721663 -9.586861 -8.720299 -2.234640 -0.194632 -0.137620
    38 0.104748 -10.673144 -0.005453 -0.778242 0.330523 0.142725
    39 0.549521 -3.650577 -0.341066 -0.689700 -0.046218 -0.024582
    40 0.021778 -1.503640 0.001039 -1.495651 0.000001 -0.000004
    41 0.012045 -0.928479 -0.004583 0.310558 -0.000002 -0.000001
    42 0.006928 0.005329 -0.181358 -1.528500 -0.248579 -1.611362
    43 -0.052313 0.038589 -0.230757 -1.592493 -0.043415 -1.528515
    44 -0.232600 -0.209656 -0.420669 -1.713790 -0.167173 -1.438930
    45 -0.218280 -3.741524 -0.346082 -0.658145 -0.000005 -0.000020
    46 0.019801 -1.582373 0.006170 -1.380443 0.000020 -0.000009
    47 0.000478 -1.176453 0.000249 0.357708 0.000021 0.000018
    48 -0.038065 0.069166 -0.159883 -1.816986 0.066178 -1.575392
    49 -0.025151 0.088762 -0.068837 -1.817843 0.044510 -1.568287
    50 -0.102916 -0.186983 -0.272246 -1.833683 -0.232962 -1.472375
    51 -1.030272 -3.582044 -0.343160 -0.837677 0.000019 -0.000003
    52 0.001133 -1.610108 0.002370 -1.445052 0.000003 -0.000002
    53 0.005787 -0.946060 0.004418 0.565446 0.000001 0.000001
    54 -0.004241 0.043707 -0.080203 -2.014997 -0.186996 -1.460723
    55 0.015383 -0.089136 -0.030010 -2.006083 0.036346 -1.568629
    56 -0.022610 -0.212357 -0.177905 -1.933161 -0.118801 -1.518895
    57 1.305107 -3.227548 -0.342207 -0.859447 -0.066944 -0.041063
    58 0.000595 -1.242324 0.006085 -0.928644 0.000004 0.000009
    59 0.003175 -0.774607 -0.000316 -0.083725 -0.000006 -0.000004
    60 -0.067138 0.063251 -0.010961 -0.899214 -0.014515 -1.600326
    61 -0.151180 -0.007395 -0.070065 -0.913061 -0.118819 -1.408558
    62 -0.178164 -0.244680 -0.357067 -1.159916 -0.384260 -1.556110
    63 -0.387544 -0.463665 0.379860 0.057463 -0.318366 -2.445465
    64 2.472082 0.027425 0.001225 0.000015 0.000004 -0.193689
    65 1.227325 0.009356 -0.005766 -0.000003 -0.000006 -0.574181
    66 -0.263409 -0.117640 -0.015659 0.000036 -0.082210 -0.026800
    67 0.007707 -0.334360 -0.191575 0.070788 -0.181563 0.282364
    68 0.225562 -0.567923 -0.420715 0.119895 -0.183798 0.223460
    69 -0.203683 -0.095654 -0.328305 -1.745077 0.075142 -1.515382
    70 -1.393460 8.839182 -0.239439 1.580804 -0.005024 -1.566848
    71 0.036020 0.082815 -0.692656 -1.570769 0.065989 0.001276
    72 -0.088586 0.054020 -0.088594 0.010231 0.033800 -1.560851
    73 0.120153 -0.050270 -0.054489 -2.854024 0.030688 -1.580508
    74 -0.139399 -0.111694 0.014400 0.285395 -0.031353 1.580313
    75 -0.003479 -0.404833 0.000000 0.000000 0.000000 0.000000
    76 -0.313605 -4.589847 0.951765 -1.186351 1.434476 -1.173705
    77 -0.000001 3.367188 0.862793 0.000000 0.000000 0.000000
    78 0.001153 -1.104492 1.960938 0.000000 0.000000 0.000000
    79 0.000922 -1.426077 2.527314 0.000000 0.000000 0.000000
    80 -1.784180 18.750000 -7.144531 0.000000 0.000000 0.000000
    81 -0.003576 -2.248047 1.304688 0.000000 0.000000 0.000000
    82 0.001149 -4.261719 1.683594 0.000000 0.000000 0.000000
  time 34
    0 1.629157 0.000000 0.541027 0.000000 0.000000 -1.570796
    1 0.512960 9.664544 -8.626700 3.784980 -1.017509 -3.024199
    2 -0.001605 -10.701926 -0.006478 0.517238 0.337607 -0.060611
    3 -0.652586 -3.626730 -0.341545 -1.003500 0.000001 -0.122185
    4 -0.013245 -1.509766 0.000002 -1.090796 0.000000 0.000000
    5 0.000000 -0.953613 0.000002 -1.223438 0.000000 0.000000
    6 0.007988 0.172184 -0.118553 -1.598091 -0.216549 -1.570593
    7 0.080660 0.135929 -0.203919 -1.506824 -0.066185 -1.662786
    8 0.117288 -0.155554 -0.604544 -1.412988 -0.374558 -1.569222
    9 0.127930 -3.763672 -0.348633 -0.890091 0.000001 -0.148345
    10 -0.000001 -1.562500 0.000000 -1.212964 0.000000 0.000007
    11 0.000000 -1.165039 0.000001 -1.279286 0.000000 0.000000
    12 -0.018589 0.129953 -0.123721 -1.294580 0.001302 -1.635383
    13 -0.006160 0.170065 -0.110169 -1.280084 -0.068681 -1.597215
    14 0.047100 -0.104074 -0.352264 -1.243368 -0.257298 -1.694346
    15 0.948730 -3.619141 -0.348633 -0.349063 0.000002 0.130893
    16 -0.021700 -1.596358 -0.003443 -0.322846 0.000000 0.000000
    17 -0.002117 -0.936035 0.000000 -0.593408 0.000000 0.000000
    18 -0.022325 0.045424 -0.038284 -1.125544 -0.129230 -1.681412
    19 -0.042900 -0.061274 -0.071212 -1.124462 -0.060454 -1.586099
    20 0.063741 -0.109104 -0.248158 -1.142813 -0.125805 -1.693583
    21 -1.407251 -3.245525 -0.346207 -0.788750 0.052688 -0.017720
    22 0.013451 -1.204102 0.000004 -0.931992 0.000000 0.000000
    23 -0.013000 -0.789551 0.000000 -1.061140 0.000000 0.000000
    24 -0.011721 0.093267 0.017949 -1.687855 -0.079155 -1.575164
    25 0.048863 -0.085541 0.028626 -1.715605 -0.034569 -1.653190
    26 0.173918 -0.198416 -0.336163 -1.668104 -0.422317 -1.710956
    27 0.438721 -0.485596 0.397217 0.505392 -0.466269 -1.212439
    28 2.357422 0.016098 0.000000 -0.304946 -0.017309 -0.456355
    29 1.250977 -0.000338 0.000001 0.000000 0.000000 -0.572457
    30 -0.267709 0.037512 -0.093907 2.913812 -0.143386 0.078467
    31 -0.029266 0.205408 -0.329287 2.788574 -0.255486 -0.188917
    32 0.204373 0.521055 -0.268577 2.886669 0.042206 -0.230367
    33 0.195697 -0.010059 -0.293538 -1.333586 0.150863 -1.672749
    34 1.257181 8.762590 -0.153713 -1.570562 0.002683 -1.566808
    35 -0.093500 -0.114213 -0.738866 -1.570842 0.061811 0.002096
    36 0.010843 0.093624 -0.081439 -3.141462 0.041719 -1.568236
    37 7.721663 -9.360291 -9.228127 -2.140218 -0.092655 -0.052470
    38 0.104748 -10.673144 -0.001547 -0.639144 0.319572 0.181250
    39 0.553428 -3.650577 -0.344972 -0.712014 -0.046218 -0.024582
    40 0.021778 -1.503640 0.001039 -1.434809 0.000001 -0.000004
    41 0.008139 -0.928479 -0.004583 0.266907 -0.000002 -0.000001
    42 0.006928 0.005329 -0.181358 -1.528500 -0.248579 -1.611362
    43 -0.052313 0.038589 -0.230757 -1.592493 -0.043415 -1.528515
    44 -0.232600 -0.209656 -0.420669 -1.713790 -0.167173 -1.438930
    45 -0.218280 -3.741524 -0.346082 -0.667328 -0.000005 -0.000020
    46 0.015894 -1.578467 0.006170 -1.339854 0.000020 -0.000009
    47 0.004384 -1.176453 0.000249 0.307014 0.000021 0.000018
    48 -0.038065 0.069166 -0.159883 -1.816986 0.066178 -1.575392
    49 -0.025151 0.088762 -0.068837 -1.817843 0.044510 -1.568287
    50 -0.102916 -0.186983 -0.272246 -1.833683 -0.232962 -1.472375
    51 -1.034178 -3.578138 -0.343160 -0.847212 0.000019 -0.000003
    52 0.001133 -1.610108 0.002370 -1.379054 0.000003 -0.000002
    53 0.005787 -0.946060 0.004418 0.486635 0.000001 0.000001
    54 -0.004241 0.043707 -0.080203 -2.014997 -0.186996 -1.460723
    55 0.015383 -0.089136 -0.030010 -2.006083 0.036346 -1.568629
    56 -0.022610 -0.212357 -0.177905 -1.933161 -0.118801 -1.518895
    57 1.305107 -3.227548 -0.342207 -0.868580 -0.066932 -0.041063
    58 0.000595 -1.242324 0.002179 -0.908996 0.000004 0.000009
    59 0.003175 -0.774607 -0.004222 -0.108783 -0.000006 -0.000004
    60 -0.067138 0.063251 -0.010961 -0.899214 -0.014515 -1.600326
    61 -0.151180 -0.007395 -0.070065 -0.913061 -0.118819 -1.408558
    62 -0.178164 -0.244680 -0.357067 -1.159916 -0.384260 -1.556110
    63 -0.387544 -0.463665 0.379860 0.037012 -0.331028 -2.446730
    64 2.472082 0.027425 0.001225 0.000015 0.000004 -0.151337
    65 1.227325 0.009356 -0.005766 -0.000003 -0.000006 -0.507624
    66 -0.263409 -0.117640 -0.015659 0.000036 -0.082210 -0.026800
    67 0.007707 -0.334360 -0.191575 0.070788 -0.181563 0.282364
    68 0.225562 -0.567923 -0.420715 0.119895 -0.183798 0.223460
    69 -0.203683 -0.095654 -0.328305 -1.745077 0.075142 -1.515382
    70 -1.393460 8.839182 -0.239439 1.580804 -0.005024 -1.566848
    71 0.036020 0.082815 -0.692656 -1.570769 0.065989 0.001276
    72 -0.088586 0.054020 -0.088594 0.010231 0.033800 -1.560851
    73 0.120153 -0.050270 -0.054489 -2.854024 0.030688 -1.580508
    74 -0.139399 -0.111694 0.014400 0.285395 -0.031353 1.580313
    75 -0.003479 -0.404833 0.000000 0.000000 0.000000 0.000000
    76 -0.313605 -4.589847 0.951765 -1.186351 1.434476 -1.173705
    77 -0.000001 3.367188 0.862793 0.000000 0.000000 0.000000
    78 0.001153 -1.104492 1.960938 0.000000 0.000000 0.000000
    79 0.000922 -2.207351 2.527314 0.000000 0.000000 0.000000
    80 -1.784180 18.750000 -7.144531 0.000000 0.000000 0.000000
    81 -0.003576 -2.248047 1.304688 0.000000 0.000000 0.000000
    82 0.001149 -4.261719 1.683594 0.000000 0.000000 0.000000
  time 35
    0 1.629157 0.000000 0.541027 0.000000 0.000000 -1.570796
    1 0.544211 9.574697 -8.611075 3.771760 -1.002369 -2.999097
    2 -0.001605 -10.698019 -0.002571 0.421000 0.333660 -0.122376
    3 -0.652586 -3.626730 -0.345451 -1.003500 0.000001 -0.122185
    4 -0.013245 -1.509766 0.000002 -1.090796 0.000000 0.000000
    5 0.000000 -0.953613 0.000002 -1.223438 0.000000 0.000000
    6 0.007988 0.172184 -0.118553 -1.598091 -0.216549 -1.570593
    7 0.080660 0.135929 -0.203919 -1.506824 -0.066185 -1.662786
    8 0.117288 -0.155554 -0.604544 -1.412988 -0.374558 -1.569222
    9 0.127930 -3.763672 -0.348633 -0.890091 0.000001 -0.148345
    10 -0.000001 -1.562500 0.000000 -1.212964 0.000000 0.000007
    11 0.000000 -1.165039 0.000001 -1.279286 0.000000 0.000000
    12 -0.018589 0.129953 -0.123721 -1.294580 0.001302 -1.635383
    13 -0.006160 0.170065 -0.110169 -1.280084 -0.068681 -1.597215
    14 0.047100 -0.104074 -0.352264 -1.243368 -0.257298 -1.694346
    15 0.948730 -3.619141 -0.348633 -0.349063 0.000002 0.130893
    16 -0.021700 -1.596358 -0.003443 -0.322846 0.000000 0.000000
    17 -0.002117 -0.936035 0.000000 -0.593408 0.000000 0.000000
    18 -0.022325 0.045424 -0.038284 -1.125544 -0.129230 -1.681412
    19 -0.042900 -0.061274 -0.071212 -1.124462 -0.060454 -1.586099
    20 0.063741 -0.109104 -0.248158 -1.142813 -0.125805 -1.693583
    21 -1.407251 -3.245525 -0.342301 -0.788750 0.052688 -0.017720
    22 0.013451 -1.204102 0.000004 -0.931992 0.000000 0.000000
    23 -0.013000 -0.789551 0.000000 -1.061140 0.000000 0.000000
    24 -0.011721 0.093267 0.017949 -1.687855 -0.079155 -1.575164
    25 0.048863 -0.085541 0.028626 -1.715605 -0.034569 -1.653190
    26 0.173918 -0.198416 -0.336163 -1.668104 -0.422317 -1.710956
    27 0.438721 -0.485596 0.397217 0.505392 -0.466269 -1.212439
    28 2.357422 0.016098 0.000000 -0.304946 -0.017309 -0.456355
    29 1.250977 -0.000338 0.000001 0.000000 0.000000 -0.572457
    30 -0.267709 0.037512 -0.093907 2.913812 -0.143386 0.078467
    31 -0.029266 0.205408 -0.329287 2.788574 -0.255486 -0.188917
    32 0.204373 0.521055 -0.268577 2.886669 0.042206 -0.230367
    33 0.195697 -0.010059 -0.293538 -1.333586 0.150863 -1.672749
    34 1.257181 8.762590 -0.153713 -1.570562 0.002683 -1.566808
    35 -0.093500 -0.114213 -0.738866 -1.570842 0.061811 0.002096
    36 0.010843 0.093624 -0.081439 -3.141462 0.041719 -1.568236
    37 7.678692 -9.106377 -9.712517 -2.029296 -0.001007 0.044530
    38 0.104748 -10.673144 -0.005453 -0.468520 0.302960 0.223706
    39 0.549521 -3.650577 -0.341066 -0.735376 -0.046218 -0.024582
    40 0.025684 -1.503640 0.001039 -1.371047 0.000001 -0.000004
    41 0.008139 -0.928479 -0.004583 0.221299 -0.000002 -0.000001
    42 0.006928 0.005329 -0.181358 -1.528500 -0.248579 -1.611362
    43 -0.052313 0.038589 -0.230757 -1.592493 -0.043415 -1.528515
    44 -0.232600 -0.209656 -0.420669 -1.713790 -0.167173 -1.438930
    45 -0.218280 -3.741524 -0.346082 -0.677061 -0.000005 -0.000020
    46 0.019801 -1.578467 0.006170 -1.297443 0.000020 -0.000009
    47 0.000478 -1.172547 0.000249 0.253918 0.000021 0.000018
    48 -0.038065 0.069166 -0.159883 -1.816986 0.066178 -1.575392
    49 -0.025151 0.088762 -0.068837 -1.817843 0.044510 -1.568287
    50 -0.102916 -0.186983 -0.272246 -1.833683 -0.232962 -1.472375
    51 -1.034178 -3.582044 -0.343160 -0.857227 0.000019 -0.000003
    52 0.001133 -1.610108 0.002370 -1.310116 0.000003 -0.000002
    53 0.005787 -0.946060 0.004418 0.404217 0.000001 0.000001
    54 -0.004241 0.043707 -0.080203 -2.014997 -0.186996 -1.460723
    55 0.015383 -0.089136 -0.030010 -2.006083 0.036346 -1.568629
    56 -0.022610 -0.212357 -0.177905 -1.933161 -0.118801 -1.518895
    57 1.309013 -3.227548 -0.342207 -0.878102 -0.066932 -0.041063
    58 0.000595 -1.242324 0.006085 -0.888447 0.000004 0.000009
    59 0.003175 -0.774607 -0.000316 -0.134957 -0.000006 -0.000004
    60 -0.067138 0.063251 -0.010961 -0.899214 -0.014515 -1.600326
    61 -0.151180 -0.007395 -0.070065 -0.913061 -0.118819 -1.408558
    62 -0.178164 -0.244680 -0.357067 -1.159916 -0.384260 -1.556110
    63 -0.387544 -0.463665 0.379860 0.015561 -0.344333 -2.447711
    64 2.468175 0.027425 0.001225 0.000015 0.000004 -0.106943
    65 1.227325 0.009356 -0.005766 -0.000003 -0.000006 -0.437982
    66 -0.263409 -0.117640 -0.015659 0.000036 -0.082210 -0.026800
    67 0.007707 -0.334360 -0.191575 0.070788 -0.181563 0.282364
    68 0.225562 -0.567923 -0.420715 0.119895 -0.183798 0.223460
    69 -0.203683 -0.095654 -0.328305 -1.745077 0.075142 -1.515382
    70 -1.393460 8.839182 -0.239439 1.580804 -0.005024 -1.566848
    71 0.036020 0.082815 -0.692656 -1.570769 0.065989 0.001276
    72 -0.088586 0.054020 -0.088594 0.010231 0.033800 -1.560851
    73 0.120153 -0.050270 -0.054489 -2.854024 0.030688 -1.580508
    74 -0.139399 -0.111694 0.014400 0.285395 -0.031353 1.580313
    75 -0.003479 -0.404833 0.000000 0.000000 0.000000 0.000000
    76 -0.313605 -4.589847 0.951765 -1.186351 1.434476 -1.173705
    77 -0.000001 3.367188 0.862793 0.000000 0.000000 0.000000
    78 0.001153 -1.104492 1.960938 0.000000 0.000000 0.000000
    79 0.000922 -2.777681 2.527314 0.000000 0.000000 0.000000
    80 -1.784180 18.750000 -7.144531 0.000000 0.000000 0.000000
    81 -0.003576 -2.248047 1.304688 0.000000 0.000000 0.000000
    82 0.001149 -4.261719 1.683594 0.000000 0.000000 0.000000
  time 36
    0 1.629157 0.000000 0.541027 0.000000 0.000000 -1.570796
    1 0.555930 9.359847 -8.603262 3.752109 -0.977702 -2.963917
    2 -0.005512 -10.701926 -0.002571 0.321035 0.320827 -0.186052
    3 -0.652586 -3.626730 -0.345451 -1.003500 0.000001 -0.122185
    4 -0.013245 -1.509766 0.000002 -1.090796 0.000000 0.000000
    5 0.000000 -0.953613 0.000002 -1.223438 0.000000 0.000000
    6 0.007988 0.172184 -0.118553 -1.598091 -0.216549 -1.570593
    7 0.080660 0.135929 -0.203919 -1.506824 -0.066185 -1.662786
    8 0.117288 -0.155554 -0.604544 -1.412988 -0.374558 -1.569222
    9 0.127930 -3.763672 -0.348633 -0.890091 0.000001 -0.148345
    10 -0.000001 -1.562500 0.000000 -1.212964 0.000000 0.000007
    11 0.000000 -1.165039 0.000001 -1.279286 0.000000 0.000000
    12 -0.018589 0.129953 -0.123721 -1.294580 0.001302 -1.635383
    13 -0.006160 0.170065 -0.110169 -1.280084 -0.068681 -1.597215
    14 0.047100 -0.104074 -0.352264 -1.243368 -0.257298 -1.694346
    15 0.948730 -3.619141 -0.348633 -0.349063 0.000002 0.130893
    16 -0.017794 -1.596358 -0.003443 -0.322846 0.000000 0.000000
    17 -0.002117 -0.936035 0.000000 -0.593408 0.000000 0.000000
    18 -0.022325 0.045424 -0.038284 -1.125544 -0.129230 -1.681412
    19 -0.042900 -0.061274 -0.071212 -1.124462 -0.060454 -1.586099
    20 0.063741 -0.109104 -0.248158 -1.142813 -0.125805 -1.693583
    21 -1.403345 -3.245525 -0.342301 -0.788750 0.052688 -0.017720
    22 0.013451 -1.204102 0.000004 -0.931992 0.000000 0.000000
    23 -0.013000 -0.789551 0.000000 -1.061140 0.000000 0.000000
    24 -0.011721 0.093267 0.017949 -1.687855 -0.079155 -1.575164
    25 0.048863 -0.085541 0.028626 -1.715605 -0.034569 -1.653190
    26 0.173918 -0.198416 -0.336163 -1.668104 -0.422317 -1.710956
    27 0.438721 -0.485596 0.397217 0.505392 -0.466269 -1.212439
    28 2.357422 0.016098 0.000000 -0.304946 -0.017309 -0.456355
    29 1.250977 -0.000338 0.000001 0.000000 0.000000 -0.572457
    30 -0.267709 0.037512 -0.093907 2.913812 -0.143386 0.078467
    31 -0.029266 0.205408 -0.329287 2.788574 -0.255486 -0.188917
    32 0.204373 0.521055 -0.268577 2.886669 0.042206 -0.230367
    33 0.195697 -0.010059 -0.293538 -1.333586 0.150863 -1.672749
    34 1.257181 8.762590 -0.153713 -1.570562 0.002683 -1.566808
    35 -0.093500 -0.114213 -0.738866 -1.570842 0.061811 0.002096
    36 0.010843 0.093624 -0.081439 -3.141462 0.041719 -1.568236
    37 7.596659 -8.825119 -10.181281 -1.905498 0.079332 0.154623
    38 0.104748 -10.673144 -0.005453 -0.280466 0.277514 0.266219
    39 0.549521 -3.650577 -0.341066 -0.759686 -0.046218 -0.024582
    40 0.025684 -1.503640 0.001039 -1.304742 0.000001 -0.000004
    41 0.008139 -0.928479 -0.004583 0.173892 -0.000002 -0.000001
    42 0.006928 0.005329 -0.181358 -1.528500 -0.248579 -1.611362
    43 -0.052313 0.038589 -0.230757 -1.592493 -0.043415 -1.528515
    44 -0.232600 -0.209656 -0.420669 -1.713790 -0.167173 -1.438930
    45 -0.218280 -3.737618 -0.346082 -0.687090 -0.000005 -0.000020
    46 0.019801 -1.578467 0.006170 -1.253270 0.000020 -0.000009
    47 0.000478 -1.172547 0.000249 0.198706 0.000021 0.000018
    48 -0.038065 0.069166 -0.159883 -1.816986 0.066178 -1.575392
    49 -0.025151 0.088762 -0.068837 -1.817843 0.044510 -1.568287
    50 -0.102916 -0.186983 -0.272246 -1.833683 -0.232962 -1.472375
    51 -1.034178 -3.578138 -0.343160 -0.867603 0.000019 -0.000003
    52 0.001133 -1.610108 0.002370 -1.238290 0.000003 -0.000002
    53 0.005787 -0.946060 0.004418 0.318453 0.000001 0.000001
    54 -0.004241 0.043707 -0.080203 -2.014997 -0.186996 -1.460723
    55 0.015383 -0.089136 -0.030010 -2.006083 0.036346 -1.568629
    56 -0.022610 -0.212357 -0.177905 -1.933161 -0.118801 -1.518895
    57 1.305107 -3.227548 -0.342207 -0.888057 -0.066932 -0.041063
    58 0.004502 -1.242324 0.002179 -0.867166 0.000004 0.000009
    59 0.003175 -0.774607 -0.000316 -0.162248 -0.000006 -0.000004
    60 -0.067138 0.063251 -0.010961 -0.899214 -0.014515 -1.600326
    61 -0.151180 -0.007395 -0.070065 -0.913061 -0.118819 -1.408558
    62 -0.178164 -0.244680 -0.357067 -1.159916 -0.384260 -1.556110
    63 -0.391451 -0.463665 0.379860 -0.006801 -0.358180 -2.448460
    64 2.468175 0.027425 0.001225 0.000015 0.000004 -0.060808
    65 1.227325 0.009356 -0.005766 -0.000003 -0.000006 -0.365531
    66 -0.263409 -0.117640 -0.015659 0.000036 -0.082210 -0.026800
    67 0.007707 -0.334360 -0.191575 0.070788 -0.181563 0.282364
    68 0.225562 -0.567923 -0.420715 0.119895 -0.183798 0.223460
    69 -0.203683 -0.095654 -0.328305 -1.745077 0.075142 -1.515382
    70 -1.393460 8.839182 -0.239439 1.580804 -0.005024 -1.566848
    71 0.036020 0.082815 -0.692656 -1.570769 0.065989 0.001276
    72 -0.088586 0.054020 -0.088594 0.010231 0.033800 -1.560851
    73 0.120153 -0.050270 -0.054489 -2.854024 0.030688 -1.580508
    74 -0.139399 -0.111694 0.014400 0.285395 -0.031353 1.580313
    75 -0.003479 -0.404833 0.000000 0.000000 0.000000 0.000000
    76 -0.313605 -4.589847 0.951765 -1.186351 1.434476 -1.173705
    77 -0.000001 3.367188 0.862793 0.000000 0.000000 0.000000
    78 0.001153 -1.104492 1.960938 0.000000 0.000000 0.000000
    79 0.000922 -2.777681 2.527314 0.000000 0.000000 0.000000
    80 -1.784180 18.750000 -7.144531 0.000000 0.000000 0.000000
    81 -0.003576 -2.248047 1.304688 0.000000 0.000000 0.000000
    82 0.001149 -4.261719 1.683594 0.000000 0.000000 0.000000
  time 37
    0 1.629157 0.000000 0.541027 0.000000 0.000000 -1.570796
    1 0.563743 9.051244 -8.603262 3.735495 -0.951762 -2.927118
    2 -0.001605 -10.701926 -0.002571 0.240122 0.297931 -0.236537
    3 -0.652586 -3.626730 -0.341545 -1.003500 0.000001 -0.122185
    4 -0.013245 -1.509766 0.000002 -1.090796 0.000000 0.000000
    5 0.000000 -0.953613 0.000002 -1.223438 0.000000 0.000000
    6 0.007988 0.172184 -0.118553 -1.598091 -0.216549 -1.570593
    7 0.080660 0.135929 -0.203919 -1.506824 -0.066185 -1.662786
    8 0.117288 -0.155554 -0.604544 -1.412988 -0.374558 -1.569222
    9 0.127930 -3.763672 -0.348633 -0.890091 0.000001 -0.148345
    10 -0.000001 -1.562500 0.000000 -1.212964 0.000000 0.000007
    11 0.000000 -1.165039 0.000001 -1.279286 0.000000 0.000000
    12 -0.018589 0.129953 -0.123721 -1.294580 0.001302 -1.635383
    13 -0.006160 0.170065 -0.110169 -1.280084 -0.068681 -1.597215
    14 0.047100 -0.104074 -0.352264 -1.243368 -0.257298 -1.694346
    15 0.948730 -3.619141 -0.348633 -0.349063 0.000002 0.130893
    16 -0.017794 -1.596358 -0.003443 -0.322846 0.000000 0.000000
    17 -0.002117 -0.936035 0.000000 -0.593408 0.000000 0.000000
    18 -0.022325 0.045424 -0.038284 -1.125544 -0.129230 -1.681412
    19 -0.042900 -0.061274 -0.071212 -1.124462 -0.060454 -1.586099
    20 0.063741 -0.109104 -0.248158 -1.142813 -0.125805 -1.693583
    21 -1.403345 -3.245525 -0.342301 -0.788750 0.052688 -0.017720
    22 0.013451 -1.204102 0.000004 -0.931992 0.000000 0.000000
    23 -0.013000 -0.789551 0.000000 -1.061140 0.000000 0.000000
    24 -0.011721 0.093267 0.017949 -1.687855 -0.079155 -1.575164
    25 0.048863 -0.085541 0.028626 -1.715605 -0.034569 -1.653190
    26 0.173918 -0.198416 -0.336163 -1.668104 -0.422317 -1.710956
    27 0.438721 -0.485596 0.397217 0.505392 -0.466269 -1.212439
    28 2.357422 0.016098 0.000000 -0.304946 -0.017309 -0.456355
    29 1.250977 -0.000338 0.000001 0.000000 0.000000 -0.572457
    30 -0.267709 0.037512 -0.093907 2.913812 -0.143386 0.078467
    31 -0.029266 0.205408 -0.329287 2.788574 -0.255486 -0.188917
    32 0.204373 0.521055 -0.268577 2.886669 0.042206 -0.230367
    33 0.195697 -0.010059 -0.293538 -1.333586 0.150863 -1.672749
    34 1.257181 8.762590 -0.153713 -1.570562 0.002683 -1.566808
    35 -0.093500 -0.114213 -0.738866 -1.570842 0.061811 0.002096
    36 0.010843 0.093624 -0.081439 -3.141462 0.041719 -1.568236
    37 7.471655 -8.508703 -10.630514 -1.772545 0.148360 0.278191
    38 0.104748 -10.673144 -0.001547 -0.088833 0.242258 0.304351
    39 0.553428 -3.646670 -0.341066 -0.784795 -0.046218 -0.024582
    40 0.021778 -1.503640 0.001039 -1.236271 0.000001 -0.000004
    41 0.008139 -0.928479 -0.004583 0.124951 -0.000002 -0.000001
    42 0.006928 0.005329 -0.181358 -1.528500 -0.248579 -1.611362
    43 -0.052313 0.038589 -0.230757 -1.592493 -0.043415 -1.528515
    44 -0.232600 -0.209656 -0.420669 -1.713790 -0.167173 -1.438930
    45 -0.214374 -3.737618 -0.346082 -0.697500 -0.000005 -0.000020
    46 0.019801 -1.578467 0.006170 -1.207570 0.000020 -0.000009
    47 0.000478 -1.176453 0.000249 0.141693 0.000021 0.000018
    48 -0.038065 0.069166 -0.159883 -1.816986 0.066178 -1.575392
    49 -0.025151 0.088762 -0.068837 -1.817843 0.044510 -1.568287
    50 -0.102916 -0.186983 -0.272246 -1.833683 -0.232962 -1.472375
    51 -1.030272 -3.578138 -0.343160 -0.878339 0.000019 -0.000003
    52 0.001133 -1.610108 0.002370 -1.164154 0.000003 -0.000002
    53 0.005787 -0.946060 0.004418 0.229838 0.000001 0.000001
    54 -0.004241 0.043707 -0.080203 -2.014997 -0.186996 -1.460723
    55 0.015383 -0.089136 -0.030010 -2.006083 0.036346 -1.568629
    56 -0.022610 -0.212357 -0.177905 -1.933161 -0.118801 -1.518895
    57 1.309013 -3.227548 -0.342207 -0.898272 -0.066932 -0.041063
    58 0.000595 -1.242324 0.006085 -0.845097 0.000004 0.000009
    59 0.003175 -0.774607 -0.004222 -0.190451 -0.000006 -0.000004
    60 -0.067138 0.063251 -0.010961 -0.899214 -0.014515 -1.600326
    61 -0.151180 -0.007395 -0.070065 -0.913061 -0.118819 -1.408558
    62 -0.178164 -0.244680 -0.357067 -1.159916 -0.384260 -1.556110
    63 -0.387544 -0.463665 0.383766 -0.030075 -0.372528 -2.448821
    64 2.468175 0.027425 0.001225 0.000015 0.000004 -0.013266
    65 1.227325 0.009356 -0.005766 -0.000003 -0.000006 -0.290718
    66 -0.263409 -0.117640 -0.015659 0.000036 -0.082210 -0.026800
    67 0.007707 -0.334360 -0.191575 0.070788 -0.181563 0.282364
    68 0.225562 -0.567923 -0.420715 0.119895 -0.183798 0.223460
    69 -0.203683 -0.095654 -0.328305 -1.745077 0.075142 -1.515382
    70 -1.393460 8.839182 -0.239439 1.580804 -0.005024 -1.566848
    71 0.036020 0.082815 -0.692656 -1.570769 0.065989 0.001276
    72 -0.088586 0.054020 -0.088594 0.010231 0.033800 -1.560851
    73 0.120153 -0.050270 -0.054489 -2.854024 0.030688 -1.580508
    74 -0.139399 -0.111694 0.014400 0.285395 -0.031353 1.580313
    75 -0.003479 -0.404833 0.000000 0.000000 0.000000 0.000000
    76 -0.313605 -4.589847 0.951765 -1.186351 1.434476 -1.173705
    77 -0.000001 3.367188 0.862793 0.000000 0.000000 0.000000
    78 0.001153 -1.104492 1.960938 0.000000 0.000000 0.000000
    79 0.000922 -2.777681 2.523408 0.000000 0.000000 0.000000
    80 -1.784180 18.750000 -7.144531 0.000000 0.000000 0.000000
    81 -0.003576 -2.248047 1.304688 0.000000 0.000000 0.000000
    82 0.001149 -4.261719 1.683594 0.000000 0.000000 0.000000
  time 38
    0 1.629157 0.000000 0.541027 0.000000 0.000000 -1.570796
    1 0.559836 8.707483 -8.603262 3.729064 -0.933085 -2.894457
    2 -0.001605 -10.698019 -0.002571 0.199858 0.267719 -0.260271
    3 -0.652586 -3.626730 -0.341545 -1.003500 0.000001 -0.122173
    4 -0.013245 -1.509766 0.000002 -1.090796 0.000000 0.000000
    5 0.000000 -0.953613 0.000002 -1.223438 0.000000 0.000000
    6 0.007988 0.172184 -0.118553 -1.598091 -0.216549 -1.570593
    7 0.080660 0.135929 -0.203919 -1.506824 -0.066185 -1.662786
    8 0.117288 -0.155554 -0.604544 -1.412988 -0.374558 -1.569222
    9 0.127930 -3.763672 -0.348633 -0.890091 0.000001 -0.148345
    10 -0.000001 -1.562500 0.000000 -1.212964 0.000000 0.000007
    11 0.000000 -1.165039 0.000001 -1.279286 0.000000 0.000000
    12 -0.018589 0.129953 -0.123721 -1.294580 0.001302 -1.635383
    13 -0.006160 0.170065 -0.110169 -1.280084 -0.068681 -1.597215
    14 0.047100 -0.104074 -0.352264 -1.243368 -0.257298 -1.694346
    15 0.948730 -3.619141 -0.348633 -0.349063 0.000002 0.130893
    16 -0.017794 -1.596358 -0.003443 -0.322846 0.000000 0.000000
    17 -0.002117 -0.936035 0.000000 -0.593408 0.000000 0.000000
    18 -0.022325 0.045424 -0.038284 -1.125544 -0.129230 -1.681412
    19 -0.042900 -0.061274 -0.071212 -1.124462 -0.060454 -1.586099
    20 0.063741 -0.109104 -0.248158 -1.142813 -0.125805 -1.693583
    21 -1.407251 -3.245525 -0.342301 -0.788750 0.052688 -0.017706
    22 0.013451 -1.204102 0.000004 -0.931992 0.000000 0.000000
    23 -0.013000 -0.789551 0.000000 -1.061140 0.000000 0.000000
    24 -0.011721 0.093267 0.017949 -1.687855 -0.079155 -1.575164
    25 0.048863 -0.085541 0.028626 -1.715605 -0.034569 -1.653190
    26 0.173918 -0.198416 -0.336163 -1.668104 -0.422317 -1.710956
    27 0.438721 -0.485596 0.397217 0.505392 -0.466269 -1.212439
    28 2.357422 0.016098 0.000000 -0.304946 -0.017309 -0.456355
    29 1.250977 -0.000338 0.000001 0.000000 0.000000 -0.572457
    30 -0.267709 0.037512 -0.093907 2.913812 -0.143386 0.078467
    31 -0.029266 0.205408 -0.329287 2.788574 -0.255486 -0.188917
    32 0.204373 0.521055 -0.268577 2.886669 0.042206 -0.230367
    33 0.195697 -0.010059 -0.293538 -1.333586 0.150863 -1.672749
    34 1.257181 8.762590 -0.153713 -1.570562 0.002683 -1.566808
    35 -0.093500 -0.114213 -0.738866 -1.570842 0.061811 0.002096
    36 0.010843 0.093624 -0.081439 -3.141462 0.041719 -1.568236
    37 7.307587 -8.168849 -11.056308 -1.633868 0.205844 0.414947
    38 0.104748 -10.673144 -0.005453 0.092792 0.198457 0.334621
    39 0.549521 -3.650577 -0.341066 -0.810603 -0.046218 -0.024582
    40 0.021778 -1.503640 0.001039 -1.165916 0.000001 -0.000004
    41 0.008139 -0.928479 -0.004583 0.074528 -0.000002 -0.000001
    42 0.006928 0.005329 -0.181358 -1.528500 -0.248579 -1.611362
    43 -0.052313 0.038589 -0.230757 -1.592493 -0.043415 -1.528515
    44 -0.232600 -0.209656 -0.420669 -1.713790 -0.167173 -1.438930
    45 -0.218280 -3.741524 -0.346082 -0.708121 -0.000005 -0.000020
    46 0.019801 -1.582373 0.006170 -1.160695 0.000020 -0.000009
    47 0.004384 -1.172547 0.000249 0.082993 0.000021 0.000018
    48 -0.038065 0.069166 -0.159883 -1.816986 0.066178 -1.575392
    49 -0.025151 0.088762 -0.068837 -1.817843 0.044510 -1.568287
    50 -0.102916 -0.186983 -0.272246 -1.833683 -0.232962 -1.472375
    51 -1.030272 -3.582044 -0.347066 -0.889396 0.000019 -0.000003
    52 0.001133 -1.610108 0.002370 -1.087918 0.000003 -0.000002
    53 0.005787 -0.946060 0.004418 0.138838 0.000001 0.000001
    54 -0.004241 0.043707 -0.080203 -2.014997 -0.186996 -1.460723
    55 0.015383 -0.089136 -0.030010 -2.006083 0.036346 -1.568629
    56 -0.022610 -0.212357 -0.177905 -1.933161 -0.118801 -1.518895
    57 1.309013 -3.227548 -0.342207 -0.908833 -0.066932 -0.041063
    58 0.000595 -1.242324 0.006085 -0.822409 0.000004 0.000009
    59 0.003175 -0.774607 -0.004222 -0.219466 -0.000006 -0.000004
    60 -0.067138 0.063251 -0.010961 -0.899214 -0.014515 -1.600326
    61 -0.151180 -0.007395 -0.070065 -0.913061 -0.118819 -1.408558
    62 -0.178164 -0.244680 -0.357067 -1.159916 -0.384260 -1.556110
    63 -0.387544 -0.463665 0.379860 -0.054149 -0.387237 -2.448873
    64 2.472082 0.027425 0.001225 0.000015 0.000004 0.035748
    65 1.223419 0.009356 -0.005766 -0.000003 -0.000006 -0.213764
    66 -0.263409 -0.117640 -0.015659 0.000036 -0.082210 -0.026800
    67 0.007707 -0.334360 -0.191575 0.070788 -0.181563 0.282364
    68 0.225562 -0.567923 -0.420715 0.119895 -0.183798 0.223460
    69 -0.203683 -0.095654 -0.328305 -1.745077 0.075142 -1.515382
    70 -1.393460 8.839182 -0.239439 1.580804 -0.005024 -1.566848
    71 0.036020 0.082815 -0.692656 -1.570769 0.065989 0.001276
    72 -0.088586 0.054020 -0.088594 0.010231 0.033800 -1.560851
    73 0.120153 -0.050270 -0.054489 -2.854024 0.030688 -1.580508
    74 -0.139399 -0.111694 0.014400 0.285395 -0.031353 1.580313
    75 -0.003479 -0.404833 0.000000 0.000000 0.000000 0.000000
    76 -0.313605 -4.589847 0.951765 -1.186351 1.434476 -1.173705
    77 -0.000001 3.367188 0.862793 0.000000 0.000000 0.000000
    78 0.001153 -1.104492 1.960938 0.000000 0.000000 0.000000
    79 0.000922 -2.777681 2.527314 0.000000 0.000000 0.000000
    80 -1.784180 18.750000 -7.144531 0.000000 0.000000 0.000000
    81 -0.003576 -2.248047 1.304688 0.000000 0.000000 0.000000
    82 0.001149 -4.261719 1.683594 0.000000 0.000000 0.000000
  time 39
    0 1.629157 0.000000 0.541027 0.000000 0.000000 -1.570796
    1 0.544211 8.371535 -8.611075 3.738443 -0.930350 -2.870614
    2 -0.001605 -10.701926 -0.006478 0.192369 0.233952 -0.263034
    3 -0.648679 -3.626730 -0.341545 -1.003500 0.000001 -0.122185
    4 -0.013245 -1.509766 0.000002 -1.090796 0.000000 0.000000
    5 0.000000 -0.953613 0.000002 -1.223438 0.000000 0.000000
    6 0.007988 0.172184 -0.118553 -1.598091 -0.216549 -1.570593
    7 0.080660 0.135929 -0.203919 -1.506824 -0.066185 -1.662786
    8 0.117288 -0.155554 -0.604544 -1.412988 -0.374558 -1.569222
    9 0.127930 -3.763672 -0.348633 -0.890091 0.000001 -0.148345
    10 -0.000001 -1.562500 0.000000 -1.212964 0.000000 0.000007
    11 0.000000 -1.165039 0.000001 -1.279286 0.000000 0.000000
    12 -0.018589 0.129953 -0.123721 -1.294580 0.001302 -1.635383
    13 -0.006160 0.170065 -0.110169 -1.280084 -0.068681 -1.597215
    14 0.047100 -0.104074 -0.352264 -1.243368 -0.257298 -1.694346
    15 0.948730 -3.619141 -0.348633 -0.349063 0.000002 0.130893
    16 -0.017794 -1.596358 -0.003443 -0.322846 0.000000 0.000000
    17 -0.002117 -0.936035 0.000000 -0.593408 0.000000 0.000000
    18 -0.022325 0.045424 -0.038284 -1.125544 -0.129230 -1.681412
    19 -0.042900 -0.061274 -0.071212 -1.124462 -0.060454 -1.586099
    20 0.063741 -0.109104 -0.248158 -1.142813 -0.125805 -1.693583
    21 -1.403345 -3.245525 -0.342301 -0.788750 0.052688 -0.017720
    22 0.013451 -1.204102 0.000004 -0.931992 0.000000 0.000000
    23 -0.013000 -0.789551 0.000000 -1.061140 0.000000 0.000000
    24 -0.011721 0.093267 0.017949 -1.687855 -0.079155 -1.575164
    25 0.048863 -0.085541 0.028626 -1.715605 -0.034569 -1.653190
    26 0.173918 -0.198416 -0.336163 -1.668104 -0.422317 -1.710956
    27 0.438721 -0.485596 0.397217 0.505392 -0.466269 -1.212439
    28 2.357422 0.016098 0.000000 -0.304946 -0.017309 -0.456355
    29 1.250977 -0.000338 0.000001 0.000000 0.000000 -0.572457
    30 -0.267709 0.037512 -0.093907 2.913812 -0.143386 0.078467
    31 -0.029266 0.205408 -0.329287 2.788574 -0.255486 -0.188917
    32 0.204373 0.521055 -0.268577 2.886669 0.042206 -0.230367
    33 0.195697 -0.010059 -0.293538 -1.333586 0.150863 -1.672749
    34 1.257181 8.762590 -0.153713 -1.570562 0.002683 -1.566808
    35 -0.093500 -0.114213 -0.738866 -1.570842 0.061811 0.002096
    36 0.010843 0.093624 -0.081439 -3.141462 0.041719 -1.568236
    37 7.096643 -7.793837 -11.454758 -1.493189 0.252767 0.564605
    38 0.104748 -10.673144 -0.005453 0.252387 0.148974 0.355315
    39 0.549521 -3.650577 -0.344972 -0.836961 -0.046218 -0.024582
    40 0.021778 -1.503640 0.001039 -1.094055 0.000001 -0.000004
    41 0.012045 -0.932386 -0.004583 0.023047 -0.000002 -0.000001
    42 0.006928 0.005329 -0.181358 -1.528500 -0.248579 -1.611362
    43 -0.052313 0.038589 -0.230757 -1.592493 -0.043415 -1.528515
    44 -0.232600 -0.209656 -0.420669 -1.713790 -0.167173 -1.438930
    45 -0.214374 -3.737618 -0.346082 -0.719039 -0.000005 -0.000020
    46 0.019801 -1.578467 0.006170 -1.112704 0.000020 -0.000009
    47 0.000478 -1.176453 0.000249 0.023035 0.000021 0.000018
    48 -0.038065 0.069166 -0.159883 -1.816986 0.066178 -1.575392
    49 -0.025151 0.088762 -0.068837 -1.817843 0.044510 -1.568287
    50 -0.102916 -0.186983 -0.272246 -1.833683 -0.232962 -1.472375
    51 -1.030272 -3.582044 -0.347066 -0.900693 0.000019 -0.000003
    52 0.001133 -1.610108 0.006276 -1.009949 0.000003 -0.000002
    53 0.005787 -0.946060 0.004418 0.045714 0.000001 0.000001
    54 -0.004241 0.043707 -0.080203 -2.014997 -0.186996 -1.460723
    55 0.015383 -0.089136 -0.030010 -2.006083 0.036346 -1.568629
    56 -0.022610 -0.212357 -0.177905 -1.933161 -0.118801 -1.518895
    57 1.309013 -3.227548 -0.346114 -0.919654 -0.066932 -0.041063
    58 0.000595 -1.242324 0.006085 -0.799214 0.000004 0.000009
    59 0.003175 -0.774607 -0.004222 -0.249039 -0.000006 -0.000004
    60 -0.067138 0.063251 -0.010961 -0.899214 -0.014515 -1.600326
    61 -0.151180 -0.007395 -0.070065 -0.913061 -0.118819 -1.408558
    62 -0.178164 -0.244680 -0.357067 -1.159916 -0.384260 -1.556110
    63 -0.387544 -0.463665 0.379860 -0.078890 -0.402308 -2.448537
    64 2.472082 0.027425 0.001225 0.000015 0.000004 0.085834
    65 1.227325 0.009356 -0.005766 -0.000003 -0.000006 -0.135114
    66 -0.263409 -0.117640 -0.015659 0.000036 -0.082210 -0.026800
    67 0.007707 -0.334360 -0.191575 0.070788 -0.181563 0.282364
    68 0.225562 -0.567923 -0.420715 0.119895 -0.183798 0.223460
    69 -0.203683 -0.095654 -0.328305 -1.745077 0.075142 -1.515382
    70 -1.393460 8.839182 -0.239439 1.580804 -0.005024 -1.566848
    71 0.036020 0.082815 -0.692656 -1.570769 0.065989 0.001276
    72 -0.088586 0.054020 -0.088594 0.010231 0.033800 -1.560851
    73 0.120153 -0.050270 -0.054489 -2.854024 0.030688 -1.580508
    74 -0.139399 -0.111694 0.014400 0.285395 -0.031353 1.580313
    75 -0.003479 -0.404833 0.000000 0.000000 0.000000 0.000000
    76 -0.313605 -4.589847 0.951765 -1.186351 1.434476 -1.173705
    77 -0.000001 3.367188 0.862793 0.000000 0.000000 0.000000
    78 0.001153 -1.104492 1.960938 0.000000 0.000000 0.000000
    79 0.000922 -2.777681 2.527314 0.000000 0.000000 0.000000
    80 -1.784180 18.750000 -7.144531 0.000000 0.000000 0.000000
    81 -0.003576 -2.248047 1.304688 0.000000 0.000000 0.000000
    82 0.001149 -4.261719 1.683594 0.000000 0.000000 0.000000
  time 40
    0 1.629157 0.000000 0.541027 0.000000 0.000000 -1.570796
    1 0.512960 8.109809 -8.614981 3.769706 -0.952611 -2.860807
    2 -0.001605 -10.701926 -0.002571 0.195016 0.198477 -0.259396
    3 -0.652586 -3.626730 -0.341545 -1.003500 0.000001 -0.122185
    4 -0.013245 -1.509766 0.000002 -1.090796 0.000000 0.000000
    5 0.000000 -0.953613 0.000002 -1.223438 0.000000 0.000000
    6 0.007988 0.172184 -0.118553 -1.598091 -0.216549 -1.570593
    7 0.080660 0.135929 -0.203919 -1.506824 -0.066185 -1.662786
    8 0.117288 -0.155554 -0.604544 -1.412988 -0.374558 -1.569222
    9 0.127930 -3.763672 -0.348633 -0.890091 0.000001 -0.148345
    10 -0.000001 -1.562500 0.000000 -1.212964 0.000000 0.000007
    11 0.000000 -1.165039 0.000001 -1.279286 0.000000 0.000000
    12 -0.018589 0.129953 -0.123721 -1.294580 0.001302 -1.635383
    13 -0.006160 0.170065 -0.110169 -1.280084 -0.068681 -1.597215
    14 0.047100 -0.104074 -0.352264 -1.243368 -0.257298 -1.694346
    15 0.948730 -3.619141 -0.348633 -0.349063 0.000002 0.130893
    16 -0.021700 -1.596358 -0.003443 -0.322846 0.000000 0.000000
    17 -0.002117 -0.936035 0.000000 -0.593408 0.000000 0.000000
    18 -0.022325 0.045424 -0.038284 -1.125544 -0.129230 -1.681412
    19 -0.042900 -0.061274 -0.071212 -1.124462 -0.060454 -1.586099
    20 0.063741 -0.109104 -0.248158 -1.142813 -0.125805 -1.693583
    21 -1.407251 -3.245525 -0.342301 -0.788750 0.052688 -0.017720
    22 0.013451 -1.204102 0.000004 -0.931992 0.000000 0.000000
    23 -0.013000 -0.789551 0.000000 -1.061140 0.000000 0.000000
    24 -0.011721 0.093267 0.017949 -1.687855 -0.079155 -1.575164
    25 0.048863 -0.085541 0.028626 -1.715605 -0.034569 -1.653190
    26 0.173918 -0.198416 -0.336163 -1.668104 -0.422317 -1.710956
    27 0.438721 -0.485596 0.397217 0.505392 -0.466269 -1.212439
    28 2.357422 0.016098 0.000000 -0.304946 -0.017309 -0.456355
    29 1.250977 -0.000338 0.000001 0.000000 0.000000 -0.572457
    30 -0.267709 0.037512 -0.093907 2.913812 -0.143386 0.078467
    31 -0.029266 0.205408 -0.329287 2.788574 -0.255486 -0.188917
    32 0.204373 0.521055 -0.268577 2.886669 0.042206 -0.230367
    33 0.195697 -0.010059 -0.293538 -1.333586 0.150863 -1.672749
    34 1.257181 8.762590 -0.153713 -1.570562 0.002683 -1.566808
    35 -0.093500 -0.114213 -0.738866 -1.570842 0.061811 0.002096
    36 0.010843 0.093624 -0.081439 -3.141462 0.041719 -1.568236
    37 6.854449 -7.391481 -11.841488 -1.353463 0.290763 0.726303
    38 0.104748 -10.673144 -0.005453 0.378223 0.097355 0.366856
    39 0.549521 -3.646670 -0.341066 -0.863867 -0.046218 -0.024582
    40 0.021778 -1.503640 0.001039 -1.020686 0.000001 -0.000004
    41 0.008139 -0.932386 -0.004583 -0.029175 -0.000002 -0.000001
    42 0.006928 0.005329 -0.181358 -1.528500 -0.248579 -1.611362
    43 -0.052313 0.038589 -0.230757 -1.592493 -0.043415 -1.528515
    44 -0.232600 -0.209656 -0.420669 -1.713790 -0.167173 -1.438930
    45 -0.218280 -3.737618 -0.346082 -0.730211 -0.000005 -0.000020
    46 0.019801 -1.578467 0.006170 -1.063949 0.000020 -0.000009
    47 0.000478 -1.176453 0.000249 -0.037924 0.000021 0.000018
    48 -0.038065 0.069166 -0.159883 -1.816986 0.066178 -1.575392
    49 -0.025151 0.088762 -0.068837 -1.817843 0.044510 -1.568287
    50 -0.102916 -0.186983 -0.272246 -1.833683 -0.232962 -1.472375
    51 -1.034178 -3.578138 -0.343160 -0.912191 0.000019 -0.000003
    52 0.001133 -1.610108 0.002370 -0.930615 0.000003 -0.000002
    53 0.005787 -0.946060 0.000512 -0.048952 0.000001 0.000001
    54 -0.004241 0.043707 -0.080203 -2.014997 -0.186996 -1.460723
    55 0.015383 -0.089136 -0.030010 -2.006083 0.036346 -1.568629
    56 -0.022610 -0.212357 -0.177905 -1.933161 -0.118801 -1.518895
    57 1.309013 -3.227548 -0.342207 -0.930648 -0.066932 -0.041063
    58 0.000595 -1.242324 0.006085 -0.775681 0.000004 0.000009
    59 0.003175 -0.774607 -0.004222 -0.279169 -0.000006 -0.000004
    60 -0.067138 0.063251 -0.010961 -0.899214 -0.014515 -1.600326
    61 -0.151180 -0.007395 -0.070065 -0.913061 -0.118819 -1.408558
    62 -0.178164 -0.244680 -0.357067 -1.159916 -0.384260 -1.556110
    63 -0.387544 -0.463665 0.379860 -0.104231 -0.417579 -2.447737
    64 2.472082 0.027425 0.001225 0.000015 0.000004 0.136723
    65 1.227325 0.009356 -0.005766 -0.000003 -0.000006 -0.055073
    66 -0.263409 -0.117640 -0.015659 0.000036 -0.082210 -0.026800
    67 0.007707 -0.334360 -0.191575 0.070788 -0.181563 0.282364
    68 0.225562 -0.567923 -0.420715 0.119895 -0.183798 0.223460
    69 -0.203683 -0.095654 -0.328305 -1.745077 0.075142 -1.515382
    70 -1.393460 8.839182 -0.239439 1.580804 -0.005024 -1.566848
    71 0.036020 0.082815 -0.692656 -1.570769 0.065989 0.001276
    72 -0.088586 0.054020 -0.088594 0.010231 0.033800 -1.560851
    73 0.120153 -0.050270 -0.054489 -2.854024 0.030688 -1.580508
    74 -0.139399 -0.111694 0.014400 0.285395 -0.031353 1.580313
    75 -0.003479 -0.404833 0.000000 0.000000 0.000000 0.000000
    76 -0.313605 -4.589847 0.951765 -1.186351 1.434476 -1.173705
    77 -0.000001 3.367188 0.862793 0.000000 0.000000 0.000000
    78 0.001153 -1.104492 1.960938 0.000000 0.000000 0.000000
    79 0.000922 -2.777681 2.527314 0.000000 0.000000 0.000000
    80 -1.784180 18.750000 -7.144531 0.000000 0.000000 0.000000
    81 -0.003576 -2.248047 1.304688 0.000000 0.000000 0.000000
    82 0.001149 -4.261719 1.683594 0.000000 0.000000 0.000000
  time 41
    0 1.629157 0.000000 0.541027 0.000000 0.000000 -1.570796
    1 0.469990 7.887146 -8.626700 3.825532 -0.998360 -2.868185
    2 -0.001605 -10.701926 -0.002571 0.205779 0.161664 -0.251040
    3 -0.652586 -3.626730 -0.341545 -1.003500 0.000001 -0.122185
    4 -0.013245 -1.509766 0.000002 -1.090796 0.000000 0.000000
    5 0.000000 -0.953613 0.000002 -1.223438 0.000000 0.000000
    6 0.007988 0.172184 -0.118553 -1.598091 -0.216549 -1.570593
    7 0.080660 0.135929 -0.203919 -1.506824 -0.066185 -1.662786
    8 0.117288 -0.155554 -0.604544 -1.412988 -0.374558 -1.569222
    9 0.127930 -3.763672 -0.348633 -0.890091 0.000001 -0.148345
    10 -0.000001 -1.562500 0.000000 -1.212964 0.000000 0.000007
    11 0.000000 -1.165039 0.000001 -1.279286 0.000000 0.000000
    12 -0.018589 0.129953 -0.123721 -1.294580 0.001302 -1.635383
    13 -0.006160 0.170065 -0.110169 -1.280084 -0.068681 -1.597215
    14 0.047100 -0.104074 -0.352264 -1.243368 -0.257298 -1.694346
    15 0.948730 -3.619141 -0.348633 -0.349063 0.000002 0.130893
    16 -0.017794 -1.596358 -0.003443 -0.322846 0.000000 0.000000
    17 -0.002117 -0.936035 0.000000 -0.593408 0.000000 0.000000
    18 -0.022325 0.045424 -0.038284 -1.125544 -0.129230 -1.681412
    19 -0.042900 -0.061274 -0.071212 -1.124462 -0.060454 -1.586099
    20 0.063741 -0.109104 -0.248158 -1.142813 -0.125805 -1.693583
    21 -1.407251 -3.245525 -0.342301 -0.788750 0.052688 -0.017720
    22 0.013451 -1.204102 0.000004 -0.931992 0.000000 0.000000
    23 -0.013000 -0.789551 0.000000 -1.061140 0.000000 0.000000
    24 -0.011721 0.093267 0.017949 -1.687855 -0.079155 -1.575164
    25 0.048863 -0.085541 0.028626 -1.715605 -0.034569 -1.653190
    26 0.173918 -0.198416 -0.336163 -1.668104 -0.422317 -1.710956
    27 0.438721 -0.485596 0.397217 0.505392 -0.466269 -1.212439
    28 2.357422 0.016098 0.000000 -0.304946 -0.017309 -0.456355
    29 1.250977 -0.000338 0.000001 0.000000 0.000000 -0.572457
    30 -0.267709 0.037512 -0.093907 2.913812 -0.143386 0.078467
    31 -0.029266 0.205408 -0.329287 2.788574 -0.255486 -0.188917
    32 0.204373 0.521055 -0.268577 2.886669 0.042206 -0.230367
    33 0.195697 -0.010059 -0.293538 -1.333586 0.150863 -1.672749
    34 1.257181 8.762590 -0.153713 -1.570562 0.002683 -1.566808
    35 -0.093500 -0.114213 -0.738866 -1.570842 0.061811 0.002096
    36 0.010843 0.093624 -0.081439 -3.141462 0.041719 -1.568236
    37 6.565377 -6.957874 -12.200874 -1.214024 0.318851 0.900808
    38 0.108654 -10.673144 -0.005453 0.459003 0.047146 0.371770
    39 0.553428 -3.650577 -0.344972 -0.891073 -0.046218 -0.024582
    40 0.021778 -1.503640 0.004946 -0.946470 0.000001 -0.000004
    41 0.008139 -0.932386 -0.004583 -0.082243 -0.000002 -0.000001
    42 0.006928 0.005329 -0.181358 -1.528500 -0.248579 -1.611362
    43 -0.052313 0.038589 -0.230757 -1.592493 -0.043415 -1.528515
    44 -0.232600 -0.209656 -0.420669 -1.713790 -0.167173 -1.438930
    45 -0.218280 -3.737618 -0.346082 -0.741467 -0.000005 -0.000020
    46 0.019801 -1.578467 0.006170 -1.014431 0.000020 -0.000009
    47 0.000478 -1.176453 0.000249 -0.099684 0.000021 0.000018
    48 -0.038065 0.069166 -0.159883 -1.816986 0.066178 -1.575392
    49 -0.025151 0.088762 -0.068837 -1.817843 0.044510 -1.568287
    50 -0.102916 -0.186983 -0.272246 -1.833683 -0.232962 -1.472375
    51 -1.030272 -3.582044 -0.347066 -0.923809 0.000019 -0.000003
    52 0.001133 -1.610108 0.002370 -0.850336 0.000003 -0.000002
    53 0.005787 -0.946060 0.000512 -0.144957 0.000001 0.000001
    54 -0.004241 0.043707 -0.080203 -2.014997 -0.186996 -1.460723
    55 0.015383 -0.089136 -0.030010 -2.006083 0.036346 -1.568629
    56 -0.022610 -0.212357 -0.177905 -1.933161 -0.118801 -1.518895
    57 1.309013 -3.227548 -0.342207 -0.941728 -0.066932 -0.041063
    58 0.000595 -1.242324 0.006085 -0.751811 0.000004 0.000009
    59 0.003175 -0.774607 -0.004222 -0.309757 -0.000006 -0.000004
    60 -0.067138 0.063251 -0.010961 -0.899214 -0.014515 -1.600326
    61 -0.151180 -0.007395 -0.070065 -0.913061 -0.118819 -1.408558
    62 -0.178164 -0.244680 -0.357067 -1.159916 -0.384260 -1.556110
    63 -0.387544 -0.463665 0.383766 -0.130083 -0.433051 -2.446524
    64 2.472082 0.027425 0.001225 0.000015 0.000004 0.188382
    65 1.227325 0.009356 -0.005766 -0.000003 -0.000006 0.025968
    66 -0.263409 -0.117640 -0.015659 0.000036 -0.082210 -0.026800
    67 0.007707 -0.334360 -0.191575 0.070788 -0.181563 0.282364
    68 0.225562 -0.567923 -0.420715 0.119895 -0.183798 0.223460
    69 -0.203683 -0.095654 -0.328305 -1.745077 0.075142 -1.515382
    70 -1.393460 8.839182 -0.239439 1.580804 -0.005024 -1.566848
    71 0.036020 0.082815 -0.692656 -1.570769 0.065989 0.001276
    72 -0.088586 0.054020 -0.088594 0.010231 0.033800 -1.560851
    73 0.120153 -0.050270 -0.054489 -2.854024 0.030688 -1.580508
    74 -0.139399 -0.111694 0.014400 0.285395 -0.031353 1.580313
    75 -0.003479 -0.404833 0.000000 0.000000 0.000000 0.000000
    76 -0.313605 -4.589847 0.951765 -1.186351 1.434476 -1.173705
    77 -0.000001 3.367188 0.862793 0.000000 0.000000 0.000000
    78 0.001153 -1.104492 1.960938 0.000000 0.000000 0.000000
    79 0.000922 -2.777681 2.527314 0.000000 0.000000 0.000000
    80 -1.784180 18.750000 -7.144531 0.000000 0.000000 0.000000
    81 -0.003576 -2.248047 1.304688 0.000000 0.000000 0.000000
    82 0.001149 -4.261719 1.683594 0.000000 0.000000 0.000000
  time 42
    0 1.629157 0.000000 0.541027 0.000000 0.000000 -1.570796
    1 0.407488 7.680108 -8.642326 3.904136 -1.058070 -2.893288
    2 -0.001605 -10.701926 -0.002571 0.222393 0.123581 -0.239414
    3 -0.652586 -3.626730 -0.341545 -1.003500 0.000001 -0.122185
    4 -0.013245 -1.509766 0.000002 -1.090796 0.000000 0.000000
    5 0.000000 -0.953613 0.000002 -1.223438 0.000000 0.000000
    6 0.007988 0.172184 -0.118553 -1.598091 -0.216549 -1.570593
    7 0.080660 0.135929 -0.203919 -1.506824 -0.066185 -1.662786
    8 0.117288 -0.155554 -0.604544 -1.412988 -0.374558 -1.569222
    9 0.127930 -3.763672 -0.348633 -0.890091 0.000001 -0.148345
    10 -0.000001 -1.562500 0.000000 -1.212964 0.000000 0.000007
    11 0.000000 -1.165039 0.000001 -1.279286 0.000000 0.000000
    12 -0.018589 0.129953 -0.123721 -1.294580 0.001302 -1.635383
    13 -0.006160 0.170065 -0.110169 -1.280084 -0.068681 -1.597215
    14 0.047100 -0.104074 -0.352264 -1.243368 -0.257298 -1.694346
    15 0.948730 -3.619141 -0.348633 -0.349063 0.000002 0.130893
    16 -0.017794 -1.596358 -0.003443 -0.322846 0.000000 0.000000
    17 -0.002117 -0.936035 0.000000 -0.593408 0.000000 0.000000
    18 -0.022325 0.045424 -0.038284 -1.125544 -0.129230 -1.681412
    19 -0.042900 -0.061274 -0.071212 -1.124462 -0.060454 -1.586099
    20 0.063741 -0.109104 -0.248158 -1.142813 -0.125805 -1.693583
    21 -1.407251 -3.245525 -0.342301 -0.788750 0.052688 -0.017720
    22 0.013451 -1.204102 0.000004 -0.931992 0.000000 0.000000
    23 -0.013000 -0.789551 0.000000 -1.061140 0.000000 0.000000
    24 -0.011721 0.093267 0.017949 -1.687855 -0.079155 -1.575164
    25 0.048863 -0.085541 0.028626 -1.715605 -0.034569 -1.653190
    26 0.173918 -0.198416 -0.336163 -1.668104 -0.422317 -1.710956
    27 0.438721 -0.485596 0.397217 0.505392 -0.466269 -1.212439
    28 2.357422 0.016098 0.000000 -0.304946 -0.017309 -0.456355
    29 1.250977 -0.000338 0.000001 0.000000 0.000000 -0.572457
    30 -0.267709 0.037512 -0.093907 2.913812 -0.143386 0.078467
    31 -0.029266 0.205408 -0.329287 2.788574 -0.255486 -0.188917
    32 0.204373 0.521055 -0.268577 2.886669 0.042206 -0.230367
    33 0.195697 -0.010059 -0.293538 -1.333586 0.150863 -1.672749
    34 1.257181 8.762590 -0.153713 -1.570562 0.002683 -1.566808
    35 -0.093500 -0.114213 -0.738866 -1.570842 0.061811 0.002096
    36 0.010843 0.093624 -0.081439 -3.141462 0.041719 -1.568236
    37 6.233336 -6.493016 -12.536822 -1.072963 0.332451 1.086685
    38 0.104748 -10.673144 -0.005453 0.485176 -0.001778 0.373876
    39 0.549521 -3.646670 -0.344972 -0.918478 -0.046218 -0.024582
    40 0.021778 -1.503640 0.001039 -0.871783 0.000001 -0.000004
    41 0.008139 -0.928479 -0.004583 -0.135734 -0.000002 -0.000001
    42 0.006928 0.005329 -0.181358 -1.528500 -0.248579 -1.611362
    43 -0.052313 0.038589 -0.230757 -1.592493 -0.043415 -1.528515
    44 -0.232600 -0.209656 -0.420669 -1.713790 -0.167173 -1.438930
    45 -0.218280 -3.737618 -0.346082 -0.752808 -0.000005 -0.000020
    46 0.019801 -1.582373 0.006170 -0.964618 0.000020 -0.000009
    47 0.004384 -1.176453 0.000249 -0.162015 0.000021 0.000018
    48 -0.038065 0.069166 -0.159883 -1.816986 0.066178 -1.575392
    49 -0.025151 0.088762 -0.068837 -1.817843 0.044510 -1.568287
    50 -0.102916 -0.186983 -0.272246 -1.833683 -0.232962 -1.472375
    51 -1.034178 -3.578138 -0.347066 -0.935546 0.000019 -0.000003
    52 0.001133 -1.610108 0.002370 -0.769217 0.000003 -0.000002
    53 0.005787 -0.946060 0.004418 -0.241717 0.000001 0.000001
    54 -0.004241 0.043707 -0.080203 -2.014997 -0.186996 -1.460723
    55 0.015383 -0.089136 -0.030010 -2.006083 0.036346 -1.568629
    56 -0.022610 -0.212357 -0.177905 -1.933161 -0.118801 -1.518895
    57 1.309013 -3.227548 -0.342207 -0.952982 -0.066944 -0.041063
    58 0.000595 -1.242324 0.006085 -0.727715 0.000004 0.000009
    59 0.003175 -0.774607 -0.000316 -0.340598 -0.000006 -0.000004
    60 -0.067138 0.063251 -0.010961 -0.899214 -0.014515 -1.600326
    61 -0.151180 -0.007395 -0.070065 -0.913061 -0.118819 -1.408558
    62 -0.178164 -0.244680 -0.357067 -1.159916 -0.384260 -1.556110
    63 -0.387544 -0.463665 0.383766 -0.156358 -0.448603 -2.444794
    64 2.468175 0.027425 0.001225 0.000015 0.000004 0.240443
    65 1.227325 0.009356 -0.005766 -0.000003 -0.000006 0.107704
    66 -0.263409 -0.117640 -0.015659 0.000036 -0.082210 -0.026800
    67 0.007707 -0.334360 -0.191575 0.070788 -0.181563 0.282364
    68 0.225562 -0.567923 -0.420715 0.119895 -0.183798 0.223460
    69 -0.203683 -0.095654 -0.328305 -1.745077 0.075142 -1.515382
    70 -1.393460 8.839182 -0.239439 1.580804 -0.005024 -1.566848
    71 0.036020 0.082815 -0.692656 -1.570769 0.065989 0.001276
    72 -0.088586 0.054020 -0.088594 0.010231 0.033800 -1.560851
    73 0.120153 -0.050270 -0.054489 -2.854024 0.030688 -1.580508
    74 -0.139399 -0.111694 0.014400 0.285395 -0.031353 1.580313
    75 -0.003479 -0.404833 0.000000 0.000000 0.000000 0.000000
    76 -0.313605 -4.589847 0.951765 -1.186351 1.434476 -1.173705
    77 -0.000001 3.367188 0.862793 0.000000 0.000000 0.000000
    78 0.001153 -1.104492 1.960938 0.000000 0.000000 0.000000
    79 0.000922 -2.777681 2.527314 0.000000 0.000000 0.000000
    80 -1.784180 18.750000 -7.144531 0.000000 0.000000 0.000000
    81 -0.003576 -2.248047 1.304688 0.000000 0.000000 0.000000
    82 0.001149 -4.261719 1.683594 0.000000 0.000000 0.000000
  time 43
    0 1.629157 0.000000 0.541027 0.000000 0.000000 -1.570796
    1 0.333267 7.488696 -8.657951 4.013199 -1.127071 -2.945113
    2 -0.001605 -10.701926 -0.002571 0.243118 0.084413 -0.225924
    3 -0.652586 -3.626730 -0.341545 -1.003500 0.000001 -0.122185
    4 -0.013245 -1.509766 0.000002 -1.090796 0.000000 0.000000
    5 0.000000 -0.953613 0.000002 -1.223438 0.000000 0.000000
    6 0.007988 0.172184 -0.118553 -1.598091 -0.216549 -1.570593
    7 0.080660 0.135929 -0.203919 -1.506824 -0.066185 -1.662786
    8 0.117288 -0.155554 -0.604544 -1.412988 -0.374558 -1.569222
    9 0.127930 -3.763672 -0.348633 -0.890091 0.000001 -0.148345
    10 -0.000001 -1.562500 0.000000 -1.212964 0.000000 0.000007
    11 0.000000 -1.165039 0.000001 -1.279286 0.000000 0.000000
    12 -0.018589 0.129953 -0.123721 -1.294580 0.001302 -1.635383
    13 -0.006160 0.170065 -0.110169 -1.280084 -0.068681 -1.597215
    14 0.047100 -0.104074 -0.352264 -1.243368 -0.257298 -1.694346
    15 0.948730 -3.619141 -0.348633 -0.349063 0.000002 0.130893
    16 -0.021700 -1.596358 -0.003443 -0.322846 0.000000 0.000000
    17 -0.002117 -0.936035 0.000000 -0.593408 0.000000 0.000000
    18 -0.022325 0.045424 -0.038284 -1.125544 -0.129230 -1.681412
    19 -0.042900 -0.061274 -0.071212 -1.124462 -0.060454 -1.586099
    20 0.063741 -0.109104 -0.248158 -1.142813 -0.125805 -1.693583
    21 -1.403345 -3.245525 -0.342301 -0.788750 0.052688 -0.017720
    22 0.013451 -1.204102 0.000004 -0.931992 0.000000 0.000000
    23 -0.013000 -0.789551 0.000000 -1.061140 0.000000 0.000000
    24 -0.011721 0.093267 0.017949 -1.687855 -0.079155 -1.575164
    25 0.048863 -0.085541 0.028626 -1.715605 -0.034569 -1.653190
    26 0.173918 -0.198416 -0.336163 -1.668104 -0.422317 -1.710956
    27 0.438721 -0.485596 0.397217 0.505392 -0.466269 -1.212439
    28 2.357422 0.016098 0.000000 -0.304946 -0.017309 -0.456355
    29 1.250977 -0.000338 0.000001 0.000000 0.000000 -0.572457
    30 -0.267709 0.037512 -0.093907 2.913812 -0.143386 0.078467
    31 -0.029266 0.205408 -0.329287 2.788574 -0.255486 -0.188917
    32 0.204373 0.521055 -0.268577 2.886669 0.042206 -0.230367
    33 0.195697 -0.010059 -0.293538 -1.333586 0.150863 -1.672749
    34 1.257181 8.762590 -0.153713 -1.570562 0.002683 -1.566808
    35 -0.093500 -0.114213 -0.738866 -1.570842 0.061811 0.002096
    36 0.010843 0.093624 -0.081439 -3.141462 0.041719 -1.568236
    37 5.862231 -6.004720 -12.857144 -0.932570 0.328151 1.279730
    38 0.108654 -10.673144 -0.005453 0.463522 -0.051116 0.377077
    39 0.553428 -3.646670 -0.341066 -0.946033 -0.046218 -0.024582
    40 0.021778 -1.503640 0.001039 -0.796719 0.000001 -0.000004
    41 0.008139 -0.928479 -0.004583 -0.189544 -0.000002 -0.000001
    42 0.006928 0.005329 -0.181358 -1.528500 -0.248579 -1.611362
    43 -0.052313 0.038589 -0.230757 -1.592493 -0.043415 -1.528515
    44 -0.232600 -0.209656 -0.420669 -1.713790 -0.167173 -1.438930
    45 -0.218280 -3.737618 -0.346082 -0.764191 -0.000005 -0.000020
    46 0.019801 -1.578467 0.006170 -0.914513 0.000020 -0.000009
    47 0.000478 -1.176453 0.000249 -0.224575 0.000021 0.000018
    48 -0.038065 0.069166 -0.159883 -1.816986 0.066178 -1.575392
    49 -0.025151 0.088762 -0.068837 -1.817843 0.044510 -1.568287
    50 -0.102916 -0.186983 -0.272246 -1.833683 -0.232962 -1.472375
    51 -1.030272 -3.578138 -0.343160 -0.947324 0.000019 -0.000003
    52 0.001133 -1.610108 0.006276 -0.687940 0.000003 -0.000002
    53 0.005787 -0.946060 0.004418 -0.338943 0.000001 0.000001
    54 -0.004241 0.043707 -0.080203 -2.014997 -0.186996 -1.460723
    55 0.015383 -0.089136 -0.030010 -2.006083 0.036346 -1.568629
    56 -0.022610 -0.212357 -0.177905 -1.933161 -0.118801 -1.518895
    57 1.309013 -3.227548 -0.342207 -0.964192 -0.066932 -0.041063
    58 0.000595 -1.242324 0.006085 -0.703563 0.000004 0.000009
    59 0.003175 -0.774607 -0.000316 -0.371439 -0.000006 -0.000004
    60 -0.067138 0.063251 -0.010961 -0.899214 -0.014515 -1.600326
    61 -0.151180 -0.007395 -0.070065 -0.913061 -0.118819 -1.408558
    62 -0.178164 -0.244680 -0.357067 -1.159916 -0.384260 -1.556110
    63 -0.391451 -0.463665 0.383766 -0.183033 -0.464195 -2.442652
    64 2.472082 0.027425 0.001225 0.000015 0.000004 0.292705
    65 1.223419 0.009356 -0.005766 -0.000003 -0.000006 0.189773
    66 -0.263409 -0.117640 -0.015659 0.000036 -0.082210 -0.026800
    67 0.007707 -0.334360 -0.191575 0.070788 -0.181563 0.282364
    68 0.225562 -0.567923 -0.420715 0.119895 -0.183798 0.223460
    69 -0.203683 -0.095654 -0.328305 -1.745077 0.075142 -1.515382
    70 -1.393460 8.839182 -0.239439 1.580804 -0.005024 -1.566848
    71 0.036020 0.082815 -0.692656 -1.570769 0.065989 0.001276
    72 -0.088586 0.054020 -0.088594 0.010231 0.033800 -1.560851
    73 0.120153 -0.050270 -0.054489 -2.854024 0.030688 -1.580508
    74 -0.139399 -0.111694 0.014400 0.285395 -0.031353 1.580313
    75 -0.003479 -0.404833 0.000000 0.000000 0.000000 0.000000
    76 -0.313605 -4.589847 0.951765 -1.186351 1.434476 -1.173705
    77 -0.000001 3.367188 0.862793 0.000000 0.000000 0.000000
    78 0.001153 -1.104492 1.960938 0.000000 0.000000 0.000000
    79 0.000922 -2.777681 2.527314 0.000000 0.000000 0.000000
    80 -1.784180 18.750000 -7.144531 0.000000 0.000000 0.000000
    81 -0.003576 -2.248047 1.304688 0.000000 0.000000 0.000000
    82 0.001149 -4.261719 1.683594 0.000000 0.000000 0.000000
  time 44
    0 1.629157 0.000000 0.541027 0.000000 0.000000 -1.570796
    1 0.251233 7.297284 -8.673577 4.166566 -1.199327 -3.039225
    2 -0.001605 -10.698019 -0.002571 0.266037 0.044438 -0.211720
    3 -0.648679 -3.626730 -0.345451 -1.003500 0.000001 -0.122185
    4 -0.013245 -1.509766 0.000002 -1.090796 0.000000 0.000000
    5 0.000000 -0.953613 0.000002 -1.223438 0.000000 0.000000
    6 0.007988 0.172184 -0.118553 -1.598091 -0.216549 -1.570593
    7 0.080660 0.135929 -0.203919 -1.506824 -0.066185 -1.662786
    8 0.117288 -0.155554 -0.604544 -1.412988 -0.374558 -1.569222
    9 0.127930 -3.763672 -0.348633 -0.890091 0.000001 -0.148345
    10 -0.000001 -1.562500 0.000000 -1.212964 0.000000 0.000007
    11 0.000000 -1.165039 0.000001 -1.279286 0.000000 0.000000
    12 -0.018589 0.129953 -0.123721 -1.294580 0.001302 -1.635383
    13 -0.006160 0.170065 -0.110169 -1.280084 -0.068681 -1.597215
    14 0.047100 -0.104074 -0.352264 -1.243368 -0.257298 -1.694346
    15 0.948730 -3.619141 -0.348633 -0.349063 0.000002 0.130893
    16 -0.017794 -1.596358 -0.003443 -0.322846 0.000000 0.000000
    17 -0.002117 -0.936035 0.000000 -0.593408 0.000000 0.000000
    18 -0.022325 0.045424 -0.038284 -1.125544 -0.129230 -1.681412
    19 -0.042900 -0.061274 -0.071212 -1.124462 -0.060454 -1.586099
    20 0.063741 -0.109104 -0.248158 -1.142813 -0.125805 -1.693583
    21 -1.403345 -3.245525 -0.342301 -0.788750 0.052688 -0.017720
    22 0.013451 -1.204102 0.000004 -0.931992 0.000000 0.000000
    23 -0.013000 -0.789551 0.000000 -1.061140 0.000000 0.000000
    24 -0.011721 0.093267 0.017949 -1.687855 -0.079155 -1.575164
    25 0.048863 -0.085541 0.028626 -1.715605 -0.034569 -1.653190
    26 0.173918 -0.198416 -0.336163 -1.668104 -0.422317 -1.710956
    27 0.438721 -0.485596 0.397217 0.505392 -0.466269 -1.212439
    28 2.357422 0.016098 0.000000 -0.304946 -0.017309 -0.456355
    29 1.250977 -0.000338 0.000001 0.000000 0.000000 -0.572457
    30 -0.267709 0.037512 -0.093907 2.913812 -0.143386 0.078467
    31 -0.029266 0.205408 -0.329287 2.788574 -0.255486 -0.188917
    32 0.204373 0.521055 -0.268577 2.886669 0.042206 -0.230367
    33 0.195697 -0.010059 -0.293538 -1.333586 0.150863 -1.672749
    34 1.257181 8.762590 -0.153713 -1.570562 0.002683 -1.566808
    35 -0.093500 -0.114213 -0.738866 -1.570842 0.061811 0.002096
    36 0.010843 0.093624 -0.081439 -3.141462 0.041719 -1.568236
    37 5.452062 -5.473454 -13.150122 -0.797041 0.303521 1.474877
    38 0.104748 -10.673144 -0.005453 0.406656 -0.100163 0.383872
    39 0.549521 -3.646670 -0.344972 -0.973589 -0.046218 -0.024582
    40 0.021778 -1.503640 0.001039 -0.721467 0.000001 -0.000004
    41 0.008139 -0.928479 -0.004583 -0.243353 -0.000002 -0.000001
    42 0.006928 0.005329 -0.181358 -1.528500 -0.248579 -1.611362
    43 -0.052313 0.038589 -0.230757 -1.592493 -0.043415 -1.528515
    44 -0.232600 -0.209656 -0.420669 -1.713790 -0.167173 -1.438930
    45 -0.218280 -3.737618 -0.346082 -0.775659 -0.000005 -0.000020
    46 0.019801 -1.582373 0.002264 -0.864466 0.000020 -0.000009
    47 0.000478 -1.172547 0.000249 -0.287163 0.000021 0.000018
    48 -0.038065 0.069166 -0.159883 -1.816986 0.066178 -1.575392
    49 -0.025151 0.088762 -0.068837 -1.817843 0.044510 -1.568287
    50 -0.102916 -0.186983 -0.272246 -1.833683 -0.232962 -1.472375
    51 -1.034178 -3.582044 -0.347066 -0.959102 0.000019 -0.000003
    52 0.001133 -1.610108 0.002370 -0.606506 0.000003 -0.000002
    53 0.005787 -0.946060 0.004418 -0.436140 0.000001 0.000001
    54 -0.004241 0.043707 -0.080203 -2.014997 -0.186996 -1.460723
    55 0.015383 -0.089136 -0.030010 -2.006083 0.036346 -1.568629
    56 -0.022610 -0.212357 -0.177905 -1.933161 -0.118801 -1.518895
    57 1.309013 -3.227548 -0.342207 -0.975489 -0.066932 -0.041063
    58 0.000595 -1.242324 0.006085 -0.679355 0.000004 0.000009
    59 0.003175 -0.774607 -0.000316 -0.402381 -0.000006 -0.000004
    60 -0.067138 0.063251 -0.010961 -0.899214 -0.014515 -1.600326
    61 -0.151180 -0.007395 -0.070065 -0.913061 -0.118819 -1.408558
    62 -0.178164 -0.244680 -0.357067 -1.159916 -0.384260 -1.556110
    63 -0.391451 -0.463665 0.379860 -0.209930 -0.479748 -2.439967
    64 2.472082 0.027425 0.001225 0.000015 0.000004 0.345034
    65 1.227325 0.009356 -0.005766 -0.000003 -0.000006 0.271927
    66 -0.263409 -0.117640 -0.015659 0.000036 -0.082210 -0.026800
    67 0.007707 -0.334360 -0.191575 0.070788 -0.181563 0.282364
    68 0.225562 -0.567923 -0.420715 0.119895 -0.183798 0.223460
    69 -0.203683 -0.095654 -0.328305 -1.745077 0.075142 -1.515382
    70 -1.393460 8.839182 -0.239439 1.580804 -0.005024 -1.566848
    71 0.036020 0.082815 -0.692656 -1.570769 0.065989 0.001276
    72 -0.088586 0.054020 -0.088594 0.010231 0.033800 -1.560851
    73 0.120153 -0.050270 -0.054489 -2.854024 0.030688 -1.580508
    74 -0.139399 -0.111694 0.014400 0.285395 -0.031353 1.580313
    75 -0.003479 -0.404833 0.000000 0.000000 0.000000 0.000000
    76 -0.313605 -4.589847 0.951765 -1.186351 1.434476 -1.173705
    77 -0.000001 3.367188 0.862793 0.000000 0.000000 0.000000
    78 0.001153 -1.104492 1.960938 0.000000 0.000000 0.000000
    79 0.000922 -2.777681 2.523408 0.000000 0.000000 0.000000
    80 -1.784180 18.750000 -7.144531 0.000000 0.000000 0.000000
    81 -0.003576 -2.248047 1.304688 0.000000 0.000000 0.000000
    82 0.001149 -4.261719 1.683594 0.000000 0.000000 0.000000
  time 45
    0 1.629157 0.000000 0.541027 0.000000 0.000000 -1.570796
    1 0.157480 7.129310 -8.700921 4.388265 -1.266913 -3.200548
    2 -0.005512 -10.701926 -0.002571 0.289478 0.003816 -0.197885
    3 -0.652586 -3.626730 -0.341545 -1.003500 0.000001 -0.122185
    4 -0.013245 -1.509766 0.000002 -1.090796 0.000000 0.000000
    5 0.000000 -0.953613 0.000002 -1.223438 0.000000 0.000000
    6 0.007988 0.172184 -0.118553 -1.598091 -0.216549 -1.570593
    7 0.080660 0.135929 -0.203919 -1.506824 -0.066185 -1.662786
    8 0.117288 -0.155554 -0.604544 -1.412988 -0.374558 -1.569222
    9 0.127930 -3.763672 -0.348633 -0.890091 0.000001 -0.148345
    10 -0.000001 -1.562500 0.000000 -1.212964 0.000000 0.000007
    11 0.000000 -1.165039 0.000001 -1.279286 0.000000 0.000000
    12 -0.018589 0.129953 -0.123721 -1.294580 0.001302 -1.635383
    13 -0.006160 0.170065 -0.110169 -1.280084 -0.068681 -1.597215
    14 0.047100 -0.104074 -0.352264 -1.243368 -0.257298 -1.694346
    15 0.948730 -3.619141 -0.348633 -0.349063 0.000002 0.130893
    16 -0.017794 -1.596358 -0.003443 -0.322846 0.000000 0.000000
    17 -0.002117 -0.936035 0.000000 -0.593408 0.000000 0.000000
    18 -0.022325 0.045424 -0.038284 -1.125544 -0.129230 -1.681412
    19 -0.042900 -0.061274 -0.071212 -1.124462 -0.060454 -1.586099
    20 0.063741 -0.109104 -0.248158 -1.142813 -0.125805 -1.693583
    21 -1.407251 -3.245525 -0.342301 -0.788750 0.052688 -0.017720
    22 0.013451 -1.204102 0.000004 -0.931992 0.000000 0.000000
    23 -0.013000 -0.789551 0.000000 -1.061140 0.000000 0.000000
    24 -0.011721 0.093267 0.017949 -1.687855 -0.079155 -1.575164
    25 0.048863 -0.085541 0.028626 -1.715605 -0.034569 -1.653190
    26 0.173918 -0.198416 -0.336163 -1.668104 -0.422317 -1.710956
    27 0.438721 -0.485596 0.397217 0.505392 -0.466269 -1.212439
    28 2.357422 0.016098 0.000000 -0.304946 -0.017309 -0.456355
    29 1.250977 -0.000338 0.000001 0.000000 0.000000 -0.572457
    30 -0.267709 0.037512 -0.093907 2.913812 -0.143386 0.078467
    31 -0.029266 0.205408 -0.329287 2.788574 -0.255486 -0.188917
    32 0.204373 0.521055 -0.268577 2.886669 0.042206 -0.230367
    33 0.195697 -0.010059 -0.293538 -1.333586 0.150863 -1.672749
    34 1.257181 8.762590 -0.153713 -1.570562 0.002683 -1.566808
    35 -0.093500 -0.114213 -0.738866 -1.570842 0.061811 0.002096
    36 0.010843 0.093624 -0.081439 -3.141462 0.041719 -1.568236
    37 4.998923 -4.930468 -13.423568 -0.670096 0.257721 1.666011
    38 0.108654 -10.673144 -0.005453 0.327087 -0.148340 0.395750
    39 0.553428 -3.646670 -0.341066 -1.001044 -0.046218 -0.024582
    40 0.025684 -1.503640 0.001039 -0.646780 0.000001 -0.000004
    41 0.008139 -0.928479 -0.000677 -0.296791 -0.000002 -0.000001
    42 0.006928 0.005329 -0.181358 -1.528500 -0.248579 -1.611362
    43 -0.052313 0.038589 -0.230757 -1.592493 -0.043415 -1.528515
    44 -0.232600 -0.209656 -0.420669 -1.713790 -0.167173 -1.438930
    45 -0.218280 -3.741524 -0.346082 -0.786958 -0.000005 -0.000020
    46 0.019801 -1.578467 0.002264 -0.814595 0.000020 -0.000009
    47 0.004384 -1.172547 0.000249 -0.349495 0.000021 0.000018
    48 -0.038065 0.069166 -0.159883 -1.816986 0.066178 -1.575392
    49 -0.025151 0.088762 -0.068837 -1.817843 0.044510 -1.568287
    50 -0.102916 -0.186983 -0.272246 -1.833683 -0.232962 -1.472375
    51 -1.034178 -3.578138 -0.343160 -0.970800 0.000019 -0.000003
    52 0.001133 -1.610108 0.002370 -0.525492 0.000003 -0.000002
    53 0.005787 -0.946060 0.004418 -0.532930 0.000001 0.000001
    54 -0.004241 0.043707 -0.080203 -2.014997 -0.186996 -1.460723
    55 0.015383 -0.089136 -0.030010 -2.006083 0.036346 -1.568629
    56 -0.022610 -0.212357 -0.177905 -1.933161 -0.118801 -1.518895
    57 1.309013 -3.227548 -0.342207 -0.986656 -0.066932 -0.041063
    58 0.000595 -1.242324 0.002179 -0.655259 0.000004 0.000009
    59 0.003175 -0.774607 -0.000316 -0.433171 -0.000006 -0.000004
    60 -0.067138 0.063251 -0.010961 -0.899214 -0.014515 -1.600326
    61 -0.151180 -0.007395 -0.070065 -0.913061 -0.118819 -1.408558
    62 -0.178164 -0.244680 -0.357067 -1.159916 -0.384260 -1.556110
    63 -0.387544 -0.463665 0.383766 -0.236960 -0.495139 -2.436792
    64 2.472082 0.027425 0.001225 0.000015 0.000004 0.397028
    65 1.223419 0.009356 -0.005766 -0.000003 -0.000006 0.353663
    66 -0.263409 -0.117640 -0.015659 0.000036 -0.082210 -0.026800
    67 0.007707 -0.334360 -0.191575 0.070788 -0.181563 0.282364
    68 0.225562 -0.567923 -0.420715 0.119895 -0.183798 0.223460
    69 -0.203683 -0.095654 -0.328305 -1.745077 0.075142 -1.515382
    70 -1.393460 8.839182 -0.239439 1.580804 -0.005024 -1.566848
    71 0.036020 0.082815 -0.692656 -1.570769 0.065989 0.001276
    72 -0.088586 0.054020 -0.088594 0.010231 0.033800 -1.560851
    73 0.120153 -0.050270 -0.054489 -2.854024 0.030688 -1.580508
    74 -0.139399 -0.111694 0.014400 0.285395 -0.031353 1.580313
    75 -0.003479 -0.404833 0.000000 0.000000 0.000000 0.000000
    76 -0.313605 -4.589847 0.951765 -1.186351 1.434476 -1.173705
    77 -0.000001 3.367188 0.862793 0.000000 0.000000 0.000000
    78 0.001153 -1.104492 1.960938 0.000000 0.000000 0.000000
    79 0.000922 -2.777681 2.523408 0.000000 0.000000 0.000000
    80 -1.784180 18.750000 -7.144531 0.000000 0.000000 0.000000
    81 -0.003576 -2.248047 1.304688 0.000000 0.000000 0.000000
    82 0.001149 -4.261719 1.683594 0.000000 0.000000 0.000000
  time 46
    0 1.629157 0.000000 0.541027 0.000000 0.000000 -1.570796
    1 0.048102 6.973055 -8.724359 4.705806 -1.318794 -3.457962
    2 -0.005512 -10.701926 -0.006478 0.311770 -0.036898 -0.185246
    3 -0.652586 -3.626730 -0.341545 -1.003500 0.000001 -0.122185
    4 -0.013245 -1.509766 0.000002 -1.090796 0.000000 0.000000
    5 0.000000 -0.953613 0.000002 -1.223438 0.000000 0.000000
    6 0.007988 0.172184 -0.118553 -1.598091 -0.216549 -1.570593
    7 0.080660 0.135929 -0.203919 -1.506824 -0.066185 -1.662786
    8 0.117288 -0.155554 -0.604544 -1.412988 -0.374558 -1.569222
    9 0.127930 -3.763672 -0.348633 -0.890091 0.000001 -0.148345
    10 -0.000001 -1.562500 0.000000 -1.212964 0.000000 0.000007
    11 0.000000 -1.165039 0.000001 -1.279286 0.000000 0.000000
    12 -0.018589 0.129953 -0.123721 -1.294580 0.001302 -1.635383
    13 -0.006160 0.170065 -0.110169 -1.280084 -0.068681 -1.597215
    14 0.047100 -0.104074 -0.352264 -1.243368 -0.257298 -1.694346
    15 0.948730 -3.619141 -0.348633 -0.349063 0.000002 0.130893
    16 -0.017794 -1.596358 -0.003443 -0.322846 0.000000 0.000000
    17 -0.002117 -0.936035 0.000000 -0.593408 0.000000 0.000000
    18 -0.022325 0.045424 -0.038284 -1.125544 -0.129230 -1.681412
    19 -0.042900 -0.061274 -0.071212 -1.124462 -0.060454 -1.586099
    20 0.063741 -0.109104 -0.248158 -1.142813 -0.125805 -1.693583
    21 -1.403345 -3.245525 -0.342301 -0.788750 0.052688 -0.017720
    22 0.013451 -1.204102 0.000004 -0.931992 0.000000 0.000000
    23 -0.013000 -0.789551 0.000000 -1.061140 0.000000 0.000000
    24 -0.011721 0.093267 0.017949 -1.687855 -0.079155 -1.575164
    25 0.048863 -0.085541 0.028626 -1.715605 -0.034569 -1.653190
    26 0.173918 -0.198416 -0.336163 -1.668104 -0.422317 -1.710956
    27 0.438721 -0.485596 0.397217 0.505392 -0.466269 -1.212439
    28 2.357422 0.016098 0.000000 -0.304946 -0.017309 -0.456355
    29 1.250977 -0.000338 0.000001 0.000000 0.000000 -0.572457
    30 -0.267709 0.037512 -0.093907 2.913812 -0.143386 0.078467
    31 -0.029266 0.205408 -0.329287 2.788574 -0.255486 -0.188917
    32 0.204373 0.521055 -0.268577 2.886669 0.042206 -0.230367
    33 0.195697 -0.010059 -0.293538 -1.333586 0.150863 -1.672749
    34 1.257181 8.762590 -0.153713 -1.570562 0.002683 -1.566808
    35 -0.093500 -0.114213 -0.738866 -1.570842 0.061811 0.002096
    36 0.010843 0.093624 -0.081439 -3.141462 0.041719 -1.568236
    37 4.506721 -4.344513 -13.689201 -0.555931 0.190936 1.848352
    38 0.104748 -10.673144 -0.005453 0.237485 -0.195085 0.412570
    39 0.549521 -3.650577 -0.341066 -1.028250 -0.046218 -0.024582
    40 0.025684 -1.503640 0.001039 -0.572658 0.000001 -0.000004
    41 0.012045 -0.928479 -0.004583 -0.349860 -0.000002 -0.000001
    42 0.006928 0.005329 -0.181358 -1.528500 -0.248579 -1.611362
    43 -0.052313 0.038589 -0.230757 -1.592493 -0.043415 -1.528515
    44 -0.232600 -0.209656 -0.420669 -1.713790 -0.167173 -1.438930
    45 -0.218280 -3.737618 -0.346082 -0.798214 -0.000005 -0.000020
    46 0.019801 -1.578467 0.006170 -0.765135 0.000020 -0.000009
    47 0.004384 -1.172547 0.000249 -0.411340 0.000021 0.000018
    48 -0.038065 0.069166 -0.159883 -1.816986 0.066178 -1.575392
    49 -0.025151 0.088762 -0.068837 -1.817843 0.044510 -1.568287
    50 -0.102916 -0.186983 -0.272246 -1.833683 -0.232962 -1.472375
    51 -1.030272 -3.582044 -0.343160 -0.982498 0.000019 -0.000003
    52 0.001133 -1.610108 0.002370 -0.445213 0.000003 -0.000002
    53 0.005787 -0.946060 0.004418 -0.628905 0.000001 0.000001
    54 -0.004241 0.043707 -0.080203 -2.014997 -0.186996 -1.460723
    55 0.015383 -0.089136 -0.030010 -2.006083 0.036346 -1.568629
    56 -0.022610 -0.212357 -0.177905 -1.933161 -0.118801 -1.518895
    57 1.309013 -3.227548 -0.342207 -0.997823 -0.066932 -0.041063
    58 0.000595 -1.242324 0.002179 -0.631332 0.000004 0.000009
    59 0.003175 -0.774607 -0.004222 -0.463810 -0.000006 -0.000004
    60 -0.067138 0.063251 -0.010961 -0.899214 -0.014515 -1.600326
    61 -0.151180 -0.007395 -0.070065 -0.913061 -0.118819 -1.408558
    62 -0.178164 -0.244680 -0.357067 -1.159916 -0.384260 -1.556110
    63 -0.391451 -0.463665 0.383766 -0.264102 -0.510330 -2.433230
    64 2.472082 0.027425 0.001225 0.000015 0.000004 0.448687
    65 1.227325 0.009356 -0.005766 -0.000003 -0.000006 0.434704
    66 -0.263409 -0.117640 -0.015659 0.000036 -0.082210 -0.026800
    67 0.007707 -0.334360 -0.191575 0.070788 -0.181563 0.282364
    68 0.225562 -0.567923 -0.420715 0.119895 -0.183798 0.223460
    69 -0.203683 -0.095654 -0.328305 -1.745077 0.075142 -1.515382
    70 -1.393460 8.839182 -0.239439 1.580804 -0.005024 -1.566848
    71 0.036020 0.082815 -0.692656 -1.570769 0.065989 0.001276
    72 -0.088586 0.054020 -0.088594 0.010231 0.033800 -1.560851
    73 0.120153 -0.050270 -0.054489 -2.854024 0.030688 -1.580508
    74 -0.139399 -0.111694 0.014400 0.285395 -0.031353 1.580313
    75 -0.003479 -0.404833 0.000000 0.000000 0.000000 0.000000
    76 -0.313605 -4.589847 0.951765 -1.186351 1.434476 -1.173705
    77 -0.000001 3.367188 0.862793 0.000000 0.000000 0.000000
    78 0.001153 -1.104492 1.960938 0.000000 0.000000 0.000000
    79 0.000922 -2.777681 2.523408 0.000000 0.000000 0.000000
    80 -1.784180 18.750000 -7.144531 0.000000 0.000000 0.000000
    81 -0.003576 -2.248047 1.304688 0.000000 0.000000 0.000000
    82 0.001149 -4.261719 1.683594 0.000000 0.000000 0.000000
  time 47
    0 1.629157 0.000000 0.541027 0.000000 0.000000 -1.570796
    1 -0.076902 6.820707 -8.755610 5.109813 -1.341904 -3.803101
    2 -0.001605 -10.701926 -0.002571 0.331519 -0.077335 -0.174610
    3 -0.652586 -3.626730 -0.341545 -1.003500 0.000001 -0.122185
    4 -0.013245 -1.509766 0.000002 -1.090796 0.000000 0.000000
    5 0.000000 -0.953613 0.000002 -1.223438 0.000000 0.000000
    6 0.007988 0.172184 -0.118553 -1.598091 -0.216549 -1.570593
    7 0.080660 0.135929 -0.203919 -1.506824 -0.066185 -1.662786
    8 0.117288 -0.155554 -0.604544 -1.412988 -0.374558 -1.569222
    9 0.127930 -3.763672 -0.348633 -0.890091 0.000001 -0.148345
    10 -0.000001 -1.562500 0.000000 -1.212964 0.000000 0.000007
    11 0.000000 -1.165039 0.000001 -1.279286 0.000000 0.000000
    12 -0.018589 0.129953 -0.123721 -1.294580 0.001302 -1.635383
    13 -0.006160 0.170065 -0.110169 -1.280084 -0.068681 -1.597215
    14 0.047100 -0.104074 -0.352264 -1.243368 -0.257298 -1.694346
    15 0.948730 -3.619141 -0.348633 -0.349063 0.000002 0.130893
    16 -0.021700 -1.596358 -0.007350 -0.322846 0.000000 0.000000
    17 -0.002117 -0.936035 0.000000 -0.593408 0.000000 0.000000
    18 -0.022325 0.045424 -0.038284 -1.125544 -0.129230 -1.681412
    19 -0.042900 -0.061274 -0.071212 -1.124462 -0.060454 -1.586099
    20 0.063741 -0.109104 -0.248158 -1.142813 -0.125805 -1.693583
    21 -1.403345 -3.245525 -0.342301 -0.788750 0.052688 -0.017720
    22 0.013451 -1.204102 0.000004 -0.931992 0.000000 0.000000
    23 -0.013000 -0.789551 0.000000 -1.061140 0.000000 0.000000
    24 -0.011721 0.093267 0.017949 -1.687855 -0.079155 -1.575164
    25 0.048863 -0.085541 0.028626 -1.715605 -0.034569 -1.653190
    26 0.173918 -0.198416 -0.336163 -1.668104 -0.422317 -1.710956
    27 0.438721 -0.485596 0.397217 0.505392 -0.466269 -1.212439
    28 2.357422 0.016098 0.000000 -0.304946 -0.017309 -0.456355
    29 1.250977 -0.000338 0.000001 0.000000 0.000000 -0.572457
    30 -0.267709 0.037512 -0.093907 2.913812 -0.143386 0.078467
    31 -0.029266 0.205408 -0.329287 2.788574 -0.255486 -0.188917
    32 0.204373 0.521055 -0.268577 2.886669 0.042206 -0.230367
    33 0.195697 -0.010059 -0.293538 -1.333586 0.150863 -1.672749
    34 1.257181 8.762590 -0.153713 -1.570562 0.002683 -1.566808
    35 -0.093500 -0.114213 -0.738866 -1.570842 0.061811 0.002096
    36 0.010843 0.093624 -0.081439 -3.141462 0.041719 -1.568236
    37 3.971548 -3.731213 -13.919677 -0.457217 0.104242 2.018079
    38 0.108654 -10.673144 -0.001547 0.150573 -0.240275 0.433180
    39 0.549521 -3.650577 -0.341066 -1.055056 -0.046218 -0.024582
    40 0.025684 -1.507546 0.001039 -0.499478 0.000001 -0.000004
    41 0.008139 -0.928479 -0.004583 -0.402293 -0.000002 -0.000001
    42 0.006928 0.005329 -0.181358 -1.528500 -0.248579 -1.611362
    43 -0.052313 0.038589 -0.230757 -1.592493 -0.043415 -1.528515
    44 -0.232600 -0.209656 -0.420669 -1.713790 -0.167173 -1.438930
    45 -0.218280 -3.741524 -0.346082 -0.809301 -0.000005 -0.000020
    46 0.019801 -1.582373 0.006170 -0.716322 0.000020 -0.000009
    47 0.004384 -1.176453 0.000249 -0.472356 0.000021 0.000018
    48 -0.038065 0.069166 -0.159883 -1.816986 0.066178 -1.575392
    49 -0.025151 0.088762 -0.068837 -1.817843 0.044510 -1.568287
    50 -0.102916 -0.186983 -0.272246 -1.833683 -0.232962 -1.472375
    51 -1.034178 -3.582044 -0.343160 -0.993955 0.000019 -0.000003
    52 0.001133 -1.610108 0.002370 -0.365879 0.000003 -0.000002
    53 0.005787 -0.946060 0.004418 -0.723659 0.000001 0.000001
    54 -0.004241 0.043707 -0.080203 -2.014997 -0.186996 -1.460723
    55 0.015383 -0.089136 -0.030010 -2.006083 0.036346 -1.568629
    56 -0.022610 -0.212357 -0.177905 -1.933161 -0.118801 -1.518895
    57 1.305107 -3.227548 -0.346114 -1.008774 -0.066932 -0.041063
    58 0.000595 -1.242324 0.002179 -0.607743 0.000004 0.000009
    59 0.003175 -0.774607 -0.000316 -0.493890 -0.000006 -0.000004
    60 -0.067138 0.063251 -0.010961 -0.899214 -0.014515 -1.600326
    61 -0.151180 -0.007395 -0.070065 -0.913061 -0.118819 -1.408558
    62 -0.178164 -0.244680 -0.357067 -1.159916 -0.384260 -1.556110
    63 -0.387544 -0.463665 0.383766 -0.291132 -0.525240 -2.429125
    64 2.472082 0.027425 0.001225 0.000015 0.000004 0.499643
    65 1.227325 0.009356 -0.005766 -0.000003 -0.000006 0.514688
    66 -0.263409 -0.117640 -0.015659 0.000036 -0.082210 -0.026800
    67 0.007707 -0.334360 -0.191575 0.070788 -0.181563 0.282364
    68 0.225562 -0.567923 -0.420715 0.119895 -0.183798 0.223460
    69 -0.203683 -0.095654 -0.328305 -1.745077 0.075142 -1.515382
    70 -1.393460 8.839182 -0.239439 1.580804 -0.005024 -1.566848
    71 0.036020 0.082815 -0.692656 -1.570769 0.065989 0.001276
    72 -0.088586 0.054020 -0.088594 0.010231 0.033800 -1.560851
    73 0.120153 -0.050270 -0.054489 -2.854024 0.030688 -1.580508
    74 -0.139399 -0.111694 0.014400 0.285395 -0.031353 1.580313
    75 -0.003479 -0.404833 0.000000 0.000000 0.000000 0.000000
    76 -0.313605 -4.589847 0.951765 -1.186351 1.434476 -1.173705
    77 -0.000001 3.367188 0.862793 0.000000 0.000000 0.000000
    78 0.001153 -1.104492 1.960938 0.000000 0.000000 0.000000
    79 0.000922 -2.777681 2.527314 0.000000 0.000000 0.000000
    80 -1.784180 18.750000 -7.144531 0.000000 0.000000 0.000000
    81 -0.003576 -2.248047 1.304688 0.000000 0.000000 0.000000
    82 0.001149 -4.261719 1.683594 0.000000 0.000000 0.000000
  time 48
    0 1.629157 0.000000 0.541027 0.000000 0.000000 -1.570796
    1 -0.205812 6.687890 -8.782955 5.505780 -1.332000 -4.142301
    2 -0.005512 -10.701926 -0.002571 0.347053 -0.116964 -0.166530
    3 -0.648679 -3.626730 -0.345451 -1.003500 0.000001 -0.122185
    4 -0.013245 -1.509766 0.000002 -1.090796 0.000000 0.000000
    5 0.000000 -0.953613 0.000002 -1.223438 0.000000 0.000000
    6 0.007988 0.172184 -0.118553 -1.598091 -0.216549 -1.570593
    7 0.080660 0.135929 -0.203919 -1.506824 -0.066185 -1.662786
    8 0.117288 -0.155554 -0.604544 -1.412988 -0.374558 -1.569222
    9 0.127930 -3.763672 -0.348633 -0.890091 0.000001 -0.148345
    10 -0.000001 -1.562500 0.000000 -1.212964 0.000000 0.000007
    11 0.000000 -1.165039 0.000001 -1.279286 0.000000 0.000000
    12 -0.018589 0.129953 -0.123721 -1.294580 0.001302 -1.635383
    13 -0.006160 0.170065 -0.110169 -1.280084 -0.068681 -1.597215
    14 0.047100 -0.104074 -0.352264 -1.243368 -0.257298 -1.694346
    15 0.948730 -3.619141 -0.348633 -0.349063 0.000002 0.130893
    16 -0.021700 -1.596358 -0.007350 -0.322846 0.000000 0.000000
    17 -0.002117 -0.936035 0.000000 -0.593408 0.000000 0.000000
    18 -0.022325 0.045424 -0.038284 -1.125544 -0.129230 -1.681412
    19 -0.042900 -0.061274 -0.071212 -1.124462 -0.060454 -1.586099
    20 0.063741 -0.109104 -0.248158 -1.142813 -0.125805 -1.693583
    21 -1.403345 -3.249431 -0.342301 -0.788750 0.052688 -0.017720
    22 0.013451 -1.204102 0.000004 -0.931992 0.000000 0.000000
    23 -0.013000 -0.789551 0.000000 -1.061140 0.000000 0.000000
    24 -0.011721 0.093267 0.017949 -1.687855 -0.079155 -1.575164
    25 0.048863 -0.085541 0.028626 -1.715605 -0.034569 -1.653190
    26 0.173918 -0.198416 -0.336163 -1.668104 -0.422317 -1.710956
    27 0.438721 -0.485596 0.397217 0.505392 -0.466269 -1.212439
    28 2.357422 0.016098 0.000000 -0.304946 -0.017309 -0.456355
    29 1.250977 -0.000338 0.000001 0.000000 0.000000 -0.572457
    30 -0.267709 0.037512 -0.093907 2.913812 -0.143386 0.078467
    31 -0.029266 0.205408 -0.329287 2.788574 -0.255486 -0.188917
    32 0.204373 0.521055 -0.268577 2.886669 0.042206 -0.230367
    33 0.195697 -0.010059 -0.293538 -1.333586 0.150863 -1.672749
    34 1.257181 8.762590 -0.153713 -1.570562 0.002683 -1.566808
    35 -0.093500 -0.114213 -0.738866 -1.570842 0.061811 0.002096
    36 0.010843 0.093624 -0.081439 -3.141462 0.041719 -1.568236
    37 3.393405 -3.086662 -14.130621 -0.375290 -0.000025 2.172801
    38 0.104748 -10.673144 -0.005453 0.079692 -0.284698 0.455166
    39 0.549521 -3.646670 -0.341066 -1.081463 -0.046218 -0.024582
    40 0.025684 -1.503640 0.001039 -0.427522 0.000001 -0.000004
    41 0.008139 -0.928479 -0.000677 -0.453827 -0.000002 -0.000001
    42 0.006928 0.005329 -0.181358 -1.528500 -0.248579 -1.611362
    43 -0.052313 0.038589 -0.230757 -1.592493 -0.043415 -1.528515
    44 -0.232600 -0.209656 -0.420669 -1.713790 -0.167173 -1.438930
    45 -0.218280 -3.737618 -0.346082 -0.820219 -0.000005 -0.000020
    46 0.019801 -1.578467 0.006170 -0.668331 0.000020 -0.000009
    47 0.004384 -1.172547 0.000249 -0.532314 0.000021 0.000018
    48 -0.038065 0.069166 -0.159883 -1.816986 0.066178 -1.575392
    49 -0.025151 0.088762 -0.068837 -1.817843 0.044510 -1.568287
    50 -0.102916 -0.186983 -0.272246 -1.833683 -0.232962 -1.472375
    51 -1.034178 -3.578138 -0.347066 -1.005293 0.000019 -0.000003
    52 0.001133 -1.610108 0.002370 -0.287910 0.000003 -0.000002
    53 0.001880 -0.946060 0.004418 -0.816754 0.000001 0.000001
    54 -0.004241 0.043707 -0.080203 -2.014997 -0.186996 -1.460723
    55 0.015383 -0.089136 -0.030010 -2.006083 0.036346 -1.568629
    56 -0.022610 -0.212357 -0.177905 -1.933161 -0.118801 -1.518895
    57 1.305107 -3.227548 -0.342207 -1.019595 -0.066932 -0.041063
    58 0.000595 -1.242324 0.006085 -0.584548 0.000004 0.000009
    59 0.003175 -0.774607 -0.004222 -0.523564 -0.000006 -0.000004
    60 -0.067138 0.063251 -0.010961 -0.899214 -0.014515 -1.600326
    61 -0.151180 -0.007395 -0.070065 -0.913061 -0.118819 -1.408558
    62 -0.178164 -0.244680 -0.357067 -1.159916 -0.384260 -1.556110
    63 -0.391451 -0.463665 0.383766 -0.318007 -0.539789 -2.424659
    64 2.472082 0.027425 0.001225 0.000015 0.000004 0.549729
    65 1.223419 0.009356 -0.005766 -0.000003 -0.000006 0.593338
    66 -0.263409 -0.117640 -0.015659 0.000036 -0.082210 -0.026800
    67 0.007707 -0.334360 -0.191575 0.070788 -0.181563 0.282364
    68 0.225562 -0.567923 -0.420715 0.119895 -0.183798 0.223460
    69 -0.203683 -0.095654 -0.328305 -1.745077 0.075142 -1.515382
    70 -1.393460 8.839182 -0.239439 1.580804 -0.005024 -1.566848
    71 0.036020 0.082815 -0.692656 -1.570769 0.065989 0.001276
    72 -0.088586 0.054020 -0.088594 0.010231 0.033800 -1.560851
    73 0.120153 -0.050270 -0.054489 -2.854024 0.030688 -1.580508
    74 -0.139399 -0.111694 0.014400 0.285395 -0.031353 1.580313
    75 -0.003479 -0.404833 0.000000 0.000000 0.000000 0.000000
    76 -0.313605 -4.589847 0.951765 -1.186351 1.434476 -1.173705
    77 -0.000001 3.367188 0.862793 0.000000 0.000000 0.000000
    78 0.001153 -1.104492 1.960938 0.000000 0.000000 0.000000
    79 0.000922 -2.777681 2.523408 0.000000 0.000000 0.000000
    80 -1.784180 18.750000 -7.144531 0.000000 0.000000 0.000000
    81 -0.003576 -2.248047 1.304688 0.000000 0.000000 0.000000
    82 0.001149 -4.261719 1.683594 0.000000 0.000000 0.000000
end
