// Created by Crowbar 0.74
version 1
nodes
  0 "root" -1
  1 "Bone01" 0
  2 "Bone_Lefthand" 1
  3 "Bone13" 2
  4 "Bone14" 3
  5 "Bone15" 4
  6 "ValveBiped.Bip01_L_Finger32" 5
  7 "ValveBiped.Bip01_L_Finger31" 4
  8 "ValveBiped.Bip01_L_Finger3" 3
  9 "Bone17" 2
  10 "Bone18" 9
  11 "Bone19" 10
  12 "ValveBiped.Bip01_L_Finger22" 11
  13 "ValveBiped.Bip01_L_Finger21" 10
  14 "ValveBiped.Bip01_L_Finger2" 9
  15 "Bone21" 2
  16 "Bone22" 15
  17 "Bone23" 16
  18 "ValveBiped.Bip01_L_Finger12" 17
  19 "ValveBiped.Bip01_L_Finger11" 16
  20 "ValveBiped.Bip01_L_Finger1" 15
  21 "Bone09" 2
  22 "Bone10" 21
  23 "Bone11" 22
  24 "ValveBiped.Bip01_L_Finger42" 23
  25 "ValveBiped.Bip01_L_Finger41" 22
  26 "ValveBiped.Bip01_L_Finger4" 21
  27 "Bone05" 2
  28 "Bone06" 27
  29 "Bone07" 28
  30 "ValveBiped.Bip01_L_Finger02" 29
  31 "ValveBiped.Bip01_L_Finger01" 28
  32 "ValveBiped.Bip01_L_Finger0" 27
  33 "ValveBiped.Bip01_L_Hand" 2
  34 "Bone_L_Upper" 1
  35 "ValveBiped.Bip01_L_UpperArm" 34
  36 "ValveBiped.Bip01_L_Forearm" 1
  37 "Bone04" 0
  38 "Bone_Righthand" 37
  39 "Bone39" 38
  40 "Bone40" 39
  41 "Bone41" 40
  42 "ValveBiped.Bip01_R_Finger32" 41
  43 "ValveBiped.Bip01_R_Finger31" 40
  44 "ValveBiped.Bip01_R_Finger3" 39
  45 "Bone35" 38
  46 "Bone36" 45
  47 "Bone37" 46
  48 "ValveBiped.Bip01_R_Finger22" 47
  49 "ValveBiped.Bip01_R_Finger21" 46
  50 "ValveBiped.Bip01_R_Finger2" 45
  51 "Bone31" 38
  52 "Bone32" 51
  53 "Bone33" 52
  54 "ValveBiped.Bip01_R_Finger12" 53
  55 "ValveBiped.Bip01_R_Finger11" 52
  56 "ValveBiped.Bip01_R_Finger1" 51
  57 "Bone43" 38
  58 "Bone44" 57
  59 "Bone45" 58
  60 "ValveBiped.Bip01_R_Finger42" 59
  61 "ValveBiped.Bip01_R_Finger41" 58
  62 "ValveBiped.Bip01_R_Finger4" 57
  63 "Bone27" 38
  64 "Bone28" 63
  65 "Bone29" 64
  66 "ValveBiped.Bip01_R_Finger02" 65
  67 "ValveBiped.Bip01_R_Finger01" 64
  68 "ValveBiped.Bip01_R_Finger0" 63
  69 "ValveBiped.Bip01_R_Hand" 38
  70 "Bone_R_Upper" 37
  71 "ValveBiped.Bip01_R_UpperArm" 70
  72 "ValveBiped.Bip01_R_Forearm" 37
  73 "Bone_Se_Hand-L" 2
  74 "Bone_Se_Hand-R" 38
  75 "Bone 04" 2
  76 "Bone02" 2
  77 "Bone03" 76
  78 "Bone52" 77
  79 "Bone54" 77
  80 "Bone56" 77
  81 "Bone58" 77
  82 "Bone25" 77
end
skeleton
  time 0
    0 1.629157 0.000000 0.541027 0.000000 0.000000 -1.570796
    1 -0.205812 6.687890 -8.782955 5.508817 -1.331293 -4.145090
    2 -0.005512 -10.701926 -0.002571 0.347053 -0.116964 -0.166530
    3 -0.653320 -3.630859 -0.348633 -1.003534 -0.000001 -0.122159
    4 -0.013245 -1.508789 -0.000001 -1.090796 0.000000 0.000000
    5 0.000000 -0.953613 -0.000002 -1.223438 0.000000 0.000000
    6 0.007988 0.172184 -0.118553 -1.598091 -0.216549 -1.570593
    7 0.080660 0.135929 -0.203919 -1.506824 -0.066185 -1.662786
    8 0.117288 -0.155554 -0.604544 -1.412988 -0.374558 -1.569222
    9 0.128052 -3.763672 -0.348633 -0.890091 0.000000 -0.148347
    10 -0.006790 -1.563353 0.006726 -1.212969 0.000000 0.000009
    11 0.000000 -1.165039 0.000000 -1.279286 0.000000 0.000000
    12 -0.018589 0.129953 -0.123721 -1.294580 0.001302 -1.635383
    13 -0.006160 0.170065 -0.110169 -1.280084 -0.068681 -1.597215
    14 0.047100 -0.104074 -0.352264 -1.243368 -0.257298 -1.694346
    15 0.949219 -3.619141 -0.348633 -0.349063 0.000002 0.130893
    16 -0.021700 -1.596358 -0.003443 -0.799295 0.000000 0.000000
    17 -0.002829 -0.937906 0.007065 -1.096042 0.000000 -0.000001
    18 -0.022325 0.045424 -0.038284 -1.125544 -0.129230 -1.681412
    19 -0.042900 -0.061274 -0.071212 -1.124462 -0.060454 -1.586099
    20 0.063741 -0.109104 -0.248158 -1.142813 -0.125805 -1.693583
    21 -1.408203 -3.248047 -0.348633 -0.788776 0.052706 -0.017693
    22 0.013451 -1.204102 0.000002 -0.931992 0.000000 0.000000
    23 -0.013000 -0.789551 0.000000 -1.061140 0.000000 0.000000
    24 -0.011721 0.093267 0.017949 -1.687855 -0.079155 -1.575164
    25 0.048863 -0.085541 0.028626 -1.715605 -0.034569 -1.653190
    26 0.173918 -0.198416 -0.336163 -1.668104 -0.422317 -1.710956
    27 0.438721 -0.485596 0.397461 0.505392 -0.466269 -1.212439
    28 2.355469 0.016098 0.000000 -0.304947 -0.017307 -0.456356
    29 1.251953 -0.000339 0.000000 0.000000 0.000000 -0.572457
    30 -0.267709 0.037512 -0.093907 2.913812 -0.143386 0.078467
    31 -0.029266 0.205408 -0.329287 2.788574 -0.255486 -0.188917
    32 0.204373 0.521055 -0.268577 2.886669 0.042206 -0.230367
    33 0.195697 -0.010059 -0.293538 -1.333586 0.150863 -1.672749
    34 1.257181 8.762590 -0.153713 -1.570562 0.002683 -1.566808
    35 -0.093500 -0.114213 -0.738866 -1.570842 0.061811 0.002096
    36 0.010843 0.093624 -0.081439 -3.141462 0.041719 -1.568236
    37 3.393405 -3.086662 -14.130621 -0.375290 -0.000025 2.172801
    38 0.104748 -10.673144 -0.005453 0.079692 -0.284698 0.455166
    39 0.555176 -3.650391 -0.346924 -1.081529 -0.046222 -0.024593
    40 0.026276 -1.509766 -0.000001 -0.427597 0.000000 0.000000
    41 0.013245 -0.927246 -0.000001 -0.453783 0.000000 0.000000
    42 0.006928 0.005329 -0.181358 -1.528500 -0.248579 -1.611362
    43 -0.052313 0.038589 -0.230757 -1.592493 -0.043415 -1.528515
    44 -0.232600 -0.209656 -0.420669 -1.713790 -0.167173 -1.438930
    45 -0.213013 -3.744141 -0.346924 -0.820268 0.000000 0.000000
    46 0.013237 -1.576172 -0.000002 -0.584630 0.000000 0.000000
    47 -0.000002 -1.178711 0.000000 -0.532321 0.000000 0.000000
    48 -0.038065 0.069166 -0.159883 -1.816986 0.066178 -1.575392
    49 -0.025151 0.088762 -0.068837 -1.817843 0.044510 -1.568287
    50 -0.102916 -0.186983 -0.272246 -1.833683 -0.232962 -1.472375
    51 -1.034180 -3.582031 -0.346680 -0.942461 0.000000 0.000000
    52 0.000000 -1.616211 0.000002 -0.287943 0.000000 0.000000
    53 -0.000001 -0.940430 -0.000001 -0.445049 0.000000 0.000000
    54 -0.004241 0.043707 -0.080203 -2.014997 -0.186996 -1.460723
    55 0.015383 -0.089136 -0.030010 -2.006083 0.036346 -1.568629
    56 -0.022610 -0.212357 -0.177905 -1.933161 -0.118801 -1.518895
    57 1.305107 -3.227548 -0.342207 -1.019595 -0.066932 -0.041063
    58 0.000000 -1.245117 0.000002 -0.584642 0.000000 0.000000
    59 0.000000 -0.768066 0.000000 -0.523598 0.000000 0.000000
    60 -0.067138 0.063251 -0.010961 -0.899214 -0.014515 -1.600326
    61 -0.151180 -0.007395 -0.070065 -0.913061 -0.118819 -1.408558
    62 -0.178164 -0.244680 -0.357067 -1.159916 -0.384260 -1.556110
    63 -0.385254 -0.459229 0.383789 -0.318041 -0.539808 -2.424595
    64 2.472656 0.024414 0.000002 0.000000 0.000000 0.549751
    65 1.227539 0.003979 -0.000002 0.000000 0.000000 0.593370
    66 -0.263409 -0.117640 -0.015659 0.000036 -0.082210 -0.026800
    67 0.007707 -0.334360 -0.191575 0.070788 -0.181563 0.282364
    68 0.225562 -0.567923 -0.420715 0.119895 -0.183798 0.223460
    69 -0.203683 -0.095654 -0.328305 -1.745077 0.075142 -1.515382
    70 -1.393460 8.839182 -0.239439 1.580804 -0.005024 -1.566848
    71 0.036020 0.082815 -0.692656 -1.570769 0.065989 0.001276
    72 -0.088586 0.054020 -0.088594 0.010231 0.033800 -1.560851
    73 0.120153 -0.050270 -0.054489 -2.854024 0.030688 -1.580508
    74 -0.139399 -0.111694 0.014400 0.285395 -0.031353 1.580313
    75 -0.003479 -0.404833 0.000000 0.000000 0.000000 0.000000
    76 -0.313605 -4.593753 0.947859 -1.186387 1.434476 -1.173741
    77 0.000000 3.367188 0.863281 0.000000 0.000000 0.000000
    78 0.000922 -1.098811 1.956042 0.000000 0.000000 0.000000
    79 0.000922 -2.777681 2.523408 0.000000 0.000000 0.000000
    80 0.001149 -8.921875 2.623047 0.000000 0.000000 0.000000
    81 -0.003576 -2.246094 1.304688 0.000000 0.000000 0.000000
    82 0.000922 -4.262904 1.683050 0.403138 0.000000 0.000000
  time 1
    0 1.629157 0.000000 0.541027 0.000000 0.000000 -1.570796
    1 -0.205812 6.687890 -8.782955 5.508817 -1.331293 -4.145090
    2 -0.005512 -10.701926 -0.002571 0.344580 -0.097715 0.047104
    3 -0.653320 -3.630859 -0.348633 -1.003534 -0.000001 -0.122159
    4 -0.013245 -1.508789 -0.000001 -1.090796 0.000000 0.000000
    5 0.000000 -0.953613 -0.000002 -1.223438 0.000000 0.000000
    6 0.007988 0.172184 -0.118553 -1.598091 -0.216549 -1.570593
    7 0.080660 0.135929 -0.203919 -1.506824 -0.066185 -1.662786
    8 0.117288 -0.155554 -0.604544 -1.412988 -0.374558 -1.569222
    9 0.128052 -3.763672 -0.348633 -0.890091 0.000000 -0.148347
    10 -0.006790 -1.567259 0.006726 -1.212969 0.000000 0.000009
    11 0.000000 -1.165039 0.000000 -1.279286 0.000000 0.000000
    12 -0.018589 0.129953 -0.123721 -1.294580 0.001302 -1.635383
    13 -0.006160 0.170065 -0.110169 -1.280084 -0.068681 -1.597215
    14 0.047100 -0.104074 -0.352264 -1.243368 -0.257298 -1.694346
    15 0.949219 -3.619141 -0.348633 -0.349063 0.000002 0.130893
    16 -0.017794 -1.596358 -0.003443 -0.799295 0.000000 0.000000
    17 -0.006735 -0.941812 0.007065 -1.096008 0.000000 -0.000001
    18 -0.022325 0.045424 -0.038284 -1.125544 -0.129230 -1.681412
    19 -0.042900 -0.061274 -0.071212 -1.124462 -0.060454 -1.586099
    20 0.063741 -0.109104 -0.248158 -1.142813 -0.125805 -1.693583
    21 -1.408203 -3.248047 -0.348633 -0.788776 0.052706 -0.017693
    22 0.013451 -1.204102 0.000002 -0.931992 0.000000 0.000000
    23 -0.013000 -0.789551 0.000000 -1.061140 0.000000 0.000000
    24 -0.011721 0.093267 0.017949 -1.687855 -0.079155 -1.575164
    25 0.048863 -0.085541 0.028626 -1.715605 -0.034569 -1.653190
    26 0.173918 -0.198416 -0.336163 -1.668104 -0.422317 -1.710956
    27 0.438721 -0.485596 0.397461 0.505392 -0.466269 -1.212439
    28 2.355469 0.016098 0.000000 -0.304947 -0.017307 -0.456356
    29 1.251953 -0.000339 0.000000 0.000000 0.000000 -0.572457
    30 -0.267709 0.037512 -0.093907 2.913812 -0.143386 0.078467
    31 -0.029266 0.205408 -0.329287 2.788574 -0.255486 -0.188917
    32 0.204373 0.521055 -0.268577 2.886669 0.042206 -0.230367
    33 0.195697 -0.010059 -0.293538 -1.333586 0.150863 -1.672749
    34 1.257181 8.762590 -0.153713 -1.570562 0.002683 -1.566808
    35 -0.093500 -0.114213 -0.738866 -1.570842 0.061811 0.002096
    36 0.010843 0.093624 -0.081439 -3.141462 0.041719 -1.568236
    37 3.557473 -2.949939 -14.005617 -0.418686 0.000863 2.172228
    38 0.104748 -10.673144 -0.005453 0.116841 -0.212008 0.469206
    39 0.555176 -3.650391 -0.346924 -1.081529 -0.046222 -0.024593
    40 0.026276 -1.509766 -0.000001 -0.427597 0.000000 0.000000
    41 0.013245 -0.927246 -0.000001 -0.453783 0.000000 0.000000
    42 0.006928 0.005329 -0.181358 -1.528500 -0.248579 -1.611362
    43 -0.052313 0.038589 -0.230757 -1.592493 -0.043415 -1.528515
    44 -0.232600 -0.209656 -0.420669 -1.713790 -0.167173 -1.438930
    45 -0.213013 -3.744141 -0.346924 -0.820268 0.000000 0.000000
    46 0.013237 -1.576172 -0.000002 -0.584630 0.000000 0.000000
    47 -0.000002 -1.178711 0.000000 -0.532321 0.000000 0.000000
    48 -0.038065 0.069166 -0.159883 -1.816986 0.066178 -1.575392
    49 -0.025151 0.088762 -0.068837 -1.817843 0.044510 -1.568287
    50 -0.102916 -0.186983 -0.272246 -1.833683 -0.232962 -1.472375
    51 -1.034180 -3.582031 -0.346680 -0.942461 0.000000 0.000000
    52 0.000000 -1.616211 0.000002 -0.287943 0.000000 0.000000
    53 -0.000001 -0.940430 -0.000001 -0.445049 0.000000 0.000000
    54 -0.004241 0.043707 -0.080203 -2.014997 -0.186996 -1.460723
    55 0.015383 -0.089136 -0.030010 -2.006083 0.036346 -1.568629
    56 -0.022610 -0.212357 -0.177905 -1.933161 -0.118801 -1.518895
    57 1.309013 -3.227548 -0.342207 -1.019595 -0.066932 -0.041063
    58 0.000000 -1.245117 0.000002 -0.584642 0.000000 0.000000
    59 0.000000 -0.768066 0.000000 -0.523598 0.000000 0.000000
    60 -0.067138 0.063251 -0.010961 -0.899214 -0.014515 -1.600326
    61 -0.151180 -0.007395 -0.070065 -0.913061 -0.118819 -1.408558
    62 -0.178164 -0.244680 -0.357067 -1.159916 -0.384260 -1.556110
    63 -0.385254 -0.459229 0.383789 -0.318041 -0.539808 -2.424595
    64 2.472656 0.024414 0.000002 0.000000 0.000000 0.549751
    65 1.227539 0.003979 -0.000002 0.000000 0.000000 0.593370
    66 -0.263409 -0.117640 -0.015659 0.000036 -0.082210 -0.026800
    67 0.007707 -0.334360 -0.191575 0.070788 -0.181563 0.282364
    68 0.225562 -0.567923 -0.420715 0.119895 -0.183798 0.223460
    69 -0.203683 -0.095654 -0.328305 -1.745077 0.075142 -1.515382
    70 -1.393460 8.839182 -0.239439 1.580804 -0.005024 -1.566848
    71 0.036020 0.082815 -0.692656 -1.570769 0.065989 0.001276
    72 -0.088586 0.054020 -0.088594 0.010231 0.033800 -1.560851
    73 0.120153 -0.050270 -0.054489 -2.854024 0.030688 -1.580508
    74 -0.139399 -0.111694 0.014400 0.285395 -0.031353 1.580313
    75 -0.003479 -0.404833 0.000000 0.000000 0.000000 0.000000
    76 -0.309699 -4.593753 0.947859 -1.186387 1.434476 -1.173741
    77 0.000000 3.367188 0.863281 0.000000 0.000000 0.000000
    78 0.000922 -1.098811 1.959949 0.701601 0.000000 0.000000
    79 0.000922 -2.058909 2.527314 0.000000 0.000000 0.000000
    80 0.001149 -8.921875 2.623047 0.000000 0.000000 0.000000
    81 -0.003576 -2.246094 1.304688 0.000000 0.000000 0.000000
    82 0.000922 -4.262904 1.683050 0.443239 0.000000 0.000000
  time 2
    0 1.629157 0.000000 0.541027 0.000000 0.000000 -1.570796
    1 -0.459726 6.926179 -8.782955 5.398861 -1.309455 -4.060425
    2 -0.005512 -10.701926 -0.002571 0.346392 -0.089868 0.212855
    3 -0.653320 -3.630859 -0.348633 -1.003534 -0.000001 -0.122159
    4 -0.013245 -1.508789 -0.000001 -1.090796 0.000000 0.000000
    5 0.000000 -0.953613 -0.000002 -1.223438 0.000000 0.000000
    6 0.007988 0.172184 -0.118553 -1.598091 -0.216549 -1.570593
    7 0.080660 0.135929 -0.203919 -1.506824 -0.066185 -1.662786
    8 0.117288 -0.155554 -0.604544 -1.412988 -0.374558 -1.569222
    9 0.128052 -3.763672 -0.348633 -0.890091 0.000000 -0.148347
    10 -0.006790 -1.567259 0.006726 -1.212969 0.000000 0.000009
    11 0.000000 -1.165039 0.000000 -1.279286 0.000000 0.000000
    12 -0.018589 0.129953 -0.123721 -1.294580 0.001302 -1.635383
    13 -0.006160 0.170065 -0.110169 -1.280084 -0.068681 -1.597215
    14 0.047100 -0.104074 -0.352264 -1.243368 -0.257298 -1.694346
    15 0.949219 -3.619141 -0.348633 -0.349063 0.000002 0.130893
    16 -0.017794 -1.596358 -0.003443 -0.808268 0.000000 0.000000
    17 -0.002829 -0.941812 0.007065 -1.104596 0.000000 -0.000001
    18 -0.022325 0.045424 -0.038284 -1.125544 -0.129230 -1.681412
    19 -0.042900 -0.061274 -0.071212 -1.124462 -0.060454 -1.586099
    20 0.063741 -0.109104 -0.248158 -1.142813 -0.125805 -1.693583
    21 -1.408203 -3.248047 -0.348633 -0.788776 0.052706 -0.017693
    22 0.013451 -1.204102 0.000002 -0.931992 0.000000 0.000000
    23 -0.013000 -0.789551 0.000000 -1.061140 0.000000 0.000000
    24 -0.011721 0.093267 0.017949 -1.687855 -0.079155 -1.575164
    25 0.048863 -0.085541 0.028626 -1.715605 -0.034569 -1.653190
    26 0.173918 -0.198416 -0.336163 -1.668104 -0.422317 -1.710956
    27 0.438721 -0.485596 0.397461 0.505392 -0.466269 -1.212439
    28 2.355469 0.016098 0.000000 -0.304947 -0.017307 -0.456356
    29 1.251953 -0.000339 0.000000 0.000000 0.000000 -0.572457
    30 -0.267709 0.037512 -0.093907 2.913812 -0.143386 0.078467
    31 -0.029266 0.205408 -0.329287 2.788574 -0.255486 -0.188917
    32 0.204373 0.521055 -0.268577 2.886669 0.042206 -0.230367
    33 0.195697 -0.010059 -0.293538 -1.333586 0.150863 -1.672749
    34 1.257181 8.762590 -0.153713 -1.570562 0.002683 -1.566808
    35 -0.093500 -0.114213 -0.738866 -1.570842 0.061811 0.002096
    36 0.010843 0.093624 -0.081439 -3.141462 0.041719 -1.568236
    37 3.791855 -2.770246 -13.833737 -0.474385 0.001751 2.171559
    38 0.108654 -10.673144 -0.001547 0.166927 -0.120902 0.490547
    39 0.555176 -3.650391 -0.346924 -1.081529 -0.046222 -0.024593
    40 0.026276 -1.509766 -0.000001 -0.427597 0.000000 0.000000
    41 0.013245 -0.927246 -0.000001 -0.453783 0.000000 0.000000
    42 0.006928 0.005329 -0.181358 -1.528500 -0.248579 -1.611362
    43 -0.052313 0.038589 -0.230757 -1.592493 -0.043415 -1.528515
    44 -0.232600 -0.209656 -0.420669 -1.713790 -0.167173 -1.438930
    45 -0.213013 -3.744141 -0.346924 -0.820268 0.000000 0.000000
    46 0.013237 -1.576172 -0.000002 -0.584630 0.000000 0.000000
    47 -0.000002 -1.178711 0.000000 -0.532321 0.000000 0.000000
    48 -0.038065 0.069166 -0.159883 -1.816986 0.066178 -1.575392
    49 -0.025151 0.088762 -0.068837 -1.817843 0.044510 -1.568287
    50 -0.102916 -0.186983 -0.272246 -1.833683 -0.232962 -1.472375
    51 -1.034180 -3.582031 -0.346680 -0.942461 0.000000 0.000000
    52 0.000000 -1.616211 0.000002 -0.287943 0.000000 0.000000
    53 -0.000001 -0.940430 -0.000001 -0.445049 0.000000 0.000000
    54 -0.004241 0.043707 -0.080203 -2.014997 -0.186996 -1.460723
    55 0.015383 -0.089136 -0.030010 -2.006083 0.036346 -1.568629
    56 -0.022610 -0.212357 -0.177905 -1.933161 -0.118801 -1.518895
    57 1.309013 -3.227548 -0.342207 -1.019595 -0.066932 -0.041063
    58 0.000000 -1.245117 0.000002 -0.584642 0.000000 0.000000
    59 0.000000 -0.768066 0.000000 -0.523598 0.000000 0.000000
    60 -0.067138 0.063251 -0.010961 -0.899214 -0.014515 -1.600326
    61 -0.151180 -0.007395 -0.070065 -0.913061 -0.118819 -1.408558
    62 -0.178164 -0.244680 -0.357067 -1.159916 -0.384260 -1.556110
    63 -0.385254 -0.459229 0.383789 -0.318041 -0.539808 -2.424595
    64 2.472656 0.024414 0.000002 0.000000 0.000000 0.549751
    65 1.227539 0.003979 -0.000002 0.000000 0.000000 0.593370
    66 -0.263409 -0.117640 -0.015659 0.000036 -0.082210 -0.026800
    67 0.007707 -0.334360 -0.191575 0.070788 -0.181563 0.282364
    68 0.225562 -0.567923 -0.420715 0.119895 -0.183798 0.223460
    69 -0.203683 -0.095654 -0.328305 -1.745077 0.075142 -1.515382
    70 -1.393460 8.839182 -0.239439 1.580804 -0.005024 -1.566848
    71 0.036020 0.082815 -0.692656 -1.570769 0.065989 0.001276
    72 -0.088586 0.054020 -0.088594 0.010231 0.033800 -1.560851
    73 0.120153 -0.050270 -0.054489 -2.854024 0.030688 -1.580508
    74 -0.139399 -0.111694 0.014400 0.285395 -0.031353 1.580313
    75 -0.003479 -0.404833 0.000000 0.000000 0.000000 0.000000
    76 -0.309699 -4.593753 0.947859 -1.186387 1.434476 -1.173741
    77 0.000000 3.367188 0.863281 0.000000 0.000000 0.000000
    78 0.000922 -1.098811 1.956042 0.525055 0.000000 0.000000
    79 0.000922 -1.504204 2.527314 0.000000 0.000000 0.000000
    80 0.001149 -8.921875 2.623047 0.000000 0.000000 0.000000
    81 -0.003576 -2.246094 1.304688 0.000000 0.000000 0.000000
    82 0.000922 -4.266811 1.683050 0.464240 0.000000 0.000000
  time 3
    0 1.629157 0.000000 0.541027 0.000000 0.000000 -1.570796
    1 -0.701921 7.152748 -8.786861 5.329635 -1.292146 -4.008511
    2 -0.001605 -10.701926 -0.002571 0.351372 -0.124327 0.121370
    3 -0.653320 -3.630859 -0.348633 -1.003534 -0.000001 -0.122159
    4 -0.013245 -1.508789 -0.000001 -1.090796 0.000000 0.000000
    5 0.000000 -0.953613 -0.000002 -1.223438 0.000000 0.000000
    6 0.007988 0.172184 -0.118553 -1.598091 -0.216549 -1.570593
    7 0.080660 0.135929 -0.203919 -1.506824 -0.066185 -1.662786
    8 0.117288 -0.155554 -0.604544 -1.412988 -0.374558 -1.569222
    9 0.128052 -3.763672 -0.348633 -0.890091 0.000000 -0.148347
    10 -0.006790 -1.567259 0.006726 -1.212969 0.000000 -0.000003
    11 0.000000 -1.165039 0.000000 -1.279286 0.000000 0.000000
    12 -0.018589 0.129953 -0.123721 -1.294580 0.001302 -1.635383
    13 -0.006160 0.170065 -0.110169 -1.280084 -0.068681 -1.597215
    14 0.047100 -0.104074 -0.352264 -1.243368 -0.257298 -1.694346
    15 0.949219 -3.619141 -0.348633 -0.349063 0.000002 0.130893
    16 -0.017794 -1.596358 -0.003443 -0.823138 0.000000 0.000000
    17 -0.006735 -0.941812 0.007065 -1.118886 0.000000 -0.000001
    18 -0.022325 0.045424 -0.038284 -1.125544 -0.129230 -1.681412
    19 -0.042900 -0.061274 -0.071212 -1.124462 -0.060454 -1.586099
    20 0.063741 -0.109104 -0.248158 -1.142813 -0.125805 -1.693583
    21 -1.408203 -3.248047 -0.348633 -0.788776 0.052706 -0.017693
    22 0.013451 -1.204102 0.000002 -0.931992 0.000000 0.000000
    23 -0.013000 -0.789551 0.000000 -1.061140 0.000000 0.000000
    24 -0.011721 0.093267 0.017949 -1.687855 -0.079155 -1.575164
    25 0.048863 -0.085541 0.028626 -1.715605 -0.034569 -1.653190
    26 0.173918 -0.198416 -0.336163 -1.668104 -0.422317 -1.710956
    27 0.438721 -0.485596 0.397461 0.505392 -0.466269 -1.212439
    28 2.355469 0.016098 0.000000 -0.304947 -0.017307 -0.456356
    29 1.251953 -0.000339 0.000000 0.000000 0.000000 -0.572457
    30 -0.267709 0.037512 -0.093907 2.913812 -0.143386 0.078467
    31 -0.029266 0.205408 -0.329287 2.788574 -0.255486 -0.188917
    32 0.204373 0.521055 -0.268577 2.886669 0.042206 -0.230367
    33 0.195697 -0.010059 -0.293538 -1.333586 0.150863 -1.672749
    34 1.257181 8.762590 -0.153713 -1.570562 0.002683 -1.566808
    35 -0.093500 -0.114213 -0.738866 -1.570842 0.061811 0.002096
    36 0.010843 0.093624 -0.081439 -3.141462 0.041719 -1.568236
    37 3.948110 -2.715557 -13.833737 -0.511486 -0.000025 2.172801
    38 0.104748 -10.673144 -0.001547 0.217606 -0.070133 0.504278
    39 0.555176 -3.650391 -0.346924 -1.081529 -0.046222 -0.024593
    40 0.026276 -1.509766 -0.000001 -0.427597 0.000000 0.000000
    41 0.013245 -0.927246 -0.000001 -0.453783 0.000000 0.000000
    42 0.006928 0.005329 -0.181358 -1.528500 -0.248579 -1.611362
    43 -0.052313 0.038589 -0.230757 -1.592493 -0.043415 -1.528515
    44 -0.232600 -0.209656 -0.420669 -1.713790 -0.167173 -1.438930
    45 -0.213013 -3.744141 -0.346924 -0.820268 0.000000 0.000000
    46 0.013237 -1.576172 -0.000002 -0.584630 0.000000 0.000000
    47 -0.000002 -1.178711 0.000000 -0.532321 0.000000 0.000000
    48 -0.038065 0.069166 -0.159883 -1.816986 0.066178 -1.575392
    49 -0.025151 0.088762 -0.068837 -1.817843 0.044510 -1.568287
    50 -0.102916 -0.186983 -0.272246 -1.833683 -0.232962 -1.472375
    51 -1.034180 -3.582031 -0.346680 -0.942461 0.000000 0.000000
    52 0.000000 -1.616211 0.000002 -0.287943 0.000000 0.000000
    53 -0.000001 -0.940430 -0.000001 -0.445049 0.000000 0.000000
    54 -0.004241 0.043707 -0.080203 -2.014997 -0.186996 -1.460723
    55 0.015383 -0.089136 -0.030010 -2.006083 0.036346 -1.568629
    56 -0.022610 -0.212357 -0.177905 -1.933161 -0.118801 -1.518895
    57 1.305107 -3.227548 -0.342207 -1.019595 -0.066932 -0.041063
    58 0.000000 -1.245117 0.000002 -0.584642 0.000000 0.000000
    59 0.000000 -0.768066 0.000000 -0.523598 0.000000 0.000000
    60 -0.067138 0.063251 -0.010961 -0.899214 -0.014515 -1.600326
    61 -0.151180 -0.007395 -0.070065 -0.913061 -0.118819 -1.408558
    62 -0.178164 -0.244680 -0.357067 -1.159916 -0.384260 -1.556110
    63 -0.385254 -0.459229 0.383789 -0.318041 -0.539808 -2.424595
    64 2.472656 0.024414 0.000002 0.000000 0.000000 0.549751
    65 1.227539 0.003979 -0.000002 0.000000 0.000000 0.593370
    66 -0.263409 -0.117640 -0.015659 0.000036 -0.082210 -0.026800
    67 0.007707 -0.334360 -0.191575 0.070788 -0.181563 0.282364
    68 0.225562 -0.567923 -0.420715 0.119895 -0.183798 0.223460
    69 -0.203683 -0.095654 -0.328305 -1.745077 0.075142 -1.515382
    70 -1.393460 8.839182 -0.239439 1.580804 -0.005024 -1.566848
    71 0.036020 0.082815 -0.692656 -1.570769 0.065989 0.001276
    72 -0.088586 0.054020 -0.088594 0.010231 0.033800 -1.560851
    73 0.120153 -0.050270 -0.054489 -2.854024 0.030688 -1.580508
    74 -0.139399 -0.111694 0.014400 0.285395 -0.031353 1.580313
    75 -0.003479 -0.404833 0.000000 0.000000 0.000000 0.000000
    76 -0.313605 -4.593753 0.947859 -1.186387 1.434476 -1.173741
    77 0.000000 3.367188 0.863281 0.000000 0.000000 0.000000
    78 0.000922 -1.098811 1.959949 0.192648 0.000000 0.000000
    79 0.000922 -1.504204 2.527314 0.000000 0.000000 0.000000
    80 0.001149 -8.921875 2.623047 0.000000 0.000000 0.000000
    81 -0.003576 -2.246094 1.304688 0.000000 0.000000 0.000000
    82 0.000922 -4.266811 1.683050 0.468429 0.000000 0.000000
  time 4
    0 1.629157 0.000000 0.541027 0.000000 0.000000 -1.570796
    1 -0.592543 7.019932 -8.825925 5.368223 -1.301249 -4.033433
    2 -0.001605 -10.701926 -0.002571 0.364086 -0.170372 -0.055868
    3 -0.653320 -3.630859 -0.348633 -1.003534 -0.000001 -0.122159
    4 -0.013245 -1.508789 -0.000001 -1.090796 0.000000 0.000000
    5 0.000000 -0.953613 -0.000002 -1.223438 0.000000 0.000000
    6 0.007988 0.172184 -0.118553 -1.598091 -0.216549 -1.570593
    7 0.080660 0.135929 -0.203919 -1.506824 -0.066185 -1.662786
    8 0.117288 -0.155554 -0.604544 -1.412988 -0.374558 -1.569222
    9 0.128052 -3.763672 -0.348633 -0.890091 0.000000 -0.148347
    10 -0.006790 -1.567259 0.002820 -1.213006 0.000000 0.000009
    11 0.000000 -1.165039 0.000000 -1.279286 0.000000 0.000000
    12 -0.018589 0.129953 -0.123721 -1.294580 0.001302 -1.635383
    13 -0.006160 0.170065 -0.110169 -1.280084 -0.068681 -1.597215
    14 0.047100 -0.104074 -0.352264 -1.243368 -0.257298 -1.694346
    15 0.949219 -3.619141 -0.348633 -0.349063 0.000002 0.130893
    16 -0.017794 -1.596358 -0.003443 -0.826163 0.000000 0.000000
    17 -0.006735 -0.941812 0.007065 -1.121771 0.000000 -0.000001
    18 -0.022325 0.045424 -0.038284 -1.125544 -0.129230 -1.681412
    19 -0.042900 -0.061274 -0.071212 -1.124462 -0.060454 -1.586099
    20 0.063741 -0.109104 -0.248158 -1.142813 -0.125805 -1.693583
    21 -1.408203 -3.248047 -0.348633 -0.788776 0.052706 -0.017693
    22 0.013451 -1.204102 0.000002 -0.931992 0.000000 0.000000
    23 -0.013000 -0.789551 0.000000 -1.061140 0.000000 0.000000
    24 -0.011721 0.093267 0.017949 -1.687855 -0.079155 -1.575164
    25 0.048863 -0.085541 0.028626 -1.715605 -0.034569 -1.653190
    26 0.173918 -0.198416 -0.336163 -1.668104 -0.422317 -1.710956
    27 0.438721 -0.485596 0.397461 0.505392 -0.466269 -1.212439
    28 2.355469 0.016098 0.000000 -0.304947 -0.017307 -0.456356
    29 1.251953 -0.000339 0.000000 0.000000 0.000000 -0.572457
    30 -0.267709 0.037512 -0.093907 2.913812 -0.143386 0.078467
    31 -0.029266 0.205408 -0.329287 2.788574 -0.255486 -0.188917
    32 0.204373 0.521055 -0.268577 2.886669 0.042206 -0.230367
    33 0.195697 -0.010059 -0.293538 -1.333586 0.150863 -1.672749
    34 1.257181 8.762590 -0.153713 -1.570562 0.002683 -1.566808
    35 -0.093500 -0.114213 -0.738866 -1.570842 0.061811 0.002096
    36 0.010843 0.093624 -0.081439 -3.141462 0.041719 -1.568236
    37 3.967642 -2.875718 -14.165778 -0.498324 -0.008858 2.178631
    38 0.104748 -10.673144 -0.005453 0.269711 -0.082411 0.499813
    39 0.555176 -3.650391 -0.346924 -1.081529 -0.046222 -0.024593
    40 0.026276 -1.509766 -0.000001 -0.427597 0.000000 0.000000
    41 0.013245 -0.927246 -0.000001 -0.453783 0.000000 0.000000
    42 0.006928 0.005329 -0.181358 -1.528500 -0.248579 -1.611362
    43 -0.052313 0.038589 -0.230757 -1.592493 -0.043415 -1.528515
    44 -0.232600 -0.209656 -0.420669 -1.713790 -0.167173 -1.438930
    45 -0.213013 -3.744141 -0.346924 -0.820268 0.000000 0.000000
    46 0.013237 -1.576172 -0.000002 -0.584630 0.000000 0.000000
    47 -0.000002 -1.178711 0.000000 -0.532321 0.000000 0.000000
    48 -0.038065 0.069166 -0.159883 -1.816986 0.066178 -1.575392
    49 -0.025151 0.088762 -0.068837 -1.817843 0.044510 -1.568287
    50 -0.102916 -0.186983 -0.272246 -1.833683 -0.232962 -1.472375
    51 -1.034180 -3.582031 -0.346680 -0.942461 0.000000 0.000000
    52 0.000000 -1.616211 0.000002 -0.287943 0.000000 0.000000
    53 -0.000001 -0.940430 -0.000001 -0.445049 0.000000 0.000000
    54 -0.004241 0.043707 -0.080203 -2.014997 -0.186996 -1.460723
    55 0.015383 -0.089136 -0.030010 -2.006083 0.036346 -1.568629
    56 -0.022610 -0.212357 -0.177905 -1.933161 -0.118801 -1.518895
    57 1.309013 -3.227548 -0.342207 -1.019595 -0.066932 -0.041063
    58 0.000000 -1.245117 0.000002 -0.584642 0.000000 0.000000
    59 0.000000 -0.768066 0.000000 -0.523598 0.000000 0.000000
    60 -0.067138 0.063251 -0.010961 -0.899214 -0.014515 -1.600326
    61 -0.151180 -0.007395 -0.070065 -0.913061 -0.118819 -1.408558
    62 -0.178164 -0.244680 -0.357067 -1.159916 -0.384260 -1.556110
    63 -0.385254 -0.459229 0.383789 -0.318041 -0.539808 -2.424595
    64 2.472656 0.024414 0.000002 0.000000 0.000000 0.549751
    65 1.227539 0.003979 -0.000002 0.000000 0.000000 0.593370
    66 -0.263409 -0.117640 -0.015659 0.000036 -0.082210 -0.026800
    67 0.007707 -0.334360 -0.191575 0.070788 -0.181563 0.282364
    68 0.225562 -0.567923 -0.420715 0.119895 -0.183798 0.223460
    69 -0.203683 -0.095654 -0.328305 -1.745077 0.075142 -1.515382
    70 -1.393460 8.839182 -0.239439 1.580804 -0.005024 -1.566848
    71 0.036020 0.082815 -0.692656 -1.570769 0.065989 0.001276
    72 -0.088586 0.054020 -0.088594 0.010231 0.033800 -1.560851
    73 0.120153 -0.050270 -0.054489 -2.854024 0.030688 -1.580508
    74 -0.139399 -0.111694 0.014400 0.285395 -0.031353 1.580313
    75 -0.003479 -0.404833 0.000000 0.000000 0.000000 0.000000
    76 -0.313605 -4.593753 0.951765 -1.186387 1.434476 -1.173729
    77 0.000000 3.367188 0.863281 0.000000 0.000000 0.000000
    78 0.000922 -1.098811 1.959949 0.000000 0.000000 0.000000
    79 0.000922 -1.504204 2.527314 0.000000 0.000000 0.000000
    80 0.001149 -8.921875 2.623047 0.000000 0.000000 0.000000
    81 -0.003576 -2.246094 1.304688 0.000000 0.000000 0.000000
    82 0.000922 -4.262904 1.683050 0.458107 0.000000 0.000000
  time 5
    0 1.629157 0.000000 0.541027 0.000000 0.000000 -1.570796
    1 -0.299565 6.703516 -8.884521 5.448613 -1.318228 -4.089937
    2 -0.001605 -10.698019 -0.002571 0.371818 -0.194053 -0.172170
    3 -0.653320 -3.630859 -0.348633 -1.003534 -0.000001 -0.122159
    4 -0.013245 -1.508789 -0.000001 -1.090796 0.000000 0.000000
    5 0.000000 -0.953613 -0.000002 -1.223438 0.000000 0.000000
    6 0.007988 0.172184 -0.118553 -1.598091 -0.216549 -1.570593
    7 0.080660 0.135929 -0.203919 -1.506824 -0.066185 -1.662786
    8 0.117288 -0.155554 -0.604544 -1.412988 -0.374558 -1.569222
    9 0.128052 -3.763672 -0.348633 -0.890091 0.000000 -0.148347
    10 -0.006790 -1.563353 0.006726 -1.212969 0.000000 0.000009
    11 0.000000 -1.165039 0.000000 -1.279286 0.000000 0.000000
    12 -0.018589 0.129953 -0.123721 -1.294580 0.001302 -1.635383
    13 -0.006160 0.170065 -0.110169 -1.280084 -0.068681 -1.597215
    14 0.047100 -0.104074 -0.352264 -1.243368 -0.257298 -1.694346
    15 0.949219 -3.619141 -0.348633 -0.349063 0.000002 0.130893
    16 -0.017794 -1.596358 -0.007350 -0.799295 0.000000 0.000000
    17 -0.006735 -0.941812 0.007065 -1.096042 0.000000 -0.000001
    18 -0.022325 0.045424 -0.038284 -1.125544 -0.129230 -1.681412
    19 -0.042900 -0.061274 -0.071212 -1.124462 -0.060454 -1.586099
    20 0.063741 -0.109104 -0.248158 -1.142813 -0.125805 -1.693583
    21 -1.408203 -3.248047 -0.348633 -0.788776 0.052706 -0.017693
    22 0.013451 -1.204102 0.000002 -0.931992 0.000000 0.000000
    23 -0.013000 -0.789551 0.000000 -1.061140 0.000000 0.000000
    24 -0.011721 0.093267 0.017949 -1.687855 -0.079155 -1.575164
    25 0.048863 -0.085541 0.028626 -1.715605 -0.034569 -1.653190
    26 0.173918 -0.198416 -0.336163 -1.668104 -0.422317 -1.710956
    27 0.438721 -0.485596 0.397461 0.505392 -0.466269 -1.212439
    28 2.355469 0.016098 0.000000 -0.304947 -0.017307 -0.456356
    29 1.251953 -0.000339 0.000000 0.000000 0.000000 -0.572457
    30 -0.267709 0.037512 -0.093907 2.913812 -0.143386 0.078467
    31 -0.029266 0.205408 -0.329287 2.788574 -0.255486 -0.188917
    32 0.204373 0.521055 -0.268577 2.886669 0.042206 -0.230367
    33 0.195697 -0.010059 -0.293538 -1.333586 0.150863 -1.672749
    34 1.257181 8.762590 -0.153713 -1.570562 0.002683 -1.566808
    35 -0.093500 -0.114213 -0.738866 -1.570842 0.061811 0.002096
    36 0.010843 0.093624 -0.081439 -3.141462 0.041719 -1.568236
    37 3.924672 -3.078849 -14.478288 -0.463321 -0.021290 2.186085
    38 0.104748 -10.673144 -0.005453 0.326227 -0.124448 0.483639
    39 0.555176 -3.650391 -0.346924 -1.081529 -0.046222 -0.024593
    40 0.026276 -1.509766 -0.000001 -0.427597 0.000000 0.000000
    41 0.013245 -0.927246 -0.000001 -0.453783 0.000000 0.000000
    42 0.006928 0.005329 -0.181358 -1.528500 -0.248579 -1.611362
    43 -0.052313 0.038589 -0.230757 -1.592493 -0.043415 -1.528515
    44 -0.232600 -0.209656 -0.420669 -1.713790 -0.167173 -1.438930
    45 -0.213013 -3.744141 -0.346924 -0.820268 0.000000 0.000000
    46 0.013237 -1.576172 -0.000002 -0.584630 0.000000 0.000000
    47 -0.000002 -1.178711 0.000000 -0.532321 0.000000 0.000000
    48 -0.038065 0.069166 -0.159883 -1.816986 0.066178 -1.575392
    49 -0.025151 0.088762 -0.068837 -1.817843 0.044510 -1.568287
    50 -0.102916 -0.186983 -0.272246 -1.833683 -0.232962 -1.472375
    51 -1.034180 -3.582031 -0.346680 -0.942461 0.000000 0.000000
    52 0.000000 -1.616211 0.000002 -0.287943 0.000000 0.000000
    53 -0.000001 -0.940430 -0.000001 -0.445049 0.000000 0.000000
    54 -0.004241 0.043707 -0.080203 -2.014997 -0.186996 -1.460723
    55 0.015383 -0.089136 -0.030010 -2.006083 0.036346 -1.568629
    56 -0.022610 -0.212357 -0.177905 -1.933161 -0.118801 -1.518895
    57 1.305107 -3.227548 -0.342207 -1.019595 -0.066932 -0.041063
    58 0.000000 -1.245117 0.000002 -0.584642 0.000000 0.000000
    59 0.000000 -0.768066 0.000000 -0.523598 0.000000 0.000000
    60 -0.067138 0.063251 -0.010961 -0.899214 -0.014515 -1.600326
    61 -0.151180 -0.007395 -0.070065 -0.913061 -0.118819 -1.408558
    62 -0.178164 -0.244680 -0.357067 -1.159916 -0.384260 -1.556110
    63 -0.385254 -0.459229 0.383789 -0.318041 -0.539808 -2.424595
    64 2.472656 0.024414 0.000002 0.000000 0.000000 0.549751
    65 1.227539 0.003979 -0.000002 0.000000 0.000000 0.593370
    66 -0.263409 -0.117640 -0.015659 0.000036 -0.082210 -0.026800
    67 0.007707 -0.334360 -0.191575 0.070788 -0.181563 0.282364
    68 0.225562 -0.567923 -0.420715 0.119895 -0.183798 0.223460
    69 -0.203683 -0.095654 -0.328305 -1.745077 0.075142 -1.515382
    70 -1.393460 8.839182 -0.239439 1.580804 -0.005024 -1.566848
    71 0.036020 0.082815 -0.692656 -1.570769 0.065989 0.001276
    72 -0.088586 0.054020 -0.088594 0.010231 0.033800 -1.560851
    73 0.120153 -0.050270 -0.054489 -2.854024 0.030688 -1.580508
    74 -0.139399 -0.111694 0.014400 0.285395 -0.031353 1.580313
    75 -0.003479 -0.404833 0.000000 0.000000 0.000000 0.000000
    76 -0.313605 -4.593753 0.947859 -1.186387 1.434476 -1.173741
    77 0.000000 3.367188 0.863281 0.000000 0.000000 0.000000
    78 0.000922 -1.098811 1.959949 -0.022355 0.000000 0.000000
    79 0.000922 -1.504204 2.527314 0.000000 0.000000 0.000000
    80 0.001149 -8.921875 2.623047 0.000000 0.000000 0.000000
    81 -0.003576 -2.246094 1.304688 0.000000 0.000000 0.000000
    82 0.000922 -4.262904 1.683050 0.435605 0.000000 0.000000
  time 6
    0 1.629157 0.000000 0.541027 0.000000 0.000000 -1.570796
    1 -0.057370 6.449602 -8.931397 5.503636 -1.327708 -4.128805
    2 -0.005512 -10.701926 -0.002571 0.364086 -0.191514 -0.192221
    3 -0.653320 -3.630859 -0.348633 -1.003534 -0.000001 -0.122159
    4 -0.013245 -1.508789 -0.000001 -1.090796 0.000000 0.000000
    5 0.000000 -0.953613 -0.000002 -1.223438 0.000000 0.000000
    6 0.007988 0.172184 -0.118553 -1.598091 -0.216549 -1.570593
    7 0.080660 0.135929 -0.203919 -1.506824 -0.066185 -1.662786
    8 0.117288 -0.155554 -0.604544 -1.412988 -0.374558 -1.569222
    9 0.128052 -3.763672 -0.348633 -0.890091 0.000000 -0.148347
    10 -0.006790 -1.567259 0.006726 -1.212969 0.000000 -0.000003
    11 0.000000 -1.165039 0.000000 -1.279286 0.000000 0.000000
    12 -0.018589 0.129953 -0.123721 -1.294580 0.001302 -1.635383
    13 -0.006160 0.170065 -0.110169 -1.280084 -0.068681 -1.597215
    14 0.047100 -0.104074 -0.352264 -1.243368 -0.257298 -1.694346
    15 0.949219 -3.619141 -0.348633 -0.349063 0.000002 0.130893
    16 -0.017794 -1.596358 -0.007350 -0.733586 0.000000 0.000000
    17 -0.002829 -0.941812 0.007065 -1.037096 0.000000 -0.000001
    18 -0.022325 0.045424 -0.038284 -1.125544 -0.129230 -1.681412
    19 -0.042900 -0.061274 -0.071212 -1.124462 -0.060454 -1.586099
    20 0.063741 -0.109104 -0.248158 -1.142813 -0.125805 -1.693583
    21 -1.408203 -3.248047 -0.348633 -0.788776 0.052706 -0.017693
    22 0.013451 -1.204102 0.000002 -0.931992 0.000000 0.000000
    23 -0.013000 -0.789551 0.000000 -1.061140 0.000000 0.000000
    24 -0.011721 0.093267 0.017949 -1.687855 -0.079155 -1.575164
    25 0.048863 -0.085541 0.028626 -1.715605 -0.034569 -1.653190
    26 0.173918 -0.198416 -0.336163 -1.668104 -0.422317 -1.710956
    27 0.438721 -0.485596 0.397461 0.505392 -0.466269 -1.212439
    28 2.355469 0.016098 0.000000 -0.304947 -0.017307 -0.456356
    29 1.251953 -0.000339 0.000000 0.000000 0.000000 -0.572457
    30 -0.267709 0.037512 -0.093907 2.913812 -0.143386 0.078467
    31 -0.029266 0.205408 -0.329287 2.788574 -0.255486 -0.188917
    32 0.204373 0.521055 -0.268577 2.886669 0.042206 -0.230367
    33 0.195697 -0.010059 -0.293538 -1.333586 0.150863 -1.672749
    34 1.257181 8.762590 -0.153713 -1.570562 0.002683 -1.566808
    35 -0.093500 -0.114213 -0.738866 -1.570842 0.061811 0.002096
    36 0.010843 0.093624 -0.081439 -3.141462 0.041719 -1.568236
    37 3.823106 -3.223385 -14.458756 -0.431657 -0.033535 2.192679
    38 0.104748 -10.673144 -0.005453 0.375184 -0.170385 0.463534
    39 0.555176 -3.650391 -0.346924 -1.081529 -0.046222 -0.024593
    40 0.026276 -1.509766 -0.000001 -0.427597 0.000000 0.000000
    41 0.013245 -0.927246 -0.000001 -0.453783 0.000000 0.000000
    42 0.006928 0.005329 -0.181358 -1.528500 -0.248579 -1.611362
    43 -0.052313 0.038589 -0.230757 -1.592493 -0.043415 -1.528515
    44 -0.232600 -0.209656 -0.420669 -1.713790 -0.167173 -1.438930
    45 -0.213013 -3.744141 -0.346924 -0.820268 0.000000 0.000000
    46 0.013237 -1.576172 -0.000002 -0.584630 0.000000 0.000000
    47 -0.000002 -1.178711 0.000000 -0.532321 0.000000 0.000000
    48 -0.038065 0.069166 -0.159883 -1.816986 0.066178 -1.575392
    49 -0.025151 0.088762 -0.068837 -1.817843 0.044510 -1.568287
    50 -0.102916 -0.186983 -0.272246 -1.833683 -0.232962 -1.472375
    51 -1.034180 -3.582031 -0.346680 -0.942461 0.000000 0.000000
    52 0.000000 -1.616211 0.000002 -0.287943 0.000000 0.000000
    53 -0.000001 -0.940430 -0.000001 -0.445049 0.000000 0.000000
    54 -0.004241 0.043707 -0.080203 -2.014997 -0.186996 -1.460723
    55 0.015383 -0.089136 -0.030010 -2.006083 0.036346 -1.568629
    56 -0.022610 -0.212357 -0.177905 -1.933161 -0.118801 -1.518895
    57 1.309013 -3.227548 -0.342207 -1.019595 -0.066932 -0.041063
    58 0.000000 -1.245117 0.000002 -0.584642 0.000000 0.000000
    59 0.000000 -0.768066 0.000000 -0.523598 0.000000 0.000000
    60 -0.067138 0.063251 -0.010961 -0.899214 -0.014515 -1.600326
    61 -0.151180 -0.007395 -0.070065 -0.913061 -0.118819 -1.408558
    62 -0.178164 -0.244680 -0.357067 -1.159916 -0.384260 -1.556110
    63 -0.385254 -0.459229 0.383789 -0.318041 -0.539808 -2.424595
    64 2.472656 0.024414 0.000002 0.000000 0.000000 0.549751
    65 1.227539 0.003979 -0.000002 0.000000 0.000000 0.593370
    66 -0.263409 -0.117640 -0.015659 0.000036 -0.082210 -0.026800
    67 0.007707 -0.334360 -0.191575 0.070788 -0.181563 0.282364
    68 0.225562 -0.567923 -0.420715 0.119895 -0.183798 0.223460
    69 -0.203683 -0.095654 -0.328305 -1.745077 0.075142 -1.515382
    70 -1.393460 8.839182 -0.239439 1.580804 -0.005024 -1.566848
    71 0.036020 0.082815 -0.692656 -1.570769 0.065989 0.001276
    72 -0.088586 0.054020 -0.088594 0.010231 0.033800 -1.560851
    73 0.120153 -0.050270 -0.054489 -2.854024 0.030688 -1.580508
    74 -0.139399 -0.111694 0.014400 0.285395 -0.031353 1.580313
    75 -0.003479 -0.404833 0.000000 0.000000 0.000000 0.000000
    76 -0.309699 -4.593753 0.951765 -1.186387 1.434476 -1.173741
    77 0.000000 3.367188 0.863281 0.000000 0.000000 0.000000
    78 0.000922 -1.098811 1.956042 -0.041219 0.000000 0.000000
    79 0.000922 -1.504204 2.527314 0.000000 0.000000 0.000000
    80 0.001149 -8.921875 2.623047 0.000000 0.000000 0.000000
    81 -0.003576 -2.246094 1.304688 0.000000 0.000000 0.000000
    82 0.000922 -4.262904 1.683050 0.403138 0.000000 0.000000
  time 7
    0 1.629157 0.000000 0.541027 0.000000 0.000000 -1.570796
    1 0.036383 6.363662 -8.931397 5.508459 -1.327472 -4.129075
    2 -0.005512 -10.701926 -0.002571 0.349875 -0.180412 -0.187410
    3 -0.653320 -3.630859 -0.348633 -1.003534 -0.000001 -0.122159
    4 -0.013245 -1.508789 -0.000001 -1.090796 0.000000 0.000000
    5 0.000000 -0.953613 -0.000002 -1.223438 0.000000 0.000000
    6 0.007988 0.172184 -0.118553 -1.598091 -0.216549 -1.570593
    7 0.080660 0.135929 -0.203919 -1.506824 -0.066185 -1.662786
    8 0.117288 -0.155554 -0.604544 -1.412988 -0.374558 -1.569222
    9 0.128052 -3.763672 -0.348633 -0.890091 0.000000 -0.148347
    10 -0.002884 -1.567259 0.002820 -1.212969 0.000000 0.000009
    11 0.000000 -1.165039 0.000000 -1.279286 0.000000 0.000000
    12 -0.018589 0.129953 -0.123721 -1.294580 0.001302 -1.635383
    13 -0.006160 0.170065 -0.110169 -1.280084 -0.068681 -1.597215
    14 0.047100 -0.104074 -0.352264 -1.243368 -0.257298 -1.694346
    15 0.949219 -3.619141 -0.348633 -0.349063 0.000002 0.130893
    16 -0.021700 -1.596358 -0.003443 -0.641906 0.000000 0.000000
    17 -0.006735 -0.941812 0.007065 -0.957951 0.000000 -0.000001
    18 -0.022325 0.045424 -0.038284 -1.125544 -0.129230 -1.681412
    19 -0.042900 -0.061274 -0.071212 -1.124462 -0.060454 -1.586099
    20 0.063741 -0.109104 -0.248158 -1.142813 -0.125805 -1.693583
    21 -1.408203 -3.248047 -0.348633 -0.788776 0.052706 -0.017693
    22 0.013451 -1.204102 0.000002 -0.931992 0.000000 0.000000
    23 -0.013000 -0.789551 0.000000 -1.061140 0.000000 0.000000
    24 -0.011721 0.093267 0.017949 -1.687855 -0.079155 -1.575164
    25 0.048863 -0.085541 0.028626 -1.715605 -0.034569 -1.653190
    26 0.173918 -0.198416 -0.336163 -1.668104 -0.422317 -1.710956
    27 0.438721 -0.485596 0.397461 0.505392 -0.466269 -1.212439
    28 2.355469 0.016098 0.000000 -0.304947 -0.017307 -0.456356
    29 1.251953 -0.000339 0.000000 0.000000 0.000000 -0.572457
    30 -0.267709 0.037512 -0.093907 2.913812 -0.143386 0.078467
    31 -0.029266 0.205408 -0.329287 2.788574 -0.255486 -0.188917
    32 0.204373 0.521055 -0.268577 2.886669 0.042206 -0.230367
    33 0.195697 -0.010059 -0.293538 -1.333586 0.150863 -1.672749
    34 1.257181 8.762590 -0.153713 -1.570562 0.002683 -1.566808
    35 -0.093500 -0.114213 -0.738866 -1.570842 0.061811 0.002096
    36 0.010843 0.093624 -0.081439 -3.141462 0.041719 -1.568236
    37 3.729353 -3.301512 -14.341565 -0.407240 -0.045546 2.198413
    38 0.104748 -10.673144 -0.005453 0.402729 -0.195583 0.450898
    39 0.555176 -3.650391 -0.346924 -1.081529 -0.046222 -0.024593
    40 0.026276 -1.509766 -0.000001 -0.427597 0.000000 0.000000
    41 0.013245 -0.927246 -0.000001 -0.453783 0.000000 0.000000
    42 0.006928 0.005329 -0.181358 -1.528500 -0.248579 -1.611362
    43 -0.052313 0.038589 -0.230757 -1.592493 -0.043415 -1.528515
    44 -0.232600 -0.209656 -0.420669 -1.713790 -0.167173 -1.438930
    45 -0.213013 -3.744141 -0.346924 -0.820268 0.000000 0.000000
    46 0.013237 -1.576172 -0.000002 -0.584630 0.000000 0.000000
    47 -0.000002 -1.178711 0.000000 -0.532321 0.000000 0.000000
    48 -0.038065 0.069166 -0.159883 -1.816986 0.066178 -1.575392
    49 -0.025151 0.088762 -0.068837 -1.817843 0.044510 -1.568287
    50 -0.102916 -0.186983 -0.272246 -1.833683 -0.232962 -1.472375
    51 -1.034180 -3.582031 -0.346680 -0.942461 0.000000 0.000000
    52 0.000000 -1.616211 0.000002 -0.287943 0.000000 0.000000
    53 -0.000001 -0.940430 -0.000001 -0.445049 0.000000 0.000000
    54 -0.004241 0.043707 -0.080203 -2.014997 -0.186996 -1.460723
    55 0.015383 -0.089136 -0.030010 -2.006083 0.036346 -1.568629
    56 -0.022610 -0.212357 -0.177905 -1.933161 -0.118801 -1.518895
    57 1.309013 -3.227548 -0.342207 -1.019595 -0.066932 -0.041063
    58 0.000000 -1.245117 0.000002 -0.584642 0.000000 0.000000
    59 0.000000 -0.768066 0.000000 -0.523598 0.000000 0.000000
    60 -0.067138 0.063251 -0.010961 -0.899214 -0.014515 -1.600326
    61 -0.151180 -0.007395 -0.070065 -0.913061 -0.118819 -1.408558
    62 -0.178164 -0.244680 -0.357067 -1.159916 -0.384260 -1.556110
    63 -0.385254 -0.459229 0.383789 -0.318041 -0.539808 -2.424595
    64 2.472656 0.024414 0.000002 0.000000 0.000000 0.549751
    65 1.227539 0.003979 -0.000002 0.000000 0.000000 0.593370
    66 -0.263409 -0.117640 -0.015659 0.000036 -0.082210 -0.026800
    67 0.007707 -0.334360 -0.191575 0.070788 -0.181563 0.282364
    68 0.225562 -0.567923 -0.420715 0.119895 -0.183798 0.223460
    69 -0.203683 -0.095654 -0.328305 -1.745077 0.075142 -1.515382
    70 -1.393460 8.839182 -0.239439 1.580804 -0.005024 -1.566848
    71 0.036020 0.082815 -0.692656 -1.570769 0.065989 0.001276
    72 -0.088586 0.054020 -0.088594 0.010231 0.033800 -1.560851
    73 0.120153 -0.050270 -0.054489 -2.854024 0.030688 -1.580508
    74 -0.139399 -0.111694 0.014400 0.285395 -0.031353 1.580313
    75 -0.003479 -0.404833 0.000000 0.000000 0.000000 0.000000
    76 -0.313605 -4.593753 0.951765 -1.186387 1.434476 -1.173741
    77 0.000000 3.367188 0.863281 0.000000 0.000000 0.000000
    78 0.000922 -1.098811 1.956042 -0.056786 0.000000 0.000000
    79 0.000922 -1.504204 2.527314 0.000000 0.000000 0.000000
    80 0.001149 -8.921875 2.623047 0.000000 0.000000 0.000000
    81 -0.003576 -2.246094 1.304688 0.000000 0.000000 0.000000
    82 0.000922 -4.262904 1.683050 0.340435 0.000000 0.000000
  time 8
    0 1.629157 0.000000 0.541027 0.000000 0.000000 -1.570796
    1 0.055915 6.379287 -8.915771 5.499170 -1.324407 -4.118098
    2 -0.005512 -10.701926 -0.002571 0.332877 -0.164002 -0.167198
    3 -0.653320 -3.630859 -0.348633 -1.003534 -0.000001 -0.122159
    4 -0.013245 -1.508789 -0.000001 -1.090796 0.000000 0.000000
    5 0.000000 -0.953613 -0.000002 -1.223438 0.000000 0.000000
    6 0.007988 0.172184 -0.118553 -1.598091 -0.216549 -1.570593
    7 0.080660 0.135929 -0.203919 -1.506824 -0.066185 -1.662786
    8 0.117288 -0.155554 -0.604544 -1.412988 -0.374558 -1.569222
    9 0.128052 -3.763672 -0.348633 -0.890091 0.000000 -0.148347
    10 -0.006790 -1.567259 0.006726 -1.212969 0.000000 -0.000003
    11 0.000000 -1.165039 0.000000 -1.279286 0.000000 0.000000
    12 -0.018589 0.129953 -0.123721 -1.294580 0.001302 -1.635383
    13 -0.006160 0.170065 -0.110169 -1.280084 -0.068681 -1.597215
    14 0.047100 -0.104074 -0.352264 -1.243368 -0.257298 -1.694346
    15 0.949219 -3.619141 -0.348633 -0.349063 0.000002 0.130893
    16 -0.021700 -1.596358 -0.003443 -0.539663 0.000000 0.000000
    17 -0.006735 -0.941812 0.007065 -0.868226 0.000000 -0.000001
    18 -0.022325 0.045424 -0.038284 -1.125544 -0.129230 -1.681412
    19 -0.042900 -0.061274 -0.071212 -1.124462 -0.060454 -1.586099
    20 0.063741 -0.109104 -0.248158 -1.142813 -0.125805 -1.693583
    21 -1.408203 -3.248047 -0.348633 -0.788776 0.052706 -0.017693
    22 0.013451 -1.204102 0.000002 -0.931992 0.000000 0.000000
    23 -0.013000 -0.789551 0.000000 -1.061140 0.000000 0.000000
    24 -0.011721 0.093267 0.017949 -1.687855 -0.079155 -1.575164
    25 0.048863 -0.085541 0.028626 -1.715605 -0.034569 -1.653190
    26 0.173918 -0.198416 -0.336163 -1.668104 -0.422317 -1.710956
    27 0.438721 -0.485596 0.397461 0.505392 -0.466269 -1.212439
    28 2.355469 0.016098 0.000000 -0.304947 -0.017307 -0.456356
    29 1.251953 -0.000339 0.000000 0.000000 0.000000 -0.572457
    30 -0.267709 0.037512 -0.093907 2.913812 -0.143386 0.078467
    31 -0.029266 0.205408 -0.329287 2.788574 -0.255486 -0.188917
    32 0.204373 0.521055 -0.268577 2.886669 0.042206 -0.230367
    33 0.195697 -0.010059 -0.293538 -1.333586 0.150863 -1.672749
    34 1.257181 8.762590 -0.153713 -1.570562 0.002683 -1.566808
    35 -0.093500 -0.114213 -0.738866 -1.570842 0.061811 0.002096
    36 0.010843 0.093624 -0.081439 -3.141462 0.041719 -1.568236
    37 3.725447 -3.274168 -14.216561 -0.406764 -0.055594 2.202905
    38 0.104748 -10.673144 -0.005453 0.409696 -0.197781 0.448708
    39 0.555176 -3.650391 -0.346924 -1.081529 -0.046222 -0.024593
    40 0.026276 -1.509766 -0.000001 -0.427597 0.000000 0.000000
    41 0.013245 -0.927246 -0.000001 -0.453783 0.000000 0.000000
    42 0.006928 0.005329 -0.181358 -1.528500 -0.248579 -1.611362
    43 -0.052313 0.038589 -0.230757 -1.592493 -0.043415 -1.528515
    44 -0.232600 -0.209656 -0.420669 -1.713790 -0.167173 -1.438930
    45 -0.213013 -3.744141 -0.346924 -0.820268 0.000000 0.000000
    46 0.013237 -1.576172 -0.000002 -0.584630 0.000000 0.000000
    47 -0.000002 -1.178711 0.000000 -0.532321 0.000000 0.000000
    48 -0.038065 0.069166 -0.159883 -1.816986 0.066178 -1.575392
    49 -0.025151 0.088762 -0.068837 -1.817843 0.044510 -1.568287
    50 -0.102916 -0.186983 -0.272246 -1.833683 -0.232962 -1.472375
    51 -1.034180 -3.582031 -0.346680 -0.942461 0.000000 0.000000
    52 0.000000 -1.616211 0.000002 -0.287943 0.000000 0.000000
    53 -0.000001 -0.940430 -0.000001 -0.445049 0.000000 0.000000
    54 -0.004241 0.043707 -0.080203 -2.014997 -0.186996 -1.460723
    55 0.015383 -0.089136 -0.030010 -2.006083 0.036346 -1.568629
    56 -0.022610 -0.212357 -0.177905 -1.933161 -0.118801 -1.518895
    57 1.305107 -3.227548 -0.342207 -1.019595 -0.066932 -0.041063
    58 0.000000 -1.245117 0.000002 -0.584642 0.000000 0.000000
    59 0.000000 -0.768066 0.000000 -0.523598 0.000000 0.000000
    60 -0.067138 0.063251 -0.010961 -0.899214 -0.014515 -1.600326
    61 -0.151180 -0.007395 -0.070065 -0.913061 -0.118819 -1.408558
    62 -0.178164 -0.244680 -0.357067 -1.159916 -0.384260 -1.556110
    63 -0.385254 -0.459229 0.383789 -0.318041 -0.539808 -2.424595
    64 2.472656 0.024414 0.000002 0.000000 0.000000 0.549751
    65 1.227539 0.003979 -0.000002 0.000000 0.000000 0.593370
    66 -0.263409 -0.117640 -0.015659 0.000036 -0.082210 -0.026800
    67 0.007707 -0.334360 -0.191575 0.070788 -0.181563 0.282364
    68 0.225562 -0.567923 -0.420715 0.119895 -0.183798 0.223460
    69 -0.203683 -0.095654 -0.328305 -1.745077 0.075142 -1.515382
    70 -1.393460 8.839182 -0.239439 1.580804 -0.005024 -1.566848
    71 0.036020 0.082815 -0.692656 -1.570769 0.065989 0.001276
    72 -0.088586 0.054020 -0.088594 0.010231 0.033800 -1.560851
    73 0.120153 -0.050270 -0.054489 -2.854024 0.030688 -1.580508
    74 -0.139399 -0.111694 0.014400 0.285395 -0.031353 1.580313
    75 -0.003479 -0.404833 0.000000 0.000000 0.000000 0.000000
    76 -0.313605 -4.593753 0.947859 -1.186387 1.434476 -1.173741
    77 0.000000 3.367188 0.863281 0.000000 0.000000 0.000000
    78 0.000922 -1.098811 1.959949 -0.069248 0.000000 0.000000
    79 0.000922 -1.504204 2.527314 0.000000 0.000000 0.000000
    80 0.001149 -8.921875 2.623047 0.000000 0.000000 0.000000
    81 -0.003576 -2.246094 1.304688 0.000000 0.000000 0.000000
    82 0.000922 -4.266811 1.683050 0.242921 0.000000 0.000000
  time 9
    0 1.629157 0.000000 0.541027 0.000000 0.000000 -1.570796
    1 0.020757 6.461321 -8.880614 5.482020 -1.319784 -4.101093
    2 -0.005512 -10.701926 -0.002571 0.316681 -0.145838 -0.140885
    3 -0.653320 -3.630859 -0.348633 -1.003534 -0.000001 -0.122159
    4 -0.013245 -1.508789 -0.000001 -1.090796 0.000000 0.000000
    5 0.000000 -0.953613 -0.000002 -1.223438 0.000000 0.000000
    6 0.007988 0.172184 -0.118553 -1.598091 -0.216549 -1.570593
    7 0.080660 0.135929 -0.203919 -1.506824 -0.066185 -1.662786
    8 0.117288 -0.155554 -0.604544 -1.412988 -0.374558 -1.569222
    9 0.128052 -3.763672 -0.348633 -0.890091 0.000000 -0.148347
    10 -0.006790 -1.563353 0.002820 -1.212969 0.000000 0.000009
    11 0.000000 -1.165039 0.000000 -1.279286 0.000000 0.000000
    12 -0.018589 0.129953 -0.123721 -1.294580 0.001302 -1.635383
    13 -0.006160 0.170065 -0.110169 -1.280084 -0.068681 -1.597215
    14 0.047100 -0.104074 -0.352264 -1.243368 -0.257298 -1.694346
    15 0.949219 -3.619141 -0.348633 -0.349063 0.000002 0.130893
    16 -0.017794 -1.596358 -0.003443 -0.442137 0.000000 0.000000
    17 -0.002829 -0.941812 0.007065 -0.777333 0.000000 -0.000001
    18 -0.022325 0.045424 -0.038284 -1.125544 -0.129230 -1.681412
    19 -0.042900 -0.061274 -0.071212 -1.124462 -0.060454 -1.586099
    20 0.063741 -0.109104 -0.248158 -1.142813 -0.125805 -1.693583
    21 -1.408203 -3.248047 -0.348633 -0.788776 0.052706 -0.017693
    22 0.013451 -1.204102 0.000002 -0.931992 0.000000 0.000000
    23 -0.013000 -0.789551 0.000000 -1.061140 0.000000 0.000000
    24 -0.011721 0.093267 0.017949 -1.687855 -0.079155 -1.575164
    25 0.048863 -0.085541 0.028626 -1.715605 -0.034569 -1.653190
    26 0.173918 -0.198416 -0.336163 -1.668104 -0.422317 -1.710956
    27 0.438721 -0.485596 0.397461 0.505392 -0.466269 -1.212439
    28 2.355469 0.016098 0.000000 -0.304947 -0.017307 -0.456356
    29 1.251953 -0.000339 0.000000 0.000000 0.000000 -0.572457
    30 -0.267709 0.037512 -0.093907 2.913812 -0.143386 0.078467
    31 -0.029266 0.205408 -0.329287 2.788574 -0.255486 -0.188917
    32 0.204373 0.521055 -0.268577 2.886669 0.042206 -0.230367
    33 0.195697 -0.010059 -0.293538 -1.333586 0.150863 -1.672749
    34 1.257181 8.762590 -0.153713 -1.570562 0.002683 -1.566808
    35 -0.093500 -0.114213 -0.738866 -1.570842 0.061811 0.002096
    36 0.010843 0.093624 -0.081439 -3.141462 0.041719 -1.568236
    37 3.768417 -3.184321 -14.103276 -0.416873 -0.064941 2.206823
    38 0.108654 -10.673144 -0.005453 0.408324 -0.192431 0.450112
    39 0.555176 -3.650391 -0.346924 -1.081529 -0.046222 -0.024593
    40 0.026276 -1.509766 -0.000001 -0.427597 0.000000 0.000000
    41 0.013245 -0.927246 -0.000001 -0.453783 0.000000 0.000000
    42 0.006928 0.005329 -0.181358 -1.528500 -0.248579 -1.611362
    43 -0.052313 0.038589 -0.230757 -1.592493 -0.043415 -1.528515
    44 -0.232600 -0.209656 -0.420669 -1.713790 -0.167173 -1.438930
    45 -0.213013 -3.744141 -0.346924 -0.820268 0.000000 0.000000
    46 0.013237 -1.576172 -0.000002 -0.584630 0.000000 0.000000
    47 -0.000002 -1.178711 0.000000 -0.532321 0.000000 0.000000
    48 -0.038065 0.069166 -0.159883 -1.816986 0.066178 -1.575392
    49 -0.025151 0.088762 -0.068837 -1.817843 0.044510 -1.568287
    50 -0.102916 -0.186983 -0.272246 -1.833683 -0.232962 -1.472375
    51 -1.034180 -3.582031 -0.346680 -0.942461 0.000000 0.000000
    52 0.000000 -1.616211 0.000002 -0.287943 0.000000 0.000000
    53 -0.000001 -0.940430 -0.000001 -0.445049 0.000000 0.000000
    54 -0.004241 0.043707 -0.080203 -2.014997 -0.186996 -1.460723
    55 0.015383 -0.089136 -0.030010 -2.006083 0.036346 -1.568629
    56 -0.022610 -0.212357 -0.177905 -1.933161 -0.118801 -1.518895
    57 1.309013 -3.227548 -0.342207 -1.019595 -0.066932 -0.041063
    58 0.000000 -1.245117 0.000002 -0.584642 0.000000 0.000000
    59 0.000000 -0.768066 0.000000 -0.523598 0.000000 0.000000
    60 -0.067138 0.063251 -0.010961 -0.899214 -0.014515 -1.600326
    61 -0.151180 -0.007395 -0.070065 -0.913061 -0.118819 -1.408558
    62 -0.178164 -0.244680 -0.357067 -1.159916 -0.384260 -1.556110
    63 -0.385254 -0.459229 0.383789 -0.318041 -0.539808 -2.424595
    64 2.472656 0.024414 0.000002 0.000000 0.000000 0.549751
    65 1.227539 0.003979 -0.000002 0.000000 0.000000 0.593370
    66 -0.263409 -0.117640 -0.015659 0.000036 -0.082210 -0.026800
    67 0.007707 -0.334360 -0.191575 0.070788 -0.181563 0.282364
    68 0.225562 -0.567923 -0.420715 0.119895 -0.183798 0.223460
    69 -0.203683 -0.095654 -0.328305 -1.745077 0.075142 -1.515382
    70 -1.393460 8.839182 -0.239439 1.580804 -0.005024 -1.566848
    71 0.036020 0.082815 -0.692656 -1.570769 0.065989 0.001276
    72 -0.088586 0.054020 -0.088594 0.010231 0.033800 -1.560851
    73 0.120153 -0.050270 -0.054489 -2.854024 0.030688 -1.580508
    74 -0.139399 -0.111694 0.014400 0.285395 -0.031353 1.580313
    75 -0.003479 -0.404833 0.000000 0.000000 0.000000 0.000000
    76 -0.313605 -4.593753 0.947859 -1.186387 1.434476 -1.173741
    77 0.000000 3.367188 0.863281 0.000000 0.000000 0.000000
    78 0.000922 -1.098811 1.959949 -0.078905 0.000000 0.000000
    79 0.000922 -1.504204 2.527314 0.000000 0.000000 0.000000
    80 0.001149 -8.921875 2.623047 0.000000 0.000000 0.000000
    81 -0.003576 -2.246094 1.304688 0.000000 0.000000 0.000000
    82 0.000922 -4.262904 1.683050 0.136400 0.000000 0.000000
  time 10
    0 1.629157 0.000000 0.541027 0.000000 0.000000 -1.570796
    1 -0.026119 6.566793 -8.837644 5.462815 -1.314644 -4.083099
    2 -0.005512 -10.701926 -0.006478 0.304281 -0.129728 -0.117518
    3 -0.653320 -3.630859 -0.348633 -1.003534 -0.000001 -0.122159
    4 -0.013245 -1.508789 -0.000001 -1.090796 0.000000 0.000000
    5 0.000000 -0.953613 -0.000002 -1.223438 0.000000 0.000000
    6 0.007988 0.172184 -0.118553 -1.598091 -0.216549 -1.570593
    7 0.080660 0.135929 -0.203919 -1.506824 -0.066185 -1.662786
    8 0.117288 -0.155554 -0.604544 -1.412988 -0.374558 -1.569222
    9 0.128052 -3.763672 -0.348633 -0.890091 0.000000 -0.148347
    10 -0.006790 -1.563353 0.006726 -1.212969 0.000000 0.000009
    11 0.000000 -1.165039 0.000000 -1.279286 0.000000 0.000000
    12 -0.018589 0.129953 -0.123721 -1.294580 0.001302 -1.635383
    13 -0.006160 0.170065 -0.110169 -1.280084 -0.068681 -1.597215
    14 0.047100 -0.104074 -0.352264 -1.243368 -0.257298 -1.694346
    15 0.949219 -3.619141 -0.348633 -0.349063 0.000002 0.130893
    16 -0.017794 -1.596358 -0.003443 -0.364737 0.000000 0.000000
    17 -0.002829 -0.937906 0.007065 -0.694856 0.000000 -0.000001
    18 -0.022325 0.045424 -0.038284 -1.125544 -0.129230 -1.681412
    19 -0.042900 -0.061274 -0.071212 -1.124462 -0.060454 -1.586099
    20 0.063741 -0.109104 -0.248158 -1.142813 -0.125805 -1.693583
    21 -1.408203 -3.248047 -0.348633 -0.788776 0.052706 -0.017693
    22 0.013451 -1.204102 0.000002 -0.931992 0.000000 0.000000
    23 -0.013000 -0.789551 0.000000 -1.061140 0.000000 0.000000
    24 -0.011721 0.093267 0.017949 -1.687855 -0.079155 -1.575164
    25 0.048863 -0.085541 0.028626 -1.715605 -0.034569 -1.653190
    26 0.173918 -0.198416 -0.336163 -1.668104 -0.422317 -1.710956
    27 0.438721 -0.485596 0.397461 0.505392 -0.466269 -1.212439
    28 2.355469 0.016098 0.000000 -0.304947 -0.017307 -0.456356
    29 1.251953 -0.000339 0.000000 0.000000 0.000000 -0.572457
    30 -0.267709 0.037512 -0.093907 2.913812 -0.143386 0.078467
    31 -0.029266 0.205408 -0.329287 2.788574 -0.255486 -0.188917
    32 0.204373 0.521055 -0.268577 2.886669 0.042206 -0.230367
    33 0.195697 -0.010059 -0.293538 -1.333586 0.150863 -1.672749
    34 1.257181 8.762590 -0.153713 -1.570562 0.002683 -1.566808
    35 -0.093500 -0.114213 -0.738866 -1.570842 0.061811 0.002096
    36 0.010843 0.093624 -0.081439 -3.141462 0.041719 -1.568236
    37 3.862170 -3.078849 -14.044681 -0.430035 -0.074475 2.211028
    38 0.104748 -10.673144 -0.005453 0.400469 -0.182289 0.453875
    39 0.555176 -3.650391 -0.346924 -1.081529 -0.046222 -0.024593
    40 0.026276 -1.509766 -0.000001 -0.427597 0.000000 0.000000
    41 0.013245 -0.927246 -0.000001 -0.453783 0.000000 0.000000
    42 0.006928 0.005329 -0.181358 -1.528500 -0.248579 -1.611362
    43 -0.052313 0.038589 -0.230757 -1.592493 -0.043415 -1.528515
    44 -0.232600 -0.209656 -0.420669 -1.713790 -0.167173 -1.438930
    45 -0.213013 -3.744141 -0.346924 -0.820268 0.000000 0.000000
    46 0.013237 -1.576172 -0.000002 -0.584630 0.000000 0.000000
    47 -0.000002 -1.178711 0.000000 -0.532321 0.000000 0.000000
    48 -0.038065 0.069166 -0.159883 -1.816986 0.066178 -1.575392
    49 -0.025151 0.088762 -0.068837 -1.817843 0.044510 -1.568287
    50 -0.102916 -0.186983 -0.272246 -1.833683 -0.232962 -1.472375
    51 -1.034180 -3.582031 -0.346680 -0.942461 0.000000 0.000000
    52 0.000000 -1.616211 0.000002 -0.287943 0.000000 0.000000
    53 -0.000001 -0.940430 -0.000001 -0.445049 0.000000 0.000000
    54 -0.004241 0.043707 -0.080203 -2.014997 -0.186996 -1.460723
    55 0.015383 -0.089136 -0.030010 -2.006083 0.036346 -1.568629
    56 -0.022610 -0.212357 -0.177905 -1.933161 -0.118801 -1.518895
    57 1.305107 -3.227548 -0.342207 -1.019595 -0.066932 -0.041063
    58 0.000000 -1.245117 0.000002 -0.584642 0.000000 0.000000
    59 0.000000 -0.768066 0.000000 -0.523598 0.000000 0.000000
    60 -0.067138 0.063251 -0.010961 -0.899214 -0.014515 -1.600326
    61 -0.151180 -0.007395 -0.070065 -0.913061 -0.118819 -1.408558
    62 -0.178164 -0.244680 -0.357067 -1.159916 -0.384260 -1.556110
    63 -0.385254 -0.459229 0.383789 -0.318041 -0.539808 -2.424595
    64 2.472656 0.024414 0.000002 0.000000 0.000000 0.549751
    65 1.227539 0.003979 -0.000002 0.000000 0.000000 0.593370
    66 -0.263409 -0.117640 -0.015659 0.000036 -0.082210 -0.026800
    67 0.007707 -0.334360 -0.191575 0.070788 -0.181563 0.282364
    68 0.225562 -0.567923 -0.420715 0.119895 -0.183798 0.223460
    69 -0.203683 -0.095654 -0.328305 -1.745077 0.075142 -1.515382
    70 -1.393460 8.839182 -0.239439 1.580804 -0.005024 -1.566848
    71 0.036020 0.082815 -0.692656 -1.570769 0.065989 0.001276
    72 -0.088586 0.054020 -0.088594 0.010231 0.033800 -1.560851
    73 0.120153 -0.050270 -0.054489 -2.854024 0.030688 -1.580508
    74 -0.139399 -0.111694 0.014400 0.285395 -0.031353 1.580313
    75 -0.003479 -0.404833 0.000000 0.000000 0.000000 0.000000
    76 -0.313605 -4.593753 0.947859 -1.186387 1.434476 -1.173741
    77 0.000000 3.367188 0.863281 0.000000 0.000000 0.000000
    78 0.000922 -1.098811 1.959949 -0.085864 0.000000 0.000000
    79 0.000922 -1.504204 2.527314 0.000000 0.000000 0.000000
    80 0.001149 -8.921875 2.623047 0.000000 0.000000 0.000000
    81 -0.003576 -2.246094 1.304688 0.000000 0.000000 0.000000
    82 0.000922 -4.262904 1.683050 0.046806 0.000000 0.000000
  time 11
    0 1.629157 0.000000 0.541027 0.000000 0.000000 -1.570796
    1 -0.088621 6.660546 -8.802487 5.446559 -1.310163 -4.068343
    2 -0.001605 -10.701926 -0.002571 0.298220 -0.120011 -0.105893
    3 -0.653320 -3.630859 -0.348633 -1.003534 -0.000001 -0.122159
    4 -0.013245 -1.508789 -0.000001 -1.090796 0.000000 0.000000
    5 0.000000 -0.953613 -0.000002 -1.223438 0.000000 0.000000
    6 0.007988 0.172184 -0.118553 -1.598091 -0.216549 -1.570593
    7 0.080660 0.135929 -0.203919 -1.506824 -0.066185 -1.662786
    8 0.117288 -0.155554 -0.604544 -1.412988 -0.374558 -1.569222
    9 0.128052 -3.763672 -0.348633 -0.890091 0.000000 -0.148347
    10 -0.006790 -1.567259 0.002820 -1.212969 0.000000 -0.000003
    11 0.000000 -1.165039 0.000000 -1.279286 0.000000 0.000000
    12 -0.018589 0.129953 -0.123721 -1.294580 0.001302 -1.635383
    13 -0.006160 0.170065 -0.110169 -1.280084 -0.068681 -1.597215
    14 0.047100 -0.104074 -0.352264 -1.243368 -0.257298 -1.694346
    15 0.949219 -3.619141 -0.348633 -0.349063 0.000002 0.130893
    16 -0.017794 -1.596358 -0.007350 -0.322846 0.000000 0.000000
    17 -0.006735 -0.937906 0.007065 -0.630379 0.000000 -0.000001
    18 -0.022325 0.045424 -0.038284 -1.125544 -0.129230 -1.681412
    19 -0.042900 -0.061274 -0.071212 -1.124462 -0.060454 -1.586099
    20 0.063741 -0.109104 -0.248158 -1.142813 -0.125805 -1.693583
    21 -1.408203 -3.248047 -0.348633 -0.788776 0.052706 -0.017693
    22 0.013451 -1.204102 0.000002 -0.931992 0.000000 0.000000
    23 -0.013000 -0.789551 0.000000 -1.061140 0.000000 0.000000
    24 -0.011721 0.093267 0.017949 -1.687855 -0.079155 -1.575164
    25 0.048863 -0.085541 0.028626 -1.715605 -0.034569 -1.653190
    26 0.173918 -0.198416 -0.336163 -1.668104 -0.422317 -1.710956
    27 0.438721 -0.485596 0.397461 0.505392 -0.466269 -1.212439
    28 2.355469 0.016098 0.000000 -0.304947 -0.017307 -0.456356
    29 1.251953 -0.000339 0.000000 0.000000 0.000000 -0.572457
    30 -0.267709 0.037512 -0.093907 2.913812 -0.143386 0.078467
    31 -0.029266 0.205408 -0.329287 2.788574 -0.255486 -0.188917
    32 0.204373 0.521055 -0.268577 2.886669 0.042206 -0.230367
    33 0.195697 -0.010059 -0.293538 -1.333586 0.150863 -1.672749
    34 1.257181 8.762590 -0.153713 -1.570562 0.002683 -1.566808
    35 -0.093500 -0.114213 -0.738866 -1.570842 0.061811 0.002096
    36 0.010843 0.093624 -0.081439 -3.141462 0.041719 -1.568236
    37 3.948110 -2.981190 -14.044681 -0.445009 -0.083121 2.214755
    38 0.104748 -10.673144 -0.005453 0.388122 -0.170240 0.458592
    39 0.555176 -3.650391 -0.346924 -1.081529 -0.046222 -0.024593
    40 0.026276 -1.509766 -0.000001 -0.427597 0.000000 0.000000
    41 0.013245 -0.927246 -0.000001 -0.453783 0.000000 0.000000
    42 0.006928 0.005329 -0.181358 -1.528500 -0.248579 -1.611362
    43 -0.052313 0.038589 -0.230757 -1.592493 -0.043415 -1.528515
    44 -0.232600 -0.209656 -0.420669 -1.713790 -0.167173 -1.438930
    45 -0.213013 -3.744141 -0.346924 -0.820268 0.000000 0.000000
    46 0.013237 -1.576172 -0.000002 -0.584630 0.000000 0.000000
    47 -0.000002 -1.178711 0.000000 -0.532321 0.000000 0.000000
    48 -0.038065 0.069166 -0.159883 -1.816986 0.066178 -1.575392
    49 -0.025151 0.088762 -0.068837 -1.817843 0.044510 -1.568287
    50 -0.102916 -0.186983 -0.272246 -1.833683 -0.232962 -1.472375
    51 -1.034180 -3.582031 -0.346680 -0.942461 0.000000 0.000000
    52 0.000000 -1.616211 0.000002 -0.287943 0.000000 0.000000
    53 -0.000001 -0.940430 -0.000001 -0.445049 0.000000 0.000000
    54 -0.004241 0.043707 -0.080203 -2.014997 -0.186996 -1.460723
    55 0.015383 -0.089136 -0.030010 -2.006083 0.036346 -1.568629
    56 -0.022610 -0.212357 -0.177905 -1.933161 -0.118801 -1.518895
    57 1.305107 -3.227548 -0.342207 -1.019595 -0.066932 -0.041079
    58 0.000000 -1.245117 0.000002 -0.584642 0.000000 0.000000
    59 0.000000 -0.768066 0.000000 -0.523598 0.000000 0.000000
    60 -0.067138 0.063251 -0.010961 -0.899214 -0.014515 -1.600326
    61 -0.151180 -0.007395 -0.070065 -0.913061 -0.118819 -1.408558
    62 -0.178164 -0.244680 -0.357067 -1.159916 -0.384260 -1.556110
    63 -0.385254 -0.459229 0.383789 -0.318041 -0.539808 -2.424595
    64 2.472656 0.024414 0.000002 0.000000 0.000000 0.549751
    65 1.227539 0.003979 -0.000002 0.000000 0.000000 0.593370
    66 -0.263409 -0.117640 -0.015659 0.000036 -0.082210 -0.026800
    67 0.007707 -0.334360 -0.191575 0.070788 -0.181563 0.282364
    68 0.225562 -0.567923 -0.420715 0.119895 -0.183798 0.223460
    69 -0.203683 -0.095654 -0.328305 -1.745077 0.075142 -1.515382
    70 -1.393460 8.839182 -0.239439 1.580804 -0.005024 -1.566848
    71 0.036020 0.082815 -0.692656 -1.570769 0.065989 0.001276
    72 -0.088586 0.054020 -0.088594 0.010231 0.033800 -1.560851
    73 0.120153 -0.050270 -0.054489 -2.854024 0.030688 -1.580508
    74 -0.139399 -0.111694 0.014400 0.285395 -0.031353 1.580313
    75 -0.003479 -0.404833 0.000000 0.000000 0.000000 0.000000
    76 -0.309699 -4.593753 0.947859 -1.186387 1.434476 -1.173741
    77 0.000000 3.367188 0.863281 0.000000 0.000000 0.000000
    78 0.000922 -1.098811 1.959949 -0.090425 0.000000 0.000000
    79 0.000922 -1.504204 2.527314 0.000000 0.000000 0.000000
    80 0.001149 -8.921875 2.623047 0.000000 0.000000 0.000000
    81 -0.003576 -2.246094 1.304688 0.000000 0.000000 0.000000
    82 0.000922 -4.266811 1.683050 0.000000 0.000000 0.000000
  time 12
    0 1.629157 0.000000 0.541027 0.000000 0.000000 -1.570796
    1 -0.123778 6.719141 -8.779049 5.437894 -1.307852 -4.060875
    2 -0.005512 -10.701926 -0.002571 0.298847 -0.116779 -0.104811
    3 -0.653320 -3.630859 -0.348633 -1.003534 -0.000001 -0.122159
    4 -0.013245 -1.508789 -0.000001 -1.090796 0.000000 0.000000
    5 0.000000 -0.953613 -0.000002 -1.223438 0.000000 0.000000
    6 0.007988 0.172184 -0.118553 -1.598091 -0.216549 -1.570593
    7 0.080660 0.135929 -0.203919 -1.506824 -0.066185 -1.662786
    8 0.117288 -0.155554 -0.604544 -1.412988 -0.374558 -1.569222
    9 0.128052 -3.763672 -0.348633 -0.890091 0.000000 -0.148347
    10 -0.006790 -1.567259 0.006726 -1.212969 0.000000 0.000009
    11 0.000000 -1.165039 0.000000 -1.279286 0.000000 0.000000
    12 -0.018589 0.129953 -0.123721 -1.294580 0.001302 -1.635383
    13 -0.006160 0.170065 -0.110169 -1.280084 -0.068681 -1.597215
    14 0.047100 -0.104074 -0.352264 -1.243368 -0.257298 -1.694346
    15 0.949219 -3.619141 -0.348633 -0.349063 0.000002 0.130893
    16 -0.021700 -1.596358 -0.007350 -0.304643 0.000000 0.000000
    17 -0.006735 -0.941812 0.007065 -0.593383 0.000000 -0.000001
    18 -0.022325 0.045424 -0.038284 -1.125544 -0.129230 -1.681412
    19 -0.042900 -0.061274 -0.071212 -1.124462 -0.060454 -1.586099
    20 0.063741 -0.109104 -0.248158 -1.142813 -0.125805 -1.693583
    21 -1.408203 -3.248047 -0.348633 -0.788776 0.052706 -0.017693
    22 0.013451 -1.204102 0.000002 -0.931992 0.000000 0.000000
    23 -0.013000 -0.789551 0.000000 -1.061140 0.000000 0.000000
    24 -0.011721 0.093267 0.017949 -1.687855 -0.079155 -1.575164
    25 0.048863 -0.085541 0.028626 -1.715605 -0.034569 -1.653190
    26 0.173918 -0.198416 -0.336163 -1.668104 -0.422317 -1.710956
    27 0.438721 -0.485596 0.397461 0.505392 -0.466269 -1.212439
    28 2.355469 0.016098 0.000000 -0.304947 -0.017307 -0.456356
    29 1.251953 -0.000339 0.000000 0.000000 0.000000 -0.572457
    30 -0.267709 0.037512 -0.093907 2.913812 -0.143386 0.078467
    31 -0.029266 0.205408 -0.329287 2.788574 -0.255486 -0.188917
    32 0.204373 0.521055 -0.268577 2.886669 0.042206 -0.230367
    33 0.195697 -0.010059 -0.293538 -1.333586 0.150863 -1.672749
    34 1.257181 8.762590 -0.153713 -1.570562 0.002683 -1.566808
    35 -0.093500 -0.114213 -0.738866 -1.570842 0.061811 0.002096
    36 0.010843 0.093624 -0.081439 -3.141462 0.041719 -1.568236
    37 3.979361 -2.938220 -14.107183 -0.457790 -0.089150 2.217622
    38 0.104748 -10.673144 -0.005453 0.373139 -0.159165 0.463085
    39 0.555176 -3.650391 -0.346924 -1.081529 -0.046222 -0.024593
    40 0.026276 -1.509766 -0.000001 -0.427597 0.000000 0.000000
    41 0.013245 -0.927246 -0.000001 -0.453783 0.000000 0.000000
    42 0.006928 0.005329 -0.181358 -1.528500 -0.248579 -1.611362
    43 -0.052313 0.038589 -0.230757 -1.592493 -0.043415 -1.528515
    44 -0.232600 -0.209656 -0.420669 -1.713790 -0.167173 -1.438930
    45 -0.213013 -3.744141 -0.346924 -0.820268 0.000000 0.000000
    46 0.013237 -1.576172 -0.000002 -0.584630 0.000000 0.000000
    47 -0.000002 -1.178711 0.000000 -0.532321 0.000000 0.000000
    48 -0.038065 0.069166 -0.159883 -1.816986 0.066178 -1.575392
    49 -0.025151 0.088762 -0.068837 -1.817843 0.044510 -1.568287
    50 -0.102916 -0.186983 -0.272246 -1.833683 -0.232962 -1.472375
    51 -1.034180 -3.582031 -0.346680 -0.942461 0.000000 0.000000
    52 0.000000 -1.616211 0.000002 -0.287943 0.000000 0.000000
    53 -0.000001 -0.940430 -0.000001 -0.445049 0.000000 0.000000
    54 -0.004241 0.043707 -0.080203 -2.014997 -0.186996 -1.460723
    55 0.015383 -0.089136 -0.030010 -2.006083 0.036346 -1.568629
    56 -0.022610 -0.212357 -0.177905 -1.933161 -0.118801 -1.518895
    57 1.309013 -3.227548 -0.346114 -1.019595 -0.066932 -0.041063
    58 0.000000 -1.245117 0.000002 -0.584642 0.000000 0.000000
    59 0.000000 -0.768066 0.000000 -0.523598 0.000000 0.000000
    60 -0.067138 0.063251 -0.010961 -0.899214 -0.014515 -1.600326
    61 -0.151180 -0.007395 -0.070065 -0.913061 -0.118819 -1.408558
    62 -0.178164 -0.244680 -0.357067 -1.159916 -0.384260 -1.556110
    63 -0.385254 -0.459229 0.383789 -0.318041 -0.539808 -2.424595
    64 2.472656 0.024414 0.000002 0.000000 0.000000 0.549751
    65 1.227539 0.003979 -0.000002 0.000000 0.000000 0.593370
    66 -0.263409 -0.117640 -0.015659 0.000036 -0.082210 -0.026800
    67 0.007707 -0.334360 -0.191575 0.070788 -0.181563 0.282364
    68 0.225562 -0.567923 -0.420715 0.119895 -0.183798 0.223460
    69 -0.203683 -0.095654 -0.328305 -1.745077 0.075142 -1.515382
    70 -1.393460 8.839182 -0.239439 1.580804 -0.005024 -1.566848
    71 0.036020 0.082815 -0.692656 -1.570769 0.065989 0.001276
    72 -0.088586 0.054020 -0.088594 0.010231 0.033800 -1.560851
    73 0.120153 -0.050270 -0.054489 -2.854024 0.030688 -1.580508
    74 -0.139399 -0.111694 0.014400 0.285395 -0.031353 1.580313
    75 -0.003479 -0.404833 0.000000 0.000000 0.000000 0.000000
    76 -0.313605 -4.593753 0.947859 -1.186387 1.434476 -1.173741
    77 0.000000 3.367188 0.863281 0.000000 0.000000 0.000000
    78 0.000922 -1.098811 1.959949 -0.092759 0.000000 0.000000
    79 0.000922 -1.504204 2.527314 0.000000 0.000000 0.000000
    80 0.001149 -8.921875 2.623047 0.000000 0.000000 0.000000
    81 -0.003576 -2.246094 1.304688 0.000000 0.000000 0.000000
    82 0.000922 -4.266811 1.683050 -0.016012 0.000000 0.000000
  time 13
    0 1.629157 0.000000 0.541027 0.000000 0.000000 -1.570796
    1 -0.135497 6.734767 -8.767329 5.435751 -1.307333 -4.059885
    2 -0.001605 -10.701926 -0.002571 0.303933 -0.116756 -0.106722
    3 -0.653320 -3.630859 -0.348633 -1.003534 -0.000001 -0.122159
    4 -0.013245 -1.508789 -0.000001 -1.090796 0.000000 0.000000
    5 0.000000 -0.953613 -0.000002 -1.223438 0.000000 0.000000
    6 0.007988 0.172184 -0.118553 -1.598091 -0.216549 -1.570593
    7 0.080660 0.135929 -0.203919 -1.506824 -0.066185 -1.662786
    8 0.117288 -0.155554 -0.604544 -1.412988 -0.374558 -1.569222
    9 0.128052 -3.763672 -0.348633 -0.890091 0.000000 -0.148347
    10 -0.006790 -1.567259 0.006726 -1.212969 0.000000 -0.000003
    11 0.000000 -1.165039 0.000000 -1.279286 0.000000 0.000000
    12 -0.018589 0.129953 -0.123721 -1.294580 0.001302 -1.635383
    13 -0.006160 0.170065 -0.110169 -1.280084 -0.068681 -1.597215
    14 0.047100 -0.104074 -0.352264 -1.243368 -0.257298 -1.694346
    15 0.949219 -3.619141 -0.348633 -0.349063 0.000002 0.130893
    16 -0.017794 -1.596358 -0.007350 -0.288030 0.000000 0.000000
    17 -0.006735 -0.937906 0.007065 -0.574112 0.000000 -0.000001
    18 -0.022325 0.045424 -0.038284 -1.125544 -0.129230 -1.681412
    19 -0.042900 -0.061274 -0.071212 -1.124462 -0.060454 -1.586099
    20 0.063741 -0.109104 -0.248158 -1.142813 -0.125805 -1.693583
    21 -1.408203 -3.248047 -0.348633 -0.788776 0.052706 -0.017693
    22 0.013451 -1.204102 0.000002 -0.931992 0.000000 0.000000
    23 -0.013000 -0.789551 0.000000 -1.061140 0.000000 0.000000
    24 -0.011721 0.093267 0.017949 -1.687855 -0.079155 -1.575164
    25 0.048863 -0.085541 0.028626 -1.715605 -0.034569 -1.653190
    26 0.173918 -0.198416 -0.336163 -1.668104 -0.422317 -1.710956
    27 0.438721 -0.485596 0.397461 0.505392 -0.466269 -1.212439
    28 2.355469 0.016098 0.000000 -0.304947 -0.017307 -0.456356
    29 1.251953 -0.000339 0.000000 0.000000 0.000000 -0.572457
    30 -0.267709 0.037512 -0.093907 2.913812 -0.143386 0.078467
    31 -0.029266 0.205408 -0.329287 2.788574 -0.255486 -0.188917
    32 0.204373 0.521055 -0.268577 2.886669 0.042206 -0.230367
    33 0.195697 -0.010059 -0.293538 -1.333586 0.150863 -1.672749
    34 1.257181 8.762590 -0.153713 -1.570562 0.002683 -1.566808
    35 -0.093500 -0.114213 -0.738866 -1.570842 0.061811 0.002096
    36 0.010843 0.093624 -0.081439 -3.141462 0.041719 -1.568236
    37 3.971548 -2.914782 -14.197029 -0.468662 -0.093449 2.219438
    38 0.104748 -10.673144 -0.005453 0.357269 -0.151803 0.466230
    39 0.555176 -3.650391 -0.346924 -1.081529 -0.046222 -0.024593
    40 0.026276 -1.509766 -0.000001 -0.427597 0.000000 0.000000
    41 0.013245 -0.927246 -0.000001 -0.453783 0.000000 0.000000
    42 0.006928 0.005329 -0.181358 -1.528500 -0.248579 -1.611362
    43 -0.052313 0.038589 -0.230757 -1.592493 -0.043415 -1.528515
    44 -0.232600 -0.209656 -0.420669 -1.713790 -0.167173 -1.438930
    45 -0.213013 -3.744141 -0.346924 -0.820268 0.000000 0.000000
    46 0.013237 -1.576172 -0.000002 -0.584630 0.000000 0.000000
    47 -0.000002 -1.178711 0.000000 -0.532321 0.000000 0.000000
    48 -0.038065 0.069166 -0.159883 -1.816986 0.066178 -1.575392
    49 -0.025151 0.088762 -0.068837 -1.817843 0.044510 -1.568287
    50 -0.102916 -0.186983 -0.272246 -1.833683 -0.232962 -1.472375
    51 -1.034180 -3.582031 -0.346680 -0.942461 0.000000 0.000000
    52 0.000000 -1.616211 0.000002 -0.287943 0.000000 0.000000
    53 -0.000001 -0.940430 -0.000001 -0.445049 0.000000 0.000000
    54 -0.004241 0.043707 -0.080203 -2.014997 -0.186996 -1.460723
    55 0.015383 -0.089136 -0.030010 -2.006083 0.036346 -1.568629
    56 -0.022610 -0.212357 -0.177905 -1.933161 -0.118801 -1.518895
    57 1.305107 -3.227548 -0.342207 -1.019595 -0.066932 -0.041063
    58 0.000000 -1.245117 0.000002 -0.584642 0.000000 0.000000
    59 0.000000 -0.768066 0.000000 -0.523598 0.000000 0.000000
    60 -0.067138 0.063251 -0.010961 -0.899214 -0.014515 -1.600326
    61 -0.151180 -0.007395 -0.070065 -0.913061 -0.118819 -1.408558
    62 -0.178164 -0.244680 -0.357067 -1.159916 -0.384260 -1.556110
    63 -0.385254 -0.459229 0.383789 -0.318041 -0.539808 -2.424595
    64 2.472656 0.024414 0.000002 0.000000 0.000000 0.549751
    65 1.227539 0.003979 -0.000002 0.000000 0.000000 0.593370
    66 -0.263409 -0.117640 -0.015659 0.000036 -0.082210 -0.026800
    67 0.007707 -0.334360 -0.191575 0.070788 -0.181563 0.282364
    68 0.225562 -0.567923 -0.420715 0.119895 -0.183798 0.223460
    69 -0.203683 -0.095654 -0.328305 -1.745077 0.075142 -1.515382
    70 -1.393460 8.839182 -0.239439 1.580804 -0.005024 -1.566848
    71 0.036020 0.082815 -0.692656 -1.570769 0.065989 0.001276
    72 -0.088586 0.054020 -0.088594 0.010231 0.033800 -1.560851
    73 0.120153 -0.050270 -0.054489 -2.854024 0.030688 -1.580508
    74 -0.139399 -0.111694 0.014400 0.285395 -0.031353 1.580313
    75 -0.003479 -0.404833 0.000000 0.000000 0.000000 0.000000
    76 -0.313605 -4.593753 0.947859 -1.186375 1.434476 -1.173741
    77 0.000000 3.367188 0.863281 0.000000 0.000000 0.000000
    78 0.000922 -1.098811 1.959949 -0.093080 0.000000 0.000000
    79 0.000922 -1.504204 2.527314 0.000000 0.000000 0.000000
    80 0.001149 -8.921875 2.623047 0.000000 0.000000 0.000000
    81 -0.003576 -2.246094 1.304688 0.000000 0.000000 0.000000
    82 0.000922 -4.262904 1.683050 -0.030508 0.000000 0.000000
  time 14
    0 1.629157 0.000000 0.541027 0.000000 0.000000 -1.570796
    1 -0.143310 6.734767 -8.763423 5.436019 -1.307852 -4.061775
    2 -0.001605 -10.701926 -0.002571 0.311839 -0.118949 -0.110796
    3 -0.653320 -3.630859 -0.348633 -1.003534 -0.000001 -0.122159
    4 -0.013245 -1.508789 -0.000001 -1.090796 0.000000 0.000000
    5 0.000000 -0.953613 -0.000002 -1.223438 0.000000 0.000000
    6 0.007988 0.172184 -0.118553 -1.598091 -0.216549 -1.570593
    7 0.080660 0.135929 -0.203919 -1.506824 -0.066185 -1.662786
    8 0.117288 -0.155554 -0.604544 -1.412988 -0.374558 -1.569222
    9 0.128052 -3.763672 -0.348633 -0.890091 0.000000 -0.148347
    10 -0.006790 -1.567259 0.006726 -1.212969 0.000000 -0.000003
    11 0.000000 -1.165039 0.000000 -1.279286 0.000000 0.000000
    12 -0.018589 0.129953 -0.123721 -1.294580 0.001302 -1.635383
    13 -0.006160 0.170065 -0.110169 -1.280084 -0.068681 -1.597215
    14 0.047100 -0.104074 -0.352264 -1.243368 -0.257298 -1.694346
    15 0.949219 -3.619141 -0.348633 -0.349063 0.000002 0.130893
    16 -0.021700 -1.596358 -0.007350 -0.273237 0.000000 0.000000
    17 -0.002829 -0.937906 0.003159 -0.556593 0.000000 -0.000001
    18 -0.022325 0.045424 -0.038284 -1.125544 -0.129230 -1.681412
    19 -0.042900 -0.061274 -0.071212 -1.124462 -0.060454 -1.586099
    20 0.063741 -0.109104 -0.248158 -1.142813 -0.125805 -1.693583
    21 -1.408203 -3.248047 -0.348633 -0.788776 0.052706 -0.017693
    22 0.013451 -1.204102 0.000002 -0.931992 0.000000 0.000000
    23 -0.013000 -0.789551 0.000000 -1.061140 0.000000 0.000000
    24 -0.011721 0.093267 0.017949 -1.687855 -0.079155 -1.575164
    25 0.048863 -0.085541 0.028626 -1.715605 -0.034569 -1.653190
    26 0.173918 -0.198416 -0.336163 -1.668104 -0.422317 -1.710956
    27 0.438721 -0.485596 0.397461 0.505392 -0.466269 -1.212439
    28 2.355469 0.016098 0.000000 -0.304947 -0.017307 -0.456356
    29 1.251953 -0.000339 0.000000 0.000000 0.000000 -0.572457
    30 -0.267709 0.037512 -0.093907 2.913812 -0.143386 0.078467
    31 -0.029266 0.205408 -0.329287 2.788574 -0.255486 -0.188917
    32 0.204373 0.521055 -0.268577 2.886669 0.042206 -0.230367
    33 0.195697 -0.010059 -0.293538 -1.333586 0.150863 -1.672749
    34 1.257181 8.762590 -0.153713 -1.570562 0.002683 -1.566808
    35 -0.093500 -0.114213 -0.738866 -1.570842 0.061811 0.002096
    36 0.010843 0.093624 -0.081439 -3.141462 0.041719 -1.568236
    37 3.952016 -2.895250 -14.232186 -0.471524 -0.093636 2.219151
    38 0.108654 -10.673144 -0.001547 0.342312 -0.151243 0.467044
    39 0.555176 -3.650391 -0.346924 -1.081529 -0.046222 -0.024593
    40 0.026276 -1.509766 -0.000001 -0.427597 0.000000 0.000000
    41 0.013245 -0.927246 -0.000001 -0.453783 0.000000 0.000000
    42 0.006928 0.005329 -0.181358 -1.528500 -0.248579 -1.611362
    43 -0.052313 0.038589 -0.230757 -1.592493 -0.043415 -1.528515
    44 -0.232600 -0.209656 -0.420669 -1.713790 -0.167173 -1.438930
    45 -0.213013 -3.744141 -0.346924 -0.820268 0.000000 0.000000
    46 0.013237 -1.576172 -0.000002 -0.584630 0.000000 0.000000
    47 -0.000002 -1.178711 0.000000 -0.532321 0.000000 0.000000
    48 -0.038065 0.069166 -0.159883 -1.816986 0.066178 -1.575392
    49 -0.025151 0.088762 -0.068837 -1.817843 0.044510 -1.568287
    50 -0.102916 -0.186983 -0.272246 -1.833683 -0.232962 -1.472375
    51 -1.034180 -3.582031 -0.346680 -0.942461 0.000000 0.000000
    52 0.000000 -1.616211 0.000002 -0.287943 0.000000 0.000000
    53 -0.000001 -0.940430 -0.000001 -0.445049 0.000000 0.000000
    54 -0.004241 0.043707 -0.080203 -2.014997 -0.186996 -1.460723
    55 0.015383 -0.089136 -0.030010 -2.006083 0.036346 -1.568629
    56 -0.022610 -0.212357 -0.177905 -1.933161 -0.118801 -1.518895
    57 1.309013 -3.227548 -0.342207 -1.019595 -0.066932 -0.041063
    58 0.000000 -1.245117 0.000002 -0.584642 0.000000 0.000000
    59 0.000000 -0.768066 0.000000 -0.523598 0.000000 0.000000
    60 -0.067138 0.063251 -0.010961 -0.899214 -0.014515 -1.600326
    61 -0.151180 -0.007395 -0.070065 -0.913061 -0.118819 -1.408558
    62 -0.178164 -0.244680 -0.357067 -1.159916 -0.384260 -1.556110
    63 -0.385254 -0.459229 0.383789 -0.318041 -0.539808 -2.424595
    64 2.472656 0.024414 0.000002 0.000000 0.000000 0.549751
    65 1.227539 0.003979 -0.000002 0.000000 0.000000 0.593370
    66 -0.263409 -0.117640 -0.015659 0.000036 -0.082210 -0.026800
    67 0.007707 -0.334360 -0.191575 0.070788 -0.181563 0.282364
    68 0.225562 -0.567923 -0.420715 0.119895 -0.183798 0.223460
    69 -0.203683 -0.095654 -0.328305 -1.745077 0.075142 -1.515382
    70 -1.393460 8.839182 -0.239439 1.580804 -0.005024 -1.566848
    71 0.036020 0.082815 -0.692656 -1.570769 0.065989 0.001276
    72 -0.088586 0.054020 -0.088594 0.010231 0.033800 -1.560851
    73 0.120153 -0.050270 -0.054489 -2.854024 0.030688 -1.580508
    74 -0.139399 -0.111694 0.014400 0.285395 -0.031353 1.580313
    75 -0.003479 -0.404833 0.000000 0.000000 0.000000 0.000000
    76 -0.309699 -4.593753 0.951765 -1.186387 1.434476 -1.173741
    77 0.000000 3.367188 0.863281 0.000000 0.000000 0.000000
    78 0.000922 -1.098811 1.959949 -0.091560 0.000000 0.000000
    79 0.000922 -1.504204 2.527314 0.000000 0.000000 0.000000
    80 0.001149 -8.921875 2.623047 0.000000 0.000000 0.000000
    81 -0.003576 -2.246094 1.304688 0.000000 0.000000 0.000000
    82 0.000922 -4.266811 1.683050 -0.043389 0.000000 0.000000
  time 15
    0 1.629157 0.000000 0.541027 0.000000 0.000000 -1.570796
    1 -0.162842 6.726954 -8.767329 5.437984 -1.308889 -4.065734
    2 -0.001605 -10.701926 -0.002571 0.321209 -0.122203 -0.116229
    3 -0.653320 -3.630859 -0.348633 -1.003534 -0.000001 -0.122159
    4 -0.013245 -1.508789 -0.000001 -1.090796 0.000000 0.000000
    5 0.000000 -0.953613 -0.000002 -1.223438 0.000000 0.000000
    6 0.007988 0.172184 -0.118553 -1.598091 -0.216549 -1.570593
    7 0.080660 0.135929 -0.203919 -1.506824 -0.066185 -1.662786
    8 0.117288 -0.155554 -0.604544 -1.412988 -0.374558 -1.569222
    9 0.128052 -3.763672 -0.348633 -0.890091 0.000000 -0.148347
    10 -0.006790 -1.567259 0.002820 -1.212969 0.000000 -0.000003
    11 0.000000 -1.165039 0.000000 -1.279286 0.000000 0.000000
    12 -0.018589 0.129953 -0.123721 -1.294580 0.001302 -1.635383
    13 -0.006160 0.170065 -0.110169 -1.280084 -0.068681 -1.597215
    14 0.047100 -0.104074 -0.352264 -1.243368 -0.257298 -1.694346
    15 0.949219 -3.619141 -0.348633 -0.349063 0.000002 0.130893
    16 -0.021700 -1.596358 -0.003443 -0.260239 0.000000 0.000000
    17 -0.006735 -0.941812 0.007065 -0.540963 0.000000 -0.000001
    18 -0.022325 0.045424 -0.038284 -1.125544 -0.129230 -1.681412
    19 -0.042900 -0.061274 -0.071212 -1.124462 -0.060454 -1.586099
    20 0.063741 -0.109104 -0.248158 -1.142813 -0.125805 -1.693583
    21 -1.408203 -3.248047 -0.348633 -0.788776 0.052706 -0.017693
    22 0.013451 -1.204102 0.000002 -0.931992 0.000000 0.000000
    23 -0.013000 -0.789551 0.000000 -1.061140 0.000000 0.000000
    24 -0.011721 0.093267 0.017949 -1.687855 -0.079155 -1.575164
    25 0.048863 -0.085541 0.028626 -1.715605 -0.034569 -1.653190
    26 0.173918 -0.198416 -0.336163 -1.668104 -0.422317 -1.710956
    27 0.438721 -0.485596 0.397461 0.505392 -0.466269 -1.212439
    28 2.355469 0.016098 0.000000 -0.304947 -0.017307 -0.456356
    29 1.251953 -0.000339 0.000000 0.000000 0.000000 -0.572457
    30 -0.267709 0.037512 -0.093907 2.913812 -0.143386 0.078467
    31 -0.029266 0.205408 -0.329287 2.788574 -0.255486 -0.188917
    32 0.204373 0.521055 -0.268577 2.886669 0.042206 -0.230367
    33 0.195697 -0.010059 -0.293538 -1.333586 0.150863 -1.672749
    34 1.257181 8.762590 -0.153713 -1.570562 0.002683 -1.566808
    35 -0.093500 -0.114213 -0.738866 -1.570842 0.061811 0.002096
    36 0.010843 0.093624 -0.081439 -3.141462 0.041719 -1.568236
    37 3.912953 -2.883531 -14.255625 -0.469712 -0.091393 2.217909
    38 0.108654 -10.673144 -0.001547 0.328029 -0.155598 0.466286
    39 0.555176 -3.650391 -0.346924 -1.081529 -0.046222 -0.024593
    40 0.026276 -1.509766 -0.000001 -0.427597 0.000000 0.000000
    41 0.013245 -0.927246 -0.000001 -0.453783 0.000000 0.000000
    42 0.006928 0.005329 -0.181358 -1.528500 -0.248579 -1.611362
    43 -0.052313 0.038589 -0.230757 -1.592493 -0.043415 -1.528515
    44 -0.232600 -0.209656 -0.420669 -1.713790 -0.167173 -1.438930
    45 -0.213013 -3.744141 -0.346924 -0.820268 0.000000 0.000000
    46 0.013237 -1.576172 -0.000002 -0.584630 0.000000 0.000000
    47 -0.000002 -1.178711 0.000000 -0.532321 0.000000 0.000000
    48 -0.038065 0.069166 -0.159883 -1.816986 0.066178 -1.575392
    49 -0.025151 0.088762 -0.068837 -1.817843 0.044510 -1.568287
    50 -0.102916 -0.186983 -0.272246 -1.833683 -0.232962 -1.472375
    51 -1.034180 -3.582031 -0.346680 -0.942461 0.000000 0.000000
    52 0.000000 -1.616211 0.000002 -0.287943 0.000000 0.000000
    53 -0.000001 -0.940430 -0.000001 -0.445049 0.000000 0.000000
    54 -0.004241 0.043707 -0.080203 -2.014997 -0.186996 -1.460723
    55 0.015383 -0.089136 -0.030010 -2.006083 0.036346 -1.568629
    56 -0.022610 -0.212357 -0.177905 -1.933161 -0.118801 -1.518895
    57 1.305107 -3.227548 -0.342207 -1.019595 -0.066932 -0.041063
    58 0.000000 -1.245117 0.000002 -0.584642 0.000000 0.000000
    59 0.000000 -0.768066 0.000000 -0.523598 0.000000 0.000000
    60 -0.067138 0.063251 -0.010961 -0.899214 -0.014515 -1.600326
    61 -0.151180 -0.007395 -0.070065 -0.913061 -0.118819 -1.408558
    62 -0.178164 -0.244680 -0.357067 -1.159916 -0.384260 -1.556110
    63 -0.385254 -0.459229 0.383789 -0.318041 -0.539808 -2.424595
    64 2.472656 0.024414 0.000002 0.000000 0.000000 0.549751
    65 1.227539 0.003979 -0.000002 0.000000 0.000000 0.593370
    66 -0.263409 -0.117640 -0.015659 0.000036 -0.082210 -0.026800
    67 0.007707 -0.334360 -0.191575 0.070788 -0.181563 0.282364
    68 0.225562 -0.567923 -0.420715 0.119895 -0.183798 0.223460
    69 -0.203683 -0.095654 -0.328305 -1.745077 0.075142 -1.515382
    70 -1.393460 8.839182 -0.239439 1.580804 -0.005024 -1.566848
    71 0.036020 0.082815 -0.692656 -1.570769 0.065989 0.001276
    72 -0.088586 0.054020 -0.088594 0.010231 0.033800 -1.560851
    73 0.120153 -0.050270 -0.054489 -2.854024 0.030688 -1.580508
    74 -0.139399 -0.111694 0.014400 0.285395 -0.031353 1.580313
    75 -0.003479 -0.404833 0.000000 0.000000 0.000000 0.000000
    76 -0.309699 -4.593753 0.947859 -1.186387 1.434476 -1.173741
    77 0.000000 3.367188 0.863281 0.000000 0.000000 0.000000
    78 0.000922 -1.098811 1.959949 -0.088562 0.000000 0.000000
    79 0.000922 -1.504204 2.527314 0.000000 0.000000 0.000000
    80 0.001149 -8.921875 2.623047 0.000000 0.000000 0.000000
    81 -0.003576 -2.246094 1.304688 0.000000 0.000000 0.000000
    82 0.000922 -4.262904 1.683050 -0.054640 0.000000 0.000000
  time 16
    0 1.629157 0.000000 0.541027 0.000000 0.000000 -1.570796
    1 -0.174561 6.719141 -8.775142 5.441378 -1.310446 -4.071132
    2 -0.001605 -10.701926 -0.006478 0.330474 -0.125735 -0.122123
    3 -0.653320 -3.630859 -0.348633 -1.003534 -0.000001 -0.122159
    4 -0.013245 -1.508789 -0.000001 -1.090796 0.000000 0.000000
    5 0.000000 -0.953613 -0.000002 -1.223438 0.000000 0.000000
    6 0.007988 0.172184 -0.118553 -1.598091 -0.216549 -1.570593
    7 0.080660 0.135929 -0.203919 -1.506824 -0.066185 -1.662786
    8 0.117288 -0.155554 -0.604544 -1.412988 -0.374558 -1.569222
    9 0.128052 -3.763672 -0.348633 -0.890091 0.000000 -0.148347
    10 -0.006790 -1.567259 0.002820 -1.212969 0.000000 -0.000003
    11 0.000000 -1.165039 0.000000 -1.279286 0.000000 0.000000
    12 -0.018589 0.129953 -0.123721 -1.294580 0.001302 -1.635383
    13 -0.006160 0.170065 -0.110169 -1.280084 -0.068681 -1.597215
    14 0.047100 -0.104074 -0.352264 -1.243368 -0.257298 -1.694346
    15 0.949219 -3.619141 -0.348633 -0.349063 0.000002 0.130893
    16 -0.021700 -1.596358 -0.007350 -0.249112 0.000000 0.000000
    17 -0.002829 -0.937906 0.007065 -0.527326 0.000000 -0.000001
    18 -0.022325 0.045424 -0.038284 -1.125544 -0.129230 -1.681412
    19 -0.042900 -0.061274 -0.071212 -1.124462 -0.060454 -1.586099
    20 0.063741 -0.109104 -0.248158 -1.142813 -0.125805 -1.693583
    21 -1.408203 -3.248047 -0.348633 -0.788776 0.052706 -0.017693
    22 0.013451 -1.204102 0.000002 -0.931992 0.000000 0.000000
    23 -0.013000 -0.789551 0.000000 -1.061140 0.000000 0.000000
    24 -0.011721 0.093267 0.017949 -1.687855 -0.079155 -1.575164
    25 0.048863 -0.085541 0.028626 -1.715605 -0.034569 -1.653190
    26 0.173918 -0.198416 -0.336163 -1.668104 -0.422317 -1.710956
    27 0.438721 -0.485596 0.397461 0.505392 -0.466269 -1.212439
    28 2.355469 0.016098 0.000000 -0.304947 -0.017307 -0.456356
    29 1.251953 -0.000339 0.000000 0.000000 0.000000 -0.572457
    30 -0.267709 0.037512 -0.093907 2.913812 -0.143386 0.078467
    31 -0.029266 0.205408 -0.329287 2.788574 -0.255486 -0.188917
    32 0.204373 0.521055 -0.268577 2.886669 0.042206 -0.230367
    33 0.195697 -0.010059 -0.293538 -1.333586 0.150863 -1.672749
    34 1.257181 8.762590 -0.153713 -1.570562 0.002683 -1.566808
    35 -0.093500 -0.114213 -0.738866 -1.570842 0.061811 0.002096
    36 0.010843 0.093624 -0.081439 -3.141462 0.041719 -1.568236
    37 3.866076 -2.875718 -14.267344 -0.466373 -0.088075 2.215902
    38 0.104748 -10.673144 -0.005453 0.312965 -0.161073 0.465303
    39 0.555176 -3.650391 -0.346924 -1.081529 -0.046222 -0.024593
    40 0.026276 -1.509766 -0.000001 -0.427597 0.000000 0.000000
    41 0.013245 -0.927246 -0.000001 -0.453783 0.000000 0.000000
    42 0.006928 0.005329 -0.181358 -1.528500 -0.248579 -1.611362
    43 -0.052313 0.038589 -0.230757 -1.592493 -0.043415 -1.528515
    44 -0.232600 -0.209656 -0.420669 -1.713790 -0.167173 -1.438930
    45 -0.213013 -3.744141 -0.346924 -0.820268 0.000000 0.000000
    46 0.013237 -1.576172 -0.000002 -0.584630 0.000000 0.000000
    47 -0.000002 -1.178711 0.000000 -0.532321 0.000000 0.000000
    48 -0.038065 0.069166 -0.159883 -1.816986 0.066178 -1.575392
    49 -0.025151 0.088762 -0.068837 -1.817843 0.044510 -1.568287
    50 -0.102916 -0.186983 -0.272246 -1.833683 -0.232962 -1.472375
    51 -1.034180 -3.582031 -0.346680 -0.942461 0.000000 0.000000
    52 0.000000 -1.616211 0.000002 -0.287943 0.000000 0.000000
    53 -0.000001 -0.940430 -0.000001 -0.445049 0.000000 0.000000
    54 -0.004241 0.043707 -0.080203 -2.014997 -0.186996 -1.460723
    55 0.015383 -0.089136 -0.030010 -2.006083 0.036346 -1.568629
    56 -0.022610 -0.212357 -0.177905 -1.933161 -0.118801 -1.518895
    57 1.305107 -3.227548 -0.342207 -1.019595 -0.066932 -0.041063
    58 0.000000 -1.245117 0.000002 -0.584642 0.000000 0.000000
    59 0.000000 -0.768066 0.000000 -0.523598 0.000000 0.000000
    60 -0.067138 0.063251 -0.010961 -0.899214 -0.014515 -1.600326
    61 -0.151180 -0.007395 -0.070065 -0.913061 -0.118819 -1.408558
    62 -0.178164 -0.244680 -0.357067 -1.159916 -0.384260 -1.556110
    63 -0.385254 -0.459229 0.383789 -0.318041 -0.539808 -2.424595
    64 2.472656 0.024414 0.000002 0.000000 0.000000 0.549751
    65 1.227539 0.003979 -0.000002 0.000000 0.000000 0.593370
    66 -0.263409 -0.117640 -0.015659 0.000036 -0.082210 -0.026800
    67 0.007707 -0.334360 -0.191575 0.070788 -0.181563 0.282364
    68 0.225562 -0.567923 -0.420715 0.119895 -0.183798 0.223460
    69 -0.203683 -0.095654 -0.328305 -1.745077 0.075142 -1.515382
    70 -1.393460 8.839182 -0.239439 1.580804 -0.005024 -1.566848
    71 0.036020 0.082815 -0.692656 -1.570769 0.065989 0.001276
    72 -0.088586 0.054020 -0.088594 0.010231 0.033800 -1.560851
    73 0.120153 -0.050270 -0.054489 -2.854024 0.030688 -1.580508
    74 -0.139399 -0.111694 0.014400 0.285395 -0.031353 1.580313
    75 -0.003479 -0.404833 0.000000 0.000000 0.000000 0.000000
    76 -0.309699 -4.593753 0.947859 -1.186375 1.434476 -1.173741
    77 0.000000 3.367188 0.863281 0.000000 0.000000 0.000000
    78 0.000922 -1.098811 1.956042 -0.084151 0.000000 0.000000
    79 0.000922 -1.504204 2.527314 0.000000 0.000000 0.000000
    80 0.001149 -8.921875 2.623047 0.000000 0.000000 0.000000
    81 -0.003576 -2.246094 1.304688 0.000000 0.000000 0.000000
    82 0.000922 -4.266811 1.683050 -0.064190 0.000000 0.000000
  time 17
    0 1.629157 0.000000 0.541027 0.000000 0.000000 -1.570796
    1 -0.186280 6.703516 -8.779049 5.445576 -1.312285 -4.077250
    2 -0.001605 -10.698019 -0.002571 0.338172 -0.128389 -0.127625
    3 -0.653320 -3.630859 -0.348633 -1.003534 -0.000001 -0.122159
    4 -0.013245 -1.508789 -0.000001 -1.090796 0.000000 0.000000
    5 0.000000 -0.953613 -0.000002 -1.223438 0.000000 0.000000
    6 0.007988 0.172184 -0.118553 -1.598091 -0.216549 -1.570593
    7 0.080660 0.135929 -0.203919 -1.506824 -0.066185 -1.662786
    8 0.117288 -0.155554 -0.604544 -1.412988 -0.374558 -1.569222
    9 0.128052 -3.763672 -0.348633 -0.890091 0.000000 -0.148347
    10 -0.006790 -1.567259 0.006726 -1.212969 0.000000 -0.000003
    11 0.000000 -1.165039 0.000000 -1.279286 0.000000 0.000000
    12 -0.018589 0.129953 -0.123721 -1.294580 0.001302 -1.635383
    13 -0.006160 0.170065 -0.110169 -1.280084 -0.068681 -1.597215
    14 0.047100 -0.104074 -0.352264 -1.243368 -0.257298 -1.694346
    15 0.949219 -3.619141 -0.348633 -0.349063 0.000002 0.130893
    16 -0.017794 -1.596358 -0.003443 -0.239908 0.000000 0.000000
    17 -0.006735 -0.941812 0.003159 -0.515715 0.000000 -0.000001
    18 -0.022325 0.045424 -0.038284 -1.125544 -0.129230 -1.681412
    19 -0.042900 -0.061274 -0.071212 -1.124462 -0.060454 -1.586099
    20 0.063741 -0.109104 -0.248158 -1.142813 -0.125805 -1.693583
    21 -1.408203 -3.248047 -0.348633 -0.788776 0.052706 -0.017693
    22 0.013451 -1.204102 0.000002 -0.931992 0.000000 0.000000
    23 -0.013000 -0.789551 0.000000 -1.061140 0.000000 0.000000
    24 -0.011721 0.093267 0.017949 -1.687855 -0.079155 -1.575164
    25 0.048863 -0.085541 0.028626 -1.715605 -0.034569 -1.653190
    26 0.173918 -0.198416 -0.336163 -1.668104 -0.422317 -1.710956
    27 0.438721 -0.485596 0.397461 0.505392 -0.466269 -1.212439
    28 2.355469 0.016098 0.000000 -0.304947 -0.017307 -0.456356
    29 1.251953 -0.000339 0.000000 0.000000 0.000000 -0.572457
    30 -0.267709 0.037512 -0.093907 2.913812 -0.143386 0.078467
    31 -0.029266 0.205408 -0.329287 2.788574 -0.255486 -0.188917
    32 0.204373 0.521055 -0.268577 2.886669 0.042206 -0.230367
    33 0.195697 -0.010059 -0.293538 -1.333586 0.150863 -1.672749
    34 1.257181 8.762590 -0.153713 -1.570562 0.002683 -1.566808
    35 -0.093500 -0.114213 -0.738866 -1.570842 0.061811 0.002096
    36 0.010843 0.093624 -0.081439 -3.141462 0.041719 -1.568236
    37 3.830919 -2.887437 -14.298595 -0.462368 -0.083915 2.213608
    38 0.104748 -10.673144 -0.001547 0.297310 -0.167503 0.464180
    39 0.555176 -3.650391 -0.346924 -1.081529 -0.046222 -0.024593
    40 0.026276 -1.509766 -0.000001 -0.427597 0.000000 0.000000
    41 0.013245 -0.927246 -0.000001 -0.453783 0.000000 0.000000
    42 0.006928 0.005329 -0.181358 -1.528500 -0.248579 -1.611362
    43 -0.052313 0.038589 -0.230757 -1.592493 -0.043415 -1.528515
    44 -0.232600 -0.209656 -0.420669 -1.713790 -0.167173 -1.438930
    45 -0.213013 -3.744141 -0.346924 -0.820268 0.000000 0.000000
    46 0.013237 -1.576172 -0.000002 -0.584630 0.000000 0.000000
    47 -0.000002 -1.178711 0.000000 -0.532321 0.000000 0.000000
    48 -0.038065 0.069166 -0.159883 -1.816986 0.066178 -1.575392
    49 -0.025151 0.088762 -0.068837 -1.817843 0.044510 -1.568287
    50 -0.102916 -0.186983 -0.272246 -1.833683 -0.232962 -1.472375
    51 -1.034180 -3.582031 -0.346680 -0.942461 0.000000 0.000000
    52 0.000000 -1.616211 0.000002 -0.287943 0.000000 0.000000
    53 -0.000001 -0.940430 -0.000001 -0.445049 0.000000 0.000000
    54 -0.004241 0.043707 -0.080203 -2.014997 -0.186996 -1.460723
    55 0.015383 -0.089136 -0.030010 -2.006083 0.036346 -1.568629
    56 -0.022610 -0.212357 -0.177905 -1.933161 -0.118801 -1.518895
    57 1.309013 -3.227548 -0.342207 -1.019595 -0.066932 -0.041063
    58 0.000000 -1.245117 0.000002 -0.584642 0.000000 0.000000
    59 0.000000 -0.768066 0.000000 -0.523598 0.000000 0.000000
    60 -0.067138 0.063251 -0.010961 -0.899214 -0.014515 -1.600326
    61 -0.151180 -0.007395 -0.070065 -0.913061 -0.118819 -1.408558
    62 -0.178164 -0.244680 -0.357067 -1.159916 -0.384260 -1.556110
    63 -0.385254 -0.459229 0.383789 -0.318041 -0.539808 -2.424595
    64 2.472656 0.024414 0.000002 0.000000 0.000000 0.549751
    65 1.227539 0.003979 -0.000002 0.000000 0.000000 0.593370
    66 -0.263409 -0.117640 -0.015659 0.000036 -0.082210 -0.026800
    67 0.007707 -0.334360 -0.191575 0.070788 -0.181563 0.282364
    68 0.225562 -0.567923 -0.420715 0.119895 -0.183798 0.223460
    69 -0.203683 -0.095654 -0.328305 -1.745077 0.075142 -1.515382
    70 -1.393460 8.839182 -0.239439 1.580804 -0.005024 -1.566848
    71 0.036020 0.082815 -0.692656 -1.570769 0.065989 0.001276
    72 -0.088586 0.054020 -0.088594 0.010231 0.033800 -1.560851
    73 0.120153 -0.050270 -0.054489 -2.854024 0.030688 -1.580508
    74 -0.139399 -0.111694 0.014400 0.285395 -0.031353 1.580313
    75 -0.003479 -0.404833 0.000000 0.000000 0.000000 0.000000
    76 -0.309699 -4.593753 0.947859 -1.186387 1.434476 -1.173741
    77 0.000000 3.367188 0.863281 0.000000 0.000000 0.000000
    78 0.000922 -1.098811 1.956042 -0.078627 0.000000 0.000000
    79 0.000922 -1.504204 2.523408 0.000000 0.000000 0.000000
    80 0.001149 -8.921875 2.623047 0.000000 0.000000 0.000000
    81 -0.003576 -2.246094 1.304688 0.000000 0.000000 0.000000
    82 0.000922 -4.266811 1.683050 -0.072053 0.000000 0.000000
  time 18
    0 1.629157 0.000000 0.541027 0.000000 0.000000 -1.570796
    1 -0.201906 6.691797 -8.782955 5.450132 -1.313983 -4.083459
    2 -0.001605 -10.698019 -0.002571 0.342839 -0.129358 -0.131791
    3 -0.653320 -3.630859 -0.348633 -1.003534 -0.000001 -0.122159
    4 -0.013245 -1.508789 -0.000001 -1.090796 0.000000 0.000000
    5 0.000000 -0.953613 -0.000002 -1.223438 0.000000 0.000000
    6 0.007988 0.172184 -0.118553 -1.598091 -0.216549 -1.570593
    7 0.080660 0.135929 -0.203919 -1.506824 -0.066185 -1.662786
    8 0.117288 -0.155554 -0.604544 -1.412988 -0.374558 -1.569222
    9 0.128052 -3.763672 -0.348633 -0.890091 0.000000 -0.148347
    10 -0.006790 -1.567259 0.006726 -1.212969 0.000000 -0.000003
    11 0.000000 -1.165039 0.000000 -1.279286 0.000000 0.000000
    12 -0.018589 0.129953 -0.123721 -1.294580 0.001302 -1.635383
    13 -0.006160 0.170065 -0.110169 -1.280084 -0.068681 -1.597215
    14 0.047100 -0.104074 -0.352264 -1.243368 -0.257298 -1.694346
    15 0.949219 -3.619141 -0.348633 -0.349063 0.000002 0.130893
    16 -0.017794 -1.596358 -0.003443 -0.232704 0.000000 0.000000
    17 -0.002829 -0.941812 0.007065 -0.506268 0.000000 -0.000001
    18 -0.022325 0.045424 -0.038284 -1.125544 -0.129230 -1.681412
    19 -0.042900 -0.061274 -0.071212 -1.124462 -0.060454 -1.586099
    20 0.063741 -0.109104 -0.248158 -1.142813 -0.125805 -1.693583
    21 -1.408203 -3.248047 -0.348633 -0.788776 0.052706 -0.017693
    22 0.013451 -1.204102 0.000002 -0.931992 0.000000 0.000000
    23 -0.013000 -0.789551 0.000000 -1.061140 0.000000 0.000000
    24 -0.011721 0.093267 0.017949 -1.687855 -0.079155 -1.575164
    25 0.048863 -0.085541 0.028626 -1.715605 -0.034569 -1.653190
    26 0.173918 -0.198416 -0.336163 -1.668104 -0.422317 -1.710956
    27 0.438721 -0.485596 0.397461 0.505392 -0.466269 -1.212439
    28 2.355469 0.016098 0.000000 -0.304947 -0.017307 -0.456356
    29 1.251953 -0.000339 0.000000 0.000000 0.000000 -0.572457
    30 -0.267709 0.037512 -0.093907 2.913812 -0.143386 0.078467
    31 -0.029266 0.205408 -0.329287 2.788574 -0.255486 -0.188917
    32 0.204373 0.521055 -0.268577 2.886669 0.042206 -0.230367
    33 0.195697 -0.010059 -0.293538 -1.333586 0.150863 -1.672749
    34 1.257181 8.762590 -0.153713 -1.570562 0.002683 -1.566808
    35 -0.093500 -0.114213 -0.738866 -1.570842 0.061811 0.002096
    36 0.010843 0.093624 -0.081439 -3.141462 0.041719 -1.568236
    37 3.807481 -2.914782 -14.333752 -0.457790 -0.079429 2.211028
    38 0.104748 -10.673144 -0.005453 0.281116 -0.174823 0.462944
    39 0.555176 -3.650391 -0.346924 -1.081529 -0.046222 -0.024593
    40 0.026276 -1.509766 -0.000001 -0.427597 0.000000 0.000000
    41 0.013245 -0.927246 -0.000001 -0.453783 0.000000 0.000000
    42 0.006928 0.005329 -0.181358 -1.528500 -0.248579 -1.611362
    43 -0.052313 0.038589 -0.230757 -1.592493 -0.043415 -1.528515
    44 -0.232600 -0.209656 -0.420669 -1.713790 -0.167173 -1.438930
    45 -0.213013 -3.744141 -0.346924 -0.820268 0.000000 0.000000
    46 0.013237 -1.576172 -0.000002 -0.584630 0.000000 0.000000
    47 -0.000002 -1.178711 0.000000 -0.532321 0.000000 0.000000
    48 -0.038065 0.069166 -0.159883 -1.816986 0.066178 -1.575392
    49 -0.025151 0.088762 -0.068837 -1.817843 0.044510 -1.568287
    50 -0.102916 -0.186983 -0.272246 -1.833683 -0.232962 -1.472375
    51 -1.034180 -3.582031 -0.346680 -0.942461 0.000000 0.000000
    52 0.000000 -1.616211 0.000002 -0.287943 0.000000 0.000000
    53 -0.000001 -0.940430 -0.000001 -0.445049 0.000000 0.000000
    54 -0.004241 0.043707 -0.080203 -2.014997 -0.186996 -1.460723
    55 0.015383 -0.089136 -0.030010 -2.006083 0.036346 -1.568629
    56 -0.022610 -0.212357 -0.177905 -1.933161 -0.118801 -1.518895
    57 1.305107 -3.227548 -0.346114 -1.019595 -0.066932 -0.041063
    58 0.000000 -1.245117 0.000002 -0.584642 0.000000 0.000000
    59 0.000000 -0.768066 0.000000 -0.523598 0.000000 0.000000
    60 -0.067138 0.063251 -0.010961 -0.899214 -0.014515 -1.600326
    61 -0.151180 -0.007395 -0.070065 -0.913061 -0.118819 -1.408558
    62 -0.178164 -0.244680 -0.357067 -1.159916 -0.384260 -1.556110
    63 -0.385254 -0.459229 0.383789 -0.318041 -0.539808 -2.424595
    64 2.472656 0.024414 0.000002 0.000000 0.000000 0.549751
    65 1.227539 0.003979 -0.000002 0.000000 0.000000 0.593370
    66 -0.263409 -0.117640 -0.015659 0.000036 -0.082210 -0.026800
    67 0.007707 -0.334360 -0.191575 0.070788 -0.181563 0.282364
    68 0.225562 -0.567923 -0.420715 0.119895 -0.183798 0.223460
    69 -0.203683 -0.095654 -0.328305 -1.745077 0.075142 -1.515382
    70 -1.393460 8.839182 -0.239439 1.580804 -0.005024 -1.566848
    71 0.036020 0.082815 -0.692656 -1.570769 0.065989 0.001276
    72 -0.088586 0.054020 -0.088594 0.010231 0.033800 -1.560851
    73 0.120153 -0.050270 -0.054489 -2.854024 0.030688 -1.580508
    74 -0.139399 -0.111694 0.014400 0.285395 -0.031353 1.580313
    75 -0.003479 -0.404833 0.000000 0.000000 0.000000 0.000000
    76 -0.313605 -4.593753 0.947859 -1.186375 1.434476 -1.173741
    77 0.000000 3.367188 0.863281 0.000000 0.000000 0.000000
    78 0.000922 -1.098811 1.959949 -0.072139 0.000000 0.000000
    79 0.000922 -1.504204 2.527314 0.000000 0.000000 0.000000
    80 0.001149 -8.921875 2.623047 0.000000 0.000000 0.000000
    81 -0.003576 -2.246094 1.304688 0.000000 0.000000 0.000000
    82 0.000922 -4.262904 1.683050 -0.078172 0.000000 0.000000
  time 19
    0 1.629157 0.000000 0.541027 0.000000 0.000000 -1.570796
    1 -0.205812 6.687890 -8.782955 5.454419 -1.315445 -4.088857
    2 -0.001605 -10.701926 -0.006478 0.345103 -0.129035 -0.134968
    3 -0.653320 -3.630859 -0.348633 -1.003534 -0.000001 -0.122159
    4 -0.013245 -1.508789 -0.000001 -1.090796 0.000000 0.000000
    5 0.000000 -0.953613 -0.000002 -1.223438 0.000000 0.000000
    6 0.007988 0.172184 -0.118553 -1.598091 -0.216549 -1.570593
    7 0.080660 0.135929 -0.203919 -1.506824 -0.066185 -1.662786
    8 0.117288 -0.155554 -0.604544 -1.412988 -0.374558 -1.569222
    9 0.128052 -3.763672 -0.348633 -0.890091 0.000000 -0.148347
    10 -0.006790 -1.567259 0.002820 -1.212969 0.000000 0.000009
    11 0.000000 -1.165039 0.000000 -1.279286 0.000000 0.000000
    12 -0.018589 0.129953 -0.123721 -1.294580 0.001302 -1.635383
    13 -0.006160 0.170065 -0.110169 -1.280084 -0.068681 -1.597215
    14 0.047100 -0.104074 -0.352264 -1.243368 -0.257298 -1.694346
    15 0.949219 -3.619141 -0.348633 -0.349063 0.000002 0.130893
    16 -0.017794 -1.596358 -0.003443 -0.227474 0.000000 0.000000
    17 -0.002829 -0.941812 0.007065 -0.498986 0.000000 -0.000001
    18 -0.022325 0.045424 -0.038284 -1.125544 -0.129230 -1.681412
    19 -0.042900 -0.061274 -0.071212 -1.124462 -0.060454 -1.586099
    20 0.063741 -0.109104 -0.248158 -1.142813 -0.125805 -1.693583
    21 -1.408203 -3.248047 -0.348633 -0.788776 0.052706 -0.017693
    22 0.013451 -1.204102 0.000002 -0.931992 0.000000 0.000000
    23 -0.013000 -0.789551 0.000000 -1.061140 0.000000 0.000000
    24 -0.011721 0.093267 0.017949 -1.687855 -0.079155 -1.575164
    25 0.048863 -0.085541 0.028626 -1.715605 -0.034569 -1.653190
    26 0.173918 -0.198416 -0.336163 -1.668104 -0.422317 -1.710956
    27 0.438721 -0.485596 0.397461 0.505392 -0.466269 -1.212439
    28 2.355469 0.016098 0.000000 -0.304947 -0.017307 -0.456356
    29 1.251953 -0.000339 0.000000 0.000000 0.000000 -0.572457
    30 -0.267709 0.037512 -0.093907 2.913812 -0.143386 0.078467
    31 -0.029266 0.205408 -0.329287 2.788574 -0.255486 -0.188917
    32 0.204373 0.521055 -0.268577 2.886669 0.042206 -0.230367
    33 0.195697 -0.010059 -0.293538 -1.333586 0.150863 -1.672749
    34 1.257181 8.762590 -0.153713 -1.570562 0.002683 -1.566808
    35 -0.093500 -0.114213 -0.738866 -1.570842 0.061811 0.002096
    36 0.010843 0.093624 -0.081439 -3.141462 0.041719 -1.568236
    37 3.768417 -2.938220 -14.361097 -0.451876 -0.073961 2.208161
    38 0.104748 -10.673144 -0.005453 0.264438 -0.182932 0.461709
    39 0.555176 -3.650391 -0.346924 -1.081529 -0.046222 -0.024593
    40 0.026276 -1.509766 -0.000001 -0.427597 0.000000 0.000000
    41 0.013245 -0.927246 -0.000001 -0.453783 0.000000 0.000000
    42 0.006928 0.005329 -0.181358 -1.528500 -0.248579 -1.611362
    43 -0.052313 0.038589 -0.230757 -1.592493 -0.043415 -1.528515
    44 -0.232600 -0.209656 -0.420669 -1.713790 -0.167173 -1.438930
    45 -0.213013 -3.744141 -0.346924 -0.820268 0.000000 0.000000
    46 0.013237 -1.576172 -0.000002 -0.584630 0.000000 0.000000
    47 -0.000002 -1.178711 0.000000 -0.532321 0.000000 0.000000
    48 -0.038065 0.069166 -0.159883 -1.816986 0.066178 -1.575392
    49 -0.025151 0.088762 -0.068837 -1.817843 0.044510 -1.568287
    50 -0.102916 -0.186983 -0.272246 -1.833683 -0.232962 -1.472375
    51 -1.034180 -3.582031 -0.346680 -0.942461 0.000000 0.000000
    52 0.000000 -1.616211 0.000002 -0.287943 0.000000 0.000000
    53 -0.000001 -0.940430 -0.000001 -0.445049 0.000000 0.000000
    54 -0.004241 0.043707 -0.080203 -2.014997 -0.186996 -1.460723
    55 0.015383 -0.089136 -0.030010 -2.006083 0.036346 -1.568629
    56 -0.022610 -0.212357 -0.177905 -1.933161 -0.118801 -1.518895
    57 1.309013 -3.227548 -0.342207 -1.019595 -0.066932 -0.041063
    58 0.000000 -1.245117 0.000002 -0.584642 0.000000 0.000000
    59 0.000000 -0.768066 0.000000 -0.523598 0.000000 0.000000
    60 -0.067138 0.063251 -0.010961 -0.899214 -0.014515 -1.600326
    61 -0.151180 -0.007395 -0.070065 -0.913061 -0.118819 -1.408558
    62 -0.178164 -0.244680 -0.357067 -1.159916 -0.384260 -1.556110
    63 -0.385254 -0.459229 0.383789 -0.318041 -0.539808 -2.424595
    64 2.472656 0.024414 0.000002 0.000000 0.000000 0.549751
    65 1.227539 0.003979 -0.000002 0.000000 0.000000 0.593370
    66 -0.263409 -0.117640 -0.015659 0.000036 -0.082210 -0.026800
    67 0.007707 -0.334360 -0.191575 0.070788 -0.181563 0.282364
    68 0.225562 -0.567923 -0.420715 0.119895 -0.183798 0.223460
    69 -0.203683 -0.095654 -0.328305 -1.745077 0.075142 -1.515382
    70 -1.393460 8.839182 -0.239439 1.580804 -0.005024 -1.566848
    71 0.036020 0.082815 -0.692656 -1.570769 0.065989 0.001276
    72 -0.088586 0.054020 -0.088594 0.010231 0.033800 -1.560851
    73 0.120153 -0.050270 -0.054489 -2.854024 0.030688 -1.580508
    74 -0.139399 -0.111694 0.014400 0.285395 -0.031353 1.580313
    75 -0.003479 -0.404833 0.000000 0.000000 0.000000 0.000000
    76 -0.309699 -4.593753 0.947859 -1.186387 1.434476 -1.173741
    77 0.000000 3.367188 0.863281 0.000000 0.000000 0.000000
    78 0.000922 -1.098811 1.959949 -0.064944 0.000000 0.000000
    79 0.000922 -1.504204 2.527314 0.000000 0.000000 0.000000
    80 0.001149 -8.921875 2.623047 0.000000 0.000000 0.000000
    81 -0.003576 -2.246094 1.304688 0.000000 0.000000 0.000000
    82 0.000922 -4.262904 1.683050 -0.082475 0.000000 0.000000
  time 20
    0 1.629157 0.000000 0.541027 0.000000 0.000000 -1.570796
    1 -0.217531 6.687890 -8.782955 5.458617 -1.316813 -4.093626
    2 -0.005512 -10.698019 -0.002571 0.346670 -0.128435 -0.138122
    3 -0.653320 -3.630859 -0.348633 -1.003534 -0.000001 -0.122159
    4 -0.013245 -1.508789 -0.000001 -1.090796 0.000000 0.000000
    5 0.000000 -0.953613 -0.000002 -1.223438 0.000000 0.000000
    6 0.007988 0.172184 -0.118553 -1.598091 -0.216549 -1.570593
    7 0.080660 0.135929 -0.203919 -1.506824 -0.066185 -1.662786
    8 0.117288 -0.155554 -0.604544 -1.412988 -0.374558 -1.569222
    9 0.128052 -3.763672 -0.348633 -0.890091 0.000000 -0.148347
    10 -0.006790 -1.567259 0.006726 -1.212969 0.000000 0.000009
    11 0.000000 -1.165039 0.000000 -1.279286 0.000000 0.000000
    12 -0.018589 0.129953 -0.123721 -1.294580 0.001302 -1.635383
    13 -0.006160 0.170065 -0.110169 -1.280084 -0.068681 -1.597215
    14 0.047100 -0.104074 -0.352264 -1.243368 -0.257298 -1.694346
    15 0.949219 -3.619141 -0.348633 -0.349063 0.000002 0.130893
    16 -0.021700 -1.596358 -0.003443 -0.224423 0.000000 0.000000
    17 -0.002829 -0.937906 0.007065 -0.494074 0.000000 -0.000001
    18 -0.022325 0.045424 -0.038284 -1.125544 -0.129230 -1.681412
    19 -0.042900 -0.061274 -0.071212 -1.124462 -0.060454 -1.586099
    20 0.063741 -0.109104 -0.248158 -1.142813 -0.125805 -1.693583
    21 -1.408203 -3.248047 -0.348633 -0.788776 0.052706 -0.017693
    22 0.013451 -1.204102 0.000002 -0.931992 0.000000 0.000000
    23 -0.013000 -0.789551 0.000000 -1.061140 0.000000 0.000000
    24 -0.011721 0.093267 0.017949 -1.687855 -0.079155 -1.575164
    25 0.048863 -0.085541 0.028626 -1.715605 -0.034569 -1.653190
    26 0.173918 -0.198416 -0.336163 -1.668104 -0.422317 -1.710956
    27 0.438721 -0.485596 0.397461 0.505392 -0.466269 -1.212439
    28 2.355469 0.016098 0.000000 -0.304947 -0.017307 -0.456356
    29 1.251953 -0.000339 0.000000 0.000000 0.000000 -0.572457
    30 -0.267709 0.037512 -0.093907 2.913812 -0.143386 0.078467
    31 -0.029266 0.205408 -0.329287 2.788574 -0.255486 -0.188917
    32 0.204373 0.521055 -0.268577 2.886669 0.042206 -0.230367
    33 0.195697 -0.010059 -0.293538 -1.333586 0.150863 -1.672749
    34 1.257181 8.762590 -0.153713 -1.570562 0.002683 -1.566808
    35 -0.093500 -0.114213 -0.738866 -1.570842 0.061811 0.002096
    36 0.010843 0.093624 -0.081439 -3.141462 0.041719 -1.568236
    37 3.737166 -2.957752 -14.376722 -0.445105 -0.067605 2.204625
    38 0.104748 -10.673144 -0.005453 0.247492 -0.191601 0.460445
    39 0.555176 -3.650391 -0.346924 -1.081529 -0.046222 -0.024593
    40 0.026276 -1.509766 -0.000001 -0.427597 0.000000 0.000000
    41 0.013245 -0.927246 -0.000001 -0.453783 0.000000 0.000000
    42 0.006928 0.005329 -0.181358 -1.528500 -0.248579 -1.611362
    43 -0.052313 0.038589 -0.230757 -1.592493 -0.043415 -1.528515
    44 -0.232600 -0.209656 -0.420669 -1.713790 -0.167173 -1.438930
    45 -0.213013 -3.744141 -0.346924 -0.820268 0.000000 0.000000
    46 0.013237 -1.576172 -0.000002 -0.584630 0.000000 0.000000
    47 -0.000002 -1.178711 0.000000 -0.532321 0.000000 0.000000
    48 -0.038065 0.069166 -0.159883 -1.816986 0.066178 -1.575392
    49 -0.025151 0.088762 -0.068837 -1.817843 0.044510 -1.568287
    50 -0.102916 -0.186983 -0.272246 -1.833683 -0.232962 -1.472375
    51 -1.034180 -3.582031 -0.346680 -0.942461 0.000000 0.000000
    52 0.000000 -1.616211 0.000002 -0.287943 0.000000 0.000000
    53 -0.000001 -0.940430 -0.000001 -0.445049 0.000000 0.000000
    54 -0.004241 0.043707 -0.080203 -2.014997 -0.186996 -1.460723
    55 0.015383 -0.089136 -0.030010 -2.006083 0.036346 -1.568629
    56 -0.022610 -0.212357 -0.177905 -1.933161 -0.118801 -1.518895
    57 1.309013 -3.227548 -0.342207 -1.019595 -0.066932 -0.041063
    58 0.000000 -1.245117 0.000002 -0.584642 0.000000 0.000000
    59 0.000000 -0.768066 0.000000 -0.523598 0.000000 0.000000
    60 -0.067138 0.063251 -0.010961 -0.899214 -0.014515 -1.600326
    61 -0.151180 -0.007395 -0.070065 -0.913061 -0.118819 -1.408558
    62 -0.178164 -0.244680 -0.357067 -1.159916 -0.384260 -1.556110
    63 -0.385254 -0.459229 0.383789 -0.318041 -0.539808 -2.424595
    64 2.472656 0.024414 0.000002 0.000000 0.000000 0.549751
    65 1.227539 0.003979 -0.000002 0.000000 0.000000 0.593370
    66 -0.263409 -0.117640 -0.015659 0.000036 -0.082210 -0.026800
    67 0.007707 -0.334360 -0.191575 0.070788 -0.181563 0.282364
    68 0.225562 -0.567923 -0.420715 0.119895 -0.183798 0.223460
    69 -0.203683 -0.095654 -0.328305 -1.745077 0.075142 -1.515382
    70 -1.393460 8.839182 -0.239439 1.580804 -0.005024 -1.566848
    71 0.036020 0.082815 -0.692656 -1.570769 0.065989 0.001276
    72 -0.088586 0.054020 -0.088594 0.010231 0.033800 -1.560851
    73 0.120153 -0.050270 -0.054489 -2.854024 0.030688 -1.580508
    74 -0.139399 -0.111694 0.014400 0.285395 -0.031353 1.580313
    75 -0.003479 -0.404833 0.000000 0.000000 0.000000 0.000000
    76 -0.309699 -4.593753 0.947859 -1.186387 1.434476 -1.173741
    77 0.000000 3.367188 0.863281 0.000000 0.000000 0.000000
    78 0.000922 -1.098811 1.959949 -0.057257 0.000000 0.000000
    79 0.000922 -1.504204 2.527314 0.000000 0.000000 0.000000
    80 0.001149 -8.921875 2.623047 0.000000 0.000000 0.000000
    81 -0.003576 -2.246094 1.304688 0.000000 0.000000 0.000000
    82 0.000922 -4.262904 1.683050 -0.084948 0.000000 0.000000
  time 21
    0 1.629157 0.000000 0.541027 0.000000 0.000000 -1.570796
    1 -0.217531 6.687890 -8.782955 5.463351 -1.318181 -4.098934
    2 -0.001605 -10.701926 -0.002571 0.347680 -0.127581 -0.141230
    3 -0.653320 -3.630859 -0.348633 -1.003534 -0.000001 -0.122159
    4 -0.013245 -1.508789 -0.000001 -1.090796 0.000000 0.000000
    5 0.000000 -0.953613 -0.000002 -1.223438 0.000000 0.000000
    6 0.007988 0.172184 -0.118553 -1.598091 -0.216549 -1.570593
    7 0.080660 0.135929 -0.203919 -1.506824 -0.066185 -1.662786
    8 0.117288 -0.155554 -0.604544 -1.412988 -0.374558 -1.569222
    9 0.128052 -3.763672 -0.348633 -0.890091 0.000000 -0.148347
    10 -0.002884 -1.567259 0.006726 -1.212969 0.000000 -0.000003
    11 0.000000 -1.165039 0.000000 -1.279286 0.000000 0.000000
    12 -0.018589 0.129953 -0.123721 -1.294580 0.001302 -1.635383
    13 -0.006160 0.170065 -0.110169 -1.280084 -0.068681 -1.597215
    14 0.047100 -0.104074 -0.352264 -1.243368 -0.257298 -1.694346
    15 0.949219 -3.619141 -0.348633 -0.349063 0.000002 0.130893
    16 -0.021700 -1.596358 -0.003443 -0.223500 0.000000 0.000000
    17 -0.002829 -0.941812 0.007065 -0.491532 0.000000 -0.000001
    18 -0.022325 0.045424 -0.038284 -1.125544 -0.129230 -1.681412
    19 -0.042900 -0.061274 -0.071212 -1.124462 -0.060454 -1.586099
    20 0.063741 -0.109104 -0.248158 -1.142813 -0.125805 -1.693583
    21 -1.408203 -3.248047 -0.348633 -0.788776 0.052706 -0.017693
    22 0.013451 -1.204102 0.000002 -0.931992 0.000000 0.000000
    23 -0.013000 -0.789551 0.000000 -1.061140 0.000000 0.000000
    24 -0.011721 0.093267 0.017949 -1.687855 -0.079155 -1.575164
    25 0.048863 -0.085541 0.028626 -1.715605 -0.034569 -1.653190
    26 0.173918 -0.198416 -0.336163 -1.668104 -0.422317 -1.710956
    27 0.438721 -0.485596 0.397461 0.505392 -0.466269 -1.212439
    28 2.355469 0.016098 0.000000 -0.304947 -0.017307 -0.456356
    29 1.251953 -0.000339 0.000000 0.000000 0.000000 -0.572457
    30 -0.267709 0.037512 -0.093907 2.913812 -0.143386 0.078467
    31 -0.029266 0.205408 -0.329287 2.788574 -0.255486 -0.188917
    32 0.204373 0.521055 -0.268577 2.886669 0.042206 -0.230367
    33 0.195697 -0.010059 -0.293538 -1.333586 0.150863 -1.672749
    34 1.257181 8.762590 -0.153713 -1.570562 0.002683 -1.566808
    35 -0.093500 -0.114213 -0.738866 -1.570842 0.061811 0.002096
    36 0.010843 0.093624 -0.081439 -3.141462 0.041719 -1.568236
    37 3.694196 -2.977284 -14.376722 -0.438142 -0.060875 2.201280
    38 0.104748 -10.673144 -0.001547 0.230276 -0.200809 0.459266
    39 0.555176 -3.650391 -0.346924 -1.081529 -0.046222 -0.024593
    40 0.026276 -1.509766 -0.000001 -0.427597 0.000000 0.000000
    41 0.013245 -0.927246 -0.000001 -0.453783 0.000000 0.000000
    42 0.006928 0.005329 -0.181358 -1.528500 -0.248579 -1.611362
    43 -0.052313 0.038589 -0.230757 -1.592493 -0.043415 -1.528515
    44 -0.232600 -0.209656 -0.420669 -1.713790 -0.167173 -1.438930
    45 -0.213013 -3.744141 -0.346924 -0.820268 0.000000 0.000000
    46 0.013237 -1.576172 -0.000002 -0.584630 0.000000 0.000000
    47 -0.000002 -1.178711 0.000000 -0.532321 0.000000 0.000000
    48 -0.038065 0.069166 -0.159883 -1.816986 0.066178 -1.575392
    49 -0.025151 0.088762 -0.068837 -1.817843 0.044510 -1.568287
    50 -0.102916 -0.186983 -0.272246 -1.833683 -0.232962 -1.472375
    51 -1.034180 -3.582031 -0.346680 -0.942461 0.000000 0.000000
    52 0.000000 -1.616211 0.000002 -0.287943 0.000000 0.000000
    53 -0.000001 -0.940430 -0.000001 -0.445049 0.000000 0.000000
    54 -0.004241 0.043707 -0.080203 -2.014997 -0.186996 -1.460723
    55 0.015383 -0.089136 -0.030010 -2.006083 0.036346 -1.568629
    56 -0.022610 -0.212357 -0.177905 -1.933161 -0.118801 -1.518895
    57 1.309013 -3.227548 -0.342207 -1.019595 -0.066932 -0.041063
    58 0.000000 -1.245117 0.000002 -0.584642 0.000000 0.000000
    59 0.000000 -0.768066 0.000000 -0.523598 0.000000 0.000000
    60 -0.067138 0.063251 -0.010961 -0.899214 -0.014515 -1.600326
    61 -0.151180 -0.007395 -0.070065 -0.913061 -0.118819 -1.408558
    62 -0.178164 -0.244680 -0.357067 -1.159916 -0.384260 -1.556110
    63 -0.385254 -0.459229 0.383789 -0.318041 -0.539808 -2.424595
    64 2.472656 0.024414 0.000002 0.000000 0.000000 0.549751
    65 1.227539 0.003979 -0.000002 0.000000 0.000000 0.593370
    66 -0.263409 -0.117640 -0.015659 0.000036 -0.082210 -0.026800
    67 0.007707 -0.334360 -0.191575 0.070788 -0.181563 0.282364
    68 0.225562 -0.567923 -0.420715 0.119895 -0.183798 0.223460
    69 -0.203683 -0.095654 -0.328305 -1.745077 0.075142 -1.515382
    70 -1.393460 8.839182 -0.239439 1.580804 -0.005024 -1.566848
    71 0.036020 0.082815 -0.692656 -1.570769 0.065989 0.001276
    72 -0.088586 0.054020 -0.088594 0.010231 0.033800 -1.560851
    73 0.120153 -0.050270 -0.054489 -2.854024 0.030688 -1.580508
    74 -0.139399 -0.111694 0.014400 0.285395 -0.031353 1.580313
    75 -0.003479 -0.404833 0.000000 0.000000 0.000000 0.000000
    76 -0.309699 -4.593753 0.947859 -1.186387 1.434476 -1.173741
    77 0.000000 3.367188 0.863281 0.000000 0.000000 0.000000
    78 0.000922 -1.098811 1.959949 -0.049249 0.000000 0.000000
    79 0.000922 -1.504204 2.527314 0.000000 0.000000 0.000000
    80 0.001149 -8.921875 2.623047 0.000000 0.000000 0.000000
    81 -0.003576 -2.246094 1.304688 0.000000 0.000000 0.000000
    82 0.000922 -4.266811 1.683050 -0.085534 0.000000 0.000000
  time 22
    0 1.629157 0.000000 0.541027 0.000000 0.000000 -1.570796
    1 -0.221437 6.687890 -8.782955 5.468532 -1.319549 -4.104242
    2 -0.001605 -10.701926 -0.002571 0.348273 -0.126612 -0.144315
    3 -0.653320 -3.630859 -0.348633 -1.003534 -0.000001 -0.122159
    4 -0.013245 -1.508789 -0.000001 -1.090796 0.000000 0.000000
    5 0.000000 -0.953613 -0.000002 -1.223438 0.000000 0.000000
    6 0.007988 0.172184 -0.118553 -1.598091 -0.216549 -1.570593
    7 0.080660 0.135929 -0.203919 -1.506824 -0.066185 -1.662786
    8 0.117288 -0.155554 -0.604544 -1.412988 -0.374558 -1.569222
    9 0.128052 -3.763672 -0.348633 -0.890091 0.000000 -0.148347
    10 -0.006790 -1.567259 0.006726 -1.212969 0.000000 0.000009
    11 0.000000 -1.165039 0.000000 -1.279286 0.000000 0.000000
    12 -0.018589 0.129953 -0.123721 -1.294580 0.001302 -1.635383
    13 -0.006160 0.170065 -0.110169 -1.280084 -0.068681 -1.597215
    14 0.047100 -0.104074 -0.352264 -1.243368 -0.257298 -1.694346
    15 0.949219 -3.619141 -0.348633 -0.349063 0.000002 0.130893
    16 -0.017794 -1.596358 -0.003443 -0.224859 0.000000 0.000000
    17 -0.006735 -0.937906 0.007065 -0.491601 0.000000 -0.000001
    18 -0.022325 0.045424 -0.038284 -1.125544 -0.129230 -1.681412
    19 -0.042900 -0.061274 -0.071212 -1.124462 -0.060454 -1.586099
    20 0.063741 -0.109104 -0.248158 -1.142813 -0.125805 -1.693583
    21 -1.408203 -3.248047 -0.348633 -0.788776 0.052706 -0.017693
    22 0.013451 -1.204102 0.000002 -0.931992 0.000000 0.000000
    23 -0.013000 -0.789551 0.000000 -1.061140 0.000000 0.000000
    24 -0.011721 0.093267 0.017949 -1.687855 -0.079155 -1.575164
    25 0.048863 -0.085541 0.028626 -1.715605 -0.034569 -1.653190
    26 0.173918 -0.198416 -0.336163 -1.668104 -0.422317 -1.710956
    27 0.438721 -0.485596 0.397461 0.505392 -0.466269 -1.212439
    28 2.355469 0.016098 0.000000 -0.304947 -0.017307 -0.456356
    29 1.251953 -0.000339 0.000000 0.000000 0.000000 -0.572457
    30 -0.267709 0.037512 -0.093907 2.913812 -0.143386 0.078467
    31 -0.029266 0.205408 -0.329287 2.788574 -0.255486 -0.188917
    32 0.204373 0.521055 -0.268577 2.886669 0.042206 -0.230367
    33 0.195697 -0.010059 -0.293538 -1.333586 0.150863 -1.672749
    34 1.257181 8.762590 -0.153713 -1.570562 0.002683 -1.566808
    35 -0.093500 -0.114213 -0.738866 -1.570842 0.061811 0.002096
    36 0.010843 0.093624 -0.081439 -3.141462 0.041719 -1.568236
    37 3.651226 -2.989003 -14.361097 -0.430894 -0.054005 2.197840
    38 0.104748 -10.673144 -0.001547 0.212872 -0.210391 0.458171
    39 0.555176 -3.650391 -0.346924 -1.081529 -0.046222 -0.024593
    40 0.026276 -1.509766 -0.000001 -0.427597 0.000000 0.000000
    41 0.013245 -0.927246 -0.000001 -0.453783 0.000000 0.000000
    42 0.006928 0.005329 -0.181358 -1.528500 -0.248579 -1.611362
    43 -0.052313 0.038589 -0.230757 -1.592493 -0.043415 -1.528515
    44 -0.232600 -0.209656 -0.420669 -1.713790 -0.167173 -1.438930
    45 -0.213013 -3.744141 -0.346924 -0.820268 0.000000 0.000000
    46 0.013237 -1.576172 -0.000002 -0.584630 0.000000 0.000000
    47 -0.000002 -1.178711 0.000000 -0.532321 0.000000 0.000000
    48 -0.038065 0.069166 -0.159883 -1.816986 0.066178 -1.575392
    49 -0.025151 0.088762 -0.068837 -1.817843 0.044510 -1.568287
    50 -0.102916 -0.186983 -0.272246 -1.833683 -0.232962 -1.472375
    51 -1.034180 -3.582031 -0.346680 -0.942461 0.000000 0.000000
    52 0.000000 -1.616211 0.000002 -0.287943 0.000000 0.000000
    53 -0.000001 -0.940430 -0.000001 -0.445049 0.000000 0.000000
    54 -0.004241 0.043707 -0.080203 -2.014997 -0.186996 -1.460723
    55 0.015383 -0.089136 -0.030010 -2.006083 0.036346 -1.568629
    56 -0.022610 -0.212357 -0.177905 -1.933161 -0.118801 -1.518895
    57 1.309013 -3.227548 -0.342207 -1.019595 -0.066932 -0.041063
    58 0.000000 -1.245117 0.000002 -0.584642 0.000000 0.000000
    59 0.000000 -0.768066 0.000000 -0.523598 0.000000 0.000000
    60 -0.067138 0.063251 -0.010961 -0.899214 -0.014515 -1.600326
    61 -0.151180 -0.007395 -0.070065 -0.913061 -0.118819 -1.408558
    62 -0.178164 -0.244680 -0.357067 -1.159916 -0.384260 -1.556110
    63 -0.385254 -0.459229 0.383789 -0.318041 -0.539808 -2.424595
    64 2.472656 0.024414 0.000002 0.000000 0.000000 0.549751
    65 1.227539 0.003979 -0.000002 0.000000 0.000000 0.593370
    66 -0.263409 -0.117640 -0.015659 0.000036 -0.082210 -0.026800
    67 0.007707 -0.334360 -0.191575 0.070788 -0.181563 0.282364
    68 0.225562 -0.567923 -0.420715 0.119895 -0.183798 0.223460
    69 -0.203683 -0.095654 -0.328305 -1.745077 0.075142 -1.515382
    70 -1.393460 8.839182 -0.239439 1.580804 -0.005024 -1.566848
    71 0.036020 0.082815 -0.692656 -1.570769 0.065989 0.001276
    72 -0.088586 0.054020 -0.088594 0.010231 0.033800 -1.560851
    73 0.120153 -0.050270 -0.054489 -2.854024 0.030688 -1.580508
    74 -0.139399 -0.111694 0.014400 0.285395 -0.031353 1.580313
    75 -0.003479 -0.404833 0.000000 0.000000 0.000000 0.000000
    76 -0.313605 -4.593753 0.947859 -1.186387 1.434440 -1.173741
    77 0.000000 3.367188 0.863281 0.000000 0.000000 0.000000
    78 0.000922 -1.098811 1.959949 -0.041219 0.000000 0.000000
    79 0.000922 -1.504204 2.527314 0.000000 0.000000 0.000000
    80 0.001149 -8.921875 2.623047 0.000000 0.000000 0.000000
    81 -0.003576 -2.246094 1.304688 0.000000 0.000000 0.000000
    82 0.000922 -4.266811 1.683050 -0.084219 0.000000 0.000000
  time 23
    0 1.629157 0.000000 0.541027 0.000000 0.000000 -1.570796
    1 -0.221437 6.687890 -8.782955 5.473891 -1.320964 -4.109911
    2 -0.005512 -10.701926 -0.002571 0.348482 -0.125481 -0.147308
    3 -0.653320 -3.630859 -0.348633 -1.003534 -0.000001 -0.122159
    4 -0.013245 -1.508789 -0.000001 -1.090796 0.000000 0.000000
    5 0.000000 -0.953613 -0.000002 -1.223438 0.000000 0.000000
    6 0.007988 0.172184 -0.118553 -1.598091 -0.216549 -1.570593
    7 0.080660 0.135929 -0.203919 -1.506824 -0.066185 -1.662786
    8 0.117288 -0.155554 -0.604544 -1.412988 -0.374558 -1.569222
    9 0.128052 -3.763672 -0.348633 -0.890091 0.000000 -0.148347
    10 -0.006790 -1.567259 0.002820 -1.212969 0.000000 -0.000003
    11 0.000000 -1.165039 0.000000 -1.279286 0.000000 0.000000
    12 -0.018589 0.129953 -0.123721 -1.294580 0.001302 -1.635383
    13 -0.006160 0.170065 -0.110169 -1.280084 -0.068681 -1.597215
    14 0.047100 -0.104074 -0.352264 -1.243368 -0.257298 -1.694346
    15 0.949219 -3.619141 -0.348633 -0.349063 0.000002 0.130893
    16 -0.021700 -1.596358 -0.003443 -0.228474 0.000000 0.000000
    17 -0.002829 -0.941812 0.007065 -0.494177 0.000000 -0.000001
    18 -0.022325 0.045424 -0.038284 -1.125544 -0.129230 -1.681412
    19 -0.042900 -0.061274 -0.071212 -1.124462 -0.060454 -1.586099
    20 0.063741 -0.109104 -0.248158 -1.142813 -0.125805 -1.693583
    21 -1.408203 -3.248047 -0.348633 -0.788776 0.052706 -0.017693
    22 0.013451 -1.204102 0.000002 -0.931992 0.000000 0.000000
    23 -0.013000 -0.789551 0.000000 -1.061140 0.000000 0.000000
    24 -0.011721 0.093267 0.017949 -1.687855 -0.079155 -1.575164
    25 0.048863 -0.085541 0.028626 -1.715605 -0.034569 -1.653190
    26 0.173918 -0.198416 -0.336163 -1.668104 -0.422317 -1.710956
    27 0.438721 -0.485596 0.397461 0.505392 -0.466269 -1.212439
    28 2.355469 0.016098 0.000000 -0.304947 -0.017307 -0.456356
    29 1.251953 -0.000339 0.000000 0.000000 0.000000 -0.572457
    30 -0.267709 0.037512 -0.093907 2.913812 -0.143386 0.078467
    31 -0.029266 0.205408 -0.329287 2.788574 -0.255486 -0.188917
    32 0.204373 0.521055 -0.268577 2.886669 0.042206 -0.230367
    33 0.195697 -0.010059 -0.293538 -1.333586 0.150863 -1.672749
    34 1.257181 8.762590 -0.153713 -1.570562 0.002683 -1.566808
    35 -0.093500 -0.114213 -0.738866 -1.570842 0.061811 0.002096
    36 0.010843 0.093624 -0.081439 -3.141462 0.041719 -1.568236
    37 3.612162 -3.008535 -14.329846 -0.423454 -0.046994 2.194495
    38 0.104748 -10.673144 -0.001547 0.195414 -0.220200 0.457188
    39 0.555176 -3.650391 -0.346924 -1.081529 -0.046222 -0.024593
    40 0.026276 -1.509766 -0.000001 -0.427597 0.000000 0.000000
    41 0.013245 -0.927246 -0.000001 -0.453783 0.000000 0.000000
    42 0.006928 0.005329 -0.181358 -1.528500 -0.248579 -1.611362
    43 -0.052313 0.038589 -0.230757 -1.592493 -0.043415 -1.528515
    44 -0.232600 -0.209656 -0.420669 -1.713790 -0.167173 -1.438930
    45 -0.213013 -3.744141 -0.346924 -0.820268 0.000000 0.000000
    46 0.013237 -1.576172 -0.000002 -0.584630 0.000000 0.000000
    47 -0.000002 -1.178711 0.000000 -0.532321 0.000000 0.000000
    48 -0.038065 0.069166 -0.159883 -1.816986 0.066178 -1.575392
    49 -0.025151 0.088762 -0.068837 -1.817843 0.044510 -1.568287
    50 -0.102916 -0.186983 -0.272246 -1.833683 -0.232962 -1.472375
    51 -1.034180 -3.582031 -0.346680 -0.942461 0.000000 0.000000
    52 0.000000 -1.616211 0.000002 -0.287943 0.000000 0.000000
    53 -0.000001 -0.940430 -0.000001 -0.445049 0.000000 0.000000
    54 -0.004241 0.043707 -0.080203 -2.014997 -0.186996 -1.460723
    55 0.015383 -0.089136 -0.030010 -2.006083 0.036346 -1.568629
    56 -0.022610 -0.212357 -0.177905 -1.933161 -0.118801 -1.518895
    57 1.309013 -3.227548 -0.342207 -1.019595 -0.066932 -0.041063
    58 0.000000 -1.245117 0.000002 -0.584642 0.000000 0.000000
    59 0.000000 -0.768066 0.000000 -0.523598 0.000000 0.000000
    60 -0.067138 0.063251 -0.010961 -0.899214 -0.014515 -1.600326
    61 -0.151180 -0.007395 -0.070065 -0.913061 -0.118819 -1.408558
    62 -0.178164 -0.244680 -0.357067 -1.159916 -0.384260 -1.556110
    63 -0.385254 -0.459229 0.383789 -0.318041 -0.539808 -2.424595
    64 2.472656 0.024414 0.000002 0.000000 0.000000 0.549751
    65 1.227539 0.003979 -0.000002 0.000000 0.000000 0.593370
    66 -0.263409 -0.117640 -0.015659 0.000036 -0.082210 -0.026800
    67 0.007707 -0.334360 -0.191575 0.070788 -0.181563 0.282364
    68 0.225562 -0.567923 -0.420715 0.119895 -0.183798 0.223460
    69 -0.203683 -0.095654 -0.328305 -1.745077 0.075142 -1.515382
    70 -1.393460 8.839182 -0.239439 1.580804 -0.005024 -1.566848
    71 0.036020 0.082815 -0.692656 -1.570769 0.065989 0.001276
    72 -0.088586 0.054020 -0.088594 0.010231 0.033800 -1.560851
    73 0.120153 -0.050270 -0.054489 -2.854024 0.030688 -1.580508
    74 -0.139399 -0.111694 0.014400 0.285395 -0.031353 1.580313
    75 -0.003479 -0.404833 0.000000 0.000000 0.000000 0.000000
    76 -0.309699 -4.593753 0.951765 -1.186387 1.434452 -1.173741
    77 0.000000 3.367188 0.863281 0.000000 0.000000 0.000000
    78 0.000922 -1.098811 1.959949 -0.033318 0.000000 0.000000
    79 0.000922 -1.504204 2.527314 0.000000 0.000000 0.000000
    80 0.001149 -8.921875 2.623047 0.000000 0.000000 0.000000
    81 -0.003576 -2.246094 1.304688 0.000000 0.000000 0.000000
    82 0.000922 -4.262904 1.683050 -0.080945 0.000000 0.000000
  time 24
    0 1.629157 0.000000 0.541027 0.000000 0.000000 -1.570796
    1 -0.221437 6.687890 -8.782955 5.479429 -1.322378 -4.115579
    2 -0.001605 -10.701926 -0.002571 0.348412 -0.124211 -0.150231
    3 -0.653320 -3.630859 -0.348633 -1.003534 -0.000001 -0.122159
    4 -0.013245 -1.508789 -0.000001 -1.090796 0.000000 0.000000
    5 0.000000 -0.953613 -0.000002 -1.223438 0.000000 0.000000
    6 0.007988 0.172184 -0.118553 -1.598091 -0.216549 -1.570593
    7 0.080660 0.135929 -0.203919 -1.506824 -0.066185 -1.662786
    8 0.117288 -0.155554 -0.604544 -1.412988 -0.374558 -1.569222
    9 0.128052 -3.763672 -0.348633 -0.890091 0.000000 -0.148347
    10 -0.006790 -1.567259 0.006726 -1.212969 0.000000 0.000009
    11 0.000000 -1.165039 0.000000 -1.279286 0.000000 0.000000
    12 -0.018589 0.129953 -0.123721 -1.294580 0.001302 -1.635383
    13 -0.006160 0.170065 -0.110169 -1.280084 -0.068681 -1.597215
    14 0.047100 -0.104074 -0.352264 -1.243368 -0.257298 -1.694346
    15 0.949219 -3.619141 -0.348633 -0.349063 0.000002 0.130893
    16 -0.021700 -1.596358 -0.003443 -0.234396 0.000000 0.000000
    17 -0.002829 -0.937906 0.007065 -0.499570 0.000000 -0.000001
    18 -0.022325 0.045424 -0.038284 -1.125544 -0.129230 -1.681412
    19 -0.042900 -0.061274 -0.071212 -1.124462 -0.060454 -1.586099
    20 0.063741 -0.109104 -0.248158 -1.142813 -0.125805 -1.693583
    21 -1.408203 -3.248047 -0.348633 -0.788776 0.052706 -0.017693
    22 0.013451 -1.204102 0.000002 -0.931992 0.000000 0.000000
    23 -0.013000 -0.789551 0.000000 -1.061140 0.000000 0.000000
    24 -0.011721 0.093267 0.017949 -1.687855 -0.079155 -1.575164
    25 0.048863 -0.085541 0.028626 -1.715605 -0.034569 -1.653190
    26 0.173918 -0.198416 -0.336163 -1.668104 -0.422317 -1.710956
    27 0.438721 -0.485596 0.397461 0.505392 -0.466269 -1.212439
    28 2.355469 0.016098 0.000000 -0.304947 -0.017307 -0.456356
    29 1.251953 -0.000339 0.000000 0.000000 0.000000 -0.572457
    30 -0.267709 0.037512 -0.093907 2.913812 -0.143386 0.078467
    31 -0.029266 0.205408 -0.329287 2.788574 -0.255486 -0.188917
    32 0.204373 0.521055 -0.268577 2.886669 0.042206 -0.230367
    33 0.195697 -0.010059 -0.293538 -1.333586 0.150863 -1.672749
    34 1.257181 8.762590 -0.153713 -1.570562 0.002683 -1.566808
    35 -0.093500 -0.114213 -0.738866 -1.570842 0.061811 0.002096
    36 0.010843 0.093624 -0.081439 -3.141462 0.041719 -1.568236
    37 3.569192 -3.024160 -14.298595 -0.416110 -0.039937 2.190959
    38 0.104748 -10.673144 -0.005453 0.178037 -0.230113 0.456346
    39 0.555176 -3.650391 -0.346924 -1.081529 -0.046222 -0.024593
    40 0.026276 -1.509766 -0.000001 -0.427597 0.000000 0.000000
    41 0.013245 -0.927246 -0.000001 -0.453783 0.000000 0.000000
    42 0.006928 0.005329 -0.181358 -1.528500 -0.248579 -1.611362
    43 -0.052313 0.038589 -0.230757 -1.592493 -0.043415 -1.528515
    44 -0.232600 -0.209656 -0.420669 -1.713790 -0.167173 -1.438930
    45 -0.213013 -3.744141 -0.346924 -0.820268 0.000000 0.000000
    46 0.013237 -1.576172 -0.000002 -0.584630 0.000000 0.000000
    47 -0.000002 -1.178711 0.000000 -0.532321 0.000000 0.000000
    48 -0.038065 0.069166 -0.159883 -1.816986 0.066178 -1.575392
    49 -0.025151 0.088762 -0.068837 -1.817843 0.044510 -1.568287
    50 -0.102916 -0.186983 -0.272246 -1.833683 -0.232962 -1.472375
    51 -1.034180 -3.582031 -0.346680 -0.942461 0.000000 0.000000
    52 0.000000 -1.616211 0.000002 -0.287943 0.000000 0.000000
    53 -0.000001 -0.940430 -0.000001 -0.445049 0.000000 0.000000
    54 -0.004241 0.043707 -0.080203 -2.014997 -0.186996 -1.460723
    55 0.015383 -0.089136 -0.030010 -2.006083 0.036346 -1.568629
    56 -0.022610 -0.212357 -0.177905 -1.933161 -0.118801 -1.518895
    57 1.305107 -3.227548 -0.342207 -1.019595 -0.066932 -0.041063
    58 0.000000 -1.245117 0.000002 -0.584642 0.000000 0.000000
    59 0.000000 -0.768066 0.000000 -0.523598 0.000000 0.000000
    60 -0.067138 0.063251 -0.010961 -0.899214 -0.014515 -1.600326
    61 -0.151180 -0.007395 -0.070065 -0.913061 -0.118819 -1.408558
    62 -0.178164 -0.244680 -0.357067 -1.159916 -0.384260 -1.556110
    63 -0.385254 -0.459229 0.383789 -0.318041 -0.539808 -2.424595
    64 2.472656 0.024414 0.000002 0.000000 0.000000 0.549751
    65 1.227539 0.003979 -0.000002 0.000000 0.000000 0.593370
    66 -0.263409 -0.117640 -0.015659 0.000036 -0.082210 -0.026800
    67 0.007707 -0.334360 -0.191575 0.070788 -0.181563 0.282364
    68 0.225562 -0.567923 -0.420715 0.119895 -0.183798 0.223460
    69 -0.203683 -0.095654 -0.328305 -1.745077 0.075142 -1.515382
    70 -1.393460 8.839182 -0.239439 1.580804 -0.005024 -1.566848
    71 0.036020 0.082815 -0.692656 -1.570769 0.065989 0.001276
    72 -0.088586 0.054020 -0.088594 0.010231 0.033800 -1.560851
    73 0.120153 -0.050270 -0.054489 -2.854024 0.030688 -1.580508
    74 -0.139399 -0.111694 0.014400 0.285395 -0.031353 1.580313
    75 -0.003479 -0.404833 0.000000 0.000000 0.000000 0.000000
    76 -0.309699 -4.593753 0.951765 -1.186387 1.434440 -1.173741
    77 0.000000 3.367188 0.863281 0.000000 0.000000 0.000000
    78 0.000922 -1.098811 1.959949 -0.025738 0.000000 0.000000
    79 0.000922 -1.504204 2.527314 0.000000 0.000000 0.000000
    80 0.001149 -8.921875 2.623047 0.000000 0.000000 0.000000
    81 -0.003576 -2.246094 1.304688 0.000000 0.000000 0.000000
    82 0.000922 -4.266811 1.683050 -0.075684 0.000000 0.000000
  time 25
    0 1.629157 0.000000 0.541027 0.000000 0.000000 -1.570796
    1 -0.217531 6.687890 -8.782955 5.485325 -1.323935 -4.121517
    2 -0.001605 -10.698019 -0.002571 0.348203 -0.122919 -0.153155
    3 -0.653320 -3.630859 -0.348633 -1.003534 -0.000001 -0.122159
    4 -0.013245 -1.508789 -0.000001 -1.090796 0.000000 0.000000
    5 0.000000 -0.953613 -0.000002 -1.223438 0.000000 0.000000
    6 0.007988 0.172184 -0.118553 -1.598091 -0.216549 -1.570593
    7 0.080660 0.135929 -0.203919 -1.506824 -0.066185 -1.662786
    8 0.117288 -0.155554 -0.604544 -1.412988 -0.374558 -1.569222
    9 0.128052 -3.763672 -0.348633 -0.890091 0.000000 -0.148347
    10 -0.006790 -1.563353 0.002820 -1.212969 0.000000 0.000009
    11 0.000000 -1.165039 0.000000 -1.279286 0.000000 0.000000
    12 -0.018589 0.129953 -0.123721 -1.294580 0.001302 -1.635383
    13 -0.006160 0.170065 -0.110169 -1.280084 -0.068681 -1.597215
    14 0.047100 -0.104074 -0.352264 -1.243368 -0.257298 -1.694346
    15 0.949219 -3.619141 -0.348633 -0.349063 0.000002 0.130893
    16 -0.021700 -1.596358 -0.003443 -0.242754 0.000000 0.000000
    17 -0.006735 -0.941812 0.007065 -0.507677 0.000000 -0.000001
    18 -0.022325 0.045424 -0.038284 -1.125544 -0.129230 -1.681412
    19 -0.042900 -0.061274 -0.071212 -1.124462 -0.060454 -1.586099
    20 0.063741 -0.109104 -0.248158 -1.142813 -0.125805 -1.693583
    21 -1.408203 -3.248047 -0.348633 -0.788776 0.052706 -0.017693
    22 0.013451 -1.204102 0.000002 -0.931992 0.000000 0.000000
    23 -0.013000 -0.789551 0.000000 -1.061140 0.000000 0.000000
    24 -0.011721 0.093267 0.017949 -1.687855 -0.079155 -1.575164
    25 0.048863 -0.085541 0.028626 -1.715605 -0.034569 -1.653190
    26 0.173918 -0.198416 -0.336163 -1.668104 -0.422317 -1.710956
    27 0.438721 -0.485596 0.397461 0.505392 -0.466269 -1.212439
    28 2.355469 0.016098 0.000000 -0.304947 -0.017307 -0.456356
    29 1.251953 -0.000339 0.000000 0.000000 0.000000 -0.572457
    30 -0.267709 0.037512 -0.093907 2.913812 -0.143386 0.078467
    31 -0.029266 0.205408 -0.329287 2.788574 -0.255486 -0.188917
    32 0.204373 0.521055 -0.268577 2.886669 0.042206 -0.230367
    33 0.195697 -0.010059 -0.293538 -1.333586 0.150863 -1.672749
    34 1.257181 8.762590 -0.153713 -1.570562 0.002683 -1.566808
    35 -0.093500 -0.114213 -0.738866 -1.570842 0.061811 0.002096
    36 0.010843 0.093624 -0.081439 -3.141462 0.041719 -1.568236
    37 3.522316 -3.043692 -14.263437 -0.408766 -0.032927 2.187614
    38 0.104748 -10.673144 -0.005453 0.160741 -0.240047 0.455672
    39 0.555176 -3.650391 -0.346924 -1.081529 -0.046222 -0.024593
    40 0.026276 -1.509766 -0.000001 -0.427597 0.000000 0.000000
    41 0.013245 -0.927246 -0.000001 -0.453783 0.000000 0.000000
    42 0.006928 0.005329 -0.181358 -1.528500 -0.248579 -1.611362
    43 -0.052313 0.038589 -0.230757 -1.592493 -0.043415 -1.528515
    44 -0.232600 -0.209656 -0.420669 -1.713790 -0.167173 -1.438930
    45 -0.213013 -3.744141 -0.346924 -0.820268 0.000000 0.000000
    46 0.013237 -1.576172 -0.000002 -0.584630 0.000000 0.000000
    47 -0.000002 -1.178711 0.000000 -0.532321 0.000000 0.000000
    48 -0.038065 0.069166 -0.159883 -1.816986 0.066178 -1.575392
    49 -0.025151 0.088762 -0.068837 -1.817843 0.044510 -1.568287
    50 -0.102916 -0.186983 -0.272246 -1.833683 -0.232962 -1.472375
    51 -1.034180 -3.582031 -0.346680 -0.942461 0.000000 0.000000
    52 0.000000 -1.616211 0.000002 -0.287943 0.000000 0.000000
    53 -0.000001 -0.940430 -0.000001 -0.445049 0.000000 0.000000
    54 -0.004241 0.043707 -0.080203 -2.014997 -0.186996 -1.460723
    55 0.015383 -0.089136 -0.030010 -2.006083 0.036346 -1.568629
    56 -0.022610 -0.212357 -0.177905 -1.933161 -0.118801 -1.518895
    57 1.309013 -3.227548 -0.342207 -1.019595 -0.066932 -0.041063
    58 0.000000 -1.245117 0.000002 -0.584642 0.000000 0.000000
    59 0.000000 -0.768066 0.000000 -0.523598 0.000000 0.000000
    60 -0.067138 0.063251 -0.010961 -0.899214 -0.014515 -1.600326
    61 -0.151180 -0.007395 -0.070065 -0.913061 -0.118819 -1.408558
    62 -0.178164 -0.244680 -0.357067 -1.159916 -0.384260 -1.556110
    63 -0.385254 -0.459229 0.383789 -0.318041 -0.539808 -2.424595
    64 2.472656 0.024414 0.000002 0.000000 0.000000 0.549751
    65 1.227539 0.003979 -0.000002 0.000000 0.000000 0.593370
    66 -0.263409 -0.117640 -0.015659 0.000036 -0.082210 -0.026800
    67 0.007707 -0.334360 -0.191575 0.070788 -0.181563 0.282364
    68 0.225562 -0.567923 -0.420715 0.119895 -0.183798 0.223460
    69 -0.203683 -0.095654 -0.328305 -1.745077 0.075142 -1.515382
    70 -1.393460 8.839182 -0.239439 1.580804 -0.005024 -1.566848
    71 0.036020 0.082815 -0.692656 -1.570769 0.065989 0.001276
    72 -0.088586 0.054020 -0.088594 0.010231 0.033800 -1.560851
    73 0.120153 -0.050270 -0.054489 -2.854024 0.030688 -1.580508
    74 -0.139399 -0.111694 0.014400 0.285395 -0.031353 1.580313
    75 -0.003479 -0.404833 0.000000 0.000000 0.000000 0.000000
    76 -0.313605 -4.593753 0.947859 -1.186387 1.434452 -1.173741
    77 0.000000 3.367188 0.863281 0.000000 0.000000 0.000000
    78 0.000922 -1.098811 1.959949 -0.018779 0.000000 0.000000
    79 0.000922 -1.504204 2.527314 0.000000 0.000000 0.000000
    80 0.001149 -8.921875 2.623047 0.000000 0.000000 0.000000
    81 -0.003576 -2.246094 1.304688 0.000000 0.000000 0.000000
    82 0.000922 -4.262904 1.683050 -0.068393 0.000000 0.000000
  time 26
    0 1.629157 0.000000 0.541027 0.000000 0.000000 -1.570796
    1 -0.217531 6.687890 -8.782955 5.491041 -1.325350 -4.127276
    2 -0.001605 -10.698019 -0.002571 0.347820 -0.121580 -0.155940
    3 -0.653320 -3.630859 -0.348633 -1.003534 -0.000001 -0.122159
    4 -0.013245 -1.508789 -0.000001 -1.090796 0.000000 0.000000
    5 0.000000 -0.953613 -0.000002 -1.223438 0.000000 0.000000
    6 0.007988 0.172184 -0.118553 -1.598091 -0.216549 -1.570593
    7 0.080660 0.135929 -0.203919 -1.506824 -0.066185 -1.662786
    8 0.117288 -0.155554 -0.604544 -1.412988 -0.374558 -1.569222
    9 0.128052 -3.763672 -0.348633 -0.890091 0.000000 -0.148347
    10 -0.006790 -1.567259 0.006726 -1.212969 0.000000 0.000009
    11 0.000000 -1.165039 0.000000 -1.279286 0.000000 0.000000
    12 -0.018589 0.129953 -0.123721 -1.294580 0.001302 -1.635383
    13 -0.006160 0.170065 -0.110169 -1.280084 -0.068681 -1.597215
    14 0.047100 -0.104074 -0.352264 -1.243368 -0.257298 -1.694346
    15 0.949219 -3.619141 -0.348633 -0.349063 0.000002 0.130893
    16 -0.021700 -1.596358 -0.003443 -0.253624 0.000000 0.000000
    17 -0.006735 -0.937906 0.007065 -0.518635 0.000000 -0.000001
    18 -0.022325 0.045424 -0.038284 -1.125544 -0.129230 -1.681412
    19 -0.042900 -0.061274 -0.071212 -1.124462 -0.060454 -1.586099
    20 0.063741 -0.109104 -0.248158 -1.142813 -0.125805 -1.693583
    21 -1.408203 -3.248047 -0.348633 -0.788776 0.052706 -0.017693
    22 0.013451 -1.204102 0.000002 -0.931992 0.000000 0.000000
    23 -0.013000 -0.789551 0.000000 -1.061140 0.000000 0.000000
    24 -0.011721 0.093267 0.017949 -1.687855 -0.079155 -1.575164
    25 0.048863 -0.085541 0.028626 -1.715605 -0.034569 -1.653190
    26 0.173918 -0.198416 -0.336163 -1.668104 -0.422317 -1.710956
    27 0.438721 -0.485596 0.397461 0.505392 -0.466269 -1.212439
    28 2.355469 0.016098 0.000000 -0.304947 -0.017307 -0.456356
    29 1.251953 -0.000339 0.000000 0.000000 0.000000 -0.572457
    30 -0.267709 0.037512 -0.093907 2.913812 -0.143386 0.078467
    31 -0.029266 0.205408 -0.329287 2.788574 -0.255486 -0.188917
    32 0.204373 0.521055 -0.268577 2.886669 0.042206 -0.230367
    33 0.195697 -0.010059 -0.293538 -1.333586 0.150863 -1.672749
    34 1.257181 8.762590 -0.153713 -1.570562 0.002683 -1.566808
    35 -0.093500 -0.114213 -0.738866 -1.570842 0.061811 0.002096
    36 0.010843 0.093624 -0.081439 -3.141462 0.041719 -1.568236
    37 3.483252 -3.055411 -14.228280 -0.401613 -0.025870 2.184365
    38 0.104748 -10.673144 -0.005453 0.143659 -0.249815 0.455222
    39 0.555176 -3.650391 -0.346924 -1.081529 -0.046222 -0.024593
    40 0.026276 -1.509766 -0.000001 -0.427597 0.000000 0.000000
    41 0.013245 -0.927246 -0.000001 -0.453783 0.000000 0.000000
    42 0.006928 0.005329 -0.181358 -1.528500 -0.248579 -1.611362
    43 -0.052313 0.038589 -0.230757 -1.592493 -0.043415 -1.528515
    44 -0.232600 -0.209656 -0.420669 -1.713790 -0.167173 -1.438930
    45 -0.213013 -3.744141 -0.346924 -0.820268 0.000000 0.000000
    46 0.013237 -1.576172 -0.000002 -0.584630 0.000000 0.000000
    47 -0.000002 -1.178711 0.000000 -0.532321 0.000000 0.000000
    48 -0.038065 0.069166 -0.159883 -1.816986 0.066178 -1.575392
    49 -0.025151 0.088762 -0.068837 -1.817843 0.044510 -1.568287
    50 -0.102916 -0.186983 -0.272246 -1.833683 -0.232962 -1.472375
    51 -1.034180 -3.582031 -0.346680 -0.942461 0.000000 0.000000
    52 0.000000 -1.616211 0.000002 -0.287943 0.000000 0.000000
    53 -0.000001 -0.940430 -0.000001 -0.445049 0.000000 0.000000
    54 -0.004241 0.043707 -0.080203 -2.014997 -0.186996 -1.460723
    55 0.015383 -0.089136 -0.030010 -2.006083 0.036346 -1.568629
    56 -0.022610 -0.212357 -0.177905 -1.933161 -0.118801 -1.518895
    57 1.309013 -3.227548 -0.342207 -1.019595 -0.066932 -0.041063
    58 0.000000 -1.245117 0.000002 -0.584642 0.000000 0.000000
    59 0.000000 -0.768066 0.000000 -0.523598 0.000000 0.000000
    60 -0.067138 0.063251 -0.010961 -0.899214 -0.014515 -1.600326
    61 -0.151180 -0.007395 -0.070065 -0.913061 -0.118819 -1.408558
    62 -0.178164 -0.244680 -0.357067 -1.159916 -0.384260 -1.556110
    63 -0.385254 -0.459229 0.383789 -0.318041 -0.539808 -2.424595
    64 2.472656 0.024414 0.000002 0.000000 0.000000 0.549751
    65 1.227539 0.003979 -0.000002 0.000000 0.000000 0.593370
    66 -0.263409 -0.117640 -0.015659 0.000036 -0.082210 -0.026800
    67 0.007707 -0.334360 -0.191575 0.070788 -0.181563 0.282364
    68 0.225562 -0.567923 -0.420715 0.119895 -0.183798 0.223460
    69 -0.203683 -0.095654 -0.328305 -1.745077 0.075142 -1.515382
    70 -1.393460 8.839182 -0.239439 1.580804 -0.005024 -1.566848
    71 0.036020 0.082815 -0.692656 -1.570769 0.065989 0.001276
    72 -0.088586 0.054020 -0.088594 0.010231 0.033800 -1.560851
    73 0.120153 -0.050270 -0.054489 -2.854024 0.030688 -1.580508
    74 -0.139399 -0.111694 0.014400 0.285395 -0.031353 1.580313
    75 -0.003479 -0.404833 0.000000 0.000000 0.000000 0.000000
    76 -0.309699 -4.593753 0.947859 -1.186387 1.434452 -1.173741
    77 0.000000 3.367188 0.863281 0.000000 0.000000 0.000000
    78 0.000922 -1.098811 1.959949 -0.012591 0.000000 0.000000
    79 0.000922 -1.504204 2.527314 0.000000 0.000000 0.000000
    80 0.001149 -8.921875 2.623047 0.000000 0.000000 0.000000
    81 -0.003576 -2.246094 1.304688 0.000000 0.000000 0.000000
    82 0.000922 -4.262904 1.683050 -0.059029 0.000000 0.000000
  time 27
    0 1.629157 0.000000 0.541027 0.000000 0.000000 -1.570796
    1 -0.213625 6.687890 -8.782955 5.496669 -1.326623 -4.132854
    2 -0.001605 -10.701926 -0.002571 0.347402 -0.120311 -0.158726
    3 -0.653320 -3.630859 -0.348633 -1.003534 -0.000001 -0.122159
    4 -0.013245 -1.508789 -0.000001 -1.090796 0.000000 0.000000
    5 0.000000 -0.953613 -0.000002 -1.223438 0.000000 0.000000
    6 0.007988 0.172184 -0.118553 -1.598091 -0.216549 -1.570593
    7 0.080660 0.135929 -0.203919 -1.506824 -0.066185 -1.662786
    8 0.117288 -0.155554 -0.604544 -1.412988 -0.374558 -1.569222
    9 0.128052 -3.763672 -0.348633 -0.890091 0.000000 -0.148347
    10 -0.006790 -1.567259 0.006726 -1.212969 0.000000 0.000009
    11 0.000000 -1.165039 0.000000 -1.279286 0.000000 0.000000
    12 -0.018589 0.129953 -0.123721 -1.294580 0.001302 -1.635383
    13 -0.006160 0.170065 -0.110169 -1.280084 -0.068681 -1.597215
    14 0.047100 -0.104074 -0.352264 -1.243368 -0.257298 -1.694346
    15 0.949219 -3.619141 -0.348633 -0.349063 0.000002 0.130893
    16 -0.021700 -1.596358 -0.003443 -0.266956 0.000000 0.000000
    17 -0.002829 -0.937906 0.007065 -0.532616 0.000000 -0.000001
    18 -0.022325 0.045424 -0.038284 -1.125544 -0.129230 -1.681412
    19 -0.042900 -0.061274 -0.071212 -1.124462 -0.060454 -1.586099
    20 0.063741 -0.109104 -0.248158 -1.142813 -0.125805 -1.693583
    21 -1.408203 -3.248047 -0.348633 -0.788776 0.052706 -0.017693
    22 0.013451 -1.204102 0.000002 -0.931992 0.000000 0.000000
    23 -0.013000 -0.789551 0.000000 -1.061140 0.000000 0.000000
    24 -0.011721 0.093267 0.017949 -1.687855 -0.079155 -1.575164
    25 0.048863 -0.085541 0.028626 -1.715605 -0.034569 -1.653190
    26 0.173918 -0.198416 -0.336163 -1.668104 -0.422317 -1.710956
    27 0.438721 -0.485596 0.397461 0.505392 -0.466269 -1.212439
    28 2.355469 0.016098 0.000000 -0.304947 -0.017307 -0.456356
    29 1.251953 -0.000339 0.000000 0.000000 0.000000 -0.572457
    30 -0.267709 0.037512 -0.093907 2.913812 -0.143386 0.078467
    31 -0.029266 0.205408 -0.329287 2.788574 -0.255486 -0.188917
    32 0.204373 0.521055 -0.268577 2.886669 0.042206 -0.230367
    33 0.195697 -0.010059 -0.293538 -1.333586 0.150863 -1.672749
    34 1.257181 8.762590 -0.153713 -1.570562 0.002683 -1.566808
    35 -0.093500 -0.114213 -0.738866 -1.570842 0.061811 0.002096
    36 0.010843 0.093624 -0.081439 -3.141462 0.041719 -1.568236
    37 3.455907 -3.063224 -14.197029 -0.394555 -0.018860 2.181211
    38 0.104748 -10.673144 -0.005453 0.126955 -0.259272 0.454942
    39 0.555176 -3.650391 -0.346924 -1.081529 -0.046222 -0.024593
    40 0.026276 -1.509766 -0.000001 -0.427597 0.000000 0.000000
    41 0.013245 -0.927246 -0.000001 -0.453783 0.000000 0.000000
    42 0.006928 0.005329 -0.181358 -1.528500 -0.248579 -1.611362
    43 -0.052313 0.038589 -0.230757 -1.592493 -0.043415 -1.528515
    44 -0.232600 -0.209656 -0.420669 -1.713790 -0.167173 -1.438930
    45 -0.213013 -3.744141 -0.346924 -0.820268 0.000000 0.000000
    46 0.013237 -1.576172 -0.000002 -0.584630 0.000000 0.000000
    47 -0.000002 -1.178711 0.000000 -0.532321 0.000000 0.000000
    48 -0.038065 0.069166 -0.159883 -1.816986 0.066178 -1.575392
    49 -0.025151 0.088762 -0.068837 -1.817843 0.044510 -1.568287
    50 -0.102916 -0.186983 -0.272246 -1.833683 -0.232962 -1.472375
    51 -1.034180 -3.582031 -0.346680 -0.942461 0.000000 0.000000
    52 0.000000 -1.616211 0.000002 -0.287943 0.000000 0.000000
    53 -0.000001 -0.940430 -0.000001 -0.445049 0.000000 0.000000
    54 -0.004241 0.043707 -0.080203 -2.014997 -0.186996 -1.460723
    55 0.015383 -0.089136 -0.030010 -2.006083 0.036346 -1.568629
    56 -0.022610 -0.212357 -0.177905 -1.933161 -0.118801 -1.518895
    57 1.309013 -3.227548 -0.342207 -1.019595 -0.066932 -0.041063
    58 0.000000 -1.245117 0.000002 -0.584642 0.000000 0.000000
    59 0.000000 -0.768066 0.000000 -0.523598 0.000000 0.000000
    60 -0.067138 0.063251 -0.010961 -0.899214 -0.014515 -1.600326
    61 -0.151180 -0.007395 -0.070065 -0.913061 -0.118819 -1.408558
    62 -0.178164 -0.244680 -0.357067 -1.159916 -0.384260 -1.556110
    63 -0.385254 -0.459229 0.383789 -0.318041 -0.539808 -2.424595
    64 2.472656 0.024414 0.000002 0.000000 0.000000 0.549751
    65 1.227539 0.003979 -0.000002 0.000000 0.000000 0.593370
    66 -0.263409 -0.117640 -0.015659 0.000036 -0.082210 -0.026800
    67 0.007707 -0.334360 -0.191575 0.070788 -0.181563 0.282364
    68 0.225562 -0.567923 -0.420715 0.119895 -0.183798 0.223460
    69 -0.203683 -0.095654 -0.328305 -1.745077 0.075142 -1.515382
    70 -1.393460 8.839182 -0.239439 1.580804 -0.005024 -1.566848
    71 0.036020 0.082815 -0.692656 -1.570769 0.065989 0.001276
    72 -0.088586 0.054020 -0.088594 0.010231 0.033800 -1.560851
    73 0.120153 -0.050270 -0.054489 -2.854024 0.030688 -1.580508
    74 -0.139399 -0.111694 0.014400 0.285395 -0.031353 1.580313
    75 -0.003479 -0.404833 0.000000 0.000000 0.000000 0.000000
    76 -0.313605 -4.593753 0.951765 -1.186375 1.434440 -1.173741
    77 0.000000 3.367188 0.863281 0.000000 0.000000 0.000000
    78 0.000922 -1.098811 1.959949 -0.007366 0.000000 0.000000
    79 0.000922 -1.504204 2.527314 0.000000 0.000000 0.000000
    80 0.001149 -8.921875 2.623047 0.000000 0.000000 0.000000
    81 -0.003576 -2.246094 1.304688 0.000000 0.000000 0.000000
    82 0.000922 -4.262904 1.683050 -0.047535 0.000000 0.000000
  time 28
    0 1.629157 0.000000 0.541027 0.000000 0.000000 -1.570796
    1 -0.213625 6.687890 -8.782955 5.502207 -1.327991 -4.138342
    2 -0.001605 -10.698019 -0.002571 0.347053 -0.119064 -0.161396
    3 -0.653320 -3.630859 -0.348633 -1.003534 -0.000001 -0.122159
    4 -0.013245 -1.508789 -0.000001 -1.090796 0.000000 0.000000
    5 0.000000 -0.953613 -0.000002 -1.223438 0.000000 0.000000
    6 0.007988 0.172184 -0.118553 -1.598091 -0.216549 -1.570593
    7 0.080660 0.135929 -0.203919 -1.506824 -0.066185 -1.662786
    8 0.117288 -0.155554 -0.604544 -1.412988 -0.374558 -1.569222
    9 0.128052 -3.763672 -0.348633 -0.890091 0.000000 -0.148347
    10 -0.006790 -1.563353 0.006726 -1.212969 0.000000 0.000009
    11 0.000000 -1.165039 0.000000 -1.279286 0.000000 0.000000
    12 -0.018589 0.129953 -0.123721 -1.294580 0.001302 -1.635383
    13 -0.006160 0.170065 -0.110169 -1.280084 -0.068681 -1.597215
    14 0.047100 -0.104074 -0.352264 -1.243368 -0.257298 -1.694346
    15 0.949219 -3.619141 -0.348633 -0.349063 0.000002 0.130893
    16 -0.017794 -1.596358 -0.007350 -0.282928 0.000000 0.000000
    17 -0.006735 -0.937906 0.003159 -0.549654 0.000000 -0.000001
    18 -0.022325 0.045424 -0.038284 -1.125544 -0.129230 -1.681412
    19 -0.042900 -0.061274 -0.071212 -1.124462 -0.060454 -1.586099
    20 0.063741 -0.109104 -0.248158 -1.142813 -0.125805 -1.693583
    21 -1.408203 -3.248047 -0.348633 -0.788776 0.052706 -0.017693
    22 0.013451 -1.204102 0.000002 -0.931992 0.000000 0.000000
    23 -0.013000 -0.789551 0.000000 -1.061140 0.000000 0.000000
    24 -0.011721 0.093267 0.017949 -1.687855 -0.079155 -1.575164
    25 0.048863 -0.085541 0.028626 -1.715605 -0.034569 -1.653190
    26 0.173918 -0.198416 -0.336163 -1.668104 -0.422317 -1.710956
    27 0.438721 -0.485596 0.397461 0.505392 -0.466269 -1.212439
    28 2.355469 0.016098 0.000000 -0.304947 -0.017307 -0.456356
    29 1.251953 -0.000339 0.000000 0.000000 0.000000 -0.572457
    30 -0.267709 0.037512 -0.093907 2.913812 -0.143386 0.078467
    31 -0.029266 0.205408 -0.329287 2.788574 -0.255486 -0.188917
    32 0.204373 0.521055 -0.268577 2.886669 0.042206 -0.230367
    33 0.195697 -0.010059 -0.293538 -1.333586 0.150863 -1.672749
    34 1.257181 8.762590 -0.153713 -1.570562 0.002683 -1.566808
    35 -0.093500 -0.114213 -0.738866 -1.570842 0.061811 0.002096
    36 0.010843 0.093624 -0.081439 -3.141462 0.041719 -1.568236
    37 3.424656 -3.074943 -14.165778 -0.387688 -0.012270 2.178153
    38 0.104748 -10.673144 -0.005453 0.110654 -0.268377 0.454801
    39 0.555176 -3.650391 -0.346924 -1.081529 -0.046222 -0.024593
    40 0.026276 -1.509766 -0.000001 -0.427597 0.000000 0.000000
    41 0.013245 -0.927246 -0.000001 -0.453783 0.000000 0.000000
    42 0.006928 0.005329 -0.181358 -1.528500 -0.248579 -1.611362
    43 -0.052313 0.038589 -0.230757 -1.592493 -0.043415 -1.528515
    44 -0.232600 -0.209656 -0.420669 -1.713790 -0.167173 -1.438930
    45 -0.213013 -3.744141 -0.346924 -0.820268 0.000000 0.000000
    46 0.013237 -1.576172 -0.000002 -0.584630 0.000000 0.000000
    47 -0.000002 -1.178711 0.000000 -0.532321 0.000000 0.000000
    48 -0.038065 0.069166 -0.159883 -1.816986 0.066178 -1.575392
    49 -0.025151 0.088762 -0.068837 -1.817843 0.044510 -1.568287
    50 -0.102916 -0.186983 -0.272246 -1.833683 -0.232962 -1.472375
    51 -1.034180 -3.582031 -0.346680 -0.942461 0.000000 0.000000
    52 0.000000 -1.616211 0.000002 -0.287943 0.000000 0.000000
    53 -0.000001 -0.940430 -0.000001 -0.445049 0.000000 0.000000
    54 -0.004241 0.043707 -0.080203 -2.014997 -0.186996 -1.460723
    55 0.015383 -0.089136 -0.030010 -2.006083 0.036346 -1.568629
    56 -0.022610 -0.212357 -0.177905 -1.933161 -0.118801 -1.518895
    57 1.305107 -3.227548 -0.342207 -1.019595 -0.066932 -0.041063
    58 0.000000 -1.245117 0.000002 -0.584642 0.000000 0.000000
    59 0.000000 -0.768066 0.000000 -0.523598 0.000000 0.000000
    60 -0.067138 0.063251 -0.010961 -0.899214 -0.014515 -1.600326
    61 -0.151180 -0.007395 -0.070065 -0.913061 -0.118819 -1.408558
    62 -0.178164 -0.244680 -0.357067 -1.159916 -0.384260 -1.556110
    63 -0.385254 -0.459229 0.383789 -0.318041 -0.539808 -2.424595
    64 2.472656 0.024414 0.000002 0.000000 0.000000 0.549751
    65 1.227539 0.003979 -0.000002 0.000000 0.000000 0.593370
    66 -0.263409 -0.117640 -0.015659 0.000036 -0.082210 -0.026800
    67 0.007707 -0.334360 -0.191575 0.070788 -0.181563 0.282364
    68 0.225562 -0.567923 -0.420715 0.119895 -0.183798 0.223460
    69 -0.203683 -0.095654 -0.328305 -1.745077 0.075142 -1.515382
    70 -1.393460 8.839182 -0.239439 1.580804 -0.005024 -1.566848
    71 0.036020 0.082815 -0.692656 -1.570769 0.065989 0.001276
    72 -0.088586 0.054020 -0.088594 0.010231 0.033800 -1.560851
    73 0.120153 -0.050270 -0.054489 -2.854024 0.030688 -1.580508
    74 -0.139399 -0.111694 0.014400 0.285395 -0.031353 1.580313
    75 -0.003479 -0.404833 0.000000 0.000000 0.000000 0.000000
    76 -0.313605 -4.593753 0.947859 -1.186387 1.434440 -1.173741
    77 0.000000 3.367188 0.863281 0.000000 0.000000 0.000000
    78 0.000922 -1.098811 1.959949 -0.003426 0.000000 0.000000
    79 0.000922 -1.504204 2.527314 0.000000 0.000000 0.000000
    80 0.001149 -8.921875 2.623047 0.000000 0.000000 0.000000
    81 -0.003576 -2.246094 1.304688 0.000000 0.000000 0.000000
    82 0.000922 -4.266811 1.683050 -0.033882 0.000000 0.000000
  time 29
    0 1.629157 0.000000 0.541027 0.000000 0.000000 -1.570796
    1 -0.205812 6.687890 -8.782955 5.507387 -1.329264 -4.143381
    2 -0.001605 -10.701926 -0.002571 0.346984 -0.117933 -0.164021
    3 -0.653320 -3.630859 -0.348633 -1.003534 -0.000001 -0.122159
    4 -0.013245 -1.508789 -0.000001 -1.090796 0.000000 0.000000
    5 0.000000 -0.953613 -0.000002 -1.223438 0.000000 0.000000
    6 0.007988 0.172184 -0.118553 -1.598091 -0.216549 -1.570593
    7 0.080660 0.135929 -0.203919 -1.506824 -0.066185 -1.662786
    8 0.117288 -0.155554 -0.604544 -1.412988 -0.374558 -1.569222
    9 0.128052 -3.763672 -0.348633 -0.890091 0.000000 -0.148347
    10 -0.006790 -1.563353 0.006726 -1.212969 0.000000 -0.000003
    11 0.000000 -1.165039 0.000000 -1.279286 0.000000 0.000000
    12 -0.018589 0.129953 -0.123721 -1.294580 0.001302 -1.635383
    13 -0.006160 0.170065 -0.110169 -1.280084 -0.068681 -1.597215
    14 0.047100 -0.104074 -0.352264 -1.243368 -0.257298 -1.694346
    15 0.949219 -3.619141 -0.348633 -0.349063 0.000002 0.130893
    16 -0.017794 -1.596358 -0.003443 -0.301541 0.000000 0.000000
    17 -0.006735 -0.941812 0.007065 -0.569921 0.000000 -0.000001
    18 -0.022325 0.045424 -0.038284 -1.125544 -0.129230 -1.681412
    19 -0.042900 -0.061274 -0.071212 -1.124462 -0.060454 -1.586099
    20 0.063741 -0.109104 -0.248158 -1.142813 -0.125805 -1.693583
    21 -1.408203 -3.248047 -0.348633 -0.788776 0.052706 -0.017693
    22 0.013451 -1.204102 0.000002 -0.931992 0.000000 0.000000
    23 -0.013000 -0.789551 0.000000 -1.061140 0.000000 0.000000
    24 -0.011721 0.093267 0.017949 -1.687855 -0.079155 -1.575164
    25 0.048863 -0.085541 0.028626 -1.715605 -0.034569 -1.653190
    26 0.173918 -0.198416 -0.336163 -1.668104 -0.422317 -1.710956
    27 0.438721 -0.485596 0.397461 0.505392 -0.466269 -1.212439
    28 2.355469 0.016098 0.000000 -0.304947 -0.017307 -0.456356
    29 1.251953 -0.000339 0.000000 0.000000 0.000000 -0.572457
    30 -0.267709 0.037512 -0.093907 2.913812 -0.143386 0.078467
    31 -0.029266 0.205408 -0.329287 2.788574 -0.255486 -0.188917
    32 0.204373 0.521055 -0.268577 2.886669 0.042206 -0.230367
    33 0.195697 -0.010059 -0.293538 -1.333586 0.150863 -1.672749
    34 1.257181 8.762590 -0.153713 -1.570562 0.002683 -1.566808
    35 -0.093500 -0.114213 -0.738866 -1.570842 0.061811 0.002096
    36 0.010843 0.093624 -0.081439 -3.141462 0.041719 -1.568236
    37 3.405125 -3.078849 -14.138433 -0.381298 -0.006007 2.175477
    38 0.108654 -10.673144 -0.005453 0.094864 -0.276859 0.454914
    39 0.555176 -3.650391 -0.346924 -1.081529 -0.046222 -0.024593
    40 0.026276 -1.509766 -0.000001 -0.427597 0.000000 0.000000
    41 0.013245 -0.927246 -0.000001 -0.453783 0.000000 0.000000
    42 0.006928 0.005329 -0.181358 -1.528500 -0.248579 -1.611362
    43 -0.052313 0.038589 -0.230757 -1.592493 -0.043415 -1.528515
    44 -0.232600 -0.209656 -0.420669 -1.713790 -0.167173 -1.438930
    45 -0.213013 -3.744141 -0.346924 -0.820268 0.000000 0.000000
    46 0.013237 -1.576172 -0.000002 -0.584630 0.000000 0.000000
    47 -0.000002 -1.178711 0.000000 -0.532321 0.000000 0.000000
    48 -0.038065 0.069166 -0.159883 -1.816986 0.066178 -1.575392
    49 -0.025151 0.088762 -0.068837 -1.817843 0.044510 -1.568287
    50 -0.102916 -0.186983 -0.272246 -1.833683 -0.232962 -1.472375
    51 -1.034180 -3.582031 -0.346680 -0.942461 0.000000 0.000000
    52 0.000000 -1.616211 0.000002 -0.287943 0.000000 0.000000
    53 -0.000001 -0.940430 -0.000001 -0.445049 0.000000 0.000000
    54 -0.004241 0.043707 -0.080203 -2.014997 -0.186996 -1.460723
    55 0.015383 -0.089136 -0.030010 -2.006083 0.036346 -1.568629
    56 -0.022610 -0.212357 -0.177905 -1.933161 -0.118801 -1.518895
    57 1.305107 -3.227548 -0.342207 -1.019595 -0.066932 -0.041063
    58 0.000000 -1.245117 0.000002 -0.584642 0.000000 0.000000
    59 0.000000 -0.768066 0.000000 -0.523598 0.000000 0.000000
    60 -0.067138 0.063251 -0.010961 -0.899214 -0.014515 -1.600326
    61 -0.151180 -0.007395 -0.070065 -0.913061 -0.118819 -1.408558
    62 -0.178164 -0.244680 -0.357067 -1.159916 -0.384260 -1.556110
    63 -0.385254 -0.459229 0.383789 -0.318041 -0.539808 -2.424595
    64 2.472656 0.024414 0.000002 0.000000 0.000000 0.549751
    65 1.227539 0.003979 -0.000002 0.000000 0.000000 0.593370
    66 -0.263409 -0.117640 -0.015659 0.000036 -0.082210 -0.026800
    67 0.007707 -0.334360 -0.191575 0.070788 -0.181563 0.282364
    68 0.225562 -0.567923 -0.420715 0.119895 -0.183798 0.223460
    69 -0.203683 -0.095654 -0.328305 -1.745077 0.075142 -1.515382
    70 -1.393460 8.839182 -0.239439 1.580804 -0.005024 -1.566848
    71 0.036020 0.082815 -0.692656 -1.570769 0.065989 0.001276
    72 -0.088586 0.054020 -0.088594 0.010231 0.033800 -1.560851
    73 0.120153 -0.050270 -0.054489 -2.854024 0.030688 -1.580508
    74 -0.139399 -0.111694 0.014400 0.285395 -0.031353 1.580313
    75 -0.003479 -0.404833 0.000000 0.000000 0.000000 0.000000
    76 -0.313605 -4.593753 0.951765 -1.186387 1.434452 -1.173729
    77 0.000000 3.367188 0.863281 0.000000 0.000000 0.000000
    78 0.000922 -1.098811 1.959949 -0.000878 0.000000 0.000000
    79 0.000922 -1.504204 2.527314 0.000000 0.000000 0.000000
    80 0.001149 -8.921875 2.623047 0.000000 0.000000 0.000000
    81 -0.003576 -2.246094 1.304688 0.000000 0.000000 0.000000
    82 0.000922 -4.266811 1.683050 -0.018042 0.000000 0.000000
  time 30
    0 1.629157 0.000000 0.541027 0.000000 0.000000 -1.570796
    1 -0.205812 6.687890 -8.782955 5.512122 -1.330538 -4.148329
    2 -0.005512 -10.701926 -0.006478 0.347053 -0.116964 -0.166530
    3 -0.653320 -3.630859 -0.348633 -1.003534 -0.000001 -0.122159
    4 -0.013245 -1.508789 -0.000001 -1.090796 0.000000 0.000000
    5 0.000000 -0.953613 -0.000002 -1.223438 0.000000 0.000000
    6 0.007988 0.172184 -0.118553 -1.598091 -0.216549 -1.570593
    7 0.080660 0.135929 -0.203919 -1.506824 -0.066185 -1.662786
    8 0.117288 -0.155554 -0.604544 -1.412988 -0.374558 -1.569222
    9 0.128052 -3.763672 -0.348633 -0.890091 0.000000 -0.148347
    10 -0.006790 -1.567259 0.002820 -1.212969 0.000000 0.000009
    11 0.000000 -1.165039 0.000000 -1.279286 0.000000 0.000000
    12 -0.018589 0.129953 -0.123721 -1.294580 0.001302 -1.635383
    13 -0.006160 0.170065 -0.110169 -1.280084 -0.068681 -1.597215
    14 0.047100 -0.104074 -0.352264 -1.243368 -0.257298 -1.694346
    15 0.949219 -3.619141 -0.348633 -0.349063 0.000002 0.130893
    16 -0.017794 -1.596358 -0.007350 -0.322846 0.000000 0.000000
    17 -0.002829 -0.941812 0.007065 -0.593383 0.000000 -0.000001
    18 -0.022325 0.045424 -0.038284 -1.125544 -0.129230 -1.681412
    19 -0.042900 -0.061274 -0.071212 -1.124462 -0.060454 -1.586099
    20 0.063741 -0.109104 -0.248158 -1.142813 -0.125805 -1.693583
    21 -1.408203 -3.248047 -0.348633 -0.788776 0.052706 -0.017693
    22 0.013451 -1.204102 0.000002 -0.931992 0.000000 0.000000
    23 -0.013000 -0.789551 0.000000 -1.061140 0.000000 0.000000
    24 -0.011721 0.093267 0.017949 -1.687855 -0.079155 -1.575164
    25 0.048863 -0.085541 0.028626 -1.715605 -0.034569 -1.653190
    26 0.173918 -0.198416 -0.336163 -1.668104 -0.422317 -1.710956
    27 0.438721 -0.485596 0.397461 0.505392 -0.466269 -1.212439
    28 2.355469 0.016098 0.000000 -0.304947 -0.017307 -0.456356
    29 1.251953 -0.000339 0.000000 0.000000 0.000000 -0.572457
    30 -0.267709 0.037512 -0.093907 2.913812 -0.143386 0.078467
    31 -0.029266 0.205408 -0.329287 2.788574 -0.255486 -0.188917
    32 0.204373 0.521055 -0.268577 2.886669 0.042206 -0.230367
    33 0.195697 -0.010059 -0.293538 -1.333586 0.150863 -1.672749
    34 1.257181 8.762590 -0.153713 -1.570562 0.002683 -1.566808
    35 -0.093500 -0.114213 -0.738866 -1.570842 0.061811 0.002096
    36 0.010843 0.093624 -0.081439 -3.141462 0.041719 -1.568236
    37 3.393405 -3.086662 -14.130621 -0.375290 -0.000025 2.172801
    38 0.104748 -10.673144 -0.005453 0.079692 -0.284698 0.455166
    39 0.555176 -3.650391 -0.346924 -1.081529 -0.046222 -0.024593
    40 0.026276 -1.509766 -0.000001 -0.427597 0.000000 0.000000
    41 0.013245 -0.927246 -0.000001 -0.453783 0.000000 0.000000
    42 0.006928 0.005329 -0.181358 -1.528500 -0.248579 -1.611362
    43 -0.052313 0.038589 -0.230757 -1.592493 -0.043415 -1.528515
    44 -0.232600 -0.209656 -0.420669 -1.713790 -0.167173 -1.438930
    45 -0.213013 -3.744141 -0.346924 -0.820268 0.000000 0.000000
    46 0.013237 -1.576172 -0.000002 -0.584630 0.000000 0.000000
    47 -0.000002 -1.178711 0.000000 -0.532321 0.000000 0.000000
    48 -0.038065 0.069166 -0.159883 -1.816986 0.066178 -1.575392
    49 -0.025151 0.088762 -0.068837 -1.817843 0.044510 -1.568287
    50 -0.102916 -0.186983 -0.272246 -1.833683 -0.232962 -1.472375
    51 -1.034180 -3.582031 -0.346680 -0.942461 0.000000 0.000000
    52 0.000000 -1.616211 0.000002 -0.287943 0.000000 0.000000
    53 -0.000001 -0.940430 -0.000001 -0.445049 0.000000 0.000000
    54 -0.004241 0.043707 -0.080203 -2.014997 -0.186996 -1.460723
    55 0.015383 -0.089136 -0.030010 -2.006083 0.036346 -1.568629
    56 -0.022610 -0.212357 -0.177905 -1.933161 -0.118801 -1.518895
    57 1.305107 -3.227548 -0.342207 -1.019595 -0.066932 -0.041063
    58 0.000000 -1.245117 0.000002 -0.584642 0.000000 0.000000
    59 0.000000 -0.768066 0.000000 -0.523598 0.000000 0.000000
    60 -0.067138 0.063251 -0.010961 -0.899214 -0.014515 -1.600326
    61 -0.151180 -0.007395 -0.070065 -0.913061 -0.118819 -1.408558
    62 -0.178164 -0.244680 -0.357067 -1.159916 -0.384260 -1.556110
    63 -0.385254 -0.459229 0.383789 -0.318041 -0.539808 -2.424595
    64 2.472656 0.024414 0.000002 0.000000 0.000000 0.549751
    65 1.227539 0.003979 -0.000002 0.000000 0.000000 0.593370
    66 -0.263409 -0.117640 -0.015659 0.000036 -0.082210 -0.026800
    67 0.007707 -0.334360 -0.191575 0.070788 -0.181563 0.282364
    68 0.225562 -0.567923 -0.420715 0.119895 -0.183798 0.223460
    69 -0.203683 -0.095654 -0.328305 -1.745077 0.075142 -1.515382
    70 -1.393460 8.839182 -0.239439 1.580804 -0.005024 -1.566848
    71 0.036020 0.082815 -0.692656 -1.570769 0.065989 0.001276
    72 -0.088586 0.054020 -0.088594 0.010231 0.033800 -1.560851
    73 0.120153 -0.050270 -0.054489 -2.854024 0.030688 -1.580508
    74 -0.139399 -0.111694 0.014400 0.285395 -0.031353 1.580313
    75 -0.003479 -0.404833 0.000000 0.000000 0.000000 0.000000
    76 -0.309699 -4.593753 0.947859 -1.186387 1.434440 -1.173729
    77 0.000000 3.367188 0.863281 0.000000 0.000000 0.000000
    78 0.000922 -1.098811 1.959949 0.000000 0.000000 0.000000
    79 0.000922 -1.504204 2.527314 0.000000 0.000000 0.000000
    80 0.001149 -8.921875 2.623047 0.000000 0.000000 0.000000
    81 -0.003576 -2.246094 1.304688 0.000000 0.000000 0.000000
    82 0.000922 -4.262904 1.683050 0.000000 0.000000 0.000000
end
