// Created by Crowbar 0.74
version 1
nodes
  0 "ValveBiped.Bip01_Pelvis" -1
  1 "ValveBiped.Bip01_L_Thigh" 0
  2 "ValveBiped.Bip01_L_Calf" 1
  3 "ValveBiped.Bip01_L_Foot" 2
  4 "ValveBiped.Bip01_L_Toe0" 3
  5 "ValveBiped.Bip01_R_Thigh" 0
  6 "ValveBiped.Bip01_R_Calf" 5
  7 "ValveBiped.Bip01_R_Foot" 6
  8 "ValveBiped.Bip01_R_Toe0" 7
  9 "ValveBiped.Bip01_Spine" 0
  10 "ValveBiped.Bip01_Spine1" 9
  11 "ValveBiped.Bip01_Spine2" 10
  12 "ValveBiped.Bip01_Spine4" 11
  13 "ValveBiped.Bip01_Neck1" 12
  14 "ValveBiped.Bip01_Head1" 13
  15 "ValveBiped.Bip01_L_Clavicle" 12
  16 "ValveBiped.Bip01_L_UpperArm" 15
  17 "ValveBiped.Bip01_L_Forearm" 16
  18 "ValveBiped.Bip01_L_Hand" 17
  19 "ValveBiped.Bip01_L_Finger2" 18
  20 "ValveBiped.Bip01_L_Finger21" 19
  21 "ValveBiped.Bip01_L_Finger22" 20
  22 "ValveBiped.Bip01_L_Finger1" 18
  23 "ValveBiped.Bip01_L_Finger11" 22
  24 "ValveBiped.Bip01_L_Finger12" 23
  25 "ValveBiped.Bip01_L_Finger0" 18
  26 "ValveBiped.Bip01_L_Finger01" 25
  27 "ValveBiped.Bip01_L_Finger02" 26
  28 "ValveBiped.Bip01_R_Clavicle" 12
  29 "ValveBiped.Bip01_R_UpperArm" 28
  30 "ValveBiped.Bip01_R_Forearm" 29
  31 "ValveBiped.Bip01_R_Hand" 30
  32 "ValveBiped.Bip01_R_Finger2" 31
  33 "ValveBiped.Bip01_R_Finger21" 32
  34 "ValveBiped.Bip01_R_Finger22" 33
  35 "ValveBiped.Bip01_R_Finger1" 31
  36 "ValveBiped.Bip01_R_Finger11" 35
  37 "ValveBiped.Bip01_R_Finger12" 36
  38 "ValveBiped.Bip01_R_Finger0" 31
  39 "ValveBiped.Bip01_R_Finger01" 38
  40 "ValveBiped.Bip01_R_Finger02" 39
  41 "ValveBiped.Bip01_R_Wrist" 30
  42 "ValveBiped.Bip01_L_Wrist" 17
  43 "ValveBiped.Bip01_L_Ulna" 17
  44 "ValveBiped.Bip01_R_Ulna" 30
  45 "ValveBiped.weapon_bone" 9
  46 "ValveBiped.weapon_bone_RHand" 45
  47 "ValveBiped.weapon_bone_LHand" 46
  48 "ValveBiped.weapon_bone_Clip" 47
  49 "ValveBiped.forward" 14
end
skeleton
  time 0
    0 0.000000 -0.554942 40.109589 1.570796 0.000000 0.000000
    1 4.046065 0.000000 0.000000 -1.570425 0.051839 -1.565580
    2 18.562113 0.000000 0.000000 0.000000 0.000000 0.034200
    3 17.186249 0.000000 0.000000 -0.023996 -0.041104 -1.071631
    4 7.154627 0.000000 0.000001 -0.009979 -0.005353 -0.584358
    5 -4.046065 0.000000 0.000000 -1.571010 0.051839 -1.576015
    6 18.562090 0.000000 0.000000 0.000000 0.000000 0.034200
    7 17.186247 0.000000 0.000000 0.042340 0.040968 -1.071635
    8 7.154630 0.000000 0.000000 -0.084358 -0.004949 -0.584361
    9 0.000000 3.478935 -3.101174 1.570796 0.083193 1.570796
    10 4.155655 0.000000 0.000000 0.000000 0.000000 -0.028816
    11 3.661129 0.000000 0.000000 0.000000 0.000000 0.097307
    12 9.278336 0.000000 0.000000 0.000000 0.000000 0.186413
    13 3.438606 -0.000001 0.000000 3.141590 0.000000 0.406109
    14 3.746082 0.000000 0.000000 0.000000 -0.000001 0.405033
    15 2.141911 1.017039 2.015167 1.589740 -1.286515 2.950147
    16 6.269266 0.000000 0.000000 -1.437168 0.051344 -0.580810
    17 12.160242 0.000001 0.000008 0.000000 0.000000 -0.060372
    18 11.940941 -0.000001 -0.000031 1.568292 -0.038709 0.036022
    19 4.036621 0.223289 0.416267 0.087707 0.031641 -0.519952
    20 1.788361 -0.000008 -0.000002 0.000000 0.005005 -0.366486
    21 1.257549 0.000002 -0.000001 0.000000 0.002798 -0.216403
    22 4.026138 0.122124 1.352942 0.352467 -0.032975 -0.463848
    23 1.788210 0.000002 0.000002 0.000001 0.005107 -0.362997
    24 1.143646 0.000004 0.000000 0.000001 0.003256 -0.244323
    25 0.872383 -0.312286 1.365287 -1.251009 -0.669800 -0.720133
    26 1.861385 -0.000003 -0.000002 0.000000 -0.002159 0.228630
    27 1.255283 -0.000001 -0.000006 0.000000 -0.003300 0.363014
    28 2.141914 1.017039 -2.015167 -1.661569 1.286515 2.950147
    29 6.269262 0.000011 0.000000 1.520804 -0.011906 -0.583413
    30 12.160252 0.000001 -0.000008 0.000000 0.000000 -0.060372
    31 11.940960 0.000000 0.000000 -1.559993 0.038701 0.036022
    32 4.036597 0.219810 -0.418107 -0.087717 -0.035763 -0.519701
    33 1.788357 0.000000 0.000000 0.000000 -0.007584 -0.366444
    34 1.257545 -0.000002 0.000000 0.000000 -0.004241 -0.216381
    35 4.026107 0.110886 -1.353903 -0.352486 0.029262 -0.464071
    36 1.788195 -0.000004 0.000000 0.000000 -0.007737 -0.362954
    37 1.143646 0.000002 -0.000002 0.000000 -0.004929 -0.244296
    38 0.872357 -0.323635 -1.362646 1.248034 0.664310 -0.725027
    39 1.861374 0.000001 0.000004 0.000000 0.003280 0.228617
    40 1.255280 0.000001 0.000004 0.000000 0.005011 0.362995
    41 11.940960 0.000000 0.000000 0.008510 0.000000 0.000000
    42 11.940964 -0.000003 0.000004 -0.001005 0.000000 0.000000
    43 5.970486 -0.000001 0.000004 -0.000544 0.000000 0.000000
    44 5.970478 0.000000 0.000004 0.004600 0.000000 0.000000
    45 -43.648499 -1.081625 0.000030 0.000000 -1.570796 -1.487604
    46 -2.000000 4.000000 -2.354678 3.038658 0.018233 -2.311713
    47 -3.606653 -3.344002 -2.883345 -3.015749 0.086838 -1.481232
    48 0.000000 0.000000 0.000000 0.000000 0.000000 0.000000
    49 2.000008 -3.000002 0.000000 -1.570796 0.000000 -1.326450
end
triangles
helmet
  14 3.277438 2.074595 68.055824 0.440715 0.518405 -0.732821 0.505771 0.308218 1 14 1.000000
  14 3.082627 1.051223 67.840294 0.378303 0.132190 -0.916195 0.525527 0.308218 1 14 1.000000
  14 2.670093 2.265975 67.848839 0.378303 0.132187 -0.916195 0.470209 0.288565 1 14 1.000000
helmet
  14 3.277438 2.074595 68.055824 0.440715 0.518405 -0.732821 0.505771 0.308218 1 14 1.000000
  14 3.426417 2.838096 69.659042 0.444776 0.889276 0.106596 0.474160 0.378968 1 14 1.000000
  14 3.976466 2.570920 69.674866 0.444780 0.889274 0.106597 0.493917 0.378968 1 14 1.000000
helmet
  14 3.976466 2.570920 69.674866 0.444780 0.889274 0.106597 0.493917 0.378968 1 14 1.000000
  14 3.426417 2.838096 69.659042 0.444776 0.889276 0.106596 0.474160 0.378968 1 14 1.000000
  14 3.323283 2.216044 70.458794 0.345502 0.724519 0.596406 0.493917 0.402552 1 14 1.000000
helmet
  14 -2.922071 -1.414333 74.757111 -0.718010 -0.343409 0.605419 0.596652 0.886014 1 14 1.000000
  14 -3.586711 0.739520 74.887947 -0.769884 -0.016095 0.637981 0.462306 0.886014 1 14 1.000000
  14 -4.228438 0.597232 73.446358 -0.952423 -0.097386 0.288802 0.470209 0.779887 1 14 1.000000
helmet
  14 -3.586711 0.739520 74.887947 -0.769884 -0.016095 0.637981 0.462306 0.886014 1 14 1.000000
  14 -2.922071 -1.414333 74.757111 -0.718010 -0.343409 0.605419 0.596652 0.886014 1 14 1.000000
  14 -2.429313 0.784224 75.625816 -0.418694 -0.104599 0.902083 0.446501 0.948903 1 14 1.000000
helmet
  14 -2.245958 2.529200 75.679367 -0.414405 0.221937 0.882617 0.316107 0.941041 1 14 1.000000
  14 -3.586711 0.739520 74.887947 -0.769884 -0.016095 0.637981 0.462306 0.886014 1 14 1.000000
  14 -2.429313 0.784224 75.625816 -0.418694 -0.104599 0.902083 0.446501 0.948903 1 14 1.000000
helmet
  14 -0.022850 -2.334967 75.445160 -0.009299 -0.520799 0.853629 0.663824 0.984278 1 14 1.000000
  14 -0.022845 -0.742644 76.022453 -0.003906 -0.203189 0.979132 0.533431 0.996069 1 14 1.000000
  14 -2.028238 -1.206242 75.481689 -0.375586 -0.323567 0.868470 0.561090 0.948903 1 14 1.000000
helmet
  14 -0.022845 -0.742644 76.022453 -0.003906 -0.203189 0.979132 0.533431 0.996069 1 14 1.000000
  14 -0.022850 -2.334967 75.445160 -0.009299 -0.520799 0.853629 0.663824 0.984278 1 14 1.000000
  14 1.971083 -1.310044 75.484154 0.403993 -0.325058 0.855059 0.561090 0.948903 1 14 1.000000
helmet
  14 2.372164 0.784214 75.625816 0.425987 -0.107658 0.898301 0.446501 0.948903 1 14 1.000000
  14 -0.022845 -0.742644 76.022453 -0.003906 -0.203189 0.979132 0.533431 0.996069 1 14 1.000000
  14 1.971083 -1.310044 75.484154 0.403993 -0.325058 0.855059 0.561090 0.948903 1 14 1.000000
helmet
  14 -0.022843 0.689192 76.204674 0.000000 -0.039528 0.999218 0.434647 0.996069 1 14 1.000000
  14 -0.022845 -0.742644 76.022453 -0.003906 -0.203189 0.979132 0.533431 0.996069 1 14 1.000000
  14 2.372164 0.784214 75.625816 0.425987 -0.107658 0.898301 0.446501 0.948903 1 14 1.000000
helmet
  14 2.188819 2.529189 75.679352 0.415114 0.234080 0.879140 0.316107 0.941041 1 14 1.000000
  14 -0.022843 0.689192 76.204674 0.000000 -0.039528 0.999218 0.434647 0.996069 1 14 1.000000
  14 2.372164 0.784214 75.625816 0.425987 -0.107658 0.898301 0.446501 0.948903 1 14 1.000000
helmet
  14 -0.022838 2.484672 76.179337 0.000001 0.200818 0.979629 0.312156 0.980347 1 14 1.000000
  14 -0.022843 0.689192 76.204674 0.000000 -0.039528 0.999218 0.434647 0.996069 1 14 1.000000
  14 2.188819 2.529189 75.679352 0.415114 0.234080 0.879140 0.316107 0.941041 1 14 1.000000
helmet
  14 -0.022837 4.407714 75.415520 0.013800 0.558264 0.829548 0.189664 0.925319 1 14 1.000000
  14 -0.022838 2.484672 76.179337 0.000001 0.200818 0.979629 0.312156 0.980347 1 14 1.000000
  14 2.188819 2.529189 75.679352 0.415114 0.234080 0.879140 0.316107 0.941041 1 14 1.000000
helmet
  14 -2.245958 2.529200 75.679367 -0.414405 0.221937 0.882617 0.316107 0.941041 1 14 1.000000
  14 -0.022838 2.484672 76.179337 0.000001 0.200818 0.979629 0.312156 0.980347 1 14 1.000000
  14 -0.022837 4.407714 75.415520 0.013800 0.558264 0.829548 0.189664 0.925319 1 14 1.000000
helmet
  14 -0.022843 0.689192 76.204674 0.000000 -0.039528 0.999218 0.434647 0.996069 1 14 1.000000
  14 -0.022838 2.484672 76.179337 0.000001 0.200818 0.979629 0.312156 0.980347 1 14 1.000000
  14 -2.245958 2.529200 75.679367 -0.414405 0.221937 0.882617 0.316107 0.941041 1 14 1.000000
helmet
  14 -2.429313 0.784224 75.625816 -0.418694 -0.104599 0.902083 0.446501 0.948903 1 14 1.000000
  14 -0.022843 0.689192 76.204674 0.000000 -0.039528 0.999218 0.434647 0.996069 1 14 1.000000
  14 -2.245958 2.529200 75.679367 -0.414405 0.221937 0.882617 0.316107 0.941041 1 14 1.000000
helmet
  14 -0.022845 -0.742644 76.022453 -0.003906 -0.203189 0.979132 0.533431 0.996069 1 14 1.000000
  14 -0.022843 0.689192 76.204674 0.000000 -0.039528 0.999218 0.434647 0.996069 1 14 1.000000
  14 -2.429313 0.784224 75.625816 -0.418694 -0.104599 0.902083 0.446501 0.948903 1 14 1.000000
helmet
  14 -2.028238 -1.206242 75.481689 -0.375586 -0.323567 0.868470 0.561090 0.948903 1 14 1.000000
  14 -0.022845 -0.742644 76.022453 -0.003906 -0.203189 0.979132 0.533431 0.996069 1 14 1.000000
  14 -2.429313 0.784224 75.625816 -0.418694 -0.104599 0.902083 0.446501 0.948903 1 14 1.000000
helmet
  14 -2.429313 0.784224 75.625816 -0.418694 -0.104599 0.902083 0.446501 0.948903 1 14 1.000000
  14 -2.922071 -1.414333 74.757111 -0.718010 -0.343409 0.605419 0.596652 0.886014 1 14 1.000000
  14 -2.028238 -1.206242 75.481689 -0.375586 -0.323567 0.868470 0.561090 0.948903 1 14 1.000000
helmet
  14 -2.922071 -1.414333 74.757111 -0.718010 -0.343409 0.605419 0.596652 0.886014 1 14 1.000000
  14 -1.799057 -2.874573 74.657936 -0.452996 -0.622283 0.638403 0.663824 0.893875 1 14 1.000000
  14 -2.028238 -1.206242 75.481689 -0.375586 -0.323567 0.868470 0.561090 0.948903 1 14 1.000000
helmet
  14 -1.799057 -2.874573 74.657936 -0.452996 -0.622283 0.638403 0.663824 0.893875 1 14 1.000000
  14 -2.922071 -1.414333 74.757111 -0.718010 -0.343409 0.605419 0.596652 0.886014 1 14 1.000000
  14 -3.540883 -1.556209 73.426140 -0.831983 -0.453786 0.319192 0.636165 0.791679 1 14 1.000000
helmet
  14 -3.540883 -1.556209 73.426140 -0.831983 -0.453786 0.319192 0.636165 0.791679 1 14 1.000000
  14 -2.922071 -1.414333 74.757111 -0.718010 -0.343409 0.605419 0.596652 0.886014 1 14 1.000000
  14 -4.228438 0.597232 73.446358 -0.952423 -0.097386 0.288802 0.470209 0.779887 1 14 1.000000
helmet
  14 -4.228438 0.597232 73.446358 -0.952423 -0.097386 0.288802 0.470209 0.779887 1 14 1.000000
  14 -4.331577 -0.573705 72.152962 -0.911149 -0.280590 0.301789 0.529479 0.681623 1 14 1.000000
  14 -3.540883 -1.556209 73.426140 -0.831983 -0.453786 0.319192 0.636165 0.791679 1 14 1.000000
helmet
  14 -4.331577 -0.573705 72.152962 -0.911149 -0.280590 0.301789 0.529479 0.681623 1 14 1.000000
  14 -3.907587 -1.993853 70.956108 -0.851305 -0.475416 0.221944 0.636165 0.575498 1 14 1.000000
  14 -3.540883 -1.556209 73.426140 -0.831983 -0.453786 0.319192 0.636165 0.791679 1 14 1.000000
helmet
  14 -3.907587 -1.993853 70.956108 -0.851305 -0.475416 0.221944 0.636165 0.575498 1 14 1.000000
  14 -4.331577 -0.573705 72.152962 -0.911149 -0.280590 0.301789 0.529479 0.681623 1 14 1.000000
  14 -4.583694 -1.252089 69.681656 -0.879714 -0.443414 0.171717 0.549236 0.508678 1 14 1.000000
helmet
  14 -2.028238 -1.206242 75.481689 -0.375586 -0.323567 0.868470 0.561090 0.948903 1 14 1.000000
  14 -1.799057 -2.874573 74.657936 -0.452996 -0.622283 0.638403 0.663824 0.893875 1 14 1.000000
  14 -0.022850 -2.334967 75.445160 -0.009299 -0.520799 0.853629 0.663824 0.984278 1 14 1.000000
helmet
  14 -0.022837 4.407714 75.415520 0.013800 0.558264 0.829548 0.189664 0.925319 1 14 1.000000
  14 2.188819 2.529189 75.679352 0.415114 0.234080 0.879140 0.316107 0.941041 1 14 1.000000
  14 2.051308 3.981188 74.749130 0.521711 0.610513 0.595895 0.233129 0.866361 1 14 1.000000
helmet
  14 -0.022838 5.879756 73.936501 0.028363 0.882960 0.468591 0.102735 0.815262 1 14 1.000000
  14 2.051308 3.981188 74.749130 0.521711 0.610513 0.595895 0.233129 0.866361 1 14 1.000000
  14 2.429463 4.636917 73.502617 0.603440 0.693966 0.392774 0.193615 0.795609 1 14 1.000000
helmet
  14 -0.022838 5.879756 73.936501 0.028363 0.882960 0.468591 0.102735 0.815262 1 14 1.000000
  14 -0.022837 4.407714 75.415520 0.013800 0.558264 0.829548 0.189664 0.925319 1 14 1.000000
  14 2.051308 3.981188 74.749130 0.521711 0.610513 0.595895 0.233129 0.866361 1 14 1.000000
helmet
  14 -2.108445 4.036651 74.814880 -0.458086 0.584962 0.669311 0.233129 0.866361 1 14 1.000000
  14 -0.022837 4.407714 75.415520 0.013800 0.558264 0.829548 0.189664 0.925319 1 14 1.000000
  14 -0.022838 5.879756 73.936501 0.028363 0.882960 0.468591 0.102735 0.815262 1 14 1.000000
helmet
  14 -2.108445 4.036651 74.814880 -0.458086 0.584962 0.669311 0.233129 0.866361 1 14 1.000000
  14 -2.245958 2.529200 75.679367 -0.414405 0.221937 0.882617 0.316107 0.941041 1 14 1.000000
  14 -0.022837 4.407714 75.415520 0.013800 0.558264 0.829548 0.189664 0.925319 1 14 1.000000
helmet
  14 -3.242925 2.579202 74.870972 -0.707814 0.356892 0.609613 0.316107 0.886014 1 14 1.000000
  14 -2.245958 2.529200 75.679367 -0.414405 0.221937 0.882617 0.316107 0.941041 1 14 1.000000
  14 -2.108445 4.036651 74.814880 -0.458086 0.584962 0.669311 0.233129 0.866361 1 14 1.000000
helmet
  14 -3.242925 2.579202 74.870972 -0.707814 0.356892 0.609613 0.316107 0.886014 1 14 1.000000
  14 -3.586711 0.739520 74.887947 -0.769884 -0.016095 0.637981 0.462306 0.886014 1 14 1.000000
  14 -2.245958 2.529200 75.679367 -0.414405 0.221937 0.882617 0.316107 0.941041 1 14 1.000000
helmet
  14 -3.586711 0.739520 74.887947 -0.769884 -0.016095 0.637981 0.462306 0.886014 1 14 1.000000
  14 -3.242925 2.579202 74.870972 -0.707814 0.356892 0.609613 0.316107 0.886014 1 14 1.000000
  14 -3.919032 2.923348 73.576607 -0.886120 0.323905 0.331477 0.296350 0.811332 1 14 1.000000
helmet
  14 -4.228438 0.597232 73.446358 -0.952423 -0.097386 0.288802 0.470209 0.779887 1 14 1.000000
  14 -3.586711 0.739520 74.887947 -0.769884 -0.016095 0.637981 0.462306 0.886014 1 14 1.000000
  14 -3.919032 2.923348 73.576607 -0.886120 0.323905 0.331477 0.296350 0.811332 1 14 1.000000
helmet
  14 -3.919032 2.923348 73.576607 -0.886120 0.323905 0.331477 0.296350 0.811332 1 14 1.000000
  14 -4.113842 3.072918 72.223351 -0.886110 0.323900 0.331509 0.300301 0.685553 1 14 1.000000
  14 -4.228438 0.597232 73.446358 -0.952423 -0.097386 0.288802 0.470209 0.779887 1 14 1.000000
helmet
  14 -4.113842 3.072918 72.223351 -0.886110 0.323900 0.331509 0.300301 0.685553 1 14 1.000000
  14 -4.331577 -0.573705 72.152962 -0.911149 -0.280590 0.301789 0.529479 0.681623 1 14 1.000000
  14 -4.228438 0.597232 73.446358 -0.952423 -0.097386 0.288802 0.470209 0.779887 1 14 1.000000
helmet
  14 -4.331577 -0.573705 72.152962 -0.911149 -0.280590 0.301789 0.529479 0.681623 1 14 1.000000
  14 -4.113842 3.072918 72.223351 -0.886110 0.323900 0.331509 0.300301 0.685553 1 14 1.000000
  14 -4.950386 0.155342 71.616577 -0.923350 -0.148494 0.354082 0.486014 0.638387 1 14 1.000000
helmet
  14 -4.583694 -1.252089 69.681656 -0.879714 -0.443414 0.171717 0.549236 0.508678 1 14 1.000000
  14 -4.331577 -0.573705 72.152962 -0.911149 -0.280590 0.301789 0.529479 0.681623 1 14 1.000000
  14 -4.950386 0.155342 71.616577 -0.923350 -0.148494 0.354082 0.486014 0.638387 1 14 1.000000
helmet
  14 -4.583694 -1.252089 69.681656 -0.879714 -0.443414 0.171717 0.549236 0.508678 1 14 1.000000
  14 -4.950386 0.155342 71.616577 -0.923350 -0.148494 0.354082 0.486014 0.638387 1 14 1.000000
  14 -5.168121 -0.087616 68.641815 -0.989814 -0.106143 0.094875 0.478111 0.485094 1 14 1.000000
helmet
  14 -5.168121 -0.087616 68.641815 -0.989814 -0.106143 0.094875 0.478111 0.485094 1 14 1.000000
  14 -4.950386 0.155342 71.616577 -0.923350 -0.148494 0.354082 0.486014 0.638387 1 14 1.000000
  14 -4.835786 3.046503 71.057854 -0.920733 0.304655 0.243795 0.308205 0.610873 1 14 1.000000
helmet
  14 -5.168121 -0.087616 68.641815 -0.989814 -0.106143 0.094875 0.478111 0.485094 1 14 1.000000
  14 -4.835786 3.046503 71.057854 -0.920733 0.304655 0.243795 0.308205 0.610873 1 14 1.000000
  14 -5.213955 2.366474 68.144165 -0.988265 0.121426 0.092671 0.324010 0.445789 1 14 1.000000
helmet
  14 -5.213955 2.366474 68.144165 -0.988265 0.121426 0.092671 0.324010 0.445789 1 14 1.000000
  14 -4.835786 3.046503 71.057854 -0.920733 0.304655 0.243795 0.308205 0.610873 1 14 1.000000
  14 -4.721198 4.374290 68.203163 -0.775411 0.628704 0.058900 0.158053 0.477233 1 14 1.000000
helmet
  14 -4.835786 3.046503 71.057854 -0.920733 0.304655 0.243795 0.308205 0.610873 1 14 1.000000
  14 -3.586716 5.154114 69.444748 -0.575971 0.799866 0.168734 0.138297 0.536192 1 14 1.000000
  14 -4.721198 4.374290 68.203163 -0.775411 0.628704 0.058900 0.158053 0.477233 1 14 1.000000
helmet
  14 -4.721198 4.374290 68.203163 -0.775411 0.628704 0.058900 0.158053 0.477233 1 14 1.000000
  14 -3.586716 5.154114 69.444748 -0.575971 0.799866 0.168734 0.138297 0.536192 1 14 1.000000
  14 -0.022848 6.844354 69.034767 0.000512 0.997394 0.072147 0.007903 0.485094 1 14 1.000000
helmet
  14 -3.586716 5.154114 69.444748 -0.575971 0.799866 0.168734 0.138297 0.536192 1 14 1.000000
  14 -0.022841 6.380275 71.931198 0.011602 0.987526 0.157026 0.039514 0.685553 1 14 1.000000
  14 -0.022845 6.516738 70.022827 0.011598 0.987532 0.156993 0.027660 0.559775 1 14 1.000000
helmet
  14 -3.586716 5.154114 69.444748 -0.575971 0.799866 0.168734 0.138297 0.536192 1 14 1.000000
  14 -3.105417 5.019498 71.850784 -0.655306 0.724313 0.214348 0.162004 0.677692 1 14 1.000000
  14 -0.022841 6.380275 71.931198 0.011602 0.987526 0.157026 0.039514 0.685553 1 14 1.000000
helmet
  14 -3.105417 5.019498 71.850784 -0.655306 0.724313 0.214348 0.162004 0.677692 1 14 1.000000
  14 -0.022838 5.879756 73.936501 0.028363 0.882960 0.468591 0.102735 0.815262 1 14 1.000000
  14 -0.022841 6.380275 71.931198 0.011602 0.987526 0.157026 0.039514 0.685553 1 14 1.000000
helmet
  14 -0.022838 5.879756 73.936501 0.028363 0.882960 0.468591 0.102735 0.815262 1 14 1.000000
  14 -3.105417 5.019498 71.850784 -0.655306 0.724313 0.214348 0.162004 0.677692 1 14 1.000000
  14 -2.635578 4.703850 73.681038 -0.616313 0.648746 0.446415 0.193615 0.795609 1 14 1.000000
helmet
  14 -2.635578 4.703850 73.681038 -0.616313 0.648746 0.446415 0.193615 0.795609 1 14 1.000000
  14 -2.108445 4.036651 74.814880 -0.458086 0.584962 0.669311 0.233129 0.866361 1 14 1.000000
  14 -0.022838 5.879756 73.936501 0.028363 0.882960 0.468591 0.102735 0.815262 1 14 1.000000
helmet
  14 -3.242925 2.579202 74.870972 -0.707814 0.356892 0.609613 0.316107 0.886014 1 14 1.000000
  14 -2.108445 4.036651 74.814880 -0.458086 0.584962 0.669311 0.233129 0.866361 1 14 1.000000
  14 -2.635578 4.703850 73.681038 -0.616313 0.648746 0.446415 0.193615 0.795609 1 14 1.000000
helmet
  14 -3.919032 2.923348 73.576607 -0.886120 0.323905 0.331477 0.296350 0.811332 1 14 1.000000
  14 -3.242925 2.579202 74.870972 -0.707814 0.356892 0.609613 0.316107 0.886014 1 14 1.000000
  14 -2.635578 4.703850 73.681038 -0.616313 0.648746 0.446415 0.193615 0.795609 1 14 1.000000
helmet
  14 -2.635578 4.703850 73.681038 -0.616313 0.648746 0.446415 0.193615 0.795609 1 14 1.000000
  14 -3.105417 5.019498 71.850784 -0.655306 0.724313 0.214348 0.162004 0.677692 1 14 1.000000
  14 -3.919032 2.923348 73.576607 -0.886120 0.323905 0.331477 0.296350 0.811332 1 14 1.000000
helmet
  14 -3.105417 5.019498 71.850784 -0.655306 0.724313 0.214348 0.162004 0.677692 1 14 1.000000
  14 -4.113842 3.072918 72.223351 -0.886110 0.323900 0.331509 0.300301 0.685553 1 14 1.000000
  14 -3.919032 2.923348 73.576607 -0.886120 0.323905 0.331477 0.296350 0.811332 1 14 1.000000
helmet
  14 -4.113842 3.072918 72.223351 -0.886110 0.323900 0.331509 0.300301 0.685553 1 14 1.000000
  14 -3.105417 5.019498 71.850784 -0.655306 0.724313 0.214348 0.162004 0.677692 1 14 1.000000
  14 -3.586716 5.154114 69.444748 -0.575971 0.799866 0.168734 0.138297 0.536192 1 14 1.000000
helmet
  14 -4.835786 3.046503 71.057854 -0.920733 0.304655 0.243795 0.308205 0.610873 1 14 1.000000
  14 -4.113842 3.072918 72.223351 -0.886110 0.323900 0.331509 0.300301 0.685553 1 14 1.000000
  14 -3.586716 5.154114 69.444748 -0.575971 0.799866 0.168734 0.138297 0.536192 1 14 1.000000
helmet
  14 -4.950386 0.155342 71.616577 -0.923350 -0.148494 0.354082 0.486014 0.638387 1 14 1.000000
  14 -4.113842 3.072918 72.223351 -0.886110 0.323900 0.331509 0.300301 0.685553 1 14 1.000000
  14 -4.835786 3.046503 71.057854 -0.920733 0.304655 0.243795 0.308205 0.610873 1 14 1.000000
helmet
  14 3.529555 5.151726 69.400085 0.538356 0.821126 0.189537 0.138297 0.536192 1 14 1.000000
  14 4.652569 4.374272 68.203156 0.764643 0.643556 0.034011 0.158053 0.477233 1 14 1.000000
  14 -0.022848 6.844354 69.034767 0.000512 0.997394 0.072147 0.007903 0.485094 1 14 1.000000
helmet
  14 -3.586716 5.154114 69.444748 -0.575971 0.799866 0.168734 0.138297 0.536192 1 14 1.000000
  14 -0.022845 6.516738 70.022827 0.011598 0.987532 0.156993 0.027660 0.559775 1 14 1.000000
  14 -0.022848 6.844354 69.034767 0.000512 0.997394 0.072147 0.007903 0.485094 1 14 1.000000
helmet
  14 -0.022848 6.844354 69.034767 0.000512 0.997394 0.072147 0.007903 0.485094 1 14 1.000000
  14 -0.022845 6.516738 70.022827 0.011598 0.987532 0.156993 0.027660 0.559775 1 14 1.000000
  14 3.529555 5.151726 69.400085 0.538356 0.821126 0.189537 0.138297 0.536192 1 14 1.000000
helmet
  14 -0.022845 6.516738 70.022827 0.011598 0.987532 0.156993 0.027660 0.559775 1 14 1.000000
  14 -0.022841 6.380275 71.931198 0.011602 0.987526 0.157026 0.039514 0.685553 1 14 1.000000
  14 3.529555 5.151726 69.400085 0.538356 0.821126 0.189537 0.138297 0.536192 1 14 1.000000
helmet
  14 3.529555 5.151726 69.400085 0.538356 0.821126 0.189537 0.138297 0.536192 1 14 1.000000
  14 -0.022841 6.380275 71.931198 0.011602 0.987526 0.157026 0.039514 0.685553 1 14 1.000000
  14 2.773242 5.019489 71.850769 0.632119 0.737125 0.238900 0.162004 0.677692 1 14 1.000000
helmet
  14 -0.022841 6.380275 71.931198 0.011602 0.987526 0.157026 0.039514 0.685553 1 14 1.000000
  14 -0.022838 5.879756 73.936501 0.028363 0.882960 0.468591 0.102735 0.815262 1 14 1.000000
  14 2.773242 5.019489 71.850769 0.632119 0.737125 0.238900 0.162004 0.677692 1 14 1.000000
helmet
  14 2.773242 5.019489 71.850769 0.632119 0.737125 0.238900 0.162004 0.677692 1 14 1.000000
  14 -0.022838 5.879756 73.936501 0.028363 0.882960 0.468591 0.102735 0.815262 1 14 1.000000
  14 2.429463 4.636917 73.502617 0.603440 0.693966 0.392774 0.193615 0.795609 1 14 1.000000
helmet
  14 2.773242 5.019489 71.850769 0.632119 0.737125 0.238900 0.162004 0.677692 1 14 1.000000
  14 2.429463 4.636917 73.502617 0.603440 0.693966 0.392774 0.193615 0.795609 1 14 1.000000
  14 3.804585 2.923333 73.576599 0.843574 0.404701 0.352988 0.296350 0.811332 1 14 1.000000
helmet
  14 2.429463 4.636917 73.502617 0.603440 0.693966 0.392774 0.193615 0.795609 1 14 1.000000
  14 2.051308 3.981188 74.749130 0.521711 0.610513 0.595895 0.233129 0.866361 1 14 1.000000
  14 3.804585 2.923333 73.576599 0.843574 0.404701 0.352988 0.296350 0.811332 1 14 1.000000
helmet
  14 2.051308 3.981188 74.749130 0.521711 0.610513 0.595895 0.233129 0.866361 1 14 1.000000
  14 3.197242 2.601289 74.875122 0.711107 0.356479 0.606011 0.316107 0.886014 1 14 1.000000
  14 3.804585 2.923333 73.576599 0.843574 0.404701 0.352988 0.296350 0.811332 1 14 1.000000
helmet
  14 2.051308 3.981188 74.749130 0.521711 0.610513 0.595895 0.233129 0.866361 1 14 1.000000
  14 2.188819 2.529189 75.679352 0.415114 0.234080 0.879140 0.316107 0.941041 1 14 1.000000
  14 3.197242 2.601289 74.875122 0.711107 0.356479 0.606011 0.316107 0.886014 1 14 1.000000
helmet
  14 2.188819 2.529189 75.679352 0.415114 0.234080 0.879140 0.316107 0.941041 1 14 1.000000
  14 3.518101 0.739505 74.887932 0.772606 -0.027293 0.634299 0.462306 0.886014 1 14 1.000000
  14 3.197242 2.601289 74.875122 0.711107 0.356479 0.606011 0.316107 0.886014 1 14 1.000000
helmet
  14 3.518101 0.739505 74.887932 0.772606 -0.027293 0.634299 0.462306 0.886014 1 14 1.000000
  14 2.188819 2.529189 75.679352 0.415114 0.234080 0.879140 0.316107 0.941041 1 14 1.000000
  14 2.372164 0.784214 75.625816 0.425987 -0.107658 0.898301 0.446501 0.948903 1 14 1.000000
helmet
  14 2.853452 -1.160383 74.749847 0.733132 -0.333357 0.592782 0.596652 0.886014 1 14 1.000000
  14 3.518101 0.739505 74.887932 0.772606 -0.027293 0.634299 0.462306 0.886014 1 14 1.000000
  14 2.372164 0.784214 75.625816 0.425987 -0.107658 0.898301 0.446501 0.948903 1 14 1.000000
helmet
  14 2.853452 -1.160383 74.749847 0.733132 -0.333357 0.592782 0.596652 0.886014 1 14 1.000000
  14 2.372164 0.784214 75.625816 0.425987 -0.107658 0.898301 0.446501 0.948903 1 14 1.000000
  14 1.971083 -1.310044 75.484154 0.403993 -0.325058 0.855059 0.561090 0.948903 1 14 1.000000
helmet
  14 2.853452 -1.160383 74.749847 0.733132 -0.333357 0.592782 0.596652 0.886014 1 14 1.000000
  14 1.971083 -1.310044 75.484154 0.403993 -0.325058 0.855059 0.561090 0.948903 1 14 1.000000
  14 1.730430 -2.920950 74.660194 0.470115 -0.605107 0.642524 0.663824 0.893875 1 14 1.000000
helmet
  14 1.971083 -1.310044 75.484154 0.403993 -0.325058 0.855059 0.561090 0.948903 1 14 1.000000
  14 -0.022850 -2.334967 75.445160 -0.009299 -0.520799 0.853629 0.663824 0.984278 1 14 1.000000
  14 1.730430 -2.920950 74.660194 0.470115 -0.605107 0.642524 0.663824 0.893875 1 14 1.000000
helmet
  14 -0.022850 -2.334967 75.445160 -0.009299 -0.520799 0.853629 0.663824 0.984278 1 14 1.000000
  14 -0.022855 -3.456333 74.415344 -0.013898 -0.833778 0.551925 0.770510 0.917458 1 14 1.000000
  14 1.730430 -2.920950 74.660194 0.470115 -0.605107 0.642524 0.663824 0.893875 1 14 1.000000
helmet
  14 -1.799057 -2.874573 74.657936 -0.452996 -0.622283 0.638403 0.663824 0.893875 1 14 1.000000
  14 -0.022855 -3.456333 74.415344 -0.013898 -0.833778 0.551925 0.770510 0.917458 1 14 1.000000
  14 -0.022850 -2.334967 75.445160 -0.009299 -0.520799 0.853629 0.663824 0.984278 1 14 1.000000
helmet
  14 3.197242 2.601289 74.875122 0.711107 0.356479 0.606011 0.316107 0.886014 1 14 1.000000
  14 3.518101 0.739505 74.887932 0.772606 -0.027293 0.634299 0.462306 0.886014 1 14 1.000000
  14 3.804585 2.923333 73.576599 0.843574 0.404701 0.352988 0.296350 0.811332 1 14 1.000000
helmet
  14 3.518101 0.739505 74.887932 0.772606 -0.027293 0.634299 0.462306 0.886014 1 14 1.000000
  14 4.159821 0.597215 73.446365 0.952928 -0.101196 0.285810 0.470209 0.779887 1 14 1.000000
  14 3.804585 2.923333 73.576599 0.843574 0.404701 0.352988 0.296350 0.811332 1 14 1.000000
helmet
  14 2.853452 -1.160383 74.749847 0.733132 -0.333357 0.592782 0.596652 0.886014 1 14 1.000000
  14 4.159821 0.597215 73.446365 0.952928 -0.101196 0.285810 0.470209 0.779887 1 14 1.000000
  14 3.518101 0.739505 74.887932 0.772606 -0.027293 0.634299 0.462306 0.886014 1 14 1.000000
helmet
  14 2.853452 -1.160383 74.749847 0.733132 -0.333357 0.592782 0.596652 0.886014 1 14 1.000000
  14 3.483713 -1.476701 73.430122 0.846931 -0.426113 0.318018 0.636165 0.791679 1 14 1.000000
  14 4.159821 0.597215 73.446365 0.952928 -0.101196 0.285810 0.470209 0.779887 1 14 1.000000
helmet
  14 2.853452 -1.160383 74.749847 0.733132 -0.333357 0.592782 0.596652 0.886014 1 14 1.000000
  14 1.730430 -2.920950 74.660194 0.470115 -0.605107 0.642524 0.663824 0.893875 1 14 1.000000
  14 3.483713 -1.476701 73.430122 0.846931 -0.426113 0.318018 0.636165 0.791679 1 14 1.000000
helmet
  14 1.730430 -2.920950 74.660194 0.470115 -0.605107 0.642524 0.663824 0.893875 1 14 1.000000
  14 2.188802 -3.595021 73.350204 0.505179 -0.788459 0.350895 0.734949 0.799540 1 14 1.000000
  14 3.483713 -1.476701 73.430122 0.846931 -0.426113 0.318018 0.636165 0.791679 1 14 1.000000
helmet
  14 1.730430 -2.920950 74.660194 0.470115 -0.605107 0.642524 0.663824 0.893875 1 14 1.000000
  14 -0.022855 -3.456333 74.415344 -0.013898 -0.833778 0.551925 0.770510 0.917458 1 14 1.000000
  14 2.188802 -3.595021 73.350204 0.505179 -0.788459 0.350895 0.734949 0.799540 1 14 1.000000
helmet
  14 2.188802 -3.595021 73.350204 0.505179 -0.788459 0.350895 0.734949 0.799540 1 14 1.000000
  14 -0.022855 -3.456333 74.415344 -0.013898 -0.833778 0.551925 0.770510 0.917458 1 14 1.000000
  14 -0.022865 -4.693965 71.816208 0.000003 -0.901603 0.432565 0.861392 0.673762 1 14 1.000000
helmet
  14 -0.022865 -4.693965 71.816208 0.000003 -0.901603 0.432565 0.861392 0.673762 1 14 1.000000
  14 -0.022855 -3.456333 74.415344 -0.013898 -0.833778 0.551925 0.770510 0.917458 1 14 1.000000
  14 -2.245976 -3.486673 73.381729 -0.497117 -0.786291 0.366908 0.734949 0.799540 1 14 1.000000
helmet
  14 -0.022865 -4.693965 71.816208 0.000003 -0.901603 0.432565 0.861392 0.673762 1 14 1.000000
  14 -2.245976 -3.486673 73.381729 -0.497117 -0.786291 0.366908 0.734949 0.799540 1 14 1.000000
  14 -2.612679 -3.620904 71.731689 -0.632566 -0.700963 0.329411 0.742851 0.650178 1 14 1.000000
helmet
  14 -0.022867 -5.172750 71.349953 0.001898 -0.944195 0.329382 0.881148 0.638387 1 14 1.000000
  14 -0.022865 -4.693965 71.816208 0.000003 -0.901603 0.432565 0.861392 0.673762 1 14 1.000000
  14 -2.612679 -3.620904 71.731689 -0.632566 -0.700963 0.329411 0.742851 0.650178 1 14 1.000000
helmet
  14 2.544039 -3.570203 71.708099 0.641394 -0.691768 0.331770 0.742851 0.650178 1 14 1.000000
  14 -0.022865 -4.693965 71.816208 0.000003 -0.901603 0.432565 0.861392 0.673762 1 14 1.000000
  14 -0.022867 -5.172750 71.349953 0.001898 -0.944195 0.329382 0.881148 0.638387 1 14 1.000000
helmet
  14 2.544039 -3.570203 71.708099 0.641394 -0.691768 0.331770 0.742851 0.650178 1 14 1.000000
  14 2.188802 -3.595021 73.350204 0.505179 -0.788459 0.350895 0.734949 0.799540 1 14 1.000000
  14 -0.022865 -4.693965 71.816208 0.000003 -0.901603 0.432565 0.861392 0.673762 1 14 1.000000
helmet
  14 3.483713 -1.476701 73.430122 0.846931 -0.426113 0.318018 0.636165 0.791679 1 14 1.000000
  14 2.188802 -3.595021 73.350204 0.505179 -0.788459 0.350895 0.734949 0.799540 1 14 1.000000
  14 2.544039 -3.570203 71.708099 0.641394 -0.691768 0.331770 0.742851 0.650178 1 14 1.000000
helmet
  14 -0.022855 -3.456333 74.415344 -0.013898 -0.833778 0.551925 0.770510 0.917458 1 14 1.000000
  14 -1.799057 -2.874573 74.657936 -0.452996 -0.622283 0.638403 0.663824 0.893875 1 14 1.000000
  14 -2.245976 -3.486673 73.381729 -0.497117 -0.786291 0.366908 0.734949 0.799540 1 14 1.000000
helmet
  14 -2.245976 -3.486673 73.381729 -0.497117 -0.786291 0.366908 0.734949 0.799540 1 14 1.000000
  14 -1.799057 -2.874573 74.657936 -0.452996 -0.622283 0.638403 0.663824 0.893875 1 14 1.000000
  14 -3.540883 -1.556209 73.426140 -0.831983 -0.453786 0.319192 0.636165 0.791679 1 14 1.000000
helmet
  14 -2.612679 -3.620904 71.731689 -0.632566 -0.700963 0.329411 0.742851 0.650178 1 14 1.000000
  14 -2.245976 -3.486673 73.381729 -0.497117 -0.786291 0.366908 0.734949 0.799540 1 14 1.000000
  14 -3.540883 -1.556209 73.426140 -0.831983 -0.453786 0.319192 0.636165 0.791679 1 14 1.000000
helmet
  14 -3.540883 -1.556209 73.426140 -0.831983 -0.453786 0.319192 0.636165 0.791679 1 14 1.000000
  14 -3.907587 -1.993853 70.956108 -0.851305 -0.475416 0.221944 0.636165 0.575498 1 14 1.000000
  14 -2.612679 -3.620904 71.731689 -0.632566 -0.700963 0.329411 0.742851 0.650178 1 14 1.000000
helmet
  14 -3.907587 -1.993853 70.956108 -0.851305 -0.475416 0.221944 0.636165 0.575498 1 14 1.000000
  14 -2.692899 -3.843972 71.136932 -0.603571 -0.784014 0.144997 0.786316 0.587289 1 14 1.000000
  14 -2.612679 -3.620904 71.731689 -0.632566 -0.700963 0.329411 0.742851 0.650178 1 14 1.000000
helmet
  14 -2.612679 -3.620904 71.731689 -0.632566 -0.700963 0.329411 0.742851 0.650178 1 14 1.000000
  14 -2.692899 -3.843972 71.136932 -0.603571 -0.784014 0.144997 0.786316 0.587289 1 14 1.000000
  14 -0.022867 -5.172750 71.349953 0.001898 -0.944195 0.329382 0.881148 0.638387 1 14 1.000000
helmet
  14 -2.692899 -3.843972 71.136932 -0.603571 -0.784014 0.144997 0.786316 0.587289 1 14 1.000000
  14 -0.022868 -5.068227 70.949692 -0.000049 -0.966853 -0.255333 0.881148 0.587289 1 14 1.000000
  14 -0.022867 -5.172750 71.349953 0.001898 -0.944195 0.329382 0.881148 0.638387 1 14 1.000000
helmet
  14 -0.022867 -5.172750 71.349953 0.001898 -0.944195 0.329382 0.881148 0.638387 1 14 1.000000
  14 -0.022868 -5.068227 70.949692 -0.000049 -0.966853 -0.255333 0.881148 0.587289 1 14 1.000000
  14 2.635710 -3.843982 71.136940 0.601572 -0.775741 0.190623 0.786316 0.587289 1 14 1.000000
helmet
  14 2.635710 -3.843982 71.136940 0.601572 -0.775741 0.190623 0.786316 0.587289 1 14 1.000000
  14 2.544039 -3.570203 71.708099 0.641394 -0.691768 0.331770 0.742851 0.650178 1 14 1.000000
  14 -0.022867 -5.172750 71.349953 0.001898 -0.944195 0.329382 0.881148 0.638387 1 14 1.000000
helmet
  14 3.838947 -1.993868 70.956116 0.863214 -0.438377 0.250374 0.636165 0.575498 1 14 1.000000
  14 2.544039 -3.570203 71.708099 0.641394 -0.691768 0.331770 0.742851 0.650178 1 14 1.000000
  14 2.635710 -3.843982 71.136940 0.601572 -0.775741 0.190623 0.786316 0.587289 1 14 1.000000
helmet
  14 3.838947 -1.993868 70.956116 0.863214 -0.438377 0.250374 0.636165 0.575498 1 14 1.000000
  14 3.483713 -1.476701 73.430122 0.846931 -0.426113 0.318018 0.636165 0.791679 1 14 1.000000
  14 2.544039 -3.570203 71.708099 0.641394 -0.691768 0.331770 0.742851 0.650178 1 14 1.000000
helmet
  14 4.262949 -0.318415 71.913826 0.858697 -0.342927 0.380842 0.529479 0.681623 1 14 1.000000
  14 3.483713 -1.476701 73.430122 0.846931 -0.426113 0.318018 0.636165 0.791679 1 14 1.000000
  14 3.838947 -1.993868 70.956116 0.863214 -0.438377 0.250374 0.636165 0.575498 1 14 1.000000
helmet
  14 4.262949 -0.318415 71.913826 0.858697 -0.342927 0.380842 0.529479 0.681623 1 14 1.000000
  14 4.159821 0.597215 73.446365 0.952928 -0.101196 0.285810 0.470209 0.779887 1 14 1.000000
  14 3.483713 -1.476701 73.430122 0.846931 -0.426113 0.318018 0.636165 0.791679 1 14 1.000000
helmet
  14 4.159821 0.597215 73.446365 0.952928 -0.101196 0.285810 0.470209 0.779887 1 14 1.000000
  14 4.262949 -0.318415 71.913826 0.858697 -0.342927 0.380842 0.529479 0.681623 1 14 1.000000
  14 4.045229 3.072903 72.223297 0.841361 0.343989 0.416874 0.300301 0.685553 1 14 1.000000
helmet
  14 3.804585 2.923333 73.576599 0.843574 0.404701 0.352988 0.296350 0.811332 1 14 1.000000
  14 4.159821 0.597215 73.446365 0.952928 -0.101196 0.285810 0.470209 0.779887 1 14 1.000000
  14 4.045229 3.072903 72.223297 0.841361 0.343989 0.416874 0.300301 0.685553 1 14 1.000000
helmet
  14 4.045229 3.072903 72.223297 0.841361 0.343989 0.416874 0.300301 0.685553 1 14 1.000000
  14 2.773242 5.019489 71.850769 0.632119 0.737125 0.238900 0.162004 0.677692 1 14 1.000000
  14 3.804585 2.923333 73.576599 0.843574 0.404701 0.352988 0.296350 0.811332 1 14 1.000000
helmet
  14 3.529555 5.151726 69.400085 0.538356 0.821126 0.189537 0.138297 0.536192 1 14 1.000000
  14 2.773242 5.019489 71.850769 0.632119 0.737125 0.238900 0.162004 0.677692 1 14 1.000000
  14 4.045229 3.072903 72.223297 0.841361 0.343989 0.416874 0.300301 0.685553 1 14 1.000000
helmet
  14 4.778625 3.316038 71.086678 0.906549 0.333813 0.258335 0.308205 0.610873 1 14 1.000000
  14 3.529555 5.151726 69.400085 0.538356 0.821126 0.189537 0.138297 0.536192 1 14 1.000000
  14 4.045229 3.072903 72.223297 0.841361 0.343989 0.416874 0.300301 0.685553 1 14 1.000000
helmet
  14 4.881754 -0.040802 71.734230 0.843985 -0.254918 0.471918 0.486014 0.638387 1 14 1.000000
  14 4.778625 3.316038 71.086678 0.906549 0.333813 0.258335 0.308205 0.610873 1 14 1.000000
  14 4.045229 3.072903 72.223297 0.841361 0.343989 0.416874 0.300301 0.685553 1 14 1.000000
helmet
  14 4.045229 3.072903 72.223297 0.841361 0.343989 0.416874 0.300301 0.685553 1 14 1.000000
  14 4.262949 -0.318415 71.913826 0.858697 -0.342927 0.380842 0.529479 0.681623 1 14 1.000000
  14 4.881754 -0.040802 71.734230 0.843985 -0.254918 0.471918 0.486014 0.638387 1 14 1.000000
helmet
  14 4.652569 4.374272 68.203156 0.764643 0.643556 0.034011 0.158053 0.477233 1 14 1.000000
  14 3.529555 5.151726 69.400085 0.538356 0.821126 0.189537 0.138297 0.536192 1 14 1.000000
  14 4.778625 3.316038 71.086678 0.906549 0.333813 0.258335 0.308205 0.610873 1 14 1.000000
helmet
  14 4.652569 4.374272 68.203156 0.764643 0.643556 0.034011 0.158053 0.477233 1 14 1.000000
  14 4.778625 3.316038 71.086678 0.906549 0.333813 0.258335 0.308205 0.610873 1 14 1.000000
  14 5.145317 2.366455 68.144127 0.989225 0.121683 0.081411 0.324010 0.445789 1 14 1.000000
helmet
  14 5.145317 2.366455 68.144127 0.989225 0.121683 0.081411 0.324010 0.445789 1 14 1.000000
  14 4.778625 3.316038 71.086678 0.906549 0.333813 0.258335 0.308205 0.610873 1 14 1.000000
  14 5.110936 -0.087635 68.641792 0.989453 -0.115219 0.087786 0.478111 0.485094 1 14 1.000000
helmet
  14 4.778625 3.316038 71.086678 0.906549 0.333813 0.258335 0.308205 0.610873 1 14 1.000000
  14 4.881754 -0.040802 71.734230 0.843985 -0.254918 0.471918 0.486014 0.638387 1 14 1.000000
  14 5.110936 -0.087635 68.641792 0.989453 -0.115219 0.087786 0.478111 0.485094 1 14 1.000000
helmet
  14 5.110936 -0.087635 68.641792 0.989453 -0.115219 0.087786 0.478111 0.485094 1 14 1.000000
  14 4.881754 -0.040802 71.734230 0.843985 -0.254918 0.471918 0.486014 0.638387 1 14 1.000000
  14 4.526509 -1.252109 69.681618 0.804720 -0.542987 0.239982 0.549236 0.508678 1 14 1.000000
helmet
  14 4.881754 -0.040802 71.734230 0.843985 -0.254918 0.471918 0.486014 0.638387 1 14 1.000000
  14 4.262949 -0.318415 71.913826 0.858697 -0.342927 0.380842 0.529479 0.681623 1 14 1.000000
  14 4.526509 -1.252109 69.681618 0.804720 -0.542987 0.239982 0.549236 0.508678 1 14 1.000000
helmet
  14 4.526509 -1.252109 69.681618 0.804720 -0.542987 0.239982 0.549236 0.508678 1 14 1.000000
  14 4.262949 -0.318415 71.913826 0.858697 -0.342927 0.380842 0.529479 0.681623 1 14 1.000000
  14 3.838947 -1.993868 70.956116 0.863214 -0.438377 0.250374 0.636165 0.575498 1 14 1.000000
helmet
  14 -1.134424 -3.286464 70.203384 -0.273089 -0.760688 -0.588877 0.893002 0.437927 1 14 1.000000
  14 -0.263514 -3.503761 69.974411 -0.364343 -0.913078 -0.183145 0.853488 0.426135 1 14 1.000000
  14 -0.045785 -3.829298 70.332886 0.000191 -0.918613 -0.395159 0.841634 0.445789 1 14 1.000000
helmet
  14 -1.993875 -3.271808 70.581932 -0.464461 -0.876922 -0.123626 0.928564 0.461511 1 14 1.000000
  14 -1.134424 -3.286464 70.203384 -0.273089 -0.760688 -0.588877 0.893002 0.437927 1 14 1.000000
  14 -0.045785 -3.829298 70.332886 0.000191 -0.918613 -0.395159 0.841634 0.445789 1 14 1.000000
helmet
  14 -1.993875 -3.271808 70.581932 -0.464461 -0.876922 -0.123626 0.928564 0.461511 1 14 1.000000
  14 -1.844905 -3.045727 70.204689 -0.360993 -0.800696 -0.478089 0.928564 0.437927 1 14 1.000000
  14 -1.134424 -3.286464 70.203384 -0.273089 -0.760688 -0.588877 0.893002 0.437927 1 14 1.000000
helmet
  14 -1.134424 -3.286464 70.203384 -0.273089 -0.760688 -0.588877 0.893002 0.437927 1 14 1.000000
  14 -1.844905 -3.045727 70.204689 -0.360993 -0.800696 -0.478089 0.928564 0.437927 1 14 1.000000
  14 -1.432369 -3.002961 69.825951 -0.248313 -0.949044 -0.194052 0.908807 0.418274 1 14 1.000000
helmet
  14 -1.432369 -3.002961 69.825951 -0.248313 -0.949044 -0.194052 0.908807 0.418274 1 14 1.000000
  14 -0.515617 -3.049336 69.828209 -0.506974 -0.854341 -0.114362 0.865342 0.418274 1 14 1.000000
  14 -1.134424 -3.286464 70.203384 -0.273089 -0.760688 -0.588877 0.893002 0.437927 1 14 1.000000
helmet
  14 -0.515617 -3.049336 69.828209 -0.506974 -0.854341 -0.114362 0.865342 0.418274 1 14 1.000000
  14 -0.263514 -3.503761 69.974411 -0.364343 -0.913078 -0.183145 0.853488 0.426135 1 14 1.000000
  14 -1.134424 -3.286464 70.203384 -0.273089 -0.760688 -0.588877 0.893002 0.437927 1 14 1.000000
helmet
  14 -0.286436 -3.980057 68.989159 -0.436028 -0.704643 0.559784 0.853488 0.371107 1 14 1.000000
  14 -0.263514 -3.503761 69.974411 -0.364343 -0.913078 -0.183145 0.853488 0.426135 1 14 1.000000
  14 -0.515617 -3.049336 69.828209 -0.506974 -0.854341 -0.114362 0.865342 0.418274 1 14 1.000000
helmet
  14 -2.223068 -2.902662 68.883369 -0.673305 -0.735314 0.077293 0.948320 0.375038 1 14 1.000000
  14 -0.491058 -4.107708 67.774925 -0.361896 -0.885802 -0.290491 0.861392 0.304287 1 14 1.000000
  14 -0.492706 -4.324685 68.371376 -0.255251 -0.966719 0.017335 0.857439 0.339662 1 14 1.000000
helmet
  14 -0.286436 -3.980057 68.989159 -0.436028 -0.704643 0.559784 0.853488 0.371107 1 14 1.000000
  14 -2.223068 -2.902662 68.883369 -0.673305 -0.735314 0.077293 0.948320 0.375038 1 14 1.000000
  14 -0.492706 -4.324685 68.371376 -0.255251 -0.966719 0.017335 0.857439 0.339662 1 14 1.000000
helmet
  14 -0.286436 -3.980057 68.989159 -0.436028 -0.704643 0.559784 0.853488 0.371107 1 14 1.000000
  14 -0.515624 -3.387135 68.670212 -0.468586 -0.763881 0.443749 0.873245 0.367176 1 14 1.000000
  14 -2.223068 -2.902662 68.883369 -0.673305 -0.735314 0.077293 0.948320 0.375038 1 14 1.000000
helmet
  14 -0.286436 -3.980057 68.989159 -0.436028 -0.704643 0.559784 0.853488 0.371107 1 14 1.000000
  14 -0.515617 -3.049336 69.828209 -0.506974 -0.854341 -0.114362 0.865342 0.418274 1 14 1.000000
  14 -0.515624 -3.387135 68.670212 -0.468586 -0.763881 0.443749 0.873245 0.367176 1 14 1.000000
helmet
  14 -0.515617 -3.049336 69.828209 -0.506974 -0.854341 -0.114362 0.865342 0.418274 1 14 1.000000
  14 -1.397994 -3.213014 69.167305 -0.244197 -0.954001 0.173922 0.904855 0.394690 1 14 1.000000
  14 -0.515624 -3.387135 68.670212 -0.468586 -0.763881 0.443749 0.873245 0.367176 1 14 1.000000
helmet
  14 -1.397994 -3.213014 69.167305 -0.244197 -0.954001 0.173922 0.904855 0.394690 1 14 1.000000
  14 -0.515617 -3.049336 69.828209 -0.506974 -0.854341 -0.114362 0.865342 0.418274 1 14 1.000000
  14 -1.432369 -3.002961 69.825951 -0.248313 -0.949044 -0.194052 0.908807 0.418274 1 14 1.000000
helmet
  14 -2.394957 -2.589955 69.826614 -0.626429 -0.772894 -0.101099 0.960175 0.418274 1 14 1.000000
  14 -1.397994 -3.213014 69.167305 -0.244197 -0.954001 0.173922 0.904855 0.394690 1 14 1.000000
  14 -1.432369 -3.002961 69.825951 -0.248313 -0.949044 -0.194052 0.908807 0.418274 1 14 1.000000
helmet
  14 -1.432369 -3.002961 69.825951 -0.248313 -0.949044 -0.194052 0.908807 0.418274 1 14 1.000000
  14 -1.844905 -3.045727 70.204689 -0.360993 -0.800696 -0.478089 0.928564 0.437927 1 14 1.000000
  14 -2.394957 -2.589955 69.826614 -0.626429 -0.772894 -0.101099 0.960175 0.418274 1 14 1.000000
helmet
  14 -1.844905 -3.045727 70.204689 -0.360993 -0.800696 -0.478089 0.928564 0.437927 1 14 1.000000
  14 -2.532466 -2.821720 70.456993 -0.727103 -0.652595 -0.213167 0.960175 0.453649 1 14 1.000000
  14 -2.394957 -2.589955 69.826614 -0.626429 -0.772894 -0.101099 0.960175 0.418274 1 14 1.000000
helmet
  14 -1.993875 -3.271808 70.581932 -0.464461 -0.876922 -0.123626 0.928564 0.461511 1 14 1.000000
  14 -2.532466 -2.821720 70.456993 -0.727103 -0.652595 -0.213167 0.960175 0.453649 1 14 1.000000
  14 -1.844905 -3.045727 70.204689 -0.360993 -0.800696 -0.478089 0.928564 0.437927 1 14 1.000000
helmet
  14 -1.993875 -3.271808 70.581932 -0.464461 -0.876922 -0.123626 0.928564 0.461511 1 14 1.000000
  14 -2.818944 -1.823164 72.314644 -0.884088 -0.447305 0.135305 0.999687 0.555845 1 14 1.000000
  14 -2.532466 -2.821720 70.456993 -0.727103 -0.652595 -0.213167 0.960175 0.453649 1 14 1.000000
helmet
  14 -1.993875 -3.271808 70.581932 -0.464461 -0.876922 -0.123626 0.928564 0.461511 1 14 1.000000
  14 -1.730306 -2.867817 72.316124 -0.495391 -0.828253 0.261887 0.924613 0.555845 1 14 1.000000
  14 -2.818944 -1.823164 72.314644 -0.884088 -0.447305 0.135305 0.999687 0.555845 1 14 1.000000
helmet
  14 -1.993875 -3.271808 70.581932 -0.464461 -0.876922 -0.123626 0.928564 0.461511 1 14 1.000000
  14 -0.034319 -3.393504 72.305176 0.000107 -0.972277 0.233832 0.841634 0.555845 1 14 1.000000
  14 -1.730306 -2.867817 72.316124 -0.495391 -0.828253 0.261887 0.924613 0.555845 1 14 1.000000
helmet
  14 -1.993875 -3.271808 70.581932 -0.464461 -0.876922 -0.123626 0.928564 0.461511 1 14 1.000000
  14 -0.045785 -3.829298 70.332886 0.000191 -0.918613 -0.395159 0.841634 0.445789 1 14 1.000000
  14 -0.034319 -3.393504 72.305176 0.000107 -0.972277 0.233832 0.841634 0.555845 1 14 1.000000
helmet
  14 1.902312 -3.271813 70.581940 0.464483 -0.876760 -0.124692 0.754705 0.461511 1 14 1.000000
  14 -0.034319 -3.393504 72.305176 0.000107 -0.972277 0.233832 0.841634 0.555845 1 14 1.000000
  14 -0.045785 -3.829298 70.332886 0.000191 -0.918613 -0.395159 0.841634 0.445789 1 14 1.000000
helmet
  14 1.902312 -3.271813 70.581940 0.464483 -0.876760 -0.124692 0.754705 0.461511 1 14 1.000000
  14 1.638749 -2.867823 72.316124 0.495720 -0.828663 0.259960 0.758656 0.555845 1 14 1.000000
  14 -0.034319 -3.393504 72.305176 0.000107 -0.972277 0.233832 0.841634 0.555845 1 14 1.000000
helmet
  14 1.902312 -3.271813 70.581940 0.464483 -0.876760 -0.124692 0.754705 0.461511 1 14 1.000000
  14 2.727392 -1.823175 72.314644 0.884123 -0.448041 0.132610 0.683581 0.555845 1 14 1.000000
  14 1.638749 -2.867823 72.316124 0.495720 -0.828663 0.259960 0.758656 0.555845 1 14 1.000000
helmet
  14 1.902312 -3.271813 70.581940 0.464483 -0.876760 -0.124692 0.754705 0.461511 1 14 1.000000
  14 2.440902 -2.821729 70.456993 0.726716 -0.652701 -0.214163 0.727046 0.453649 1 14 1.000000
  14 2.727392 -1.823175 72.314644 0.884123 -0.448041 0.132610 0.683581 0.555845 1 14 1.000000
helmet
  14 -0.515624 -3.387135 68.670212 -0.468586 -0.763881 0.443749 0.873245 0.367176 1 14 1.000000
  14 -1.397994 -3.213014 69.167305 -0.244197 -0.954001 0.173922 0.904855 0.394690 1 14 1.000000
  14 -2.223068 -2.902662 68.883369 -0.673305 -0.735314 0.077293 0.948320 0.375038 1 14 1.000000
helmet
  14 -2.223068 -2.902662 68.883369 -0.673305 -0.735314 0.077293 0.948320 0.375038 1 14 1.000000
  14 -1.397994 -3.213014 69.167305 -0.244197 -0.954001 0.173922 0.904855 0.394690 1 14 1.000000
  14 -2.394957 -2.589955 69.826614 -0.626429 -0.772894 -0.101099 0.960175 0.418274 1 14 1.000000
helmet
  14 -2.532466 -2.821720 70.456993 -0.727103 -0.652595 -0.213167 0.960175 0.453649 1 14 1.000000
  14 -2.818944 -1.823164 72.314644 -0.884088 -0.447305 0.135305 0.999687 0.555845 1 14 1.000000
  14 -2.853327 -1.955111 70.090279 -0.923449 -0.379114 -0.059279 0.995736 0.433996 1 14 1.000000
helmet
  14 -2.394957 -2.589955 69.826614 -0.626429 -0.772894 -0.101099 0.960175 0.418274 1 14 1.000000
  14 -2.532466 -2.821720 70.456993 -0.727103 -0.652595 -0.213167 0.960175 0.453649 1 14 1.000000
  14 -2.853327 -1.955111 70.090279 -0.923449 -0.379114 -0.059279 0.995736 0.433996 1 14 1.000000
helmet
  14 -2.853327 -1.955111 70.090279 -0.923449 -0.379114 -0.059279 0.995736 0.433996 1 14 1.000000
  14 -2.841872 -1.992169 69.033363 -0.893476 -0.448351 -0.026127 0.987834 0.378968 1 14 1.000000
  14 -2.394957 -2.589955 69.826614 -0.626429 -0.772894 -0.101099 0.960175 0.418274 1 14 1.000000
helmet
  14 -2.841872 -1.992169 69.033363 -0.893476 -0.448351 -0.026127 0.987834 0.378968 1 14 1.000000
  14 -2.223068 -2.902662 68.883369 -0.673305 -0.735314 0.077293 0.948320 0.375038 1 14 1.000000
  14 -2.394957 -2.589955 69.826614 -0.626429 -0.772894 -0.101099 0.960175 0.418274 1 14 1.000000
helmet
  14 -2.851685 -1.765303 68.143654 -0.903805 -0.384621 -0.187625 0.983882 0.327871 1 14 1.000000
  14 -2.223068 -2.902662 68.883369 -0.673305 -0.735314 0.077293 0.948320 0.375038 1 14 1.000000
  14 -2.841872 -1.992169 69.033363 -0.893476 -0.448351 -0.026127 0.987834 0.378968 1 14 1.000000
helmet
  14 -2.851685 -1.765303 68.143654 -0.903805 -0.384621 -0.187625 0.983882 0.327871 1 14 1.000000
  14 -2.083911 -2.294610 66.907272 -0.761605 -0.608792 -0.222105 0.956224 0.257120 1 14 1.000000
  14 -2.223068 -2.902662 68.883369 -0.673305 -0.735314 0.077293 0.948320 0.375038 1 14 1.000000
helmet
  14 -2.072454 -1.303616 65.421463 -0.862273 -0.251488 -0.439589 0.987834 0.174579 1 14 1.000000
  14 -2.083911 -2.294610 66.907272 -0.761605 -0.608792 -0.222105 0.956224 0.257120 1 14 1.000000
  14 -2.851685 -1.765303 68.143654 -0.903805 -0.384621 -0.187625 0.983882 0.327871 1 14 1.000000
helmet
  14 -0.492706 -4.324685 68.371376 -0.255251 -0.966719 0.017335 0.857439 0.339662 1 14 1.000000
  14 0.391313 -4.107708 67.774925 0.361609 -0.884704 -0.294172 0.825829 0.304287 1 14 1.000000
  14 0.389665 -4.324686 68.371376 0.244688 -0.953852 0.174052 0.825829 0.339662 1 14 1.000000
helmet
  14 -0.491058 -4.107708 67.774925 -0.361896 -0.885802 -0.290491 0.861392 0.304287 1 14 1.000000
  14 0.391313 -4.107708 67.774925 0.361609 -0.884704 -0.294172 0.825829 0.304287 1 14 1.000000
  14 -0.492706 -4.324685 68.371376 -0.255251 -0.966719 0.017335 0.857439 0.339662 1 14 1.000000
helmet
  14 -0.491058 -4.107708 67.774925 -0.361896 -0.885802 -0.290491 0.861392 0.304287 1 14 1.000000
  14 0.482987 -3.600959 66.299973 0.375782 -0.915965 -0.140697 0.817927 0.221745 1 14 1.000000
  14 0.391313 -4.107708 67.774925 0.361609 -0.884704 -0.294172 0.825829 0.304287 1 14 1.000000
helmet
  14 -0.582734 -3.600958 66.299973 -0.375316 -0.922741 -0.087671 0.865342 0.221745 1 14 1.000000
  14 0.482987 -3.600959 66.299973 0.375782 -0.915965 -0.140697 0.817927 0.221745 1 14 1.000000
  14 -0.491058 -4.107708 67.774925 -0.361896 -0.885802 -0.290491 0.861392 0.304287 1 14 1.000000
helmet
  14 -0.582734 -3.600958 66.299973 -0.375316 -0.922741 -0.087671 0.865342 0.221745 1 14 1.000000
  14 0.574661 -3.600966 65.627563 0.326022 -0.929563 -0.172113 0.813975 0.186370 1 14 1.000000
  14 0.482987 -3.600959 66.299973 0.375782 -0.915965 -0.140697 0.817927 0.221745 1 14 1.000000
helmet
  14 -0.674410 -3.600966 65.627563 -0.326816 -0.900501 -0.286862 0.869294 0.186370 1 14 1.000000
  14 0.574661 -3.600966 65.627563 0.326022 -0.929563 -0.172113 0.813975 0.186370 1 14 1.000000
  14 -0.582734 -3.600958 66.299973 -0.375316 -0.922741 -0.087671 0.865342 0.221745 1 14 1.000000
helmet
  14 0.574661 -3.285649 65.106979 0.287887 -0.732190 -0.617267 0.813975 0.158856 1 14 1.000000
  14 0.574661 -3.600966 65.627563 0.326022 -0.929563 -0.172113 0.813975 0.186370 1 14 1.000000
  14 -0.674410 -3.600966 65.627563 -0.326816 -0.900501 -0.286862 0.869294 0.186370 1 14 1.000000
helmet
  14 0.574661 -3.285649 65.106979 0.287887 -0.732190 -0.617267 0.813975 0.158856 1 14 1.000000
  14 -0.674410 -3.600966 65.627563 -0.326816 -0.900501 -0.286862 0.869294 0.186370 1 14 1.000000
  14 -0.674410 -3.285649 65.106972 -0.347905 -0.692215 -0.632298 0.873245 0.158856 1 14 1.000000
helmet
  14 0.574661 -3.285649 65.106979 0.287887 -0.732190 -0.617267 0.813975 0.158856 1 14 1.000000
  14 -0.674410 -3.285649 65.106972 -0.347905 -0.692215 -0.632298 0.873245 0.158856 1 14 1.000000
  14 -0.044146 -2.778885 64.792442 0.000002 -0.343507 -0.939150 0.841634 0.131342 1 14 1.000000
helmet
  14 -0.044146 -2.778885 64.792442 0.000002 -0.343507 -0.939150 0.841634 0.131342 1 14 1.000000
  14 -0.674410 -3.285649 65.106972 -0.347905 -0.692215 -0.632298 0.873245 0.158856 1 14 1.000000
  14 -1.052570 -2.778884 64.890068 -0.491207 -0.368421 -0.789292 0.893002 0.143134 1 14 1.000000
helmet
  14 -0.009767 -1.055876 64.618912 0.001194 -0.084227 -0.996446 0.833732 0.044869 1 14 1.000000
  14 -0.044146 -2.778885 64.792442 0.000002 -0.343507 -0.939150 0.841634 0.131342 1 14 1.000000
  14 -1.052570 -2.778884 64.890068 -0.491207 -0.368421 -0.789292 0.893002 0.143134 1 14 1.000000
helmet
  14 -0.009767 -1.055876 64.618912 0.001194 -0.084227 -0.996446 0.833732 0.044869 1 14 1.000000
  14 -1.052570 -2.778884 64.890068 -0.491207 -0.368421 -0.789292 0.893002 0.143134 1 14 1.000000
  14 -1.602620 -0.774334 64.835793 -0.584081 -0.084069 -0.807330 0.991785 0.084175 1 14 1.000000
helmet
  14 -1.602620 -0.774334 64.835793 -0.584081 -0.084069 -0.807330 0.991785 0.084175 1 14 1.000000
  14 -1.052570 -2.778884 64.890068 -0.491207 -0.368421 -0.789292 0.893002 0.143134 1 14 1.000000
  14 -2.072454 -1.303616 65.421463 -0.862273 -0.251488 -0.439589 0.987834 0.174579 1 14 1.000000
helmet
  14 -1.052570 -2.778884 64.890068 -0.491207 -0.368421 -0.789292 0.893002 0.143134 1 14 1.000000
  14 -1.556781 -2.700037 66.017975 -0.761608 -0.608797 -0.222078 0.920661 0.206023 1 14 1.000000
  14 -2.072454 -1.303616 65.421463 -0.862273 -0.251488 -0.439589 0.987834 0.174579 1 14 1.000000
helmet
  14 -2.072454 -1.303616 65.421463 -0.862273 -0.251488 -0.439589 0.987834 0.174579 1 14 1.000000
  14 -1.556781 -2.700037 66.017975 -0.761608 -0.608797 -0.222078 0.920661 0.206023 1 14 1.000000
  14 -2.083911 -2.294610 66.907272 -0.761605 -0.608792 -0.222105 0.956224 0.257120 1 14 1.000000
helmet
  14 -1.556781 -2.700037 66.017975 -0.761608 -0.608797 -0.222078 0.920661 0.206023 1 14 1.000000
  14 -0.582734 -3.600958 66.299973 -0.375316 -0.922741 -0.087671 0.865342 0.221745 1 14 1.000000
  14 -2.083911 -2.294610 66.907272 -0.761605 -0.608792 -0.222105 0.956224 0.257120 1 14 1.000000
helmet
  14 -2.083911 -2.294610 66.907272 -0.761605 -0.608792 -0.222105 0.956224 0.257120 1 14 1.000000
  14 -0.582734 -3.600958 66.299973 -0.375316 -0.922741 -0.087671 0.865342 0.221745 1 14 1.000000
  14 -0.491058 -4.107708 67.774925 -0.361896 -0.885802 -0.290491 0.861392 0.304287 1 14 1.000000
helmet
  14 -2.083911 -2.294610 66.907272 -0.761605 -0.608792 -0.222105 0.956224 0.257120 1 14 1.000000
  14 -0.491058 -4.107708 67.774925 -0.361896 -0.885802 -0.290491 0.861392 0.304287 1 14 1.000000
  14 -2.223068 -2.902662 68.883369 -0.673305 -0.735314 0.077293 0.948320 0.375038 1 14 1.000000
helmet
  14 -1.556781 -2.700037 66.017975 -0.761608 -0.608797 -0.222078 0.920661 0.206023 1 14 1.000000
  14 -0.674410 -3.600966 65.627563 -0.326816 -0.900501 -0.286862 0.869294 0.186370 1 14 1.000000
  14 -0.582734 -3.600958 66.299973 -0.375316 -0.922741 -0.087671 0.865342 0.221745 1 14 1.000000
helmet
  14 -0.674410 -3.285649 65.106972 -0.347905 -0.692215 -0.632298 0.873245 0.158856 1 14 1.000000
  14 -0.674410 -3.600966 65.627563 -0.326816 -0.900501 -0.286862 0.869294 0.186370 1 14 1.000000
  14 -1.556781 -2.700037 66.017975 -0.761608 -0.608797 -0.222078 0.920661 0.206023 1 14 1.000000
helmet
  14 -1.052570 -2.778884 64.890068 -0.491207 -0.368421 -0.789292 0.893002 0.143134 1 14 1.000000
  14 -0.674410 -3.285649 65.106972 -0.347905 -0.692215 -0.632298 0.873245 0.158856 1 14 1.000000
  14 -1.556781 -2.700037 66.017975 -0.761608 -0.608797 -0.222078 0.920661 0.206023 1 14 1.000000
helmet
  14 2.303385 -2.589962 69.826622 0.626546 -0.772812 -0.101007 0.723095 0.418274 1 14 1.000000
  14 1.753338 -3.045731 70.204689 0.360993 -0.800697 -0.478089 0.758656 0.437927 1 14 1.000000
  14 1.340800 -3.002968 69.825951 0.248303 -0.949122 -0.193685 0.774462 0.418274 1 14 1.000000
helmet
  14 1.753338 -3.045731 70.204689 0.360993 -0.800697 -0.478089 0.758656 0.437927 1 14 1.000000
  14 1.042856 -3.286470 70.203384 0.273482 -0.760740 -0.588627 0.790267 0.437927 1 14 1.000000
  14 1.340800 -3.002968 69.825951 0.248303 -0.949122 -0.193685 0.774462 0.418274 1 14 1.000000
helmet
  14 1.042856 -3.286470 70.203384 0.273482 -0.760740 -0.588627 0.790267 0.437927 1 14 1.000000
  14 0.412592 -3.049338 69.828209 0.512017 -0.851699 -0.111565 0.817927 0.418274 1 14 1.000000
  14 1.340800 -3.002968 69.825951 0.248303 -0.949122 -0.193685 0.774462 0.418274 1 14 1.000000
helmet
  14 0.412592 -3.049338 69.828209 0.512017 -0.851699 -0.111565 0.817927 0.418274 1 14 1.000000
  14 1.306418 -3.213022 69.167313 0.244514 -0.953846 0.174328 0.778413 0.390760 1 14 1.000000
  14 1.340800 -3.002968 69.825951 0.248303 -0.949122 -0.193685 0.774462 0.418274 1 14 1.000000
helmet
  14 0.424045 -3.387136 68.670212 0.466363 -0.761180 0.450678 0.813975 0.367176 1 14 1.000000
  14 1.306418 -3.213022 69.167313 0.244514 -0.953846 0.174328 0.778413 0.390760 1 14 1.000000
  14 0.412592 -3.049338 69.828209 0.512017 -0.851699 -0.111565 0.817927 0.418274 1 14 1.000000
helmet
  14 0.424045 -3.387136 68.670212 0.466363 -0.761180 0.450678 0.813975 0.367176 1 14 1.000000
  14 2.120034 -2.902668 68.883354 0.671717 -0.737124 0.073789 0.742851 0.375038 1 14 1.000000
  14 1.306418 -3.213022 69.167313 0.244514 -0.953846 0.174328 0.778413 0.390760 1 14 1.000000
helmet
  14 2.120034 -2.902668 68.883354 0.671717 -0.737124 0.073789 0.742851 0.375038 1 14 1.000000
  14 0.424045 -3.387136 68.670212 0.466363 -0.761180 0.450678 0.813975 0.367176 1 14 1.000000
  14 0.194857 -4.048531 68.987267 0.369482 -0.730126 0.574803 0.833732 0.371107 1 14 1.000000
helmet
  14 0.389665 -4.324686 68.371376 0.244688 -0.953852 0.174052 0.825829 0.339662 1 14 1.000000
  14 2.120034 -2.902668 68.883354 0.671717 -0.737124 0.073789 0.742851 0.375038 1 14 1.000000
  14 0.194857 -4.048531 68.987267 0.369482 -0.730126 0.574803 0.833732 0.371107 1 14 1.000000
helmet
  14 0.391313 -4.107708 67.774925 0.361609 -0.884704 -0.294172 0.825829 0.304287 1 14 1.000000
  14 2.120034 -2.902668 68.883354 0.671717 -0.737124 0.073789 0.742851 0.375038 1 14 1.000000
  14 0.389665 -4.324686 68.371376 0.244688 -0.953852 0.174052 0.825829 0.339662 1 14 1.000000
helmet
  14 0.391313 -4.107708 67.774925 0.361609 -0.884704 -0.294172 0.825829 0.304287 1 14 1.000000
  14 1.984165 -2.294613 66.907272 0.761428 -0.609522 -0.220705 0.730997 0.257120 1 14 1.000000
  14 2.120034 -2.902668 68.883354 0.671717 -0.737124 0.073789 0.742851 0.375038 1 14 1.000000
helmet
  14 0.482987 -3.600959 66.299973 0.375782 -0.915965 -0.140697 0.817927 0.221745 1 14 1.000000
  14 1.984165 -2.294613 66.907272 0.761428 -0.609522 -0.220705 0.730997 0.257120 1 14 1.000000
  14 0.391313 -4.107708 67.774925 0.361609 -0.884704 -0.294172 0.825829 0.304287 1 14 1.000000
helmet
  14 0.482987 -3.600959 66.299973 0.375782 -0.915965 -0.140697 0.817927 0.221745 1 14 1.000000
  14 1.457034 -2.700040 66.017982 0.761446 -0.609510 -0.220674 0.762607 0.206023 1 14 1.000000
  14 1.984165 -2.294613 66.907272 0.761428 -0.609522 -0.220705 0.730997 0.257120 1 14 1.000000
helmet
  14 0.574661 -3.600966 65.627563 0.326022 -0.929563 -0.172113 0.813975 0.186370 1 14 1.000000
  14 1.457034 -2.700040 66.017982 0.761446 -0.609510 -0.220674 0.762607 0.206023 1 14 1.000000
  14 0.482987 -3.600959 66.299973 0.375782 -0.915965 -0.140697 0.817927 0.221745 1 14 1.000000
helmet
  14 0.574661 -3.285649 65.106979 0.287887 -0.732190 -0.617267 0.813975 0.158856 1 14 1.000000
  14 1.457034 -2.700040 66.017982 0.761446 -0.609510 -0.220674 0.762607 0.206023 1 14 1.000000
  14 0.574661 -3.600966 65.627563 0.326022 -0.929563 -0.172113 0.813975 0.186370 1 14 1.000000
helmet
  14 0.574661 -3.285649 65.106979 0.287887 -0.732190 -0.617267 0.813975 0.158856 1 14 1.000000
  14 0.952820 -2.778884 64.890068 0.496403 -0.374256 -0.783273 0.790267 0.143134 1 14 1.000000
  14 1.457034 -2.700040 66.017982 0.761446 -0.609510 -0.220674 0.762607 0.206023 1 14 1.000000
helmet
  14 0.574661 -3.285649 65.106979 0.287887 -0.732190 -0.617267 0.813975 0.158856 1 14 1.000000
  14 -0.044146 -2.778885 64.792442 0.000002 -0.343507 -0.939150 0.841634 0.131342 1 14 1.000000
  14 0.952820 -2.778884 64.890068 0.496403 -0.374256 -0.783273 0.790267 0.143134 1 14 1.000000
helmet
  14 0.952820 -2.778884 64.890068 0.496403 -0.374256 -0.783273 0.790267 0.143134 1 14 1.000000
  14 -0.044146 -2.778885 64.792442 0.000002 -0.343507 -0.939150 0.841634 0.131342 1 14 1.000000
  14 -0.009767 -1.055876 64.618912 0.001194 -0.084227 -0.996446 0.833732 0.044869 1 14 1.000000
helmet
  14 1.571626 -0.763074 64.846664 0.608530 -0.103328 -0.786775 0.679630 0.076313 1 14 1.000000
  14 0.952820 -2.778884 64.890068 0.496403 -0.374256 -0.783273 0.790267 0.143134 1 14 1.000000
  14 -0.009767 -1.055876 64.618912 0.001194 -0.084227 -0.996446 0.833732 0.044869 1 14 1.000000
helmet
  14 1.972705 -1.303620 65.421471 0.865937 -0.255410 -0.430022 0.663824 0.166717 1 14 1.000000
  14 0.952820 -2.778884 64.890068 0.496403 -0.374256 -0.783273 0.790267 0.143134 1 14 1.000000
  14 1.571626 -0.763074 64.846664 0.608530 -0.103328 -0.786775 0.679630 0.076313 1 14 1.000000
helmet
  14 2.694650 0.937434 66.462593 0.821390 0.342849 -0.455821 0.572943 0.225676 1 14 1.000000
  14 1.972705 -1.303620 65.421471 0.865937 -0.255410 -0.430022 0.663824 0.166717 1 14 1.000000
  14 1.571626 -0.763074 64.846664 0.608530 -0.103328 -0.786775 0.679630 0.076313 1 14 1.000000
helmet
  14 0.194857 -4.048531 68.987267 0.369482 -0.730126 0.574803 0.833732 0.371107 1 14 1.000000
  14 0.424045 -3.387136 68.670212 0.466363 -0.761180 0.450678 0.813975 0.367176 1 14 1.000000
  14 0.412592 -3.049338 69.828209 0.512017 -0.851699 -0.111565 0.817927 0.418274 1 14 1.000000
helmet
  14 0.412592 -3.049338 69.828209 0.512017 -0.851699 -0.111565 0.817927 0.418274 1 14 1.000000
  14 0.160484 -3.503761 69.974411 0.407841 -0.853938 -0.323195 0.833732 0.426135 1 14 1.000000
  14 0.194857 -4.048531 68.987267 0.369482 -0.730126 0.574803 0.833732 0.371107 1 14 1.000000
helmet
  14 0.160484 -3.503761 69.974411 0.407841 -0.853938 -0.323195 0.833732 0.426135 1 14 1.000000
  14 0.412592 -3.049338 69.828209 0.512017 -0.851699 -0.111565 0.817927 0.418274 1 14 1.000000
  14 1.042856 -3.286470 70.203384 0.273482 -0.760740 -0.588627 0.790267 0.437927 1 14 1.000000
helmet
  14 1.340800 -3.002968 69.825951 0.248303 -0.949122 -0.193685 0.774462 0.418274 1 14 1.000000
  14 1.306418 -3.213022 69.167313 0.244514 -0.953846 0.174328 0.778413 0.390760 1 14 1.000000
  14 2.303385 -2.589962 69.826622 0.626546 -0.772812 -0.101007 0.723095 0.418274 1 14 1.000000
helmet
  14 1.306418 -3.213022 69.167313 0.244514 -0.953846 0.174328 0.778413 0.390760 1 14 1.000000
  14 2.120034 -2.902668 68.883354 0.671717 -0.737124 0.073789 0.742851 0.375038 1 14 1.000000
  14 2.303385 -2.589962 69.826622 0.626546 -0.772812 -0.101007 0.723095 0.418274 1 14 1.000000
helmet
  14 2.303385 -2.589962 69.826622 0.626546 -0.772812 -0.101007 0.723095 0.418274 1 14 1.000000
  14 2.120034 -2.902668 68.883354 0.671717 -0.737124 0.073789 0.742851 0.375038 1 14 1.000000
  14 2.750304 -1.992179 69.033356 0.893481 -0.448376 -0.025505 0.687533 0.363246 1 14 1.000000
helmet
  14 2.120034 -2.902668 68.883354 0.671717 -0.737124 0.073789 0.742851 0.375038 1 14 1.000000
  14 2.763407 -1.765308 68.143639 0.903860 -0.384820 -0.186950 0.679630 0.323940 1 14 1.000000
  14 2.750304 -1.992179 69.033356 0.893481 -0.448376 -0.025505 0.687533 0.363246 1 14 1.000000
helmet
  14 1.984165 -2.294613 66.907272 0.761428 -0.609522 -0.220705 0.730997 0.257120 1 14 1.000000
  14 2.763407 -1.765308 68.143639 0.903860 -0.384820 -0.186950 0.679630 0.323940 1 14 1.000000
  14 2.120034 -2.902668 68.883354 0.671717 -0.737124 0.073789 0.742851 0.375038 1 14 1.000000
helmet
  14 1.984165 -2.294613 66.907272 0.761428 -0.609522 -0.220705 0.730997 0.257120 1 14 1.000000
  14 1.972705 -1.303620 65.421471 0.865937 -0.255410 -0.430022 0.663824 0.166717 1 14 1.000000
  14 2.763407 -1.765308 68.143639 0.903860 -0.384820 -0.186950 0.679630 0.323940 1 14 1.000000
helmet
  14 1.457034 -2.700040 66.017982 0.761446 -0.609510 -0.220674 0.762607 0.206023 1 14 1.000000
  14 1.972705 -1.303620 65.421471 0.865937 -0.255410 -0.430022 0.663824 0.166717 1 14 1.000000
  14 1.984165 -2.294613 66.907272 0.761428 -0.609522 -0.220705 0.730997 0.257120 1 14 1.000000
helmet
  14 1.457034 -2.700040 66.017982 0.761446 -0.609510 -0.220674 0.762607 0.206023 1 14 1.000000
  14 0.952820 -2.778884 64.890068 0.496403 -0.374256 -0.783273 0.790267 0.143134 1 14 1.000000
  14 1.972705 -1.303620 65.421471 0.865937 -0.255410 -0.430022 0.663824 0.166717 1 14 1.000000
helmet
  14 2.981134 0.791038 66.787926 0.930746 0.132983 -0.340628 0.584798 0.241398 1 14 1.000000
  14 1.972705 -1.303620 65.421471 0.865937 -0.255410 -0.430022 0.663824 0.166717 1 14 1.000000
  14 2.694650 0.937434 66.462593 0.821390 0.342849 -0.455821 0.572943 0.225676 1 14 1.000000
helmet
  14 2.981134 0.791038 66.787926 0.930746 0.132983 -0.340628 0.584798 0.241398 1 14 1.000000
  14 2.969676 -0.594114 67.905006 0.970104 -0.163209 -0.179613 0.612457 0.312148 1 14 1.000000
  14 1.972705 -1.303620 65.421471 0.865937 -0.255410 -0.430022 0.663824 0.166717 1 14 1.000000
helmet
  14 1.972705 -1.303620 65.421471 0.865937 -0.255410 -0.430022 0.663824 0.166717 1 14 1.000000
  14 2.969676 -0.594114 67.905006 0.970104 -0.163209 -0.179613 0.612457 0.312148 1 14 1.000000
  14 2.763407 -1.765308 68.143639 0.903860 -0.384820 -0.186950 0.679630 0.323940 1 14 1.000000
helmet
  14 2.763407 -1.765308 68.143639 0.903860 -0.384820 -0.186950 0.679630 0.323940 1 14 1.000000
  14 2.969676 -0.594114 67.905006 0.970104 -0.163209 -0.179613 0.612457 0.312148 1 14 1.000000
  14 3.151384 -0.555596 69.304909 0.983311 -0.179182 -0.031510 0.608506 0.398621 1 14 1.000000
helmet
  14 2.750304 -1.992179 69.033356 0.893481 -0.448376 -0.025505 0.687533 0.363246 1 14 1.000000
  14 2.763407 -1.765308 68.143639 0.903860 -0.384820 -0.186950 0.679630 0.323940 1 14 1.000000
  14 3.151384 -0.555596 69.304909 0.983311 -0.179182 -0.031510 0.608506 0.398621 1 14 1.000000
helmet
  14 3.151384 -0.555596 69.304909 0.983311 -0.179182 -0.031510 0.608506 0.398621 1 14 1.000000
  14 2.750306 -1.955122 70.090286 0.921961 -0.383789 -0.051898 0.687533 0.433996 1 14 1.000000
  14 2.750304 -1.992179 69.033356 0.893481 -0.448376 -0.025505 0.687533 0.363246 1 14 1.000000
helmet
  14 2.750304 -1.992179 69.033356 0.893481 -0.448376 -0.025505 0.687533 0.363246 1 14 1.000000
  14 2.750306 -1.955122 70.090286 0.921961 -0.383789 -0.051898 0.687533 0.433996 1 14 1.000000
  14 2.303385 -2.589962 69.826622 0.626546 -0.772812 -0.101007 0.723095 0.418274 1 14 1.000000
helmet
  14 2.750306 -1.955122 70.090286 0.921961 -0.383789 -0.051898 0.687533 0.433996 1 14 1.000000
  14 2.440902 -2.821729 70.456993 0.726716 -0.652701 -0.214163 0.727046 0.453649 1 14 1.000000
  14 2.303385 -2.589962 69.826622 0.626546 -0.772812 -0.101007 0.723095 0.418274 1 14 1.000000
helmet
  14 2.440902 -2.821729 70.456993 0.726716 -0.652701 -0.214163 0.727046 0.453649 1 14 1.000000
  14 1.753338 -3.045731 70.204689 0.360993 -0.800697 -0.478089 0.758656 0.437927 1 14 1.000000
  14 2.303385 -2.589962 69.826622 0.626546 -0.772812 -0.101007 0.723095 0.418274 1 14 1.000000
helmet
  14 1.902312 -3.271813 70.581940 0.464483 -0.876760 -0.124692 0.754705 0.461511 1 14 1.000000
  14 1.753338 -3.045731 70.204689 0.360993 -0.800697 -0.478089 0.758656 0.437927 1 14 1.000000
  14 2.440902 -2.821729 70.456993 0.726716 -0.652701 -0.214163 0.727046 0.453649 1 14 1.000000
helmet
  14 1.902312 -3.271813 70.581940 0.464483 -0.876760 -0.124692 0.754705 0.461511 1 14 1.000000
  14 1.042856 -3.286470 70.203384 0.273482 -0.760740 -0.588627 0.790267 0.437927 1 14 1.000000
  14 1.753338 -3.045731 70.204689 0.360993 -0.800697 -0.478089 0.758656 0.437927 1 14 1.000000
helmet
  14 1.902312 -3.271813 70.581940 0.464483 -0.876760 -0.124692 0.754705 0.461511 1 14 1.000000
  14 -0.045785 -3.829298 70.332886 0.000191 -0.918613 -0.395159 0.841634 0.445789 1 14 1.000000
  14 1.042856 -3.286470 70.203384 0.273482 -0.760740 -0.588627 0.790267 0.437927 1 14 1.000000
helmet
  14 -0.045785 -3.829298 70.332886 0.000191 -0.918613 -0.395159 0.841634 0.445789 1 14 1.000000
  14 0.160484 -3.503761 69.974411 0.407841 -0.853938 -0.323195 0.833732 0.426135 1 14 1.000000
  14 1.042856 -3.286470 70.203384 0.273482 -0.760740 -0.588627 0.790267 0.437927 1 14 1.000000
helmet
  14 -0.263514 -3.503761 69.974411 -0.364343 -0.913078 -0.183145 0.853488 0.426135 1 14 1.000000
  14 0.160484 -3.503761 69.974411 0.407841 -0.853938 -0.323195 0.833732 0.426135 1 14 1.000000
  14 -0.045785 -3.829298 70.332886 0.000191 -0.918613 -0.395159 0.841634 0.445789 1 14 1.000000
helmet
  14 0.194857 -4.048531 68.987267 0.369482 -0.730126 0.574803 0.833732 0.371107 1 14 1.000000
  14 0.160484 -3.503761 69.974411 0.407841 -0.853938 -0.323195 0.833732 0.426135 1 14 1.000000
  14 -0.263514 -3.503761 69.974411 -0.364343 -0.913078 -0.183145 0.853488 0.426135 1 14 1.000000
helmet
  14 -0.286436 -3.980057 68.989159 -0.436028 -0.704643 0.559784 0.853488 0.371107 1 14 1.000000
  14 0.194857 -4.048531 68.987267 0.369482 -0.730126 0.574803 0.833732 0.371107 1 14 1.000000
  14 -0.263514 -3.503761 69.974411 -0.364343 -0.913078 -0.183145 0.853488 0.426135 1 14 1.000000
helmet
  14 -0.286436 -3.980057 68.989159 -0.436028 -0.704643 0.559784 0.853488 0.371107 1 14 1.000000
  14 0.389665 -4.324686 68.371376 0.244688 -0.953852 0.174052 0.825829 0.339662 1 14 1.000000
  14 0.194857 -4.048531 68.987267 0.369482 -0.730126 0.574803 0.833732 0.371107 1 14 1.000000
helmet
  14 -0.286436 -3.980057 68.989159 -0.436028 -0.704643 0.559784 0.853488 0.371107 1 14 1.000000
  14 -0.492706 -4.324685 68.371376 -0.255251 -0.966719 0.017335 0.857439 0.339662 1 14 1.000000
  14 0.389665 -4.324686 68.371376 0.244688 -0.953852 0.174052 0.825829 0.339662 1 14 1.000000
helmet
  14 2.727392 -1.823175 72.314644 0.884123 -0.448041 0.132610 0.683581 0.555845 1 14 1.000000
  14 2.440902 -2.821729 70.456993 0.726716 -0.652701 -0.214163 0.727046 0.453649 1 14 1.000000
  14 2.750306 -1.955122 70.090286 0.921961 -0.383789 -0.051898 0.687533 0.433996 1 14 1.000000
helmet
  14 3.151384 -0.555596 69.304909 0.983311 -0.179182 -0.031510 0.608506 0.398621 1 14 1.000000
  14 2.727392 -1.823175 72.314644 0.884123 -0.448041 0.132610 0.683581 0.555845 1 14 1.000000
  14 2.750306 -1.955122 70.090286 0.921961 -0.383789 -0.051898 0.687533 0.433996 1 14 1.000000
helmet
  14 3.162854 0.776218 72.286537 0.973045 -0.225279 0.049331 0.588749 0.532261 1 14 1.000000
  14 2.727392 -1.823175 72.314644 0.884123 -0.448041 0.132610 0.683581 0.555845 1 14 1.000000
  14 3.151384 -0.555596 69.304909 0.983311 -0.179182 -0.031510 0.608506 0.398621 1 14 1.000000
helmet
  14 3.346197 1.059241 69.996971 0.964805 -0.255892 -0.060582 0.553187 0.426135 1 14 1.000000
  14 3.162854 0.776218 72.286537 0.973045 -0.225279 0.049331 0.588749 0.532261 1 14 1.000000
  14 3.151384 -0.555596 69.304909 0.983311 -0.179182 -0.031510 0.608506 0.398621 1 14 1.000000
helmet
  14 3.483712 1.427108 70.331787 0.927771 -0.372396 0.023719 0.533431 0.445789 1 14 1.000000
  14 3.162854 0.776218 72.286537 0.973045 -0.225279 0.049331 0.588749 0.532261 1 14 1.000000
  14 3.346197 1.059241 69.996971 0.964805 -0.255892 -0.060582 0.553187 0.426135 1 14 1.000000
helmet
  14 3.346197 1.059241 69.996971 0.964805 -0.255892 -0.060582 0.553187 0.426135 1 14 1.000000
  14 3.976466 2.570920 69.674866 0.912449 -0.394904 -0.107178 0.493917 0.378968 1 14 1.000000
  14 3.483712 1.427108 70.331787 0.927771 -0.372396 0.023719 0.533431 0.445789 1 14 1.000000
helmet
  14 3.346197 1.059241 69.996971 0.964805 -0.255892 -0.060582 0.553187 0.426135 1 14 1.000000
  14 3.277438 2.074595 68.055824 0.943728 0.100759 -0.315000 0.505771 0.308218 1 14 1.000000
  14 3.976466 2.570920 69.674866 0.912449 -0.394904 -0.107178 0.493917 0.378968 1 14 1.000000
helmet
  14 3.346197 1.059241 69.996971 0.964805 -0.255892 -0.060582 0.553187 0.426135 1 14 1.000000
  14 3.082627 1.051223 67.840294 0.979112 0.119803 -0.164279 0.525527 0.308218 1 14 1.000000
  14 3.277438 2.074595 68.055824 0.943728 0.100759 -0.315000 0.505771 0.308218 1 14 1.000000
helmet
  14 3.346197 1.059241 69.996971 0.964805 -0.255892 -0.060582 0.553187 0.426135 1 14 1.000000
  14 3.151384 -0.555596 69.304909 0.983311 -0.179182 -0.031510 0.608506 0.398621 1 14 1.000000
  14 3.082627 1.051223 67.840294 0.979112 0.119803 -0.164279 0.525527 0.308218 1 14 1.000000
helmet
  14 3.151384 -0.555596 69.304909 0.983311 -0.179182 -0.031510 0.608506 0.398621 1 14 1.000000
  14 2.969676 -0.594114 67.905006 0.970104 -0.163209 -0.179613 0.612457 0.312148 1 14 1.000000
  14 3.082627 1.051223 67.840294 0.979112 0.119803 -0.164279 0.525527 0.308218 1 14 1.000000
helmet
  14 2.969676 -0.594114 67.905006 0.970104 -0.163209 -0.179613 0.612457 0.312148 1 14 1.000000
  14 2.981134 0.791038 66.787926 0.930746 0.132983 -0.340628 0.584798 0.241398 1 14 1.000000
  14 3.082627 1.051223 67.840294 0.979112 0.119803 -0.164279 0.525527 0.308218 1 14 1.000000
helmet
  14 3.082627 1.051223 67.840294 0.979112 0.119803 -0.164279 0.525527 0.308218 1 14 1.000000
  14 2.981134 0.791038 66.787926 0.930746 0.132983 -0.340628 0.584798 0.241398 1 14 1.000000
  14 2.694650 0.937434 66.462593 0.821390 0.342849 -0.455821 0.572943 0.225676 1 14 1.000000
helmet
  14 2.694650 0.937434 66.462593 0.821390 0.342849 -0.455821 0.572943 0.225676 1 14 1.000000
  14 2.670093 2.265975 67.848839 0.711984 0.565484 -0.416301 0.470209 0.288565 1 14 1.000000
  14 3.082627 1.051223 67.840294 0.979112 0.119803 -0.164279 0.525527 0.308218 1 14 1.000000
helmet
  14 2.097123 2.890498 67.712692 0.656415 0.607615 -0.447127 0.442549 0.280704 1 14 1.000000
  14 2.670093 2.265975 67.848839 0.711984 0.565484 -0.416301 0.470209 0.288565 1 14 1.000000
  14 2.694650 0.937434 66.462593 0.821390 0.342849 -0.455821 0.572943 0.225676 1 14 1.000000
helmet
  14 2.670093 2.265975 67.848839 0.711984 0.565484 -0.416301 0.470209 0.288565 1 14 1.000000
  14 2.097123 2.890498 67.712692 0.656415 0.607615 -0.447127 0.442549 0.280704 1 14 1.000000
  14 3.426417 2.838096 69.659042 0.775305 0.576887 -0.257105 0.474160 0.378968 1 14 1.000000
helmet
  14 3.426417 2.838096 69.659042 0.775305 0.576887 -0.257105 0.474160 0.378968 1 14 1.000000
  14 2.097123 2.890498 67.712692 0.656415 0.607615 -0.447127 0.442549 0.280704 1 14 1.000000
  14 1.867948 4.972727 70.559891 0.628791 0.695698 -0.347312 0.363523 0.410413 1 14 1.000000
helmet
  14 1.867948 4.972727 70.559891 0.628791 0.695698 -0.347312 0.363523 0.410413 1 14 1.000000
  14 3.162856 3.373258 71.031181 0.938229 0.343092 0.044875 0.442549 0.437927 1 14 1.000000
  14 3.426417 2.838096 69.659042 0.775305 0.576887 -0.257105 0.474160 0.378968 1 14 1.000000
helmet
  14 3.426417 2.838096 69.659042 0.775305 0.576887 -0.257105 0.474160 0.378968 1 14 1.000000
  14 3.162856 3.373258 71.031181 0.938229 0.343092 0.044875 0.442549 0.437927 1 14 1.000000
  14 3.323283 2.216044 70.458794 0.985375 0.042925 0.164904 0.493917 0.402552 1 14 1.000000
helmet
  14 3.426417 2.838096 69.659042 0.775305 0.576887 -0.257105 0.474160 0.378968 1 14 1.000000
  14 3.277438 2.074595 68.055824 0.943728 0.100759 -0.315000 0.505771 0.308218 1 14 1.000000
  14 2.670093 2.265975 67.848839 0.711984 0.565484 -0.416301 0.470209 0.288565 1 14 1.000000
helmet
  14 -3.414827 2.171852 70.450447 -0.985491 0.040710 0.164772 0.493917 0.402552 1 14 1.000000
  14 -3.265852 3.373270 71.031212 -0.939240 0.340457 0.043793 0.442549 0.437927 1 14 1.000000
  14 -3.529423 2.838111 69.659050 -0.877804 0.464925 -0.115347 0.474160 0.378968 1 14 1.000000
helmet
  14 -3.265852 3.373270 71.031212 -0.939240 0.340457 0.043793 0.442549 0.437927 1 14 1.000000
  14 -1.970942 4.972736 70.559891 -0.629573 0.694688 -0.347917 0.363523 0.410413 1 14 1.000000
  14 -3.529423 2.838111 69.659050 -0.877804 0.464925 -0.115347 0.474160 0.378968 1 14 1.000000
helmet
  14 -3.529423 2.838111 69.659050 -0.877804 0.464925 -0.115347 0.474160 0.378968 1 14 1.000000
  14 -1.970942 4.972736 70.559891 -0.629573 0.694688 -0.347917 0.363523 0.410413 1 14 1.000000
  14 -2.188682 2.890505 67.712685 -0.681891 0.612500 -0.399834 0.442549 0.280704 1 14 1.000000
helmet
  14 -1.970942 4.972736 70.559891 -0.629573 0.694688 -0.347917 0.363523 0.410413 1 14 1.000000
  14 -0.045775 4.293844 67.359047 0.000700 0.859161 -0.511705 0.288447 0.233537 1 14 1.000000
  14 -2.188682 2.890505 67.712685 -0.681891 0.612500 -0.399834 0.442549 0.280704 1 14 1.000000
helmet
  14 -0.045775 4.293844 67.359047 0.000700 0.859161 -0.511705 0.288447 0.233537 1 14 1.000000
  14 -1.970942 4.972736 70.559891 -0.629573 0.694688 -0.347917 0.363523 0.410413 1 14 1.000000
  14 -0.045764 6.067681 70.424248 0.000700 0.859158 -0.511709 0.288447 0.402552 1 14 1.000000
helmet
  14 1.867948 4.972727 70.559891 0.628791 0.695698 -0.347312 0.363523 0.410413 1 14 1.000000
  14 -0.045775 4.293844 67.359047 0.000700 0.859161 -0.511705 0.288447 0.233537 1 14 1.000000
  14 -0.045764 6.067681 70.424248 0.000700 0.859158 -0.511709 0.288447 0.402552 1 14 1.000000
helmet
  14 2.097123 2.890498 67.712692 0.656415 0.607615 -0.447127 0.442549 0.280704 1 14 1.000000
  14 -0.045775 4.293844 67.359047 0.000700 0.859161 -0.511705 0.288447 0.233537 1 14 1.000000
  14 1.867948 4.972727 70.559891 0.628791 0.695698 -0.347312 0.363523 0.410413 1 14 1.000000
helmet
  14 -2.072454 -1.303616 65.421463 -0.862273 -0.251488 -0.439589 0.663824 0.166717 1 14 1.000000
  14 -2.794389 0.937439 66.462593 -0.837486 0.340535 -0.427379 0.572943 0.225676 1 14 1.000000
  14 -1.602620 -0.774334 64.835793 -0.584081 -0.084069 -0.807330 0.679630 0.076313 1 14 1.000000
helmet
  14 -2.072454 -1.303616 65.421463 -0.862273 -0.251488 -0.439589 0.663824 0.166717 1 14 1.000000
  14 -3.069414 0.791043 66.787926 -0.933790 0.124271 -0.335549 0.584798 0.241398 1 14 1.000000
  14 -2.794389 0.937439 66.462593 -0.837486 0.340535 -0.427379 0.572943 0.225676 1 14 1.000000
helmet
  14 -3.069413 -0.594109 67.905006 -0.969904 -0.163823 -0.180137 0.612457 0.312148 1 14 1.000000
  14 -3.069414 0.791043 66.787926 -0.933790 0.124271 -0.335549 0.584798 0.241398 1 14 1.000000
  14 -2.072454 -1.303616 65.421463 -0.862273 -0.251488 -0.439589 0.663824 0.166717 1 14 1.000000
helmet
  14 -3.069414 0.791043 66.787926 -0.933790 0.124271 -0.335549 0.584798 0.241398 1 14 1.000000
  14 -3.069413 -0.594109 67.905006 -0.969904 -0.163823 -0.180137 0.612457 0.312148 1 14 1.000000
  14 -3.185650 1.051236 67.840286 -0.962003 0.041095 -0.269928 0.525527 0.308218 1 14 1.000000
helmet
  14 -3.185650 1.051236 67.840286 -0.962003 0.041095 -0.269928 0.525527 0.308218 1 14 1.000000
  14 -3.069413 -0.594109 67.905006 -0.969904 -0.163823 -0.180137 0.612457 0.312148 1 14 1.000000
  14 -3.254405 -0.555581 69.304924 -0.983319 -0.179274 -0.030725 0.608506 0.398621 1 14 1.000000
helmet
  14 -3.185650 1.051236 67.840286 -0.962003 0.041095 -0.269928 0.525527 0.308218 1 14 1.000000
  14 -3.254405 -0.555581 69.304924 -0.983319 -0.179274 -0.030725 0.608506 0.398621 1 14 1.000000
  14 -3.449210 1.059252 69.996979 -0.963686 -0.266677 -0.013890 0.553187 0.426135 1 14 1.000000
helmet
  14 -3.449210 1.059252 69.996979 -0.963686 -0.266677 -0.013890 0.553187 0.426135 1 14 1.000000
  14 -3.254405 -0.555581 69.304924 -0.983319 -0.179274 -0.030725 0.608506 0.398621 1 14 1.000000
  14 -3.254395 0.776230 72.286552 -0.974743 -0.216873 0.053316 0.588749 0.532261 1 14 1.000000
helmet
  14 -3.254395 0.776230 72.286552 -0.974743 -0.216873 0.053316 0.588749 0.532261 1 14 1.000000
  14 -3.563801 1.427122 70.331787 -0.932641 -0.358110 0.044015 0.533431 0.445789 1 14 1.000000
  14 -3.449210 1.059252 69.996979 -0.963686 -0.266677 -0.013890 0.553187 0.426135 1 14 1.000000
helmet
  14 -3.449210 1.059252 69.996979 -0.963686 -0.266677 -0.013890 0.553187 0.426135 1 14 1.000000
  14 -3.563801 1.427122 70.331787 -0.932641 -0.358110 0.044015 0.533431 0.445789 1 14 1.000000
  14 -4.079473 2.570934 69.674866 -0.923446 -0.379119 -0.059297 0.493917 0.378968 1 14 1.000000
helmet
  14 -4.079473 2.570934 69.674866 -0.923446 -0.379119 -0.059297 0.493917 0.378968 1 14 1.000000
  14 -3.185650 1.051236 67.840286 -0.962003 0.041095 -0.269928 0.525527 0.308218 1 14 1.000000
  14 -3.449210 1.059252 69.996979 -0.963686 -0.266677 -0.013890 0.553187 0.426135 1 14 1.000000
helmet
  14 -3.517970 1.767978 68.152611 -0.802459 -0.109607 -0.586554 0.509722 0.312148 1 14 1.000000
  14 -3.185650 1.051236 67.840286 -0.962003 0.041095 -0.269928 0.525527 0.308218 1 14 1.000000
  14 -4.079473 2.570934 69.674866 -0.923446 -0.379119 -0.059297 0.493917 0.378968 1 14 1.000000
helmet
  14 -3.185650 1.051236 67.840286 -0.962003 0.041095 -0.269928 0.525527 0.308218 1 14 1.000000
  14 -3.517970 1.767978 68.152611 -0.802459 -0.109607 -0.586554 0.509722 0.312148 1 14 1.000000
  14 -2.830408 1.890468 67.833153 -0.773216 0.360227 -0.521894 0.501820 0.296426 1 14 1.000000
helmet
  14 -2.794389 0.937439 66.462593 -0.837486 0.340535 -0.427379 0.572943 0.225676 1 14 1.000000
  14 -3.185650 1.051236 67.840286 -0.962003 0.041095 -0.269928 0.525527 0.308218 1 14 1.000000
  14 -2.830408 1.890468 67.833153 -0.773216 0.360227 -0.521894 0.501820 0.296426 1 14 1.000000
helmet
  14 -2.794389 0.937439 66.462593 -0.837486 0.340535 -0.427379 0.572943 0.225676 1 14 1.000000
  14 -2.830408 1.890468 67.833153 -0.773216 0.360227 -0.521894 0.501820 0.296426 1 14 1.000000
  14 -2.188682 2.890505 67.712685 -0.681891 0.612500 -0.399834 0.442549 0.280704 1 14 1.000000
helmet
  14 -3.069414 0.791043 66.787926 -0.933790 0.124271 -0.335549 0.584798 0.241398 1 14 1.000000
  14 -3.185650 1.051236 67.840286 -0.962003 0.041095 -0.269928 0.525527 0.308218 1 14 1.000000
  14 -2.794389 0.937439 66.462593 -0.837486 0.340535 -0.427379 0.572943 0.225676 1 14 1.000000
helmet
  14 -3.254405 -0.555581 69.304924 -0.983319 -0.179274 -0.030725 0.608506 0.398621 1 14 1.000000
  14 -2.818944 -1.823164 72.314644 -0.884088 -0.447305 0.135305 0.683581 0.555845 1 14 1.000000
  14 -3.254395 0.776230 72.286552 -0.974743 -0.216873 0.053316 0.588749 0.532261 1 14 1.000000
helmet
  14 -2.818944 -1.823164 72.314644 -0.884088 -0.447305 0.135305 0.683581 0.555845 1 14 1.000000
  14 -3.254405 -0.555581 69.304924 -0.983319 -0.179274 -0.030725 0.608506 0.398621 1 14 1.000000
  14 -2.853327 -1.955111 70.090279 -0.923449 -0.379114 -0.059279 0.687533 0.433996 1 14 1.000000
helmet
  14 -2.853327 -1.955111 70.090279 -0.923449 -0.379114 -0.059279 0.687533 0.433996 1 14 1.000000
  14 -3.254405 -0.555581 69.304924 -0.983319 -0.179274 -0.030725 0.608506 0.398621 1 14 1.000000
  14 -2.841872 -1.992169 69.033363 -0.893476 -0.448351 -0.026127 0.687533 0.363246 1 14 1.000000
helmet
  14 -2.841872 -1.992169 69.033363 -0.893476 -0.448351 -0.026127 0.687533 0.363246 1 14 1.000000
  14 -3.254405 -0.555581 69.304924 -0.983319 -0.179274 -0.030725 0.608506 0.398621 1 14 1.000000
  14 -2.851685 -1.765303 68.143654 -0.903805 -0.384621 -0.187625 0.679630 0.323940 1 14 1.000000
helmet
  14 -3.254405 -0.555581 69.304924 -0.983319 -0.179274 -0.030725 0.608506 0.398621 1 14 1.000000
  14 -3.069413 -0.594109 67.905006 -0.969904 -0.163823 -0.180137 0.612457 0.312148 1 14 1.000000
  14 -2.851685 -1.765303 68.143654 -0.903805 -0.384621 -0.187625 0.679630 0.323940 1 14 1.000000
helmet
  14 -2.851685 -1.765303 68.143654 -0.903805 -0.384621 -0.187625 0.679630 0.323940 1 14 1.000000
  14 -3.069413 -0.594109 67.905006 -0.969904 -0.163823 -0.180137 0.612457 0.312148 1 14 1.000000
  14 -2.072454 -1.303616 65.421463 -0.862273 -0.251488 -0.439589 0.663824 0.166717 1 14 1.000000
helmet
  14 5.145317 2.366455 68.144127 -0.780965 -0.138724 -0.608974 0.324010 0.445789 1 14 1.000000
  14 5.110936 -0.087635 68.641792 -0.832180 -0.098311 -0.545721 0.478111 0.485094 1 14 1.000000
  14 4.526509 -1.252109 69.681618 -0.783768 -0.199304 -0.588205 0.549236 0.508678 1 14 1.000000
helmet
  14 -3.529423 2.838111 69.659050 -0.554135 0.787721 -0.269127 0.474160 0.378968 1 14 1.000000
  14 -4.079473 2.570934 69.674866 -0.433993 0.898986 0.058945 0.493917 0.378968 1 14 1.000000
  14 -3.414827 2.171852 70.450447 -0.327098 0.716008 0.616717 0.493917 0.402552 1 14 1.000000
helmet
  14 -3.529423 2.838111 69.659050 -0.554135 0.787721 -0.269127 0.474160 0.378968 1 14 1.000000
  14 -3.517970 1.767978 68.152611 -0.386098 0.762079 -0.519773 0.509722 0.312148 1 14 1.000000
  14 -4.079473 2.570934 69.674866 -0.433993 0.898986 0.058945 0.493917 0.378968 1 14 1.000000
helmet
  14 -3.529423 2.838111 69.659050 -0.554135 0.787721 -0.269127 0.474160 0.378968 1 14 1.000000
  14 -2.830408 1.890468 67.833153 -0.597943 0.609595 -0.520440 0.501820 0.296426 1 14 1.000000
  14 -3.517970 1.767978 68.152611 -0.386098 0.762079 -0.519773 0.509722 0.312148 1 14 1.000000
helmet
  14 -3.529423 2.838111 69.659050 -0.554135 0.787721 -0.269127 0.474160 0.378968 1 14 1.000000
  14 -2.188682 2.890505 67.712685 -0.769222 0.415410 -0.485522 0.442549 0.280704 1 14 1.000000
  14 -2.830408 1.890468 67.833153 -0.597943 0.609595 -0.520440 0.501820 0.296426 1 14 1.000000
helmet
  14 -4.927464 2.369215 70.664581 0.795696 0.121317 -0.593422 0.940418 0.760234 1 14 1.000000
  14 -6.061943 3.026480 70.424118 0.526320 0.823629 -0.211240 0.995736 0.713067 1 14 1.000000
  14 -5.317079 1.341142 73.343842 0.869645 0.410918 0.273614 0.964126 0.996069 1 14 1.000000
helmet
  14 -4.927464 2.369215 70.664581 0.795696 0.121317 -0.593422 0.940418 0.760234 1 14 1.000000
  14 -6.268215 1.943219 69.545181 0.661309 0.000774 -0.750113 0.877197 0.689484 1 14 1.000000
  14 -6.061943 3.026480 70.424118 0.526320 0.823629 -0.211240 0.995736 0.713067 1 14 1.000000
helmet
  14 -4.927464 2.369215 70.664581 0.795696 0.121317 -0.593422 0.940418 0.760234 1 14 1.000000
  14 -5.775459 0.648811 71.278847 0.297602 -0.456837 -0.838292 0.845586 0.862430 1 14 1.000000
  14 -6.268215 1.943219 69.545181 0.661309 0.000774 -0.750113 0.877197 0.689484 1 14 1.000000
helmet
  14 -4.927464 2.369215 70.664581 0.795696 0.121317 -0.593422 0.940418 0.760234 1 14 1.000000
  14 -5.523354 -0.447695 71.591011 0.652606 -0.360333 -0.666532 0.774462 0.925319 1 14 1.000000
  14 -5.775459 0.648811 71.278847 0.297602 -0.456837 -0.838292 0.845586 0.862430 1 14 1.000000
helmet
  14 -4.927464 2.369215 70.664581 0.795696 0.121317 -0.593422 0.940418 0.760234 1 14 1.000000
  14 -5.317079 1.341142 73.343842 0.869645 0.410918 0.273614 0.964126 0.996069 1 14 1.000000
  14 -5.523354 -0.447695 71.591011 0.652606 -0.360333 -0.666532 0.774462 0.925319 1 14 1.000000
helmet
  14 4.824459 2.359699 70.485939 -0.789995 0.154027 -0.593450 0.940418 0.760234 1 14 1.000000
  14 5.615158 0.642280 71.310730 -0.219490 -0.511036 -0.831063 0.845586 0.862430 1 14 1.000000
  14 5.363049 -0.458764 71.588898 -0.618297 -0.388721 -0.683085 0.774462 0.925319 1 14 1.000000
helmet
  14 4.824459 2.359699 70.485939 -0.789995 0.154027 -0.593450 0.940418 0.760234 1 14 1.000000
  14 5.878719 1.934519 69.587677 -0.659116 0.044546 -0.750721 0.877197 0.689484 1 14 1.000000
  14 5.615158 0.642280 71.310730 -0.219490 -0.511036 -0.831063 0.845586 0.862430 1 14 1.000000
helmet
  14 4.824459 2.359699 70.485939 -0.789995 0.154027 -0.593450 0.940418 0.760234 1 14 1.000000
  14 5.970399 3.015611 70.477280 -0.494498 0.845473 -0.201610 0.995736 0.713067 1 14 1.000000
  14 5.878719 1.934519 69.587677 -0.659116 0.044546 -0.750721 0.877197 0.689484 1 14 1.000000
helmet
  14 4.824459 2.359699 70.485939 -0.789995 0.154027 -0.593450 0.940418 0.760234 1 14 1.000000
  14 5.259920 1.327903 73.352364 -0.876783 0.400935 0.265524 0.964126 0.996069 1 14 1.000000
  14 5.970399 3.015611 70.477280 -0.494498 0.845473 -0.201610 0.995736 0.713067 1 14 1.000000
helmet
  14 4.824459 2.359699 70.485939 -0.789995 0.154027 -0.593450 0.940418 0.760234 1 14 1.000000
  14 5.363049 -0.458764 71.588898 -0.618297 -0.388721 -0.683085 0.774462 0.925319 1 14 1.000000
  14 5.259920 1.327903 73.352364 -0.876783 0.400935 0.265524 0.964126 0.996069 1 14 1.000000
helmet
  13 1.627286 4.759436 63.714550 0.488177 0.847765 0.207312 0.355621 0.068452 1 13 1.000000
  13 -1.730312 4.759446 63.714542 -0.520190 0.831697 0.194120 0.284496 0.048799 1 13 1.000000
  14 -0.045775 4.293844 67.359047 0.000199 0.962163 0.272474 0.288447 0.233537 1 14 1.000000
helmet
  14 2.097123 2.890498 67.712692 0.818455 0.524296 0.235042 0.442549 0.280704 1 14 1.000000
  13 1.627286 4.759436 63.714550 0.488177 0.847765 0.207312 0.355621 0.068452 1 13 1.000000
  14 -0.045775 4.293844 67.359047 0.000199 0.962163 0.272474 0.288447 0.233537 1 14 1.000000
helmet
  13 3.243052 2.261014 63.238632 0.992815 -0.089705 0.079192 0.493917 0.021285 1 13 1.000000
  13 1.627286 4.759436 63.714550 0.488177 0.847765 0.207312 0.355621 0.068452 1 13 1.000000
  14 2.097123 2.890498 67.712692 0.818455 0.524296 0.235042 0.442549 0.280704 1 14 1.000000
helmet
  14 2.694650 0.937434 66.462593 0.978386 -0.188866 0.084203 0.572943 0.225676 1 14 1.000000
  13 3.243052 2.261014 63.238632 0.992815 -0.089705 0.079192 0.493917 0.021285 1 13 1.000000
  14 2.097123 2.890498 67.712692 0.818455 0.524296 0.235042 0.442549 0.280704 1 14 1.000000
helmet
  14 1.571626 -0.763074 64.846664 0.696643 -0.715574 0.051406 0.679630 0.076313 1 14 1.000000
  13 3.243052 2.261014 63.238632 0.992815 -0.089705 0.079192 0.493917 0.021285 1 13 1.000000
  14 2.694650 0.937434 66.462593 0.978386 -0.188866 0.084203 0.572943 0.225676 1 14 1.000000
helmet
  13 1.203274 -1.383623 62.316860 0.378984 -0.917487 0.120783 0.746802 0.001633 1 13 1.000000
  13 3.243052 2.261014 63.238632 0.992815 -0.089705 0.079192 0.493917 0.021285 1 13 1.000000
  14 1.571626 -0.763074 64.846664 0.696643 -0.715574 0.051406 0.679630 0.076313 1 14 1.000000
helmet
  14 -0.009767 -1.055876 64.618912 -0.006899 -0.984993 0.172457 0.833732 0.044869 1 14 1.000000
  13 1.203274 -1.383623 62.316860 0.378984 -0.917487 0.120783 0.746802 0.001633 1 13 1.000000
  14 1.571626 -0.763074 64.846664 0.696643 -0.715574 0.051406 0.679630 0.076313 1 14 1.000000
helmet
  13 -1.145897 -1.327113 62.326675 -0.395104 -0.913642 0.095665 0.936466 0.001633 1 13 1.000000
  13 1.203274 -1.383623 62.316860 0.378984 -0.917487 0.120783 0.746802 0.001633 1 13 1.000000
  14 -0.009767 -1.055876 64.618912 -0.006899 -0.984993 0.172457 0.833732 0.044869 1 14 1.000000
helmet
  14 -0.009767 -1.055876 64.618912 -0.006899 -0.984993 0.172457 0.833732 0.044869 1 14 1.000000
  14 -1.602620 -0.774334 64.835793 -0.699019 -0.715014 0.011287 0.991785 0.084175 1 14 1.000000
  13 -1.145897 -1.327113 62.326675 -0.395104 -0.913642 0.095665 0.936466 0.001633 1 13 1.000000
helmet
  14 -0.045775 4.293844 67.359047 0.000199 0.962163 0.272474 0.288447 0.233537 1 14 1.000000
  13 -1.730312 4.759446 63.714542 -0.520190 0.831697 0.194120 0.355621 0.068452 1 13 1.000000
  14 -2.188682 2.890505 67.712685 -0.838800 0.509943 0.190717 0.442549 0.280704 1 14 1.000000
helmet
  12 -3.048144 2.056865 63.166374 -0.995248 -0.095215 0.020398 0.493917 0.021285 1 12 1.000000
  14 -2.188682 2.890505 67.712685 -0.838800 0.509943 0.190717 0.442549 0.280704 1 14 1.000000
  13 -1.730312 4.759446 63.714542 -0.520190 0.831697 0.194120 0.355621 0.068452 1 13 1.000000
helmet
  12 -3.048144 2.056865 63.166374 -0.995248 -0.095215 0.020398 0.493917 0.021285 1 12 1.000000
  14 -2.794389 0.937439 66.462593 -0.987404 -0.156989 0.019703 0.572943 0.225676 1 14 1.000000
  14 -2.188682 2.890505 67.712685 -0.838800 0.509943 0.190717 0.442549 0.280704 1 14 1.000000
helmet
  12 -3.048144 2.056865 63.166374 -0.995248 -0.095215 0.020398 0.493917 0.021285 1 12 1.000000
  14 -1.602620 -0.774334 64.835793 -0.699019 -0.715014 0.011287 0.679630 0.076313 1 14 1.000000
  14 -2.794389 0.937439 66.462593 -0.987404 -0.156989 0.019703 0.572943 0.225676 1 14 1.000000
helmet
  12 -3.048144 2.056865 63.166374 -0.995248 -0.095215 0.020398 0.493917 0.021285 1 12 1.000000
  13 -1.145897 -1.327113 62.326675 -0.395104 -0.913642 0.095665 0.746802 0.001633 1 13 1.000000
  14 -1.602620 -0.774334 64.835793 -0.699019 -0.715014 0.011287 0.679630 0.076313 1 14 1.000000
helmet
  14 5.363049 -0.458764 71.588898 0.963115 -0.164603 0.212874 0.774462 0.925319 1 14 1.000000
  14 5.615158 0.642280 71.310730 0.981144 -0.120606 0.151030 0.845586 0.862430 1 14 1.000000
  14 5.259920 1.327903 73.352364 0.972596 -0.118918 0.199788 0.964126 0.996069 1 14 1.000000
helmet
  14 5.259920 1.327903 73.352364 0.972596 -0.118918 0.199788 0.964126 0.996069 1 14 1.000000
  14 5.615158 0.642280 71.310730 0.981144 -0.120606 0.151030 0.845586 0.862430 1 14 1.000000
  14 5.970399 3.015611 70.477280 0.987931 -0.098313 0.119697 0.995736 0.713067 1 14 1.000000
helmet
  14 5.615158 0.642280 71.310730 0.981144 -0.120606 0.151030 0.845586 0.862430 1 14 1.000000
  14 5.878719 1.934519 69.587677 0.991002 -0.123134 0.052476 0.877197 0.689484 1 14 1.000000
  14 5.970399 3.015611 70.477280 0.987931 -0.098313 0.119697 0.995736 0.713067 1 14 1.000000
helmet
  14 -0.022848 0.377740 74.410599 -0.000017 -0.102770 -0.994705 0.134346 0.897805 1 14 1.000000
  14 2.635710 -3.843982 71.136940 -0.385214 0.420793 -0.821306 0.138297 1.000000 1 14 1.000000
  14 -0.022868 -5.068227 70.949692 -0.000007 0.549462 -0.835519 0.201518 0.984278 1 14 1.000000
helmet
  14 -0.022848 0.377740 74.410599 -0.000017 -0.102770 -0.994705 0.134346 0.897805 1 14 1.000000
  14 3.838947 -1.993868 70.956116 -0.695125 -0.033177 -0.718123 0.086930 0.992139 1 14 1.000000
  14 2.635710 -3.843982 71.136940 -0.385214 0.420793 -0.821306 0.138297 1.000000 1 14 1.000000
helmet
  14 -0.022848 0.377740 74.410599 -0.000017 -0.102770 -0.994705 0.134346 0.897805 1 14 1.000000
  14 4.526509 -1.252109 69.681618 -0.783768 -0.199304 -0.588205 0.043465 0.968555 1 14 1.000000
  14 3.838947 -1.993868 70.956116 -0.695125 -0.033177 -0.718123 0.086930 0.992139 1 14 1.000000
helmet
  14 -0.022848 0.377740 74.410599 -0.000017 -0.102770 -0.994705 0.134346 0.897805 1 14 1.000000
  14 5.145317 2.366455 68.144127 -0.780965 -0.138724 -0.608974 0.000000 0.913527 1 14 1.000000
  14 4.526509 -1.252109 69.681618 -0.783768 -0.199304 -0.588205 0.043465 0.968555 1 14 1.000000
helmet
  14 -0.022848 0.377740 74.410599 -0.000017 -0.102770 -0.994705 0.134346 0.897805 1 14 1.000000
  14 4.652569 4.374272 68.203156 -0.618277 -0.388694 -0.683118 0.003951 0.858500 1 14 1.000000
  14 5.145317 2.366455 68.144127 -0.780965 -0.138724 -0.608974 0.000000 0.913527 1 14 1.000000
helmet
  14 -0.022848 0.377740 74.410599 -0.000017 -0.102770 -0.994705 0.134346 0.897805 1 14 1.000000
  14 -0.022848 6.844354 69.034767 0.000007 -0.652921 -0.757426 0.047416 0.783818 1 14 1.000000
  14 4.652569 4.374272 68.203156 -0.618277 -0.388694 -0.683118 0.003951 0.858500 1 14 1.000000
helmet
  14 -0.022848 0.377740 74.410599 -0.000017 -0.102770 -0.994705 0.134346 0.897805 1 14 1.000000
  14 -4.721198 4.374290 68.203163 0.618211 -0.388700 -0.683174 0.003951 0.858500 1 14 1.000000
  14 -0.022848 6.844354 69.034767 0.000007 -0.652921 -0.757426 0.047416 0.783818 1 14 1.000000
helmet
  14 -0.022848 0.377740 74.410599 -0.000017 -0.102770 -0.994705 0.134346 0.897805 1 14 1.000000
  14 -5.213955 2.366474 68.144165 0.780883 -0.138700 -0.609085 0.000000 0.913527 1 14 1.000000
  14 -4.721198 4.374290 68.203163 0.618211 -0.388700 -0.683174 0.003951 0.858500 1 14 1.000000
helmet
  14 -0.022848 0.377740 74.410599 -0.000017 -0.102770 -0.994705 0.134346 0.897805 1 14 1.000000
  14 -4.583694 -1.252089 69.681656 0.783690 -0.199283 -0.588317 0.043465 0.968555 1 14 1.000000
  14 -5.213955 2.366474 68.144165 0.780883 -0.138700 -0.609085 0.000000 0.913527 1 14 1.000000
helmet
  14 -0.022848 0.377740 74.410599 -0.000017 -0.102770 -0.994705 0.134346 0.897805 1 14 1.000000
  14 -3.907587 -1.993853 70.956108 0.695019 -0.033325 -0.718219 0.086930 0.992139 1 14 1.000000
  14 -4.583694 -1.252089 69.681656 0.783690 -0.199283 -0.588317 0.043465 0.968555 1 14 1.000000
helmet
  14 -0.022848 0.377740 74.410599 -0.000017 -0.102770 -0.994705 0.134346 0.897805 1 14 1.000000
  14 -2.692899 -3.843972 71.136932 0.385085 0.420774 -0.821376 0.138297 1.000000 1 14 1.000000
  14 -3.907587 -1.993853 70.956108 0.695019 -0.033325 -0.718219 0.086930 0.992139 1 14 1.000000
helmet
  14 -0.022848 0.377740 74.410599 -0.000017 -0.102770 -0.994705 0.134346 0.897805 1 14 1.000000
  14 -0.022868 -5.068227 70.949692 -0.000007 0.549462 -0.835519 0.201518 0.984278 1 14 1.000000
  14 -2.692899 -3.843972 71.136932 0.385085 0.420774 -0.821376 0.138297 1.000000 1 14 1.000000
helmet
  14 -5.523362 -2.227856 69.795631 0.910895 0.269694 -0.312306 0.185713 0.457579 1 14 1.000000
  14 -5.317079 1.341142 73.343842 0.910899 0.269690 -0.312298 0.003951 0.445789 1 14 1.000000
  14 -5.317099 -3.302350 69.493050 0.910892 0.269702 -0.312308 0.237080 0.430066 1 14 1.000000
helmet
  14 -5.317099 -3.302350 69.493050 0.910892 0.269702 -0.312308 0.237080 0.430066 1 14 1.000000
  14 -5.317079 1.341142 73.343842 0.910899 0.269690 -0.312298 0.003951 0.445789 1 14 1.000000
  14 -4.938939 -4.111537 69.859535 0.910891 0.269701 -0.312312 0.272642 0.363246 1 14 1.000000
helmet
  14 -5.317079 1.341142 73.343842 0.910899 0.269690 -0.312298 0.003951 0.445789 1 14 1.000000
  14 -4.239895 0.046732 75.077499 0.832269 0.348417 -0.431201 0.003951 0.284634 1 14 1.000000
  14 -4.938939 -4.111537 69.859535 0.910891 0.269701 -0.312312 0.272642 0.363246 1 14 1.000000
helmet
  14 -4.938939 -4.111537 69.859535 0.910891 0.269701 -0.312312 0.272642 0.363246 1 14 1.000000
  14 -4.239895 0.046732 75.077499 0.832269 0.348417 -0.431201 0.003951 0.284634 1 14 1.000000
  14 -3.919055 -5.630362 71.230278 0.773534 0.380255 -0.507003 0.276594 0.272843 1 14 1.000000
helmet
  14 -4.239895 0.046732 75.077499 0.832269 0.348417 -0.431201 0.003951 0.284634 1 14 1.000000
  14 -2.452232 -0.938766 76.140106 0.507733 0.481428 -0.714447 0.003951 0.147065 1 14 1.000000
  14 -3.919055 -5.630362 71.230278 0.773534 0.380255 -0.507003 0.276594 0.272843 1 14 1.000000
helmet
  14 -3.919055 -5.630362 71.230278 0.773534 0.380255 -0.507003 0.276594 0.272843 1 14 1.000000
  14 -2.452232 -0.938766 76.140106 0.507733 0.481428 -0.714447 0.003951 0.147065 1 14 1.000000
  14 -2.406416 -6.672667 72.458992 0.507975 0.481381 -0.714306 0.276594 0.139203 1 14 1.000000
helmet
  14 -2.452232 -0.938766 76.140106 0.507733 0.481428 -0.714447 0.003951 0.147065 1 14 1.000000
  14 -0.022866 -7.022273 72.879227 0.080617 0.555095 -0.827871 0.272642 0.009494 1 14 1.000000
  14 -2.406416 -6.672667 72.458992 0.507975 0.481381 -0.714306 0.276594 0.139203 1 14 1.000000
helmet
  14 -2.452232 -0.938766 76.140106 0.507733 0.481428 -0.714447 0.003951 0.147065 1 14 1.000000
  14 -0.011386 -1.332575 76.551941 -0.084418 0.552847 -0.828996 0.003951 0.009494 1 14 1.000000
  14 -0.022866 -7.022273 72.879227 0.080617 0.555095 -0.827871 0.272642 0.009494 1 14 1.000000
helmet
  14 -0.022866 -7.022273 72.879227 0.080617 0.555095 -0.827871 0.272642 0.009494 1 14 1.000000
  14 -0.011386 -1.332575 76.551941 -0.084418 0.552847 -0.828996 0.003951 0.009494 1 14 1.000000
  14 2.417978 -6.670505 72.448341 -0.471150 0.485060 -0.736705 0.276594 0.143134 1 14 1.000000
helmet
  14 -0.011386 -1.332575 76.551941 -0.084418 0.552847 -0.828996 0.003951 0.009494 1 14 1.000000
  14 2.395082 -0.921216 76.110260 -0.471169 0.485016 -0.736722 0.003951 0.147065 1 14 1.000000
  14 2.417978 -6.670505 72.448341 -0.471150 0.485060 -0.736705 0.276594 0.143134 1 14 1.000000
helmet
  14 2.417978 -6.670505 72.448341 -0.471150 0.485060 -0.736705 0.276594 0.143134 1 14 1.000000
  14 2.395082 -0.921216 76.110260 -0.471169 0.485016 -0.736722 0.003951 0.147065 1 14 1.000000
  14 4.068149 0.062105 75.058311 -0.820707 0.345369 -0.455149 0.003951 0.284634 1 14 1.000000
helmet
  14 2.417978 -6.670505 72.448341 -0.471150 0.485060 -0.736705 0.276594 0.143134 1 14 1.000000
  14 4.068149 0.062105 75.058311 -0.820707 0.345369 -0.455149 0.003951 0.284634 1 14 1.000000
  14 3.850399 -5.632546 71.240929 -0.820579 0.345484 -0.455292 0.276594 0.272843 1 14 1.000000
helmet
  14 3.850399 -5.632546 71.240929 -0.820579 0.345484 -0.455292 0.276594 0.272843 1 14 1.000000
  14 4.068149 0.062105 75.058311 -0.820707 0.345369 -0.455149 0.003951 0.284634 1 14 1.000000
  14 5.007797 -4.098337 69.850967 -0.898700 0.271395 -0.344504 0.272642 0.363246 1 14 1.000000
helmet
  14 4.068149 0.062105 75.058311 -0.820707 0.345369 -0.455149 0.003951 0.284634 1 14 1.000000
  14 5.259920 1.327903 73.352364 -0.923221 0.240010 -0.300097 0.003951 0.445789 1 14 1.000000
  14 5.007797 -4.098337 69.850967 -0.898700 0.271395 -0.344504 0.272642 0.363246 1 14 1.000000
helmet
  14 5.007797 -4.098337 69.850967 -0.898700 0.271395 -0.344504 0.272642 0.363246 1 14 1.000000
  14 5.259920 1.327903 73.352364 -0.923221 0.240010 -0.300097 0.003951 0.445789 1 14 1.000000
  14 5.317199 -3.302371 69.493034 -0.941883 0.212882 -0.259879 0.237080 0.430066 1 14 1.000000
helmet
  14 5.259920 1.327903 73.352364 -0.923221 0.240010 -0.300097 0.003951 0.445789 1 14 1.000000
  14 5.466176 -2.227878 69.795601 -0.941866 0.212930 -0.259902 0.185713 0.457579 1 14 1.000000
  14 5.317199 -3.302371 69.493034 -0.941883 0.212882 -0.259879 0.237080 0.430066 1 14 1.000000
helmet
  14 -4.583694 -1.252089 69.681656 0.783690 -0.199283 -0.588317 0.549236 0.508678 1 14 1.000000
  14 -5.168121 -0.087616 68.641815 0.832210 -0.098296 -0.545677 0.478111 0.485094 1 14 1.000000
  14 -5.213955 2.366474 68.144165 0.780883 -0.138700 -0.609085 0.324010 0.445789 1 14 1.000000
helmet
  14 5.466176 -2.227878 69.795601 0.941854 -0.212974 0.259910 0.185713 0.457579 1 14 1.000000
  14 5.259920 1.327903 73.352364 0.923205 -0.240029 0.300131 0.003951 0.445789 1 14 1.000000
  14 5.317199 -3.302371 69.493034 0.941869 -0.212902 0.259914 0.237080 0.430066 1 14 1.000000
helmet
  14 5.317199 -3.302371 69.493034 0.941869 -0.212902 0.259914 0.237080 0.430066 1 14 1.000000
  14 5.259920 1.327903 73.352364 0.923205 -0.240029 0.300131 0.003951 0.445789 1 14 1.000000
  14 5.007797 -4.098337 69.850967 0.898710 -0.271385 0.344485 0.272642 0.363246 1 14 1.000000
helmet
  14 5.259920 1.327903 73.352364 0.923205 -0.240029 0.300131 0.003951 0.445789 1 14 1.000000
  14 4.068149 0.062105 75.058311 0.820706 -0.345363 0.455155 0.003951 0.284634 1 14 1.000000
  14 5.007797 -4.098337 69.850967 0.898710 -0.271385 0.344485 0.272642 0.363246 1 14 1.000000
helmet
  14 5.007797 -4.098337 69.850967 0.898710 -0.271385 0.344485 0.272642 0.363246 1 14 1.000000
  14 4.068149 0.062105 75.058311 0.820706 -0.345363 0.455155 0.003951 0.284634 1 14 1.000000
  14 3.850399 -5.632546 71.240929 0.820575 -0.345487 0.455297 0.276594 0.272843 1 14 1.000000
helmet
  14 4.068149 0.062105 75.058311 0.820706 -0.345363 0.455155 0.003951 0.284634 1 14 1.000000
  14 2.417978 -6.670505 72.448341 0.494431 -0.488106 0.719229 0.276594 0.143134 1 14 1.000000
  14 3.850399 -5.632546 71.240929 0.820575 -0.345487 0.455297 0.276594 0.272843 1 14 1.000000
helmet
  14 2.417978 -6.670505 72.448341 0.494431 -0.488106 0.719229 0.276594 0.143134 1 14 1.000000
  14 4.068149 0.062105 75.058311 0.820706 -0.345363 0.455155 0.003951 0.284634 1 14 1.000000
  14 2.395082 -0.921216 76.110260 0.494398 -0.488057 0.719285 0.003951 0.147065 1 14 1.000000
helmet
  14 2.395082 -0.921216 76.110260 0.494398 -0.488057 0.719285 0.003951 0.147065 1 14 1.000000
  14 -0.011386 -1.332575 76.551941 0.084499 -0.552863 0.828977 0.003951 0.009494 1 14 1.000000
  14 2.417978 -6.670505 72.448341 0.494431 -0.488106 0.719229 0.276594 0.143134 1 14 1.000000
helmet
  14 2.417978 -6.670505 72.448341 0.494431 -0.488106 0.719229 0.276594 0.143134 1 14 1.000000
  14 -0.011386 -1.332575 76.551941 0.084499 -0.552863 0.828977 0.003951 0.009494 1 14 1.000000
  14 -0.022866 -7.022273 72.879227 -0.080599 -0.555087 0.827878 0.272642 0.009494 1 14 1.000000
helmet
  14 -0.011386 -1.332575 76.551941 0.084499 -0.552863 0.828977 0.003951 0.009494 1 14 1.000000
  14 -2.452232 -0.938766 76.140106 -0.507733 -0.481433 0.714443 0.003951 0.147065 1 14 1.000000
  14 -0.022866 -7.022273 72.879227 -0.080599 -0.555087 0.827878 0.272642 0.009494 1 14 1.000000
helmet
  14 -0.022866 -7.022273 72.879227 -0.080599 -0.555087 0.827878 0.272642 0.009494 1 14 1.000000
  14 -2.452232 -0.938766 76.140106 -0.507733 -0.481433 0.714443 0.003951 0.147065 1 14 1.000000
  14 -2.406416 -6.672667 72.458992 -0.507960 -0.481375 0.714321 0.276594 0.139203 1 14 1.000000
helmet
  14 -2.406416 -6.672667 72.458992 -0.507960 -0.481375 0.714321 0.276594 0.139203 1 14 1.000000
  14 -2.452232 -0.938766 76.140106 -0.507733 -0.481433 0.714443 0.003951 0.147065 1 14 1.000000
  14 -3.919055 -5.630362 71.230278 -0.773559 -0.380217 0.506992 0.276594 0.272843 1 14 1.000000
helmet
  14 -2.452232 -0.938766 76.140106 -0.507733 -0.481433 0.714443 0.003951 0.147065 1 14 1.000000
  14 -4.239895 0.046732 75.077499 -0.832269 -0.348411 0.431204 0.003951 0.284634 1 14 1.000000
  14 -3.919055 -5.630362 71.230278 -0.773559 -0.380217 0.506992 0.276594 0.272843 1 14 1.000000
helmet
  14 -3.919055 -5.630362 71.230278 -0.773559 -0.380217 0.506992 0.276594 0.272843 1 14 1.000000
  14 -4.239895 0.046732 75.077499 -0.832269 -0.348411 0.431204 0.003951 0.284634 1 14 1.000000
  14 -4.938939 -4.111537 69.859535 -0.911141 -0.280589 0.301815 0.272642 0.363246 1 14 1.000000
helmet
  14 -4.239895 0.046732 75.077499 -0.832269 -0.348411 0.431204 0.003951 0.284634 1 14 1.000000
  14 -5.317079 1.341142 73.343842 -0.911144 -0.280580 0.301814 0.003951 0.445789 1 14 1.000000
  14 -4.938939 -4.111537 69.859535 -0.911141 -0.280589 0.301815 0.272642 0.363246 1 14 1.000000
helmet
  14 -4.938939 -4.111537 69.859535 -0.911141 -0.280589 0.301815 0.272642 0.363246 1 14 1.000000
  14 -5.317079 1.341142 73.343842 -0.911144 -0.280580 0.301814 0.003951 0.445789 1 14 1.000000
  14 -5.317099 -3.302350 69.493050 -0.911152 -0.280580 0.301789 0.237080 0.430066 1 14 1.000000
helmet
  14 -5.317079 1.341142 73.343842 -0.911144 -0.280580 0.301814 0.003951 0.445789 1 14 1.000000
  14 -5.523362 -2.227856 69.795631 -0.911152 -0.280570 0.301798 0.185713 0.457579 1 14 1.000000
  14 -5.317099 -3.302350 69.493050 -0.911152 -0.280580 0.301789 0.237080 0.430066 1 14 1.000000
helmet
  14 -6.268215 1.943219 69.545181 -0.973193 -0.032296 0.227711 0.877197 0.689484 1 14 1.000000
  14 -5.775459 0.648811 71.278847 -0.969680 -0.069425 0.234307 0.845586 0.862430 1 14 1.000000
  14 -6.061943 3.026480 70.424118 -0.973196 -0.032335 0.227693 0.995736 0.713067 1 14 1.000000
helmet
  14 -6.061943 3.026480 70.424118 -0.973196 -0.032335 0.227693 0.995736 0.713067 1 14 1.000000
  14 -5.775459 0.648811 71.278847 -0.969680 -0.069425 0.234307 0.845586 0.862430 1 14 1.000000
  14 -5.317079 1.341142 73.343842 -0.969685 -0.069395 0.234295 0.964126 0.996069 1 14 1.000000
helmet
  14 -5.775459 0.648811 71.278847 -0.969680 -0.069425 0.234307 0.845586 0.862430 1 14 1.000000
  14 -5.523354 -0.447695 71.591011 -0.958490 -0.143295 0.246502 0.774462 0.925319 1 14 1.000000
  14 -5.317079 1.341142 73.343842 -0.969685 -0.069395 0.234295 0.964126 0.996069 1 14 1.000000
end
