// Created by Crowbar 0.74
version 1
nodes
  0 "root" -1
  1 "Bone01" 0
  2 "Bone_Lefthand" 1
  3 "Bone13" 2
  4 "Bone14" 3
  5 "Bone15" 4
  6 "ValveBiped.Bip01_L_Finger32" 5
  7 "ValveBiped.Bip01_L_Finger31" 4
  8 "ValveBiped.Bip01_L_Finger3" 3
  9 "Bone17" 2
  10 "Bone18" 9
  11 "Bone19" 10
  12 "ValveBiped.Bip01_L_Finger22" 11
  13 "ValveBiped.Bip01_L_Finger21" 10
  14 "ValveBiped.Bip01_L_Finger2" 9
  15 "Bone21" 2
  16 "Bone22" 15
  17 "Bone23" 16
  18 "ValveBiped.Bip01_L_Finger12" 17
  19 "ValveBiped.Bip01_L_Finger11" 16
  20 "ValveBiped.Bip01_L_Finger1" 15
  21 "Bone09" 2
  22 "Bone10" 21
  23 "Bone11" 22
  24 "ValveBiped.Bip01_L_Finger42" 23
  25 "ValveBiped.Bip01_L_Finger41" 22
  26 "ValveBiped.Bip01_L_Finger4" 21
  27 "Bone05" 2
  28 "Bone06" 27
  29 "Bone07" 28
  30 "ValveBiped.Bip01_L_Finger02" 29
  31 "ValveBiped.Bip01_L_Finger01" 28
  32 "ValveBiped.Bip01_L_Finger0" 27
  33 "ValveBiped.Bip01_L_Hand" 2
  34 "Bone_L_Upper" 1
  35 "ValveBiped.Bip01_L_UpperArm" 34
  36 "ValveBiped.Bip01_L_Forearm" 1
  37 "Bone04" 0
  38 "Bone_Righthand" 37
  39 "Bone39" 38
  40 "Bone40" 39
  41 "Bone41" 40
  42 "ValveBiped.Bip01_R_Finger32" 41
  43 "ValveBiped.Bip01_R_Finger31" 40
  44 "ValveBiped.Bip01_R_Finger3" 39
  45 "Bone35" 38
  46 "Bone36" 45
  47 "Bone37" 46
  48 "ValveBiped.Bip01_R_Finger22" 47
  49 "ValveBiped.Bip01_R_Finger21" 46
  50 "ValveBiped.Bip01_R_Finger2" 45
  51 "Bone31" 38
  52 "Bone32" 51
  53 "Bone33" 52
  54 "ValveBiped.Bip01_R_Finger12" 53
  55 "ValveBiped.Bip01_R_Finger11" 52
  56 "ValveBiped.Bip01_R_Finger1" 51
  57 "Bone43" 38
  58 "Bone44" 57
  59 "Bone45" 58
  60 "ValveBiped.Bip01_R_Finger42" 59
  61 "ValveBiped.Bip01_R_Finger41" 58
  62 "ValveBiped.Bip01_R_Finger4" 57
  63 "Bone27" 38
  64 "Bone28" 63
  65 "Bone29" 64
  66 "ValveBiped.Bip01_R_Finger02" 65
  67 "ValveBiped.Bip01_R_Finger01" 64
  68 "ValveBiped.Bip01_R_Finger0" 63
  69 "ValveBiped.Bip01_R_Hand" 38
  70 "Bone_R_Upper" 37
  71 "ValveBiped.Bip01_R_UpperArm" 70
  72 "ValveBiped.Bip01_R_Forearm" 37
  73 "Bone_Se_Hand-L" 2
  74 "Bone_Se_Hand-R" 38
  75 "Bone25" 2
  76 "Bone48" 2
  77 "Bone50" 2
  78 "Bone52" 2
end
skeleton
  time 0
    0 0.000000 1.629157 0.541027 0.000000 0.000000 0.000000
    1 9.310103 0.168160 -0.149879 3.138909 -0.000224 -1.566807
    2 -0.071920 -8.498734 -0.104137 -0.025046 0.287591 0.014898
    3 -0.488518 -2.755610 -0.228260 0.106453 0.010332 -0.264490
    4 0.039887 -1.479792 0.029853 -0.055394 -0.000001 -0.000002
    5 0.028789 -1.075739 -0.023109 0.002099 0.000000 0.000000
    6 0.007988 0.172184 -0.118553 -1.598091 -0.216549 -1.570593
    7 0.080660 0.135929 -0.203919 -1.506824 -0.066185 -1.662786
    8 0.117288 -0.155554 -0.604544 -1.412988 -0.374558 -1.569222
    9 0.250027 -2.820667 -0.238396 0.041826 -0.002921 0.008443
    10 -0.049760 -1.680544 0.100479 0.019826 0.000000 -0.000003
    11 -0.034142 -1.148319 0.084782 -0.040115 0.000000 0.000000
    12 -0.018589 0.129953 -0.123721 -1.294580 0.001302 -1.635383
    13 -0.006160 0.170065 -0.110169 -1.280084 -0.068681 -1.597215
    14 0.047100 -0.104074 -0.352264 -1.243368 -0.257298 -1.694346
    15 0.957766 -2.746782 -0.090302 -0.017220 -0.162277 0.191557
    16 -0.033419 -1.397133 -0.011256 0.013930 0.000000 0.000000
    17 -0.022361 -0.957438 0.018784 0.003845 0.000000 -0.000001
    18 -0.022325 0.045424 -0.038284 -1.125544 -0.129230 -1.681412
    19 -0.042900 -0.061274 -0.071212 -1.124462 -0.060454 -1.586099
    20 0.063741 -0.109104 -0.248158 -1.142813 -0.125805 -1.693583
    21 -1.180682 -2.507221 -0.193859 0.082998 0.013295 -0.477912
    22 -0.024972 -1.123930 0.017596 -0.018064 -0.000003 -0.000007
    23 -0.020050 -0.890970 0.010091 -0.060798 0.000001 0.000004
    24 -0.011721 0.093267 0.017949 -1.687855 -0.079155 -1.575164
    25 0.048863 -0.085541 0.028626 -1.715605 -0.034569 -1.653190
    26 0.173918 -0.198416 -0.336163 -1.668104 -0.422317 -1.710956
    27 0.583510 -1.197279 0.185379 0.158050 -0.404973 -0.364292
    28 1.535928 0.010252 0.005009 -0.002964 -0.012980 0.000892
    29 1.100770 0.004522 -0.010680 -0.002796 0.015973 0.003459
    30 -0.267709 0.037512 -0.093907 2.913812 -0.143386 0.078467
    31 -0.029266 0.205408 -0.329287 2.788574 -0.255486 -0.188917
    32 0.204373 0.521055 -0.268577 2.886669 0.042206 -0.230367
    33 0.195697 -0.010059 -0.293538 -1.333586 0.150863 -1.672749
    34 1.257181 8.762590 -0.153713 -1.570562 0.002683 -1.566808
    35 -0.093500 -0.114213 -0.738866 -1.570842 0.061811 0.002096
    36 0.010843 0.093624 -0.081439 -3.141462 0.041719 -1.568236
    37 -9.310107 -5.231259 -12.513384 -3.136609 -0.010027 1.574745
    38 0.096935 -8.450419 -0.009359 -0.032963 -0.297909 -0.004665
    39 0.447956 -2.798988 -0.200437 0.106457 -0.010396 0.265098
    40 -0.032911 -1.480202 0.004946 -0.055405 0.000001 -0.000004
    41 -0.027019 -1.076921 -0.020208 0.002095 -0.000002 -0.000001
    42 0.006928 0.005329 -0.181358 -1.528500 -0.248579 -1.611362
    43 -0.052313 0.038589 -0.230757 -1.592493 -0.043415 -1.528515
    44 -0.232600 -0.209656 -0.420669 -1.713790 -0.167173 -1.438930
    45 -0.249531 -2.846966 -0.174202 0.041904 -0.000125 -0.008397
    46 0.043239 -1.683939 0.096017 0.019757 0.002824 -0.000165
    47 0.031729 -1.160828 0.058845 -0.040183 0.000644 0.008371
    48 -0.038065 0.069166 -0.159883 -1.816986 0.066178 -1.575392
    49 -0.025151 0.088762 -0.068837 -1.817843 0.044510 -1.568287
    50 -0.102916 -0.186983 -0.272246 -1.833683 -0.232962 -1.472375
    51 -0.963863 -2.785145 -0.085340 -0.017228 0.162278 -0.191553
    52 0.028478 -1.403070 0.006276 0.013937 0.000003 -0.000002
    53 0.021412 -0.957779 0.020043 0.003850 0.000001 0.000001
    54 -0.004241 0.043707 -0.080203 -2.014997 -0.186996 -1.460723
    55 0.015383 -0.089136 -0.030010 -2.006083 0.036346 -1.568629
    56 -0.022610 -0.212357 -0.177905 -1.933161 -0.118801 -1.518895
    57 1.164478 -2.543934 -0.170327 0.083001 -0.013289 0.477914
    58 0.024034 -1.129040 0.017804 -0.018074 0.000004 0.000009
    59 0.014894 -0.883986 -0.019848 -0.060797 -0.000006 -0.000004
    60 -0.067138 0.063251 -0.010961 -0.899214 -0.014515 -1.600326
    61 -0.151180 -0.007395 -0.070065 -0.913061 -0.118819 -1.408558
    62 -0.178164 -0.244680 -0.357067 -1.159916 -0.384260 -1.556110
    63 -0.586769 -1.264471 0.200167 -0.152090 -0.410515 -2.814812
    64 1.522834 0.058676 0.016850 0.001405 0.008981 -0.046880
    65 1.117947 0.048420 -0.005766 -0.000243 -0.025198 0.065418
    66 -0.263409 -0.117640 -0.015659 0.000036 -0.082210 -0.026800
    67 0.007707 -0.334360 -0.191575 0.070788 -0.181563 0.282364
    68 0.225562 -0.567923 -0.420715 0.119895 -0.183798 0.223460
    69 -0.203683 -0.095654 -0.328305 -1.745077 0.075142 -1.515382
    70 -1.393460 8.839182 -0.239439 1.580804 -0.005024 -1.566848
    71 0.036020 0.082815 -0.692656 -1.570769 0.065989 0.001276
    72 -0.088586 0.054020 -0.088594 0.010231 0.033800 -1.560851
    73 0.120153 -0.050270 -0.054489 -2.854024 0.030688 -1.580508
    74 -0.139399 -0.111694 0.014400 0.285395 -0.031353 1.580313
    75 2.295096 -5.257324 0.968839 -1.247039 1.437608 -1.233844
    76 0.738178 -7.079689 1.130307 -1.247039 1.437608 -1.233844
    77 2.398058 -8.977903 1.443857 -1.247039 1.437608 -1.233844
    78 3.923708 -8.234629 1.417453 -1.247039 1.437608 -1.233844
end
triangles
v_AK47-256
  2 38.863029 -3.002534 -1.804551 -0.986732 0.083697 0.139119 0.607843 0.678431 1 2 1.000000
  2 38.868057 -2.820749 -1.850214 -0.986732 0.083697 0.139119 0.619608 0.635294 1 2 1.000000
  2 38.833122 -2.873990 -2.066015 -0.986732 0.083697 0.139119 0.623529 0.631373 1 2 1.000000
v_AK47-256
  2 38.857224 -3.235535 -1.654897 -0.983421 0.136326 0.119573 0.588235 0.737255 1 2 1.000000
  2 38.838829 -3.047407 -2.037188 -0.986732 0.083697 0.139119 0.607843 0.678431 1 2 1.000000
  2 38.789295 -3.339055 -2.074510 -0.983421 0.136326 0.119573 0.588235 0.733333 1 2 1.000000
v_AK47-256
  2 38.857224 -3.235535 -1.654897 -0.983421 0.136326 0.119573 0.588235 0.737255 1 2 1.000000
  2 38.863029 -3.002534 -1.804551 -0.986732 0.083697 0.139119 0.607843 0.682353 1 2 1.000000
  2 38.838829 -3.047407 -2.037188 -0.986732 0.083697 0.139119 0.607843 0.678431 1 2 1.000000
v_AK47-256
  2 38.838829 -3.047407 -2.037188 -0.986732 0.083697 0.139119 0.607843 0.678431 1 2 1.000000
  2 38.863029 -3.002534 -1.804551 -0.986732 0.083697 0.139119 0.607843 0.682353 1 2 1.000000
  2 38.833122 -2.873990 -2.066015 -0.986732 0.083697 0.139119 0.623529 0.631373 1 2 1.000000
v_AK47-256
  2 25.664806 -2.465159 -0.452111 -0.157895 -0.361745 -0.918809 0.650980 0.917647 1 2 1.000000
  2 23.005173 -2.120953 -0.093431 -0.153642 -0.234205 -0.959970 0.400000 0.901961 1 2 1.000000
  2 25.669502 -2.295492 -0.494730 -0.153642 -0.234205 -0.959970 0.650980 0.901961 1 2 1.000000
v_AK47-256
  2 25.668280 -2.541117 -0.394836 -0.145375 -0.664575 -0.732943 0.650980 0.925490 1 2 1.000000
  2 19.482481 -2.064226 0.462864 -0.180901 -0.394204 -0.901043 0.062745 0.921569 1 2 1.000000
  2 25.664806 -2.465159 -0.452111 -0.157895 -0.361745 -0.918809 0.650980 0.917647 1 2 1.000000
v_AK47-256
  2 19.482481 -2.064226 0.462864 -0.180901 -0.394204 -0.901043 0.062745 0.921569 1 2 1.000000
  2 23.005173 -2.120953 -0.093431 -0.153642 -0.234205 -0.959970 0.400000 0.901961 1 2 1.000000
  2 25.664806 -2.465159 -0.452111 -0.157895 -0.361745 -0.918809 0.650980 0.917647 1 2 1.000000
v_AK47-256
  2 19.482481 -2.064226 0.462864 -0.180901 -0.394204 -0.901043 0.062745 0.921569 1 2 1.000000
  2 19.487513 -1.882440 0.417200 -0.153642 -0.234205 -0.959970 0.062745 0.905882 1 2 1.000000
  2 23.005173 -2.120953 -0.093431 -0.153642 -0.234205 -0.959970 0.400000 0.901961 1 2 1.000000
v_AK47-256
  2 20.162201 -2.686300 0.884251 -0.335053 -0.940810 0.051150 0.125490 0.984314 1 2 1.000000
  2 20.095665 -2.654845 0.848163 -0.394685 -0.883394 -0.252662 0.117647 0.980392 1 2 1.000000
  2 28.059986 -3.209768 -0.278209 -0.112356 -0.932746 -0.342580 0.874510 0.980392 1 2 1.000000
v_AK47-256
  2 28.059986 -3.209768 -0.278209 -0.112356 -0.932746 -0.342580 0.874510 0.980392 1 2 1.000000
  2 20.095665 -2.654845 0.848163 -0.394685 -0.883394 -0.252662 0.117647 0.980392 1 2 1.000000
  2 28.051958 -3.163962 -0.353373 -0.143390 -0.749818 -0.645920 0.874510 0.976471 1 2 1.000000
v_AK47-256
  2 20.095665 -2.654845 0.848163 -0.394685 -0.883394 -0.252662 0.117647 0.980392 1 2 1.000000
  2 20.019396 -2.595399 0.819778 -0.438186 -0.799981 -0.409906 0.109804 0.976471 1 2 1.000000
  2 28.051958 -3.163962 -0.353373 -0.143390 -0.749818 -0.645920 0.874510 0.976471 1 2 1.000000
v_AK47-256
  2 28.051958 -3.163962 -0.353373 -0.143390 -0.749818 -0.645920 0.874510 0.976471 1 2 1.000000
  2 20.019396 -2.595399 0.819778 -0.438186 -0.799981 -0.409906 0.109804 0.976471 1 2 1.000000
  2 28.047476 -3.124360 -0.401519 -0.158906 -0.587459 -0.793499 0.874510 0.968627 1 2 1.000000
v_AK47-256
  2 20.019396 -2.595399 0.819778 -0.438186 -0.799981 -0.409906 0.109804 0.976471 1 2 1.000000
  2 19.716938 -2.330422 0.712141 -0.408575 -0.895415 -0.176914 0.082353 0.949020 1 2 1.000000
  2 28.047476 -3.124360 -0.401519 -0.158906 -0.587459 -0.793499 0.874510 0.968627 1 2 1.000000
v_AK47-256
  2 28.047476 -3.124360 -0.401519 -0.158906 -0.587459 -0.793499 0.874510 0.968627 1 2 1.000000
  2 19.716938 -2.330422 0.712141 -0.408575 -0.895415 -0.176914 0.082353 0.949020 1 2 1.000000
  2 28.041267 -2.878446 -0.552414 -0.092784 -0.977757 -0.188104 0.874510 0.945098 1 2 1.000000
v_AK47-256
  2 28.041267 -2.878446 -0.552414 -0.092784 -0.977757 -0.188104 0.874510 0.945098 1 2 1.000000
  2 19.716938 -2.330422 0.712141 -0.408575 -0.895415 -0.176914 0.082353 0.949020 1 2 1.000000
  2 25.905447 -2.753142 -0.237559 -0.119731 -0.908627 -0.400078 0.674510 0.945098 1 2 1.000000
v_AK47-256
  2 19.716938 -2.330422 0.712141 -0.408575 -0.895415 -0.176914 0.082353 0.949020 1 2 1.000000
  2 19.510807 -2.226388 0.641646 -0.437830 -0.865819 -0.242203 0.062745 0.941176 1 2 1.000000
  2 25.905447 -2.753142 -0.237559 -0.119731 -0.908627 -0.400078 0.674510 0.945098 1 2 1.000000
v_AK47-256
  2 25.905447 -2.753142 -0.237559 -0.119731 -0.908627 -0.400078 0.674510 0.945098 1 2 1.000000
  2 19.510807 -2.226388 0.641646 -0.437830 -0.865819 -0.242203 0.062745 0.941176 1 2 1.000000
  2 25.691528 -2.618161 -0.288361 -0.143390 -0.749818 -0.645920 0.654902 0.933333 1 2 1.000000
v_AK47-256
  2 19.510807 -2.226388 0.641646 -0.437830 -0.865819 -0.242203 0.062745 0.941176 1 2 1.000000
  2 19.498301 -2.140982 0.518338 -0.143390 -0.749818 -0.645920 0.062745 0.929412 1 2 1.000000
  2 25.691528 -2.618161 -0.288361 -0.143390 -0.749818 -0.645920 0.654902 0.933333 1 2 1.000000
v_AK47-256
  2 25.691528 -2.618161 -0.288361 -0.143390 -0.749818 -0.645920 0.654902 0.933333 1 2 1.000000
  2 19.498301 -2.140982 0.518338 -0.143390 -0.749818 -0.645920 0.062745 0.929412 1 2 1.000000
  2 25.668280 -2.541117 -0.394836 -0.145375 -0.664575 -0.732943 0.650980 0.925490 1 2 1.000000
v_AK47-256
  2 19.498301 -2.140982 0.518338 -0.143390 -0.749818 -0.645920 0.062745 0.929412 1 2 1.000000
  2 19.482481 -2.064226 0.462864 -0.180901 -0.394204 -0.901043 0.062745 0.921569 1 2 1.000000
  2 25.668280 -2.541117 -0.394836 -0.145375 -0.664575 -0.732943 0.650980 0.925490 1 2 1.000000
v_AK47-256
  2 19.498301 -2.140982 0.518338 -0.143390 -0.749818 -0.645920 0.062745 0.929412 1 2 1.000000
  2 19.019716 -1.873536 0.503767 -0.247030 -0.449373 -0.858510 0.019608 0.905882 1 2 1.000000
  2 19.482481 -2.064226 0.462864 -0.180901 -0.394204 -0.901043 0.062745 0.921569 1 2 1.000000
v_AK47-256
  2 19.019716 -1.873536 0.503767 -0.247030 -0.449373 -0.858510 0.019608 0.905882 1 2 1.000000
  2 19.487513 -1.882440 0.417200 -0.153642 -0.234205 -0.959970 0.062745 0.905882 1 2 1.000000
  2 19.482481 -2.064226 0.462864 -0.180901 -0.394204 -0.901043 0.062745 0.921569 1 2 1.000000
v_AK47-256
  2 19.487513 -1.882440 0.417200 -0.153642 -0.234205 -0.959970 0.062745 0.905882 1 2 1.000000
  2 19.019716 -1.873536 0.503767 -0.247030 -0.449373 -0.858510 0.019608 0.905882 1 2 1.000000
  2 19.492613 -1.630901 0.341283 -0.134517 -0.278996 -0.950824 0.062745 0.882353 1 2 1.000000
v_AK47-256
  2 19.487513 -1.882440 0.417200 -0.153642 -0.234205 -0.959970 0.062745 0.905882 1 2 1.000000
  2 19.492613 -1.630901 0.341283 -0.134517 -0.278996 -0.950824 0.062745 0.882353 1 2 1.000000
  2 23.005173 -2.120953 -0.093431 -0.153642 -0.234205 -0.959970 0.400000 0.901961 1 2 1.000000
v_AK47-256
  2 23.005173 -2.120953 -0.093431 -0.153642 -0.234205 -0.959970 0.400000 0.901961 1 2 1.000000
  2 19.492613 -1.630901 0.341283 -0.134517 -0.278996 -0.950824 0.062745 0.882353 1 2 1.000000
  2 22.653309 -1.810018 -0.126212 -0.153642 -0.234205 -0.959970 0.364706 0.878431 1 2 1.000000
v_AK47-256
  2 19.510807 -2.226388 0.641646 -0.423107 -0.782709 -0.456450 0.062745 0.941176 1 2 1.000000
  2 19.019716 -1.873536 0.503767 -0.247030 -0.449373 -0.858510 0.019608 0.905882 1 2 1.000000
  2 19.498301 -2.140982 0.518338 -0.143390 -0.749818 -0.645920 0.062745 0.929412 1 2 1.000000
v_AK47-256
  2 19.492613 -1.630901 0.341283 -0.134517 -0.278996 -0.950824 0.062745 0.882353 1 2 1.000000
  2 19.019716 -1.873536 0.503767 -0.247030 -0.449373 -0.858510 0.019608 0.905882 1 2 1.000000
  2 18.986179 -1.610451 0.418224 -0.153642 -0.234205 -0.959970 0.003922 0.882353 1 2 1.000000
v_AK47-256
  77 25.925833 0.436022 -1.027667 -0.932706 0.353895 0.069415 0.992157 0.349020 1 77 1.000000
  77 26.733116 2.565684 -1.032130 -0.932706 0.353895 0.069415 0.945098 0.223529 1 77 1.000000
  77 26.642231 2.438786 -1.598655 -0.932706 0.353895 0.069415 0.992157 0.223529 1 77 1.000000
v_AK47-256
  77 26.016722 0.562921 -0.461144 -0.932706 0.353895 0.069415 0.945098 0.349020 1 77 1.000000
  77 26.733116 2.565684 -1.032130 -0.932706 0.353895 0.069415 0.945098 0.223529 1 77 1.000000
  77 25.925833 0.436022 -1.027667 -0.932706 0.353895 0.069415 0.992157 0.349020 1 77 1.000000
v_AK47-256
  2 35.456970 -2.834382 -1.972338 -0.153642 -0.234205 -0.959970 0.513725 0.341176 1 2 1.000000
  2 33.722725 -1.536082 -2.024922 -0.152341 0.117619 -0.981304 0.388235 0.250980 1 2 1.000000
  2 35.463211 -1.648089 -2.279056 -0.129720 0.164978 -0.977730 0.509804 0.250980 1 2 1.000000
v_AK47-256
  2 31.051426 -1.546286 -1.589948 -0.096593 -0.012792 -0.995242 0.211765 0.247059 1 2 1.000000
  2 33.722725 -1.536082 -2.024922 -0.152341 0.117619 -0.981304 0.388235 0.250980 1 2 1.000000
  2 35.456970 -2.834382 -1.972338 -0.153642 -0.234205 -0.959970 0.513725 0.341176 1 2 1.000000
v_AK47-256
  2 35.499077 -1.248803 -2.122714 -0.107483 0.399457 -0.910429 0.509804 0.227451 1 2 1.000000
  2 35.463211 -1.648089 -2.279056 -0.129720 0.164978 -0.977730 0.509804 0.250980 1 2 1.000000
  2 33.867744 -1.146908 -1.896788 -0.104105 0.676490 -0.729056 0.396078 0.227451 1 2 1.000000
v_AK47-256
  2 35.463211 -1.648089 -2.279056 -0.129720 0.164978 -0.977730 0.509804 0.250980 1 2 1.000000
  2 33.722725 -1.536082 -2.024922 -0.152341 0.117619 -0.981304 0.388235 0.250980 1 2 1.000000
  2 33.867744 -1.146908 -1.896788 -0.104105 0.676490 -0.729056 0.396078 0.227451 1 2 1.000000
v_AK47-256
  2 33.722725 -1.536082 -2.024922 -0.152341 0.117619 -0.981304 0.388235 0.250980 1 2 1.000000
  2 31.243546 -1.175365 -1.477969 -0.091171 0.533694 -0.840749 0.223529 0.223529 1 2 1.000000
  2 33.867744 -1.146908 -1.896788 -0.104105 0.676490 -0.729056 0.396078 0.227451 1 2 1.000000
v_AK47-256
  2 31.051426 -1.546286 -1.589948 -0.096593 -0.012792 -0.995242 0.211765 0.247059 1 2 1.000000
  2 31.243546 -1.175365 -1.477969 -0.091171 0.533694 -0.840749 0.223529 0.223529 1 2 1.000000
  2 33.722725 -1.536082 -2.024922 -0.152341 0.117619 -0.981304 0.388235 0.250980 1 2 1.000000
v_AK47-256
  2 31.051426 -1.546286 -1.589948 -0.096593 -0.012792 -0.995242 0.211765 0.247059 1 2 1.000000
  2 29.651257 -0.623696 -1.356299 -0.212881 0.572333 -0.791907 0.133333 0.200000 1 2 1.000000
  2 31.243546 -1.175365 -1.477969 -0.091171 0.533694 -0.840749 0.223529 0.223529 1 2 1.000000
v_AK47-256
  2 31.051426 -1.546286 -1.589948 -0.096593 -0.012792 -0.995242 0.211765 0.247059 1 2 1.000000
  2 29.572243 -0.929053 -1.502761 -0.215862 0.318558 -0.922997 0.133333 0.215686 1 2 1.000000
  2 29.651257 -0.623696 -1.356299 -0.212881 0.572333 -0.791907 0.133333 0.200000 1 2 1.000000
v_AK47-256
  2 29.651257 -0.623696 -1.356299 -0.212881 0.572333 -0.791907 0.133333 0.200000 1 2 1.000000
  2 29.572243 -0.929053 -1.502761 -0.215862 0.318558 -0.922997 0.133333 0.215686 1 2 1.000000
  2 29.310999 -0.786991 -1.273960 -0.330747 0.856057 -0.397205 0.113725 0.211765 1 2 1.000000
v_AK47-256
  2 29.310999 -0.786991 -1.273960 -0.330747 0.856057 -0.397205 0.113725 0.211765 1 2 1.000000
  2 29.572243 -0.929053 -1.502761 -0.215862 0.318558 -0.922997 0.133333 0.215686 1 2 1.000000
  2 29.164839 -0.817279 -1.307989 -0.264791 0.684644 -0.679079 0.101961 0.219608 1 2 1.000000
v_AK47-256
  2 29.572243 -0.929053 -1.502761 -0.215862 0.318558 -0.922997 0.133333 0.215686 1 2 1.000000
  2 29.090187 -2.440075 -1.104064 -0.219407 -0.202655 -0.954354 0.101961 0.337255 1 2 1.000000
  2 29.164839 -0.817279 -1.307989 -0.264791 0.684644 -0.679079 0.101961 0.219608 1 2 1.000000
v_AK47-256
  2 31.051426 -1.546286 -1.589948 -0.096593 -0.012792 -0.995242 0.211765 0.247059 1 2 1.000000
  2 29.090187 -2.440075 -1.104064 -0.219407 -0.202655 -0.954354 0.101961 0.337255 1 2 1.000000
  2 29.572243 -0.929053 -1.502761 -0.215862 0.318558 -0.922997 0.133333 0.215686 1 2 1.000000
v_AK47-256
  2 31.051426 -1.546286 -1.589948 -0.096593 -0.012792 -0.995242 0.211765 0.247059 1 2 1.000000
  2 32.065769 -2.494743 -1.507131 -0.153642 -0.234205 -0.959970 0.266667 0.333333 1 2 1.000000
  2 29.090187 -2.440075 -1.104064 -0.219407 -0.202655 -0.954354 0.101961 0.337255 1 2 1.000000
v_AK47-256
  2 31.051426 -1.546286 -1.589948 -0.096593 -0.012792 -0.995242 0.211765 0.247059 1 2 1.000000
  2 34.794090 -2.658176 -1.908497 -0.153642 -0.234205 -0.959970 0.466667 0.333333 1 2 1.000000
  2 32.065769 -2.494743 -1.507131 -0.153642 -0.234205 -0.959970 0.266667 0.333333 1 2 1.000000
v_AK47-256
  2 31.051426 -1.546286 -1.589948 -0.096593 -0.012792 -0.995242 0.211765 0.247059 1 2 1.000000
  2 35.456970 -2.834382 -1.972338 -0.153642 -0.234205 -0.959970 0.513725 0.341176 1 2 1.000000
  2 34.794090 -2.658176 -1.908497 -0.153642 -0.234205 -0.959970 0.466667 0.333333 1 2 1.000000
v_AK47-256
  2 34.876812 -2.797045 -1.887628 -0.153642 -0.234205 -0.959970 0.474510 0.341176 1 2 1.000000
  2 34.794090 -2.658176 -1.908497 -0.153642 -0.234205 -0.959970 0.466667 0.333333 1 2 1.000000
  2 35.456970 -2.834382 -1.972338 -0.153642 -0.234205 -0.959970 0.513725 0.341176 1 2 1.000000
v_AK47-256
  2 31.926632 -2.607195 -1.456861 -0.134517 -0.278996 -0.950824 0.262745 0.341176 1 2 1.000000
  2 29.090187 -2.440075 -1.104064 -0.219407 -0.202655 -0.954354 0.101961 0.337255 1 2 1.000000
  2 32.065769 -2.494743 -1.507131 -0.153642 -0.234205 -0.959970 0.266667 0.333333 1 2 1.000000
v_AK47-256
  2 35.947342 -3.505355 -1.612497 -0.142967 -0.184645 -0.972351 0.725490 0.556863 1 2 1.000000
  2 36.298409 -3.643376 -1.661346 -0.146372 -0.012482 -0.989151 0.741176 0.603922 1 2 1.000000
  2 35.938503 -3.623297 -1.621067 -0.146372 -0.012482 -0.989151 0.725490 0.603922 1 2 1.000000
v_AK47-256
  2 35.947342 -3.505355 -1.612497 -0.142967 -0.184645 -0.972351 0.725490 0.556863 1 2 1.000000
  2 36.656387 -3.666416 -1.713613 -0.149546 -0.088265 -0.984807 0.752941 0.603922 1 2 1.000000
  2 36.298409 -3.643376 -1.661346 -0.146372 -0.012482 -0.989151 0.741176 0.603922 1 2 1.000000
v_AK47-256
  2 35.947342 -3.505355 -1.612497 -0.142967 -0.184645 -0.972351 0.725490 0.556863 1 2 1.000000
  2 36.952637 -3.685478 -1.756870 -0.149546 -0.088265 -0.984807 0.768627 0.603922 1 2 1.000000
  2 36.656387 -3.666416 -1.713613 -0.149546 -0.088265 -0.984807 0.752941 0.603922 1 2 1.000000
v_AK47-256
  2 35.947342 -3.505355 -1.612497 -0.142967 -0.184645 -0.972351 0.725490 0.556863 1 2 1.000000
  2 37.298599 -3.695602 -1.810382 -0.145441 -0.141904 -0.979137 0.784314 0.603922 1 2 1.000000
  2 36.952637 -3.685478 -1.756870 -0.149546 -0.088265 -0.984807 0.768627 0.603922 1 2 1.000000
v_AK47-256
  2 35.947342 -3.505355 -1.612497 -0.142967 -0.184645 -0.972351 0.725490 0.556863 1 2 1.000000
  2 37.580566 -3.716828 -1.863826 -0.149546 -0.088265 -0.984807 0.796078 0.600000 1 2 1.000000
  2 37.298599 -3.695602 -1.810382 -0.145441 -0.141904 -0.979137 0.784314 0.603922 1 2 1.000000
v_AK47-256
  2 35.947342 -3.505355 -1.612497 -0.142967 -0.184645 -0.972351 0.725490 0.556863 1 2 1.000000
  2 37.901512 -3.737485 -1.910686 -0.282037 -0.036731 -0.958700 0.807843 0.603922 1 2 1.000000
  2 37.580566 -3.716828 -1.863826 -0.149546 -0.088265 -0.984807 0.796078 0.600000 1 2 1.000000
v_AK47-256
  2 35.947342 -3.505355 -1.612497 -0.142967 -0.184645 -0.972351 0.725490 0.556863 1 2 1.000000
  2 37.967850 -3.641546 -1.932062 -0.344403 -0.567149 -0.748150 0.811765 0.556863 1 2 1.000000
  2 37.901512 -3.737485 -1.910686 -0.282037 -0.036731 -0.958700 0.807843 0.603922 1 2 1.000000
v_AK47-256
  2 37.901512 -3.737485 -1.910686 -0.282037 -0.036731 -0.958700 0.807843 0.603922 1 2 1.000000
  2 37.967850 -3.641546 -1.932062 -0.344403 -0.567149 -0.748150 0.811765 0.556863 1 2 1.000000
  2 38.035423 -3.679424 -1.972756 -0.617381 -0.413746 -0.669070 0.815686 0.556863 1 2 1.000000
v_AK47-256
  2 38.035423 -3.679424 -1.972756 -0.617381 -0.413746 -0.669070 0.815686 0.556863 1 2 1.000000
  2 37.967850 -3.641546 -1.932062 -0.344403 -0.567149 -0.748150 0.811765 0.556863 1 2 1.000000
  2 37.910782 -3.580444 -2.003063 -0.359473 -0.798170 -0.483429 0.811765 0.509804 1 2 1.000000
v_AK47-256
  2 37.967850 -3.641546 -1.932062 -0.344403 -0.567149 -0.748150 0.811765 0.556863 1 2 1.000000
  2 35.951660 -3.460343 -1.689465 -0.135316 -0.791333 -0.596223 0.725490 0.509804 1 2 1.000000
  2 37.910782 -3.580444 -2.003063 -0.359473 -0.798170 -0.483429 0.811765 0.509804 1 2 1.000000
v_AK47-256
  2 35.947342 -3.505355 -1.612497 -0.142967 -0.184645 -0.972351 0.725490 0.556863 1 2 1.000000
  2 35.951660 -3.460343 -1.689465 -0.135316 -0.791333 -0.596223 0.725490 0.509804 1 2 1.000000
  2 37.967850 -3.641546 -1.932062 -0.344403 -0.567149 -0.748150 0.811765 0.556863 1 2 1.000000
v_AK47-256
  2 22.033291 -1.445975 -0.285077 -0.153642 -0.234205 -0.959970 0.623529 0.650980 1 2 1.000000
  2 22.097744 -1.619901 -0.200471 -0.075907 -0.464948 -0.882078 0.627451 0.670588 1 2 1.000000
  2 21.961626 -1.623281 -0.177600 -0.247030 -0.449373 -0.858510 0.611765 0.670588 1 2 1.000000
v_AK47-256
  2 22.033291 -1.445975 -0.285077 -0.153642 -0.234205 -0.959970 0.623529 0.650980 1 2 1.000000
  2 22.260561 -1.545396 -0.245212 0.026523 -0.351845 -0.935682 0.643137 0.666667 1 2 1.000000
  2 22.097744 -1.619901 -0.200471 -0.075907 -0.464948 -0.882078 0.627451 0.670588 1 2 1.000000
v_AK47-256
  2 22.033291 -1.445975 -0.285077 -0.153642 -0.234205 -0.959970 0.623529 0.650980 1 2 1.000000
  2 22.279541 -1.373564 -0.277644 0.069450 -0.131754 -0.988847 0.647059 0.647059 1 2 1.000000
  2 22.260561 -1.545396 -0.245212 0.026523 -0.351845 -0.935682 0.643137 0.666667 1 2 1.000000
v_AK47-256
  2 22.033291 -1.445975 -0.285077 -0.153642 -0.234205 -0.959970 0.623529 0.650980 1 2 1.000000
  2 22.148119 -1.207281 -0.297392 -0.049308 -0.031983 -0.998271 0.639216 0.623529 1 2 1.000000
  2 22.279541 -1.373564 -0.277644 0.069450 -0.131754 -0.988847 0.647059 0.647059 1 2 1.000000
v_AK47-256
  2 22.033291 -1.445975 -0.285077 -0.153642 -0.234205 -0.959970 0.623529 0.650980 1 2 1.000000
  2 21.985039 -1.224149 -0.279863 -0.192151 0.000818 -0.981365 0.623529 0.627451 1 2 1.000000
  2 22.148119 -1.207281 -0.297392 -0.049308 -0.031983 -0.998271 0.639216 0.623529 1 2 1.000000
v_AK47-256
  2 22.033291 -1.445975 -0.285077 -0.153642 -0.234205 -0.959970 0.623529 0.650980 1 2 1.000000
  2 21.822556 -1.286536 -0.238166 -0.310354 -0.113109 -0.943868 0.607843 0.627451 1 2 1.000000
  2 21.985039 -1.224149 -0.279863 -0.192151 0.000818 -0.981365 0.623529 0.627451 1 2 1.000000
v_AK47-256
  2 22.033291 -1.445975 -0.285077 -0.153642 -0.234205 -0.959970 0.623529 0.650980 1 2 1.000000
  2 21.829533 -1.481236 -0.191260 -0.345842 -0.302336 -0.888249 0.603922 0.650980 1 2 1.000000
  2 21.822556 -1.286536 -0.238166 -0.310354 -0.113109 -0.943868 0.607843 0.627451 1 2 1.000000
v_AK47-256
  2 22.033291 -1.445975 -0.285077 -0.153642 -0.234205 -0.959970 0.623529 0.650980 1 2 1.000000
  2 21.961626 -1.623281 -0.177600 -0.247030 -0.449373 -0.858510 0.611765 0.670588 1 2 1.000000
  2 21.829533 -1.481236 -0.191260 -0.345842 -0.302336 -0.888249 0.603922 0.650980 1 2 1.000000
v_AK47-256
  2 19.765123 -2.268596 1.014908 -0.614093 -0.726668 0.307967 0.666667 0.145098 1 2 1.000000
  2 20.162201 -2.686300 0.884251 -0.335053 -0.940810 0.051150 0.682353 0.164706 1 2 1.000000
  2 20.245869 -2.703256 1.031282 -0.453876 -0.861599 0.227252 0.666667 0.168627 1 2 1.000000
v_AK47-256
  2 19.765123 -2.268596 1.014908 -0.614093 -0.726668 0.307967 0.666667 0.145098 1 2 1.000000
  2 20.095665 -2.654845 0.848163 -0.394685 -0.883394 -0.252662 0.686275 0.160784 1 2 1.000000
  2 20.162201 -2.686300 0.884251 -0.335053 -0.940810 0.051150 0.682353 0.164706 1 2 1.000000
v_AK47-256
  2 19.765123 -2.268596 1.014908 -0.614093 -0.726668 0.307967 0.666667 0.145098 1 2 1.000000
  2 20.019396 -2.595399 0.819778 -0.438186 -0.799981 -0.409906 0.686275 0.160784 1 2 1.000000
  2 20.095665 -2.654845 0.848163 -0.394685 -0.883394 -0.252662 0.686275 0.160784 1 2 1.000000
v_AK47-256
  2 19.765123 -2.268596 1.014908 -0.614093 -0.726668 0.307967 0.666667 0.145098 1 2 1.000000
  2 19.716938 -2.330422 0.712141 -0.408575 -0.895415 -0.176914 0.694118 0.141176 1 2 1.000000
  2 20.019396 -2.595399 0.819778 -0.438186 -0.799981 -0.409906 0.686275 0.160784 1 2 1.000000
v_AK47-256
  2 19.019716 -1.873536 0.503767 -0.859289 -0.447419 0.247869 0.713725 0.109804 1 2 1.000000
  2 19.510807 -2.226388 0.641646 -0.437830 -0.865819 -0.242203 0.701961 0.133333 1 2 1.000000
  2 19.167225 -1.648742 1.414925 -0.876057 -0.413500 0.248074 0.623529 0.113725 1 2 1.000000
v_AK47-256
  2 19.167225 -1.648742 1.414925 -0.876057 -0.413500 0.248074 0.623529 0.113725 1 2 1.000000
  2 19.510807 -2.226388 0.641646 -0.437830 -0.865819 -0.242203 0.701961 0.133333 1 2 1.000000
  2 19.626926 -2.061039 1.364026 -0.566018 -0.779741 0.267633 0.631373 0.137255 1 2 1.000000
v_AK47-256
  2 19.510807 -2.226388 0.641646 -0.437830 -0.865819 -0.242203 0.701961 0.133333 1 2 1.000000
  2 19.716938 -2.330422 0.712141 -0.408575 -0.895415 -0.176914 0.694118 0.141176 1 2 1.000000
  2 19.626926 -2.061039 1.364026 -0.566018 -0.779741 0.267633 0.631373 0.137255 1 2 1.000000
v_AK47-256
  2 19.765123 -2.268596 1.014908 -0.614093 -0.726668 0.307967 0.666667 0.145098 1 2 1.000000
  2 19.626926 -2.061039 1.364026 -0.566018 -0.779741 0.267633 0.631373 0.137255 1 2 1.000000
  2 19.716938 -2.330422 0.712141 -0.408575 -0.895415 -0.176914 0.694118 0.141176 1 2 1.000000
v_AK47-256
  2 19.765123 -2.268596 1.014908 -0.614093 -0.726668 0.307967 0.666667 0.145098 1 2 1.000000
  2 19.807823 -2.203526 1.278664 -0.515103 -0.835538 0.191167 0.639216 0.145098 1 2 1.000000
  2 19.626926 -2.061039 1.364026 -0.566018 -0.779741 0.267633 0.631373 0.137255 1 2 1.000000
v_AK47-256
  2 19.765123 -2.268596 1.014908 -0.614093 -0.726668 0.307967 0.666667 0.145098 1 2 1.000000
  2 20.245869 -2.703256 1.031282 -0.453876 -0.861599 0.227252 0.666667 0.168627 1 2 1.000000
  2 19.807823 -2.203526 1.278664 -0.515103 -0.835538 0.191167 0.639216 0.145098 1 2 1.000000
v_AK47-256
  2 19.807823 -2.203526 1.278664 -0.515103 -0.835538 0.191167 0.639216 0.145098 1 2 1.000000
  2 20.245869 -2.703256 1.031282 -0.453876 -0.861599 0.227252 0.666667 0.168627 1 2 1.000000
  2 20.066185 -2.496492 1.270018 -0.713514 -0.696969 0.071636 0.643137 0.160784 1 2 1.000000
v_AK47-256
  2 20.066185 -2.496492 1.270018 -0.713514 -0.696969 0.071636 0.643137 0.160784 1 2 1.000000
  2 20.245869 -2.703256 1.031282 -0.453876 -0.861599 0.227252 0.666667 0.168627 1 2 1.000000
  2 20.134689 -2.567768 1.250447 -0.654321 -0.743529 0.137947 0.647059 0.164706 1 2 1.000000
v_AK47-256
  2 20.245869 -2.703256 1.031282 -0.453876 -0.861599 0.227252 0.666667 0.168627 1 2 1.000000
  2 20.211992 -2.633638 1.202052 -0.200011 -0.871263 0.448214 0.650980 0.164706 1 2 1.000000
  2 20.134689 -2.567768 1.250447 -0.654321 -0.743529 0.137947 0.647059 0.164706 1 2 1.000000
v_AK47-256
  2 45.722527 -3.042749 -2.748719 -0.316239 -0.320762 0.892807 0.635294 0.090196 1 2 1.000000
  2 45.550133 -3.147847 -2.929473 -0.262905 -0.916805 0.300582 0.623529 0.094118 1 2 1.000000
  2 45.674503 -3.189191 -2.926374 -0.676696 -0.681171 0.279444 0.631373 0.094118 1 2 1.000000
v_AK47-256
  2 45.674503 -3.189191 -2.926374 -0.676696 -0.681171 0.279444 0.631373 0.094118 1 2 1.000000
  2 45.550133 -3.147847 -2.929473 -0.262905 -0.916805 0.300582 0.623529 0.094118 1 2 1.000000
  2 45.643520 -3.166760 -3.148452 -0.690213 -0.677647 -0.253773 0.631373 0.090196 1 2 1.000000
v_AK47-256
  2 45.550133 -3.147847 -2.929473 -0.262905 -0.916805 0.300582 0.623529 0.094118 1 2 1.000000
  2 45.522694 -3.131619 -3.124527 -0.361555 -0.769304 -0.526735 0.623529 0.086275 1 2 1.000000
  2 45.643520 -3.166760 -3.148452 -0.690213 -0.677647 -0.253773 0.631373 0.090196 1 2 1.000000
v_AK47-256
  2 45.643520 -3.166760 -3.148452 -0.690213 -0.677647 -0.253773 0.631373 0.090196 1 2 1.000000
  2 45.522694 -3.131619 -3.124527 -0.361555 -0.769304 -0.526735 0.623529 0.086275 1 2 1.000000
  2 45.634033 -2.972279 -3.299160 -0.709740 -0.233803 -0.664534 0.631373 0.074510 1 2 1.000000
v_AK47-256
  2 45.522694 -3.131619 -3.124527 -0.361555 -0.769304 -0.526735 0.623529 0.086275 1 2 1.000000
  2 45.514473 -2.958417 -3.257158 -0.368537 -0.155807 -0.916463 0.623529 0.074510 1 2 1.000000
  2 45.634033 -2.972279 -3.299160 -0.709740 -0.233803 -0.664534 0.631373 0.074510 1 2 1.000000
v_AK47-256
  2 45.634033 -2.972279 -3.299160 -0.709740 -0.233803 -0.664534 0.631373 0.074510 1 2 1.000000
  2 45.514473 -2.958417 -3.257158 -0.368537 -0.155807 -0.916463 0.623529 0.074510 1 2 1.000000
  2 45.651711 -2.736390 -3.282021 -0.687740 0.352520 -0.634620 0.631373 0.054902 1 2 1.000000
v_AK47-256
  2 45.514473 -2.958417 -3.257158 -0.368537 -0.155807 -0.916463 0.623529 0.074510 1 2 1.000000
  2 45.529549 -2.749726 -3.245919 -0.317162 0.559052 -0.766074 0.623529 0.058824 1 2 1.000000
  2 45.651711 -2.736390 -3.282021 -0.687740 0.352520 -0.634620 0.631373 0.054902 1 2 1.000000
v_AK47-256
  2 45.651711 -2.736390 -3.282021 -0.687740 0.352520 -0.634620 0.631373 0.054902 1 2 1.000000
  2 45.529549 -2.749726 -3.245919 -0.317162 0.559052 -0.766074 0.623529 0.058824 1 2 1.000000
  2 45.683846 -2.582952 -3.129585 -0.542545 0.789597 -0.286672 0.631373 0.047059 1 2 1.000000
v_AK47-256
  2 45.529549 -2.749726 -3.245919 -0.317162 0.559052 -0.766074 0.623529 0.058824 1 2 1.000000
  2 45.559402 -2.611363 -3.102430 -0.243802 0.945933 -0.213940 0.623529 0.050980 1 2 1.000000
  2 45.683846 -2.582952 -3.129585 -0.542545 0.789597 -0.286672 0.631373 0.047059 1 2 1.000000
v_AK47-256
  2 45.683846 -2.582952 -3.129585 -0.542545 0.789597 -0.286672 0.631373 0.047059 1 2 1.000000
  2 45.559402 -2.611363 -3.102430 -0.243802 0.945933 -0.213940 0.623529 0.050980 1 2 1.000000
  2 45.733665 -2.573064 -2.879434 -0.386151 0.862507 0.327063 0.635294 0.050980 1 2 1.000000
v_AK47-256
  2 45.559402 -2.611363 -3.102430 -0.243802 0.945933 -0.213940 0.623529 0.050980 1 2 1.000000
  2 45.564423 -2.610927 -2.894825 -0.130046 0.626066 0.768850 0.623529 0.054902 1 2 1.000000
  2 45.733665 -2.573064 -2.879434 -0.386151 0.862507 0.327063 0.635294 0.050980 1 2 1.000000
v_AK47-256
  2 45.733665 -2.573064 -2.879434 -0.386151 0.862507 0.327063 0.635294 0.050980 1 2 1.000000
  2 45.564423 -2.610927 -2.894825 -0.130046 0.626066 0.768850 0.623529 0.054902 1 2 1.000000
  2 45.722527 -3.042749 -2.748719 -0.316239 -0.320762 0.892807 0.635294 0.090196 1 2 1.000000
v_AK47-256
  2 45.564423 -2.610927 -2.894825 -0.130046 0.626066 0.768850 0.623529 0.054902 1 2 1.000000
  2 45.558853 -3.014100 -2.755355 -0.041237 -0.460548 0.886676 0.623529 0.086275 1 2 1.000000
  2 45.722527 -3.042749 -2.748719 -0.316239 -0.320762 0.892807 0.635294 0.090196 1 2 1.000000
v_AK47-256
  2 45.722527 -3.042749 -2.748719 -0.316239 -0.320762 0.892807 0.635294 0.090196 1 2 1.000000
  2 45.558853 -3.014100 -2.755355 -0.041237 -0.460548 0.886676 0.623529 0.086275 1 2 1.000000
  2 45.550133 -3.147847 -2.929473 -0.262905 -0.916805 0.300582 0.623529 0.094118 1 2 1.000000
v_AK47-256
  2 29.409985 -0.636143 -0.662523 -0.360335 0.911565 0.198011 0.113725 0.211765 1 2 1.000000
  2 29.741100 -0.671721 -0.459725 -0.182539 0.613302 0.768466 0.133333 0.215686 1 2 1.000000
  2 29.744751 -0.469602 -0.783873 -0.401618 0.912431 0.078565 0.133333 0.196078 1 2 1.000000
v_AK47-256
  2 29.289730 -0.603740 -0.546787 -0.191860 0.866452 0.460924 0.101961 0.219608 1 2 1.000000
  2 29.268749 -2.167957 -0.001084 -0.132922 0.330348 0.934453 0.101961 0.337255 1 2 1.000000
  2 29.741100 -0.671721 -0.459725 -0.182539 0.613302 0.768466 0.133333 0.215686 1 2 1.000000
v_AK47-256
  77 29.374117 3.157310 -1.670808 0.864805 -0.501171 -0.030668 0.992157 0.078431 1 77 1.000000
  77 29.151598 2.780047 -1.554742 0.864805 -0.501171 -0.030668 0.992157 0.109804 1 77 1.000000
  77 29.306522 3.065903 -2.093464 0.864805 -0.501171 -0.030668 0.949020 0.078431 1 77 1.000000
v_AK47-256
  77 29.306522 3.065903 -2.093464 0.864805 -0.501171 -0.030668 0.949020 0.078431 1 77 1.000000
  77 29.151598 2.780047 -1.554742 0.864805 -0.501171 -0.030668 0.992157 0.109804 1 77 1.000000
  77 29.085608 2.679482 -1.962365 0.864805 -0.501171 -0.030668 0.949020 0.109804 1 77 1.000000
v_AK47-256
  77 25.925833 0.436022 -1.027667 -0.978833 0.166195 0.119440 0.992157 0.349020 1 77 1.000000
  77 25.804031 -0.548205 -0.647831 -0.978833 0.166195 0.119440 0.984314 0.411765 1 77 1.000000
  77 26.016722 0.562921 -0.461144 -0.978833 0.166195 0.119440 0.945098 0.349020 1 77 1.000000
v_AK47-256
  77 26.016722 0.562921 -0.461144 -0.978833 0.166195 0.119440 0.945098 0.349020 1 77 1.000000
  77 25.804031 -0.548205 -0.647831 -0.978833 0.166195 0.119440 0.984314 0.411765 1 77 1.000000
  77 25.866503 -0.484215 -0.334877 -0.978833 0.166195 0.119440 0.956863 0.411765 1 77 1.000000
v_AK47-256
  77 25.681345 -0.472300 -0.307842 -0.978833 0.166195 0.119440 0.952941 0.784314 1 77 1.000000
  77 25.631218 -0.537085 -0.622599 -0.978833 0.166195 0.119440 0.952941 0.811765 1 77 1.000000
  77 25.615520 -0.657479 -0.590355 -0.978833 0.166195 0.119440 0.937255 0.811765 1 77 1.000000
v_AK47-256
  2 39.210789 -2.027632 -2.453257 -0.550172 0.740266 -0.386414 0.976471 0.921569 1 2 1.000000
  2 39.109459 -2.117286 -2.154079 -0.860649 0.507907 0.036255 0.972549 0.929412 1 2 1.000000
  2 39.212166 -2.047971 -2.174773 -0.531188 0.846042 0.045297 0.976471 0.921569 1 2 1.000000
v_AK47-256
  2 39.108089 -2.096952 -2.432562 -0.915791 -0.131247 -0.379607 0.972549 0.929412 1 2 1.000000
  2 39.109459 -2.117286 -2.154079 -0.860649 0.507907 0.036255 0.972549 0.929412 1 2 1.000000
  2 39.210789 -2.027632 -2.453257 -0.550172 0.740266 -0.386414 0.976471 0.921569 1 2 1.000000
v_AK47-256
  2 39.108089 -2.096952 -2.432562 -0.915791 -0.131247 -0.379607 0.972549 0.929412 1 2 1.000000
  2 39.187366 -2.228672 -2.178309 -0.802764 -0.596025 -0.017993 0.976471 0.925490 1 2 1.000000
  2 39.109459 -2.117286 -2.154079 -0.860649 0.507907 0.036255 0.972549 0.929412 1 2 1.000000
v_AK47-256
  2 39.108089 -2.096952 -2.432562 -0.915791 -0.131247 -0.379607 0.972549 0.929412 1 2 1.000000
  2 39.187927 -2.205379 -2.444803 -0.650752 -0.386740 -0.653417 0.976471 0.925490 1 2 1.000000
  2 39.187366 -2.228672 -2.178309 -0.802764 -0.596025 -0.017993 0.976471 0.925490 1 2 1.000000
v_AK47-256
  2 39.108089 -2.096952 -2.432562 -0.915791 -0.131247 -0.379607 0.972549 0.929412 1 2 1.000000
  2 39.210789 -2.027632 -2.453257 -0.550172 0.740266 -0.386414 0.976471 0.921569 1 2 1.000000
  2 39.187927 -2.205379 -2.444803 -0.650752 -0.386740 -0.653417 0.976471 0.925490 1 2 1.000000
v_AK47-256
  2 28.113033 -2.148692 0.050934 -0.986732 0.083697 0.139119 0.541176 0.819608 1 2 1.000000
  2 28.068132 -3.099314 0.162405 -0.663461 -0.486511 0.568442 0.549020 0.854902 1 2 1.000000
  2 28.087280 -3.012099 0.255084 -0.663461 -0.486511 0.568442 0.541176 0.854902 1 2 1.000000
v_AK47-256
  2 28.113033 -2.148692 0.050934 -0.986732 0.083697 0.139119 0.541176 0.819608 1 2 1.000000
  2 27.976913 -3.238332 -0.401075 -0.767218 -0.636302 -0.080601 0.576471 0.854902 1 2 1.000000
  2 28.068132 -3.099314 0.162405 -0.663461 -0.486511 0.568442 0.549020 0.854902 1 2 1.000000
v_AK47-256
  2 28.113033 -2.148692 0.050934 -0.986732 0.083697 0.139119 0.541176 0.819608 1 2 1.000000
  2 27.963066 -3.201400 -0.512208 -0.926801 -0.375458 0.008394 0.580392 0.850980 1 2 1.000000
  2 27.976913 -3.238332 -0.401075 -0.767218 -0.636302 -0.080601 0.576471 0.854902 1 2 1.000000
v_AK47-256
  2 28.113033 -2.148692 0.050934 -0.986732 0.083697 0.139119 0.541176 0.819608 1 2 1.000000
  2 27.986877 -2.340950 -0.728347 -0.986732 0.083697 0.139119 0.580392 0.819608 1 2 1.000000
  2 27.963066 -3.201400 -0.512208 -0.926801 -0.375458 0.008394 0.580392 0.850980 1 2 1.000000
v_AK47-256
  2 30.209236 -3.255786 -0.275943 -0.219407 -0.202655 -0.954354 0.156863 0.109804 1 2 1.000000
  2 29.700912 -3.505199 -0.093018 -0.219407 -0.202655 -0.954354 0.141176 0.109804 1 2 1.000000
  2 29.629868 -3.391364 -0.109602 -0.219407 -0.202655 -0.954354 0.125490 0.105882 1 2 1.000000
v_AK47-256
  2 30.209236 -3.255786 -0.275943 -0.219407 -0.202655 -0.954354 0.156863 0.109804 1 2 1.000000
  2 29.943905 -3.527004 -0.153043 -0.219407 -0.202655 -0.954354 0.149020 0.109804 1 2 1.000000
  2 29.700912 -3.505199 -0.093018 -0.219407 -0.202655 -0.954354 0.141176 0.109804 1 2 1.000000
v_AK47-256
  2 30.209236 -3.255786 -0.275943 -0.219407 -0.202655 -0.954354 0.156863 0.109804 1 2 1.000000
  2 30.055000 -3.534153 -0.169265 -0.219407 -0.202655 -0.954354 0.152941 0.109804 1 2 1.000000
  2 29.943905 -3.527004 -0.153043 -0.219407 -0.202655 -0.954354 0.149020 0.109804 1 2 1.000000
v_AK47-256
  2 30.209236 -3.255786 -0.275943 -0.219407 -0.202655 -0.954354 0.156863 0.109804 1 2 1.000000
  2 30.201185 -3.546643 -0.202882 -0.219407 -0.202655 -0.954354 0.156863 0.109804 1 2 1.000000
  2 30.055000 -3.534153 -0.169265 -0.219407 -0.202655 -0.954354 0.152941 0.109804 1 2 1.000000
v_AK47-256
  2 19.023991 -1.415590 1.198131 -0.222583 -0.712953 -0.664947 0.611765 0.470588 1 2 1.000000
  2 17.728773 -1.098674 1.290529 0.174225 -0.801980 -0.571379 0.560784 0.466667 1 2 1.000000
  2 19.019512 -1.375987 1.149989 -0.222583 -0.712953 -0.664947 0.611765 0.466667 1 2 1.000000
v_AK47-256
  2 19.023991 -1.415590 1.198131 -0.222583 -0.712953 -0.664947 0.611765 0.470588 1 2 1.000000
  2 17.708567 -1.136689 1.342278 0.624626 -0.728393 -0.281577 0.560784 0.470588 1 2 1.000000
  2 17.728773 -1.098674 1.290529 0.174225 -0.801980 -0.571379 0.560784 0.466667 1 2 1.000000
v_AK47-256
  2 17.728773 -1.098674 1.290529 0.174225 -0.801980 -0.571379 0.560784 0.466667 1 2 1.000000
  2 17.708567 -1.136689 1.342278 0.624626 -0.728393 -0.281577 0.560784 0.470588 1 2 1.000000
  2 17.669640 -1.196791 0.842093 0.859649 -0.510790 -0.009813 0.560784 0.447059 1 2 1.000000
v_AK47-256
  2 17.708567 -1.136689 1.342278 0.624626 -0.728393 -0.281577 0.560784 0.470588 1 2 1.000000
  2 17.639729 -1.249593 0.833896 0.859649 -0.510790 -0.009813 0.560784 0.443137 1 2 1.000000
  2 17.669640 -1.196791 0.842093 0.859649 -0.510790 -0.009813 0.560784 0.447059 1 2 1.000000
v_AK47-256
  2 30.158018 -3.400651 -0.909621 -0.203315 -0.251222 -0.946335 0.168627 0.411765 1 2 1.000000
  2 30.434216 -3.697660 -0.881058 -0.203315 -0.251222 -0.946335 0.188235 0.435294 1 2 1.000000
  2 30.097836 -3.475597 -0.855322 -0.318835 -0.285562 -0.903769 0.160784 0.415686 1 2 1.000000
v_AK47-256
  2 30.224361 -3.304714 -0.930997 -0.142967 -0.184645 -0.972351 0.172549 0.403922 1 2 1.000000
  2 30.434216 -3.697660 -0.881058 -0.203315 -0.251222 -0.946335 0.188235 0.435294 1 2 1.000000
  2 30.158018 -3.400651 -0.909621 -0.203315 -0.251222 -0.946335 0.168627 0.411765 1 2 1.000000
v_AK47-256
  2 30.224361 -3.304714 -0.930997 -0.142967 -0.184645 -0.972351 0.172549 0.403922 1 2 1.000000
  2 30.585358 -3.598119 -0.930085 -0.153642 -0.234205 -0.959970 0.203922 0.423529 1 2 1.000000
  2 30.434216 -3.697660 -0.881058 -0.203315 -0.251222 -0.946335 0.188235 0.435294 1 2 1.000000
v_AK47-256
  2 30.224361 -3.304714 -0.930997 -0.142967 -0.184645 -0.972351 0.172549 0.403922 1 2 1.000000
  2 30.602734 -3.417129 -0.977550 -0.145441 -0.141904 -0.979137 0.203922 0.407843 1 2 1.000000
  2 30.585358 -3.598119 -0.930085 -0.153642 -0.234205 -0.959970 0.203922 0.423529 1 2 1.000000
v_AK47-256
  2 30.224361 -3.304714 -0.930997 -0.142967 -0.184645 -0.972351 0.172549 0.403922 1 2 1.000000
  2 30.255615 -3.203435 -0.934978 -0.149546 -0.088265 -0.984807 0.176471 0.396078 1 2 1.000000
  2 30.602734 -3.417129 -0.977550 -0.145441 -0.141904 -0.979137 0.203922 0.407843 1 2 1.000000
v_AK47-256
  2 29.850807 -3.219780 -0.839345 -0.273852 -0.285693 -0.918360 0.141176 0.396078 1 2 1.000000
  2 30.097836 -3.475597 -0.855322 -0.318835 -0.285562 -0.903769 0.160784 0.415686 1 2 1.000000
  2 29.827991 -3.284991 -0.793498 -0.425591 -0.350887 -0.834117 0.141176 0.403922 1 2 1.000000
v_AK47-256
  2 29.850807 -3.219780 -0.839345 -0.273852 -0.285693 -0.918360 0.141176 0.396078 1 2 1.000000
  2 30.255615 -3.203435 -0.934978 -0.149546 -0.088265 -0.984807 0.176471 0.396078 1 2 1.000000
  2 30.097836 -3.475597 -0.855322 -0.318835 -0.285562 -0.903769 0.160784 0.415686 1 2 1.000000
v_AK47-256
  2 29.850807 -3.219780 -0.839345 -0.273852 -0.285693 -0.918360 0.141176 0.396078 1 2 1.000000
  2 29.658073 -2.967649 -0.883380 -0.219407 -0.202655 -0.954354 0.129412 0.380392 1 2 1.000000
  2 30.255615 -3.203435 -0.934978 -0.149546 -0.088265 -0.984807 0.176471 0.396078 1 2 1.000000
v_AK47-256
  2 29.850807 -3.219780 -0.839345 -0.273852 -0.285693 -0.918360 0.141176 0.396078 1 2 1.000000
  2 29.611649 -2.925159 -0.873315 -0.153642 -0.234205 -0.959970 0.125490 0.376471 1 2 1.000000
  2 29.658073 -2.967649 -0.883380 -0.219407 -0.202655 -0.954354 0.129412 0.380392 1 2 1.000000
v_AK47-256
  2 29.700665 -2.903523 -0.880031 -0.096593 -0.012792 -0.995242 0.133333 0.376471 1 2 1.000000
  2 30.255615 -3.203435 -0.934978 -0.149546 -0.088265 -0.984807 0.176471 0.396078 1 2 1.000000
  2 29.658073 -2.967649 -0.883380 -0.219407 -0.202655 -0.954354 0.129412 0.380392 1 2 1.000000
v_AK47-256
  2 29.850807 -3.219780 -0.839345 -0.273852 -0.285693 -0.918360 0.141176 0.396078 1 2 1.000000
  2 29.545303 -3.021094 -0.851938 -0.078163 -0.170614 -0.982233 0.121569 0.384314 1 2 1.000000
  2 29.611649 -2.925159 -0.873315 -0.153642 -0.234205 -0.959970 0.125490 0.376471 1 2 1.000000
v_AK47-256
  77 25.665649 -0.592696 -0.275597 -0.973126 0.201136 0.112117 0.937255 0.784314 1 77 1.000000
  77 25.681345 -0.472300 -0.307842 -0.973126 0.201136 0.112117 0.952941 0.784314 1 77 1.000000
  77 25.615520 -0.657479 -0.590355 -0.973126 0.201136 0.112117 0.937255 0.811765 1 77 1.000000
v_AK47-256
  2 30.209236 -3.255786 -0.275943 -0.986732 0.083697 0.139119 0.964706 0.898039 1 2 1.000000
  2 30.195362 -3.555514 -0.238850 -0.986732 0.083697 0.139119 0.960784 0.870588 1 2 1.000000
  2 30.201185 -3.546643 -0.202882 -0.986732 0.083697 0.139119 0.964706 0.898039 1 2 1.000000
v_AK47-256
  2 30.209236 -3.255786 -0.275943 -0.986732 0.083697 0.139119 0.964706 0.898039 1 2 1.000000
  2 30.178638 -3.488142 -0.383091 -0.986732 0.083697 0.139119 0.945098 0.784314 1 2 1.000000
  2 30.195362 -3.555514 -0.238850 -0.986732 0.083697 0.139119 0.960784 0.870588 1 2 1.000000
v_AK47-256
  2 30.209236 -3.255786 -0.275943 -0.986732 0.083697 0.139119 0.964706 0.898039 1 2 1.000000
  2 30.158150 -3.623831 -0.463594 -0.986732 0.083697 0.139119 0.925490 0.690196 1 2 1.000000
  2 30.178638 -3.488142 -0.383091 -0.986732 0.083697 0.139119 0.945098 0.784314 1 2 1.000000
v_AK47-256
  2 30.209236 -3.255786 -0.275943 -0.986732 0.083697 0.139119 0.964706 0.898039 1 2 1.000000
  2 30.152328 -3.632708 -0.499561 -0.986732 0.083697 0.139119 0.921569 0.662745 1 2 1.000000
  2 30.158150 -3.623831 -0.463594 -0.986732 0.083697 0.139119 0.925490 0.690196 1 2 1.000000
v_AK47-256
  2 30.209236 -3.255786 -0.275943 -0.986732 0.083697 0.139119 0.964706 0.898039 1 2 1.000000
  2 30.160378 -3.341851 -0.572623 -0.986732 0.083697 0.139119 0.921569 0.662745 1 2 1.000000
  2 30.152328 -3.632708 -0.499561 -0.986732 0.083697 0.139119 0.921569 0.662745 1 2 1.000000
v_AK47-256
  2 30.474251 -3.392879 -0.741174 -0.153642 -0.234205 -0.959970 0.168627 0.411765 1 2 1.000000
  2 29.553837 -3.518836 -0.574127 -0.153642 -0.234205 -0.959970 0.105882 0.423529 1 2 1.000000
  2 28.682455 -3.280653 -0.491821 -0.153642 -0.234205 -0.959970 0.047059 0.411765 1 2 1.000000
v_AK47-256
  2 30.474251 -3.392879 -0.741174 -0.153642 -0.234205 -0.959970 0.168627 0.411765 1 2 1.000000
  2 29.637562 -3.621350 -0.562389 -0.153642 -0.234205 -0.959970 0.113725 0.431373 1 2 1.000000
  2 29.553837 -3.518836 -0.574127 -0.153642 -0.234205 -0.959970 0.105882 0.423529 1 2 1.000000
v_AK47-256
  2 30.474251 -3.392879 -0.741174 -0.153642 -0.234205 -0.959970 0.168627 0.411765 1 2 1.000000
  2 29.872089 -3.636442 -0.596634 -0.153642 -0.234205 -0.959970 0.129412 0.431373 1 2 1.000000
  2 29.637562 -3.621350 -0.562389 -0.153642 -0.234205 -0.959970 0.113725 0.431373 1 2 1.000000
v_AK47-256
  2 30.474251 -3.392879 -0.741174 -0.153642 -0.234205 -0.959970 0.168627 0.411765 1 2 1.000000
  2 29.982853 -3.655711 -0.609811 -0.153642 -0.234205 -0.959970 0.137255 0.431373 1 2 1.000000
  2 29.872089 -3.636442 -0.596634 -0.153642 -0.234205 -0.959970 0.129412 0.431373 1 2 1.000000
v_AK47-256
  2 30.474251 -3.392879 -0.741174 -0.153642 -0.234205 -0.959970 0.168627 0.411765 1 2 1.000000
  2 30.466202 -3.683733 -0.668113 -0.153642 -0.234205 -0.959970 0.168627 0.431373 1 2 1.000000
  2 29.982853 -3.655711 -0.609811 -0.153642 -0.234205 -0.959970 0.137255 0.431373 1 2 1.000000
v_AK47-256
  2 19.843695 0.620260 -0.153648 -0.983421 0.136326 0.119573 0.407843 0.435294 1 2 1.000000
  2 19.104900 3.964032 -0.011860 -0.956920 -0.205077 0.205541 0.223529 0.478431 1 2 1.000000
  2 18.980684 3.774730 -0.779151 -0.956920 -0.205077 0.205541 0.223529 0.435294 1 2 1.000000
v_AK47-256
  2 19.843695 0.620260 -0.153648 -0.983421 0.136326 0.119573 0.407843 0.435294 1 2 1.000000
  2 19.991592 0.771616 0.619170 -0.974629 0.172892 0.142151 0.407843 0.478431 1 2 1.000000
  2 19.104900 3.964032 -0.011860 -0.956920 -0.205077 0.205541 0.223529 0.478431 1 2 1.000000
v_AK47-256
  2 19.843695 0.620260 -0.153648 -0.983421 0.136326 0.119573 0.407843 0.435294 1 2 1.000000
  2 19.514677 0.004109 0.898765 -0.860649 0.507907 0.036255 0.443137 0.478431 1 2 1.000000
  2 19.991592 0.771616 0.619170 -0.974629 0.172892 0.142151 0.407843 0.478431 1 2 1.000000
v_AK47-256
  2 19.843695 0.620260 -0.153648 -0.983421 0.136326 0.119573 0.407843 0.435294 1 2 1.000000
  2 19.388517 -0.188149 0.119485 -0.860649 0.507907 0.036255 0.443137 0.435294 1 2 1.000000
  2 19.514677 0.004109 0.898765 -0.860649 0.507907 0.036255 0.443137 0.478431 1 2 1.000000
v_AK47-256
  2 44.823532 -3.238479 -3.011041 -0.921027 -0.377627 -0.095430 0.972549 0.929412 1 2 1.000000
  2 44.892776 -3.215760 -3.066956 -0.630043 0.274790 -0.726317 0.976471 0.921569 1 2 1.000000
  2 44.887451 -3.297132 -2.980855 -0.656253 -0.736006 -0.166213 0.976471 0.925490 1 2 1.000000
v_AK47-256
  2 44.823532 -3.238479 -3.011041 -0.921027 -0.377627 -0.095430 0.972549 0.929412 1 2 1.000000
  2 44.887451 -3.297132 -2.980855 -0.656253 -0.736006 -0.166213 0.976471 0.925490 1 2 1.000000
  2 44.902695 -3.173050 -2.844506 -0.728712 -0.480201 0.488248 0.976471 0.925490 1 2 1.000000
v_AK47-256
  2 44.823532 -3.238479 -3.011041 -0.921027 -0.377627 -0.095430 0.972549 0.929412 1 2 1.000000
  2 44.902695 -3.173050 -2.844506 -0.728712 -0.480201 0.488248 0.976471 0.925490 1 2 1.000000
  2 44.838768 -3.114399 -2.874693 -0.904381 0.366071 -0.219286 0.972549 0.929412 1 2 1.000000
v_AK47-256
  2 44.823532 -3.238479 -3.011041 -0.921027 -0.377627 -0.095430 0.972549 0.929412 1 2 1.000000
  2 44.838768 -3.114399 -2.874693 -0.904381 0.366071 -0.219286 0.972549 0.929412 1 2 1.000000
  2 44.892776 -3.215760 -3.066956 -0.630043 0.274790 -0.726317 0.976471 0.921569 1 2 1.000000
v_AK47-256
  2 44.892776 -3.215760 -3.066956 -0.630043 0.274790 -0.726317 0.976471 0.921569 1 2 1.000000
  2 44.838768 -3.114399 -2.874693 -0.904381 0.366071 -0.219286 0.972549 0.929412 1 2 1.000000
  2 44.909958 -3.088724 -2.918619 -0.604868 0.635195 -0.480273 0.976471 0.921569 1 2 1.000000
v_AK47-256
  2 44.119934 -3.193203 -2.908307 -0.921027 -0.377627 -0.095430 0.972549 0.929412 1 2 1.000000
  2 44.189178 -3.170482 -2.964220 -0.630043 0.274790 -0.726317 0.976471 0.921569 1 2 1.000000
  2 44.183853 -3.251852 -2.878121 -0.656253 -0.736006 -0.166213 0.976471 0.925490 1 2 1.000000
v_AK47-256
  2 44.119934 -3.193203 -2.908307 -0.921027 -0.377627 -0.095430 0.972549 0.929412 1 2 1.000000
  2 44.183853 -3.251852 -2.878121 -0.656253 -0.736006 -0.166213 0.976471 0.925490 1 2 1.000000
  2 44.199097 -3.127773 -2.741772 -0.728712 -0.480201 0.488248 0.976471 0.925490 1 2 1.000000
v_AK47-256
  2 44.119934 -3.193203 -2.908307 -0.921027 -0.377627 -0.095430 0.972549 0.929412 1 2 1.000000
  2 44.199097 -3.127773 -2.741772 -0.728712 -0.480201 0.488248 0.976471 0.925490 1 2 1.000000
  2 44.135170 -3.069120 -2.771959 -0.904381 0.366071 -0.219286 0.972549 0.929412 1 2 1.000000
v_AK47-256
  2 44.119934 -3.193203 -2.908307 -0.921027 -0.377627 -0.095430 0.972549 0.929412 1 2 1.000000
  2 44.135170 -3.069120 -2.771959 -0.904381 0.366071 -0.219286 0.972549 0.929412 1 2 1.000000
  2 44.189178 -3.170482 -2.964220 -0.630043 0.274790 -0.726317 0.976471 0.921569 1 2 1.000000
v_AK47-256
  2 44.189178 -3.170482 -2.964220 -0.630043 0.274790 -0.726317 0.976471 0.921569 1 2 1.000000
  2 44.135170 -3.069120 -2.771959 -0.904381 0.366071 -0.219286 0.972549 0.929412 1 2 1.000000
  2 44.206352 -3.043447 -2.815883 -0.604868 0.635195 -0.480273 0.976471 0.921569 1 2 1.000000
v_AK47-256
  2 38.898560 -2.615369 -1.645164 -0.987697 0.024722 0.154411 0.074510 0.396078 1 2 1.000000
  2 38.833122 -2.873990 -2.066015 -0.987697 0.024722 0.154411 0.094118 0.403922 1 2 1.000000
  2 38.868057 -2.820749 -1.850214 -0.987697 0.024722 0.154411 0.086275 0.403922 1 2 1.000000
v_AK47-256
  2 38.909363 -1.597016 -2.106679 -0.986732 0.083697 0.139119 0.082353 0.349020 1 2 1.000000
  2 38.833122 -2.873990 -2.066015 -0.987697 0.024722 0.154411 0.094118 0.403922 1 2 1.000000
  2 38.898560 -2.615369 -1.645164 -0.987697 0.024722 0.154411 0.074510 0.396078 1 2 1.000000
v_AK47-256
  2 38.909363 -1.597016 -2.106679 -0.986732 0.083697 0.139119 0.082353 0.349020 1 2 1.000000
  2 38.800606 -2.772641 -2.333379 -0.987697 0.024722 0.154411 0.105882 0.396078 1 2 1.000000
  2 38.833122 -2.873990 -2.066015 -0.987697 0.024722 0.154411 0.094118 0.403922 1 2 1.000000
v_AK47-256
  2 38.909363 -1.597016 -2.106679 -0.986732 0.083697 0.139119 0.082353 0.349020 1 2 1.000000
  2 38.794662 -2.584363 -2.457064 -0.986732 0.083697 0.139119 0.109804 0.388235 1 2 1.000000
  2 38.800606 -2.772641 -2.333379 -0.987697 0.024722 0.154411 0.105882 0.396078 1 2 1.000000
v_AK47-256
  2 38.909363 -1.597016 -2.106679 -0.986732 0.083697 0.139119 0.082353 0.349020 1 2 1.000000
  2 38.813354 -2.312119 -2.449059 -0.986732 0.083697 0.139119 0.105882 0.376471 1 2 1.000000
  2 38.794662 -2.584363 -2.457064 -0.986732 0.083697 0.139119 0.109804 0.388235 1 2 1.000000
v_AK47-256
  2 38.838398 -2.146273 -2.350670 -0.986732 0.083697 0.139119 0.098039 0.368627 1 2 1.000000
  2 38.909363 -1.597016 -2.106679 -0.986732 0.083697 0.139119 0.082353 0.349020 1 2 1.000000
  2 38.862778 -1.668003 -2.394413 -0.986732 0.083697 0.139119 0.094118 0.349020 1 2 1.000000
v_AK47-256
  77 28.281487 -1.263404 -0.963688 -0.134362 -0.139981 -0.980995 0.937255 0.325490 1 77 1.000000
  77 25.743235 -1.112389 -0.642160 -0.134362 -0.139981 -0.980995 0.796078 0.400000 1 77 1.000000
  77 27.611486 -0.652570 -0.966824 -0.134362 -0.139981 -0.980995 0.882353 0.321569 1 77 1.000000
v_AK47-256
  2 38.838829 -3.047407 -2.037188 -0.145441 -0.141904 -0.979137 0.733333 0.521569 1 2 1.000000
  2 39.580910 -3.399056 -2.174829 -0.129720 0.164978 -0.977730 0.760784 0.596078 1 2 1.000000
  2 38.789295 -3.339055 -2.074510 -0.129720 0.164978 -0.977730 0.733333 0.592157 1 2 1.000000
v_AK47-256
  2 38.838829 -3.047407 -2.037188 -0.145441 -0.141904 -0.979137 0.733333 0.521569 1 2 1.000000
  2 40.102119 -3.110399 -2.200094 -0.134517 -0.278996 -0.950824 0.776471 0.521569 1 2 1.000000
  2 39.580910 -3.399056 -2.174829 -0.129720 0.164978 -0.977730 0.760784 0.596078 1 2 1.000000
v_AK47-256
  2 38.838829 -3.047407 -2.037188 -0.145441 -0.141904 -0.979137 0.733333 0.521569 1 2 1.000000
  2 40.492043 -3.050696 -2.330080 -0.158906 -0.587459 -0.793499 0.792157 0.490196 1 2 1.000000
  2 40.102119 -3.110399 -2.200094 -0.134517 -0.278996 -0.950824 0.776471 0.521569 1 2 1.000000
v_AK47-256
  2 38.838829 -3.047407 -2.037188 -0.145441 -0.141904 -0.979137 0.733333 0.521569 1 2 1.000000
  2 38.833122 -2.873990 -2.066015 -0.170702 -0.727372 -0.664673 0.733333 0.474510 1 2 1.000000
  2 40.492043 -3.050696 -2.330080 -0.158906 -0.587459 -0.793499 0.792157 0.490196 1 2 1.000000
v_AK47-256
  2 40.492043 -3.050696 -2.330080 -0.158906 -0.587459 -0.793499 0.792157 0.490196 1 2 1.000000
  2 38.833122 -2.873990 -2.066015 -0.170702 -0.727372 -0.664673 0.733333 0.474510 1 2 1.000000
  2 40.889420 -3.034061 -2.476713 -0.178944 -0.803069 -0.568383 0.803922 0.474510 1 2 1.000000
v_AK47-256
  77 27.611486 -0.652570 -0.966824 -0.154392 -0.219106 -0.963408 0.882353 0.321569 1 77 1.000000
  77 28.234705 0.284735 -1.272896 -0.154392 -0.219106 -0.963408 0.882353 0.266667 1 77 1.000000
  77 28.228342 -0.704410 -1.053897 -0.154392 -0.219106 -0.963408 0.913725 0.305882 1 77 1.000000
v_AK47-256
  2 40.465904 -2.184330 -2.630822 -0.915791 -0.131247 -0.379607 0.972549 0.929412 1 2 1.000000
  2 40.568611 -2.115013 -2.651519 -0.550172 0.740266 -0.386414 0.976471 0.921569 1 2 1.000000
  2 40.558090 -2.293554 -2.644865 -0.650752 -0.386740 -0.653417 0.976471 0.925490 1 2 1.000000
v_AK47-256
  2 40.465904 -2.184330 -2.630822 -0.915791 -0.131247 -0.379607 0.972549 0.929412 1 2 1.000000
  2 40.558090 -2.293554 -2.644865 -0.650752 -0.386740 -0.653417 0.976471 0.925490 1 2 1.000000
  2 40.557533 -2.316845 -2.378372 -0.802764 -0.596025 -0.017993 0.976471 0.925490 1 2 1.000000
v_AK47-256
  2 40.465904 -2.184330 -2.630822 -0.915791 -0.131247 -0.379607 0.972549 0.929412 1 2 1.000000
  2 40.557533 -2.316845 -2.378372 -0.802764 -0.596025 -0.017993 0.976471 0.925490 1 2 1.000000
  2 40.467293 -2.204668 -2.352339 -0.860649 0.507907 0.036255 0.972549 0.929412 1 2 1.000000
v_AK47-256
  2 40.465904 -2.184330 -2.630822 -0.915791 -0.131247 -0.379607 0.972549 0.929412 1 2 1.000000
  2 40.467293 -2.204668 -2.352339 -0.860649 0.507907 0.036255 0.972549 0.929412 1 2 1.000000
  2 40.568611 -2.115013 -2.651519 -0.550172 0.740266 -0.386414 0.976471 0.921569 1 2 1.000000
v_AK47-256
  2 40.568611 -2.115013 -2.651519 -0.550172 0.740266 -0.386414 0.976471 0.921569 1 2 1.000000
  2 40.467293 -2.204668 -2.352339 -0.860649 0.507907 0.036255 0.972549 0.929412 1 2 1.000000
  2 40.582333 -2.136145 -2.374836 -0.531188 0.846042 0.045297 0.976471 0.921569 1 2 1.000000
v_AK47-256
  2 43.849274 -2.433494 -2.582736 -0.987697 0.024722 0.154411 0.078431 0.372549 1 2 1.000000
  2 43.851395 -3.092687 -2.537744 -0.987697 0.024722 0.154411 0.082353 0.403922 1 2 1.000000
  2 43.858582 -2.880021 -2.408914 -0.994151 0.010801 0.107454 0.074510 0.396078 1 2 1.000000
v_AK47-256
  2 43.849274 -2.433494 -2.582736 -0.987697 0.024722 0.154411 0.078431 0.372549 1 2 1.000000
  2 43.825165 -3.167494 -2.684469 -0.987697 0.024722 0.154411 0.090196 0.403922 1 2 1.000000
  2 43.851395 -3.092687 -2.537744 -0.987697 0.024722 0.154411 0.082353 0.403922 1 2 1.000000
v_AK47-256
  2 43.849274 -2.433494 -2.582736 -0.987697 0.024722 0.154411 0.078431 0.372549 1 2 1.000000
  2 43.804813 -3.163675 -2.825479 -0.775121 -0.579079 -0.252694 0.094118 0.403922 1 2 1.000000
  2 43.825165 -3.167494 -2.684469 -0.987697 0.024722 0.154411 0.090196 0.403922 1 2 1.000000
v_AK47-256
  2 43.849274 -2.433494 -2.582736 -0.987697 0.024722 0.154411 0.078431 0.372549 1 2 1.000000
  2 43.761536 -3.027912 -3.008361 -0.807411 -0.451293 -0.380029 0.101961 0.396078 1 2 1.000000
  2 43.804813 -3.163675 -2.825479 -0.775121 -0.579079 -0.252694 0.094118 0.403922 1 2 1.000000
v_AK47-256
  2 43.849274 -2.433494 -2.582736 -0.987697 0.024722 0.154411 0.078431 0.372549 1 2 1.000000
  2 43.747467 -2.820809 -3.109310 -0.696662 -0.173266 -0.696161 0.105882 0.384314 1 2 1.000000
  2 43.761536 -3.027912 -3.008361 -0.807411 -0.451293 -0.380029 0.101961 0.396078 1 2 1.000000
v_AK47-256
  2 43.849274 -2.433494 -2.582736 -0.987697 0.024722 0.154411 0.078431 0.372549 1 2 1.000000
  2 43.773918 -2.536731 -3.053348 -0.656065 0.404072 -0.637421 0.098039 0.372549 1 2 1.000000
  2 43.747467 -2.820809 -3.109310 -0.696662 -0.173266 -0.696161 0.105882 0.384314 1 2 1.000000
v_AK47-256
  2 43.849274 -2.433494 -2.582736 -0.987697 0.024722 0.154411 0.078431 0.372549 1 2 1.000000
  2 43.815079 -2.392740 -2.834880 -0.463872 0.774919 -0.429329 0.086275 0.368627 1 2 1.000000
  2 43.773918 -2.536731 -3.053348 -0.656065 0.404072 -0.637421 0.098039 0.372549 1 2 1.000000
v_AK47-256
  2 30.665493 -2.513326 -1.119461 -0.153642 -0.234205 -0.959970 0.180392 0.341176 1 2 1.000000
  2 27.963066 -3.201400 -0.512208 -0.153642 -0.234205 -0.959970 0.000000 0.403922 1 2 1.000000
  2 27.986877 -2.340950 -0.728347 -0.153642 -0.234205 -0.959970 0.000000 0.341176 1 2 1.000000
v_AK47-256
  2 30.665493 -2.513326 -1.119461 -0.153642 -0.234205 -0.959970 0.180392 0.341176 1 2 1.000000
  2 28.604946 -3.242707 -0.605930 -0.153642 -0.234205 -0.959970 0.043137 0.407843 1 2 1.000000
  2 27.963066 -3.201400 -0.512208 -0.153642 -0.234205 -0.959970 0.000000 0.403922 1 2 1.000000
v_AK47-256
  2 30.665493 -2.513326 -1.119461 -0.153642 -0.234205 -0.959970 0.180392 0.341176 1 2 1.000000
  2 28.664986 -3.307275 -0.599721 -0.153642 -0.234205 -0.959970 0.047059 0.411765 1 2 1.000000
  2 28.604946 -3.242707 -0.605930 -0.153642 -0.234205 -0.959970 0.043137 0.407843 1 2 1.000000
v_AK47-256
  2 30.665493 -2.513326 -1.119461 -0.153642 -0.234205 -0.959970 0.180392 0.341176 1 2 1.000000
  2 29.997787 -3.405184 -0.791332 -0.153642 -0.234205 -0.959970 0.137255 0.411765 1 2 1.000000
  2 28.664986 -3.307275 -0.599721 -0.153642 -0.234205 -0.959970 0.047059 0.411765 1 2 1.000000
v_AK47-256
  2 30.665493 -2.513326 -1.119461 -0.153642 -0.234205 -0.959970 0.180392 0.341176 1 2 1.000000
  2 30.652346 -3.435164 -0.889903 -0.153642 -0.234205 -0.959970 0.180392 0.411765 1 2 1.000000
  2 29.997787 -3.405184 -0.791332 -0.153642 -0.234205 -0.959970 0.137255 0.411765 1 2 1.000000
v_AK47-256
  2 30.652346 -3.435164 -0.889903 -0.153642 -0.234205 -0.959970 0.180392 0.411765 1 2 1.000000
  2 30.609949 -3.626687 -0.835789 -0.153642 -0.234205 -0.959970 0.180392 0.423529 1 2 1.000000
  2 29.997787 -3.405184 -0.791332 -0.153642 -0.234205 -0.959970 0.137255 0.411765 1 2 1.000000
v_AK47-256
  2 29.997787 -3.405184 -0.791332 -0.153642 -0.234205 -0.959970 0.137255 0.411765 1 2 1.000000
  2 30.609949 -3.626687 -0.835789 -0.153642 -0.234205 -0.959970 0.180392 0.423529 1 2 1.000000
  2 30.309071 -3.707530 -0.780166 -0.153642 -0.234205 -0.959970 0.160784 0.431373 1 2 1.000000
v_AK47-256
  77 28.333279 -0.732553 -1.103041 -0.011743 0.845068 -0.534530 0.921569 0.301961 1 77 1.000000
  77 27.611486 -0.652570 -0.966824 -0.011743 0.845068 -0.534530 0.882353 0.321569 1 77 1.000000
  77 28.228342 -0.704410 -1.053897 -0.011743 0.845068 -0.534530 0.913725 0.305882 1 77 1.000000
v_AK47-256
  77 29.151598 2.780047 -1.554742 0.187883 0.184029 0.964797 0.854902 0.145098 1 77 1.000000
  77 26.733116 2.565684 -1.032130 0.187883 0.184029 0.964797 0.729412 0.231373 1 77 1.000000
  77 28.611361 1.646234 -1.200589 0.187883 0.184029 0.964797 0.858824 0.207843 1 77 1.000000
v_AK47-256
  77 27.768446 4.095640 -1.551134 0.187883 0.184029 0.964797 0.737255 0.137255 1 77 1.000000
  77 26.733116 2.565684 -1.032130 0.187883 0.184029 0.964797 0.729412 0.231373 1 77 1.000000
  77 29.151598 2.780047 -1.554742 0.187883 0.184029 0.964797 0.854902 0.145098 1 77 1.000000
v_AK47-256
  77 29.374117 3.157310 -1.670808 0.187883 0.184029 0.964797 0.850980 0.125490 1 77 1.000000
  77 27.768446 4.095640 -1.551134 0.187883 0.184029 0.964797 0.737255 0.137255 1 77 1.000000
  77 29.151598 2.780047 -1.554742 0.187883 0.184029 0.964797 0.854902 0.145098 1 77 1.000000
v_AK47-256
  77 28.025648 4.385685 -1.651298 0.187883 0.184029 0.964797 0.741176 0.121569 1 77 1.000000
  77 27.768446 4.095640 -1.551134 0.187883 0.184029 0.964797 0.737255 0.137255 1 77 1.000000
  77 29.374117 3.157310 -1.670808 0.187883 0.184029 0.964797 0.850980 0.125490 1 77 1.000000
v_AK47-256
  77 29.643736 3.516316 -1.803028 0.187883 0.184029 0.964797 0.854902 0.101961 1 77 1.000000
  77 28.025648 4.385685 -1.651298 0.187883 0.184029 0.964797 0.741176 0.121569 1 77 1.000000
  77 29.374117 3.157310 -1.670808 0.187883 0.184029 0.964797 0.850980 0.125490 1 77 1.000000
v_AK47-256
  77 30.495190 4.278023 -2.115760 0.187883 0.184029 0.964797 0.878431 0.047059 1 77 1.000000
  77 28.025648 4.385685 -1.651298 0.187883 0.184029 0.964797 0.741176 0.121569 1 77 1.000000
  77 29.643736 3.516316 -1.803028 0.187883 0.184029 0.964797 0.854902 0.101961 1 77 1.000000
v_AK47-256
  77 28.025648 4.385685 -1.651298 0.187883 0.184029 0.964797 0.741176 0.121569 1 77 1.000000
  77 30.495190 4.278023 -2.115760 0.187883 0.184029 0.964797 0.878431 0.047059 1 77 1.000000
  77 28.381340 4.727013 -1.793090 0.187883 0.184029 0.964797 0.749020 0.094118 1 77 1.000000
v_AK47-256
  77 28.381340 4.727013 -1.793090 0.187883 0.184029 0.964797 0.749020 0.094118 1 77 1.000000
  77 30.495190 4.278023 -2.115760 0.187883 0.184029 0.964797 0.878431 0.047059 1 77 1.000000
  77 29.912033 5.836590 -2.288576 0.187883 0.184029 0.964797 0.796078 0.003922 1 77 1.000000
v_AK47-256
  77 30.429535 4.189578 -2.526427 0.683619 -0.727720 0.055570 0.949020 0.000000 1 77 1.000000
  77 29.643736 3.516316 -1.803028 0.683619 -0.727720 0.055570 0.992157 0.054902 1 77 1.000000
  77 29.565065 3.404425 -2.205804 0.683619 -0.727720 0.055570 0.949020 0.054902 1 77 1.000000
v_AK47-256
  77 30.495190 4.278023 -2.115760 0.683619 -0.727720 0.055570 0.992157 0.000000 1 77 1.000000
  77 29.643736 3.516316 -1.803028 0.683619 -0.727720 0.055570 0.992157 0.054902 1 77 1.000000
  77 30.429535 4.189578 -2.526427 0.683619 -0.727720 0.055570 0.949020 0.000000 1 77 1.000000
v_AK47-256
  2 36.956451 -3.749322 -1.702638 -0.145375 -0.664575 -0.732943 0.564706 0.294118 1 2 1.000000
  2 36.656387 -3.666416 -1.713613 -0.145375 -0.664575 -0.732943 0.572549 0.278431 1 2 1.000000
  2 36.952637 -3.685478 -1.756870 -0.145375 -0.664575 -0.732943 0.572549 0.294118 1 2 1.000000
v_AK47-256
  2 36.660194 -3.730254 -1.659382 -0.145375 -0.664575 -0.732943 0.564706 0.278431 1 2 1.000000
  2 36.656387 -3.666416 -1.713613 -0.145375 -0.664575 -0.732943 0.572549 0.278431 1 2 1.000000
  2 36.956451 -3.749322 -1.702638 -0.145375 -0.664575 -0.732943 0.564706 0.294118 1 2 1.000000
v_AK47-256
  2 25.548750 -0.715609 -0.891026 -0.153642 -0.234205 -0.959970 0.968627 0.627451 1 2 1.000000
  2 25.809982 -0.659578 -0.947140 -0.153642 -0.234205 -0.959970 0.996078 0.627451 1 2 1.000000
  2 25.888748 -0.874119 -0.919994 -0.153642 -0.234205 -0.959970 0.996078 0.654902 1 2 1.000000
v_AK47-256
  2 25.549757 -0.679253 -0.900159 -0.153642 -0.234205 -0.959970 0.972549 0.623529 1 2 1.000000
  2 25.809982 -0.659578 -0.947140 -0.153642 -0.234205 -0.959970 0.996078 0.627451 1 2 1.000000
  2 25.548750 -0.715609 -0.891026 -0.153642 -0.234205 -0.959970 0.968627 0.627451 1 2 1.000000
v_AK47-256
  2 23.858992 -0.937749 -0.575698 -0.153642 -0.234205 -0.959970 0.811765 0.627451 1 2 1.000000
  2 22.134476 -1.142426 -0.246020 -0.153642 -0.234205 -0.959970 0.639216 0.615686 1 2 1.000000
  2 23.873684 -0.853707 -0.598810 -0.153642 -0.234205 -0.959970 0.815686 0.615686 1 2 1.000000
v_AK47-256
  2 21.564648 -1.178600 -0.144845 -0.153642 -0.234205 -0.959970 0.596078 0.611765 1 2 1.000000
  2 23.873684 -0.853707 -0.598810 -0.153642 -0.234205 -0.959970 0.815686 0.615686 1 2 1.000000
  2 22.134476 -1.142426 -0.246020 -0.153642 -0.234205 -0.959970 0.639216 0.615686 1 2 1.000000
v_AK47-256
  2 21.564648 -1.178600 -0.144845 -0.153642 -0.234205 -0.959970 0.596078 0.611765 1 2 1.000000
  2 22.134476 -1.142426 -0.246020 -0.153642 -0.234205 -0.959970 0.639216 0.615686 1 2 1.000000
  2 21.948648 -1.154750 -0.212896 -0.153642 -0.234205 -0.959970 0.619608 0.619608 1 2 1.000000
v_AK47-256
  2 21.564648 -1.178600 -0.144845 -0.153642 -0.234205 -0.959970 0.596078 0.611765 1 2 1.000000
  2 21.948648 -1.154750 -0.212896 -0.153642 -0.234205 -0.959970 0.619608 0.619608 1 2 1.000000
  2 21.723776 -1.237402 -0.156100 -0.153642 -0.234205 -0.959970 0.603922 0.623529 1 2 1.000000
v_AK47-256
  2 21.564648 -1.178600 -0.144845 -0.153642 -0.234205 -0.959970 0.596078 0.611765 1 2 1.000000
  2 21.723776 -1.237402 -0.156100 -0.153642 -0.234205 -0.959970 0.603922 0.623529 1 2 1.000000
  2 21.739479 -1.496449 -0.107764 -0.153642 -0.234205 -0.959970 0.592157 0.650980 1 2 1.000000
v_AK47-256
  2 21.564648 -1.178600 -0.144845 -0.153642 -0.234205 -0.959970 0.596078 0.611765 1 2 1.000000
  2 21.739479 -1.496449 -0.107764 -0.153642 -0.234205 -0.959970 0.592157 0.650980 1 2 1.000000
  2 21.565323 -1.533805 -0.070355 -0.153642 -0.234205 -0.959970 0.584314 0.650980 1 2 1.000000
v_AK47-256
  2 21.739479 -1.496449 -0.107764 -0.153642 -0.234205 -0.959970 0.592157 0.650980 1 2 1.000000
  2 21.907263 -1.689356 -0.087334 -0.153642 -0.234205 -0.959970 0.603922 0.678431 1 2 1.000000
  2 21.565323 -1.533805 -0.070355 -0.153642 -0.234205 -0.959970 0.584314 0.650980 1 2 1.000000
v_AK47-256
  2 21.565323 -1.533805 -0.070355 -0.153642 -0.234205 -0.959970 0.584314 0.650980 1 2 1.000000
  2 21.907263 -1.689356 -0.087334 -0.153642 -0.234205 -0.959970 0.603922 0.678431 1 2 1.000000
  2 21.817165 -1.817103 -0.041231 -0.153642 -0.234205 -0.959970 0.607843 0.686275 1 2 1.000000
v_AK47-256
  2 21.907263 -1.689356 -0.087334 -0.153642 -0.234205 -0.959970 0.603922 0.678431 1 2 1.000000
  2 22.776699 -1.551055 -0.262207 -0.153642 -0.234205 -0.959970 0.694118 0.674510 1 2 1.000000
  2 21.817165 -1.817103 -0.041231 -0.153642 -0.234205 -0.959970 0.607843 0.686275 1 2 1.000000
v_AK47-256
  2 22.776699 -1.551055 -0.262207 -0.153642 -0.234205 -0.959970 0.694118 0.674510 1 2 1.000000
  2 21.907263 -1.689356 -0.087334 -0.153642 -0.234205 -0.959970 0.603922 0.678431 1 2 1.000000
  2 22.268589 -1.591200 -0.170046 -0.153642 -0.234205 -0.959970 0.639216 0.674510 1 2 1.000000
v_AK47-256
  2 22.716991 -1.474370 -0.271461 -0.153642 -0.234205 -0.959970 0.690196 0.666667 1 2 1.000000
  2 22.776699 -1.551055 -0.262207 -0.153642 -0.234205 -0.959970 0.694118 0.674510 1 2 1.000000
  2 22.268589 -1.591200 -0.170046 -0.153642 -0.234205 -0.959970 0.639216 0.674510 1 2 1.000000
v_AK47-256
  2 23.192699 -1.711372 -0.290001 -0.153642 -0.234205 -0.959970 0.729412 0.709804 1 2 1.000000
  2 22.776699 -1.551055 -0.262207 -0.153642 -0.234205 -0.959970 0.694118 0.674510 1 2 1.000000
  2 22.716991 -1.474370 -0.271461 -0.153642 -0.234205 -0.959970 0.690196 0.666667 1 2 1.000000
v_AK47-256
  2 23.183374 -1.601506 -0.315597 -0.153642 -0.234205 -0.959970 0.733333 0.698039 1 2 1.000000
  2 23.192699 -1.711372 -0.290001 -0.153642 -0.234205 -0.959970 0.729412 0.709804 1 2 1.000000
  2 22.716991 -1.474370 -0.271461 -0.153642 -0.234205 -0.959970 0.690196 0.666667 1 2 1.000000
v_AK47-256
  2 25.888748 -0.874119 -0.919994 -0.153642 -0.234205 -0.959970 0.996078 0.654902 1 2 1.000000
  2 23.192699 -1.711372 -0.290001 -0.153642 -0.234205 -0.959970 0.729412 0.709804 1 2 1.000000
  2 23.183374 -1.601506 -0.315597 -0.153642 -0.234205 -0.959970 0.733333 0.698039 1 2 1.000000
v_AK47-256
  2 24.806450 -1.107985 -0.687082 -0.153642 -0.234205 -0.959970 0.894118 0.662745 1 2 1.000000
  2 25.888748 -0.874119 -0.919994 -0.153642 -0.234205 -0.959970 0.996078 0.654902 1 2 1.000000
  2 23.183374 -1.601506 -0.315597 -0.153642 -0.234205 -0.959970 0.733333 0.698039 1 2 1.000000
v_AK47-256
  2 25.548750 -0.715609 -0.891026 -0.153642 -0.234205 -0.959970 0.968627 0.627451 1 2 1.000000
  2 25.888748 -0.874119 -0.919994 -0.153642 -0.234205 -0.959970 0.996078 0.654902 1 2 1.000000
  2 24.806450 -1.107985 -0.687082 -0.153642 -0.234205 -0.959970 0.894118 0.662745 1 2 1.000000
v_AK47-256
  2 24.828184 -0.769447 -0.774123 -0.153642 -0.234205 -0.959970 0.905882 0.623529 1 2 1.000000
  2 25.548750 -0.715609 -0.891026 -0.153642 -0.234205 -0.959970 0.968627 0.627451 1 2 1.000000
  2 24.806450 -1.107985 -0.687082 -0.153642 -0.234205 -0.959970 0.894118 0.662745 1 2 1.000000
v_AK47-256
  77 28.281487 -1.263404 -0.963688 -0.154392 -0.219106 -0.963408 0.937255 0.325490 1 77 1.000000
  77 28.223459 -1.126124 -0.988162 -0.154392 -0.219106 -0.963408 0.929412 0.321569 1 77 1.000000
  77 28.295509 -1.203604 -0.980713 -0.154392 -0.219106 -0.963408 0.937255 0.325490 1 77 1.000000
v_AK47-256
  77 28.333279 -0.732553 -1.103041 -0.154392 -0.219106 -0.963408 0.921569 0.301961 1 77 1.000000
  77 28.299871 -1.046056 -1.020287 -0.154392 -0.219106 -0.963408 0.929412 0.317647 1 77 1.000000
  77 28.223459 -1.126124 -0.988162 -0.154392 -0.219106 -0.963408 0.929412 0.321569 1 77 1.000000
v_AK47-256
  77 28.333279 -0.732553 -1.103041 -0.202054 -0.204824 -0.957717 0.921569 0.301961 1 77 1.000000
  77 28.223459 -1.126124 -0.988162 -0.202054 -0.204824 -0.957717 0.929412 0.321569 1 77 1.000000
  77 27.611486 -0.652570 -0.966824 -0.202054 -0.204824 -0.957717 0.882353 0.321569 1 77 1.000000
v_AK47-256
  2 30.201185 -3.546643 -0.202882 -0.028613 -0.969424 0.243719 0.964706 0.898039 1 2 1.000000
  2 30.526707 -3.579920 -0.299502 -0.065436 -0.997698 -0.017815 0.968627 0.839216 1 2 1.000000
  2 30.568165 -3.536350 -0.121470 -0.028613 -0.969424 0.243719 0.980392 0.901961 1 2 1.000000
v_AK47-256
  2 30.201185 -3.546643 -0.202882 -0.028613 -0.969424 0.243719 0.964706 0.898039 1 2 1.000000
  2 30.195362 -3.555514 -0.238850 -0.098162 -0.956116 -0.276056 0.960784 0.870588 1 2 1.000000
  2 30.526707 -3.579920 -0.299502 -0.065436 -0.997698 -0.017815 0.968627 0.839216 1 2 1.000000
v_AK47-256
  2 30.526707 -3.579920 -0.299502 -0.065436 -0.997698 -0.017815 0.968627 0.839216 1 2 1.000000
  2 30.195362 -3.555514 -0.238850 -0.098162 -0.956116 -0.276056 0.960784 0.870588 1 2 1.000000
  2 30.511921 -3.509590 -0.431756 -0.122242 -0.846974 -0.517390 0.956863 0.772549 1 2 1.000000
v_AK47-256
  2 30.195362 -3.555514 -0.238850 -0.098162 -0.956116 -0.276056 0.960784 0.870588 1 2 1.000000
  2 30.178638 -3.488142 -0.383091 -0.126113 -0.878851 -0.460127 0.945098 0.784314 1 2 1.000000
  2 30.511921 -3.509590 -0.431756 -0.122242 -0.846974 -0.517390 0.956863 0.772549 1 2 1.000000
v_AK47-256
  2 30.201185 -3.546643 -0.202882 -0.028613 -0.969424 0.243719 0.964706 0.898039 1 2 1.000000
  2 30.568165 -3.536350 -0.121470 -0.028613 -0.969424 0.243719 0.964706 0.945098 1 2 1.000000
  2 30.055000 -3.534153 -0.169265 -0.028613 -0.969424 0.243719 0.960784 0.898039 1 2 1.000000
v_AK47-256
  2 30.055000 -3.534153 -0.169265 -0.028613 -0.969424 0.243719 0.960784 0.898039 1 2 1.000000
  2 30.568165 -3.536350 -0.121470 -0.028613 -0.969424 0.243719 0.964706 0.945098 1 2 1.000000
  2 30.074409 -3.504575 -0.049375 -0.028613 -0.969424 0.243719 0.960784 0.941176 1 2 1.000000
v_AK47-256
  2 27.960846 -3.509413 -0.044871 -0.972726 0.204846 0.108819 0.819608 0.850980 1 2 1.000000
  2 27.984238 -3.446945 0.001095 -0.972726 0.204846 0.108819 0.807843 0.847059 1 2 1.000000
  2 27.972593 -3.464690 -0.070840 -0.972726 0.204846 0.108819 0.819608 0.847059 1 2 1.000000
v_AK47-256
  2 27.968613 -3.497582 0.003084 -0.972726 0.204846 0.108819 0.807843 0.850980 1 2 1.000000
  2 27.984238 -3.446945 0.001095 -0.972726 0.204846 0.108819 0.807843 0.847059 1 2 1.000000
  2 27.960846 -3.509413 -0.044871 -0.972726 0.204846 0.108819 0.819608 0.850980 1 2 1.000000
v_AK47-256
  2 45.722527 -3.042749 -2.748719 0.017222 -0.695096 0.718710 0.556863 0.227451 1 2 1.000000
  2 45.932381 -3.254346 -2.952048 -0.030399 -0.868331 0.495053 0.549020 0.423529 1 2 1.000000
  2 45.946320 -3.066208 -2.766128 0.017222 -0.695096 0.718710 0.556863 0.423529 1 2 1.000000
v_AK47-256
  2 45.722527 -3.042749 -2.748719 0.017222 -0.695096 0.718710 0.556863 0.227451 1 2 1.000000
  2 45.698189 -3.227135 -2.920847 -0.079240 -0.975809 0.203758 0.549020 0.227451 1 2 1.000000
  2 45.932381 -3.254346 -2.952048 -0.030399 -0.868331 0.495053 0.549020 0.423529 1 2 1.000000
v_AK47-256
  2 45.932381 -3.254346 -2.952048 -0.030399 -0.868331 0.495053 0.549020 0.423529 1 2 1.000000
  2 45.698189 -3.227135 -2.920847 -0.079240 -0.975809 0.203758 0.549020 0.227451 1 2 1.000000
  2 45.895912 -3.228670 -3.213136 -0.152726 -0.932453 -0.327423 0.560784 0.423529 1 2 1.000000
v_AK47-256
  2 45.698189 -3.227135 -2.920847 -0.079240 -0.975809 0.203758 0.549020 0.227451 1 2 1.000000
  2 45.663654 -3.198501 -3.169944 -0.178944 -0.803069 -0.568383 0.560784 0.227451 1 2 1.000000
  2 45.895912 -3.228670 -3.213136 -0.152726 -0.932453 -0.327423 0.560784 0.423529 1 2 1.000000
v_AK47-256
  2 45.895912 -3.228670 -3.213136 -0.152726 -0.932453 -0.327423 0.560784 0.423529 1 2 1.000000
  2 45.663654 -3.198501 -3.169944 -0.178944 -0.803069 -0.568383 0.560784 0.227451 1 2 1.000000
  2 45.885155 -3.012909 -3.381921 -0.199651 -0.420563 -0.885023 0.584314 0.423529 1 2 1.000000
v_AK47-256
  2 45.663654 -3.198501 -3.169944 -0.178944 -0.803069 -0.568383 0.560784 0.227451 1 2 1.000000
  2 45.652557 -2.994860 -3.335688 -0.195209 -0.171543 -0.965643 0.584314 0.227451 1 2 1.000000
  2 45.885155 -3.012909 -3.381921 -0.199651 -0.420563 -0.885023 0.584314 0.423529 1 2 1.000000
v_AK47-256
  2 45.885155 -3.012909 -3.381921 -0.199651 -0.420563 -0.885023 0.584314 0.423529 1 2 1.000000
  2 45.652557 -2.994860 -3.335688 -0.195209 -0.171543 -0.965643 0.584314 0.227451 1 2 1.000000
  2 45.906120 -2.725587 -3.364970 -0.160723 0.311277 -0.936629 0.607843 0.423529 1 2 1.000000
v_AK47-256
  2 45.652557 -2.994860 -3.335688 -0.195209 -0.171543 -0.965643 0.584314 0.227451 1 2 1.000000
  2 45.671249 -2.722616 -3.327680 -0.129998 0.544529 -0.828606 0.607843 0.227451 1 2 1.000000
  2 45.906120 -2.725587 -3.364970 -0.160723 0.311277 -0.936629 0.607843 0.423529 1 2 1.000000
v_AK47-256
  2 45.906120 -2.725587 -3.364970 -0.160723 0.311277 -0.936629 0.607843 0.423529 1 2 1.000000
  2 45.671249 -2.722616 -3.327680 -0.129998 0.544529 -0.828606 0.607843 0.227451 1 2 1.000000
  2 45.942467 -2.554115 -3.191600 -0.067960 0.722994 -0.687504 0.615686 0.423529 1 2 1.000000
v_AK47-256
  2 45.671249 -2.722616 -3.327680 -0.129998 0.544529 -0.828606 0.607843 0.227451 1 2 1.000000
  2 45.707596 -2.551140 -3.154311 -0.067960 0.722994 -0.687504 0.615686 0.227451 1 2 1.000000
  2 45.942467 -2.554115 -3.191600 -0.067960 0.722994 -0.687504 0.615686 0.423529 1 2 1.000000
v_AK47-256
  2 35.597183 -3.737392 -1.394300 -0.119731 -0.908627 -0.400078 0.556863 0.227451 1 2 1.000000
  2 35.956596 -3.684974 -1.556647 -0.170702 -0.727372 -0.664673 0.564706 0.243137 1 2 1.000000
  2 35.867142 -3.745708 -1.448984 -0.098162 -0.956116 -0.276056 0.556863 0.239216 1 2 1.000000
v_AK47-256
  2 35.577389 -3.512186 -1.629117 -0.199651 -0.420563 -0.885023 0.580392 0.227451 1 2 1.000000
  2 35.956596 -3.684974 -1.556647 -0.170702 -0.727372 -0.664673 0.564706 0.243137 1 2 1.000000
  2 35.597183 -3.737392 -1.394300 -0.119731 -0.908627 -0.400078 0.556863 0.227451 1 2 1.000000
v_AK47-256
  2 38.789295 -3.339055 -2.074510 -0.040743 0.754455 -0.655086 0.615686 0.380392 1 2 1.000000
  2 35.984962 -3.173814 -1.674317 -0.108141 0.458480 -0.882101 0.611765 0.247059 1 2 1.000000
  2 35.604584 -3.134113 -1.609499 -0.067960 0.722994 -0.687504 0.615686 0.227451 1 2 1.000000
v_AK47-256
  2 35.984962 -3.173814 -1.674317 -0.108141 0.458480 -0.882101 0.611765 0.247059 1 2 1.000000
  2 35.594139 -3.242898 -1.633101 -0.152341 0.117619 -0.981304 0.603922 0.227451 1 2 1.000000
  2 35.604584 -3.134113 -1.609499 -0.067960 0.722994 -0.687504 0.615686 0.227451 1 2 1.000000
v_AK47-256
  2 35.890388 -3.261961 -1.676358 -0.129720 0.164978 -0.977730 0.603922 0.243137 1 2 1.000000
  2 35.594139 -3.242898 -1.633101 -0.152341 0.117619 -0.981304 0.603922 0.227451 1 2 1.000000
  2 35.984962 -3.173814 -1.674317 -0.108141 0.458480 -0.882101 0.611765 0.247059 1 2 1.000000
v_AK47-256
  2 35.956287 -3.360435 -1.701830 -0.146372 -0.012482 -0.989151 0.596078 0.243137 1 2 1.000000
  2 35.594139 -3.242898 -1.633101 -0.152341 0.117619 -0.981304 0.603922 0.227451 1 2 1.000000
  2 35.890388 -3.261961 -1.676358 -0.129720 0.164978 -0.977730 0.603922 0.243137 1 2 1.000000
v_AK47-256
  2 35.577389 -3.512186 -1.629117 -0.199651 -0.420563 -0.885023 0.580392 0.227451 1 2 1.000000
  2 35.594139 -3.242898 -1.633101 -0.152341 0.117619 -0.981304 0.603922 0.227451 1 2 1.000000
  2 35.956287 -3.360435 -1.701830 -0.146372 -0.012482 -0.989151 0.596078 0.243137 1 2 1.000000
v_AK47-256
  2 35.577389 -3.512186 -1.629117 -0.199651 -0.420563 -0.885023 0.580392 0.227451 1 2 1.000000
  2 35.956287 -3.360435 -1.701830 -0.146372 -0.012482 -0.989151 0.596078 0.243137 1 2 1.000000
  2 35.951660 -3.460343 -1.689465 -0.145441 -0.141904 -0.979137 0.588235 0.243137 1 2 1.000000
v_AK47-256
  2 35.577389 -3.512186 -1.629117 -0.199651 -0.420563 -0.885023 0.580392 0.227451 1 2 1.000000
  2 35.951660 -3.460343 -1.689465 -0.145441 -0.141904 -0.979137 0.588235 0.243137 1 2 1.000000
  2 35.863235 -3.527500 -1.658582 -0.157895 -0.361745 -0.918809 0.580392 0.239216 1 2 1.000000
v_AK47-256
  2 35.577389 -3.512186 -1.629117 -0.199651 -0.420563 -0.885023 0.580392 0.227451 1 2 1.000000
  2 35.863235 -3.527500 -1.658582 -0.157895 -0.361745 -0.918809 0.580392 0.239216 1 2 1.000000
  2 35.938503 -3.623297 -1.621067 -0.170431 -0.631262 -0.756612 0.572549 0.243137 1 2 1.000000
v_AK47-256
  2 35.577389 -3.512186 -1.629117 -0.199651 -0.420563 -0.885023 0.580392 0.227451 1 2 1.000000
  2 35.938503 -3.623297 -1.621067 -0.170431 -0.631262 -0.756612 0.572549 0.243137 1 2 1.000000
  2 35.956596 -3.684974 -1.556647 -0.170702 -0.727372 -0.664673 0.564706 0.243137 1 2 1.000000
v_AK47-256
  2 35.938503 -3.623297 -1.621067 -0.170431 -0.631262 -0.756612 0.572549 0.243137 1 2 1.000000
  2 36.298409 -3.643376 -1.661346 -0.145375 -0.664575 -0.732943 0.572549 0.262745 1 2 1.000000
  2 35.956596 -3.684974 -1.556647 -0.170702 -0.727372 -0.664673 0.564706 0.243137 1 2 1.000000
v_AK47-256
  2 35.956596 -3.684974 -1.556647 -0.170702 -0.727372 -0.664673 0.564706 0.243137 1 2 1.000000
  2 36.298409 -3.643376 -1.661346 -0.145375 -0.664575 -0.732943 0.572549 0.262745 1 2 1.000000
  2 36.302223 -3.707219 -1.607114 -0.145375 -0.664575 -0.732943 0.564706 0.262745 1 2 1.000000
v_AK47-256
  2 35.956287 -3.360435 -1.701830 -0.146372 -0.012482 -0.989151 0.596078 0.243137 1 2 1.000000
  2 37.915073 -3.492651 -2.012384 -0.149546 -0.088265 -0.984807 0.596078 0.341176 1 2 1.000000
  2 35.951660 -3.460343 -1.689465 -0.145441 -0.141904 -0.979137 0.588235 0.243137 1 2 1.000000
v_AK47-256
  2 35.951660 -3.460343 -1.689465 -0.145441 -0.141904 -0.979137 0.588235 0.243137 1 2 1.000000
  2 37.915073 -3.492651 -2.012384 -0.149546 -0.088265 -0.984807 0.596078 0.341176 1 2 1.000000
  2 37.910782 -3.580444 -2.003063 -0.153642 -0.234205 -0.959970 0.588235 0.341176 1 2 1.000000
v_AK47-256
  2 38.789295 -3.339055 -2.074510 -0.040743 0.754455 -0.655086 0.615686 0.380392 1 2 1.000000
  2 39.580910 -3.399056 -2.174829 -0.084931 0.435656 -0.896097 0.611765 0.419608 1 2 1.000000
  2 39.394096 -3.490517 -2.200219 -0.117798 0.307874 -0.944107 0.603922 0.411765 1 2 1.000000
v_AK47-256
  2 35.970009 -3.761006 -1.344568 -0.112356 -0.932746 -0.342580 0.552941 0.243137 1 2 1.000000
  2 35.597183 -3.737392 -1.394300 -0.119731 -0.908627 -0.400078 0.556863 0.227451 1 2 1.000000
  2 35.867142 -3.745708 -1.448984 -0.098162 -0.956116 -0.276056 0.556863 0.239216 1 2 1.000000
v_AK47-256
  2 35.618797 -3.762495 -1.235212 -0.005312 -0.956167 0.292772 0.549020 0.227451 1 2 1.000000
  2 35.597183 -3.737392 -1.394300 -0.119731 -0.908627 -0.400078 0.556863 0.227451 1 2 1.000000
  2 35.970009 -3.761006 -1.344568 -0.112356 -0.932746 -0.342580 0.552941 0.243137 1 2 1.000000
v_AK47-256
  2 39.210854 -3.993652 -1.759700 -0.075115 -0.994211 -0.076829 0.549020 0.400000 1 2 1.000000
  2 35.618797 -3.762495 -1.235212 -0.005312 -0.956167 0.292772 0.549020 0.227451 1 2 1.000000
  2 35.970009 -3.761006 -1.344568 -0.112356 -0.932746 -0.342580 0.552941 0.243137 1 2 1.000000
v_AK47-256
  2 39.210854 -3.993652 -1.759700 -0.075115 -0.994211 -0.076829 0.549020 0.400000 1 2 1.000000
  2 35.970009 -3.761006 -1.344568 -0.112356 -0.932746 -0.342580 0.552941 0.243137 1 2 1.000000
  2 37.970047 -3.877572 -1.639596 -0.112356 -0.932746 -0.342580 0.552941 0.341176 1 2 1.000000
v_AK47-256
  2 38.039993 -3.873395 -1.769246 -0.112356 -0.932746 -0.342580 0.556863 0.345098 1 2 1.000000
  2 39.210854 -3.993652 -1.759700 -0.075115 -0.994211 -0.076829 0.549020 0.400000 1 2 1.000000
  2 37.970047 -3.877572 -1.639596 -0.112356 -0.932746 -0.342580 0.552941 0.341176 1 2 1.000000
v_AK47-256
  2 39.212326 -3.960979 -1.937426 -0.112356 -0.932746 -0.342580 0.556863 0.403922 1 2 1.000000
  2 39.210854 -3.993652 -1.759700 -0.075115 -0.994211 -0.076829 0.549020 0.400000 1 2 1.000000
  2 38.039993 -3.873395 -1.769246 -0.112356 -0.932746 -0.342580 0.556863 0.345098 1 2 1.000000
v_AK47-256
  2 39.234909 -3.880910 -2.078132 -0.145375 -0.664575 -0.732943 0.568627 0.403922 1 2 1.000000
  2 39.212326 -3.960979 -1.937426 -0.112356 -0.932746 -0.342580 0.556863 0.403922 1 2 1.000000
  2 38.039993 -3.873395 -1.769246 -0.112356 -0.932746 -0.342580 0.556863 0.345098 1 2 1.000000
v_AK47-256
  2 39.234909 -3.880910 -2.078132 -0.145375 -0.664575 -0.732943 0.568627 0.403922 1 2 1.000000
  2 38.039993 -3.873395 -1.769246 -0.112356 -0.932746 -0.342580 0.556863 0.345098 1 2 1.000000
  2 37.907257 -3.798366 -1.844465 -0.143390 -0.749818 -0.645920 0.564706 0.341176 1 2 1.000000
v_AK47-256
  2 39.234909 -3.880910 -2.078132 -0.145375 -0.664575 -0.732943 0.568627 0.403922 1 2 1.000000
  2 37.907257 -3.798366 -1.844465 -0.143390 -0.749818 -0.645920 0.564706 0.341176 1 2 1.000000
  2 37.901512 -3.737485 -1.910686 -0.170431 -0.631262 -0.756612 0.572549 0.341176 1 2 1.000000
v_AK47-256
  2 39.234909 -3.880910 -2.078132 -0.145375 -0.664575 -0.732943 0.568627 0.403922 1 2 1.000000
  2 37.901512 -3.737485 -1.910686 -0.170431 -0.631262 -0.756612 0.572549 0.341176 1 2 1.000000
  2 38.035423 -3.679424 -1.972756 -0.156518 -0.470701 -0.868299 0.580392 0.345098 1 2 1.000000
v_AK47-256
  2 39.234909 -3.880910 -2.078132 -0.145375 -0.664575 -0.732943 0.568627 0.403922 1 2 1.000000
  2 38.035423 -3.679424 -1.972756 -0.156518 -0.470701 -0.868299 0.580392 0.345098 1 2 1.000000
  2 39.307167 -3.749125 -2.161443 -0.153642 -0.234205 -0.959970 0.580392 0.407843 1 2 1.000000
v_AK47-256
  2 38.035423 -3.679424 -1.972756 -0.156518 -0.470701 -0.868299 0.580392 0.345098 1 2 1.000000
  2 37.910782 -3.580444 -2.003063 -0.153642 -0.234205 -0.959970 0.588235 0.341176 1 2 1.000000
  2 39.307167 -3.749125 -2.161443 -0.153642 -0.234205 -0.959970 0.580392 0.407843 1 2 1.000000
v_AK47-256
  2 37.910782 -3.580444 -2.003063 -0.153642 -0.234205 -0.959970 0.588235 0.341176 1 2 1.000000
  2 37.915073 -3.492651 -2.012384 -0.149546 -0.088265 -0.984807 0.596078 0.341176 1 2 1.000000
  2 39.307167 -3.749125 -2.161443 -0.153642 -0.234205 -0.959970 0.580392 0.407843 1 2 1.000000
v_AK47-256
  2 37.915073 -3.492651 -2.012384 -0.149546 -0.088265 -0.984807 0.596078 0.341176 1 2 1.000000
  2 38.020050 -3.408258 -2.024135 -0.118633 0.074227 -0.990160 0.603922 0.345098 1 2 1.000000
  2 39.307167 -3.749125 -2.161443 -0.153642 -0.234205 -0.959970 0.580392 0.407843 1 2 1.000000
v_AK47-256
  2 39.307167 -3.749125 -2.161443 -0.153642 -0.234205 -0.959970 0.580392 0.407843 1 2 1.000000
  2 38.020050 -3.408258 -2.024135 -0.118633 0.074227 -0.990160 0.603922 0.345098 1 2 1.000000
  2 39.394096 -3.490517 -2.200219 -0.117798 0.307874 -0.944107 0.603922 0.411765 1 2 1.000000
v_AK47-256
  2 38.020050 -3.408258 -2.024135 -0.118633 0.074227 -0.990160 0.603922 0.345098 1 2 1.000000
  2 37.955757 -3.318946 -1.983630 -0.082319 0.500338 -0.861908 0.611765 0.341176 1 2 1.000000
  2 39.394096 -3.490517 -2.200219 -0.117798 0.307874 -0.944107 0.603922 0.411765 1 2 1.000000
v_AK47-256
  2 39.394096 -3.490517 -2.200219 -0.117798 0.307874 -0.944107 0.603922 0.411765 1 2 1.000000
  2 37.955757 -3.318946 -1.983630 -0.082319 0.500338 -0.861908 0.611765 0.341176 1 2 1.000000
  2 38.789295 -3.339055 -2.074510 -0.040743 0.754455 -0.655086 0.615686 0.380392 1 2 1.000000
v_AK47-256
  2 37.955757 -3.318946 -1.983630 -0.082319 0.500338 -0.861908 0.611765 0.341176 1 2 1.000000
  2 35.984962 -3.173814 -1.674317 -0.108141 0.458480 -0.882101 0.611765 0.247059 1 2 1.000000
  2 38.789295 -3.339055 -2.074510 -0.040743 0.754455 -0.655086 0.615686 0.380392 1 2 1.000000
v_AK47-256
  2 39.320976 -3.726531 -1.556707 0.070369 -0.641314 0.764045 0.568627 0.403922 1 2 1.000000
  2 35.618797 -3.762495 -1.235212 -0.005312 -0.956167 0.292772 0.549020 0.227451 1 2 1.000000
  2 39.210854 -3.993652 -1.759700 -0.075115 -0.994211 -0.076829 0.549020 0.400000 1 2 1.000000
v_AK47-256
  2 35.618797 -3.762495 -1.235212 -0.005312 -0.956167 0.292772 0.549020 0.227451 1 2 1.000000
  2 39.320976 -3.726531 -1.556707 0.070369 -0.641314 0.764045 0.568627 0.403922 1 2 1.000000
  2 35.667198 -3.491396 -1.023208 0.070369 -0.641314 0.764045 0.568627 0.227451 1 2 1.000000
v_AK47-256
  77 28.281487 -1.263404 -0.963688 -0.243330 -0.258314 -0.934914 0.937255 0.325490 1 77 1.000000
  77 27.611486 -0.652570 -0.966824 -0.243330 -0.258314 -0.934914 0.882353 0.321569 1 77 1.000000
  77 28.223459 -1.126124 -0.988162 -0.243330 -0.258314 -0.934914 0.929412 0.321569 1 77 1.000000
v_AK47-256
  2 37.915073 -3.492651 -2.012384 -0.274710 0.632079 -0.724576 0.803922 0.600000 1 2 1.000000
  2 35.956287 -3.360435 -1.701830 -0.083730 0.564178 -0.821397 0.721569 0.603922 1 2 1.000000
  2 35.974159 -3.251937 -1.627228 -0.124730 0.244178 -0.961675 0.725490 0.560784 1 2 1.000000
v_AK47-256
  2 37.971916 -3.383581 -1.931201 -0.499566 -0.125571 -0.857126 0.803922 0.556863 1 2 1.000000
  2 37.915073 -3.492651 -2.012384 -0.274710 0.632079 -0.724576 0.803922 0.600000 1 2 1.000000
  2 35.974159 -3.251937 -1.627228 -0.124730 0.244178 -0.961675 0.725490 0.560784 1 2 1.000000
v_AK47-256
  2 37.971916 -3.383581 -1.931201 -0.499566 -0.125571 -0.857126 0.803922 0.556863 1 2 1.000000
  2 38.020050 -3.408258 -2.024135 -0.864115 0.094103 -0.494418 0.807843 0.556863 1 2 1.000000
  2 37.915073 -3.492651 -2.012384 -0.274710 0.632079 -0.724576 0.803922 0.600000 1 2 1.000000
v_AK47-256
  2 37.971916 -3.383581 -1.931201 -0.499566 -0.125571 -0.857126 0.803922 0.556863 1 2 1.000000
  2 37.955757 -3.318946 -1.983630 -0.533410 -0.602735 -0.593451 0.807843 0.509804 1 2 1.000000
  2 38.020050 -3.408258 -2.024135 -0.864115 0.094103 -0.494418 0.807843 0.556863 1 2 1.000000
v_AK47-256
  2 37.971916 -3.383581 -1.931201 -0.499566 -0.125571 -0.857126 0.803922 0.556863 1 2 1.000000
  2 35.984962 -3.173814 -1.674317 -0.158906 -0.587459 -0.793499 0.725490 0.505882 1 2 1.000000
  2 37.955757 -3.318946 -1.983630 -0.533410 -0.602735 -0.593451 0.807843 0.509804 1 2 1.000000
v_AK47-256
  2 37.971916 -3.383581 -1.931201 -0.499566 -0.125571 -0.857126 0.803922 0.556863 1 2 1.000000
  2 35.974159 -3.251937 -1.627228 -0.124730 0.244178 -0.961675 0.725490 0.560784 1 2 1.000000
  2 35.984962 -3.173814 -1.674317 -0.158906 -0.587459 -0.793499 0.725490 0.505882 1 2 1.000000
v_AK47-256
  2 17.863369 -1.214470 1.049682 -0.177659 -0.951673 0.250510 0.921569 0.172549 1 2 1.000000
  2 17.996149 -1.176965 1.162296 -0.041772 -0.945068 0.324194 0.909804 0.176471 1 2 1.000000
  2 17.774630 -1.138429 1.188650 -0.276591 -0.895094 0.349720 0.909804 0.164706 1 2 1.000000
v_AK47-256
  2 17.863369 -1.214470 1.049682 -0.177659 -0.951673 0.250510 0.921569 0.172549 1 2 1.000000
  2 17.955389 -1.239080 0.910529 -0.040088 -0.988791 0.143821 0.933333 0.176471 1 2 1.000000
  2 17.996149 -1.176965 1.162296 -0.041772 -0.945068 0.324194 0.909804 0.176471 1 2 1.000000
v_AK47-256
  2 17.863369 -1.214470 1.049682 -0.177659 -0.951673 0.250510 0.921569 0.172549 1 2 1.000000
  2 17.734205 -1.188425 0.933839 -0.305734 -0.938450 0.160743 0.933333 0.160784 1 2 1.000000
  2 17.955389 -1.239080 0.910529 -0.040088 -0.988791 0.143821 0.933333 0.176471 1 2 1.000000
v_AK47-256
  2 17.863369 -1.214470 1.049682 -0.177659 -0.951673 0.250510 0.921569 0.172549 1 2 1.000000
  2 17.774630 -1.138429 1.188650 -0.276591 -0.895094 0.349720 0.909804 0.164706 1 2 1.000000
  2 17.734205 -1.188425 0.933839 -0.305734 -0.938450 0.160743 0.933333 0.160784 1 2 1.000000
v_AK47-256
  2 30.843788 -3.441889 -1.049565 -0.845109 -0.313329 -0.433146 0.949020 0.949020 1 2 1.000000
  2 30.889553 -3.534654 -0.695232 -0.391836 -0.919506 -0.031185 0.941176 0.952941 1 2 1.000000
  2 30.951664 -3.440002 -0.311588 -0.559076 -0.721034 0.409321 0.929412 0.952941 1 2 1.000000
v_AK47-256
  2 31.006823 -3.193434 -0.042494 -0.793529 -0.356901 0.492882 0.921569 0.949020 1 2 1.000000
  2 30.843788 -3.441889 -1.049565 -0.845109 -0.313329 -0.433146 0.949020 0.949020 1 2 1.000000
  2 30.951664 -3.440002 -0.311588 -0.559076 -0.721034 0.409321 0.929412 0.952941 1 2 1.000000
v_AK47-256
  2 30.868607 -2.545082 -1.274836 -0.952693 -0.049369 -0.299899 0.949020 0.925490 1 2 1.000000
  2 30.843788 -3.441889 -1.049565 -0.845109 -0.313329 -0.433146 0.949020 0.949020 1 2 1.000000
  2 31.006823 -3.193434 -0.042494 -0.793529 -0.356901 0.492882 0.921569 0.949020 1 2 1.000000
v_AK47-256
  2 31.006823 -3.193434 -0.042494 -0.793529 -0.356901 0.492882 0.921569 0.949020 1 2 1.000000
  2 31.031643 -2.296628 -0.267767 -0.986732 0.083697 0.139119 0.921569 0.925490 1 2 1.000000
  2 30.868607 -2.545082 -1.274836 -0.952693 -0.049369 -0.299899 0.949020 0.925490 1 2 1.000000
v_AK47-256
  2 27.962486 -3.380008 -0.350752 -0.965019 0.243806 0.096424 0.850980 0.827451 1 2 1.000000
  2 27.930864 -3.631973 -0.022812 -0.965019 0.243806 0.096424 0.819608 0.866667 1 2 1.000000
  2 27.972593 -3.464690 -0.070840 -0.965019 0.243806 0.096424 0.819608 0.847059 1 2 1.000000
v_AK47-256
  2 27.984238 -3.446945 0.001095 -0.965019 0.243806 0.096424 0.807843 0.847059 1 2 1.000000
  2 27.962486 -3.380008 -0.350752 -0.965019 0.243806 0.096424 0.850980 0.827451 1 2 1.000000
  2 27.972593 -3.464690 -0.070840 -0.965019 0.243806 0.096424 0.819608 0.847059 1 2 1.000000
v_AK47-256
  2 28.051767 -3.243948 0.200736 -0.965019 0.243806 0.096424 0.776471 0.827451 1 2 1.000000
  2 27.962486 -3.380008 -0.350752 -0.965019 0.243806 0.096424 0.850980 0.827451 1 2 1.000000
  2 27.984238 -3.446945 0.001095 -0.965019 0.243806 0.096424 0.807843 0.847059 1 2 1.000000
v_AK47-256
  2 27.984238 -3.446945 0.001095 -0.965019 0.243806 0.096424 0.807843 0.847059 1 2 1.000000
  2 27.985210 -3.549156 0.312876 -0.965019 0.243806 0.096424 0.772549 0.866667 1 2 1.000000
  2 28.051767 -3.243948 0.200736 -0.965019 0.243806 0.096424 0.776471 0.827451 1 2 1.000000
v_AK47-256
  2 35.670570 -3.033549 -1.201875 0.026728 0.969512 -0.243582 0.262745 0.733333 1 2 1.000000
  2 38.789295 -3.339055 -2.074510 -0.040743 0.754455 -0.655086 0.470588 0.733333 1 2 1.000000
  2 35.604584 -3.134113 -1.609499 -0.067960 0.722994 -0.687504 0.262745 0.733333 1 2 1.000000
v_AK47-256
  2 35.670570 -3.033549 -1.201875 0.026728 0.969512 -0.243582 0.262745 0.733333 1 2 1.000000
  2 38.857224 -3.235535 -1.654897 0.026728 0.969512 -0.243582 0.478431 0.733333 1 2 1.000000
  2 38.789295 -3.339055 -2.074510 -0.040743 0.754455 -0.655086 0.470588 0.733333 1 2 1.000000
v_AK47-256
  2 29.978651 -3.518429 -0.525704 0.026728 0.969512 -0.243582 0.137255 0.109804 1 2 1.000000
  2 28.062870 -3.266242 0.113210 0.026728 0.969512 -0.243582 0.117647 0.109804 1 2 1.000000
  2 30.032997 -3.435613 -0.190014 0.026728 0.969512 -0.243582 0.133333 0.101961 1 2 1.000000
v_AK47-256
  2 28.000759 -3.360893 -0.270435 0.026728 0.969512 -0.243582 0.133333 0.117647 1 2 1.000000
  2 28.062870 -3.266242 0.113210 0.026728 0.969512 -0.243582 0.117647 0.109804 1 2 1.000000
  2 29.978651 -3.518429 -0.525704 0.026728 0.969512 -0.243582 0.137255 0.109804 1 2 1.000000
v_AK47-256
  2 28.000759 -3.360893 -0.270435 0.026728 0.969512 -0.243582 0.133333 0.117647 1 2 1.000000
  2 28.051767 -3.243948 0.200736 0.026728 0.969512 -0.243582 0.117647 0.121569 1 2 1.000000
  2 28.062870 -3.266242 0.113210 0.026728 0.969512 -0.243582 0.117647 0.109804 1 2 1.000000
v_AK47-256
  2 28.000759 -3.360893 -0.270435 0.026728 0.969512 -0.243582 0.133333 0.117647 1 2 1.000000
  2 27.962486 -3.380008 -0.350752 0.026728 0.969512 -0.243582 0.121569 0.125490 1 2 1.000000
  2 28.051767 -3.243948 0.200736 0.026728 0.969512 -0.243582 0.117647 0.121569 1 2 1.000000
v_AK47-256
  2 28.000759 -3.360893 -0.270435 0.026728 0.969512 -0.243582 0.133333 0.117647 1 2 1.000000
  2 27.999519 -3.382390 -0.356161 0.026728 0.969512 -0.243582 0.117647 0.113725 1 2 1.000000
  2 27.962486 -3.380008 -0.350752 0.026728 0.969512 -0.243582 0.121569 0.125490 1 2 1.000000
v_AK47-256
  2 28.062870 -3.266242 0.113210 0.026728 0.969512 -0.243582 0.117647 0.109804 1 2 1.000000
  2 28.051767 -3.243948 0.200736 0.026728 0.969512 -0.243582 0.117647 0.121569 1 2 1.000000
  2 28.086857 -3.249290 0.183342 0.026728 0.969512 -0.243582 0.109804 0.117647 1 2 1.000000
v_AK47-256
  77 28.611361 1.646234 -1.200589 0.894578 -0.444302 -0.048225 0.992157 0.196078 1 77 1.000000
  77 29.085608 2.679482 -1.962365 0.894578 -0.444302 -0.048225 0.949020 0.109804 1 77 1.000000
  77 29.151598 2.780047 -1.554742 0.894578 -0.444302 -0.048225 0.992157 0.109804 1 77 1.000000
v_AK47-256
  2 21.836575 -1.787525 0.078657 -0.715902 -0.640346 0.278282 0.741176 0.513725 1 2 1.000000
  2 21.565323 -1.533805 -0.070355 -0.876057 -0.413500 0.248074 0.792157 0.482353 1 2 1.000000
  2 21.817165 -1.817103 -0.041231 -0.715902 -0.640346 0.278282 0.792157 0.513725 1 2 1.000000
v_AK47-256
  2 21.836575 -1.787525 0.078657 -0.715902 -0.640346 0.278282 0.741176 0.513725 1 2 1.000000
  2 21.586674 -1.501267 0.061523 -0.956920 -0.205077 0.205541 0.741176 0.482353 1 2 1.000000
  2 21.565323 -1.533805 -0.070355 -0.876057 -0.413500 0.248074 0.792157 0.482353 1 2 1.000000
v_AK47-256
  2 21.565323 -1.533805 -0.070355 -0.876057 -0.413500 0.248074 0.792157 0.482353 1 2 1.000000
  2 21.586674 -1.501267 0.061523 -0.956920 -0.205077 0.205541 0.741176 0.482353 1 2 1.000000
  2 21.564648 -1.178600 -0.144845 -0.987697 0.024722 0.154411 0.788235 0.431373 1 2 1.000000
v_AK47-256
  2 21.586674 -1.501267 0.061523 -0.956920 -0.205077 0.205541 0.741176 0.482353 1 2 1.000000
  2 21.584057 -1.149022 -0.024957 -0.987697 0.024722 0.154411 0.737255 0.431373 1 2 1.000000
  2 21.564648 -1.178600 -0.144845 -0.987697 0.024722 0.154411 0.788235 0.431373 1 2 1.000000
v_AK47-256
  2 22.368473 -0.490741 0.115733 -0.928989 0.362840 0.072986 0.321569 0.756863 1 2 1.000000
  2 22.444550 -0.422793 0.086652 -0.684547 0.726875 -0.055201 0.329412 0.749020 1 2 1.000000
  2 22.371132 -0.523071 -0.371971 -0.684547 0.726875 -0.055201 0.329412 0.749020 1 2 1.000000
v_AK47-256
  2 22.295057 -0.591019 -0.342891 -0.894913 -0.382050 0.230581 0.321569 0.756863 1 2 1.000000
  2 22.368473 -0.490741 0.115733 -0.928989 0.362840 0.072986 0.321569 0.756863 1 2 1.000000
  2 22.371132 -0.523071 -0.371971 -0.684547 0.726875 -0.055201 0.329412 0.749020 1 2 1.000000
v_AK47-256
  2 22.453541 -0.544779 0.115292 -0.566018 -0.779741 0.267633 0.329412 0.764706 1 2 1.000000
  2 22.368473 -0.490741 0.115733 -0.928989 0.362840 0.072986 0.321569 0.756863 1 2 1.000000
  2 22.295057 -0.591019 -0.342891 -0.894913 -0.382050 0.230581 0.321569 0.756863 1 2 1.000000
v_AK47-256
  2 22.380123 -0.645057 -0.343331 -0.566018 -0.779741 0.267633 0.329412 0.764706 1 2 1.000000
  2 22.453541 -0.544779 0.115292 -0.566018 -0.779741 0.267633 0.329412 0.764706 1 2 1.000000
  2 22.295057 -0.591019 -0.342891 -0.894913 -0.382050 0.230581 0.321569 0.756863 1 2 1.000000
v_AK47-256
  2 31.124479 -3.451125 -0.336821 0.023053 -0.852903 0.521560 0.235294 0.419608 1 2 1.000000
  2 31.179638 -3.204555 -0.067728 0.053886 -0.730828 0.680431 0.235294 0.396078 1 2 1.000000
  2 31.006823 -3.193434 -0.042494 -0.793529 -0.356901 0.492882 0.203922 0.396078 1 2 1.000000
v_AK47-256
  2 30.951664 -3.440002 -0.311588 -0.559076 -0.721034 0.409321 0.203922 0.419608 1 2 1.000000
  2 31.124479 -3.451125 -0.336821 0.023053 -0.852903 0.521560 0.235294 0.419608 1 2 1.000000
  2 31.006823 -3.193434 -0.042494 -0.793529 -0.356901 0.492882 0.203922 0.396078 1 2 1.000000
v_AK47-256
  2 31.062370 -3.545775 -0.720467 -0.051306 -0.994917 0.086651 0.235294 0.415686 1 2 1.000000
  2 31.124479 -3.451125 -0.336821 0.023053 -0.852903 0.521560 0.235294 0.419608 1 2 1.000000
  2 30.951664 -3.440002 -0.311588 -0.559076 -0.721034 0.409321 0.203922 0.419608 1 2 1.000000
v_AK47-256
  2 30.889553 -3.534654 -0.695232 -0.391836 -0.919506 -0.031185 0.203922 0.415686 1 2 1.000000
  2 31.062370 -3.545775 -0.720467 -0.051306 -0.994917 0.086651 0.235294 0.415686 1 2 1.000000
  2 30.951664 -3.440002 -0.311588 -0.559076 -0.721034 0.409321 0.203922 0.419608 1 2 1.000000
v_AK47-256
  2 31.016602 -3.453013 -1.074797 -0.134950 -0.813660 -0.565461 0.235294 0.396078 1 2 1.000000
  2 31.062370 -3.545775 -0.720467 -0.051306 -0.994917 0.086651 0.235294 0.415686 1 2 1.000000
  2 30.889553 -3.534654 -0.695232 -0.391836 -0.919506 -0.031185 0.203922 0.415686 1 2 1.000000
v_AK47-256
  2 30.843788 -3.441889 -1.049565 -0.845109 -0.313329 -0.433146 0.203922 0.400000 1 2 1.000000
  2 31.016602 -3.453013 -1.074797 -0.134950 -0.813660 -0.565461 0.235294 0.396078 1 2 1.000000
  2 30.889553 -3.534654 -0.695232 -0.391836 -0.919506 -0.031185 0.203922 0.415686 1 2 1.000000
v_AK47-256
  2 31.041420 -2.556206 -1.300070 -0.153642 -0.234205 -0.959970 0.235294 0.345098 1 2 1.000000
  2 31.016602 -3.453013 -1.074797 -0.134950 -0.813660 -0.565461 0.235294 0.396078 1 2 1.000000
  2 30.843788 -3.441889 -1.049565 -0.845109 -0.313329 -0.433146 0.203922 0.400000 1 2 1.000000
v_AK47-256
  2 31.041420 -2.556206 -1.300070 -0.153642 -0.234205 -0.959970 0.235294 0.345098 1 2 1.000000
  2 30.843788 -3.441889 -1.049565 -0.845109 -0.313329 -0.433146 0.203922 0.400000 1 2 1.000000
  2 30.868607 -2.545082 -1.274836 -0.952693 -0.049369 -0.299899 0.203922 0.341176 1 2 1.000000
v_AK47-256
  2 37.973091 -3.811279 -1.734643 -0.227759 -0.969453 -0.091027 0.807843 0.560784 1 2 1.000000
  2 38.039993 -3.873395 -1.769246 -0.743911 -0.668078 -0.016377 0.807843 0.564706 1 2 1.000000
  2 37.970047 -3.877572 -1.639596 -0.361555 -0.769304 -0.526735 0.807843 0.600000 1 2 1.000000
v_AK47-256
  2 37.973091 -3.811279 -1.734643 -0.227759 -0.969453 -0.091027 0.807843 0.560784 1 2 1.000000
  2 37.907257 -3.798366 -1.844465 -0.348080 -0.921947 0.169864 0.807843 0.505882 1 2 1.000000
  2 38.039993 -3.873395 -1.769246 -0.743911 -0.668078 -0.016377 0.807843 0.564706 1 2 1.000000
v_AK47-256
  2 37.973091 -3.811279 -1.734643 -0.227759 -0.969453 -0.091027 0.807843 0.560784 1 2 1.000000
  2 37.573975 -3.776919 -1.795802 -0.065436 -0.997698 -0.017815 0.792157 0.505882 1 2 1.000000
  2 37.907257 -3.798366 -1.844465 -0.348080 -0.921947 0.169864 0.807843 0.505882 1 2 1.000000
v_AK47-256
  2 37.973091 -3.811279 -1.734643 -0.227759 -0.969453 -0.091027 0.807843 0.560784 1 2 1.000000
  2 37.302074 -3.771559 -1.753106 -0.065436 -0.997698 -0.017815 0.780392 0.505882 1 2 1.000000
  2 37.573975 -3.776919 -1.795802 -0.065436 -0.997698 -0.017815 0.792157 0.505882 1 2 1.000000
v_AK47-256
  2 37.973091 -3.811279 -1.734643 -0.227759 -0.969453 -0.091027 0.807843 0.560784 1 2 1.000000
  2 36.956451 -3.749322 -1.702638 -0.065436 -0.997698 -0.017815 0.764706 0.505882 1 2 1.000000
  2 37.302074 -3.771559 -1.753106 -0.065436 -0.997698 -0.017815 0.780392 0.505882 1 2 1.000000
v_AK47-256
  2 37.973091 -3.811279 -1.734643 -0.227759 -0.969453 -0.091027 0.807843 0.560784 1 2 1.000000
  2 36.660194 -3.730254 -1.659382 -0.065436 -0.997698 -0.017815 0.752941 0.505882 1 2 1.000000
  2 36.956451 -3.749322 -1.702638 -0.065436 -0.997698 -0.017815 0.764706 0.505882 1 2 1.000000
v_AK47-256
  2 37.973091 -3.811279 -1.734643 -0.227759 -0.969453 -0.091027 0.807843 0.560784 1 2 1.000000
  2 36.302223 -3.707219 -1.607114 -0.075115 -0.994211 -0.076829 0.741176 0.505882 1 2 1.000000
  2 36.660194 -3.730254 -1.659382 -0.065436 -0.997698 -0.017815 0.752941 0.505882 1 2 1.000000
v_AK47-256
  2 37.973091 -3.811279 -1.734643 -0.227759 -0.969453 -0.091027 0.807843 0.560784 1 2 1.000000
  2 35.958775 -3.696876 -1.449802 -0.112356 -0.932746 -0.342580 0.721569 0.560784 1 2 1.000000
  2 36.302223 -3.707219 -1.607114 -0.075115 -0.994211 -0.076829 0.741176 0.505882 1 2 1.000000
v_AK47-256
  2 35.956596 -3.684974 -1.556647 -0.075115 -0.994211 -0.076829 0.725490 0.505882 1 2 1.000000
  2 36.302223 -3.707219 -1.607114 -0.075115 -0.994211 -0.076829 0.741176 0.505882 1 2 1.000000
  2 35.958775 -3.696876 -1.449802 -0.112356 -0.932746 -0.342580 0.721569 0.560784 1 2 1.000000
v_AK47-256
  2 37.973091 -3.811279 -1.734643 -0.227759 -0.969453 -0.091027 0.807843 0.560784 1 2 1.000000
  2 37.970047 -3.877572 -1.639596 -0.361555 -0.769304 -0.526735 0.807843 0.600000 1 2 1.000000
  2 35.958775 -3.696876 -1.449802 -0.112356 -0.932746 -0.342580 0.721569 0.560784 1 2 1.000000
v_AK47-256
  2 37.970047 -3.877572 -1.639596 -0.361555 -0.769304 -0.526735 0.807843 0.600000 1 2 1.000000
  2 35.970009 -3.761006 -1.344568 -0.122242 -0.846974 -0.517390 0.721569 0.603922 1 2 1.000000
  2 35.958775 -3.696876 -1.449802 -0.112356 -0.932746 -0.342580 0.721569 0.560784 1 2 1.000000
v_AK47-256
  78 27.667654 -2.250305 -0.659933 -0.029571 -0.973676 0.226008 0.662745 0.917647 1 78 1.000000
  78 27.596384 -2.319702 -0.944064 -0.007527 -0.933384 0.358801 0.725490 0.917647 1 78 1.000000
  78 27.926874 -2.266986 -0.697783 -0.029571 -0.973676 0.226008 0.662745 0.929412 1 78 1.000000
v_AK47-256
  78 27.926874 -2.266986 -0.697783 -0.029571 -0.973676 0.226008 0.662745 0.929412 1 78 1.000000
  78 27.596384 -2.319702 -0.944064 -0.007527 -0.933384 0.358801 0.725490 0.917647 1 78 1.000000
  78 27.892637 -2.338769 -0.987320 0.020480 -0.888283 0.458839 0.725490 0.929412 1 78 1.000000
v_AK47-256
  78 27.596384 -2.319702 -0.944064 -0.007527 -0.933384 0.358801 0.725490 0.917647 1 78 1.000000
  78 27.561039 -2.454819 -1.126566 0.020480 -0.888283 0.458839 0.772549 0.917647 1 78 1.000000
  78 27.892637 -2.338769 -0.987320 0.020480 -0.888283 0.458839 0.725490 0.929412 1 78 1.000000
v_AK47-256
  78 27.892637 -2.338769 -0.987320 0.020480 -0.888283 0.458839 0.725490 0.929412 1 78 1.000000
  78 27.561039 -2.454819 -1.126566 0.020480 -0.888283 0.458839 0.772549 0.917647 1 78 1.000000
  78 27.721512 -2.465145 -1.149996 -0.018655 -0.955868 0.293204 0.772549 0.925490 1 78 1.000000
v_AK47-256
  78 27.561039 -2.454819 -1.126566 0.020480 -0.888283 0.458839 0.772549 0.917647 1 78 1.000000
  78 27.565746 -2.483247 -1.341872 -0.109484 -0.990127 0.087531 0.815686 0.913725 1 78 1.000000
  78 27.721512 -2.465145 -1.149996 -0.018655 -0.955868 0.293204 0.772549 0.925490 1 78 1.000000
v_AK47-256
  78 27.721512 -2.465145 -1.149996 -0.018655 -0.955868 0.293204 0.772549 0.925490 1 78 1.000000
  78 27.565746 -2.483247 -1.341872 -0.109484 -0.990127 0.087531 0.815686 0.913725 1 78 1.000000
  78 27.727043 -2.527916 -1.604588 -0.141457 -0.987556 0.068723 0.866667 0.925490 1 78 1.000000
v_AK47-256
  78 27.565746 -2.483247 -1.341872 -0.109484 -0.990127 0.087531 0.815686 0.913725 1 78 1.000000
  78 27.658800 -2.514277 -1.557808 -0.235427 -0.971821 0.011694 0.862745 0.913725 1 78 1.000000
  78 27.727043 -2.527916 -1.604588 -0.141457 -0.987556 0.068723 0.866667 0.925490 1 78 1.000000
v_AK47-256
  2 22.148119 -1.207281 -0.297392 -0.178159 0.590438 -0.787173 0.639216 0.623529 1 2 1.000000
  2 22.134476 -1.142426 -0.246020 -0.207607 0.601982 -0.771049 0.639216 0.615686 1 2 1.000000
  2 23.879463 -0.957371 -0.600237 -0.461308 0.434295 -0.773681 0.811765 0.627451 1 2 1.000000
v_AK47-256
  2 22.134476 -1.142426 -0.246020 -0.207607 0.601982 -0.771049 0.639216 0.615686 1 2 1.000000
  2 23.858992 -0.937749 -0.575698 -0.734381 0.237167 -0.635953 0.811765 0.627451 1 2 1.000000
  2 23.879463 -0.957371 -0.600237 -0.461308 0.434295 -0.773681 0.811765 0.627451 1 2 1.000000
v_AK47-256
  2 23.879463 -0.957371 -0.600237 -0.461308 0.434295 -0.773681 0.811765 0.627451 1 2 1.000000
  2 23.858992 -0.937749 -0.575698 -0.734381 0.237167 -0.635953 0.811765 0.627451 1 2 1.000000
  2 23.882145 -0.860420 -0.624589 -0.771645 0.383574 -0.507381 0.815686 0.615686 1 2 1.000000
v_AK47-256
  2 23.858992 -0.937749 -0.575698 -0.734381 0.237167 -0.635953 0.811765 0.627451 1 2 1.000000
  2 23.873684 -0.853707 -0.598810 -0.489769 0.823456 -0.286438 0.815686 0.615686 1 2 1.000000
  2 23.882145 -0.860420 -0.624589 -0.771645 0.383574 -0.507381 0.815686 0.615686 1 2 1.000000
v_AK47-256
  2 24.806450 -1.107985 -0.687082 0.048580 -0.694610 -0.717744 0.894118 0.662745 1 2 1.000000
  2 23.168156 -1.570271 -0.346906 -0.040570 -0.706763 -0.706286 0.733333 0.690196 1 2 1.000000
  2 24.766544 -1.075159 -0.714787 0.048580 -0.694610 -0.717744 0.890196 0.658824 1 2 1.000000
v_AK47-256
  2 24.806450 -1.107985 -0.687082 0.048580 -0.694610 -0.717744 0.894118 0.662745 1 2 1.000000
  2 23.183374 -1.601506 -0.315597 -0.160111 -0.697133 -0.698835 0.733333 0.698039 1 2 1.000000
  2 23.168156 -1.570271 -0.346906 -0.040570 -0.706763 -0.706286 0.733333 0.690196 1 2 1.000000
v_AK47-256
  2 23.168156 -1.570271 -0.346906 -0.040570 -0.706763 -0.706286 0.733333 0.690196 1 2 1.000000
  2 23.183374 -1.601506 -0.315597 -0.160111 -0.697133 -0.698835 0.733333 0.698039 1 2 1.000000
  2 22.726460 -1.444723 -0.306375 -0.143390 -0.749818 -0.645920 0.694118 0.658824 1 2 1.000000
v_AK47-256
  2 23.183374 -1.601506 -0.315597 -0.160111 -0.697133 -0.698835 0.733333 0.698039 1 2 1.000000
  2 22.716991 -1.474370 -0.271461 -0.027647 -0.773762 -0.632873 0.690196 0.666667 1 2 1.000000
  2 22.726460 -1.444723 -0.306375 -0.143390 -0.749818 -0.645920 0.694118 0.658824 1 2 1.000000
v_AK47-256
  2 22.726460 -1.444723 -0.306375 -0.143390 -0.749818 -0.645920 0.694118 0.658824 1 2 1.000000
  2 22.716991 -1.474370 -0.271461 -0.027647 -0.773762 -0.632873 0.690196 0.666667 1 2 1.000000
  2 22.260561 -1.545396 -0.245212 0.130060 -0.799668 -0.586188 0.643137 0.666667 1 2 1.000000
v_AK47-256
  2 22.716991 -1.474370 -0.271461 -0.027647 -0.773762 -0.632873 0.690196 0.666667 1 2 1.000000
  2 22.268589 -1.591200 -0.170046 0.174225 -0.801980 -0.571379 0.639216 0.674510 1 2 1.000000
  2 22.260561 -1.545396 -0.245212 0.130060 -0.799668 -0.586188 0.643137 0.666667 1 2 1.000000
v_AK47-256
  2 22.260561 -1.545396 -0.245212 0.130060 -0.799668 -0.586188 0.643137 0.666667 1 2 1.000000
  2 22.268589 -1.591200 -0.170046 0.174225 -0.801980 -0.571379 0.639216 0.674510 1 2 1.000000
  2 22.097744 -1.619901 -0.200471 0.130060 -0.799668 -0.586188 0.627451 0.670588 1 2 1.000000
v_AK47-256
  2 22.268589 -1.591200 -0.170046 0.174225 -0.801980 -0.571379 0.639216 0.674510 1 2 1.000000
  2 22.118114 -1.666502 -0.127107 0.050429 -0.803862 -0.592674 0.623529 0.678431 1 2 1.000000
  2 22.097744 -1.619901 -0.200471 0.130060 -0.799668 -0.586188 0.627451 0.670588 1 2 1.000000
v_AK47-256
  2 22.097744 -1.619901 -0.200471 0.130060 -0.799668 -0.586188 0.627451 0.670588 1 2 1.000000
  2 22.118114 -1.666502 -0.127107 0.050429 -0.803862 -0.592674 0.623529 0.678431 1 2 1.000000
  2 21.961626 -1.623281 -0.177600 -0.195739 -0.744356 -0.638452 0.611765 0.670588 1 2 1.000000
v_AK47-256
  2 22.118114 -1.666502 -0.127107 0.050429 -0.803862 -0.592674 0.623529 0.678431 1 2 1.000000
  2 21.907263 -1.689356 -0.087334 -0.371400 -0.647922 -0.665026 0.603922 0.678431 1 2 1.000000
  2 21.961626 -1.623281 -0.177600 -0.195739 -0.744356 -0.638452 0.611765 0.670588 1 2 1.000000
v_AK47-256
  2 21.961626 -1.623281 -0.177600 -0.195739 -0.744356 -0.638452 0.611765 0.670588 1 2 1.000000
  2 21.907263 -1.689356 -0.087334 -0.371400 -0.647922 -0.665026 0.603922 0.678431 1 2 1.000000
  2 21.829533 -1.481236 -0.191260 -0.580958 -0.425858 -0.693638 0.603922 0.650980 1 2 1.000000
v_AK47-256
  2 21.907263 -1.689356 -0.087334 -0.371400 -0.647922 -0.665026 0.603922 0.678431 1 2 1.000000
  2 21.739479 -1.496449 -0.107764 -0.630328 -0.307661 -0.712763 0.592157 0.650980 1 2 1.000000
  2 21.829533 -1.481236 -0.191260 -0.580958 -0.425858 -0.693638 0.603922 0.650980 1 2 1.000000
v_AK47-256
  2 21.829533 -1.481236 -0.191260 -0.580958 -0.425858 -0.693638 0.603922 0.650980 1 2 1.000000
  2 21.739479 -1.496449 -0.107764 -0.630328 -0.307661 -0.712763 0.592157 0.650980 1 2 1.000000
  2 21.822556 -1.286536 -0.238166 -0.597729 0.017138 -0.801515 0.607843 0.627451 1 2 1.000000
v_AK47-256
  2 21.739479 -1.496449 -0.107764 -0.630328 -0.307661 -0.712763 0.592157 0.650980 1 2 1.000000
  2 21.723776 -1.237402 -0.156100 -0.500492 0.270195 -0.822497 0.603922 0.623529 1 2 1.000000
  2 21.822556 -1.286536 -0.238166 -0.597729 0.017138 -0.801515 0.607843 0.627451 1 2 1.000000
v_AK47-256
  2 21.822556 -1.286536 -0.238166 -0.597729 0.017138 -0.801515 0.607843 0.627451 1 2 1.000000
  2 21.723776 -1.237402 -0.156100 -0.500492 0.270195 -0.822497 0.603922 0.623529 1 2 1.000000
  2 21.985039 -1.224149 -0.279863 -0.317162 0.559052 -0.766074 0.623529 0.627451 1 2 1.000000
v_AK47-256
  2 21.723776 -1.237402 -0.156100 -0.500492 0.270195 -0.822497 0.603922 0.623529 1 2 1.000000
  2 21.948648 -1.154750 -0.212896 -0.212881 0.572333 -0.791907 0.619608 0.619608 1 2 1.000000
  2 21.985039 -1.224149 -0.279863 -0.317162 0.559052 -0.766074 0.623529 0.627451 1 2 1.000000
v_AK47-256
  2 21.985039 -1.224149 -0.279863 -0.317162 0.559052 -0.766074 0.623529 0.627451 1 2 1.000000
  2 21.948648 -1.154750 -0.212896 -0.212881 0.572333 -0.791907 0.619608 0.619608 1 2 1.000000
  2 22.148119 -1.207281 -0.297392 -0.178159 0.590438 -0.787173 0.639216 0.623529 1 2 1.000000
v_AK47-256
  2 21.948648 -1.154750 -0.212896 -0.212881 0.572333 -0.791907 0.619608 0.619608 1 2 1.000000
  2 22.134476 -1.142426 -0.246020 -0.207607 0.601982 -0.771049 0.639216 0.615686 1 2 1.000000
  2 22.148119 -1.207281 -0.297392 -0.178159 0.590438 -0.787173 0.639216 0.623529 1 2 1.000000
v_AK47-256
  2 26.441292 -0.793865 -0.898916 -0.036520 -0.867353 -0.496351 0.725490 0.764706 1 2 1.000000
  2 26.626350 -0.832757 -0.828050 0.047213 -0.536275 -0.842722 0.741176 0.768627 1 2 1.000000
  2 26.226151 -0.904508 -0.849822 0.114132 -0.405793 -0.906811 0.705882 0.772549 1 2 1.000000
v_AK47-256
  2 26.626350 -0.832757 -0.828050 0.047213 -0.536275 -0.842722 0.741176 0.768627 1 2 1.000000
  2 26.207584 -1.373906 -0.770108 0.098258 -0.047864 -0.994009 0.705882 0.807843 1 2 1.000000
  2 26.226151 -0.904508 -0.849822 0.114132 -0.405793 -0.906811 0.705882 0.772549 1 2 1.000000
v_AK47-256
  2 26.207584 -1.373906 -0.770108 0.098258 -0.047864 -0.994009 0.705882 0.807843 1 2 1.000000
  2 26.626350 -0.832757 -0.828050 0.047213 -0.536275 -0.842722 0.741176 0.768627 1 2 1.000000
  2 26.599873 -1.453498 -0.735782 0.044029 0.403052 -0.914117 0.741176 0.815686 1 2 1.000000
v_AK47-256
  2 26.207584 -1.373906 -0.770108 0.098258 -0.047864 -0.994009 0.705882 0.807843 1 2 1.000000
  2 26.599873 -1.453498 -0.735782 0.044029 0.403052 -0.914117 0.741176 0.815686 1 2 1.000000
  2 26.411463 -1.535794 -0.776208 0.044029 0.403052 -0.914117 0.725490 0.819608 1 2 1.000000
v_AK47-256
  2 26.411463 -1.535794 -0.776208 0.044029 0.403052 -0.914117 0.725490 0.819608 1 2 1.000000
  2 26.599873 -1.453498 -0.735782 0.044029 0.403052 -0.914117 0.741176 0.815686 1 2 1.000000
  2 28.796701 -1.719547 -1.090954 -0.170215 0.559862 -0.810914 0.937255 0.819608 1 2 1.000000
v_AK47-256
  2 26.599873 -1.453498 -0.735782 0.044029 0.403052 -0.914117 0.741176 0.815686 1 2 1.000000
  2 28.616066 -1.634699 -0.978382 -0.312890 0.184111 -0.931774 0.917647 0.815686 1 2 1.000000
  2 28.796701 -1.719547 -1.090954 -0.170215 0.559862 -0.810914 0.937255 0.819608 1 2 1.000000
v_AK47-256
  2 28.796701 -1.719547 -1.090954 -0.170215 0.559862 -0.810914 0.937255 0.819608 1 2 1.000000
  2 28.616066 -1.634699 -0.978382 -0.312890 0.184111 -0.931774 0.917647 0.815686 1 2 1.000000
  2 28.988155 -1.570958 -1.145575 -0.396513 0.025439 -0.917676 0.952941 0.807843 1 2 1.000000
v_AK47-256
  2 28.616066 -1.634699 -0.978382 -0.312890 0.184111 -0.931774 0.917647 0.815686 1 2 1.000000
  2 29.006054 -1.125799 -1.219200 -0.359530 -0.263863 -0.895050 0.952941 0.772549 1 2 1.000000
  2 28.988155 -1.570958 -1.145575 -0.396513 0.025439 -0.917676 0.952941 0.807843 1 2 1.000000
v_AK47-256
  2 29.006054 -1.125799 -1.219200 -0.359530 -0.263863 -0.895050 0.952941 0.772549 1 2 1.000000
  2 28.616066 -1.634699 -0.978382 -0.312890 0.184111 -0.931774 0.917647 0.815686 1 2 1.000000
  2 28.552250 -1.014313 -1.082009 -0.265669 -0.696541 -0.666521 0.909804 0.768627 1 2 1.000000
v_AK47-256
  2 29.006054 -1.125799 -1.219200 -0.359530 -0.263863 -0.895050 0.952941 0.772549 1 2 1.000000
  2 28.552250 -1.014313 -1.082009 -0.265669 -0.696541 -0.666521 0.909804 0.768627 1 2 1.000000
  2 28.848938 -0.994284 -1.226212 -0.262833 -0.720807 -0.641371 0.937255 0.764706 1 2 1.000000
v_AK47-256
  2 28.848938 -0.994284 -1.226212 -0.262833 -0.720807 -0.641371 0.937255 0.764706 1 2 1.000000
  2 28.552250 -1.014313 -1.082009 -0.265669 -0.696541 -0.666521 0.909804 0.768627 1 2 1.000000
  2 26.441292 -0.793865 -0.898916 -0.036520 -0.867353 -0.496351 0.725490 0.764706 1 2 1.000000
v_AK47-256
  2 28.552250 -1.014313 -1.082009 -0.265669 -0.696541 -0.666521 0.909804 0.768627 1 2 1.000000
  2 26.626350 -0.832757 -0.828050 0.047213 -0.536275 -0.842722 0.741176 0.768627 1 2 1.000000
  2 26.441292 -0.793865 -0.898916 -0.036520 -0.867353 -0.496351 0.725490 0.764706 1 2 1.000000
v_AK47-256
  78 27.663162 -2.356730 -1.597383 0.029571 0.973676 -0.226008 0.815686 0.890196 1 78 1.000000
  78 27.572718 -2.298504 -1.375547 0.029571 0.973676 -0.226008 0.788235 0.901961 1 78 1.000000
  78 27.731401 -2.370369 -1.644163 0.029571 0.973676 -0.226008 0.819608 0.886275 1 78 1.000000
v_AK47-256
  78 27.731401 -2.370369 -1.644163 0.029571 0.973676 -0.226008 0.819608 0.886275 1 78 1.000000
  78 27.572718 -2.298504 -1.375547 0.029571 0.973676 -0.226008 0.788235 0.901961 1 78 1.000000
  78 27.727211 -2.259122 -1.201748 0.029571 0.973676 -0.226008 0.764706 0.890196 1 78 1.000000
v_AK47-256
  78 27.572718 -2.298504 -1.375547 0.029571 0.973676 -0.226008 0.788235 0.901961 1 78 1.000000
  78 27.670670 -2.141233 -0.687332 0.029571 0.973676 -0.226008 0.701961 0.901961 1 78 1.000000
  78 27.727211 -2.259122 -1.201748 0.029571 0.973676 -0.226008 0.764706 0.890196 1 78 1.000000
v_AK47-256
  78 27.727211 -2.259122 -1.201748 0.029571 0.973676 -0.226008 0.764706 0.890196 1 78 1.000000
  78 27.670670 -2.141233 -0.687332 0.029571 0.973676 -0.226008 0.701961 0.901961 1 78 1.000000
  78 27.897594 -2.226739 -1.002729 0.029571 0.973676 -0.226008 0.737255 0.878431 1 78 1.000000
v_AK47-256
  78 27.670670 -2.141233 -0.687332 0.029571 0.973676 -0.226008 0.701961 0.901961 1 78 1.000000
  78 27.929892 -2.157915 -0.725182 0.029571 0.973676 -0.226008 0.701961 0.878431 1 78 1.000000
  78 27.897594 -2.226739 -1.002729 0.029571 0.973676 -0.226008 0.737255 0.878431 1 78 1.000000
v_AK47-256
  2 45.246964 -2.484887 -3.043954 -0.029751 0.825158 -0.564118 0.615686 0.419608 1 2 1.000000
  2 45.215866 -2.644747 -3.273171 -0.064478 0.668094 -0.741278 0.607843 0.419608 1 2 1.000000
  2 43.815079 -2.392740 -2.834880 -0.463872 0.774919 -0.429329 0.615686 0.231373 1 2 1.000000
v_AK47-256
  2 43.815079 -2.392740 -2.834880 -0.463872 0.774919 -0.429329 0.615686 0.231373 1 2 1.000000
  2 45.215866 -2.644747 -3.273171 -0.064478 0.668094 -0.741278 0.607843 0.419608 1 2 1.000000
  2 43.773918 -2.536731 -3.053348 -0.656065 0.404072 -0.637421 0.611765 0.227451 1 2 1.000000
v_AK47-256
  2 45.215866 -2.644747 -3.273171 -0.064478 0.668094 -0.741278 0.607843 0.419608 1 2 1.000000
  2 45.191692 -2.913746 -3.320187 -0.146372 -0.012482 -0.989151 0.588235 0.415686 1 2 1.000000
  2 43.773918 -2.536731 -3.053348 -0.656065 0.404072 -0.637421 0.611765 0.227451 1 2 1.000000
v_AK47-256
  2 43.773918 -2.536731 -3.053348 -0.656065 0.404072 -0.637421 0.611765 0.227451 1 2 1.000000
  2 45.191692 -2.913746 -3.320187 -0.146372 -0.012482 -0.989151 0.588235 0.415686 1 2 1.000000
  2 43.747467 -2.820809 -3.109310 -0.696662 -0.173266 -0.696161 0.588235 0.227451 1 2 1.000000
v_AK47-256
  2 45.191692 -2.913746 -3.320187 -0.146372 -0.012482 -0.989151 0.588235 0.415686 1 2 1.000000
  2 45.193413 -3.120059 -3.217435 -0.145375 -0.664575 -0.732943 0.568627 0.415686 1 2 1.000000
  2 43.747467 -2.820809 -3.109310 -0.696662 -0.173266 -0.696161 0.588235 0.227451 1 2 1.000000
v_AK47-256
  2 43.747467 -2.820809 -3.109310 -0.696662 -0.173266 -0.696161 0.588235 0.227451 1 2 1.000000
  2 45.193413 -3.120059 -3.217435 -0.145375 -0.664575 -0.732943 0.568627 0.415686 1 2 1.000000
  2 43.761536 -3.027912 -3.008361 -0.807411 -0.451293 -0.380029 0.568627 0.231373 1 2 1.000000
v_AK47-256
  2 45.193413 -3.120059 -3.217435 -0.145375 -0.664575 -0.732943 0.568627 0.415686 1 2 1.000000
  2 43.804813 -3.163675 -2.825479 -0.775121 -0.579079 -0.252694 0.552941 0.231373 1 2 1.000000
  2 43.761536 -3.027912 -3.008361 -0.807411 -0.451293 -0.380029 0.568627 0.231373 1 2 1.000000
v_AK47-256
  2 45.214287 -3.239155 -3.022004 -0.122242 -0.846974 -0.517390 0.552941 0.415686 1 2 1.000000
  2 43.804813 -3.163675 -2.825479 -0.775121 -0.579079 -0.252694 0.552941 0.231373 1 2 1.000000
  2 45.193413 -3.120059 -3.217435 -0.145375 -0.664575 -0.732943 0.568627 0.415686 1 2 1.000000
v_AK47-256
  78 28.071693 -2.103825 -0.904843 -0.155408 -0.242388 -0.957651 0.874510 0.874510 1 78 1.000000
  78 28.055931 -2.673418 -0.761766 -0.160164 -0.475084 -0.865241 0.874510 0.917647 1 78 1.000000
  78 25.479486 -1.937006 -0.526349 -0.155408 -0.242388 -0.957651 0.650980 0.878431 1 78 1.000000
v_AK47-256
  78 25.479486 -1.937006 -0.526349 -0.155408 -0.242388 -0.957651 0.650980 0.878431 1 78 1.000000
  78 28.055931 -2.673418 -0.761766 -0.160164 -0.475084 -0.865241 0.874510 0.917647 1 78 1.000000
  78 25.465662 -2.503639 -0.371281 -0.152770 -0.681073 -0.716102 0.654902 0.917647 1 78 1.000000
v_AK47-256
  78 28.055931 -2.673418 -0.761766 -0.160164 -0.475084 -0.865241 0.874510 0.917647 1 78 1.000000
  78 27.962498 -2.767042 -0.580180 -0.135652 -0.831766 -0.538297 0.866667 0.925490 1 78 1.000000
  78 25.465662 -2.503639 -0.371281 -0.152770 -0.681073 -0.716102 0.654902 0.917647 1 78 1.000000
v_AK47-256
  78 25.465662 -2.503639 -0.371281 -0.152770 -0.681073 -0.716102 0.654902 0.917647 1 78 1.000000
  78 27.962498 -2.767042 -0.580180 -0.135652 -0.831766 -0.538297 0.866667 0.925490 1 78 1.000000
  78 25.495333 -2.617328 -0.204674 -0.135652 -0.831766 -0.538297 0.654902 0.929412 1 78 1.000000
v_AK47-256
  78 25.968037 -2.808089 -0.090776 -0.156817 -0.768296 -0.620588 0.694118 0.945098 1 78 1.000000
  78 25.495333 -2.617328 -0.204674 -0.155433 -0.721772 -0.674452 0.654902 0.929412 1 78 1.000000
  78 27.972656 -2.937283 -0.435562 -0.155433 -0.721772 -0.674452 0.866667 0.941176 1 78 1.000000
v_AK47-256
  78 27.972656 -2.937283 -0.435562 -0.155433 -0.721772 -0.674452 0.866667 0.941176 1 78 1.000000
  78 25.495333 -2.617328 -0.204674 -0.155433 -0.721772 -0.674452 0.654902 0.929412 1 78 1.000000
  78 27.962498 -2.767042 -0.580180 -0.152770 -0.681073 -0.716102 0.866667 0.925490 1 78 1.000000
v_AK47-256
  78 28.077854 -2.082833 -0.871921 -0.010207 0.887640 -0.460425 0.047059 0.788235 1 78 1.000000
  78 28.071693 -2.103825 -0.904843 -0.010207 0.887640 -0.460425 0.047059 0.788235 1 78 1.000000
  78 25.485645 -1.916013 -0.493426 -0.010207 0.887640 -0.460425 0.301961 0.788235 1 78 1.000000
v_AK47-256
  78 25.485645 -1.916013 -0.493426 -0.010207 0.887640 -0.460425 0.301961 0.788235 1 78 1.000000
  78 28.071693 -2.103825 -0.904843 -0.010207 0.887640 -0.460425 0.047059 0.788235 1 78 1.000000
  78 25.479486 -1.937006 -0.526349 -0.010207 0.887640 -0.460425 0.301961 0.788235 1 78 1.000000
v_AK47-256
  78 25.976137 -2.784137 -0.045865 0.020480 -0.888283 0.458839 0.254902 0.878431 1 78 1.000000
  78 25.968037 -2.808089 -0.090776 0.020480 -0.888283 0.458839 0.254902 0.878431 1 78 1.000000
  78 27.980419 -2.925453 -0.387606 0.020480 -0.888283 0.458839 0.054902 0.874510 1 78 1.000000
v_AK47-256
  78 27.980419 -2.925453 -0.387606 0.020480 -0.888283 0.458839 0.054902 0.874510 1 78 1.000000
  78 25.968037 -2.808089 -0.090776 0.020480 -0.888283 0.458839 0.254902 0.878431 1 78 1.000000
  78 27.972656 -2.937283 -0.435562 0.020480 -0.888283 0.458839 0.054902 0.878431 1 78 1.000000
v_AK47-256
  78 25.485645 -1.916013 -0.493426 -0.987370 0.063628 0.145090 0.301961 0.788235 1 78 1.000000
  78 25.479486 -1.937006 -0.526349 -0.987370 0.063628 0.145090 0.301961 0.788235 1 78 1.000000
  78 25.471821 -2.482649 -0.338357 -0.987370 0.063628 0.145090 0.301961 0.843137 1 78 1.000000
v_AK47-256
  78 25.471821 -2.482649 -0.338357 -0.987370 0.063628 0.145090 0.301961 0.843137 1 78 1.000000
  78 25.479486 -1.937006 -0.526349 -0.987370 0.063628 0.145090 0.301961 0.788235 1 78 1.000000
  78 25.465662 -2.503639 -0.371281 -0.987370 0.063628 0.145090 0.301961 0.843137 1 78 1.000000
v_AK47-256
  78 25.471821 -2.482649 -0.338357 -0.982503 0.000707 0.186245 0.301961 0.843137 1 78 1.000000
  78 25.465662 -2.503639 -0.371281 -0.982503 0.000707 0.186245 0.301961 0.843137 1 78 1.000000
  78 25.499550 -2.599293 -0.183741 -0.982503 0.000707 0.186245 0.301961 0.858824 1 78 1.000000
v_AK47-256
  78 25.499550 -2.599293 -0.183741 -0.982503 0.000707 0.186245 0.301961 0.858824 1 78 1.000000
  78 25.465662 -2.503639 -0.371281 -0.982503 0.000707 0.186245 0.301961 0.843137 1 78 1.000000
  78 25.495333 -2.617328 -0.204674 -0.982503 0.000707 0.186245 0.301961 0.858824 1 78 1.000000
v_AK47-256
  78 27.731401 -2.370369 -1.644163 -0.610708 -0.162696 -0.774962 0.843137 0.878431 1 78 1.000000
  78 27.727043 -2.527916 -1.604588 -0.610708 -0.162696 -0.774962 0.847059 0.913725 1 78 1.000000
  78 27.663162 -2.356730 -1.597383 -0.610708 -0.162696 -0.774962 0.835294 0.878431 1 78 1.000000
v_AK47-256
  78 27.663162 -2.356730 -1.597383 -0.610708 -0.162696 -0.774962 0.835294 0.878431 1 78 1.000000
  78 27.727043 -2.527916 -1.604588 -0.610708 -0.162696 -0.774962 0.847059 0.913725 1 78 1.000000
  78 27.658800 -2.514277 -1.557808 -0.610708 -0.162696 -0.774962 0.835294 0.913725 1 78 1.000000
v_AK47-256
  78 25.495333 -2.617328 -0.204674 -0.434555 -0.710887 0.552993 0.301961 0.858824 1 78 1.000000
  78 25.976137 -2.784137 -0.045865 -0.434555 -0.710887 0.552993 0.254902 0.878431 1 78 1.000000
  78 25.499550 -2.599293 -0.183741 -0.434555 -0.710887 0.552993 0.301961 0.858824 1 78 1.000000
v_AK47-256
  2 23.697586 -0.894022 -0.573390 -0.527987 -0.808320 0.260478 0.796078 0.600000 1 2 1.000000
  2 23.755478 -0.817407 -0.210678 -0.527987 -0.808320 0.260478 0.725490 0.600000 1 2 1.000000
  2 23.624531 -0.852900 -0.571707 -0.859289 -0.447419 0.247869 0.796078 0.545098 1 2 1.000000
v_AK47-256
  2 23.755478 -0.817407 -0.210678 -0.527987 -0.808320 0.260478 0.725490 0.600000 1 2 1.000000
  2 23.682756 -0.764165 -0.212038 -0.974629 0.172892 0.142151 0.725490 0.545098 1 2 1.000000
  2 23.624531 -0.852900 -0.571707 -0.859289 -0.447419 0.247869 0.796078 0.545098 1 2 1.000000
v_AK47-256
  2 23.624531 -0.852900 -0.571707 -0.859289 -0.447419 0.247869 0.796078 0.545098 1 2 1.000000
  2 23.682756 -0.764165 -0.212038 -0.974629 0.172892 0.142151 0.725490 0.545098 1 2 1.000000
  2 23.675917 -0.783362 -0.597182 -0.792489 0.609782 -0.011277 0.796078 0.498039 1 2 1.000000
v_AK47-256
  2 23.682756 -0.764165 -0.212038 -0.974629 0.172892 0.142151 0.725490 0.545098 1 2 1.000000
  2 23.733809 -0.706745 -0.234470 -0.792489 0.609782 -0.011277 0.725490 0.498039 1 2 1.000000
  2 23.675917 -0.783362 -0.597182 -0.792489 0.609782 -0.011277 0.796078 0.498039 1 2 1.000000
v_AK47-256
  78 25.976137 -2.784137 -0.045865 -0.429340 -0.767009 0.476827 0.254902 0.878431 1 78 1.000000
  78 25.495333 -2.617328 -0.204674 -0.429340 -0.767009 0.476827 0.301961 0.858824 1 78 1.000000
  78 25.968037 -2.808089 -0.090776 -0.429340 -0.767009 0.476827 0.254902 0.878431 1 78 1.000000
v_AK47-256
  2 45.222610 -2.091739 -3.123972 -0.075115 -0.994211 -0.076829 0.552941 0.043137 1 2 1.000000
  2 35.483986 -1.440751 -1.707994 -0.075115 -0.994211 -0.076829 0.341176 0.043137 1 2 1.000000
  2 45.208088 -2.079042 -3.229018 -0.126113 -0.878851 -0.460127 0.552941 0.035294 1 2 1.000000
v_AK47-256
  2 35.483986 -1.440751 -1.707994 -0.075115 -0.994211 -0.076829 0.341176 0.043137 1 2 1.000000
  2 35.473015 -1.434260 -1.786015 -0.158906 -0.587459 -0.793499 0.341176 0.035294 1 2 1.000000
  2 45.208088 -2.079042 -3.229018 -0.126113 -0.878851 -0.460127 0.552941 0.035294 1 2 1.000000
v_AK47-256
  2 45.208088 -2.079042 -3.229018 -0.126113 -0.878851 -0.460127 0.552941 0.035294 1 2 1.000000
  2 35.473015 -1.434260 -1.786015 -0.158906 -0.587459 -0.793499 0.341176 0.035294 1 2 1.000000
  2 45.211777 -1.945732 -3.262504 -0.129720 0.164978 -0.977730 0.552941 0.023529 1 2 1.000000
v_AK47-256
  2 35.473015 -1.434260 -1.786015 -0.158906 -0.587459 -0.793499 0.341176 0.035294 1 2 1.000000
  2 35.475693 -1.337309 -1.810370 -0.083730 0.564178 -0.821397 0.341176 0.023529 1 2 1.000000
  2 45.211777 -1.945732 -3.262504 -0.129720 0.164978 -0.977730 0.552941 0.023529 1 2 1.000000
v_AK47-256
  78 27.667654 -2.250305 -0.659933 -0.970343 0.082357 0.227269 0.654902 0.921569 1 78 1.000000
  78 27.670670 -2.141233 -0.687332 -0.967987 0.207142 0.141748 0.650980 0.878431 1 78 1.000000
  78 27.596384 -2.319702 -0.944064 -0.977732 0.178369 0.110561 0.709804 0.917647 1 78 1.000000
v_AK47-256
  78 27.572718 -2.298504 -1.375547 -0.991416 0.106036 -0.076486 0.792157 0.878431 1 78 1.000000
  78 27.596384 -2.319702 -0.944064 -0.977732 0.178369 0.110561 0.709804 0.917647 1 78 1.000000
  78 27.670670 -2.141233 -0.687332 -0.967987 0.207142 0.141748 0.650980 0.878431 1 78 1.000000
v_AK47-256
  78 27.572718 -2.298504 -1.375547 -0.991416 0.106036 -0.076486 0.792157 0.878431 1 78 1.000000
  78 27.561039 -2.454819 -1.126566 -0.997031 0.074420 0.019775 0.752941 0.917647 1 78 1.000000
  78 27.596384 -2.319702 -0.944064 -0.977732 0.178369 0.110561 0.709804 0.917647 1 78 1.000000
v_AK47-256
  78 27.572718 -2.298504 -1.375547 -0.991416 0.106036 -0.076486 0.792157 0.878431 1 78 1.000000
  78 27.565746 -2.483247 -1.341872 -0.962964 -0.033542 -0.267537 0.792157 0.913725 1 78 1.000000
  78 27.561039 -2.454819 -1.126566 -0.997031 0.074420 0.019775 0.752941 0.917647 1 78 1.000000
v_AK47-256
  78 27.572718 -2.298504 -1.375547 -0.991416 0.106036 -0.076486 0.792157 0.878431 1 78 1.000000
  78 27.663162 -2.356730 -1.597383 -0.918763 -0.063381 -0.389689 0.835294 0.878431 1 78 1.000000
  78 27.565746 -2.483247 -1.341872 -0.962964 -0.033542 -0.267537 0.792157 0.913725 1 78 1.000000
v_AK47-256
  78 27.565746 -2.483247 -1.341872 -0.962964 -0.033542 -0.267537 0.792157 0.913725 1 78 1.000000
  78 27.663162 -2.356730 -1.597383 -0.918763 -0.063381 -0.389689 0.835294 0.878431 1 78 1.000000
  78 27.658800 -2.514277 -1.557808 -0.918763 -0.063381 -0.389689 0.835294 0.913725 1 78 1.000000
v_AK47-256
  75 23.058453 0.747196 -0.418679 -0.155445 -0.237492 -0.958871 0.517647 0.525490 1 75 1.000000
  75 22.896574 0.259849 -0.272239 -0.155445 -0.237492 -0.958871 0.462745 0.525490 1 75 1.000000
  75 22.651041 0.324213 -0.248368 -0.155445 -0.237492 -0.958871 0.470588 0.513725 1 75 1.000000
v_AK47-256
  75 22.651041 0.324213 -0.248368 -0.155445 -0.237492 -0.958871 0.470588 0.513725 1 75 1.000000
  75 22.896574 0.259849 -0.272239 -0.155445 -0.237492 -0.958871 0.462745 0.525490 1 75 1.000000
  75 22.798697 -0.595833 -0.045286 -0.155445 -0.237492 -0.958871 0.388235 0.498039 1 75 1.000000
v_AK47-256
  75 22.896574 0.259849 -0.272239 -0.155445 -0.237492 -0.958871 0.462745 0.525490 1 75 1.000000
  75 23.354170 -0.631581 -0.126392 -0.155445 -0.237492 -0.958871 0.376471 0.525490 1 75 1.000000
  75 22.798697 -0.595833 -0.045286 -0.155445 -0.237492 -0.958871 0.388235 0.498039 1 75 1.000000
v_AK47-256
  2 45.558853 -3.014100 -2.755355 -0.041237 -0.460548 0.886676 0.560784 0.423529 1 2 1.000000
  2 35.251396 -2.362931 -1.247334 0.053886 -0.730828 0.680431 0.560784 0.227451 1 2 1.000000
  2 45.536781 -3.183410 -2.918538 0.011652 -0.884282 0.466807 0.549020 0.423529 1 2 1.000000
v_AK47-256
  2 35.251396 -2.362931 -1.247334 0.053886 -0.730828 0.680431 0.560784 0.227451 1 2 1.000000
  2 35.217323 -2.519325 -1.411759 -0.040088 -0.988791 0.143821 0.552941 0.227451 1 2 1.000000
  2 45.536781 -3.183410 -2.918538 0.011652 -0.884282 0.466807 0.549020 0.423529 1 2 1.000000
v_AK47-256
  2 45.536781 -3.183410 -2.918538 0.011652 -0.884282 0.466807 0.549020 0.423529 1 2 1.000000
  2 35.217323 -2.519325 -1.411759 -0.040088 -0.988791 0.143821 0.552941 0.227451 1 2 1.000000
  2 45.507736 -3.158020 -3.128626 -0.112356 -0.932746 -0.342580 0.560784 0.423529 1 2 1.000000
v_AK47-256
  2 35.217323 -2.519325 -1.411759 -0.040088 -0.988791 0.143821 0.552941 0.227451 1 2 1.000000
  2 35.186348 -2.496894 -1.633836 -0.134950 -0.813660 -0.565461 0.560784 0.227451 1 2 1.000000
  2 45.507736 -3.158020 -3.128626 -0.112356 -0.932746 -0.342580 0.560784 0.423529 1 2 1.000000
v_AK47-256
  2 45.507736 -3.158020 -3.128626 -0.112356 -0.932746 -0.342580 0.560784 0.423529 1 2 1.000000
  2 35.186348 -2.496894 -1.633836 -0.134950 -0.813660 -0.565461 0.560784 0.227451 1 2 1.000000
  2 45.496307 -2.966498 -3.291322 -0.157211 -0.423612 -0.892097 0.584314 0.423529 1 2 1.000000
v_AK47-256
  2 35.186348 -2.496894 -1.633836 -0.134950 -0.813660 -0.565461 0.560784 0.227451 1 2 1.000000
  2 35.176849 -2.302417 -1.784543 -0.142967 -0.184645 -0.972351 0.584314 0.227451 1 2 1.000000
  2 45.496307 -2.966498 -3.291322 -0.157211 -0.423612 -0.892097 0.584314 0.423529 1 2 1.000000
v_AK47-256
  2 45.496307 -2.966498 -3.291322 -0.157211 -0.423612 -0.892097 0.584314 0.423529 1 2 1.000000
  2 35.176849 -2.302417 -1.784543 -0.142967 -0.184645 -0.972351 0.584314 0.227451 1 2 1.000000
  2 45.513992 -2.730609 -3.274184 -0.117798 0.307874 -0.944107 0.607843 0.423529 1 2 1.000000
v_AK47-256
  2 35.176849 -2.302417 -1.784543 -0.142967 -0.184645 -0.972351 0.584314 0.227451 1 2 1.000000
  2 35.194538 -2.066525 -1.767406 -0.083730 0.564178 -0.821397 0.607843 0.227451 1 2 1.000000
  2 45.513992 -2.730609 -3.274184 -0.117798 0.307874 -0.944107 0.607843 0.423529 1 2 1.000000
v_AK47-256
  2 45.513992 -2.730609 -3.274184 -0.117798 0.307874 -0.944107 0.607843 0.423529 1 2 1.000000
  2 35.194538 -2.066525 -1.767406 -0.083730 0.564178 -0.821397 0.607843 0.227451 1 2 1.000000
  2 45.546124 -2.577175 -3.121748 -0.067960 0.722994 -0.687504 0.615686 0.423529 1 2 1.000000
v_AK47-256
  2 35.194538 -2.066525 -1.767406 -0.083730 0.564178 -0.821397 0.607843 0.227451 1 2 1.000000
  2 35.226341 -1.925208 -1.611926 -0.040743 0.754455 -0.655086 0.615686 0.227451 1 2 1.000000
  2 45.546124 -2.577175 -3.121748 -0.067960 0.722994 -0.687504 0.615686 0.423529 1 2 1.000000
v_AK47-256
  75 22.684034 0.374496 -0.044556 -0.974898 -0.116224 0.189909 0.282353 0.788235 1 75 1.000000
  75 22.651041 0.324213 -0.248368 -0.974898 -0.116224 0.189909 0.301961 0.788235 1 75 1.000000
  75 22.831694 -0.545551 0.158527 -0.974898 -0.116224 0.189909 0.282353 0.847059 1 75 1.000000
v_AK47-256
  75 22.831694 -0.545551 0.158527 -0.974898 -0.116224 0.189909 0.282353 0.847059 1 75 1.000000
  75 22.651041 0.324213 -0.248368 -0.974898 -0.116224 0.189909 0.301961 0.788235 1 75 1.000000
  75 22.798697 -0.595833 -0.045286 -0.974898 -0.116224 0.189909 0.301961 0.847059 1 75 1.000000
v_AK47-256
  75 23.091784 0.809597 -0.217912 -0.725602 0.685160 -0.063693 0.282353 0.760784 1 75 1.000000
  75 23.058453 0.747196 -0.418679 -0.725602 0.685160 -0.063693 0.301961 0.760784 1 75 1.000000
  75 22.684034 0.374496 -0.044556 -0.725602 0.685160 -0.063693 0.282353 0.788235 1 75 1.000000
v_AK47-256
  75 22.684034 0.374496 -0.044556 -0.725602 0.685160 -0.063693 0.282353 0.788235 1 75 1.000000
  75 23.058453 0.747196 -0.418679 -0.725602 0.685160 -0.063693 0.301961 0.760784 1 75 1.000000
  75 22.651041 0.324213 -0.248368 -0.725602 0.685160 -0.063693 0.301961 0.788235 1 75 1.000000
v_AK47-256
  76 25.192390 1.291885 -0.950656 -0.940233 0.331307 0.078718 0.556863 0.784314 1 76 1.000000
  76 24.839321 0.218872 -0.641805 -0.940233 0.331307 0.078718 0.556863 0.858824 1 76 1.000000
  76 25.255198 1.367995 -0.640746 -0.940233 0.331307 0.078718 0.533333 0.784314 1 76 1.000000
v_AK47-256
  76 25.255198 1.367995 -0.640746 -0.940233 0.331307 0.078718 0.533333 0.784314 1 76 1.000000
  76 24.839321 0.218872 -0.641805 -0.940233 0.331307 0.078718 0.556863 0.858824 1 76 1.000000
  76 24.891724 0.298733 -0.318103 -0.940233 0.331307 0.078718 0.533333 0.858824 1 76 1.000000
v_AK47-256
  76 24.839321 0.218872 -0.641805 -0.160087 -0.232359 -0.959365 0.501961 0.850980 1 76 1.000000
  76 25.192390 1.291885 -0.950656 -0.160087 -0.232359 -0.959365 0.517647 0.780392 1 76 1.000000
  76 25.205612 0.049611 -0.659343 -0.160087 -0.232359 -0.959365 0.521569 0.862745 1 76 1.000000
v_AK47-256
  2 44.543884 -4.564625 -2.521298 -0.933465 -0.280204 0.223895 0.721569 0.090196 1 2 1.000000
  2 44.204018 -3.887164 -2.633414 -0.876057 -0.413500 0.248074 0.721569 0.047059 1 2 1.000000
  2 44.534176 -4.579414 -2.581241 -0.876057 -0.413500 0.248074 0.737255 0.090196 1 2 1.000000
v_AK47-256
  2 44.534176 -4.579414 -2.581241 -0.876057 -0.413500 0.248074 0.737255 0.090196 1 2 1.000000
  2 44.204018 -3.887164 -2.633414 -0.876057 -0.413500 0.248074 0.721569 0.047059 1 2 1.000000
  2 43.804813 -3.163675 -2.825479 -0.877395 -0.429970 0.212849 0.733333 0.003922 1 2 1.000000
v_AK47-256
  2 44.204018 -3.887164 -2.633414 -0.876057 -0.413500 0.248074 0.721569 0.047059 1 2 1.000000
  2 44.179977 -3.818559 -2.568251 -0.876057 -0.413500 0.248074 0.701961 0.043137 1 2 1.000000
  2 43.804813 -3.163675 -2.825479 -0.877395 -0.429970 0.212849 0.733333 0.003922 1 2 1.000000
v_AK47-256
  2 43.804813 -3.163675 -2.825479 -0.877395 -0.429970 0.212849 0.733333 0.003922 1 2 1.000000
  2 44.179977 -3.818559 -2.568251 -0.876057 -0.413500 0.248074 0.701961 0.043137 1 2 1.000000
  2 43.825165 -3.167494 -2.684469 -0.876057 -0.413500 0.248074 0.701961 0.003922 1 2 1.000000
v_AK47-256
  2 44.179977 -3.818559 -2.568251 -0.876057 -0.413500 0.248074 0.701961 0.043137 1 2 1.000000
  2 43.851395 -3.092687 -2.537744 -0.877395 -0.429970 0.212849 0.670588 0.003922 1 2 1.000000
  2 43.825165 -3.167494 -2.684469 -0.876057 -0.413500 0.248074 0.701961 0.003922 1 2 1.000000
v_AK47-256
  2 43.851395 -3.092687 -2.537744 -0.877395 -0.429970 0.212849 0.670588 0.003922 1 2 1.000000
  2 44.179977 -3.818559 -2.568251 -0.876057 -0.413500 0.248074 0.701961 0.043137 1 2 1.000000
  2 44.230858 -3.857873 -2.462526 -0.888641 -0.440946 0.126031 0.682353 0.047059 1 2 1.000000
v_AK47-256
  2 44.569107 -4.526175 -2.365441 -0.919263 -0.368650 0.138028 0.682353 0.090196 1 2 1.000000
  2 43.851395 -3.092687 -2.537744 -0.877395 -0.429970 0.212849 0.670588 0.003922 1 2 1.000000
  2 44.230858 -3.857873 -2.462526 -0.888641 -0.440946 0.126031 0.682353 0.047059 1 2 1.000000
v_AK47-256
  2 44.578812 -4.511384 -2.305496 -0.876057 -0.413500 0.248074 0.670588 0.090196 1 2 1.000000
  2 43.851395 -3.092687 -2.537744 -0.877395 -0.429970 0.212849 0.670588 0.003922 1 2 1.000000
  2 44.569107 -4.526175 -2.365441 -0.919263 -0.368650 0.138028 0.682353 0.090196 1 2 1.000000
v_AK47-256
  2 44.362549 -3.900445 -2.668835 -0.964054 -0.262387 0.041867 0.713725 0.050980 1 2 1.000000
  2 44.543884 -4.564625 -2.521298 -0.933465 -0.280204 0.223895 0.721569 0.090196 1 2 1.000000
  2 44.340446 -3.828883 -2.591683 -0.944665 -0.243159 0.220186 0.701961 0.050980 1 2 1.000000
v_AK47-256
  2 44.340446 -3.828883 -2.591683 -0.944665 -0.243159 0.220186 0.701961 0.050980 1 2 1.000000
  2 44.543884 -4.564625 -2.521298 -0.933465 -0.280204 0.223895 0.721569 0.090196 1 2 1.000000
  2 44.389389 -3.871156 -2.497947 -0.928326 -0.217999 0.301144 0.690196 0.054902 1 2 1.000000
v_AK47-256
  2 44.543884 -4.564625 -2.521298 -0.933465 -0.280204 0.223895 0.721569 0.090196 1 2 1.000000
  2 44.569107 -4.526175 -2.365441 -0.919263 -0.368650 0.138028 0.682353 0.090196 1 2 1.000000
  2 44.389389 -3.871156 -2.497947 -0.928326 -0.217999 0.301144 0.690196 0.054902 1 2 1.000000
v_AK47-256
  2 35.474396 -2.920297 -1.901832 0.015127 0.841893 -0.539432 0.721569 0.427451 1 2 1.000000
  2 35.907417 -2.722935 -1.017095 0.026728 0.969512 -0.243582 0.768627 0.447059 1 2 1.000000
  2 35.763786 -2.941810 -1.904276 -0.020790 0.214697 -0.976459 0.768627 0.431373 1 2 1.000000
v_AK47-256
  2 28.282486 -3.548608 -0.165469 -0.028613 -0.969424 0.243719 0.733333 0.525490 1 2 1.000000
  2 28.122015 -3.538281 -0.142038 -0.328699 -0.909441 0.254702 0.733333 0.486275 1 2 1.000000
  2 28.228477 -3.619309 -0.504203 -0.028613 -0.969424 0.243719 0.792157 0.525490 1 2 1.000000
v_AK47-256
  2 28.228477 -3.619309 -0.504203 -0.028613 -0.969424 0.243719 0.792157 0.525490 1 2 1.000000
  2 28.122015 -3.538281 -0.142038 -0.328699 -0.909441 0.254702 0.733333 0.486275 1 2 1.000000
  2 28.068008 -3.608984 -0.480772 -0.676696 -0.681171 0.279444 0.796078 0.486275 1 2 1.000000
v_AK47-256
  2 28.122015 -3.538281 -0.142038 -0.328699 -0.909441 0.254702 0.733333 0.486275 1 2 1.000000
  2 28.041239 -3.396455 -0.150919 -0.972330 -0.117358 0.201993 0.733333 0.466667 1 2 1.000000
  2 28.068008 -3.608984 -0.480772 -0.676696 -0.681171 0.279444 0.796078 0.486275 1 2 1.000000
v_AK47-256
  2 28.068008 -3.608984 -0.480772 -0.676696 -0.681171 0.279444 0.796078 0.486275 1 2 1.000000
  2 28.041239 -3.396455 -0.150919 -0.972330 -0.117358 0.201993 0.733333 0.466667 1 2 1.000000
  2 27.985291 -3.470113 -0.501642 -0.965019 0.243806 0.096424 0.792157 0.466667 1 2 1.000000
v_AK47-256
  2 28.041239 -3.396455 -0.150919 -0.972330 -0.117358 0.201993 0.733333 0.466667 1 2 1.000000
  2 28.131672 -3.256588 -0.200066 -0.624143 0.777559 -0.076464 0.733333 0.447059 1 2 1.000000
  2 27.985291 -3.470113 -0.501642 -0.965019 0.243806 0.096424 0.792157 0.466667 1 2 1.000000
v_AK47-256
  2 27.985291 -3.470113 -0.501642 -0.965019 0.243806 0.096424 0.792157 0.466667 1 2 1.000000
  2 28.131672 -3.256588 -0.200066 -0.624143 0.777559 -0.076464 0.733333 0.447059 1 2 1.000000
  2 28.075386 -3.342364 -0.547745 -0.295337 0.940799 -0.166351 0.796078 0.447059 1 2 1.000000
v_AK47-256
  2 28.131672 -3.256588 -0.200066 -0.624143 0.777559 -0.076464 0.733333 0.447059 1 2 1.000000
  2 28.292141 -3.266916 -0.223497 0.026728 0.969512 -0.243582 0.733333 0.427451 1 2 1.000000
  2 28.075386 -3.342364 -0.547745 -0.295337 0.940799 -0.166351 0.796078 0.447059 1 2 1.000000
v_AK47-256
  2 28.075386 -3.342364 -0.547745 -0.295337 0.940799 -0.166351 0.796078 0.447059 1 2 1.000000
  2 28.292141 -3.266916 -0.223497 0.026728 0.969512 -0.243582 0.733333 0.427451 1 2 1.000000
  2 28.235855 -3.352693 -0.571175 0.026728 0.969512 -0.243582 0.796078 0.427451 1 2 1.000000
v_AK47-256
  2 28.254921 -3.516578 -0.194974 -0.028613 -0.969424 0.243719 0.741176 0.525490 1 2 1.000000
  2 28.131485 -3.508637 -0.176950 -0.328699 -0.909441 0.254702 0.741176 0.482353 1 2 1.000000
  2 28.198971 -3.590237 -0.545698 -0.028613 -0.969424 0.243719 0.788235 0.525490 1 2 1.000000
v_AK47-256
  2 28.198971 -3.590237 -0.545698 -0.028613 -0.969424 0.243719 0.788235 0.525490 1 2 1.000000
  2 28.131485 -3.508637 -0.176950 -0.328699 -0.909441 0.254702 0.741176 0.482353 1 2 1.000000
  2 28.075535 -3.582294 -0.527673 -0.676696 -0.681171 0.279444 0.788235 0.482353 1 2 1.000000
v_AK47-256
  2 28.131485 -3.508637 -0.176950 -0.328699 -0.909441 0.254702 0.741176 0.482353 1 2 1.000000
  2 28.072784 -3.395592 -0.195337 -0.972330 -0.117358 0.201993 0.741176 0.454902 1 2 1.000000
  2 28.075535 -3.582294 -0.527673 -0.676696 -0.681171 0.279444 0.788235 0.482353 1 2 1.000000
v_AK47-256
  2 28.075535 -3.582294 -0.527673 -0.676696 -0.681171 0.279444 0.788235 0.482353 1 2 1.000000
  2 28.072784 -3.395592 -0.195337 -0.972330 -0.117358 0.201993 0.741176 0.454902 1 2 1.000000
  2 28.016499 -3.481369 -0.543015 -0.965019 0.243806 0.096424 0.792157 0.454902 1 2 1.000000
v_AK47-256
  2 28.072784 -3.395592 -0.195337 -0.972330 -0.117358 0.201993 0.741176 0.454902 1 2 1.000000
  2 28.137184 -3.302610 -0.228702 -0.624143 0.777559 -0.076464 0.741176 0.439216 1 2 1.000000
  2 28.016499 -3.481369 -0.543015 -0.965019 0.243806 0.096424 0.792157 0.454902 1 2 1.000000
v_AK47-256
  2 28.016499 -3.481369 -0.543015 -0.965019 0.243806 0.096424 0.792157 0.454902 1 2 1.000000
  2 28.137184 -3.302610 -0.228702 -0.624143 0.777559 -0.076464 0.741176 0.439216 1 2 1.000000
  2 28.081238 -3.376271 -0.579425 -0.295337 0.940799 -0.166351 0.788235 0.439216 1 2 1.000000
v_AK47-256
  2 28.137184 -3.302610 -0.228702 -0.624143 0.777559 -0.076464 0.741176 0.439216 1 2 1.000000
  2 28.260624 -3.310556 -0.246727 0.026728 0.969512 -0.243582 0.741176 0.427451 1 2 1.000000
  2 28.081238 -3.376271 -0.579425 -0.295337 0.940799 -0.166351 0.788235 0.439216 1 2 1.000000
v_AK47-256
  2 28.081238 -3.376271 -0.579425 -0.295337 0.940799 -0.166351 0.788235 0.439216 1 2 1.000000
  2 28.260624 -3.310556 -0.246727 0.026728 0.969512 -0.243582 0.741176 0.427451 1 2 1.000000
  2 28.204678 -3.384215 -0.597450 0.026728 0.969512 -0.243582 0.792157 0.427451 1 2 1.000000
v_AK47-256
  2 25.193783 -1.299606 -0.637348 -0.057690 -0.591830 -0.803996 0.611765 0.811765 1 2 1.000000
  2 25.563761 -1.335555 -0.688374 -0.368399 -0.377794 -0.849443 0.647059 0.811765 1 2 1.000000
  2 25.505589 -1.337787 -0.652341 -0.266987 -0.579768 -0.769797 0.639216 0.815686 1 2 1.000000
v_AK47-256
  2 25.505589 -1.337787 -0.652341 -0.266987 -0.579768 -0.769797 0.639216 0.815686 1 2 1.000000
  2 25.563761 -1.335555 -0.688374 -0.368399 -0.377794 -0.849443 0.647059 0.811765 1 2 1.000000
  2 25.500965 -1.437696 -0.639976 -0.346891 0.085891 -0.933964 0.639216 0.823529 1 2 1.000000
v_AK47-256
  2 25.563761 -1.335555 -0.688374 -0.368399 -0.377794 -0.849443 0.647059 0.811765 1 2 1.000000
  2 25.560408 -1.456746 -0.657932 -0.210293 0.352828 -0.911751 0.647059 0.823529 1 2 1.000000
  2 25.500965 -1.437696 -0.639976 -0.346891 0.085891 -0.933964 0.639216 0.823529 1 2 1.000000
v_AK47-256
  2 25.500965 -1.437696 -0.639976 -0.346891 0.085891 -0.933964 0.639216 0.823529 1 2 1.000000
  2 25.560408 -1.456746 -0.657932 -0.210293 0.352828 -0.911751 0.647059 0.823529 1 2 1.000000
  2 25.254086 -1.421808 -0.603929 0.005260 0.341059 -0.940027 0.615686 0.823529 1 2 1.000000
v_AK47-256
  2 25.560408 -1.456746 -0.657932 -0.210293 0.352828 -0.911751 0.647059 0.823529 1 2 1.000000
  2 25.190092 -1.432914 -0.603862 0.083890 0.064993 -0.994353 0.611765 0.823529 1 2 1.000000
  2 25.254086 -1.421808 -0.603929 0.005260 0.341059 -0.940027 0.615686 0.823529 1 2 1.000000
v_AK47-256
  2 25.254086 -1.421808 -0.603929 0.005260 0.341059 -0.940027 0.615686 0.823529 1 2 1.000000
  2 25.190092 -1.432914 -0.603862 0.083890 0.064993 -0.994353 0.611765 0.823529 1 2 1.000000
  2 25.258713 -1.321901 -0.616295 0.050626 -0.399251 -0.915443 0.615686 0.811765 1 2 1.000000
v_AK47-256
  2 25.190092 -1.432914 -0.603862 0.083890 0.064993 -0.994353 0.611765 0.823529 1 2 1.000000
  2 25.193783 -1.299606 -0.637348 -0.057690 -0.591830 -0.803996 0.611765 0.811765 1 2 1.000000
  2 25.258713 -1.321901 -0.616295 0.050626 -0.399251 -0.915443 0.615686 0.811765 1 2 1.000000
v_AK47-256
  2 25.258713 -1.321901 -0.616295 0.050626 -0.399251 -0.915443 0.615686 0.811765 1 2 1.000000
  2 25.193783 -1.299606 -0.637348 -0.057690 -0.591830 -0.803996 0.611765 0.811765 1 2 1.000000
  2 25.505589 -1.337787 -0.652341 -0.266987 -0.579768 -0.769797 0.639216 0.815686 1 2 1.000000
v_AK47-256
  2 21.643158 0.492891 -0.257145 -0.153642 -0.234205 -0.959970 0.223529 0.819608 1 2 1.000000
  2 21.675892 1.161600 -0.414391 -0.153642 -0.234205 -0.959970 0.227451 0.776471 1 2 1.000000
  2 21.907341 0.208798 -0.229825 -0.153642 -0.234205 -0.959970 0.239216 0.839216 1 2 1.000000
v_AK47-256
  2 21.907341 0.208798 -0.229825 -0.153642 -0.234205 -0.959970 0.239216 0.839216 1 2 1.000000
  2 21.675892 1.161600 -0.414391 -0.153642 -0.234205 -0.959970 0.227451 0.776471 1 2 1.000000
  2 21.930079 0.963133 -0.406577 -0.153642 -0.234205 -0.959970 0.239216 0.788235 1 2 1.000000
v_AK47-256
  2 21.675892 1.161600 -0.414391 -0.153642 -0.234205 -0.959970 0.227451 0.776471 1 2 1.000000
  2 24.477940 0.981281 -0.823528 -0.153642 -0.234205 -0.959970 0.380392 0.776471 1 2 1.000000
  2 21.930079 0.963133 -0.406577 -0.153642 -0.234205 -0.959970 0.239216 0.788235 1 2 1.000000
v_AK47-256
  2 21.930079 0.963133 -0.406577 -0.153642 -0.234205 -0.959970 0.239216 0.788235 1 2 1.000000
  2 24.477940 0.981281 -0.823528 -0.153642 -0.234205 -0.959970 0.380392 0.776471 1 2 1.000000
  2 24.299761 0.798497 -0.749589 -0.153642 -0.234205 -0.959970 0.368627 0.788235 1 2 1.000000
v_AK47-256
  2 24.477940 0.981281 -0.823528 -0.153642 -0.234205 -0.959970 0.380392 0.776471 1 2 1.000000
  2 24.642300 0.597429 -0.742402 -0.153642 -0.234205 -0.959970 0.388235 0.800000 1 2 1.000000
  2 24.299761 0.798497 -0.749589 -0.153642 -0.234205 -0.959970 0.368627 0.788235 1 2 1.000000
v_AK47-256
  2 24.299761 0.798497 -0.749589 -0.153642 -0.234205 -0.959970 0.368627 0.788235 1 2 1.000000
  2 24.642300 0.597429 -0.742402 -0.153642 -0.234205 -0.959970 0.388235 0.800000 1 2 1.000000
  2 24.383080 0.614109 -0.704551 -0.153642 -0.234205 -0.959970 0.372549 0.800000 1 2 1.000000
v_AK47-256
  2 24.642300 0.597429 -0.742402 -0.153642 -0.234205 -0.959970 0.388235 0.800000 1 2 1.000000
  2 25.247149 0.558505 -0.830717 -0.153642 -0.234205 -0.959970 0.419608 0.800000 1 2 1.000000
  2 24.383080 0.614109 -0.704551 -0.153642 -0.234205 -0.959970 0.372549 0.800000 1 2 1.000000
v_AK47-256
  2 24.383080 0.614109 -0.704551 -0.153642 -0.234205 -0.959970 0.372549 0.800000 1 2 1.000000
  2 25.247149 0.558505 -0.830717 -0.153642 -0.234205 -0.959970 0.419608 0.800000 1 2 1.000000
  2 25.340866 0.370365 -0.799473 -0.153642 -0.234205 -0.959970 0.427451 0.811765 1 2 1.000000
v_AK47-256
  2 24.383080 0.614109 -0.704551 -0.153642 -0.234205 -0.959970 0.372549 0.800000 1 2 1.000000
  2 25.340866 0.370365 -0.799473 -0.153642 -0.234205 -0.959970 0.427451 0.811765 1 2 1.000000
  2 25.360188 0.174871 -0.754371 -0.153642 -0.234205 -0.959970 0.427451 0.827451 1 2 1.000000
v_AK47-256
  2 25.338459 -0.543108 -0.586751 -0.153642 -0.234205 -0.959970 0.427451 0.874510 1 2 1.000000
  2 24.383080 0.614109 -0.704551 -0.153642 -0.234205 -0.959970 0.372549 0.800000 1 2 1.000000
  2 25.360188 0.174871 -0.754371 -0.153642 -0.234205 -0.959970 0.427451 0.827451 1 2 1.000000
v_AK47-256
  2 24.326263 -0.477970 -0.438957 -0.153642 -0.234205 -0.959970 0.372549 0.874510 1 2 1.000000
  2 24.383080 0.614109 -0.704551 -0.153642 -0.234205 -0.959970 0.372549 0.800000 1 2 1.000000
  2 25.338459 -0.543108 -0.586751 -0.153642 -0.234205 -0.959970 0.427451 0.874510 1 2 1.000000
v_AK47-256
  2 40.912155 -2.279726 -2.653466 -0.083730 0.564178 -0.821397 0.603922 0.415686 1 2 1.000000
  2 40.887451 -2.433450 -2.754900 -0.107483 0.399457 -0.910429 0.596078 0.419608 1 2 1.000000
  2 38.838398 -2.146273 -2.350670 -0.083730 0.564178 -0.821397 0.603922 0.235294 1 2 1.000000
v_AK47-256
  2 38.838398 -2.146273 -2.350670 -0.083730 0.564178 -0.821397 0.603922 0.235294 1 2 1.000000
  2 40.887451 -2.433450 -2.754900 -0.107483 0.399457 -0.910429 0.596078 0.419608 1 2 1.000000
  2 38.813354 -2.312119 -2.449059 -0.124730 0.244178 -0.961675 0.596078 0.235294 1 2 1.000000
v_AK47-256
  2 40.887451 -2.433450 -2.754900 -0.107483 0.399457 -0.910429 0.596078 0.419608 1 2 1.000000
  2 40.868431 -2.717816 -2.759861 -0.142967 -0.184645 -0.972351 0.576471 0.415686 1 2 1.000000
  2 38.813354 -2.312119 -2.449059 -0.124730 0.244178 -0.961675 0.596078 0.235294 1 2 1.000000
v_AK47-256
  2 38.813354 -2.312119 -2.449059 -0.124730 0.244178 -0.961675 0.596078 0.235294 1 2 1.000000
  2 40.868431 -2.717816 -2.759861 -0.142967 -0.184645 -0.972351 0.576471 0.415686 1 2 1.000000
  2 38.794662 -2.584363 -2.457064 -0.157895 -0.361745 -0.918809 0.576471 0.235294 1 2 1.000000
v_AK47-256
  2 40.868431 -2.717816 -2.759861 -0.142967 -0.184645 -0.972351 0.576471 0.415686 1 2 1.000000
  2 40.872765 -2.896931 -2.651210 -0.143390 -0.749818 -0.645920 0.564706 0.415686 1 2 1.000000
  2 38.794662 -2.584363 -2.457064 -0.157895 -0.361745 -0.918809 0.576471 0.235294 1 2 1.000000
v_AK47-256
  2 38.794662 -2.584363 -2.457064 -0.157895 -0.361745 -0.918809 0.576471 0.235294 1 2 1.000000
  2 40.872765 -2.896931 -2.651210 -0.143390 -0.749818 -0.645920 0.564706 0.415686 1 2 1.000000
  2 38.800606 -2.772641 -2.333379 -0.135316 -0.791333 -0.596223 0.564706 0.235294 1 2 1.000000
v_AK47-256
  2 40.872765 -2.896931 -2.651210 -0.143390 -0.749818 -0.645920 0.564706 0.415686 1 2 1.000000
  2 38.833122 -2.873990 -2.066015 -0.170702 -0.727372 -0.664673 0.552941 0.231373 1 2 1.000000
  2 38.800606 -2.772641 -2.333379 -0.135316 -0.791333 -0.596223 0.564706 0.235294 1 2 1.000000
v_AK47-256
  2 40.889420 -3.034061 -2.476713 -0.178944 -0.803069 -0.568383 0.552941 0.415686 1 2 1.000000
  2 38.833122 -2.873990 -2.066015 -0.170702 -0.727372 -0.664673 0.552941 0.231373 1 2 1.000000
  2 40.872765 -2.896931 -2.651210 -0.143390 -0.749818 -0.645920 0.564706 0.415686 1 2 1.000000
v_AK47-256
  2 44.389389 -3.871156 -2.497947 -0.153642 -0.234205 -0.959970 0.690196 0.054902 1 2 1.000000
  2 44.569107 -4.526175 -2.365441 -0.153642 -0.234205 -0.959970 0.682353 0.090196 1 2 1.000000
  2 44.230858 -3.857873 -2.462526 -0.153642 -0.234205 -0.959970 0.682353 0.047059 1 2 1.000000
v_AK47-256
  2 30.545259 -3.437902 -1.015252 -0.249370 -0.229096 -0.940920 0.200000 0.407843 1 2 1.000000
  2 30.529560 -3.558299 -0.983007 -0.142967 -0.184645 -0.972351 0.200000 0.419608 1 2 1.000000
  2 30.366669 -3.323120 -0.988593 -0.142967 -0.184645 -0.972351 0.184314 0.400000 1 2 1.000000
v_AK47-256
  2 30.366669 -3.323120 -0.988593 -0.142967 -0.184645 -0.972351 0.184314 0.400000 1 2 1.000000
  2 30.529560 -3.558299 -0.983007 -0.142967 -0.184645 -0.972351 0.200000 0.419608 1 2 1.000000
  2 30.274033 -3.408309 -0.978645 -0.153642 -0.234205 -0.959970 0.176471 0.407843 1 2 1.000000
v_AK47-256
  2 30.529560 -3.558299 -0.983007 -0.142967 -0.184645 -0.972351 0.200000 0.419608 1 2 1.000000
  2 30.416121 -3.635983 -0.945477 -0.203315 -0.251222 -0.946335 0.188235 0.427451 1 2 1.000000
  2 30.274033 -3.408309 -0.978645 -0.153642 -0.234205 -0.959970 0.176471 0.407843 1 2 1.000000
v_AK47-256
  2 30.274033 -3.408309 -0.978645 -0.153642 -0.234205 -0.959970 0.176471 0.407843 1 2 1.000000
  2 30.416121 -3.635983 -0.945477 -0.203315 -0.251222 -0.946335 0.188235 0.427451 1 2 1.000000
  2 30.235584 -3.524157 -0.930807 -0.273852 -0.285693 -0.918360 0.172549 0.419608 1 2 1.000000
v_AK47-256
  2 28.682455 -3.280653 -0.491821 -0.330069 -0.938227 0.103851 0.050980 0.298039 1 2 1.000000
  2 28.692160 -3.265863 -0.431876 -0.028613 -0.969424 0.243719 0.054902 0.298039 1 2 1.000000
  2 28.310200 -3.259779 -0.449739 -0.065436 -0.997698 -0.017815 0.050980 0.282353 1 2 1.000000
v_AK47-256
  2 28.310200 -3.259779 -0.449739 -0.065436 -0.997698 -0.017815 0.050980 0.282353 1 2 1.000000
  2 28.692160 -3.265863 -0.431876 -0.028613 -0.969424 0.243719 0.054902 0.298039 1 2 1.000000
  2 28.389076 -3.119968 0.115543 -0.006447 -0.902169 0.431334 0.098039 0.282353 1 2 1.000000
v_AK47-256
  2 28.692160 -3.265863 -0.431876 -0.028613 -0.969424 0.243719 0.054902 0.298039 1 2 1.000000
  2 28.760090 -3.162340 -0.012264 -0.028613 -0.969424 0.243719 0.094118 0.298039 1 2 1.000000
  2 28.389076 -3.119968 0.115543 -0.006447 -0.902169 0.431334 0.098039 0.282353 1 2 1.000000
v_AK47-256
  2 28.389076 -3.119968 0.115543 -0.006447 -0.902169 0.431334 0.098039 0.282353 1 2 1.000000
  2 28.760090 -3.162340 -0.012264 -0.028613 -0.969424 0.243719 0.094118 0.298039 1 2 1.000000
  2 28.771736 -3.144593 0.059669 -0.262087 -0.855378 0.446810 0.098039 0.298039 1 2 1.000000
v_AK47-256
  2 21.564648 -1.178600 -0.144845 -0.189194 0.960045 -0.206203 0.803922 0.588235 1 2 1.000000
  2 21.584057 -1.149022 -0.024957 -0.159234 0.977893 -0.135537 0.729412 0.588235 1 2 1.000000
  2 23.873684 -0.853707 -0.598810 -0.159234 0.977893 -0.135537 0.803922 0.513725 1 2 1.000000
v_AK47-256
  2 23.873684 -0.853707 -0.598810 -0.159234 0.977893 -0.135537 0.803922 0.513725 1 2 1.000000
  2 21.584057 -1.149022 -0.024957 -0.159234 0.977893 -0.135537 0.729412 0.588235 1 2 1.000000
  2 24.843475 -0.730926 -0.773068 -0.159234 0.977893 -0.135537 0.803922 0.482353 1 2 1.000000
v_AK47-256
  2 21.584057 -1.149022 -0.024957 -0.159234 0.977893 -0.135537 0.729412 0.588235 1 2 1.000000
  2 24.862885 -0.701348 -0.653180 -0.189194 0.960045 -0.206203 0.729412 0.482353 1 2 1.000000
  2 24.843475 -0.730926 -0.773068 -0.159234 0.977893 -0.135537 0.803922 0.482353 1 2 1.000000
v_AK47-256
  2 39.846867 -2.301941 -2.397327 -0.142967 -0.184645 -0.972351 0.800000 1.000000 1 2 1.000000
  2 38.905190 -2.235364 -2.287370 -0.142967 -0.184645 -0.972351 0.713725 1.000000 1 2 1.000000
  2 39.452190 -1.505518 -2.503855 -0.142967 -0.184645 -0.972351 0.764706 0.435294 1 2 1.000000
v_AK47-256
  2 19.256657 -2.096734 0.924494 -0.153642 -0.234205 -0.959970 0.388235 0.843137 1 2 1.000000
  2 19.100210 -1.940979 0.911394 -0.153642 -0.234205 -0.959970 0.372549 0.811765 1 2 1.000000
  2 20.108381 -2.151545 0.800130 -0.153642 -0.234205 -0.959970 0.474510 0.843137 1 2 1.000000
v_AK47-256
  2 20.108381 -2.151545 0.800130 -0.153642 -0.234205 -0.959970 0.474510 0.843137 1 2 1.000000
  2 19.100210 -1.940979 0.911394 -0.153642 -0.234205 -0.959970 0.372549 0.811765 1 2 1.000000
  2 19.953613 -1.935194 0.771810 -0.153642 -0.234205 -0.959970 0.458824 0.800000 1 2 1.000000
v_AK47-256
  2 19.100210 -1.940979 0.911394 -0.153642 -0.234205 -0.959970 0.372549 0.811765 1 2 1.000000
  2 19.138920 -1.882766 0.890766 -0.153642 -0.234205 -0.959970 0.376471 0.800000 1 2 1.000000
  2 19.953613 -1.935194 0.771810 -0.153642 -0.234205 -0.959970 0.458824 0.800000 1 2 1.000000
v_AK47-256
  2 29.641556 -2.872355 -0.865118 0.173224 0.498157 -0.849607 0.603922 0.501961 1 2 1.000000
  2 30.255615 -3.203435 -0.934978 0.173224 0.498157 -0.849607 0.564706 0.517647 1 2 1.000000
  2 29.700665 -2.903523 -0.880031 0.173224 0.498157 -0.849607 0.596078 0.513725 1 2 1.000000
v_AK47-256
  2 37.302074 -3.771559 -1.753106 -0.145375 -0.664575 -0.732943 0.564706 0.309804 1 2 1.000000
  2 37.298599 -3.695602 -1.810382 -0.145375 -0.664575 -0.732943 0.572549 0.309804 1 2 1.000000
  2 37.573975 -3.776919 -1.795802 -0.145375 -0.664575 -0.732943 0.564706 0.321569 1 2 1.000000
v_AK47-256
  2 37.573975 -3.776919 -1.795802 -0.145375 -0.664575 -0.732943 0.564706 0.321569 1 2 1.000000
  2 37.298599 -3.695602 -1.810382 -0.145375 -0.664575 -0.732943 0.572549 0.309804 1 2 1.000000
  2 37.580566 -3.716828 -1.863826 -0.145375 -0.664575 -0.732943 0.572549 0.325490 1 2 1.000000
v_AK47-256
  2 45.211777 -1.945732 -3.262504 -0.129720 0.164978 -0.977730 0.066667 0.062745 1 2 1.000000
  2 35.475693 -1.337309 -1.810370 -0.083730 0.564178 -0.821397 0.215686 0.062745 1 2 1.000000
  2 45.230255 -1.882756 -3.163736 -0.023878 0.851596 -0.523654 0.066667 0.078431 1 2 1.000000
v_AK47-256
  2 45.230255 -1.882756 -3.163736 -0.023878 0.851596 -0.523654 0.066667 0.078431 1 2 1.000000
  2 35.475693 -1.337309 -1.810370 -0.083730 0.564178 -0.821397 0.215686 0.062745 1 2 1.000000
  2 35.488350 -1.283205 -1.747568 -0.023878 0.851596 -0.523654 0.219608 0.078431 1 2 1.000000
v_AK47-256
  2 38.965019 -2.155791 -1.912669 -0.928989 0.362840 0.072986 0.513725 0.870588 1 2 1.000000
  2 39.239212 -1.429968 -2.175226 -0.928989 0.362840 0.072986 0.517647 0.792157 1 2 1.000000
  2 38.905190 -2.235364 -2.287370 -0.928989 0.362840 0.072986 0.572549 0.866667 1 2 1.000000
v_AK47-256
  2 38.905190 -2.235364 -2.287370 -0.928989 0.362840 0.072986 0.572549 0.866667 1 2 1.000000
  2 39.239212 -1.429968 -2.175226 -0.928989 0.362840 0.072986 0.517647 0.792157 1 2 1.000000
  2 39.194908 -1.485880 -2.454015 -0.928989 0.362840 0.072986 0.564706 0.792157 1 2 1.000000
v_AK47-256
  2 38.838398 -2.146273 -2.350670 -0.149546 -0.088265 -0.984807 0.266667 0.854902 1 2 1.000000
  2 38.862778 -1.668003 -2.394413 -0.149546 -0.088265 -0.984807 0.266667 0.839216 1 2 1.000000
  2 40.912155 -2.279726 -2.653466 -0.149546 -0.088265 -0.984807 0.866667 0.847059 1 2 1.000000
v_AK47-256
  2 40.912155 -2.279726 -2.653466 -0.149546 -0.088265 -0.984807 0.866667 0.847059 1 2 1.000000
  2 38.862778 -1.668003 -2.394413 -0.149546 -0.088265 -0.984807 0.266667 0.839216 1 2 1.000000
  2 40.936550 -1.801455 -2.697211 -0.149546 -0.088265 -0.984807 0.866667 0.835294 1 2 1.000000
v_AK47-256
  2 35.456970 -2.834382 -1.972338 0.090352 -0.970230 0.224702 0.203922 0.764706 1 2 1.000000
  2 35.747375 -2.819540 -1.983914 0.090352 -0.970230 0.224702 0.298039 0.768627 1 2 1.000000
  2 35.625828 -2.577050 -0.929302 0.090352 -0.970230 0.224702 0.203922 0.858824 1 2 1.000000
v_AK47-256
  2 35.625828 -2.577050 -0.929302 0.090352 -0.970230 0.224702 0.203922 0.858824 1 2 1.000000
  2 35.747375 -2.819540 -1.983914 0.090352 -0.970230 0.224702 0.298039 0.768627 1 2 1.000000
  2 35.904919 -2.567836 -1.015857 0.090352 -0.970230 0.224702 0.298039 0.858824 1 2 1.000000
v_AK47-256
  2 44.179977 -3.818559 -2.568251 -0.112356 -0.932746 -0.342580 0.701961 0.043137 1 2 1.000000
  2 44.340446 -3.828883 -2.591683 -0.112356 -0.932746 -0.342580 0.701961 0.050980 1 2 1.000000
  2 44.230858 -3.857873 -2.462526 -0.112356 -0.932746 -0.342580 0.682353 0.047059 1 2 1.000000
v_AK47-256
  2 44.230858 -3.857873 -2.462526 -0.112356 -0.932746 -0.342580 0.682353 0.047059 1 2 1.000000
  2 44.340446 -3.828883 -2.591683 -0.112356 -0.932746 -0.342580 0.701961 0.050980 1 2 1.000000
  2 44.389389 -3.871156 -2.497947 -0.112356 -0.932746 -0.342580 0.690196 0.054902 1 2 1.000000
v_AK47-256
  2 44.204018 -3.887164 -2.633414 0.064078 -0.683775 0.726874 0.721569 0.047059 1 2 1.000000
  2 44.362549 -3.900445 -2.668835 0.064078 -0.683775 0.726874 0.713725 0.050980 1 2 1.000000
  2 44.179977 -3.818559 -2.568251 0.064078 -0.683775 0.726874 0.701961 0.043137 1 2 1.000000
v_AK47-256
  2 44.179977 -3.818559 -2.568251 0.064078 -0.683775 0.726874 0.701961 0.043137 1 2 1.000000
  2 44.362549 -3.900445 -2.668835 0.064078 -0.683775 0.726874 0.713725 0.050980 1 2 1.000000
  2 44.340446 -3.828883 -2.591683 0.064078 -0.683775 0.726874 0.701961 0.050980 1 2 1.000000
v_AK47-256
  2 31.199760 -2.477414 -0.250381 0.026728 0.969512 -0.243582 0.364706 0.207843 1 2 1.000000
  2 34.948742 -2.712695 -0.825322 0.026728 0.969512 -0.243582 0.490196 0.203922 1 2 1.000000
  2 31.090317 -2.711012 -1.243725 0.026728 0.969512 -0.243582 0.364706 0.133333 1 2 1.000000
v_AK47-256
  2 31.090317 -2.711012 -1.243725 0.026728 0.969512 -0.243582 0.364706 0.133333 1 2 1.000000
  2 34.948742 -2.712695 -0.825322 0.026728 0.969512 -0.243582 0.490196 0.203922 1 2 1.000000
  2 34.768784 -2.947731 -1.780831 0.026728 0.969512 -0.243582 0.490196 0.133333 1 2 1.000000
v_AK47-256
  2 33.090000 -2.650891 -0.578758 -0.452064 0.880447 -0.143007 0.427451 0.203922 1 2 1.000000
  2 33.333710 -2.535920 -0.607477 -0.452064 0.880447 -0.143007 0.435294 0.203922 1 2 1.000000
  2 32.942493 -2.875687 -1.489914 -0.452064 0.880447 -0.143007 0.427451 0.133333 1 2 1.000000
v_AK47-256
  2 32.942493 -2.875687 -1.489914 -0.452064 0.880447 -0.143007 0.427451 0.133333 1 2 1.000000
  2 33.333710 -2.535920 -0.607477 -0.452064 0.880447 -0.143007 0.435294 0.203922 1 2 1.000000
  2 33.178444 -2.772547 -1.566591 -0.452064 0.880447 -0.143007 0.435294 0.133333 1 2 1.000000
v_AK47-256
  2 32.942493 -2.875687 -1.489914 -0.134517 -0.278996 -0.950824 0.325490 0.352941 1 2 1.000000
  2 33.178444 -2.772547 -1.566591 -0.134517 -0.278996 -0.950824 0.341176 0.345098 1 2 1.000000
  2 33.892975 -2.936850 -1.628699 -0.134517 -0.278996 -0.950824 0.419608 0.349020 1 2 1.000000
v_AK47-256
  2 33.892975 -2.936850 -1.628699 -0.134517 -0.278996 -0.950824 0.419608 0.349020 1 2 1.000000
  2 33.178444 -2.772547 -1.566591 -0.134517 -0.278996 -0.950824 0.341176 0.345098 1 2 1.000000
  2 33.733913 -2.808291 -1.647699 -0.134517 -0.278996 -0.950824 0.400000 0.345098 1 2 1.000000
v_AK47-256
  2 33.889183 -2.571665 -0.688584 0.026728 0.969512 -0.243582 0.454902 0.203922 1 2 1.000000
  2 33.733913 -2.808291 -1.647699 0.026728 0.969512 -0.243582 0.454902 0.133333 1 2 1.000000
  2 33.333710 -2.535920 -0.607477 0.026728 0.969512 -0.243582 0.435294 0.203922 1 2 1.000000
v_AK47-256
  2 33.333710 -2.535920 -0.607477 0.026728 0.969512 -0.243582 0.435294 0.203922 1 2 1.000000
  2 33.733913 -2.808291 -1.647699 0.026728 0.969512 -0.243582 0.454902 0.133333 1 2 1.000000
  2 33.178444 -2.772547 -1.566591 0.026728 0.969512 -0.243582 0.435294 0.133333 1 2 1.000000
v_AK47-256
  2 35.049500 -2.646337 -0.858005 -0.586508 0.804598 -0.092902 0.494118 0.203922 1 2 1.000000
  2 34.869545 -2.881372 -1.813516 -0.586508 0.804598 -0.092902 0.490196 0.133333 1 2 1.000000
  2 34.948742 -2.712695 -0.825322 -0.586508 0.804598 -0.092902 0.490196 0.203922 1 2 1.000000
v_AK47-256
  2 34.948742 -2.712695 -0.825322 -0.586508 0.804598 -0.092902 0.490196 0.203922 1 2 1.000000
  2 34.869545 -2.881372 -1.813516 -0.586508 0.804598 -0.092902 0.490196 0.133333 1 2 1.000000
  2 34.768784 -2.947731 -1.780831 -0.586508 0.804598 -0.092902 0.490196 0.133333 1 2 1.000000
v_AK47-256
  2 35.629662 -2.683671 -0.942717 0.026728 0.969512 -0.243582 0.513725 0.203922 1 2 1.000000
  2 35.474396 -2.920297 -1.901832 0.015127 0.841893 -0.539432 0.513725 0.133333 1 2 1.000000
  2 35.049500 -2.646337 -0.858005 0.026728 0.969512 -0.243582 0.494118 0.203922 1 2 1.000000
v_AK47-256
  2 35.049500 -2.646337 -0.858005 0.026728 0.969512 -0.243582 0.494118 0.203922 1 2 1.000000
  2 35.474396 -2.920297 -1.901832 0.015127 0.841893 -0.539432 0.513725 0.133333 1 2 1.000000
  2 34.869545 -2.881372 -1.813516 0.026728 0.969512 -0.243582 0.490196 0.133333 1 2 1.000000
v_AK47-256
  2 30.982883 -2.527776 -1.193343 -0.124730 0.244178 -0.961675 0.003922 0.286275 1 2 1.000000
  2 30.353352 -2.487263 -1.101423 -0.040743 0.754455 -0.655086 0.003922 0.286275 1 2 1.000000
  2 31.114864 -2.326643 -0.378096 0.026728 0.969512 -0.243582 0.003922 0.286275 1 2 1.000000
v_AK47-256
  2 31.114864 -2.326643 -0.378096 0.026728 0.969512 -0.243582 0.003922 0.286275 1 2 1.000000
  2 30.353352 -2.487263 -1.101423 -0.040743 0.754455 -0.655086 0.003922 0.286275 1 2 1.000000
  2 30.485329 -2.286133 -0.286176 0.026728 0.969512 -0.243582 0.003922 0.286275 1 2 1.000000
v_AK47-256
  2 30.957058 -3.460938 -0.958940 -0.092784 -0.977757 -0.188104 0.203922 0.411765 1 2 1.000000
  2 30.327522 -3.420426 -0.867020 -0.145375 -0.664575 -0.732943 0.160784 0.411765 1 2 1.000000
  2 30.982883 -2.527776 -1.193343 -0.124730 0.244178 -0.961675 0.203922 0.341176 1 2 1.000000
v_AK47-256
  2 30.982883 -2.527776 -1.193343 -0.124730 0.244178 -0.961675 0.203922 0.341176 1 2 1.000000
  2 30.327522 -3.420426 -0.867020 -0.145375 -0.664575 -0.732943 0.160784 0.411765 1 2 1.000000
  2 30.353352 -2.487263 -1.101423 -0.040743 0.754455 -0.655086 0.160784 0.341176 1 2 1.000000
v_AK47-256
  2 31.089039 -3.259808 -0.143693 -0.028613 -0.969424 0.243719 0.525490 0.862745 1 2 1.000000
  2 30.459503 -3.219296 -0.051772 -0.028613 -0.969424 0.243719 0.525490 0.800000 1 2 1.000000
  2 30.957058 -3.460938 -0.958940 -0.092784 -0.977757 -0.188104 0.588235 0.862745 1 2 1.000000
v_AK47-256
  2 30.957058 -3.460938 -0.958940 -0.092784 -0.977757 -0.188104 0.588235 0.862745 1 2 1.000000
  2 30.459503 -3.219296 -0.051772 -0.028613 -0.969424 0.243719 0.525490 0.800000 1 2 1.000000
  2 30.327522 -3.420426 -0.867020 -0.145375 -0.664575 -0.732943 0.588235 0.800000 1 2 1.000000
v_AK47-256
  2 27.975573 -3.286808 -0.388898 -0.028613 -0.969424 0.243719 0.282353 0.027451 1 2 1.000000
  2 28.259480 -3.305080 -0.430352 -0.028613 -0.969424 0.243719 0.282353 0.031373 1 2 1.000000
  2 28.066795 -3.147789 0.174581 -0.028613 -0.969424 0.243719 0.317647 0.027451 1 2 1.000000
v_AK47-256
  2 28.066795 -3.147789 0.174581 -0.028613 -0.969424 0.243719 0.317647 0.027451 1 2 1.000000
  2 28.259480 -3.305080 -0.430352 -0.028613 -0.969424 0.243719 0.282353 0.031373 1 2 1.000000
  2 28.350704 -3.166061 0.133127 -0.028613 -0.969424 0.243719 0.313725 0.031373 1 2 1.000000
v_AK47-256
  2 29.832672 -3.270640 -0.941157 -0.153642 -0.234205 -0.959970 0.937255 0.152941 1 2 1.000000
  2 29.817379 -3.309159 -0.942211 -0.142967 -0.184645 -0.972351 0.925490 0.152941 1 2 1.000000
  2 29.529440 -3.056876 -0.944806 -0.142967 -0.184645 -0.972351 0.937255 0.094118 1 2 1.000000
v_AK47-256
  2 29.529440 -3.056876 -0.944806 -0.142967 -0.184645 -0.972351 0.937255 0.094118 1 2 1.000000
  2 29.817379 -3.309159 -0.942211 -0.142967 -0.184645 -0.972351 0.925490 0.152941 1 2 1.000000
  2 29.503746 -3.091645 -0.932069 -0.142967 -0.184645 -0.972351 0.925490 0.094118 1 2 1.000000
v_AK47-256
  2 30.434216 -3.697660 -0.881058 -0.527987 -0.808320 0.260478 0.498039 0.521569 1 2 1.000000
  2 30.447800 -3.676955 -0.797136 -0.527987 -0.808320 0.260478 0.498039 0.494118 1 2 1.000000
  2 30.097836 -3.475597 -0.855322 -0.527987 -0.808320 0.260478 0.470588 0.517647 1 2 1.000000
v_AK47-256
  2 30.097836 -3.475597 -0.855322 -0.527987 -0.808320 0.260478 0.470588 0.517647 1 2 1.000000
  2 30.447800 -3.676955 -0.797136 -0.527987 -0.808320 0.260478 0.498039 0.494118 1 2 1.000000
  2 29.827991 -3.284991 -0.793498 -0.527987 -0.808320 0.260478 0.423529 0.509804 1 2 1.000000
v_AK47-256
  2 29.512753 -3.058314 -0.798387 -0.559821 -0.799665 0.217108 0.878431 0.094118 1 2 1.000000
  2 29.503746 -3.091645 -0.932069 -0.559821 -0.799665 0.217108 0.925490 0.094118 1 2 1.000000
  2 29.827991 -3.284991 -0.793498 -0.559821 -0.799665 0.217108 0.878431 0.152941 1 2 1.000000
v_AK47-256
  2 29.827991 -3.284991 -0.793498 -0.559821 -0.799665 0.217108 0.878431 0.152941 1 2 1.000000
  2 29.503746 -3.091645 -0.932069 -0.559821 -0.799665 0.217108 0.925490 0.094118 1 2 1.000000
  2 29.817379 -3.309159 -0.942211 -0.559821 -0.799665 0.217108 0.925490 0.152941 1 2 1.000000
v_AK47-256
  2 29.545303 -3.021094 -0.851938 -0.845628 0.533740 -0.005861 0.878431 0.078431 1 2 1.000000
  2 29.529440 -3.056876 -0.944806 -0.845628 0.533740 -0.005861 0.925490 0.078431 1 2 1.000000
  2 29.512753 -3.058314 -0.798387 -0.845628 0.533740 -0.005861 0.878431 0.094118 1 2 1.000000
v_AK47-256
  2 29.512753 -3.058314 -0.798387 -0.845628 0.533740 -0.005861 0.878431 0.094118 1 2 1.000000
  2 29.529440 -3.056876 -0.944806 -0.845628 0.533740 -0.005861 0.925490 0.078431 1 2 1.000000
  2 29.503746 -3.091645 -0.932069 -0.845628 0.533740 -0.005861 0.925490 0.094118 1 2 1.000000
v_AK47-256
  2 30.255615 -3.203435 -0.934978 -0.734381 0.237167 -0.635953 0.576471 0.819608 1 2 1.000000
  2 30.224361 -3.304714 -0.930997 -0.734381 0.237167 -0.635953 0.552941 0.843137 1 2 1.000000
  2 30.097836 -3.475597 -0.855322 -0.734381 0.237167 -0.635953 0.447059 0.815686 1 2 1.000000
v_AK47-256
  2 30.097836 -3.475597 -0.855322 -0.734381 0.237167 -0.635953 0.447059 0.815686 1 2 1.000000
  2 30.224361 -3.304714 -0.930997 -0.734381 0.237167 -0.635953 0.552941 0.843137 1 2 1.000000
  2 30.158018 -3.400651 -0.909621 -0.734381 0.237167 -0.635953 0.509804 0.843137 1 2 1.000000
v_AK47-256
  2 30.357841 -3.285749 -0.892122 -0.661534 0.668352 -0.340116 0.717647 0.431373 1 2 1.000000
  2 30.366669 -3.323120 -0.988593 -0.661534 0.668352 -0.340116 0.807843 0.431373 1 2 1.000000
  2 30.252865 -3.370143 -0.880372 -0.661534 0.668352 -0.340116 0.717647 0.474510 1 2 1.000000
v_AK47-256
  2 30.252865 -3.370143 -0.880372 -0.661534 0.668352 -0.340116 0.717647 0.474510 1 2 1.000000
  2 30.366669 -3.323120 -0.988593 -0.661534 0.668352 -0.340116 0.807843 0.431373 1 2 1.000000
  2 30.274033 -3.408309 -0.978645 -0.661534 0.668352 -0.340116 0.807843 0.478431 1 2 1.000000
v_AK47-256
  2 30.226765 -3.486789 -0.834333 -0.527987 -0.808320 0.260478 0.717647 0.517647 1 2 1.000000
  2 30.235584 -3.524157 -0.930807 -0.527987 -0.808320 0.260478 0.807843 0.513725 1 2 1.000000
  2 30.419304 -3.611526 -0.847763 -0.527987 -0.808320 0.260478 0.717647 0.600000 1 2 1.000000
v_AK47-256
  2 30.419304 -3.611526 -0.847763 -0.527987 -0.808320 0.260478 0.717647 0.600000 1 2 1.000000
  2 30.235584 -3.524157 -0.930807 -0.527987 -0.808320 0.260478 0.807843 0.513725 1 2 1.000000
  2 30.416121 -3.635983 -0.945477 -0.527987 -0.808320 0.260478 0.807843 0.600000 1 2 1.000000
v_AK47-256
  2 30.252865 -3.370143 -0.880372 -0.957637 0.198014 -0.209097 0.717647 0.474510 1 2 1.000000
  2 30.274033 -3.408309 -0.978645 -0.957637 0.198014 -0.209097 0.807843 0.478431 1 2 1.000000
  2 30.226765 -3.486789 -0.834333 -0.957637 0.198014 -0.209097 0.717647 0.517647 1 2 1.000000
v_AK47-256
  2 30.226765 -3.486789 -0.834333 -0.957637 0.198014 -0.209097 0.717647 0.517647 1 2 1.000000
  2 30.274033 -3.408309 -0.978645 -0.957637 0.198014 -0.209097 0.807843 0.478431 1 2 1.000000
  2 30.235584 -3.524157 -0.930807 -0.957637 0.198014 -0.209097 0.807843 0.513725 1 2 1.000000
v_AK47-256
  2 29.611649 -2.925159 -0.873315 -0.153642 -0.234205 -0.959970 0.082353 0.113725 1 2 1.000000
  2 29.639614 -2.875311 -0.877107 -0.026846 -0.097026 -0.994920 0.082353 0.101961 1 2 1.000000
  2 29.662628 -2.937495 -0.865491 -0.026846 -0.097026 -0.994920 0.090196 0.109804 1 2 1.000000
v_AK47-256
  2 29.662628 -2.937495 -0.865491 -0.026846 -0.097026 -0.994920 0.090196 0.109804 1 2 1.000000
  2 29.639614 -2.875311 -0.877107 -0.026846 -0.097026 -0.994920 0.082353 0.101961 1 2 1.000000
  2 29.700665 -2.903523 -0.880031 -0.096593 -0.012792 -0.995242 0.094118 0.101961 1 2 1.000000
v_AK47-256
  2 30.327522 -3.420426 -0.867020 -0.986732 0.083697 0.139119 0.952941 0.960784 1 2 1.000000
  2 30.459503 -3.219296 -0.051772 -0.986732 0.083697 0.139119 0.917647 0.960784 1 2 1.000000
  2 30.353352 -2.487263 -1.101423 -0.986732 0.083697 0.139119 0.952941 0.925490 1 2 1.000000
v_AK47-256
  2 30.353352 -2.487263 -1.101423 -0.986732 0.083697 0.139119 0.952941 0.925490 1 2 1.000000
  2 30.459503 -3.219296 -0.051772 -0.986732 0.083697 0.139119 0.917647 0.960784 1 2 1.000000
  2 30.485329 -2.286133 -0.286176 -0.986732 0.083697 0.139119 0.917647 0.925490 1 2 1.000000
v_AK47-256
  2 27.976913 -3.238332 -0.401075 -0.986732 0.083697 0.139119 0.494118 0.062745 1 2 1.000000
  2 27.975573 -3.286808 -0.388898 -0.986732 0.083697 0.139119 0.521569 0.062745 1 2 1.000000
  2 28.068132 -3.099314 0.162405 -0.986732 0.083697 0.139119 0.494118 0.050980 1 2 1.000000
v_AK47-256
  2 28.068132 -3.099314 0.162405 -0.986732 0.083697 0.139119 0.494118 0.050980 1 2 1.000000
  2 27.975573 -3.286808 -0.388898 -0.986732 0.083697 0.139119 0.521569 0.062745 1 2 1.000000
  2 28.066795 -3.147789 0.174581 -0.986732 0.083697 0.139119 0.521569 0.047059 1 2 1.000000
v_AK47-256
  2 28.310200 -3.259779 -0.449739 -0.153642 -0.234205 -0.959970 0.282353 0.031373 1 2 1.000000
  2 28.259480 -3.305080 -0.430352 -0.153642 -0.234205 -0.959970 0.282353 0.031373 1 2 1.000000
  2 27.976913 -3.238332 -0.401075 -0.153642 -0.234205 -0.959970 0.282353 0.027451 1 2 1.000000
v_AK47-256
  2 27.976913 -3.238332 -0.401075 -0.153642 -0.234205 -0.959970 0.282353 0.027451 1 2 1.000000
  2 28.259480 -3.305080 -0.430352 -0.153642 -0.234205 -0.959970 0.282353 0.031373 1 2 1.000000
  2 27.975573 -3.286808 -0.388898 -0.153642 -0.234205 -0.959970 0.282353 0.027451 1 2 1.000000
v_AK47-256
  2 30.620384 -3.527187 -0.027922 -0.028613 -0.969424 0.243719 0.152941 0.811765 1 2 1.000000
  2 30.447575 -3.516066 -0.002690 -0.028613 -0.969424 0.243719 0.188235 0.811765 1 2 1.000000
  2 30.602917 -3.553807 -0.135822 -0.028613 -0.969424 0.243719 0.152941 0.862745 1 2 1.000000
v_AK47-256
  2 30.602917 -3.553807 -0.135822 -0.028613 -0.969424 0.243719 0.152941 0.862745 1 2 1.000000
  2 30.447575 -3.516066 -0.002690 -0.028613 -0.969424 0.243719 0.188235 0.811765 1 2 1.000000
  2 30.430103 -3.542687 -0.110589 -0.028613 -0.969424 0.243719 0.188235 0.862745 1 2 1.000000
v_AK47-256
  2 28.664986 -3.307275 -0.599721 -0.028613 -0.969424 0.243719 0.509804 0.862745 1 2 1.000000
  2 29.997787 -3.405184 -0.791332 -0.028613 -0.969424 0.243719 0.270588 0.862745 1 2 1.000000
  2 28.682455 -3.280653 -0.491821 -0.028613 -0.969424 0.243719 0.509804 0.815686 1 2 1.000000
v_AK47-256
  2 28.682455 -3.280653 -0.491821 -0.028613 -0.969424 0.243719 0.509804 0.815686 1 2 1.000000
  2 29.997787 -3.405184 -0.791332 -0.028613 -0.969424 0.243719 0.270588 0.862745 1 2 1.000000
  2 30.027597 -3.379358 -0.685235 -0.028613 -0.969424 0.243719 0.270588 0.811765 1 2 1.000000
v_AK47-256
  2 29.997787 -3.405184 -0.791332 -0.676696 -0.681171 0.279444 0.607843 0.345098 1 2 1.000000
  2 30.309071 -3.707530 -0.780166 -0.676696 -0.681171 0.279444 0.560784 0.349020 1 2 1.000000
  2 30.027597 -3.379358 -0.685235 -0.676696 -0.681171 0.279444 0.607843 0.313725 1 2 1.000000
v_AK47-256
  2 30.027597 -3.379358 -0.685235 -0.676696 -0.681171 0.279444 0.607843 0.313725 1 2 1.000000
  2 30.309071 -3.707530 -0.780166 -0.676696 -0.681171 0.279444 0.560784 0.349020 1 2 1.000000
  2 30.328482 -3.677953 -0.660277 -0.676696 -0.681171 0.279444 0.564706 0.317647 1 2 1.000000
v_AK47-256
  2 30.311699 -3.352959 -0.138228 -0.818829 -0.491957 0.295799 0.588235 0.345098 1 2 1.000000
  2 30.430103 -3.542687 -0.110589 -0.818829 -0.491957 0.295799 0.560784 0.349020 1 2 1.000000
  2 30.329166 -3.326337 -0.030329 -0.818829 -0.491957 0.295799 0.588235 0.317647 1 2 1.000000
v_AK47-256
  2 30.329166 -3.326337 -0.030329 -0.818829 -0.491957 0.295799 0.588235 0.317647 1 2 1.000000
  2 30.430103 -3.542687 -0.110589 -0.818829 -0.491957 0.295799 0.560784 0.349020 1 2 1.000000
  2 30.447575 -3.516066 -0.002690 -0.818829 -0.491957 0.295799 0.560784 0.321569 1 2 1.000000
v_AK47-256
  2 30.209236 -3.255786 -0.275943 -0.028613 -0.969424 0.243719 0.568627 0.913725 1 2 1.000000
  2 28.760090 -3.162340 -0.012264 -0.097001 -0.962531 0.253228 0.466667 0.913725 1 2 1.000000
  2 30.160378 -3.341851 -0.572623 -0.028613 -0.969424 0.243719 0.568627 0.862745 1 2 1.000000
v_AK47-256
  2 30.160378 -3.341851 -0.572623 -0.028613 -0.969424 0.243719 0.568627 0.862745 1 2 1.000000
  2 28.760090 -3.162340 -0.012264 -0.097001 -0.962531 0.253228 0.466667 0.913725 1 2 1.000000
  2 28.692160 -3.265863 -0.431876 -0.177659 -0.951673 0.250510 0.466667 0.862745 1 2 1.000000
v_AK47-256
  2 30.152328 -3.632708 -0.499561 -0.028613 -0.969424 0.243719 0.917647 0.639216 1 2 1.000000
  2 30.002258 -3.626130 -0.489922 -0.028613 -0.969424 0.243719 0.909804 0.639216 1 2 1.000000
  2 30.466202 -3.683733 -0.668113 -0.028613 -0.969424 0.243719 0.929412 0.607843 1 2 1.000000
v_AK47-256
  2 30.466202 -3.683733 -0.668113 -0.028613 -0.969424 0.243719 0.929412 0.607843 1 2 1.000000
  2 30.002258 -3.626130 -0.489922 -0.028613 -0.969424 0.243719 0.909804 0.639216 1 2 1.000000
  2 29.982853 -3.655711 -0.609811 -0.028613 -0.969424 0.243719 0.925490 0.607843 1 2 1.000000
v_AK47-256
  2 29.637562 -3.621350 -0.562389 -0.441338 -0.852978 0.278656 0.298039 0.835294 1 2 1.000000
  2 29.872089 -3.636442 -0.596634 -0.028613 -0.969424 0.243719 0.200000 0.839216 1 2 1.000000
  2 29.640743 -3.596893 -0.464675 -0.441338 -0.852978 0.278656 0.298039 0.784314 1 2 1.000000
v_AK47-256
  2 29.640743 -3.596893 -0.464675 -0.441338 -0.852978 0.278656 0.298039 0.784314 1 2 1.000000
  2 29.872089 -3.636442 -0.596634 -0.028613 -0.969424 0.243719 0.200000 0.839216 1 2 1.000000
  2 29.889225 -3.621942 -0.485690 -0.028613 -0.969424 0.243719 0.200000 0.780392 1 2 1.000000
v_AK47-256
  2 29.943905 -3.527004 -0.153043 -0.028613 -0.969424 0.243719 0.200000 0.839216 1 2 1.000000
  2 29.963314 -3.497426 -0.033154 -0.028613 -0.969424 0.243719 0.200000 0.780392 1 2 1.000000
  2 29.700912 -3.505199 -0.093018 -0.328699 -0.909441 0.254702 0.298039 0.835294 1 2 1.000000
v_AK47-256
  2 29.700912 -3.505199 -0.093018 -0.328699 -0.909441 0.254702 0.298039 0.835294 1 2 1.000000
  2 29.963314 -3.497426 -0.033154 -0.028613 -0.969424 0.243719 0.200000 0.780392 1 2 1.000000
  2 29.716438 -3.481538 0.002893 -0.618124 -0.744790 0.251416 0.298039 0.784314 1 2 1.000000
v_AK47-256
  2 29.637562 -3.621350 -0.562389 -0.441338 -0.852978 0.278656 0.125490 0.086275 1 2 1.000000
  2 29.640743 -3.596893 -0.464675 -0.441338 -0.852978 0.278656 0.094118 0.086275 1 2 1.000000
  2 29.553837 -3.518836 -0.574127 -0.566018 -0.779741 0.267633 0.125490 0.054902 1 2 1.000000
v_AK47-256
  2 29.553837 -3.518836 -0.574127 -0.566018 -0.779741 0.267633 0.125490 0.054902 1 2 1.000000
  2 29.640743 -3.596893 -0.464675 -0.441338 -0.852978 0.278656 0.094118 0.086275 1 2 1.000000
  2 29.567421 -3.498131 -0.490203 -0.566018 -0.779741 0.267633 0.094118 0.054902 1 2 1.000000
v_AK47-256
  2 29.700912 -3.505199 -0.093018 -0.328699 -0.909441 0.254702 0.125490 0.086275 1 2 1.000000
  2 29.716438 -3.481538 0.002893 -0.618124 -0.744790 0.251416 0.094118 0.086275 1 2 1.000000
  2 29.629868 -3.391364 -0.109602 -0.665231 -0.708142 0.236650 0.125490 0.054902 1 2 1.000000
v_AK47-256
  2 29.629868 -3.391364 -0.109602 -0.665231 -0.708142 0.236650 0.125490 0.054902 1 2 1.000000
  2 29.716438 -3.481538 0.002893 -0.618124 -0.744790 0.251416 0.094118 0.086275 1 2 1.000000
  2 29.645058 -3.379818 -0.010646 -0.441338 -0.852978 0.278656 0.094118 0.054902 1 2 1.000000
v_AK47-256
  2 28.771736 -3.144593 0.059669 -0.226595 -0.934970 0.272921 0.584314 0.811765 1 2 1.000000
  2 28.760090 -3.162340 -0.012264 -0.097001 -0.962531 0.253228 0.584314 0.850980 1 2 1.000000
  2 29.645058 -3.379818 -0.010646 -0.441338 -0.852978 0.278656 0.247059 0.811765 1 2 1.000000
v_AK47-256
  2 29.645058 -3.379818 -0.010646 -0.441338 -0.852978 0.278656 0.247059 0.811765 1 2 1.000000
  2 28.760090 -3.162340 -0.012264 -0.097001 -0.962531 0.253228 0.584314 0.850980 1 2 1.000000
  2 29.629868 -3.391364 -0.109602 -0.665231 -0.708142 0.236650 0.247059 0.850980 1 2 1.000000
v_AK47-256
  2 29.567421 -3.498131 -0.490203 -0.566018 -0.779741 0.267633 0.247059 0.811765 1 2 1.000000
  2 28.692160 -3.265863 -0.431876 -0.177659 -0.951673 0.250510 0.584314 0.811765 1 2 1.000000
  2 29.553837 -3.518836 -0.574127 -0.566018 -0.779741 0.267633 0.247059 0.850980 1 2 1.000000
v_AK47-256
  2 29.553837 -3.518836 -0.574127 -0.566018 -0.779741 0.267633 0.247059 0.850980 1 2 1.000000
  2 28.692160 -3.265863 -0.431876 -0.177659 -0.951673 0.250510 0.584314 0.811765 1 2 1.000000
  2 28.682455 -3.280653 -0.491821 -0.226595 -0.934970 0.272921 0.584314 0.850980 1 2 1.000000
v_AK47-256
  2 30.152328 -3.632708 -0.499561 -0.028613 -0.969424 0.243719 0.921569 0.662745 1 2 1.000000
  2 30.466202 -3.683733 -0.668113 -0.028613 -0.969424 0.243719 0.933333 0.639216 1 2 1.000000
  2 30.158150 -3.623831 -0.463594 -0.028613 -0.969424 0.243719 0.925490 0.690196 1 2 1.000000
v_AK47-256
  2 30.158150 -3.623831 -0.463594 -0.028613 -0.969424 0.243719 0.925490 0.690196 1 2 1.000000
  2 30.466202 -3.683733 -0.668113 -0.028613 -0.969424 0.243719 0.933333 0.639216 1 2 1.000000
  2 30.491436 -3.645283 -0.512257 -0.028613 -0.969424 0.243719 0.945098 0.698039 1 2 1.000000
v_AK47-256
  2 29.984356 -3.691849 -0.496876 -0.028613 -0.969424 0.243719 0.200000 0.843137 1 2 1.000000
  2 29.897953 -3.686290 -0.484258 -0.028613 -0.969424 0.243719 0.203922 0.784314 1 2 1.000000
  2 29.972713 -3.709596 -0.568810 -0.028613 -0.969424 0.243719 0.282353 0.843137 1 2 1.000000
v_AK47-256
  2 29.972713 -3.709596 -0.568810 -0.028613 -0.969424 0.243719 0.282353 0.843137 1 2 1.000000
  2 29.897953 -3.686290 -0.484258 -0.028613 -0.969424 0.243719 0.203922 0.784314 1 2 1.000000
  2 29.886307 -3.704035 -0.556193 -0.028613 -0.969424 0.243719 0.282353 0.784314 1 2 1.000000
v_AK47-256
  2 30.042583 -3.603114 -0.137208 -0.028613 -0.969424 0.243719 0.282353 0.843137 1 2 1.000000
  2 30.056171 -3.582409 -0.053286 -0.028613 -0.969424 0.243719 0.200000 0.843137 1 2 1.000000
  2 29.958120 -3.594594 -0.112604 -0.028613 -0.969424 0.243719 0.282353 0.784314 1 2 1.000000
v_AK47-256
  2 29.958120 -3.594594 -0.112604 -0.028613 -0.969424 0.243719 0.282353 0.784314 1 2 1.000000
  2 30.056171 -3.582409 -0.053286 -0.028613 -0.969424 0.243719 0.200000 0.843137 1 2 1.000000
  2 29.969767 -3.576850 -0.040669 -0.028613 -0.969424 0.243719 0.203922 0.784314 1 2 1.000000
v_AK47-256
  2 24.695496 -2.643687 0.270171 -0.028613 -0.969424 0.243719 0.172549 0.121569 1 2 1.000000
  2 28.299900 -2.875642 -0.256120 -0.028613 -0.969424 0.243719 0.176471 0.101961 1 2 1.000000
  2 24.783535 -2.529128 0.735937 -0.028613 -0.969424 0.243719 0.172549 0.121569 1 2 1.000000
v_AK47-256
  2 24.783535 -2.529128 0.735937 -0.028613 -0.969424 0.243719 0.172549 0.121569 1 2 1.000000
  2 28.299900 -2.875642 -0.256120 -0.028613 -0.969424 0.243719 0.176471 0.101961 1 2 1.000000
  2 28.381416 -2.751412 0.247415 -0.028613 -0.969424 0.243719 0.176471 0.101961 1 2 1.000000
v_AK47-256
  2 28.398472 -1.866437 -0.025813 -0.124730 0.244178 -0.961675 0.894118 0.870588 1 2 1.000000
  2 28.299900 -2.875642 -0.256120 -0.124730 0.244178 -0.961675 0.894118 0.952941 1 2 1.000000
  2 24.796009 -1.631528 0.512467 -0.124730 0.244178 -0.961675 0.552941 0.870588 1 2 1.000000
v_AK47-256
  2 24.796009 -1.631528 0.512467 -0.124730 0.244178 -0.961675 0.552941 0.870588 1 2 1.000000
  2 28.299900 -2.875642 -0.256120 -0.124730 0.244178 -0.961675 0.894118 0.952941 1 2 1.000000
  2 24.695496 -2.643687 0.270171 -0.124730 0.244178 -0.961675 0.552941 0.952941 1 2 1.000000
v_AK47-256
  2 29.164839 -0.817279 -1.307989 -0.986732 0.083697 0.139119 0.341176 0.152941 1 2 1.000000
  2 29.090187 -2.440075 -1.104064 -0.986732 0.083697 0.139119 0.498039 0.137255 1 2 1.000000
  2 29.289730 -0.603740 -0.546787 -0.986732 0.083697 0.139119 0.341176 0.200000 1 2 1.000000
v_AK47-256
  2 29.289730 -0.603740 -0.546787 -0.986732 0.083697 0.139119 0.341176 0.200000 1 2 1.000000
  2 29.090187 -2.440075 -1.104064 -0.986732 0.083697 0.139119 0.498039 0.137255 1 2 1.000000
  2 29.268749 -2.167957 -0.001084 -0.986732 0.083697 0.139119 0.498039 0.207843 1 2 1.000000
v_AK47-256
  2 23.005173 -2.120953 -0.093431 0.012760 0.941123 -0.337824 0.400000 0.901961 1 2 1.000000
  2 23.062645 -2.100179 -0.055727 0.012760 0.941123 -0.337824 0.403922 0.901961 1 2 1.000000
  2 25.669502 -2.295492 -0.494730 0.012760 0.941123 -0.337824 0.650980 0.901961 1 2 1.000000
v_AK47-256
  2 25.669502 -2.295492 -0.494730 0.012760 0.941123 -0.337824 0.650980 0.901961 1 2 1.000000
  2 23.062645 -2.100179 -0.055727 0.012760 0.941123 -0.337824 0.403922 0.901961 1 2 1.000000
  2 25.617487 -2.276732 -0.425774 0.012760 0.941123 -0.337824 0.647059 0.901961 1 2 1.000000
v_AK47-256
  2 22.653309 -1.810018 -0.126212 0.412172 0.403693 -0.816790 0.364706 0.878431 1 2 1.000000
  2 22.722456 -1.814278 -0.084224 0.412172 0.403693 -0.816790 0.368627 0.878431 1 2 1.000000
  2 23.005173 -2.120953 -0.093431 0.412172 0.403693 -0.816790 0.400000 0.901961 1 2 1.000000
v_AK47-256
  2 23.005173 -2.120953 -0.093431 0.412172 0.403693 -0.816790 0.400000 0.901961 1 2 1.000000
  2 22.722456 -1.814278 -0.084224 0.412172 0.403693 -0.816790 0.368627 0.878431 1 2 1.000000
  2 23.062645 -2.100179 -0.055727 0.412172 0.403693 -0.816790 0.403922 0.901961 1 2 1.000000
v_AK47-256
  2 26.626350 -0.832757 -0.828050 -0.142967 -0.184645 -0.972351 0.741176 0.768627 1 2 1.000000
  2 28.552250 -1.014313 -1.082009 -0.142967 -0.184645 -0.972351 0.909804 0.768627 1 2 1.000000
  2 26.599873 -1.453498 -0.735782 -0.142967 -0.184645 -0.972351 0.741176 0.815686 1 2 1.000000
v_AK47-256
  2 26.599873 -1.453498 -0.735782 -0.142967 -0.184645 -0.972351 0.741176 0.815686 1 2 1.000000
  2 28.552250 -1.014313 -1.082009 -0.142967 -0.184645 -0.972351 0.909804 0.768627 1 2 1.000000
  2 28.616066 -1.634699 -0.978382 -0.142967 -0.184645 -0.972351 0.917647 0.815686 1 2 1.000000
v_AK47-256
  2 25.505589 -1.337787 -0.652341 -0.142967 -0.184645 -0.972351 0.639216 0.815686 1 2 1.000000
  2 25.500965 -1.437696 -0.639976 -0.142967 -0.184645 -0.972351 0.639216 0.823529 1 2 1.000000
  2 25.258713 -1.321901 -0.616295 -0.142967 -0.184645 -0.972351 0.615686 0.811765 1 2 1.000000
v_AK47-256
  2 25.258713 -1.321901 -0.616295 -0.142967 -0.184645 -0.972351 0.615686 0.811765 1 2 1.000000
  2 25.500965 -1.437696 -0.639976 -0.142967 -0.184645 -0.972351 0.639216 0.823529 1 2 1.000000
  2 25.254086 -1.421808 -0.603929 -0.142967 -0.184645 -0.972351 0.615686 0.823529 1 2 1.000000
v_AK47-256
  2 23.624531 -0.852900 -0.571707 -0.153642 -0.234205 -0.959970 0.388235 0.760784 1 2 1.000000
  2 23.675917 -0.783362 -0.597182 -0.153642 -0.234205 -0.959970 0.400000 0.745098 1 2 1.000000
  2 23.697586 -0.894022 -0.573390 -0.153642 -0.234205 -0.959970 0.403922 0.772549 1 2 1.000000
v_AK47-256
  2 23.697586 -0.894022 -0.573390 -0.153642 -0.234205 -0.959970 0.403922 0.772549 1 2 1.000000
  2 23.675917 -0.783362 -0.597182 -0.153642 -0.234205 -0.959970 0.400000 0.745098 1 2 1.000000
  2 23.736296 -0.835809 -0.594018 -0.153642 -0.234205 -0.959970 0.415686 0.756863 1 2 1.000000
v_AK47-256
  2 25.809982 -0.659578 -0.947140 -0.110927 0.972818 -0.203273 0.807843 0.454902 1 2 1.000000
  2 25.549757 -0.679253 -0.900159 -0.110927 0.972818 -0.203273 0.803922 0.462745 1 2 1.000000
  2 25.829056 -0.642117 -0.824206 -0.110927 0.972818 -0.203273 0.729412 0.454902 1 2 1.000000
v_AK47-256
  2 25.829056 -0.642117 -0.824206 -0.110927 0.972818 -0.203273 0.729412 0.454902 1 2 1.000000
  2 25.549757 -0.679253 -0.900159 -0.110927 0.972818 -0.203273 0.803922 0.462745 1 2 1.000000
  2 24.862885 -0.701348 -0.653180 -0.110927 0.972818 -0.203273 0.729412 0.482353 1 2 1.000000
v_AK47-256
  2 24.836773 -0.791958 -0.965453 -0.142967 -0.184645 -0.972351 0.113725 0.933333 1 2 1.000000
  2 24.849789 -0.768515 -0.973343 -0.142967 -0.184645 -0.972351 0.117647 0.905882 1 2 1.000000
  2 25.482941 -0.745475 -1.068496 -0.142967 -0.184645 -0.972351 0.349020 0.929412 1 2 1.000000
v_AK47-256
  2 25.482941 -0.745475 -1.068496 -0.142967 -0.184645 -0.972351 0.349020 0.929412 1 2 1.000000
  2 24.849789 -0.768515 -0.973343 -0.142967 -0.184645 -0.972351 0.117647 0.905882 1 2 1.000000
  2 25.483612 -0.721236 -1.074584 -0.142967 -0.184645 -0.972351 0.349020 0.898039 1 2 1.000000
v_AK47-256
  2 25.482941 -0.745475 -1.068496 0.084420 -0.988867 0.122539 0.227451 0.847059 1 2 1.000000
  2 25.548750 -0.715609 -0.891026 0.084420 -0.988867 0.122539 0.203922 0.811765 1 2 1.000000
  2 24.836773 -0.791958 -0.965453 0.084420 -0.988867 0.122539 0.556863 0.854902 1 2 1.000000
v_AK47-256
  2 24.836773 -0.791958 -0.965453 0.084420 -0.988867 0.122539 0.556863 0.854902 1 2 1.000000
  2 25.548750 -0.715609 -0.891026 0.084420 -0.988867 0.122539 0.203922 0.811765 1 2 1.000000
  2 24.828184 -0.769447 -0.774123 0.084420 -0.988867 0.122539 0.600000 0.792157 1 2 1.000000
v_AK47-256
  2 24.843475 -0.730926 -0.773068 -0.141690 0.987830 -0.064151 0.431373 0.043137 1 2 1.000000
  2 24.812965 -0.738213 -0.805431 -0.159234 0.977893 -0.135537 0.431373 0.066667 1 2 1.000000
  2 23.873684 -0.853707 -0.598810 -0.489769 0.823456 -0.286438 0.411765 0.043137 1 2 1.000000
v_AK47-256
  2 23.873684 -0.853707 -0.598810 -0.489769 0.823456 -0.286438 0.411765 0.043137 1 2 1.000000
  2 24.812965 -0.738213 -0.805431 -0.159234 0.977893 -0.135537 0.431373 0.066667 1 2 1.000000
  2 23.882145 -0.860420 -0.624589 -0.771645 0.383574 -0.507381 0.411765 0.062745 1 2 1.000000
v_AK47-256
  2 22.380123 -0.645057 -0.343331 -0.153642 -0.234205 -0.959970 0.329412 0.764706 1 2 1.000000
  2 22.295057 -0.591019 -0.342891 -0.153642 -0.234205 -0.959970 0.321569 0.756863 1 2 1.000000
  2 22.443853 -0.576313 -0.370607 -0.153642 -0.234205 -0.959970 0.337255 0.756863 1 2 1.000000
v_AK47-256
  2 22.443853 -0.576313 -0.370607 -0.153642 -0.234205 -0.959970 0.337255 0.756863 1 2 1.000000
  2 22.295057 -0.591019 -0.342891 -0.153642 -0.234205 -0.959970 0.321569 0.756863 1 2 1.000000
  2 22.371132 -0.523071 -0.371971 -0.153642 -0.234205 -0.959970 0.329412 0.749020 1 2 1.000000
v_AK47-256
  2 19.994371 -1.873080 1.023577 0.026728 0.969512 -0.243582 0.400000 0.047059 1 2 1.000000
  2 19.953613 -1.935194 0.771810 0.026728 0.969512 -0.243582 0.396078 0.062745 1 2 1.000000
  2 19.179680 -1.820653 1.142534 0.026728 0.969512 -0.243582 0.368627 0.047059 1 2 1.000000
v_AK47-256
  2 19.179680 -1.820653 1.142534 0.026728 0.969512 -0.243582 0.368627 0.047059 1 2 1.000000
  2 19.953613 -1.935194 0.771810 0.026728 0.969512 -0.243582 0.396078 0.062745 1 2 1.000000
  2 19.138920 -1.882766 0.890766 0.026728 0.969512 -0.243582 0.364706 0.062745 1 2 1.000000
v_AK47-256
  2 19.297079 -2.046741 1.179306 -0.028613 -0.969424 0.243719 0.741176 0.439216 1 2 1.000000
  2 19.256657 -2.096734 0.924494 -0.028613 -0.969424 0.243719 0.780392 0.439216 1 2 1.000000
  2 20.148804 -2.101549 1.054942 -0.028613 -0.969424 0.243719 0.741176 0.490196 1 2 1.000000
v_AK47-256
  2 20.148804 -2.101549 1.054942 -0.028613 -0.969424 0.243719 0.741176 0.490196 1 2 1.000000
  2 19.256657 -2.096734 0.924494 -0.028613 -0.969424 0.243719 0.780392 0.439216 1 2 1.000000
  2 20.108381 -2.151545 0.800130 -0.028613 -0.969424 0.243719 0.776471 0.490196 1 2 1.000000
v_AK47-256
  2 19.140968 -1.878865 1.163161 -0.715902 -0.640346 0.278282 0.890196 0.000000 1 2 1.000000
  2 19.100210 -1.940979 0.911394 -0.715902 -0.640346 0.278282 0.937255 0.000000 1 2 1.000000
  2 19.297079 -2.046741 1.179306 -0.715902 -0.640346 0.278282 0.890196 0.054902 1 2 1.000000
v_AK47-256
  2 19.297079 -2.046741 1.179306 -0.715902 -0.640346 0.278282 0.890196 0.054902 1 2 1.000000
  2 19.100210 -1.940979 0.911394 -0.715902 -0.640346 0.278282 0.937255 0.000000 1 2 1.000000
  2 19.256657 -2.096734 0.924494 -0.715902 -0.640346 0.278282 0.937255 0.054902 1 2 1.000000
v_AK47-256
  2 19.179680 -1.820653 1.142534 -0.768289 0.639725 -0.022002 0.847059 0.831373 1 2 1.000000
  2 19.138920 -1.882766 0.890766 -0.768289 0.639725 -0.022002 0.874510 0.831373 1 2 1.000000
  2 19.140968 -1.878865 1.163161 -0.768289 0.639725 -0.022002 0.847059 0.854902 1 2 1.000000
v_AK47-256
  2 19.140968 -1.878865 1.163161 -0.768289 0.639725 -0.022002 0.847059 0.854902 1 2 1.000000
  2 19.138920 -1.882766 0.890766 -0.768289 0.639725 -0.022002 0.874510 0.831373 1 2 1.000000
  2 19.100210 -1.940979 0.911394 -0.768289 0.639725 -0.022002 0.874510 0.854902 1 2 1.000000
v_AK47-256
  2 21.468452 0.794937 -0.459776 0.959579 0.195180 -0.202764 0.407843 0.435294 1 2 1.000000
  2 20.667568 4.027308 -1.127588 0.959579 0.195180 -0.202764 0.223529 0.435294 1 2 1.000000
  2 21.580662 0.997152 0.306273 0.959579 0.195180 -0.202764 0.407843 0.478431 1 2 1.000000
v_AK47-256
  2 21.580662 0.997152 0.306273 0.959579 0.195180 -0.202764 0.407843 0.478431 1 2 1.000000
  2 20.667568 4.027308 -1.127588 0.959579 0.195180 -0.202764 0.223529 0.435294 1 2 1.000000
  2 20.793728 4.219569 -0.348309 0.959579 0.195180 -0.202764 0.223529 0.478431 1 2 1.000000
v_AK47-256
  2 21.675892 1.161600 -0.414391 -0.986732 0.083697 0.139119 0.384314 0.839216 1 2 1.000000
  2 21.643158 0.492891 -0.257145 -0.986732 0.083697 0.139119 0.364706 0.839216 1 2 1.000000
  2 21.743484 1.253005 0.008266 -0.986732 0.083697 0.139119 0.384314 0.819608 1 2 1.000000
v_AK47-256
  2 21.743484 1.253005 0.008266 -0.986732 0.083697 0.139119 0.384314 0.819608 1 2 1.000000
  2 21.643158 0.492891 -0.257145 -0.986732 0.083697 0.139119 0.364706 0.839216 1 2 1.000000
  2 21.711088 0.596414 0.162468 -0.986732 0.083697 0.139119 0.364706 0.819608 1 2 1.000000
v_AK47-256
  2 19.023991 -1.415590 1.198131 -0.974629 0.172892 0.142151 0.490196 0.807843 1 2 1.000000
  2 19.019512 -1.375987 1.149989 -0.974629 0.172892 0.142151 0.490196 0.815686 1 2 1.000000
  2 18.928526 -1.529863 0.681367 -0.974629 0.172892 0.142151 0.458824 0.807843 1 2 1.000000
v_AK47-256
  2 18.928526 -1.529863 0.681367 -0.974629 0.172892 0.142151 0.458824 0.807843 1 2 1.000000
  2 19.019512 -1.375987 1.149989 -0.974629 0.172892 0.142151 0.490196 0.815686 1 2 1.000000
  2 18.948032 -1.473308 0.703353 -0.974629 0.172892 0.142151 0.458824 0.815686 1 2 1.000000
v_AK47-256
  2 19.019716 -1.873536 0.503767 -0.859289 -0.447419 0.247869 0.815686 0.784314 1 2 1.000000
  2 19.167225 -1.648742 1.414925 -0.876057 -0.413500 0.248074 0.745098 0.784314 1 2 1.000000
  2 18.986179 -1.610451 0.418224 -0.859289 -0.447419 0.247869 0.815686 0.737255 1 2 1.000000
v_AK47-256
  2 18.986179 -1.610451 0.418224 -0.859289 -0.447419 0.247869 0.815686 0.737255 1 2 1.000000
  2 19.167225 -1.648742 1.414925 -0.876057 -0.413500 0.248074 0.745098 0.784314 1 2 1.000000
  2 19.139175 -1.388901 1.368393 -0.441338 -0.852978 0.278656 0.745098 0.741176 1 2 1.000000
v_AK47-256
  2 37.907257 -3.798366 -1.844465 -0.959065 -0.198443 -0.202027 0.678431 0.862745 1 2 1.000000
  2 37.865021 -3.695057 -1.745819 -0.959065 -0.198443 -0.202027 0.666667 0.850980 1 2 1.000000
  2 37.901512 -3.737485 -1.910686 -0.959065 -0.198443 -0.202027 0.682353 0.835294 1 2 1.000000
v_AK47-256
  2 37.901512 -3.737485 -1.910686 -0.959065 -0.198443 -0.202027 0.682353 0.835294 1 2 1.000000
  2 37.865021 -3.695057 -1.745819 -0.959065 -0.198443 -0.202027 0.666667 0.850980 1 2 1.000000
  2 37.862480 -3.652499 -1.781972 -0.959065 -0.198443 -0.202027 0.670588 0.835294 1 2 1.000000
v_AK47-256
  2 37.573975 -3.776919 -1.795802 -0.064478 0.668094 -0.741278 0.654902 0.850980 1 2 1.000000
  2 37.667519 -3.682349 -1.716981 -0.064478 0.668094 -0.741278 0.654902 0.839216 1 2 1.000000
  2 37.907257 -3.798366 -1.844465 -0.064478 0.668094 -0.741278 0.678431 0.862745 1 2 1.000000
v_AK47-256
  2 37.907257 -3.798366 -1.844465 -0.064478 0.668094 -0.741278 0.678431 0.862745 1 2 1.000000
  2 37.667519 -3.682349 -1.716981 -0.064478 0.668094 -0.741278 0.654902 0.839216 1 2 1.000000
  2 37.865021 -3.695057 -1.745819 -0.064478 0.668094 -0.741278 0.666667 0.850980 1 2 1.000000
v_AK47-256
  2 36.656387 -3.666416 -1.713613 0.023053 -0.852903 0.521560 0.682353 0.839216 1 2 1.000000
  2 36.617359 -3.581430 -1.584902 0.023053 -0.852903 0.521560 0.670588 0.835294 1 2 1.000000
  2 36.298409 -3.643376 -1.661346 0.023053 -0.852903 0.521560 0.662745 0.819608 1 2 1.000000
v_AK47-256
  2 36.298409 -3.643376 -1.661346 0.023053 -0.852903 0.521560 0.662745 0.819608 1 2 1.000000
  2 36.617359 -3.581430 -1.584902 0.023053 -0.852903 0.521560 0.670588 0.835294 1 2 1.000000
  2 36.395164 -3.567132 -1.552458 0.023053 -0.852903 0.521560 0.654902 0.823529 1 2 1.000000
v_AK47-256
  2 36.302223 -3.707219 -1.607114 -0.064478 0.668094 -0.741278 0.654902 0.847059 1 2 1.000000
  2 36.397709 -3.609693 -1.516305 -0.064478 0.668094 -0.741278 0.654902 0.839216 1 2 1.000000
  2 36.660194 -3.730254 -1.659382 -0.064478 0.668094 -0.741278 0.682353 0.862745 1 2 1.000000
v_AK47-256
  2 36.660194 -3.730254 -1.659382 -0.064478 0.668094 -0.741278 0.682353 0.862745 1 2 1.000000
  2 36.397709 -3.609693 -1.516305 -0.064478 0.668094 -0.741278 0.654902 0.839216 1 2 1.000000
  2 36.619896 -3.623993 -1.548746 -0.064478 0.668094 -0.741278 0.666667 0.847059 1 2 1.000000
v_AK47-256
  2 36.660194 -3.730254 -1.659382 -0.946701 -0.266927 -0.180296 0.682353 0.862745 1 2 1.000000
  2 36.619896 -3.623993 -1.548746 -0.946701 -0.266927 -0.180296 0.666667 0.847059 1 2 1.000000
  2 36.656387 -3.666416 -1.713613 -0.946701 -0.266927 -0.180296 0.682353 0.839216 1 2 1.000000
v_AK47-256
  2 36.656387 -3.666416 -1.713613 -0.946701 -0.266927 -0.180296 0.682353 0.839216 1 2 1.000000
  2 36.619896 -3.623993 -1.548746 -0.946701 -0.266927 -0.180296 0.666667 0.847059 1 2 1.000000
  2 36.617359 -3.581430 -1.584902 -0.946701 -0.266927 -0.180296 0.670588 0.835294 1 2 1.000000
v_AK47-256
  2 37.298599 -3.695602 -1.810382 0.023053 -0.852903 0.521560 0.682353 0.835294 1 2 1.000000
  2 37.259239 -3.622736 -1.678624 0.023053 -0.852903 0.521560 0.670588 0.831373 1 2 1.000000
  2 36.952637 -3.685478 -1.756870 0.023053 -0.852903 0.521560 0.662745 0.819608 1 2 1.000000
v_AK47-256
  2 36.952637 -3.685478 -1.756870 0.023053 -0.852903 0.521560 0.662745 0.819608 1 2 1.000000
  2 37.259239 -3.622736 -1.678624 0.023053 -0.852903 0.521560 0.670588 0.831373 1 2 1.000000
  2 37.049393 -3.609233 -1.647984 0.023053 -0.852903 0.521560 0.658824 0.823529 1 2 1.000000
v_AK47-256
  2 36.956451 -3.749322 -1.702638 -0.064478 0.668094 -0.741278 0.654902 0.847059 1 2 1.000000
  2 37.039589 -3.651000 -1.610027 -0.064478 0.668094 -0.741278 0.654902 0.839216 1 2 1.000000
  2 37.302074 -3.771559 -1.753106 -0.064478 0.668094 -0.741278 0.682353 0.862745 1 2 1.000000
v_AK47-256
  2 37.302074 -3.771559 -1.753106 -0.064478 0.668094 -0.741278 0.682353 0.862745 1 2 1.000000
  2 37.039589 -3.651000 -1.610027 -0.064478 0.668094 -0.741278 0.654902 0.839216 1 2 1.000000
  2 37.249432 -3.664503 -1.640666 -0.064478 0.668094 -0.741278 0.666667 0.847059 1 2 1.000000
v_AK47-256
  2 37.302074 -3.771559 -1.753106 -0.959065 -0.198443 -0.202027 0.682353 0.862745 1 2 1.000000
  2 37.249432 -3.664503 -1.640666 -0.959065 -0.198443 -0.202027 0.666667 0.847059 1 2 1.000000
  2 37.298599 -3.695602 -1.810382 -0.959065 -0.198443 -0.202027 0.682353 0.835294 1 2 1.000000
v_AK47-256
  2 37.298599 -3.695602 -1.810382 -0.959065 -0.198443 -0.202027 0.682353 0.835294 1 2 1.000000
  2 37.249432 -3.664503 -1.640666 -0.959065 -0.198443 -0.202027 0.666667 0.847059 1 2 1.000000
  2 37.259239 -3.622736 -1.678624 -0.959065 -0.198443 -0.202027 0.670588 0.831373 1 2 1.000000
v_AK47-256
  2 37.901512 -3.737485 -1.910686 0.023053 -0.852903 0.521560 0.682353 0.835294 1 2 1.000000
  2 37.862480 -3.652499 -1.781972 0.023053 -0.852903 0.521560 0.670588 0.835294 1 2 1.000000
  2 37.580566 -3.716828 -1.863826 0.023053 -0.852903 0.521560 0.662745 0.819608 1 2 1.000000
v_AK47-256
  2 37.580566 -3.716828 -1.863826 0.023053 -0.852903 0.521560 0.662745 0.819608 1 2 1.000000
  2 37.862480 -3.652499 -1.781972 0.023053 -0.852903 0.521560 0.670588 0.835294 1 2 1.000000
  2 37.664978 -3.639791 -1.753136 0.023053 -0.852903 0.521560 0.658824 0.823529 1 2 1.000000
v_AK47-256
  2 31.932381 -2.668077 -1.390640 0.032994 0.978302 -0.204537 0.392157 0.133333 1 2 1.000000
  2 31.006592 -2.608501 -1.255463 0.032994 0.978302 -0.204537 0.360784 0.133333 1 2 1.000000
  2 32.084705 -2.470767 -0.434384 0.032994 0.978302 -0.204537 0.396078 0.203922 1 2 1.000000
v_AK47-256
  2 32.084705 -2.470767 -0.434384 0.032994 0.978302 -0.204537 0.396078 0.203922 1 2 1.000000
  2 31.006592 -2.608501 -1.255463 0.032994 0.978302 -0.204537 0.360784 0.133333 1 2 1.000000
  2 31.158916 -2.411190 -0.299206 0.032994 0.978302 -0.204537 0.364706 0.203922 1 2 1.000000
v_AK47-256
  2 32.177109 -2.896193 -1.347915 -0.157895 -0.361745 -0.918809 0.278431 0.360784 1 2 1.000000
  2 30.992096 -2.819933 -1.174888 -0.157895 -0.361745 -0.918809 0.239216 0.360784 1 2 1.000000
  2 31.932381 -2.668077 -1.390640 -0.157895 -0.361745 -0.918809 0.262745 0.345098 1 2 1.000000
v_AK47-256
  2 31.932381 -2.668077 -1.390640 -0.157895 -0.361745 -0.918809 0.262745 0.345098 1 2 1.000000
  2 30.992096 -2.819933 -1.174888 -0.157895 -0.361745 -0.918809 0.239216 0.360784 1 2 1.000000
  2 31.006592 -2.608501 -1.255463 -0.157895 -0.361745 -0.918809 0.239216 0.345098 1 2 1.000000
v_AK47-256
  2 31.243546 -1.175365 -1.477969 -0.091171 0.533694 -0.840749 0.368627 0.203922 1 2 1.000000
  2 31.338650 -1.030431 -0.890512 -0.047917 0.970410 -0.236661 0.368627 0.133333 1 2 1.000000
  2 33.867744 -1.146908 -1.896788 -0.104105 0.676490 -0.729056 0.450980 0.203922 1 2 1.000000
v_AK47-256
  2 33.867744 -1.146908 -1.896788 -0.104105 0.676490 -0.729056 0.450980 0.203922 1 2 1.000000
  2 31.338650 -1.030431 -0.890512 -0.047917 0.970410 -0.236661 0.368627 0.133333 1 2 1.000000
  2 33.971313 -1.008685 -1.335113 -0.047917 0.970410 -0.236661 0.450980 0.133333 1 2 1.000000
v_AK47-256
  2 45.733665 -2.573064 -2.879434 -0.386151 0.862507 0.327063 0.078431 0.376471 1 2 1.000000
  2 45.707596 -2.551140 -3.154311 -0.856962 0.505406 -0.100896 0.090196 0.372549 1 2 1.000000
  2 45.683846 -2.582952 -3.129585 -0.542545 0.789597 -0.286672 0.090196 0.372549 1 2 1.000000
v_AK47-256
  2 45.683846 -2.582952 -3.129585 -0.542545 0.789597 -0.286672 0.090196 0.372549 1 2 1.000000
  2 45.707596 -2.551140 -3.154311 -0.856962 0.505406 -0.100896 0.090196 0.372549 1 2 1.000000
  2 45.651711 -2.736390 -3.282021 -0.687740 0.352520 -0.634620 0.098039 0.376471 1 2 1.000000
v_AK47-256
  2 45.707596 -2.551140 -3.154311 -0.856962 0.505406 -0.100896 0.090196 0.372549 1 2 1.000000
  2 45.671249 -2.722616 -3.327680 -0.902624 0.213437 -0.373783 0.098039 0.376471 1 2 1.000000
  2 45.651711 -2.736390 -3.282021 -0.687740 0.352520 -0.634620 0.098039 0.376471 1 2 1.000000
v_AK47-256
  2 45.651711 -2.736390 -3.282021 -0.687740 0.352520 -0.634620 0.098039 0.376471 1 2 1.000000
  2 45.671249 -2.722616 -3.327680 -0.902624 0.213437 -0.373783 0.098039 0.376471 1 2 1.000000
  2 45.634033 -2.972279 -3.299160 -0.709740 -0.233803 -0.664534 0.101961 0.388235 1 2 1.000000
v_AK47-256
  2 45.671249 -2.722616 -3.327680 -0.902624 0.213437 -0.373783 0.098039 0.376471 1 2 1.000000
  2 45.652557 -2.994860 -3.335688 -0.921390 -0.170031 -0.349470 0.101961 0.388235 1 2 1.000000
  2 45.634033 -2.972279 -3.299160 -0.709740 -0.233803 -0.664534 0.101961 0.388235 1 2 1.000000
v_AK47-256
  2 45.634033 -2.972279 -3.299160 -0.709740 -0.233803 -0.664534 0.101961 0.388235 1 2 1.000000
  2 45.652557 -2.994860 -3.335688 -0.921390 -0.170031 -0.349470 0.101961 0.388235 1 2 1.000000
  2 45.643520 -3.166760 -3.148452 -0.690213 -0.677647 -0.253773 0.098039 0.396078 1 2 1.000000
v_AK47-256
  2 45.652557 -2.994860 -3.335688 -0.921390 -0.170031 -0.349470 0.101961 0.388235 1 2 1.000000
  2 45.663654 -3.198501 -3.169944 -0.901392 -0.429921 -0.051570 0.098039 0.400000 1 2 1.000000
  2 45.643520 -3.166760 -3.148452 -0.690213 -0.677647 -0.253773 0.098039 0.396078 1 2 1.000000
v_AK47-256
  2 45.643520 -3.166760 -3.148452 -0.690213 -0.677647 -0.253773 0.098039 0.396078 1 2 1.000000
  2 45.663654 -3.198501 -3.169944 -0.901392 -0.429921 -0.051570 0.098039 0.400000 1 2 1.000000
  2 45.674503 -3.189191 -2.926374 -0.676696 -0.681171 0.279444 0.086275 0.400000 1 2 1.000000
v_AK47-256
  2 45.663654 -3.198501 -3.169944 -0.901392 -0.429921 -0.051570 0.098039 0.400000 1 2 1.000000
  2 45.698189 -3.227135 -2.920847 -0.857060 -0.427980 0.286846 0.086275 0.400000 1 2 1.000000
  2 45.674503 -3.189191 -2.926374 -0.676696 -0.681171 0.279444 0.086275 0.400000 1 2 1.000000
v_AK47-256
  2 45.674503 -3.189191 -2.926374 -0.676696 -0.681171 0.279444 0.086275 0.400000 1 2 1.000000
  2 45.698189 -3.227135 -2.920847 -0.857060 -0.427980 0.286846 0.086275 0.400000 1 2 1.000000
  2 45.722527 -3.042749 -2.748719 -0.316239 -0.320762 0.892807 0.078431 0.396078 1 2 1.000000
v_AK47-256
  2 26.411463 -1.535794 -0.776208 -0.142967 -0.184645 -0.972351 0.717647 0.827451 1 2 1.000000
  2 25.563761 -1.335555 -0.688374 -0.142967 -0.184645 -0.972351 0.639216 0.815686 1 2 1.000000
  2 26.207584 -1.373906 -0.770108 -0.142967 -0.184645 -0.972351 0.698039 0.815686 1 2 1.000000
v_AK47-256
  2 26.207584 -1.373906 -0.770108 -0.142967 -0.184645 -0.972351 0.698039 0.815686 1 2 1.000000
  2 25.563761 -1.335555 -0.688374 -0.142967 -0.184645 -0.972351 0.639216 0.815686 1 2 1.000000
  2 26.226151 -0.904508 -0.849822 -0.142967 -0.184645 -0.972351 0.698039 0.772549 1 2 1.000000
v_AK47-256
  2 25.563761 -1.335555 -0.688374 -0.142967 -0.184645 -0.972351 0.639216 0.815686 1 2 1.000000
  2 25.193783 -1.299606 -0.637348 -0.142967 -0.184645 -0.972351 0.603922 0.815686 1 2 1.000000
  2 26.226151 -0.904508 -0.849822 -0.142967 -0.184645 -0.972351 0.698039 0.772549 1 2 1.000000
v_AK47-256
  2 26.226151 -0.904508 -0.849822 -0.142967 -0.184645 -0.972351 0.698039 0.772549 1 2 1.000000
  2 25.193783 -1.299606 -0.637348 -0.142967 -0.184645 -0.972351 0.603922 0.815686 1 2 1.000000
  2 19.182917 -0.199389 0.103411 -0.142967 -0.184645 -0.972351 0.019608 0.733333 1 2 1.000000
v_AK47-256
  2 25.193783 -1.299606 -0.637348 -0.142967 -0.184645 -0.972351 0.603922 0.815686 1 2 1.000000
  2 25.190092 -1.432914 -0.603862 -0.142967 -0.184645 -0.972351 0.603922 0.827451 1 2 1.000000
  2 19.182917 -0.199389 0.103411 -0.142967 -0.184645 -0.972351 0.019608 0.733333 1 2 1.000000
v_AK47-256
  2 19.182917 -0.199389 0.103411 -0.142967 -0.184645 -0.972351 0.019608 0.733333 1 2 1.000000
  2 25.190092 -1.432914 -0.603862 -0.142967 -0.184645 -0.972351 0.603922 0.827451 1 2 1.000000
  2 18.986179 -1.610451 0.418224 -0.152341 0.117619 -0.981304 0.003922 0.882353 1 2 1.000000
v_AK47-256
  2 25.190092 -1.432914 -0.603862 -0.142967 -0.184645 -0.972351 0.603922 0.827451 1 2 1.000000
  2 25.560408 -1.456746 -0.657932 -0.142967 -0.184645 -0.972351 0.639216 0.827451 1 2 1.000000
  2 18.986179 -1.610451 0.418224 -0.152341 0.117619 -0.981304 0.003922 0.882353 1 2 1.000000
v_AK47-256
  2 18.986179 -1.610451 0.418224 -0.152341 0.117619 -0.981304 0.003922 0.882353 1 2 1.000000
  2 25.560408 -1.456746 -0.657932 -0.142967 -0.184645 -0.972351 0.639216 0.827451 1 2 1.000000
  2 28.047234 -2.169271 -0.910802 -0.142967 -0.184645 -0.972351 0.874510 0.874510 1 2 1.000000
v_AK47-256
  2 25.560408 -1.456746 -0.657932 -0.142967 -0.184645 -0.972351 0.639216 0.827451 1 2 1.000000
  2 26.411463 -1.535794 -0.776208 -0.142967 -0.184645 -0.972351 0.717647 0.827451 1 2 1.000000
  2 28.047234 -2.169271 -0.910802 -0.142967 -0.184645 -0.972351 0.874510 0.874510 1 2 1.000000
v_AK47-256
  2 28.047234 -2.169271 -0.910802 -0.142967 -0.184645 -0.972351 0.874510 0.874510 1 2 1.000000
  2 26.411463 -1.535794 -0.776208 -0.142967 -0.184645 -0.972351 0.717647 0.827451 1 2 1.000000
  2 28.796701 -1.719547 -1.090954 -0.142967 -0.184645 -0.972351 0.945098 0.827451 1 2 1.000000
v_AK47-256
  2 28.796701 -1.719547 -1.090954 -0.142967 -0.184645 -0.972351 0.945098 0.827451 1 2 1.000000
  2 29.092369 -2.831418 -0.916639 -0.142967 -0.184645 -0.972351 0.976471 0.929412 1 2 1.000000
  2 28.047234 -2.169271 -0.910802 -0.142967 -0.184645 -0.972351 0.874510 0.874510 1 2 1.000000
v_AK47-256
  2 29.131924 -1.738036 -1.127629 -0.142967 -0.184645 -0.972351 0.976471 0.831373 1 2 1.000000
  2 29.092369 -2.831418 -0.916639 -0.142967 -0.184645 -0.972351 0.976471 0.929412 1 2 1.000000
  2 28.796701 -1.719547 -1.090954 -0.142967 -0.184645 -0.972351 0.945098 0.827451 1 2 1.000000
v_AK47-256
  2 29.131924 -1.738036 -1.127629 -0.142967 -0.184645 -0.972351 0.976471 0.831373 1 2 1.000000
  2 28.796701 -1.719547 -1.090954 -0.142967 -0.184645 -0.972351 0.945098 0.827451 1 2 1.000000
  2 28.988155 -1.570958 -1.145575 -0.142967 -0.184645 -0.972351 0.960784 0.815686 1 2 1.000000
v_AK47-256
  2 29.006054 -1.125799 -1.219200 -0.142967 -0.184645 -0.972351 0.960784 0.772549 1 2 1.000000
  2 29.131924 -1.738036 -1.127629 -0.142967 -0.184645 -0.972351 0.976471 0.831373 1 2 1.000000
  2 28.988155 -1.570958 -1.145575 -0.142967 -0.184645 -0.972351 0.960784 0.815686 1 2 1.000000
v_AK47-256
  2 29.157536 -1.014143 -1.271271 -0.142967 -0.184645 -0.972351 0.976471 0.764706 1 2 1.000000
  2 29.131924 -1.738036 -1.127629 -0.142967 -0.184645 -0.972351 0.976471 0.831373 1 2 1.000000
  2 29.006054 -1.125799 -1.219200 -0.142967 -0.184645 -0.972351 0.960784 0.772549 1 2 1.000000
v_AK47-256
  2 28.848938 -0.994284 -1.226212 -0.142967 -0.184645 -0.972351 0.945098 0.764706 1 2 1.000000
  2 29.157536 -1.014143 -1.271271 -0.142967 -0.184645 -0.972351 0.976471 0.764706 1 2 1.000000
  2 29.006054 -1.125799 -1.219200 -0.142967 -0.184645 -0.972351 0.960784 0.772549 1 2 1.000000
v_AK47-256
  2 29.164839 -0.817279 -1.307989 -0.142967 -0.184645 -0.972351 0.976471 0.752941 1 2 1.000000
  2 29.157536 -1.014143 -1.271271 -0.142967 -0.184645 -0.972351 0.976471 0.764706 1 2 1.000000
  2 28.848938 -0.994284 -1.226212 -0.142967 -0.184645 -0.972351 0.945098 0.764706 1 2 1.000000
v_AK47-256
  2 26.441292 -0.793865 -0.898916 -0.142967 -0.184645 -0.972351 0.717647 0.760784 1 2 1.000000
  2 29.164839 -0.817279 -1.307989 -0.142967 -0.184645 -0.972351 0.976471 0.752941 1 2 1.000000
  2 28.848938 -0.994284 -1.226212 -0.142967 -0.184645 -0.972351 0.945098 0.764706 1 2 1.000000
v_AK47-256
  2 19.182917 -0.199389 0.103411 -0.142967 -0.184645 -0.972351 0.019608 0.733333 1 2 1.000000
  2 29.164839 -0.817279 -1.307989 -0.142967 -0.184645 -0.972351 0.976471 0.752941 1 2 1.000000
  2 26.441292 -0.793865 -0.898916 -0.142967 -0.184645 -0.972351 0.717647 0.760784 1 2 1.000000
v_AK47-256
  2 26.226151 -0.904508 -0.849822 -0.142967 -0.184645 -0.972351 0.698039 0.772549 1 2 1.000000
  2 19.182917 -0.199389 0.103411 -0.142967 -0.184645 -0.972351 0.019608 0.733333 1 2 1.000000
  2 26.441292 -0.793865 -0.898916 -0.142967 -0.184645 -0.972351 0.717647 0.760784 1 2 1.000000
v_AK47-256
  2 29.092369 -2.831418 -0.916639 -0.142967 -0.184645 -0.972351 0.976471 0.929412 1 2 1.000000
  2 28.031132 -2.750985 -0.764680 -0.153642 -0.234205 -0.959970 0.878431 0.929412 1 2 1.000000
  2 28.047234 -2.169271 -0.910802 -0.142967 -0.184645 -0.972351 0.874510 0.874510 1 2 1.000000
v_AK47-256
  2 26.411463 -1.535794 -0.776208 -0.142967 -0.184645 -0.972351 0.717647 0.827451 1 2 1.000000
  2 25.560408 -1.456746 -0.657932 -0.142967 -0.184645 -0.972351 0.639216 0.827451 1 2 1.000000
  2 25.563761 -1.335555 -0.688374 -0.142967 -0.184645 -0.972351 0.639216 0.815686 1 2 1.000000
v_AK47-256
  2 19.492613 -1.630901 0.341283 0.026728 0.969512 -0.243582 0.062745 0.882353 1 2 1.000000
  2 18.986179 -1.610451 0.418224 -0.152341 0.117619 -0.981304 0.003922 0.882353 1 2 1.000000
  2 19.139175 -1.388901 1.368393 0.026728 0.969512 -0.243582 0.003922 0.882353 1 2 1.000000
v_AK47-256
  2 25.870136 -2.016839 -0.543827 0.026728 0.969512 -0.243582 0.670588 0.874510 1 2 1.000000
  2 19.139175 -1.388901 1.368393 0.026728 0.969512 -0.243582 0.003922 0.882353 1 2 1.000000
  2 26.081976 -1.768820 0.364220 0.026728 0.969512 -0.243582 0.674510 0.874510 1 2 1.000000
v_AK47-256
  2 39.194908 -1.485880 -2.454015 -0.195209 -0.171543 -0.965643 0.741176 0.435294 1 2 1.000000
  2 39.452190 -1.505518 -2.503855 -0.195209 -0.171543 -0.965643 0.764706 0.435294 1 2 1.000000
  2 38.905190 -2.235364 -2.287370 -0.195209 -0.171543 -0.965643 0.713725 1.000000 1 2 1.000000
v_AK47-256
  2 29.943905 -3.527004 -0.153043 -0.956920 -0.205077 0.205541 0.164706 0.035294 1 2 1.000000
  2 29.958120 -3.594594 -0.112604 -0.956920 -0.205077 0.205541 0.149020 0.086275 1 2 1.000000
  2 29.963314 -3.497426 -0.033154 -0.956920 -0.205077 0.205541 0.074510 0.035294 1 2 1.000000
v_AK47-256
  2 29.963314 -3.497426 -0.033154 -0.956920 -0.205077 0.205541 0.074510 0.035294 1 2 1.000000
  2 29.958120 -3.594594 -0.112604 -0.956920 -0.205077 0.205541 0.149020 0.086275 1 2 1.000000
  2 29.969767 -3.576850 -0.040669 -0.956920 -0.205077 0.205541 0.090196 0.086275 1 2 1.000000
v_AK47-256
  2 29.872089 -3.636442 -0.596634 -0.956920 -0.205077 0.205541 0.164706 0.035294 1 2 1.000000
  2 29.886307 -3.704035 -0.556193 -0.956920 -0.205077 0.205541 0.149020 0.086275 1 2 1.000000
  2 29.889225 -3.621942 -0.485690 -0.956920 -0.205077 0.205541 0.074510 0.035294 1 2 1.000000
v_AK47-256
  2 29.889225 -3.621942 -0.485690 -0.956920 -0.205077 0.205541 0.074510 0.035294 1 2 1.000000
  2 29.886307 -3.704035 -0.556193 -0.956920 -0.205077 0.205541 0.149020 0.086275 1 2 1.000000
  2 29.897953 -3.686290 -0.484258 -0.956920 -0.205077 0.205541 0.090196 0.086275 1 2 1.000000
v_AK47-256
  2 30.055000 -3.534153 -0.169265 -0.247030 -0.449373 -0.858510 0.960784 0.898039 1 2 1.000000
  2 30.042583 -3.603114 -0.137208 -0.247030 -0.449373 -0.858510 0.960784 0.898039 1 2 1.000000
  2 29.943905 -3.527004 -0.153043 -0.247030 -0.449373 -0.858510 0.952941 0.898039 1 2 1.000000
v_AK47-256
  2 29.943905 -3.527004 -0.153043 -0.247030 -0.449373 -0.858510 0.952941 0.898039 1 2 1.000000
  2 30.042583 -3.603114 -0.137208 -0.247030 -0.449373 -0.858510 0.960784 0.898039 1 2 1.000000
  2 29.958120 -3.594594 -0.112604 -0.247030 -0.449373 -0.858510 0.952941 0.898039 1 2 1.000000
v_AK47-256
  2 29.978651 -3.518429 -0.525704 -0.153642 -0.234205 -0.959970 0.713725 0.694118 1 2 1.000000
  2 29.975969 -3.615384 -0.501349 -0.153642 -0.234205 -0.959970 0.713725 0.709804 1 2 1.000000
  2 28.000759 -3.360893 -0.270435 -0.153642 -0.234205 -0.959970 0.580392 0.694118 1 2 1.000000
v_AK47-256
  2 28.000759 -3.360893 -0.270435 -0.153642 -0.234205 -0.959970 0.580392 0.694118 1 2 1.000000
  2 29.975969 -3.615384 -0.501349 -0.153642 -0.234205 -0.959970 0.713725 0.709804 1 2 1.000000
  2 27.997070 -3.494201 -0.236949 -0.153642 -0.234205 -0.959970 0.580392 0.709804 1 2 1.000000
v_AK47-256
  2 28.058846 -3.411671 0.149740 -0.028613 -0.969424 0.243719 0.490196 0.580392 1 2 1.000000
  2 27.997070 -3.494201 -0.236949 -0.028613 -0.969424 0.243719 0.490196 0.537255 1 2 1.000000
  2 30.029980 -3.544681 -0.162617 -0.028613 -0.969424 0.243719 0.615686 0.580392 1 2 1.000000
v_AK47-256
  2 30.029980 -3.544681 -0.162617 -0.028613 -0.969424 0.243719 0.615686 0.580392 1 2 1.000000
  2 27.997070 -3.494201 -0.236949 -0.028613 -0.969424 0.243719 0.490196 0.537255 1 2 1.000000
  2 29.975969 -3.615384 -0.501349 -0.028613 -0.969424 0.243719 0.615686 0.537255 1 2 1.000000
v_AK47-256
  2 27.968613 -3.497582 0.003084 -0.028613 -0.969424 0.243719 0.611765 0.321569 1 2 1.000000
  2 27.960846 -3.509413 -0.044871 -0.028613 -0.969424 0.243719 0.611765 0.341176 1 2 1.000000
  2 28.005646 -3.499965 -0.002323 -0.028613 -0.969424 0.243719 0.568627 0.321569 1 2 1.000000
v_AK47-256
  2 28.005646 -3.499965 -0.002323 -0.028613 -0.969424 0.243719 0.568627 0.321569 1 2 1.000000
  2 27.960846 -3.509413 -0.044871 -0.028613 -0.969424 0.243719 0.611765 0.341176 1 2 1.000000
  2 27.997879 -3.511796 -0.050278 -0.028613 -0.969424 0.243719 0.568627 0.341176 1 2 1.000000
v_AK47-256
  2 27.942513 -3.614225 0.049120 -0.187927 -0.286695 -0.939409 0.925490 0.133333 1 2 1.000000
  2 27.968613 -3.497582 0.003084 -0.187927 -0.286695 -0.939409 0.909804 0.121569 1 2 1.000000
  2 28.004230 -3.618198 0.040108 -0.187927 -0.286695 -0.939409 0.925490 0.109804 1 2 1.000000
v_AK47-256
  2 28.004230 -3.618198 0.040108 -0.187927 -0.286695 -0.939409 0.925490 0.109804 1 2 1.000000
  2 27.968613 -3.497582 0.003084 -0.187927 -0.286695 -0.939409 0.909804 0.121569 1 2 1.000000
  2 28.005646 -3.499965 -0.002323 -0.187927 -0.286695 -0.939409 0.909804 0.109804 1 2 1.000000
v_AK47-256
  77 29.306522 3.065903 -2.093464 0.789704 -0.613448 0.006926 0.949020 0.078431 1 77 1.000000
  77 29.565065 3.404425 -2.205804 0.789704 -0.613448 0.006926 0.949020 0.054902 1 77 1.000000
  77 29.374117 3.157310 -1.670808 0.789704 -0.613448 0.006926 0.992157 0.078431 1 77 1.000000
v_AK47-256
  77 29.374117 3.157310 -1.670808 0.789704 -0.613448 0.006926 0.992157 0.078431 1 77 1.000000
  77 29.565065 3.404425 -2.205804 0.789704 -0.613448 0.006926 0.949020 0.054902 1 77 1.000000
  77 29.643736 3.516316 -1.803028 0.789704 -0.613448 0.006926 0.992157 0.054902 1 77 1.000000
v_AK47-256
  77 26.733116 2.565684 -1.032130 -0.825038 0.565061 0.004178 0.945098 0.223529 1 77 1.000000
  77 27.768446 4.095640 -1.551134 -0.825038 0.565061 0.004178 0.945098 0.121569 1 77 1.000000
  77 26.642231 2.438786 -1.598655 -0.825038 0.565061 0.004178 0.992157 0.223529 1 77 1.000000
v_AK47-256
  77 26.642231 2.438786 -1.598655 -0.825038 0.565061 0.004178 0.992157 0.223529 1 77 1.000000
  77 27.768446 4.095640 -1.551134 -0.825038 0.565061 0.004178 0.945098 0.121569 1 77 1.000000
  77 27.677559 3.968741 -2.117658 -0.825038 0.565061 0.004178 0.992157 0.121569 1 77 1.000000
v_AK47-256
  77 27.932819 4.255827 -2.229810 -0.752222 0.658284 -0.028704 0.992157 0.101961 1 77 1.000000
  77 27.677559 3.968741 -2.117658 -0.752222 0.658284 -0.028704 0.992157 0.121569 1 77 1.000000
  77 28.025648 4.385685 -1.651298 -0.752222 0.658284 -0.028704 0.945098 0.101961 1 77 1.000000
v_AK47-256
  77 28.025648 4.385685 -1.651298 -0.752222 0.658284 -0.028704 0.945098 0.101961 1 77 1.000000
  77 27.677559 3.968741 -2.117658 -0.752222 0.658284 -0.028704 0.992157 0.121569 1 77 1.000000
  77 27.768446 4.095640 -1.551134 -0.752222 0.658284 -0.028704 0.945098 0.121569 1 77 1.000000
v_AK47-256
  77 29.820810 5.697573 -2.852055 -0.601010 0.793394 -0.096505 0.996078 0.000000 1 77 1.000000
  77 28.277775 4.588790 -2.354767 -0.601010 0.793394 -0.096505 0.992157 0.078431 1 77 1.000000
  77 29.912033 5.836590 -2.288576 -0.601010 0.793394 -0.096505 0.945098 0.000000 1 77 1.000000
v_AK47-256
  77 29.912033 5.836590 -2.288576 -0.601010 0.793394 -0.096505 0.945098 0.000000 1 77 1.000000
  77 28.277775 4.588790 -2.354767 -0.601010 0.793394 -0.096505 0.992157 0.078431 1 77 1.000000
  77 28.381340 4.727013 -1.793090 -0.601010 0.793394 -0.096505 0.945098 0.078431 1 77 1.000000
v_AK47-256
  77 29.912033 5.836590 -2.288576 0.919536 0.320781 -0.227053 0.635294 0.752941 1 77 1.000000
  77 30.495190 4.278023 -2.115760 0.919536 0.320781 -0.227053 0.627451 0.850980 1 77 1.000000
  77 29.820810 5.697573 -2.852055 0.919536 0.320781 -0.227053 0.596078 0.752941 1 77 1.000000
v_AK47-256
  77 29.820810 5.697573 -2.852055 0.919536 0.320781 -0.227053 0.596078 0.752941 1 77 1.000000
  77 30.495190 4.278023 -2.115760 0.919536 0.320781 -0.227053 0.627451 0.850980 1 77 1.000000
  77 30.429535 4.189578 -2.526427 0.919536 0.320781 -0.227053 0.600000 0.850980 1 77 1.000000
v_AK47-256
  77 25.925833 0.436022 -1.027667 -0.992256 0.124078 0.005621 0.992157 0.349020 1 77 1.000000
  77 25.743235 -1.112389 -0.642160 -0.992256 0.124078 0.005621 0.992157 0.443137 1 77 1.000000
  77 25.804031 -0.548205 -0.647831 -0.992256 0.124078 0.005621 0.984314 0.411765 1 77 1.000000
v_AK47-256
  77 25.804031 -0.548205 -0.647831 -0.992256 0.124078 0.005621 0.984314 0.411765 1 77 1.000000
  77 25.743235 -1.112389 -0.642160 -0.992256 0.124078 0.005621 0.992157 0.443137 1 77 1.000000
  77 25.784979 -0.789790 -0.585145 -0.992256 0.124078 0.005621 0.984314 0.427451 1 77 1.000000
v_AK47-256
  77 25.784979 -0.789790 -0.585145 -0.985244 0.104149 0.135820 0.984314 0.427451 1 77 1.000000
  77 25.743235 -1.112389 -0.642160 -0.985244 0.104149 0.135820 0.992157 0.443137 1 77 1.000000
  77 25.835443 -0.712887 -0.273433 -0.985244 0.104149 0.135820 0.956863 0.427451 1 77 1.000000
v_AK47-256
  77 25.835443 -0.712887 -0.273433 -0.985244 0.104149 0.135820 0.956863 0.427451 1 77 1.000000
  77 25.743235 -1.112389 -0.642160 -0.985244 0.104149 0.135820 0.992157 0.443137 1 77 1.000000
  77 25.834124 -0.985489 -0.075637 -0.985244 0.104149 0.135820 0.945098 0.443137 1 77 1.000000
v_AK47-256
  77 25.415417 -0.697996 -0.209109 -0.978833 0.166195 0.119440 0.054902 0.321569 1 77 1.000000
  77 25.417093 -0.637402 -0.224330 -0.978833 0.166195 0.119440 0.054902 0.317647 1 77 1.000000
  77 25.364954 -0.774900 -0.520821 -0.978833 0.166195 0.119440 0.054902 0.321569 1 77 1.000000
v_AK47-256
  77 25.364954 -0.774900 -0.520821 -0.978833 0.166195 0.119440 0.054902 0.321569 1 77 1.000000
  77 25.417093 -0.637402 -0.224330 -0.978833 0.166195 0.119440 0.054902 0.317647 1 77 1.000000
  77 25.366966 -0.702186 -0.539085 -0.978833 0.166195 0.119440 0.054902 0.313725 1 77 1.000000
v_AK47-256
  77 25.834124 -0.985489 -0.075637 -0.957328 0.175540 0.229582 0.945098 0.443137 1 77 1.000000
  77 26.016722 0.562921 -0.461144 -0.957328 0.175540 0.229582 0.945098 0.349020 1 77 1.000000
  77 25.835443 -0.712887 -0.273433 -0.957328 0.175540 0.229582 0.956863 0.427451 1 77 1.000000
v_AK47-256
  77 25.835443 -0.712887 -0.273433 -0.957328 0.175540 0.229582 0.956863 0.427451 1 77 1.000000
  77 26.016722 0.562921 -0.461144 -0.957328 0.175540 0.229582 0.945098 0.349020 1 77 1.000000
  77 25.866503 -0.484215 -0.334877 -0.957328 0.175540 0.229582 0.956863 0.411765 1 77 1.000000
v_AK47-256
  77 25.784979 -0.789790 -0.585145 -0.154392 -0.219106 -0.963408 0.780392 0.396078 1 77 1.000000
  77 25.615520 -0.657479 -0.590355 -0.154392 -0.219106 -0.963408 0.772549 0.388235 1 77 1.000000
  77 25.804031 -0.548205 -0.647831 -0.154392 -0.219106 -0.963408 0.780392 0.380392 1 77 1.000000
v_AK47-256
  77 25.804031 -0.548205 -0.647831 -0.154392 -0.219106 -0.963408 0.780392 0.380392 1 77 1.000000
  77 25.615520 -0.657479 -0.590355 -0.154392 -0.219106 -0.963408 0.772549 0.388235 1 77 1.000000
  77 25.631218 -0.537085 -0.622599 -0.154392 -0.219106 -0.963408 0.772549 0.380392 1 77 1.000000
v_AK47-256
  77 25.835443 -0.712887 -0.273433 -0.007322 -0.974537 0.224106 0.094118 0.321569 1 77 1.000000
  77 25.415417 -0.697996 -0.209109 -0.007322 -0.974537 0.224106 0.054902 0.321569 1 77 1.000000
  77 25.784979 -0.789790 -0.585145 -0.007322 -0.974537 0.224106 0.094118 0.321569 1 77 1.000000
v_AK47-256
  77 25.784979 -0.789790 -0.585145 -0.007322 -0.974537 0.224106 0.094118 0.321569 1 77 1.000000
  77 25.415417 -0.697996 -0.209109 -0.007322 -0.974537 0.224106 0.054902 0.321569 1 77 1.000000
  77 25.364954 -0.774900 -0.520821 -0.007322 -0.974537 0.224106 0.054902 0.321569 1 77 1.000000
v_AK47-256
  77 25.784979 -0.789790 -0.585145 -0.154392 -0.219106 -0.963408 0.094118 0.321569 1 77 1.000000
  77 25.364954 -0.774900 -0.520821 -0.154392 -0.219106 -0.963408 0.054902 0.321569 1 77 1.000000
  77 25.615520 -0.657479 -0.590355 -0.154392 -0.219106 -0.963408 0.078431 0.309804 1 77 1.000000
v_AK47-256
  77 25.615520 -0.657479 -0.590355 -0.154392 -0.219106 -0.963408 0.078431 0.309804 1 77 1.000000
  77 25.364954 -0.774900 -0.520821 -0.154392 -0.219106 -0.963408 0.054902 0.321569 1 77 1.000000
  77 25.366966 -0.702186 -0.539085 -0.154392 -0.219106 -0.963408 0.054902 0.313725 1 77 1.000000
v_AK47-256
  77 25.615520 -0.657479 -0.590355 -0.218510 0.958835 -0.181353 0.078431 0.309804 1 77 1.000000
  77 25.366966 -0.702186 -0.539085 -0.218510 0.958835 -0.181353 0.054902 0.313725 1 77 1.000000
  77 25.665649 -0.592696 -0.275597 -0.218510 0.958835 -0.181353 0.078431 0.309804 1 77 1.000000
v_AK47-256
  77 25.665649 -0.592696 -0.275597 -0.218510 0.958835 -0.181353 0.078431 0.309804 1 77 1.000000
  77 25.366966 -0.702186 -0.539085 -0.218510 0.958835 -0.181353 0.054902 0.313725 1 77 1.000000
  77 25.417093 -0.637402 -0.224330 -0.218510 0.958835 -0.181353 0.054902 0.317647 1 77 1.000000
v_AK47-256
  77 25.834124 -0.985489 -0.075637 -0.007322 -0.974537 0.224106 0.917647 0.894118 1 77 1.000000
  77 25.743235 -1.112389 -0.642160 -0.007322 -0.974537 0.224106 0.917647 0.894118 1 77 1.000000
  77 28.359123 -1.145092 -0.484132 -0.007322 -0.974537 0.224106 0.929412 0.894118 1 77 1.000000
v_AK47-256
  77 28.359123 -1.145092 -0.484132 -0.007322 -0.974537 0.224106 0.929412 0.894118 1 77 1.000000
  77 25.743235 -1.112389 -0.642160 -0.007322 -0.974537 0.224106 0.917647 0.894118 1 77 1.000000
  77 28.281487 -1.263404 -0.963688 -0.007322 -0.974537 0.224106 0.929412 0.894118 1 77 1.000000
v_AK47-256
  77 28.025648 4.385685 -1.651298 -0.707570 0.705107 -0.046559 0.945098 0.101961 1 77 1.000000
  77 28.381340 4.727013 -1.793090 -0.707570 0.705107 -0.046559 0.945098 0.078431 1 77 1.000000
  77 27.932819 4.255827 -2.229810 -0.707570 0.705107 -0.046559 0.992157 0.101961 1 77 1.000000
v_AK47-256
  77 27.932819 4.255827 -2.229810 -0.707570 0.705107 -0.046559 0.992157 0.101961 1 77 1.000000
  77 28.381340 4.727013 -1.793090 -0.707570 0.705107 -0.046559 0.945098 0.078431 1 77 1.000000
  77 28.277775 4.588790 -2.354767 -0.707570 0.705107 -0.046559 0.992157 0.078431 1 77 1.000000
v_AK47-256
  77 30.429535 4.189578 -2.526427 -0.123197 -0.253173 -0.959545 0.878431 0.047059 1 77 1.000000
  77 29.565065 3.404425 -2.205804 -0.123197 -0.253173 -0.959545 0.854902 0.101961 1 77 1.000000
  77 29.820810 5.697573 -2.852055 -0.123197 -0.253173 -0.959545 0.796078 0.007843 1 77 1.000000
v_AK47-256
  77 29.820810 5.697573 -2.852055 -0.123197 -0.253173 -0.959545 0.796078 0.007843 1 77 1.000000
  77 29.565065 3.404425 -2.205804 -0.123197 -0.253173 -0.959545 0.854902 0.101961 1 77 1.000000
  77 29.306522 3.065903 -2.093464 -0.123197 -0.253173 -0.959545 0.850980 0.125490 1 77 1.000000
v_AK47-256
  77 29.820810 5.697573 -2.852055 -0.123197 -0.253173 -0.959545 0.796078 0.007843 1 77 1.000000
  77 29.306522 3.065903 -2.093464 -0.123197 -0.253173 -0.959545 0.850980 0.125490 1 77 1.000000
  77 28.277775 4.588790 -2.354767 -0.123197 -0.253173 -0.959545 0.749020 0.098039 1 77 1.000000
v_AK47-256
  77 28.277775 4.588790 -2.354767 -0.123197 -0.253173 -0.959545 0.749020 0.098039 1 77 1.000000
  77 29.306522 3.065903 -2.093464 -0.123197 -0.253173 -0.959545 0.850980 0.125490 1 77 1.000000
  77 27.932819 4.255827 -2.229810 -0.123197 -0.253173 -0.959545 0.741176 0.121569 1 77 1.000000
v_AK47-256
  77 29.306522 3.065903 -2.093464 -0.123197 -0.253173 -0.959545 0.850980 0.125490 1 77 1.000000
  77 29.085608 2.679482 -1.962365 -0.123197 -0.253173 -0.959545 0.850980 0.145098 1 77 1.000000
  77 27.932819 4.255827 -2.229810 -0.123197 -0.253173 -0.959545 0.741176 0.121569 1 77 1.000000
v_AK47-256
  77 27.932819 4.255827 -2.229810 -0.123197 -0.253173 -0.959545 0.741176 0.121569 1 77 1.000000
  77 29.085608 2.679482 -1.962365 -0.123197 -0.253173 -0.959545 0.850980 0.145098 1 77 1.000000
  77 28.543430 1.542711 -1.620202 -0.123197 -0.253173 -0.959545 0.858824 0.207843 1 77 1.000000
v_AK47-256
  77 28.543430 1.542711 -1.620202 -0.123197 -0.253173 -0.959545 0.858824 0.207843 1 77 1.000000
  77 27.677559 3.968741 -2.117658 -0.123197 -0.253173 -0.959545 0.737255 0.141176 1 77 1.000000
  77 27.932819 4.255827 -2.229810 -0.123197 -0.253173 -0.959545 0.741176 0.121569 1 77 1.000000
v_AK47-256
  77 26.642231 2.438786 -1.598655 -0.123197 -0.253173 -0.959545 0.729412 0.231373 1 77 1.000000
  77 27.677559 3.968741 -2.117658 -0.123197 -0.253173 -0.959545 0.737255 0.141176 1 77 1.000000
  77 28.543430 1.542711 -1.620202 -0.123197 -0.253173 -0.959545 0.858824 0.207843 1 77 1.000000
v_AK47-256
  77 28.234705 0.284735 -1.272896 -0.123197 -0.253173 -0.959545 0.882353 0.266667 1 77 1.000000
  77 26.642231 2.438786 -1.598655 -0.123197 -0.253173 -0.959545 0.729412 0.231373 1 77 1.000000
  77 28.543430 1.542711 -1.620202 -0.123197 -0.253173 -0.959545 0.858824 0.207843 1 77 1.000000
v_AK47-256
  77 25.925833 0.436022 -1.027667 -0.123197 -0.253173 -0.959545 0.756863 0.333333 1 77 1.000000
  77 26.642231 2.438786 -1.598655 -0.123197 -0.253173 -0.959545 0.729412 0.231373 1 77 1.000000
  77 28.234705 0.284735 -1.272896 -0.123197 -0.253173 -0.959545 0.882353 0.266667 1 77 1.000000
v_AK47-256
  77 27.611486 -0.652570 -0.966824 -0.123197 -0.253173 -0.959545 0.882353 0.321569 1 77 1.000000
  77 25.925833 0.436022 -1.027667 -0.123197 -0.253173 -0.959545 0.756863 0.333333 1 77 1.000000
  77 28.234705 0.284735 -1.272896 -0.123197 -0.253173 -0.959545 0.882353 0.266667 1 77 1.000000
v_AK47-256
  77 25.743235 -1.112389 -0.642160 -0.123197 -0.253173 -0.959545 0.796078 0.400000 1 77 1.000000
  77 25.925833 0.436022 -1.027667 -0.123197 -0.253173 -0.959545 0.756863 0.333333 1 77 1.000000
  77 27.611486 -0.652570 -0.966824 -0.123197 -0.253173 -0.959545 0.882353 0.321569 1 77 1.000000
v_AK47-256
  2 36.494827 -2.649909 -1.534226 -0.027283 -0.982135 0.186190 0.054902 0.109804 1 2 1.000000
  2 35.482296 -2.596892 -1.383388 -0.027283 -0.982135 0.186190 0.031373 0.109804 1 2 1.000000
  2 36.448586 -2.708778 -1.825005 -0.083455 -0.987111 -0.136552 0.054902 0.101961 1 2 1.000000
v_AK47-256
  2 35.482296 -2.596892 -1.383388 -0.027283 -0.982135 0.186190 0.031373 0.109804 1 2 1.000000
  2 35.436386 -2.643643 -1.677211 -0.126113 -0.878851 -0.460127 0.031373 0.101961 1 2 1.000000
  2 36.448586 -2.708778 -1.825005 -0.083455 -0.987111 -0.136552 0.054902 0.101961 1 2 1.000000
v_AK47-256
  2 36.448586 -2.708778 -1.825005 -0.083455 -0.987111 -0.136552 0.054902 0.101961 1 2 1.000000
  2 35.436386 -2.643643 -1.677211 -0.126113 -0.878851 -0.460127 0.031373 0.101961 1 2 1.000000
  2 36.428787 -2.483569 -2.059822 -0.156079 -0.520544 -0.839448 0.054902 0.078431 1 2 1.000000
v_AK47-256
  2 35.436386 -2.643643 -1.677211 -0.126113 -0.878851 -0.460127 0.031373 0.101961 1 2 1.000000
  2 35.416595 -2.418432 -1.912028 -0.134517 -0.278996 -0.950824 0.031373 0.078431 1 2 1.000000
  2 36.428787 -2.483569 -2.059822 -0.156079 -0.520544 -0.839448 0.054902 0.078431 1 2 1.000000
v_AK47-256
  2 36.428787 -2.483569 -2.059822 -0.156079 -0.520544 -0.839448 0.054902 0.078431 1 2 1.000000
  2 35.416595 -2.418432 -1.912028 -0.134517 -0.278996 -0.950824 0.031373 0.078431 1 2 1.000000
  2 36.449154 -2.150730 -2.067038 -0.124730 0.244178 -0.961675 0.054902 0.054902 1 2 1.000000
v_AK47-256
  2 35.416595 -2.418432 -1.912028 -0.134517 -0.278996 -0.950824 0.031373 0.078431 1 2 1.000000
  2 35.436958 -2.085592 -1.919245 -0.108141 0.458480 -0.882101 0.031373 0.054902 1 2 1.000000
  2 36.449154 -2.150730 -2.067038 -0.124730 0.244178 -0.961675 0.054902 0.054902 1 2 1.000000
v_AK47-256
  2 36.449154 -2.150730 -2.067038 -0.124730 0.244178 -0.961675 0.054902 0.054902 1 2 1.000000
  2 35.436958 -2.085592 -1.919245 -0.108141 0.458480 -0.882101 0.031373 0.054902 1 2 1.000000
  2 36.494942 -1.906828 -1.860934 -0.064478 0.668094 -0.741278 0.054902 0.039216 1 2 1.000000
v_AK47-256
  2 35.436958 -2.085592 -1.919245 -0.108141 0.458480 -0.882101 0.031373 0.054902 1 2 1.000000
  2 35.482750 -1.841691 -1.713139 -0.064478 0.668094 -0.741278 0.031373 0.039216 1 2 1.000000
  2 36.494942 -1.906828 -1.860934 -0.064478 0.668094 -0.741278 0.054902 0.039216 1 2 1.000000
v_AK47-256
  2 29.662628 -2.937495 -0.865491 -0.160711 0.419434 -0.893447 0.090196 0.109804 1 2 1.000000
  2 29.700665 -2.903523 -0.880031 -0.525407 0.341534 -0.779296 0.094118 0.101961 1 2 1.000000
  2 29.658073 -2.967649 -0.883380 -0.160711 0.419434 -0.893447 0.105882 0.113725 1 2 1.000000
v_AK47-256
  2 25.888748 -0.874119 -0.919994 0.326144 -0.931793 0.159350 0.788235 0.607843 1 2 1.000000
  2 25.910097 -0.841583 -0.788115 0.326144 -0.931793 0.159350 0.737255 0.607843 1 2 1.000000
  2 23.214046 -1.678837 -0.158124 -0.000304 -0.975131 0.221628 0.741176 0.572549 1 2 1.000000
v_AK47-256
  2 25.888748 -0.874119 -0.919994 0.326144 -0.931793 0.159350 0.788235 0.607843 1 2 1.000000
  2 23.214046 -1.678837 -0.158124 -0.000304 -0.975131 0.221628 0.741176 0.572549 1 2 1.000000
  2 23.192699 -1.711372 -0.290001 -0.000304 -0.975131 0.221628 0.792157 0.572549 1 2 1.000000
v_AK47-256
  2 23.192699 -1.711372 -0.290001 -0.000304 -0.975131 0.221628 0.792157 0.572549 1 2 1.000000
  2 23.214046 -1.678837 -0.158124 -0.000304 -0.975131 0.221628 0.741176 0.572549 1 2 1.000000
  2 22.776699 -1.551055 -0.262207 -0.097001 -0.962531 0.253228 0.792157 0.541176 1 2 1.000000
v_AK47-256
  2 23.214046 -1.678837 -0.158124 -0.000304 -0.975131 0.221628 0.741176 0.572549 1 2 1.000000
  2 22.798048 -1.518520 -0.130330 0.090352 -0.970230 0.224702 0.741176 0.541176 1 2 1.000000
  2 22.776699 -1.551055 -0.262207 -0.097001 -0.962531 0.253228 0.792157 0.541176 1 2 1.000000
v_AK47-256
  2 22.776699 -1.551055 -0.262207 -0.097001 -0.962531 0.253228 0.792157 0.541176 1 2 1.000000
  2 22.798048 -1.518520 -0.130330 0.090352 -0.970230 0.224702 0.741176 0.541176 1 2 1.000000
  2 21.817165 -1.817103 -0.041231 0.281386 -0.941269 0.186639 0.792157 0.513725 1 2 1.000000
v_AK47-256
  2 22.798048 -1.518520 -0.130330 0.090352 -0.970230 0.224702 0.741176 0.541176 1 2 1.000000
  2 21.836575 -1.787525 0.078657 0.281386 -0.941269 0.186639 0.741176 0.513725 1 2 1.000000
  2 21.817165 -1.817103 -0.041231 0.281386 -0.941269 0.186639 0.792157 0.513725 1 2 1.000000
v_AK47-256
  2 40.889420 -3.034061 -2.476713 0.131441 -0.964329 0.229768 0.800000 0.635294 1 2 1.000000
  2 40.959625 -2.915462 -2.048156 0.131441 -0.964329 0.229768 0.803922 0.635294 1 2 1.000000
  2 40.492043 -3.050696 -2.330080 0.131441 -0.964329 0.229768 0.760784 0.666667 1 2 1.000000
v_AK47-256
  2 28.297625 -3.451505 0.068782 -0.028613 -0.969424 0.243719 0.788235 0.525490 1 2 1.000000
  2 28.351631 -3.380806 0.407515 -0.028613 -0.969424 0.243719 0.741176 0.525490 1 2 1.000000
  2 28.174183 -3.443564 0.086806 -0.328699 -0.909441 0.254702 0.788235 0.482353 1 2 1.000000
v_AK47-256
  2 28.351631 -3.380806 0.407515 -0.028613 -0.969424 0.243719 0.741176 0.525490 1 2 1.000000
  2 28.228195 -3.372864 0.425540 -0.676696 -0.681171 0.279444 0.741176 0.482353 1 2 1.000000
  2 28.174183 -3.443564 0.086806 -0.328699 -0.909441 0.254702 0.788235 0.482353 1 2 1.000000
v_AK47-256
  2 28.174183 -3.443564 0.086806 -0.328699 -0.909441 0.254702 0.788235 0.482353 1 2 1.000000
  2 28.228195 -3.372864 0.425540 -0.676696 -0.681171 0.279444 0.741176 0.482353 1 2 1.000000
  2 28.115149 -3.342642 0.071464 -0.972330 -0.117358 0.201993 0.792157 0.454902 1 2 1.000000
v_AK47-256
  2 28.228195 -3.372864 0.425540 -0.676696 -0.681171 0.279444 0.741176 0.482353 1 2 1.000000
  2 28.169491 -3.259820 0.407153 -0.965019 0.243806 0.096424 0.741176 0.454902 1 2 1.000000
  2 28.115149 -3.342642 0.071464 -0.972330 -0.117358 0.201993 0.792157 0.454902 1 2 1.000000
v_AK47-256
  2 28.115149 -3.342642 0.071464 -0.972330 -0.117358 0.201993 0.792157 0.454902 1 2 1.000000
  2 28.169491 -3.259820 0.407153 -0.965019 0.243806 0.096424 0.741176 0.454902 1 2 1.000000
  2 28.179886 -3.237541 0.035054 -0.624143 0.777559 -0.076464 0.792157 0.439216 1 2 1.000000
v_AK47-256
  2 28.169491 -3.259820 0.407153 -0.965019 0.243806 0.096424 0.741176 0.454902 1 2 1.000000
  2 28.233898 -3.166842 0.373788 -0.295337 0.940799 -0.166351 0.741176 0.439216 1 2 1.000000
  2 28.179886 -3.237541 0.035054 -0.624143 0.777559 -0.076464 0.792157 0.439216 1 2 1.000000
v_AK47-256
  2 28.179886 -3.237541 0.035054 -0.624143 0.777559 -0.076464 0.792157 0.439216 1 2 1.000000
  2 28.233898 -3.166842 0.373788 -0.295337 0.940799 -0.166351 0.741176 0.439216 1 2 1.000000
  2 28.303326 -3.245483 0.017031 0.026728 0.969512 -0.243582 0.792157 0.427451 1 2 1.000000
v_AK47-256
  2 28.233898 -3.166842 0.373788 -0.295337 0.940799 -0.166351 0.741176 0.439216 1 2 1.000000
  2 28.357334 -3.174786 0.355764 0.026728 0.969512 -0.243582 0.741176 0.427451 1 2 1.000000
  2 28.303326 -3.245483 0.017031 0.026728 0.969512 -0.243582 0.792157 0.427451 1 2 1.000000
v_AK47-256
  2 29.658073 -2.967649 -0.883380 -0.160711 0.419434 -0.893447 0.129412 0.380392 1 2 1.000000
  2 29.611649 -2.925159 -0.873315 0.228465 0.433453 -0.871735 0.125490 0.376471 1 2 1.000000
  2 29.662628 -2.937495 -0.865491 -0.160711 0.419434 -0.893447 0.129412 0.376471 1 2 1.000000
v_AK47-256
  2 28.315477 -3.498327 0.038343 -0.028613 -0.969424 0.243719 0.796078 0.525490 1 2 1.000000
  2 28.369827 -3.415506 0.374033 -0.028613 -0.969424 0.243719 0.737255 0.525490 1 2 1.000000
  2 28.155010 -3.487997 0.061774 -0.328699 -0.909441 0.254702 0.796078 0.486275 1 2 1.000000
v_AK47-256
  2 28.369827 -3.415506 0.374033 -0.028613 -0.969424 0.243719 0.737255 0.525490 1 2 1.000000
  2 28.209354 -3.405181 0.397463 -0.676696 -0.681171 0.279444 0.737255 0.486275 1 2 1.000000
  2 28.155010 -3.487997 0.061774 -0.328699 -0.909441 0.254702 0.796078 0.486275 1 2 1.000000
v_AK47-256
  2 28.155010 -3.487997 0.061774 -0.328699 -0.909441 0.254702 0.796078 0.486275 1 2 1.000000
  2 28.209354 -3.405181 0.397463 -0.676696 -0.681171 0.279444 0.737255 0.486275 1 2 1.000000
  2 28.072294 -3.349131 0.040904 -0.972330 -0.117358 0.201993 0.796078 0.466667 1 2 1.000000
v_AK47-256
  2 28.209354 -3.405181 0.397463 -0.676696 -0.681171 0.279444 0.737255 0.486275 1 2 1.000000
  2 28.126640 -3.266311 0.376593 -0.965019 0.243806 0.096424 0.737255 0.466667 1 2 1.000000
  2 28.072294 -3.349131 0.040904 -0.972330 -0.117358 0.201993 0.796078 0.466667 1 2 1.000000
v_AK47-256
  2 28.072294 -3.349131 0.040904 -0.972330 -0.117358 0.201993 0.796078 0.466667 1 2 1.000000
  2 28.126640 -3.266311 0.376593 -0.965019 0.243806 0.096424 0.737255 0.466667 1 2 1.000000
  2 28.162388 -3.221381 -0.005199 -0.624143 0.777559 -0.076464 0.796078 0.447059 1 2 1.000000
v_AK47-256
  2 28.126640 -3.266311 0.376593 -0.965019 0.243806 0.096424 0.737255 0.466667 1 2 1.000000
  2 28.216736 -3.138561 0.330490 -0.295337 0.940799 -0.166351 0.737255 0.447059 1 2 1.000000
  2 28.162388 -3.221381 -0.005199 -0.624143 0.777559 -0.076464 0.796078 0.447059 1 2 1.000000
v_AK47-256
  2 28.162388 -3.221381 -0.005199 -0.624143 0.777559 -0.076464 0.796078 0.447059 1 2 1.000000
  2 28.216736 -3.138561 0.330490 -0.295337 0.940799 -0.166351 0.737255 0.447059 1 2 1.000000
  2 28.322857 -3.231710 -0.028629 0.026728 0.969512 -0.243582 0.796078 0.427451 1 2 1.000000
v_AK47-256
  2 28.216736 -3.138561 0.330490 -0.295337 0.940799 -0.166351 0.737255 0.447059 1 2 1.000000
  2 28.377205 -3.148890 0.307060 0.026728 0.969512 -0.243582 0.737255 0.427451 1 2 1.000000
  2 28.322857 -3.231710 -0.028629 0.026728 0.969512 -0.243582 0.796078 0.427451 1 2 1.000000
v_AK47-256
  2 45.215866 -2.644747 -3.273171 -0.164204 -0.053969 -0.984949 0.588235 0.788235 1 2 1.000000
  2 44.427467 -2.603071 -3.142785 -0.164204 -0.053969 -0.984949 0.588235 0.862745 1 2 1.000000
  2 45.199051 -2.069593 -3.295050 -0.164204 -0.053969 -0.984949 0.223529 0.800000 1 2 1.000000
v_AK47-256
  2 24.766544 -1.075159 -0.714787 0.432515 -0.252376 -0.865585 0.890196 0.658824 1 2 1.000000
  2 24.828184 -0.769447 -0.774123 0.432515 -0.252376 -0.865585 0.905882 0.623529 1 2 1.000000
  2 24.806450 -1.107985 -0.687082 0.432515 -0.252376 -0.865585 0.894118 0.662745 1 2 1.000000
v_AK47-256
  2 30.328482 -3.677953 -0.660277 -0.028613 -0.969424 0.243719 0.188235 0.811765 1 2 1.000000
  2 30.494228 -3.719448 -0.807201 -0.028613 -0.969424 0.243719 0.152941 0.862745 1 2 1.000000
  2 30.513638 -3.689867 -0.687312 -0.028613 -0.969424 0.243719 0.152941 0.811765 1 2 1.000000
v_AK47-256
  2 15.598907 -0.626889 1.753528 0.455120 -0.878846 0.143163 0.482353 0.478431 1 2 1.000000
  2 14.972659 -0.914385 1.925841 0.281386 -0.941269 0.186639 0.450980 0.478431 1 2 1.000000
  2 15.453341 -0.848726 0.854360 0.455120 -0.878846 0.143163 0.482353 0.435294 1 2 1.000000
v_AK47-256
  2 15.453341 -0.848726 0.854360 0.455120 -0.878846 0.143163 0.482353 0.435294 1 2 1.000000
  2 14.972659 -0.914385 1.925841 0.281386 -0.941269 0.186639 0.450980 0.478431 1 2 1.000000
  2 14.827091 -1.136222 1.026673 0.090352 -0.970230 0.224702 0.450980 0.435294 1 2 1.000000
v_AK47-256
  2 14.972659 -0.914385 1.925841 0.281386 -0.941269 0.186639 0.450980 0.478431 1 2 1.000000
  2 8.615312 -0.068213 2.746271 -0.097001 -0.962531 0.253228 0.215686 0.478431 1 2 1.000000
  2 14.827091 -1.136222 1.026673 0.090352 -0.970230 0.224702 0.450980 0.435294 1 2 1.000000
v_AK47-256
  2 14.827091 -1.136222 1.026673 0.090352 -0.970230 0.224702 0.450980 0.435294 1 2 1.000000
  2 8.615312 -0.068213 2.746271 -0.097001 -0.962531 0.253228 0.215686 0.478431 1 2 1.000000
  2 8.469743 -0.290049 1.847101 -0.097001 -0.962531 0.253228 0.215686 0.435294 1 2 1.000000
v_AK47-256
  2 31.172585 -3.433021 -0.362108 0.023053 -0.852903 0.521560 0.243137 0.415686 1 2 1.000000
  2 31.114357 -3.521756 -0.721776 -0.051306 -0.994917 0.086651 0.243137 0.400000 1 2 1.000000
  2 35.554649 -3.715018 -1.001948 -0.001369 -0.918717 0.394915 0.509804 0.407843 1 2 1.000000
v_AK47-256
  2 35.554649 -3.715018 -1.001948 -0.001369 -0.918717 0.394915 0.509804 0.407843 1 2 1.000000
  2 31.114357 -3.521756 -0.721776 -0.051306 -0.994917 0.086651 0.243137 0.400000 1 2 1.000000
  2 35.496422 -3.803753 -1.361615 -0.075115 -0.994211 -0.076829 0.509804 0.396078 1 2 1.000000
v_AK47-256
  2 31.114357 -3.521756 -0.721776 -0.051306 -0.994917 0.086651 0.243137 0.400000 1 2 1.000000
  2 31.070194 -3.438154 -1.061074 -0.134950 -0.813660 -0.565461 0.243137 0.392157 1 2 1.000000
  2 35.496422 -3.803753 -1.361615 -0.075115 -0.994211 -0.076829 0.509804 0.396078 1 2 1.000000
v_AK47-256
  2 35.496422 -3.803753 -1.361615 -0.075115 -0.994211 -0.076829 0.509804 0.396078 1 2 1.000000
  2 31.070194 -3.438154 -1.061074 -0.134950 -0.813660 -0.565461 0.243137 0.392157 1 2 1.000000
  2 35.452255 -3.720149 -1.700913 -0.156518 -0.470701 -0.868299 0.509804 0.388235 1 2 1.000000
v_AK47-256
  2 31.070194 -3.438154 -1.061074 -0.134950 -0.813660 -0.565461 0.243137 0.392157 1 2 1.000000
  2 31.090317 -2.711012 -1.243725 -0.153642 -0.234205 -0.959970 0.243137 0.352941 1 2 1.000000
  2 35.452255 -3.720149 -1.700913 -0.156518 -0.470701 -0.868299 0.509804 0.388235 1 2 1.000000
v_AK47-256
  2 35.452255 -3.720149 -1.700913 -0.156518 -0.470701 -0.868299 0.509804 0.388235 1 2 1.000000
  2 31.090317 -2.711012 -1.243725 -0.153642 -0.234205 -0.959970 0.243137 0.352941 1 2 1.000000
  2 34.768784 -2.947731 -1.780831 -0.153642 -0.234205 -0.959970 0.486275 0.352941 1 2 1.000000
v_AK47-256
  2 34.768784 -2.947731 -1.780831 -0.153642 -0.234205 -0.959970 0.486275 0.352941 1 2 1.000000
  2 35.474396 -2.920297 -1.901832 -0.153642 -0.234205 -0.959970 0.513725 0.345098 1 2 1.000000
  2 35.452255 -3.720149 -1.700913 -0.156518 -0.470701 -0.868299 0.509804 0.388235 1 2 1.000000
v_AK47-256
  2 34.869545 -2.881372 -1.813516 -0.153642 -0.234205 -0.959970 0.490196 0.349020 1 2 1.000000
  2 35.474396 -2.920297 -1.901832 -0.153642 -0.234205 -0.959970 0.513725 0.345098 1 2 1.000000
  2 34.768784 -2.947731 -1.780831 -0.153642 -0.234205 -0.959970 0.486275 0.352941 1 2 1.000000
v_AK47-256
  2 44.643578 -2.033847 -3.213945 -0.149546 -0.088265 -0.984807 0.223529 0.854902 1 2 1.000000
  2 45.199051 -2.069593 -3.295050 -0.149546 -0.088265 -0.984807 0.223529 0.800000 1 2 1.000000
  2 44.427467 -2.603071 -3.142785 -0.149546 -0.088265 -0.984807 0.588235 0.862745 1 2 1.000000
v_AK47-256
  2 24.828184 -0.769447 -0.774123 -0.950579 0.300689 -0.077365 0.776471 0.764706 1 2 1.000000
  2 24.849789 -0.768515 -0.973343 -0.950579 0.300689 -0.077365 0.874510 0.796078 1 2 1.000000
  2 24.836773 -0.791958 -0.965453 -0.950579 0.300689 -0.077365 0.878431 0.764706 1 2 1.000000
v_AK47-256
  2 44.605522 -4.819700 -2.246788 -0.143390 -0.749818 -0.645920 0.976471 0.925490 1 2 1.000000
  2 45.210365 -4.858626 -2.335102 -0.143390 -0.749818 -0.645920 0.984314 0.901961 1 2 1.000000
  2 44.617165 -4.801953 -2.174852 -0.028613 -0.969424 0.243719 0.968627 0.941176 1 2 1.000000
v_AK47-256
  2 45.210365 -4.858626 -2.335102 -0.143390 -0.749818 -0.645920 0.992157 0.894118 1 2 1.000000
  2 45.222015 -4.840876 -2.263169 -0.028613 -0.969424 0.243719 0.992157 0.894118 1 2 1.000000
  2 44.617165 -4.801953 -2.174852 -0.028613 -0.969424 0.243719 0.968627 0.941176 1 2 1.000000
v_AK47-256
  2 30.309071 -3.707530 -0.780166 -0.142967 -0.184645 -0.972351 0.160784 0.431373 1 2 1.000000
  2 30.609949 -3.626687 -0.835789 -0.142967 -0.184645 -0.972351 0.180392 0.423529 1 2 1.000000
  2 30.494228 -3.719448 -0.807201 -0.142967 -0.184645 -0.972351 0.172549 0.431373 1 2 1.000000
v_AK47-256
  2 20.211992 -2.633638 1.202052 -0.200011 -0.871263 0.448214 0.647059 0.211765 1 2 1.000000
  2 20.245869 -2.703256 1.031282 -0.453876 -0.861599 0.227252 0.666667 0.211765 1 2 1.000000
  2 28.110447 -3.132864 0.033504 0.023053 -0.852903 0.521560 0.647059 0.517647 1 2 1.000000
v_AK47-256
  2 28.110447 -3.132864 0.033504 0.023053 -0.852903 0.521560 0.647059 0.517647 1 2 1.000000
  2 20.245869 -2.703256 1.031282 -0.453876 -0.861599 0.227252 0.666667 0.211765 1 2 1.000000
  2 28.084545 -3.195555 -0.116264 -0.040088 -0.988791 0.143821 0.666667 0.517647 1 2 1.000000
v_AK47-256
  2 20.245869 -2.703256 1.031282 -0.453876 -0.861599 0.227252 0.666667 0.211765 1 2 1.000000
  2 20.162201 -2.686300 0.884251 -0.335053 -0.940810 0.051150 0.686275 0.211765 1 2 1.000000
  2 28.084545 -3.195555 -0.116264 -0.040088 -0.988791 0.143821 0.666667 0.517647 1 2 1.000000
v_AK47-256
  2 28.084545 -3.195555 -0.116264 -0.040088 -0.988791 0.143821 0.666667 0.517647 1 2 1.000000
  2 20.162201 -2.686300 0.884251 -0.335053 -0.940810 0.051150 0.686275 0.211765 1 2 1.000000
  2 28.059986 -3.209768 -0.278209 -0.112356 -0.932746 -0.342580 0.686275 0.517647 1 2 1.000000
v_AK47-256
  2 45.200745 -4.622311 -2.678569 -0.124730 0.244178 -0.961675 0.600000 0.196078 1 2 1.000000
  2 45.180519 -4.815640 -2.731862 -0.146372 -0.012482 -0.989151 0.600000 0.207843 1 2 1.000000
  2 44.534176 -4.579414 -2.581241 -0.124730 0.244178 -0.961675 0.560784 0.196078 1 2 1.000000
v_AK47-256
  2 44.534176 -4.579414 -2.581241 -0.124730 0.244178 -0.961675 0.560784 0.196078 1 2 1.000000
  2 45.180519 -4.815640 -2.731862 -0.146372 -0.012482 -0.989151 0.600000 0.207843 1 2 1.000000
  2 44.513954 -4.772741 -2.634534 -0.134517 -0.278996 -0.950824 0.560784 0.207843 1 2 1.000000
v_AK47-256
  2 45.180519 -4.815640 -2.731862 -0.146372 -0.012482 -0.989151 0.600000 0.207843 1 2 1.000000
  2 45.159904 -4.935525 -2.646813 -0.134950 -0.813660 -0.565461 0.600000 0.215686 1 2 1.000000
  2 44.513954 -4.772741 -2.634534 -0.134517 -0.278996 -0.950824 0.560784 0.207843 1 2 1.000000
v_AK47-256
  2 44.513954 -4.772741 -2.634534 -0.134517 -0.278996 -0.950824 0.560784 0.207843 1 2 1.000000
  2 45.159904 -4.935525 -2.646813 -0.134950 -0.813660 -0.565461 0.600000 0.215686 1 2 1.000000
  2 44.555061 -4.896603 -2.558500 -0.083455 -0.987111 -0.136552 0.560784 0.215686 1 2 1.000000
v_AK47-256
  2 45.235680 -4.569069 -2.462768 -0.145375 -0.664575 -0.732943 0.600000 0.196078 1 2 1.000000
  2 45.246510 -4.715073 -2.324239 -0.156518 -0.470701 -0.868299 0.600000 0.207843 1 2 1.000000
  2 44.569107 -4.526175 -2.365441 -0.145375 -0.664575 -0.732943 0.560784 0.196078 1 2 1.000000
v_AK47-256
  2 44.569107 -4.526175 -2.365441 -0.145375 -0.664575 -0.732943 0.560784 0.196078 1 2 1.000000
  2 45.246510 -4.715073 -2.324239 -0.156518 -0.470701 -0.868299 0.600000 0.207843 1 2 1.000000
  2 44.579948 -4.672176 -2.226910 -0.142967 -0.184645 -0.972351 0.560784 0.207843 1 2 1.000000
v_AK47-256
  2 45.246510 -4.715073 -2.324239 -0.156518 -0.470701 -0.868299 0.600000 0.207843 1 2 1.000000
  2 45.210365 -4.858626 -2.335102 -0.143390 -0.749818 -0.645920 0.600000 0.215686 1 2 1.000000
  2 44.579948 -4.672176 -2.226910 -0.142967 -0.184645 -0.972351 0.560784 0.207843 1 2 1.000000
v_AK47-256
  2 44.579948 -4.672176 -2.226910 -0.142967 -0.184645 -0.972351 0.560784 0.207843 1 2 1.000000
  2 45.210365 -4.858626 -2.335102 -0.143390 -0.749818 -0.645920 0.600000 0.215686 1 2 1.000000
  2 44.605522 -4.819700 -2.246788 -0.143390 -0.749818 -0.645920 0.560784 0.215686 1 2 1.000000
v_AK47-256
  2 8.672798 3.852048 0.805354 -0.986732 0.083697 0.139119 0.709804 0.772549 1 2 1.000000
  2 8.469743 -0.290049 1.847101 -0.986732 0.083697 0.139119 0.898039 0.772549 1 2 1.000000
  2 8.818362 4.073884 1.704522 -0.986732 0.083697 0.139119 0.709804 0.811765 1 2 1.000000
v_AK47-256
  2 8.818362 4.073884 1.704522 -0.986732 0.083697 0.139119 0.709804 0.811765 1 2 1.000000
  2 8.469743 -0.290049 1.847101 -0.986732 0.083697 0.139119 0.898039 0.772549 1 2 1.000000
  2 8.615312 -0.068213 2.746271 -0.986732 0.083697 0.139119 0.898039 0.811765 1 2 1.000000
v_AK47-256
  2 19.182917 -0.199389 0.103411 0.326175 0.898696 -0.293181 0.482353 0.227451 1 2 1.000000
  2 8.672798 3.852048 0.805354 0.326175 0.898696 -0.293181 0.309804 0.227451 1 2 1.000000
  2 19.325611 0.052889 0.969469 0.326175 0.898696 -0.293181 0.482353 0.219608 1 2 1.000000
v_AK47-256
  2 19.325611 0.052889 0.969469 0.326175 0.898696 -0.293181 0.482353 0.219608 1 2 1.000000
  2 8.672798 3.852048 0.805354 0.326175 0.898696 -0.293181 0.309804 0.227451 1 2 1.000000
  2 8.818362 4.073884 1.704522 0.326175 0.898696 -0.293181 0.309804 0.219608 1 2 1.000000
v_AK47-256
  2 28.031132 -2.750985 -0.764680 -0.028613 -0.969424 0.243719 0.886275 0.933333 1 2 1.000000
  2 29.092369 -2.831418 -0.916639 -0.028613 -0.969424 0.243719 0.992157 0.933333 1 2 1.000000
  2 28.182526 -2.520274 0.170457 -0.028613 -0.969424 0.243719 0.886275 0.933333 1 2 1.000000
v_AK47-256
  2 28.182526 -2.520274 0.170457 -0.028613 -0.969424 0.243719 0.886275 0.933333 1 2 1.000000
  2 29.092369 -2.831418 -0.916639 -0.028613 -0.969424 0.243719 0.992157 0.933333 1 2 1.000000
  2 29.243759 -2.600708 0.018498 -0.028613 -0.969424 0.243719 0.992157 0.933333 1 2 1.000000
v_AK47-256
  2 28.047234 -2.169271 -0.910802 -0.986732 0.083697 0.139119 0.886275 0.878431 1 2 1.000000
  2 28.031132 -2.750985 -0.764680 -0.986732 0.083697 0.139119 0.886275 0.933333 1 2 1.000000
  2 28.198620 -1.938561 0.024335 -0.986732 0.083697 0.139119 0.886275 0.878431 1 2 1.000000
v_AK47-256
  2 28.198620 -1.938561 0.024335 -0.986732 0.083697 0.139119 0.886275 0.878431 1 2 1.000000
  2 28.031132 -2.750985 -0.764680 -0.986732 0.083697 0.139119 0.886275 0.933333 1 2 1.000000
  2 28.182526 -2.520274 0.170457 -0.986732 0.083697 0.139119 0.886275 0.933333 1 2 1.000000
v_AK47-256
  2 28.198620 -1.938561 0.024335 -0.028613 -0.969424 0.243719 0.886275 0.878431 1 2 1.000000
  2 19.139175 -1.388901 1.368393 -0.441338 -0.852978 0.278656 0.000000 0.878431 1 2 1.000000
  2 28.047234 -2.169271 -0.910802 -0.028613 -0.969424 0.243719 0.886275 0.878431 1 2 1.000000
v_AK47-256
  2 28.047234 -2.169271 -0.910802 -0.028613 -0.969424 0.243719 0.886275 0.878431 1 2 1.000000
  2 19.139175 -1.388901 1.368393 -0.441338 -0.852978 0.278656 0.000000 0.878431 1 2 1.000000
  2 18.986179 -1.610451 0.418224 -0.859289 -0.447419 0.247869 0.000000 0.878431 1 2 1.000000
v_AK47-256
  2 31.926632 -2.607195 -1.456861 -0.028613 -0.969424 0.243719 0.392157 0.129412 1 2 1.000000
  2 32.095486 -2.349864 -0.413825 -0.028613 -0.969424 0.243719 0.396078 0.207843 1 2 1.000000
  2 29.090187 -2.440075 -1.104064 -0.028613 -0.969424 0.243719 0.298039 0.125490 1 2 1.000000
v_AK47-256
  2 29.090187 -2.440075 -1.104064 -0.028613 -0.969424 0.243719 0.298039 0.125490 1 2 1.000000
  2 32.095486 -2.349864 -0.413825 -0.028613 -0.969424 0.243719 0.396078 0.207843 1 2 1.000000
  2 29.268749 -2.167957 -0.001084 -0.028613 -0.969424 0.243719 0.298039 0.211765 1 2 1.000000
v_AK47-256
  2 35.045670 -2.539716 -0.844591 -0.028613 -0.969424 0.243719 0.494118 0.207843 1 2 1.000000
  2 34.876812 -2.797045 -1.887628 -0.028613 -0.969424 0.243719 0.494118 0.129412 1 2 1.000000
  2 35.625828 -2.577050 -0.929302 -0.028613 -0.969424 0.243719 0.513725 0.207843 1 2 1.000000
v_AK47-256
  2 35.625828 -2.577050 -0.929302 -0.028613 -0.969424 0.243719 0.513725 0.207843 1 2 1.000000
  2 34.876812 -2.797045 -1.887628 -0.028613 -0.969424 0.243719 0.494118 0.129412 1 2 1.000000
  2 35.456970 -2.834382 -1.972338 -0.028613 -0.969424 0.243719 0.509804 0.129412 1 2 1.000000
v_AK47-256
  2 34.962948 -2.400848 -0.865460 -0.808848 -0.526452 0.261941 0.490196 0.207843 1 2 1.000000
  2 34.794090 -2.658176 -1.908497 -0.808848 -0.526452 0.261941 0.490196 0.129412 1 2 1.000000
  2 35.045670 -2.539716 -0.844591 -0.808848 -0.526452 0.261941 0.494118 0.207843 1 2 1.000000
v_AK47-256
  2 35.045670 -2.539716 -0.844591 -0.808848 -0.526452 0.261941 0.494118 0.207843 1 2 1.000000
  2 34.794090 -2.658176 -1.908497 -0.808848 -0.526452 0.261941 0.490196 0.129412 1 2 1.000000
  2 34.876812 -2.797045 -1.887628 -0.808848 -0.526452 0.261941 0.494118 0.129412 1 2 1.000000
v_AK47-256
  2 33.173359 -2.687424 -1.638900 -0.028613 -0.969424 0.243719 0.435294 0.129412 1 2 1.000000
  2 33.716488 -2.722375 -1.718204 -0.028613 -0.969424 0.243719 0.454902 0.129412 1 2 1.000000
  2 33.342216 -2.430095 -0.595863 -0.028613 -0.969424 0.243719 0.435294 0.207843 1 2 1.000000
v_AK47-256
  2 33.342216 -2.430095 -0.595863 -0.028613 -0.969424 0.243719 0.435294 0.207843 1 2 1.000000
  2 33.716488 -2.722375 -1.718204 -0.028613 -0.969424 0.243719 0.454902 0.129412 1 2 1.000000
  2 33.885345 -2.465047 -0.675168 -0.028613 -0.969424 0.243719 0.454902 0.207843 1 2 1.000000
v_AK47-256
  2 32.925999 -2.443729 -1.619880 -0.149546 -0.088265 -0.984807 0.325490 0.329412 1 2 1.000000
  2 33.938194 -2.508864 -1.767674 -0.149546 -0.088265 -0.984807 0.419608 0.329412 1 2 1.000000
  2 33.173359 -2.687424 -1.638900 -0.149546 -0.088265 -0.984807 0.341176 0.341176 1 2 1.000000
v_AK47-256
  2 33.173359 -2.687424 -1.638900 -0.149546 -0.088265 -0.984807 0.341176 0.341176 1 2 1.000000
  2 33.938194 -2.508864 -1.767674 -0.149546 -0.088265 -0.984807 0.419608 0.329412 1 2 1.000000
  2 33.716488 -2.722375 -1.718204 -0.149546 -0.088265 -0.984807 0.400000 0.341176 1 2 1.000000
v_AK47-256
  2 33.173359 -2.687424 -1.638900 -0.676696 -0.681171 0.279444 0.435294 0.129412 1 2 1.000000
  2 33.342216 -2.430095 -0.595863 -0.676696 -0.681171 0.279444 0.435294 0.207843 1 2 1.000000
  2 32.925999 -2.443729 -1.619880 -0.676696 -0.681171 0.279444 0.427451 0.133333 1 2 1.000000
v_AK47-256
  2 32.925999 -2.443729 -1.619880 -0.676696 -0.681171 0.279444 0.427451 0.133333 1 2 1.000000
  2 33.342216 -2.430095 -0.595863 -0.676696 -0.681171 0.279444 0.435294 0.207843 1 2 1.000000
  2 33.085487 -2.189066 -0.639832 -0.676696 -0.681171 0.279444 0.427451 0.207843 1 2 1.000000
v_AK47-256
  2 32.234959 -2.225292 -0.467138 -0.028613 -0.969424 0.243719 0.400000 0.207843 1 2 1.000000
  2 32.065769 -2.494743 -1.507131 -0.028613 -0.969424 0.243719 0.400000 0.129412 1 2 1.000000
  2 34.962948 -2.400848 -0.865460 -0.028613 -0.969424 0.243719 0.490196 0.207843 1 2 1.000000
v_AK47-256
  2 34.962948 -2.400848 -0.865460 -0.028613 -0.969424 0.243719 0.490196 0.207843 1 2 1.000000
  2 32.065769 -2.494743 -1.507131 -0.028613 -0.969424 0.243719 0.400000 0.129412 1 2 1.000000
  2 34.794090 -2.658176 -1.908497 -0.028613 -0.969424 0.243719 0.490196 0.129412 1 2 1.000000
v_AK47-256
  2 44.142105 -3.376354 -2.762446 -0.028613 -0.969424 0.243719 0.807843 0.768627 1 2 1.000000
  2 45.143890 -3.437740 -2.896450 -0.028613 -0.969424 0.243719 0.862745 0.768627 1 2 1.000000
  2 44.165390 -3.340862 -2.618581 -0.028613 -0.969424 0.243719 0.807843 0.796078 1 2 1.000000
v_AK47-256
  2 44.165390 -3.340862 -2.618581 -0.028613 -0.969424 0.243719 0.807843 0.796078 1 2 1.000000
  2 45.143890 -3.437740 -2.896450 -0.028613 -0.969424 0.243719 0.862745 0.768627 1 2 1.000000
  2 45.169125 -3.399290 -2.740593 -0.028613 -0.969424 0.243719 0.862745 0.796078 1 2 1.000000
v_AK47-256
  2 45.165489 -3.799504 -2.589134 0.026728 0.969512 -0.243582 0.976471 0.615686 1 2 1.000000
  2 45.120842 -3.867533 -2.864880 0.026728 0.969512 -0.243582 0.976471 0.615686 1 2 1.000000
  2 44.301414 -3.743898 -2.462970 0.026728 0.969512 -0.243582 0.913725 0.615686 1 2 1.000000
v_AK47-256
  2 44.301414 -3.743898 -2.462970 0.026728 0.969512 -0.243582 0.913725 0.615686 1 2 1.000000
  2 45.120842 -3.867533 -2.864880 0.026728 0.969512 -0.243582 0.976471 0.615686 1 2 1.000000
  2 44.256783 -3.811929 -2.738714 0.026728 0.969512 -0.243582 0.913725 0.615686 1 2 1.000000
v_AK47-256
  2 31.179638 -3.204555 -0.067728 0.047218 -0.764847 0.642480 0.243137 0.392157 1 2 1.000000
  2 31.172585 -3.433021 -0.362108 0.023053 -0.852903 0.521560 0.243137 0.400000 1 2 1.000000
  2 35.605583 -3.486482 -0.753789 0.047218 -0.764847 0.642480 0.509804 0.388235 1 2 1.000000
v_AK47-256
  2 35.605583 -3.486482 -0.753789 0.047218 -0.764847 0.642480 0.509804 0.388235 1 2 1.000000
  2 31.172585 -3.433021 -0.362108 0.023053 -0.852903 0.521560 0.243137 0.400000 1 2 1.000000
  2 35.554649 -3.715018 -1.001948 -0.001369 -0.918717 0.394915 0.509804 0.396078 1 2 1.000000
v_AK47-256
  2 28.041267 -2.878446 -0.552414 0.026728 0.969512 -0.243582 0.886275 0.949020 1 2 1.000000
  2 25.905447 -2.753142 -0.237559 0.026728 0.969512 -0.243582 0.682353 0.949020 1 2 1.000000
  2 28.151897 -2.709851 0.130956 0.026728 0.969512 -0.243582 0.886275 0.949020 1 2 1.000000
v_AK47-256
  2 28.151897 -2.709851 0.130956 0.026728 0.969512 -0.243582 0.886275 0.949020 1 2 1.000000
  2 25.905447 -2.753142 -0.237559 0.026728 0.969512 -0.243582 0.682353 0.949020 1 2 1.000000
  2 26.016415 -2.572425 0.442765 0.026728 0.969512 -0.243582 0.682353 0.949020 1 2 1.000000
v_AK47-256
  2 25.870136 -2.016839 -0.543827 -0.153642 -0.234205 -0.959970 0.631373 0.878431 1 2 1.000000
  2 25.617487 -2.276732 -0.425774 -0.153642 -0.234205 -0.959970 0.615686 0.905882 1 2 1.000000
  2 22.722456 -1.814278 -0.084224 -0.153642 -0.234205 -0.959970 0.376471 0.878431 1 2 1.000000
v_AK47-256
  2 22.722456 -1.814278 -0.084224 -0.153642 -0.234205 -0.959970 0.376471 0.878431 1 2 1.000000
  2 25.617487 -2.276732 -0.425774 -0.153642 -0.234205 -0.959970 0.615686 0.905882 1 2 1.000000
  2 23.062645 -2.100179 -0.055727 -0.153642 -0.234205 -0.959970 0.396078 0.901961 1 2 1.000000
v_AK47-256
  2 21.930079 0.963133 -0.406577 -0.028613 -0.969424 0.243719 0.364706 0.525490 1 2 1.000000
  2 24.299761 0.798497 -0.749589 -0.028613 -0.969424 0.243719 0.486275 0.525490 1 2 1.000000
  2 21.998011 1.066658 0.013035 -0.028613 -0.969424 0.243719 0.364706 0.490196 1 2 1.000000
v_AK47-256
  2 21.998011 1.066658 0.013035 -0.028613 -0.969424 0.243719 0.364706 0.490196 1 2 1.000000
  2 24.299761 0.798497 -0.749589 -0.028613 -0.969424 0.243719 0.486275 0.525490 1 2 1.000000
  2 24.368029 0.914141 -0.333020 -0.028613 -0.969424 0.243719 0.482353 0.490196 1 2 1.000000
v_AK47-256
  2 20.667568 4.027308 -1.127588 -0.189194 0.960045 -0.206203 0.078431 0.505882 1 2 1.000000
  2 18.980684 3.774730 -0.779151 -0.189194 0.960045 -0.206203 0.184314 0.529412 1 2 1.000000
  2 20.793728 4.219569 -0.348309 -0.189194 0.960045 -0.206203 0.062745 0.576471 1 2 1.000000
v_AK47-256
  2 20.793728 4.219569 -0.348309 -0.189194 0.960045 -0.206203 0.062745 0.576471 1 2 1.000000
  2 18.980684 3.774730 -0.779151 -0.189194 0.960045 -0.206203 0.184314 0.529412 1 2 1.000000
  2 19.104900 3.964032 -0.011860 -0.189194 0.960045 -0.206203 0.168627 0.600000 1 2 1.000000
v_AK47-256
  2 19.104900 3.964032 -0.011860 0.155669 0.242543 0.957570 0.831373 0.407843 1 2 1.000000
  2 19.991592 0.771616 0.619170 0.155669 0.242543 0.957570 0.890196 0.568627 1 2 1.000000
  2 20.793728 4.219569 -0.348309 0.155669 0.242543 0.957570 0.890196 0.384314 1 2 1.000000
v_AK47-256
  2 20.793728 4.219569 -0.348309 0.155669 0.242543 0.957570 0.890196 0.384314 1 2 1.000000
  2 19.991592 0.771616 0.619170 0.155669 0.242543 0.957570 0.890196 0.568627 1 2 1.000000
  2 21.580662 0.997152 0.306273 0.155669 0.242543 0.957570 0.949020 0.541176 1 2 1.000000
v_AK47-256
  2 29.651257 -0.623696 -1.356299 -0.212881 0.572333 -0.791907 0.321569 0.203922 1 2 1.000000
  2 29.310999 -0.786991 -1.273960 -0.330747 0.856057 -0.397205 0.313725 0.203922 1 2 1.000000
  2 29.744751 -0.469602 -0.783873 -0.401618 0.912431 0.078565 0.321569 0.137255 1 2 1.000000
v_AK47-256
  2 29.744751 -0.469602 -0.783873 -0.401618 0.912431 0.078565 0.321569 0.137255 1 2 1.000000
  2 29.310999 -0.786991 -1.273960 -0.330747 0.856057 -0.397205 0.313725 0.203922 1 2 1.000000
  2 29.409985 -0.636143 -0.662523 -0.360335 0.911565 0.198011 0.313725 0.133333 1 2 1.000000
v_AK47-256
  2 29.310999 -0.786991 -1.273960 -0.330747 0.856057 -0.397205 0.313725 0.203922 1 2 1.000000
  2 29.164839 -0.817279 -1.307989 -0.264791 0.684644 -0.679079 0.305882 0.207843 1 2 1.000000
  2 29.289730 -0.603740 -0.546787 -0.191860 0.866452 0.460924 0.305882 0.125490 1 2 1.000000
v_AK47-256
  2 27.986877 -2.340950 -0.728347 0.026728 0.969512 -0.243582 0.086275 0.117647 1 2 1.000000
  2 28.113033 -2.148692 0.050934 0.026728 0.969512 -0.243582 0.086275 0.101961 1 2 1.000000
  2 30.791649 -2.321066 -0.340180 0.026728 0.969512 -0.243582 0.101961 0.113725 1 2 1.000000
v_AK47-256
  2 24.849789 -0.768515 -0.973343 -0.992427 0.096643 -0.075815 0.874510 0.796078 1 2 1.000000
  2 24.828184 -0.769447 -0.774123 -0.992427 0.096643 -0.075815 0.776471 0.764706 1 2 1.000000
  2 24.843475 -0.730926 -0.773068 -0.992427 0.096643 -0.075815 0.772549 0.800000 1 2 1.000000
v_AK47-256
  2 30.494228 -3.719448 -0.807201 -0.079240 -0.975809 0.203758 0.152941 0.862745 1 2 1.000000
  2 30.328482 -3.677953 -0.660277 -0.079240 -0.975809 0.203758 0.188235 0.811765 1 2 1.000000
  2 30.309071 -3.707530 -0.780166 -0.079240 -0.975809 0.203758 0.188235 0.862745 1 2 1.000000
v_AK47-256
  2 44.534176 -4.579414 -2.581241 -0.987697 0.024722 0.154411 0.968627 0.941176 1 2 1.000000
  2 44.513954 -4.772741 -2.634534 -0.987697 0.024722 0.154411 0.968627 0.941176 1 2 1.000000
  2 44.543884 -4.564625 -2.521298 -0.987697 0.024722 0.154411 0.968627 0.941176 1 2 1.000000
v_AK47-256
  2 44.543884 -4.564625 -2.521298 -0.987697 0.024722 0.154411 0.968627 0.941176 1 2 1.000000
  2 44.513954 -4.772741 -2.634534 -0.987697 0.024722 0.154411 0.968627 0.941176 1 2 1.000000
  2 44.525597 -4.754997 -2.562600 -0.987697 0.024722 0.154411 0.968627 0.941176 1 2 1.000000
v_AK47-256
  2 44.569107 -4.526175 -2.365441 -0.987697 0.024722 0.154411 0.972549 0.933333 1 2 1.000000
  2 44.579948 -4.672176 -2.226910 -0.987697 0.024722 0.154411 0.972549 0.933333 1 2 1.000000
  2 44.578812 -4.511384 -2.305496 -0.987697 0.024722 0.154411 0.968627 0.941176 1 2 1.000000
v_AK47-256
  2 44.578812 -4.511384 -2.305496 -0.987697 0.024722 0.154411 0.968627 0.941176 1 2 1.000000
  2 44.579948 -4.672176 -2.226910 -0.987697 0.024722 0.154411 0.972549 0.933333 1 2 1.000000
  2 44.589645 -4.657387 -2.166965 -0.987697 0.024722 0.154411 0.968627 0.941176 1 2 1.000000
v_AK47-256
  2 44.579948 -4.672176 -2.226910 -0.966835 -0.162783 0.196803 0.972549 0.933333 1 2 1.000000
  2 44.605522 -4.819700 -2.246788 -0.966835 -0.162783 0.196803 0.972549 0.933333 1 2 1.000000
  2 44.589645 -4.657387 -2.166965 -0.966835 -0.162783 0.196803 0.968627 0.941176 1 2 1.000000
v_AK47-256
  2 44.589645 -4.657387 -2.166965 -0.966835 -0.162783 0.196803 0.968627 0.941176 1 2 1.000000
  2 44.605522 -4.819700 -2.246788 -0.966835 -0.162783 0.196803 0.972549 0.933333 1 2 1.000000
  2 44.617165 -4.801953 -2.174852 -0.966835 -0.162783 0.196803 0.968627 0.941176 1 2 1.000000
v_AK47-256
  2 44.513954 -4.772741 -2.634534 -0.966835 -0.162783 0.196803 0.968627 0.941176 1 2 1.000000
  2 44.555061 -4.896603 -2.558500 -0.966835 -0.162783 0.196803 0.968627 0.941176 1 2 1.000000
  2 44.525597 -4.754997 -2.562600 -0.966835 -0.162783 0.196803 0.968627 0.941176 1 2 1.000000
v_AK47-256
  2 44.525597 -4.754997 -2.562600 -0.966835 -0.162783 0.196803 0.968627 0.941176 1 2 1.000000
  2 44.555061 -4.896603 -2.558500 -0.966835 -0.162783 0.196803 0.968627 0.941176 1 2 1.000000
  2 44.564762 -4.881814 -2.498554 -0.966835 -0.162783 0.196803 0.968627 0.941176 1 2 1.000000
v_AK47-256
  2 44.569107 -4.526175 -2.365441 -0.028613 -0.969424 0.243719 0.682353 0.090196 1 2 1.000000
  2 44.543884 -4.564625 -2.521298 -0.028613 -0.969424 0.243719 0.721569 0.090196 1 2 1.000000
  2 45.235680 -4.569069 -2.462768 -0.028613 -0.969424 0.243719 0.682353 0.113725 1 2 1.000000
v_AK47-256
  2 45.235680 -4.569069 -2.462768 -0.028613 -0.969424 0.243719 0.682353 0.113725 1 2 1.000000
  2 44.543884 -4.564625 -2.521298 -0.028613 -0.969424 0.243719 0.721569 0.090196 1 2 1.000000
  2 45.210442 -4.607519 -2.618623 -0.028613 -0.969424 0.243719 0.721569 0.113725 1 2 1.000000
v_AK47-256
  2 44.850731 -4.714835 -2.520880 -0.028613 -0.969424 0.243719 0.556863 0.850980 1 2 1.000000
  2 44.870140 -4.685256 -2.400991 -0.028613 -0.969424 0.243719 0.513725 0.850980 1 2 1.000000
  2 44.727287 -4.706891 -2.502857 -0.028613 -0.969424 0.243719 0.556863 0.807843 1 2 1.000000
v_AK47-256
  2 44.727287 -4.706891 -2.502857 -0.028613 -0.969424 0.243719 0.556863 0.807843 1 2 1.000000
  2 44.870140 -4.685256 -2.400991 -0.028613 -0.969424 0.243719 0.513725 0.850980 1 2 1.000000
  2 44.746696 -4.677314 -2.382967 -0.028613 -0.969424 0.243719 0.513725 0.807843 1 2 1.000000
v_AK47-256
  2 44.732323 -4.525105 -2.548520 -0.986732 0.083697 0.139119 0.184314 0.356863 1 2 1.000000
  2 44.727287 -4.706891 -2.502857 -0.986732 0.083697 0.139119 0.184314 0.368627 1 2 1.000000
  2 44.751724 -4.495529 -2.428631 -0.986732 0.083697 0.139119 0.164706 0.356863 1 2 1.000000
v_AK47-256
  2 44.751724 -4.495529 -2.428631 -0.986732 0.083697 0.139119 0.164706 0.356863 1 2 1.000000
  2 44.727287 -4.706891 -2.502857 -0.986732 0.083697 0.139119 0.184314 0.368627 1 2 1.000000
  2 44.746696 -4.677314 -2.382967 -0.986732 0.083697 0.139119 0.164706 0.368627 1 2 1.000000
v_AK47-256
  2 44.855759 -4.533051 -2.566543 -0.153642 -0.234205 -0.959970 0.796078 0.435294 1 2 1.000000
  2 44.850731 -4.714835 -2.520880 -0.153642 -0.234205 -0.959970 0.796078 0.521569 1 2 1.000000
  2 44.732323 -4.525105 -2.548520 -0.153642 -0.234205 -0.959970 0.737255 0.435294 1 2 1.000000
v_AK47-256
  2 44.732323 -4.525105 -2.548520 -0.153642 -0.234205 -0.959970 0.737255 0.435294 1 2 1.000000
  2 44.850731 -4.714835 -2.520880 -0.153642 -0.234205 -0.959970 0.796078 0.521569 1 2 1.000000
  2 44.727287 -4.706891 -2.502857 -0.153642 -0.234205 -0.959970 0.733333 0.521569 1 2 1.000000
v_AK47-256
  2 44.828484 -4.782784 -2.383219 -0.028613 -0.969424 0.243719 0.517647 0.835294 1 2 1.000000
  2 44.779106 -4.779606 -2.376010 -0.441338 -0.852978 0.278656 0.517647 0.819608 1 2 1.000000
  2 44.812614 -4.818567 -2.476086 -0.122242 -0.846974 -0.517390 0.552941 0.835294 1 2 1.000000
v_AK47-256
  2 44.812614 -4.818567 -2.476086 -0.122242 -0.846974 -0.517390 0.552941 0.835294 1 2 1.000000
  2 44.779106 -4.779606 -2.376010 -0.441338 -0.852978 0.278656 0.517647 0.819608 1 2 1.000000
  2 44.763245 -4.815388 -2.468876 -0.877671 -0.448876 -0.167939 0.552941 0.819608 1 2 1.000000
v_AK47-256
  2 44.768951 -4.609363 -2.520630 -0.563765 -0.199339 -0.801519 0.184314 0.364706 1 2 1.000000
  2 44.763245 -4.815388 -2.468876 -0.877671 -0.448876 -0.167939 0.184314 0.376471 1 2 1.000000
  2 44.784470 -4.585702 -2.424718 -0.986732 0.083697 0.139119 0.164706 0.364706 1 2 1.000000
v_AK47-256
  2 44.784470 -4.585702 -2.424718 -0.986732 0.083697 0.139119 0.164706 0.364706 1 2 1.000000
  2 44.763245 -4.815388 -2.468876 -0.877671 -0.448876 -0.167939 0.184314 0.376471 1 2 1.000000
  2 44.779106 -4.779606 -2.376010 -0.441338 -0.852978 0.278656 0.164706 0.376471 1 2 1.000000
v_AK47-256
  2 44.818321 -4.612543 -2.527838 -0.134517 -0.278996 -0.950824 0.788235 0.443137 1 2 1.000000
  2 44.812614 -4.818567 -2.476086 -0.122242 -0.846974 -0.517390 0.788235 0.513725 1 2 1.000000
  2 44.768951 -4.609363 -2.520630 -0.563765 -0.199339 -0.801519 0.745098 0.443137 1 2 1.000000
v_AK47-256
  2 44.768951 -4.609363 -2.520630 -0.563765 -0.199339 -0.801519 0.745098 0.443137 1 2 1.000000
  2 44.812614 -4.818567 -2.476086 -0.122242 -0.846974 -0.517390 0.788235 0.513725 1 2 1.000000
  2 44.763245 -4.815388 -2.468876 -0.877671 -0.448876 -0.167939 0.745098 0.513725 1 2 1.000000
v_AK47-256
  2 45.096226 -3.416748 -2.972109 -0.096750 -0.966142 -0.239184 0.858824 0.760784 1 2 1.000000
  2 45.143890 -3.437740 -2.896450 -0.098162 -0.956116 -0.276056 0.862745 0.768627 1 2 1.000000
  2 44.182789 -3.357966 -2.838733 -0.098162 -0.956116 -0.276056 0.811765 0.760784 1 2 1.000000
v_AK47-256
  2 44.182789 -3.357966 -2.838733 -0.098162 -0.956116 -0.276056 0.811765 0.760784 1 2 1.000000
  2 45.143890 -3.437740 -2.896450 -0.098162 -0.956116 -0.276056 0.862745 0.768627 1 2 1.000000
  2 44.142105 -3.376354 -2.762446 -0.099344 -0.944741 -0.312401 0.807843 0.768627 1 2 1.000000
v_AK47-256
  2 44.165390 -3.340862 -2.618581 0.026479 -0.796404 0.604185 0.807843 0.796078 1 2 1.000000
  2 45.169125 -3.399290 -2.740593 0.047218 -0.764847 0.642480 0.862745 0.796078 1 2 1.000000
  2 44.227417 -3.289935 -2.562987 0.047218 -0.764847 0.642480 0.811765 0.811765 1 2 1.000000
v_AK47-256
  2 44.227417 -3.289935 -2.562987 0.047218 -0.764847 0.642480 0.811765 0.811765 1 2 1.000000
  2 45.169125 -3.399290 -2.740593 0.047218 -0.764847 0.642480 0.862745 0.796078 1 2 1.000000
  2 45.140862 -3.348718 -2.696363 0.064078 -0.683775 0.726874 0.858824 0.811765 1 2 1.000000
v_AK47-256
  2 44.502491 -2.511952 -2.669129 -0.928989 0.362840 0.072986 0.733333 0.431373 1 2 1.000000
  2 44.689827 -1.974978 -2.923166 -0.928989 0.362840 0.072986 0.749020 0.498039 1 2 1.000000
  2 44.427467 -2.603071 -3.142785 -0.928989 0.362840 0.072986 0.796078 0.431373 1 2 1.000000
v_AK47-256
  2 44.427467 -2.603071 -3.142785 -0.928989 0.362840 0.072986 0.796078 0.431373 1 2 1.000000
  2 44.689827 -1.974978 -2.923166 -0.928989 0.362840 0.072986 0.749020 0.498039 1 2 1.000000
  2 44.643578 -2.033847 -3.213945 -0.928989 0.362840 0.072986 0.788235 0.498039 1 2 1.000000
v_AK47-256
  2 25.691528 -2.618161 -0.288361 -0.008196 -0.396321 -0.918075 0.635294 0.905882 1 2 1.000000
  2 25.617487 -2.276732 -0.425774 -0.008196 -0.396321 -0.918075 0.615686 0.905882 1 2 1.000000
  2 25.870136 -2.016839 -0.543827 -0.008196 -0.396321 -0.918075 0.631373 0.878431 1 2 1.000000
v_AK47-256
  2 27.986877 -2.340950 -0.728347 0.026728 0.969512 -0.243582 0.298039 0.003922 1 2 1.000000
  2 30.791649 -2.321066 -0.340180 0.026728 0.969512 -0.243582 0.992157 0.003922 1 2 1.000000
  2 30.665493 -2.513326 -1.119461 0.026728 0.969512 -0.243582 0.992157 0.003922 1 2 1.000000
v_AK47-256
  2 17.639729 -1.249593 0.833896 -0.177659 -0.951673 0.250510 0.560784 0.443137 1 2 1.000000
  2 18.986179 -1.610451 0.418224 -0.177659 -0.951673 0.250510 0.615686 0.431373 1 2 1.000000
  2 18.928526 -1.529863 0.681367 -0.177659 -0.951673 0.250510 0.611765 0.443137 1 2 1.000000
v_AK47-256
  2 18.928526 -1.529863 0.681367 -0.177659 -0.951673 0.250510 0.611765 0.443137 1 2 1.000000
  2 18.986179 -1.610451 0.418224 -0.177659 -0.951673 0.250510 0.615686 0.431373 1 2 1.000000
  2 19.023991 -1.415590 1.198131 -0.177659 -0.951673 0.250510 0.611765 0.470588 1 2 1.000000
v_AK47-256
  2 18.986179 -1.610451 0.418224 -0.177659 -0.951673 0.250510 0.615686 0.431373 1 2 1.000000
  2 19.139175 -1.388901 1.368393 -0.177659 -0.951673 0.250510 0.615686 0.478431 1 2 1.000000
  2 19.023991 -1.415590 1.198131 -0.177659 -0.951673 0.250510 0.611765 0.470588 1 2 1.000000
v_AK47-256
  2 19.023991 -1.415590 1.198131 -0.177659 -0.951673 0.250510 0.611765 0.470588 1 2 1.000000
  2 19.139175 -1.388901 1.368393 -0.177659 -0.951673 0.250510 0.615686 0.478431 1 2 1.000000
  2 17.708567 -1.136689 1.342278 -0.177659 -0.951673 0.250510 0.560784 0.470588 1 2 1.000000
v_AK47-256
  2 19.139175 -1.388901 1.368393 -0.177659 -0.951673 0.250510 0.615686 0.478431 1 2 1.000000
  2 15.598907 -0.626889 1.753528 -0.177659 -0.951673 0.250510 0.482353 0.478431 1 2 1.000000
  2 17.708567 -1.136689 1.342278 -0.177659 -0.951673 0.250510 0.560784 0.470588 1 2 1.000000
v_AK47-256
  2 17.708567 -1.136689 1.342278 -0.177659 -0.951673 0.250510 0.560784 0.470588 1 2 1.000000
  2 15.598907 -0.626889 1.753528 -0.177659 -0.951673 0.250510 0.482353 0.478431 1 2 1.000000
  2 17.639729 -1.249593 0.833896 -0.177659 -0.951673 0.250510 0.560784 0.443137 1 2 1.000000
v_AK47-256
  2 15.598907 -0.626889 1.753528 -0.177659 -0.951673 0.250510 0.482353 0.478431 1 2 1.000000
  2 15.453341 -0.848726 0.854360 -0.177659 -0.951673 0.250510 0.482353 0.435294 1 2 1.000000
  2 17.639729 -1.249593 0.833896 -0.177659 -0.951673 0.250510 0.560784 0.443137 1 2 1.000000
v_AK47-256
  2 17.639729 -1.249593 0.833896 -0.177659 -0.951673 0.250510 0.560784 0.443137 1 2 1.000000
  2 15.453341 -0.848726 0.854360 -0.177659 -0.951673 0.250510 0.482353 0.435294 1 2 1.000000
  2 18.986179 -1.610451 0.418224 -0.177659 -0.951673 0.250510 0.615686 0.431373 1 2 1.000000
v_AK47-256
  2 19.492613 -1.630901 0.341283 0.026728 0.969512 -0.243582 0.062745 0.878431 1 2 1.000000
  2 19.139175 -1.388901 1.368393 0.026728 0.969512 -0.243582 0.000000 0.878431 1 2 1.000000
  2 22.653309 -1.810018 -0.126212 0.026728 0.969512 -0.243582 0.368627 0.874510 1 2 1.000000
v_AK47-256
  2 28.664986 -3.307275 -0.599721 -0.760287 -0.592969 0.265239 0.890196 0.854902 1 2 1.000000
  2 28.682455 -3.280653 -0.491821 -0.330069 -0.938227 0.103851 0.854902 0.858824 1 2 1.000000
  2 28.604946 -3.242707 -0.605930 -0.286934 -0.948767 -0.132325 0.890196 0.831373 1 2 1.000000
v_AK47-256
  2 23.879463 -0.957371 -0.600237 -0.153642 -0.234205 -0.959970 0.811765 0.627451 1 2 1.000000
  2 22.279541 -1.373564 -0.277644 -0.104120 -0.261257 -0.959637 0.647059 0.647059 1 2 1.000000
  2 22.148119 -1.207281 -0.297392 -0.153642 -0.234205 -0.959970 0.639216 0.623529 1 2 1.000000
v_AK47-256
  2 23.879463 -0.957371 -0.600237 -0.153642 -0.234205 -0.959970 0.811765 0.627451 1 2 1.000000
  2 22.726460 -1.444723 -0.306375 -0.134517 -0.278996 -0.950824 0.694118 0.658824 1 2 1.000000
  2 22.279541 -1.373564 -0.277644 -0.104120 -0.261257 -0.959637 0.647059 0.647059 1 2 1.000000
v_AK47-256
  2 23.879463 -0.957371 -0.600237 -0.153642 -0.234205 -0.959970 0.811765 0.627451 1 2 1.000000
  2 23.168156 -1.570271 -0.346906 -0.153642 -0.234205 -0.959970 0.733333 0.690196 1 2 1.000000
  2 22.726460 -1.444723 -0.306375 -0.134517 -0.278996 -0.950824 0.694118 0.658824 1 2 1.000000
v_AK47-256
  2 23.879463 -0.957371 -0.600237 -0.153642 -0.234205 -0.959970 0.811765 0.627451 1 2 1.000000
  2 24.766544 -1.075159 -0.714787 -0.153642 -0.234205 -0.959970 0.890196 0.658824 1 2 1.000000
  2 23.168156 -1.570271 -0.346906 -0.153642 -0.234205 -0.959970 0.733333 0.690196 1 2 1.000000
v_AK47-256
  2 23.879463 -0.957371 -0.600237 -0.153642 -0.234205 -0.959970 0.811765 0.627451 1 2 1.000000
  2 24.812965 -0.738213 -0.805431 -0.153642 -0.234205 -0.959970 0.901961 0.615686 1 2 1.000000
  2 24.766544 -1.075159 -0.714787 -0.153642 -0.234205 -0.959970 0.890196 0.658824 1 2 1.000000
v_AK47-256
  2 23.879463 -0.957371 -0.600237 -0.153642 -0.234205 -0.959970 0.811765 0.627451 1 2 1.000000
  2 23.882145 -0.860420 -0.624589 -0.153642 -0.234205 -0.959970 0.815686 0.615686 1 2 1.000000
  2 24.812965 -0.738213 -0.805431 -0.153642 -0.234205 -0.959970 0.901961 0.615686 1 2 1.000000
v_AK47-256
  2 22.260561 -1.545396 -0.245212 -0.079484 -0.229819 -0.969982 0.643137 0.666667 1 2 1.000000
  2 22.279541 -1.373564 -0.277644 -0.104120 -0.261257 -0.959637 0.647059 0.647059 1 2 1.000000
  2 22.726460 -1.444723 -0.306375 -0.134517 -0.278996 -0.950824 0.694118 0.658824 1 2 1.000000
v_AK47-256
  2 45.200745 -4.622311 -2.678569 -0.153642 -0.234205 -0.959970 0.600000 0.196078 1 2 1.000000
  2 44.534176 -4.579414 -2.581241 -0.153642 -0.234205 -0.959970 0.560784 0.196078 1 2 1.000000
  2 45.120842 -3.867533 -2.864880 -0.153642 -0.234205 -0.959970 0.596078 0.145098 1 2 1.000000
v_AK47-256
  2 45.120842 -3.867533 -2.864880 -0.153642 -0.234205 -0.959970 0.596078 0.145098 1 2 1.000000
  2 44.534176 -4.579414 -2.581241 -0.153642 -0.234205 -0.959970 0.560784 0.196078 1 2 1.000000
  2 44.256783 -3.811929 -2.738714 -0.153642 -0.234205 -0.959970 0.552941 0.145098 1 2 1.000000
v_AK47-256
  2 44.534176 -4.579414 -2.581241 -0.153642 -0.234205 -0.959970 0.560784 0.196078 1 2 1.000000
  2 43.804813 -3.163675 -2.825479 -0.153642 -0.234205 -0.959970 0.525490 0.101961 1 2 1.000000
  2 44.256783 -3.811929 -2.738714 -0.153642 -0.234205 -0.959970 0.552941 0.145098 1 2 1.000000
v_AK47-256
  2 44.256783 -3.811929 -2.738714 -0.153642 -0.234205 -0.959970 0.552941 0.145098 1 2 1.000000
  2 43.804813 -3.163675 -2.825479 -0.153642 -0.234205 -0.959970 0.525490 0.101961 1 2 1.000000
  2 44.132401 -3.391145 -2.822391 -0.153642 -0.234205 -0.959970 0.545098 0.117647 1 2 1.000000
v_AK47-256
  2 43.804813 -3.163675 -2.825479 -0.153642 -0.234205 -0.959970 0.525490 0.101961 1 2 1.000000
  2 44.182789 -3.357966 -2.838733 -0.153642 -0.234205 -0.959970 0.549020 0.113725 1 2 1.000000
  2 44.132401 -3.391145 -2.822391 -0.153642 -0.234205 -0.959970 0.545098 0.117647 1 2 1.000000
v_AK47-256
  2 43.804813 -3.163675 -2.825479 -0.153642 -0.234205 -0.959970 0.525490 0.101961 1 2 1.000000
  2 45.096226 -3.416748 -2.972109 -0.153642 -0.234205 -0.959970 0.600000 0.113725 1 2 1.000000
  2 44.182789 -3.357966 -2.838733 -0.153642 -0.234205 -0.959970 0.549020 0.113725 1 2 1.000000
v_AK47-256
  2 45.214287 -3.239155 -3.022004 -0.115787 -0.227828 -0.966792 0.607843 0.101961 1 2 1.000000
  2 45.096226 -3.416748 -2.972109 -0.153642 -0.234205 -0.959970 0.600000 0.113725 1 2 1.000000
  2 43.804813 -3.163675 -2.825479 -0.153642 -0.234205 -0.959970 0.525490 0.101961 1 2 1.000000
v_AK47-256
  2 45.214287 -3.239155 -3.022004 -0.115787 -0.227828 -0.966792 0.607843 0.101961 1 2 1.000000
  2 45.132248 -3.455488 -2.968384 -0.115787 -0.227828 -0.966792 0.603922 0.117647 1 2 1.000000
  2 45.096226 -3.416748 -2.972109 -0.153642 -0.234205 -0.959970 0.600000 0.113725 1 2 1.000000
v_AK47-256
  2 45.214287 -3.239155 -3.022004 -0.115787 -0.227828 -0.966792 0.607843 0.101961 1 2 1.000000
  2 45.120842 -3.867533 -2.864880 -0.153642 -0.234205 -0.959970 0.596078 0.145098 1 2 1.000000
  2 45.132248 -3.455488 -2.968384 -0.115787 -0.227828 -0.966792 0.603922 0.117647 1 2 1.000000
v_AK47-256
  2 45.214287 -3.239155 -3.022004 -0.115787 -0.227828 -0.966792 0.607843 0.101961 1 2 1.000000
  2 45.200745 -4.622311 -2.678569 -0.153642 -0.234205 -0.959970 0.600000 0.196078 1 2 1.000000
  2 45.120842 -3.867533 -2.864880 -0.153642 -0.234205 -0.959970 0.596078 0.145098 1 2 1.000000
v_AK47-256
  2 20.211992 -2.633638 1.202052 -0.200011 -0.871263 0.448214 0.125490 0.984314 1 2 1.000000
  2 28.110447 -3.132864 0.033504 0.023053 -0.852903 0.521560 0.874510 0.980392 1 2 1.000000
  2 28.119217 -3.084676 0.072326 0.053886 -0.730828 0.680431 0.874510 0.976471 1 2 1.000000
v_AK47-256
  2 24.695496 -2.643687 0.270171 -0.987697 0.024722 0.154411 0.478431 0.062745 1 2 1.000000
  2 24.783535 -2.529128 0.735937 -0.987697 0.024722 0.154411 0.431373 0.062745 1 2 1.000000
  2 24.796009 -1.631528 0.512467 -0.987697 0.024722 0.154411 0.454902 0.050980 1 2 1.000000
v_AK47-256
  2 28.771736 -3.144593 0.059669 -0.262087 -0.855378 0.446810 0.854902 0.858824 1 2 1.000000
  2 28.789204 -3.117973 0.167570 -0.715902 -0.640346 0.278282 0.890196 0.854902 1 2 1.000000
  2 28.716818 -3.052609 0.163163 -0.158377 -0.770983 0.616848 0.890196 0.831373 1 2 1.000000
v_AK47-256
  2 21.915653 -0.472183 -0.219557 -0.153642 -0.234205 -0.959970 0.972549 0.603922 1 2 1.000000
  2 19.388517 -0.188149 0.119485 -0.153642 -0.234205 -0.959970 0.874510 0.603922 1 2 1.000000
  2 21.937859 0.397430 -0.450730 -0.153642 -0.234205 -0.959970 0.968627 0.560784 1 2 1.000000
v_AK47-256
  2 21.937859 0.397430 -0.450730 -0.153642 -0.234205 -0.959970 0.968627 0.560784 1 2 1.000000
  2 19.388517 -0.188149 0.119485 -0.153642 -0.234205 -0.959970 0.874510 0.603922 1 2 1.000000
  2 21.468452 0.794937 -0.459776 -0.153642 -0.234205 -0.959970 0.945098 0.541176 1 2 1.000000
v_AK47-256
  2 19.388517 -0.188149 0.119485 -0.153642 -0.234205 -0.959970 0.874510 0.603922 1 2 1.000000
  2 19.843695 0.620260 -0.153648 -0.153642 -0.234205 -0.959970 0.886275 0.568627 1 2 1.000000
  2 21.468452 0.794937 -0.459776 -0.153642 -0.234205 -0.959970 0.945098 0.541176 1 2 1.000000
v_AK47-256
  2 21.468452 0.794937 -0.459776 -0.153642 -0.234205 -0.959970 0.945098 0.541176 1 2 1.000000
  2 19.843695 0.620260 -0.153648 -0.153642 -0.234205 -0.959970 0.886275 0.568627 1 2 1.000000
  2 20.667568 4.027308 -1.127588 -0.153642 -0.234205 -0.959970 0.886275 0.396078 1 2 1.000000
v_AK47-256
  2 19.843695 0.620260 -0.153648 -0.153642 -0.234205 -0.959970 0.886275 0.568627 1 2 1.000000
  2 18.980684 3.774730 -0.779151 -0.153642 -0.234205 -0.959970 0.827451 0.423529 1 2 1.000000
  2 20.667568 4.027308 -1.127588 -0.153642 -0.234205 -0.959970 0.886275 0.396078 1 2 1.000000
v_AK47-256
  2 19.807823 -2.203526 1.278664 -0.515103 -0.835538 0.191167 0.082353 0.952941 1 2 1.000000
  2 28.151897 -2.709851 0.130956 -0.040088 -0.988791 0.143821 0.874510 0.945098 1 2 1.000000
  2 26.016415 -2.572425 0.442765 -0.040088 -0.988791 0.143821 0.674510 0.949020 1 2 1.000000
v_AK47-256
  2 27.930864 -3.631973 -0.022812 -0.822553 0.329359 0.463605 0.819608 0.866667 1 2 1.000000
  2 27.960846 -3.509413 -0.044871 -0.822553 0.329359 0.463605 0.819608 0.850980 1 2 1.000000
  2 27.972593 -3.464690 -0.070840 -0.822553 0.329359 0.463605 0.819608 0.847059 1 2 1.000000
v_AK47-256
  2 45.169613 -4.920738 -2.586870 -0.028613 -0.969424 0.243719 0.980392 0.913725 1 2 1.000000
  2 44.564762 -4.881814 -2.498554 -0.028613 -0.969424 0.243719 0.968627 0.933333 1 2 1.000000
  2 44.555061 -4.896603 -2.558500 -0.083455 -0.987111 -0.136552 0.968627 0.941176 1 2 1.000000
v_AK47-256
  2 45.159904 -4.935525 -2.646813 -0.134950 -0.813660 -0.565461 0.992157 0.894118 1 2 1.000000
  2 45.169613 -4.920738 -2.586870 -0.028613 -0.969424 0.243719 0.984314 0.901961 1 2 1.000000
  2 44.555061 -4.896603 -2.558500 -0.083455 -0.987111 -0.136552 0.968627 0.941176 1 2 1.000000
v_AK47-256
  2 29.982853 -3.655711 -0.609811 -0.156518 -0.470701 -0.868299 0.925490 0.607843 1 2 1.000000
  2 29.972713 -3.709596 -0.568810 -0.156518 -0.470701 -0.868299 0.925490 0.607843 1 2 1.000000
  2 29.872089 -3.636442 -0.596634 -0.156518 -0.470701 -0.868299 0.917647 0.607843 1 2 1.000000
v_AK47-256
  2 29.872089 -3.636442 -0.596634 -0.156518 -0.470701 -0.868299 0.917647 0.607843 1 2 1.000000
  2 29.972713 -3.709596 -0.568810 -0.156518 -0.470701 -0.868299 0.925490 0.607843 1 2 1.000000
  2 29.886307 -3.704035 -0.556193 -0.156518 -0.470701 -0.868299 0.917647 0.607843 1 2 1.000000
v_AK47-256
  2 29.629868 -3.391364 -0.109602 -0.190762 -0.345231 -0.918926 0.117647 0.105882 1 2 1.000000
  2 28.760090 -3.162340 -0.012264 -0.190762 -0.345231 -0.918926 0.098039 0.101961 1 2 1.000000
  2 30.209236 -3.255786 -0.275943 -0.190762 -0.345231 -0.918926 0.156863 0.109804 1 2 1.000000
v_AK47-256
  2 45.140862 -3.348718 -2.696363 -0.676696 -0.681171 0.279444 0.976471 0.470588 1 2 1.000000
  2 45.169125 -3.399290 -2.740593 -0.956920 -0.205077 0.205541 0.976471 0.490196 1 2 1.000000
  2 45.176888 -3.387456 -2.692638 -0.910405 -0.342744 0.231710 0.976471 0.494118 1 2 1.000000
v_AK47-256
  2 45.176888 -3.387456 -2.692638 -0.910405 -0.342744 0.231710 0.976471 0.494118 1 2 1.000000
  2 45.169125 -3.399290 -2.740593 -0.956920 -0.205077 0.205541 0.976471 0.490196 1 2 1.000000
  2 45.165489 -3.799504 -2.589134 -0.986732 0.083697 0.139119 0.976471 0.501961 1 2 1.000000
v_AK47-256
  2 45.169125 -3.399290 -2.740593 -0.956920 -0.205077 0.205541 0.976471 0.490196 1 2 1.000000
  2 45.143890 -3.437740 -2.896450 -0.972330 -0.117358 0.201993 0.976471 0.490196 1 2 1.000000
  2 45.165489 -3.799504 -2.589134 -0.986732 0.083697 0.139119 0.976471 0.501961 1 2 1.000000
v_AK47-256
  2 45.165489 -3.799504 -2.589134 -0.986732 0.083697 0.139119 0.976471 0.501961 1 2 1.000000
  2 45.143890 -3.437740 -2.896450 -0.972330 -0.117358 0.201993 0.976471 0.490196 1 2 1.000000
  2 45.120842 -3.867533 -2.864880 -0.986732 0.083697 0.139119 0.976471 0.501961 1 2 1.000000
v_AK47-256
  2 45.143890 -3.437740 -2.896450 -0.972330 -0.117358 0.201993 0.976471 0.490196 1 2 1.000000
  2 45.132248 -3.455488 -2.968384 -0.910405 -0.342744 0.231710 0.976471 0.486275 1 2 1.000000
  2 45.120842 -3.867533 -2.864880 -0.986732 0.083697 0.139119 0.976471 0.501961 1 2 1.000000
v_AK47-256
  2 45.143890 -3.437740 -2.896450 -0.972330 -0.117358 0.201993 0.976471 0.490196 1 2 1.000000
  2 45.096226 -3.416748 -2.972109 -0.715902 -0.640346 0.278282 0.976471 0.474510 1 2 1.000000
  2 45.132248 -3.455488 -2.968384 -0.910405 -0.342744 0.231710 0.976471 0.486275 1 2 1.000000
v_AK47-256
  2 28.297625 -3.451505 0.068782 -0.153642 -0.234205 -0.959970 0.207843 0.117647 1 2 1.000000
  2 28.174183 -3.443564 0.086806 -0.153642 -0.234205 -0.959970 0.192157 0.117647 1 2 1.000000
  2 28.303326 -3.245483 0.017031 -0.153642 -0.234205 -0.959970 0.200000 0.105882 1 2 1.000000
v_AK47-256
  2 28.303326 -3.245483 0.017031 -0.153642 -0.234205 -0.959970 0.200000 0.105882 1 2 1.000000
  2 28.174183 -3.443564 0.086806 -0.153642 -0.234205 -0.959970 0.192157 0.117647 1 2 1.000000
  2 28.179886 -3.237541 0.035054 -0.153642 -0.234205 -0.959970 0.188235 0.105882 1 2 1.000000
v_AK47-256
  2 28.174183 -3.443564 0.086806 -0.153642 -0.234205 -0.959970 0.192157 0.117647 1 2 1.000000
  2 28.115149 -3.342642 0.071464 -0.153642 -0.234205 -0.959970 0.180392 0.117647 1 2 1.000000
  2 28.179886 -3.237541 0.035054 -0.153642 -0.234205 -0.959970 0.188235 0.105882 1 2 1.000000
v_AK47-256
  2 27.942513 -3.614225 0.049120 -0.952492 0.169720 -0.252892 0.807843 0.866667 1 2 1.000000
  2 27.984238 -3.446945 0.001095 -0.952492 0.169720 -0.252892 0.807843 0.847059 1 2 1.000000
  2 27.968613 -3.497582 0.003084 -0.952492 0.169720 -0.252892 0.807843 0.850980 1 2 1.000000
v_AK47-256
  2 27.987587 -3.679164 -0.307077 0.069450 -0.131754 -0.988847 0.925490 0.098039 1 2 1.000000
  2 27.962486 -3.380008 -0.350752 0.069450 -0.131754 -0.988847 0.878431 0.113725 1 2 1.000000
  2 27.999519 -3.382390 -0.356161 0.069450 -0.131754 -0.988847 0.878431 0.098039 1 2 1.000000
v_AK47-256
  2 24.299761 0.798497 -0.749589 -0.910405 -0.342744 0.231710 0.486275 0.525490 1 2 1.000000
  2 24.383080 0.614109 -0.704551 -0.956920 -0.205077 0.205541 0.501961 0.525490 1 2 1.000000
  2 24.368029 0.914141 -0.333020 -0.910405 -0.342744 0.231710 0.482353 0.490196 1 2 1.000000
v_AK47-256
  2 24.368029 0.914141 -0.333020 -0.910405 -0.342744 0.231710 0.482353 0.490196 1 2 1.000000
  2 24.383080 0.614109 -0.704551 -0.956920 -0.205077 0.205541 0.501961 0.525490 1 2 1.000000
  2 24.450672 0.705516 -0.281895 -0.983843 -0.055484 0.170221 0.505882 0.490196 1 2 1.000000
v_AK47-256
  2 24.383080 0.614109 -0.704551 -0.956920 -0.205077 0.205541 0.501961 0.525490 1 2 1.000000
  2 24.326263 -0.477970 -0.438957 -0.986732 0.083697 0.139119 0.615686 0.525490 1 2 1.000000
  2 24.450672 0.705516 -0.281895 -0.983843 -0.055484 0.170221 0.505882 0.490196 1 2 1.000000
v_AK47-256
  2 24.450672 0.705516 -0.281895 -0.983843 -0.055484 0.170221 0.505882 0.490196 1 2 1.000000
  2 24.326263 -0.477970 -0.438957 -0.986732 0.083697 0.139119 0.615686 0.525490 1 2 1.000000
  2 24.394531 -0.362327 -0.022389 -0.986732 0.083697 0.139119 0.615686 0.490196 1 2 1.000000
v_AK47-256
  2 17.728773 -1.098674 1.290529 -0.177659 -0.951673 0.250510 0.901961 0.156863 1 2 1.000000
  2 17.996149 -1.176965 1.162296 -0.177659 -0.951673 0.250510 0.909804 0.176471 1 2 1.000000
  2 19.019512 -1.375987 1.149989 -0.177659 -0.951673 0.250510 0.901961 0.235294 1 2 1.000000
v_AK47-256
  2 19.019512 -1.375987 1.149989 -0.177659 -0.951673 0.250510 0.901961 0.235294 1 2 1.000000
  2 17.996149 -1.176965 1.162296 -0.177659 -0.951673 0.250510 0.909804 0.176471 1 2 1.000000
  2 18.948032 -1.473308 0.703353 -0.177659 -0.951673 0.250510 0.941176 0.235294 1 2 1.000000
v_AK47-256
  2 17.996149 -1.176965 1.162296 -0.177659 -0.951673 0.250510 0.909804 0.176471 1 2 1.000000
  2 17.955389 -1.239080 0.910529 -0.177659 -0.951673 0.250510 0.933333 0.176471 1 2 1.000000
  2 18.948032 -1.473308 0.703353 -0.177659 -0.951673 0.250510 0.941176 0.235294 1 2 1.000000
v_AK47-256
  2 18.948032 -1.473308 0.703353 -0.177659 -0.951673 0.250510 0.941176 0.235294 1 2 1.000000
  2 17.955389 -1.239080 0.910529 -0.177659 -0.951673 0.250510 0.933333 0.176471 1 2 1.000000
  2 17.734205 -1.188425 0.933839 -0.177659 -0.951673 0.250510 0.933333 0.160784 1 2 1.000000
v_AK47-256
  2 17.734205 -1.188425 0.933839 -0.177659 -0.951673 0.250510 0.933333 0.160784 1 2 1.000000
  2 17.669640 -1.196791 0.842093 -0.177659 -0.951673 0.250510 0.941176 0.156863 1 2 1.000000
  2 18.948032 -1.473308 0.703353 -0.177659 -0.951673 0.250510 0.941176 0.235294 1 2 1.000000
v_AK47-256
  2 17.728773 -1.098674 1.290529 -0.177659 -0.951673 0.250510 0.901961 0.156863 1 2 1.000000
  2 17.669640 -1.196791 0.842093 -0.177659 -0.951673 0.250510 0.941176 0.156863 1 2 1.000000
  2 17.734205 -1.188425 0.933839 -0.177659 -0.951673 0.250510 0.933333 0.160784 1 2 1.000000
v_AK47-256
  2 17.774630 -1.138429 1.188650 -0.177659 -0.951673 0.250510 0.909804 0.164706 1 2 1.000000
  2 17.728773 -1.098674 1.290529 -0.177659 -0.951673 0.250510 0.901961 0.156863 1 2 1.000000
  2 17.734205 -1.188425 0.933839 -0.177659 -0.951673 0.250510 0.933333 0.160784 1 2 1.000000
v_AK47-256
  2 17.996149 -1.176965 1.162296 -0.177659 -0.951673 0.250510 0.909804 0.176471 1 2 1.000000
  2 17.728773 -1.098674 1.290529 -0.177659 -0.951673 0.250510 0.901961 0.156863 1 2 1.000000
  2 17.774630 -1.138429 1.188650 -0.177659 -0.951673 0.250510 0.909804 0.164706 1 2 1.000000
v_AK47-256
  2 8.672798 3.852048 0.805354 -0.153642 -0.234205 -0.959970 0.031373 0.447059 1 2 1.000000
  2 19.182917 -0.199389 0.103411 -0.153642 -0.234205 -0.959970 0.580392 0.615686 1 2 1.000000
  2 8.469743 -0.290049 1.847101 -0.153642 -0.234205 -0.959970 0.000000 0.678431 1 2 1.000000
v_AK47-256
  2 8.469743 -0.290049 1.847101 -0.153642 -0.234205 -0.959970 0.000000 0.678431 1 2 1.000000
  2 19.182917 -0.199389 0.103411 -0.153642 -0.234205 -0.959970 0.580392 0.615686 1 2 1.000000
  2 15.453341 -0.848726 0.854360 -0.153642 -0.234205 -0.959970 0.384314 0.686275 1 2 1.000000
v_AK47-256
  2 19.182917 -0.199389 0.103411 -0.153642 -0.234205 -0.959970 0.580392 0.615686 1 2 1.000000
  2 18.986179 -1.610451 0.418224 -0.153642 -0.234205 -0.959970 0.572549 0.713725 1 2 1.000000
  2 15.453341 -0.848726 0.854360 -0.153642 -0.234205 -0.959970 0.384314 0.686275 1 2 1.000000
v_AK47-256
  2 14.827091 -1.136222 1.026673 -0.153642 -0.234205 -0.959970 0.345098 0.701961 1 2 1.000000
  2 8.469743 -0.290049 1.847101 -0.153642 -0.234205 -0.959970 0.000000 0.678431 1 2 1.000000
  2 15.453341 -0.848726 0.854360 -0.153642 -0.234205 -0.959970 0.384314 0.686275 1 2 1.000000
v_AK47-256
  2 8.818362 4.073884 1.704522 0.155669 0.242543 0.957570 0.031373 0.447059 1 2 1.000000
  2 8.615312 -0.068213 2.746271 0.155669 0.242543 0.957570 0.000000 0.678431 1 2 1.000000
  2 19.325611 0.052889 0.969469 0.155669 0.242543 0.957570 0.580392 0.615686 1 2 1.000000
v_AK47-256
  2 19.325611 0.052889 0.969469 0.155669 0.242543 0.957570 0.580392 0.615686 1 2 1.000000
  2 8.615312 -0.068213 2.746271 0.155669 0.242543 0.957570 0.000000 0.678431 1 2 1.000000
  2 15.598907 -0.626889 1.753528 0.155669 0.242543 0.957570 0.384314 0.686275 1 2 1.000000
v_AK47-256
  2 8.615312 -0.068213 2.746271 0.155669 0.242543 0.957570 0.000000 0.678431 1 2 1.000000
  2 14.972659 -0.914385 1.925841 0.155669 0.242543 0.957570 0.345098 0.701961 1 2 1.000000
  2 15.598907 -0.626889 1.753528 0.155669 0.242543 0.957570 0.384314 0.686275 1 2 1.000000
v_AK47-256
  2 28.204678 -3.384215 -0.597450 -0.153642 -0.234205 -0.959970 0.858824 0.521569 1 2 1.000000
  2 28.198971 -3.590237 -0.545698 -0.153642 -0.234205 -0.959970 0.858824 0.564706 1 2 1.000000
  2 28.081238 -3.376271 -0.579425 -0.153642 -0.234205 -0.959970 0.831373 0.521569 1 2 1.000000
v_AK47-256
  2 28.081238 -3.376271 -0.579425 -0.153642 -0.234205 -0.959970 0.831373 0.521569 1 2 1.000000
  2 28.198971 -3.590237 -0.545698 -0.153642 -0.234205 -0.959970 0.858824 0.564706 1 2 1.000000
  2 28.016499 -3.481369 -0.543015 -0.153642 -0.234205 -0.959970 0.815686 0.541176 1 2 1.000000
v_AK47-256
  2 28.198971 -3.590237 -0.545698 -0.153642 -0.234205 -0.959970 0.858824 0.564706 1 2 1.000000
  2 28.075535 -3.582294 -0.527673 -0.153642 -0.234205 -0.959970 0.831373 0.564706 1 2 1.000000
  2 28.016499 -3.481369 -0.543015 -0.153642 -0.234205 -0.959970 0.815686 0.541176 1 2 1.000000
v_AK47-256
  2 27.930864 -3.631973 -0.022812 -0.195280 0.245454 0.949536 0.925490 0.133333 1 2 1.000000
  2 27.997879 -3.511796 -0.050278 -0.195280 0.245454 0.949536 0.909804 0.109804 1 2 1.000000
  2 27.960846 -3.509413 -0.044871 -0.195280 0.245454 0.949536 0.909804 0.121569 1 2 1.000000
v_AK47-256
  2 27.962486 -3.380008 -0.350752 -0.078163 -0.170614 -0.982233 0.878431 0.113725 1 2 1.000000
  2 27.987587 -3.679164 -0.307077 -0.078163 -0.170614 -0.982233 0.925490 0.098039 1 2 1.000000
  2 27.898567 -3.700797 -0.300361 -0.078163 -0.170614 -0.982233 0.925490 0.133333 1 2 1.000000
v_AK47-256
  2 38.898560 -2.615369 -1.645164 0.064078 -0.683775 0.726874 0.564706 0.227451 1 2 1.000000
  2 38.868057 -2.820749 -1.850214 0.063801 -0.538763 0.840038 0.552941 0.231373 1 2 1.000000
  2 40.974934 -2.721625 -1.942061 0.062844 -0.594715 0.801477 0.564706 0.411765 1 2 1.000000
v_AK47-256
  2 40.974934 -2.721625 -1.942061 0.062844 -0.594715 0.801477 0.564706 0.411765 1 2 1.000000
  2 38.868057 -2.820749 -1.850214 0.063801 -0.538763 0.840038 0.552941 0.231373 1 2 1.000000
  2 40.959625 -2.915462 -2.048156 0.062674 -0.445562 0.893054 0.552941 0.411765 1 2 1.000000
v_AK47-256
  2 38.868057 -2.820749 -1.850214 0.063801 -0.538763 0.840038 0.552941 0.231373 1 2 1.000000
  2 40.538628 -2.979709 -2.042345 0.062674 -0.445562 0.893054 0.549020 0.376471 1 2 1.000000
  2 40.959625 -2.915462 -2.048156 0.062674 -0.445562 0.893054 0.552941 0.411765 1 2 1.000000
v_AK47-256
  2 28.235855 -3.352693 -0.571175 -0.153642 -0.234205 -0.959970 0.564706 0.792157 1 2 1.000000
  2 28.228477 -3.619309 -0.504203 -0.153642 -0.234205 -0.959970 0.564706 0.870588 1 2 1.000000
  2 28.075386 -3.342364 -0.547745 -0.153642 -0.234205 -0.959970 0.509804 0.792157 1 2 1.000000
v_AK47-256
  2 28.075386 -3.342364 -0.547745 -0.153642 -0.234205 -0.959970 0.509804 0.792157 1 2 1.000000
  2 28.228477 -3.619309 -0.504203 -0.153642 -0.234205 -0.959970 0.564706 0.870588 1 2 1.000000
  2 27.985291 -3.470113 -0.501642 -0.153642 -0.234205 -0.959970 0.482353 0.831373 1 2 1.000000
v_AK47-256
  2 28.228477 -3.619309 -0.504203 -0.153642 -0.234205 -0.959970 0.564706 0.870588 1 2 1.000000
  2 28.068008 -3.608984 -0.480772 -0.153642 -0.234205 -0.959970 0.509804 0.870588 1 2 1.000000
  2 27.985291 -3.470113 -0.501642 -0.153642 -0.234205 -0.959970 0.482353 0.831373 1 2 1.000000
v_AK47-256
  2 28.086857 -3.249290 0.183342 -0.943801 0.085754 0.319195 0.117647 0.109804 1 2 1.000000
  2 28.004230 -3.618198 0.040108 -0.943801 0.085754 0.319195 0.101961 0.101961 1 2 1.000000
  2 28.058846 -3.411671 0.149740 -0.943801 0.085754 0.319195 0.105882 0.109804 1 2 1.000000
v_AK47-256
  2 27.898567 -3.700797 -0.300361 -0.028613 -0.969424 0.243719 0.615686 0.419608 1 2 1.000000
  2 27.992584 -3.635944 -0.031826 -0.028613 -0.969424 0.243719 0.568627 0.345098 1 2 1.000000
  2 27.930864 -3.631973 -0.022812 -0.028613 -0.969424 0.243719 0.615686 0.341176 1 2 1.000000
v_AK47-256
  2 35.496422 -3.803753 -1.361615 -0.022409 -0.969498 -0.244071 0.721569 0.545098 1 2 1.000000
  2 35.452255 -3.720149 -1.700913 -0.044905 -0.554886 -0.830714 0.721569 0.490196 1 2 1.000000
  2 35.741989 -3.729547 -1.706401 -0.040570 -0.706763 -0.706286 0.768627 0.486275 1 2 1.000000
v_AK47-256
  2 35.741989 -3.729547 -1.706401 -0.040570 -0.706763 -0.706286 0.768627 0.486275 1 2 1.000000
  2 35.452255 -3.720149 -1.700913 -0.044905 -0.554886 -0.830714 0.721569 0.490196 1 2 1.000000
  2 35.763786 -2.941810 -1.904276 -0.020790 0.214697 -0.976459 0.768627 0.450980 1 2 1.000000
v_AK47-256
  2 35.452255 -3.720149 -1.700913 -0.044905 -0.554886 -0.830714 0.721569 0.490196 1 2 1.000000
  2 35.474396 -2.920297 -1.901832 0.015127 0.841893 -0.539432 0.721569 0.447059 1 2 1.000000
  2 35.763786 -2.941810 -1.904276 -0.020790 0.214697 -0.976459 0.768627 0.450980 1 2 1.000000
v_AK47-256
  2 28.315477 -3.498327 0.038343 -0.153642 -0.234205 -0.959970 0.211765 0.117647 1 2 1.000000
  2 28.155010 -3.487997 0.061774 -0.153642 -0.234205 -0.959970 0.192157 0.117647 1 2 1.000000
  2 28.322857 -3.231710 -0.028629 -0.153642 -0.234205 -0.959970 0.203922 0.101961 1 2 1.000000
v_AK47-256
  2 28.322857 -3.231710 -0.028629 -0.153642 -0.234205 -0.959970 0.203922 0.101961 1 2 1.000000
  2 28.155010 -3.487997 0.061774 -0.153642 -0.234205 -0.959970 0.192157 0.117647 1 2 1.000000
  2 28.162388 -3.221381 -0.005199 -0.153642 -0.234205 -0.959970 0.184314 0.101961 1 2 1.000000
v_AK47-256
  2 28.155010 -3.487997 0.061774 -0.153642 -0.234205 -0.959970 0.192157 0.117647 1 2 1.000000
  2 28.072294 -3.349131 0.040904 -0.153642 -0.234205 -0.959970 0.176471 0.117647 1 2 1.000000
  2 28.162388 -3.221381 -0.005199 -0.153642 -0.234205 -0.959970 0.184314 0.101961 1 2 1.000000
v_AK47-256
  2 27.985210 -3.549156 0.312876 -0.953814 0.272103 0.127272 0.772549 0.866667 1 2 1.000000
  2 27.984238 -3.446945 0.001095 -0.953814 0.272103 0.127272 0.807843 0.847059 1 2 1.000000
  2 27.942513 -3.614225 0.049120 -0.953814 0.272103 0.127272 0.807843 0.866667 1 2 1.000000
v_AK47-256
  2 27.992584 -3.635944 -0.031826 0.170080 -0.973716 0.151492 0.568627 0.345098 1 2 1.000000
  2 27.898567 -3.700797 -0.300361 0.170080 -0.973716 0.151492 0.615686 0.419608 1 2 1.000000
  2 27.987587 -3.679164 -0.307077 0.170080 -0.973716 0.151492 0.568627 0.415686 1 2 1.000000
v_AK47-256
  2 35.783516 -1.382350 -2.109747 0.028748 0.514932 -0.856749 0.788235 0.439216 1 2 1.000000
  2 35.752609 -1.669603 -2.281498 -0.008768 0.008299 -0.999927 0.788235 0.501961 1 2 1.000000
  2 35.463211 -1.648089 -2.279056 0.001215 0.145770 -0.989318 0.733333 0.501961 1 2 1.000000
v_AK47-256
  2 35.463211 -1.648089 -2.279056 0.001215 0.145770 -0.989318 0.733333 0.501961 1 2 1.000000
  2 35.752609 -1.669603 -2.281498 -0.008768 0.008299 -0.999927 0.788235 0.501961 1 2 1.000000
  2 35.456970 -2.834382 -1.972338 -0.026624 -0.245829 -0.968947 0.733333 0.607843 1 2 1.000000
v_AK47-256
  2 35.752609 -1.669603 -2.281498 -0.008768 0.008299 -0.999927 0.788235 0.501961 1 2 1.000000
  2 35.747375 -2.819540 -1.983914 -0.026624 -0.245829 -0.968947 0.788235 0.603922 1 2 1.000000
  2 35.456970 -2.834382 -1.972338 -0.026624 -0.245829 -0.968947 0.733333 0.607843 1 2 1.000000
v_AK47-256
  2 28.771736 -3.144593 0.059669 -0.262087 -0.855378 0.446810 0.239216 0.811765 1 2 1.000000
  2 28.716818 -3.052609 0.163163 -0.158377 -0.770983 0.616848 0.278431 0.858824 1 2 1.000000
  2 28.389076 -3.119968 0.115543 -0.006447 -0.902169 0.431334 0.407843 0.811765 1 2 1.000000
v_AK47-256
  2 28.389076 -3.119968 0.115543 -0.006447 -0.902169 0.431334 0.407843 0.811765 1 2 1.000000
  2 28.716818 -3.052609 0.163163 -0.158377 -0.770983 0.616848 0.278431 0.858824 1 2 1.000000
  2 28.068132 -3.099314 0.162405 -0.663461 -0.486511 0.568442 0.552941 0.811765 1 2 1.000000
v_AK47-256
  2 28.716818 -3.052609 0.163163 -0.158377 -0.770983 0.616848 0.278431 0.858824 1 2 1.000000
  2 28.087280 -3.012099 0.255084 -0.663461 -0.486511 0.568442 0.564706 0.858824 1 2 1.000000
  2 28.068132 -3.099314 0.162405 -0.663461 -0.486511 0.568442 0.552941 0.811765 1 2 1.000000
v_AK47-256
  2 27.942513 -3.614225 0.049120 0.175074 -0.963602 0.202042 0.615686 0.317647 1 2 1.000000
  2 28.084297 -3.543390 0.295414 0.175074 -0.963602 0.202042 0.568627 0.247059 1 2 1.000000
  2 27.985210 -3.549156 0.312876 0.175074 -0.963602 0.202042 0.615686 0.247059 1 2 1.000000
v_AK47-256
  2 27.930864 -3.631973 -0.022812 -0.974472 0.216095 0.060894 0.819608 0.866667 1 2 1.000000
  2 27.962486 -3.380008 -0.350752 -0.974472 0.216095 0.060894 0.850980 0.827451 1 2 1.000000
  2 27.898567 -3.700797 -0.300361 -0.974472 0.216095 0.060894 0.854902 0.866667 1 2 1.000000
v_AK47-256
  2 29.639614 -2.875311 -0.877107 -0.798993 0.533710 0.277061 0.082353 0.101961 1 2 1.000000
  2 29.611649 -2.925159 -0.873315 -0.826501 0.549173 0.123716 0.082353 0.113725 1 2 1.000000
  2 29.641556 -2.872355 -0.865118 -0.811430 0.553374 0.188039 0.070588 0.105882 1 2 1.000000
v_AK47-256
  2 29.641556 -2.872355 -0.865118 -0.811430 0.553374 0.188039 0.070588 0.105882 1 2 1.000000
  2 29.611649 -2.925159 -0.873315 -0.826501 0.549173 0.123716 0.082353 0.113725 1 2 1.000000
  2 29.512753 -3.058314 -0.798387 -0.832634 0.551924 0.045819 0.066667 0.117647 1 2 1.000000
v_AK47-256
  2 29.611649 -2.925159 -0.873315 -0.826501 0.549173 0.123716 0.082353 0.113725 1 2 1.000000
  2 29.545303 -3.021094 -0.851938 -0.845628 0.533740 -0.005861 0.082353 0.117647 1 2 1.000000
  2 29.512753 -3.058314 -0.798387 -0.832634 0.551924 0.045819 0.066667 0.117647 1 2 1.000000
v_AK47-256
  2 27.963066 -3.201400 -0.512208 -0.926801 -0.375458 0.008394 0.564706 0.858824 1 2 1.000000
  2 28.604946 -3.242707 -0.605930 -0.286934 -0.948767 -0.132325 0.278431 0.858824 1 2 1.000000
  2 27.976913 -3.238332 -0.401075 -0.767218 -0.636302 -0.080601 0.552941 0.811765 1 2 1.000000
v_AK47-256
  2 27.976913 -3.238332 -0.401075 -0.767218 -0.636302 -0.080601 0.552941 0.811765 1 2 1.000000
  2 28.604946 -3.242707 -0.605930 -0.286934 -0.948767 -0.132325 0.278431 0.858824 1 2 1.000000
  2 28.310200 -3.259779 -0.449739 -0.065436 -0.997698 -0.017815 0.407843 0.811765 1 2 1.000000
v_AK47-256
  2 28.604946 -3.242707 -0.605930 -0.286934 -0.948767 -0.132325 0.278431 0.858824 1 2 1.000000
  2 28.682455 -3.280653 -0.491821 -0.330069 -0.938227 0.103851 0.239216 0.811765 1 2 1.000000
  2 28.310200 -3.259779 -0.449739 -0.065436 -0.997698 -0.017815 0.407843 0.811765 1 2 1.000000
v_AK47-256
  2 28.084297 -3.543390 0.295414 -0.005312 -0.956167 0.292772 0.568627 0.247059 1 2 1.000000
  2 27.942513 -3.614225 0.049120 -0.005312 -0.956167 0.292772 0.615686 0.317647 1 2 1.000000
  2 28.004230 -3.618198 0.040108 -0.005312 -0.956167 0.292772 0.568627 0.321569 1 2 1.000000
end
